cost_id,cost_date,state,cost_type,cost_amount
COST000001,2017-10-12,SP,warehouse,6443.49
COST000002,2017-12-30,PR,payroll,1555.76
COST000003,2018-03-01,SC,technology,3450.24
COST000004,2017-04-28,PR,marketing,469.08
COST000005,2017-04-21,BA,warehouse,1780.45
COST000006,2017-02-28,RJ,logistics,5589.36
COST000007,2017-07-24,RS,technology,6455.85
COST000008,2018-08-04,SC,marketing,1119.07
COST000009,2017-07-13,BA,marketing,2489.93
COST000010,2017-11-01,RJ,marketing,4016.91
COST000011,2018-08-24,RJ,warehouse,6855.85
COST000012,2018-06-29,RJ,warehouse,842.67
COST000013,2017-05-25,RJ,warehouse,4543.9
COST000014,2017-06-30,MG,logistics,7394.07
COST000015,2018-01-21,BA,logistics,1491.0
COST000016,2018-01-22,RS,logistics,5501.89
COST000017,2018-07-10,MG,technology,4463.87
COST000018,2017-12-06,RJ,technology,3969.2
COST000019,2017-02-10,RS,customer_support,9345.39
COST000020,2017-07-05,BA,payroll,4016.04
COST000021,2018-02-15,PR,customer_support,4523.14
COST000022,2018-06-02,MG,payroll,716.44
COST000023,2017-02-27,PR,marketing,3714.49
COST000024,2018-09-05,DF,marketing,5284.45
COST000025,2018-09-03,RS,warehouse,193.59
COST000026,2017-03-06,BA,marketing,591.21
COST000027,2018-04-02,SC,marketing,2466.35
COST000028,2017-01-21,RJ,technology,7448.96
COST000029,2018-04-03,RS,logistics,7855.09
COST000030,2017-09-06,BA,marketing,8035.54
COST000031,2017-02-19,BA,payroll,5775.06
COST000032,2017-10-15,RJ,payroll,8371.88
COST000033,2017-03-14,PR,marketing,1457.1
COST000034,2018-09-14,RS,warehouse,9244.55
COST000035,2017-07-09,BA,payroll,8082.12
COST000036,2017-09-30,DF,marketing,6035.61
COST000037,2018-08-04,RS,payroll,5851.46
COST000038,2017-09-13,BA,marketing,1204.63
COST000039,2018-02-02,RS,technology,8029.96
COST000040,2017-09-02,MG,payroll,5032.64
COST000041,2017-10-30,SP,marketing,8232.76
COST000042,2017-08-01,SC,technology,3224.32
COST000043,2017-05-10,MG,marketing,604.44
COST000044,2018-02-17,PR,marketing,5105.03
COST000045,2017-02-13,RJ,warehouse,8825.33
COST000046,2018-07-24,PR,marketing,979.04
COST000047,2018-04-14,RS,payroll,4175.04
COST000048,2018-01-07,SP,logistics,8357.43
COST000049,2018-05-07,RS,marketing,2362.99
COST000050,2017-06-28,MG,payroll,2696.84
COST000051,2017-02-03,RJ,marketing,6251.51
COST000052,2017-11-20,SC,logistics,8659.83
COST000053,2017-04-08,DF,logistics,5812.63
COST000054,2017-07-25,PR,marketing,1108.68
COST000055,2017-07-13,MG,payroll,9300.85
COST000056,2017-07-26,SP,technology,5399.76
COST000057,2017-09-11,MG,warehouse,3492.53
COST000058,2018-09-14,MG,marketing,7559.91
COST000059,2018-04-15,BA,payroll,6942.9
COST000060,2017-11-10,SP,logistics,3133.16
COST000061,2017-06-10,PR,payroll,8568.97
COST000062,2018-09-22,BA,marketing,932.8
COST000063,2017-09-19,RJ,payroll,8803.23
COST000064,2017-10-21,MG,payroll,1098.28
COST000065,2018-04-10,DF,marketing,457.27
COST000066,2018-03-04,DF,marketing,8661.69
COST000067,2017-10-31,RS,technology,752.48
COST000068,2018-07-13,PR,marketing,9915.78
COST000069,2017-10-03,PR,customer_support,916.31
COST000070,2017-08-25,SC,logistics,8303.77
COST000071,2017-02-27,SC,payroll,9644.08
COST000072,2017-05-30,SP,logistics,5770.9
COST000073,2018-06-07,PR,customer_support,1775.29
COST000074,2017-07-11,SC,warehouse,1701.38
COST000075,2017-05-14,RS,warehouse,7626.57
COST000076,2017-01-29,PR,marketing,766.45
COST000077,2017-02-17,BA,payroll,6890.48
COST000078,2017-04-11,RJ,marketing,2953.04
COST000079,2018-01-08,SP,technology,9273.79
COST000080,2017-06-26,RS,logistics,5583.6
COST000081,2017-03-07,DF,marketing,2301.32
COST000082,2017-07-29,RJ,technology,8481.66
COST000083,2018-05-01,SP,logistics,9834.11
COST000084,2017-12-24,SP,marketing,7469.29
COST000085,2018-07-03,RJ,marketing,7009.07
COST000086,2018-08-01,PR,marketing,8583.93
COST000087,2017-03-06,BA,technology,300.17
COST000088,2018-07-08,RS,customer_support,8900.38
COST000089,2018-09-04,DF,logistics,2572.8
COST000090,2017-07-08,RS,customer_support,5945.87
COST000091,2017-05-28,MG,customer_support,4527.69
COST000092,2017-06-15,DF,payroll,4391.08
COST000093,2017-01-23,MG,technology,4558.66
COST000094,2017-10-17,SP,technology,6869.41
COST000095,2017-12-11,MG,technology,6792.51
COST000096,2017-02-05,RS,logistics,3821.3
COST000097,2017-01-19,RS,customer_support,9929.23
COST000098,2017-12-24,DF,warehouse,9666.51
COST000099,2017-04-28,DF,customer_support,1656.5
COST000100,2018-08-27,MG,payroll,6909.58
COST000101,2017-04-19,MG,payroll,5166.82
COST000102,2018-06-22,SC,payroll,2781.76
COST000103,2017-03-26,SC,warehouse,8102.05
COST000104,2017-03-28,BA,technology,2322.91
COST000105,2017-07-06,SP,warehouse,6736.12
COST000106,2018-05-07,RS,payroll,7385.97
COST000107,2017-06-09,BA,technology,4086.54
COST000108,2018-04-24,SC,logistics,474.45
COST000109,2018-09-04,PR,payroll,3267.81
COST000110,2017-03-27,BA,technology,8109.89
COST000111,2017-01-25,DF,logistics,6762.31
COST000112,2017-04-02,RS,warehouse,4902.52
COST000113,2018-02-21,DF,customer_support,7146.72
COST000114,2017-07-10,DF,technology,2238.27
COST000115,2017-05-14,BA,technology,9266.31
COST000116,2017-04-10,SP,warehouse,8409.77
COST000117,2018-07-23,RJ,logistics,420.22
COST000118,2017-11-11,SC,customer_support,6729.63
COST000119,2017-11-28,MG,warehouse,2846.38
COST000120,2018-05-01,DF,payroll,5007.63
COST000121,2018-08-18,RJ,marketing,2051.76
COST000122,2018-05-10,MG,warehouse,7365.88
COST000123,2018-03-03,BA,payroll,544.37
COST000124,2017-01-01,BA,technology,5580.21
COST000125,2017-11-13,MG,customer_support,1190.0
COST000126,2017-10-08,DF,payroll,3142.78
COST000127,2017-09-06,PR,technology,2014.02
COST000128,2018-07-13,BA,marketing,4393.85
COST000129,2017-10-14,PR,marketing,4865.33
COST000130,2017-04-07,DF,warehouse,6625.11
COST000131,2017-05-26,MG,customer_support,4551.9
COST000132,2017-09-11,RS,marketing,7274.35
COST000133,2017-12-03,SP,customer_support,8086.88
COST000134,2017-04-04,SP,warehouse,9937.65
COST000135,2017-08-27,MG,logistics,1324.36
COST000136,2017-08-04,DF,customer_support,4149.11
COST000137,2018-06-13,SP,technology,2616.47
COST000138,2018-04-03,SP,warehouse,7274.96
COST000139,2018-05-23,RS,customer_support,5205.48
COST000140,2017-09-07,SC,customer_support,1202.24
COST000141,2017-09-12,RS,marketing,721.65
COST000142,2018-05-11,MG,customer_support,5058.1
COST000143,2017-03-28,SC,marketing,3572.1
COST000144,2018-05-03,BA,customer_support,5315.04
COST000145,2017-07-05,SP,technology,2562.42
COST000146,2017-11-19,MG,technology,3937.62
COST000147,2017-06-23,RS,customer_support,9742.46
COST000148,2018-07-09,SP,logistics,2487.37
COST000149,2017-09-07,BA,logistics,331.74
COST000150,2017-11-15,DF,marketing,9234.42
COST000151,2017-02-26,RS,technology,8054.5
COST000152,2017-05-23,DF,warehouse,4599.36
COST000153,2017-03-24,RJ,customer_support,5371.46
COST000154,2017-02-07,SC,customer_support,3420.22
COST000155,2018-09-29,BA,warehouse,1516.83
COST000156,2018-03-17,DF,technology,2753.42
COST000157,2018-02-03,BA,payroll,3643.22
COST000158,2017-05-31,SP,logistics,5599.46
COST000159,2017-04-30,RJ,payroll,2895.03
COST000160,2017-11-16,RJ,warehouse,3297.89
COST000161,2017-11-15,DF,technology,5526.24
COST000162,2017-03-10,RS,warehouse,2896.3
COST000163,2017-12-17,RS,logistics,9722.09
COST000164,2018-02-05,PR,warehouse,4518.98
COST000165,2017-04-09,DF,customer_support,8098.69
COST000166,2017-06-29,SC,customer_support,6837.24
COST000167,2018-07-04,SP,technology,1439.06
COST000168,2018-06-17,SC,technology,7840.55
COST000169,2018-04-30,PR,technology,2554.15
COST000170,2017-10-06,SC,logistics,8921.73
COST000171,2018-02-02,MG,warehouse,7246.43
COST000172,2017-03-07,BA,logistics,7200.24
COST000173,2017-05-31,MG,logistics,3128.33
COST000174,2018-08-15,BA,warehouse,3989.32
COST000175,2018-06-17,BA,payroll,7342.0
COST000176,2017-04-14,SC,warehouse,3698.38
COST000177,2018-05-19,RS,customer_support,4583.74
COST000178,2018-02-12,MG,logistics,5633.37
COST000179,2018-04-23,RJ,marketing,3053.43
COST000180,2018-07-24,SC,payroll,7656.65
COST000181,2017-08-20,BA,payroll,2818.58
COST000182,2018-02-10,MG,marketing,623.7
COST000183,2017-06-09,PR,payroll,7889.14
COST000184,2017-05-08,SP,warehouse,3775.56
COST000185,2017-08-02,DF,marketing,8474.33
COST000186,2017-03-14,BA,marketing,6274.5
COST000187,2017-08-18,RS,marketing,8327.06
COST000188,2017-12-24,SP,warehouse,3876.79
COST000189,2018-03-31,RS,payroll,5639.18
COST000190,2017-06-24,SC,payroll,225.36
COST000191,2017-03-01,MG,customer_support,2644.85
COST000192,2018-05-30,MG,technology,8757.81
COST000193,2018-01-21,RS,warehouse,4464.03
COST000194,2018-09-27,SP,payroll,6395.26
COST000195,2018-03-01,DF,technology,2870.96
COST000196,2017-11-27,RJ,technology,8540.42
COST000197,2017-05-28,RS,customer_support,5975.95
COST000198,2018-03-22,SC,logistics,9088.8
COST000199,2018-09-13,RJ,warehouse,2511.47
COST000200,2017-05-17,PR,technology,7300.97
COST000201,2018-01-16,RS,marketing,302.87
COST000202,2017-03-02,RS,marketing,6018.13
COST000203,2017-09-23,DF,logistics,3084.41
COST000204,2017-11-28,RJ,customer_support,1319.62
COST000205,2017-09-24,SC,technology,6304.79
COST000206,2018-05-14,DF,marketing,388.18
COST000207,2018-09-27,RJ,technology,1647.19
COST000208,2017-12-18,DF,marketing,3770.35
COST000209,2018-08-23,DF,warehouse,4523.51
COST000210,2017-06-25,DF,payroll,9091.82
COST000211,2018-04-05,SC,marketing,3417.2
COST000212,2017-08-17,MG,warehouse,606.36
COST000213,2018-05-07,DF,payroll,9626.57
COST000214,2017-08-20,DF,logistics,8324.95
COST000215,2017-03-29,SP,payroll,2351.6
COST000216,2017-11-04,SC,warehouse,5202.7
COST000217,2017-03-12,BA,customer_support,1638.15
COST000218,2018-06-21,MG,marketing,9560.99
COST000219,2017-06-15,MG,customer_support,5210.65
COST000220,2017-11-15,RJ,logistics,4769.72
COST000221,2017-02-16,SC,technology,8305.71
COST000222,2017-09-25,DF,customer_support,1376.97
COST000223,2018-05-09,DF,logistics,2716.94
COST000224,2017-04-25,DF,payroll,7353.28
COST000225,2018-03-24,BA,warehouse,6178.24
COST000226,2017-03-30,BA,logistics,1674.38
COST000227,2017-10-25,RS,logistics,2185.65
COST000228,2017-06-28,DF,marketing,8810.49
COST000229,2017-01-17,BA,payroll,8254.9
COST000230,2017-07-05,RS,marketing,247.34
COST000231,2017-01-29,BA,customer_support,9519.91
COST000232,2017-06-03,RJ,marketing,5858.57
COST000233,2017-10-08,BA,payroll,4765.23
COST000234,2018-01-08,BA,logistics,3620.34
COST000235,2017-02-08,RS,warehouse,3820.46
COST000236,2017-10-26,SC,warehouse,4996.43
COST000237,2018-09-24,DF,payroll,2184.66
COST000238,2017-07-05,SP,payroll,1401.64
COST000239,2018-03-03,PR,warehouse,5653.99
COST000240,2017-10-03,SC,warehouse,4586.3
COST000241,2017-04-14,RS,customer_support,6802.12
COST000242,2018-03-27,RS,technology,4977.49
COST000243,2017-05-20,MG,payroll,3984.96
COST000244,2017-11-15,SC,customer_support,3501.2
COST000245,2017-03-14,RJ,marketing,5816.0
COST000246,2017-04-24,SC,logistics,2859.39
COST000247,2017-02-21,RS,logistics,8195.25
COST000248,2018-07-04,BA,technology,7956.68
COST000249,2017-06-17,SC,customer_support,6474.77
COST000250,2018-05-11,RJ,payroll,3918.66
COST000251,2017-04-25,MG,logistics,6061.48
COST000252,2018-02-02,BA,logistics,6256.38
COST000253,2018-09-21,SP,logistics,6806.77
COST000254,2018-01-03,DF,warehouse,3876.61
COST000255,2017-03-17,PR,technology,4235.68
COST000256,2018-03-19,BA,customer_support,9116.19
COST000257,2018-07-09,SC,marketing,1195.16
COST000258,2017-04-27,SP,warehouse,1402.95
COST000259,2018-03-03,BA,payroll,9907.08
COST000260,2017-06-13,PR,technology,6271.16
COST000261,2018-02-03,SP,warehouse,4640.91
COST000262,2018-08-02,DF,warehouse,1288.1
COST000263,2017-12-04,BA,technology,6474.93
COST000264,2017-10-20,SC,customer_support,7778.5
COST000265,2018-05-30,PR,payroll,5358.75
COST000266,2017-06-28,SP,technology,587.89
COST000267,2018-03-06,BA,technology,5155.41
COST000268,2018-01-09,BA,payroll,1611.4
COST000269,2018-09-28,RJ,warehouse,4381.49
COST000270,2017-02-05,PR,payroll,2997.24
COST000271,2018-03-10,RJ,marketing,1393.9
COST000272,2017-02-28,BA,payroll,569.72
COST000273,2017-02-08,MG,marketing,6028.5
COST000274,2018-04-19,SC,technology,5770.17
COST000275,2017-03-06,RS,logistics,1680.47
COST000276,2017-08-24,MG,technology,9186.39
COST000277,2017-10-22,MG,marketing,8757.26
COST000278,2017-05-28,PR,payroll,2763.77
COST000279,2017-11-30,DF,marketing,5091.3
COST000280,2018-06-27,PR,logistics,5115.14
COST000281,2017-06-22,MG,technology,1884.19
COST000282,2017-05-04,SP,marketing,4017.44
COST000283,2018-05-08,RS,warehouse,6413.6
COST000284,2018-05-15,SC,technology,5055.27
COST000285,2017-02-22,RJ,technology,3875.23
COST000286,2018-02-17,RJ,marketing,4444.11
COST000287,2017-07-04,BA,marketing,6467.51
COST000288,2017-01-29,DF,logistics,9216.5
COST000289,2018-02-08,SP,customer_support,9186.03
COST000290,2018-09-09,DF,warehouse,8460.17
COST000291,2017-05-19,RS,marketing,4544.22
COST000292,2018-09-09,SP,logistics,9909.85
COST000293,2017-03-05,DF,marketing,1672.59
COST000294,2017-07-29,DF,technology,4672.94
COST000295,2017-11-04,RJ,customer_support,5447.96
COST000296,2018-01-07,SP,customer_support,9737.42
COST000297,2018-03-30,PR,technology,4862.53
COST000298,2018-08-01,RJ,technology,6561.56
COST000299,2018-09-02,DF,customer_support,2420.56
COST000300,2018-01-02,DF,technology,5279.92
COST000301,2018-01-02,PR,payroll,6608.55
COST000302,2017-05-02,SC,technology,2358.61
COST000303,2018-09-21,SC,warehouse,5266.48
COST000304,2017-05-06,BA,technology,6613.76
COST000305,2018-05-16,SC,payroll,2843.48
COST000306,2018-08-02,RS,marketing,4709.47
COST000307,2017-06-15,PR,marketing,8161.49
COST000308,2018-06-02,SP,payroll,5428.06
COST000309,2018-02-23,SC,technology,2231.25
COST000310,2018-01-11,DF,logistics,2220.86
COST000311,2018-09-03,RS,warehouse,7095.57
COST000312,2018-03-08,MG,technology,2895.53
COST000313,2017-11-06,SC,payroll,339.6
COST000314,2017-08-04,RS,customer_support,8538.78
COST000315,2017-10-03,SC,technology,284.96
COST000316,2017-05-29,DF,payroll,5535.95
COST000317,2017-12-27,MG,technology,2305.43
COST000318,2017-11-25,MG,logistics,7793.36
COST000319,2017-10-10,SC,customer_support,1474.96
COST000320,2018-07-03,RS,logistics,8563.79
COST000321,2017-04-27,MG,warehouse,5749.33
COST000322,2018-06-23,PR,warehouse,1774.45
COST000323,2017-09-07,SC,payroll,6520.72
COST000324,2018-09-09,PR,logistics,389.9
COST000325,2017-07-25,RS,warehouse,6043.72
COST000326,2018-04-03,MG,payroll,7473.24
COST000327,2018-08-03,SP,customer_support,4850.67
COST000328,2017-11-16,RS,warehouse,1575.02
COST000329,2018-04-04,MG,customer_support,2054.61
COST000330,2017-08-16,SC,logistics,1548.15
COST000331,2017-09-26,MG,customer_support,4101.17
COST000332,2018-07-19,SC,technology,1854.51
COST000333,2018-08-05,BA,marketing,3066.74
COST000334,2017-10-11,MG,logistics,1455.87
COST000335,2018-01-18,SP,customer_support,1856.47
COST000336,2017-02-01,PR,warehouse,9351.0
COST000337,2017-11-20,RJ,marketing,241.82
COST000338,2017-05-19,SC,logistics,5278.12
COST000339,2017-01-26,SP,warehouse,4366.0
COST000340,2017-06-03,RJ,logistics,2883.73
COST000341,2017-05-23,SC,customer_support,8000.25
COST000342,2017-10-20,DF,customer_support,2269.64
COST000343,2017-03-06,PR,customer_support,8929.47
COST000344,2017-01-09,MG,payroll,6858.08
COST000345,2017-04-07,RJ,warehouse,6672.77
COST000346,2017-09-26,RJ,marketing,9630.1
COST000347,2018-09-29,BA,logistics,8668.49
COST000348,2018-06-19,SC,warehouse,4925.39
COST000349,2017-06-29,DF,customer_support,5813.78
COST000350,2017-11-27,SP,technology,7780.84
COST000351,2017-03-14,PR,warehouse,2134.28
COST000352,2017-07-06,DF,logistics,6492.7
COST000353,2018-01-24,DF,technology,2798.05
COST000354,2018-06-01,RS,marketing,789.6
COST000355,2017-10-18,DF,technology,9825.59
COST000356,2017-12-14,SC,logistics,7056.87
COST000357,2018-07-28,RJ,technology,7078.61
COST000358,2018-08-17,SP,customer_support,4455.84
COST000359,2017-10-01,MG,logistics,2054.18
COST000360,2017-05-09,PR,technology,8861.46
COST000361,2017-03-03,BA,payroll,6344.79
COST000362,2017-09-07,BA,marketing,2563.58
COST000363,2018-04-01,MG,marketing,1722.75
COST000364,2017-04-01,MG,marketing,7445.4
COST000365,2017-05-21,BA,payroll,1853.4
COST000366,2017-10-24,RS,marketing,2254.0
COST000367,2017-01-23,BA,technology,1106.48
COST000368,2017-08-04,RJ,customer_support,7544.09
COST000369,2017-01-08,RS,warehouse,6350.65
COST000370,2017-05-11,DF,customer_support,4299.15
COST000371,2017-05-01,SP,payroll,1843.48
COST000372,2018-04-02,RS,payroll,5592.76
COST000373,2018-07-06,SP,logistics,6496.99
COST000374,2018-03-15,RJ,payroll,2548.67
COST000375,2018-01-14,RJ,marketing,3257.56
COST000376,2017-09-17,RS,payroll,2217.09
COST000377,2017-12-22,MG,payroll,3631.09
COST000378,2018-04-16,RS,technology,2524.52
COST000379,2017-08-21,DF,technology,4914.97
COST000380,2018-08-24,PR,customer_support,9382.99
COST000381,2018-08-23,BA,payroll,2891.27
COST000382,2018-07-02,RJ,marketing,4199.59
COST000383,2017-05-11,BA,technology,3786.58
COST000384,2018-02-18,DF,warehouse,2063.06
COST000385,2017-09-13,BA,technology,9735.4
COST000386,2017-07-18,PR,logistics,5232.39
COST000387,2018-02-05,PR,logistics,6061.0
COST000388,2017-11-26,PR,payroll,1892.17
COST000389,2018-04-02,BA,payroll,8088.62
COST000390,2017-03-01,MG,marketing,8757.54
COST000391,2017-07-01,SC,customer_support,5141.89
COST000392,2017-04-11,RJ,customer_support,3248.93
COST000393,2017-07-29,DF,warehouse,2637.24
COST000394,2018-04-06,RJ,marketing,980.96
COST000395,2017-08-22,SC,marketing,4257.78
COST000396,2018-03-18,RJ,customer_support,5881.7
COST000397,2018-09-18,SC,logistics,4751.91
COST000398,2017-04-05,DF,customer_support,5282.74
COST000399,2018-03-21,SC,customer_support,8921.56
COST000400,2017-04-07,RS,warehouse,2775.16
COST000401,2017-10-12,SP,customer_support,5890.86
COST000402,2017-03-24,RJ,warehouse,1611.87
COST000403,2018-08-17,MG,technology,6321.07
COST000404,2018-03-27,DF,payroll,997.54
COST000405,2018-08-24,MG,payroll,1524.0
COST000406,2018-01-20,BA,logistics,1675.0
COST000407,2018-07-10,SP,logistics,6288.52
COST000408,2017-01-25,RS,technology,6873.01
COST000409,2018-05-02,MG,technology,206.32
COST000410,2017-02-24,DF,marketing,8291.52
COST000411,2017-10-20,BA,payroll,8018.4
COST000412,2017-10-27,DF,technology,2249.14
COST000413,2017-10-21,SP,warehouse,984.83
COST000414,2017-07-01,MG,marketing,5865.5
COST000415,2018-01-01,SP,marketing,8701.37
COST000416,2017-03-05,MG,payroll,3574.12
COST000417,2018-03-15,RS,payroll,9655.45
COST000418,2017-08-19,BA,payroll,9746.51
COST000419,2018-09-02,RS,logistics,245.87
COST000420,2017-01-08,SC,payroll,6589.68
COST000421,2017-02-09,MG,logistics,3575.16
COST000422,2017-12-12,SC,technology,1490.82
COST000423,2018-09-29,SC,warehouse,7433.26
COST000424,2018-03-03,BA,warehouse,7187.0
COST000425,2018-08-15,MG,marketing,604.96
COST000426,2017-01-20,PR,marketing,1478.69
COST000427,2017-03-29,RJ,marketing,857.83
COST000428,2018-01-17,RS,warehouse,5981.27
COST000429,2018-04-02,MG,marketing,2935.28
COST000430,2017-02-28,SC,logistics,5662.33
COST000431,2017-08-28,RJ,marketing,6880.91
COST000432,2018-03-06,DF,technology,3558.14
COST000433,2018-07-25,BA,marketing,3550.21
COST000434,2017-11-08,MG,logistics,7509.61
COST000435,2017-10-20,RJ,customer_support,3600.12
COST000436,2017-11-29,BA,warehouse,3565.25
COST000437,2018-03-21,RJ,customer_support,6061.08
COST000438,2017-02-05,RS,warehouse,794.54
COST000439,2017-12-06,PR,warehouse,3484.98
COST000440,2017-10-07,SP,logistics,1397.46
COST000441,2018-02-27,DF,warehouse,8820.56
COST000442,2017-05-22,MG,payroll,3367.02
COST000443,2018-09-07,DF,marketing,4731.74
COST000444,2017-01-31,RJ,logistics,963.17
COST000445,2017-03-30,PR,marketing,4997.34
COST000446,2018-01-21,RJ,technology,6614.53
COST000447,2018-07-27,MG,marketing,541.56
COST000448,2017-07-21,SP,logistics,3390.02
COST000449,2017-04-02,RS,payroll,5611.25
COST000450,2018-03-03,SP,payroll,9963.61
COST000451,2017-04-21,DF,warehouse,7685.52
COST000452,2017-10-24,RS,payroll,5712.23
COST000453,2017-08-04,RJ,technology,2167.45
COST000454,2017-08-25,PR,technology,9691.15
COST000455,2017-12-23,RS,marketing,2096.33
COST000456,2017-12-24,RJ,technology,1631.82
COST000457,2018-07-10,SC,logistics,4314.79
COST000458,2017-04-05,MG,warehouse,7426.79
COST000459,2018-03-12,MG,technology,1005.44
COST000460,2017-02-28,DF,warehouse,1925.73
COST000461,2017-03-07,PR,customer_support,6284.89
COST000462,2017-05-15,BA,warehouse,338.87
COST000463,2017-10-08,DF,marketing,6635.58
COST000464,2017-11-14,PR,logistics,737.67
COST000465,2018-03-10,MG,customer_support,3752.49
COST000466,2017-02-22,MG,marketing,4210.95
COST000467,2017-08-30,RS,technology,6467.17
COST000468,2018-09-19,DF,customer_support,3369.58
COST000469,2017-08-20,PR,customer_support,1033.55
COST000470,2018-09-11,MG,technology,1482.28
COST000471,2017-05-11,DF,warehouse,4473.15
COST000472,2017-02-10,SC,customer_support,5769.3
COST000473,2017-01-24,BA,payroll,9365.19
COST000474,2017-09-18,RS,warehouse,5593.32
COST000475,2018-08-29,RJ,logistics,7036.67
COST000476,2017-07-18,PR,payroll,1980.75
COST000477,2017-04-18,PR,payroll,9911.42
COST000478,2018-05-11,MG,payroll,1544.86
COST000479,2017-05-25,MG,technology,5673.82
COST000480,2017-02-19,MG,logistics,9473.5
COST000481,2017-11-09,BA,technology,4721.72
COST000482,2018-09-18,SC,warehouse,9040.29
COST000483,2017-05-27,MG,customer_support,5914.66
COST000484,2017-03-03,SP,warehouse,8534.98
COST000485,2018-06-17,BA,warehouse,7161.72
COST000486,2017-12-10,DF,warehouse,5921.42
COST000487,2018-07-26,MG,technology,1245.96
COST000488,2017-09-15,RJ,payroll,2981.86
COST000489,2018-07-11,MG,logistics,1298.06
COST000490,2018-05-12,MG,marketing,5525.63
COST000491,2018-01-22,RJ,customer_support,4436.11
COST000492,2017-09-28,SC,marketing,4359.85
COST000493,2017-04-27,RS,warehouse,2900.04
COST000494,2018-02-06,RJ,customer_support,8192.46
COST000495,2017-05-09,PR,technology,4307.85
COST000496,2017-11-05,RJ,warehouse,2877.53
COST000497,2017-05-15,PR,customer_support,2714.42
COST000498,2017-04-14,SP,technology,3145.62
COST000499,2018-04-25,RJ,customer_support,8307.02
COST000500,2017-04-01,RS,payroll,3729.22
COST000501,2017-08-16,DF,logistics,2513.5
COST000502,2017-12-28,BA,warehouse,8903.36
COST000503,2017-12-15,BA,logistics,8963.6
COST000504,2017-04-14,SP,payroll,6843.92
COST000505,2017-08-10,MG,marketing,8277.24
COST000506,2017-03-25,RS,customer_support,8332.96
COST000507,2018-08-29,DF,warehouse,6998.48
COST000508,2018-05-18,RJ,customer_support,4706.16
COST000509,2017-02-28,DF,marketing,9460.62
COST000510,2017-07-17,RJ,logistics,3350.81
COST000511,2017-05-15,RS,customer_support,7937.12
COST000512,2017-11-02,MG,customer_support,2350.84
COST000513,2018-03-18,DF,logistics,6549.55
COST000514,2017-03-12,MG,marketing,8316.25
COST000515,2018-08-14,SP,payroll,7262.21
COST000516,2017-12-17,RS,logistics,7109.06
COST000517,2018-09-23,BA,customer_support,4710.76
COST000518,2017-11-24,PR,technology,9009.96
COST000519,2018-04-12,BA,logistics,3201.32
COST000520,2018-06-01,DF,logistics,9073.02
COST000521,2017-06-29,RS,technology,466.16
COST000522,2017-07-04,BA,customer_support,6040.92
COST000523,2018-07-19,MG,logistics,6264.25
COST000524,2018-02-07,BA,payroll,2701.11
COST000525,2018-09-20,SC,technology,7566.85
COST000526,2018-08-21,MG,logistics,2001.37
COST000527,2017-03-09,SP,technology,4189.91
COST000528,2018-09-28,RS,logistics,9003.07
COST000529,2018-06-16,RJ,logistics,4003.05
COST000530,2017-02-01,DF,warehouse,8280.57
COST000531,2018-02-15,PR,logistics,1078.74
COST000532,2017-09-17,RS,warehouse,1232.0
COST000533,2017-10-05,SC,logistics,1862.89
COST000534,2017-04-08,BA,customer_support,1733.28
COST000535,2017-03-16,PR,customer_support,9787.09
COST000536,2017-07-31,RS,payroll,1205.61
COST000537,2018-03-15,MG,marketing,1579.95
COST000538,2017-05-28,SC,warehouse,1787.86
COST000539,2017-12-21,BA,marketing,6024.89
COST000540,2018-08-08,PR,marketing,4976.37
COST000541,2017-02-20,RS,payroll,7260.28
COST000542,2017-07-15,RJ,payroll,3495.65
COST000543,2018-05-18,SC,payroll,504.15
COST000544,2017-09-19,MG,marketing,3526.3
COST000545,2018-09-12,BA,logistics,7762.29
COST000546,2018-01-10,RJ,technology,8163.32
COST000547,2017-06-05,SP,payroll,7164.56
COST000548,2017-04-16,SP,customer_support,4099.26
COST000549,2017-07-24,SP,warehouse,6142.35
COST000550,2017-10-22,MG,logistics,1519.66
COST000551,2017-03-18,BA,payroll,2592.74
COST000552,2018-05-05,RJ,customer_support,2543.97
COST000553,2017-09-28,RS,payroll,846.76
COST000554,2018-07-26,MG,customer_support,9401.9
COST000555,2018-09-16,BA,payroll,4372.51
COST000556,2017-06-25,DF,technology,8752.74
COST000557,2017-11-27,RS,logistics,2295.78
COST000558,2017-09-27,MG,payroll,7701.82
COST000559,2017-04-16,PR,logistics,8060.5
COST000560,2018-04-13,SC,logistics,145.33
COST000561,2017-03-08,SC,marketing,437.54
COST000562,2017-11-14,BA,logistics,9218.3
COST000563,2018-07-04,BA,technology,5731.29
COST000564,2017-03-12,SP,technology,2916.88
COST000565,2018-06-16,SP,technology,1941.78
COST000566,2018-03-22,BA,technology,8196.87
COST000567,2018-08-16,PR,payroll,2016.56
COST000568,2018-06-24,BA,logistics,8453.08
COST000569,2017-01-22,RJ,marketing,6260.76
COST000570,2018-06-15,SP,payroll,6636.0
COST000571,2018-03-22,SP,warehouse,4430.96
COST000572,2017-04-14,RJ,payroll,457.23
COST000573,2017-01-12,RJ,payroll,5591.84
COST000574,2017-06-07,PR,payroll,7166.45
COST000575,2017-07-01,SP,payroll,130.27
COST000576,2017-06-14,BA,marketing,357.51
COST000577,2018-02-28,PR,technology,9079.93
COST000578,2017-11-29,MG,logistics,6835.45
COST000579,2018-05-07,RJ,customer_support,7928.12
COST000580,2018-05-05,SC,technology,362.47
COST000581,2017-09-07,BA,marketing,4066.9
COST000582,2017-04-03,DF,marketing,7496.55
COST000583,2018-02-23,DF,payroll,1005.93
COST000584,2018-04-16,RJ,customer_support,1964.91
COST000585,2017-11-30,SP,payroll,5137.69
COST000586,2017-03-21,SC,logistics,8944.34
COST000587,2018-02-04,RS,payroll,3355.55
COST000588,2017-10-23,PR,logistics,8295.37
COST000589,2017-05-07,RJ,marketing,191.03
COST000590,2017-08-20,RJ,customer_support,1902.12
COST000591,2018-09-12,DF,customer_support,2974.18
COST000592,2017-02-17,SP,logistics,7120.27
COST000593,2018-04-12,SP,logistics,5834.98
COST000594,2017-12-07,RS,warehouse,2717.4
COST000595,2018-09-24,DF,payroll,5856.82
COST000596,2017-11-01,MG,technology,8908.64
COST000597,2017-07-28,MG,warehouse,4747.02
COST000598,2017-03-30,SP,warehouse,6991.12
COST000599,2018-01-17,DF,warehouse,3520.48
COST000600,2018-07-29,RS,technology,7154.91
COST000601,2017-07-24,SP,technology,8683.57
COST000602,2017-11-17,MG,warehouse,5710.22
COST000603,2017-08-14,PR,customer_support,3923.01
COST000604,2017-03-23,RJ,marketing,7567.11
COST000605,2017-08-20,DF,warehouse,9565.57
COST000606,2018-01-21,DF,customer_support,774.76
COST000607,2018-01-30,RJ,customer_support,5212.39
COST000608,2018-08-19,RS,logistics,1901.87
COST000609,2017-11-04,DF,logistics,2812.81
COST000610,2017-09-23,DF,customer_support,6397.83
COST000611,2017-03-20,MG,technology,9601.95
COST000612,2017-12-18,SC,logistics,8545.09
COST000613,2017-08-11,RS,payroll,2650.27
COST000614,2017-05-18,RS,payroll,339.3
COST000615,2017-07-30,RS,warehouse,6033.39
COST000616,2018-09-29,RJ,customer_support,5385.19
COST000617,2018-07-01,DF,payroll,4656.73
COST000618,2017-09-05,RS,payroll,4804.77
COST000619,2017-01-30,DF,customer_support,5957.91
COST000620,2017-11-07,MG,warehouse,4030.79
COST000621,2017-07-31,SC,payroll,1795.36
COST000622,2017-02-24,MG,marketing,2665.6
COST000623,2018-03-14,SC,customer_support,732.36
COST000624,2018-02-27,PR,customer_support,654.89
COST000625,2017-08-26,SC,payroll,8687.28
COST000626,2017-11-14,MG,technology,1341.27
COST000627,2017-02-16,RJ,marketing,782.33
COST000628,2017-10-27,DF,warehouse,8281.11
COST000629,2018-05-23,MG,customer_support,9540.09
COST000630,2018-01-04,BA,customer_support,2136.81
COST000631,2017-01-06,BA,warehouse,7597.17
COST000632,2018-01-30,SC,marketing,1709.18
COST000633,2017-09-20,SP,warehouse,6839.42
COST000634,2017-05-10,RS,technology,6829.41
COST000635,2018-05-06,SC,customer_support,4350.1
COST000636,2018-09-04,PR,logistics,8831.92
COST000637,2017-03-22,DF,logistics,1298.39
COST000638,2018-05-22,BA,warehouse,4817.83
COST000639,2017-02-12,SP,customer_support,6057.25
COST000640,2017-11-20,BA,technology,7614.54
COST000641,2017-08-18,MG,warehouse,1512.59
COST000642,2017-09-03,MG,logistics,5395.82
COST000643,2018-06-26,SC,technology,4604.1
COST000644,2017-08-12,DF,warehouse,4222.5
COST000645,2017-10-30,RS,payroll,3657.46
COST000646,2017-11-30,DF,logistics,9969.57
COST000647,2017-08-12,RS,logistics,1784.03
COST000648,2017-08-22,DF,technology,7554.54
COST000649,2017-04-12,RJ,payroll,3831.4
COST000650,2017-08-25,SC,payroll,6525.96
COST000651,2017-11-14,PR,customer_support,9884.16
COST000652,2018-06-18,DF,customer_support,4829.63
COST000653,2017-11-25,RJ,marketing,8262.05
COST000654,2017-09-16,MG,logistics,851.8
COST000655,2018-01-11,DF,marketing,5590.58
COST000656,2018-09-23,BA,payroll,3883.32
COST000657,2018-03-06,SC,technology,7021.74
COST000658,2018-02-24,PR,warehouse,464.99
COST000659,2017-07-25,PR,customer_support,4532.4
COST000660,2018-01-17,SC,warehouse,4996.18
COST000661,2017-10-07,BA,logistics,8462.46
COST000662,2018-06-19,BA,payroll,3908.27
COST000663,2017-10-08,RJ,marketing,3274.08
COST000664,2017-05-03,MG,technology,3951.94
COST000665,2017-08-27,DF,warehouse,4434.3
COST000666,2017-03-06,DF,warehouse,2619.88
COST000667,2017-05-31,MG,warehouse,548.04
COST000668,2017-10-02,RJ,customer_support,9903.99
COST000669,2017-07-30,PR,marketing,7678.24
COST000670,2018-08-13,PR,customer_support,9855.95
COST000671,2017-10-31,SP,customer_support,6661.22
COST000672,2017-12-05,SC,customer_support,8841.16
COST000673,2018-07-06,RJ,customer_support,4558.07
COST000674,2017-12-23,DF,logistics,3556.63
COST000675,2017-12-06,MG,logistics,9938.47
COST000676,2017-03-15,SP,customer_support,1778.14
COST000677,2017-10-08,BA,technology,2245.82
COST000678,2017-05-08,BA,marketing,6714.89
COST000679,2018-07-24,RJ,logistics,2627.49
COST000680,2017-09-17,SC,payroll,4365.37
COST000681,2018-02-01,BA,marketing,9328.79
COST000682,2017-02-21,PR,customer_support,2731.25
COST000683,2017-07-09,RS,customer_support,5155.68
COST000684,2018-07-19,RJ,warehouse,7393.06
COST000685,2018-09-22,PR,warehouse,811.14
COST000686,2017-06-27,SC,marketing,813.79
COST000687,2017-12-22,DF,marketing,7484.49
COST000688,2017-01-06,DF,marketing,9208.58
COST000689,2017-03-08,RS,warehouse,5959.1
COST000690,2017-09-27,MG,technology,477.86
COST000691,2018-08-06,BA,customer_support,4573.08
COST000692,2017-09-09,DF,logistics,7232.55
COST000693,2017-02-08,DF,marketing,6354.7
COST000694,2018-07-08,BA,logistics,2061.99
COST000695,2017-07-02,RS,payroll,625.94
COST000696,2018-01-24,MG,logistics,8904.13
COST000697,2018-03-04,DF,logistics,2336.22
COST000698,2017-09-26,DF,payroll,9958.17
COST000699,2017-04-11,RS,payroll,1242.66
COST000700,2017-01-02,BA,customer_support,1232.09
COST000701,2017-04-29,DF,marketing,6714.48
COST000702,2017-01-17,BA,customer_support,2774.33
COST000703,2017-10-07,PR,payroll,9746.49
COST000704,2018-06-01,SP,payroll,2446.48
COST000705,2018-02-28,MG,warehouse,6273.75
COST000706,2018-05-25,DF,logistics,4123.54
COST000707,2017-02-11,SC,technology,993.92
COST000708,2017-06-21,RJ,customer_support,7109.13
COST000709,2017-09-09,RS,logistics,7925.22
COST000710,2017-02-09,RJ,technology,8283.02
COST000711,2017-04-14,MG,payroll,4950.88
COST000712,2018-05-27,MG,customer_support,9761.43
COST000713,2017-04-30,RS,customer_support,8017.72
COST000714,2018-02-09,RJ,warehouse,4457.21
COST000715,2017-06-23,SP,customer_support,1084.63
COST000716,2017-04-15,DF,logistics,2618.38
COST000717,2018-02-15,SP,logistics,7744.19
COST000718,2017-05-03,DF,technology,8808.62
COST000719,2017-09-23,SP,customer_support,6658.09
COST000720,2017-09-19,SC,marketing,3940.42
COST000721,2017-10-23,BA,customer_support,3624.25
COST000722,2018-04-24,SC,logistics,3652.01
COST000723,2017-01-28,SP,payroll,4965.54
COST000724,2017-11-03,SP,technology,7285.57
COST000725,2018-04-24,RS,logistics,1715.09
COST000726,2017-09-19,SP,marketing,306.93
COST000727,2018-09-10,MG,logistics,856.89
COST000728,2018-09-04,BA,customer_support,6691.9
COST000729,2017-08-13,SC,technology,8502.2
COST000730,2018-09-24,BA,marketing,4125.08
COST000731,2018-07-28,MG,warehouse,3442.88
COST000732,2017-09-11,DF,logistics,297.89
COST000733,2017-12-11,RS,marketing,702.79
COST000734,2017-10-29,SP,payroll,7571.99
COST000735,2017-12-16,SC,technology,987.02
COST000736,2017-07-21,RS,marketing,8300.9
COST000737,2018-09-01,DF,technology,7832.75
COST000738,2018-07-11,RS,customer_support,8212.69
COST000739,2017-03-21,PR,customer_support,6890.73
COST000740,2018-01-29,MG,warehouse,308.27
COST000741,2017-08-01,RJ,technology,4489.93
COST000742,2017-01-20,BA,warehouse,1656.07
COST000743,2017-07-23,RS,customer_support,3447.2
COST000744,2018-07-21,DF,logistics,5618.29
COST000745,2017-09-24,DF,logistics,7346.19
COST000746,2017-11-13,RS,logistics,2398.54
COST000747,2018-05-13,BA,payroll,3414.8
COST000748,2018-04-13,RS,logistics,2178.62
COST000749,2018-06-25,SC,payroll,9844.0
COST000750,2017-03-31,DF,payroll,9298.86
COST000751,2017-12-09,SC,warehouse,6571.79
COST000752,2017-12-18,SP,logistics,8265.84
COST000753,2018-07-20,RJ,payroll,7216.82
COST000754,2017-10-03,SP,technology,8501.11
COST000755,2017-03-16,SP,warehouse,9366.24
COST000756,2017-03-02,RJ,logistics,9311.42
COST000757,2018-01-24,PR,customer_support,5788.26
COST000758,2018-01-29,MG,payroll,9650.13
COST000759,2017-02-22,SC,payroll,4134.85
COST000760,2017-04-27,MG,warehouse,2015.25
COST000761,2018-03-16,MG,warehouse,2391.62
COST000762,2017-04-12,SP,warehouse,4639.62
COST000763,2018-01-09,BA,customer_support,2605.9
COST000764,2018-02-08,DF,logistics,1358.37
COST000765,2017-07-29,SP,payroll,4027.97
COST000766,2017-11-16,BA,technology,5854.17
COST000767,2018-03-10,SP,customer_support,9683.15
COST000768,2017-01-07,BA,technology,6243.37
COST000769,2018-01-25,PR,technology,7761.75
COST000770,2017-06-15,SP,warehouse,6853.75
COST000771,2018-02-01,DF,warehouse,3908.25
COST000772,2018-03-31,RJ,customer_support,1971.95
COST000773,2017-07-12,SP,customer_support,2894.36
COST000774,2017-03-25,DF,warehouse,8777.68
COST000775,2017-04-12,SP,logistics,1641.39
COST000776,2017-07-03,RS,customer_support,1065.89
COST000777,2017-09-25,SC,customer_support,8547.02
COST000778,2017-04-30,RJ,payroll,5527.21
COST000779,2018-03-13,RS,technology,6856.76
COST000780,2017-11-30,RS,payroll,8275.71
COST000781,2018-03-15,SP,technology,3466.28
COST000782,2017-07-24,PR,payroll,7526.16
COST000783,2017-12-17,DF,warehouse,6346.74
COST000784,2018-06-13,BA,logistics,345.66
COST000785,2017-12-06,BA,technology,7231.44
COST000786,2018-04-10,DF,marketing,3508.45
COST000787,2017-10-19,RJ,technology,2158.9
COST000788,2017-02-13,SP,customer_support,9614.62
COST000789,2018-06-15,DF,logistics,7718.56
COST000790,2017-05-24,MG,payroll,342.47
COST000791,2018-04-16,MG,technology,7622.38
COST000792,2018-01-07,PR,payroll,8518.54
COST000793,2018-05-22,RJ,warehouse,3627.46
COST000794,2018-09-16,RJ,logistics,3331.87
COST000795,2017-07-31,RS,logistics,4294.44
COST000796,2017-04-14,DF,technology,4715.63
COST000797,2017-07-26,MG,payroll,3867.83
COST000798,2017-05-18,DF,marketing,5111.23
COST000799,2017-08-20,SC,payroll,9728.43
COST000800,2017-08-31,MG,payroll,417.57
COST000801,2017-12-25,MG,customer_support,9827.31
COST000802,2017-06-11,RJ,payroll,8509.37
COST000803,2018-02-17,SP,payroll,7993.68
COST000804,2018-02-18,DF,payroll,4557.9
COST000805,2017-03-17,DF,customer_support,843.24
COST000806,2018-05-30,MG,technology,6226.28
COST000807,2018-01-17,MG,technology,8953.11
COST000808,2018-02-14,DF,marketing,4307.95
COST000809,2017-07-11,PR,customer_support,786.12
COST000810,2018-05-31,RS,logistics,153.52
COST000811,2018-07-29,BA,logistics,1282.09
COST000812,2017-11-14,PR,marketing,6098.84
COST000813,2017-02-02,SP,customer_support,9909.96
COST000814,2017-04-11,PR,customer_support,7149.87
COST000815,2017-01-30,SC,payroll,1655.79
COST000816,2017-01-07,BA,warehouse,8640.4
COST000817,2017-02-06,BA,technology,6636.61
COST000818,2017-11-11,BA,marketing,3085.42
COST000819,2018-08-06,PR,logistics,5066.56
COST000820,2018-07-21,SC,payroll,4089.77
COST000821,2017-07-27,MG,payroll,8725.01
COST000822,2017-03-05,MG,customer_support,9537.81
COST000823,2017-07-27,BA,payroll,1324.5
COST000824,2017-05-14,DF,warehouse,1559.63
COST000825,2017-08-09,RS,marketing,916.34
COST000826,2017-01-19,SC,technology,3862.31
COST000827,2018-03-27,RS,technology,9713.46
COST000828,2018-07-02,PR,technology,9874.36
COST000829,2017-05-22,RJ,payroll,5999.86
COST000830,2017-11-14,RJ,logistics,4688.75
COST000831,2017-08-22,RS,payroll,3093.55
COST000832,2017-07-10,SP,payroll,104.83
COST000833,2018-05-31,RS,customer_support,2702.16
COST000834,2018-08-27,SC,customer_support,1548.4
COST000835,2017-02-12,PR,warehouse,119.64
COST000836,2018-09-30,SC,payroll,8970.34
COST000837,2017-01-11,DF,payroll,934.94
COST000838,2018-05-27,RJ,warehouse,7115.51
COST000839,2017-08-20,DF,payroll,9252.8
COST000840,2018-03-13,SC,marketing,1358.05
COST000841,2017-11-14,BA,marketing,2480.85
COST000842,2017-12-22,PR,marketing,2426.88
COST000843,2017-03-03,SP,warehouse,952.54
COST000844,2017-02-18,MG,customer_support,9106.23
COST000845,2017-04-08,SC,technology,8505.68
COST000846,2018-02-17,RS,marketing,3869.52
COST000847,2017-07-30,MG,logistics,7717.55
COST000848,2018-09-03,BA,customer_support,5143.2
COST000849,2017-03-23,RJ,logistics,6822.89
COST000850,2018-05-21,SC,payroll,6922.55
COST000851,2017-12-31,SP,customer_support,7775.66
COST000852,2018-09-15,BA,technology,9001.89
COST000853,2018-07-28,SC,payroll,7912.0
COST000854,2018-09-01,PR,customer_support,7094.66
COST000855,2018-04-27,RS,marketing,6257.78
COST000856,2018-08-13,RJ,logistics,2169.96
COST000857,2018-03-11,SP,warehouse,2903.05
COST000858,2017-05-05,PR,technology,846.05
COST000859,2017-07-20,PR,payroll,2651.99
COST000860,2017-10-21,SC,customer_support,5485.02
COST000861,2017-05-14,DF,logistics,9541.45
COST000862,2017-02-01,RJ,marketing,1355.38
COST000863,2017-05-24,PR,marketing,4483.66
COST000864,2017-12-02,BA,technology,7533.32
COST000865,2018-03-12,MG,payroll,7957.18
COST000866,2018-07-07,MG,marketing,1991.49
COST000867,2018-07-09,SP,logistics,1865.26
COST000868,2017-10-20,MG,payroll,6145.97
COST000869,2018-08-12,DF,logistics,9149.07
COST000870,2018-01-27,RJ,marketing,8063.15
COST000871,2017-10-01,BA,logistics,3905.66
COST000872,2017-09-03,SP,marketing,6617.8
COST000873,2017-03-31,RS,warehouse,2622.85
COST000874,2018-07-27,PR,payroll,4770.24
COST000875,2018-03-29,MG,logistics,5401.21
COST000876,2018-07-09,RS,payroll,6413.63
COST000877,2017-07-25,PR,logistics,4063.55
COST000878,2017-06-14,RJ,marketing,416.93
COST000879,2018-03-20,RS,marketing,9287.76
COST000880,2018-02-01,SP,warehouse,9566.78
COST000881,2017-08-04,RJ,logistics,6901.22
COST000882,2017-05-11,MG,warehouse,2737.06
COST000883,2017-04-07,RS,logistics,5987.95
COST000884,2018-05-24,SC,warehouse,2833.43
COST000885,2017-10-13,DF,payroll,7018.44
COST000886,2017-08-30,RJ,customer_support,3666.83
COST000887,2018-08-31,RJ,marketing,5618.73
COST000888,2017-10-31,RS,logistics,683.56
COST000889,2018-05-10,MG,technology,9962.3
COST000890,2017-03-19,RJ,technology,6655.28
COST000891,2017-09-26,SC,marketing,9406.42
COST000892,2018-05-09,RS,technology,7471.02
COST000893,2018-02-18,RJ,technology,5662.66
COST000894,2018-04-01,SP,technology,7390.75
COST000895,2017-05-20,RS,warehouse,4746.04
COST000896,2018-01-18,RS,warehouse,9597.03
COST000897,2017-05-07,SC,logistics,7765.89
COST000898,2017-11-27,RJ,customer_support,1298.3
COST000899,2017-04-04,BA,warehouse,9511.5
COST000900,2017-01-05,RS,payroll,5800.09
COST000901,2017-06-13,SP,logistics,4559.63
COST000902,2017-03-24,DF,technology,7942.69
COST000903,2018-03-27,SC,technology,2363.95
COST000904,2017-01-24,MG,marketing,9586.19
COST000905,2017-02-22,SP,logistics,1746.72
COST000906,2018-05-23,SC,technology,3027.26
COST000907,2018-05-11,DF,warehouse,8901.5
COST000908,2018-01-18,SC,technology,6122.5
COST000909,2017-11-28,RS,technology,8559.75
COST000910,2018-08-28,RS,marketing,2073.41
COST000911,2017-06-21,RJ,technology,8057.46
COST000912,2018-01-29,PR,payroll,1866.06
COST000913,2018-04-06,PR,payroll,7457.88
COST000914,2017-06-12,DF,technology,1630.01
COST000915,2017-01-20,MG,technology,3495.43
COST000916,2017-11-12,RJ,payroll,4814.48
COST000917,2018-02-24,SC,warehouse,9196.44
COST000918,2017-08-06,SP,logistics,7344.11
COST000919,2017-10-13,RJ,payroll,2889.41
COST000920,2017-04-08,RJ,marketing,4519.87
COST000921,2018-04-15,SP,payroll,3565.4
COST000922,2017-09-19,DF,logistics,9404.57
COST000923,2017-08-30,BA,payroll,1828.82
COST000924,2017-10-22,DF,customer_support,9165.3
COST000925,2018-08-16,RJ,logistics,8295.83
COST000926,2018-06-01,BA,warehouse,1374.06
COST000927,2018-07-18,RS,warehouse,2804.1
COST000928,2018-08-02,MG,technology,7133.18
COST000929,2017-09-18,PR,warehouse,7102.14
COST000930,2018-05-14,DF,payroll,2413.51
COST000931,2017-07-27,SP,marketing,6372.69
COST000932,2018-08-25,DF,payroll,6905.99
COST000933,2018-08-04,PR,warehouse,812.97
COST000934,2018-08-15,DF,marketing,3871.43
COST000935,2017-06-30,RS,warehouse,9071.56
COST000936,2017-10-09,PR,logistics,9014.94
COST000937,2018-03-12,RS,payroll,6652.16
COST000938,2018-03-09,PR,marketing,6561.68
COST000939,2018-03-10,BA,customer_support,8568.58
COST000940,2017-07-31,BA,technology,3487.33
COST000941,2018-06-01,MG,marketing,591.61
COST000942,2018-05-22,RS,marketing,8479.15
COST000943,2018-01-14,SP,customer_support,3190.63
COST000944,2018-02-15,SP,customer_support,6760.3
COST000945,2018-02-03,RJ,marketing,4932.89
COST000946,2017-08-22,RJ,technology,1533.34
COST000947,2017-04-24,MG,marketing,4242.12
COST000948,2018-06-30,BA,payroll,2698.88
COST000949,2018-02-11,PR,marketing,181.81
COST000950,2017-11-30,SC,warehouse,5286.8
COST000951,2017-09-13,BA,marketing,5684.2
COST000952,2018-03-07,PR,marketing,3128.8
COST000953,2017-12-01,DF,technology,3012.49
COST000954,2017-08-13,SC,logistics,4525.03
COST000955,2017-08-13,SC,technology,6215.34
COST000956,2017-02-01,RS,technology,9688.52
COST000957,2018-09-16,SC,marketing,4829.88
COST000958,2017-11-22,MG,customer_support,9342.44
COST000959,2017-12-02,BA,logistics,9752.07
COST000960,2017-09-17,SC,technology,6121.88
COST000961,2018-07-19,RS,warehouse,5650.21
COST000962,2017-01-21,DF,logistics,696.53
COST000963,2018-07-23,SP,customer_support,2309.74
COST000964,2017-06-18,BA,technology,9981.79
COST000965,2017-08-20,SP,marketing,7486.33
COST000966,2018-03-07,PR,customer_support,6712.98
COST000967,2017-02-17,RJ,warehouse,5709.92
COST000968,2017-05-01,RJ,customer_support,6859.8
COST000969,2017-09-19,SP,logistics,6839.48
COST000970,2017-03-23,RS,customer_support,2293.27
COST000971,2017-07-12,PR,warehouse,7869.14
COST000972,2018-09-15,RS,payroll,4706.25
COST000973,2018-07-14,RJ,technology,7045.48
COST000974,2017-10-12,DF,marketing,3540.45
COST000975,2018-01-14,MG,customer_support,5816.56
COST000976,2018-06-20,BA,customer_support,7378.12
COST000977,2017-04-26,BA,payroll,6156.57
COST000978,2017-08-07,RJ,marketing,6370.11
COST000979,2018-03-11,RS,technology,1933.78
COST000980,2018-01-16,RJ,customer_support,5108.37
COST000981,2017-03-22,RJ,payroll,2815.85
COST000982,2018-06-21,RJ,logistics,3765.07
COST000983,2017-03-08,RJ,payroll,8038.11
COST000984,2018-05-20,PR,customer_support,571.85
COST000985,2017-11-14,SP,customer_support,2648.8
COST000986,2018-08-04,RJ,logistics,7912.84
COST000987,2018-01-28,DF,logistics,8478.84
COST000988,2018-03-19,SC,marketing,2208.41
COST000989,2018-02-17,RJ,warehouse,1736.1
COST000990,2018-02-24,PR,warehouse,8012.75
COST000991,2018-01-10,PR,customer_support,7201.77
COST000992,2018-03-28,MG,logistics,5675.67
COST000993,2017-06-07,PR,technology,4634.27
COST000994,2018-09-19,MG,warehouse,8765.27
COST000995,2017-10-01,DF,warehouse,2865.44
COST000996,2018-03-28,MG,technology,6510.7
COST000997,2018-08-21,DF,marketing,9307.05
COST000998,2017-09-24,RJ,logistics,1802.22
COST000999,2018-07-04,SC,customer_support,2012.8
COST001000,2018-03-13,BA,payroll,1275.67
COST001001,2017-12-14,RS,payroll,2743.61
COST001002,2017-01-16,SC,logistics,5731.64
COST001003,2018-04-24,BA,marketing,3360.71
COST001004,2017-07-04,DF,customer_support,5637.29
COST001005,2017-11-22,RJ,payroll,4881.83
COST001006,2018-08-26,SP,customer_support,5356.27
COST001007,2018-02-13,SC,customer_support,9524.04
COST001008,2017-08-02,BA,warehouse,2149.02
COST001009,2017-06-07,MG,marketing,6739.62
COST001010,2018-01-08,RS,technology,4801.19
COST001011,2017-12-29,PR,logistics,6827.51
COST001012,2017-08-14,BA,payroll,6021.66
COST001013,2017-06-16,PR,logistics,7587.48
COST001014,2018-06-07,PR,technology,5384.16
COST001015,2017-06-26,RS,payroll,7047.53
COST001016,2017-09-14,DF,logistics,7379.27
COST001017,2017-09-18,PR,technology,1863.1
COST001018,2017-06-20,PR,warehouse,9256.56
COST001019,2018-08-06,MG,technology,7273.37
COST001020,2017-10-25,PR,marketing,1058.17
COST001021,2017-06-30,DF,marketing,8622.67
COST001022,2018-01-17,DF,technology,1988.42
COST001023,2018-07-15,BA,customer_support,5905.09
COST001024,2018-06-03,RS,customer_support,3199.87
COST001025,2018-03-10,PR,warehouse,5800.04
COST001026,2018-09-19,RJ,logistics,8892.61
COST001027,2017-11-26,DF,logistics,8917.67
COST001028,2018-04-23,MG,warehouse,7881.92
COST001029,2018-05-08,SP,payroll,8165.74
COST001030,2018-02-20,DF,technology,5126.36
COST001031,2018-06-07,RJ,marketing,8696.97
COST001032,2017-08-24,DF,marketing,4723.99
COST001033,2018-09-26,SP,marketing,2162.5
COST001034,2017-09-25,RS,customer_support,8989.71
COST001035,2017-03-09,SP,customer_support,4649.56
COST001036,2017-01-03,SC,logistics,6047.77
COST001037,2018-04-08,DF,logistics,6302.33
COST001038,2018-06-25,SC,warehouse,914.44
COST001039,2018-01-21,SP,payroll,3604.44
COST001040,2017-06-01,SC,customer_support,3652.05
COST001041,2017-06-27,PR,technology,7195.58
COST001042,2017-11-17,MG,marketing,6804.57
COST001043,2017-08-14,DF,warehouse,9890.34
COST001044,2017-08-31,SP,payroll,7337.46
COST001045,2018-04-27,BA,logistics,2304.99
COST001046,2017-02-09,SC,marketing,3522.82
COST001047,2017-11-18,RS,technology,1753.87
COST001048,2017-01-07,DF,customer_support,8633.87
COST001049,2018-04-30,RS,marketing,8474.25
COST001050,2018-02-06,RS,marketing,9144.52
COST001051,2017-03-26,SC,technology,6631.57
COST001052,2017-09-23,DF,customer_support,2761.74
COST001053,2017-07-24,PR,warehouse,8977.11
COST001054,2018-07-13,DF,technology,2799.8
COST001055,2017-04-01,RJ,customer_support,3902.36
COST001056,2017-09-23,PR,customer_support,316.54
COST001057,2017-10-02,PR,technology,5822.22
COST001058,2017-10-26,SP,logistics,4412.14
COST001059,2018-02-12,MG,warehouse,6514.21
COST001060,2017-09-16,BA,warehouse,9682.64
COST001061,2017-02-04,RS,payroll,667.09
COST001062,2017-11-08,MG,payroll,1005.67
COST001063,2017-07-27,RJ,logistics,5684.78
COST001064,2017-09-17,DF,customer_support,9979.15
COST001065,2017-07-31,MG,logistics,2951.15
COST001066,2018-01-29,MG,payroll,5410.85
COST001067,2017-08-14,RJ,payroll,2116.75
COST001068,2017-06-09,RJ,warehouse,5344.37
COST001069,2017-11-20,BA,payroll,1915.36
COST001070,2017-03-01,BA,technology,1853.48
COST001071,2018-03-26,BA,customer_support,3452.98
COST001072,2018-06-13,BA,marketing,9402.23
COST001073,2017-09-10,RS,technology,6628.5
COST001074,2018-02-11,RS,customer_support,3779.56
COST001075,2018-08-17,DF,payroll,6422.87
COST001076,2017-08-12,BA,marketing,2075.03
COST001077,2018-02-01,RJ,logistics,6410.93
COST001078,2017-01-08,RJ,payroll,9210.48
COST001079,2018-02-17,DF,payroll,9375.73
COST001080,2017-08-06,SC,logistics,5906.15
COST001081,2018-01-17,PR,payroll,8808.02
COST001082,2018-01-15,RS,marketing,3934.36
COST001083,2017-01-16,SC,logistics,8867.29
COST001084,2018-09-02,SC,logistics,3408.27
COST001085,2017-12-10,BA,warehouse,7061.07
COST001086,2017-06-19,DF,payroll,9197.22
COST001087,2017-08-20,RS,warehouse,5693.61
COST001088,2017-01-12,PR,marketing,2818.38
COST001089,2018-03-25,PR,customer_support,7009.55
COST001090,2018-09-25,SC,marketing,1216.33
COST001091,2018-07-25,BA,logistics,3522.96
COST001092,2018-07-31,RS,warehouse,8969.21
COST001093,2018-02-06,PR,payroll,7396.41
COST001094,2018-01-19,RS,marketing,640.98
COST001095,2017-05-04,SC,warehouse,5780.44
COST001096,2018-02-24,BA,logistics,2557.29
COST001097,2017-01-17,SP,technology,233.91
COST001098,2018-06-27,SC,logistics,2746.83
COST001099,2017-04-19,BA,customer_support,7762.43
COST001100,2017-05-13,SC,logistics,4083.49
COST001101,2017-05-08,DF,warehouse,2731.94
COST001102,2018-03-20,RS,technology,9989.33
COST001103,2017-11-21,SC,payroll,5811.85
COST001104,2017-08-15,PR,logistics,2297.43
COST001105,2017-08-27,RJ,logistics,2108.77
COST001106,2017-03-25,MG,technology,1122.63
COST001107,2018-06-06,SC,payroll,6156.01
COST001108,2017-04-27,MG,logistics,8805.12
COST001109,2017-05-06,MG,logistics,8613.33
COST001110,2018-08-12,MG,warehouse,9404.94
COST001111,2018-02-23,RJ,customer_support,328.56
COST001112,2018-04-03,DF,warehouse,5657.01
COST001113,2017-01-07,DF,marketing,9177.12
COST001114,2018-02-06,SC,warehouse,9012.97
COST001115,2017-04-26,MG,payroll,2782.68
COST001116,2017-03-03,SC,marketing,5069.26
COST001117,2017-03-22,DF,warehouse,1049.75
COST001118,2017-08-28,DF,technology,2814.52
COST001119,2017-07-16,DF,warehouse,9920.62
COST001120,2018-08-28,BA,customer_support,5892.48
COST001121,2018-08-17,SP,warehouse,9987.63
COST001122,2017-08-02,PR,customer_support,263.82
COST001123,2018-08-19,DF,warehouse,9716.43
COST001124,2017-02-11,RS,customer_support,3603.75
COST001125,2017-07-08,DF,logistics,920.88
COST001126,2017-12-08,RJ,customer_support,986.74
COST001127,2017-06-13,MG,technology,3504.73
COST001128,2017-06-22,MG,marketing,4789.44
COST001129,2018-02-20,MG,logistics,944.2
COST001130,2017-04-23,SC,technology,8530.27
COST001131,2018-04-11,PR,marketing,4911.32
COST001132,2017-02-14,RJ,customer_support,3712.75
COST001133,2017-12-10,SP,warehouse,5263.01
COST001134,2018-03-23,BA,logistics,4926.7
COST001135,2018-05-15,RS,marketing,1121.39
COST001136,2017-10-29,SP,warehouse,596.25
COST001137,2018-07-24,DF,logistics,6818.16
COST001138,2017-06-11,SP,marketing,4927.7
COST001139,2018-09-21,SC,marketing,342.59
COST001140,2018-05-23,MG,logistics,6700.99
COST001141,2017-03-06,RJ,logistics,7086.12
COST001142,2018-09-07,MG,customer_support,9703.2
COST001143,2018-07-25,BA,customer_support,6337.26
COST001144,2017-05-05,BA,marketing,2822.71
COST001145,2017-01-23,RS,payroll,2463.23
COST001146,2017-10-22,SC,warehouse,4629.04
COST001147,2018-02-25,RJ,marketing,1014.46
COST001148,2018-01-26,BA,logistics,5010.33
COST001149,2017-01-26,SP,marketing,3345.71
COST001150,2018-03-26,MG,logistics,8315.75
COST001151,2017-01-19,SP,warehouse,6979.98
COST001152,2017-11-29,SC,customer_support,2641.1
COST001153,2017-05-12,RS,logistics,4837.32
COST001154,2017-05-25,SC,logistics,7197.04
COST001155,2017-04-13,PR,payroll,1813.06
COST001156,2017-02-02,RS,customer_support,9693.22
COST001157,2018-09-07,SC,logistics,1007.98
COST001158,2017-06-03,RJ,technology,9537.34
COST001159,2017-09-22,PR,technology,265.25
COST001160,2017-07-13,SC,payroll,4886.19
COST001161,2017-03-10,SP,warehouse,2952.78
COST001162,2018-06-20,PR,warehouse,9679.72
COST001163,2018-01-31,BA,logistics,8569.77
COST001164,2018-09-21,SC,payroll,9035.4
COST001165,2018-06-24,DF,customer_support,4967.88
COST001166,2017-06-30,MG,payroll,1147.45
COST001167,2017-05-25,SP,payroll,2546.86
COST001168,2017-11-14,SC,technology,5356.06
COST001169,2018-08-19,SC,customer_support,3950.81
COST001170,2018-01-26,PR,warehouse,3343.94
COST001171,2017-06-27,RS,customer_support,3097.74
COST001172,2017-01-29,BA,technology,2418.27
COST001173,2018-08-08,PR,warehouse,5425.49
COST001174,2017-08-09,RJ,marketing,6913.42
COST001175,2018-07-12,SP,logistics,6941.83
COST001176,2017-12-12,BA,customer_support,542.28
COST001177,2018-05-02,PR,marketing,366.79
COST001178,2017-03-26,SP,customer_support,963.62
COST001179,2018-04-18,RS,logistics,275.66
COST001180,2018-02-24,RJ,logistics,4460.06
COST001181,2017-07-11,SP,payroll,631.34
COST001182,2018-07-25,RJ,technology,4412.75
COST001183,2018-01-17,RS,technology,3435.32
COST001184,2018-04-12,BA,warehouse,680.23
COST001185,2018-07-21,SP,payroll,938.91
COST001186,2017-04-23,DF,technology,7743.67
COST001187,2017-01-07,RS,warehouse,7272.09
COST001188,2017-03-03,RS,warehouse,2932.7
COST001189,2018-02-13,SC,warehouse,1385.78
COST001190,2017-06-09,RJ,technology,3627.76
COST001191,2017-02-20,RS,logistics,4891.52
COST001192,2017-03-16,RS,payroll,5222.52
COST001193,2017-10-01,PR,payroll,343.38
COST001194,2017-06-27,SP,warehouse,6050.0
COST001195,2017-07-31,SC,warehouse,6338.36
COST001196,2017-08-01,DF,warehouse,6465.16
COST001197,2018-05-17,SC,warehouse,6301.17
COST001198,2017-10-02,RS,warehouse,9572.56
COST001199,2017-09-17,BA,warehouse,7126.9
COST001200,2018-09-29,MG,customer_support,3237.42
COST001201,2017-07-22,MG,payroll,8140.18
COST001202,2017-01-08,PR,customer_support,4373.88
COST001203,2018-07-20,DF,warehouse,698.14
COST001204,2018-09-07,RS,logistics,6523.47
COST001205,2018-07-25,PR,marketing,3884.36
COST001206,2017-04-02,MG,customer_support,9310.28
COST001207,2017-03-11,SP,customer_support,3483.58
COST001208,2018-01-29,RS,technology,545.67
COST001209,2018-04-14,PR,technology,9473.19
COST001210,2017-03-02,SP,customer_support,8340.61
COST001211,2018-01-31,PR,payroll,9795.54
COST001212,2018-02-09,BA,technology,1892.0
COST001213,2017-05-21,SP,warehouse,310.04
COST001214,2017-11-19,BA,logistics,9515.88
COST001215,2018-02-17,BA,payroll,7449.0
COST001216,2018-04-02,SP,payroll,8584.51
COST001217,2017-09-11,PR,logistics,139.18
COST001218,2017-10-04,MG,customer_support,6604.61
COST001219,2017-08-03,PR,warehouse,7142.34
COST001220,2018-06-30,DF,payroll,3500.28
COST001221,2017-06-14,BA,logistics,4786.97
COST001222,2017-06-21,SC,warehouse,1415.27
COST001223,2017-03-14,SC,customer_support,892.11
COST001224,2018-04-25,BA,logistics,8124.11
COST001225,2017-09-05,RJ,warehouse,8239.58
COST001226,2017-09-10,RS,technology,2379.4
COST001227,2017-03-06,MG,logistics,8186.8
COST001228,2018-06-08,MG,warehouse,3704.59
COST001229,2018-07-20,PR,marketing,2960.78
COST001230,2017-11-06,RS,technology,7942.55
COST001231,2018-05-10,SC,payroll,7096.08
COST001232,2017-12-03,RJ,logistics,6387.78
COST001233,2017-08-31,PR,warehouse,7975.64
COST001234,2017-01-09,BA,payroll,8645.31
COST001235,2017-03-14,RS,payroll,9491.42
COST001236,2018-05-12,DF,customer_support,6272.85
COST001237,2018-02-17,PR,payroll,1000.35
COST001238,2017-11-08,SC,payroll,3602.94
COST001239,2018-09-06,BA,warehouse,1403.36
COST001240,2017-09-30,RS,customer_support,1303.58
COST001241,2017-02-18,MG,warehouse,9892.33
COST001242,2018-08-21,PR,customer_support,1930.09
COST001243,2018-07-24,BA,marketing,7405.25
COST001244,2017-08-23,RJ,marketing,7839.9
COST001245,2017-08-08,DF,warehouse,4964.81
COST001246,2018-04-07,RS,customer_support,145.66
COST001247,2017-08-24,RJ,warehouse,7304.34
COST001248,2017-04-17,RJ,marketing,9525.48
COST001249,2018-04-01,BA,warehouse,7720.43
COST001250,2018-04-21,PR,logistics,5332.93
COST001251,2017-12-12,RS,customer_support,5916.55
COST001252,2018-05-15,SC,logistics,1668.46
COST001253,2017-04-14,BA,logistics,8846.47
COST001254,2017-08-02,DF,logistics,6010.38
COST001255,2018-07-10,SP,payroll,2556.85
COST001256,2017-04-15,BA,logistics,1094.33
COST001257,2018-02-23,RJ,customer_support,2749.8
COST001258,2017-11-12,RS,customer_support,7685.16
COST001259,2018-05-29,MG,marketing,9556.48
COST001260,2017-09-11,RJ,customer_support,2410.88
COST001261,2018-03-10,RJ,payroll,3165.98
COST001262,2017-05-15,RJ,marketing,8074.32
COST001263,2017-07-04,DF,technology,7313.05
COST001264,2017-07-24,SC,technology,1323.05
COST001265,2018-09-26,MG,warehouse,9114.18
COST001266,2018-06-24,DF,payroll,2417.09
COST001267,2018-03-25,MG,logistics,7703.36
COST001268,2018-02-03,PR,technology,6546.44
COST001269,2018-02-17,SP,payroll,4735.28
COST001270,2017-08-11,PR,logistics,965.29
COST001271,2017-01-09,SP,technology,8936.42
COST001272,2017-07-17,RJ,warehouse,5350.67
COST001273,2018-04-10,RS,marketing,1220.98
COST001274,2017-08-31,RJ,warehouse,4820.5
COST001275,2017-03-14,MG,technology,1127.73
COST001276,2017-07-07,BA,marketing,3799.35
COST001277,2017-03-01,SP,technology,1271.06
COST001278,2017-06-01,BA,technology,2695.42
COST001279,2017-09-05,BA,logistics,8132.65
COST001280,2018-05-06,DF,payroll,2402.78
COST001281,2017-03-31,BA,customer_support,6415.92
COST001282,2017-11-22,RJ,marketing,2380.28
COST001283,2018-08-01,SP,customer_support,6200.07
COST001284,2017-11-29,PR,warehouse,7467.5
COST001285,2017-01-13,MG,marketing,1122.58
COST001286,2017-08-29,MG,payroll,8492.84
COST001287,2017-12-15,SC,customer_support,9145.28
COST001288,2017-06-11,SC,payroll,3786.37
COST001289,2018-08-10,BA,payroll,8787.68
COST001290,2017-02-18,SC,logistics,1249.43
COST001291,2018-05-04,RS,technology,4311.76
COST001292,2017-10-10,RJ,warehouse,1695.07
COST001293,2017-03-16,MG,customer_support,9616.33
COST001294,2017-12-31,BA,warehouse,7765.54
COST001295,2017-12-16,SC,warehouse,6238.03
COST001296,2018-06-11,RS,marketing,804.42
COST001297,2018-04-01,DF,logistics,1741.35
COST001298,2017-08-16,MG,logistics,3570.26
COST001299,2018-08-03,PR,warehouse,2354.86
COST001300,2017-05-21,RJ,warehouse,3180.02
COST001301,2018-06-03,RJ,customer_support,9687.31
COST001302,2017-07-20,SC,payroll,8036.12
COST001303,2017-01-10,DF,marketing,792.92
COST001304,2017-04-10,SP,payroll,655.16
COST001305,2018-09-06,SC,technology,553.77
COST001306,2017-07-04,BA,payroll,7223.0
COST001307,2017-11-22,RS,technology,5185.11
COST001308,2017-10-29,PR,technology,1565.08
COST001309,2018-09-22,SP,payroll,9402.53
COST001310,2017-08-07,DF,warehouse,2088.0
COST001311,2018-04-27,PR,payroll,7246.57
COST001312,2018-01-06,DF,technology,9985.13
COST001313,2017-12-21,SP,logistics,9906.35
COST001314,2017-03-04,BA,technology,6231.44
COST001315,2018-08-07,SP,customer_support,1615.71
COST001316,2017-05-19,RJ,marketing,9928.84
COST001317,2017-08-14,PR,logistics,7294.66
COST001318,2017-11-27,RS,payroll,8286.55
COST001319,2017-03-18,RS,technology,9815.35
COST001320,2017-06-30,SP,customer_support,2111.7
COST001321,2017-09-26,SP,logistics,3289.74
COST001322,2018-08-10,PR,warehouse,2534.71
COST001323,2018-08-09,RJ,payroll,9910.45
COST001324,2018-08-23,RJ,technology,6579.19
COST001325,2017-03-25,PR,customer_support,3174.69
COST001326,2018-02-01,PR,marketing,3766.38
COST001327,2017-01-06,RJ,warehouse,4595.3
COST001328,2017-06-11,SP,marketing,4442.29
COST001329,2017-09-06,RJ,logistics,1818.29
COST001330,2018-05-04,MG,marketing,8579.22
COST001331,2017-03-20,DF,technology,7746.67
COST001332,2018-04-17,MG,technology,9144.89
COST001333,2017-05-03,DF,marketing,5302.63
COST001334,2017-02-24,PR,logistics,6752.58
COST001335,2018-09-27,MG,technology,7564.4
COST001336,2018-04-09,RS,technology,5983.51
COST001337,2018-01-06,MG,marketing,7070.97
COST001338,2017-07-13,SC,marketing,5387.04
COST001339,2017-03-12,RJ,logistics,4054.49
COST001340,2017-08-04,MG,warehouse,9830.57
COST001341,2018-07-02,SP,payroll,4827.64
COST001342,2017-01-17,PR,payroll,8395.29
COST001343,2018-07-23,SP,payroll,6020.53
COST001344,2018-08-13,MG,marketing,2796.32
COST001345,2017-12-11,BA,technology,1217.73
COST001346,2018-06-24,SP,technology,9159.0
COST001347,2018-08-29,BA,customer_support,3439.18
COST001348,2018-05-03,RS,warehouse,3023.82
COST001349,2017-11-17,SP,technology,7497.43
COST001350,2017-12-08,RS,marketing,6495.22
COST001351,2018-08-31,RJ,logistics,6640.8
COST001352,2017-04-23,SC,logistics,1404.14
COST001353,2018-05-14,SP,customer_support,2556.24
COST001354,2017-11-05,MG,payroll,5008.76
COST001355,2018-03-03,RJ,payroll,8701.0
COST001356,2018-01-29,PR,logistics,4311.42
COST001357,2017-07-06,PR,payroll,1503.9
COST001358,2017-01-08,BA,payroll,4063.12
COST001359,2017-01-30,MG,warehouse,2986.82
COST001360,2018-01-29,SC,logistics,9946.46
COST001361,2017-07-15,RS,warehouse,3821.08
COST001362,2018-09-13,SP,customer_support,6194.28
COST001363,2017-07-14,PR,payroll,5789.87
COST001364,2018-05-11,SP,technology,1783.84
COST001365,2018-04-11,SC,customer_support,1388.3
COST001366,2017-08-28,SC,payroll,274.93
COST001367,2017-02-09,RJ,payroll,1460.37
COST001368,2018-08-06,SP,warehouse,7294.09
COST001369,2017-10-27,BA,marketing,6363.24
COST001370,2017-07-08,PR,customer_support,2911.99
COST001371,2017-08-23,BA,marketing,2230.66
COST001372,2018-05-19,RS,technology,411.01
COST001373,2018-03-31,DF,payroll,2902.69
COST001374,2017-02-20,SC,marketing,3429.66
COST001375,2017-09-13,PR,technology,8664.48
COST001376,2017-03-17,MG,payroll,235.11
COST001377,2017-02-26,PR,logistics,2712.93
COST001378,2017-06-01,SP,customer_support,9534.01
COST001379,2018-01-29,SP,technology,8533.98
COST001380,2018-06-06,RS,marketing,8829.82
COST001381,2017-07-24,PR,payroll,128.2
COST001382,2017-01-23,RJ,technology,3686.35
COST001383,2018-09-02,SC,warehouse,4861.5
COST001384,2018-09-30,DF,customer_support,1166.66
COST001385,2018-03-11,BA,technology,895.48
COST001386,2018-09-26,DF,marketing,3636.98
COST001387,2017-01-19,RJ,payroll,9215.76
COST001388,2018-05-10,SC,logistics,4064.41
COST001389,2018-03-20,SC,customer_support,7591.51
COST001390,2018-01-24,RJ,logistics,6020.78
COST001391,2018-06-03,MG,technology,8885.42
COST001392,2017-03-31,DF,warehouse,3401.27
COST001393,2017-08-24,SC,logistics,1417.89
COST001394,2017-07-02,DF,warehouse,1455.0
COST001395,2018-07-03,RJ,technology,1963.5
COST001396,2017-08-08,BA,payroll,8106.35
COST001397,2017-05-15,SC,customer_support,5755.08
COST001398,2017-02-13,MG,payroll,5502.08
COST001399,2018-09-10,RJ,logistics,1317.78
COST001400,2018-04-22,SC,logistics,1858.93
COST001401,2018-06-24,RS,logistics,2132.24
COST001402,2017-08-23,PR,logistics,7551.79
COST001403,2018-01-04,BA,technology,6986.1
COST001404,2017-10-09,MG,warehouse,5876.95
COST001405,2017-11-29,SP,customer_support,1107.17
COST001406,2018-07-08,MG,marketing,1625.92
COST001407,2018-03-10,BA,technology,2647.16
COST001408,2018-05-27,BA,logistics,8325.59
COST001409,2017-10-01,PR,logistics,7250.84
COST001410,2018-09-27,MG,customer_support,9156.52
COST001411,2018-02-26,SC,customer_support,437.31
COST001412,2017-06-16,SC,logistics,8230.31
COST001413,2018-04-29,MG,marketing,337.83
COST001414,2017-11-11,PR,customer_support,6688.15
COST001415,2018-02-21,RJ,customer_support,6534.2
COST001416,2018-06-27,SC,warehouse,2752.51
COST001417,2017-02-01,SC,logistics,7513.7
COST001418,2018-06-25,PR,payroll,4280.62
COST001419,2017-05-08,RS,logistics,6370.47
COST001420,2017-04-09,BA,marketing,6339.32
COST001421,2018-08-05,RJ,marketing,8827.04
COST001422,2018-01-19,SC,marketing,6774.13
COST001423,2018-04-17,BA,customer_support,6739.29
COST001424,2018-02-15,MG,marketing,6004.79
COST001425,2018-03-17,SC,technology,1091.58
COST001426,2018-09-16,SC,logistics,3080.0
COST001427,2018-07-29,SC,payroll,4648.14
COST001428,2018-03-12,PR,technology,2578.19
COST001429,2018-07-01,RS,customer_support,1739.22
COST001430,2017-05-25,RS,customer_support,5165.8
COST001431,2018-03-26,BA,warehouse,8368.18
COST001432,2017-01-22,SP,technology,6377.44
COST001433,2018-03-05,RS,logistics,6977.23
COST001434,2017-08-17,SP,technology,1500.31
COST001435,2017-10-25,RS,marketing,7995.56
COST001436,2017-11-25,PR,technology,1198.87
COST001437,2017-03-01,MG,customer_support,2892.14
COST001438,2018-08-04,BA,marketing,8781.79
COST001439,2018-06-12,DF,technology,9225.79
COST001440,2018-03-10,RJ,warehouse,968.1
COST001441,2017-07-17,RS,logistics,1704.99
COST001442,2018-02-16,RS,logistics,3648.34
COST001443,2017-05-01,DF,customer_support,7193.0
COST001444,2018-02-23,SP,technology,1575.82
COST001445,2017-01-04,MG,marketing,1631.85
COST001446,2018-08-12,PR,warehouse,5499.99
COST001447,2018-02-23,PR,marketing,5942.56
COST001448,2018-06-11,MG,logistics,970.73
COST001449,2017-12-03,DF,customer_support,4110.31
COST001450,2017-02-23,PR,marketing,7349.05
COST001451,2017-12-04,RJ,warehouse,3481.52
COST001452,2018-03-23,SC,warehouse,2497.81
COST001453,2017-01-25,DF,marketing,1232.0
COST001454,2017-03-05,PR,payroll,4700.13
COST001455,2017-12-30,RJ,warehouse,9407.0
COST001456,2018-01-25,RS,warehouse,6179.15
COST001457,2018-01-14,PR,payroll,758.85
COST001458,2018-07-29,SC,logistics,2658.17
COST001459,2017-06-18,PR,customer_support,7433.03
COST001460,2017-10-23,RJ,customer_support,7592.37
COST001461,2018-02-06,RS,technology,3819.95
COST001462,2018-05-19,DF,technology,762.95
COST001463,2017-04-06,SC,technology,5414.96
COST001464,2017-03-19,BA,technology,7352.24
COST001465,2018-01-03,RS,logistics,3384.75
COST001466,2018-06-29,SP,payroll,7907.82
COST001467,2017-12-11,RS,warehouse,3360.77
COST001468,2017-01-08,SC,customer_support,1771.83
COST001469,2017-08-23,MG,logistics,8009.11
COST001470,2017-08-29,BA,technology,1423.28
COST001471,2017-05-05,SP,marketing,2518.36
COST001472,2017-09-09,SC,technology,8548.63
COST001473,2017-09-03,DF,logistics,5276.52
COST001474,2017-09-11,RS,logistics,1626.74
COST001475,2017-08-12,SC,warehouse,6194.73
COST001476,2018-08-18,RJ,marketing,5900.87
COST001477,2017-10-09,SC,technology,5557.44
COST001478,2017-07-16,BA,marketing,3471.41
COST001479,2018-06-24,BA,payroll,4125.99
COST001480,2017-01-03,MG,payroll,7633.2
COST001481,2017-08-23,SP,customer_support,9270.06
COST001482,2017-01-19,PR,warehouse,5821.79
COST001483,2017-08-20,BA,marketing,9331.11
COST001484,2018-02-21,SC,logistics,1840.55
COST001485,2017-09-30,RJ,technology,2971.68
COST001486,2018-07-15,DF,logistics,8375.5
COST001487,2017-11-25,MG,customer_support,9635.93
COST001488,2017-12-22,RJ,payroll,8915.24
COST001489,2017-05-20,SC,marketing,4965.0
COST001490,2017-02-26,DF,warehouse,8127.41
COST001491,2017-04-09,DF,marketing,2091.23
COST001492,2018-02-25,SP,payroll,3241.14
COST001493,2017-12-11,MG,logistics,9985.82
COST001494,2017-07-03,SP,marketing,1868.44
COST001495,2017-04-27,SP,marketing,2501.56
COST001496,2017-11-23,RS,customer_support,7256.06
COST001497,2018-09-12,RJ,technology,6723.91
COST001498,2018-08-07,BA,warehouse,7208.75
COST001499,2017-03-17,RS,warehouse,9506.08
COST001500,2017-10-18,BA,technology,1285.73
COST001501,2018-05-05,RS,customer_support,5820.78
COST001502,2017-06-11,RJ,technology,2645.33
COST001503,2017-03-21,MG,payroll,4003.24
COST001504,2018-01-20,RJ,logistics,3310.08
COST001505,2018-06-13,PR,technology,9313.95
COST001506,2017-08-09,MG,payroll,9468.93
COST001507,2018-08-07,RS,logistics,5032.41
COST001508,2018-02-25,SP,marketing,7315.14
COST001509,2017-07-19,SP,technology,2193.41
COST001510,2017-06-26,RS,warehouse,3446.13
COST001511,2018-03-13,MG,warehouse,6616.41
COST001512,2017-11-24,SC,marketing,6757.52
COST001513,2018-04-05,PR,marketing,9098.74
COST001514,2018-06-08,MG,customer_support,7569.11
COST001515,2018-07-25,BA,marketing,8442.48
COST001516,2018-01-14,RJ,payroll,8251.36
COST001517,2018-03-15,PR,customer_support,2785.73
COST001518,2017-12-03,RJ,marketing,8155.01
COST001519,2017-09-18,BA,payroll,2142.78
COST001520,2017-03-19,MG,technology,224.76
COST001521,2017-01-29,RS,technology,6196.21
COST001522,2017-01-05,RS,payroll,3707.32
COST001523,2017-03-31,RJ,customer_support,6733.1
COST001524,2017-02-11,PR,logistics,2300.76
COST001525,2017-07-29,RJ,logistics,2580.22
COST001526,2017-06-18,PR,technology,9005.59
COST001527,2018-09-24,DF,technology,6681.55
COST001528,2017-07-15,SP,logistics,983.27
COST001529,2018-02-18,MG,logistics,3568.4
COST001530,2018-05-08,BA,payroll,6537.52
COST001531,2017-10-17,RS,logistics,7193.5
COST001532,2017-09-11,RS,warehouse,5020.59
COST001533,2017-09-15,DF,logistics,2594.31
COST001534,2017-01-19,SC,logistics,6724.26
COST001535,2018-08-07,PR,warehouse,930.8
COST001536,2017-05-18,SC,customer_support,7941.69
COST001537,2018-08-19,SP,marketing,7582.68
COST001538,2018-08-19,RS,customer_support,2948.11
COST001539,2018-01-18,SC,warehouse,701.36
COST001540,2018-09-28,DF,customer_support,984.29
COST001541,2017-02-23,SC,technology,4323.64
COST001542,2018-08-11,RJ,technology,1918.06
COST001543,2018-05-23,BA,technology,4421.28
COST001544,2017-12-07,RJ,marketing,665.7
COST001545,2018-08-05,DF,marketing,4485.89
COST001546,2017-10-23,SC,technology,9036.79
COST001547,2018-05-20,DF,logistics,6815.0
COST001548,2017-06-21,RS,payroll,741.69
COST001549,2017-03-06,PR,customer_support,935.01
COST001550,2017-10-29,MG,payroll,5126.18
COST001551,2017-03-11,SP,marketing,2710.24
COST001552,2017-02-23,SC,customer_support,4472.25
COST001553,2017-08-16,SC,marketing,7703.93
COST001554,2018-02-01,SC,payroll,3993.48
COST001555,2017-11-03,MG,logistics,3075.1
COST001556,2017-07-27,SP,logistics,8963.62
COST001557,2017-01-26,RS,marketing,7164.37
COST001558,2017-03-06,BA,logistics,6380.87
COST001559,2017-02-17,SC,payroll,811.61
COST001560,2017-08-07,PR,marketing,5058.72
COST001561,2017-09-27,RJ,warehouse,8958.06
COST001562,2017-12-31,SC,marketing,8241.54
COST001563,2017-08-08,DF,technology,737.35
COST001564,2018-06-08,BA,logistics,7534.85
COST001565,2018-06-02,SC,logistics,8750.78
COST001566,2018-05-07,RJ,payroll,2515.28
COST001567,2017-01-16,RJ,marketing,5257.72
COST001568,2017-07-16,SC,payroll,8867.44
COST001569,2017-10-15,PR,marketing,8818.17
COST001570,2018-06-08,SC,marketing,4186.54
COST001571,2018-07-06,MG,warehouse,5120.95
COST001572,2018-06-11,RS,logistics,1151.21
COST001573,2018-04-07,BA,technology,5390.01
COST001574,2017-10-15,PR,customer_support,8624.6
COST001575,2017-01-30,SC,technology,1810.56
COST001576,2018-01-25,RS,logistics,4637.01
COST001577,2017-02-25,DF,payroll,6468.02
COST001578,2018-01-16,RS,technology,580.83
COST001579,2017-03-18,BA,warehouse,461.9
COST001580,2017-02-18,BA,warehouse,8504.81
COST001581,2018-09-29,MG,customer_support,9654.06
COST001582,2017-04-15,RJ,warehouse,7631.56
COST001583,2018-07-28,DF,technology,9635.56
COST001584,2017-04-21,SP,warehouse,1618.97
COST001585,2017-02-18,PR,warehouse,8714.81
COST001586,2017-08-17,DF,payroll,9068.18
COST001587,2018-07-28,PR,logistics,2972.35
COST001588,2017-07-10,BA,technology,6516.89
COST001589,2018-04-17,PR,logistics,3127.88
COST001590,2017-10-21,RS,warehouse,1182.1
COST001591,2018-04-20,MG,payroll,8149.32
COST001592,2017-07-21,PR,logistics,9068.91
COST001593,2017-07-24,RS,marketing,1189.7
COST001594,2018-08-11,BA,technology,6517.09
COST001595,2018-02-08,SC,warehouse,9713.28
COST001596,2018-07-07,MG,warehouse,2803.9
COST001597,2018-07-18,SP,marketing,7534.85
COST001598,2018-06-07,MG,warehouse,4181.7
COST001599,2018-01-01,RJ,logistics,730.71
COST001600,2018-02-24,SP,warehouse,7027.15
COST001601,2017-03-10,SC,customer_support,2534.56
COST001602,2017-06-21,SP,logistics,6004.53
COST001603,2017-04-16,DF,logistics,799.88
COST001604,2018-08-19,SC,technology,1290.22
COST001605,2018-05-20,SP,technology,157.11
COST001606,2017-05-02,DF,customer_support,2256.65
COST001607,2017-09-20,RS,technology,1393.73
COST001608,2017-08-24,SC,customer_support,3007.27
COST001609,2017-10-22,DF,technology,2120.72
COST001610,2017-03-12,DF,marketing,2709.62
COST001611,2017-12-04,SP,marketing,1374.36
COST001612,2018-07-10,BA,payroll,1858.19
COST001613,2018-05-01,RS,logistics,2891.7
COST001614,2018-03-13,RJ,payroll,4419.14
COST001615,2017-04-15,SP,marketing,2701.46
COST001616,2018-02-05,PR,customer_support,1955.66
COST001617,2017-03-07,RS,customer_support,6401.68
COST001618,2017-09-21,RS,payroll,3689.57
COST001619,2017-04-16,MG,logistics,6073.25
COST001620,2018-07-19,SC,technology,4055.03
COST001621,2017-07-17,SP,warehouse,4195.6
COST001622,2017-01-22,SP,marketing,3824.06
COST001623,2017-05-30,BA,customer_support,8540.14
COST001624,2017-03-02,MG,logistics,3898.94
COST001625,2017-07-11,SC,warehouse,6054.14
COST001626,2017-12-15,SC,marketing,4721.51
COST001627,2017-01-18,RS,logistics,5964.78
COST001628,2017-11-18,RS,marketing,2038.27
COST001629,2017-10-24,MG,logistics,1276.02
COST001630,2017-04-15,RJ,marketing,5946.49
COST001631,2017-10-07,RS,marketing,9833.17
COST001632,2018-05-20,BA,customer_support,2653.24
COST001633,2017-05-09,BA,technology,115.18
COST001634,2018-07-07,SP,logistics,9137.24
COST001635,2018-08-01,DF,payroll,1402.85
COST001636,2017-04-26,RJ,warehouse,8685.36
COST001637,2018-02-15,PR,marketing,5191.47
COST001638,2017-01-14,MG,technology,1870.28
COST001639,2018-01-18,RS,customer_support,2049.14
COST001640,2018-06-24,RS,payroll,5319.05
COST001641,2017-09-16,MG,marketing,7967.1
COST001642,2017-10-24,SC,logistics,8125.52
COST001643,2017-05-27,SC,warehouse,2456.44
COST001644,2018-07-24,BA,payroll,7138.87
COST001645,2017-06-05,RS,warehouse,4848.05
COST001646,2017-05-28,RS,marketing,6241.73
COST001647,2017-01-06,BA,technology,1383.66
COST001648,2017-02-04,SC,customer_support,4400.05
COST001649,2017-02-10,BA,customer_support,1320.21
COST001650,2017-12-22,SC,payroll,5075.24
COST001651,2018-03-24,SP,marketing,708.39
COST001652,2018-01-30,SP,customer_support,1422.73
COST001653,2017-09-03,RS,marketing,3318.72
COST001654,2017-03-04,RS,customer_support,5160.5
COST001655,2018-04-08,BA,warehouse,1234.77
COST001656,2018-03-11,RS,technology,8802.56
COST001657,2017-12-11,BA,payroll,2875.19
COST001658,2017-08-31,SC,warehouse,5879.84
COST001659,2017-01-03,RS,warehouse,1505.91
COST001660,2018-06-20,RJ,marketing,7412.48
COST001661,2018-06-07,DF,marketing,5442.71
COST001662,2017-12-07,SP,marketing,9348.57
COST001663,2018-08-27,BA,logistics,6903.44
COST001664,2018-08-14,RS,payroll,9817.52
COST001665,2017-09-05,RS,payroll,8143.09
COST001666,2017-12-23,SP,customer_support,5347.35
COST001667,2018-09-21,SC,customer_support,2327.81
COST001668,2017-02-03,BA,technology,3470.09
COST001669,2018-07-23,SC,logistics,3816.97
COST001670,2018-01-14,PR,technology,9140.2
COST001671,2017-01-04,RS,technology,2647.88
COST001672,2018-09-19,DF,logistics,7249.47
COST001673,2017-12-07,MG,logistics,5922.48
COST001674,2017-02-20,DF,logistics,1801.23
COST001675,2018-06-20,DF,technology,2756.13
COST001676,2017-11-30,RJ,payroll,2911.16
COST001677,2017-06-26,SC,technology,1874.03
COST001678,2017-07-12,PR,warehouse,7866.42
COST001679,2017-05-05,PR,customer_support,3201.12
COST001680,2017-07-02,BA,marketing,5384.35
COST001681,2018-08-20,SP,payroll,7394.31
COST001682,2018-05-05,SC,warehouse,9690.33
COST001683,2018-03-31,DF,payroll,9110.71
COST001684,2017-02-16,BA,warehouse,2199.87
COST001685,2017-01-18,RJ,marketing,8951.54
COST001686,2017-04-29,MG,marketing,8476.73
COST001687,2018-08-23,RJ,payroll,396.18
COST001688,2017-03-16,PR,technology,8857.62
COST001689,2017-06-16,PR,warehouse,5391.03
COST001690,2017-09-12,BA,customer_support,1996.6
COST001691,2018-08-12,RJ,marketing,9953.7
COST001692,2017-03-15,SP,warehouse,3187.69
COST001693,2017-02-06,SP,logistics,1957.79
COST001694,2018-06-26,PR,technology,1812.78
COST001695,2017-03-04,MG,technology,5310.65
COST001696,2017-11-21,PR,payroll,1830.35
COST001697,2017-06-10,RJ,warehouse,5246.27
COST001698,2018-08-23,RS,warehouse,7398.44
COST001699,2018-03-28,BA,marketing,9491.56
COST001700,2017-05-11,RS,logistics,3739.23
COST001701,2017-03-23,DF,customer_support,9761.43
COST001702,2018-08-21,MG,customer_support,9890.21
COST001703,2017-11-24,MG,logistics,5921.48
COST001704,2017-08-21,MG,warehouse,3094.56
COST001705,2017-08-15,BA,marketing,8545.27
COST001706,2017-05-14,BA,technology,627.16
COST001707,2018-04-08,SP,payroll,4462.58
COST001708,2018-01-28,BA,technology,6374.41
COST001709,2018-09-21,PR,logistics,9815.01
COST001710,2017-04-13,RJ,logistics,6984.38
COST001711,2018-07-12,PR,warehouse,2388.22
COST001712,2018-04-15,DF,logistics,8549.46
COST001713,2017-06-24,BA,marketing,6611.4
COST001714,2017-04-18,DF,technology,8658.14
COST001715,2018-09-08,RJ,warehouse,6989.13
COST001716,2017-10-06,BA,marketing,3541.63
COST001717,2017-03-04,BA,marketing,1254.13
COST001718,2017-08-31,RS,payroll,6948.35
COST001719,2017-12-08,BA,logistics,2111.37
COST001720,2018-06-01,PR,logistics,747.71
COST001721,2018-03-02,RJ,marketing,2998.16
COST001722,2017-03-07,DF,customer_support,3238.38
COST001723,2018-05-23,RJ,warehouse,9925.92
COST001724,2017-08-09,RS,customer_support,5678.2
COST001725,2018-07-29,SC,marketing,9901.08
COST001726,2018-05-12,PR,marketing,7747.18
COST001727,2018-03-04,PR,logistics,4995.2
COST001728,2017-07-14,SP,technology,2913.49
COST001729,2018-07-02,PR,logistics,2319.51
COST001730,2017-03-17,RS,payroll,2419.6
COST001731,2017-09-01,RJ,payroll,8628.45
COST001732,2018-01-27,RS,warehouse,4024.16
COST001733,2018-03-06,DF,technology,4566.24
COST001734,2018-04-10,RS,marketing,6210.22
COST001735,2017-06-04,DF,customer_support,654.84
COST001736,2017-08-02,DF,technology,4800.04
COST001737,2018-06-08,RS,logistics,258.26
COST001738,2018-01-31,DF,logistics,7474.04
COST001739,2017-06-03,PR,marketing,326.2
COST001740,2018-08-20,MG,customer_support,7080.33
COST001741,2017-06-12,RS,marketing,2088.11
COST001742,2017-03-31,RJ,payroll,8144.16
COST001743,2017-01-01,SP,logistics,3232.71
COST001744,2017-09-27,PR,customer_support,9054.67
COST001745,2017-05-24,MG,logistics,7412.69
COST001746,2017-01-10,BA,payroll,2179.1
COST001747,2017-01-06,MG,warehouse,8858.32
COST001748,2017-02-12,RS,customer_support,302.52
COST001749,2017-01-10,BA,warehouse,6245.67
COST001750,2018-06-03,RJ,payroll,8428.6
COST001751,2017-11-23,BA,logistics,1382.11
COST001752,2017-09-30,BA,logistics,547.8
COST001753,2017-01-14,SP,customer_support,8898.92
COST001754,2017-08-13,DF,warehouse,3034.47
COST001755,2017-06-13,MG,marketing,6685.7
COST001756,2017-03-18,PR,marketing,8392.2
COST001757,2017-05-11,DF,payroll,1191.81
COST001758,2018-04-28,BA,marketing,3836.73
COST001759,2018-07-06,DF,warehouse,7296.48
COST001760,2017-11-09,RJ,technology,859.57
COST001761,2018-06-01,PR,payroll,7509.11
COST001762,2017-04-02,RS,logistics,8818.23
COST001763,2017-04-08,SP,technology,7968.73
COST001764,2017-01-13,DF,warehouse,2466.85
COST001765,2017-08-28,PR,logistics,8402.27
COST001766,2018-08-27,SP,marketing,6932.04
COST001767,2018-08-26,PR,payroll,7497.14
COST001768,2017-04-25,BA,marketing,7500.83
COST001769,2017-07-16,DF,payroll,4554.24
COST001770,2018-01-10,MG,warehouse,9020.74
COST001771,2018-06-11,SC,customer_support,1326.74
COST001772,2017-04-17,MG,customer_support,9591.29
COST001773,2017-08-20,SC,warehouse,166.46
COST001774,2018-04-04,RS,logistics,7705.9
COST001775,2018-01-08,RJ,payroll,1942.71
COST001776,2017-05-25,SP,technology,739.36
COST001777,2018-06-07,RJ,marketing,5042.91
COST001778,2018-08-26,RJ,payroll,5186.32
COST001779,2018-04-18,RJ,technology,6720.12
COST001780,2018-01-05,RJ,marketing,5985.83
COST001781,2018-06-29,RJ,warehouse,409.38
COST001782,2017-02-08,PR,warehouse,2123.43
COST001783,2018-01-28,RJ,logistics,7188.48
COST001784,2018-01-09,SP,warehouse,9429.98
COST001785,2017-12-31,BA,warehouse,7684.25
COST001786,2017-09-01,DF,warehouse,9857.55
COST001787,2017-07-11,SC,payroll,1330.47
COST001788,2017-08-31,BA,logistics,9588.71
COST001789,2018-06-11,MG,payroll,3802.77
COST001790,2018-09-07,RJ,technology,5647.98
COST001791,2018-01-03,BA,customer_support,9766.72
COST001792,2017-08-14,RS,warehouse,4530.71
COST001793,2017-05-22,DF,technology,3215.42
COST001794,2017-04-01,SP,technology,7928.43
COST001795,2017-10-10,PR,payroll,7076.87
COST001796,2017-02-11,MG,warehouse,316.21
COST001797,2017-10-03,SC,payroll,4902.91
COST001798,2018-08-15,MG,marketing,9239.53
COST001799,2017-10-16,SC,marketing,5516.34
COST001800,2018-06-25,MG,customer_support,6173.2
COST001801,2017-08-27,SC,warehouse,4929.43
COST001802,2018-04-06,BA,customer_support,5901.12
COST001803,2017-08-05,SC,customer_support,3027.99
COST001804,2018-06-07,RS,technology,2112.2
COST001805,2018-02-12,BA,payroll,3982.53
COST001806,2018-01-20,RJ,technology,2399.76
COST001807,2018-06-25,PR,customer_support,9115.32
COST001808,2017-11-29,PR,customer_support,1571.13
COST001809,2017-07-06,SC,marketing,2476.27
COST001810,2017-06-29,SC,payroll,7914.56
COST001811,2017-04-06,PR,payroll,1110.03
COST001812,2018-04-06,RJ,payroll,7988.83
COST001813,2018-02-18,PR,warehouse,5825.0
COST001814,2017-06-09,DF,warehouse,4659.48
COST001815,2017-02-09,PR,warehouse,8718.87
COST001816,2017-07-12,BA,payroll,4047.01
COST001817,2017-01-12,DF,technology,2807.39
COST001818,2017-04-17,MG,logistics,5475.85
COST001819,2017-11-30,SC,technology,5621.86
COST001820,2018-01-09,RJ,customer_support,1316.11
COST001821,2018-08-23,SP,marketing,7874.65
COST001822,2018-08-14,SP,customer_support,3804.63
COST001823,2018-06-12,SP,customer_support,1348.16
COST001824,2018-01-09,RS,marketing,1084.37
COST001825,2017-10-17,DF,warehouse,5695.32
COST001826,2018-03-18,MG,logistics,3800.68
COST001827,2017-09-29,PR,warehouse,3241.66
COST001828,2018-02-06,BA,technology,4653.34
COST001829,2018-07-26,SC,warehouse,7943.94
COST001830,2018-07-07,MG,marketing,1788.03
COST001831,2017-01-01,SC,customer_support,1275.01
COST001832,2018-04-21,RJ,marketing,8722.09
COST001833,2018-06-24,RJ,warehouse,8132.74
COST001834,2017-12-04,MG,technology,1719.08
COST001835,2017-06-28,RJ,customer_support,5629.82
COST001836,2017-11-07,MG,payroll,5482.79
COST001837,2018-01-15,MG,technology,7764.06
COST001838,2017-08-10,SC,warehouse,3359.15
COST001839,2017-10-22,DF,technology,734.86
COST001840,2017-08-18,DF,marketing,1950.2
COST001841,2017-11-19,SC,logistics,2198.44
COST001842,2017-03-20,MG,marketing,4704.42
COST001843,2017-10-10,SC,marketing,5084.82
COST001844,2017-05-30,SP,payroll,2131.37
COST001845,2017-05-08,DF,warehouse,3255.93
COST001846,2018-09-12,SC,payroll,7863.09
COST001847,2017-12-16,DF,payroll,529.01
COST001848,2018-05-07,SC,warehouse,7458.74
COST001849,2018-08-11,PR,technology,9779.93
COST001850,2018-05-24,DF,customer_support,7639.09
COST001851,2017-04-21,BA,logistics,9325.61
COST001852,2017-04-19,RJ,payroll,2706.15
COST001853,2017-01-14,PR,payroll,5226.03
COST001854,2017-09-13,PR,technology,4204.81
COST001855,2018-02-16,DF,warehouse,2803.87
COST001856,2018-06-03,BA,marketing,501.77
COST001857,2018-07-10,BA,technology,7617.6
COST001858,2018-01-04,MG,marketing,7272.79
COST001859,2018-03-10,PR,logistics,5703.07
COST001860,2018-04-17,MG,customer_support,9741.92
COST001861,2017-04-19,SC,payroll,8684.74
COST001862,2017-10-19,RJ,logistics,5670.23
COST001863,2018-07-04,SC,marketing,9213.51
COST001864,2017-03-09,DF,marketing,5640.48
COST001865,2017-09-14,RS,marketing,8391.75
COST001866,2017-05-12,PR,payroll,5063.69
COST001867,2018-05-07,BA,warehouse,8083.32
COST001868,2017-05-30,PR,warehouse,4524.87
COST001869,2017-07-29,PR,customer_support,5758.33
COST001870,2018-03-27,MG,customer_support,2039.47
COST001871,2017-04-27,SC,payroll,6220.94
COST001872,2017-11-06,SP,warehouse,7999.69
COST001873,2018-01-17,MG,warehouse,8392.61
COST001874,2018-04-12,SC,customer_support,7713.09
COST001875,2018-04-08,MG,payroll,209.99
COST001876,2017-05-17,MG,warehouse,9332.13
COST001877,2018-01-03,RJ,customer_support,677.7
COST001878,2017-07-03,RJ,customer_support,7121.47
COST001879,2017-10-01,RS,warehouse,8238.77
COST001880,2017-03-21,PR,technology,7694.09
COST001881,2018-06-06,RS,customer_support,7741.99
COST001882,2017-11-04,SP,logistics,2314.09
COST001883,2018-08-10,RJ,logistics,959.8
COST001884,2017-05-15,MG,logistics,4786.88
COST001885,2017-08-23,RJ,technology,6353.78
COST001886,2017-03-04,RJ,logistics,8261.44
COST001887,2018-08-01,SC,marketing,3589.66
COST001888,2018-03-07,SP,logistics,8257.0
COST001889,2018-06-29,BA,payroll,5065.53
COST001890,2018-07-06,DF,logistics,7882.94
COST001891,2017-07-22,SP,marketing,2346.67
COST001892,2018-04-22,PR,logistics,7673.78
COST001893,2017-11-27,SC,warehouse,2206.08
COST001894,2017-12-25,RJ,marketing,901.9
COST001895,2017-06-10,SP,payroll,7880.52
COST001896,2018-01-25,RS,warehouse,7834.46
COST001897,2018-04-02,RJ,warehouse,1190.9
COST001898,2017-11-07,MG,technology,4313.75
COST001899,2018-06-30,PR,warehouse,407.34
COST001900,2017-06-22,RJ,logistics,7247.67
COST001901,2018-09-22,PR,warehouse,7811.41
COST001902,2017-04-05,BA,warehouse,6744.41
COST001903,2017-10-03,PR,technology,5314.66
COST001904,2017-10-30,SP,logistics,1446.75
COST001905,2017-02-16,SP,logistics,9875.73
COST001906,2017-05-29,RJ,warehouse,2635.93
COST001907,2017-12-31,PR,payroll,8402.07
COST001908,2017-10-11,RS,payroll,856.25
COST001909,2017-07-10,DF,logistics,1989.76
COST001910,2017-04-05,SC,payroll,6904.63
COST001911,2017-12-06,SC,logistics,515.41
COST001912,2017-03-25,SP,logistics,170.87
COST001913,2018-04-29,SP,marketing,6194.29
COST001914,2017-09-17,DF,logistics,6771.74
COST001915,2017-05-14,SP,marketing,7120.93
COST001916,2017-05-06,DF,warehouse,8653.06
COST001917,2017-03-07,SP,technology,3238.26
COST001918,2018-04-17,PR,customer_support,958.39
COST001919,2018-09-30,RS,logistics,4037.28
COST001920,2018-01-03,SP,warehouse,2617.64
COST001921,2017-06-20,RS,logistics,9587.39
COST001922,2017-08-26,PR,logistics,2088.15
COST001923,2018-07-14,SC,customer_support,7028.94
COST001924,2017-01-16,MG,technology,9231.17
COST001925,2018-06-06,BA,marketing,6727.21
COST001926,2017-01-28,MG,customer_support,757.3
COST001927,2017-06-10,MG,logistics,9268.61
COST001928,2017-08-18,RJ,logistics,1566.13
COST001929,2017-07-13,RS,marketing,2077.8
COST001930,2017-11-02,BA,payroll,7315.28
COST001931,2017-09-16,PR,technology,4977.32
COST001932,2017-02-11,RJ,technology,7802.34
COST001933,2017-01-03,MG,logistics,1727.98
COST001934,2018-08-16,BA,customer_support,8580.93
COST001935,2018-03-21,MG,technology,3111.39
COST001936,2018-05-31,BA,customer_support,5261.33
COST001937,2017-01-22,MG,payroll,1224.12
COST001938,2017-11-21,BA,logistics,3575.62
COST001939,2017-08-16,SC,marketing,3668.23
COST001940,2017-08-06,PR,marketing,9671.85
COST001941,2018-07-06,MG,logistics,8327.09
COST001942,2018-02-22,RS,marketing,672.18
COST001943,2017-05-10,MG,marketing,2927.94
COST001944,2018-09-03,BA,logistics,2146.57
COST001945,2017-07-04,RJ,warehouse,3257.14
COST001946,2017-04-15,MG,customer_support,229.84
COST001947,2018-08-20,RJ,customer_support,7842.87
COST001948,2017-01-13,SC,technology,1470.02
COST001949,2018-08-12,SP,technology,2106.99
COST001950,2017-07-28,SC,warehouse,6595.2
COST001951,2018-08-17,PR,marketing,6341.3
COST001952,2018-06-18,RS,technology,8278.85
COST001953,2017-03-06,MG,payroll,1457.14
COST001954,2017-08-26,MG,customer_support,2278.8
COST001955,2017-01-02,DF,warehouse,8774.55
COST001956,2018-07-12,MG,marketing,6694.74
COST001957,2017-02-14,MG,payroll,881.59
COST001958,2017-12-26,RJ,customer_support,1030.45
COST001959,2018-06-21,PR,warehouse,5380.73
COST001960,2017-06-28,RJ,marketing,7531.43
COST001961,2017-10-26,MG,logistics,6469.18
COST001962,2018-04-07,RJ,customer_support,6811.94
COST001963,2017-11-06,DF,marketing,5762.7
COST001964,2018-03-05,MG,payroll,8825.44
COST001965,2017-07-09,DF,technology,8979.46
COST001966,2017-01-12,SP,customer_support,6095.19
COST001967,2018-07-04,RJ,warehouse,7339.76
COST001968,2018-05-29,PR,customer_support,4678.28
COST001969,2017-12-20,SC,customer_support,2766.39
COST001970,2018-08-19,SP,customer_support,6398.87
COST001971,2018-04-06,DF,logistics,8169.79
COST001972,2018-01-23,RS,warehouse,2699.54
COST001973,2018-09-22,RJ,marketing,6296.68
COST001974,2018-06-22,RJ,customer_support,6263.25
COST001975,2018-04-19,BA,logistics,9196.27
COST001976,2017-01-25,SC,technology,7616.91
COST001977,2017-04-27,RS,warehouse,8131.95
COST001978,2018-02-26,PR,warehouse,5752.29
COST001979,2017-04-05,SP,payroll,7304.19
COST001980,2018-01-30,RS,marketing,2523.64
COST001981,2017-01-10,PR,customer_support,5838.69
COST001982,2018-02-18,BA,payroll,6656.78
COST001983,2018-07-18,SP,logistics,8354.64
COST001984,2017-12-04,BA,warehouse,1740.45
COST001985,2017-10-09,PR,logistics,3334.89
COST001986,2018-05-21,BA,technology,7935.21
COST001987,2017-09-13,PR,technology,4398.93
COST001988,2017-12-25,MG,customer_support,4895.98
COST001989,2017-12-01,RJ,customer_support,6230.93
COST001990,2018-05-02,SP,payroll,7299.38
COST001991,2018-07-19,MG,payroll,2954.03
COST001992,2017-04-27,BA,payroll,8652.81
COST001993,2017-09-20,BA,customer_support,3705.36
COST001994,2017-03-21,DF,warehouse,2682.63
COST001995,2018-05-23,BA,technology,7025.63
COST001996,2017-09-28,SP,technology,3662.64
COST001997,2017-02-16,MG,customer_support,5112.89
COST001998,2017-03-20,SP,payroll,3369.97
COST001999,2017-07-27,RJ,technology,8549.46
COST002000,2017-05-24,SC,customer_support,5046.63
COST002001,2018-08-29,SC,warehouse,747.62
COST002002,2017-06-14,DF,marketing,661.41
COST002003,2017-04-09,PR,warehouse,3711.83
COST002004,2018-06-25,RJ,logistics,4135.24
COST002005,2018-07-17,SP,logistics,470.1
COST002006,2018-09-14,RJ,payroll,8539.16
COST002007,2017-12-05,SC,logistics,5115.19
COST002008,2017-10-26,SP,payroll,5523.75
COST002009,2018-09-04,RS,customer_support,6552.86
COST002010,2017-04-22,RS,marketing,2254.07
COST002011,2017-08-22,SC,warehouse,5277.0
COST002012,2017-05-10,SP,customer_support,2306.31
COST002013,2018-08-17,RS,customer_support,4211.37
COST002014,2017-12-04,PR,technology,6305.69
COST002015,2017-05-02,SC,logistics,2435.01
COST002016,2017-12-30,SP,marketing,8847.42
COST002017,2017-12-16,MG,warehouse,3007.61
COST002018,2017-02-06,DF,customer_support,3107.09
COST002019,2017-02-26,BA,marketing,9219.25
COST002020,2017-09-24,RS,customer_support,3953.04
COST002021,2018-02-08,SC,customer_support,1451.76
COST002022,2017-03-21,BA,warehouse,4332.85
COST002023,2017-09-10,SC,logistics,3456.57
COST002024,2017-01-29,PR,payroll,5001.86
COST002025,2017-03-10,SP,customer_support,6165.45
COST002026,2018-07-12,BA,warehouse,3363.75
COST002027,2018-05-03,MG,warehouse,7141.05
COST002028,2017-04-04,BA,marketing,3097.5
COST002029,2017-08-17,PR,logistics,8402.71
COST002030,2017-10-26,BA,marketing,9624.78
COST002031,2017-11-13,DF,customer_support,235.42
COST002032,2018-09-02,RS,payroll,1252.81
COST002033,2017-02-10,SC,technology,5149.59
COST002034,2017-03-10,SP,marketing,6267.81
COST002035,2017-09-04,RS,customer_support,9114.76
COST002036,2017-06-09,MG,customer_support,6341.92
COST002037,2017-01-27,SP,technology,8656.53
COST002038,2018-07-31,PR,marketing,5271.23
COST002039,2018-09-18,RS,warehouse,6927.38
COST002040,2017-03-15,SC,payroll,9242.78
COST002041,2017-05-12,RJ,technology,6806.97
COST002042,2017-10-14,DF,technology,4878.33
COST002043,2017-07-31,BA,marketing,5969.49
COST002044,2018-08-15,DF,payroll,4359.9
COST002045,2017-12-08,PR,marketing,1585.5
COST002046,2017-05-29,DF,technology,7724.55
COST002047,2018-02-26,DF,payroll,4203.09
COST002048,2017-04-18,RS,marketing,1038.28
COST002049,2017-02-16,RJ,warehouse,7069.39
COST002050,2018-06-29,SC,customer_support,7664.07
COST002051,2018-02-20,DF,payroll,1142.23
COST002052,2018-01-06,MG,warehouse,4613.14
COST002053,2018-02-17,SP,customer_support,4864.68
COST002054,2017-08-11,MG,payroll,2421.65
COST002055,2017-03-31,MG,customer_support,8011.8
COST002056,2018-04-05,BA,customer_support,5354.45
COST002057,2018-07-12,SP,customer_support,5766.03
COST002058,2017-11-23,PR,technology,3643.95
COST002059,2018-01-02,RS,payroll,2530.47
COST002060,2017-08-05,MG,warehouse,8041.51
COST002061,2017-03-23,BA,customer_support,5375.92
COST002062,2017-04-20,BA,marketing,2484.78
COST002063,2018-05-21,PR,customer_support,4318.42
COST002064,2017-11-06,BA,technology,5602.36
COST002065,2017-06-10,RJ,warehouse,5596.06
COST002066,2017-05-22,BA,logistics,5621.56
COST002067,2017-11-11,MG,payroll,1774.16
COST002068,2018-05-11,PR,logistics,5593.15
COST002069,2018-03-12,PR,warehouse,3522.91
COST002070,2017-07-25,SC,logistics,5714.16
COST002071,2018-03-07,RS,warehouse,6698.23
COST002072,2017-09-09,MG,technology,2381.61
COST002073,2018-04-02,SP,marketing,1294.1
COST002074,2017-10-31,RS,marketing,6083.54
COST002075,2017-03-29,SP,payroll,6960.84
COST002076,2017-01-25,SP,technology,8672.67
COST002077,2017-01-29,PR,logistics,2535.42
COST002078,2018-06-19,SP,technology,1327.0
COST002079,2018-02-10,SP,logistics,9737.25
COST002080,2018-09-25,RS,technology,496.12
COST002081,2018-01-22,MG,customer_support,4220.18
COST002082,2017-10-03,RS,marketing,4984.64
COST002083,2018-04-13,PR,customer_support,7136.39
COST002084,2017-03-18,MG,payroll,8131.53
COST002085,2017-07-21,RS,marketing,5620.38
COST002086,2017-06-21,DF,marketing,385.81
COST002087,2017-10-19,MG,customer_support,9981.66
COST002088,2017-11-08,RJ,technology,6433.89
COST002089,2017-01-30,RS,logistics,8332.63
COST002090,2018-08-09,SC,technology,4204.21
COST002091,2018-02-15,SC,logistics,617.07
COST002092,2017-01-01,BA,warehouse,918.51
COST002093,2017-05-15,BA,payroll,7733.83
COST002094,2018-01-16,MG,logistics,2204.0
COST002095,2017-05-13,DF,warehouse,8577.61
COST002096,2017-05-13,SP,payroll,2598.57
COST002097,2017-08-16,RJ,logistics,2665.94
COST002098,2017-08-20,SP,marketing,1068.84
COST002099,2018-04-19,DF,payroll,1490.49
COST002100,2017-04-08,RJ,payroll,1359.07
COST002101,2017-11-27,SC,technology,517.54
COST002102,2017-05-12,PR,customer_support,2444.38
COST002103,2017-09-10,MG,payroll,322.61
COST002104,2018-03-03,RJ,technology,7064.79
COST002105,2017-01-03,DF,warehouse,6201.0
COST002106,2017-02-27,MG,customer_support,1804.64
COST002107,2018-04-12,PR,payroll,8635.4
COST002108,2018-04-07,RJ,logistics,2928.14
COST002109,2018-04-30,MG,payroll,5403.21
COST002110,2017-01-10,SC,payroll,8129.12
COST002111,2018-06-01,RS,logistics,3754.79
COST002112,2018-06-25,MG,payroll,2585.31
COST002113,2018-07-07,MG,technology,8620.65
COST002114,2017-08-17,MG,customer_support,833.17
COST002115,2017-07-21,SP,customer_support,6539.33
COST002116,2018-01-13,RJ,logistics,8402.76
COST002117,2017-01-05,MG,marketing,7130.81
COST002118,2017-12-31,PR,payroll,3805.03
COST002119,2017-03-13,DF,customer_support,9513.06
COST002120,2017-12-11,MG,payroll,1444.9
COST002121,2017-01-18,MG,technology,7144.15
COST002122,2018-05-17,RS,logistics,7209.0
COST002123,2017-07-10,RS,payroll,6162.24
COST002124,2018-07-10,RS,technology,4907.64
COST002125,2017-11-18,SP,marketing,9527.88
COST002126,2017-09-05,PR,customer_support,4716.89
COST002127,2017-04-20,DF,marketing,3397.64
COST002128,2018-06-29,RJ,technology,5197.66
COST002129,2017-04-14,PR,logistics,8029.24
COST002130,2017-04-08,BA,payroll,1713.84
COST002131,2017-06-16,RS,technology,3767.99
COST002132,2017-04-29,PR,technology,5700.09
COST002133,2018-04-24,SP,technology,8446.18
COST002134,2018-08-23,DF,customer_support,4063.3
COST002135,2017-06-29,BA,warehouse,5549.8
COST002136,2017-06-02,MG,customer_support,1312.6
COST002137,2018-05-09,RS,marketing,1031.72
COST002138,2017-10-07,RJ,customer_support,2212.73
COST002139,2018-03-12,BA,warehouse,6887.82
COST002140,2017-08-19,DF,technology,2200.01
COST002141,2018-05-23,SP,customer_support,8785.6
COST002142,2018-01-23,DF,marketing,8997.59
COST002143,2017-08-29,DF,payroll,2728.1
COST002144,2017-11-18,DF,payroll,1142.12
COST002145,2018-08-23,PR,customer_support,4171.8
COST002146,2017-10-24,BA,warehouse,7957.6
COST002147,2018-06-01,RJ,warehouse,1167.71
COST002148,2018-03-04,RJ,customer_support,1082.48
COST002149,2017-06-30,RS,marketing,2522.86
COST002150,2017-02-04,MG,payroll,6957.66
COST002151,2017-05-26,SP,warehouse,3805.91
COST002152,2017-04-19,BA,customer_support,7393.43
COST002153,2017-02-19,PR,technology,4107.51
COST002154,2017-04-20,PR,technology,882.47
COST002155,2017-09-08,SP,customer_support,9985.76
COST002156,2017-01-11,DF,warehouse,6842.45
COST002157,2017-12-16,BA,customer_support,6349.51
COST002158,2017-01-22,SP,customer_support,4986.1
COST002159,2018-04-25,BA,customer_support,923.04
COST002160,2017-05-03,BA,logistics,9853.35
COST002161,2018-05-24,RJ,warehouse,4711.1
COST002162,2017-08-15,SC,logistics,509.33
COST002163,2018-01-26,SC,payroll,3498.29
COST002164,2017-06-02,DF,warehouse,425.84
COST002165,2018-06-19,BA,payroll,5117.12
COST002166,2017-08-23,MG,warehouse,7565.58
COST002167,2018-02-19,MG,warehouse,9576.8
COST002168,2018-09-07,RS,technology,8449.55
COST002169,2017-05-16,SC,technology,2784.41
COST002170,2017-08-25,PR,logistics,3535.69
COST002171,2017-07-02,DF,customer_support,5245.47
COST002172,2018-01-12,PR,payroll,6881.71
COST002173,2017-04-09,SC,marketing,7389.9
COST002174,2018-04-23,SC,logistics,8510.68
COST002175,2018-08-13,SP,customer_support,2324.06
COST002176,2017-11-03,SC,warehouse,1206.05
COST002177,2017-11-27,RS,warehouse,1857.92
COST002178,2017-02-05,MG,technology,9439.58
COST002179,2018-03-01,BA,customer_support,1410.41
COST002180,2017-08-02,SC,customer_support,3257.45
COST002181,2017-05-06,MG,logistics,2038.16
COST002182,2018-01-23,DF,warehouse,1196.19
COST002183,2017-04-12,MG,customer_support,5314.92
COST002184,2018-03-02,BA,payroll,3856.06
COST002185,2018-01-23,RS,marketing,7293.36
COST002186,2018-03-27,RS,customer_support,3985.78
COST002187,2017-03-21,SP,marketing,5600.52
COST002188,2018-06-17,RJ,payroll,8224.37
COST002189,2018-07-23,RS,logistics,5322.23
COST002190,2017-11-12,MG,logistics,4429.97
COST002191,2017-05-21,RS,marketing,1408.3
COST002192,2017-08-21,DF,customer_support,5637.89
COST002193,2018-01-19,RJ,customer_support,1081.12
COST002194,2017-11-30,RS,marketing,1138.42
COST002195,2017-03-24,MG,payroll,4566.7
COST002196,2017-09-07,DF,marketing,5242.06
COST002197,2018-09-17,SP,payroll,7490.63
COST002198,2017-06-15,RS,payroll,4619.62
COST002199,2017-12-31,MG,technology,6252.01
COST002200,2017-04-13,RS,customer_support,9206.16
COST002201,2017-02-25,SP,customer_support,9406.15
COST002202,2017-08-07,BA,technology,2712.72
COST002203,2017-05-09,PR,warehouse,4615.75
COST002204,2017-04-17,MG,payroll,5358.26
COST002205,2017-06-07,DF,payroll,4525.05
COST002206,2018-03-19,MG,warehouse,9637.5
COST002207,2018-03-24,RS,technology,2974.27
COST002208,2017-10-21,PR,payroll,5240.52
COST002209,2018-03-30,BA,logistics,1344.66
COST002210,2018-07-23,DF,customer_support,6335.58
COST002211,2017-02-05,MG,marketing,3348.88
COST002212,2017-06-08,DF,marketing,8074.98
COST002213,2018-02-17,MG,warehouse,1390.7
COST002214,2018-08-30,DF,technology,8809.91
COST002215,2018-06-05,DF,marketing,4357.89
COST002216,2018-03-23,PR,warehouse,4132.45
COST002217,2017-04-29,RS,warehouse,7657.83
COST002218,2018-07-03,SC,technology,3091.82
COST002219,2018-02-12,MG,technology,8588.76
COST002220,2017-09-13,MG,logistics,2845.92
COST002221,2017-05-19,SP,warehouse,7342.32
COST002222,2017-01-27,RJ,warehouse,653.01
COST002223,2017-07-29,DF,logistics,7039.68
COST002224,2018-01-08,MG,payroll,2700.04
COST002225,2017-08-25,MG,customer_support,7297.44
COST002226,2017-10-02,DF,technology,8285.86
COST002227,2018-07-19,SC,logistics,1787.5
COST002228,2017-10-05,MG,customer_support,1753.57
COST002229,2017-11-02,SC,marketing,7476.05
COST002230,2018-06-05,SP,warehouse,1782.12
COST002231,2018-06-28,PR,warehouse,293.6
COST002232,2017-12-19,RJ,technology,710.22
COST002233,2017-02-21,SP,payroll,358.31
COST002234,2017-03-18,RJ,payroll,9083.77
COST002235,2018-08-31,RS,technology,8664.71
COST002236,2018-08-23,MG,technology,5598.52
COST002237,2017-11-24,PR,payroll,5172.08
COST002238,2017-07-13,RJ,technology,2514.39
COST002239,2017-01-22,SC,customer_support,5043.63
COST002240,2018-02-26,SC,payroll,9319.45
COST002241,2017-09-19,MG,customer_support,5745.06
COST002242,2017-07-30,BA,logistics,662.58
COST002243,2017-06-07,BA,warehouse,466.35
COST002244,2017-11-22,PR,technology,8726.69
COST002245,2018-04-29,MG,marketing,2248.02
COST002246,2017-09-22,SC,customer_support,147.3
COST002247,2017-09-15,MG,marketing,7463.28
COST002248,2017-10-14,PR,marketing,8210.96
COST002249,2018-02-20,MG,customer_support,2934.39
COST002250,2018-07-13,SC,payroll,8333.3
COST002251,2018-09-23,RS,logistics,8064.18
COST002252,2017-09-27,SP,customer_support,4919.23
COST002253,2017-08-24,RJ,logistics,9391.46
COST002254,2017-01-24,BA,technology,8462.14
COST002255,2017-03-02,PR,customer_support,392.48
COST002256,2017-02-15,SP,logistics,9007.77
COST002257,2017-01-14,RJ,marketing,5457.72
COST002258,2017-12-24,PR,customer_support,4739.96
COST002259,2018-09-07,PR,logistics,9577.36
COST002260,2018-08-13,RS,technology,2919.51
COST002261,2018-01-31,PR,warehouse,4444.91
COST002262,2018-07-11,RS,customer_support,1917.95
COST002263,2018-08-07,RJ,marketing,8731.96
COST002264,2018-03-17,MG,customer_support,770.05
COST002265,2017-12-25,SC,payroll,254.08
COST002266,2018-08-28,RS,marketing,1602.62
COST002267,2017-12-28,MG,technology,6370.2
COST002268,2017-11-29,MG,marketing,1262.94
COST002269,2017-11-24,PR,logistics,9214.47
COST002270,2017-05-11,SP,technology,6816.78
COST002271,2018-07-23,MG,technology,6860.57
COST002272,2017-03-31,BA,warehouse,9728.88
COST002273,2018-01-12,SP,marketing,668.5
COST002274,2017-08-01,RS,marketing,6563.54
COST002275,2018-06-12,BA,marketing,9001.26
COST002276,2017-04-08,MG,technology,6206.26
COST002277,2017-06-06,BA,logistics,4656.05
COST002278,2017-11-26,MG,warehouse,328.02
COST002279,2017-03-13,MG,warehouse,1795.0
COST002280,2018-03-21,SP,payroll,9216.22
COST002281,2017-08-04,RS,warehouse,9788.23
COST002282,2017-01-31,SP,marketing,4973.65
COST002283,2018-01-03,RJ,payroll,8995.2
COST002284,2017-10-08,BA,payroll,4835.75
COST002285,2018-01-22,RJ,logistics,1675.84
COST002286,2018-09-18,SC,warehouse,945.94
COST002287,2017-04-16,PR,customer_support,8344.96
COST002288,2017-01-30,DF,warehouse,9385.47
COST002289,2017-04-03,MG,marketing,4156.52
COST002290,2018-04-08,RJ,logistics,1356.15
COST002291,2017-07-07,RJ,technology,8483.97
COST002292,2017-11-13,SC,technology,3496.15
COST002293,2017-12-16,SP,technology,4923.66
COST002294,2018-04-11,RS,payroll,9932.69
COST002295,2017-12-16,MG,customer_support,6812.37
COST002296,2017-12-20,MG,technology,7244.84
COST002297,2017-07-16,PR,marketing,2885.0
COST002298,2017-09-26,RS,technology,2644.27
COST002299,2018-09-09,MG,customer_support,3007.99
COST002300,2018-02-04,SP,warehouse,6020.79
COST002301,2018-01-26,MG,logistics,9380.8
COST002302,2017-09-07,RJ,logistics,6884.69
COST002303,2018-02-12,MG,warehouse,2944.76
COST002304,2017-03-11,RJ,logistics,6454.34
COST002305,2018-05-08,DF,customer_support,1475.51
COST002306,2017-11-17,RS,logistics,4326.76
COST002307,2018-08-05,BA,warehouse,8897.69
COST002308,2018-01-28,RJ,marketing,2564.39
COST002309,2018-02-09,RS,payroll,5625.31
COST002310,2018-07-29,BA,technology,862.09
COST002311,2018-07-02,SC,warehouse,966.95
COST002312,2018-04-16,DF,warehouse,782.39
COST002313,2018-05-23,DF,logistics,2177.89
COST002314,2017-06-18,BA,technology,4611.25
COST002315,2018-07-19,PR,payroll,9157.1
COST002316,2018-01-12,DF,payroll,3548.1
COST002317,2018-09-06,BA,warehouse,6352.52
COST002318,2018-01-26,RJ,customer_support,5604.06
COST002319,2017-10-03,DF,marketing,1538.72
COST002320,2018-02-16,RS,marketing,4802.34
COST002321,2018-03-11,SP,warehouse,1485.58
COST002322,2018-01-02,DF,customer_support,3160.5
COST002323,2018-08-13,RS,marketing,1097.72
COST002324,2017-01-01,PR,customer_support,2243.87
COST002325,2018-09-01,RJ,technology,3781.69
COST002326,2018-09-21,SP,marketing,6282.76
COST002327,2018-05-13,RS,technology,1464.07
COST002328,2017-07-18,RJ,customer_support,5988.16
COST002329,2018-06-20,PR,marketing,2501.39
COST002330,2017-02-25,MG,customer_support,755.75
COST002331,2018-01-07,SC,payroll,9186.54
COST002332,2017-08-23,PR,warehouse,600.71
COST002333,2018-07-15,PR,customer_support,8436.29
COST002334,2018-04-23,RJ,customer_support,7221.16
COST002335,2018-04-09,RJ,technology,2978.26
COST002336,2018-08-15,SC,payroll,7206.66
COST002337,2017-01-08,RS,warehouse,2701.71
COST002338,2018-08-12,DF,payroll,7960.04
COST002339,2017-03-06,SP,technology,1095.15
COST002340,2018-08-26,PR,marketing,418.82
COST002341,2017-05-08,BA,warehouse,1468.63
COST002342,2017-02-15,RJ,customer_support,7217.43
COST002343,2017-07-16,BA,customer_support,9679.18
COST002344,2018-07-28,RJ,payroll,6563.88
COST002345,2018-05-17,PR,marketing,8780.31
COST002346,2017-05-26,RS,logistics,364.63
COST002347,2018-09-26,RJ,technology,4164.37
COST002348,2017-07-04,DF,technology,5798.93
COST002349,2017-06-18,MG,customer_support,4112.15
COST002350,2017-03-06,MG,marketing,7173.34
COST002351,2018-08-15,DF,marketing,2293.68
COST002352,2017-09-04,SP,warehouse,2699.85
COST002353,2018-02-15,BA,customer_support,5120.67
COST002354,2018-02-17,RS,payroll,6677.46
COST002355,2017-09-24,BA,logistics,1391.4
COST002356,2017-07-28,PR,customer_support,3072.51
COST002357,2018-01-21,BA,warehouse,2881.02
COST002358,2017-08-18,PR,warehouse,4894.28
COST002359,2017-02-23,PR,logistics,9646.36
COST002360,2017-01-15,MG,customer_support,3971.2
COST002361,2017-06-15,DF,technology,8601.9
COST002362,2018-06-21,PR,warehouse,4066.69
COST002363,2018-07-03,SC,customer_support,3303.48
COST002364,2017-05-07,SP,technology,1007.04
COST002365,2017-11-12,MG,payroll,7129.75
COST002366,2017-12-23,RJ,marketing,2957.46
COST002367,2018-08-24,RS,payroll,7039.22
COST002368,2018-06-13,SC,marketing,3718.45
COST002369,2017-07-01,RJ,warehouse,255.95
COST002370,2017-06-17,RJ,marketing,1664.38
COST002371,2017-04-13,RS,logistics,7797.08
COST002372,2017-08-02,DF,logistics,2245.72
COST002373,2017-05-07,RS,payroll,2378.53
COST002374,2018-07-16,PR,logistics,3400.19
COST002375,2017-09-08,DF,payroll,1927.97
COST002376,2017-07-04,PR,technology,5431.47
COST002377,2017-03-20,SP,technology,5189.6
COST002378,2018-05-06,RS,payroll,6353.34
COST002379,2018-08-30,BA,payroll,9672.16
COST002380,2017-11-19,DF,payroll,1283.09
COST002381,2017-07-06,RS,customer_support,3906.24
COST002382,2018-04-08,BA,customer_support,5045.07
COST002383,2017-10-21,RJ,marketing,9048.79
COST002384,2017-07-11,BA,customer_support,6362.28
COST002385,2017-08-29,PR,customer_support,4276.74
COST002386,2017-06-11,SP,logistics,610.33
COST002387,2017-06-21,PR,marketing,7602.21
COST002388,2018-08-08,DF,marketing,5621.38
COST002389,2018-08-19,RS,marketing,6795.25
COST002390,2018-01-07,SP,technology,3242.25
COST002391,2017-09-29,PR,technology,2644.53
COST002392,2018-02-03,RJ,marketing,6376.1
COST002393,2018-06-23,PR,warehouse,4292.32
COST002394,2018-02-08,PR,marketing,3574.09
COST002395,2018-09-19,SP,warehouse,2197.56
COST002396,2017-01-29,SC,warehouse,4126.35
COST002397,2017-08-06,SP,logistics,9346.35
COST002398,2017-09-30,DF,payroll,1183.21
COST002399,2018-07-10,MG,marketing,1708.92
COST002400,2017-08-28,SC,marketing,6093.76
COST002401,2017-01-17,RS,marketing,2481.61
COST002402,2018-03-12,RJ,payroll,8728.52
COST002403,2018-03-16,PR,warehouse,8520.3
COST002404,2018-05-08,SP,marketing,4256.66
COST002405,2018-06-26,PR,marketing,6835.29
COST002406,2018-06-16,SC,payroll,7784.26
COST002407,2018-04-05,SC,technology,3372.36
COST002408,2018-06-06,BA,payroll,3250.98
COST002409,2017-12-04,PR,customer_support,126.94
COST002410,2017-07-11,PR,payroll,2425.92
COST002411,2017-10-21,DF,technology,6845.14
COST002412,2018-06-21,PR,logistics,4483.41
COST002413,2017-12-08,RJ,payroll,6344.09
COST002414,2018-01-03,SC,payroll,2335.65
COST002415,2018-01-09,RJ,customer_support,6132.5
COST002416,2018-05-04,SC,marketing,2521.59
COST002417,2017-06-29,RJ,warehouse,7090.37
COST002418,2018-06-15,BA,warehouse,1649.36
COST002419,2018-09-04,SC,payroll,2965.91
COST002420,2017-07-11,RJ,warehouse,2143.39
COST002421,2017-07-09,BA,marketing,350.53
COST002422,2017-03-26,SC,payroll,9129.6
COST002423,2018-05-15,MG,payroll,848.17
COST002424,2018-02-04,SP,payroll,4211.07
COST002425,2017-06-24,RS,marketing,3607.01
COST002426,2017-08-24,BA,warehouse,1905.88
COST002427,2017-09-27,RS,payroll,4498.9
COST002428,2017-08-16,SP,technology,5087.82
COST002429,2017-07-29,RS,payroll,2737.02
COST002430,2017-12-26,MG,warehouse,5309.01
COST002431,2017-03-10,SP,logistics,6457.47
COST002432,2017-05-07,RS,logistics,5251.12
COST002433,2018-02-06,BA,logistics,8990.82
COST002434,2018-09-02,PR,customer_support,1458.48
COST002435,2018-05-26,SC,technology,8406.33
COST002436,2017-08-10,MG,logistics,1541.22
COST002437,2017-12-30,RS,marketing,4357.88
COST002438,2017-07-04,DF,marketing,1614.13
COST002439,2018-07-21,SC,logistics,6084.87
COST002440,2017-10-30,MG,logistics,3521.43
COST002441,2017-10-18,SC,warehouse,4574.83
COST002442,2017-06-04,SP,marketing,1723.85
COST002443,2017-01-28,SP,warehouse,4786.26
COST002444,2017-10-27,SP,customer_support,7389.16
COST002445,2017-06-30,RS,warehouse,9351.25
COST002446,2017-09-28,RJ,logistics,2912.78
COST002447,2017-06-14,DF,warehouse,4396.16
COST002448,2017-02-21,MG,customer_support,7850.1
COST002449,2017-09-01,SC,logistics,5622.12
COST002450,2018-01-21,RS,logistics,7423.61
COST002451,2017-12-10,MG,payroll,7871.16
COST002452,2017-05-26,PR,marketing,7363.1
COST002453,2018-05-09,BA,technology,9524.89
COST002454,2017-04-02,SP,customer_support,7342.94
COST002455,2017-03-03,DF,marketing,1279.89
COST002456,2017-06-14,SP,technology,8031.5
COST002457,2018-04-01,DF,payroll,982.32
COST002458,2017-10-10,SC,payroll,4030.6
COST002459,2017-06-14,RJ,marketing,3576.02
COST002460,2017-12-18,SP,payroll,1651.31
COST002461,2017-03-12,PR,payroll,1163.56
COST002462,2017-07-01,DF,logistics,2964.74
COST002463,2017-07-26,DF,payroll,6895.37
COST002464,2017-08-27,MG,warehouse,2138.07
COST002465,2017-10-02,RS,payroll,9704.24
COST002466,2017-12-09,SP,customer_support,150.5
COST002467,2018-03-28,RS,customer_support,5733.24
COST002468,2017-12-22,BA,customer_support,5632.36
COST002469,2017-12-28,RJ,customer_support,2815.56
COST002470,2018-04-04,SP,technology,5995.33
COST002471,2018-01-23,DF,marketing,5655.07
COST002472,2017-06-19,RJ,technology,6909.93
COST002473,2018-06-08,DF,logistics,8744.69
COST002474,2018-08-21,MG,payroll,1094.85
COST002475,2017-10-23,MG,warehouse,8369.27
COST002476,2017-04-28,PR,customer_support,302.67
COST002477,2017-06-29,SP,logistics,710.11
COST002478,2018-02-02,RS,customer_support,9084.8
COST002479,2018-08-30,SP,marketing,7085.8
COST002480,2017-11-15,MG,payroll,6462.78
COST002481,2017-12-14,DF,customer_support,5226.5
COST002482,2017-08-19,RJ,customer_support,7822.65
COST002483,2018-09-04,PR,marketing,7316.03
COST002484,2017-01-26,RS,logistics,3504.86
COST002485,2018-06-27,RJ,warehouse,5003.62
COST002486,2018-05-26,RS,marketing,4875.14
COST002487,2018-04-29,PR,payroll,4394.49
COST002488,2017-01-24,SC,technology,6849.82
COST002489,2017-11-21,BA,technology,8129.95
COST002490,2018-01-14,PR,marketing,9557.38
COST002491,2018-06-23,BA,warehouse,4188.83
COST002492,2017-09-15,RS,customer_support,7015.36
COST002493,2018-05-14,MG,logistics,5674.35
COST002494,2018-05-30,RJ,payroll,1891.29
COST002495,2018-07-06,RJ,marketing,3124.67
COST002496,2017-04-25,BA,payroll,8506.73
COST002497,2017-06-06,SP,warehouse,8096.99
COST002498,2017-08-03,RJ,technology,8529.94
COST002499,2018-05-13,BA,logistics,521.11
COST002500,2018-01-19,MG,technology,9900.93
COST002501,2017-05-16,MG,logistics,5616.4
COST002502,2018-07-08,RS,technology,5110.09
COST002503,2018-02-02,SP,marketing,7370.65
COST002504,2018-01-29,DF,warehouse,1403.62
COST002505,2018-06-27,RJ,technology,2362.81
COST002506,2017-02-12,RJ,warehouse,9426.28
COST002507,2017-11-26,BA,technology,2147.42
COST002508,2017-03-10,PR,payroll,3432.18
COST002509,2017-04-01,RS,technology,2537.24
COST002510,2017-09-19,BA,logistics,4885.53
COST002511,2018-03-08,SC,payroll,8059.18
COST002512,2018-01-19,SP,marketing,8391.94
COST002513,2017-08-16,DF,marketing,3317.27
COST002514,2017-10-14,MG,marketing,834.81
COST002515,2017-09-19,RJ,warehouse,1214.15
COST002516,2017-06-07,RJ,customer_support,8184.43
COST002517,2017-03-30,SC,customer_support,4344.64
COST002518,2018-02-23,PR,marketing,8230.3
COST002519,2017-10-10,PR,technology,240.0
COST002520,2017-06-15,RJ,payroll,445.78
COST002521,2017-08-31,RJ,logistics,3223.29
COST002522,2017-06-26,PR,customer_support,2121.22
COST002523,2018-03-25,MG,marketing,6487.45
COST002524,2017-03-23,BA,logistics,5894.64
COST002525,2017-08-27,BA,warehouse,8953.6
COST002526,2017-02-13,RJ,customer_support,7905.77
COST002527,2017-05-13,RS,customer_support,1097.97
COST002528,2018-09-13,RJ,warehouse,8882.29
COST002529,2018-05-24,DF,customer_support,1288.2
COST002530,2017-04-24,RS,logistics,2047.59
COST002531,2018-05-21,PR,technology,5102.57
COST002532,2018-07-10,SC,logistics,1204.67
COST002533,2017-10-22,DF,payroll,2345.47
COST002534,2018-03-20,BA,marketing,4532.34
COST002535,2018-06-21,SC,technology,2559.41
COST002536,2018-08-01,MG,logistics,9471.4
COST002537,2017-08-19,SP,payroll,1703.84
COST002538,2018-06-27,SP,logistics,5774.56
COST002539,2018-09-02,DF,marketing,5028.62
COST002540,2017-01-08,SP,warehouse,4579.83
COST002541,2017-12-19,PR,logistics,2414.58
COST002542,2018-02-06,PR,payroll,1988.42
COST002543,2017-11-24,RJ,customer_support,3106.95
COST002544,2017-03-07,MG,customer_support,5966.16
COST002545,2018-02-23,BA,logistics,5850.68
COST002546,2018-05-24,MG,customer_support,7748.15
COST002547,2017-12-28,RJ,marketing,3104.16
COST002548,2017-11-25,MG,payroll,7125.1
COST002549,2018-02-18,DF,warehouse,8833.39
COST002550,2018-01-01,MG,marketing,8593.16
COST002551,2018-02-05,RJ,logistics,4710.86
COST002552,2017-03-14,BA,customer_support,6647.15
COST002553,2017-01-15,SC,technology,8332.75
COST002554,2017-10-11,DF,logistics,1636.53
COST002555,2017-06-29,BA,warehouse,9577.53
COST002556,2018-04-18,PR,customer_support,6061.65
COST002557,2018-01-16,SP,logistics,2896.16
COST002558,2017-03-08,SC,customer_support,5288.45
COST002559,2017-01-12,SC,technology,7392.72
COST002560,2017-07-01,RJ,warehouse,8229.71
COST002561,2018-02-16,RJ,warehouse,3150.87
COST002562,2017-03-04,SP,logistics,3488.16
COST002563,2018-09-13,SP,marketing,8196.74
COST002564,2017-12-30,RS,warehouse,8410.24
COST002565,2018-06-02,RS,payroll,6904.68
COST002566,2018-04-12,RS,warehouse,6866.2
COST002567,2018-03-01,PR,customer_support,2588.18
COST002568,2017-05-18,DF,payroll,9565.55
COST002569,2018-05-22,RJ,marketing,8517.14
COST002570,2018-02-02,RS,technology,8730.23
COST002571,2017-01-03,PR,customer_support,2036.07
COST002572,2017-08-01,SP,payroll,9839.7
COST002573,2018-09-05,RS,payroll,4510.92
COST002574,2018-01-17,RJ,technology,6850.53
COST002575,2017-05-21,SC,warehouse,8996.99
COST002576,2017-04-01,MG,payroll,1098.52
COST002577,2017-08-02,PR,payroll,3250.96
COST002578,2018-06-04,SC,technology,3745.25
COST002579,2018-04-26,DF,warehouse,7762.57
COST002580,2017-04-18,PR,logistics,3026.08
COST002581,2017-12-01,SP,customer_support,3968.55
COST002582,2017-03-08,SP,payroll,3857.49
COST002583,2017-04-29,SP,marketing,9128.55
COST002584,2017-11-28,SC,technology,133.68
COST002585,2018-02-26,RS,payroll,1489.78
COST002586,2017-11-30,DF,warehouse,9290.43
COST002587,2018-01-22,BA,marketing,6136.04
COST002588,2017-04-01,SP,logistics,997.97
COST002589,2018-03-11,MG,marketing,4794.23
COST002590,2018-02-27,PR,customer_support,9375.19
COST002591,2017-11-27,DF,customer_support,7583.17
COST002592,2018-01-12,DF,payroll,2634.04
COST002593,2017-09-18,DF,marketing,4401.88
COST002594,2018-02-19,BA,logistics,4958.16
COST002595,2017-06-11,DF,warehouse,7671.24
COST002596,2017-01-16,SC,logistics,7804.49
COST002597,2018-05-01,PR,customer_support,3007.98
COST002598,2018-01-18,DF,customer_support,7288.38
COST002599,2017-09-11,SP,logistics,9739.96
COST002600,2017-05-07,DF,technology,818.47
COST002601,2017-07-14,BA,technology,8171.27
COST002602,2017-04-13,RJ,customer_support,5975.18
COST002603,2017-03-31,PR,logistics,3868.64
COST002604,2017-10-23,BA,marketing,7918.25
COST002605,2017-08-23,RS,marketing,3326.16
COST002606,2018-05-31,RJ,logistics,3417.59
COST002607,2018-09-05,RJ,marketing,5054.52
COST002608,2017-04-18,MG,warehouse,4631.27
COST002609,2018-05-13,SC,marketing,1416.94
COST002610,2017-03-05,SP,marketing,349.9
COST002611,2017-11-06,RS,logistics,6363.0
COST002612,2017-09-17,RJ,marketing,3415.78
COST002613,2017-05-02,DF,marketing,5281.16
COST002614,2018-03-28,RJ,technology,2134.29
COST002615,2018-04-27,SP,technology,5720.5
COST002616,2017-12-15,RS,marketing,3377.44
COST002617,2017-09-10,SP,marketing,6146.45
COST002618,2017-12-24,SC,customer_support,6800.99
COST002619,2017-12-19,BA,logistics,129.95
COST002620,2018-06-24,DF,warehouse,4368.72
COST002621,2018-06-15,RS,technology,7287.06
COST002622,2017-11-28,SP,payroll,7423.82
COST002623,2018-06-30,SP,marketing,3869.76
COST002624,2018-09-08,BA,payroll,8227.5
COST002625,2017-10-12,SP,logistics,6537.84
COST002626,2017-01-08,MG,payroll,9893.01
COST002627,2017-06-24,SP,warehouse,5173.97
COST002628,2017-10-12,SC,warehouse,3817.35
COST002629,2017-09-24,SC,customer_support,9201.29
COST002630,2018-01-05,BA,logistics,4094.31
COST002631,2018-08-02,SC,technology,6439.61
COST002632,2017-01-05,BA,marketing,8275.21
COST002633,2017-08-09,RJ,payroll,4660.18
COST002634,2017-06-08,MG,logistics,4474.06
COST002635,2018-04-04,DF,warehouse,2956.57
COST002636,2018-01-15,BA,customer_support,9625.13
COST002637,2018-08-21,SC,warehouse,9445.44
COST002638,2018-06-11,SP,logistics,4711.89
COST002639,2017-11-27,RS,logistics,3339.53
COST002640,2017-11-27,PR,logistics,1365.01
COST002641,2017-05-04,DF,payroll,4829.76
COST002642,2017-10-14,DF,warehouse,8950.72
COST002643,2017-11-21,MG,logistics,8704.91
COST002644,2018-04-21,BA,marketing,1250.55
COST002645,2018-08-25,DF,logistics,4910.29
COST002646,2017-04-15,SC,logistics,8174.51
COST002647,2017-03-11,RS,payroll,8366.6
COST002648,2017-07-18,SC,customer_support,9349.8
COST002649,2017-06-05,DF,technology,2111.09
COST002650,2018-07-04,SC,warehouse,4206.86
COST002651,2018-06-04,MG,customer_support,9548.78
COST002652,2017-02-27,DF,logistics,2782.33
COST002653,2017-12-23,RS,payroll,3414.79
COST002654,2017-09-30,SC,technology,2334.02
COST002655,2017-12-18,RJ,technology,5433.15
COST002656,2017-07-09,RS,technology,5344.41
COST002657,2018-01-13,RJ,logistics,8189.82
COST002658,2018-09-02,BA,customer_support,4186.91
COST002659,2018-02-18,BA,logistics,2577.22
COST002660,2018-05-24,DF,payroll,8324.39
COST002661,2018-03-21,RS,warehouse,6530.16
COST002662,2017-11-29,SC,payroll,1646.94
COST002663,2017-10-29,MG,technology,5744.76
COST002664,2017-07-25,PR,customer_support,4652.7
COST002665,2018-03-14,MG,marketing,8473.17
COST002666,2018-05-04,SC,warehouse,6056.34
COST002667,2017-06-16,RJ,payroll,7932.37
COST002668,2018-09-07,RS,warehouse,4688.97
COST002669,2018-08-03,BA,marketing,9806.01
COST002670,2018-06-30,DF,technology,8017.93
COST002671,2017-12-19,SC,payroll,6026.15
COST002672,2017-07-27,RS,warehouse,8146.93
COST002673,2017-12-22,DF,warehouse,3271.38
COST002674,2017-05-07,DF,logistics,9776.7
COST002675,2017-07-05,RS,technology,4208.38
COST002676,2018-07-29,PR,customer_support,3766.83
COST002677,2018-07-23,SC,payroll,7896.91
COST002678,2017-05-20,MG,technology,6342.79
COST002679,2017-03-18,DF,customer_support,7706.17
COST002680,2018-06-30,BA,logistics,7817.55
COST002681,2018-03-30,MG,customer_support,6401.94
COST002682,2018-07-01,BA,marketing,8460.69
COST002683,2017-06-14,SC,customer_support,7291.6
COST002684,2017-09-17,RS,technology,5816.95
COST002685,2018-08-10,BA,logistics,7635.4
COST002686,2018-01-27,RS,marketing,5028.51
COST002687,2018-06-29,RS,technology,4904.05
COST002688,2018-07-02,MG,marketing,3462.56
COST002689,2018-07-27,PR,customer_support,8486.87
COST002690,2018-08-08,SC,payroll,3063.27
COST002691,2017-07-01,RS,warehouse,2588.54
COST002692,2018-01-30,RS,customer_support,2273.82
COST002693,2018-05-10,PR,marketing,6638.92
COST002694,2018-07-08,SC,warehouse,2074.9
COST002695,2017-08-01,BA,payroll,8688.85
COST002696,2018-08-23,SC,customer_support,7010.89
COST002697,2017-03-25,BA,customer_support,7919.25
COST002698,2018-01-16,BA,marketing,1494.17
COST002699,2018-01-11,PR,warehouse,248.26
COST002700,2017-03-31,RS,marketing,904.57
COST002701,2018-09-16,SC,logistics,6803.51
COST002702,2018-05-08,RJ,marketing,1122.79
COST002703,2018-02-19,BA,marketing,4774.67
COST002704,2017-07-26,PR,customer_support,8049.8
COST002705,2017-08-12,PR,technology,3640.81
COST002706,2018-02-07,MG,technology,565.72
COST002707,2017-11-17,SP,payroll,8845.71
COST002708,2018-01-23,RS,payroll,7111.77
COST002709,2018-07-13,SP,payroll,448.54
COST002710,2017-03-14,SP,warehouse,3312.48
COST002711,2018-02-14,RS,payroll,3786.01
COST002712,2017-05-12,MG,payroll,8699.89
COST002713,2017-06-14,PR,technology,949.94
COST002714,2017-09-14,MG,marketing,7722.54
COST002715,2017-09-11,MG,customer_support,9744.06
COST002716,2017-11-21,BA,payroll,3917.35
COST002717,2018-09-22,RS,payroll,335.24
COST002718,2018-03-27,RJ,marketing,2477.47
COST002719,2017-08-07,BA,technology,1354.49
COST002720,2018-09-21,SC,customer_support,7911.31
COST002721,2017-08-13,SC,technology,3578.77
COST002722,2017-04-28,SC,marketing,8993.43
COST002723,2017-08-24,BA,technology,9147.8
COST002724,2017-08-05,DF,customer_support,3750.54
COST002725,2017-02-28,PR,technology,6086.78
COST002726,2017-02-04,SC,logistics,9447.29
COST002727,2017-07-26,SC,warehouse,954.06
COST002728,2018-02-26,PR,marketing,7752.08
COST002729,2017-10-29,DF,warehouse,585.17
COST002730,2017-01-03,RS,marketing,4492.15
COST002731,2017-10-29,SC,logistics,5173.33
COST002732,2018-06-02,RJ,customer_support,5538.95
COST002733,2017-08-17,RJ,marketing,8505.43
COST002734,2017-05-06,DF,marketing,2144.4
COST002735,2017-10-06,BA,marketing,4466.32
COST002736,2018-01-24,SC,logistics,2816.01
COST002737,2018-02-26,SP,customer_support,5944.56
COST002738,2017-01-29,SP,technology,5625.66
COST002739,2018-03-20,SC,payroll,7896.67
COST002740,2017-10-02,MG,customer_support,1857.2
COST002741,2017-01-19,SC,warehouse,8179.25
COST002742,2018-02-17,PR,warehouse,3550.3
COST002743,2017-10-31,PR,warehouse,5730.26
COST002744,2017-09-13,PR,payroll,2361.15
COST002745,2017-08-08,MG,technology,4827.26
COST002746,2017-08-19,SC,logistics,1748.73
COST002747,2018-02-21,DF,marketing,6884.02
COST002748,2018-01-24,SC,marketing,549.63
COST002749,2018-06-24,BA,technology,6050.75
COST002750,2017-11-02,RJ,logistics,7535.85
COST002751,2017-01-26,RJ,customer_support,8828.93
COST002752,2018-01-14,DF,marketing,8194.83
COST002753,2018-09-05,DF,customer_support,8955.59
COST002754,2018-01-17,DF,logistics,6183.18
COST002755,2017-06-12,PR,technology,613.38
COST002756,2018-01-02,SC,technology,9708.68
COST002757,2018-02-07,RJ,technology,7802.77
COST002758,2017-10-07,PR,marketing,5972.02
COST002759,2017-04-12,DF,logistics,4648.84
COST002760,2018-05-13,RJ,warehouse,1065.59
COST002761,2017-06-05,SC,warehouse,203.63
COST002762,2017-11-02,SC,marketing,4408.3
COST002763,2018-09-27,BA,payroll,9736.69
COST002764,2018-06-26,DF,payroll,5304.82
COST002765,2017-10-29,RS,technology,3983.63
COST002766,2017-03-19,BA,logistics,4606.99
COST002767,2017-03-27,BA,warehouse,3054.53
COST002768,2018-09-05,SP,technology,9769.73
COST002769,2018-03-08,RS,customer_support,1419.0
COST002770,2017-04-04,SP,customer_support,6982.18
COST002771,2018-01-29,DF,marketing,4569.56
COST002772,2017-09-24,RJ,payroll,1610.34
COST002773,2017-12-02,BA,marketing,5918.89
COST002774,2018-06-07,RS,logistics,5987.92
COST002775,2018-02-10,PR,logistics,1879.54
COST002776,2018-07-16,DF,logistics,4663.67
COST002777,2017-08-29,RS,payroll,8996.59
COST002778,2018-07-09,DF,payroll,1229.39
COST002779,2017-05-25,RJ,technology,9757.73
COST002780,2018-01-07,RJ,marketing,181.43
COST002781,2018-05-17,SP,warehouse,6265.87
COST002782,2017-05-22,RS,warehouse,5659.61
COST002783,2017-02-24,RJ,warehouse,212.9
COST002784,2018-02-01,RS,payroll,6241.65
COST002785,2017-04-28,MG,technology,7988.38
COST002786,2018-04-18,RJ,logistics,678.73
COST002787,2017-09-07,DF,logistics,5067.35
COST002788,2017-03-09,SP,technology,7327.76
COST002789,2017-12-23,BA,payroll,7950.76
COST002790,2017-02-12,BA,warehouse,8245.75
COST002791,2017-05-16,BA,marketing,907.64
COST002792,2017-11-19,SP,customer_support,6668.71
COST002793,2017-07-05,PR,customer_support,7234.39
COST002794,2017-09-22,RJ,customer_support,2820.06
COST002795,2017-01-13,DF,payroll,9754.44
COST002796,2017-10-26,SC,warehouse,7211.32
COST002797,2017-04-01,DF,logistics,9178.99
COST002798,2017-08-16,SC,technology,6971.31
COST002799,2018-02-04,SC,technology,1387.69
COST002800,2017-03-20,PR,warehouse,2665.2
COST002801,2018-08-27,SC,payroll,4290.72
COST002802,2017-05-08,SP,warehouse,4343.79
COST002803,2018-06-17,RJ,payroll,6491.51
COST002804,2017-10-11,MG,logistics,5834.37
COST002805,2017-08-05,RS,technology,949.14
COST002806,2017-02-14,SC,customer_support,8421.45
COST002807,2017-05-11,RJ,payroll,8548.17
COST002808,2018-09-06,PR,logistics,8527.16
COST002809,2018-09-21,RJ,marketing,2276.58
COST002810,2017-01-22,SP,warehouse,3257.02
COST002811,2017-12-04,SP,payroll,7385.44
COST002812,2017-10-25,SC,warehouse,4115.01
COST002813,2018-03-08,SP,warehouse,4529.87
COST002814,2017-05-18,RS,technology,6008.78
COST002815,2018-05-08,RJ,customer_support,428.74
COST002816,2017-04-20,SP,warehouse,403.43
COST002817,2017-10-09,DF,marketing,694.1
COST002818,2018-07-05,SP,technology,2305.48
COST002819,2017-11-02,MG,warehouse,9815.85
COST002820,2017-03-30,BA,marketing,1072.21
COST002821,2017-02-14,SP,payroll,8851.0
COST002822,2017-09-02,PR,logistics,1287.42
COST002823,2017-12-14,SP,marketing,7394.34
COST002824,2017-10-22,PR,payroll,6402.69
COST002825,2017-10-22,SC,payroll,7308.06
COST002826,2018-07-08,RS,payroll,957.98
COST002827,2017-11-26,SC,logistics,7543.03
COST002828,2017-11-21,RS,warehouse,3334.63
COST002829,2017-03-05,RJ,warehouse,2592.96
COST002830,2017-02-01,MG,warehouse,6283.13
COST002831,2018-01-31,RJ,customer_support,1097.03
COST002832,2018-02-17,DF,marketing,2488.94
COST002833,2018-02-18,SP,logistics,5572.6
COST002834,2018-08-09,DF,technology,7819.16
COST002835,2017-09-10,DF,logistics,8702.23
COST002836,2018-03-18,BA,customer_support,4321.97
COST002837,2017-08-14,RS,technology,9762.62
COST002838,2017-05-19,PR,payroll,7759.23
COST002839,2017-10-04,RJ,warehouse,4084.54
COST002840,2018-02-24,DF,technology,3975.85
COST002841,2017-01-24,BA,warehouse,4454.25
COST002842,2017-05-09,DF,logistics,7497.24
COST002843,2018-05-11,RS,warehouse,3266.07
COST002844,2017-08-03,PR,customer_support,1112.27
COST002845,2017-06-26,PR,warehouse,5672.08
COST002846,2018-03-13,SP,customer_support,6206.9
COST002847,2018-05-05,RJ,marketing,9409.25
COST002848,2017-12-11,DF,technology,1432.54
COST002849,2018-08-20,SC,marketing,5380.84
COST002850,2018-01-04,PR,logistics,2241.59
COST002851,2017-06-14,RS,customer_support,7586.82
COST002852,2017-07-20,RJ,customer_support,3602.77
COST002853,2018-08-11,SP,payroll,6415.66
COST002854,2017-04-09,SP,payroll,1806.8
COST002855,2017-08-18,RS,warehouse,5852.85
COST002856,2017-12-27,SC,payroll,251.17
COST002857,2017-04-30,PR,marketing,8423.38
COST002858,2017-05-09,SP,customer_support,5945.16
COST002859,2018-02-23,SP,customer_support,2283.05
COST002860,2017-09-24,PR,warehouse,3412.07
COST002861,2017-02-15,PR,warehouse,1584.76
COST002862,2017-10-19,PR,technology,6762.81
COST002863,2018-03-10,DF,warehouse,3809.28
COST002864,2017-04-01,MG,payroll,9547.79
COST002865,2018-05-02,MG,technology,8957.44
COST002866,2018-04-09,PR,customer_support,8160.08
COST002867,2017-05-01,PR,marketing,2722.54
COST002868,2018-08-04,RS,payroll,2985.02
COST002869,2018-05-04,DF,payroll,4147.65
COST002870,2018-06-20,SP,customer_support,9190.96
COST002871,2018-05-14,RJ,payroll,4789.42
COST002872,2018-07-17,SC,marketing,1048.49
COST002873,2018-05-24,MG,technology,2409.86
COST002874,2017-07-26,DF,technology,571.33
COST002875,2017-06-17,BA,payroll,669.16
COST002876,2017-04-13,BA,warehouse,9236.55
COST002877,2018-07-03,SC,warehouse,6208.17
COST002878,2017-10-09,MG,customer_support,1102.99
COST002879,2017-06-01,PR,payroll,5878.57
COST002880,2018-02-24,BA,warehouse,9716.45
COST002881,2018-08-11,BA,marketing,250.37
COST002882,2018-05-12,PR,technology,7475.93
COST002883,2017-10-22,PR,marketing,1845.97
COST002884,2018-09-23,BA,payroll,3833.25
COST002885,2017-02-25,RJ,warehouse,1229.55
COST002886,2018-04-22,MG,payroll,163.94
COST002887,2017-10-20,SC,marketing,1094.27
COST002888,2017-08-15,RJ,technology,5770.55
COST002889,2018-02-03,SP,logistics,9020.83
COST002890,2017-03-09,RJ,payroll,313.23
COST002891,2018-09-06,RS,payroll,722.21
COST002892,2017-04-19,MG,payroll,1712.53
COST002893,2017-10-25,RJ,payroll,9733.53
COST002894,2018-05-15,SC,technology,1785.19
COST002895,2018-01-15,MG,technology,4747.4
COST002896,2017-06-17,PR,marketing,514.44
COST002897,2018-05-29,DF,logistics,8521.76
COST002898,2018-02-27,RJ,payroll,9480.66
COST002899,2018-01-02,DF,marketing,7586.64
COST002900,2017-03-29,MG,technology,5676.36
COST002901,2018-04-15,RJ,warehouse,2563.74
COST002902,2017-03-28,RJ,customer_support,1870.95
COST002903,2018-06-03,RJ,technology,5204.45
COST002904,2018-03-13,RS,technology,2976.69
COST002905,2017-04-28,RS,warehouse,6737.42
COST002906,2018-01-01,RJ,warehouse,2724.43
COST002907,2017-02-17,BA,marketing,1785.19
COST002908,2017-05-16,RJ,logistics,5857.33
COST002909,2018-06-13,MG,logistics,7632.31
COST002910,2017-11-11,PR,technology,830.26
COST002911,2017-08-20,SP,warehouse,6229.3
COST002912,2018-02-23,PR,technology,8173.45
COST002913,2017-10-05,MG,logistics,162.74
COST002914,2017-05-09,RS,logistics,2316.92
COST002915,2018-02-21,MG,payroll,3055.91
COST002916,2018-06-04,MG,logistics,239.05
COST002917,2017-12-09,SP,customer_support,6812.08
COST002918,2017-02-15,SC,payroll,4251.91
COST002919,2017-03-06,BA,technology,6509.04
COST002920,2017-10-04,PR,marketing,4108.81
COST002921,2017-04-15,BA,logistics,1821.96
COST002922,2017-04-03,RS,payroll,5206.07
COST002923,2017-12-10,MG,marketing,7260.18
COST002924,2018-06-04,SP,marketing,1631.53
COST002925,2017-05-04,MG,technology,3602.12
COST002926,2017-06-18,BA,warehouse,7371.1
COST002927,2018-03-14,MG,marketing,6598.27
COST002928,2018-06-03,PR,technology,9995.48
COST002929,2018-03-18,PR,warehouse,1817.46
COST002930,2017-12-02,BA,customer_support,3506.44
COST002931,2017-12-20,SP,marketing,2061.1
COST002932,2017-01-04,MG,technology,2517.14
COST002933,2018-01-23,MG,technology,2037.53
COST002934,2017-01-24,MG,payroll,9892.04
COST002935,2018-01-03,BA,technology,6498.88
COST002936,2018-02-08,RJ,marketing,937.96
COST002937,2018-05-24,RJ,marketing,5253.58
COST002938,2017-11-11,DF,logistics,919.92
COST002939,2017-10-04,MG,marketing,3966.24
COST002940,2017-11-06,BA,warehouse,6437.4
COST002941,2017-09-23,PR,logistics,569.8
COST002942,2017-01-17,BA,technology,559.12
COST002943,2017-03-16,SP,logistics,2580.92
COST002944,2018-03-19,DF,warehouse,6624.81
COST002945,2017-10-30,SC,logistics,9253.25
COST002946,2018-07-03,SC,warehouse,2790.84
COST002947,2017-07-08,PR,technology,9569.12
COST002948,2018-05-02,BA,logistics,5528.28
COST002949,2018-09-08,SP,marketing,5077.5
COST002950,2017-04-08,RS,marketing,1121.71
COST002951,2018-04-22,SC,warehouse,9559.08
COST002952,2018-03-21,MG,warehouse,7935.54
COST002953,2018-06-11,BA,warehouse,132.1
COST002954,2017-12-21,MG,customer_support,7949.99
COST002955,2018-03-11,RJ,technology,5578.08
COST002956,2017-02-28,BA,customer_support,1087.46
COST002957,2017-09-11,DF,warehouse,7042.53
COST002958,2017-02-12,RS,marketing,6694.13
COST002959,2018-02-05,SC,marketing,6851.85
COST002960,2017-08-02,SC,warehouse,8768.73
COST002961,2017-12-03,RJ,payroll,7624.86
COST002962,2017-08-15,PR,customer_support,9118.74
COST002963,2017-07-16,SC,warehouse,3882.94
COST002964,2017-03-15,RJ,payroll,5665.55
COST002965,2017-11-16,SP,logistics,9859.45
COST002966,2018-03-23,MG,logistics,5942.4
COST002967,2017-08-05,PR,marketing,4281.76
COST002968,2017-10-07,RS,logistics,4725.04
COST002969,2017-12-29,DF,logistics,7413.49
COST002970,2018-03-14,MG,logistics,3715.11
COST002971,2017-01-29,PR,technology,576.28
COST002972,2017-01-11,BA,technology,9154.74
COST002973,2017-06-26,RS,customer_support,4870.82
COST002974,2018-06-27,SP,warehouse,5235.87
COST002975,2017-08-25,SP,payroll,3683.34
COST002976,2018-09-10,RS,marketing,9209.13
COST002977,2018-01-30,SC,customer_support,1927.46
COST002978,2018-02-16,MG,customer_support,3968.14
COST002979,2017-02-08,DF,technology,3855.18
COST002980,2018-08-28,DF,technology,5078.6
COST002981,2018-04-19,SP,customer_support,9694.28
COST002982,2017-03-19,PR,marketing,2082.14
COST002983,2017-08-25,MG,customer_support,6386.63
COST002984,2017-12-31,RS,technology,5622.94
COST002985,2018-07-28,DF,marketing,2697.44
COST002986,2018-02-01,SP,warehouse,4192.3
COST002987,2018-01-15,DF,warehouse,4280.56
COST002988,2017-04-25,SP,customer_support,2393.14
COST002989,2018-01-06,RJ,logistics,4896.41
COST002990,2018-07-04,RJ,marketing,1939.03
COST002991,2018-05-28,MG,marketing,2144.09
COST002992,2018-02-01,MG,warehouse,8505.23
COST002993,2018-04-19,RS,technology,9344.79
COST002994,2018-08-27,RS,marketing,3957.47
COST002995,2017-02-16,RS,customer_support,203.45
COST002996,2017-04-08,DF,marketing,8913.7
COST002997,2017-03-30,RJ,technology,7933.31
COST002998,2018-04-21,SP,warehouse,4218.17
COST002999,2017-10-27,SP,marketing,6232.5
COST003000,2017-10-15,RS,marketing,9149.44
