order_id,payment_sequential,payment_type,payment_installments,payment_value
ORD0000001,1,debit_card,1,98.34
ORD0000002,1,credit_card,3,315.55
ORD0000003,1,voucher,1,766.28
ORD0000004,1,credit_card,1,455.67
ORD0000005,1,voucher,4,213.5
ORD0000006,1,boleto,11,104.64000000000001
ORD0000007,1,voucher,4,633.54
ORD0000008,1,debit_card,6,49.26
ORD0000009,1,credit_card,7,135.02
ORD0000010,1,voucher,2,279.71000000000004
ORD0000011,1,credit_card,11,155.8
ORD0000012,1,voucher,4,1075.84
ORD0000013,1,debit_card,4,199.24
ORD0000014,1,boleto,4,134.39999999999998
ORD0000015,1,credit_card,6,82.24
ORD0000016,1,debit_card,6,427.28000000000003
ORD0000017,1,credit_card,4,283.68
ORD0000018,1,credit_card,1,435.24
ORD0000019,1,debit_card,1,53.54
ORD0000020,1,debit_card,3,236.04
ORD0000021,1,boleto,1,117.13
ORD0000022,1,credit_card,10,152.86
ORD0000023,1,debit_card,6,340.58000000000004
ORD0000024,1,voucher,2,330.5
ORD0000025,1,voucher,11,38.65
ORD0000026,1,voucher,4,31.17
ORD0000027,1,voucher,3,745.5600000000001
ORD0000028,1,credit_card,6,402.05
ORD0000029,1,credit_card,3,384.69
ORD0000030,1,debit_card,6,127.77000000000001
ORD0000031,1,debit_card,11,415.5
ORD0000032,1,debit_card,6,155.49
ORD0000033,1,debit_card,1,71.97
ORD0000034,1,debit_card,6,629.61
ORD0000035,1,credit_card,5,158.23000000000002
ORD0000036,1,boleto,11,316.71
ORD0000037,1,credit_card,4,57.37
ORD0000038,1,boleto,3,118.02
ORD0000039,1,credit_card,8,156.96
ORD0000040,1,boleto,12,843.21
ORD0000041,1,voucher,4,333.5
ORD0000042,1,debit_card,1,219.02
ORD0000043,1,debit_card,7,263.03999999999996
ORD0000044,1,debit_card,12,261.38
ORD0000045,1,boleto,8,157.46
ORD0000046,1,credit_card,8,332.57
ORD0000047,1,credit_card,10,255.8
ORD0000048,1,boleto,5,481.94
ORD0000049,1,credit_card,10,260.40999999999997
ORD0000050,1,debit_card,12,706.5799999999999
ORD0000051,1,voucher,4,22.19
ORD0000052,1,voucher,3,63.79
ORD0000053,1,boleto,12,204.47
ORD0000054,1,debit_card,12,247.88
ORD0000055,1,boleto,4,305.1
ORD0000056,1,boleto,5,314.34000000000003
ORD0000057,1,debit_card,6,203.92000000000002
ORD0000058,1,boleto,3,169.72
ORD0000059,1,debit_card,8,373.29
ORD0000060,1,boleto,11,416.06
ORD0000061,1,voucher,1,90.22
ORD0000062,1,boleto,11,87.9
ORD0000063,1,debit_card,5,471.70000000000005
ORD0000064,1,credit_card,11,64.05
ORD0000065,1,voucher,11,373.63
ORD0000066,1,debit_card,9,753.99
ORD0000067,1,credit_card,4,477.40000000000003
ORD0000068,1,boleto,12,302.76
ORD0000069,1,debit_card,12,506.2
ORD0000070,1,boleto,2,28.09
ORD0000071,1,debit_card,9,1658.9499999999998
ORD0000072,1,boleto,8,557.94
ORD0000073,1,boleto,7,951.2
ORD0000074,1,debit_card,6,132.47
ORD0000075,1,credit_card,8,798.1899999999999
ORD0000076,1,debit_card,10,15.08
ORD0000077,1,voucher,11,607.95
ORD0000078,1,debit_card,10,469.65
ORD0000079,1,credit_card,10,377.16
ORD0000080,1,boleto,11,78.47
ORD0000081,1,debit_card,3,31.72
ORD0000082,1,voucher,12,313.1
ORD0000083,1,credit_card,8,209.03
ORD0000084,1,voucher,10,364.0
ORD0000085,1,credit_card,2,74.0
ORD0000086,1,credit_card,8,168.17000000000002
ORD0000087,1,debit_card,5,383.98
ORD0000088,1,boleto,3,19.82
ORD0000089,1,boleto,3,114.82
ORD0000090,1,boleto,12,44.28
ORD0000091,1,credit_card,12,82.8
ORD0000092,1,boleto,5,664.5699999999999
ORD0000093,1,credit_card,11,84.78
ORD0000094,1,credit_card,6,682.4
ORD0000095,1,voucher,3,118.56
ORD0000096,1,credit_card,5,34.1
ORD0000097,1,voucher,2,168.41
ORD0000098,1,voucher,1,379.34
ORD0000099,1,boleto,7,366.53
ORD0000100,1,credit_card,11,13.61
ORD0000101,1,credit_card,5,533.13
ORD0000102,1,voucher,4,571.8
ORD0000103,1,boleto,9,53.19
ORD0000104,1,debit_card,10,325.78
ORD0000105,1,credit_card,4,585.5
ORD0000106,1,credit_card,9,55.95
ORD0000107,1,credit_card,3,237.68
ORD0000108,1,credit_card,8,1145.29
ORD0000109,1,voucher,2,66.24
ORD0000110,1,debit_card,10,507.24
ORD0000111,1,credit_card,9,171.86
ORD0000112,1,voucher,7,950.04
ORD0000113,1,voucher,5,59.94
ORD0000114,1,debit_card,11,775.89
ORD0000115,1,boleto,6,509.0
ORD0000116,1,credit_card,11,207.18
ORD0000117,1,boleto,8,211.87
ORD0000118,1,debit_card,5,480.8
ORD0000119,1,credit_card,12,217.91
ORD0000120,1,debit_card,1,1389.92
ORD0000121,1,voucher,3,88.92
ORD0000122,1,boleto,3,465.36
ORD0000123,1,debit_card,2,249.68
ORD0000124,1,voucher,4,175.2
ORD0000125,1,debit_card,6,685.57
ORD0000126,1,voucher,11,98.17
ORD0000127,1,credit_card,6,137.11
ORD0000128,1,voucher,5,541.04
ORD0000129,1,boleto,9,602.1
ORD0000130,1,voucher,8,44.73
ORD0000131,1,credit_card,3,351.76
ORD0000132,1,boleto,11,200.21
ORD0000133,1,boleto,2,77.23
ORD0000134,1,voucher,12,242.43
ORD0000135,1,voucher,11,448.84999999999997
ORD0000136,1,credit_card,4,637.27
ORD0000137,1,credit_card,2,37.49
ORD0000138,1,debit_card,11,182.37
ORD0000139,1,boleto,5,366.58
ORD0000140,1,credit_card,9,319.63
ORD0000141,1,voucher,11,522.97
ORD0000142,1,debit_card,5,149.52
ORD0000143,1,voucher,12,262.79999999999995
ORD0000144,1,debit_card,4,734.52
ORD0000145,1,voucher,4,104.28
ORD0000146,1,boleto,4,22.25
ORD0000147,1,debit_card,3,470.48
ORD0000148,1,debit_card,9,101.8
ORD0000149,1,credit_card,1,1095.4099999999999
ORD0000150,1,debit_card,10,56.47
ORD0000151,1,credit_card,6,1124.72
ORD0000152,1,boleto,12,514.38
ORD0000153,1,credit_card,4,553.98
ORD0000154,1,credit_card,12,172.42
ORD0000155,1,voucher,9,61.86
ORD0000156,1,boleto,12,204.35
ORD0000157,1,debit_card,6,133.8
ORD0000158,1,debit_card,4,38.64
ORD0000159,1,boleto,11,173.24
ORD0000160,1,debit_card,8,779.9099999999999
ORD0000161,1,credit_card,3,231.84
ORD0000162,1,debit_card,3,552.48
ORD0000163,1,voucher,10,435.51
ORD0000164,1,boleto,8,253.42000000000002
ORD0000165,1,credit_card,8,363.74
ORD0000166,1,debit_card,3,48.2
ORD0000167,1,credit_card,9,360.65999999999997
ORD0000168,1,debit_card,2,470.48
ORD0000169,1,debit_card,11,412.53999999999996
ORD0000170,1,credit_card,9,132.71
ORD0000171,1,debit_card,7,240.66
ORD0000172,1,boleto,1,210.56
ORD0000173,1,credit_card,1,20.6
ORD0000174,1,credit_card,4,299.62
ORD0000175,1,voucher,10,32.81
ORD0000176,1,boleto,11,181.41
ORD0000177,1,debit_card,3,186.91
ORD0000178,1,boleto,7,408.90000000000003
ORD0000179,1,debit_card,11,181.18
ORD0000180,1,credit_card,4,222.55
ORD0000181,1,voucher,7,28.14
ORD0000182,1,voucher,4,118.61
ORD0000183,1,debit_card,5,17.51
ORD0000184,1,debit_card,12,25.24
ORD0000185,1,credit_card,9,432.2
ORD0000186,1,debit_card,6,282.26
ORD0000187,1,voucher,1,86.96
ORD0000188,1,voucher,5,30.61
ORD0000189,1,credit_card,2,221.6
ORD0000190,1,voucher,10,125.8
ORD0000191,1,voucher,9,139.28
ORD0000192,1,credit_card,5,101.29
ORD0000193,1,credit_card,9,19.34
ORD0000194,1,voucher,1,299.93
ORD0000195,1,voucher,4,155.12
ORD0000196,1,voucher,2,354.81
ORD0000197,1,voucher,7,44.74
ORD0000198,1,boleto,5,125.29
ORD0000199,1,boleto,12,204.32
ORD0000200,1,debit_card,6,174.49
ORD0000201,1,voucher,5,212.70000000000002
ORD0000202,1,boleto,11,245.77
ORD0000203,1,boleto,11,105.8
ORD0000204,1,credit_card,2,1566.35
ORD0000205,1,credit_card,5,181.86
ORD0000206,1,boleto,6,124.08
ORD0000207,1,debit_card,6,302.26
ORD0000208,1,boleto,12,227.02
ORD0000209,1,debit_card,7,56.56
ORD0000210,1,credit_card,10,525.52
ORD0000211,1,voucher,10,318.56
ORD0000212,1,credit_card,11,180.82
ORD0000213,1,debit_card,7,118.94
ORD0000214,1,voucher,1,111.18
ORD0000215,1,credit_card,4,141.19
ORD0000216,1,voucher,9,119.59
ORD0000217,1,voucher,2,146.38
ORD0000218,1,boleto,10,74.08
ORD0000219,1,voucher,5,149.83
ORD0000220,1,debit_card,8,701.1199999999999
ORD0000221,1,voucher,8,264.76
ORD0000222,1,voucher,2,179.06
ORD0000223,1,boleto,10,71.0
ORD0000224,1,credit_card,7,149.86
ORD0000225,1,boleto,1,233.91
ORD0000226,1,boleto,9,778.62
ORD0000227,1,credit_card,2,1173.66
ORD0000228,1,debit_card,10,1141.85
ORD0000229,1,credit_card,4,221.26999999999998
ORD0000230,1,debit_card,5,647.8499999999999
ORD0000231,1,voucher,3,129.28
ORD0000232,1,debit_card,9,1245.6100000000001
ORD0000233,1,voucher,2,1147.28
ORD0000234,1,boleto,1,773.3499999999999
ORD0000235,1,credit_card,3,1382.8600000000001
ORD0000236,1,voucher,12,821.94
ORD0000237,1,debit_card,10,350.73
ORD0000238,1,debit_card,6,338.82
ORD0000239,1,credit_card,10,222.53
ORD0000240,1,boleto,5,754.85
ORD0000241,1,credit_card,6,1404.5099999999998
ORD0000242,1,credit_card,1,253.18
ORD0000243,1,debit_card,2,84.78
ORD0000244,1,boleto,10,1331.04
ORD0000245,1,voucher,8,45.86
ORD0000246,1,boleto,6,214.41
ORD0000247,1,boleto,2,679.6800000000001
ORD0000248,1,credit_card,10,37.16
ORD0000249,1,debit_card,12,949.06
ORD0000250,1,boleto,11,497.73
ORD0000251,1,boleto,11,45.8
ORD0000252,1,voucher,7,73.49
ORD0000253,1,credit_card,4,167.29000000000002
ORD0000254,1,voucher,12,675.73
ORD0000255,1,debit_card,9,15.59
ORD0000256,1,boleto,3,144.13
ORD0000257,1,debit_card,10,855.3499999999999
ORD0000258,1,voucher,4,2454.71
ORD0000259,1,debit_card,10,235.10000000000002
ORD0000260,1,credit_card,12,717.04
ORD0000261,1,credit_card,7,241.36
ORD0000262,1,boleto,3,333.2
ORD0000263,1,credit_card,9,137.31
ORD0000264,1,credit_card,6,602.24
ORD0000265,1,credit_card,7,152.14
ORD0000266,1,boleto,2,427.08
ORD0000267,1,debit_card,3,581.01
ORD0000268,1,boleto,12,232.04
ORD0000269,1,debit_card,9,141.2
ORD0000270,1,debit_card,3,227.03
ORD0000271,1,debit_card,9,1338.85
ORD0000272,1,boleto,10,281.11
ORD0000273,1,debit_card,3,780.3700000000001
ORD0000274,1,voucher,5,283.6
ORD0000275,1,debit_card,4,362.21000000000004
ORD0000276,1,debit_card,3,475.02
ORD0000277,1,boleto,5,484.43999999999994
ORD0000278,1,boleto,8,136.86
ORD0000279,1,boleto,4,441.55999999999995
ORD0000280,1,credit_card,4,182.14
ORD0000281,1,debit_card,10,47.63
ORD0000282,1,voucher,11,63.19
ORD0000283,1,credit_card,10,258.58
ORD0000284,1,boleto,11,1523.0500000000002
ORD0000285,1,boleto,11,562.69
ORD0000286,1,debit_card,1,567.96
ORD0000287,1,debit_card,1,830.97
ORD0000288,1,credit_card,8,159.28
ORD0000289,1,boleto,8,156.9
ORD0000290,1,boleto,12,21.07
ORD0000291,1,debit_card,9,252.09000000000003
ORD0000292,1,voucher,8,1183.9
ORD0000293,1,credit_card,10,1238.48
ORD0000294,1,boleto,4,88.62
ORD0000295,1,credit_card,9,742.75
ORD0000296,1,boleto,6,203.16
ORD0000297,1,boleto,2,165.6
ORD0000298,1,credit_card,5,468.52
ORD0000299,1,voucher,12,271.6
ORD0000300,1,credit_card,3,159.05
ORD0000301,1,boleto,8,223.64999999999998
ORD0000302,1,boleto,11,184.58
ORD0000303,1,debit_card,3,61.800000000000004
ORD0000304,1,boleto,6,483.74
ORD0000305,1,debit_card,8,733.8199999999999
ORD0000306,1,voucher,9,22.19
ORD0000307,1,voucher,12,505.58000000000004
ORD0000308,1,boleto,8,49.9
ORD0000309,1,credit_card,8,1432.7
ORD0000310,1,debit_card,9,47.47
ORD0000311,1,debit_card,7,432.68
ORD0000312,1,voucher,12,204.53
ORD0000313,1,boleto,9,347.1
ORD0000314,1,credit_card,1,511.52
ORD0000315,1,credit_card,6,139.58
ORD0000316,1,credit_card,7,315.73
ORD0000317,1,voucher,10,432.91999999999996
ORD0000318,1,credit_card,7,102.51
ORD0000319,1,credit_card,3,188.52
ORD0000320,1,voucher,9,242.04
ORD0000321,1,boleto,11,84.9
ORD0000322,1,credit_card,2,307.02
ORD0000323,1,voucher,9,298.25
ORD0000324,1,credit_card,11,208.04
ORD0000325,1,voucher,1,754.49
ORD0000326,1,credit_card,11,677.5
ORD0000327,1,credit_card,8,481.03999999999996
ORD0000328,1,boleto,2,1290.96
ORD0000329,1,debit_card,11,432.12
ORD0000330,1,debit_card,11,70.08
ORD0000331,1,boleto,2,45.26
ORD0000332,1,debit_card,3,979.2800000000001
ORD0000333,1,credit_card,3,197.0
ORD0000334,1,credit_card,1,117.60000000000001
ORD0000335,1,voucher,3,233.44
ORD0000336,1,boleto,8,50.32
ORD0000337,1,voucher,6,30.49
ORD0000338,1,voucher,12,268.20000000000005
ORD0000339,1,debit_card,4,101.11
ORD0000340,1,credit_card,9,697.95
ORD0000341,1,debit_card,8,550.01
ORD0000342,1,boleto,1,46.23
ORD0000343,1,voucher,2,80.86
ORD0000344,1,voucher,3,62.47
ORD0000345,1,debit_card,3,76.76
ORD0000346,1,credit_card,11,427.25
ORD0000347,1,debit_card,6,109.56
ORD0000348,1,credit_card,10,973.54
ORD0000349,1,voucher,5,40.38
ORD0000350,1,debit_card,5,179.31
ORD0000351,1,voucher,9,223.01
ORD0000352,1,voucher,4,308.49
ORD0000353,1,credit_card,3,252.0
ORD0000354,1,boleto,10,315.85
ORD0000355,1,voucher,6,1352.6599999999999
ORD0000356,1,credit_card,9,273.51
ORD0000357,1,debit_card,11,581.9399999999999
ORD0000358,1,voucher,9,157.01
ORD0000359,1,voucher,3,166.81
ORD0000360,1,voucher,3,763.88
ORD0000361,1,debit_card,3,242.14
ORD0000362,1,credit_card,9,263.74
ORD0000363,1,voucher,3,579.56
ORD0000364,1,voucher,6,213.68
ORD0000365,1,boleto,9,36.2
ORD0000366,1,boleto,11,74.44
ORD0000367,1,voucher,8,758.34
ORD0000368,1,debit_card,2,144.76
ORD0000369,1,debit_card,12,56.42
ORD0000370,1,credit_card,2,258.33000000000004
ORD0000371,1,voucher,12,24.73
ORD0000372,1,boleto,7,804.5
ORD0000373,1,debit_card,5,1080.66
ORD0000374,1,voucher,8,134.66
ORD0000375,1,debit_card,9,545.25
ORD0000376,1,voucher,1,658.28
ORD0000377,1,credit_card,9,914.22
ORD0000378,1,voucher,5,224.79
ORD0000379,1,debit_card,5,285.52
ORD0000380,1,boleto,12,86.14
ORD0000381,1,debit_card,12,157.31
ORD0000382,1,voucher,7,59.78
ORD0000383,1,boleto,8,483.26
ORD0000384,1,boleto,2,282.53
ORD0000385,1,credit_card,10,82.91
ORD0000386,1,credit_card,1,265.04
ORD0000387,1,credit_card,8,437.45000000000005
ORD0000388,1,voucher,10,40.53
ORD0000389,1,boleto,1,1529.32
ORD0000390,1,debit_card,11,892.9200000000001
ORD0000391,1,voucher,1,833.26
ORD0000392,1,debit_card,6,432.21000000000004
ORD0000393,1,debit_card,4,929.26
ORD0000394,1,debit_card,12,330.85
ORD0000395,1,voucher,6,583.94
ORD0000396,1,debit_card,8,188.4
ORD0000397,1,boleto,2,697.46
ORD0000398,1,debit_card,10,110.38
ORD0000399,1,voucher,1,249.29
ORD0000400,1,debit_card,1,733.65
ORD0000401,1,credit_card,4,536.6500000000001
ORD0000402,1,boleto,3,805.43
ORD0000403,1,credit_card,5,428.22
ORD0000404,1,credit_card,5,31.56
ORD0000405,1,boleto,10,1333.72
ORD0000406,1,boleto,4,646.53
ORD0000407,1,boleto,1,118.88
ORD0000408,1,voucher,2,170.71
ORD0000409,1,credit_card,1,896.5999999999999
ORD0000410,1,voucher,4,386.88
ORD0000411,1,boleto,7,1967.8899999999999
ORD0000412,1,boleto,3,30.69
ORD0000413,1,credit_card,3,405.28999999999996
ORD0000414,1,credit_card,3,627.63
ORD0000415,1,debit_card,3,149.74
ORD0000416,1,debit_card,1,30.3
ORD0000417,1,debit_card,12,502.78
ORD0000418,1,credit_card,4,88.52
ORD0000419,1,voucher,8,161.04
ORD0000420,1,boleto,7,320.68
ORD0000421,1,credit_card,12,288.87
ORD0000422,1,credit_card,3,67.51
ORD0000423,1,voucher,11,224.16000000000003
ORD0000424,1,credit_card,10,422.86
ORD0000425,1,voucher,10,141.02
ORD0000426,1,voucher,6,978.36
ORD0000427,1,boleto,8,643.3800000000001
ORD0000428,1,voucher,6,515.48
ORD0000429,1,voucher,7,965.0799999999999
ORD0000430,1,boleto,12,398.15
ORD0000431,1,boleto,1,278.58
ORD0000432,1,voucher,7,112.77
ORD0000433,1,debit_card,3,59.94
ORD0000434,1,voucher,9,84.0
ORD0000435,1,boleto,10,1038.4499999999998
ORD0000436,1,credit_card,4,422.47
ORD0000437,1,voucher,6,216.20000000000002
ORD0000438,1,voucher,1,638.4000000000001
ORD0000439,1,voucher,11,1467.22
ORD0000440,1,credit_card,4,496.96000000000004
ORD0000441,1,voucher,9,38.61
ORD0000442,1,boleto,12,162.93
ORD0000443,1,boleto,2,701.28
ORD0000444,1,voucher,7,443.21999999999997
ORD0000445,1,voucher,6,148.52
ORD0000446,1,debit_card,7,157.7
ORD0000447,1,debit_card,10,31.92
ORD0000448,1,debit_card,2,806.13
ORD0000449,1,credit_card,3,79.88
ORD0000450,1,voucher,7,128.7
ORD0000451,1,credit_card,12,638.61
ORD0000452,1,debit_card,7,72.95
ORD0000453,1,boleto,5,123.82
ORD0000454,1,debit_card,8,839.32
ORD0000455,1,boleto,7,163.71
ORD0000456,1,credit_card,3,590.87
ORD0000457,1,credit_card,11,297.1
ORD0000458,1,debit_card,6,105.57
ORD0000459,1,debit_card,10,655.15
ORD0000460,1,voucher,5,460.02
ORD0000461,1,voucher,12,149.81
ORD0000462,1,debit_card,7,76.51
ORD0000463,1,debit_card,12,498.82000000000005
ORD0000464,1,debit_card,7,79.84
ORD0000465,1,voucher,6,207.18
ORD0000466,1,boleto,6,149.47
ORD0000467,1,credit_card,1,259.69
ORD0000468,1,boleto,2,72.05
ORD0000469,1,voucher,5,33.02
ORD0000470,1,credit_card,8,127.18
ORD0000471,1,credit_card,8,118.48
ORD0000472,1,debit_card,5,114.97
ORD0000473,1,credit_card,9,14.98
ORD0000474,1,voucher,2,105.73
ORD0000475,1,voucher,8,291.1
ORD0000476,1,credit_card,1,642.03
ORD0000477,1,boleto,12,90.34
ORD0000478,1,credit_card,8,615.23
ORD0000479,1,debit_card,6,85.61
ORD0000480,1,boleto,7,265.07
ORD0000481,1,boleto,1,28.19
ORD0000482,1,boleto,4,750.44
ORD0000483,1,voucher,6,474.62
ORD0000484,1,boleto,8,637.12
ORD0000485,1,credit_card,11,317.15999999999997
ORD0000486,1,credit_card,8,264.81
ORD0000487,1,credit_card,6,85.51
ORD0000488,1,boleto,4,73.49
ORD0000489,1,boleto,1,44.73
ORD0000490,1,voucher,10,1059.12
ORD0000491,1,boleto,10,18.46
ORD0000492,1,boleto,10,16.47
ORD0000493,1,debit_card,8,528.6999999999999
ORD0000494,1,credit_card,8,112.58
ORD0000495,1,voucher,11,46.01
ORD0000496,1,boleto,11,237.68
ORD0000497,1,debit_card,10,81.62
ORD0000498,1,debit_card,12,266.47
ORD0000499,1,credit_card,8,236.76
ORD0000500,1,debit_card,3,505.09
ORD0000501,1,credit_card,5,286.52
ORD0000502,1,voucher,7,649.49
ORD0000503,1,voucher,3,315.12
ORD0000504,1,boleto,12,160.16
ORD0000505,1,boleto,9,881.02
ORD0000506,1,voucher,11,144.24
ORD0000507,1,voucher,1,183.39
ORD0000508,1,credit_card,2,185.35
ORD0000509,1,voucher,7,189.43
ORD0000510,1,debit_card,12,39.19
ORD0000511,1,credit_card,10,590.3000000000001
ORD0000512,1,boleto,4,42.21
ORD0000513,1,credit_card,1,69.75
ORD0000514,1,credit_card,2,200.55
ORD0000515,1,debit_card,12,1466.32
ORD0000516,1,boleto,6,101.7
ORD0000517,1,boleto,11,86.96
ORD0000518,1,voucher,3,374.31
ORD0000519,1,credit_card,7,1586.52
ORD0000520,1,debit_card,10,62.82
ORD0000521,1,voucher,3,173.15
ORD0000522,1,credit_card,8,439.45
ORD0000523,1,voucher,1,244.8
ORD0000524,1,credit_card,9,173.72
ORD0000525,1,debit_card,6,67.52
ORD0000526,1,voucher,2,220.5
ORD0000527,1,credit_card,7,446.12
ORD0000528,1,debit_card,8,547.98
ORD0000529,1,voucher,12,1303.95
ORD0000530,1,voucher,3,116.82
ORD0000531,1,voucher,3,302.02
ORD0000532,1,voucher,9,86.58
ORD0000533,1,voucher,12,83.86
ORD0000534,1,debit_card,8,86.44
ORD0000535,1,credit_card,11,2960.1000000000004
ORD0000536,1,voucher,10,154.77
ORD0000537,1,debit_card,5,58.58
ORD0000538,1,debit_card,2,47.01
ORD0000539,1,boleto,8,201.57
ORD0000540,1,debit_card,7,1685.6799999999998
ORD0000541,1,debit_card,11,216.03
ORD0000542,1,voucher,11,199.18
ORD0000543,1,voucher,7,66.68
ORD0000544,1,boleto,2,1317.25
ORD0000545,1,voucher,3,71.32
ORD0000546,1,credit_card,6,110.22
ORD0000547,1,voucher,8,980.82
ORD0000548,1,boleto,3,792.99
ORD0000549,1,voucher,9,391.56
ORD0000550,1,credit_card,12,316.92
ORD0000551,1,boleto,8,372.57
ORD0000552,1,voucher,11,101.13
ORD0000553,1,credit_card,3,44.79
ORD0000554,1,debit_card,11,421.29999999999995
ORD0000555,1,boleto,10,239.44
ORD0000556,1,voucher,4,202.12
ORD0000557,1,boleto,2,235.56
ORD0000558,1,boleto,10,238.33
ORD0000559,1,voucher,5,51.17
ORD0000560,1,boleto,7,511.11
ORD0000561,1,debit_card,2,249.29
ORD0000562,1,voucher,4,545.52
ORD0000563,1,debit_card,11,127.26
ORD0000564,1,voucher,12,86.92
ORD0000565,1,voucher,9,360.84000000000003
ORD0000566,1,boleto,3,127.86000000000001
ORD0000567,1,debit_card,2,88.62
ORD0000568,1,credit_card,9,357.4
ORD0000569,1,credit_card,7,51.07
ORD0000570,1,credit_card,11,307.26
ORD0000571,1,debit_card,2,57.12
ORD0000572,1,boleto,2,38.13
ORD0000573,1,debit_card,2,397.59000000000003
ORD0000574,1,boleto,8,810.5
ORD0000575,1,boleto,9,196.92
ORD0000576,1,voucher,6,372.43
ORD0000577,1,debit_card,12,411.96
ORD0000578,1,credit_card,1,2536.28
ORD0000579,1,voucher,12,278.58
ORD0000580,1,credit_card,4,88.56
ORD0000581,1,debit_card,7,49.63
ORD0000582,1,voucher,10,36.68
ORD0000583,1,voucher,1,131.94
ORD0000584,1,voucher,9,283.6
ORD0000585,1,boleto,8,295.02
ORD0000586,1,voucher,8,212.74
ORD0000587,1,debit_card,8,498.84000000000003
ORD0000588,1,boleto,2,1369.27
ORD0000589,1,credit_card,12,705.65
ORD0000590,1,credit_card,9,542.8
ORD0000591,1,credit_card,3,246.15
ORD0000592,1,voucher,12,236.17
ORD0000593,1,voucher,1,193.3
ORD0000594,1,voucher,7,659.55
ORD0000595,1,boleto,9,283.34000000000003
ORD0000596,1,boleto,9,421.12
ORD0000597,1,voucher,4,128.10000000000002
ORD0000598,1,credit_card,8,109.95
ORD0000599,1,boleto,12,728.64
ORD0000600,1,debit_card,2,40.18
ORD0000601,1,debit_card,11,243.08
ORD0000602,1,credit_card,12,293.96
ORD0000603,1,credit_card,6,270.44
ORD0000604,1,debit_card,1,100.53999999999999
ORD0000605,1,debit_card,12,122.62
ORD0000606,1,debit_card,7,96.88
ORD0000607,1,voucher,9,1120.0300000000002
ORD0000608,1,debit_card,9,224.08
ORD0000609,1,voucher,7,172.83999999999997
ORD0000610,1,voucher,3,289.4
ORD0000611,1,credit_card,5,30.63
ORD0000612,1,boleto,10,341.08
ORD0000613,1,debit_card,1,324.04
ORD0000614,1,boleto,5,620.64
ORD0000615,1,debit_card,9,299.66
ORD0000616,1,voucher,11,441.38
ORD0000617,1,voucher,2,46.9
ORD0000618,1,voucher,11,456.46
ORD0000619,1,boleto,11,192.56
ORD0000620,1,debit_card,9,35.91
ORD0000621,1,debit_card,10,445.12
ORD0000622,1,voucher,4,435.79999999999995
ORD0000623,1,boleto,1,92.68
ORD0000624,1,boleto,2,410.0
ORD0000625,1,voucher,11,233.52999999999997
ORD0000626,1,debit_card,8,224.54000000000002
ORD0000627,1,credit_card,10,203.45
ORD0000628,1,credit_card,1,182.8
ORD0000629,1,credit_card,6,21.34
ORD0000630,1,credit_card,7,139.5
ORD0000631,1,credit_card,11,646.06
ORD0000632,1,debit_card,7,142.95
ORD0000633,1,credit_card,10,581.4100000000001
ORD0000634,1,boleto,3,1053.8
ORD0000635,1,voucher,10,670.38
ORD0000636,1,debit_card,6,110.66
ORD0000637,1,voucher,10,530.13
ORD0000638,1,boleto,8,66.13
ORD0000639,1,credit_card,6,22.19
ORD0000640,1,voucher,9,1668.53
ORD0000641,1,credit_card,6,59.400000000000006
ORD0000642,1,credit_card,2,354.6
ORD0000643,1,credit_card,10,100.8
ORD0000644,1,boleto,12,220.35000000000002
ORD0000645,1,debit_card,12,69.02000000000001
ORD0000646,1,boleto,7,413.1
ORD0000647,1,debit_card,9,46.23
ORD0000648,1,debit_card,6,196.55
ORD0000649,1,credit_card,5,208.04
ORD0000650,1,voucher,4,91.56
ORD0000651,1,credit_card,8,437.5
ORD0000652,1,debit_card,12,46.13
ORD0000653,1,boleto,10,186.09
ORD0000654,1,voucher,6,355.20000000000005
ORD0000655,1,debit_card,2,242.26
ORD0000656,1,boleto,4,610.81
ORD0000657,1,boleto,6,389.76
ORD0000658,1,boleto,3,127.17
ORD0000659,1,voucher,4,205.12
ORD0000660,1,credit_card,12,160.29999999999998
ORD0000661,1,debit_card,7,122.62
ORD0000662,1,boleto,8,897.1600000000001
ORD0000663,1,debit_card,1,641.14
ORD0000664,1,boleto,6,78.47
ORD0000665,1,voucher,3,176.44
ORD0000666,1,debit_card,6,386.53000000000003
ORD0000667,1,voucher,8,164.88
ORD0000668,1,boleto,2,825.3100000000001
ORD0000669,1,debit_card,7,155.01
ORD0000670,1,voucher,11,369.19
ORD0000671,1,boleto,6,385.93
ORD0000672,1,credit_card,4,115.52
ORD0000673,1,boleto,3,228.04
ORD0000674,1,debit_card,11,147.35
ORD0000675,1,boleto,10,99.88
ORD0000676,1,boleto,10,318.23999999999995
ORD0000677,1,boleto,10,1085.92
ORD0000678,1,voucher,7,520.72
ORD0000679,1,voucher,10,178.62
ORD0000680,1,voucher,3,73.44
ORD0000681,1,voucher,7,301.86
ORD0000682,1,debit_card,5,141.72
ORD0000683,1,boleto,8,1055.64
ORD0000684,1,debit_card,7,1111.6399999999999
ORD0000685,1,debit_card,10,1377.5500000000002
ORD0000686,1,voucher,1,197.25
ORD0000687,1,boleto,3,143.42
ORD0000688,1,boleto,4,103.52
ORD0000689,1,voucher,1,790.6
ORD0000690,1,voucher,8,307.08
ORD0000691,1,debit_card,12,1026.58
ORD0000692,1,boleto,1,770.71
ORD0000693,1,debit_card,12,293.1
ORD0000694,1,credit_card,3,421.77
ORD0000695,1,boleto,4,663.64
ORD0000696,1,voucher,4,67.16
ORD0000697,1,credit_card,11,1045.3
ORD0000698,1,boleto,12,1038.51
ORD0000699,1,boleto,7,141.06
ORD0000700,1,debit_card,6,74.19
ORD0000701,1,credit_card,10,81.9
ORD0000702,1,debit_card,1,82.24
ORD0000703,1,boleto,1,137.55
ORD0000704,1,boleto,12,64.64
ORD0000705,1,debit_card,5,305.06
ORD0000706,1,debit_card,11,284.57
ORD0000707,1,credit_card,2,1012.28
ORD0000708,1,debit_card,11,229.07999999999998
ORD0000709,1,debit_card,5,164.76
ORD0000710,1,credit_card,12,162.63
ORD0000711,1,credit_card,4,182.75
ORD0000712,1,boleto,11,212.70000000000002
ORD0000713,1,credit_card,4,90.23
ORD0000714,1,voucher,10,102.08
ORD0000715,1,boleto,10,901.6500000000001
ORD0000716,1,credit_card,5,69.66
ORD0000717,1,debit_card,7,623.28
ORD0000718,1,voucher,3,602.89
ORD0000719,1,voucher,12,354.63
ORD0000720,1,debit_card,8,140.6
ORD0000721,1,voucher,12,809.6
ORD0000722,1,boleto,5,123.76
ORD0000723,1,boleto,10,729.5999999999999
ORD0000724,1,credit_card,7,134.47
ORD0000725,1,credit_card,10,46.9
ORD0000726,1,debit_card,3,527.58
ORD0000727,1,credit_card,12,109.6
ORD0000728,1,debit_card,1,124.1
ORD0000729,1,boleto,7,1241.28
ORD0000730,1,boleto,9,27.53
ORD0000731,1,boleto,2,92.22
ORD0000732,1,voucher,2,2456.3
ORD0000733,1,boleto,3,426.87
ORD0000734,1,boleto,5,646.65
ORD0000735,1,boleto,4,695.9100000000001
ORD0000736,1,credit_card,7,186.48
ORD0000737,1,voucher,6,45.21
ORD0000738,1,boleto,5,80.1
ORD0000739,1,boleto,6,57.78
ORD0000740,1,credit_card,3,307.11
ORD0000741,1,voucher,5,78.38
ORD0000742,1,voucher,6,1049.72
ORD0000743,1,credit_card,12,266.42
ORD0000744,1,debit_card,7,43.17
ORD0000745,1,voucher,4,1259.78
ORD0000746,1,voucher,3,99.93
ORD0000747,1,voucher,12,78.78
ORD0000748,1,credit_card,9,128.85
ORD0000749,1,debit_card,3,568.56
ORD0000750,1,boleto,4,72.6
ORD0000751,1,debit_card,2,498.77
ORD0000752,1,credit_card,3,149.43
ORD0000753,1,credit_card,9,498.6
ORD0000754,1,voucher,11,297.95
ORD0000755,1,voucher,4,687.8000000000001
ORD0000756,1,voucher,2,269.31
ORD0000757,1,voucher,10,59.78
ORD0000758,1,credit_card,3,466.47
ORD0000759,1,voucher,3,254.39
ORD0000760,1,boleto,7,507.19
ORD0000761,1,debit_card,3,242.86
ORD0000762,1,debit_card,4,19.84
ORD0000763,1,debit_card,6,39.9
ORD0000764,1,credit_card,1,84.05
ORD0000765,1,voucher,8,332.31
ORD0000766,1,debit_card,7,52.23
ORD0000767,1,voucher,2,529.9499999999999
ORD0000768,1,credit_card,12,213.59
ORD0000769,1,voucher,10,53.68
ORD0000770,1,voucher,4,33.54
ORD0000771,1,voucher,2,14.24
ORD0000772,1,boleto,12,140.6
ORD0000773,1,credit_card,5,132.85
ORD0000774,1,voucher,8,1353.14
ORD0000775,1,debit_card,2,756.4000000000001
ORD0000776,1,voucher,3,704.68
ORD0000777,1,boleto,2,782.3399999999999
ORD0000778,1,voucher,9,127.26
ORD0000779,1,credit_card,12,193.14
ORD0000780,1,boleto,7,27.61
ORD0000781,1,debit_card,7,28.9
ORD0000782,1,debit_card,1,432.12
ORD0000783,1,debit_card,5,385.99
ORD0000784,1,boleto,11,54.78
ORD0000785,1,voucher,7,69.28
ORD0000786,1,boleto,2,14.81
ORD0000787,1,debit_card,6,201.23000000000002
ORD0000788,1,debit_card,12,228.57999999999998
ORD0000789,1,debit_card,7,552.13
ORD0000790,1,debit_card,11,3571.3
ORD0000791,1,credit_card,11,1042.66
ORD0000792,1,voucher,8,34.95
ORD0000793,1,debit_card,11,132.57
ORD0000794,1,boleto,9,393.6
ORD0000795,1,boleto,7,168.4
ORD0000796,1,voucher,9,57.3
ORD0000797,1,credit_card,10,642.63
ORD0000798,1,boleto,12,67.03
ORD0000799,1,credit_card,2,16.6
ORD0000800,1,debit_card,11,52.71
ORD0000801,1,credit_card,2,59.24
ORD0000802,1,credit_card,9,72.66
ORD0000803,1,boleto,2,334.18
ORD0000804,1,boleto,11,40.2
ORD0000805,1,debit_card,7,169.88
ORD0000806,1,credit_card,8,57.92
ORD0000807,1,voucher,7,315.2
ORD0000808,1,credit_card,12,70.9
ORD0000809,1,boleto,2,68.48
ORD0000810,1,debit_card,8,869.7199999999999
ORD0000811,1,voucher,1,58.05
ORD0000812,1,voucher,6,872.39
ORD0000813,1,debit_card,11,298.8
ORD0000814,1,boleto,3,1618.92
ORD0000815,1,voucher,2,131.03
ORD0000816,1,debit_card,11,36.85
ORD0000817,1,debit_card,4,719.64
ORD0000818,1,credit_card,11,808.8399999999999
ORD0000819,1,boleto,9,902.5999999999999
ORD0000820,1,voucher,7,215.6
ORD0000821,1,debit_card,6,206.16000000000003
ORD0000822,1,voucher,6,16.01
ORD0000823,1,debit_card,2,86.96
ORD0000824,1,boleto,10,145.82
ORD0000825,1,voucher,11,84.94
ORD0000826,1,credit_card,3,52.86
ORD0000827,1,boleto,11,76.94
ORD0000828,1,credit_card,1,98.76
ORD0000829,1,debit_card,12,87.9
ORD0000830,1,debit_card,2,97.78999999999999
ORD0000831,1,debit_card,6,630.13
ORD0000832,1,voucher,6,1090.96
ORD0000833,1,voucher,5,247.68
ORD0000834,1,credit_card,4,494.08
ORD0000835,1,boleto,6,62.04
ORD0000836,1,credit_card,5,79.8
ORD0000837,1,voucher,10,31.82
ORD0000838,1,voucher,10,109.85
ORD0000839,1,voucher,8,19.32
ORD0000840,1,voucher,1,393.47
ORD0000841,1,credit_card,6,114.44
ORD0000842,1,boleto,9,370.84000000000003
ORD0000843,1,boleto,2,329.86
ORD0000844,1,credit_card,2,124.84
ORD0000845,1,credit_card,7,85.06
ORD0000846,1,debit_card,8,432.12
ORD0000847,1,debit_card,3,29.93
ORD0000848,1,credit_card,6,262.16
ORD0000849,1,debit_card,9,93.25
ORD0000850,1,debit_card,2,619.78
ORD0000851,1,voucher,10,97.91
ORD0000852,1,debit_card,6,34.1
ORD0000853,1,credit_card,3,1306.58
ORD0000854,1,voucher,4,247.4
ORD0000855,1,credit_card,3,400.18
ORD0000856,1,debit_card,4,486.4
ORD0000857,1,credit_card,3,302.32
ORD0000858,1,voucher,5,215.51
ORD0000859,1,voucher,7,762.16
ORD0000860,1,voucher,1,78.6
ORD0000861,1,credit_card,9,381.82
ORD0000862,1,boleto,1,439.83000000000004
ORD0000863,1,boleto,7,285.78
ORD0000864,1,boleto,4,597.5
ORD0000865,1,boleto,1,222.04999999999998
ORD0000866,1,boleto,10,134.84
ORD0000867,1,boleto,8,28.7
ORD0000868,1,credit_card,1,87.04
ORD0000869,1,boleto,1,277.52
ORD0000870,1,credit_card,1,35.47
ORD0000871,1,debit_card,9,351.87
ORD0000872,1,voucher,12,245.22
ORD0000873,1,voucher,3,863.76
ORD0000874,1,voucher,10,127.08
ORD0000875,1,voucher,3,41.65
ORD0000876,1,voucher,2,496.62
ORD0000877,1,credit_card,4,259.79
ORD0000878,1,voucher,5,22.02
ORD0000879,1,boleto,4,240.96
ORD0000880,1,debit_card,11,263.62
ORD0000881,1,voucher,4,243.98000000000002
ORD0000882,1,debit_card,9,168.8
ORD0000883,1,voucher,4,31.82
ORD0000884,1,voucher,9,145.76
ORD0000885,1,boleto,7,90.92
ORD0000886,1,boleto,10,83.12
ORD0000887,1,credit_card,3,244.58
ORD0000888,1,voucher,3,173.92
ORD0000889,1,voucher,8,87.89
ORD0000890,1,credit_card,10,218.76999999999998
ORD0000891,1,voucher,8,191.23
ORD0000892,1,boleto,1,29.64
ORD0000893,1,voucher,8,201.4
ORD0000894,1,credit_card,9,1484.42
ORD0000895,1,debit_card,9,200.23
ORD0000896,1,boleto,12,937.86
ORD0000897,1,voucher,1,134.8
ORD0000898,1,debit_card,4,218.22
ORD0000899,1,credit_card,9,61.38
ORD0000900,1,voucher,10,367.25
ORD0000901,1,voucher,9,243.76
ORD0000902,1,debit_card,2,57.04
ORD0000903,1,voucher,9,502.45000000000005
ORD0000904,1,voucher,1,106.28
ORD0000905,1,credit_card,10,363.06
ORD0000906,1,credit_card,11,251.82999999999998
ORD0000907,1,boleto,6,74.28
ORD0000908,1,voucher,5,276.44
ORD0000909,1,credit_card,2,539.92
ORD0000910,1,debit_card,9,248.39999999999998
ORD0000911,1,boleto,7,55.34
ORD0000912,1,debit_card,6,613.09
ORD0000913,1,debit_card,10,987.0999999999999
ORD0000914,1,voucher,12,240.83999999999997
ORD0000915,1,debit_card,12,1060.57
ORD0000916,1,credit_card,3,448.29
ORD0000917,1,credit_card,5,113.36
ORD0000918,1,voucher,9,142.32999999999998
ORD0000919,1,debit_card,3,283.64
ORD0000920,1,debit_card,10,557.56
ORD0000921,1,voucher,6,506.45000000000005
ORD0000922,1,voucher,3,53.13
ORD0000923,1,debit_card,4,130.0
ORD0000924,1,voucher,2,97.34
ORD0000925,1,boleto,9,207.48
ORD0000926,1,boleto,11,253.51
ORD0000927,1,debit_card,11,152.32
ORD0000928,1,boleto,8,35.63
ORD0000929,1,voucher,5,667.8900000000001
ORD0000930,1,credit_card,1,104.46
ORD0000931,1,voucher,4,74.08
ORD0000932,1,credit_card,2,449.28
ORD0000933,1,boleto,11,32.94
ORD0000934,1,debit_card,2,46.6
ORD0000935,1,voucher,11,996.91
ORD0000936,1,boleto,4,44.88
ORD0000937,1,debit_card,11,286.58
ORD0000938,1,voucher,4,184.36
ORD0000939,1,boleto,8,17.51
ORD0000940,1,credit_card,3,364.2
ORD0000941,1,boleto,5,535.48
ORD0000942,1,boleto,9,1494.6100000000001
ORD0000943,1,voucher,3,55.95
ORD0000944,1,boleto,4,60.01
ORD0000945,1,debit_card,12,87.26
ORD0000946,1,voucher,5,206.88
ORD0000947,1,boleto,6,768.37
ORD0000948,1,voucher,7,348.96000000000004
ORD0000949,1,debit_card,11,87.15
ORD0000950,1,debit_card,1,320.62
ORD0000951,1,voucher,2,235.19
ORD0000952,1,boleto,9,297.97
ORD0000953,1,debit_card,6,410.60999999999996
ORD0000954,1,credit_card,6,153.48
ORD0000955,1,voucher,6,28.09
ORD0000956,1,credit_card,7,40.18
ORD0000957,1,credit_card,7,158.66
ORD0000958,1,credit_card,6,123.42
ORD0000959,1,boleto,11,202.14
ORD0000960,1,voucher,2,145.39
ORD0000961,1,debit_card,8,343.12
ORD0000962,1,boleto,11,860.96
ORD0000963,1,voucher,5,55.0
ORD0000964,1,credit_card,5,83.97
ORD0000965,1,boleto,4,221.54
ORD0000966,1,voucher,9,500.77
ORD0000967,1,voucher,8,1295.28
ORD0000968,1,credit_card,10,58.32
ORD0000969,1,debit_card,9,775.49
ORD0000970,1,voucher,2,223.88
ORD0000971,1,credit_card,10,734.52
ORD0000972,1,credit_card,7,286.78
ORD0000973,1,debit_card,12,687.6
ORD0000974,1,credit_card,12,371.95000000000005
ORD0000975,1,credit_card,8,766.28
ORD0000976,1,voucher,10,180.44
ORD0000977,1,boleto,10,255.85000000000002
ORD0000978,1,boleto,1,61.88
ORD0000979,1,boleto,10,418.33000000000004
ORD0000980,1,debit_card,1,152.64
ORD0000981,1,boleto,6,304.74
ORD0000982,1,credit_card,6,217.06
ORD0000983,1,boleto,4,643.53
ORD0000984,1,credit_card,3,66.26
ORD0000985,1,credit_card,4,235.24
ORD0000986,1,debit_card,2,658.86
ORD0000987,1,boleto,6,627.4399999999999
ORD0000988,1,boleto,3,157.11
ORD0000989,1,boleto,2,263.45
ORD0000990,1,boleto,6,98.31
ORD0000991,1,voucher,6,782.03
ORD0000992,1,debit_card,1,288.09000000000003
ORD0000993,1,voucher,1,213.54
ORD0000994,1,boleto,3,15.6
ORD0000995,1,debit_card,1,132.59
ORD0000996,1,debit_card,3,68.47
ORD0000997,1,voucher,9,121.02
ORD0000998,1,boleto,6,393.68
ORD0000999,1,debit_card,7,82.05000000000001
ORD0001000,1,voucher,9,30.02
ORD0001001,1,boleto,9,280.3
ORD0001002,1,voucher,2,429.33000000000004
ORD0001003,1,debit_card,1,642.83
ORD0001004,1,voucher,12,709.5699999999999
ORD0001005,1,voucher,2,161.52
ORD0001006,1,boleto,6,170.71
ORD0001007,1,boleto,4,34.32
ORD0001008,1,voucher,7,907.05
ORD0001009,1,voucher,2,264.17
ORD0001010,1,voucher,1,50.32
ORD0001011,1,boleto,12,79.61
ORD0001012,1,boleto,6,138.68
ORD0001013,1,debit_card,1,2364.25
ORD0001014,1,boleto,2,339.12
ORD0001015,1,credit_card,5,70.28
ORD0001016,1,boleto,9,596.9
ORD0001017,1,voucher,3,429.90000000000003
ORD0001018,1,boleto,6,27.22
ORD0001019,1,credit_card,4,1660.08
ORD0001020,1,debit_card,2,431.15
ORD0001021,1,debit_card,11,77.3
ORD0001022,1,credit_card,9,151.85
ORD0001023,1,credit_card,4,701.3199999999999
ORD0001024,1,boleto,12,59.86
ORD0001025,1,debit_card,4,596.7
ORD0001026,1,voucher,4,515.19
ORD0001027,1,boleto,7,767.97
ORD0001028,1,debit_card,2,553.85
ORD0001029,1,debit_card,4,431.04
ORD0001030,1,voucher,1,76.64
ORD0001031,1,voucher,4,578.27
ORD0001032,1,voucher,6,648.41
ORD0001033,1,debit_card,9,126.92
ORD0001034,1,credit_card,10,87.89
ORD0001035,1,credit_card,7,152.44
ORD0001036,1,voucher,6,423.19
ORD0001037,1,voucher,12,685.71
ORD0001038,1,boleto,6,72.13
ORD0001039,1,voucher,8,200.33
ORD0001040,1,voucher,9,246.15
ORD0001041,1,voucher,3,352.64
ORD0001042,1,boleto,8,162.71
ORD0001043,1,boleto,4,188.19
ORD0001044,1,boleto,7,149.89
ORD0001045,1,voucher,7,185.04
ORD0001046,1,boleto,2,466.45000000000005
ORD0001047,1,credit_card,8,244.68
ORD0001048,1,voucher,8,852.99
ORD0001049,1,debit_card,7,276.27
ORD0001050,1,boleto,9,1503.93
ORD0001051,1,debit_card,12,1335.68
ORD0001052,1,voucher,2,16.79
ORD0001053,1,voucher,6,168.41
ORD0001054,1,voucher,8,196.54
ORD0001055,1,voucher,2,460.48
ORD0001056,1,boleto,8,129.93
ORD0001057,1,voucher,5,206.87
ORD0001058,1,debit_card,11,99.39000000000001
ORD0001059,1,debit_card,4,75.49
ORD0001060,1,credit_card,11,324.11
ORD0001061,1,voucher,11,315.18
ORD0001062,1,debit_card,5,324.0
ORD0001063,1,voucher,7,689.3199999999999
ORD0001064,1,boleto,2,276.99
ORD0001065,1,debit_card,4,65.37
ORD0001066,1,debit_card,1,565.41
ORD0001067,1,voucher,7,235.02
ORD0001068,1,credit_card,12,487.98
ORD0001069,1,debit_card,5,464.37
ORD0001070,1,credit_card,8,184.72
ORD0001071,1,voucher,8,263.6
ORD0001072,1,voucher,3,683.0
ORD0001073,1,debit_card,1,224.01
ORD0001074,1,credit_card,7,50.32
ORD0001075,1,credit_card,7,45.65
ORD0001076,1,debit_card,10,80.65
ORD0001077,1,boleto,8,436.33000000000004
ORD0001078,1,debit_card,7,385.93
ORD0001079,1,debit_card,12,43.5
ORD0001080,1,boleto,10,45.21
ORD0001081,1,debit_card,2,41.65
ORD0001082,1,debit_card,3,431.74
ORD0001083,1,boleto,8,1078.9
ORD0001084,1,credit_card,6,508.14
ORD0001085,1,boleto,5,94.07
ORD0001086,1,boleto,2,1348.5
ORD0001087,1,voucher,8,1167.93
ORD0001088,1,voucher,2,42.17
ORD0001089,1,debit_card,3,1489.18
ORD0001090,1,boleto,12,116.34
ORD0001091,1,boleto,10,313.44
ORD0001092,1,debit_card,6,242.52
ORD0001093,1,credit_card,11,729.8399999999999
ORD0001094,1,boleto,2,329.21999999999997
ORD0001095,1,debit_card,11,62.47
ORD0001096,1,credit_card,12,1218.32
ORD0001097,1,boleto,5,779.09
ORD0001098,1,boleto,3,193.28
ORD0001099,1,credit_card,11,78.47
ORD0001100,1,debit_card,2,119.69999999999999
ORD0001101,1,debit_card,6,214.33999999999997
ORD0001102,1,debit_card,8,107.31
ORD0001103,1,debit_card,1,349.53000000000003
ORD0001104,1,boleto,10,557.65
ORD0001105,1,voucher,9,112.05000000000001
ORD0001106,1,voucher,3,993.98
ORD0001107,1,debit_card,10,39.94
ORD0001108,1,debit_card,4,1032.11
ORD0001109,1,boleto,6,200.84
ORD0001110,1,credit_card,7,33.71
ORD0001111,1,voucher,12,146.72
ORD0001112,1,voucher,6,158.68
ORD0001113,1,voucher,4,872.5
ORD0001114,1,credit_card,6,132.2
ORD0001115,1,debit_card,5,70.9
ORD0001116,1,credit_card,11,555.38
ORD0001117,1,credit_card,12,141.72
ORD0001118,1,boleto,2,71.49
ORD0001119,1,debit_card,12,241.24
ORD0001120,1,credit_card,11,27.98
ORD0001121,1,voucher,8,831.5600000000001
ORD0001122,1,credit_card,10,62.47
ORD0001123,1,voucher,6,699.67
ORD0001124,1,debit_card,4,32.7
ORD0001125,1,voucher,6,640.61
ORD0001126,1,boleto,8,868.08
ORD0001127,1,boleto,2,157.82
ORD0001128,1,debit_card,12,755.57
ORD0001129,1,credit_card,8,807.55
ORD0001130,1,debit_card,2,194.05
ORD0001131,1,credit_card,10,196.55
ORD0001132,1,debit_card,1,203.29999999999998
ORD0001133,1,debit_card,8,175.32999999999998
ORD0001134,1,voucher,3,601.6500000000001
ORD0001135,1,voucher,11,77.9
ORD0001136,1,boleto,10,67.03
ORD0001137,1,voucher,8,1037.1
ORD0001138,1,credit_card,4,66.19
ORD0001139,1,voucher,4,105.24
ORD0001140,1,credit_card,2,35.14
ORD0001141,1,voucher,7,597.5
ORD0001142,1,debit_card,7,393.08
ORD0001143,1,debit_card,2,314.92
ORD0001144,1,debit_card,4,586.93
ORD0001145,1,credit_card,5,180.16
ORD0001146,1,credit_card,4,1287.02
ORD0001147,1,debit_card,4,579.5899999999999
ORD0001148,1,debit_card,1,39.82
ORD0001149,1,credit_card,5,58.59
ORD0001150,1,boleto,8,68.56
ORD0001151,1,boleto,4,241.88
ORD0001152,1,credit_card,5,62.92
ORD0001153,1,credit_card,3,604.46
ORD0001154,1,debit_card,11,150.63
ORD0001155,1,boleto,12,162.58
ORD0001156,1,debit_card,2,336.94000000000005
ORD0001157,1,voucher,8,601.39
ORD0001158,1,voucher,2,72.02
ORD0001159,1,voucher,4,485.32000000000005
ORD0001160,1,boleto,12,217.81
ORD0001161,1,voucher,11,253.1
ORD0001162,1,debit_card,9,37.04
ORD0001163,1,boleto,5,1310.84
ORD0001164,1,credit_card,1,61.5
ORD0001165,1,voucher,5,651.9
ORD0001166,1,voucher,4,345.7
ORD0001167,1,credit_card,2,299.93
ORD0001168,1,debit_card,4,496.52
ORD0001169,1,debit_card,7,303.38
ORD0001170,1,boleto,12,19.32
ORD0001171,1,boleto,7,92.43
ORD0001172,1,voucher,6,29.93
ORD0001173,1,voucher,8,45.5
ORD0001174,1,boleto,2,121.31
ORD0001175,1,boleto,4,349.53000000000003
ORD0001176,1,debit_card,7,143.42
ORD0001177,1,voucher,12,228.85000000000002
ORD0001178,1,boleto,1,410.56
ORD0001179,1,boleto,11,268.48
ORD0001180,1,debit_card,9,46.22
ORD0001181,1,credit_card,4,610.9200000000001
ORD0001182,1,boleto,1,24.95
ORD0001183,1,voucher,8,236.16
ORD0001184,1,voucher,6,291.12
ORD0001185,1,credit_card,8,388.78
ORD0001186,1,voucher,1,333.2
ORD0001187,1,credit_card,8,546.8000000000001
ORD0001188,1,debit_card,12,405.49
ORD0001189,1,credit_card,5,123.76
ORD0001190,1,boleto,1,90.26
ORD0001191,1,credit_card,11,233.92
ORD0001192,1,voucher,9,470.73
ORD0001193,1,debit_card,1,1215.5600000000002
ORD0001194,1,boleto,8,168.38
ORD0001195,1,boleto,10,117.14
ORD0001196,1,credit_card,5,517.4
ORD0001197,1,voucher,10,323.03
ORD0001198,1,boleto,1,137.12
ORD0001199,1,voucher,6,542.54
ORD0001200,1,voucher,3,504.83
ORD0001201,1,credit_card,7,470.28
ORD0001202,1,boleto,5,289.9
ORD0001203,1,debit_card,3,600.3
ORD0001204,1,voucher,12,693.0899999999999
ORD0001205,1,debit_card,8,39.13
ORD0001206,1,boleto,5,363.27
ORD0001207,1,boleto,7,179.66
ORD0001208,1,boleto,4,291.84999999999997
ORD0001209,1,credit_card,8,786.4499999999999
ORD0001210,1,credit_card,8,221.78
ORD0001211,1,credit_card,4,303.12
ORD0001212,1,credit_card,7,297.56
ORD0001213,1,voucher,10,1466.32
ORD0001214,1,boleto,9,684.24
ORD0001215,1,boleto,11,269.34000000000003
ORD0001216,1,credit_card,2,212.01
ORD0001217,1,debit_card,9,442.59999999999997
ORD0001218,1,credit_card,10,542.65
ORD0001219,1,credit_card,6,494.85
ORD0001220,1,credit_card,12,158.68
ORD0001221,1,credit_card,10,102.23
ORD0001222,1,credit_card,10,182.7
ORD0001223,1,voucher,1,422.1
ORD0001224,1,voucher,2,375.51
ORD0001225,1,credit_card,6,137.34
ORD0001226,1,voucher,5,62.24
ORD0001227,1,voucher,7,543.53
ORD0001228,1,voucher,7,190.76
ORD0001229,1,credit_card,11,149.83
ORD0001230,1,voucher,10,121.7
ORD0001231,1,voucher,6,178.41
ORD0001232,1,credit_card,7,225.64
ORD0001233,1,credit_card,4,23.36
ORD0001234,1,boleto,8,483.18
ORD0001235,1,debit_card,6,217.55
ORD0001236,1,credit_card,1,181.04
ORD0001237,1,debit_card,9,66.93
ORD0001238,1,debit_card,3,398.12
ORD0001239,1,credit_card,5,303.96999999999997
ORD0001240,1,boleto,11,179.21
ORD0001241,1,boleto,2,573.89
ORD0001242,1,boleto,4,558.66
ORD0001243,1,credit_card,2,15.08
ORD0001244,1,debit_card,12,309.12
ORD0001245,1,boleto,10,1426.6899999999998
ORD0001246,1,credit_card,8,63.38
ORD0001247,1,voucher,6,333.24
ORD0001248,1,boleto,4,40.36
ORD0001249,1,credit_card,2,183.4
ORD0001250,1,boleto,8,58.82
ORD0001251,1,boleto,7,66.53
ORD0001252,1,boleto,8,399.22
ORD0001253,1,debit_card,2,127.45
ORD0001254,1,boleto,9,395.86
ORD0001255,1,boleto,3,598.06
ORD0001256,1,credit_card,12,769.32
ORD0001257,1,credit_card,12,37.5
ORD0001258,1,voucher,1,581.12
ORD0001259,1,voucher,5,104.3
ORD0001260,1,boleto,5,141.26
ORD0001261,1,voucher,4,96.46
ORD0001262,1,debit_card,3,119.65
ORD0001263,1,credit_card,9,64.54
ORD0001264,1,boleto,3,310.20000000000005
ORD0001265,1,voucher,11,982.1599999999999
ORD0001266,1,credit_card,3,257.24
ORD0001267,1,boleto,6,290.03999999999996
ORD0001268,1,debit_card,3,1115.3
ORD0001269,1,credit_card,11,303.36
ORD0001270,1,credit_card,4,390.25
ORD0001271,1,credit_card,11,1732.74
ORD0001272,1,voucher,4,344.94
ORD0001273,1,credit_card,2,50.76
ORD0001274,1,credit_card,11,483.03
ORD0001275,1,credit_card,10,49.74
ORD0001276,1,credit_card,1,331.44
ORD0001277,1,credit_card,12,1317.58
ORD0001278,1,credit_card,2,162.65
ORD0001279,1,boleto,7,63.21
ORD0001280,1,credit_card,2,60.54
ORD0001281,1,voucher,4,125.04
ORD0001282,1,boleto,7,527.2
ORD0001283,1,credit_card,1,184.7
ORD0001284,1,voucher,6,603.25
ORD0001285,1,boleto,10,505.23
ORD0001286,1,debit_card,4,233.71
ORD0001287,1,credit_card,1,60.92
ORD0001288,1,voucher,5,300.65
ORD0001289,1,debit_card,11,264.14
ORD0001290,1,voucher,10,326.39
ORD0001291,1,boleto,3,266.12
ORD0001292,1,credit_card,9,14.31
ORD0001293,1,boleto,9,252.64
ORD0001294,1,voucher,7,295.99
ORD0001295,1,voucher,9,120.16
ORD0001296,1,boleto,1,109.31
ORD0001297,1,boleto,5,86.48
ORD0001298,1,boleto,8,859.3000000000001
ORD0001299,1,debit_card,9,123.26
ORD0001300,1,voucher,1,744.93
ORD0001301,1,voucher,1,1022.68
ORD0001302,1,boleto,6,302.15999999999997
ORD0001303,1,voucher,2,624.9000000000001
ORD0001304,1,debit_card,2,439.32
ORD0001305,1,credit_card,4,64.64
ORD0001306,1,boleto,8,616.7
ORD0001307,1,voucher,1,491.01
ORD0001308,1,boleto,11,357.31
ORD0001309,1,voucher,12,62.36
ORD0001310,1,voucher,7,52.15
ORD0001311,1,debit_card,7,64.23
ORD0001312,1,boleto,1,28.28
ORD0001313,1,boleto,2,200.09
ORD0001314,1,boleto,2,128.29000000000002
ORD0001315,1,credit_card,3,489.78999999999996
ORD0001316,1,voucher,9,208.0
ORD0001317,1,voucher,6,181.95
ORD0001318,1,debit_card,8,135.95
ORD0001319,1,credit_card,12,107.8
ORD0001320,1,debit_card,12,273.15
ORD0001321,1,credit_card,7,144.02
ORD0001322,1,credit_card,11,335.21
ORD0001323,1,debit_card,4,274.64
ORD0001324,1,boleto,4,89.16
ORD0001325,1,debit_card,3,83.11
ORD0001326,1,boleto,6,154.64999999999998
ORD0001327,1,credit_card,11,296.32
ORD0001328,1,voucher,11,293.4
ORD0001329,1,credit_card,2,1637.44
ORD0001330,1,boleto,12,186.58
ORD0001331,1,credit_card,1,178.92
ORD0001332,1,credit_card,12,776.35
ORD0001333,1,voucher,7,104.78
ORD0001334,1,debit_card,8,38.37
ORD0001335,1,voucher,12,297.66
ORD0001336,1,debit_card,6,30.63
ORD0001337,1,credit_card,6,538.43
ORD0001338,1,boleto,11,97.02
ORD0001339,1,boleto,7,876.0
ORD0001340,1,boleto,6,137.52
ORD0001341,1,boleto,2,276.23
ORD0001342,1,credit_card,9,52.56
ORD0001343,1,debit_card,9,185.0
ORD0001344,1,voucher,8,161.62
ORD0001345,1,debit_card,11,194.6
ORD0001346,1,credit_card,8,95.3
ORD0001347,1,boleto,3,214.08
ORD0001348,1,boleto,9,171.63
ORD0001349,1,credit_card,8,253.07
ORD0001350,1,voucher,10,440.88
ORD0001351,1,credit_card,3,957.99
ORD0001352,1,voucher,3,43.22
ORD0001353,1,credit_card,9,575.98
ORD0001354,1,boleto,12,349.32
ORD0001355,1,credit_card,4,226.88
ORD0001356,1,boleto,4,89.22
ORD0001357,1,voucher,11,129.26
ORD0001358,1,debit_card,8,786.4499999999999
ORD0001359,1,credit_card,4,52.22
ORD0001360,1,credit_card,2,330.87
ORD0001361,1,debit_card,4,174.86
ORD0001362,1,debit_card,11,182.75
ORD0001363,1,debit_card,11,80.08
ORD0001364,1,boleto,12,93.4
ORD0001365,1,voucher,3,108.36
ORD0001366,1,voucher,9,247.52
ORD0001367,1,debit_card,1,83.2
ORD0001368,1,debit_card,12,134.19
ORD0001369,1,credit_card,6,81.75
ORD0001370,1,debit_card,8,139.5
ORD0001371,1,debit_card,3,349.23
ORD0001372,1,credit_card,9,285.52
ORD0001373,1,debit_card,9,338.84
ORD0001374,1,credit_card,6,494.24
ORD0001375,1,voucher,2,162.93
ORD0001376,1,boleto,1,25.72
ORD0001377,1,voucher,8,89.46
ORD0001378,1,debit_card,7,37.62
ORD0001379,1,debit_card,2,1309.26
ORD0001380,1,voucher,1,53.54
ORD0001381,1,credit_card,6,1165.42
ORD0001382,1,debit_card,7,401.76
ORD0001383,1,debit_card,7,76.38
ORD0001384,1,debit_card,8,165.66
ORD0001385,1,voucher,10,330.34999999999997
ORD0001386,1,boleto,8,244.92
ORD0001387,1,credit_card,9,239.12
ORD0001388,1,boleto,2,228.23
ORD0001389,1,voucher,9,323.07000000000005
ORD0001390,1,credit_card,9,15.6
ORD0001391,1,debit_card,10,246.29
ORD0001392,1,boleto,8,190.54
ORD0001393,1,voucher,2,194.39
ORD0001394,1,boleto,6,146.15
ORD0001395,1,voucher,10,159.59
ORD0001396,1,credit_card,8,81.21
ORD0001397,1,boleto,1,41.16
ORD0001398,1,boleto,5,299.93
ORD0001399,1,credit_card,4,62.73
ORD0001400,1,debit_card,1,290.86
ORD0001401,1,boleto,6,1828.1999999999998
ORD0001402,1,boleto,12,571.76
ORD0001403,1,credit_card,9,254.26
ORD0001404,1,credit_card,4,46.63
ORD0001405,1,boleto,12,201.99
ORD0001406,1,voucher,6,198.20999999999998
ORD0001407,1,debit_card,12,729.98
ORD0001408,1,debit_card,4,180.33
ORD0001409,1,debit_card,1,410.58000000000004
ORD0001410,1,debit_card,8,387.66999999999996
ORD0001411,1,voucher,9,308.8
ORD0001412,1,voucher,5,329.82000000000005
ORD0001413,1,boleto,1,466.08000000000004
ORD0001414,1,debit_card,12,1010.28
ORD0001415,1,credit_card,2,411.54
ORD0001416,1,boleto,4,1085.31
ORD0001417,1,voucher,8,157.04
ORD0001418,1,voucher,4,61.5
ORD0001419,1,boleto,6,241.81
ORD0001420,1,voucher,1,229.26
ORD0001421,1,credit_card,2,832.12
ORD0001422,1,credit_card,8,709.82
ORD0001423,1,boleto,2,232.87
ORD0001424,1,boleto,1,213.73
ORD0001425,1,credit_card,9,129.98
ORD0001426,1,voucher,5,118.91
ORD0001427,1,credit_card,1,129.28
ORD0001428,1,debit_card,10,87.95
ORD0001429,1,boleto,8,574.59
ORD0001430,1,voucher,3,423.01
ORD0001431,1,credit_card,11,1012.77
ORD0001432,1,boleto,3,579.64
ORD0001433,1,debit_card,7,406.4
ORD0001434,1,credit_card,5,88.64
ORD0001435,1,voucher,7,673.65
ORD0001436,1,boleto,12,520.32
ORD0001437,1,debit_card,8,85.39
ORD0001438,1,debit_card,6,176.76
ORD0001439,1,debit_card,1,1561.49
ORD0001440,1,debit_card,3,216.54
ORD0001441,1,debit_card,9,201.09
ORD0001442,1,debit_card,7,79.39
ORD0001443,1,debit_card,11,377.02
ORD0001444,1,voucher,6,348.82
ORD0001445,1,credit_card,9,603.5
ORD0001446,1,boleto,3,414.16
ORD0001447,1,credit_card,9,851.1700000000001
ORD0001448,1,boleto,3,731.28
ORD0001449,1,voucher,7,432.0
ORD0001450,1,voucher,1,313.79
ORD0001451,1,boleto,2,66.07
ORD0001452,1,credit_card,2,1664.81
ORD0001453,1,boleto,4,467.09
ORD0001454,1,credit_card,9,451.92
ORD0001455,1,boleto,7,1619.2
ORD0001456,1,boleto,8,145.76
ORD0001457,1,debit_card,4,35.11
ORD0001458,1,boleto,6,112.74
ORD0001459,1,boleto,12,45.04
ORD0001460,1,voucher,7,70.46
ORD0001461,1,boleto,4,290.45000000000005
ORD0001462,1,credit_card,11,211.11
ORD0001463,1,credit_card,3,109.95
ORD0001464,1,voucher,4,426.9
ORD0001465,1,credit_card,1,399.38
ORD0001466,1,voucher,8,382.32
ORD0001467,1,voucher,12,1386.71
ORD0001468,1,boleto,5,184.05
ORD0001469,1,voucher,2,39.13
ORD0001470,1,voucher,6,190.21
ORD0001471,1,debit_card,10,126.34
ORD0001472,1,voucher,1,91.34
ORD0001473,1,voucher,4,127.21
ORD0001474,1,credit_card,2,47.63
ORD0001475,1,credit_card,11,36.3
ORD0001476,1,debit_card,11,233.45
ORD0001477,1,boleto,10,317.91
ORD0001478,1,debit_card,5,469.65999999999997
ORD0001479,1,boleto,1,221.5
ORD0001480,1,credit_card,11,468.65999999999997
ORD0001481,1,credit_card,7,549.04
ORD0001482,1,voucher,10,115.05
ORD0001483,1,boleto,2,1185.35
ORD0001484,1,boleto,3,473.19
ORD0001485,1,boleto,3,117.62
ORD0001486,1,boleto,12,1255.99
ORD0001487,1,boleto,3,719.48
ORD0001488,1,boleto,9,312.9
ORD0001489,1,debit_card,8,544.29
ORD0001490,1,credit_card,8,675.96
ORD0001491,1,voucher,2,314.08
ORD0001492,1,debit_card,9,177.09
ORD0001493,1,credit_card,10,177.92
ORD0001494,1,debit_card,4,197.72
ORD0001495,1,boleto,3,175.47
ORD0001496,1,debit_card,11,76.39
ORD0001497,1,debit_card,10,220.19
ORD0001498,1,debit_card,5,101.29
ORD0001499,1,boleto,5,1011.3399999999999
ORD0001500,1,voucher,6,355.39
ORD0001501,1,voucher,12,625.4
ORD0001502,1,debit_card,2,445.65000000000003
ORD0001503,1,voucher,9,162.4
ORD0001504,1,boleto,2,35.89
ORD0001505,1,credit_card,5,41.67
ORD0001506,1,credit_card,5,306.01
ORD0001507,1,credit_card,9,487.98
ORD0001508,1,debit_card,2,570.66
ORD0001509,1,debit_card,5,934.84
ORD0001510,1,boleto,4,101.71
ORD0001511,1,credit_card,5,1217.58
ORD0001512,1,credit_card,1,138.68
ORD0001513,1,boleto,2,62.04
ORD0001514,1,debit_card,3,199.88
ORD0001515,1,boleto,10,353.96
ORD0001516,1,boleto,3,310.25
ORD0001517,1,debit_card,12,204.23
ORD0001518,1,credit_card,1,48.95
ORD0001519,1,credit_card,1,112.77
ORD0001520,1,debit_card,12,405.02
ORD0001521,1,boleto,3,324.84000000000003
ORD0001522,1,boleto,12,331.5
ORD0001523,1,boleto,11,295.19
ORD0001524,1,debit_card,5,40.66
ORD0001525,1,debit_card,3,384.40999999999997
ORD0001526,1,debit_card,1,419.03999999999996
ORD0001527,1,voucher,2,204.78
ORD0001528,1,boleto,10,97.34
ORD0001529,1,credit_card,2,287.32
ORD0001530,1,debit_card,10,220.93
ORD0001531,1,boleto,3,972.08
ORD0001532,1,debit_card,6,79.84
ORD0001533,1,voucher,3,181.04000000000002
ORD0001534,1,debit_card,5,209.79999999999998
ORD0001535,1,debit_card,8,152.22
ORD0001536,1,debit_card,12,61.39
ORD0001537,1,debit_card,5,291.45000000000005
ORD0001538,1,voucher,10,443.26
ORD0001539,1,voucher,4,181.41
ORD0001540,1,voucher,7,313.62
ORD0001541,1,voucher,10,44.31
ORD0001542,1,voucher,7,809.7099999999999
ORD0001543,1,debit_card,12,350.06
ORD0001544,1,debit_card,3,438.38
ORD0001545,1,voucher,11,234.06
ORD0001546,1,debit_card,5,2846.4
ORD0001547,1,credit_card,4,343.2
ORD0001548,1,debit_card,1,409.09000000000003
ORD0001549,1,boleto,2,418.5
ORD0001550,1,debit_card,5,240.64
ORD0001551,1,debit_card,9,322.21000000000004
ORD0001552,1,credit_card,3,359.82
ORD0001553,1,voucher,1,1217.58
ORD0001554,1,boleto,4,169.02
ORD0001555,1,credit_card,4,151.65
ORD0001556,1,debit_card,8,339.05
ORD0001557,1,credit_card,3,172.68
ORD0001558,1,boleto,5,96.46
ORD0001559,1,boleto,11,1391.6
ORD0001560,1,debit_card,6,89.49
ORD0001561,1,debit_card,11,2477.6499999999996
ORD0001562,1,voucher,9,266.92
ORD0001563,1,credit_card,3,441.86
ORD0001564,1,credit_card,11,105.06
ORD0001565,1,boleto,6,83.86
ORD0001566,1,debit_card,7,229.89
ORD0001567,1,debit_card,3,65.62
ORD0001568,1,boleto,4,200.07000000000002
ORD0001569,1,voucher,1,141.2
ORD0001570,1,voucher,4,460.12
ORD0001571,1,voucher,7,557.72
ORD0001572,1,boleto,1,1149.1
ORD0001573,1,credit_card,3,266.54999999999995
ORD0001574,1,boleto,1,244.20999999999998
ORD0001575,1,credit_card,1,115.65
ORD0001576,1,boleto,2,118.56
ORD0001577,1,credit_card,10,640.13
ORD0001578,1,debit_card,4,743.69
ORD0001579,1,voucher,11,111.25999999999999
ORD0001580,1,boleto,10,59.4
ORD0001581,1,debit_card,10,671.68
ORD0001582,1,debit_card,7,376.04999999999995
ORD0001583,1,boleto,2,109.26
ORD0001584,1,boleto,7,188.08
ORD0001585,1,debit_card,4,589.6500000000001
ORD0001586,1,boleto,4,263.91
ORD0001587,1,voucher,2,516.29
ORD0001588,1,boleto,8,626.78
ORD0001589,1,credit_card,11,290.56
ORD0001590,1,credit_card,10,49.4
ORD0001591,1,boleto,9,240.39999999999998
ORD0001592,1,debit_card,9,925.0999999999999
ORD0001593,1,boleto,6,22.28
ORD0001594,1,debit_card,3,457.75
ORD0001595,1,debit_card,1,93.94
ORD0001596,1,voucher,7,83.97
ORD0001597,1,voucher,4,125.52
ORD0001598,1,boleto,11,630.1800000000001
ORD0001599,1,debit_card,5,73.12
ORD0001600,1,boleto,11,113.96
ORD0001601,1,credit_card,9,75.42
ORD0001602,1,debit_card,11,636.56
ORD0001603,1,boleto,8,766.28
ORD0001604,1,credit_card,2,969.01
ORD0001605,1,voucher,3,341.42
ORD0001606,1,voucher,3,16.79
ORD0001607,1,debit_card,3,200.53
ORD0001608,1,voucher,8,377.16
ORD0001609,1,boleto,10,557.64
ORD0001610,1,voucher,4,230.1
ORD0001611,1,boleto,11,47.22
ORD0001612,1,voucher,9,193.08999999999997
ORD0001613,1,credit_card,8,482.14
ORD0001614,1,debit_card,5,285.9
ORD0001615,1,voucher,2,17.96
ORD0001616,1,boleto,1,35.09
ORD0001617,1,credit_card,12,481.24
ORD0001618,1,credit_card,6,231.84
ORD0001619,1,boleto,2,202.26
ORD0001620,1,voucher,7,263.28999999999996
ORD0001621,1,boleto,10,465.53
ORD0001622,1,debit_card,5,111.08
ORD0001623,1,credit_card,9,365.5
ORD0001624,1,boleto,11,141.26
ORD0001625,1,debit_card,6,215.98
ORD0001626,1,credit_card,8,104.49
ORD0001627,1,debit_card,2,326.44
ORD0001628,1,boleto,9,348.03999999999996
ORD0001629,1,debit_card,9,129.28
ORD0001630,1,credit_card,12,111.25
ORD0001631,1,debit_card,10,57.41
ORD0001632,1,credit_card,11,402.05
ORD0001633,1,boleto,9,113.92
ORD0001634,1,credit_card,12,221.0
ORD0001635,1,debit_card,4,61.64
ORD0001636,1,boleto,10,574.02
ORD0001637,1,boleto,2,89.77
ORD0001638,1,voucher,4,84.0
ORD0001639,1,debit_card,11,356.70000000000005
ORD0001640,1,debit_card,2,169.89000000000001
ORD0001641,1,debit_card,5,134.98
ORD0001642,1,boleto,8,43.22
ORD0001643,1,voucher,4,592.1600000000001
ORD0001644,1,credit_card,10,242.52
ORD0001645,1,voucher,2,53.68
ORD0001646,1,debit_card,9,922.34
ORD0001647,1,credit_card,9,163.76
ORD0001648,1,debit_card,8,19.09
ORD0001649,1,credit_card,3,413.00000000000006
ORD0001650,1,voucher,8,809.22
ORD0001651,1,boleto,5,131.99
ORD0001652,1,voucher,9,137.22
ORD0001653,1,boleto,3,2015.98
ORD0001654,1,boleto,1,255.75
ORD0001655,1,credit_card,10,385.88
ORD0001656,1,credit_card,6,59.84
ORD0001657,1,credit_card,8,280.2
ORD0001658,1,debit_card,10,511.98
ORD0001659,1,voucher,12,113.75
ORD0001660,1,boleto,7,563.85
ORD0001661,1,boleto,6,91.56
ORD0001662,1,debit_card,3,136.19
ORD0001663,1,credit_card,11,204.35
ORD0001664,1,voucher,10,157.04
ORD0001665,1,debit_card,9,586.5799999999999
ORD0001666,1,boleto,4,113.59
ORD0001667,1,credit_card,10,57.76
ORD0001668,1,boleto,7,855.24
ORD0001669,1,credit_card,9,60.42
ORD0001670,1,boleto,4,1798.7
ORD0001671,1,debit_card,8,107.47
ORD0001672,1,credit_card,10,270.32
ORD0001673,1,debit_card,12,574.95
ORD0001674,1,debit_card,8,103.99
ORD0001675,1,credit_card,2,257.92
ORD0001676,1,voucher,3,797.58
ORD0001677,1,voucher,5,354.87
ORD0001678,1,credit_card,3,127.66
ORD0001679,1,voucher,1,449.43
ORD0001680,1,debit_card,4,132.14
ORD0001681,1,credit_card,11,787.47
ORD0001682,1,debit_card,2,47.5
ORD0001683,1,boleto,9,1067.25
ORD0001684,1,debit_card,2,196.29
ORD0001685,1,voucher,5,182.07999999999998
ORD0001686,1,credit_card,2,245.61
ORD0001687,1,voucher,9,503.09999999999997
ORD0001688,1,debit_card,8,683.8799999999999
ORD0001689,1,debit_card,9,1063.51
ORD0001690,1,credit_card,1,122.91
ORD0001691,1,boleto,2,114.58
ORD0001692,1,debit_card,11,61.09
ORD0001693,1,boleto,8,61.85
ORD0001694,1,voucher,10,226.48000000000002
ORD0001695,1,voucher,5,847.03
ORD0001696,1,boleto,8,507.67999999999995
ORD0001697,1,debit_card,9,314.57
ORD0001698,1,credit_card,10,1251.78
ORD0001699,1,credit_card,12,912.08
ORD0001700,1,debit_card,6,376.27
ORD0001701,1,credit_card,8,295.54
ORD0001702,1,boleto,3,574.69
ORD0001703,1,debit_card,6,77.52
ORD0001704,1,voucher,6,23.75
ORD0001705,1,boleto,2,413.78
ORD0001706,1,debit_card,1,374.32
ORD0001707,1,boleto,2,1126.53
ORD0001708,1,voucher,1,368.98
ORD0001709,1,voucher,9,441.57000000000005
ORD0001710,1,voucher,4,305.62
ORD0001711,1,boleto,4,538.3100000000001
ORD0001712,1,voucher,8,376.04999999999995
ORD0001713,1,credit_card,3,1092.92
ORD0001714,1,credit_card,6,684.3000000000001
ORD0001715,1,boleto,5,105.99
ORD0001716,1,credit_card,8,648.08
ORD0001717,1,credit_card,4,409.64
ORD0001718,1,voucher,12,71.73
ORD0001719,1,debit_card,3,70.3
ORD0001720,1,debit_card,11,68.56
ORD0001721,1,debit_card,8,78.6
ORD0001722,1,voucher,9,117.18
ORD0001723,1,credit_card,11,446.96000000000004
ORD0001724,1,debit_card,7,162.86
ORD0001725,1,debit_card,8,325.3
ORD0001726,1,boleto,8,262.47
ORD0001727,1,debit_card,6,662.42
ORD0001728,1,voucher,2,389.76
ORD0001729,1,credit_card,4,411.54
ORD0001730,1,credit_card,2,101.97
ORD0001731,1,credit_card,4,227.5
ORD0001732,1,debit_card,3,487.21999999999997
ORD0001733,1,boleto,9,525.52
ORD0001734,1,voucher,2,140.19
ORD0001735,1,debit_card,1,1185.9
ORD0001736,1,voucher,4,134.19
ORD0001737,1,credit_card,7,539.3100000000001
ORD0001738,1,boleto,3,1053.02
ORD0001739,1,boleto,3,375.76
ORD0001740,1,voucher,6,223.06
ORD0001741,1,boleto,10,678.44
ORD0001742,1,boleto,2,571.85
ORD0001743,1,voucher,10,111.9
ORD0001744,1,voucher,5,582.75
ORD0001745,1,credit_card,10,738.8
ORD0001746,1,debit_card,5,118.61
ORD0001747,1,debit_card,2,54.72
ORD0001748,1,boleto,12,343.06
ORD0001749,1,credit_card,5,57.36
ORD0001750,1,voucher,3,565.47
ORD0001751,1,credit_card,5,171.5
ORD0001752,1,debit_card,6,271.2
ORD0001753,1,voucher,11,162.06
ORD0001754,1,debit_card,3,38.76
ORD0001755,1,voucher,12,2038.64
ORD0001756,1,debit_card,3,1699.35
ORD0001757,1,boleto,5,875.92
ORD0001758,1,debit_card,7,594.7900000000001
ORD0001759,1,credit_card,12,23.3
ORD0001760,1,credit_card,2,1187.3400000000001
ORD0001761,1,debit_card,1,584.6
ORD0001762,1,boleto,5,652.5200000000001
ORD0001763,1,credit_card,1,443.31000000000006
ORD0001764,1,voucher,5,216.03
ORD0001765,1,credit_card,7,328.35
ORD0001766,1,credit_card,9,80.34
ORD0001767,1,boleto,5,81.2
ORD0001768,1,voucher,4,199.82999999999998
ORD0001769,1,boleto,7,448.08000000000004
ORD0001770,1,voucher,2,830.04
ORD0001771,1,credit_card,1,1276.73
ORD0001772,1,credit_card,5,75.22
ORD0001773,1,debit_card,11,1953.5
ORD0001774,1,debit_card,9,88.16
ORD0001775,1,credit_card,1,121.49
ORD0001776,1,debit_card,1,685.3799999999999
ORD0001777,1,debit_card,5,29.34
ORD0001778,1,credit_card,9,1195.72
ORD0001779,1,debit_card,6,795.62
ORD0001780,1,debit_card,7,388.42
ORD0001781,1,debit_card,1,310.62
ORD0001782,1,debit_card,3,107.57
ORD0001783,1,credit_card,11,109.16
ORD0001784,1,debit_card,12,505.04999999999995
ORD0001785,1,boleto,1,16.07
ORD0001786,1,credit_card,5,576.36
ORD0001787,1,debit_card,4,20.27
ORD0001788,1,boleto,1,177.71
ORD0001789,1,boleto,11,712.9200000000001
ORD0001790,1,debit_card,1,483.98
ORD0001791,1,credit_card,9,187.8
ORD0001792,1,voucher,5,469.04999999999995
ORD0001793,1,voucher,2,255.13
ORD0001794,1,boleto,8,301.56
ORD0001795,1,boleto,7,21.41
ORD0001796,1,debit_card,1,242.47
ORD0001797,1,boleto,1,438.32
ORD0001798,1,credit_card,3,110.68
ORD0001799,1,debit_card,5,194.39
ORD0001800,1,voucher,9,41.16
ORD0001801,1,boleto,4,99.06
ORD0001802,1,voucher,10,210.87
ORD0001803,1,debit_card,10,365.36
ORD0001804,1,debit_card,10,200.79000000000002
ORD0001805,1,debit_card,7,833.5799999999999
ORD0001806,1,boleto,1,48.0
ORD0001807,1,boleto,3,36.08
ORD0001808,1,boleto,1,560.25
ORD0001809,1,debit_card,3,61.09
ORD0001810,1,boleto,5,1721.92
ORD0001811,1,debit_card,7,70.6
ORD0001812,1,credit_card,11,286.84
ORD0001813,1,credit_card,8,426.68999999999994
ORD0001814,1,voucher,1,332.65
ORD0001815,1,voucher,7,103.11
ORD0001816,1,debit_card,2,544.6500000000001
ORD0001817,1,boleto,8,759.94
ORD0001818,1,credit_card,5,198.69
ORD0001819,1,debit_card,7,72.91
ORD0001820,1,boleto,9,541.26
ORD0001821,1,credit_card,6,121.88
ORD0001822,1,voucher,4,41.75
ORD0001823,1,credit_card,12,31.52
ORD0001824,1,boleto,2,121.7
ORD0001825,1,voucher,11,282.63
ORD0001826,1,debit_card,5,63.22
ORD0001827,1,debit_card,5,432.06
ORD0001828,1,debit_card,1,84.78
ORD0001829,1,boleto,11,847.1999999999999
ORD0001830,1,boleto,7,53.68
ORD0001831,1,voucher,6,2002.3400000000001
ORD0001832,1,credit_card,10,997.53
ORD0001833,1,debit_card,2,1325.7
ORD0001834,1,credit_card,6,401.1
ORD0001835,1,credit_card,11,237.87
ORD0001836,1,boleto,11,135.29000000000002
ORD0001837,1,voucher,4,61.599999999999994
ORD0001838,1,debit_card,6,194.91
ORD0001839,1,voucher,12,121.52
ORD0001840,1,boleto,5,195.37
ORD0001841,1,credit_card,6,1024.4
ORD0001842,1,debit_card,1,175.03
ORD0001843,1,credit_card,6,32.1
ORD0001844,1,credit_card,7,216.06
ORD0001845,1,voucher,2,109.74
ORD0001846,1,voucher,12,236.82999999999998
ORD0001847,1,debit_card,7,114.8
ORD0001848,1,debit_card,7,464.08
ORD0001849,1,boleto,3,1863.88
ORD0001850,1,debit_card,5,565.0500000000001
ORD0001851,1,boleto,10,324.46
ORD0001852,1,credit_card,10,105.16
ORD0001853,1,voucher,8,448.08000000000004
ORD0001854,1,voucher,12,448.36
ORD0001855,1,boleto,2,277.0
ORD0001856,1,debit_card,8,217.95000000000002
ORD0001857,1,debit_card,1,149.4
ORD0001858,1,voucher,3,375.87
ORD0001859,1,debit_card,6,36.64
ORD0001860,1,boleto,9,234.52
ORD0001861,1,debit_card,11,53.52
ORD0001862,1,credit_card,5,220.93
ORD0001863,1,debit_card,7,100.9
ORD0001864,1,credit_card,11,743.9100000000001
ORD0001865,1,debit_card,7,45.86
ORD0001866,1,debit_card,2,545.3000000000001
ORD0001867,1,debit_card,1,43.16
ORD0001868,1,debit_card,5,314.5
ORD0001869,1,debit_card,11,69.28
ORD0001870,1,debit_card,3,132.26
ORD0001871,1,debit_card,6,18.58
ORD0001872,1,voucher,6,64.63
ORD0001873,1,debit_card,9,40.75
ORD0001874,1,boleto,3,193.18
ORD0001875,1,boleto,4,122.82
ORD0001876,1,debit_card,4,673.5300000000001
ORD0001877,1,boleto,1,640.6400000000001
ORD0001878,1,debit_card,10,54.02
ORD0001879,1,voucher,7,1090.82
ORD0001880,1,boleto,10,69.77
ORD0001881,1,voucher,5,557.72
ORD0001882,1,debit_card,11,803.6899999999999
ORD0001883,1,boleto,4,724.53
ORD0001884,1,boleto,3,725.12
ORD0001885,1,boleto,2,270.51
ORD0001886,1,credit_card,6,623.25
ORD0001887,1,debit_card,10,231.42000000000002
ORD0001888,1,credit_card,3,373.75
ORD0001889,1,debit_card,1,163.46
ORD0001890,1,debit_card,7,289.20000000000005
ORD0001891,1,credit_card,6,235.29
ORD0001892,1,voucher,9,185.84
ORD0001893,1,boleto,2,111.66999999999999
ORD0001894,1,debit_card,11,1318.5
ORD0001895,1,credit_card,1,587.92
ORD0001896,1,boleto,5,110.1
ORD0001897,1,voucher,8,101.13
ORD0001898,1,debit_card,8,1011.12
ORD0001899,1,voucher,8,30.68
ORD0001900,1,voucher,12,53.91
ORD0001901,1,voucher,8,89.53
ORD0001902,1,debit_card,9,358.98
ORD0001903,1,voucher,11,86.66
ORD0001904,1,debit_card,5,111.93
ORD0001905,1,boleto,2,148.28
ORD0001906,1,boleto,12,1401.77
ORD0001907,1,voucher,2,30.3
ORD0001908,1,credit_card,8,14.68
ORD0001909,1,voucher,9,303.96
ORD0001910,1,boleto,3,19.32
ORD0001911,1,voucher,9,637.98
ORD0001912,1,boleto,4,216.3
ORD0001913,1,debit_card,12,250.56
ORD0001914,1,debit_card,7,40.58
ORD0001915,1,boleto,3,88.22
ORD0001916,1,credit_card,2,736.34
ORD0001917,1,credit_card,10,84.9
ORD0001918,1,debit_card,1,35.67
ORD0001919,1,debit_card,10,69.29
ORD0001920,1,voucher,10,143.8
ORD0001921,1,voucher,9,431.82000000000005
ORD0001922,1,boleto,2,1282.8600000000001
ORD0001923,1,boleto,3,107.52
ORD0001924,1,credit_card,5,75.68
ORD0001925,1,voucher,9,116.05
ORD0001926,1,credit_card,5,62.24
ORD0001927,1,credit_card,1,256.86
ORD0001928,1,boleto,7,1398.94
ORD0001929,1,boleto,9,241.4
ORD0001930,1,boleto,1,71.57
ORD0001931,1,boleto,4,284.82
ORD0001932,1,boleto,3,122.37
ORD0001933,1,boleto,4,130.57999999999998
ORD0001934,1,boleto,4,133.92
ORD0001935,1,voucher,10,345.65999999999997
ORD0001936,1,voucher,4,276.05
ORD0001937,1,voucher,3,136.41
ORD0001938,1,debit_card,6,610.96
ORD0001939,1,debit_card,7,72.78
ORD0001940,1,debit_card,7,355.14
ORD0001941,1,voucher,12,258.64
ORD0001942,1,debit_card,11,53.68
ORD0001943,1,voucher,9,180.68
ORD0001944,1,credit_card,7,184.39
ORD0001945,1,credit_card,8,136.36
ORD0001946,1,debit_card,9,395.08000000000004
ORD0001947,1,debit_card,4,61.38
ORD0001948,1,voucher,6,241.68
ORD0001949,1,credit_card,11,2004.01
ORD0001950,1,boleto,4,78.07
ORD0001951,1,credit_card,7,314.08
ORD0001952,1,debit_card,8,130.24
ORD0001953,1,debit_card,8,222.49
ORD0001954,1,credit_card,1,162.66
ORD0001955,1,credit_card,10,1171.36
ORD0001956,1,voucher,3,261.48
ORD0001957,1,credit_card,4,23.36
ORD0001958,1,credit_card,10,564.88
ORD0001959,1,credit_card,3,400.22
ORD0001960,1,debit_card,8,68.0
ORD0001961,1,credit_card,1,281.45
ORD0001962,1,credit_card,6,873.07
ORD0001963,1,voucher,6,74.61
ORD0001964,1,credit_card,12,52.22
ORD0001965,1,boleto,1,526.41
ORD0001966,1,boleto,6,168.4
ORD0001967,1,debit_card,7,181.18
ORD0001968,1,voucher,2,67.33
ORD0001969,1,credit_card,1,85.44
ORD0001970,1,voucher,11,767.29
ORD0001971,1,voucher,3,147.74
ORD0001972,1,voucher,8,127.77000000000001
ORD0001973,1,voucher,8,703.4
ORD0001974,1,voucher,8,68.06
ORD0001975,1,boleto,5,907.6899999999999
ORD0001976,1,debit_card,5,87.92
ORD0001977,1,debit_card,9,622.07
ORD0001978,1,debit_card,5,50.76
ORD0001979,1,voucher,10,195.85
ORD0001980,1,boleto,9,292.88
ORD0001981,1,debit_card,5,175.03
ORD0001982,1,credit_card,5,246.93
ORD0001983,1,boleto,11,250.54
ORD0001984,1,boleto,4,100.88
ORD0001985,1,credit_card,12,143.39
ORD0001986,1,debit_card,3,1001.15
ORD0001987,1,boleto,10,168.87
ORD0001988,1,boleto,1,108.96
ORD0001989,1,voucher,3,251.98
ORD0001990,1,debit_card,1,420.79
ORD0001991,1,voucher,1,286.94
ORD0001992,1,boleto,8,379.34
ORD0001993,1,credit_card,7,141.27
ORD0001994,1,boleto,4,855.4300000000001
ORD0001995,1,voucher,7,629.74
ORD0001996,1,credit_card,2,22.25
ORD0001997,1,debit_card,2,2934.44
ORD0001998,1,credit_card,12,21.11
ORD0001999,1,credit_card,7,59.08
ORD0002000,1,boleto,2,449.79
ORD0002001,1,boleto,10,86.58
ORD0002002,1,boleto,4,218.52
ORD0002003,1,voucher,2,262.33000000000004
ORD0002004,1,credit_card,7,417.77
ORD0002005,1,debit_card,3,144.35
ORD0002006,1,voucher,7,124.08
ORD0002007,1,voucher,12,48.67
ORD0002008,1,debit_card,6,60.47
ORD0002009,1,boleto,12,187.08999999999997
ORD0002010,1,voucher,1,158.81
ORD0002011,1,debit_card,3,931.27
ORD0002012,1,voucher,8,454.83000000000004
ORD0002013,1,debit_card,8,644.6
ORD0002014,1,boleto,3,166.01999999999998
ORD0002015,1,boleto,4,151.1
ORD0002016,1,credit_card,12,306.53999999999996
ORD0002017,1,credit_card,2,872.5699999999999
ORD0002018,1,credit_card,8,555.42
ORD0002019,1,credit_card,5,708.7
ORD0002020,1,credit_card,5,1266.84
ORD0002021,1,credit_card,7,341.24
ORD0002022,1,credit_card,3,335.44
ORD0002023,1,debit_card,7,1057.48
ORD0002024,1,boleto,3,358.70000000000005
ORD0002025,1,voucher,8,318.34000000000003
ORD0002026,1,boleto,5,140.75
ORD0002027,1,voucher,7,64.97
ORD0002028,1,debit_card,3,385.95
ORD0002029,1,credit_card,3,415.5
ORD0002030,1,debit_card,3,481.34
ORD0002031,1,voucher,3,753.15
ORD0002032,1,credit_card,3,997.16
ORD0002033,1,debit_card,12,67.63
ORD0002034,1,debit_card,6,887.5899999999999
ORD0002035,1,credit_card,1,740.38
ORD0002036,1,boleto,3,416.83
ORD0002037,1,debit_card,11,19.82
ORD0002038,1,credit_card,1,190.06
ORD0002039,1,voucher,8,34.74
ORD0002040,1,boleto,6,86.65
ORD0002041,1,debit_card,11,35.06
ORD0002042,1,boleto,5,311.39
ORD0002043,1,credit_card,12,47.03
ORD0002044,1,voucher,2,81.16
ORD0002045,1,debit_card,11,1839.25
ORD0002046,1,boleto,2,17.92
ORD0002047,1,boleto,10,322.17
ORD0002048,1,debit_card,3,85.86
ORD0002049,1,debit_card,12,693.57
ORD0002050,1,voucher,11,71.0
ORD0002051,1,voucher,3,190.97
ORD0002052,1,credit_card,12,121.7
ORD0002053,1,boleto,7,386.15000000000003
ORD0002054,1,boleto,8,346.17
ORD0002055,1,boleto,8,158.97
ORD0002056,1,credit_card,8,241.56
ORD0002057,1,boleto,7,631.08
ORD0002058,1,voucher,2,892.55
ORD0002059,1,voucher,7,60.06
ORD0002060,1,credit_card,1,240.77
ORD0002061,1,debit_card,6,57.04
ORD0002062,1,boleto,6,445.12
ORD0002063,1,credit_card,7,38.61
ORD0002064,1,credit_card,11,108.53
ORD0002065,1,boleto,7,90.34
ORD0002066,1,credit_card,12,175.84
ORD0002067,1,debit_card,9,1026.8400000000001
ORD0002068,1,debit_card,9,181.18
ORD0002069,1,boleto,11,510.15000000000003
ORD0002070,1,boleto,3,74.08
ORD0002071,1,voucher,5,251.99
ORD0002072,1,voucher,1,206.88
ORD0002073,1,boleto,5,46.28
ORD0002074,1,voucher,5,435.7
ORD0002075,1,credit_card,6,93.58
ORD0002076,1,credit_card,3,1563.93
ORD0002077,1,credit_card,2,301.12
ORD0002078,1,boleto,9,155.8
ORD0002079,1,voucher,6,315.6
ORD0002080,1,voucher,6,101.17
ORD0002081,1,boleto,4,383.64
ORD0002082,1,boleto,7,30.87
ORD0002083,1,boleto,1,322.02
ORD0002084,1,voucher,2,14.24
ORD0002085,1,debit_card,8,176.39
ORD0002086,1,voucher,10,1087.24
ORD0002087,1,boleto,5,157.04
ORD0002088,1,credit_card,12,49.38
ORD0002089,1,credit_card,1,366.15000000000003
ORD0002090,1,credit_card,11,88.56
ORD0002091,1,debit_card,3,373.98
ORD0002092,1,credit_card,6,56.3
ORD0002093,1,credit_card,8,116.05
ORD0002094,1,voucher,1,32.1
ORD0002095,1,voucher,11,566.29
ORD0002096,1,boleto,5,454.24
ORD0002097,1,boleto,9,450.78
ORD0002098,1,voucher,3,39.65
ORD0002099,1,credit_card,11,260.26
ORD0002100,1,debit_card,4,130.08
ORD0002101,1,credit_card,1,149.93
ORD0002102,1,voucher,2,1601.2000000000003
ORD0002103,1,voucher,7,578.28
ORD0002104,1,boleto,8,511.79999999999995
ORD0002105,1,debit_card,7,30.08
ORD0002106,1,debit_card,12,56.44
ORD0002107,1,debit_card,7,393.03999999999996
ORD0002108,1,voucher,3,56.29
ORD0002109,1,debit_card,5,519.12
ORD0002110,1,boleto,7,176.91
ORD0002111,1,credit_card,6,72.36
ORD0002112,1,boleto,5,487.95000000000005
ORD0002113,1,boleto,9,230.1
ORD0002114,1,debit_card,11,118.02
ORD0002115,1,voucher,10,287.42
ORD0002116,1,debit_card,6,285.52
ORD0002117,1,debit_card,4,220.93
ORD0002118,1,debit_card,3,430.03
ORD0002119,1,credit_card,10,93.94
ORD0002120,1,credit_card,4,78.52
ORD0002121,1,debit_card,4,43.31
ORD0002122,1,credit_card,1,466.25
ORD0002123,1,voucher,9,35.14
ORD0002124,1,boleto,3,256.11
ORD0002125,1,voucher,8,324.12
ORD0002126,1,voucher,6,91.88
ORD0002127,1,credit_card,8,133.88
ORD0002128,1,voucher,12,224.73000000000002
ORD0002129,1,debit_card,7,120.9
ORD0002130,1,boleto,2,46.650000000000006
ORD0002131,1,voucher,2,64.28
ORD0002132,1,credit_card,11,802.68
ORD0002133,1,voucher,4,74.96
ORD0002134,1,credit_card,6,428.9
ORD0002135,1,credit_card,4,98.27
ORD0002136,1,credit_card,11,586.25
ORD0002137,1,boleto,1,59.78
ORD0002138,1,boleto,10,186.82
ORD0002139,1,boleto,5,183.7
ORD0002140,1,boleto,5,129.6
ORD0002141,1,debit_card,7,247.79
ORD0002142,1,debit_card,10,731.54
ORD0002143,1,voucher,3,180.33
ORD0002144,1,credit_card,4,31.46
ORD0002145,1,credit_card,5,169.38
ORD0002146,1,debit_card,4,157.74
ORD0002147,1,debit_card,12,606.26
ORD0002148,1,boleto,9,208.04
ORD0002149,1,credit_card,9,116.28
ORD0002150,1,boleto,5,208.44
ORD0002151,1,credit_card,11,148.8
ORD0002152,1,voucher,3,303.21
ORD0002153,1,credit_card,5,89.6
ORD0002154,1,debit_card,5,206.6
ORD0002155,1,credit_card,11,28.34
ORD0002156,1,debit_card,10,106.46
ORD0002157,1,voucher,9,366.58
ORD0002158,1,voucher,5,156.45
ORD0002159,1,boleto,4,252.31
ORD0002160,1,voucher,5,130.5
ORD0002161,1,voucher,12,177.4
ORD0002162,1,voucher,3,416.02
ORD0002163,1,voucher,1,97.72
ORD0002164,1,credit_card,2,350.61
ORD0002165,1,credit_card,10,39.16
ORD0002166,1,voucher,4,28.72
ORD0002167,1,credit_card,1,529.25
ORD0002168,1,debit_card,6,834.07
ORD0002169,1,voucher,7,104.1
ORD0002170,1,debit_card,12,277.77
ORD0002171,1,voucher,7,32.78
ORD0002172,1,boleto,1,41.75
ORD0002173,1,debit_card,3,841.5
ORD0002174,1,voucher,8,119.49
ORD0002175,1,voucher,8,32.78
ORD0002176,1,boleto,12,62.01
ORD0002177,1,debit_card,7,27.35
ORD0002178,1,debit_card,6,520.97
ORD0002179,1,voucher,6,658.7199999999999
ORD0002180,1,voucher,10,297.52000000000004
ORD0002181,1,credit_card,4,1183.62
ORD0002182,1,boleto,2,121.49
ORD0002183,1,boleto,5,193.09
ORD0002184,1,credit_card,2,204.82
ORD0002185,1,credit_card,1,172.53
ORD0002186,1,debit_card,4,327.93
ORD0002187,1,credit_card,10,1169.35
ORD0002188,1,boleto,3,466.61
ORD0002189,1,debit_card,10,531.5999999999999
ORD0002190,1,credit_card,1,38.37
ORD0002191,1,debit_card,1,30.44
ORD0002192,1,debit_card,12,192.95
ORD0002193,1,credit_card,6,286.1
ORD0002194,1,credit_card,3,590.72
ORD0002195,1,credit_card,5,645.16
ORD0002196,1,voucher,11,223.29000000000002
ORD0002197,1,debit_card,6,52.11
ORD0002198,1,boleto,9,286.25
ORD0002199,1,voucher,9,566.45
ORD0002200,1,credit_card,5,243.76
ORD0002201,1,debit_card,8,585.12
ORD0002202,1,debit_card,11,255.71
ORD0002203,1,boleto,12,209.64000000000001
ORD0002204,1,debit_card,9,88.88
ORD0002205,1,boleto,8,251.19
ORD0002206,1,boleto,2,106.46
ORD0002207,1,credit_card,12,187.8
ORD0002208,1,voucher,4,229.86
ORD0002209,1,debit_card,9,69.48
ORD0002210,1,credit_card,2,368.71999999999997
ORD0002211,1,boleto,8,288.38
ORD0002212,1,voucher,1,333.0
ORD0002213,1,debit_card,7,244.84
ORD0002214,1,voucher,12,818.69
ORD0002215,1,credit_card,10,124.71000000000001
ORD0002216,1,boleto,2,130.98
ORD0002217,1,debit_card,6,93.25
ORD0002218,1,voucher,7,140.36
ORD0002219,1,voucher,2,367.52
ORD0002220,1,voucher,5,117.4
ORD0002221,1,boleto,9,123.76
ORD0002222,1,credit_card,8,431.2
ORD0002223,1,debit_card,2,901.08
ORD0002224,1,credit_card,8,62.24
ORD0002225,1,credit_card,2,139.5
ORD0002226,1,voucher,12,98.52
ORD0002227,1,voucher,2,877.2900000000001
ORD0002228,1,voucher,6,261.87
ORD0002229,1,debit_card,1,144.6
ORD0002230,1,voucher,8,1583.55
ORD0002231,1,boleto,5,190.15
ORD0002232,1,debit_card,1,558.4300000000001
ORD0002233,1,debit_card,8,773.4300000000001
ORD0002234,1,credit_card,7,267.7
ORD0002235,1,debit_card,11,28.19
ORD0002236,1,boleto,5,1452.29
ORD0002237,1,debit_card,5,383.4
ORD0002238,1,debit_card,8,82.17
ORD0002239,1,boleto,6,164.23000000000002
ORD0002240,1,debit_card,4,153.88
ORD0002241,1,boleto,3,157.23
ORD0002242,1,boleto,6,84.0
ORD0002243,1,voucher,5,194.31
ORD0002244,1,boleto,9,699.9499999999999
ORD0002245,1,debit_card,9,178.2
ORD0002246,1,credit_card,5,34.48
ORD0002247,1,debit_card,1,302.48
ORD0002248,1,boleto,8,254.66
ORD0002249,1,credit_card,5,244.72
ORD0002250,1,boleto,11,237.18
ORD0002251,1,credit_card,6,195.04
ORD0002252,1,debit_card,11,1202.6
ORD0002253,1,boleto,7,704.45
ORD0002254,1,credit_card,10,71.64
ORD0002255,1,credit_card,9,278.61
ORD0002256,1,voucher,4,75.21
ORD0002257,1,voucher,2,506.94000000000005
ORD0002258,1,credit_card,4,524.28
ORD0002259,1,credit_card,10,194.98
ORD0002260,1,voucher,4,152.81
ORD0002261,1,credit_card,7,573.9
ORD0002262,1,debit_card,4,574.7
ORD0002263,1,voucher,6,216.22000000000003
ORD0002264,1,boleto,2,886.44
ORD0002265,1,voucher,10,81.62
ORD0002266,1,voucher,8,162.0
ORD0002267,1,voucher,5,53.629999999999995
ORD0002268,1,boleto,11,4521.59
ORD0002269,1,debit_card,8,137.28
ORD0002270,1,boleto,8,48.34
ORD0002271,1,credit_card,7,1372.01
ORD0002272,1,credit_card,7,1674.27
ORD0002273,1,voucher,8,1142.93
ORD0002274,1,credit_card,1,62.76
ORD0002275,1,voucher,4,55.07
ORD0002276,1,voucher,3,260.83000000000004
ORD0002277,1,credit_card,11,382.22
ORD0002278,1,boleto,9,336.59000000000003
ORD0002279,1,boleto,5,176.07
ORD0002280,1,credit_card,4,448.32
ORD0002281,1,debit_card,5,3060.16
ORD0002282,1,voucher,5,317.46999999999997
ORD0002283,1,boleto,8,1099.74
ORD0002284,1,credit_card,4,787.29
ORD0002285,1,debit_card,3,764.36
ORD0002286,1,voucher,8,737.55
ORD0002287,1,credit_card,2,218.74
ORD0002288,1,boleto,1,102.29
ORD0002289,1,debit_card,1,59.4
ORD0002290,1,voucher,6,361.18
ORD0002291,1,debit_card,6,141.02
ORD0002292,1,credit_card,9,308.35
ORD0002293,1,debit_card,3,401.4
ORD0002294,1,credit_card,6,506.49
ORD0002295,1,credit_card,4,37.62
ORD0002296,1,credit_card,10,250.62
ORD0002297,1,debit_card,7,196.92
ORD0002298,1,credit_card,12,97.6
ORD0002299,1,voucher,7,1037.46
ORD0002300,1,voucher,3,1753.77
ORD0002301,1,boleto,10,2078.63
ORD0002302,1,voucher,1,125.19999999999999
ORD0002303,1,voucher,5,630.66
ORD0002304,1,voucher,3,105.27000000000001
ORD0002305,1,voucher,10,623.19
ORD0002306,1,boleto,12,244.74
ORD0002307,1,boleto,4,279.87
ORD0002308,1,credit_card,3,149.32
ORD0002309,1,boleto,4,114.64
ORD0002310,1,credit_card,6,28.66
ORD0002311,1,voucher,6,332.68
ORD0002312,1,credit_card,10,56.41
ORD0002313,1,debit_card,2,292.53999999999996
ORD0002314,1,boleto,5,81.22
ORD0002315,1,voucher,3,156.77
ORD0002316,1,debit_card,9,663.0
ORD0002317,1,credit_card,9,58.25
ORD0002318,1,credit_card,9,642.09
ORD0002319,1,debit_card,12,129.35
ORD0002320,1,boleto,7,341.93
ORD0002321,1,credit_card,11,681.48
ORD0002322,1,boleto,12,358.42
ORD0002323,1,voucher,2,145.2
ORD0002324,1,debit_card,8,295.41
ORD0002325,1,voucher,7,60.16
ORD0002326,1,credit_card,3,975.1999999999999
ORD0002327,1,credit_card,7,1095.35
ORD0002328,1,boleto,1,716.84
ORD0002329,1,voucher,5,426.9
ORD0002330,1,debit_card,3,373.48
ORD0002331,1,credit_card,10,156.06
ORD0002332,1,debit_card,7,558.56
ORD0002333,1,voucher,11,218.52
ORD0002334,1,credit_card,11,331.65
ORD0002335,1,credit_card,6,169.38
ORD0002336,1,voucher,5,253.95
ORD0002337,1,voucher,9,134.64000000000001
ORD0002338,1,debit_card,4,349.86
ORD0002339,1,credit_card,9,266.1
ORD0002340,1,credit_card,1,510.28999999999996
ORD0002341,1,debit_card,11,268.26
ORD0002342,1,credit_card,4,129.96
ORD0002343,1,boleto,3,301.61
ORD0002344,1,voucher,1,87.95
ORD0002345,1,voucher,6,565.95
ORD0002346,1,credit_card,8,148.55
ORD0002347,1,debit_card,1,373.29
ORD0002348,1,voucher,2,343.33
ORD0002349,1,credit_card,6,264.96
ORD0002350,1,voucher,5,855.84
ORD0002351,1,debit_card,11,402.02
ORD0002352,1,credit_card,1,303.33
ORD0002353,1,credit_card,8,481.34000000000003
ORD0002354,1,voucher,2,120.28999999999999
ORD0002355,1,debit_card,12,31.46
ORD0002356,1,credit_card,5,432.09000000000003
ORD0002357,1,debit_card,11,267.6
ORD0002358,1,boleto,12,1104.08
ORD0002359,1,debit_card,9,78.66
ORD0002360,1,debit_card,10,101.28
ORD0002361,1,debit_card,10,71.98
ORD0002362,1,debit_card,5,404.96
ORD0002363,1,boleto,10,310.88
ORD0002364,1,boleto,6,24.73
ORD0002365,1,credit_card,10,472.31
ORD0002366,1,boleto,11,1605.18
ORD0002367,1,debit_card,8,312.32
ORD0002368,1,boleto,11,70.58
ORD0002369,1,credit_card,8,683.56
ORD0002370,1,credit_card,7,359.07
ORD0002371,1,boleto,11,401.68
ORD0002372,1,voucher,10,821.04
ORD0002373,1,voucher,5,171.96
ORD0002374,1,credit_card,2,221.32
ORD0002375,1,voucher,12,210.94
ORD0002376,1,debit_card,4,471.22
ORD0002377,1,voucher,9,431.02
ORD0002378,1,boleto,12,404.8
ORD0002379,1,voucher,12,370.62
ORD0002380,1,debit_card,7,1216.52
ORD0002381,1,voucher,7,370.08
ORD0002382,1,debit_card,4,191.11
ORD0002383,1,debit_card,6,320.58000000000004
ORD0002384,1,credit_card,9,100.9
ORD0002385,1,debit_card,4,438.0
ORD0002386,1,credit_card,6,198.78000000000003
ORD0002387,1,credit_card,1,256.01
ORD0002388,1,boleto,11,24.7
ORD0002389,1,credit_card,10,274.28999999999996
ORD0002390,1,voucher,1,140.15
ORD0002391,1,voucher,12,447.89
ORD0002392,1,boleto,9,83.83
ORD0002393,1,debit_card,2,146.4
ORD0002394,1,boleto,3,270.04
ORD0002395,1,debit_card,3,1498.43
ORD0002396,1,voucher,6,239.1
ORD0002397,1,debit_card,5,183.47
ORD0002398,1,voucher,3,240.97
ORD0002399,1,voucher,10,407.65
ORD0002400,1,voucher,6,274.41999999999996
ORD0002401,1,voucher,9,130.69
ORD0002402,1,debit_card,1,417.9
ORD0002403,1,boleto,1,116.82
ORD0002404,1,debit_card,10,291.12
ORD0002405,1,debit_card,12,47.47
ORD0002406,1,boleto,10,478.40999999999997
ORD0002407,1,voucher,5,328.95000000000005
ORD0002408,1,boleto,7,71.32
ORD0002409,1,voucher,11,665.88
ORD0002410,1,debit_card,11,762.3
ORD0002411,1,debit_card,7,786.9399999999999
ORD0002412,1,boleto,3,165.72
ORD0002413,1,voucher,11,169.98
ORD0002414,1,voucher,2,81.34
ORD0002415,1,debit_card,2,32.53
ORD0002416,1,credit_card,3,121.26
ORD0002417,1,credit_card,11,643.69
ORD0002418,1,boleto,11,663.0
ORD0002419,1,voucher,10,120.6
ORD0002420,1,voucher,4,219.62
ORD0002421,1,debit_card,1,144.04
ORD0002422,1,voucher,11,1431.96
ORD0002423,1,credit_card,3,1357.4
ORD0002424,1,credit_card,7,428.84999999999997
ORD0002425,1,boleto,10,526.06
ORD0002426,1,debit_card,1,177.84
ORD0002427,1,credit_card,6,394.95000000000005
ORD0002428,1,boleto,12,1448.08
ORD0002429,1,debit_card,6,304.18
ORD0002430,1,voucher,8,80.28
ORD0002431,1,voucher,1,485.04
ORD0002432,1,debit_card,3,300.31
ORD0002433,1,credit_card,12,120.53999999999999
ORD0002434,1,debit_card,1,231.70000000000002
ORD0002435,1,voucher,11,451.4
ORD0002436,1,voucher,2,662.63
ORD0002437,1,credit_card,12,657.9399999999999
ORD0002438,1,debit_card,5,361.18
ORD0002439,1,boleto,11,251.98
ORD0002440,1,credit_card,11,160.7
ORD0002441,1,voucher,10,136.86
ORD0002442,1,debit_card,5,486.84000000000003
ORD0002443,1,boleto,1,769.54
ORD0002444,1,credit_card,4,399.72
ORD0002445,1,debit_card,9,168.38
ORD0002446,1,debit_card,9,343.15
ORD0002447,1,boleto,5,80.72
ORD0002448,1,voucher,6,315.48
ORD0002449,1,voucher,7,841.81
ORD0002450,1,voucher,10,142.48
ORD0002451,1,credit_card,3,385.03000000000003
ORD0002452,1,debit_card,9,617.72
ORD0002453,1,voucher,8,146.33
ORD0002454,1,boleto,2,84.44
ORD0002455,1,debit_card,10,337.33000000000004
ORD0002456,1,voucher,9,89.34
ORD0002457,1,debit_card,3,311.45
ORD0002458,1,voucher,9,236.19
ORD0002459,1,debit_card,9,89.8
ORD0002460,1,boleto,2,423.88
ORD0002461,1,boleto,11,264.4
ORD0002462,1,credit_card,2,356.70000000000005
ORD0002463,1,debit_card,2,276.0
ORD0002464,1,voucher,12,166.02
ORD0002465,1,boleto,11,107.36
ORD0002466,1,voucher,3,154.64999999999998
ORD0002467,1,boleto,10,62.76
ORD0002468,1,voucher,3,589.6500000000001
ORD0002469,1,credit_card,12,410.96
ORD0002470,1,boleto,11,139.89000000000001
ORD0002471,1,boleto,4,164.64
ORD0002472,1,debit_card,4,66.1
ORD0002473,1,credit_card,5,44.82
ORD0002474,1,debit_card,11,724.0699999999999
ORD0002475,1,voucher,7,429.27
ORD0002476,1,voucher,12,87.58
ORD0002477,1,debit_card,12,352.2
ORD0002478,1,voucher,4,465.09000000000003
ORD0002479,1,debit_card,2,58.32
ORD0002480,1,credit_card,1,129.99
ORD0002481,1,debit_card,1,97.61
ORD0002482,1,debit_card,6,516.05
ORD0002483,1,voucher,5,413.83
ORD0002484,1,boleto,1,46.9
ORD0002485,1,voucher,8,1052.22
ORD0002486,1,voucher,8,703.9200000000001
ORD0002487,1,boleto,12,221.82
ORD0002488,1,credit_card,3,92.31
ORD0002489,1,credit_card,12,54.21
ORD0002490,1,voucher,12,417.61999999999995
ORD0002491,1,debit_card,12,144.04
ORD0002492,1,credit_card,3,242.16
ORD0002493,1,voucher,10,442.83000000000004
ORD0002494,1,debit_card,11,55.96
ORD0002495,1,boleto,6,379.68
ORD0002496,1,credit_card,8,466.05
ORD0002497,1,boleto,3,502.7
ORD0002498,1,voucher,12,1296.3600000000001
ORD0002499,1,debit_card,11,118.1
ORD0002500,1,credit_card,4,308.0
ORD0002501,1,voucher,10,251.19
ORD0002502,1,debit_card,2,240.32
ORD0002503,1,boleto,4,142.66
ORD0002504,1,boleto,10,322.7
ORD0002505,1,boleto,11,380.28000000000003
ORD0002506,1,voucher,9,1255.5
ORD0002507,1,boleto,9,1685.81
ORD0002508,1,debit_card,12,360.93
ORD0002509,1,boleto,10,325.08
ORD0002510,1,voucher,5,180.59
ORD0002511,1,credit_card,2,167.34
ORD0002512,1,voucher,6,167.91
ORD0002513,1,boleto,8,147.18
ORD0002514,1,debit_card,7,364.16999999999996
ORD0002515,1,credit_card,11,701.4399999999999
ORD0002516,1,voucher,11,144.04
ORD0002517,1,voucher,1,24.87
ORD0002518,1,voucher,4,552.46
ORD0002519,1,credit_card,5,449.96000000000004
ORD0002520,1,credit_card,12,15.34
ORD0002521,1,credit_card,11,63.64
ORD0002522,1,debit_card,12,387.19000000000005
ORD0002523,1,credit_card,1,83.5
ORD0002524,1,voucher,8,27.39
ORD0002525,1,voucher,3,200.23
ORD0002526,1,debit_card,11,127.17999999999999
ORD0002527,1,boleto,12,1019.8
ORD0002528,1,credit_card,7,187.02
ORD0002529,1,boleto,1,541.77
ORD0002530,1,voucher,12,341.44
ORD0002531,1,credit_card,11,150.18
ORD0002532,1,credit_card,9,315.4
ORD0002533,1,credit_card,3,157.3
ORD0002534,1,boleto,2,283.13
ORD0002535,1,credit_card,8,78.99
ORD0002536,1,debit_card,10,159.6
ORD0002537,1,debit_card,8,170.71
ORD0002538,1,voucher,11,80.9
ORD0002539,1,boleto,9,171.02
ORD0002540,1,boleto,1,448.42
ORD0002541,1,voucher,6,83.04
ORD0002542,1,debit_card,4,149.03
ORD0002543,1,boleto,6,14.36
ORD0002544,1,boleto,4,603.76
ORD0002545,1,boleto,9,25.24
ORD0002546,1,credit_card,1,364.16999999999996
ORD0002547,1,boleto,4,78.38
ORD0002548,1,credit_card,3,62.52
ORD0002549,1,voucher,11,80.52
ORD0002550,1,boleto,2,710.46
ORD0002551,1,debit_card,4,345.69
ORD0002552,1,boleto,11,104.1
ORD0002553,1,boleto,2,803.5799999999999
ORD0002554,1,debit_card,7,473.90999999999997
ORD0002555,1,debit_card,4,917.5
ORD0002556,1,debit_card,7,256.48
ORD0002557,1,voucher,1,440.62
ORD0002558,1,boleto,2,25.36
ORD0002559,1,debit_card,11,215.77
ORD0002560,1,debit_card,5,577.3199999999999
ORD0002561,1,debit_card,7,189.51
ORD0002562,1,debit_card,9,50.74
ORD0002563,1,boleto,8,822.6800000000001
ORD0002564,1,boleto,12,336.64
ORD0002565,1,voucher,3,142.85
ORD0002566,1,voucher,12,251.98
ORD0002567,1,voucher,6,116.87
ORD0002568,1,boleto,1,81.9
ORD0002569,1,boleto,6,292.88
ORD0002570,1,credit_card,1,126.31
ORD0002571,1,boleto,8,84.37
ORD0002572,1,voucher,1,146.98
ORD0002573,1,credit_card,1,401.45000000000005
ORD0002574,1,debit_card,1,66.26
ORD0002575,1,credit_card,2,214.72
ORD0002576,1,credit_card,10,157.82999999999998
ORD0002577,1,boleto,10,496.71
ORD0002578,1,voucher,10,532.92
ORD0002579,1,boleto,4,727.5699999999999
ORD0002580,1,credit_card,11,1713.4
ORD0002581,1,boleto,12,141.26
ORD0002582,1,credit_card,7,217.32
ORD0002583,1,credit_card,9,71.64
ORD0002584,1,debit_card,10,246.81
ORD0002585,1,credit_card,1,333.49
ORD0002586,1,credit_card,9,132.74
ORD0002587,1,debit_card,2,1629.58
ORD0002588,1,debit_card,1,124.16
ORD0002589,1,voucher,10,265.59000000000003
ORD0002590,1,voucher,10,17.05
ORD0002591,1,voucher,4,143.49
ORD0002592,1,voucher,10,106.36
ORD0002593,1,debit_card,7,297.72
ORD0002594,1,debit_card,3,246.28
ORD0002595,1,voucher,12,479.19
ORD0002596,1,credit_card,6,32.96
ORD0002597,1,credit_card,6,3958.0499999999997
ORD0002598,1,voucher,5,378.24
ORD0002599,1,voucher,12,111.78
ORD0002600,1,boleto,4,194.75
ORD0002601,1,credit_card,11,175.9
ORD0002602,1,voucher,3,496.23
ORD0002603,1,boleto,6,105.32
ORD0002604,1,boleto,9,182.69
ORD0002605,1,debit_card,7,648.72
ORD0002606,1,debit_card,6,310.51
ORD0002607,1,boleto,2,321.1
ORD0002608,1,debit_card,2,81.21
ORD0002609,1,credit_card,2,558.1700000000001
ORD0002610,1,boleto,11,515.05
ORD0002611,1,credit_card,8,665.5
ORD0002612,1,boleto,9,56.63
ORD0002613,1,voucher,5,255.99
ORD0002614,1,voucher,1,2403.8
ORD0002615,1,boleto,3,156.14
ORD0002616,1,debit_card,9,331.58
ORD0002617,1,voucher,11,1018.6800000000001
ORD0002618,1,voucher,9,124.65
ORD0002619,1,voucher,10,287.64
ORD0002620,1,boleto,5,178.34
ORD0002621,1,boleto,7,614.48
ORD0002622,1,voucher,10,104.89
ORD0002623,1,debit_card,8,372.38
ORD0002624,1,voucher,10,1311.8899999999999
ORD0002625,1,debit_card,3,269.43
ORD0002626,1,credit_card,2,62.06
ORD0002627,1,voucher,8,252.64
ORD0002628,1,voucher,8,72.39
ORD0002629,1,debit_card,4,89.77
ORD0002630,1,credit_card,10,75.85
ORD0002631,1,voucher,9,47.57
ORD0002632,1,boleto,3,1147.74
ORD0002633,1,debit_card,11,248.86
ORD0002634,1,debit_card,2,24.87
ORD0002635,1,voucher,4,192.89999999999998
ORD0002636,1,debit_card,11,303.84000000000003
ORD0002637,1,debit_card,10,58.27
ORD0002638,1,voucher,11,1090.17
ORD0002639,1,voucher,11,649.02
ORD0002640,1,credit_card,8,471.07
ORD0002641,1,credit_card,4,33.48
ORD0002642,1,voucher,2,278.78
ORD0002643,1,boleto,9,177.25
ORD0002644,1,debit_card,7,58.09
ORD0002645,1,credit_card,12,349.22
ORD0002646,1,credit_card,11,210.13
ORD0002647,1,debit_card,4,34.09
ORD0002648,1,voucher,11,335.55999999999995
ORD0002649,1,debit_card,2,304.83
ORD0002650,1,boleto,4,242.22
ORD0002651,1,voucher,12,403.15999999999997
ORD0002652,1,voucher,1,265.76
ORD0002653,1,boleto,1,268.26
ORD0002654,1,voucher,10,111.04
ORD0002655,1,voucher,4,572.5
ORD0002656,1,voucher,12,151.32
ORD0002657,1,voucher,3,220.45
ORD0002658,1,boleto,4,506.55
ORD0002659,1,voucher,5,545.25
ORD0002660,1,boleto,2,96.88
ORD0002661,1,boleto,1,152.66
ORD0002662,1,voucher,8,78.88
ORD0002663,1,voucher,4,333.12
ORD0002664,1,boleto,10,362.74
ORD0002665,1,credit_card,6,374.72
ORD0002666,1,voucher,5,58.51
ORD0002667,1,voucher,12,1499.1799999999998
ORD0002668,1,debit_card,10,364.44
ORD0002669,1,boleto,11,490.59000000000003
ORD0002670,1,boleto,6,92.68
ORD0002671,1,debit_card,1,363.02
ORD0002672,1,credit_card,7,588.3800000000001
ORD0002673,1,voucher,1,358.65
ORD0002674,1,boleto,8,124.73
ORD0002675,1,credit_card,1,344.78000000000003
ORD0002676,1,voucher,7,70.94
ORD0002677,1,debit_card,7,144.56
ORD0002678,1,credit_card,5,223.95
ORD0002679,1,debit_card,10,560.22
ORD0002680,1,voucher,11,426.07
ORD0002681,1,boleto,3,228.9
ORD0002682,1,debit_card,10,528.51
ORD0002683,1,boleto,9,323.36
ORD0002684,1,boleto,12,180.78
ORD0002685,1,debit_card,5,174.24
ORD0002686,1,boleto,8,2558.9700000000003
ORD0002687,1,debit_card,5,292.66
ORD0002688,1,boleto,10,91.18
ORD0002689,1,voucher,1,149.5
ORD0002690,1,credit_card,2,236.17
ORD0002691,1,debit_card,3,1155.4
ORD0002692,1,credit_card,4,80.52
ORD0002693,1,voucher,10,122.43
ORD0002694,1,voucher,6,260.24
ORD0002695,1,debit_card,4,44.6
ORD0002696,1,credit_card,5,59.25
ORD0002697,1,voucher,11,243.32
ORD0002698,1,credit_card,11,30.82
ORD0002699,1,voucher,3,858.34
ORD0002700,1,credit_card,1,168.8
ORD0002701,1,credit_card,6,228.29999999999998
ORD0002702,1,boleto,1,152.06
ORD0002703,1,credit_card,10,48.2
ORD0002704,1,credit_card,5,682.68
ORD0002705,1,boleto,7,200.23
ORD0002706,1,credit_card,7,52.82
ORD0002707,1,debit_card,11,232.65
ORD0002708,1,debit_card,9,140.92
ORD0002709,1,boleto,10,544.1
ORD0002710,1,credit_card,7,53.23
ORD0002711,1,debit_card,12,257.96999999999997
ORD0002712,1,credit_card,6,612.78
ORD0002713,1,voucher,12,99.42
ORD0002714,1,voucher,2,773.94
ORD0002715,1,credit_card,2,363.56
ORD0002716,1,voucher,7,99.7
ORD0002717,1,boleto,1,422.22
ORD0002718,1,debit_card,10,650.9499999999999
ORD0002719,1,voucher,6,960.73
ORD0002720,1,debit_card,6,204.93
ORD0002721,1,boleto,8,172.28
ORD0002722,1,debit_card,9,38.68
ORD0002723,1,voucher,10,362.08
ORD0002724,1,debit_card,8,403.59000000000003
ORD0002725,1,voucher,7,93.46
ORD0002726,1,credit_card,10,142.94
ORD0002727,1,boleto,6,2329.43
ORD0002728,1,credit_card,8,790.75
ORD0002729,1,voucher,11,263.62
ORD0002730,1,boleto,1,35.15
ORD0002731,1,debit_card,10,603.25
ORD0002732,1,boleto,1,260.21
ORD0002733,1,boleto,1,498.3399999999999
ORD0002734,1,boleto,5,420.45000000000005
ORD0002735,1,debit_card,9,48.2
ORD0002736,1,voucher,8,140.27
ORD0002737,1,voucher,11,14.8
ORD0002738,1,boleto,8,303.3
ORD0002739,1,voucher,7,144.02
ORD0002740,1,voucher,6,45.46
ORD0002741,1,debit_card,5,382.92
ORD0002742,1,credit_card,4,237.26999999999998
ORD0002743,1,credit_card,2,925.1999999999999
ORD0002744,1,boleto,7,171.38
ORD0002745,1,boleto,3,314.22
ORD0002746,1,debit_card,1,37.88
ORD0002747,1,credit_card,1,92.48
ORD0002748,1,boleto,1,782.12
ORD0002749,1,voucher,7,220.5
ORD0002750,1,voucher,10,561.82
ORD0002751,1,voucher,12,276.47
ORD0002752,1,credit_card,11,328.78
ORD0002753,1,voucher,12,175.07999999999998
ORD0002754,1,boleto,12,994.5
ORD0002755,1,debit_card,7,224.25
ORD0002756,1,debit_card,8,263.74
ORD0002757,1,credit_card,2,1586.38
ORD0002758,1,boleto,5,114.39000000000001
ORD0002759,1,boleto,6,972.3499999999999
ORD0002760,1,boleto,11,690.45
ORD0002761,1,debit_card,8,318.44
ORD0002762,1,voucher,2,117.16999999999999
ORD0002763,1,credit_card,7,110.16
ORD0002764,1,boleto,4,79.15
ORD0002765,1,boleto,8,38.05
ORD0002766,1,debit_card,11,131.08
ORD0002767,1,boleto,6,85.75
ORD0002768,1,voucher,10,465.53
ORD0002769,1,credit_card,4,784.4100000000001
ORD0002770,1,boleto,3,208.03
ORD0002771,1,voucher,2,916.0500000000001
ORD0002772,1,debit_card,4,1376.85
ORD0002773,1,voucher,3,243.06
ORD0002774,1,boleto,6,670.83
ORD0002775,1,debit_card,4,192.15
ORD0002776,1,debit_card,3,114.74
ORD0002777,1,credit_card,4,431.01
ORD0002778,1,credit_card,3,460.85
ORD0002779,1,credit_card,5,304.36
ORD0002780,1,voucher,4,114.81
ORD0002781,1,debit_card,1,398.13
ORD0002782,1,boleto,1,45.04
ORD0002783,1,credit_card,12,158.7
ORD0002784,1,debit_card,8,801.56
ORD0002785,1,boleto,1,645.92
ORD0002786,1,credit_card,11,162.1
ORD0002787,1,voucher,12,260.25
ORD0002788,1,credit_card,9,84.84
ORD0002789,1,debit_card,2,36.65
ORD0002790,1,credit_card,3,168.41
ORD0002791,1,voucher,11,123.26
ORD0002792,1,boleto,11,271.96000000000004
ORD0002793,1,credit_card,2,284.17
ORD0002794,1,voucher,2,80.28
ORD0002795,1,debit_card,3,272.02
ORD0002796,1,credit_card,9,208.04
ORD0002797,1,boleto,5,1136.51
ORD0002798,1,credit_card,5,358.65000000000003
ORD0002799,1,boleto,5,32.78
ORD0002800,1,credit_card,9,16.79
ORD0002801,1,voucher,10,199.26
ORD0002802,1,debit_card,11,100.16
ORD0002803,1,credit_card,11,326.64
ORD0002804,1,voucher,5,275.26
ORD0002805,1,debit_card,2,141.67
ORD0002806,1,voucher,6,296.85
ORD0002807,1,credit_card,9,229.44
ORD0002808,1,voucher,9,45.0
ORD0002809,1,debit_card,12,378.51
ORD0002810,1,voucher,3,243.4
ORD0002811,1,voucher,7,204.14
ORD0002812,1,voucher,4,691.85
ORD0002813,1,voucher,1,219.38
ORD0002814,1,boleto,3,231.69
ORD0002815,1,debit_card,1,1151.26
ORD0002816,1,voucher,5,185.7
ORD0002817,1,voucher,10,510.15000000000003
ORD0002818,1,boleto,12,223.21999999999997
ORD0002819,1,credit_card,3,154.79
ORD0002820,1,voucher,1,170.78
ORD0002821,1,credit_card,6,684.6899999999999
ORD0002822,1,voucher,10,157.7
ORD0002823,1,boleto,6,163.46
ORD0002824,1,boleto,10,56.96
ORD0002825,1,debit_card,8,151.97
ORD0002826,1,debit_card,6,523.4399999999999
ORD0002827,1,credit_card,9,214.68
ORD0002828,1,boleto,2,1165.08
ORD0002829,1,boleto,11,287.64
ORD0002830,1,credit_card,1,714.99
ORD0002831,1,credit_card,9,428.35
ORD0002832,1,boleto,4,60.47
ORD0002833,1,credit_card,4,155.94
ORD0002834,1,boleto,1,893.5500000000001
ORD0002835,1,credit_card,10,585.36
ORD0002836,1,voucher,11,120.52
ORD0002837,1,boleto,1,209.25
ORD0002838,1,debit_card,5,167.76999999999998
ORD0002839,1,debit_card,8,270.76
ORD0002840,1,voucher,9,1034.52
ORD0002841,1,boleto,7,266.05
ORD0002842,1,debit_card,1,303.22
ORD0002843,1,voucher,4,353.84
ORD0002844,1,voucher,2,160.95
ORD0002845,1,boleto,8,422.5
ORD0002846,1,credit_card,6,1053.0900000000001
ORD0002847,1,voucher,8,136.23
ORD0002848,1,boleto,11,158.68
ORD0002849,1,credit_card,12,620.0799999999999
ORD0002850,1,debit_card,1,22.72
ORD0002851,1,debit_card,7,601.38
ORD0002852,1,boleto,5,146.69
ORD0002853,1,credit_card,12,728.0
ORD0002854,1,boleto,3,248.54
ORD0002855,1,boleto,11,548.36
ORD0002856,1,voucher,2,216.66
ORD0002857,1,credit_card,7,282.59
ORD0002858,1,debit_card,7,446.43999999999994
ORD0002859,1,credit_card,8,230.51999999999998
ORD0002860,1,boleto,8,420.45000000000005
ORD0002861,1,debit_card,11,159.07
ORD0002862,1,credit_card,4,312.7
ORD0002863,1,credit_card,9,629.36
ORD0002864,1,voucher,6,69.77
ORD0002865,1,boleto,6,554.72
ORD0002866,1,debit_card,4,113.80000000000001
ORD0002867,1,boleto,6,64.05
ORD0002868,1,debit_card,11,545.96
ORD0002869,1,debit_card,10,145.9
ORD0002870,1,voucher,12,264.01
ORD0002871,1,voucher,11,326.0
ORD0002872,1,credit_card,7,151.45999999999998
ORD0002873,1,voucher,1,452.2
ORD0002874,1,voucher,9,208.62
ORD0002875,1,credit_card,10,136.05
ORD0002876,1,credit_card,8,51.6
ORD0002877,1,debit_card,8,40.11
ORD0002878,1,debit_card,4,375.76
ORD0002879,1,boleto,10,166.3
ORD0002880,1,voucher,4,99.68
ORD0002881,1,boleto,5,184.41
ORD0002882,1,credit_card,3,112.84
ORD0002883,1,boleto,2,41.26
ORD0002884,1,credit_card,1,318.29
ORD0002885,1,debit_card,10,237.0
ORD0002886,1,boleto,6,936.72
ORD0002887,1,boleto,4,107.52
ORD0002888,1,debit_card,8,542.0
ORD0002889,1,credit_card,4,557.72
ORD0002890,1,voucher,2,19.58
ORD0002891,1,voucher,2,100.44
ORD0002892,1,boleto,12,689.72
ORD0002893,1,credit_card,10,455.72
ORD0002894,1,boleto,8,400.2
ORD0002895,1,credit_card,3,170.67
ORD0002896,1,boleto,6,23.25
ORD0002897,1,voucher,10,335.9
ORD0002898,1,boleto,11,384.02
ORD0002899,1,voucher,7,19.91
ORD0002900,1,voucher,4,128.96
ORD0002901,1,debit_card,3,233.95
ORD0002902,1,voucher,12,249.32
ORD0002903,1,voucher,11,444.83000000000004
ORD0002904,1,debit_card,12,713.9
ORD0002905,1,debit_card,10,1028.5900000000001
ORD0002906,1,boleto,9,654.84
ORD0002907,1,boleto,8,138.54
ORD0002908,1,credit_card,2,476.49
ORD0002909,1,boleto,2,110.08
ORD0002910,1,boleto,2,65.64
ORD0002911,1,voucher,10,45.21
ORD0002912,1,credit_card,8,1517.53
ORD0002913,1,debit_card,2,408.03
ORD0002914,1,credit_card,12,170.58
ORD0002915,1,boleto,5,483.92999999999995
ORD0002916,1,voucher,10,857.24
ORD0002917,1,debit_card,7,473.95000000000005
ORD0002918,1,boleto,9,132.74
ORD0002919,1,debit_card,12,182.23999999999998
ORD0002920,1,debit_card,8,71.78
ORD0002921,1,credit_card,5,206.34
ORD0002922,1,credit_card,9,493.07
ORD0002923,1,debit_card,8,520.72
ORD0002924,1,boleto,6,474.08000000000004
ORD0002925,1,boleto,12,409.64
ORD0002926,1,debit_card,4,547.4
ORD0002927,1,debit_card,6,20.72
ORD0002928,1,voucher,8,112.44
ORD0002929,1,credit_card,5,286.40999999999997
ORD0002930,1,voucher,6,482.48
ORD0002931,1,credit_card,10,248.20999999999998
ORD0002932,1,voucher,4,286.71000000000004
ORD0002933,1,boleto,9,568.5799999999999
ORD0002934,1,boleto,4,259.79
ORD0002935,1,debit_card,11,85.39
ORD0002936,1,boleto,6,85.58
ORD0002937,1,debit_card,3,378.6
ORD0002938,1,credit_card,7,560.23
ORD0002939,1,voucher,3,154.46
ORD0002940,1,debit_card,1,208.44
ORD0002941,1,voucher,5,1118.81
ORD0002942,1,voucher,3,381.54
ORD0002943,1,debit_card,5,61.5
ORD0002944,1,debit_card,6,246.57999999999998
ORD0002945,1,credit_card,9,152.81
ORD0002946,1,boleto,5,391.7
ORD0002947,1,debit_card,3,393.24
ORD0002948,1,credit_card,7,77.3
ORD0002949,1,credit_card,9,124.19
ORD0002950,1,boleto,6,158.12
ORD0002951,1,debit_card,9,859.5
ORD0002952,1,boleto,6,39.06
ORD0002953,1,credit_card,11,122.86
ORD0002954,1,credit_card,12,456.82
ORD0002955,1,voucher,11,188.60999999999999
ORD0002956,1,debit_card,8,457.06
ORD0002957,1,voucher,10,57.36
ORD0002958,1,debit_card,12,331.68
ORD0002959,1,credit_card,10,70.94
ORD0002960,1,boleto,2,299.86
ORD0002961,1,credit_card,9,163.98
ORD0002962,1,voucher,7,510.15000000000003
ORD0002963,1,debit_card,11,189.54
ORD0002964,1,credit_card,3,334.72
ORD0002965,1,boleto,3,410.0
ORD0002966,1,debit_card,8,34.28
ORD0002967,1,credit_card,6,350.61
ORD0002968,1,voucher,2,108.52
ORD0002969,1,boleto,12,160.16
ORD0002970,1,debit_card,2,411.75
ORD0002971,1,boleto,11,65.54
ORD0002972,1,boleto,4,171.22
ORD0002973,1,debit_card,1,91.2
ORD0002974,1,credit_card,1,75.1
ORD0002975,1,debit_card,7,260.0
ORD0002976,1,voucher,12,102.51
ORD0002977,1,boleto,4,22.28
ORD0002978,1,voucher,11,819.6999999999999
ORD0002979,1,debit_card,5,138.03
ORD0002980,1,boleto,12,106.73
ORD0002981,1,debit_card,3,86.66
ORD0002982,1,voucher,9,317.75
ORD0002983,1,voucher,6,1174.97
ORD0002984,1,credit_card,6,204.74
ORD0002985,1,debit_card,8,101.13
ORD0002986,1,boleto,7,282.56
ORD0002987,1,credit_card,8,234.76
ORD0002988,1,debit_card,10,1036.44
ORD0002989,1,boleto,3,86.65
ORD0002990,1,debit_card,2,498.21000000000004
ORD0002991,1,boleto,7,62.24
ORD0002992,1,debit_card,2,23.48
ORD0002993,1,boleto,6,87.55000000000001
ORD0002994,1,debit_card,10,93.11
ORD0002995,1,debit_card,4,83.12
ORD0002996,1,voucher,10,62.08
ORD0002997,1,credit_card,2,710.78
ORD0002998,1,voucher,11,139.08
ORD0002999,1,boleto,11,195.2
ORD0003000,1,credit_card,1,126.44
ORD0003001,1,voucher,9,103.1
ORD0003002,1,boleto,1,245.52
ORD0003003,1,voucher,4,77.4
ORD0003004,1,debit_card,7,1121.76
ORD0003005,1,voucher,1,479.15
ORD0003006,1,boleto,6,255.8
ORD0003007,1,voucher,7,192.95
ORD0003008,1,credit_card,8,38.13
ORD0003009,1,boleto,9,189.92000000000002
ORD0003010,1,credit_card,4,58.38
ORD0003011,1,debit_card,2,271.24
ORD0003012,1,voucher,4,81.56
ORD0003013,1,debit_card,6,1290.8
ORD0003014,1,debit_card,9,70.04
ORD0003015,1,boleto,11,460.28000000000003
ORD0003016,1,credit_card,8,132.14999999999998
ORD0003017,1,credit_card,3,106.64
ORD0003018,1,debit_card,1,206.87
ORD0003019,1,debit_card,8,212.39999999999998
ORD0003020,1,voucher,5,51.46
ORD0003021,1,credit_card,3,268.14
ORD0003022,1,credit_card,11,62.34
ORD0003023,1,debit_card,12,70.6
ORD0003024,1,debit_card,12,64.05
ORD0003025,1,voucher,2,151.21
ORD0003026,1,boleto,1,142.62
ORD0003027,1,credit_card,4,678.1
ORD0003028,1,debit_card,10,198.85
ORD0003029,1,debit_card,7,244.46
ORD0003030,1,voucher,1,2058.0
ORD0003031,1,credit_card,9,198.08
ORD0003032,1,credit_card,3,84.59
ORD0003033,1,voucher,2,35.63
ORD0003034,1,debit_card,2,63.52
ORD0003035,1,debit_card,6,277.92
ORD0003036,1,debit_card,2,614.26
ORD0003037,1,debit_card,5,43.17
ORD0003038,1,voucher,5,251.13
ORD0003039,1,credit_card,12,1627.0
ORD0003040,1,boleto,9,42.96
ORD0003041,1,debit_card,9,143.86
ORD0003042,1,debit_card,6,684.32
ORD0003043,1,boleto,4,533.84
ORD0003044,1,boleto,7,75.68
ORD0003045,1,debit_card,10,294.01
ORD0003046,1,debit_card,9,147.25
ORD0003047,1,boleto,12,119.78
ORD0003048,1,voucher,5,147.77
ORD0003049,1,credit_card,4,284.73
ORD0003050,1,debit_card,6,162.75
ORD0003051,1,voucher,1,57.41
ORD0003052,1,debit_card,7,281.84
ORD0003053,1,debit_card,8,1586.82
ORD0003054,1,credit_card,8,454.77
ORD0003055,1,debit_card,5,470.78999999999996
ORD0003056,1,credit_card,1,247.29
ORD0003057,1,voucher,6,35.15
ORD0003058,1,voucher,9,2586.04
ORD0003059,1,credit_card,8,134.85
ORD0003060,1,boleto,5,122.78999999999999
ORD0003061,1,boleto,2,357.36
ORD0003062,1,credit_card,8,35.02
ORD0003063,1,credit_card,6,117.96
ORD0003064,1,credit_card,8,192.94
ORD0003065,1,voucher,10,130.72
ORD0003066,1,voucher,3,510.15000000000003
ORD0003067,1,voucher,1,670.95
ORD0003068,1,boleto,12,72.02
ORD0003069,1,boleto,8,164.09
ORD0003070,1,credit_card,4,75.1
ORD0003071,1,credit_card,9,240.42
ORD0003072,1,credit_card,6,89.83
ORD0003073,1,debit_card,10,54.8
ORD0003074,1,voucher,9,242.67000000000002
ORD0003075,1,boleto,7,78.84
ORD0003076,1,boleto,9,128.54
ORD0003077,1,voucher,2,383.06
ORD0003078,1,debit_card,4,638.42
ORD0003079,1,debit_card,5,120.52
ORD0003080,1,debit_card,1,224.8
ORD0003081,1,voucher,8,202.94
ORD0003082,1,debit_card,8,434.42
ORD0003083,1,voucher,1,431.24
ORD0003084,1,credit_card,5,281.68
ORD0003085,1,credit_card,11,217.16
ORD0003086,1,debit_card,6,580.32
ORD0003087,1,debit_card,8,54.48
ORD0003088,1,boleto,10,70.6
ORD0003089,1,credit_card,10,357.6
ORD0003090,1,boleto,1,187.56
ORD0003091,1,debit_card,1,186.74
ORD0003092,1,voucher,1,124.72
ORD0003093,1,debit_card,5,911.34
ORD0003094,1,voucher,12,38.43
ORD0003095,1,debit_card,12,790.29
ORD0003096,1,credit_card,1,437.02
ORD0003097,1,voucher,4,438.82000000000005
ORD0003098,1,credit_card,1,271.93
ORD0003099,1,debit_card,2,184.49
ORD0003100,1,debit_card,3,301.32
ORD0003101,1,debit_card,3,94.64
ORD0003102,1,boleto,10,385.72
ORD0003103,1,debit_card,9,325.86
ORD0003104,1,boleto,5,2319.39
ORD0003105,1,debit_card,7,367.05999999999995
ORD0003106,1,debit_card,10,280.76
ORD0003107,1,credit_card,4,907.64
ORD0003108,1,debit_card,5,194.6
ORD0003109,1,debit_card,1,28.7
ORD0003110,1,boleto,4,117.38
ORD0003111,1,boleto,6,352.52
ORD0003112,1,voucher,10,260.06
ORD0003113,1,debit_card,7,189.74
ORD0003114,1,debit_card,6,55.34
ORD0003115,1,credit_card,2,130.08
ORD0003116,1,voucher,4,163.46
ORD0003117,1,boleto,1,57.4
ORD0003118,1,voucher,12,505.36
ORD0003119,1,debit_card,10,469.74
ORD0003120,1,credit_card,3,781.75
ORD0003121,1,voucher,10,830.55
ORD0003122,1,voucher,10,42.93
ORD0003123,1,voucher,12,47.57
ORD0003124,1,boleto,1,105.42
ORD0003125,1,debit_card,3,399.95
ORD0003126,1,debit_card,7,977.2
ORD0003127,1,credit_card,9,121.00999999999999
ORD0003128,1,voucher,3,56.19
ORD0003129,1,debit_card,6,120.02
ORD0003130,1,boleto,2,642.9000000000001
ORD0003131,1,voucher,6,61.47
ORD0003132,1,credit_card,7,93.25
ORD0003133,1,voucher,2,418.01
ORD0003134,1,debit_card,11,272.01
ORD0003135,1,credit_card,12,477.12
ORD0003136,1,boleto,7,432.12
ORD0003137,1,boleto,3,186.07
ORD0003138,1,boleto,8,133.06
ORD0003139,1,debit_card,1,158.72
ORD0003140,1,credit_card,12,865.21
ORD0003141,1,voucher,8,641.25
ORD0003142,1,boleto,6,701.02
ORD0003143,1,debit_card,4,559.33
ORD0003144,1,voucher,12,122.11
ORD0003145,1,boleto,7,1012.6800000000001
ORD0003146,1,debit_card,11,123.2
ORD0003147,1,credit_card,1,37.68
ORD0003148,1,voucher,8,24.73
ORD0003149,1,credit_card,11,55.43
ORD0003150,1,voucher,12,3302.3
ORD0003151,1,voucher,2,477.14
ORD0003152,1,debit_card,8,266.25
ORD0003153,1,debit_card,6,140.99
ORD0003154,1,debit_card,2,181.02
ORD0003155,1,debit_card,5,62.43
ORD0003156,1,credit_card,3,87.57
ORD0003157,1,voucher,12,74.2
ORD0003158,1,credit_card,12,1646.4
ORD0003159,1,debit_card,12,144.93
ORD0003160,1,debit_card,3,107.53999999999999
ORD0003161,1,credit_card,11,336.76
ORD0003162,1,credit_card,6,206.17000000000002
ORD0003163,1,voucher,4,583.1099999999999
ORD0003164,1,debit_card,12,1284.6599999999999
ORD0003165,1,debit_card,10,137.32
ORD0003166,1,boleto,12,22.82
ORD0003167,1,voucher,2,282.48
ORD0003168,1,credit_card,12,88.96
ORD0003169,1,voucher,6,37.62
ORD0003170,1,boleto,9,135.38
ORD0003171,1,credit_card,6,299.78
ORD0003172,1,voucher,1,567.5799999999999
ORD0003173,1,voucher,1,892.7
ORD0003174,1,debit_card,8,47.02
ORD0003175,1,debit_card,7,220.76
ORD0003176,1,debit_card,4,79.88
ORD0003177,1,boleto,9,243.69
ORD0003178,1,credit_card,6,97.34
ORD0003179,1,voucher,10,208.0
ORD0003180,1,debit_card,6,394.89
ORD0003181,1,voucher,8,98.72
ORD0003182,1,debit_card,5,715.01
ORD0003183,1,debit_card,6,439.8
ORD0003184,1,boleto,3,140.39999999999998
ORD0003185,1,credit_card,8,244.74
ORD0003186,1,boleto,5,54.21
ORD0003187,1,boleto,12,1435.37
ORD0003188,1,credit_card,10,48.16
ORD0003189,1,debit_card,4,186.63
ORD0003190,1,debit_card,7,409.64
ORD0003191,1,voucher,5,467.44
ORD0003192,1,boleto,12,606.78
ORD0003193,1,voucher,11,121.48
ORD0003194,1,debit_card,3,102.37
ORD0003195,1,voucher,1,176.2
ORD0003196,1,voucher,1,394.06
ORD0003197,1,boleto,9,264.92
ORD0003198,1,boleto,8,191.23
ORD0003199,1,debit_card,4,543.94
ORD0003200,1,boleto,7,63.17
ORD0003201,1,debit_card,8,92.99
ORD0003202,1,debit_card,8,380.1
ORD0003203,1,credit_card,1,516.26
ORD0003204,1,debit_card,11,107.07
ORD0003205,1,voucher,10,416.02
ORD0003206,1,debit_card,2,225.04999999999998
ORD0003207,1,voucher,1,64.32
ORD0003208,1,credit_card,11,120.78
ORD0003209,1,credit_card,11,1164.4
ORD0003210,1,credit_card,8,97.34
ORD0003211,1,debit_card,7,234.26
ORD0003212,1,voucher,12,401.1
ORD0003213,1,credit_card,12,44.43
ORD0003214,1,credit_card,7,313.1
ORD0003215,1,credit_card,6,395.47
ORD0003216,1,boleto,3,613.75
ORD0003217,1,debit_card,2,1862.23
ORD0003218,1,credit_card,7,692.9300000000001
ORD0003219,1,boleto,10,246.68
ORD0003220,1,credit_card,4,177.60000000000002
ORD0003221,1,debit_card,4,421.55999999999995
ORD0003222,1,voucher,7,802.48
ORD0003223,1,voucher,7,346.6
ORD0003224,1,voucher,6,282.56
ORD0003225,1,voucher,7,75.49
ORD0003226,1,voucher,1,1700.58
ORD0003227,1,debit_card,3,118.16
ORD0003228,1,debit_card,11,683.62
ORD0003229,1,boleto,7,969.0899999999999
ORD0003230,1,debit_card,8,201.97
ORD0003231,1,credit_card,4,722.9200000000001
ORD0003232,1,voucher,9,102.98
ORD0003233,1,credit_card,2,353.61
ORD0003234,1,credit_card,1,70.18
ORD0003235,1,boleto,3,156.38
ORD0003236,1,boleto,7,195.2
ORD0003237,1,voucher,8,173.92
ORD0003238,1,debit_card,11,142.62
ORD0003239,1,boleto,8,1422.0500000000002
ORD0003240,1,boleto,1,192.48
ORD0003241,1,debit_card,5,305.48
ORD0003242,1,boleto,9,198.85
ORD0003243,1,voucher,5,170.6
ORD0003244,1,voucher,6,100.95
ORD0003245,1,debit_card,7,53.68
ORD0003246,1,debit_card,1,1293.4
ORD0003247,1,voucher,4,1146.42
ORD0003248,1,credit_card,10,39.48
ORD0003249,1,boleto,4,1002.8899999999999
ORD0003250,1,debit_card,2,177.64
ORD0003251,1,voucher,1,391.06
ORD0003252,1,boleto,7,108.03
ORD0003253,1,credit_card,3,436.94
ORD0003254,1,boleto,5,692.52
ORD0003255,1,boleto,3,136.99
ORD0003256,1,credit_card,7,133.85
ORD0003257,1,boleto,5,632.02
ORD0003258,1,debit_card,2,287.54999999999995
ORD0003259,1,voucher,11,33.54
ORD0003260,1,debit_card,2,283.62
ORD0003261,1,credit_card,8,123.86
ORD0003262,1,voucher,5,388.04999999999995
ORD0003263,1,boleto,5,120.31
ORD0003264,1,debit_card,3,35.69
ORD0003265,1,credit_card,2,114.94
ORD0003266,1,debit_card,7,177.92
ORD0003267,1,voucher,1,558.04
ORD0003268,1,credit_card,8,614.93
ORD0003269,1,boleto,1,54.7
ORD0003270,1,debit_card,4,43.52
ORD0003271,1,debit_card,6,275.94
ORD0003272,1,debit_card,5,183.21
ORD0003273,1,boleto,7,1274.26
ORD0003274,1,voucher,5,333.3
ORD0003275,1,credit_card,7,57.51
ORD0003276,1,boleto,3,249.88
ORD0003277,1,boleto,9,313.1
ORD0003278,1,voucher,3,515.4
ORD0003279,1,credit_card,11,69.33
ORD0003280,1,voucher,11,233.71
ORD0003281,1,credit_card,10,432.09000000000003
ORD0003282,1,debit_card,4,189.4
ORD0003283,1,credit_card,3,62.41
ORD0003284,1,credit_card,8,721.26
ORD0003285,1,boleto,3,889.8100000000001
ORD0003286,1,voucher,4,146.20999999999998
ORD0003287,1,boleto,2,120.78
ORD0003288,1,boleto,8,30.78
ORD0003289,1,boleto,9,719.48
ORD0003290,1,debit_card,1,102.26
ORD0003291,1,credit_card,1,80.52
ORD0003292,1,credit_card,11,22.28
ORD0003293,1,voucher,8,275.73
ORD0003294,1,voucher,2,91.77
ORD0003295,1,debit_card,4,276.99
ORD0003296,1,voucher,6,985.16
ORD0003297,1,debit_card,1,138.48000000000002
ORD0003298,1,credit_card,1,48.16
ORD0003299,1,voucher,3,71.0
ORD0003300,1,credit_card,6,172.3
ORD0003301,1,credit_card,10,90.22
ORD0003302,1,debit_card,9,440.65
ORD0003303,1,voucher,1,947.42
ORD0003304,1,boleto,1,81.0
ORD0003305,1,voucher,11,61.91
ORD0003306,1,voucher,7,120.60000000000001
ORD0003307,1,debit_card,5,53.18
ORD0003308,1,boleto,5,384.91999999999996
ORD0003309,1,credit_card,2,118.02
ORD0003310,1,credit_card,6,1115.44
ORD0003311,1,voucher,2,168.3
ORD0003312,1,boleto,3,422.19
ORD0003313,1,voucher,5,283.76
ORD0003314,1,voucher,2,36.75
ORD0003315,1,voucher,8,439.26
ORD0003316,1,voucher,7,627.73
ORD0003317,1,credit_card,11,191.34
ORD0003318,1,boleto,8,217.98
ORD0003319,1,debit_card,3,144.8
ORD0003320,1,credit_card,10,158.66
ORD0003321,1,credit_card,8,278.86
ORD0003322,1,debit_card,12,238.47000000000003
ORD0003323,1,debit_card,8,186.21
ORD0003324,1,voucher,5,81.95
ORD0003325,1,boleto,8,29.27
ORD0003326,1,boleto,4,331.61
ORD0003327,1,boleto,8,1476.6000000000001
ORD0003328,1,debit_card,7,163.46
ORD0003329,1,voucher,4,362.86
ORD0003330,1,debit_card,11,142.71
ORD0003331,1,voucher,10,664.51
ORD0003332,1,boleto,4,45.21
ORD0003333,1,boleto,8,686.4
ORD0003334,1,debit_card,11,311.76
ORD0003335,1,voucher,1,98.77
ORD0003336,1,credit_card,2,86.15
ORD0003337,1,boleto,12,1909.24
ORD0003338,1,voucher,1,465.53
ORD0003339,1,credit_card,6,877.94
ORD0003340,1,debit_card,3,220.69
ORD0003341,1,voucher,10,31.46
ORD0003342,1,credit_card,1,43.29
ORD0003343,1,voucher,8,175.05
ORD0003344,1,credit_card,10,79.84
ORD0003345,1,debit_card,9,252.34
ORD0003346,1,credit_card,11,62.24
ORD0003347,1,credit_card,11,121.78999999999999
ORD0003348,1,credit_card,3,78.21000000000001
ORD0003349,1,voucher,10,3018.78
ORD0003350,1,debit_card,7,285.15
ORD0003351,1,credit_card,1,33.02
ORD0003352,1,voucher,10,183.54
ORD0003353,1,debit_card,7,159.71
ORD0003354,1,voucher,3,75.68
ORD0003355,1,voucher,5,122.95
ORD0003356,1,voucher,9,157.74
ORD0003357,1,voucher,5,521.49
ORD0003358,1,credit_card,12,228.43
ORD0003359,1,voucher,10,730.13
ORD0003360,1,debit_card,11,177.07000000000002
ORD0003361,1,boleto,10,31.01
ORD0003362,1,voucher,1,24.0
ORD0003363,1,debit_card,8,321.44
ORD0003364,1,debit_card,8,348.29999999999995
ORD0003365,1,credit_card,5,460.81000000000006
ORD0003366,1,debit_card,5,283.70000000000005
ORD0003367,1,debit_card,11,102.37
ORD0003368,1,voucher,7,303.96
ORD0003369,1,credit_card,7,377.88
ORD0003370,1,voucher,10,45.65
ORD0003371,1,debit_card,6,60.47
ORD0003372,1,debit_card,9,84.6
ORD0003373,1,credit_card,7,52.89
ORD0003374,1,boleto,11,508.65000000000003
ORD0003375,1,boleto,12,249.34
ORD0003376,1,debit_card,1,754.04
ORD0003377,1,voucher,5,144.56
ORD0003378,1,credit_card,3,656.7
ORD0003379,1,credit_card,10,85.61
ORD0003380,1,debit_card,5,186.42
ORD0003381,1,voucher,12,391.52
ORD0003382,1,credit_card,2,76.7
ORD0003383,1,voucher,2,307.47
ORD0003384,1,debit_card,10,392.12
ORD0003385,1,voucher,8,77.27
ORD0003386,1,debit_card,1,143.8
ORD0003387,1,credit_card,3,754.72
ORD0003388,1,boleto,7,101.55
ORD0003389,1,voucher,1,185.2
ORD0003390,1,debit_card,7,129.89
ORD0003391,1,boleto,2,356.26
ORD0003392,1,boleto,9,1642.18
ORD0003393,1,debit_card,7,243.36
ORD0003394,1,boleto,4,149.48
ORD0003395,1,debit_card,6,157.98
ORD0003396,1,boleto,9,57.96
ORD0003397,1,debit_card,9,171.04
ORD0003398,1,credit_card,7,357.89
ORD0003399,1,debit_card,1,151.61
ORD0003400,1,debit_card,9,254.88
ORD0003401,1,boleto,7,99.88
ORD0003402,1,debit_card,5,115.99
ORD0003403,1,boleto,11,327.29
ORD0003404,1,credit_card,6,370.95000000000005
ORD0003405,1,credit_card,5,212.92
ORD0003406,1,voucher,4,124.99
ORD0003407,1,credit_card,9,516.36
ORD0003408,1,debit_card,9,473.78000000000003
ORD0003409,1,boleto,10,296.74
ORD0003410,1,credit_card,2,170.71
ORD0003411,1,boleto,9,441.63
ORD0003412,1,credit_card,4,814.9
ORD0003413,1,boleto,8,622.69
ORD0003414,1,voucher,7,334.28
ORD0003415,1,credit_card,7,123.86
ORD0003416,1,voucher,7,114.44
ORD0003417,1,debit_card,11,229.53000000000003
ORD0003418,1,debit_card,10,339.51
ORD0003419,1,debit_card,2,997.16
ORD0003420,1,debit_card,5,154.5
ORD0003421,1,debit_card,11,243.38
ORD0003422,1,debit_card,6,488.49
ORD0003423,1,voucher,3,186.84
ORD0003424,1,debit_card,8,1081.75
ORD0003425,1,debit_card,8,50.74
ORD0003426,1,boleto,11,1200.62
ORD0003427,1,boleto,2,380.21999999999997
ORD0003428,1,credit_card,3,172.38
ORD0003429,1,voucher,4,361.04
ORD0003430,1,voucher,5,115.29
ORD0003431,1,voucher,10,271.02
ORD0003432,1,credit_card,3,269.63
ORD0003433,1,voucher,5,89.53
ORD0003434,1,boleto,7,2762.16
ORD0003435,1,debit_card,10,335.12
ORD0003436,1,voucher,3,578.41
ORD0003437,1,voucher,5,153.52
ORD0003438,1,boleto,7,24.76
ORD0003439,1,debit_card,5,221.0
ORD0003440,1,debit_card,10,33.99
ORD0003441,1,credit_card,3,1124.52
ORD0003442,1,debit_card,1,969.0899999999999
ORD0003443,1,debit_card,4,66.1
ORD0003444,1,debit_card,3,319.82000000000005
ORD0003445,1,boleto,11,347.56
ORD0003446,1,debit_card,11,251.62
ORD0003447,1,boleto,8,112.77
ORD0003448,1,credit_card,9,606.2700000000001
ORD0003449,1,credit_card,5,66.07
ORD0003450,1,debit_card,1,147.68
ORD0003451,1,voucher,8,140.16
ORD0003452,1,debit_card,8,238.69
ORD0003453,1,boleto,4,337.59
ORD0003454,1,voucher,4,504.72999999999996
ORD0003455,1,credit_card,11,93.21
ORD0003456,1,credit_card,7,83.97
ORD0003457,1,debit_card,11,924.44
ORD0003458,1,debit_card,11,50.35
ORD0003459,1,debit_card,9,53.0
ORD0003460,1,debit_card,9,72.35
ORD0003461,1,credit_card,10,582.2
ORD0003462,1,credit_card,6,629.77
ORD0003463,1,voucher,10,106.36
ORD0003464,1,boleto,11,158.04
ORD0003465,1,credit_card,12,111.55000000000001
ORD0003466,1,voucher,1,589.6500000000001
ORD0003467,1,credit_card,12,1041.18
ORD0003468,1,debit_card,11,91.05
ORD0003469,1,debit_card,12,52.25
ORD0003470,1,debit_card,1,173.03
ORD0003471,1,debit_card,8,333.12
ORD0003472,1,debit_card,2,237.68
ORD0003473,1,debit_card,5,315.12
ORD0003474,1,voucher,10,397.58
ORD0003475,1,boleto,7,200.84
ORD0003476,1,boleto,2,692.6
ORD0003477,1,voucher,2,66.04
ORD0003478,1,voucher,3,310.99
ORD0003479,1,debit_card,10,261.42
ORD0003480,1,credit_card,5,326.77
ORD0003481,1,voucher,9,191.37
ORD0003482,1,boleto,11,103.5
ORD0003483,1,boleto,7,144.26
ORD0003484,1,debit_card,12,622.2
ORD0003485,1,debit_card,4,174.45
ORD0003486,1,voucher,4,565.74
ORD0003487,1,voucher,8,877.03
ORD0003488,1,boleto,3,178.99
ORD0003489,1,debit_card,2,122.76
ORD0003490,1,debit_card,11,1214.34
ORD0003491,1,debit_card,1,186.72
ORD0003492,1,voucher,11,261.46999999999997
ORD0003493,1,voucher,3,491.55
ORD0003494,1,credit_card,8,377.2
ORD0003495,1,voucher,5,98.42
ORD0003496,1,debit_card,7,520.47
ORD0003497,1,debit_card,10,520.4200000000001
ORD0003498,1,credit_card,2,48.0
ORD0003499,1,credit_card,4,1014.6600000000001
ORD0003500,1,boleto,3,170.52
ORD0003501,1,boleto,1,70.18
ORD0003502,1,credit_card,2,793.8599999999999
ORD0003503,1,boleto,11,257.08
ORD0003504,1,debit_card,2,1112.24
ORD0003505,1,voucher,6,52.71
ORD0003506,1,credit_card,7,101.36
ORD0003507,1,credit_card,8,248.62
ORD0003508,1,credit_card,10,179.72
ORD0003509,1,boleto,10,133.28
ORD0003510,1,voucher,9,124.88
ORD0003511,1,boleto,11,224.76
ORD0003512,1,voucher,6,89.2
ORD0003513,1,credit_card,3,620.64
ORD0003514,1,credit_card,10,21.11
ORD0003515,1,credit_card,7,220.29
ORD0003516,1,debit_card,3,261.67
ORD0003517,1,credit_card,5,656.79
ORD0003518,1,credit_card,1,2147.68
ORD0003519,1,credit_card,10,273.38
ORD0003520,1,credit_card,3,85.89
ORD0003521,1,boleto,11,648.9000000000001
ORD0003522,1,credit_card,8,498.58
ORD0003523,1,boleto,9,1654.35
ORD0003524,1,boleto,10,59.91
ORD0003525,1,debit_card,7,221.0
ORD0003526,1,credit_card,11,115.84
ORD0003527,1,boleto,9,44.38
ORD0003528,1,voucher,11,57.04
ORD0003529,1,credit_card,10,1021.37
ORD0003530,1,debit_card,8,1021.7799999999999
ORD0003531,1,credit_card,10,2142.4700000000003
ORD0003532,1,debit_card,5,15.07
ORD0003533,1,credit_card,12,1365.47
ORD0003534,1,debit_card,3,102.27000000000001
ORD0003535,1,credit_card,10,2816.8
ORD0003536,1,debit_card,7,1316.6100000000001
ORD0003537,1,voucher,12,86.22
ORD0003538,1,boleto,8,104.28
ORD0003539,1,debit_card,12,587.53
ORD0003540,1,boleto,5,121.43
ORD0003541,1,voucher,10,450.19999999999993
ORD0003542,1,voucher,4,221.38
ORD0003543,1,debit_card,1,215.87
ORD0003544,1,boleto,9,180.39999999999998
ORD0003545,1,debit_card,4,274.85
ORD0003546,1,boleto,1,449.41
ORD0003547,1,boleto,12,69.33
ORD0003548,1,credit_card,9,1159.49
ORD0003549,1,credit_card,4,365.77
ORD0003550,1,debit_card,7,187.88
ORD0003551,1,credit_card,1,211.18
ORD0003552,1,debit_card,10,357.68
ORD0003553,1,boleto,3,95.48
ORD0003554,1,boleto,4,55.6
ORD0003555,1,debit_card,11,43.0
ORD0003556,1,debit_card,8,81.92
ORD0003557,1,boleto,5,741.46
ORD0003558,1,credit_card,8,165.84
ORD0003559,1,credit_card,12,177.82
ORD0003560,1,voucher,11,32.88
ORD0003561,1,boleto,6,1029.48
ORD0003562,1,debit_card,2,183.44
ORD0003563,1,boleto,6,275.82
ORD0003564,1,credit_card,7,477.69
ORD0003565,1,credit_card,5,31.09
ORD0003566,1,debit_card,1,866.6200000000001
ORD0003567,1,debit_card,6,1051.8000000000002
ORD0003568,1,debit_card,4,93.7
ORD0003569,1,voucher,6,286.48
ORD0003570,1,credit_card,11,211.12
ORD0003571,1,debit_card,12,263.6
ORD0003572,1,credit_card,7,472.12
ORD0003573,1,debit_card,12,603.02
ORD0003574,1,boleto,7,189.57
ORD0003575,1,credit_card,3,95.1
ORD0003576,1,credit_card,4,50.48
ORD0003577,1,boleto,7,227.78000000000003
ORD0003578,1,boleto,7,644.25
ORD0003579,1,debit_card,8,342.19000000000005
ORD0003580,1,voucher,6,90.07
ORD0003581,1,voucher,2,442.26
ORD0003582,1,debit_card,10,246.15
ORD0003583,1,voucher,5,1225.98
ORD0003584,1,debit_card,2,79.98
ORD0003585,1,credit_card,10,158.45000000000002
ORD0003586,1,debit_card,9,2558.9700000000003
ORD0003587,1,debit_card,6,184.49
ORD0003588,1,debit_card,12,174.15
ORD0003589,1,debit_card,12,33.48
ORD0003590,1,boleto,3,266.25
ORD0003591,1,debit_card,6,78.73
ORD0003592,1,voucher,5,133.22
ORD0003593,1,boleto,5,91.65
ORD0003594,1,debit_card,6,40.93
ORD0003595,1,boleto,4,1374.25
ORD0003596,1,debit_card,2,831.1
ORD0003597,1,voucher,3,269.82
ORD0003598,1,voucher,1,1113.67
ORD0003599,1,boleto,11,131.08
ORD0003600,1,credit_card,4,94.38
ORD0003601,1,boleto,12,91.56
ORD0003602,1,boleto,6,86.29
ORD0003603,1,voucher,12,453.14
ORD0003604,1,voucher,1,251.16
ORD0003605,1,debit_card,2,332.39
ORD0003606,1,voucher,9,549.0
ORD0003607,1,credit_card,1,29.41
ORD0003608,1,voucher,11,41.16
ORD0003609,1,voucher,11,1943.37
ORD0003610,1,debit_card,9,141.03
ORD0003611,1,voucher,8,236.5
ORD0003612,1,debit_card,9,96.59
ORD0003613,1,credit_card,8,557.32
ORD0003614,1,boleto,8,62.01
ORD0003615,1,boleto,1,110.08
ORD0003616,1,debit_card,4,544.02
ORD0003617,1,debit_card,2,720.65
ORD0003618,1,credit_card,12,70.56
ORD0003619,1,credit_card,8,700.12
ORD0003620,1,boleto,2,886.44
ORD0003621,1,credit_card,6,124.12
ORD0003622,1,debit_card,12,305.74
ORD0003623,1,debit_card,3,67.33
ORD0003624,1,credit_card,7,145.5
ORD0003625,1,credit_card,8,291.33
ORD0003626,1,debit_card,1,457.78
ORD0003627,1,credit_card,4,442.08000000000004
ORD0003628,1,credit_card,1,354.33000000000004
ORD0003629,1,voucher,4,423.58
ORD0003630,1,boleto,7,62.04
ORD0003631,1,debit_card,4,502.52
ORD0003632,1,credit_card,8,347.48
ORD0003633,1,credit_card,9,100.06
ORD0003634,1,credit_card,7,388.42
ORD0003635,1,credit_card,11,453.12
ORD0003636,1,debit_card,2,112.32
ORD0003637,1,credit_card,5,1627.0
ORD0003638,1,voucher,3,1060.28
ORD0003639,1,debit_card,4,78.96
ORD0003640,1,debit_card,12,70.48
ORD0003641,1,voucher,11,153.33
ORD0003642,1,debit_card,3,624.0
ORD0003643,1,voucher,2,712.14
ORD0003644,1,debit_card,1,80.86
ORD0003645,1,boleto,6,300.28
ORD0003646,1,voucher,2,28.09
ORD0003647,1,boleto,3,770.88
ORD0003648,1,voucher,6,151.73
ORD0003649,1,credit_card,3,123.82
ORD0003650,1,voucher,5,455.72
ORD0003651,1,voucher,2,151.61
ORD0003652,1,voucher,6,58.82
ORD0003653,1,credit_card,8,277.68
ORD0003654,1,debit_card,1,59.86
ORD0003655,1,credit_card,7,182.94
ORD0003656,1,credit_card,1,363.66
ORD0003657,1,voucher,9,369.92
ORD0003658,1,credit_card,10,274.39
ORD0003659,1,credit_card,7,621.97
ORD0003660,1,voucher,3,260.42
ORD0003661,1,debit_card,6,117.96
ORD0003662,1,credit_card,1,49.52
ORD0003663,1,debit_card,11,359.54
ORD0003664,1,debit_card,3,2649.19
ORD0003665,1,credit_card,11,118.25
ORD0003666,1,debit_card,4,153.02
ORD0003667,1,debit_card,11,330.87
ORD0003668,1,voucher,8,82.88
ORD0003669,1,debit_card,2,184.52
ORD0003670,1,boleto,10,147.03
ORD0003671,1,boleto,11,826.2
ORD0003672,1,credit_card,2,21.61
ORD0003673,1,credit_card,10,437.73
ORD0003674,1,credit_card,2,372.1
ORD0003675,1,boleto,6,236.24
ORD0003676,1,credit_card,2,404.93999999999994
ORD0003677,1,voucher,8,29.12
ORD0003678,1,voucher,12,262.16
ORD0003679,1,debit_card,7,141.03
ORD0003680,1,credit_card,1,41.44
ORD0003681,1,boleto,3,531.91
ORD0003682,1,boleto,9,269.6
ORD0003683,1,debit_card,9,343.71
ORD0003684,1,debit_card,2,358.3
ORD0003685,1,boleto,10,125.55000000000001
ORD0003686,1,boleto,8,457.48
ORD0003687,1,debit_card,6,147.94
ORD0003688,1,boleto,5,180.59
ORD0003689,1,boleto,7,55.57
ORD0003690,1,voucher,4,164.7
ORD0003691,1,credit_card,7,1176.0
ORD0003692,1,voucher,3,995.91
ORD0003693,1,credit_card,6,81.92
ORD0003694,1,debit_card,7,283.06
ORD0003695,1,debit_card,4,60.28
ORD0003696,1,voucher,6,96.74
ORD0003697,1,voucher,8,189.48
ORD0003698,1,debit_card,4,241.69
ORD0003699,1,debit_card,7,412.29999999999995
ORD0003700,1,boleto,4,630.8
ORD0003701,1,credit_card,3,88.62
ORD0003702,1,boleto,11,316.83
ORD0003703,1,boleto,12,67.66
ORD0003704,1,boleto,1,367.11
ORD0003705,1,voucher,11,178.84
ORD0003706,1,voucher,6,294.85
ORD0003707,1,boleto,10,663.0
ORD0003708,1,debit_card,12,298.68
ORD0003709,1,voucher,1,59.47
ORD0003710,1,voucher,9,170.85000000000002
ORD0003711,1,boleto,3,414.54999999999995
ORD0003712,1,credit_card,7,59.4
ORD0003713,1,credit_card,5,336.76
ORD0003714,1,credit_card,12,574.36
ORD0003715,1,boleto,4,107.31
ORD0003716,1,boleto,5,219.6
ORD0003717,1,boleto,10,737.3100000000001
ORD0003718,1,voucher,7,719.64
ORD0003719,1,boleto,7,343.83000000000004
ORD0003720,1,boleto,7,651.72
ORD0003721,1,debit_card,12,93.42
ORD0003722,1,boleto,9,2512.84
ORD0003723,1,boleto,3,393.1
ORD0003724,1,boleto,4,206.4
ORD0003725,1,voucher,2,404.74
ORD0003726,1,boleto,10,402.21999999999997
ORD0003727,1,boleto,4,1072.01
ORD0003728,1,boleto,1,471.77
ORD0003729,1,debit_card,3,559.92
ORD0003730,1,voucher,8,257.85
ORD0003731,1,debit_card,10,522.85
ORD0003732,1,credit_card,12,383.02
ORD0003733,1,credit_card,11,82.0
ORD0003734,1,boleto,5,374.64
ORD0003735,1,boleto,5,558.98
ORD0003736,1,voucher,11,42.82
ORD0003737,1,boleto,12,525.3199999999999
ORD0003738,1,debit_card,5,212.52
ORD0003739,1,credit_card,12,733.61
ORD0003740,1,debit_card,5,402.58000000000004
ORD0003741,1,credit_card,12,612.82
ORD0003742,1,debit_card,5,49.01
ORD0003743,1,voucher,1,290.43
ORD0003744,1,voucher,11,44.38
ORD0003745,1,boleto,8,282.71999999999997
ORD0003746,1,credit_card,12,137.57999999999998
ORD0003747,1,debit_card,6,62.32
ORD0003748,1,boleto,8,113.51
ORD0003749,1,boleto,5,172.28
ORD0003750,1,boleto,4,98.23
ORD0003751,1,voucher,1,95.85
ORD0003752,1,boleto,11,241.41
ORD0003753,1,voucher,10,190.96
ORD0003754,1,debit_card,11,207.14
ORD0003755,1,boleto,12,1318.95
ORD0003756,1,debit_card,8,511.45000000000005
ORD0003757,1,boleto,11,325.86
ORD0003758,1,boleto,7,493.04
ORD0003759,1,debit_card,1,166.08
ORD0003760,1,boleto,11,983.34
ORD0003761,1,voucher,1,376.73
ORD0003762,1,credit_card,6,750.03
ORD0003763,1,credit_card,6,418.15999999999997
ORD0003764,1,boleto,5,39.44
ORD0003765,1,credit_card,8,105.44999999999999
ORD0003766,1,voucher,10,365.5
ORD0003767,1,debit_card,6,89.8
ORD0003768,1,boleto,3,2035.26
ORD0003769,1,debit_card,8,415.02
ORD0003770,1,debit_card,5,446.15999999999997
ORD0003771,1,credit_card,4,352.78
ORD0003772,1,debit_card,1,507.16
ORD0003773,1,debit_card,7,555.12
ORD0003774,1,debit_card,12,946.8000000000001
ORD0003775,1,credit_card,3,295.35
ORD0003776,1,debit_card,9,219.05
ORD0003777,1,credit_card,3,373.62
ORD0003778,1,boleto,11,95.14
ORD0003779,1,debit_card,10,598.7599999999999
ORD0003780,1,boleto,5,74.08
ORD0003781,1,credit_card,6,190.97
ORD0003782,1,debit_card,6,113.71000000000001
ORD0003783,1,boleto,9,152.82
ORD0003784,1,boleto,12,392.08000000000004
ORD0003785,1,debit_card,6,26.57
ORD0003786,1,credit_card,10,426.77
ORD0003787,1,boleto,4,77.19
ORD0003788,1,voucher,2,532.1
ORD0003789,1,voucher,1,349.02
ORD0003790,1,credit_card,8,130.02
ORD0003791,1,debit_card,12,66.19
ORD0003792,1,credit_card,6,179.06
ORD0003793,1,boleto,12,201.8
ORD0003794,1,debit_card,8,55.68
ORD0003795,1,credit_card,10,549.04
ORD0003796,1,boleto,11,274.68
ORD0003797,1,boleto,4,346.88
ORD0003798,1,boleto,7,119.82
ORD0003799,1,voucher,6,59.47
ORD0003800,1,voucher,11,272.25
ORD0003801,1,voucher,9,140.36
ORD0003802,1,credit_card,5,304.85
ORD0003803,1,boleto,5,511.75
ORD0003804,1,boleto,5,1485.21
ORD0003805,1,credit_card,9,184.36
ORD0003806,1,credit_card,2,35.67
ORD0003807,1,debit_card,3,24.87
ORD0003808,1,credit_card,5,228.12
ORD0003809,1,debit_card,3,125.74
ORD0003810,1,boleto,5,89.38
ORD0003811,1,debit_card,8,85.31
ORD0003812,1,boleto,6,235.24
ORD0003813,1,voucher,6,273.15
ORD0003814,1,debit_card,2,609.71
ORD0003815,1,credit_card,4,366.75
ORD0003816,1,credit_card,4,184.23
ORD0003817,1,debit_card,6,297.97
ORD0003818,1,debit_card,8,40.2
ORD0003819,1,boleto,6,348.38
ORD0003820,1,debit_card,4,71.38
ORD0003821,1,boleto,10,445.94
ORD0003822,1,credit_card,10,312.74
ORD0003823,1,boleto,1,394.93999999999994
ORD0003824,1,boleto,10,51.55
ORD0003825,1,credit_card,12,244.32999999999998
ORD0003826,1,voucher,11,159.1
ORD0003827,1,boleto,7,129.58
ORD0003828,1,credit_card,11,296.94
ORD0003829,1,debit_card,11,186.44000000000003
ORD0003830,1,credit_card,2,1720.27
ORD0003831,1,boleto,11,67.19
ORD0003832,1,voucher,4,247.89
ORD0003833,1,credit_card,5,310.09
ORD0003834,1,boleto,3,335.38
ORD0003835,1,credit_card,4,720.1800000000001
ORD0003836,1,voucher,3,61.61
ORD0003837,1,boleto,10,784.74
ORD0003838,1,voucher,8,1102.2
ORD0003839,1,boleto,1,152.36
ORD0003840,1,voucher,9,835.8
ORD0003841,1,voucher,1,62.82
ORD0003842,1,voucher,9,263.7
ORD0003843,1,voucher,11,685.9000000000001
ORD0003844,1,voucher,2,104.78
ORD0003845,1,voucher,2,106.38
ORD0003846,1,debit_card,2,375.32
ORD0003847,1,credit_card,2,268.91999999999996
ORD0003848,1,voucher,5,606.0600000000001
ORD0003849,1,credit_card,6,648.09
ORD0003850,1,boleto,7,220.32
ORD0003851,1,credit_card,1,63.03
ORD0003852,1,voucher,6,701.3399999999999
ORD0003853,1,boleto,3,956.32
ORD0003854,1,credit_card,3,386.4
ORD0003855,1,debit_card,9,230.38
ORD0003856,1,credit_card,4,119.6
ORD0003857,1,credit_card,6,933.1199999999999
ORD0003858,1,debit_card,12,950.8
ORD0003859,1,debit_card,5,81.06
ORD0003860,1,credit_card,8,601.3
ORD0003861,1,credit_card,12,507.2
ORD0003862,1,credit_card,7,127.96000000000001
ORD0003863,1,debit_card,10,135.26
ORD0003864,1,credit_card,6,67.03
ORD0003865,1,debit_card,1,221.38
ORD0003866,1,boleto,8,358.37
ORD0003867,1,debit_card,11,247.3
ORD0003868,1,voucher,3,39.9
ORD0003869,1,debit_card,12,110.83
ORD0003870,1,boleto,5,46.22
ORD0003871,1,boleto,12,88.96
ORD0003872,1,voucher,5,50.35
ORD0003873,1,voucher,11,344.09000000000003
ORD0003874,1,credit_card,3,137.18
ORD0003875,1,voucher,6,236.83999999999997
ORD0003876,1,debit_card,5,15.08
ORD0003877,1,credit_card,5,663.0
ORD0003878,1,credit_card,12,37.62
ORD0003879,1,boleto,3,74.85
ORD0003880,1,debit_card,10,193.23999999999998
ORD0003881,1,voucher,2,276.71999999999997
ORD0003882,1,debit_card,3,40.95
ORD0003883,1,boleto,10,39.83
ORD0003884,1,credit_card,5,1092.98
ORD0003885,1,boleto,12,585.7
ORD0003886,1,debit_card,4,37.04
ORD0003887,1,voucher,3,201.43
ORD0003888,1,debit_card,9,84.55
ORD0003889,1,voucher,6,191.86
ORD0003890,1,voucher,11,370.74
ORD0003891,1,voucher,5,179.16
ORD0003892,1,credit_card,6,62.43
ORD0003893,1,voucher,2,738.79
ORD0003894,1,debit_card,10,2278.35
ORD0003895,1,boleto,10,287.84
ORD0003896,1,credit_card,9,45.5
ORD0003897,1,voucher,9,135.02
ORD0003898,1,boleto,12,165.10000000000002
ORD0003899,1,debit_card,7,549.92
ORD0003900,1,credit_card,1,192.06
ORD0003901,1,credit_card,10,154.63
ORD0003902,1,voucher,8,38.52
ORD0003903,1,boleto,8,805.78
ORD0003904,1,debit_card,3,188.88
ORD0003905,1,credit_card,11,19.97
ORD0003906,1,debit_card,12,1104.04
ORD0003907,1,debit_card,4,124.99
ORD0003908,1,boleto,3,279.76
ORD0003909,1,credit_card,7,156.1
ORD0003910,1,voucher,3,1522.55
ORD0003911,1,boleto,3,468.48
ORD0003912,1,debit_card,4,751.23
ORD0003913,1,debit_card,7,365.27
ORD0003914,1,boleto,11,2354.75
ORD0003915,1,voucher,12,107.05
ORD0003916,1,debit_card,4,127.28
ORD0003917,1,credit_card,11,137.18
ORD0003918,1,credit_card,1,339.76
ORD0003919,1,credit_card,12,489.36
ORD0003920,1,voucher,8,57.37
ORD0003921,1,credit_card,8,44.8
ORD0003922,1,voucher,6,343.92
ORD0003923,1,credit_card,10,98.23
ORD0003924,1,voucher,4,61.85
ORD0003925,1,voucher,7,164.62
ORD0003926,1,boleto,7,110.22
ORD0003927,1,debit_card,9,489.76
ORD0003928,1,debit_card,3,393.24
ORD0003929,1,credit_card,2,224.7
ORD0003930,1,voucher,1,1708.37
ORD0003931,1,voucher,2,142.48
ORD0003932,1,boleto,4,154.93
ORD0003933,1,voucher,9,79.22
ORD0003934,1,boleto,6,324.9
ORD0003935,1,debit_card,2,205.12
ORD0003936,1,voucher,6,187.44
ORD0003937,1,credit_card,10,52.55
ORD0003938,1,voucher,4,149.81
ORD0003939,1,debit_card,7,118.61
ORD0003940,1,debit_card,11,101.58
ORD0003941,1,debit_card,11,237.18
ORD0003942,1,voucher,2,82.17
ORD0003943,1,boleto,10,724.04
ORD0003944,1,credit_card,2,495.42
ORD0003945,1,voucher,6,248.54
ORD0003946,1,voucher,6,652.0
ORD0003947,1,voucher,12,184.3
ORD0003948,1,boleto,1,176.76
ORD0003949,1,voucher,2,209.92
ORD0003950,1,debit_card,2,43.17
ORD0003951,1,debit_card,11,58.05
ORD0003952,1,boleto,9,433.52000000000004
ORD0003953,1,debit_card,10,271.56
ORD0003954,1,debit_card,4,466.91
ORD0003955,1,boleto,1,87.95
ORD0003956,1,boleto,10,282.04
ORD0003957,1,credit_card,1,143.82
ORD0003958,1,voucher,9,48.08
ORD0003959,1,voucher,9,115.83
ORD0003960,1,boleto,1,959.41
ORD0003961,1,debit_card,8,293.73
ORD0003962,1,credit_card,4,173.92
ORD0003963,1,debit_card,3,678.1
ORD0003964,1,credit_card,8,186.05
ORD0003965,1,boleto,2,63.03
ORD0003966,1,boleto,11,169.72
ORD0003967,1,voucher,2,1241.6699999999998
ORD0003968,1,debit_card,5,501.01
ORD0003969,1,voucher,11,671.79
ORD0003970,1,debit_card,5,645.66
ORD0003971,1,debit_card,1,24.69
ORD0003972,1,voucher,12,155.45
ORD0003973,1,boleto,8,1307.8999999999999
ORD0003974,1,boleto,9,21.12
ORD0003975,1,debit_card,11,367.78
ORD0003976,1,voucher,4,94.93
ORD0003977,1,credit_card,7,140.38
ORD0003978,1,voucher,2,188.4
ORD0003979,1,voucher,10,231.89
ORD0003980,1,credit_card,5,53.6
ORD0003981,1,voucher,10,476.92
ORD0003982,1,credit_card,12,142.74
ORD0003983,1,credit_card,8,126.17
ORD0003984,1,boleto,8,69.48
ORD0003985,1,debit_card,10,53.92
ORD0003986,1,voucher,10,220.95999999999998
ORD0003987,1,debit_card,10,69.88
ORD0003988,1,boleto,8,212.52
ORD0003989,1,debit_card,10,200.04000000000002
ORD0003990,1,boleto,8,57.91
ORD0003991,1,credit_card,2,42.68
ORD0003992,1,boleto,4,481.59000000000003
ORD0003993,1,debit_card,4,147.91
ORD0003994,1,credit_card,9,91.56
ORD0003995,1,credit_card,7,334.15999999999997
ORD0003996,1,credit_card,8,291.32
ORD0003997,1,voucher,1,431.55999999999995
ORD0003998,1,boleto,7,185.58
ORD0003999,1,debit_card,9,824.5500000000001
ORD0004000,1,boleto,2,43.33
ORD0004001,1,voucher,11,320.32
ORD0004002,1,voucher,1,980.82
ORD0004003,1,voucher,12,40.66
ORD0004004,1,voucher,7,209.04000000000002
ORD0004005,1,voucher,7,71.98
ORD0004006,1,debit_card,5,182.37
ORD0004007,1,voucher,3,104.02
ORD0004008,1,boleto,10,506.68
ORD0004009,1,boleto,5,26.22
ORD0004010,1,debit_card,3,52.66
ORD0004011,1,credit_card,7,72.35
ORD0004012,1,boleto,11,1168.76
ORD0004013,1,voucher,2,692.34
ORD0004014,1,voucher,3,168.3
ORD0004015,1,voucher,6,36.08
ORD0004016,1,boleto,3,381.21999999999997
ORD0004017,1,credit_card,7,94.25
ORD0004018,1,boleto,10,595.25
ORD0004019,1,debit_card,10,331.14
ORD0004020,1,credit_card,6,269.44
ORD0004021,1,debit_card,6,47.98
ORD0004022,1,debit_card,7,64.92
ORD0004023,1,debit_card,7,62.42
ORD0004024,1,credit_card,12,194.05
ORD0004025,1,boleto,7,1485.3
ORD0004026,1,boleto,12,204.93
ORD0004027,1,boleto,11,204.32
ORD0004028,1,voucher,6,1397.15
ORD0004029,1,boleto,3,325.3
ORD0004030,1,voucher,3,165.75
ORD0004031,1,credit_card,12,572.74
ORD0004032,1,voucher,4,69.64
ORD0004033,1,voucher,1,279.06
ORD0004034,1,debit_card,9,19.58
ORD0004035,1,voucher,10,371.67
ORD0004036,1,boleto,8,749.57
ORD0004037,1,debit_card,9,324.09000000000003
ORD0004038,1,voucher,6,363.81
ORD0004039,1,boleto,8,106.15
ORD0004040,1,voucher,10,185.04
ORD0004041,1,boleto,1,90.82
ORD0004042,1,credit_card,10,314.62
ORD0004043,1,credit_card,7,46.34
ORD0004044,1,boleto,1,70.46
ORD0004045,1,debit_card,8,139.39
ORD0004046,1,debit_card,11,367.37
ORD0004047,1,voucher,11,198.85
ORD0004048,1,debit_card,1,475.6
ORD0004049,1,boleto,10,67.34
ORD0004050,1,voucher,12,177.32999999999998
ORD0004051,1,debit_card,4,885.32
ORD0004052,1,debit_card,2,415.62
ORD0004053,1,voucher,5,103.22
ORD0004054,1,credit_card,9,23.45
ORD0004055,1,boleto,5,310.22999999999996
ORD0004056,1,voucher,9,454.22
ORD0004057,1,boleto,1,666.12
ORD0004058,1,debit_card,9,96.32
ORD0004059,1,debit_card,7,78.26
ORD0004060,1,debit_card,11,337.59
ORD0004061,1,debit_card,5,337.59
ORD0004062,1,debit_card,12,121.84
ORD0004063,1,boleto,9,40.58
ORD0004064,1,voucher,3,1698.2499999999998
ORD0004065,1,boleto,12,321.9
ORD0004066,1,voucher,6,230.84
ORD0004067,1,debit_card,6,545.15
ORD0004068,1,boleto,4,646.6800000000001
ORD0004069,1,credit_card,6,488.47999999999996
ORD0004070,1,credit_card,2,387.96
ORD0004071,1,voucher,1,216.34
ORD0004072,1,credit_card,1,565.12
ORD0004073,1,debit_card,6,129.23
ORD0004074,1,debit_card,4,31.02
ORD0004075,1,credit_card,8,152.22
ORD0004076,1,voucher,3,116.24
ORD0004077,1,voucher,12,1460.65
ORD0004078,1,boleto,9,80.08
ORD0004079,1,voucher,10,92.15
ORD0004080,1,voucher,3,256.96
ORD0004081,1,voucher,5,230.04
ORD0004082,1,debit_card,10,71.26
ORD0004083,1,voucher,4,177.53
ORD0004084,1,debit_card,1,187.62
ORD0004085,1,debit_card,3,444.08
ORD0004086,1,debit_card,2,86.58
ORD0004087,1,credit_card,1,233.71
ORD0004088,1,boleto,1,456.61
ORD0004089,1,credit_card,6,748.6999999999999
ORD0004090,1,voucher,12,487.14
ORD0004091,1,debit_card,11,498.57000000000005
ORD0004092,1,credit_card,12,192.95999999999998
ORD0004093,1,credit_card,7,125.76
ORD0004094,1,voucher,9,736.4200000000001
ORD0004095,1,voucher,11,112.67
ORD0004096,1,boleto,2,663.27
ORD0004097,1,voucher,8,393.06
ORD0004098,1,credit_card,7,455.78
ORD0004099,1,debit_card,6,115.05
ORD0004100,1,credit_card,3,213.46
ORD0004101,1,debit_card,1,153.06
ORD0004102,1,credit_card,10,144.0
ORD0004103,1,credit_card,10,115.94999999999999
ORD0004104,1,credit_card,2,166.32
ORD0004105,1,credit_card,6,294.15
ORD0004106,1,debit_card,5,755.57
ORD0004107,1,debit_card,7,1025.16
ORD0004108,1,voucher,2,22.47
ORD0004109,1,credit_card,12,146.46
ORD0004110,1,debit_card,5,136.96
ORD0004111,1,credit_card,9,402.14
ORD0004112,1,voucher,9,195.18
ORD0004113,1,boleto,5,181.92
ORD0004114,1,debit_card,12,45.03
ORD0004115,1,boleto,11,102.39
ORD0004116,1,debit_card,7,419.26
ORD0004117,1,debit_card,8,288.26
ORD0004118,1,voucher,1,423.08
ORD0004119,1,boleto,1,117.97
ORD0004120,1,debit_card,9,103.99
ORD0004121,1,debit_card,10,389.5
ORD0004122,1,debit_card,10,859.89
ORD0004123,1,boleto,3,89.17
ORD0004124,1,credit_card,6,299.77
ORD0004125,1,boleto,10,666.72
ORD0004126,1,boleto,12,529.06
ORD0004127,1,debit_card,7,91.77
ORD0004128,1,credit_card,5,82.24
ORD0004129,1,voucher,4,729.05
ORD0004130,1,debit_card,12,415.46000000000004
ORD0004131,1,debit_card,7,1062.22
ORD0004132,1,credit_card,1,123.81
ORD0004133,1,credit_card,12,206.89
ORD0004134,1,debit_card,12,359.06
ORD0004135,1,debit_card,6,633.66
ORD0004136,1,credit_card,11,118.02
ORD0004137,1,debit_card,11,552.46
ORD0004138,1,credit_card,12,808.51
ORD0004139,1,voucher,10,103.22
ORD0004140,1,debit_card,12,145.76
ORD0004141,1,credit_card,11,252.4
ORD0004142,1,debit_card,6,260.21000000000004
ORD0004143,1,boleto,3,509.8
ORD0004144,1,voucher,12,957.65
ORD0004145,1,debit_card,7,208.51
ORD0004146,1,credit_card,1,156.16
ORD0004147,1,debit_card,10,720.1199999999999
ORD0004148,1,debit_card,9,73.34
ORD0004149,1,debit_card,9,84.72
ORD0004150,1,boleto,8,292.83
ORD0004151,1,voucher,10,455.0
ORD0004152,1,boleto,7,435.82
ORD0004153,1,debit_card,8,214.02
ORD0004154,1,debit_card,9,83.81
ORD0004155,1,credit_card,1,804.42
ORD0004156,1,voucher,10,64.8
ORD0004157,1,debit_card,3,201.0
ORD0004158,1,voucher,4,106.47999999999999
ORD0004159,1,voucher,12,291.76
ORD0004160,1,boleto,5,845.5600000000001
ORD0004161,1,debit_card,12,109.80000000000001
ORD0004162,1,boleto,4,176.35000000000002
ORD0004163,1,debit_card,12,157.74
ORD0004164,1,credit_card,8,133.35000000000002
ORD0004165,1,voucher,10,40.53
ORD0004166,1,boleto,3,401.54999999999995
ORD0004167,1,debit_card,10,962.55
ORD0004168,1,voucher,12,219.3
ORD0004169,1,debit_card,5,151.97000000000003
ORD0004170,1,voucher,3,226.78
ORD0004171,1,boleto,9,95.96
ORD0004172,1,credit_card,10,160.2
ORD0004173,1,credit_card,9,117.19
ORD0004174,1,credit_card,11,721.83
ORD0004175,1,credit_card,6,48.5
ORD0004176,1,boleto,6,464.28
ORD0004177,1,voucher,11,172.38
ORD0004178,1,voucher,8,220.64000000000001
ORD0004179,1,debit_card,1,168.69
ORD0004180,1,boleto,5,133.06
ORD0004181,1,boleto,4,44.44
ORD0004182,1,voucher,6,210.56
ORD0004183,1,boleto,9,66.9
ORD0004184,1,voucher,9,55.07
ORD0004185,1,credit_card,2,223.5
ORD0004186,1,debit_card,8,84.57000000000001
ORD0004187,1,voucher,7,1248.07
ORD0004188,1,debit_card,3,98.06
ORD0004189,1,debit_card,7,550.3100000000001
ORD0004190,1,credit_card,7,429.97
ORD0004191,1,boleto,7,462.87
ORD0004192,1,credit_card,11,155.94
ORD0004193,1,voucher,5,128.1
ORD0004194,1,debit_card,9,664.4
ORD0004195,1,debit_card,5,1116.54
ORD0004196,1,credit_card,7,421.74
ORD0004197,1,voucher,2,545.25
ORD0004198,1,debit_card,1,517.64
ORD0004199,1,voucher,3,182.76
ORD0004200,1,voucher,8,418.23
ORD0004201,1,credit_card,1,43.52
ORD0004202,1,voucher,6,349.86
ORD0004203,1,debit_card,7,89.77
ORD0004204,1,credit_card,8,860.1800000000001
ORD0004205,1,voucher,6,58.36
ORD0004206,1,debit_card,11,38.34
ORD0004207,1,credit_card,5,1521.85
ORD0004208,1,boleto,3,618.04
ORD0004209,1,voucher,10,217.13
ORD0004210,1,credit_card,12,186.61
ORD0004211,1,credit_card,12,28.19
ORD0004212,1,debit_card,3,1787.8
ORD0004213,1,boleto,9,77.52
ORD0004214,1,voucher,8,174.42000000000002
ORD0004215,1,voucher,7,270.3
ORD0004216,1,boleto,3,313.44
ORD0004217,1,voucher,3,72.02
ORD0004218,1,debit_card,5,389.2
ORD0004219,1,voucher,4,50.79
ORD0004220,1,boleto,11,504.5
ORD0004221,1,credit_card,6,487.96000000000004
ORD0004222,1,voucher,6,240.28000000000003
ORD0004223,1,boleto,3,286.58
ORD0004224,1,debit_card,2,436.94
ORD0004225,1,credit_card,2,169.38
ORD0004226,1,debit_card,4,123.7
ORD0004227,1,voucher,8,701.3499999999999
ORD0004228,1,debit_card,7,33.64
ORD0004229,1,boleto,1,320.32
ORD0004230,1,debit_card,10,863.8599999999999
ORD0004231,1,credit_card,1,2197.46
ORD0004232,1,boleto,4,380.47999999999996
ORD0004233,1,voucher,9,102.51
ORD0004234,1,credit_card,5,70.08
ORD0004235,1,credit_card,1,14.24
ORD0004236,1,voucher,10,309.54
ORD0004237,1,voucher,4,204.09
ORD0004238,1,debit_card,1,333.2
ORD0004239,1,credit_card,6,59.41
ORD0004240,1,voucher,8,17.05
ORD0004241,1,debit_card,5,542.6
ORD0004242,1,debit_card,1,47.14
ORD0004243,1,boleto,10,200.09
ORD0004244,1,boleto,1,37.17
ORD0004245,1,credit_card,10,170.67
ORD0004246,1,voucher,10,1480.12
ORD0004247,1,boleto,8,34.48
ORD0004248,1,boleto,6,148.52
ORD0004249,1,boleto,6,105.99
ORD0004250,1,credit_card,6,116.34
ORD0004251,1,boleto,2,267.15
ORD0004252,1,voucher,12,666.12
ORD0004253,1,debit_card,2,173.49
ORD0004254,1,boleto,4,74.67
ORD0004255,1,boleto,12,438.0
ORD0004256,1,boleto,4,406.26
ORD0004257,1,boleto,11,1118.16
ORD0004258,1,boleto,7,48.5
ORD0004259,1,debit_card,10,374.91999999999996
ORD0004260,1,credit_card,12,249.36
ORD0004261,1,credit_card,3,352.5
ORD0004262,1,voucher,2,64.64
ORD0004263,1,boleto,7,109.33000000000001
ORD0004264,1,voucher,2,115.04
ORD0004265,1,voucher,8,18.83
ORD0004266,1,boleto,5,475.28
ORD0004267,1,boleto,9,130.63
ORD0004268,1,boleto,4,403.11
ORD0004269,1,credit_card,2,70.94
ORD0004270,1,debit_card,9,582.63
ORD0004271,1,debit_card,6,35.11
ORD0004272,1,credit_card,7,202.22
ORD0004273,1,credit_card,2,551.18
ORD0004274,1,credit_card,2,117.44
ORD0004275,1,credit_card,5,1080.22
ORD0004276,1,boleto,12,280.3
ORD0004277,1,voucher,1,221.6
ORD0004278,1,voucher,8,444.6
ORD0004279,1,voucher,2,256.42
ORD0004280,1,voucher,12,384.72999999999996
ORD0004281,1,boleto,10,395.1
ORD0004282,1,credit_card,2,297.21
ORD0004283,1,credit_card,9,777.33
ORD0004284,1,debit_card,2,203.52
ORD0004285,1,debit_card,2,12.94
ORD0004286,1,voucher,8,715.43
ORD0004287,1,credit_card,12,811.8499999999999
ORD0004288,1,boleto,6,74.0
ORD0004289,1,boleto,4,274.96
ORD0004290,1,debit_card,2,2149.97
ORD0004291,1,boleto,11,203.42000000000002
ORD0004292,1,voucher,5,181.69
ORD0004293,1,boleto,11,66.82
ORD0004294,1,credit_card,10,621.02
ORD0004295,1,voucher,9,375.76
ORD0004296,1,credit_card,3,138.45
ORD0004297,1,debit_card,8,68.56
ORD0004298,1,credit_card,12,1012.6800000000001
ORD0004299,1,debit_card,3,65.32
ORD0004300,1,voucher,9,54.78
ORD0004301,1,boleto,5,414.32
ORD0004302,1,credit_card,12,22.0
ORD0004303,1,voucher,1,22.0
ORD0004304,1,voucher,1,721.32
ORD0004305,1,credit_card,10,74.0
ORD0004306,1,credit_card,10,94.92
ORD0004307,1,debit_card,10,106.41
ORD0004308,1,debit_card,12,346.54
ORD0004309,1,debit_card,9,31.17
ORD0004310,1,debit_card,6,810.86
ORD0004311,1,debit_card,8,174.32
ORD0004312,1,credit_card,2,326.97
ORD0004313,1,voucher,1,133.06
ORD0004314,1,boleto,4,69.61
ORD0004315,1,voucher,5,979.36
ORD0004316,1,debit_card,9,605.75
ORD0004317,1,voucher,7,520.49
ORD0004318,1,voucher,7,589.59
ORD0004319,1,boleto,9,52.39
ORD0004320,1,boleto,1,1002.9200000000001
ORD0004321,1,boleto,9,252.01000000000002
ORD0004322,1,credit_card,11,254.34
ORD0004323,1,boleto,4,68.03
ORD0004324,1,voucher,3,243.64000000000001
ORD0004325,1,voucher,7,97.92
ORD0004326,1,voucher,3,389.2
ORD0004327,1,voucher,3,116.25
ORD0004328,1,credit_card,5,159.68
ORD0004329,1,credit_card,4,1467.22
ORD0004330,1,voucher,12,225.47
ORD0004331,1,credit_card,7,307.04999999999995
ORD0004332,1,boleto,12,159.23000000000002
ORD0004333,1,credit_card,11,114.57
ORD0004334,1,credit_card,12,1199.72
ORD0004335,1,voucher,12,66.9
ORD0004336,1,debit_card,12,662.79
ORD0004337,1,voucher,8,244.09999999999997
ORD0004338,1,boleto,4,102.03
ORD0004339,1,credit_card,9,690.37
ORD0004340,1,credit_card,11,234.60000000000002
ORD0004341,1,credit_card,7,61.26
ORD0004342,1,debit_card,3,140.11
ORD0004343,1,boleto,11,234.04
ORD0004344,1,credit_card,3,96.46
ORD0004345,1,voucher,2,447.42
ORD0004346,1,credit_card,4,403.84000000000003
ORD0004347,1,voucher,7,593.13
ORD0004348,1,voucher,5,60.3
ORD0004349,1,voucher,6,220.84
ORD0004350,1,boleto,12,1269.4
ORD0004351,1,credit_card,11,389.2
ORD0004352,1,voucher,5,275.43
ORD0004353,1,debit_card,9,121.83
ORD0004354,1,voucher,7,465.54
ORD0004355,1,voucher,9,35.14
ORD0004356,1,credit_card,10,163.98
ORD0004357,1,credit_card,8,449.66999999999996
ORD0004358,1,credit_card,12,68.64
ORD0004359,1,credit_card,3,639.04
ORD0004360,1,boleto,1,578.54
ORD0004361,1,credit_card,8,258.7
ORD0004362,1,credit_card,2,97.72
ORD0004363,1,voucher,8,66.96
ORD0004364,1,voucher,1,220.44
ORD0004365,1,voucher,2,179.39000000000001
ORD0004366,1,debit_card,7,109.44
ORD0004367,1,credit_card,1,106.15
ORD0004368,1,credit_card,1,104.22
ORD0004369,1,boleto,4,221.0
ORD0004370,1,debit_card,7,293.61
ORD0004371,1,credit_card,9,148.8
ORD0004372,1,credit_card,5,75.53999999999999
ORD0004373,1,voucher,8,502.39
ORD0004374,1,boleto,4,16.79
ORD0004375,1,credit_card,4,57.37
ORD0004376,1,voucher,8,35.24
ORD0004377,1,debit_card,1,51.14
ORD0004378,1,debit_card,3,17.92
ORD0004379,1,credit_card,5,299.93
ORD0004380,1,boleto,9,141.2
ORD0004381,1,debit_card,6,220.32
ORD0004382,1,credit_card,9,652.04
ORD0004383,1,debit_card,5,91.3
ORD0004384,1,boleto,6,785.1
ORD0004385,1,voucher,4,867.17
ORD0004386,1,debit_card,9,93.81
ORD0004387,1,debit_card,2,464.62
ORD0004388,1,debit_card,2,86.66
ORD0004389,1,credit_card,1,31.17
ORD0004390,1,credit_card,5,253.1
ORD0004391,1,credit_card,10,224.61
ORD0004392,1,voucher,7,646.5200000000001
ORD0004393,1,credit_card,5,771.72
ORD0004394,1,debit_card,6,384.65999999999997
ORD0004395,1,debit_card,11,31.42
ORD0004396,1,debit_card,12,1082.31
ORD0004397,1,voucher,10,271.56
ORD0004398,1,debit_card,9,331.91999999999996
ORD0004399,1,credit_card,11,425.44
ORD0004400,1,voucher,5,75.26
ORD0004401,1,voucher,9,92.43
ORD0004402,1,debit_card,7,885.11
ORD0004403,1,credit_card,7,252.14000000000001
ORD0004404,1,voucher,9,1688.8899999999999
ORD0004405,1,debit_card,4,82.24
ORD0004406,1,debit_card,8,106.89000000000001
ORD0004407,1,credit_card,6,39.48
ORD0004408,1,credit_card,5,285.84
ORD0004409,1,boleto,3,467.36
ORD0004410,1,credit_card,8,69.35
ORD0004411,1,voucher,2,267.7
ORD0004412,1,voucher,12,124.84
ORD0004413,1,voucher,9,153.71
ORD0004414,1,credit_card,2,399.48
ORD0004415,1,debit_card,11,184.05
ORD0004416,1,voucher,9,555.12
ORD0004417,1,voucher,4,31.21
ORD0004418,1,debit_card,6,72.02
ORD0004419,1,debit_card,5,124.94
ORD0004420,1,credit_card,10,116.75999999999999
ORD0004421,1,debit_card,6,394.9
ORD0004422,1,credit_card,7,694.05
ORD0004423,1,credit_card,8,185.28
ORD0004424,1,boleto,4,53.43
ORD0004425,1,debit_card,3,71.32
ORD0004426,1,voucher,2,387.70000000000005
ORD0004427,1,credit_card,9,428.62
ORD0004428,1,boleto,9,54.5
ORD0004429,1,debit_card,4,697.95
ORD0004430,1,boleto,9,56.98
ORD0004431,1,debit_card,5,358.42
ORD0004432,1,boleto,10,200.49
ORD0004433,1,credit_card,10,120.6
ORD0004434,1,voucher,8,116.74
ORD0004435,1,debit_card,3,35.02
ORD0004436,1,boleto,5,673.28
ORD0004437,1,credit_card,9,1534.9
ORD0004438,1,voucher,3,83.86
ORD0004439,1,boleto,1,127.74
ORD0004440,1,boleto,3,102.39
ORD0004441,1,credit_card,4,404.5
ORD0004442,1,credit_card,8,94.95
ORD0004443,1,voucher,10,492.3
ORD0004444,1,credit_card,10,85.52000000000001
ORD0004445,1,voucher,9,449.12
ORD0004446,1,debit_card,9,684.76
ORD0004447,1,boleto,12,121.91
ORD0004448,1,debit_card,1,238.62
ORD0004449,1,debit_card,3,428.7
ORD0004450,1,voucher,11,1200.36
ORD0004451,1,voucher,10,45.65
ORD0004452,1,debit_card,7,2089.5
ORD0004453,1,credit_card,10,66.53
ORD0004454,1,boleto,3,59.78
ORD0004455,1,voucher,6,570.22
ORD0004456,1,boleto,5,166.05
ORD0004457,1,credit_card,1,100.92
ORD0004458,1,boleto,2,565.53
ORD0004459,1,voucher,10,398.20000000000005
ORD0004460,1,credit_card,1,121.97
ORD0004461,1,voucher,4,308.52
ORD0004462,1,voucher,12,59.99
ORD0004463,1,credit_card,1,326.79999999999995
ORD0004464,1,boleto,1,563.35
ORD0004465,1,credit_card,3,2068.2799999999997
ORD0004466,1,voucher,3,54.57
ORD0004467,1,boleto,6,221.39
ORD0004468,1,credit_card,2,363.59000000000003
ORD0004469,1,debit_card,3,27.98
ORD0004470,1,debit_card,7,402.16
ORD0004471,1,voucher,8,177.09
ORD0004472,1,debit_card,8,183.41
ORD0004473,1,debit_card,7,149.17000000000002
ORD0004474,1,debit_card,6,200.09
ORD0004475,1,debit_card,1,480.84
ORD0004476,1,voucher,12,1118.28
ORD0004477,1,debit_card,5,152.06
ORD0004478,1,voucher,10,227.92
ORD0004479,1,boleto,12,397.7
ORD0004480,1,credit_card,12,121.66
ORD0004481,1,credit_card,11,258.18
ORD0004482,1,voucher,4,1898.5099999999998
ORD0004483,1,debit_card,12,829.2
ORD0004484,1,debit_card,2,216.11
ORD0004485,1,debit_card,11,330.26
ORD0004486,1,boleto,12,207.18
ORD0004487,1,boleto,2,412.68
ORD0004488,1,credit_card,5,93.9
ORD0004489,1,voucher,4,499.52
ORD0004490,1,boleto,3,493.5
ORD0004491,1,debit_card,6,119.68
ORD0004492,1,voucher,11,569.97
ORD0004493,1,debit_card,9,39.54
ORD0004494,1,voucher,9,228.56
ORD0004495,1,boleto,2,64.83
ORD0004496,1,boleto,4,74.28
ORD0004497,1,credit_card,3,360.09999999999997
ORD0004498,1,credit_card,7,720.33
ORD0004499,1,boleto,5,123.22
ORD0004500,1,boleto,9,364.46999999999997
ORD0004501,1,voucher,1,891.5
ORD0004502,1,voucher,7,57.72
ORD0004503,1,voucher,5,352.59000000000003
ORD0004504,1,credit_card,5,358.5
ORD0004505,1,boleto,3,90.52
ORD0004506,1,boleto,1,86.66
ORD0004507,1,credit_card,3,281.68
ORD0004508,1,boleto,12,307.1
ORD0004509,1,debit_card,8,146.44
ORD0004510,1,voucher,6,317.77
ORD0004511,1,credit_card,4,805.5100000000001
ORD0004512,1,credit_card,6,794.56
ORD0004513,1,voucher,6,387.88
ORD0004514,1,boleto,10,750.13
ORD0004515,1,voucher,12,38.04
ORD0004516,1,credit_card,5,38.34
ORD0004517,1,voucher,1,584.1800000000001
ORD0004518,1,credit_card,6,794.46
ORD0004519,1,debit_card,2,154.58999999999997
ORD0004520,1,boleto,3,712.36
ORD0004521,1,credit_card,5,611.45
ORD0004522,1,voucher,3,649.03
ORD0004523,1,debit_card,8,58.27
ORD0004524,1,debit_card,9,233.24
ORD0004525,1,boleto,6,219.26
ORD0004526,1,boleto,12,460.2
ORD0004527,1,debit_card,5,53.19
ORD0004528,1,boleto,9,15.82
ORD0004529,1,credit_card,9,434.32
ORD0004530,1,voucher,5,342.88
ORD0004531,1,debit_card,7,278.56
ORD0004532,1,credit_card,12,30.69
ORD0004533,1,voucher,6,170.54
ORD0004534,1,voucher,7,202.56
ORD0004535,1,boleto,7,141.06
ORD0004536,1,voucher,8,349.73
ORD0004537,1,boleto,1,745.36
ORD0004538,1,boleto,11,102.47999999999999
ORD0004539,1,credit_card,7,32.27
ORD0004540,1,debit_card,1,849.3199999999999
ORD0004541,1,boleto,11,188.55
ORD0004542,1,debit_card,2,74.93
ORD0004543,1,credit_card,5,515.0
ORD0004544,1,debit_card,5,81.62
ORD0004545,1,voucher,11,74.14
ORD0004546,1,boleto,1,190.17000000000002
ORD0004547,1,debit_card,8,164.75
ORD0004548,1,credit_card,3,106.84
ORD0004549,1,credit_card,10,282.4
ORD0004550,1,credit_card,10,37.16
ORD0004551,1,debit_card,3,806.49
ORD0004552,1,voucher,8,790.8000000000001
ORD0004553,1,credit_card,12,526.41
ORD0004554,1,boleto,4,1023.9499999999999
ORD0004555,1,boleto,1,597.01
ORD0004556,1,boleto,2,90.92
ORD0004557,1,debit_card,4,1672.56
ORD0004558,1,boleto,12,235.98
ORD0004559,1,debit_card,4,113.99000000000001
ORD0004560,1,debit_card,8,108.42
ORD0004561,1,voucher,5,1627.4599999999998
ORD0004562,1,debit_card,3,54.06
ORD0004563,1,voucher,3,897.32
ORD0004564,1,debit_card,4,294.54999999999995
ORD0004565,1,voucher,7,84.42
ORD0004566,1,boleto,5,50.75
ORD0004567,1,boleto,10,78.0
ORD0004568,1,credit_card,2,890.25
ORD0004569,1,boleto,12,167.39999999999998
ORD0004570,1,boleto,4,149.13
ORD0004571,1,voucher,5,608.34
ORD0004572,1,debit_card,11,519.58
ORD0004573,1,voucher,3,36.68
ORD0004574,1,boleto,1,906.1999999999999
ORD0004575,1,boleto,7,230.01
ORD0004576,1,voucher,12,69.66
ORD0004577,1,boleto,9,219.62
ORD0004578,1,credit_card,9,155.49
ORD0004579,1,credit_card,8,459.15999999999997
ORD0004580,1,voucher,9,219.62
ORD0004581,1,boleto,1,111.51
ORD0004582,1,debit_card,9,110.44
ORD0004583,1,debit_card,12,136.36
ORD0004584,1,boleto,12,312.16999999999996
ORD0004585,1,credit_card,8,112.63
ORD0004586,1,debit_card,6,872.12
ORD0004587,1,credit_card,10,58.37
ORD0004588,1,voucher,9,186.84
ORD0004589,1,credit_card,10,28.6
ORD0004590,1,boleto,9,340.3
ORD0004591,1,debit_card,5,309.02
ORD0004592,1,voucher,4,217.55
ORD0004593,1,credit_card,9,68.0
ORD0004594,1,boleto,7,381.23
ORD0004595,1,debit_card,9,411.6
ORD0004596,1,debit_card,5,273.06
ORD0004597,1,voucher,12,561.55
ORD0004598,1,boleto,8,133.85
ORD0004599,1,credit_card,11,172.33
ORD0004600,1,boleto,8,408.68999999999994
ORD0004601,1,voucher,12,364.46999999999997
ORD0004602,1,boleto,12,565.53
ORD0004603,1,boleto,9,504.96
ORD0004604,1,credit_card,1,646.06
ORD0004605,1,debit_card,7,417.9
ORD0004606,1,debit_card,3,212.28
ORD0004607,1,boleto,10,548.27
ORD0004608,1,boleto,4,473.05999999999995
ORD0004609,1,voucher,5,434.79
ORD0004610,1,credit_card,8,202.02
ORD0004611,1,debit_card,7,471.33000000000004
ORD0004612,1,voucher,9,95.93
ORD0004613,1,credit_card,3,465.86
ORD0004614,1,credit_card,5,472.6
ORD0004615,1,debit_card,6,345.7
ORD0004616,1,boleto,9,1852.6100000000001
ORD0004617,1,credit_card,1,241.74
ORD0004618,1,debit_card,6,67.03
ORD0004619,1,credit_card,12,164.45
ORD0004620,1,credit_card,8,210.26000000000002
ORD0004621,1,boleto,9,595.44
ORD0004622,1,credit_card,5,157.56
ORD0004623,1,voucher,4,66.1
ORD0004624,1,boleto,8,153.45
ORD0004625,1,boleto,9,67.66
ORD0004626,1,debit_card,2,242.52
ORD0004627,1,credit_card,10,338.84
ORD0004628,1,debit_card,9,52.69
ORD0004629,1,debit_card,7,491.34999999999997
ORD0004630,1,boleto,12,746.2
ORD0004631,1,voucher,3,791.73
ORD0004632,1,boleto,11,163.8
ORD0004633,1,boleto,7,65.32
ORD0004634,1,debit_card,8,126.06
ORD0004635,1,voucher,11,247.27
ORD0004636,1,debit_card,9,85.4
ORD0004637,1,debit_card,7,718.9399999999999
ORD0004638,1,voucher,6,1752.0
ORD0004639,1,debit_card,2,84.0
ORD0004640,1,boleto,7,295.84
ORD0004641,1,credit_card,2,94.94
ORD0004642,1,boleto,12,449.28
ORD0004643,1,credit_card,12,502.71999999999997
ORD0004644,1,boleto,5,274.01
ORD0004645,1,credit_card,2,328.45
ORD0004646,1,voucher,5,106.64
ORD0004647,1,credit_card,6,1139.2
ORD0004648,1,boleto,7,97.15
ORD0004649,1,credit_card,8,684.64
ORD0004650,1,debit_card,7,18.67
ORD0004651,1,voucher,5,1096.83
ORD0004652,1,credit_card,9,175.2
ORD0004653,1,boleto,6,292.66
ORD0004654,1,debit_card,3,65.03999999999999
ORD0004655,1,boleto,6,585.76
ORD0004656,1,debit_card,2,260.61
ORD0004657,1,boleto,12,762.04
ORD0004658,1,voucher,1,629.59
ORD0004659,1,voucher,11,33.48
ORD0004660,1,voucher,12,297.1
ORD0004661,1,debit_card,4,115.28999999999999
ORD0004662,1,debit_card,2,114.48
ORD0004663,1,credit_card,7,489.42
ORD0004664,1,debit_card,7,511.66999999999996
ORD0004665,1,boleto,6,67.08
ORD0004666,1,voucher,7,119.37
ORD0004667,1,debit_card,7,149.32
ORD0004668,1,debit_card,10,267.79999999999995
ORD0004669,1,boleto,8,429.90000000000003
ORD0004670,1,voucher,5,540.55
ORD0004671,1,credit_card,2,90.52
ORD0004672,1,credit_card,12,252.23000000000002
ORD0004673,1,voucher,12,40.66
ORD0004674,1,voucher,2,262.06
ORD0004675,1,credit_card,9,134.8
ORD0004676,1,boleto,5,14.78
ORD0004677,1,debit_card,4,349.62
ORD0004678,1,boleto,12,141.2
ORD0004679,1,boleto,4,62.18
ORD0004680,1,debit_card,5,195.84
ORD0004681,1,voucher,10,456.41999999999996
ORD0004682,1,boleto,7,701.1
ORD0004683,1,voucher,8,342.78
ORD0004684,1,voucher,9,207.26
ORD0004685,1,debit_card,9,639.48
ORD0004686,1,credit_card,10,64.32
ORD0004687,1,voucher,3,165.53
ORD0004688,1,credit_card,9,37.07
ORD0004689,1,voucher,7,342.48
ORD0004690,1,boleto,4,338.24
ORD0004691,1,debit_card,10,411.05999999999995
ORD0004692,1,boleto,12,202.56
ORD0004693,1,boleto,1,360.66
ORD0004694,1,credit_card,2,448.87
ORD0004695,1,boleto,7,475.79999999999995
ORD0004696,1,debit_card,12,159.63
ORD0004697,1,voucher,7,26.41
ORD0004698,1,boleto,10,139.98
ORD0004699,1,boleto,1,131.03
ORD0004700,1,debit_card,5,440.81
ORD0004701,1,voucher,4,305.71
ORD0004702,1,debit_card,1,84.79
ORD0004703,1,credit_card,10,72.91
ORD0004704,1,credit_card,11,197.63
ORD0004705,1,voucher,5,535.42
ORD0004706,1,debit_card,11,346.17
ORD0004707,1,credit_card,1,86.62
ORD0004708,1,boleto,6,1308.76
ORD0004709,1,voucher,7,40.64
ORD0004710,1,boleto,1,1487.46
ORD0004711,1,boleto,7,334.28
ORD0004712,1,credit_card,1,2110.48
ORD0004713,1,credit_card,7,32.94
ORD0004714,1,voucher,4,871.73
ORD0004715,1,voucher,8,655.3399999999999
ORD0004716,1,credit_card,11,88.56
ORD0004717,1,debit_card,3,97.9
ORD0004718,1,voucher,4,198.85
ORD0004719,1,voucher,11,269.73
ORD0004720,1,boleto,8,342.0
ORD0004721,1,voucher,10,31.44
ORD0004722,1,boleto,5,100.16
ORD0004723,1,credit_card,8,142.36
ORD0004724,1,debit_card,6,83.11
ORD0004725,1,credit_card,11,647.28
ORD0004726,1,voucher,1,136.23
ORD0004727,1,voucher,11,23.36
ORD0004728,1,boleto,7,307.02
ORD0004729,1,voucher,5,412.44
ORD0004730,1,boleto,1,446.33000000000004
ORD0004731,1,voucher,9,235.06
ORD0004732,1,boleto,11,89.34
ORD0004733,1,credit_card,11,317.96999999999997
ORD0004734,1,debit_card,9,67.23
ORD0004735,1,boleto,1,19.34
ORD0004736,1,debit_card,2,286.40999999999997
ORD0004737,1,boleto,3,105.42
ORD0004738,1,debit_card,4,126.82
ORD0004739,1,debit_card,1,66.53
ORD0004740,1,voucher,10,34.88
ORD0004741,1,voucher,11,116.64
ORD0004742,1,debit_card,4,954.28
ORD0004743,1,credit_card,12,52.59
ORD0004744,1,voucher,5,492.65
ORD0004745,1,boleto,5,334.28
ORD0004746,1,credit_card,12,143.39
ORD0004747,1,credit_card,11,380.06
ORD0004748,1,debit_card,6,35.92
ORD0004749,1,debit_card,12,25.88
ORD0004750,1,credit_card,8,334.0
ORD0004751,1,debit_card,4,113.68
ORD0004752,1,voucher,3,1116.8600000000001
ORD0004753,1,boleto,11,105.78
ORD0004754,1,voucher,7,317.36
ORD0004755,1,boleto,7,736.9399999999999
ORD0004756,1,boleto,2,50.92
ORD0004757,1,voucher,6,931.06
ORD0004758,1,boleto,5,39.68
ORD0004759,1,boleto,11,235.56
ORD0004760,1,debit_card,9,233.86
ORD0004761,1,credit_card,1,65.25
ORD0004762,1,debit_card,10,173.03
ORD0004763,1,credit_card,9,867.65
ORD0004764,1,boleto,10,80.58
ORD0004765,1,credit_card,5,177.64
ORD0004766,1,boleto,1,206.4
ORD0004767,1,debit_card,2,93.65
ORD0004768,1,credit_card,3,220.45
ORD0004769,1,debit_card,6,688.28
ORD0004770,1,boleto,9,173.16
ORD0004771,1,credit_card,3,341.25
ORD0004772,1,voucher,3,73.25
ORD0004773,1,boleto,1,907.98
ORD0004774,1,voucher,8,72.3
ORD0004775,1,credit_card,1,359.74
ORD0004776,1,boleto,12,55.84
ORD0004777,1,voucher,2,74.66
ORD0004778,1,credit_card,10,238.47
ORD0004779,1,debit_card,7,61.36
ORD0004780,1,debit_card,3,285.9
ORD0004781,1,voucher,4,115.84
ORD0004782,1,credit_card,9,449.78
ORD0004783,1,debit_card,5,51.13
ORD0004784,1,credit_card,3,326.76
ORD0004785,1,voucher,3,662.21
ORD0004786,1,debit_card,4,39.67
ORD0004787,1,voucher,11,503.65
ORD0004788,1,boleto,4,491.36
ORD0004789,1,voucher,2,1050.8700000000001
ORD0004790,1,boleto,3,18.04
ORD0004791,1,voucher,7,364.99
ORD0004792,1,voucher,2,79.58
ORD0004793,1,boleto,1,3033.7
ORD0004794,1,debit_card,1,38.97
ORD0004795,1,voucher,2,183.78
ORD0004796,1,boleto,8,459.73
ORD0004797,1,credit_card,7,846.04
ORD0004798,1,boleto,2,40.93
ORD0004799,1,credit_card,4,427.86
ORD0004800,1,voucher,11,435.93
ORD0004801,1,credit_card,7,412.52
ORD0004802,1,voucher,10,352.29999999999995
ORD0004803,1,credit_card,10,121.7
ORD0004804,1,credit_card,3,70.86
ORD0004805,1,debit_card,8,937.1
ORD0004806,1,debit_card,10,166.6
ORD0004807,1,credit_card,5,1581.63
ORD0004808,1,voucher,5,90.92
ORD0004809,1,credit_card,1,95.7
ORD0004810,1,voucher,2,90.34
ORD0004811,1,voucher,1,196.53
ORD0004812,1,credit_card,5,425.25
ORD0004813,1,debit_card,7,349.04
ORD0004814,1,voucher,9,584.4
ORD0004815,1,voucher,7,124.72
ORD0004816,1,boleto,5,229.53000000000003
ORD0004817,1,boleto,4,333.68
ORD0004818,1,debit_card,4,157.55
ORD0004819,1,credit_card,7,225.45999999999998
ORD0004820,1,voucher,6,37.17
ORD0004821,1,credit_card,4,363.84999999999997
ORD0004822,1,voucher,12,869.21
ORD0004823,1,debit_card,5,219.20999999999998
ORD0004824,1,debit_card,7,204.49
ORD0004825,1,boleto,8,45.04
ORD0004826,1,credit_card,3,446.78
ORD0004827,1,credit_card,10,148.41
ORD0004828,1,credit_card,9,68.32
ORD0004829,1,debit_card,10,373.33
ORD0004830,1,credit_card,12,184.5
ORD0004831,1,credit_card,12,119.31
ORD0004832,1,boleto,8,477.35
ORD0004833,1,credit_card,3,89.29
ORD0004834,1,voucher,3,74.98
ORD0004835,1,credit_card,6,1200.3799999999999
ORD0004836,1,voucher,9,227.44
ORD0004837,1,debit_card,7,428.28
ORD0004838,1,debit_card,6,50.59
ORD0004839,1,credit_card,6,133.36
ORD0004840,1,voucher,4,32.1
ORD0004841,1,debit_card,7,183.76
ORD0004842,1,debit_card,5,230.01
ORD0004843,1,debit_card,9,548.24
ORD0004844,1,boleto,8,247.52
ORD0004845,1,voucher,3,126.0
ORD0004846,1,credit_card,11,832.7700000000001
ORD0004847,1,debit_card,4,222.16
ORD0004848,1,boleto,11,443.96000000000004
ORD0004849,1,debit_card,7,492.51
ORD0004850,1,credit_card,11,1128.82
ORD0004851,1,credit_card,7,95.26
ORD0004852,1,debit_card,3,306.6
ORD0004853,1,credit_card,3,1317.75
ORD0004854,1,debit_card,10,278.78
ORD0004855,1,voucher,11,35.94
ORD0004856,1,debit_card,6,85.31
ORD0004857,1,debit_card,9,485.04
ORD0004858,1,voucher,3,904.3499999999999
ORD0004859,1,debit_card,1,645.51
ORD0004860,1,debit_card,10,625.3700000000001
ORD0004861,1,boleto,7,200.14
ORD0004862,1,credit_card,4,375.17
ORD0004863,1,boleto,2,156.68
ORD0004864,1,credit_card,12,188.82
ORD0004865,1,voucher,4,131.12
ORD0004866,1,debit_card,3,527.82
ORD0004867,1,debit_card,7,428.12
ORD0004868,1,debit_card,11,297.88
ORD0004869,1,voucher,6,170.85000000000002
ORD0004870,1,credit_card,9,231.58999999999997
ORD0004871,1,boleto,5,450.7
ORD0004872,1,boleto,3,501.26
ORD0004873,1,boleto,12,445.29
ORD0004874,1,boleto,6,178.62
ORD0004875,1,voucher,2,173.87
ORD0004876,1,boleto,9,708.24
ORD0004877,1,voucher,10,379.09999999999997
ORD0004878,1,credit_card,2,408.17999999999995
ORD0004879,1,debit_card,8,368.72
ORD0004880,1,credit_card,1,53.760000000000005
ORD0004881,1,boleto,9,384.53
ORD0004882,1,boleto,2,1142.12
ORD0004883,1,credit_card,5,385.88
ORD0004884,1,debit_card,5,197.72
ORD0004885,1,credit_card,4,574.76
ORD0004886,1,credit_card,10,494.26
ORD0004887,1,voucher,6,186.18
ORD0004888,1,voucher,9,204.23
ORD0004889,1,credit_card,9,58.91
ORD0004890,1,credit_card,12,82.63
ORD0004891,1,credit_card,7,46.63
ORD0004892,1,boleto,2,100.7
ORD0004893,1,debit_card,5,121.16999999999999
ORD0004894,1,voucher,3,414.01
ORD0004895,1,voucher,8,142.89000000000001
ORD0004896,1,voucher,4,132.74
ORD0004897,1,boleto,6,225.36
ORD0004898,1,credit_card,9,395.91999999999996
ORD0004899,1,voucher,6,171.6
ORD0004900,1,voucher,1,932.6700000000001
ORD0004901,1,boleto,1,77.19
ORD0004902,1,boleto,12,682.32
ORD0004903,1,debit_card,12,323.97
ORD0004904,1,credit_card,6,743.0
ORD0004905,1,voucher,2,704.78
ORD0004906,1,boleto,4,380.23
ORD0004907,1,credit_card,4,280.3
ORD0004908,1,voucher,8,122.62
ORD0004909,1,voucher,8,58.97
ORD0004910,1,voucher,6,56.38
ORD0004911,1,credit_card,5,330.48
ORD0004912,1,credit_card,3,14.36
ORD0004913,1,debit_card,11,200.1
ORD0004914,1,boleto,8,162.12
ORD0004915,1,boleto,6,600.84
ORD0004916,1,credit_card,10,805.79
ORD0004917,1,voucher,10,56.19
ORD0004918,1,voucher,11,251.20999999999998
ORD0004919,1,boleto,5,137.12
ORD0004920,1,debit_card,3,178.96
ORD0004921,1,voucher,4,674.0
ORD0004922,1,voucher,2,279.02
ORD0004923,1,boleto,7,41.65
ORD0004924,1,voucher,4,1120.94
ORD0004925,1,credit_card,5,35.69
ORD0004926,1,debit_card,5,95.48
ORD0004927,1,boleto,8,19.8
ORD0004928,1,voucher,9,204.23
ORD0004929,1,voucher,8,473.47
ORD0004930,1,boleto,5,306.24
ORD0004931,1,boleto,10,112.04
ORD0004932,1,credit_card,1,74.43
ORD0004933,1,voucher,11,74.87
ORD0004934,1,credit_card,6,1056.0
ORD0004935,1,boleto,7,89.46
ORD0004936,1,credit_card,9,347.06
ORD0004937,1,credit_card,10,722.1600000000001
ORD0004938,1,credit_card,10,1603.56
ORD0004939,1,voucher,4,444.45
ORD0004940,1,voucher,4,155.49
ORD0004941,1,voucher,9,538.3
ORD0004942,1,boleto,7,394.5
ORD0004943,1,voucher,2,308.8
ORD0004944,1,voucher,4,133.8
ORD0004945,1,boleto,11,261.96
ORD0004946,1,debit_card,5,308.4
ORD0004947,1,boleto,8,511.85
ORD0004948,1,credit_card,10,126.75
ORD0004949,1,boleto,6,64.07
ORD0004950,1,voucher,3,341.44
ORD0004951,1,voucher,8,733.38
ORD0004952,1,credit_card,11,202.77
ORD0004953,1,voucher,1,293.22
ORD0004954,1,voucher,12,972.11
ORD0004955,1,debit_card,4,31.72
ORD0004956,1,voucher,3,928.04
ORD0004957,1,boleto,4,989.93
ORD0004958,1,voucher,8,340.96999999999997
ORD0004959,1,voucher,8,200.1
ORD0004960,1,debit_card,5,62.36
ORD0004961,1,debit_card,7,402.96
ORD0004962,1,credit_card,8,129.21
ORD0004963,1,voucher,8,341.16
ORD0004964,1,voucher,2,247.89
ORD0004965,1,credit_card,11,518.26
ORD0004966,1,credit_card,11,106.73
ORD0004967,1,debit_card,9,188.62
ORD0004968,1,voucher,7,599.72
ORD0004969,1,credit_card,4,170.72
ORD0004970,1,voucher,5,40.97
ORD0004971,1,credit_card,2,108.36
ORD0004972,1,debit_card,7,1241.32
ORD0004973,1,voucher,3,69.22
ORD0004974,1,boleto,11,601.59
ORD0004975,1,boleto,1,555.19
ORD0004976,1,debit_card,3,172.26
ORD0004977,1,credit_card,12,57.96
ORD0004978,1,credit_card,6,1233.51
ORD0004979,1,credit_card,9,63.8
ORD0004980,1,credit_card,5,238.57
ORD0004981,1,boleto,8,540.44
ORD0004982,1,boleto,4,120.42
ORD0004983,1,voucher,11,565.95
ORD0004984,1,boleto,7,110.38
ORD0004985,1,boleto,2,398.21999999999997
ORD0004986,1,boleto,1,356.70000000000005
ORD0004987,1,credit_card,10,1044.25
ORD0004988,1,debit_card,5,483.63
ORD0004989,1,voucher,1,380.28
ORD0004990,1,credit_card,2,197.39999999999998
ORD0004991,1,credit_card,10,35.89
ORD0004992,1,voucher,8,298.64
ORD0004993,1,voucher,4,15.07
ORD0004994,1,debit_card,3,531.86
ORD0004995,1,debit_card,3,1408.83
ORD0004996,1,debit_card,4,366.6
ORD0004997,1,credit_card,4,1387.3
ORD0004998,1,voucher,3,493.40000000000003
ORD0004999,1,voucher,12,584.22
ORD0005000,1,voucher,4,308.41999999999996
ORD0005001,1,credit_card,3,159.69
ORD0005002,1,debit_card,8,587.38
ORD0005003,1,credit_card,7,115.57
ORD0005004,1,boleto,12,188.51
ORD0005005,1,boleto,6,52.94
ORD0005006,1,debit_card,10,275.4
ORD0005007,1,credit_card,1,22.28
ORD0005008,1,boleto,6,167.72
ORD0005009,1,voucher,3,16.88
ORD0005010,1,voucher,10,172.92000000000002
ORD0005011,1,voucher,6,25.46
ORD0005012,1,boleto,12,387.12
ORD0005013,1,credit_card,2,375.69
ORD0005014,1,boleto,2,422.22
ORD0005015,1,debit_card,4,102.37
ORD0005016,1,credit_card,4,1212.36
ORD0005017,1,boleto,1,405.97
ORD0005018,1,credit_card,1,62.24
ORD0005019,1,debit_card,10,38.34
ORD0005020,1,boleto,6,146.85000000000002
ORD0005021,1,boleto,1,1991.53
ORD0005022,1,debit_card,4,146.33
ORD0005023,1,debit_card,6,481.02
ORD0005024,1,boleto,10,475.21000000000004
ORD0005025,1,credit_card,5,267.86
ORD0005026,1,voucher,8,254.86
ORD0005027,1,credit_card,7,45.03
ORD0005028,1,debit_card,4,175.72
ORD0005029,1,debit_card,5,845.04
ORD0005030,1,debit_card,6,667.71
ORD0005031,1,debit_card,5,41.12
ORD0005032,1,voucher,2,202.73000000000002
ORD0005033,1,voucher,5,74.38
ORD0005034,1,debit_card,2,982.52
ORD0005035,1,debit_card,2,1367.71
ORD0005036,1,voucher,8,787.89
ORD0005037,1,debit_card,2,299.89
ORD0005038,1,boleto,6,398.4
ORD0005039,1,boleto,12,210.36
ORD0005040,1,credit_card,10,232.88
ORD0005041,1,voucher,6,707.39
ORD0005042,1,boleto,10,351.8
ORD0005043,1,boleto,8,90.67
ORD0005044,1,voucher,6,81.95
ORD0005045,1,debit_card,5,570.3299999999999
ORD0005046,1,boleto,9,52.94
ORD0005047,1,credit_card,9,704.38
ORD0005048,1,debit_card,3,35.19
ORD0005049,1,boleto,9,49.9
ORD0005050,1,voucher,6,63.16
ORD0005051,1,voucher,6,2054.12
ORD0005052,1,credit_card,6,56.95
ORD0005053,1,credit_card,6,615.92
ORD0005054,1,debit_card,2,58.32
ORD0005055,1,voucher,12,96.63
ORD0005056,1,credit_card,11,149.96
ORD0005057,1,voucher,7,749.14
ORD0005058,1,credit_card,3,56.47
ORD0005059,1,boleto,8,111.36
ORD0005060,1,voucher,6,261.58
ORD0005061,1,boleto,10,306.76
ORD0005062,1,credit_card,12,528.46
ORD0005063,1,boleto,9,647.5
ORD0005064,1,credit_card,2,665.9
ORD0005065,1,boleto,11,28.48
ORD0005066,1,credit_card,1,628.16
ORD0005067,1,credit_card,1,649.73
ORD0005068,1,debit_card,8,43.08
ORD0005069,1,credit_card,12,580.45
ORD0005070,1,debit_card,8,136.06
ORD0005071,1,voucher,9,336.12
ORD0005072,1,debit_card,10,308.53
ORD0005073,1,debit_card,7,245.77
ORD0005074,1,credit_card,5,194.04
ORD0005075,1,voucher,10,179.57999999999998
ORD0005076,1,boleto,9,44.69
ORD0005077,1,boleto,8,110.54
ORD0005078,1,debit_card,1,206.55
ORD0005079,1,credit_card,10,49.38
ORD0005080,1,boleto,5,635.85
ORD0005081,1,credit_card,5,317.2
ORD0005082,1,debit_card,5,164.0
ORD0005083,1,boleto,2,272.02
ORD0005084,1,debit_card,10,70.6
ORD0005085,1,boleto,5,55.33
ORD0005086,1,debit_card,7,70.35
ORD0005087,1,voucher,5,466.03999999999996
ORD0005088,1,voucher,3,428.28
ORD0005089,1,debit_card,3,43.43
ORD0005090,1,voucher,9,363.9
ORD0005091,1,boleto,7,148.86
ORD0005092,1,debit_card,12,512.48
ORD0005093,1,credit_card,10,154.26
ORD0005094,1,debit_card,2,266.32
ORD0005095,1,voucher,12,314.54999999999995
ORD0005096,1,credit_card,3,639.28
ORD0005097,1,debit_card,1,58.56
ORD0005098,1,voucher,11,281.24
ORD0005099,1,voucher,12,150.42
ORD0005100,1,voucher,12,172.85
ORD0005101,1,credit_card,5,20.76
ORD0005102,1,boleto,1,400.90000000000003
ORD0005103,1,credit_card,9,647.8199999999999
ORD0005104,1,credit_card,9,784.9300000000001
ORD0005105,1,debit_card,1,784.26
ORD0005106,1,voucher,11,319.2
ORD0005107,1,debit_card,9,300.96000000000004
ORD0005108,1,boleto,11,156.34
ORD0005109,1,boleto,11,758.34
ORD0005110,1,voucher,9,56.18
ORD0005111,1,boleto,11,375.51
ORD0005112,1,voucher,1,25.23
ORD0005113,1,boleto,11,240.62
ORD0005114,1,debit_card,6,57.62
ORD0005115,1,voucher,10,61.66
ORD0005116,1,boleto,3,51.13
ORD0005117,1,voucher,1,83.97
ORD0005118,1,debit_card,12,70.18
ORD0005119,1,debit_card,11,76.26
ORD0005120,1,credit_card,8,190.98000000000002
ORD0005121,1,voucher,6,529.3199999999999
ORD0005122,1,voucher,10,1209.1599999999999
ORD0005123,1,debit_card,2,42.25
ORD0005124,1,credit_card,1,33.21
ORD0005125,1,voucher,3,53.43
ORD0005126,1,credit_card,2,753.5699999999999
ORD0005127,1,boleto,8,139.7
ORD0005128,1,boleto,8,208.03
ORD0005129,1,debit_card,11,149.81
ORD0005130,1,debit_card,3,87.87
ORD0005131,1,debit_card,9,337.52
ORD0005132,1,debit_card,11,206.2
ORD0005133,1,credit_card,7,465.18
ORD0005134,1,credit_card,11,350.71999999999997
ORD0005135,1,debit_card,11,2378.65
ORD0005136,1,debit_card,10,345.49
ORD0005137,1,boleto,12,400.06000000000006
ORD0005138,1,boleto,2,54.5
ORD0005139,1,voucher,1,825.7
ORD0005140,1,credit_card,6,107.97
ORD0005141,1,voucher,4,55.22
ORD0005142,1,credit_card,4,204.72
ORD0005143,1,debit_card,6,591.3199999999999
ORD0005144,1,credit_card,6,141.13
ORD0005145,1,boleto,11,307.48
ORD0005146,1,debit_card,5,154.76
ORD0005147,1,boleto,1,749.4499999999999
ORD0005148,1,credit_card,1,266.93
ORD0005149,1,voucher,2,188.08
ORD0005150,1,voucher,1,34.48
ORD0005151,1,voucher,9,624.08
ORD0005152,1,credit_card,7,269.31
ORD0005153,1,credit_card,6,69.54
ORD0005154,1,voucher,2,448.08000000000004
ORD0005155,1,credit_card,2,233.94
ORD0005156,1,boleto,1,300.15
ORD0005157,1,debit_card,4,29.54
ORD0005158,1,boleto,1,90.06
ORD0005159,1,credit_card,3,59.94
ORD0005160,1,debit_card,11,338.52
ORD0005161,1,boleto,1,136.61
ORD0005162,1,debit_card,7,75.49
ORD0005163,1,credit_card,10,433.69
ORD0005164,1,credit_card,5,115.22
ORD0005165,1,boleto,7,225.96
ORD0005166,1,boleto,7,179.62
ORD0005167,1,credit_card,4,845.66
ORD0005168,1,boleto,10,499.79
ORD0005169,1,boleto,11,218.38
ORD0005170,1,credit_card,8,1000.04
ORD0005171,1,voucher,11,80.2
ORD0005172,1,voucher,8,819.05
ORD0005173,1,credit_card,1,70.6
ORD0005174,1,voucher,7,169.85
ORD0005175,1,debit_card,4,67.03
ORD0005176,1,voucher,6,668.56
ORD0005177,1,debit_card,3,533.4200000000001
ORD0005178,1,voucher,7,85.98
ORD0005179,1,credit_card,8,69.61
ORD0005180,1,boleto,5,428.84999999999997
ORD0005181,1,credit_card,6,120.02
ORD0005182,1,boleto,4,176.16
ORD0005183,1,voucher,9,358.0
ORD0005184,1,credit_card,9,157.85
ORD0005185,1,debit_card,7,64.32
ORD0005186,1,boleto,8,1399.3
ORD0005187,1,debit_card,3,2061.7799999999997
ORD0005188,1,debit_card,7,144.93
ORD0005189,1,boleto,4,15.54
ORD0005190,1,boleto,7,414.55999999999995
ORD0005191,1,boleto,4,193.25
ORD0005192,1,debit_card,1,443.82
ORD0005193,1,debit_card,10,128.54
ORD0005194,1,boleto,1,994.16
ORD0005195,1,credit_card,7,996.76
ORD0005196,1,debit_card,2,1000.04
ORD0005197,1,voucher,12,799.6700000000001
ORD0005198,1,boleto,6,452.96999999999997
ORD0005199,1,credit_card,10,329.01000000000005
ORD0005200,1,boleto,5,56.95
ORD0005201,1,debit_card,10,110.95
ORD0005202,1,voucher,8,585.1800000000001
ORD0005203,1,boleto,4,61.95
ORD0005204,1,credit_card,6,114.0
ORD0005205,1,boleto,11,260.54999999999995
ORD0005206,1,boleto,2,614.2
ORD0005207,1,debit_card,1,985.0500000000001
ORD0005208,1,voucher,11,505.02
ORD0005209,1,credit_card,4,853.9399999999999
ORD0005210,1,boleto,9,2207.5
ORD0005211,1,debit_card,9,66.96
ORD0005212,1,boleto,12,72.82
ORD0005213,1,boleto,1,570.96
ORD0005214,1,voucher,1,123.27
ORD0005215,1,debit_card,11,135.29000000000002
ORD0005216,1,voucher,12,456.41999999999996
ORD0005217,1,voucher,12,1905.8
ORD0005218,1,credit_card,12,391.06
ORD0005219,1,voucher,11,699.39
ORD0005220,1,debit_card,11,192.94
ORD0005221,1,voucher,3,292.75
ORD0005222,1,voucher,6,179.77
ORD0005223,1,debit_card,10,217.04
ORD0005224,1,credit_card,11,39.9
ORD0005225,1,boleto,5,290.82
ORD0005226,1,voucher,8,1136.71
ORD0005227,1,boleto,5,471.9
ORD0005228,1,voucher,5,110.83
ORD0005229,1,debit_card,3,758.34
ORD0005230,1,credit_card,3,130.35
ORD0005231,1,boleto,12,105.42
ORD0005232,1,debit_card,2,495.08
ORD0005233,1,voucher,10,61.95
ORD0005234,1,credit_card,10,516.9100000000001
ORD0005235,1,debit_card,5,431.67
ORD0005236,1,voucher,11,579.7
ORD0005237,1,debit_card,7,88.52
ORD0005238,1,boleto,12,1171.49
ORD0005239,1,voucher,5,160.2
ORD0005240,1,credit_card,6,813.22
ORD0005241,1,voucher,3,632.65
ORD0005242,1,voucher,3,99.63
ORD0005243,1,boleto,12,144.93
ORD0005244,1,debit_card,8,156.35
ORD0005245,1,voucher,8,86.15
ORD0005246,1,voucher,12,489.35
ORD0005247,1,credit_card,12,275.74
ORD0005248,1,boleto,4,366.31
ORD0005249,1,debit_card,3,123.52
ORD0005250,1,debit_card,9,195.96999999999997
ORD0005251,1,credit_card,1,1351.33
ORD0005252,1,boleto,2,178.8
ORD0005253,1,debit_card,12,110.89
ORD0005254,1,boleto,5,160.2
ORD0005255,1,boleto,9,29.7
ORD0005256,1,credit_card,4,358.65
ORD0005257,1,boleto,5,55.48
ORD0005258,1,boleto,4,90.26
ORD0005259,1,credit_card,4,279.96
ORD0005260,1,boleto,5,228.66000000000003
ORD0005261,1,voucher,11,308.71000000000004
ORD0005262,1,boleto,12,384.35
ORD0005263,1,voucher,4,958.48
ORD0005264,1,voucher,5,55.0
ORD0005265,1,credit_card,1,1096.22
ORD0005266,1,debit_card,1,691.41
ORD0005267,1,boleto,7,111.12
ORD0005268,1,boleto,2,114.72
ORD0005269,1,boleto,6,699.9100000000001
ORD0005270,1,credit_card,8,26.22
ORD0005271,1,voucher,8,40.58
ORD0005272,1,credit_card,7,173.49
ORD0005273,1,credit_card,10,168.0
ORD0005274,1,debit_card,3,516.88
ORD0005275,1,boleto,1,588.6
ORD0005276,1,boleto,10,175.03
ORD0005277,1,boleto,10,261.87
ORD0005278,1,boleto,3,228.8
ORD0005279,1,voucher,8,116.12
ORD0005280,1,voucher,3,758.34
ORD0005281,1,credit_card,11,1133.22
ORD0005282,1,credit_card,8,190.42000000000002
ORD0005283,1,debit_card,2,107.11
ORD0005284,1,voucher,2,321.06
ORD0005285,1,credit_card,10,1362.32
ORD0005286,1,credit_card,10,66.68
ORD0005287,1,credit_card,10,287.53999999999996
ORD0005288,1,boleto,7,261.78000000000003
ORD0005289,1,boleto,12,730.74
ORD0005290,1,voucher,9,141.05
ORD0005291,1,debit_card,8,70.34
ORD0005292,1,credit_card,5,287.6
ORD0005293,1,credit_card,6,163.12
ORD0005294,1,voucher,4,51.019999999999996
ORD0005295,1,boleto,7,690.84
ORD0005296,1,boleto,9,236.04
ORD0005297,1,boleto,8,1592.3000000000002
ORD0005298,1,boleto,11,1194.4299999999998
ORD0005299,1,boleto,10,182.26999999999998
ORD0005300,1,voucher,1,507.79999999999995
ORD0005301,1,voucher,12,313.25
ORD0005302,1,voucher,2,231.06
ORD0005303,1,debit_card,4,105.16
ORD0005304,1,debit_card,5,148.1
ORD0005305,1,voucher,12,104.02
ORD0005306,1,credit_card,1,51.25
ORD0005307,1,credit_card,3,140.45
ORD0005308,1,debit_card,10,563.36
ORD0005309,1,voucher,9,501.36
ORD0005310,1,credit_card,8,140.08
ORD0005311,1,debit_card,6,686.0600000000001
ORD0005312,1,voucher,6,221.71
ORD0005313,1,boleto,7,118.53
ORD0005314,1,voucher,12,81.5
ORD0005315,1,debit_card,7,82.45
ORD0005316,1,boleto,3,81.69
ORD0005317,1,debit_card,11,454.18
ORD0005318,1,debit_card,1,170.78
ORD0005319,1,voucher,8,356.52
ORD0005320,1,debit_card,6,976.62
ORD0005321,1,voucher,6,517.8
ORD0005322,1,voucher,2,232.48
ORD0005323,1,boleto,10,562.65
ORD0005324,1,boleto,4,308.59000000000003
ORD0005325,1,debit_card,5,173.70000000000002
ORD0005326,1,debit_card,1,824.2199999999999
ORD0005327,1,voucher,5,155.12
ORD0005328,1,voucher,6,33.21
ORD0005329,1,credit_card,9,78.55
ORD0005330,1,debit_card,6,48.5
ORD0005331,1,voucher,9,84.1
ORD0005332,1,credit_card,2,96.03
ORD0005333,1,debit_card,10,554.45
ORD0005334,1,debit_card,3,139.54
ORD0005335,1,debit_card,5,83.3
ORD0005336,1,credit_card,5,376.41
ORD0005337,1,boleto,11,192.56
ORD0005338,1,debit_card,5,374.19
ORD0005339,1,boleto,3,39.67
ORD0005340,1,boleto,5,413.12
ORD0005341,1,debit_card,1,1044.1100000000001
ORD0005342,1,voucher,9,213.68
ORD0005343,1,boleto,5,364.44
ORD0005344,1,debit_card,6,232.04
ORD0005345,1,credit_card,1,33.23
ORD0005346,1,voucher,6,95.92
ORD0005347,1,boleto,3,1123.4
ORD0005348,1,boleto,8,278.6
ORD0005349,1,debit_card,5,666.77
ORD0005350,1,debit_card,2,288.26
ORD0005351,1,voucher,6,49.46
ORD0005352,1,boleto,1,367.82
ORD0005353,1,debit_card,7,534.93
ORD0005354,1,debit_card,6,544.92
ORD0005355,1,credit_card,3,52.05
ORD0005356,1,debit_card,6,85.39
ORD0005357,1,credit_card,12,35.99
ORD0005358,1,debit_card,10,32.02
ORD0005359,1,boleto,4,503.27000000000004
ORD0005360,1,debit_card,1,354.6
ORD0005361,1,credit_card,4,192.14
ORD0005362,1,boleto,2,144.48
ORD0005363,1,debit_card,3,247.59
ORD0005364,1,debit_card,1,132.99
ORD0005365,1,credit_card,10,295.38
ORD0005366,1,debit_card,6,1214.35
ORD0005367,1,debit_card,3,444.16
ORD0005368,1,boleto,7,619.06
ORD0005369,1,voucher,8,1343.3200000000002
ORD0005370,1,credit_card,1,157.35000000000002
ORD0005371,1,voucher,9,60.3
ORD0005372,1,boleto,4,233.68
ORD0005373,1,boleto,6,234.04
ORD0005374,1,boleto,12,69.62
ORD0005375,1,boleto,7,240.4
ORD0005376,1,debit_card,2,293.86
ORD0005377,1,debit_card,6,375.38
ORD0005378,1,boleto,6,382.96999999999997
ORD0005379,1,boleto,6,253.12
ORD0005380,1,voucher,7,160.53
ORD0005381,1,debit_card,8,427.86
ORD0005382,1,debit_card,8,353.4
ORD0005383,1,credit_card,7,382.16999999999996
ORD0005384,1,credit_card,7,82.86
ORD0005385,1,voucher,5,140.39
ORD0005386,1,debit_card,1,196.95
ORD0005387,1,debit_card,7,181.75
ORD0005388,1,credit_card,7,189.97
ORD0005389,1,credit_card,4,406.33000000000004
ORD0005390,1,credit_card,1,242.86
ORD0005391,1,debit_card,10,1394.64
ORD0005392,1,credit_card,9,217.7
ORD0005393,1,debit_card,2,62.24
ORD0005394,1,boleto,9,304.18
ORD0005395,1,credit_card,7,312.2
ORD0005396,1,credit_card,6,149.96
ORD0005397,1,credit_card,7,149.89
ORD0005398,1,boleto,3,291.1
ORD0005399,1,credit_card,11,938.21
ORD0005400,1,voucher,12,126.2
ORD0005401,1,voucher,2,253.51
ORD0005402,1,boleto,9,490.66
ORD0005403,1,credit_card,10,291.33
ORD0005404,1,credit_card,1,218.52
ORD0005405,1,boleto,10,108.36
ORD0005406,1,boleto,7,29.36
ORD0005407,1,credit_card,12,61.66
ORD0005408,1,boleto,10,91.66
ORD0005409,1,debit_card,11,30.62
ORD0005410,1,boleto,1,347.6
ORD0005411,1,boleto,10,477.46
ORD0005412,1,credit_card,5,690.03
ORD0005413,1,credit_card,2,155.02
ORD0005414,1,credit_card,7,185.5
ORD0005415,1,credit_card,8,389.35
ORD0005416,1,voucher,7,134.06
ORD0005417,1,debit_card,2,104.78
ORD0005418,1,boleto,11,26.62
ORD0005419,1,boleto,11,106.36
ORD0005420,1,debit_card,7,530.57
ORD0005421,1,boleto,1,205.16
ORD0005422,1,debit_card,2,118.48
ORD0005423,1,voucher,2,1371.18
ORD0005424,1,boleto,6,130.64
ORD0005425,1,credit_card,3,68.0
ORD0005426,1,credit_card,2,1160.72
ORD0005427,1,voucher,12,72.95
ORD0005428,1,credit_card,10,936.72
ORD0005429,1,voucher,8,97.72
ORD0005430,1,boleto,4,586.82
ORD0005431,1,voucher,8,102.07
ORD0005432,1,credit_card,3,306.33000000000004
ORD0005433,1,voucher,8,27.12
ORD0005434,1,voucher,3,231.57000000000002
ORD0005435,1,credit_card,3,168.0
ORD0005436,1,credit_card,1,1043.85
ORD0005437,1,boleto,3,121.83
ORD0005438,1,debit_card,10,955.76
ORD0005439,1,debit_card,8,63.22
ORD0005440,1,debit_card,10,416.13
ORD0005441,1,debit_card,7,157.25
ORD0005442,1,voucher,5,502.80999999999995
ORD0005443,1,boleto,10,344.75
ORD0005444,1,voucher,1,435.24
ORD0005445,1,debit_card,10,99.58
ORD0005446,1,boleto,8,236.04
ORD0005447,1,voucher,1,90.92
ORD0005448,1,debit_card,10,1138.02
ORD0005449,1,debit_card,9,1010.28
ORD0005450,1,voucher,10,161.3
ORD0005451,1,credit_card,10,673.28
ORD0005452,1,voucher,3,787.29
ORD0005453,1,credit_card,7,388.76
ORD0005454,1,debit_card,8,388.1
ORD0005455,1,credit_card,12,125.75999999999999
ORD0005456,1,debit_card,9,411.19
ORD0005457,1,credit_card,10,443.04
ORD0005458,1,debit_card,7,1955.04
ORD0005459,1,boleto,1,102.2
ORD0005460,1,debit_card,2,50.05
ORD0005461,1,debit_card,1,169.38
ORD0005462,1,boleto,10,563.52
ORD0005463,1,debit_card,11,2558.82
ORD0005464,1,debit_card,3,276.71999999999997
ORD0005465,1,credit_card,3,331.5
ORD0005466,1,debit_card,12,462.78999999999996
ORD0005467,1,voucher,2,390.94000000000005
ORD0005468,1,voucher,1,857.9200000000001
ORD0005469,1,voucher,9,401.64
ORD0005470,1,credit_card,12,1262.91
ORD0005471,1,debit_card,8,64.35
ORD0005472,1,credit_card,9,440.9
ORD0005473,1,credit_card,12,125.4
ORD0005474,1,debit_card,7,273.28
ORD0005475,1,boleto,10,300.65
ORD0005476,1,voucher,11,148.69
ORD0005477,1,credit_card,3,34.11
ORD0005478,1,boleto,11,333.28999999999996
ORD0005479,1,voucher,2,112.32
ORD0005480,1,voucher,6,520.72
ORD0005481,1,credit_card,1,686.55
ORD0005482,1,voucher,10,166.1
ORD0005483,1,credit_card,4,782.35
ORD0005484,1,boleto,7,280.3
ORD0005485,1,debit_card,6,205.02
ORD0005486,1,voucher,5,419.4
ORD0005487,1,debit_card,3,91.56
ORD0005488,1,credit_card,1,501.08
ORD0005489,1,debit_card,1,773.3599999999999
ORD0005490,1,boleto,10,38.42
ORD0005491,1,debit_card,9,28.42
ORD0005492,1,boleto,3,344.82
ORD0005493,1,debit_card,1,128.21
ORD0005494,1,debit_card,5,180.12
ORD0005495,1,debit_card,8,92.64
ORD0005496,1,voucher,10,141.28
ORD0005497,1,boleto,11,399.77
ORD0005498,1,voucher,4,100.8
ORD0005499,1,voucher,3,347.31
ORD0005500,1,debit_card,6,359.6
ORD0005501,1,boleto,10,150.98
ORD0005502,1,debit_card,2,116.28
ORD0005503,1,boleto,7,475.80999999999995
ORD0005504,1,voucher,2,104.28
ORD0005505,1,debit_card,4,653.73
ORD0005506,1,debit_card,1,431.75
ORD0005507,1,credit_card,5,96.3
ORD0005508,1,voucher,5,1557.24
ORD0005509,1,credit_card,8,30.74
ORD0005510,1,boleto,3,57.62
ORD0005511,1,credit_card,12,1339.3
ORD0005512,1,debit_card,3,106.46
ORD0005513,1,credit_card,1,341.49
ORD0005514,1,debit_card,3,229.17000000000002
ORD0005515,1,debit_card,11,101.11
ORD0005516,1,boleto,11,623.7
ORD0005517,1,boleto,7,396.06
ORD0005518,1,credit_card,12,66.53
ORD0005519,1,voucher,9,501.12
ORD0005520,1,debit_card,2,469.75
ORD0005521,1,credit_card,3,543.12
ORD0005522,1,credit_card,1,290.7
ORD0005523,1,voucher,1,567.19
ORD0005524,1,boleto,10,418.22
ORD0005525,1,voucher,5,524.02
ORD0005526,1,voucher,1,855.24
ORD0005527,1,debit_card,8,144.02
ORD0005528,1,debit_card,3,131.08
ORD0005529,1,boleto,3,547.13
ORD0005530,1,debit_card,4,22.47
ORD0005531,1,debit_card,11,93.58
ORD0005532,1,credit_card,12,299.79
ORD0005533,1,boleto,4,647.6700000000001
ORD0005534,1,boleto,10,142.41
ORD0005535,1,voucher,2,359.83
ORD0005536,1,credit_card,10,43.16
ORD0005537,1,voucher,12,1183.82
ORD0005538,1,debit_card,7,481.09000000000003
ORD0005539,1,voucher,9,112.76
ORD0005540,1,debit_card,8,123.34
ORD0005541,1,credit_card,8,69.62
ORD0005542,1,credit_card,11,120.4
ORD0005543,1,credit_card,8,24.87
ORD0005544,1,debit_card,9,458.25
ORD0005545,1,voucher,9,143.15
ORD0005546,1,credit_card,5,56.18
ORD0005547,1,boleto,2,666.12
ORD0005548,1,voucher,2,780.25
ORD0005549,1,voucher,8,1224.8799999999999
ORD0005550,1,boleto,1,734.52
ORD0005551,1,boleto,11,1269.15
ORD0005552,1,credit_card,4,18.04
ORD0005553,1,debit_card,7,681.28
ORD0005554,1,voucher,5,139.64
ORD0005555,1,credit_card,12,104.89
ORD0005556,1,credit_card,12,149.4
ORD0005557,1,credit_card,2,301.45000000000005
ORD0005558,1,voucher,2,204.72
ORD0005559,1,debit_card,1,501.6
ORD0005560,1,debit_card,8,162.82
ORD0005561,1,boleto,12,174.51999999999998
ORD0005562,1,credit_card,9,1835.5900000000001
ORD0005563,1,debit_card,12,128.12
ORD0005564,1,voucher,10,149.89
ORD0005565,1,voucher,8,282.76
ORD0005566,1,voucher,4,36.92
ORD0005567,1,boleto,7,394.49
ORD0005568,1,debit_card,4,552.39
ORD0005569,1,voucher,8,84.94
ORD0005570,1,debit_card,8,216.96
ORD0005571,1,voucher,11,303.96
ORD0005572,1,debit_card,12,112.84
ORD0005573,1,voucher,12,76.53
ORD0005574,1,voucher,8,390.4
ORD0005575,1,credit_card,9,169.58
ORD0005576,1,credit_card,3,182.82
ORD0005577,1,credit_card,10,277.0
ORD0005578,1,boleto,8,86.14
ORD0005579,1,boleto,6,363.84000000000003
ORD0005580,1,voucher,7,833.75
ORD0005581,1,boleto,9,114.24
ORD0005582,1,boleto,9,143.16
ORD0005583,1,debit_card,4,106.59
ORD0005584,1,voucher,5,102.37
ORD0005585,1,credit_card,6,47.63
ORD0005586,1,boleto,6,637.48
ORD0005587,1,boleto,9,111.36
ORD0005588,1,boleto,6,168.0
ORD0005589,1,voucher,10,329.86
ORD0005590,1,credit_card,1,791.0999999999999
ORD0005591,1,credit_card,5,233.4
ORD0005592,1,boleto,9,525.1700000000001
ORD0005593,1,voucher,8,632.88
ORD0005594,1,debit_card,3,77.3
ORD0005595,1,credit_card,9,1850.13
ORD0005596,1,credit_card,7,171.05
ORD0005597,1,credit_card,11,165.48
ORD0005598,1,boleto,1,99.63
ORD0005599,1,boleto,10,43.5
ORD0005600,1,credit_card,8,471.88
ORD0005601,1,boleto,7,221.39
ORD0005602,1,boleto,6,367.2
ORD0005603,1,debit_card,11,310.33
ORD0005604,1,voucher,5,192.84
ORD0005605,1,debit_card,12,30.56
ORD0005606,1,boleto,1,25.62
ORD0005607,1,boleto,3,427.8
ORD0005608,1,credit_card,9,885.48
ORD0005609,1,debit_card,5,98.58
ORD0005610,1,boleto,11,791.58
ORD0005611,1,debit_card,10,37.71
ORD0005612,1,credit_card,2,106.86
ORD0005613,1,credit_card,6,149.93
ORD0005614,1,credit_card,9,109.61000000000001
ORD0005615,1,voucher,1,268.4
ORD0005616,1,credit_card,9,267.32
ORD0005617,1,voucher,4,349.08
ORD0005618,1,voucher,8,1486.25
ORD0005619,1,credit_card,7,711.1700000000001
ORD0005620,1,credit_card,3,223.98000000000002
ORD0005621,1,boleto,9,1428.8100000000002
ORD0005622,1,credit_card,7,1237.56
ORD0005623,1,debit_card,8,368.1
ORD0005624,1,credit_card,12,768.0300000000001
ORD0005625,1,credit_card,10,1346.7800000000002
ORD0005626,1,credit_card,1,1368.2500000000002
ORD0005627,1,boleto,8,495.2
ORD0005628,1,debit_card,11,47.57
ORD0005629,1,boleto,2,209.11
ORD0005630,1,voucher,9,205.32
ORD0005631,1,credit_card,8,100.1
ORD0005632,1,voucher,8,50.85
ORD0005633,1,voucher,3,68.47
ORD0005634,1,debit_card,5,42.89
ORD0005635,1,boleto,5,233.74
ORD0005636,1,boleto,9,982.84
ORD0005637,1,voucher,12,213.45
ORD0005638,1,boleto,7,83.97
ORD0005639,1,debit_card,7,331.5
ORD0005640,1,boleto,5,52.25
ORD0005641,1,debit_card,2,549.51
ORD0005642,1,voucher,1,276.65
ORD0005643,1,credit_card,2,131.91
ORD0005644,1,credit_card,11,160.29
ORD0005645,1,boleto,9,43.96
ORD0005646,1,debit_card,4,154.77
ORD0005647,1,voucher,2,77.95
ORD0005648,1,debit_card,4,47.09
ORD0005649,1,debit_card,4,831.36
ORD0005650,1,credit_card,11,150.98
ORD0005651,1,voucher,6,392.07
ORD0005652,1,boleto,2,257.3
ORD0005653,1,voucher,2,873.88
ORD0005654,1,boleto,6,307.5
ORD0005655,1,debit_card,8,52.99
ORD0005656,1,credit_card,9,125.35
ORD0005657,1,credit_card,1,81.69
ORD0005658,1,credit_card,1,57.18
ORD0005659,1,boleto,9,609.5300000000001
ORD0005660,1,credit_card,9,653.09
ORD0005661,1,boleto,12,60.3
ORD0005662,1,boleto,8,191.82
ORD0005663,1,debit_card,12,263.6
ORD0005664,1,boleto,12,489.99999999999994
ORD0005665,1,credit_card,6,193.76
ORD0005666,1,credit_card,6,855.76
ORD0005667,1,debit_card,3,115.02
ORD0005668,1,boleto,6,202.85
ORD0005669,1,credit_card,10,527.58
ORD0005670,1,boleto,7,366.95
ORD0005671,1,credit_card,12,277.0
ORD0005672,1,boleto,9,164.76
ORD0005673,1,voucher,5,265.07
ORD0005674,1,debit_card,7,357.93
ORD0005675,1,credit_card,3,887.04
ORD0005676,1,debit_card,1,74.2
ORD0005677,1,credit_card,9,111.52000000000001
ORD0005678,1,voucher,3,99.07
ORD0005679,1,debit_card,12,28.19
ORD0005680,1,boleto,10,235.03
ORD0005681,1,debit_card,6,33.48
ORD0005682,1,debit_card,5,167.62
ORD0005683,1,credit_card,7,2722.57
ORD0005684,1,voucher,1,74.65
ORD0005685,1,debit_card,4,380.74
ORD0005686,1,boleto,4,264.32
ORD0005687,1,debit_card,9,173.73
ORD0005688,1,boleto,10,67.98
ORD0005689,1,debit_card,11,106.12
ORD0005690,1,debit_card,5,461.69000000000005
ORD0005691,1,voucher,5,82.05
ORD0005692,1,voucher,9,62.04
ORD0005693,1,voucher,7,379.8
ORD0005694,1,voucher,11,454.77
ORD0005695,1,boleto,12,173.15
ORD0005696,1,credit_card,11,490.15999999999997
ORD0005697,1,credit_card,9,202.60999999999999
ORD0005698,1,voucher,11,620.48
ORD0005699,1,credit_card,7,96.0
ORD0005700,1,voucher,5,543.09
ORD0005701,1,debit_card,2,68.22
ORD0005702,1,credit_card,5,273.56
ORD0005703,1,debit_card,8,278.82
ORD0005704,1,debit_card,9,275.82
ORD0005705,1,voucher,5,622.91
ORD0005706,1,debit_card,7,365.24
ORD0005707,1,voucher,10,432.72
ORD0005708,1,boleto,9,250.08
ORD0005709,1,boleto,10,291.84000000000003
ORD0005710,1,debit_card,6,874.3000000000001
ORD0005711,1,boleto,2,213.68
ORD0005712,1,boleto,8,3102.6
ORD0005713,1,credit_card,10,728.56
ORD0005714,1,credit_card,5,121.49
ORD0005715,1,credit_card,10,1053.8
ORD0005716,1,debit_card,8,157.64999999999998
ORD0005717,1,boleto,6,87.48
ORD0005718,1,credit_card,6,214.16
ORD0005719,1,debit_card,10,35.92
ORD0005720,1,credit_card,9,379.34
ORD0005721,1,debit_card,4,523.74
ORD0005722,1,credit_card,10,700.1
ORD0005723,1,credit_card,1,601.9200000000001
ORD0005724,1,credit_card,7,833.96
ORD0005725,1,debit_card,8,34.09
ORD0005726,1,boleto,5,55.28
ORD0005727,1,credit_card,12,389.76
ORD0005728,1,debit_card,6,303.22
ORD0005729,1,boleto,3,42.7
ORD0005730,1,voucher,1,458.22
ORD0005731,1,debit_card,9,56.489999999999995
ORD0005732,1,boleto,4,429.28999999999996
ORD0005733,1,boleto,4,77.53999999999999
ORD0005734,1,debit_card,8,149.81
ORD0005735,1,boleto,7,511.9
ORD0005736,1,voucher,5,71.06
ORD0005737,1,debit_card,11,361.92
ORD0005738,1,debit_card,12,455.72
ORD0005739,1,boleto,2,780.21
ORD0005740,1,credit_card,9,61.91
ORD0005741,1,boleto,8,314.9
ORD0005742,1,voucher,6,250.72
ORD0005743,1,credit_card,10,73.2
ORD0005744,1,voucher,12,979.94
ORD0005745,1,debit_card,12,284.17999999999995
ORD0005746,1,voucher,8,209.11
ORD0005747,1,credit_card,3,248.54
ORD0005748,1,voucher,8,499.58
ORD0005749,1,boleto,8,62.84
ORD0005750,1,credit_card,12,36.4
ORD0005751,1,voucher,9,217.07999999999998
ORD0005752,1,voucher,3,49.52
ORD0005753,1,debit_card,6,39.69
ORD0005754,1,debit_card,3,356.70000000000005
ORD0005755,1,debit_card,2,180.6
ORD0005756,1,credit_card,3,284.15999999999997
ORD0005757,1,debit_card,10,343.2
ORD0005758,1,debit_card,7,274.59000000000003
ORD0005759,1,debit_card,11,640.63
ORD0005760,1,credit_card,2,186.8
ORD0005761,1,boleto,12,551.81
ORD0005762,1,voucher,8,96.24
ORD0005763,1,voucher,12,40.2
ORD0005764,1,credit_card,2,113.51
ORD0005765,1,boleto,4,116.7
ORD0005766,1,debit_card,2,1440.04
ORD0005767,1,voucher,6,60.54
ORD0005768,1,debit_card,11,190.97
ORD0005769,1,debit_card,9,578.96
ORD0005770,1,debit_card,6,109.26
ORD0005771,1,credit_card,7,58.12
ORD0005772,1,boleto,7,390.49
ORD0005773,1,boleto,8,301.04
ORD0005774,1,debit_card,3,292.79999999999995
ORD0005775,1,credit_card,7,62.43
ORD0005776,1,credit_card,1,1965.04
ORD0005777,1,credit_card,12,656.86
ORD0005778,1,boleto,6,190.0
ORD0005779,1,boleto,1,590.9000000000001
ORD0005780,1,credit_card,5,324.1
ORD0005781,1,credit_card,1,52.22
ORD0005782,1,voucher,4,48.5
ORD0005783,1,boleto,8,267.76
ORD0005784,1,boleto,7,216.06
ORD0005785,1,credit_card,7,1085.92
ORD0005786,1,boleto,1,271.71000000000004
ORD0005787,1,boleto,10,447.82
ORD0005788,1,voucher,1,188.4
ORD0005789,1,debit_card,2,437.19
ORD0005790,1,voucher,12,306.93
ORD0005791,1,voucher,7,127.53
ORD0005792,1,credit_card,3,69.35
ORD0005793,1,debit_card,1,552.1500000000001
ORD0005794,1,boleto,1,760.6999999999999
ORD0005795,1,debit_card,7,15.07
ORD0005796,1,voucher,9,66.9
ORD0005797,1,debit_card,12,723.72
ORD0005798,1,voucher,7,506.78
ORD0005799,1,voucher,11,266.5
ORD0005800,1,debit_card,1,355.39
ORD0005801,1,voucher,3,669.1800000000001
ORD0005802,1,debit_card,9,35.47
ORD0005803,1,boleto,7,139.41
ORD0005804,1,voucher,2,110.38
ORD0005805,1,debit_card,1,103.2
ORD0005806,1,debit_card,1,54.57
ORD0005807,1,credit_card,11,1455.5
ORD0005808,1,credit_card,1,331.68
ORD0005809,1,credit_card,1,67.07
ORD0005810,1,voucher,5,140.52
ORD0005811,1,boleto,12,445.98
ORD0005812,1,debit_card,8,129.29
ORD0005813,1,voucher,6,163.71
ORD0005814,1,credit_card,7,517.1800000000001
ORD0005815,1,credit_card,4,130.93
ORD0005816,1,boleto,12,342.33000000000004
ORD0005817,1,voucher,10,1145.52
ORD0005818,1,voucher,5,358.15000000000003
ORD0005819,1,boleto,1,506.84999999999997
ORD0005820,1,boleto,12,35.15
ORD0005821,1,debit_card,1,1822.68
ORD0005822,1,credit_card,8,166.29
ORD0005823,1,boleto,12,325.78
ORD0005824,1,credit_card,2,157.32
ORD0005825,1,voucher,4,104.25999999999999
ORD0005826,1,voucher,11,283.18
ORD0005827,1,debit_card,1,999.31
ORD0005828,1,debit_card,2,987.98
ORD0005829,1,voucher,5,804.13
ORD0005830,1,credit_card,1,165.67
ORD0005831,1,boleto,10,320.8
ORD0005832,1,debit_card,8,62.16
ORD0005833,1,debit_card,4,296.26
ORD0005834,1,voucher,2,378.1
ORD0005835,1,boleto,4,501.56
ORD0005836,1,boleto,9,176.39
ORD0005837,1,voucher,9,405.45
ORD0005838,1,boleto,2,544.29
ORD0005839,1,boleto,11,210.36
ORD0005840,1,boleto,9,61.47
ORD0005841,1,debit_card,3,94.28
ORD0005842,1,debit_card,3,327.68
ORD0005843,1,credit_card,9,1426.9899999999998
ORD0005844,1,voucher,7,1117.29
ORD0005845,1,credit_card,10,426.56000000000006
ORD0005846,1,credit_card,2,1094.85
ORD0005847,1,voucher,11,77.97
ORD0005848,1,debit_card,9,1253.29
ORD0005849,1,boleto,11,1710.49
ORD0005850,1,credit_card,5,376.41999999999996
ORD0005851,1,voucher,4,80.74000000000001
ORD0005852,1,credit_card,3,146.88
ORD0005853,1,boleto,2,35.45
ORD0005854,1,boleto,6,2253.44
ORD0005855,1,credit_card,5,262.39
ORD0005856,1,boleto,10,325.71999999999997
ORD0005857,1,debit_card,3,194.39
ORD0005858,1,voucher,7,146.92000000000002
ORD0005859,1,boleto,8,39.68
ORD0005860,1,credit_card,2,109.6
ORD0005861,1,voucher,1,153.74
ORD0005862,1,credit_card,4,29.27
ORD0005863,1,boleto,11,85.31
ORD0005864,1,debit_card,1,104.78
ORD0005865,1,boleto,12,118.3
ORD0005866,1,boleto,1,43.56
ORD0005867,1,debit_card,10,48.16
ORD0005868,1,debit_card,8,94.02
ORD0005869,1,boleto,7,865.36
ORD0005870,1,debit_card,10,162.06
ORD0005871,1,credit_card,9,971.78
ORD0005872,1,debit_card,10,363.29999999999995
ORD0005873,1,voucher,12,163.01
ORD0005874,1,voucher,9,1247.02
ORD0005875,1,boleto,6,188.31
ORD0005876,1,debit_card,9,88.22
ORD0005877,1,voucher,10,34.28
ORD0005878,1,boleto,9,110.68
ORD0005879,1,debit_card,3,121.06
ORD0005880,1,debit_card,3,56.42
ORD0005881,1,voucher,2,877.02
ORD0005882,1,boleto,10,148.89000000000001
ORD0005883,1,debit_card,1,35.99
ORD0005884,1,boleto,2,648.1500000000001
ORD0005885,1,boleto,11,62.14
ORD0005886,1,credit_card,6,115.23
ORD0005887,1,voucher,3,682.74
ORD0005888,1,boleto,3,340.32
ORD0005889,1,voucher,4,145.66
ORD0005890,1,voucher,10,286.40999999999997
ORD0005891,1,voucher,12,128.26
ORD0005892,1,boleto,9,289.61
ORD0005893,1,boleto,9,357.6
ORD0005894,1,voucher,6,30.08
ORD0005895,1,credit_card,3,118.25
ORD0005896,1,boleto,8,162.4
ORD0005897,1,debit_card,7,194.04
ORD0005898,1,voucher,10,1122.78
ORD0005899,1,voucher,6,354.18
ORD0005900,1,credit_card,12,105.1
ORD0005901,1,voucher,1,632.28
ORD0005902,1,boleto,7,220.35000000000002
ORD0005903,1,credit_card,11,345.87
ORD0005904,1,boleto,3,111.53
ORD0005905,1,boleto,3,628.27
ORD0005906,1,credit_card,10,302.16
ORD0005907,1,debit_card,11,110.77
ORD0005908,1,debit_card,7,218.32
ORD0005909,1,credit_card,8,422.4
ORD0005910,1,credit_card,11,41.87
ORD0005911,1,voucher,1,849.5999999999999
ORD0005912,1,credit_card,12,52.11
ORD0005913,1,credit_card,7,295.42
ORD0005914,1,debit_card,7,188.36
ORD0005915,1,voucher,11,157.2
ORD0005916,1,voucher,4,276.65
ORD0005917,1,boleto,6,1367.38
ORD0005918,1,credit_card,9,705.65
ORD0005919,1,voucher,6,463.68
ORD0005920,1,voucher,10,121.49
ORD0005921,1,debit_card,3,208.04
ORD0005922,1,debit_card,5,44.31
ORD0005923,1,debit_card,11,1003.37
ORD0005924,1,debit_card,5,195.53
ORD0005925,1,voucher,9,543.12
ORD0005926,1,credit_card,6,893.47
ORD0005927,1,voucher,2,23.36
ORD0005928,1,voucher,8,692.62
ORD0005929,1,voucher,12,194.05
ORD0005930,1,debit_card,12,476.04
ORD0005931,1,debit_card,10,55.34
ORD0005932,1,voucher,3,159.96
ORD0005933,1,voucher,5,129.29
ORD0005934,1,voucher,7,78.55
ORD0005935,1,debit_card,1,632.03
ORD0005936,1,debit_card,4,2225.6
ORD0005937,1,credit_card,6,269.9
ORD0005938,1,voucher,1,422.4
ORD0005939,1,credit_card,12,111.94
ORD0005940,1,boleto,6,297.72
ORD0005941,1,credit_card,3,27.7
ORD0005942,1,voucher,12,166.56
ORD0005943,1,credit_card,3,393.84
ORD0005944,1,debit_card,9,33.64
ORD0005945,1,boleto,4,157.32
ORD0005946,1,debit_card,3,142.62
ORD0005947,1,boleto,5,180.14
ORD0005948,1,boleto,1,145.67
ORD0005949,1,voucher,10,204.55
ORD0005950,1,debit_card,6,58.6
ORD0005951,1,boleto,3,93.62
ORD0005952,1,voucher,12,15.28
ORD0005953,1,voucher,4,45.86
ORD0005954,1,credit_card,7,258.52
ORD0005955,1,voucher,4,192.3
ORD0005956,1,debit_card,12,89.8
ORD0005957,1,boleto,11,492.58
ORD0005958,1,boleto,5,66.0
ORD0005959,1,debit_card,1,433.83
ORD0005960,1,credit_card,9,58.35
ORD0005961,1,boleto,7,510.79999999999995
ORD0005962,1,voucher,3,198.78000000000003
ORD0005963,1,boleto,4,281.70000000000005
ORD0005964,1,boleto,12,190.56
ORD0005965,1,credit_card,1,107.04
ORD0005966,1,debit_card,3,211.38
ORD0005967,1,credit_card,5,172.3
ORD0005968,1,voucher,5,93.4
ORD0005969,1,voucher,8,332.06
ORD0005970,1,credit_card,5,427.05
ORD0005971,1,debit_card,3,156.37
ORD0005972,1,debit_card,12,576.21
ORD0005973,1,voucher,11,879.57
ORD0005974,1,debit_card,12,252.51999999999998
ORD0005975,1,boleto,1,412.38
ORD0005976,1,boleto,3,546.28
ORD0005977,1,credit_card,7,86.15
ORD0005978,1,voucher,5,379.1
ORD0005979,1,credit_card,3,811.4
ORD0005980,1,boleto,9,999.25
ORD0005981,1,debit_card,8,94.72
ORD0005982,1,boleto,2,128.01
ORD0005983,1,debit_card,10,1647.8999999999999
ORD0005984,1,credit_card,6,235.15
ORD0005985,1,credit_card,1,919.17
ORD0005986,1,voucher,9,141.03
ORD0005987,1,debit_card,12,387.24
ORD0005988,1,debit_card,4,1115.06
ORD0005989,1,debit_card,10,45.65
ORD0005990,1,credit_card,12,299.49
ORD0005991,1,credit_card,3,173.28
ORD0005992,1,boleto,11,199.82999999999998
ORD0005993,1,debit_card,5,141.26
ORD0005994,1,credit_card,6,88.35
ORD0005995,1,voucher,2,988.03
ORD0005996,1,boleto,1,312.91
ORD0005997,1,voucher,7,231.14000000000001
ORD0005998,1,credit_card,8,1800.1000000000001
ORD0005999,1,boleto,4,89.4
ORD0006000,1,voucher,7,119.91
ORD0006001,1,boleto,5,24.73
ORD0006002,1,credit_card,10,363.33
ORD0006003,1,credit_card,12,148.78
ORD0006004,1,credit_card,6,543.81
ORD0006005,1,voucher,11,136.86
ORD0006006,1,voucher,9,607.05
ORD0006007,1,debit_card,12,185.13
ORD0006008,1,boleto,12,1302.34
ORD0006009,1,boleto,12,165.91
ORD0006010,1,voucher,2,110.25
ORD0006011,1,boleto,2,749.4499999999999
ORD0006012,1,credit_card,2,69.77
ORD0006013,1,debit_card,2,1791.85
ORD0006014,1,credit_card,5,89.81
ORD0006015,1,voucher,4,324.85
ORD0006016,1,boleto,2,1115.44
ORD0006017,1,boleto,3,99.48
ORD0006018,1,voucher,2,663.33
ORD0006019,1,credit_card,4,83.1
ORD0006020,1,debit_card,6,57.8
ORD0006021,1,boleto,10,84.0
ORD0006022,1,debit_card,10,277.72
ORD0006023,1,voucher,10,614.84
ORD0006024,1,boleto,4,130.95
ORD0006025,1,credit_card,3,2269.5
ORD0006026,1,debit_card,9,1359.99
ORD0006027,1,credit_card,9,1290.8
ORD0006028,1,voucher,6,277.25
ORD0006029,1,voucher,6,149.38
ORD0006030,1,voucher,12,777.56
ORD0006031,1,voucher,6,173.54000000000002
ORD0006032,1,debit_card,4,559.22
ORD0006033,1,voucher,9,67.59
ORD0006034,1,credit_card,3,202.12
ORD0006035,1,debit_card,8,370.40999999999997
ORD0006036,1,debit_card,7,741.87
ORD0006037,1,debit_card,3,138.54
ORD0006038,1,boleto,8,221.09
ORD0006039,1,voucher,8,665.18
ORD0006040,1,boleto,5,1574.2
ORD0006041,1,debit_card,10,111.53
ORD0006042,1,credit_card,4,422.74
ORD0006043,1,boleto,4,387.07
ORD0006044,1,voucher,3,24.09
ORD0006045,1,credit_card,8,84.84
ORD0006046,1,voucher,2,222.76
ORD0006047,1,debit_card,11,878.44
ORD0006048,1,debit_card,11,415.11
ORD0006049,1,voucher,4,176.76999999999998
ORD0006050,1,debit_card,11,977.98
ORD0006051,1,voucher,3,141.26
ORD0006052,1,boleto,6,285.25
ORD0006053,1,credit_card,4,144.26
ORD0006054,1,boleto,4,525.56
ORD0006055,1,boleto,11,32.14
ORD0006056,1,voucher,5,120.98
ORD0006057,1,boleto,8,528.9100000000001
ORD0006058,1,debit_card,3,360.12
ORD0006059,1,credit_card,10,166.41
ORD0006060,1,credit_card,8,122.25
ORD0006061,1,credit_card,8,103.52
ORD0006062,1,voucher,9,105.27000000000001
ORD0006063,1,debit_card,5,399.59999999999997
ORD0006064,1,voucher,6,101.48
ORD0006065,1,boleto,7,598.99
ORD0006066,1,boleto,4,246.89000000000001
ORD0006067,1,voucher,9,276.44
ORD0006068,1,credit_card,2,91.86
ORD0006069,1,credit_card,7,59.99
ORD0006070,1,debit_card,8,197.39999999999998
ORD0006071,1,credit_card,4,90.52
ORD0006072,1,credit_card,12,117.50999999999999
ORD0006073,1,credit_card,11,183.76
ORD0006074,1,debit_card,5,725.13
ORD0006075,1,boleto,6,98.05
ORD0006076,1,boleto,5,770.07
ORD0006077,1,voucher,7,294.93
ORD0006078,1,boleto,12,988.74
ORD0006079,1,debit_card,2,290.64
ORD0006080,1,boleto,5,35.14
ORD0006081,1,debit_card,7,566.4
ORD0006082,1,voucher,7,158.45000000000002
ORD0006083,1,voucher,11,325.3
ORD0006084,1,credit_card,2,45.78
ORD0006085,1,debit_card,10,375.95
ORD0006086,1,boleto,10,624.9300000000001
ORD0006087,1,boleto,2,563.45
ORD0006088,1,voucher,6,109.4
ORD0006089,1,voucher,11,492.58
ORD0006090,1,boleto,1,127.04
ORD0006091,1,voucher,12,160.56
ORD0006092,1,boleto,6,112.5
ORD0006093,1,voucher,2,162.43
ORD0006094,1,credit_card,2,553.3
ORD0006095,1,credit_card,3,356.52
ORD0006096,1,debit_card,7,684.01
ORD0006097,1,voucher,8,547.74
ORD0006098,1,credit_card,2,569.8399999999999
ORD0006099,1,voucher,2,655.17
ORD0006100,1,voucher,10,34.32
ORD0006101,1,credit_card,5,207.24
ORD0006102,1,voucher,8,692.34
ORD0006103,1,debit_card,7,790.86
ORD0006104,1,debit_card,1,208.04
ORD0006105,1,voucher,5,144.76
ORD0006106,1,debit_card,6,33.02
ORD0006107,1,boleto,4,524.58
ORD0006108,1,voucher,3,152.74
ORD0006109,1,credit_card,10,766.18
ORD0006110,1,debit_card,9,1236.91
ORD0006111,1,boleto,7,34.54
ORD0006112,1,voucher,3,744.7
ORD0006113,1,credit_card,3,42.46
ORD0006114,1,credit_card,11,252.78
ORD0006115,1,debit_card,5,77.52
ORD0006116,1,debit_card,3,181.55
ORD0006117,1,voucher,2,392.5
ORD0006118,1,boleto,6,81.69
ORD0006119,1,credit_card,11,148.55
ORD0006120,1,boleto,6,241.3
ORD0006121,1,boleto,2,314.34000000000003
ORD0006122,1,boleto,2,841.04
ORD0006123,1,credit_card,10,379.54
ORD0006124,1,debit_card,2,177.41
ORD0006125,1,credit_card,4,139.98
ORD0006126,1,credit_card,9,1540.15
ORD0006127,1,credit_card,6,864.23
ORD0006128,1,credit_card,4,1031.16
ORD0006129,1,boleto,7,791.76
ORD0006130,1,voucher,11,69.88
ORD0006131,1,credit_card,1,110.69
ORD0006132,1,credit_card,10,661.76
ORD0006133,1,credit_card,11,129.74
ORD0006134,1,boleto,2,361.46
ORD0006135,1,boleto,12,283.31
ORD0006136,1,debit_card,3,386.1
ORD0006137,1,boleto,7,364.59000000000003
ORD0006138,1,credit_card,6,129.97
ORD0006139,1,debit_card,4,506.95
ORD0006140,1,boleto,10,254.73000000000002
ORD0006141,1,voucher,10,312.74
ORD0006142,1,credit_card,12,354.18
ORD0006143,1,voucher,9,151.97
ORD0006144,1,debit_card,8,198.95
ORD0006145,1,boleto,5,25.18
ORD0006146,1,voucher,5,67.59
ORD0006147,1,boleto,4,54.11
ORD0006148,1,debit_card,6,1011.53
ORD0006149,1,voucher,2,586.59
ORD0006150,1,boleto,5,487.25
ORD0006151,1,voucher,11,381.59999999999997
ORD0006152,1,debit_card,9,548.14
ORD0006153,1,debit_card,12,149.36
ORD0006154,1,debit_card,6,164.0
ORD0006155,1,boleto,7,244.18
ORD0006156,1,credit_card,5,531.0999999999999
ORD0006157,1,debit_card,3,2277.92
ORD0006158,1,voucher,5,120.16
ORD0006159,1,boleto,5,495.08
ORD0006160,1,debit_card,10,265.07
ORD0006161,1,credit_card,6,43.56
ORD0006162,1,voucher,6,19.97
ORD0006163,1,boleto,7,101.58
ORD0006164,1,boleto,11,1531.6999999999998
ORD0006165,1,boleto,10,323.57000000000005
ORD0006166,1,credit_card,8,81.38
ORD0006167,1,credit_card,8,173.3
ORD0006168,1,voucher,2,267.06
ORD0006169,1,voucher,7,484.69
ORD0006170,1,voucher,4,345.12
ORD0006171,1,credit_card,2,60.49
ORD0006172,1,boleto,3,884.71
ORD0006173,1,voucher,9,118.44
ORD0006174,1,voucher,3,101.29
ORD0006175,1,debit_card,4,471.88
ORD0006176,1,voucher,8,732.7099999999999
ORD0006177,1,voucher,6,48.67
ORD0006178,1,credit_card,9,207.81
ORD0006179,1,debit_card,7,454.86
ORD0006180,1,boleto,10,177.26
ORD0006181,1,debit_card,10,370.08
ORD0006182,1,debit_card,11,258.7
ORD0006183,1,credit_card,12,1349.4099999999999
ORD0006184,1,voucher,1,559.88
ORD0006185,1,boleto,8,370.93
ORD0006186,1,debit_card,11,373.16
ORD0006187,1,boleto,7,197.42
ORD0006188,1,debit_card,6,324.32
ORD0006189,1,credit_card,8,785.5500000000001
ORD0006190,1,voucher,8,367.45
ORD0006191,1,boleto,3,57.92
ORD0006192,1,boleto,8,260.54
ORD0006193,1,debit_card,4,90.52
ORD0006194,1,credit_card,9,121.26
ORD0006195,1,debit_card,7,91.54
ORD0006196,1,credit_card,1,142.0
ORD0006197,1,debit_card,1,144.04
ORD0006198,1,debit_card,8,111.18
ORD0006199,1,credit_card,4,326.76
ORD0006200,1,boleto,4,43.95
ORD0006201,1,voucher,9,318.26
ORD0006202,1,boleto,11,28.66
ORD0006203,1,boleto,1,171.26
ORD0006204,1,credit_card,2,406.32000000000005
ORD0006205,1,voucher,8,109.6
ORD0006206,1,debit_card,11,173.4
ORD0006207,1,debit_card,12,62.18
ORD0006208,1,debit_card,5,43.28
ORD0006209,1,voucher,1,300.22
ORD0006210,1,credit_card,2,53.91
ORD0006211,1,debit_card,3,549.15
ORD0006212,1,debit_card,3,66.04
ORD0006213,1,voucher,11,319.89
ORD0006214,1,voucher,4,27.34
ORD0006215,1,credit_card,3,75.66
ORD0006216,1,boleto,4,565.23
ORD0006217,1,credit_card,4,108.07
ORD0006218,1,debit_card,6,173.60999999999999
ORD0006219,1,boleto,12,83.12
ORD0006220,1,debit_card,7,374.52
ORD0006221,1,debit_card,2,105.64
ORD0006222,1,credit_card,11,43.43
ORD0006223,1,credit_card,1,55.22
ORD0006224,1,debit_card,9,270.65999999999997
ORD0006225,1,debit_card,5,23.23
ORD0006226,1,debit_card,2,111.0
ORD0006227,1,voucher,2,612.0300000000001
ORD0006228,1,voucher,2,116.28
ORD0006229,1,boleto,3,416.56
ORD0006230,1,boleto,4,467.04
ORD0006231,1,boleto,3,807.39
ORD0006232,1,boleto,5,288.04
ORD0006233,1,credit_card,5,57.4
ORD0006234,1,boleto,11,250.91
ORD0006235,1,credit_card,9,311.61
ORD0006236,1,boleto,8,369.84
ORD0006237,1,debit_card,2,123.17
ORD0006238,1,boleto,12,363.5
ORD0006239,1,debit_card,4,479.62
ORD0006240,1,debit_card,12,190.22
ORD0006241,1,debit_card,10,296.19
ORD0006242,1,credit_card,11,67.51
ORD0006243,1,credit_card,1,303.94
ORD0006244,1,voucher,2,345.1
ORD0006245,1,voucher,4,1697.8899999999999
ORD0006246,1,boleto,12,622.4399999999999
ORD0006247,1,debit_card,6,131.88
ORD0006248,1,credit_card,10,300.7
ORD0006249,1,voucher,12,1087.5
ORD0006250,1,credit_card,6,45.5
ORD0006251,1,credit_card,4,95.3
ORD0006252,1,boleto,10,263.3
ORD0006253,1,debit_card,3,275.66999999999996
ORD0006254,1,boleto,7,254.12
ORD0006255,1,voucher,5,1086.31
ORD0006256,1,debit_card,1,61.5
ORD0006257,1,credit_card,11,648.1800000000001
ORD0006258,1,debit_card,5,515.84
ORD0006259,1,boleto,6,141.88
ORD0006260,1,credit_card,4,354.53
ORD0006261,1,voucher,4,1118.52
ORD0006262,1,boleto,2,765.04
ORD0006263,1,debit_card,1,220.5
ORD0006264,1,credit_card,8,437.84
ORD0006265,1,voucher,1,192.89999999999998
ORD0006266,1,voucher,8,931.41
ORD0006267,1,boleto,12,336.76
ORD0006268,1,voucher,10,1884.44
ORD0006269,1,voucher,11,791.3199999999999
ORD0006270,1,debit_card,5,213.15
ORD0006271,1,credit_card,9,1421.22
ORD0006272,1,boleto,2,309.12
ORD0006273,1,boleto,2,44.6
ORD0006274,1,debit_card,12,637.1500000000001
ORD0006275,1,voucher,5,349.04
ORD0006276,1,voucher,10,98.76
ORD0006277,1,boleto,12,425.02
ORD0006278,1,voucher,6,1028.34
ORD0006279,1,credit_card,5,31.9
ORD0006280,1,boleto,9,853.62
ORD0006281,1,credit_card,12,284.56
ORD0006282,1,voucher,5,142.74
ORD0006283,1,debit_card,11,276.11
ORD0006284,1,debit_card,8,251.14
ORD0006285,1,boleto,2,62.65
ORD0006286,1,debit_card,11,441.6
ORD0006287,1,boleto,3,93.21
ORD0006288,1,voucher,5,330.94
ORD0006289,1,voucher,12,154.85
ORD0006290,1,voucher,10,30.02
ORD0006291,1,credit_card,5,318.51
ORD0006292,1,debit_card,11,81.56
ORD0006293,1,boleto,2,276.40999999999997
ORD0006294,1,voucher,10,193.14
ORD0006295,1,debit_card,4,256.81
ORD0006296,1,voucher,10,455.02
ORD0006297,1,credit_card,8,851.82
ORD0006298,1,boleto,5,379.34
ORD0006299,1,voucher,12,623.49
ORD0006300,1,voucher,10,484.67
ORD0006301,1,voucher,7,470.68000000000006
ORD0006302,1,boleto,7,161.48
ORD0006303,1,voucher,6,1351.41
ORD0006304,1,voucher,1,180.99
ORD0006305,1,boleto,3,95.16
ORD0006306,1,credit_card,6,38.81
ORD0006307,1,boleto,12,473.42999999999995
ORD0006308,1,boleto,12,154.4
ORD0006309,1,credit_card,2,195.56
ORD0006310,1,debit_card,8,386.15000000000003
ORD0006311,1,voucher,12,48.67
ORD0006312,1,debit_card,7,322.3
ORD0006313,1,debit_card,8,546.51
ORD0006314,1,credit_card,2,166.52
ORD0006315,1,debit_card,5,72.78
ORD0006316,1,credit_card,10,141.8
ORD0006317,1,boleto,4,182.68
ORD0006318,1,credit_card,11,264.81
ORD0006319,1,debit_card,2,497.14000000000004
ORD0006320,1,voucher,2,513.3
ORD0006321,1,credit_card,1,625.48
ORD0006322,1,credit_card,7,82.86
ORD0006323,1,credit_card,2,528.5300000000001
ORD0006324,1,debit_card,3,279.9
ORD0006325,1,debit_card,7,1965.04
ORD0006326,1,debit_card,9,572.51
ORD0006327,1,boleto,1,40.54
ORD0006328,1,voucher,6,199.86
ORD0006329,1,credit_card,1,820.88
ORD0006330,1,credit_card,3,68.11
ORD0006331,1,credit_card,1,229.17000000000002
ORD0006332,1,boleto,7,968.0999999999999
ORD0006333,1,voucher,9,120.28
ORD0006334,1,voucher,8,182.97
ORD0006335,1,voucher,1,57.37
ORD0006336,1,debit_card,3,526.77
ORD0006337,1,boleto,10,42.06
ORD0006338,1,credit_card,1,366.94
ORD0006339,1,credit_card,3,97.34
ORD0006340,1,voucher,9,230.57
ORD0006341,1,debit_card,12,552.4200000000001
ORD0006342,1,credit_card,10,765.04
ORD0006343,1,debit_card,2,182.75
ORD0006344,1,boleto,5,573.99
ORD0006345,1,voucher,8,116.82
ORD0006346,1,voucher,1,14.8
ORD0006347,1,credit_card,10,62.06
ORD0006348,1,voucher,9,87.26
ORD0006349,1,voucher,11,855.24
ORD0006350,1,boleto,9,490.13
ORD0006351,1,boleto,12,221.53
ORD0006352,1,debit_card,9,261.38
ORD0006353,1,credit_card,3,481.56
ORD0006354,1,voucher,5,315.55
ORD0006355,1,voucher,4,747.72
ORD0006356,1,credit_card,11,214.15
ORD0006357,1,voucher,1,46.5
ORD0006358,1,debit_card,11,276.47
ORD0006359,1,boleto,8,969.9
ORD0006360,1,credit_card,6,18.04
ORD0006361,1,credit_card,4,346.02
ORD0006362,1,credit_card,4,180.62
ORD0006363,1,boleto,5,332.06
ORD0006364,1,voucher,4,977.84
ORD0006365,1,debit_card,2,458.12
ORD0006366,1,voucher,2,779.9200000000001
ORD0006367,1,debit_card,12,136.22
ORD0006368,1,boleto,5,416.03
ORD0006369,1,debit_card,7,401.54999999999995
ORD0006370,1,credit_card,5,443.04
ORD0006371,1,debit_card,1,103.44
ORD0006372,1,debit_card,1,167.69
ORD0006373,1,boleto,3,810.89
ORD0006374,1,voucher,1,386.1
ORD0006375,1,debit_card,9,498.58
ORD0006376,1,voucher,11,106.30000000000001
ORD0006377,1,credit_card,3,425.04
ORD0006378,1,voucher,2,146.19
ORD0006379,1,debit_card,11,136.88
ORD0006380,1,boleto,12,390.33000000000004
ORD0006381,1,boleto,5,309.65
ORD0006382,1,boleto,3,24.7
ORD0006383,1,debit_card,1,242.98
ORD0006384,1,credit_card,12,67.63
ORD0006385,1,debit_card,2,88.16
ORD0006386,1,debit_card,2,36.65
ORD0006387,1,credit_card,2,13.87
ORD0006388,1,credit_card,4,209.56
ORD0006389,1,boleto,9,133.86
ORD0006390,1,debit_card,8,83.52000000000001
ORD0006391,1,boleto,1,148.13
ORD0006392,1,voucher,12,265.42
ORD0006393,1,voucher,7,339.05
ORD0006394,1,boleto,8,77.04
ORD0006395,1,boleto,4,149.48
ORD0006396,1,boleto,1,37.38
ORD0006397,1,credit_card,3,67.22
ORD0006398,1,credit_card,2,532.04
ORD0006399,1,voucher,1,79.2
ORD0006400,1,credit_card,6,748.29
ORD0006401,1,boleto,3,214.31
ORD0006402,1,voucher,3,101.13
ORD0006403,1,debit_card,3,672.07
ORD0006404,1,boleto,11,379.34
ORD0006405,1,boleto,2,97.22999999999999
ORD0006406,1,credit_card,8,83.44
ORD0006407,1,debit_card,4,67.59
ORD0006408,1,boleto,6,699.44
ORD0006409,1,boleto,5,264.96
ORD0006410,1,boleto,5,741.8100000000001
ORD0006411,1,boleto,1,56.47
ORD0006412,1,credit_card,5,80.92
ORD0006413,1,credit_card,8,33.76
ORD0006414,1,voucher,5,39.64
ORD0006415,1,debit_card,6,249.48000000000002
ORD0006416,1,credit_card,1,712.5699999999999
ORD0006417,1,boleto,11,314.48
ORD0006418,1,debit_card,1,409.86
ORD0006419,1,debit_card,2,132.84
ORD0006420,1,voucher,12,145.67000000000002
ORD0006421,1,voucher,5,267.65999999999997
ORD0006422,1,boleto,12,428.62
ORD0006423,1,debit_card,12,79.66
ORD0006424,1,credit_card,1,830.29
ORD0006425,1,voucher,10,170.31
ORD0006426,1,credit_card,6,417.46000000000004
ORD0006427,1,boleto,1,475.76
ORD0006428,1,debit_card,12,128.85999999999999
ORD0006429,1,credit_card,6,276.27
ORD0006430,1,boleto,10,70.68
ORD0006431,1,voucher,7,63.91
ORD0006432,1,voucher,3,1290.3500000000001
ORD0006433,1,voucher,10,291.8
ORD0006434,1,voucher,1,45.46
ORD0006435,1,voucher,12,182.37
ORD0006436,1,voucher,9,1153.1799999999998
ORD0006437,1,boleto,11,758.68
ORD0006438,1,boleto,8,23.11
ORD0006439,1,voucher,1,1684.76
ORD0006440,1,voucher,3,99.04
ORD0006441,1,boleto,5,384.95000000000005
ORD0006442,1,credit_card,2,102.51
ORD0006443,1,boleto,10,530.88
ORD0006444,1,voucher,2,72.75
ORD0006445,1,voucher,2,1258.0700000000002
ORD0006446,1,boleto,11,74.28
ORD0006447,1,voucher,2,262.76
ORD0006448,1,debit_card,10,34.83
ORD0006449,1,debit_card,7,111.04
ORD0006450,1,credit_card,3,519.13
ORD0006451,1,voucher,11,230.58
ORD0006452,1,boleto,10,167.32
ORD0006453,1,credit_card,5,849.5999999999999
ORD0006454,1,boleto,6,330.65999999999997
ORD0006455,1,voucher,4,194.04
ORD0006456,1,debit_card,3,204.98
ORD0006457,1,boleto,2,234.14999999999998
ORD0006458,1,debit_card,9,157.56
ORD0006459,1,debit_card,3,139.9
ORD0006460,1,credit_card,12,60.3
ORD0006461,1,debit_card,8,291.52
ORD0006462,1,debit_card,3,426.9
ORD0006463,1,boleto,7,25.36
ORD0006464,1,credit_card,9,631.76
ORD0006465,1,boleto,4,109.26
ORD0006466,1,voucher,1,350.39
ORD0006467,1,voucher,1,1016.03
ORD0006468,1,credit_card,4,36.4
ORD0006469,1,debit_card,10,92.89999999999999
ORD0006470,1,debit_card,10,23.75
ORD0006471,1,credit_card,5,310.36
ORD0006472,1,boleto,8,299.70000000000005
ORD0006473,1,voucher,4,61.99
ORD0006474,1,credit_card,1,123.34
ORD0006475,1,debit_card,6,475.70000000000005
ORD0006476,1,credit_card,5,96.68
ORD0006477,1,boleto,10,487.02
ORD0006478,1,credit_card,8,685.66
ORD0006479,1,voucher,4,142.18
ORD0006480,1,boleto,8,241.63
ORD0006481,1,boleto,12,91.53999999999999
ORD0006482,1,voucher,3,63.46
ORD0006483,1,boleto,2,300.81
ORD0006484,1,credit_card,12,15.28
ORD0006485,1,voucher,10,1443.75
ORD0006486,1,voucher,12,420.11
ORD0006487,1,debit_card,2,220.31
ORD0006488,1,credit_card,12,33.48
ORD0006489,1,voucher,11,204.99
ORD0006490,1,voucher,12,267.84
ORD0006491,1,debit_card,2,191.86
ORD0006492,1,debit_card,3,126.59
ORD0006493,1,boleto,12,61.95
ORD0006494,1,debit_card,1,361.04
ORD0006495,1,voucher,4,102.51
ORD0006496,1,credit_card,12,168.1
ORD0006497,1,boleto,11,256.08
ORD0006498,1,credit_card,7,780.86
ORD0006499,1,voucher,7,153.13
ORD0006500,1,voucher,7,1123.43
ORD0006501,1,debit_card,2,16.79
ORD0006502,1,credit_card,12,1085.92
ORD0006503,1,credit_card,3,60.42
ORD0006504,1,debit_card,4,63.84
ORD0006505,1,boleto,3,220.0
ORD0006506,1,voucher,3,127.17
ORD0006507,1,debit_card,12,179.57999999999998
ORD0006508,1,credit_card,7,89.22
ORD0006509,1,voucher,11,206.29999999999998
ORD0006510,1,voucher,10,1803.6399999999999
ORD0006511,1,debit_card,11,380.42
ORD0006512,1,boleto,7,249.76
ORD0006513,1,debit_card,12,782.44
ORD0006514,1,debit_card,1,170.84
ORD0006515,1,debit_card,8,253.18
ORD0006516,1,debit_card,9,490.32
ORD0006517,1,debit_card,12,564.54
ORD0006518,1,debit_card,1,75.3
ORD0006519,1,debit_card,12,94.67999999999999
ORD0006520,1,voucher,11,204.61
ORD0006521,1,boleto,3,161.44
ORD0006522,1,boleto,10,86.87
ORD0006523,1,debit_card,2,553.08
ORD0006524,1,credit_card,11,326.82000000000005
ORD0006525,1,boleto,5,372.43
ORD0006526,1,debit_card,7,408.27
ORD0006527,1,credit_card,4,371.95
ORD0006528,1,credit_card,3,329.24
ORD0006529,1,debit_card,10,290.78
ORD0006530,1,boleto,2,590.76
ORD0006531,1,debit_card,5,351.52000000000004
ORD0006532,1,voucher,2,686.55
ORD0006533,1,debit_card,2,161.31
ORD0006534,1,debit_card,8,171.96
ORD0006535,1,debit_card,6,1054.4
ORD0006536,1,credit_card,9,80.47
ORD0006537,1,boleto,3,800.1500000000001
ORD0006538,1,debit_card,4,69.9
ORD0006539,1,voucher,2,61.24
ORD0006540,1,voucher,7,329.64
ORD0006541,1,debit_card,8,351.39
ORD0006542,1,credit_card,3,190.6
ORD0006543,1,credit_card,8,696.95
ORD0006544,1,boleto,1,704.68
ORD0006545,1,voucher,5,440.89
ORD0006546,1,boleto,10,192.69
ORD0006547,1,credit_card,7,431.3
ORD0006548,1,debit_card,4,165.29
ORD0006549,1,debit_card,11,77.97
ORD0006550,1,boleto,8,114.82
ORD0006551,1,boleto,2,565.08
ORD0006552,1,debit_card,12,171.76999999999998
ORD0006553,1,boleto,12,1301.05
ORD0006554,1,boleto,10,1043.9
ORD0006555,1,voucher,11,262.74
ORD0006556,1,voucher,6,575.2
ORD0006557,1,voucher,6,1079.22
ORD0006558,1,boleto,9,152.39
ORD0006559,1,debit_card,1,115.23
ORD0006560,1,voucher,8,261.8
ORD0006561,1,debit_card,7,49.71
ORD0006562,1,boleto,12,26.07
ORD0006563,1,credit_card,3,56.66
ORD0006564,1,boleto,7,196.53
ORD0006565,1,credit_card,10,160.8
ORD0006566,1,debit_card,11,1276.6000000000001
ORD0006567,1,credit_card,5,220.76
ORD0006568,1,boleto,5,473.26
ORD0006569,1,debit_card,6,62.52
ORD0006570,1,credit_card,7,33.26
ORD0006571,1,boleto,10,171.81
ORD0006572,1,voucher,12,730.3000000000001
ORD0006573,1,boleto,12,140.76
ORD0006574,1,voucher,1,422.38
ORD0006575,1,boleto,11,724.2
ORD0006576,1,boleto,6,353.61
ORD0006577,1,voucher,4,203.1
ORD0006578,1,voucher,3,80.81
ORD0006579,1,credit_card,11,83.11
ORD0006580,1,boleto,4,229.89
ORD0006581,1,credit_card,5,770.4300000000001
ORD0006582,1,boleto,2,70.46
ORD0006583,1,boleto,3,34.96
ORD0006584,1,debit_card,6,135.18
ORD0006585,1,credit_card,1,1356.2
ORD0006586,1,boleto,5,217.16
ORD0006587,1,debit_card,4,604.4
ORD0006588,1,voucher,11,282.15999999999997
ORD0006589,1,debit_card,6,770.24
ORD0006590,1,voucher,7,38.46
ORD0006591,1,debit_card,8,30.44
ORD0006592,1,credit_card,5,88.52
ORD0006593,1,boleto,8,188.65
ORD0006594,1,boleto,4,692.34
ORD0006595,1,boleto,10,448.08000000000004
ORD0006596,1,credit_card,1,268.28
ORD0006597,1,credit_card,4,143.68
ORD0006598,1,voucher,8,113.26
ORD0006599,1,boleto,4,88.27
ORD0006600,1,boleto,4,733.16
ORD0006601,1,debit_card,1,77.22
ORD0006602,1,boleto,3,2607.96
ORD0006603,1,voucher,6,434.12
ORD0006604,1,voucher,8,338.87
ORD0006605,1,credit_card,7,123.34
ORD0006606,1,boleto,6,472.8
ORD0006607,1,debit_card,5,118.4
ORD0006608,1,debit_card,9,224.61
ORD0006609,1,debit_card,9,467.69
ORD0006610,1,debit_card,11,547.86
ORD0006611,1,credit_card,7,714.08
ORD0006612,1,debit_card,7,66.42
ORD0006613,1,debit_card,11,230.44
ORD0006614,1,debit_card,9,93.34
ORD0006615,1,credit_card,5,394.27
ORD0006616,1,debit_card,3,120.31
ORD0006617,1,debit_card,8,16.56
ORD0006618,1,voucher,10,460.21000000000004
ORD0006619,1,debit_card,12,401.77
ORD0006620,1,debit_card,12,356.64
ORD0006621,1,credit_card,7,31.92
ORD0006622,1,voucher,2,93.64
ORD0006623,1,boleto,5,361.84
ORD0006624,1,voucher,12,705.9100000000001
ORD0006625,1,credit_card,11,706.05
ORD0006626,1,boleto,4,128.82
ORD0006627,1,debit_card,2,133.36
ORD0006628,1,voucher,4,240.62
ORD0006629,1,debit_card,7,94.02000000000001
ORD0006630,1,voucher,4,125.26
ORD0006631,1,credit_card,12,91.93
ORD0006632,1,debit_card,5,90.99
ORD0006633,1,credit_card,7,119.3
ORD0006634,1,boleto,9,199.26
ORD0006635,1,credit_card,12,805.3
ORD0006636,1,boleto,10,463.56
ORD0006637,1,voucher,7,162.86
ORD0006638,1,voucher,4,172.68
ORD0006639,1,debit_card,12,219.69
ORD0006640,1,debit_card,12,1295.24
ORD0006641,1,debit_card,3,1017.63
ORD0006642,1,debit_card,8,417.9
ORD0006643,1,credit_card,10,120.01
ORD0006644,1,voucher,5,136.53
ORD0006645,1,voucher,3,54.5
ORD0006646,1,credit_card,7,542.22
ORD0006647,1,debit_card,6,738.6099999999999
ORD0006648,1,credit_card,6,199.38
ORD0006649,1,credit_card,3,72.28
ORD0006650,1,debit_card,6,59.64
ORD0006651,1,boleto,9,46.01
ORD0006652,1,boleto,9,608.79
ORD0006653,1,boleto,1,105.30000000000001
ORD0006654,1,debit_card,10,128.4
ORD0006655,1,debit_card,11,541.66
ORD0006656,1,voucher,4,1656.06
ORD0006657,1,debit_card,4,315.3
ORD0006658,1,debit_card,9,106.48
ORD0006659,1,boleto,7,16.27
ORD0006660,1,voucher,1,118.1
ORD0006661,1,debit_card,6,109.46
ORD0006662,1,debit_card,5,202.96
ORD0006663,1,boleto,9,112.32
ORD0006664,1,credit_card,12,27.36
ORD0006665,1,boleto,3,597.44
ORD0006666,1,voucher,12,153.21
ORD0006667,1,voucher,8,284.75
ORD0006668,1,boleto,9,147.84
ORD0006669,1,debit_card,1,741.71
ORD0006670,1,boleto,2,428.35
ORD0006671,1,voucher,5,434.42999999999995
ORD0006672,1,voucher,1,49.74
ORD0006673,1,credit_card,7,643.8
ORD0006674,1,credit_card,2,180.43
ORD0006675,1,voucher,1,132.71
ORD0006676,1,credit_card,1,274.85
ORD0006677,1,boleto,3,113.97
ORD0006678,1,credit_card,2,189.84
ORD0006679,1,credit_card,7,65.54
ORD0006680,1,voucher,7,237.85
ORD0006681,1,voucher,7,120.48
ORD0006682,1,credit_card,6,354.6
ORD0006683,1,voucher,3,188.58
ORD0006684,1,debit_card,5,400.15
ORD0006685,1,credit_card,3,514.76
ORD0006686,1,voucher,7,66.23
ORD0006687,1,debit_card,3,895.3800000000001
ORD0006688,1,boleto,7,87.32
ORD0006689,1,voucher,12,443.17
ORD0006690,1,credit_card,11,105.42
ORD0006691,1,boleto,7,61.76
ORD0006692,1,voucher,10,1653.9099999999999
ORD0006693,1,credit_card,5,98.05
ORD0006694,1,credit_card,5,460.02
ORD0006695,1,credit_card,4,1370.24
ORD0006696,1,boleto,5,233.23000000000002
ORD0006697,1,credit_card,7,110.25
ORD0006698,1,credit_card,9,61.769999999999996
ORD0006699,1,credit_card,12,339.82000000000005
ORD0006700,1,debit_card,4,925.29
ORD0006701,1,credit_card,10,57.92
ORD0006702,1,voucher,12,90.42
ORD0006703,1,voucher,9,1084.8
ORD0006704,1,debit_card,1,179.91
ORD0006705,1,boleto,1,181.26
ORD0006706,1,voucher,3,167.28
ORD0006707,1,voucher,4,675.08
ORD0006708,1,debit_card,4,229.12
ORD0006709,1,debit_card,5,59.05
ORD0006710,1,debit_card,11,189.43
ORD0006711,1,debit_card,7,1591.02
ORD0006712,1,debit_card,12,136.96
ORD0006713,1,debit_card,8,247.79
ORD0006714,1,voucher,5,41.75
ORD0006715,1,debit_card,9,1767.94
ORD0006716,1,voucher,4,244.84
ORD0006717,1,credit_card,1,3285.28
ORD0006718,1,boleto,1,530.7
ORD0006719,1,credit_card,1,86.14
ORD0006720,1,credit_card,3,112.5
ORD0006721,1,credit_card,7,634.1800000000001
ORD0006722,1,credit_card,6,305.99
ORD0006723,1,boleto,2,309.54
ORD0006724,1,debit_card,10,380.22
ORD0006725,1,debit_card,10,876.66
ORD0006726,1,credit_card,12,227.02
ORD0006727,1,debit_card,4,222.08
ORD0006728,1,credit_card,6,226.86
ORD0006729,1,voucher,2,248.21999999999997
ORD0006730,1,debit_card,7,492.3
ORD0006731,1,debit_card,9,88.64
ORD0006732,1,voucher,2,444.08
ORD0006733,1,debit_card,9,54.21
ORD0006734,1,debit_card,9,317.33
ORD0006735,1,credit_card,6,1080.2399999999998
ORD0006736,1,credit_card,12,590.76
ORD0006737,1,voucher,12,143.0
ORD0006738,1,voucher,10,116.00999999999999
ORD0006739,1,debit_card,8,69.62
ORD0006740,1,debit_card,10,172.42
ORD0006741,1,boleto,7,887.1000000000001
ORD0006742,1,debit_card,4,126.06
ORD0006743,1,credit_card,10,166.84
ORD0006744,1,credit_card,7,54.5
ORD0006745,1,debit_card,5,90.26
ORD0006746,1,boleto,8,786.78
ORD0006747,1,credit_card,3,800.04
ORD0006748,1,debit_card,7,101.29
ORD0006749,1,boleto,2,63.52
ORD0006750,1,boleto,12,424.54999999999995
ORD0006751,1,credit_card,7,144.0
ORD0006752,1,boleto,12,100.7
ORD0006753,1,credit_card,6,438.6
ORD0006754,1,voucher,11,193.76
ORD0006755,1,voucher,10,576.04
ORD0006756,1,voucher,7,67.33
ORD0006757,1,voucher,6,172.85
ORD0006758,1,boleto,10,64.92
ORD0006759,1,debit_card,5,421.43
ORD0006760,1,credit_card,1,273.88
ORD0006761,1,boleto,3,121.11
ORD0006762,1,boleto,10,149.32
ORD0006763,1,debit_card,9,173.49
ORD0006764,1,debit_card,1,186.95
ORD0006765,1,credit_card,11,262.79999999999995
ORD0006766,1,credit_card,7,127.74000000000001
ORD0006767,1,credit_card,6,55.68
ORD0006768,1,debit_card,11,214.06
ORD0006769,1,credit_card,10,69.66
ORD0006770,1,voucher,9,23.36
ORD0006771,1,boleto,11,365.59999999999997
ORD0006772,1,credit_card,5,1225.45
ORD0006773,1,debit_card,5,32.78
ORD0006774,1,boleto,4,55.07
ORD0006775,1,boleto,9,869.0699999999999
ORD0006776,1,credit_card,8,113.88000000000001
ORD0006777,1,credit_card,8,613.22
ORD0006778,1,credit_card,2,144.93
ORD0006779,1,boleto,3,574.46
ORD0006780,1,boleto,3,54.78
ORD0006781,1,boleto,4,37.88
ORD0006782,1,voucher,9,143.42
ORD0006783,1,voucher,1,43.33
ORD0006784,1,credit_card,11,414.3
ORD0006785,1,debit_card,1,79.22
ORD0006786,1,credit_card,8,460.92
ORD0006787,1,debit_card,11,643.41
ORD0006788,1,debit_card,12,824.65
ORD0006789,1,debit_card,1,116.26
ORD0006790,1,voucher,1,198.48
ORD0006791,1,credit_card,12,64.13
ORD0006792,1,boleto,1,78.17
ORD0006793,1,credit_card,12,751.1
ORD0006794,1,credit_card,4,155.08
ORD0006795,1,debit_card,11,447.28
ORD0006796,1,debit_card,5,296.15999999999997
ORD0006797,1,voucher,7,143.82
ORD0006798,1,credit_card,3,822.34
ORD0006799,1,debit_card,10,164.31
ORD0006800,1,debit_card,6,83.94999999999999
ORD0006801,1,voucher,6,393.62
ORD0006802,1,boleto,6,165.99
ORD0006803,1,boleto,9,109.31
ORD0006804,1,credit_card,9,816.71
ORD0006805,1,debit_card,4,144.86
ORD0006806,1,debit_card,10,1498.7
ORD0006807,1,credit_card,10,280.23
ORD0006808,1,boleto,2,232.84
ORD0006809,1,boleto,2,331.16
ORD0006810,1,debit_card,2,735.59
ORD0006811,1,credit_card,10,715.25
ORD0006812,1,debit_card,2,108.56
ORD0006813,1,debit_card,12,175.8
ORD0006814,1,boleto,10,874.5799999999999
ORD0006815,1,boleto,10,413.29999999999995
ORD0006816,1,voucher,8,970.25
ORD0006817,1,debit_card,2,239.85
ORD0006818,1,credit_card,9,142.64
ORD0006819,1,boleto,4,748.77
ORD0006820,1,voucher,8,296.32
ORD0006821,1,debit_card,3,208.2
ORD0006822,1,credit_card,12,415.02
ORD0006823,1,voucher,10,123.82
ORD0006824,1,boleto,9,694.45
ORD0006825,1,credit_card,5,220.93
ORD0006826,1,boleto,11,129.55
ORD0006827,1,credit_card,12,100.1
ORD0006828,1,credit_card,4,228.12
ORD0006829,1,boleto,9,151.85
ORD0006830,1,boleto,3,507.11
ORD0006831,1,boleto,3,353.23
ORD0006832,1,boleto,8,208.67000000000002
ORD0006833,1,debit_card,3,55.22
ORD0006834,1,voucher,7,55.33
ORD0006835,1,boleto,11,606.44
ORD0006836,1,voucher,7,317.87
ORD0006837,1,voucher,5,22.25
ORD0006838,1,boleto,8,346.06
ORD0006839,1,credit_card,10,687.6
ORD0006840,1,boleto,2,165.84
ORD0006841,1,boleto,11,368.81
ORD0006842,1,credit_card,9,70.46
ORD0006843,1,debit_card,11,278.12
ORD0006844,1,voucher,9,638.8
ORD0006845,1,voucher,7,75.53999999999999
ORD0006846,1,credit_card,8,66.53
ORD0006847,1,boleto,2,183.74
ORD0006848,1,credit_card,10,416.46000000000004
ORD0006849,1,debit_card,5,146.35
ORD0006850,1,debit_card,10,691.1600000000001
ORD0006851,1,boleto,6,14.31
ORD0006852,1,credit_card,7,137.57999999999998
ORD0006853,1,voucher,1,322.44
ORD0006854,1,voucher,5,115.50999999999999
ORD0006855,1,credit_card,5,605.1999999999999
ORD0006856,1,boleto,10,1042.76
ORD0006857,1,credit_card,12,809.13
ORD0006858,1,credit_card,6,284.35
ORD0006859,1,debit_card,11,156.69
ORD0006860,1,voucher,11,102.2
ORD0006861,1,debit_card,8,505.56
ORD0006862,1,debit_card,4,143.47
ORD0006863,1,voucher,4,68.18
ORD0006864,1,debit_card,3,901.11
ORD0006865,1,credit_card,8,87.57
ORD0006866,1,credit_card,12,207.92000000000002
ORD0006867,1,boleto,3,78.98
ORD0006868,1,voucher,4,72.78
ORD0006869,1,credit_card,6,44.28
ORD0006870,1,voucher,11,154.95
ORD0006871,1,credit_card,9,1096.92
ORD0006872,1,boleto,3,37.14
ORD0006873,1,voucher,6,138.68
ORD0006874,1,voucher,4,1282.49
ORD0006875,1,voucher,4,703.4
ORD0006876,1,voucher,8,131.65
ORD0006877,1,voucher,11,60.04
ORD0006878,1,boleto,7,1095.88
ORD0006879,1,credit_card,9,106.36
ORD0006880,1,boleto,11,663.0
ORD0006881,1,debit_card,12,112.77
ORD0006882,1,boleto,8,124.92
ORD0006883,1,boleto,5,240.62
ORD0006884,1,credit_card,11,68.03
ORD0006885,1,credit_card,6,462.88
ORD0006886,1,credit_card,8,463.83000000000004
ORD0006887,1,debit_card,7,712.2
ORD0006888,1,voucher,2,327.48
ORD0006889,1,voucher,9,270.65999999999997
ORD0006890,1,debit_card,12,1917.82
ORD0006891,1,voucher,10,884.46
ORD0006892,1,boleto,1,1766.96
ORD0006893,1,boleto,5,664.0
ORD0006894,1,debit_card,7,91.18
ORD0006895,1,boleto,2,320.8
ORD0006896,1,voucher,4,21.34
ORD0006897,1,voucher,9,101.58
ORD0006898,1,voucher,7,31.9
ORD0006899,1,boleto,11,497.97
ORD0006900,1,boleto,1,72.25
ORD0006901,1,voucher,6,405.77
ORD0006902,1,voucher,3,16.88
ORD0006903,1,credit_card,3,146.88
ORD0006904,1,credit_card,5,141.88
ORD0006905,1,debit_card,1,368.1
ORD0006906,1,credit_card,10,112.14
ORD0006907,1,boleto,9,78.87
ORD0006908,1,debit_card,7,45.83
ORD0006909,1,boleto,7,172.96
ORD0006910,1,boleto,7,552.54
ORD0006911,1,credit_card,2,304.39
ORD0006912,1,debit_card,5,128.64
ORD0006913,1,debit_card,10,221.78
ORD0006914,1,debit_card,9,625.8399999999999
ORD0006915,1,debit_card,8,179.54
ORD0006916,1,debit_card,7,65.97
ORD0006917,1,credit_card,3,2067.38
ORD0006918,1,credit_card,3,156.1
ORD0006919,1,voucher,1,77.28
ORD0006920,1,boleto,9,148.16
ORD0006921,1,debit_card,11,320.82000000000005
ORD0006922,1,boleto,6,195.38
ORD0006923,1,credit_card,11,655.59
ORD0006924,1,voucher,2,40.93
ORD0006925,1,boleto,3,40.81
ORD0006926,1,credit_card,9,274.85
ORD0006927,1,debit_card,11,70.18
ORD0006928,1,debit_card,4,224.61
ORD0006929,1,credit_card,9,583.56
ORD0006930,1,voucher,6,292.29
ORD0006931,1,credit_card,6,389.0
ORD0006932,1,credit_card,5,564.0799999999999
ORD0006933,1,credit_card,3,22.02
ORD0006934,1,credit_card,12,230.44
ORD0006935,1,credit_card,4,107.8
ORD0006936,1,voucher,3,687.4399999999999
ORD0006937,1,credit_card,4,916.54
ORD0006938,1,debit_card,6,520.42
ORD0006939,1,debit_card,4,736.25
ORD0006940,1,boleto,3,71.34
ORD0006941,1,debit_card,6,117.38
ORD0006942,1,boleto,5,663.09
ORD0006943,1,credit_card,5,1112.4
ORD0006944,1,debit_card,10,566.76
ORD0006945,1,debit_card,9,299.98
ORD0006946,1,debit_card,10,77.75
ORD0006947,1,credit_card,1,431.2
ORD0006948,1,boleto,5,528.77
ORD0006949,1,debit_card,9,39.83
ORD0006950,1,voucher,9,284.76
ORD0006951,1,credit_card,3,253.43
ORD0006952,1,debit_card,2,124.32
ORD0006953,1,credit_card,7,400.76
ORD0006954,1,debit_card,8,1044.78
ORD0006955,1,boleto,6,130.54000000000002
ORD0006956,1,credit_card,10,1016.61
ORD0006957,1,voucher,1,282.84000000000003
ORD0006958,1,boleto,1,155.8
ORD0006959,1,boleto,3,272.01
ORD0006960,1,boleto,9,246.29
ORD0006961,1,debit_card,11,68.22
ORD0006962,1,credit_card,12,172.26
ORD0006963,1,credit_card,5,344.87
ORD0006964,1,voucher,4,194.22
ORD0006965,1,credit_card,12,165.63
ORD0006966,1,debit_card,8,22.0
ORD0006967,1,credit_card,9,225.12
ORD0006968,1,boleto,12,330.87
ORD0006969,1,boleto,7,37.94
ORD0006970,1,boleto,6,976.02
ORD0006971,1,credit_card,10,523.47
ORD0006972,1,voucher,10,140.4
ORD0006973,1,debit_card,7,368.98
ORD0006974,1,credit_card,4,900.9100000000001
ORD0006975,1,debit_card,5,471.82
ORD0006976,1,credit_card,6,706.61
ORD0006977,1,debit_card,10,212.01
ORD0006978,1,credit_card,3,539.1600000000001
ORD0006979,1,voucher,4,377.19000000000005
ORD0006980,1,voucher,10,690.01
ORD0006981,1,credit_card,11,1173.66
ORD0006982,1,credit_card,12,170.37
ORD0006983,1,boleto,7,153.82
ORD0006984,1,credit_card,4,283.35
ORD0006985,1,debit_card,3,282.56
ORD0006986,1,boleto,3,127.74
ORD0006987,1,voucher,6,90.52
ORD0006988,1,debit_card,2,450.68
ORD0006989,1,voucher,5,531.01
ORD0006990,1,debit_card,5,57.72
ORD0006991,1,boleto,2,59.24
ORD0006992,1,boleto,5,140.19
ORD0006993,1,voucher,8,184.48
ORD0006994,1,debit_card,9,244.84
ORD0006995,1,debit_card,4,889.16
ORD0006996,1,credit_card,8,673.11
ORD0006997,1,boleto,9,141.13
ORD0006998,1,debit_card,6,122.25
ORD0006999,1,voucher,1,422.4
ORD0007000,1,credit_card,10,134.18
ORD0007001,1,voucher,4,62.14
ORD0007002,1,debit_card,5,987.92
ORD0007003,1,credit_card,10,429.95
ORD0007004,1,debit_card,3,36.92
ORD0007005,1,credit_card,8,31.87
ORD0007006,1,voucher,2,186.74
ORD0007007,1,debit_card,11,1198.73
ORD0007008,1,debit_card,5,387.45000000000005
ORD0007009,1,debit_card,11,88.85
ORD0007010,1,credit_card,9,17.97
ORD0007011,1,voucher,9,685.3100000000001
ORD0007012,1,voucher,7,267.15
ORD0007013,1,voucher,9,178.05
ORD0007014,1,boleto,9,176.64
ORD0007015,1,credit_card,12,96.43
ORD0007016,1,boleto,12,850.08
ORD0007017,1,debit_card,3,376.19
ORD0007018,1,boleto,2,1705.98
ORD0007019,1,credit_card,1,577.5699999999999
ORD0007020,1,credit_card,4,882.3
ORD0007021,1,credit_card,4,346.96
ORD0007022,1,boleto,8,82.47
ORD0007023,1,debit_card,11,501.24
ORD0007024,1,debit_card,7,65.97
ORD0007025,1,debit_card,3,494.54
ORD0007026,1,voucher,6,251.16
ORD0007027,1,debit_card,7,198.69
ORD0007028,1,boleto,9,443.54999999999995
ORD0007029,1,debit_card,6,192.39
ORD0007030,1,voucher,11,107.97
ORD0007031,1,boleto,6,14.45
ORD0007032,1,debit_card,6,370.89000000000004
ORD0007033,1,debit_card,7,164.28
ORD0007034,1,voucher,6,40.81
ORD0007035,1,credit_card,10,593.3
ORD0007036,1,debit_card,11,233.24
ORD0007037,1,credit_card,11,461.53000000000003
ORD0007038,1,debit_card,7,849.5999999999999
ORD0007039,1,voucher,12,42.7
ORD0007040,1,voucher,6,64.64
ORD0007041,1,debit_card,1,31.82
ORD0007042,1,debit_card,3,90.96
ORD0007043,1,debit_card,3,184.05
ORD0007044,1,debit_card,6,133.88
ORD0007045,1,debit_card,3,156.32999999999998
ORD0007046,1,boleto,7,449.44000000000005
ORD0007047,1,boleto,10,439.65000000000003
ORD0007048,1,debit_card,2,94.28
ORD0007049,1,voucher,9,422.57000000000005
ORD0007050,1,debit_card,10,1003.82
ORD0007051,1,voucher,10,192.14999999999998
ORD0007052,1,credit_card,6,346.3
ORD0007053,1,debit_card,6,74.04
ORD0007054,1,debit_card,7,248.62
ORD0007055,1,credit_card,10,130.5
ORD0007056,1,voucher,2,591.88
ORD0007057,1,voucher,10,200.84
ORD0007058,1,debit_card,2,91.6
ORD0007059,1,debit_card,3,100.32
ORD0007060,1,voucher,8,466.84000000000003
ORD0007061,1,credit_card,10,537.63
ORD0007062,1,boleto,6,609.03
ORD0007063,1,debit_card,9,130.28
ORD0007064,1,boleto,1,233.20999999999998
ORD0007065,1,boleto,1,155.49
ORD0007066,1,boleto,8,526.6899999999999
ORD0007067,1,boleto,9,195.74
ORD0007068,1,credit_card,3,1345.22
ORD0007069,1,credit_card,6,230.04
ORD0007070,1,debit_card,9,396.65
ORD0007071,1,debit_card,5,460.28999999999996
ORD0007072,1,boleto,5,950.04
ORD0007073,1,voucher,3,578.9200000000001
ORD0007074,1,boleto,2,21.68
ORD0007075,1,boleto,11,857.24
ORD0007076,1,voucher,11,517.26
ORD0007077,1,boleto,12,538.3199999999999
ORD0007078,1,voucher,3,142.62
ORD0007079,1,credit_card,10,2451.6000000000004
ORD0007080,1,credit_card,10,93.7
ORD0007081,1,credit_card,8,232.86
ORD0007082,1,credit_card,8,90.26
ORD0007083,1,credit_card,4,1052.54
ORD0007084,1,debit_card,2,126.34
ORD0007085,1,debit_card,11,474.75
ORD0007086,1,credit_card,7,253.51
ORD0007087,1,credit_card,4,251.67000000000002
ORD0007088,1,debit_card,7,130.27
ORD0007089,1,credit_card,11,92.99
ORD0007090,1,boleto,8,84.79
ORD0007091,1,boleto,4,78.36
ORD0007092,1,credit_card,7,1100.6
ORD0007093,1,credit_card,8,527.1899999999999
ORD0007094,1,credit_card,7,904.77
ORD0007095,1,voucher,2,1781.52
ORD0007096,1,credit_card,3,680.96
ORD0007097,1,credit_card,12,626.5799999999999
ORD0007098,1,voucher,1,628.06
ORD0007099,1,credit_card,9,50.59
ORD0007100,1,debit_card,12,95.03999999999999
ORD0007101,1,credit_card,7,793.86
ORD0007102,1,boleto,1,1200.88
ORD0007103,1,boleto,6,120.42
ORD0007104,1,debit_card,10,192.06
ORD0007105,1,debit_card,6,108.36
ORD0007106,1,credit_card,4,305.48
ORD0007107,1,credit_card,3,284.15999999999997
ORD0007108,1,credit_card,8,38.64
ORD0007109,1,voucher,4,66.93
ORD0007110,1,boleto,10,1349.3799999999999
ORD0007111,1,credit_card,6,63.8
ORD0007112,1,boleto,4,393.84
ORD0007113,1,debit_card,12,158.04
ORD0007114,1,debit_card,11,507.2
ORD0007115,1,credit_card,12,174.18
ORD0007116,1,debit_card,4,104.78
ORD0007117,1,boleto,6,137.81
ORD0007118,1,debit_card,6,48.12
ORD0007119,1,credit_card,5,107.2
ORD0007120,1,debit_card,1,114.44
ORD0007121,1,debit_card,9,1097.43
ORD0007122,1,voucher,2,1184.4
ORD0007123,1,credit_card,10,1659.85
ORD0007124,1,debit_card,8,872.45
ORD0007125,1,voucher,9,197.48
ORD0007126,1,credit_card,6,573.64
ORD0007127,1,debit_card,12,56.66
ORD0007128,1,debit_card,8,462.58
ORD0007129,1,credit_card,7,114.2
ORD0007130,1,debit_card,1,403.52
ORD0007131,1,boleto,12,35.11
ORD0007132,1,voucher,12,186.51
ORD0007133,1,credit_card,8,49.6
ORD0007134,1,debit_card,3,73.36
ORD0007135,1,credit_card,5,641.74
ORD0007136,1,voucher,8,187.51
ORD0007137,1,voucher,5,540.99
ORD0007138,1,debit_card,5,338.84
ORD0007139,1,debit_card,9,356.57
ORD0007140,1,debit_card,4,181.95
ORD0007141,1,boleto,9,896.44
ORD0007142,1,credit_card,5,143.07
ORD0007143,1,boleto,12,336.76
ORD0007144,1,debit_card,9,50.37
ORD0007145,1,boleto,1,78.99
ORD0007146,1,credit_card,6,1149.3999999999999
ORD0007147,1,credit_card,5,818.5799999999999
ORD0007148,1,credit_card,4,460.97999999999996
ORD0007149,1,voucher,11,2603.85
ORD0007150,1,credit_card,6,182.75
ORD0007151,1,credit_card,9,94.56
ORD0007152,1,credit_card,10,573.55
ORD0007153,1,debit_card,5,163.24
ORD0007154,1,credit_card,6,84.12
ORD0007155,1,boleto,1,99.07
ORD0007156,1,credit_card,1,2463.25
ORD0007157,1,boleto,9,125.64
ORD0007158,1,voucher,7,106.46
ORD0007159,1,credit_card,1,32.14
ORD0007160,1,voucher,9,334.09
ORD0007161,1,debit_card,4,183.08
ORD0007162,1,boleto,2,476.58000000000004
ORD0007163,1,debit_card,12,42.17
ORD0007164,1,debit_card,11,774.96
ORD0007165,1,boleto,1,24.95
ORD0007166,1,voucher,9,582.1500000000001
ORD0007167,1,voucher,9,54.7
ORD0007168,1,credit_card,9,347.73
ORD0007169,1,boleto,7,271.48
ORD0007170,1,credit_card,7,1122.8700000000001
ORD0007171,1,debit_card,9,378.88
ORD0007172,1,voucher,7,383.76
ORD0007173,1,boleto,5,242.86
ORD0007174,1,voucher,12,105.33
ORD0007175,1,credit_card,10,179.45
ORD0007176,1,credit_card,8,14.8
ORD0007177,1,voucher,1,655.41
ORD0007178,1,boleto,11,179.77
ORD0007179,1,debit_card,8,30.44
ORD0007180,1,boleto,10,222.0
ORD0007181,1,voucher,8,259.94
ORD0007182,1,debit_card,7,33.48
ORD0007183,1,boleto,8,62.08
ORD0007184,1,credit_card,11,35.67
ORD0007185,1,credit_card,12,31.55
ORD0007186,1,voucher,7,146.08
ORD0007187,1,boleto,10,185.37
ORD0007188,1,voucher,3,25.73
ORD0007189,1,boleto,1,406.14
ORD0007190,1,voucher,5,49.99
ORD0007191,1,voucher,7,56.02
ORD0007192,1,credit_card,12,250.6
ORD0007193,1,credit_card,8,96.88
ORD0007194,1,boleto,10,210.13
ORD0007195,1,debit_card,1,96.24
ORD0007196,1,boleto,4,43.17
ORD0007197,1,debit_card,10,122.60000000000001
ORD0007198,1,debit_card,11,147.61
ORD0007199,1,boleto,6,592.94
ORD0007200,1,credit_card,1,1174.1299999999999
ORD0007201,1,debit_card,12,15.82
ORD0007202,1,boleto,8,183.08
ORD0007203,1,boleto,9,906.3500000000001
ORD0007204,1,debit_card,1,20.76
ORD0007205,1,voucher,9,68.32
ORD0007206,1,voucher,1,404.26
ORD0007207,1,credit_card,1,53.88
ORD0007208,1,boleto,9,342.96000000000004
ORD0007209,1,boleto,7,178.18
ORD0007210,1,boleto,5,909.75
ORD0007211,1,debit_card,10,1282.22
ORD0007212,1,credit_card,11,116.44
ORD0007213,1,credit_card,3,182.1
ORD0007214,1,credit_card,2,116.72
ORD0007215,1,voucher,3,261.99
ORD0007216,1,boleto,10,654.98
ORD0007217,1,credit_card,8,256.96
ORD0007218,1,debit_card,1,56.47
ORD0007219,1,credit_card,5,1331.5500000000002
ORD0007220,1,voucher,10,1122.17
ORD0007221,1,boleto,12,259.95000000000005
ORD0007222,1,credit_card,4,287.84
ORD0007223,1,boleto,4,224.61
ORD0007224,1,debit_card,6,456.52
ORD0007225,1,voucher,1,970.39
ORD0007226,1,boleto,12,93.29
ORD0007227,1,credit_card,6,48.18
ORD0007228,1,debit_card,7,249.04
ORD0007229,1,boleto,4,22.16
ORD0007230,1,boleto,11,164.9
ORD0007231,1,boleto,4,3369.52
ORD0007232,1,credit_card,4,581.12
ORD0007233,1,debit_card,3,139.76
ORD0007234,1,boleto,2,60.3
ORD0007235,1,credit_card,8,177.46
ORD0007236,1,voucher,4,44.32
ORD0007237,1,debit_card,6,641.3599999999999
ORD0007238,1,credit_card,4,81.43
ORD0007239,1,credit_card,10,241.24
ORD0007240,1,credit_card,7,101.28
ORD0007241,1,voucher,12,443.5
ORD0007242,1,boleto,6,648.1800000000001
ORD0007243,1,boleto,6,60.32
ORD0007244,1,debit_card,7,1012.4
ORD0007245,1,voucher,2,813.8
ORD0007246,1,voucher,6,375.68
ORD0007247,1,debit_card,8,118.84
ORD0007248,1,boleto,10,86.96
ORD0007249,1,credit_card,2,386.82
ORD0007250,1,voucher,1,987.94
ORD0007251,1,debit_card,8,120.65
ORD0007252,1,boleto,4,295.71
ORD0007253,1,debit_card,7,601.86
ORD0007254,1,credit_card,5,111.08
ORD0007255,1,boleto,1,213.0
ORD0007256,1,credit_card,1,255.64
ORD0007257,1,credit_card,4,635.85
ORD0007258,1,debit_card,11,190.49
ORD0007259,1,debit_card,9,469.86
ORD0007260,1,voucher,12,149.43
ORD0007261,1,debit_card,10,1021.74
ORD0007262,1,voucher,6,766.28
ORD0007263,1,voucher,6,88.35
ORD0007264,1,credit_card,5,624.24
ORD0007265,1,voucher,11,909.3900000000001
ORD0007266,1,voucher,11,31.45
ORD0007267,1,debit_card,12,250.68
ORD0007268,1,credit_card,8,345.12
ORD0007269,1,credit_card,3,715.25
ORD0007270,1,voucher,3,280.76
ORD0007271,1,credit_card,9,303.3
ORD0007272,1,credit_card,7,30.44
ORD0007273,1,debit_card,1,54.12
ORD0007274,1,voucher,11,487.92
ORD0007275,1,debit_card,4,85.98
ORD0007276,1,voucher,11,147.29000000000002
ORD0007277,1,credit_card,1,174.0
ORD0007278,1,debit_card,2,489.98
ORD0007279,1,boleto,11,23.99
ORD0007280,1,voucher,2,755.45
ORD0007281,1,boleto,5,90.42
ORD0007282,1,debit_card,11,81.86
ORD0007283,1,debit_card,3,233.74
ORD0007284,1,boleto,12,393.1
ORD0007285,1,voucher,10,768.57
ORD0007286,1,boleto,10,550.37
ORD0007287,1,credit_card,10,49.800000000000004
ORD0007288,1,voucher,8,237.42000000000002
ORD0007289,1,boleto,2,144.93
ORD0007290,1,credit_card,5,67.59
ORD0007291,1,credit_card,2,120.28
ORD0007292,1,credit_card,3,81.5
ORD0007293,1,voucher,11,503.94
ORD0007294,1,credit_card,12,424.25
ORD0007295,1,boleto,8,140.1
ORD0007296,1,debit_card,11,172.42
ORD0007297,1,credit_card,11,40.95
ORD0007298,1,boleto,6,281.36
ORD0007299,1,voucher,12,552.02
ORD0007300,1,voucher,1,936.15
ORD0007301,1,voucher,9,58.12
ORD0007302,1,boleto,9,136.22
ORD0007303,1,voucher,4,277.46000000000004
ORD0007304,1,boleto,7,67.03
ORD0007305,1,debit_card,7,1589.71
ORD0007306,1,voucher,1,91.77
ORD0007307,1,boleto,5,499.65000000000003
ORD0007308,1,boleto,9,32.7
ORD0007309,1,credit_card,8,1089.0
ORD0007310,1,credit_card,1,491.7
ORD0007311,1,voucher,4,113.51
ORD0007312,1,credit_card,10,108.89999999999999
ORD0007313,1,voucher,12,247.35000000000002
ORD0007314,1,voucher,11,811.86
ORD0007315,1,credit_card,8,18.58
ORD0007316,1,voucher,5,480.84
ORD0007317,1,credit_card,3,261.26
ORD0007318,1,credit_card,8,233.72
ORD0007319,1,credit_card,12,17.96
ORD0007320,1,credit_card,12,377.04
ORD0007321,1,boleto,6,109.65
ORD0007322,1,boleto,1,950.3199999999999
ORD0007323,1,voucher,5,199.89
ORD0007324,1,boleto,1,30.08
ORD0007325,1,credit_card,4,55.27
ORD0007326,1,credit_card,2,510.04
ORD0007327,1,boleto,11,342.86
ORD0007328,1,credit_card,10,158.53
ORD0007329,1,debit_card,8,439.71
ORD0007330,1,credit_card,5,165.03
ORD0007331,1,boleto,4,429.65999999999997
ORD0007332,1,boleto,6,113.72
ORD0007333,1,debit_card,12,232.65
ORD0007334,1,credit_card,5,108.61000000000001
ORD0007335,1,boleto,7,549.9399999999999
ORD0007336,1,boleto,6,14.07
ORD0007337,1,voucher,3,79.58
ORD0007338,1,boleto,8,43.22
ORD0007339,1,boleto,11,341.19
ORD0007340,1,debit_card,11,211.03
ORD0007341,1,credit_card,1,542.26
ORD0007342,1,voucher,12,321.5
ORD0007343,1,boleto,7,800.04
ORD0007344,1,voucher,8,837.2500000000001
ORD0007345,1,boleto,4,35.15
ORD0007346,1,debit_card,10,97.72
ORD0007347,1,boleto,11,507.02
ORD0007348,1,debit_card,3,1346.32
ORD0007349,1,debit_card,1,328.38
ORD0007350,1,debit_card,5,344.56
ORD0007351,1,credit_card,5,653.73
ORD0007352,1,voucher,8,2093.02
ORD0007353,1,boleto,4,1330.25
ORD0007354,1,boleto,10,552.1500000000001
ORD0007355,1,boleto,10,186.12
ORD0007356,1,credit_card,10,123.32
ORD0007357,1,debit_card,9,73.17
ORD0007358,1,credit_card,9,553.84
ORD0007359,1,credit_card,6,322.63
ORD0007360,1,debit_card,11,31.09
ORD0007361,1,boleto,4,177.28
ORD0007362,1,credit_card,7,1067.62
ORD0007363,1,debit_card,5,20.18
ORD0007364,1,voucher,12,130.63
ORD0007365,1,voucher,10,91.77
ORD0007366,1,voucher,4,161.38
ORD0007367,1,voucher,6,146.44
ORD0007368,1,credit_card,7,352.34
ORD0007369,1,voucher,4,120.68
ORD0007370,1,boleto,12,203.4
ORD0007371,1,voucher,2,82.63
ORD0007372,1,credit_card,9,368.93
ORD0007373,1,boleto,6,318.68
ORD0007374,1,credit_card,6,196.55
ORD0007375,1,credit_card,8,114.14999999999999
ORD0007376,1,boleto,7,903.1
ORD0007377,1,credit_card,2,400.2
ORD0007378,1,boleto,10,173.95000000000002
ORD0007379,1,credit_card,6,71.57
ORD0007380,1,debit_card,1,168.32
ORD0007381,1,boleto,2,886.42
ORD0007382,1,debit_card,2,166.68
ORD0007383,1,boleto,5,109.89
ORD0007384,1,credit_card,12,301.36
ORD0007385,1,debit_card,8,70.2
ORD0007386,1,credit_card,5,186.42
ORD0007387,1,credit_card,11,442.15
ORD0007388,1,voucher,11,249.23
ORD0007389,1,boleto,6,271.56
ORD0007390,1,voucher,3,56.47
ORD0007391,1,voucher,2,319.08000000000004
ORD0007392,1,boleto,8,113.26
ORD0007393,1,voucher,11,373.64
ORD0007394,1,debit_card,1,180.94
ORD0007395,1,credit_card,5,314.62
ORD0007396,1,voucher,10,163.8
ORD0007397,1,voucher,11,60.47
ORD0007398,1,credit_card,1,115.68
ORD0007399,1,voucher,3,248.56
ORD0007400,1,credit_card,8,200.1
ORD0007401,1,boleto,3,276.45000000000005
ORD0007402,1,voucher,7,491.69
ORD0007403,1,credit_card,7,58.95
ORD0007404,1,voucher,10,55.82
ORD0007405,1,boleto,9,555.9000000000001
ORD0007406,1,boleto,8,68.44
ORD0007407,1,credit_card,1,195.53
ORD0007408,1,voucher,10,461.34000000000003
ORD0007409,1,voucher,2,396.12
ORD0007410,1,debit_card,3,127.04
ORD0007411,1,credit_card,8,494.67
ORD0007412,1,debit_card,11,768.68
ORD0007413,1,boleto,7,191.82
ORD0007414,1,voucher,10,123.75
ORD0007415,1,voucher,6,27.53
ORD0007416,1,debit_card,3,135.0
ORD0007417,1,voucher,10,563.61
ORD0007418,1,debit_card,1,62.01
ORD0007419,1,boleto,11,513.92
ORD0007420,1,voucher,10,71.82
ORD0007421,1,credit_card,4,236.61
ORD0007422,1,voucher,12,72.27
ORD0007423,1,debit_card,5,258.32
ORD0007424,1,debit_card,3,1472.63
ORD0007425,1,debit_card,6,173.94
ORD0007426,1,voucher,6,289.36
ORD0007427,1,boleto,12,79.8
ORD0007428,1,voucher,2,273.13
ORD0007429,1,voucher,2,112.69
ORD0007430,1,voucher,10,63.06
ORD0007431,1,voucher,8,86.15
ORD0007432,1,debit_card,10,26.45
ORD0007433,1,boleto,4,95.07000000000001
ORD0007434,1,voucher,7,375.54
ORD0007435,1,credit_card,10,172.53
ORD0007436,1,voucher,11,71.49
ORD0007437,1,credit_card,11,719.48
ORD0007438,1,debit_card,4,72.75
ORD0007439,1,credit_card,10,211.04000000000002
ORD0007440,1,credit_card,6,164.42
ORD0007441,1,debit_card,12,230.01
ORD0007442,1,voucher,6,16.47
ORD0007443,1,credit_card,6,138.94
ORD0007444,1,boleto,9,357.9
ORD0007445,1,boleto,2,299.83
ORD0007446,1,debit_card,5,121.97
ORD0007447,1,voucher,2,281.84
ORD0007448,1,debit_card,1,278.66
ORD0007449,1,boleto,10,115.28999999999999
ORD0007450,1,voucher,2,161.28
ORD0007451,1,boleto,1,182.69
ORD0007452,1,boleto,9,78.73
ORD0007453,1,credit_card,1,697.0500000000001
ORD0007454,1,debit_card,2,81.21
ORD0007455,1,debit_card,1,19.91
ORD0007456,1,voucher,12,62.01
ORD0007457,1,boleto,10,140.1
ORD0007458,1,credit_card,6,38.97
ORD0007459,1,voucher,3,32.02
ORD0007460,1,credit_card,4,600.27
ORD0007461,1,voucher,8,388.44000000000005
ORD0007462,1,boleto,4,413.76
ORD0007463,1,debit_card,4,614.16
ORD0007464,1,voucher,1,153.05
ORD0007465,1,credit_card,5,200.1
ORD0007466,1,credit_card,7,386.0
ORD0007467,1,boleto,7,107.31
ORD0007468,1,credit_card,2,98.68
ORD0007469,1,voucher,8,196.53
ORD0007470,1,voucher,8,737.96
ORD0007471,1,voucher,5,71.69
ORD0007472,1,boleto,1,360.66
ORD0007473,1,boleto,11,248.62
ORD0007474,1,voucher,9,206.44
ORD0007475,1,credit_card,12,115.29
ORD0007476,1,credit_card,4,747.8
ORD0007477,1,boleto,9,862.6500000000001
ORD0007478,1,credit_card,11,15.37
ORD0007479,1,voucher,6,1082.28
ORD0007480,1,voucher,6,139.41
ORD0007481,1,boleto,9,354.59000000000003
ORD0007482,1,debit_card,7,307.05
ORD0007483,1,boleto,5,337.56
ORD0007484,1,voucher,7,1087.65
ORD0007485,1,boleto,7,376.04999999999995
ORD0007486,1,credit_card,7,699.98
ORD0007487,1,voucher,4,44.48
ORD0007488,1,credit_card,6,287.22
ORD0007489,1,credit_card,5,251.6
ORD0007490,1,credit_card,12,1710.48
ORD0007491,1,voucher,10,372.14
ORD0007492,1,credit_card,8,361.46
ORD0007493,1,boleto,3,56.66
ORD0007494,1,debit_card,7,38.65
ORD0007495,1,debit_card,7,34.32
ORD0007496,1,credit_card,3,304.54
ORD0007497,1,voucher,4,27.39
ORD0007498,1,credit_card,6,135.38
ORD0007499,1,credit_card,4,455.25
ORD0007500,1,debit_card,1,148.78
ORD0007501,1,boleto,9,161.52
ORD0007502,1,credit_card,5,149.34
ORD0007503,1,voucher,8,302.0
ORD0007504,1,credit_card,1,112.49000000000001
ORD0007505,1,boleto,10,210.44
ORD0007506,1,boleto,9,841.44
ORD0007507,1,debit_card,12,147.77
ORD0007508,1,debit_card,8,60.24
ORD0007509,1,boleto,6,678.1
ORD0007510,1,debit_card,11,70.22
ORD0007511,1,debit_card,5,545.73
ORD0007512,1,boleto,5,96.89999999999999
ORD0007513,1,debit_card,3,92.15
ORD0007514,1,voucher,4,273.87
ORD0007515,1,debit_card,2,739.28
ORD0007516,1,voucher,2,42.25
ORD0007517,1,boleto,4,19.53
ORD0007518,1,boleto,8,169.2
ORD0007519,1,voucher,5,891.26
ORD0007520,1,boleto,5,2225.83
ORD0007521,1,credit_card,8,70.28
ORD0007522,1,debit_card,12,80.06
ORD0007523,1,debit_card,10,707.93
ORD0007524,1,credit_card,5,507.94000000000005
ORD0007525,1,credit_card,12,126.16
ORD0007526,1,debit_card,12,403.14
ORD0007527,1,debit_card,1,103.11
ORD0007528,1,boleto,2,58.12
ORD0007529,1,credit_card,10,913.73
ORD0007530,1,credit_card,10,688.3299999999999
ORD0007531,1,debit_card,3,43.56
ORD0007532,1,voucher,5,580.32
ORD0007533,1,boleto,2,595.94
ORD0007534,1,credit_card,4,14.45
ORD0007535,1,credit_card,12,590.76
ORD0007536,1,credit_card,7,320.89
ORD0007537,1,boleto,9,1016.8999999999999
ORD0007538,1,credit_card,12,83.74
ORD0007539,1,voucher,7,49.6
ORD0007540,1,credit_card,11,155.27
ORD0007541,1,voucher,6,42.42
ORD0007542,1,credit_card,9,234.37
ORD0007543,1,voucher,4,747.87
ORD0007544,1,voucher,12,225.09
ORD0007545,1,voucher,1,97.02
ORD0007546,1,boleto,4,423.06000000000006
ORD0007547,1,boleto,10,824.5799999999999
ORD0007548,1,debit_card,11,1039.95
ORD0007549,1,voucher,3,147.61
ORD0007550,1,debit_card,1,177.71
ORD0007551,1,boleto,3,98.0
ORD0007552,1,boleto,11,148.36
ORD0007553,1,debit_card,8,139.02
ORD0007554,1,credit_card,7,23.25
ORD0007555,1,debit_card,12,438.15
ORD0007556,1,voucher,11,1577.67
ORD0007557,1,voucher,4,85.02000000000001
ORD0007558,1,credit_card,8,400.32
ORD0007559,1,credit_card,1,75.62
ORD0007560,1,voucher,3,934.84
ORD0007561,1,debit_card,10,116.76
ORD0007562,1,boleto,2,26.8
ORD0007563,1,credit_card,12,97.13
ORD0007564,1,voucher,3,30.74
ORD0007565,1,boleto,3,115.94999999999999
ORD0007566,1,debit_card,12,159.59
ORD0007567,1,debit_card,6,225.09
ORD0007568,1,debit_card,2,436.88
ORD0007569,1,credit_card,5,190.22
ORD0007570,1,debit_card,12,103.96
ORD0007571,1,debit_card,6,261.53999999999996
ORD0007572,1,boleto,9,84.0
ORD0007573,1,boleto,5,325.3
ORD0007574,1,credit_card,4,991.94
ORD0007575,1,boleto,5,205.08
ORD0007576,1,credit_card,6,225.04000000000002
ORD0007577,1,credit_card,10,15.91
ORD0007578,1,boleto,10,502.31000000000006
ORD0007579,1,voucher,3,238.72000000000003
ORD0007580,1,voucher,7,276.45000000000005
ORD0007581,1,boleto,5,62.65
ORD0007582,1,debit_card,7,101.8
ORD0007583,1,debit_card,7,291.85
ORD0007584,1,credit_card,12,114.36
ORD0007585,1,boleto,3,149.32
ORD0007586,1,credit_card,12,103.2
ORD0007587,1,credit_card,2,232.49
ORD0007588,1,debit_card,9,70.22
ORD0007589,1,boleto,6,701.3000000000001
ORD0007590,1,boleto,8,145.8
ORD0007591,1,credit_card,4,235.98
ORD0007592,1,debit_card,9,31.69
ORD0007593,1,voucher,2,43.96
ORD0007594,1,debit_card,6,567.06
ORD0007595,1,credit_card,7,256.48
ORD0007596,1,boleto,1,216.66
ORD0007597,1,boleto,9,136.01
ORD0007598,1,debit_card,8,661.3299999999999
ORD0007599,1,credit_card,11,398.57
ORD0007600,1,debit_card,5,15.59
ORD0007601,1,debit_card,8,434.32
ORD0007602,1,debit_card,7,31.93
ORD0007603,1,credit_card,7,178.45
ORD0007604,1,boleto,1,690.03
ORD0007605,1,debit_card,4,552.02
ORD0007606,1,debit_card,11,124.99
ORD0007607,1,voucher,6,76.61
ORD0007608,1,debit_card,11,292.77
ORD0007609,1,boleto,2,98.0
ORD0007610,1,boleto,11,525.09
ORD0007611,1,boleto,2,689.12
ORD0007612,1,voucher,9,63.44
ORD0007613,1,credit_card,9,383.14
ORD0007614,1,boleto,2,290.16
ORD0007615,1,debit_card,2,869.71
ORD0007616,1,boleto,3,338.84
ORD0007617,1,boleto,12,134.98
ORD0007618,1,debit_card,7,1130.36
ORD0007619,1,debit_card,4,272.02
ORD0007620,1,boleto,8,110.8
ORD0007621,1,credit_card,9,238.74
ORD0007622,1,voucher,8,241.88
ORD0007623,1,credit_card,8,646.75
ORD0007624,1,boleto,2,411.96
ORD0007625,1,debit_card,6,217.98
ORD0007626,1,voucher,6,53.54
ORD0007627,1,credit_card,3,392.48
ORD0007628,1,debit_card,5,60.92
ORD0007629,1,voucher,12,1282.8600000000001
ORD0007630,1,credit_card,4,75.69
ORD0007631,1,debit_card,6,215.51
ORD0007632,1,debit_card,3,243.2
ORD0007633,1,voucher,3,224.01
ORD0007634,1,credit_card,7,122.07
ORD0007635,1,credit_card,6,240.4
ORD0007636,1,credit_card,10,297.21
ORD0007637,1,boleto,6,296.04
ORD0007638,1,debit_card,4,784.57
ORD0007639,1,debit_card,1,79.84
ORD0007640,1,credit_card,9,151.24
ORD0007641,1,boleto,8,29.7
ORD0007642,1,voucher,3,89.35
ORD0007643,1,debit_card,10,916.96
ORD0007644,1,boleto,7,772.05
ORD0007645,1,boleto,11,274.24
ORD0007646,1,boleto,4,114.81
ORD0007647,1,boleto,7,976.62
ORD0007648,1,boleto,7,140.38
ORD0007649,1,voucher,2,241.28
ORD0007650,1,credit_card,5,186.84
ORD0007651,1,debit_card,4,184.74
ORD0007652,1,voucher,10,37.83
ORD0007653,1,boleto,12,779.52
ORD0007654,1,boleto,5,434.2
ORD0007655,1,boleto,11,1860.28
ORD0007656,1,voucher,7,716.83
ORD0007657,1,debit_card,8,560.8499999999999
ORD0007658,1,boleto,11,1299.56
ORD0007659,1,debit_card,6,567.75
ORD0007660,1,credit_card,7,78.52
ORD0007661,1,credit_card,9,964.7
ORD0007662,1,boleto,4,178.05
ORD0007663,1,credit_card,12,34.01
ORD0007664,1,debit_card,8,362.08
ORD0007665,1,credit_card,5,112.08
ORD0007666,1,boleto,7,61.5
ORD0007667,1,credit_card,10,1239.9499999999998
ORD0007668,1,boleto,1,215.6
ORD0007669,1,voucher,12,78.98
ORD0007670,1,voucher,3,1227.27
ORD0007671,1,boleto,10,42.89
ORD0007672,1,voucher,4,230.04
ORD0007673,1,debit_card,7,43.86
ORD0007674,1,credit_card,8,21.68
ORD0007675,1,debit_card,4,79.8
ORD0007676,1,voucher,11,382.35
ORD0007677,1,voucher,6,61.91
ORD0007678,1,voucher,4,102.14
ORD0007679,1,voucher,5,204.44
ORD0007680,1,voucher,4,129.35
ORD0007681,1,boleto,6,497.08
ORD0007682,1,voucher,9,423.12
ORD0007683,1,debit_card,4,423.8
ORD0007684,1,debit_card,3,379.45
ORD0007685,1,debit_card,6,372.15999999999997
ORD0007686,1,voucher,4,78.4
ORD0007687,1,boleto,9,296.26
ORD0007688,1,boleto,3,864.9200000000001
ORD0007689,1,voucher,1,495.35999999999996
ORD0007690,1,debit_card,3,824.03
ORD0007691,1,voucher,10,378.89
ORD0007692,1,credit_card,2,50.08
ORD0007693,1,credit_card,6,66.04
ORD0007694,1,credit_card,10,639.1500000000001
ORD0007695,1,credit_card,6,1214.4
ORD0007696,1,debit_card,12,30.56
ORD0007697,1,credit_card,6,459.91999999999996
ORD0007698,1,boleto,10,167.62
ORD0007699,1,debit_card,6,68.03
ORD0007700,1,voucher,2,107.01
ORD0007701,1,voucher,5,344.99
ORD0007702,1,voucher,2,190.94
ORD0007703,1,credit_card,8,229.0
ORD0007704,1,credit_card,12,1621.21
ORD0007705,1,voucher,9,144.3
ORD0007706,1,debit_card,12,861.64
ORD0007707,1,voucher,11,555.89
ORD0007708,1,voucher,6,306.46000000000004
ORD0007709,1,voucher,11,98.68
ORD0007710,1,boleto,8,436.48
ORD0007711,1,credit_card,3,167.32999999999998
ORD0007712,1,credit_card,9,34.16
ORD0007713,1,credit_card,4,192.09
ORD0007714,1,debit_card,5,58.97
ORD0007715,1,boleto,12,29.96
ORD0007716,1,boleto,8,423.71000000000004
ORD0007717,1,debit_card,6,273.76
ORD0007718,1,voucher,1,112.38
ORD0007719,1,boleto,7,272.44
ORD0007720,1,debit_card,4,401.76
ORD0007721,1,boleto,9,1779.99
ORD0007722,1,voucher,7,56.28
ORD0007723,1,credit_card,8,67.42
ORD0007724,1,credit_card,7,341.56
ORD0007725,1,debit_card,9,462.58
ORD0007726,1,voucher,12,184.93
ORD0007727,1,voucher,3,314.31
ORD0007728,1,boleto,4,468.67
ORD0007729,1,boleto,6,27.7
ORD0007730,1,debit_card,8,187.39000000000001
ORD0007731,1,boleto,2,1313.8
ORD0007732,1,debit_card,8,37.66
ORD0007733,1,voucher,6,157.04
ORD0007734,1,credit_card,11,720.0
ORD0007735,1,voucher,5,567.95
ORD0007736,1,voucher,10,321.24
ORD0007737,1,debit_card,1,123.72
ORD0007738,1,debit_card,1,230.24
ORD0007739,1,boleto,12,209.24
ORD0007740,1,credit_card,3,595.41
ORD0007741,1,debit_card,7,271.93
ORD0007742,1,debit_card,12,282.44
ORD0007743,1,voucher,1,296.02
ORD0007744,1,debit_card,11,670.2
ORD0007745,1,voucher,10,1092.06
ORD0007746,1,credit_card,8,167.94
ORD0007747,1,boleto,5,55.48
ORD0007748,1,debit_card,4,238.57
ORD0007749,1,debit_card,5,475.28999999999996
ORD0007750,1,debit_card,10,82.62
ORD0007751,1,voucher,12,733.38
ORD0007752,1,credit_card,1,1253.78
ORD0007753,1,boleto,6,407.19
ORD0007754,1,boleto,5,368.96
ORD0007755,1,credit_card,1,534.21
ORD0007756,1,credit_card,6,389.48
ORD0007757,1,boleto,4,296.67
ORD0007758,1,credit_card,12,104.64000000000001
ORD0007759,1,voucher,1,78.88
ORD0007760,1,voucher,2,402.57
ORD0007761,1,voucher,3,396.29999999999995
ORD0007762,1,boleto,5,251.04
ORD0007763,1,boleto,7,408.92
ORD0007764,1,voucher,5,166.6
ORD0007765,1,credit_card,12,92.64
ORD0007766,1,credit_card,6,776.35
ORD0007767,1,boleto,10,886.44
ORD0007768,1,credit_card,6,408.55999999999995
ORD0007769,1,debit_card,5,1695.25
ORD0007770,1,voucher,4,81.17
ORD0007771,1,credit_card,3,276.22
ORD0007772,1,boleto,9,691.2099999999999
ORD0007773,1,credit_card,12,402.05999999999995
ORD0007774,1,boleto,3,658.05
ORD0007775,1,credit_card,8,892.0
ORD0007776,1,boleto,5,332.29
ORD0007777,1,voucher,5,160.56
ORD0007778,1,voucher,12,173.3
ORD0007779,1,voucher,11,252.6
ORD0007780,1,voucher,3,1776.9499999999998
ORD0007781,1,debit_card,4,579.2900000000001
ORD0007782,1,voucher,3,235.24
ORD0007783,1,credit_card,12,65.4
ORD0007784,1,credit_card,9,174.49
ORD0007785,1,boleto,6,172.33
ORD0007786,1,debit_card,2,379.93
ORD0007787,1,debit_card,1,121.49
ORD0007788,1,credit_card,10,340.05
ORD0007789,1,voucher,11,66.53
ORD0007790,1,boleto,5,754.04
ORD0007791,1,voucher,3,58.36
ORD0007792,1,credit_card,6,377.68
ORD0007793,1,boleto,5,84.42
ORD0007794,1,debit_card,10,156.8
ORD0007795,1,boleto,9,119.76
ORD0007796,1,boleto,8,118.4
ORD0007797,1,credit_card,5,260.36
ORD0007798,1,credit_card,12,128.1
ORD0007799,1,boleto,2,123.26
ORD0007800,1,boleto,10,104.49
ORD0007801,1,credit_card,5,783.47
ORD0007802,1,voucher,5,31.21
ORD0007803,1,boleto,8,180.72
ORD0007804,1,voucher,11,208.2
ORD0007805,1,credit_card,7,215.17
ORD0007806,1,boleto,3,873.3000000000001
ORD0007807,1,credit_card,12,98.45
ORD0007808,1,debit_card,5,200.2
ORD0007809,1,debit_card,1,22.88
ORD0007810,1,voucher,12,212.02999999999997
ORD0007811,1,debit_card,2,47.67
ORD0007812,1,voucher,12,87.92
ORD0007813,1,debit_card,12,42.7
ORD0007814,1,boleto,7,520.86
ORD0007815,1,voucher,11,80.9
ORD0007816,1,voucher,4,60.01
ORD0007817,1,boleto,9,97.89
ORD0007818,1,voucher,6,457.06
ORD0007819,1,boleto,4,989.16
ORD0007820,1,boleto,11,1348.4
ORD0007821,1,boleto,9,39.69
ORD0007822,1,voucher,6,658.28
ORD0007823,1,credit_card,7,52.62
ORD0007824,1,boleto,10,212.51
ORD0007825,1,voucher,1,231.69
ORD0007826,1,boleto,7,1191.96
ORD0007827,1,debit_card,2,122.82
ORD0007828,1,boleto,6,84.6
ORD0007829,1,debit_card,11,44.44
ORD0007830,1,debit_card,3,297.67
ORD0007831,1,voucher,7,180.82
ORD0007832,1,voucher,3,76.94
ORD0007833,1,voucher,5,1504.3899999999999
ORD0007834,1,voucher,11,1361.2
ORD0007835,1,credit_card,1,369.92
ORD0007836,1,voucher,7,55.95
ORD0007837,1,boleto,10,206.07
ORD0007838,1,boleto,9,430.24
ORD0007839,1,debit_card,6,269.83
ORD0007840,1,credit_card,11,310.40999999999997
ORD0007841,1,debit_card,9,42.67
ORD0007842,1,voucher,11,1195.88
ORD0007843,1,debit_card,3,236.21
ORD0007844,1,credit_card,6,40.14
ORD0007845,1,credit_card,6,171.24
ORD0007846,1,credit_card,12,236.76
ORD0007847,1,voucher,3,127.9
ORD0007848,1,boleto,4,69.58
ORD0007849,1,debit_card,8,372.84
ORD0007850,1,credit_card,4,180.38
ORD0007851,1,voucher,1,172.10999999999999
ORD0007852,1,credit_card,11,174.64
ORD0007853,1,voucher,2,63.17
ORD0007854,1,boleto,5,324.09000000000003
ORD0007855,1,voucher,7,210.83999999999997
ORD0007856,1,boleto,1,99.63
ORD0007857,1,voucher,11,136.12
ORD0007858,1,boleto,2,194.98000000000002
ORD0007859,1,voucher,8,325.68
ORD0007860,1,boleto,6,446.8
ORD0007861,1,debit_card,7,15.6
ORD0007862,1,voucher,2,43.56
ORD0007863,1,boleto,7,492.6
ORD0007864,1,voucher,4,777.54
ORD0007865,1,voucher,12,139.5
ORD0007866,1,credit_card,2,807.26
ORD0007867,1,debit_card,4,159.54
ORD0007868,1,debit_card,7,42.72
ORD0007869,1,credit_card,10,230.18
ORD0007870,1,credit_card,11,48.67
ORD0007871,1,voucher,2,449.15
ORD0007872,1,debit_card,4,142.23
ORD0007873,1,voucher,2,177.28
ORD0007874,1,boleto,7,588.44
ORD0007875,1,credit_card,7,189.86
ORD0007876,1,debit_card,2,596.8000000000001
ORD0007877,1,voucher,9,191.11
ORD0007878,1,credit_card,4,1210.8
ORD0007879,1,credit_card,12,314.57
ORD0007880,1,voucher,8,385.32000000000005
ORD0007881,1,voucher,1,59.28
ORD0007882,1,voucher,3,229.14
ORD0007883,1,debit_card,3,315.6
ORD0007884,1,debit_card,8,1148.33
ORD0007885,1,boleto,5,68.32
ORD0007886,1,voucher,12,60.99
ORD0007887,1,credit_card,4,199.2
ORD0007888,1,boleto,9,103.2
ORD0007889,1,credit_card,2,149.89
ORD0007890,1,credit_card,7,37.49
ORD0007891,1,debit_card,11,250.16000000000003
ORD0007892,1,voucher,4,182.37
ORD0007893,1,credit_card,4,26.62
ORD0007894,1,credit_card,5,589.5500000000001
ORD0007895,1,voucher,7,572.1700000000001
ORD0007896,1,voucher,9,207.48
ORD0007897,1,credit_card,8,201.76
ORD0007898,1,boleto,2,557.54
ORD0007899,1,voucher,11,284.46
ORD0007900,1,boleto,8,13.87
ORD0007901,1,voucher,6,260.21
ORD0007902,1,debit_card,8,132.18
ORD0007903,1,boleto,7,32.94
ORD0007904,1,credit_card,3,473.89
ORD0007905,1,boleto,10,130.74
ORD0007906,1,debit_card,12,93.58
ORD0007907,1,boleto,6,259.79
ORD0007908,1,debit_card,9,493.71
ORD0007909,1,voucher,8,404.8
ORD0007910,1,credit_card,7,46.13
ORD0007911,1,credit_card,7,231.29
ORD0007912,1,voucher,11,79.23
ORD0007913,1,credit_card,9,62.43
ORD0007914,1,credit_card,5,241.87
ORD0007915,1,debit_card,2,953.63
ORD0007916,1,voucher,8,187.66
ORD0007917,1,boleto,6,717.6899999999999
ORD0007918,1,voucher,11,421.03999999999996
ORD0007919,1,debit_card,9,198.48
ORD0007920,1,boleto,6,418.16999999999996
ORD0007921,1,credit_card,11,442.40999999999997
ORD0007922,1,debit_card,5,58.25
ORD0007923,1,debit_card,5,415.13
ORD0007924,1,debit_card,3,422.12
ORD0007925,1,debit_card,10,249.36
ORD0007926,1,credit_card,7,567.8199999999999
ORD0007927,1,voucher,12,76.12
ORD0007928,1,voucher,4,411.46000000000004
ORD0007929,1,voucher,5,106.68
ORD0007930,1,credit_card,6,821.99
ORD0007931,1,voucher,7,572.23
ORD0007932,1,voucher,10,925.38
ORD0007933,1,debit_card,5,65.14
ORD0007934,1,debit_card,5,46.019999999999996
ORD0007935,1,debit_card,7,46.32
ORD0007936,1,boleto,8,24.25
ORD0007937,1,debit_card,12,667.54
ORD0007938,1,voucher,4,508.8
ORD0007939,1,credit_card,9,250.54
ORD0007940,1,boleto,6,202.22
ORD0007941,1,boleto,5,294.59
ORD0007942,1,debit_card,4,85.27
ORD0007943,1,credit_card,9,42.14
ORD0007944,1,voucher,1,1286.22
ORD0007945,1,debit_card,11,2437.4900000000002
ORD0007946,1,voucher,12,249.48000000000002
ORD0007947,1,voucher,12,115.53
ORD0007948,1,credit_card,2,235.56
ORD0007949,1,debit_card,2,601.44
ORD0007950,1,boleto,8,238.33
ORD0007951,1,boleto,7,188.69
ORD0007952,1,voucher,10,328.35
ORD0007953,1,credit_card,8,169.10999999999999
ORD0007954,1,credit_card,6,16.31
ORD0007955,1,debit_card,12,113.47
ORD0007956,1,credit_card,9,432.81
ORD0007957,1,debit_card,9,87.6
ORD0007958,1,credit_card,9,475.74
ORD0007959,1,voucher,5,71.25
ORD0007960,1,debit_card,7,168.68
ORD0007961,1,voucher,2,113.64000000000001
ORD0007962,1,voucher,9,848.98
ORD0007963,1,voucher,4,167.62
ORD0007964,1,debit_card,5,253.64
ORD0007965,1,voucher,5,114.13000000000001
ORD0007966,1,debit_card,4,279.52
ORD0007967,1,boleto,7,165.63
ORD0007968,1,boleto,2,421.52
ORD0007969,1,credit_card,9,143.28
ORD0007970,1,boleto,10,99.2
ORD0007971,1,boleto,2,423.93
ORD0007972,1,boleto,9,646.15
ORD0007973,1,credit_card,8,844.52
ORD0007974,1,credit_card,3,1253.6999999999998
ORD0007975,1,credit_card,3,29.64
ORD0007976,1,debit_card,5,128.24
ORD0007977,1,boleto,8,56.49
ORD0007978,1,debit_card,9,552.46
ORD0007979,1,boleto,9,237.42000000000002
ORD0007980,1,boleto,5,432.79999999999995
ORD0007981,1,boleto,10,43.31
ORD0007982,1,debit_card,7,1166.28
ORD0007983,1,voucher,3,1055.64
ORD0007984,1,boleto,7,65.4
ORD0007985,1,voucher,7,165.79
ORD0007986,1,credit_card,6,653.25
ORD0007987,1,voucher,5,174.17000000000002
ORD0007988,1,debit_card,3,455.39
ORD0007989,1,debit_card,5,221.0
ORD0007990,1,boleto,4,637.6
ORD0007991,1,debit_card,4,62.06
ORD0007992,1,voucher,5,166.03
ORD0007993,1,debit_card,3,1155.3400000000001
ORD0007994,1,voucher,5,770.6
ORD0007995,1,boleto,7,137.52
ORD0007996,1,voucher,1,111.53
ORD0007997,1,boleto,8,251.71999999999997
ORD0007998,1,boleto,1,260.18
ORD0007999,1,boleto,8,63.22
ORD0008000,1,boleto,8,263.64
ORD0008001,1,credit_card,3,187.1
ORD0008002,1,debit_card,1,66.23
ORD0008003,1,boleto,3,268.12
ORD0008004,1,voucher,1,45.41
ORD0008005,1,boleto,10,36.3
ORD0008006,1,credit_card,2,113.75
ORD0008007,1,credit_card,6,98.10000000000001
ORD0008008,1,boleto,8,397.11
ORD0008009,1,boleto,8,138.94
ORD0008010,1,debit_card,2,394.84
ORD0008011,1,voucher,10,76.74
ORD0008012,1,voucher,10,257.78
ORD0008013,1,boleto,4,183.4
ORD0008014,1,credit_card,5,271.97
ORD0008015,1,debit_card,4,69.48
ORD0008016,1,boleto,12,190.65
ORD0008017,1,debit_card,4,506.40000000000003
ORD0008018,1,boleto,6,402.02
ORD0008019,1,voucher,5,247.01999999999998
ORD0008020,1,debit_card,8,246.29
ORD0008021,1,debit_card,8,733.16
ORD0008022,1,debit_card,8,312.12
ORD0008023,1,credit_card,8,111.63
ORD0008024,1,voucher,8,235.04999999999998
ORD0008025,1,boleto,12,55.21
ORD0008026,1,credit_card,7,306.62
ORD0008027,1,debit_card,10,610.96
ORD0008028,1,credit_card,6,231.36
ORD0008029,1,boleto,7,368.42
ORD0008030,1,debit_card,2,886.5799999999999
ORD0008031,1,voucher,4,1843.03
ORD0008032,1,debit_card,7,114.74
ORD0008033,1,debit_card,6,137.48
ORD0008034,1,debit_card,3,632.8399999999999
ORD0008035,1,debit_card,4,589.48
ORD0008036,1,boleto,8,464.2
ORD0008037,1,boleto,6,129.64
ORD0008038,1,voucher,11,251.04000000000002
ORD0008039,1,voucher,2,42.25
ORD0008040,1,boleto,8,44.11
ORD0008041,1,debit_card,3,217.12
ORD0008042,1,voucher,3,152.35
ORD0008043,1,credit_card,3,58.05
ORD0008044,1,voucher,9,141.8
ORD0008045,1,boleto,11,132.93
ORD0008046,1,debit_card,9,125.3
ORD0008047,1,boleto,4,487.89
ORD0008048,1,voucher,10,102.84
ORD0008049,1,voucher,10,141.96
ORD0008050,1,credit_card,12,398.72
ORD0008051,1,voucher,2,319.36
ORD0008052,1,voucher,1,39.04
ORD0008053,1,debit_card,3,1438.96
ORD0008054,1,credit_card,5,134.22
ORD0008055,1,voucher,12,59.28
ORD0008056,1,voucher,6,14.56
ORD0008057,1,boleto,12,68.06
ORD0008058,1,credit_card,3,1619.2
ORD0008059,1,boleto,3,433.09000000000003
ORD0008060,1,voucher,2,495.58
ORD0008061,1,boleto,1,433.02
ORD0008062,1,voucher,5,298.4
ORD0008063,1,credit_card,4,210.36
ORD0008064,1,voucher,4,314.2
ORD0008065,1,voucher,8,342.2
ORD0008066,1,debit_card,6,68.48
ORD0008067,1,credit_card,11,203.16
ORD0008068,1,credit_card,3,474.54999999999995
ORD0008069,1,voucher,12,550.8
ORD0008070,1,credit_card,4,1311.8
ORD0008071,1,boleto,3,929.32
ORD0008072,1,debit_card,3,339.41999999999996
ORD0008073,1,boleto,5,221.72
ORD0008074,1,boleto,4,62.14
ORD0008075,1,credit_card,11,569.18
ORD0008076,1,voucher,2,562.0600000000001
ORD0008077,1,boleto,1,1030.15
ORD0008078,1,voucher,6,227.11
ORD0008079,1,voucher,4,303.40999999999997
ORD0008080,1,credit_card,3,167.95
ORD0008081,1,boleto,8,273.54
ORD0008082,1,credit_card,9,818.2900000000001
ORD0008083,1,debit_card,9,520.69
ORD0008084,1,debit_card,5,329.98999999999995
ORD0008085,1,boleto,6,102.07
ORD0008086,1,boleto,5,606.56
ORD0008087,1,debit_card,6,79.34
ORD0008088,1,credit_card,4,154.64999999999998
ORD0008089,1,boleto,6,113.26
ORD0008090,1,voucher,4,359.74
ORD0008091,1,boleto,3,372.81000000000006
ORD0008092,1,voucher,12,685.56
ORD0008093,1,voucher,4,300.3
ORD0008094,1,boleto,3,177.72
ORD0008095,1,credit_card,9,1252.4
ORD0008096,1,boleto,3,2376.94
ORD0008097,1,boleto,2,79.88
ORD0008098,1,credit_card,6,270.24
ORD0008099,1,credit_card,6,36.72
ORD0008100,1,debit_card,4,247.81
ORD0008101,1,voucher,5,35.19
ORD0008102,1,boleto,11,159.51999999999998
ORD0008103,1,boleto,9,931.06
ORD0008104,1,debit_card,4,767.01
ORD0008105,1,debit_card,8,58.25
ORD0008106,1,debit_card,3,1112.93
ORD0008107,1,debit_card,2,737.23
ORD0008108,1,debit_card,9,1501.3300000000002
ORD0008109,1,voucher,5,368.1
ORD0008110,1,credit_card,1,171.25
ORD0008111,1,credit_card,9,101.48
ORD0008112,1,credit_card,1,51.75
ORD0008113,1,credit_card,10,142.95
ORD0008114,1,boleto,1,94.04
ORD0008115,1,credit_card,10,211.2
ORD0008116,1,boleto,11,42.82
ORD0008117,1,boleto,2,137.12
ORD0008118,1,credit_card,6,187.41
ORD0008119,1,boleto,11,136.41
ORD0008120,1,boleto,9,176.57
ORD0008121,1,voucher,10,241.07
ORD0008122,1,voucher,1,120.68
ORD0008123,1,debit_card,11,435.03999999999996
ORD0008124,1,debit_card,9,896.04
ORD0008125,1,voucher,1,102.56
ORD0008126,1,debit_card,7,50.64
ORD0008127,1,credit_card,12,22.25
ORD0008128,1,voucher,12,508.03
ORD0008129,1,credit_card,11,73.26
ORD0008130,1,credit_card,7,271.84000000000003
ORD0008131,1,voucher,4,249.29
ORD0008132,1,voucher,2,385.89
ORD0008133,1,boleto,8,91.06
ORD0008134,1,boleto,10,187.4
ORD0008135,1,credit_card,3,579.82
ORD0008136,1,voucher,6,74.7
ORD0008137,1,debit_card,9,1862.9799999999998
ORD0008138,1,credit_card,4,348.64
ORD0008139,1,voucher,1,494.54
ORD0008140,1,debit_card,12,22.16
ORD0008141,1,boleto,6,1585.41
ORD0008142,1,voucher,9,119.88
ORD0008143,1,boleto,10,88.25
ORD0008144,1,voucher,6,58.25
ORD0008145,1,debit_card,9,785.16
ORD0008146,1,boleto,9,455.01
ORD0008147,1,debit_card,2,150.82
ORD0008148,1,debit_card,2,577.6800000000001
ORD0008149,1,debit_card,11,104.3
ORD0008150,1,voucher,10,555.4
ORD0008151,1,voucher,11,283.92
ORD0008152,1,credit_card,7,226.55
ORD0008153,1,boleto,5,321.99
ORD0008154,1,debit_card,12,128.1
ORD0008155,1,debit_card,8,553.71
ORD0008156,1,debit_card,1,898.44
ORD0008157,1,debit_card,4,851.02
ORD0008158,1,boleto,2,295.23
ORD0008159,1,credit_card,6,184.82999999999998
ORD0008160,1,credit_card,1,626.26
ORD0008161,1,boleto,7,136.06
ORD0008162,1,voucher,4,445.0
ORD0008163,1,credit_card,5,193.98
ORD0008164,1,credit_card,1,553.2
ORD0008165,1,voucher,11,137.92
ORD0008166,1,debit_card,10,26.8
ORD0008167,1,boleto,6,456.46
ORD0008168,1,boleto,5,276.23
ORD0008169,1,voucher,12,370.02
ORD0008170,1,voucher,6,304.28999999999996
ORD0008171,1,credit_card,9,91.77
ORD0008172,1,debit_card,3,334.55
ORD0008173,1,voucher,11,782.44
ORD0008174,1,boleto,1,515.1700000000001
ORD0008175,1,voucher,6,101.67
ORD0008176,1,voucher,4,623.4000000000001
ORD0008177,1,debit_card,12,123.2
ORD0008178,1,boleto,10,349.1
ORD0008179,1,credit_card,12,595.6800000000001
ORD0008180,1,voucher,9,28.55
ORD0008181,1,debit_card,2,61.88
ORD0008182,1,boleto,2,773.89
ORD0008183,1,voucher,7,143.92
ORD0008184,1,boleto,12,141.8
ORD0008185,1,voucher,8,103.1
ORD0008186,1,boleto,1,2031.67
ORD0008187,1,debit_card,9,136.05
ORD0008188,1,voucher,4,119.56
ORD0008189,1,credit_card,11,330.96
ORD0008190,1,debit_card,6,1624.1000000000001
ORD0008191,1,voucher,4,920.32
ORD0008192,1,boleto,11,574.15
ORD0008193,1,debit_card,12,254.34
ORD0008194,1,credit_card,6,758.9200000000001
ORD0008195,1,boleto,2,547.73
ORD0008196,1,voucher,11,731.04
ORD0008197,1,credit_card,11,157.56
ORD0008198,1,boleto,8,311.56
ORD0008199,1,credit_card,6,378.16999999999996
ORD0008200,1,boleto,5,335.82
ORD0008201,1,debit_card,1,49.52
ORD0008202,1,debit_card,9,91.34
ORD0008203,1,voucher,5,119.44
ORD0008204,1,boleto,5,206.22
ORD0008205,1,credit_card,2,592.18
ORD0008206,1,debit_card,10,777.53
ORD0008207,1,boleto,1,507.02
ORD0008208,1,boleto,11,445.65000000000003
ORD0008209,1,debit_card,9,2603.6000000000004
ORD0008210,1,voucher,1,121.52
ORD0008211,1,credit_card,7,211.2
ORD0008212,1,credit_card,1,128.10000000000002
ORD0008213,1,debit_card,8,722.6800000000001
ORD0008214,1,boleto,4,124.73
ORD0008215,1,debit_card,6,342.45
ORD0008216,1,credit_card,7,168.38
ORD0008217,1,boleto,7,208.6
ORD0008218,1,voucher,9,24.7
ORD0008219,1,credit_card,3,202.81
ORD0008220,1,debit_card,3,77.23
ORD0008221,1,debit_card,4,767.97
ORD0008222,1,credit_card,2,192.56
ORD0008223,1,boleto,7,487.98
ORD0008224,1,credit_card,5,293.22
ORD0008225,1,boleto,4,84.22
ORD0008226,1,credit_card,12,40.74
ORD0008227,1,debit_card,7,210.55
ORD0008228,1,voucher,1,574.8299999999999
ORD0008229,1,voucher,6,544.6500000000001
ORD0008230,1,voucher,12,28.48
ORD0008231,1,debit_card,12,883.56
ORD0008232,1,credit_card,2,209.15
ORD0008233,1,debit_card,12,130.3
ORD0008234,1,boleto,7,905.8199999999999
ORD0008235,1,credit_card,12,347.91999999999996
ORD0008236,1,debit_card,11,124.16
ORD0008237,1,credit_card,4,97.89
ORD0008238,1,boleto,2,670.15
ORD0008239,1,debit_card,4,271.82
ORD0008240,1,voucher,7,75.42
ORD0008241,1,credit_card,8,87.95
ORD0008242,1,debit_card,11,509.8
ORD0008243,1,debit_card,10,89.22
ORD0008244,1,voucher,1,159.6
ORD0008245,1,credit_card,10,264.55
ORD0008246,1,debit_card,12,57.92
ORD0008247,1,credit_card,11,212.52
ORD0008248,1,voucher,7,741.8100000000001
ORD0008249,1,voucher,2,143.8
ORD0008250,1,credit_card,9,120.27000000000001
ORD0008251,1,credit_card,5,59.4
ORD0008252,1,voucher,12,637.52
ORD0008253,1,debit_card,8,383.46999999999997
ORD0008254,1,voucher,7,166.14999999999998
ORD0008255,1,debit_card,2,1211.96
ORD0008256,1,debit_card,3,92.41999999999999
ORD0008257,1,credit_card,1,406.21000000000004
ORD0008258,1,voucher,8,477.88
ORD0008259,1,debit_card,7,293.22
ORD0008260,1,boleto,5,37.38
ORD0008261,1,voucher,11,54.97
ORD0008262,1,debit_card,10,460.74
ORD0008263,1,debit_card,3,249.29
ORD0008264,1,debit_card,2,44.31
ORD0008265,1,voucher,9,55.43
ORD0008266,1,voucher,8,306.45
ORD0008267,1,boleto,5,115.84
ORD0008268,1,boleto,6,790.51
ORD0008269,1,voucher,8,301.25
ORD0008270,1,credit_card,10,378.86
ORD0008271,1,boleto,5,845.48
ORD0008272,1,credit_card,7,733.9000000000001
ORD0008273,1,voucher,9,581.09
ORD0008274,1,debit_card,7,118.94999999999999
ORD0008275,1,boleto,5,1073.44
ORD0008276,1,boleto,11,563.32
ORD0008277,1,credit_card,9,258.32
ORD0008278,1,debit_card,2,174.66
ORD0008279,1,voucher,10,124.88
ORD0008280,1,credit_card,12,141.47
ORD0008281,1,credit_card,3,117.14
ORD0008282,1,boleto,7,249.3
ORD0008283,1,credit_card,8,72.28
ORD0008284,1,boleto,8,260.54
ORD0008285,1,boleto,11,631.2
ORD0008286,1,voucher,9,51.25
ORD0008287,1,credit_card,12,422.86
ORD0008288,1,voucher,3,104.44
ORD0008289,1,voucher,9,334.3
ORD0008290,1,credit_card,11,53.43
ORD0008291,1,credit_card,8,22.72
ORD0008292,1,credit_card,6,132.75
ORD0008293,1,debit_card,9,2075.1
ORD0008294,1,boleto,11,585.58
ORD0008295,1,boleto,11,30.74
ORD0008296,1,credit_card,12,90.99
ORD0008297,1,credit_card,4,53.14
ORD0008298,1,debit_card,2,221.04000000000002
ORD0008299,1,boleto,10,855.84
ORD0008300,1,credit_card,8,136.23
ORD0008301,1,voucher,3,567.8499999999999
ORD0008302,1,debit_card,2,636.9000000000001
ORD0008303,1,boleto,9,215.19
ORD0008304,1,credit_card,1,93.8
ORD0008305,1,credit_card,8,163.0
ORD0008306,1,boleto,2,554.67
ORD0008307,1,boleto,7,669.1800000000001
ORD0008308,1,voucher,9,71.24
ORD0008309,1,boleto,7,405.12
ORD0008310,1,debit_card,7,239.31
ORD0008311,1,debit_card,2,314.57
ORD0008312,1,voucher,12,366.6
ORD0008313,1,debit_card,8,73.23
ORD0008314,1,voucher,5,120.45
ORD0008315,1,voucher,6,2253.44
ORD0008316,1,credit_card,7,284.85
ORD0008317,1,debit_card,8,50.53
ORD0008318,1,voucher,10,144.0
ORD0008319,1,credit_card,11,100.9
ORD0008320,1,credit_card,12,491.47
ORD0008321,1,voucher,11,425.02
ORD0008322,1,debit_card,3,43.97
ORD0008323,1,debit_card,8,250.16
ORD0008324,1,boleto,7,60.24
ORD0008325,1,boleto,1,34.16
ORD0008326,1,debit_card,2,125.26
ORD0008327,1,boleto,6,73.47
ORD0008328,1,boleto,9,125.72
ORD0008329,1,voucher,4,365.52
ORD0008330,1,boleto,7,62.86
ORD0008331,1,voucher,2,214.06
ORD0008332,1,credit_card,12,65.01
ORD0008333,1,boleto,6,235.98000000000002
ORD0008334,1,boleto,4,185.73
ORD0008335,1,boleto,8,557.83
ORD0008336,1,credit_card,11,178.7
ORD0008337,1,boleto,10,70.92
ORD0008338,1,debit_card,3,242.54999999999998
ORD0008339,1,debit_card,9,133.14000000000001
ORD0008340,1,credit_card,4,58.14
ORD0008341,1,credit_card,7,183.21
ORD0008342,1,voucher,4,406.4
ORD0008343,1,voucher,5,34.95
ORD0008344,1,debit_card,12,76.19
ORD0008345,1,boleto,8,35.47
ORD0008346,1,credit_card,4,162.28
ORD0008347,1,credit_card,5,821.02
ORD0008348,1,boleto,8,239.88
ORD0008349,1,voucher,11,336.37
ORD0008350,1,debit_card,2,88.52
ORD0008351,1,debit_card,5,205.25
ORD0008352,1,credit_card,12,1885.9199999999998
ORD0008353,1,boleto,10,749.28
ORD0008354,1,voucher,3,260.61
ORD0008355,1,boleto,4,181.32999999999998
ORD0008356,1,debit_card,3,79.84
ORD0008357,1,credit_card,5,82.86
ORD0008358,1,credit_card,7,115.53
ORD0008359,1,boleto,1,198.45
ORD0008360,1,debit_card,1,594.08
ORD0008361,1,debit_card,1,538.3
ORD0008362,1,boleto,3,205.73000000000002
ORD0008363,1,debit_card,11,55.17
ORD0008364,1,voucher,2,839.0
ORD0008365,1,boleto,9,385.72
ORD0008366,1,boleto,2,248.62
ORD0008367,1,boleto,1,221.38
ORD0008368,1,voucher,2,309.02
ORD0008369,1,credit_card,6,128.26
ORD0008370,1,boleto,11,271.19
ORD0008371,1,boleto,3,17.27
ORD0008372,1,credit_card,10,29.34
ORD0008373,1,debit_card,2,630.24
ORD0008374,1,voucher,1,595.87
ORD0008375,1,credit_card,4,730.06
ORD0008376,1,debit_card,7,885.6
ORD0008377,1,voucher,3,271.40999999999997
ORD0008378,1,boleto,10,286.2
ORD0008379,1,credit_card,1,73.49
ORD0008380,1,voucher,2,38.94
ORD0008381,1,credit_card,1,322.45000000000005
ORD0008382,1,voucher,7,39.68
ORD0008383,1,boleto,5,514.5699999999999
ORD0008384,1,debit_card,6,142.64
ORD0008385,1,voucher,12,32.94
ORD0008386,1,voucher,12,69.65
ORD0008387,1,credit_card,3,571.47
ORD0008388,1,voucher,4,278.82
ORD0008389,1,credit_card,1,1358.7
ORD0008390,1,voucher,8,113.17
ORD0008391,1,debit_card,12,59.25
ORD0008392,1,boleto,12,823.2
ORD0008393,1,debit_card,12,754.04
ORD0008394,1,voucher,2,903.23
ORD0008395,1,voucher,10,116.87
ORD0008396,1,voucher,5,367.08
ORD0008397,1,credit_card,10,202.85
ORD0008398,1,voucher,1,58.72
ORD0008399,1,voucher,8,902.4300000000001
ORD0008400,1,boleto,8,31.55
ORD0008401,1,boleto,11,344.89
ORD0008402,1,credit_card,6,386.14
ORD0008403,1,boleto,2,777.69
ORD0008404,1,boleto,9,135.84
ORD0008405,1,voucher,5,714.64
ORD0008406,1,credit_card,9,1343.73
ORD0008407,1,voucher,3,1349.8400000000001
ORD0008408,1,credit_card,6,27.98
ORD0008409,1,credit_card,4,125.08
ORD0008410,1,boleto,7,600.3199999999999
ORD0008411,1,credit_card,12,90.06
ORD0008412,1,debit_card,8,871.6800000000001
ORD0008413,1,voucher,10,70.56
ORD0008414,1,debit_card,3,64.92
ORD0008415,1,credit_card,5,466.83
ORD0008416,1,debit_card,6,165.21
ORD0008417,1,voucher,10,219.69
ORD0008418,1,boleto,10,193.78
ORD0008419,1,voucher,5,149.15
ORD0008420,1,credit_card,8,171.86
ORD0008421,1,debit_card,11,296.8
ORD0008422,1,credit_card,11,802.12
ORD0008423,1,debit_card,10,113.32
ORD0008424,1,voucher,8,373.97
ORD0008425,1,credit_card,3,78.96
ORD0008426,1,voucher,3,229.60000000000002
ORD0008427,1,voucher,4,273.87
ORD0008428,1,credit_card,11,526.18
ORD0008429,1,debit_card,8,95.48
ORD0008430,1,debit_card,3,690.87
ORD0008431,1,credit_card,4,389.66
ORD0008432,1,voucher,7,566.46
ORD0008433,1,voucher,10,1199.3700000000001
ORD0008434,1,credit_card,4,126.89000000000001
ORD0008435,1,credit_card,9,585.87
ORD0008436,1,voucher,1,56.98
ORD0008437,1,voucher,12,162.86
ORD0008438,1,voucher,12,608.9499999999999
ORD0008439,1,voucher,1,93.27
ORD0008440,1,boleto,9,366.94
ORD0008441,1,debit_card,3,29.62
ORD0008442,1,boleto,7,34.11
ORD0008443,1,credit_card,11,61.48
ORD0008444,1,credit_card,5,111.08
ORD0008445,1,credit_card,10,955.2
ORD0008446,1,credit_card,11,172.13
ORD0008447,1,debit_card,1,341.16
ORD0008448,1,credit_card,3,293.04
ORD0008449,1,voucher,1,254.03
ORD0008450,1,credit_card,1,213.96
ORD0008451,1,voucher,6,1084.8
ORD0008452,1,credit_card,9,460.26000000000005
ORD0008453,1,boleto,4,865.37
ORD0008454,1,boleto,3,120.94
ORD0008455,1,credit_card,12,268.26
ORD0008456,1,debit_card,11,504.24
ORD0008457,1,credit_card,9,212.52
ORD0008458,1,credit_card,3,64.8
ORD0008459,1,credit_card,12,140.1
ORD0008460,1,boleto,12,702.54
ORD0008461,1,debit_card,8,338.01
ORD0008462,1,boleto,8,153.71
ORD0008463,1,debit_card,11,1083.81
ORD0008464,1,credit_card,9,400.98
ORD0008465,1,boleto,8,193.14
ORD0008466,1,boleto,9,177.14999999999998
ORD0008467,1,credit_card,7,603.87
ORD0008468,1,debit_card,3,88.96
ORD0008469,1,boleto,10,335.24
ORD0008470,1,credit_card,8,137.25
ORD0008471,1,debit_card,7,162.01
ORD0008472,1,debit_card,5,52.56
ORD0008473,1,credit_card,11,86.15
ORD0008474,1,boleto,6,294.64
ORD0008475,1,boleto,7,51.6
ORD0008476,1,voucher,7,347.48
ORD0008477,1,credit_card,5,451.68000000000006
ORD0008478,1,debit_card,10,141.91
ORD0008479,1,boleto,12,165.51
ORD0008480,1,debit_card,8,409.61
ORD0008481,1,boleto,6,374.24
ORD0008482,1,voucher,4,204.35
ORD0008483,1,credit_card,8,1425.1999999999998
ORD0008484,1,boleto,5,197.36
ORD0008485,1,credit_card,10,216.55
ORD0008486,1,voucher,2,96.03
ORD0008487,1,debit_card,1,148.41
ORD0008488,1,voucher,4,51.6
ORD0008489,1,credit_card,4,445.26
ORD0008490,1,credit_card,12,29.64
ORD0008491,1,debit_card,4,233.99
ORD0008492,1,voucher,3,81.01
ORD0008493,1,voucher,12,136.0
ORD0008494,1,debit_card,9,82.74
ORD0008495,1,credit_card,2,564.97
ORD0008496,1,boleto,12,160.71
ORD0008497,1,credit_card,7,88.85
ORD0008498,1,credit_card,5,97.92
ORD0008499,1,credit_card,8,152.86
ORD0008500,1,boleto,7,20.27
ORD0008501,1,boleto,2,186.09
ORD0008502,1,voucher,10,336.7
ORD0008503,1,voucher,10,829.45
ORD0008504,1,boleto,6,326.59999999999997
ORD0008505,1,debit_card,5,1043.6499999999999
ORD0008506,1,debit_card,12,902.95
ORD0008507,1,credit_card,5,497.52
ORD0008508,1,credit_card,1,73.36
ORD0008509,1,boleto,6,63.64
ORD0008510,1,boleto,1,693.4000000000001
ORD0008511,1,voucher,3,74.55
ORD0008512,1,debit_card,3,235.79999999999998
ORD0008513,1,boleto,9,327.95
ORD0008514,1,boleto,5,34.45
ORD0008515,1,voucher,10,155.49
ORD0008516,1,voucher,8,75.78
ORD0008517,1,debit_card,2,58.6
ORD0008518,1,voucher,9,303.12
ORD0008519,1,credit_card,1,263.7
ORD0008520,1,voucher,10,107.04
ORD0008521,1,voucher,11,295.5
ORD0008522,1,credit_card,11,165.67
ORD0008523,1,credit_card,8,306.78000000000003
ORD0008524,1,debit_card,10,152.81
ORD0008525,1,debit_card,2,270.52
ORD0008526,1,voucher,10,313.82
ORD0008527,1,voucher,9,45.27
ORD0008528,1,boleto,2,321.78999999999996
ORD0008529,1,voucher,5,361.88
ORD0008530,1,debit_card,7,82.59
ORD0008531,1,debit_card,1,657.78
ORD0008532,1,boleto,7,784.55
ORD0008533,1,credit_card,12,83.12
ORD0008534,1,boleto,5,55.18000000000001
ORD0008535,1,boleto,3,387.66
ORD0008536,1,voucher,1,599.89
ORD0008537,1,debit_card,5,69.32
ORD0008538,1,voucher,9,779.3600000000001
ORD0008539,1,voucher,6,146.44
ORD0008540,1,boleto,3,648.58
ORD0008541,1,credit_card,11,87.95
ORD0008542,1,credit_card,2,293.76
ORD0008543,1,boleto,12,35.92
ORD0008544,1,boleto,6,566.75
ORD0008545,1,debit_card,12,434.2
ORD0008546,1,debit_card,6,358.5
ORD0008547,1,boleto,9,1251.8200000000002
ORD0008548,1,boleto,2,235.98
ORD0008549,1,boleto,2,79.33
ORD0008550,1,credit_card,11,69.61
ORD0008551,1,credit_card,1,359.36
ORD0008552,1,voucher,7,36.6
ORD0008553,1,credit_card,8,623.56
ORD0008554,1,debit_card,4,446.12
ORD0008555,1,debit_card,6,274.68
ORD0008556,1,debit_card,1,256.48
ORD0008557,1,boleto,12,1279.59
ORD0008558,1,credit_card,2,335.6
ORD0008559,1,credit_card,4,125.3
ORD0008560,1,voucher,7,349.82
ORD0008561,1,voucher,7,38.68
ORD0008562,1,voucher,5,1431.12
ORD0008563,1,boleto,6,41.16
ORD0008564,1,boleto,7,890.24
ORD0008565,1,debit_card,11,343.2
ORD0008566,1,debit_card,1,255.16
ORD0008567,1,boleto,10,59.86
ORD0008568,1,debit_card,12,74.87
ORD0008569,1,debit_card,2,31.92
ORD0008570,1,boleto,4,214.70999999999998
ORD0008571,1,credit_card,2,330.95
ORD0008572,1,credit_card,4,33.13
ORD0008573,1,debit_card,5,235.02
ORD0008574,1,voucher,1,123.26
ORD0008575,1,voucher,7,390.80999999999995
ORD0008576,1,voucher,11,27.74
ORD0008577,1,debit_card,7,496.36
ORD0008578,1,credit_card,12,196.11
ORD0008579,1,credit_card,9,188.58
ORD0008580,1,boleto,12,309.26
ORD0008581,1,debit_card,1,356.64
ORD0008582,1,debit_card,5,790.3499999999999
ORD0008583,1,boleto,7,577.3
ORD0008584,1,credit_card,1,181.1
ORD0008585,1,boleto,6,568.37
ORD0008586,1,credit_card,9,101.07
ORD0008587,1,credit_card,1,72.28
ORD0008588,1,voucher,2,60.04
ORD0008589,1,voucher,8,152.27
ORD0008590,1,voucher,3,644.3
ORD0008591,1,debit_card,3,54.57
ORD0008592,1,credit_card,7,2006.35
ORD0008593,1,credit_card,3,317.93
ORD0008594,1,boleto,8,221.39
ORD0008595,1,credit_card,8,751.02
ORD0008596,1,debit_card,8,337.58000000000004
ORD0008597,1,credit_card,7,996.39
ORD0008598,1,credit_card,8,203.45
ORD0008599,1,boleto,12,166.95999999999998
ORD0008600,1,credit_card,8,130.98
ORD0008601,1,voucher,1,318.12
ORD0008602,1,voucher,12,264.81
ORD0008603,1,voucher,2,76.39999999999999
ORD0008604,1,credit_card,1,87.89
ORD0008605,1,voucher,2,17.71
ORD0008606,1,voucher,2,81.03999999999999
ORD0008607,1,credit_card,4,579.8
ORD0008608,1,credit_card,12,279.51
ORD0008609,1,boleto,12,413.88
ORD0008610,1,debit_card,6,83.11
ORD0008611,1,credit_card,9,64.28
ORD0008612,1,credit_card,11,239.49
ORD0008613,1,credit_card,8,478.2
ORD0008614,1,voucher,9,174.32
ORD0008615,1,boleto,2,978.8199999999999
ORD0008616,1,debit_card,1,69.75
ORD0008617,1,credit_card,10,215.72
ORD0008618,1,debit_card,11,388.27
ORD0008619,1,debit_card,9,967.46
ORD0008620,1,debit_card,6,552.6
ORD0008621,1,credit_card,9,303.18
ORD0008622,1,credit_card,3,244.5
ORD0008623,1,debit_card,6,79.34
ORD0008624,1,credit_card,7,204.82
ORD0008625,1,boleto,5,385.71
ORD0008626,1,debit_card,12,81.82
ORD0008627,1,boleto,3,535.74
ORD0008628,1,debit_card,11,429.16
ORD0008629,1,boleto,7,598.06
ORD0008630,1,debit_card,3,249.32
ORD0008631,1,boleto,1,208.28
ORD0008632,1,debit_card,7,49.38
ORD0008633,1,boleto,3,813.3
ORD0008634,1,debit_card,1,133.88
ORD0008635,1,boleto,5,152.35
ORD0008636,1,boleto,4,170.8
ORD0008637,1,credit_card,4,534.8
ORD0008638,1,credit_card,1,64.05
ORD0008639,1,boleto,7,114.2
ORD0008640,1,voucher,10,445.12
ORD0008641,1,boleto,9,385.03999999999996
ORD0008642,1,credit_card,4,111.08
ORD0008643,1,boleto,3,45.21
ORD0008644,1,debit_card,11,339.97
ORD0008645,1,boleto,6,207.04
ORD0008646,1,voucher,2,154.6
ORD0008647,1,credit_card,7,71.32
ORD0008648,1,boleto,5,965.77
ORD0008649,1,voucher,7,23.83
ORD0008650,1,boleto,2,174.97
ORD0008651,1,credit_card,3,359.46
ORD0008652,1,credit_card,2,465.87
ORD0008653,1,voucher,7,129.35
ORD0008654,1,debit_card,2,445.65000000000003
ORD0008655,1,voucher,4,39.13
ORD0008656,1,boleto,1,491.54
ORD0008657,1,credit_card,10,140.56
ORD0008658,1,debit_card,9,81.21
ORD0008659,1,credit_card,4,389.92
ORD0008660,1,credit_card,10,293.96000000000004
ORD0008661,1,voucher,10,282.4
ORD0008662,1,debit_card,8,61.91
ORD0008663,1,debit_card,5,636.55
ORD0008664,1,boleto,8,76.39
ORD0008665,1,debit_card,7,146.45
ORD0008666,1,boleto,8,583.4
ORD0008667,1,voucher,3,294.54999999999995
ORD0008668,1,debit_card,9,85.34
ORD0008669,1,credit_card,7,299.7
ORD0008670,1,debit_card,5,1182.65
ORD0008671,1,voucher,2,174.49
ORD0008672,1,credit_card,2,246.98
ORD0008673,1,credit_card,2,67.03
ORD0008674,1,debit_card,9,146.38
ORD0008675,1,boleto,7,230.1
ORD0008676,1,credit_card,10,146.68
ORD0008677,1,boleto,3,706.01
ORD0008678,1,credit_card,5,440.44
ORD0008679,1,voucher,1,133.85
ORD0008680,1,voucher,10,88.76
ORD0008681,1,voucher,1,97.11
ORD0008682,1,boleto,4,297.72
ORD0008683,1,debit_card,2,83.81
ORD0008684,1,voucher,2,59.28
ORD0008685,1,voucher,5,611.91
ORD0008686,1,debit_card,1,34.11
ORD0008687,1,voucher,8,24.95
ORD0008688,1,boleto,7,78.6
ORD0008689,1,debit_card,7,77.95
ORD0008690,1,debit_card,7,284.36
ORD0008691,1,credit_card,3,545.6700000000001
ORD0008692,1,debit_card,1,221.76
ORD0008693,1,voucher,12,154.46
ORD0008694,1,voucher,9,682.62
ORD0008695,1,boleto,4,38.12
ORD0008696,1,voucher,3,344.66
ORD0008697,1,boleto,5,175.03
ORD0008698,1,credit_card,6,312.9
ORD0008699,1,voucher,3,123.9
ORD0008700,1,debit_card,1,62.48
ORD0008701,1,voucher,5,133.86
ORD0008702,1,boleto,11,63.44
ORD0008703,1,credit_card,4,310.16
ORD0008704,1,debit_card,11,245.07
ORD0008705,1,credit_card,5,162.95
ORD0008706,1,boleto,3,19.17
ORD0008707,1,boleto,6,130.63
ORD0008708,1,debit_card,4,263.11
ORD0008709,1,debit_card,10,690.03
ORD0008710,1,credit_card,8,445.74
ORD0008711,1,debit_card,4,153.64
ORD0008712,1,credit_card,3,318.45000000000005
ORD0008713,1,credit_card,10,200.04000000000002
ORD0008714,1,boleto,12,292.92
ORD0008715,1,debit_card,8,92.46000000000001
ORD0008716,1,boleto,10,107.67
ORD0008717,1,credit_card,2,499.87
ORD0008718,1,boleto,6,87.4
ORD0008719,1,credit_card,4,285.47
ORD0008720,1,boleto,7,31.76
ORD0008721,1,debit_card,10,372.02
ORD0008722,1,voucher,7,1083.98
ORD0008723,1,debit_card,1,227.86
ORD0008724,1,credit_card,8,141.8
ORD0008725,1,debit_card,9,121.98
ORD0008726,1,credit_card,1,44.05
ORD0008727,1,debit_card,11,162.86
ORD0008728,1,voucher,3,92.43
ORD0008729,1,debit_card,12,365.38
ORD0008730,1,credit_card,8,782.2
ORD0008731,1,credit_card,7,608.79
ORD0008732,1,boleto,4,165.21
ORD0008733,1,voucher,10,314.54999999999995
ORD0008734,1,boleto,4,152.52
ORD0008735,1,boleto,4,195.71
ORD0008736,1,boleto,11,39.54
ORD0008737,1,debit_card,9,39.44
ORD0008738,1,voucher,9,658.31
ORD0008739,1,boleto,9,402.57
ORD0008740,1,credit_card,6,287.42
ORD0008741,1,credit_card,5,210.55
ORD0008742,1,credit_card,4,82.02
ORD0008743,1,boleto,10,1871.4
ORD0008744,1,boleto,11,155.7
ORD0008745,1,credit_card,6,220.0
ORD0008746,1,credit_card,1,474.65
ORD0008747,1,boleto,10,108.04
ORD0008748,1,boleto,10,219.26
ORD0008749,1,credit_card,6,693.16
ORD0008750,1,credit_card,8,97.47999999999999
ORD0008751,1,voucher,5,422.4
ORD0008752,1,voucher,7,857.12
ORD0008753,1,voucher,5,302.45000000000005
ORD0008754,1,credit_card,12,319.37
ORD0008755,1,boleto,5,161.66
ORD0008756,1,boleto,4,582.68
ORD0008757,1,debit_card,5,210.7
ORD0008758,1,voucher,2,170.64
ORD0008759,1,voucher,9,248.0
ORD0008760,1,voucher,7,146.88
ORD0008761,1,boleto,7,163.74
ORD0008762,1,voucher,2,71.0
ORD0008763,1,debit_card,1,689.8000000000001
ORD0008764,1,debit_card,3,278.64
ORD0008765,1,boleto,10,165.10000000000002
ORD0008766,1,voucher,1,297.04999999999995
ORD0008767,1,voucher,5,72.39
ORD0008768,1,debit_card,9,300.76
ORD0008769,1,debit_card,2,66.0
ORD0008770,1,debit_card,5,112.88
ORD0008771,1,voucher,8,110.83
ORD0008772,1,debit_card,6,216.83999999999997
ORD0008773,1,debit_card,8,512.13
ORD0008774,1,voucher,9,164.64000000000001
ORD0008775,1,voucher,4,260.61
ORD0008776,1,boleto,7,28.86
ORD0008777,1,debit_card,10,458.11
ORD0008778,1,boleto,3,763.22
ORD0008779,1,credit_card,9,238.33
ORD0008780,1,debit_card,1,39.79
ORD0008781,1,debit_card,2,120.28
ORD0008782,1,boleto,9,61.86
ORD0008783,1,debit_card,4,268.96000000000004
ORD0008784,1,debit_card,12,214.31
ORD0008785,1,debit_card,4,111.51
ORD0008786,1,boleto,12,636.64
ORD0008787,1,voucher,12,148.0
ORD0008788,1,boleto,6,562.2
ORD0008789,1,boleto,2,360.09000000000003
ORD0008790,1,credit_card,2,117.97
ORD0008791,1,boleto,3,136.5
ORD0008792,1,voucher,7,211.35
ORD0008793,1,debit_card,6,632.6700000000001
ORD0008794,1,credit_card,11,58.36
ORD0008795,1,boleto,8,101.63
ORD0008796,1,debit_card,2,449.42
ORD0008797,1,voucher,9,187.4
ORD0008798,1,credit_card,2,39.6
ORD0008799,1,credit_card,11,677.12
ORD0008800,1,voucher,2,273.14
ORD0008801,1,debit_card,12,538.79
ORD0008802,1,debit_card,12,31.87
ORD0008803,1,boleto,7,1216.76
ORD0008804,1,credit_card,8,156.45
ORD0008805,1,debit_card,12,482.8
ORD0008806,1,credit_card,6,380.6
ORD0008807,1,voucher,12,202.24
ORD0008808,1,boleto,2,198.20999999999998
ORD0008809,1,debit_card,8,443.6
ORD0008810,1,voucher,4,397.44
ORD0008811,1,boleto,7,62.01
ORD0008812,1,debit_card,8,854.3
ORD0008813,1,credit_card,8,86.58
ORD0008814,1,voucher,7,199.95999999999998
ORD0008815,1,credit_card,12,253.64
ORD0008816,1,voucher,4,261.85
ORD0008817,1,credit_card,3,565.0899999999999
ORD0008818,1,credit_card,11,79.33
ORD0008819,1,boleto,7,35.92
ORD0008820,1,credit_card,4,539.73
ORD0008821,1,debit_card,5,680.2
ORD0008822,1,debit_card,3,193.98
ORD0008823,1,credit_card,6,434.05
ORD0008824,1,credit_card,11,532.2600000000001
ORD0008825,1,credit_card,11,516.39
ORD0008826,1,boleto,9,390.7
ORD0008827,1,boleto,6,165.02
ORD0008828,1,voucher,8,207.66
ORD0008829,1,credit_card,4,15.82
ORD0008830,1,credit_card,12,125.46
ORD0008831,1,voucher,8,329.44
ORD0008832,1,credit_card,10,842.38
ORD0008833,1,boleto,1,51.25
ORD0008834,1,debit_card,4,712.88
ORD0008835,1,voucher,8,859.74
ORD0008836,1,debit_card,9,343.92
ORD0008837,1,boleto,6,114.81
ORD0008838,1,credit_card,1,121.76
ORD0008839,1,boleto,12,192.56
ORD0008840,1,boleto,10,423.25
ORD0008841,1,boleto,12,147.6
ORD0008842,1,debit_card,11,927.06
ORD0008843,1,debit_card,6,176.22000000000003
ORD0008844,1,boleto,9,44.44
ORD0008845,1,credit_card,12,28.28
ORD0008846,1,credit_card,3,171.04
ORD0008847,1,debit_card,9,1605.76
ORD0008848,1,boleto,4,100.72
ORD0008849,1,credit_card,3,443.93
ORD0008850,1,voucher,1,1318.5
ORD0008851,1,credit_card,7,486.8
ORD0008852,1,boleto,11,87.81
ORD0008853,1,debit_card,3,286.82
ORD0008854,1,debit_card,2,91.65
ORD0008855,1,debit_card,5,1180.65
ORD0008856,1,voucher,1,306.56
ORD0008857,1,debit_card,4,663.1500000000001
ORD0008858,1,boleto,8,47.02
ORD0008859,1,boleto,3,60.14
ORD0008860,1,debit_card,7,125.76
ORD0008861,1,debit_card,4,149.4
ORD0008862,1,boleto,4,765.04
ORD0008863,1,boleto,5,833.0
ORD0008864,1,debit_card,9,51.44
ORD0008865,1,voucher,3,432.12
ORD0008866,1,boleto,1,345.15
ORD0008867,1,voucher,7,121.88
ORD0008868,1,voucher,12,358.15
ORD0008869,1,credit_card,10,517.91
ORD0008870,1,debit_card,4,102.28
ORD0008871,1,debit_card,6,362.36
ORD0008872,1,credit_card,4,218.58
ORD0008873,1,debit_card,4,905.9000000000001
ORD0008874,1,credit_card,8,215.6
ORD0008875,1,debit_card,2,871.95
ORD0008876,1,credit_card,5,220.32
ORD0008877,1,voucher,5,473.40999999999997
ORD0008878,1,debit_card,6,540.03
ORD0008879,1,voucher,6,281.70000000000005
ORD0008880,1,boleto,2,129.12
ORD0008881,1,credit_card,5,109.56
ORD0008882,1,boleto,4,19.26
ORD0008883,1,credit_card,10,190.96
ORD0008884,1,credit_card,11,118.58000000000001
ORD0008885,1,voucher,2,139.9
ORD0008886,1,credit_card,4,368.62
ORD0008887,1,boleto,12,247.79
ORD0008888,1,voucher,5,540.15
ORD0008889,1,credit_card,12,288.73
ORD0008890,1,credit_card,7,343.26
ORD0008891,1,debit_card,5,343.72
ORD0008892,1,boleto,4,722.36
ORD0008893,1,boleto,12,175.8
ORD0008894,1,credit_card,12,83.0
ORD0008895,1,debit_card,12,17.97
ORD0008896,1,credit_card,9,192.95999999999998
ORD0008897,1,boleto,9,63.74
ORD0008898,1,debit_card,11,98.06
ORD0008899,1,debit_card,12,365.64
ORD0008900,1,voucher,2,228.85000000000002
ORD0008901,1,credit_card,10,316.4
ORD0008902,1,boleto,2,114.39000000000001
ORD0008903,1,debit_card,11,39.48
ORD0008904,1,voucher,6,631.92
ORD0008905,1,boleto,11,439.04999999999995
ORD0008906,1,credit_card,5,270.36
ORD0008907,1,debit_card,6,1919.11
ORD0008908,1,voucher,10,171.18
ORD0008909,1,voucher,4,233.48
ORD0008910,1,voucher,1,265.51
ORD0008911,1,voucher,10,333.12
ORD0008912,1,boleto,9,194.19
ORD0008913,1,voucher,7,285.25
ORD0008914,1,debit_card,1,337.88
ORD0008915,1,credit_card,4,2236.98
ORD0008916,1,voucher,9,169.38
ORD0008917,1,debit_card,5,116.05
ORD0008918,1,voucher,1,160.95
ORD0008919,1,voucher,5,49.71
ORD0008920,1,credit_card,5,34.88
ORD0008921,1,voucher,9,1807.3
ORD0008922,1,boleto,3,97.30000000000001
ORD0008923,1,credit_card,11,69.32
ORD0008924,1,boleto,3,721.16
ORD0008925,1,voucher,12,457.63
ORD0008926,1,boleto,12,521.62
ORD0008927,1,voucher,12,957.94
ORD0008928,1,credit_card,11,176.78
ORD0008929,1,boleto,7,397.71
ORD0008930,1,debit_card,6,404.28
ORD0008931,1,boleto,7,724.72
ORD0008932,1,debit_card,5,121.48
ORD0008933,1,debit_card,1,15.22
ORD0008934,1,debit_card,1,421.52
ORD0008935,1,debit_card,12,835.41
ORD0008936,1,voucher,8,230.55
ORD0008937,1,credit_card,6,121.17
ORD0008938,1,boleto,4,806.49
ORD0008939,1,boleto,5,14.24
ORD0008940,1,credit_card,2,139.64
ORD0008941,1,voucher,4,256.2
ORD0008942,1,debit_card,10,153.51
ORD0008943,1,credit_card,8,190.97
ORD0008944,1,voucher,6,297.40999999999997
ORD0008945,1,debit_card,5,178.05
ORD0008946,1,debit_card,5,118.01
ORD0008947,1,boleto,6,202.85
ORD0008948,1,voucher,10,106.64
ORD0008949,1,boleto,7,1510.3400000000001
ORD0008950,1,voucher,7,153.81
ORD0008951,1,credit_card,3,399.14
ORD0008952,1,boleto,9,310.15999999999997
ORD0008953,1,credit_card,6,210.11
ORD0008954,1,boleto,8,31.46
ORD0008955,1,debit_card,5,1353.89
ORD0008956,1,boleto,8,169.36
ORD0008957,1,credit_card,12,1542.79
ORD0008958,1,debit_card,2,47.09
ORD0008959,1,voucher,1,111.48
ORD0008960,1,debit_card,6,1239.1599999999999
ORD0008961,1,credit_card,7,132.52
ORD0008962,1,voucher,8,719.48
ORD0008963,1,boleto,4,59.94
ORD0008964,1,debit_card,10,1037.79
ORD0008965,1,credit_card,8,2918.65
ORD0008966,1,credit_card,4,40.58
ORD0008967,1,credit_card,7,145.2
ORD0008968,1,debit_card,12,179.24
ORD0008969,1,debit_card,5,1036.48
ORD0008970,1,boleto,10,1970.6999999999998
ORD0008971,1,boleto,5,39.06
ORD0008972,1,credit_card,3,2113.88
ORD0008973,1,credit_card,6,342.04
ORD0008974,1,debit_card,11,60.99
ORD0008975,1,boleto,2,247.84
ORD0008976,1,voucher,5,812.4
ORD0008977,1,voucher,11,121.88
ORD0008978,1,boleto,7,625.88
ORD0008979,1,boleto,10,381.2
ORD0008980,1,voucher,9,102.23
ORD0008981,1,credit_card,10,103.62
ORD0008982,1,debit_card,12,245.85
ORD0008983,1,credit_card,11,389.2
ORD0008984,1,credit_card,10,285.52
ORD0008985,1,voucher,11,576.8199999999999
ORD0008986,1,debit_card,2,283.13
ORD0008987,1,credit_card,6,31.46
ORD0008988,1,voucher,7,269.47
ORD0008989,1,credit_card,10,196.55
ORD0008990,1,boleto,12,142.7
ORD0008991,1,voucher,4,229.84
ORD0008992,1,credit_card,5,19.47
ORD0008993,1,boleto,8,291.43
ORD0008994,1,debit_card,12,211.96
ORD0008995,1,voucher,4,356.2
ORD0008996,1,boleto,1,40.68
ORD0008997,1,voucher,10,26.07
ORD0008998,1,voucher,5,642.9300000000001
ORD0008999,1,boleto,9,617.02
ORD0009000,1,debit_card,10,883.81
ORD0009001,1,boleto,4,1422.74
ORD0009002,1,credit_card,6,61.74
ORD0009003,1,credit_card,8,390.7
ORD0009004,1,boleto,11,310.02
ORD0009005,1,voucher,2,95.09
ORD0009006,1,voucher,9,195.53
ORD0009007,1,credit_card,11,63.04
ORD0009008,1,debit_card,8,404.33
ORD0009009,1,boleto,4,124.96
ORD0009010,1,credit_card,10,120.68
ORD0009011,1,credit_card,7,55.04
ORD0009012,1,debit_card,11,48.95
ORD0009013,1,credit_card,9,157.37
ORD0009014,1,debit_card,11,479.6
ORD0009015,1,credit_card,2,157.31
ORD0009016,1,debit_card,12,139.42
ORD0009017,1,debit_card,12,230.44
ORD0009018,1,boleto,3,387.96
ORD0009019,1,boleto,9,275.2
ORD0009020,1,credit_card,7,241.8
ORD0009021,1,boleto,9,445.23
ORD0009022,1,debit_card,2,109.26
ORD0009023,1,voucher,5,743.9000000000001
ORD0009024,1,voucher,6,504.8
ORD0009025,1,voucher,10,445.12
ORD0009026,1,credit_card,11,129.66
ORD0009027,1,boleto,9,119.31
ORD0009028,1,voucher,1,44.94
ORD0009029,1,credit_card,10,153.51
ORD0009030,1,credit_card,10,286.02
ORD0009031,1,boleto,8,189.76999999999998
ORD0009032,1,debit_card,9,293.01
ORD0009033,1,debit_card,7,805.35
ORD0009034,1,credit_card,8,115.82
ORD0009035,1,credit_card,3,214.10000000000002
ORD0009036,1,voucher,2,27.12
ORD0009037,1,voucher,12,429.24
ORD0009038,1,credit_card,10,1412.89
ORD0009039,1,credit_card,4,420.26
ORD0009040,1,voucher,12,430.93
ORD0009041,1,debit_card,9,906.24
ORD0009042,1,boleto,12,918.82
ORD0009043,1,voucher,10,1041.28
ORD0009044,1,boleto,12,62.16
ORD0009045,1,boleto,4,139.91
ORD0009046,1,credit_card,12,205.08
ORD0009047,1,voucher,3,62.14
ORD0009048,1,credit_card,8,251.45
ORD0009049,1,boleto,7,647.61
ORD0009050,1,debit_card,7,434.45000000000005
ORD0009051,1,voucher,3,14.78
ORD0009052,1,boleto,6,142.94
ORD0009053,1,credit_card,2,729.48
ORD0009054,1,voucher,9,548.42
ORD0009055,1,boleto,5,102.39
ORD0009056,1,voucher,6,16.27
ORD0009057,1,credit_card,5,100.9
ORD0009058,1,voucher,6,399.99
ORD0009059,1,credit_card,9,164.96
ORD0009060,1,voucher,1,22.47
ORD0009061,1,credit_card,12,63.52
ORD0009062,1,credit_card,7,27.7
ORD0009063,1,credit_card,10,60.16
ORD0009064,1,voucher,9,409.86
ORD0009065,1,voucher,8,725.3499999999999
ORD0009066,1,voucher,5,302.9
ORD0009067,1,debit_card,2,181.95
ORD0009068,1,voucher,11,233.44
ORD0009069,1,voucher,8,155.24
ORD0009070,1,boleto,1,501.44
ORD0009071,1,debit_card,2,289.47
ORD0009072,1,voucher,3,342.94
ORD0009073,1,voucher,2,861.27
ORD0009074,1,debit_card,6,35.34
ORD0009075,1,credit_card,11,69.76
ORD0009076,1,boleto,10,322.02
ORD0009077,1,credit_card,7,489.68
ORD0009078,1,credit_card,2,859.54
ORD0009079,1,boleto,12,78.78
ORD0009080,1,boleto,2,199.18
ORD0009081,1,credit_card,5,899.4000000000001
ORD0009082,1,debit_card,12,1019.4000000000001
ORD0009083,1,boleto,10,416.56
ORD0009084,1,voucher,2,375.97
ORD0009085,1,debit_card,7,868.1300000000001
ORD0009086,1,voucher,6,195.32999999999998
ORD0009087,1,debit_card,2,456.70000000000005
ORD0009088,1,debit_card,8,186.58
ORD0009089,1,credit_card,5,985.3
ORD0009090,1,boleto,10,109.16
ORD0009091,1,debit_card,11,37.83
ORD0009092,1,voucher,2,411.75
ORD0009093,1,boleto,10,1002.5699999999999
ORD0009094,1,debit_card,8,229.78
ORD0009095,1,boleto,4,615.71
ORD0009096,1,debit_card,12,25.46
ORD0009097,1,debit_card,2,292.68
ORD0009098,1,voucher,11,209.11
ORD0009099,1,debit_card,5,280.44
ORD0009100,1,credit_card,9,864.84
ORD0009101,1,credit_card,6,791.3700000000001
ORD0009102,1,credit_card,6,115.29
ORD0009103,1,voucher,8,388.67
ORD0009104,1,boleto,6,724.8299999999999
ORD0009105,1,boleto,8,232.87
ORD0009106,1,voucher,9,517.4
ORD0009107,1,boleto,4,318.36
ORD0009108,1,debit_card,6,454.04
ORD0009109,1,boleto,12,793.43
ORD0009110,1,credit_card,6,264.76
ORD0009111,1,debit_card,2,463.13000000000005
ORD0009112,1,voucher,4,687.44
ORD0009113,1,boleto,5,94.89
ORD0009114,1,debit_card,12,416.56
ORD0009115,1,credit_card,2,1149.05
ORD0009116,1,debit_card,2,551.09
ORD0009117,1,boleto,8,679.4100000000001
ORD0009118,1,boleto,3,85.21000000000001
ORD0009119,1,boleto,4,92.29
ORD0009120,1,debit_card,1,610.22
ORD0009121,1,credit_card,10,366.24
ORD0009122,1,boleto,12,459.15999999999997
ORD0009123,1,boleto,5,160.16
ORD0009124,1,voucher,2,219.49
ORD0009125,1,debit_card,9,105.27000000000001
ORD0009126,1,debit_card,2,2662.32
ORD0009127,1,boleto,7,34.09
ORD0009128,1,voucher,8,181.5
ORD0009129,1,boleto,3,112.47
ORD0009130,1,debit_card,11,147.94
ORD0009131,1,credit_card,12,187.41
ORD0009132,1,voucher,8,682.97
ORD0009133,1,debit_card,1,58.91
ORD0009134,1,debit_card,11,132.47
ORD0009135,1,voucher,12,283.96
ORD0009136,1,credit_card,5,16.88
ORD0009137,1,debit_card,10,557.72
ORD0009138,1,credit_card,10,443.45000000000005
ORD0009139,1,debit_card,12,339.65
ORD0009140,1,voucher,9,408.27
ORD0009141,1,debit_card,9,883.6500000000001
ORD0009142,1,debit_card,6,263.79
ORD0009143,1,credit_card,5,260.61
ORD0009144,1,voucher,11,247.97
ORD0009145,1,boleto,9,71.0
ORD0009146,1,debit_card,6,110.25
ORD0009147,1,boleto,12,38.61
ORD0009148,1,boleto,3,247.29
ORD0009149,1,debit_card,2,2309.7
ORD0009150,1,voucher,6,116.1
ORD0009151,1,credit_card,7,548.79
ORD0009152,1,credit_card,9,178.84
ORD0009153,1,voucher,1,412.02
ORD0009154,1,boleto,12,471.93
ORD0009155,1,debit_card,4,109.56
ORD0009156,1,voucher,7,57.84
ORD0009157,1,credit_card,4,148.78
ORD0009158,1,debit_card,3,37.48
ORD0009159,1,debit_card,9,84.5
ORD0009160,1,debit_card,8,183.98000000000002
ORD0009161,1,voucher,2,275.6
ORD0009162,1,credit_card,10,70.98
ORD0009163,1,debit_card,12,111.04
ORD0009164,1,debit_card,12,623.24
ORD0009165,1,debit_card,2,85.6
ORD0009166,1,debit_card,4,836.15
ORD0009167,1,debit_card,8,301.96
ORD0009168,1,debit_card,7,275.62
ORD0009169,1,debit_card,7,170.94
ORD0009170,1,voucher,1,1499.1499999999999
ORD0009171,1,voucher,1,181.34
ORD0009172,1,credit_card,8,136.05
ORD0009173,1,credit_card,12,312.53999999999996
ORD0009174,1,voucher,5,402.09999999999997
ORD0009175,1,boleto,1,49.0
ORD0009176,1,debit_card,5,82.59
ORD0009177,1,boleto,3,224.63
ORD0009178,1,voucher,12,227.5
ORD0009179,1,voucher,8,618.25
ORD0009180,1,debit_card,5,446.46
ORD0009181,1,credit_card,7,494.46
ORD0009182,1,voucher,7,294.72
ORD0009183,1,debit_card,6,71.04
ORD0009184,1,boleto,4,51.55
ORD0009185,1,voucher,10,355.78999999999996
ORD0009186,1,boleto,2,124.88
ORD0009187,1,boleto,9,183.86
ORD0009188,1,boleto,1,73.04
ORD0009189,1,voucher,8,76.64
ORD0009190,1,debit_card,12,177.01
ORD0009191,1,debit_card,12,42.42
ORD0009192,1,credit_card,1,471.74
ORD0009193,1,boleto,4,162.02
ORD0009194,1,debit_card,6,156.68
ORD0009195,1,voucher,6,184.3
ORD0009196,1,voucher,7,169.68
ORD0009197,1,boleto,2,247.52
ORD0009198,1,debit_card,6,65.0
ORD0009199,1,debit_card,2,411.89
ORD0009200,1,credit_card,5,44.31
ORD0009201,1,voucher,3,757.72
ORD0009202,1,voucher,11,60.88
ORD0009203,1,debit_card,7,39.9
ORD0009204,1,debit_card,10,53.23
ORD0009205,1,voucher,6,732.01
ORD0009206,1,voucher,5,393.24
ORD0009207,1,boleto,7,56.95
ORD0009208,1,boleto,1,310.86
ORD0009209,1,boleto,10,287.62
ORD0009210,1,credit_card,11,132.52
ORD0009211,1,boleto,1,493.84999999999997
ORD0009212,1,voucher,2,229.89
ORD0009213,1,voucher,9,385.9
ORD0009214,1,boleto,2,197.4
ORD0009215,1,credit_card,12,79.84
ORD0009216,1,voucher,1,446.56
ORD0009217,1,boleto,3,401.88
ORD0009218,1,boleto,1,290.14
ORD0009219,1,debit_card,11,387.16999999999996
ORD0009220,1,debit_card,3,477.14
ORD0009221,1,boleto,7,157.92
ORD0009222,1,voucher,7,70.34
ORD0009223,1,boleto,5,505.56999999999994
ORD0009224,1,voucher,1,937.7900000000001
ORD0009225,1,boleto,3,443.22
ORD0009226,1,boleto,1,157.74
ORD0009227,1,voucher,8,58.59
ORD0009228,1,voucher,2,222.45999999999998
ORD0009229,1,credit_card,7,689.06
ORD0009230,1,voucher,8,120.96000000000001
ORD0009231,1,boleto,3,53.14
ORD0009232,1,debit_card,12,37.02
ORD0009233,1,credit_card,3,195.76
ORD0009234,1,boleto,6,1135.21
ORD0009235,1,boleto,5,812.0500000000001
ORD0009236,1,voucher,4,342.8
ORD0009237,1,debit_card,12,400.16999999999996
ORD0009238,1,debit_card,1,48.16
ORD0009239,1,credit_card,2,420.57000000000005
ORD0009240,1,voucher,8,152.55
ORD0009241,1,credit_card,8,243.76
ORD0009242,1,voucher,2,321.68
ORD0009243,1,boleto,1,587.98
ORD0009244,1,debit_card,6,349.91
ORD0009245,1,debit_card,1,808.14
ORD0009246,1,voucher,2,69.28
ORD0009247,1,boleto,7,136.96
ORD0009248,1,voucher,7,151.38
ORD0009249,1,debit_card,12,83.81
ORD0009250,1,credit_card,12,1024.26
ORD0009251,1,boleto,11,381.58
ORD0009252,1,debit_card,3,17.53
ORD0009253,1,credit_card,1,257.92
ORD0009254,1,credit_card,9,74.19
ORD0009255,1,boleto,5,172.73000000000002
ORD0009256,1,boleto,7,516.52
ORD0009257,1,debit_card,11,334.73999999999995
ORD0009258,1,debit_card,10,47.57
ORD0009259,1,boleto,3,281.1
ORD0009260,1,credit_card,2,129.21
ORD0009261,1,credit_card,3,1369.71
ORD0009262,1,credit_card,3,1177.48
ORD0009263,1,voucher,4,199.2
ORD0009264,1,voucher,4,293.04
ORD0009265,1,debit_card,1,398.52
ORD0009266,1,credit_card,7,604.25
ORD0009267,1,credit_card,10,1173.19
ORD0009268,1,credit_card,3,778.12
ORD0009269,1,debit_card,1,286.82
ORD0009270,1,voucher,9,591.76
ORD0009271,1,voucher,4,148.13
ORD0009272,1,credit_card,10,328.61
ORD0009273,1,voucher,4,501.84999999999997
ORD0009274,1,credit_card,12,128.1
ORD0009275,1,boleto,4,117.62
ORD0009276,1,boleto,7,62.41
ORD0009277,1,credit_card,5,105.06
ORD0009278,1,debit_card,9,44.79
ORD0009279,1,boleto,5,143.28
ORD0009280,1,boleto,10,19.58
ORD0009281,1,voucher,9,399.75
ORD0009282,1,boleto,8,132.68
ORD0009283,1,credit_card,10,129.35
ORD0009284,1,debit_card,9,153.8
ORD0009285,1,credit_card,9,132.38
ORD0009286,1,boleto,6,167.14
ORD0009287,1,voucher,1,58.14
ORD0009288,1,credit_card,7,168.32
ORD0009289,1,voucher,10,432.15
ORD0009290,1,voucher,9,39.69
ORD0009291,1,debit_card,4,142.5
ORD0009292,1,voucher,1,25.72
ORD0009293,1,debit_card,6,98.58
ORD0009294,1,debit_card,5,547.2900000000001
ORD0009295,1,boleto,8,202.89
ORD0009296,1,credit_card,7,98.31
ORD0009297,1,voucher,4,474.44
ORD0009298,1,boleto,8,774.76
ORD0009299,1,debit_card,8,121.84
ORD0009300,1,debit_card,2,885.44
ORD0009301,1,credit_card,7,209.28
ORD0009302,1,voucher,2,196.68
ORD0009303,1,debit_card,4,71.49
ORD0009304,1,voucher,8,607.69
ORD0009305,1,debit_card,3,210.32
ORD0009306,1,voucher,6,123.35999999999999
ORD0009307,1,credit_card,3,181.84
ORD0009308,1,debit_card,12,113.6
ORD0009309,1,debit_card,11,41.87
ORD0009310,1,debit_card,2,205.32
ORD0009311,1,credit_card,2,610.96
ORD0009312,1,credit_card,3,43.31
ORD0009313,1,debit_card,8,292.97
ORD0009314,1,voucher,10,43.56
ORD0009315,1,debit_card,10,799.3000000000001
ORD0009316,1,voucher,7,446.59999999999997
ORD0009317,1,voucher,4,310.33
ORD0009318,1,boleto,9,289.36
ORD0009319,1,boleto,4,690.3499999999999
ORD0009320,1,boleto,6,183.26
ORD0009321,1,debit_card,1,394.51
ORD0009322,1,credit_card,12,227.8
ORD0009323,1,credit_card,5,238.48000000000002
ORD0009324,1,credit_card,4,1241.04
ORD0009325,1,voucher,12,548.25
ORD0009326,1,voucher,1,527.48
ORD0009327,1,debit_card,7,90.0
ORD0009328,1,credit_card,6,452.04
ORD0009329,1,debit_card,3,270.1
ORD0009330,1,debit_card,3,234.65
ORD0009331,1,voucher,9,328.33000000000004
ORD0009332,1,voucher,6,94.04
ORD0009333,1,credit_card,11,337.40000000000003
ORD0009334,1,boleto,9,314.21000000000004
ORD0009335,1,credit_card,12,169.41
ORD0009336,1,debit_card,2,1086.12
ORD0009337,1,boleto,10,556.63
ORD0009338,1,voucher,11,81.69
ORD0009339,1,voucher,12,42.0
ORD0009340,1,debit_card,8,722.9699999999999
ORD0009341,1,boleto,4,693.92
ORD0009342,1,debit_card,11,270.85
ORD0009343,1,credit_card,11,60.92
ORD0009344,1,voucher,11,16.01
ORD0009345,1,boleto,10,502.15000000000003
ORD0009346,1,credit_card,12,180.33
ORD0009347,1,debit_card,11,137.48
ORD0009348,1,debit_card,10,532.03
ORD0009349,1,boleto,11,203.67000000000002
ORD0009350,1,debit_card,8,81.0
ORD0009351,1,debit_card,6,311.8
ORD0009352,1,debit_card,4,261.2
ORD0009353,1,credit_card,11,1291.44
ORD0009354,1,debit_card,1,287.42
ORD0009355,1,boleto,4,182.75
ORD0009356,1,credit_card,2,202.96
ORD0009357,1,voucher,3,1444.58
ORD0009358,1,credit_card,6,349.95
ORD0009359,1,boleto,10,342.78
ORD0009360,1,voucher,12,335.95
ORD0009361,1,voucher,3,137.12
ORD0009362,1,voucher,5,43.43
ORD0009363,1,debit_card,11,74.85
ORD0009364,1,debit_card,1,735.32
ORD0009365,1,credit_card,4,246.44
ORD0009366,1,debit_card,2,539.13
ORD0009367,1,debit_card,4,259.68
ORD0009368,1,credit_card,5,162.89
ORD0009369,1,debit_card,11,123.34
ORD0009370,1,voucher,2,125.28
ORD0009371,1,credit_card,12,307.90999999999997
ORD0009372,1,credit_card,8,484.08
ORD0009373,1,voucher,12,118.94
ORD0009374,1,credit_card,12,154.69
ORD0009375,1,credit_card,7,547.71
ORD0009376,1,debit_card,4,78.55
ORD0009377,1,credit_card,9,73.2
ORD0009378,1,voucher,5,123.42
ORD0009379,1,credit_card,2,56.59
ORD0009380,1,debit_card,6,122.62
ORD0009381,1,credit_card,10,49.52
ORD0009382,1,boleto,10,174.65
ORD0009383,1,debit_card,3,82.86
ORD0009384,1,boleto,8,548.24
ORD0009385,1,credit_card,2,1142.92
ORD0009386,1,credit_card,5,147.68
ORD0009387,1,voucher,4,42.42
ORD0009388,1,voucher,11,50.53
ORD0009389,1,credit_card,4,691.8000000000001
ORD0009390,1,debit_card,5,180.18
ORD0009391,1,debit_card,6,182.52
ORD0009392,1,credit_card,5,408.32
ORD0009393,1,voucher,5,88.7
ORD0009394,1,debit_card,12,189.58
ORD0009395,1,debit_card,6,23.3
ORD0009396,1,credit_card,5,82.52
ORD0009397,1,voucher,5,334.86
ORD0009398,1,boleto,7,406.34000000000003
ORD0009399,1,credit_card,8,126.82
ORD0009400,1,debit_card,5,254.1
ORD0009401,1,boleto,8,951.54
ORD0009402,1,voucher,7,673.52
ORD0009403,1,boleto,7,72.02
ORD0009404,1,debit_card,7,733.88
ORD0009405,1,voucher,2,123.86
ORD0009406,1,credit_card,9,101.7
ORD0009407,1,boleto,11,182.23
ORD0009408,1,boleto,11,86.14
ORD0009409,1,debit_card,8,171.78
ORD0009410,1,debit_card,12,95.69999999999999
ORD0009411,1,boleto,9,249.64
ORD0009412,1,credit_card,11,132.94
ORD0009413,1,voucher,5,66.26
ORD0009414,1,credit_card,12,309.54
ORD0009415,1,voucher,6,22.88
ORD0009416,1,voucher,3,609.5999999999999
ORD0009417,1,credit_card,1,55.07
ORD0009418,1,boleto,9,65.62
ORD0009419,1,credit_card,2,266.90999999999997
ORD0009420,1,boleto,8,231.12
ORD0009421,1,boleto,6,532.63
ORD0009422,1,debit_card,11,213.68
ORD0009423,1,credit_card,9,1533.6599999999999
ORD0009424,1,boleto,4,220.68
ORD0009425,1,credit_card,10,552.86
ORD0009426,1,debit_card,8,406.75
ORD0009427,1,boleto,5,90.56
ORD0009428,1,boleto,3,28.28
ORD0009429,1,boleto,1,489.90999999999997
ORD0009430,1,voucher,10,661.74
ORD0009431,1,debit_card,11,562.55
ORD0009432,1,voucher,9,154.56
ORD0009433,1,voucher,2,147.61
ORD0009434,1,credit_card,12,299.83000000000004
ORD0009435,1,debit_card,2,248.72
ORD0009436,1,debit_card,1,82.31
ORD0009437,1,debit_card,10,85.5
ORD0009438,1,debit_card,4,269.58
ORD0009439,1,credit_card,5,97.9
ORD0009440,1,debit_card,2,259.95000000000005
ORD0009441,1,debit_card,6,379.92999999999995
ORD0009442,1,boleto,1,112.6
ORD0009443,1,credit_card,3,92.31
ORD0009444,1,voucher,2,256.48
ORD0009445,1,credit_card,12,136.12
ORD0009446,1,debit_card,2,516.34
ORD0009447,1,voucher,8,982.62
ORD0009448,1,voucher,2,600.1800000000001
ORD0009449,1,boleto,11,97.6
ORD0009450,1,credit_card,10,587.8499999999999
ORD0009451,1,boleto,8,121.11
ORD0009452,1,voucher,10,148.0
ORD0009453,1,debit_card,2,283.76
ORD0009454,1,boleto,4,1259.25
ORD0009455,1,credit_card,4,74.76
ORD0009456,1,debit_card,4,771.8
ORD0009457,1,credit_card,1,359.82
ORD0009458,1,debit_card,7,171.22
ORD0009459,1,voucher,10,798.02
ORD0009460,1,credit_card,10,354.52
ORD0009461,1,voucher,12,185.36
ORD0009462,1,debit_card,3,430.8
ORD0009463,1,boleto,5,42.82
ORD0009464,1,voucher,12,30.16
ORD0009465,1,voucher,9,121.98
ORD0009466,1,boleto,6,256.48
ORD0009467,1,credit_card,2,98.63
ORD0009468,1,debit_card,8,197.98000000000002
ORD0009469,1,credit_card,5,327.27
ORD0009470,1,voucher,2,216.39
ORD0009471,1,boleto,1,244.75
ORD0009472,1,voucher,8,68.32
ORD0009473,1,voucher,3,224.28
ORD0009474,1,boleto,1,187.24
ORD0009475,1,debit_card,10,156.37
ORD0009476,1,credit_card,5,167.66000000000003
ORD0009477,1,debit_card,3,70.58
ORD0009478,1,debit_card,2,55.22
ORD0009479,1,boleto,9,1283.92
ORD0009480,1,boleto,10,29.93
ORD0009481,1,debit_card,6,1619.85
ORD0009482,1,credit_card,5,472.92
ORD0009483,1,debit_card,5,337.95000000000005
ORD0009484,1,boleto,4,251.06
ORD0009485,1,credit_card,11,155.02
ORD0009486,1,credit_card,8,323.55
ORD0009487,1,boleto,9,148.55
ORD0009488,1,voucher,3,38.05
ORD0009489,1,credit_card,11,263.6
ORD0009490,1,voucher,3,62.65
ORD0009491,1,credit_card,9,209.07
ORD0009492,1,debit_card,6,33.64
ORD0009493,1,credit_card,2,582.2
ORD0009494,1,credit_card,11,60.3
ORD0009495,1,credit_card,9,101.97
ORD0009496,1,debit_card,3,75.62
ORD0009497,1,voucher,3,43.52
ORD0009498,1,voucher,12,932.76
ORD0009499,1,voucher,3,975.1999999999999
ORD0009500,1,debit_card,6,584.94
ORD0009501,1,debit_card,3,406.32000000000005
ORD0009502,1,credit_card,12,46.63
ORD0009503,1,debit_card,7,90.99
ORD0009504,1,credit_card,3,692.3000000000001
ORD0009505,1,voucher,12,396.87
ORD0009506,1,credit_card,6,66.53999999999999
ORD0009507,1,voucher,8,277.36
ORD0009508,1,boleto,1,52.22
ORD0009509,1,credit_card,7,302.17
ORD0009510,1,voucher,2,57.76
ORD0009511,1,boleto,11,479.83000000000004
ORD0009512,1,voucher,9,276.92
ORD0009513,1,voucher,8,74.0
ORD0009514,1,debit_card,2,93.63
ORD0009515,1,debit_card,8,434.79
ORD0009516,1,boleto,4,178.05
ORD0009517,1,debit_card,2,69.76
ORD0009518,1,boleto,12,165.82
ORD0009519,1,voucher,3,63.28
ORD0009520,1,boleto,4,186.98
ORD0009521,1,boleto,2,293.36
ORD0009522,1,credit_card,11,124.84
ORD0009523,1,credit_card,5,290.16
ORD0009524,1,credit_card,4,657.42
ORD0009525,1,credit_card,12,738.8399999999999
ORD0009526,1,boleto,6,559.94
ORD0009527,1,boleto,9,1526.3600000000001
ORD0009528,1,voucher,5,186.82
ORD0009529,1,credit_card,2,95.07000000000001
ORD0009530,1,credit_card,6,955.5500000000001
ORD0009531,1,debit_card,5,70.94
ORD0009532,1,debit_card,12,289.51
ORD0009533,1,credit_card,12,360.34000000000003
ORD0009534,1,credit_card,8,171.61
ORD0009535,1,voucher,6,58.97
ORD0009536,1,debit_card,4,33.21
ORD0009537,1,credit_card,12,197.54
ORD0009538,1,voucher,3,138.44
ORD0009539,1,boleto,5,356.59999999999997
ORD0009540,1,debit_card,5,407.01
ORD0009541,1,debit_card,6,160.85000000000002
ORD0009542,1,voucher,12,117.38
ORD0009543,1,credit_card,2,137.31
ORD0009544,1,credit_card,6,219.3
ORD0009545,1,credit_card,1,303.74
ORD0009546,1,debit_card,5,1261.56
ORD0009547,1,credit_card,5,263.85
ORD0009548,1,debit_card,12,97.89
ORD0009549,1,credit_card,9,375.68
ORD0009550,1,boleto,1,90.06
ORD0009551,1,boleto,8,33.58
ORD0009552,1,debit_card,12,20.27
ORD0009553,1,credit_card,8,229.88
ORD0009554,1,debit_card,6,780.98
ORD0009555,1,voucher,3,486.92
ORD0009556,1,credit_card,8,123.56
ORD0009557,1,credit_card,9,632.99
ORD0009558,1,voucher,4,233.52
ORD0009559,1,voucher,11,911.78
ORD0009560,1,voucher,11,196.29
ORD0009561,1,boleto,6,157.7
ORD0009562,1,boleto,4,271.27
ORD0009563,1,voucher,7,42.11
ORD0009564,1,debit_card,12,268.35
ORD0009565,1,credit_card,10,88.52
ORD0009566,1,debit_card,1,81.24
ORD0009567,1,debit_card,10,161.44
ORD0009568,1,boleto,3,81.62
ORD0009569,1,credit_card,1,291.51
ORD0009570,1,debit_card,6,200.84
ORD0009571,1,voucher,10,70.94
ORD0009572,1,debit_card,9,16.82
ORD0009573,1,voucher,8,1074.99
ORD0009574,1,voucher,7,623.58
ORD0009575,1,credit_card,3,126.82
ORD0009576,1,debit_card,2,877.06
ORD0009577,1,boleto,12,183.25
ORD0009578,1,debit_card,8,1265.21
ORD0009579,1,credit_card,10,444.08
ORD0009580,1,debit_card,8,155.8
ORD0009581,1,debit_card,7,428.65999999999997
ORD0009582,1,boleto,5,255.75
ORD0009583,1,debit_card,2,387.32
ORD0009584,1,debit_card,4,33.23
ORD0009585,1,debit_card,6,172.28
ORD0009586,1,credit_card,8,137.49
ORD0009587,1,boleto,2,372.36
ORD0009588,1,boleto,6,1200.46
ORD0009589,1,voucher,3,270.65999999999997
ORD0009590,1,boleto,6,304.4
ORD0009591,1,debit_card,3,153.51
ORD0009592,1,boleto,3,1068.38
ORD0009593,1,credit_card,3,192.0
ORD0009594,1,debit_card,1,170.55
ORD0009595,1,boleto,9,216.06
ORD0009596,1,debit_card,2,145.32
ORD0009597,1,credit_card,5,32.82
ORD0009598,1,credit_card,10,56.34
ORD0009599,1,credit_card,11,40.32
ORD0009600,1,credit_card,5,46.13
ORD0009601,1,debit_card,2,112.28999999999999
ORD0009602,1,debit_card,7,519.58
ORD0009603,1,voucher,11,238.69
ORD0009604,1,debit_card,6,855.38
ORD0009605,1,debit_card,4,324.2
ORD0009606,1,credit_card,4,1033.91
ORD0009607,1,boleto,11,312.29
ORD0009608,1,credit_card,10,152.52
ORD0009609,1,debit_card,12,774.43
ORD0009610,1,debit_card,7,515.58
ORD0009611,1,voucher,10,537.65
ORD0009612,1,debit_card,9,310.26
ORD0009613,1,credit_card,11,547.6800000000001
ORD0009614,1,debit_card,7,148.41
ORD0009615,1,voucher,8,136.23
ORD0009616,1,voucher,3,225.0
ORD0009617,1,credit_card,10,149.32
ORD0009618,1,voucher,1,53.19
ORD0009619,1,voucher,2,303.19
ORD0009620,1,credit_card,1,237.87
ORD0009621,1,boleto,10,369.78000000000003
ORD0009622,1,debit_card,6,663.31
ORD0009623,1,credit_card,7,32.94
ORD0009624,1,debit_card,3,225.48
ORD0009625,1,voucher,11,1143.1000000000001
ORD0009626,1,debit_card,2,1161.01
ORD0009627,1,credit_card,4,84.19
ORD0009628,1,credit_card,4,531.6500000000001
ORD0009629,1,voucher,9,1707.47
ORD0009630,1,boleto,2,102.29
ORD0009631,1,credit_card,2,53.54
ORD0009632,1,debit_card,8,296.33
ORD0009633,1,credit_card,2,339.64
ORD0009634,1,boleto,11,35.97
ORD0009635,1,voucher,10,135.8
ORD0009636,1,voucher,4,200.73
ORD0009637,1,voucher,9,404.8
ORD0009638,1,voucher,3,1412.8
ORD0009639,1,debit_card,5,666.39
ORD0009640,1,boleto,5,278.64
ORD0009641,1,voucher,4,130.27
ORD0009642,1,boleto,7,448.48
ORD0009643,1,boleto,12,594.0500000000001
ORD0009644,1,voucher,8,140.38
ORD0009645,1,boleto,10,878.6
ORD0009646,1,voucher,1,214.06
ORD0009647,1,credit_card,9,74.1
ORD0009648,1,credit_card,10,1026.5900000000001
ORD0009649,1,voucher,9,42.06
ORD0009650,1,credit_card,5,219.82
ORD0009651,1,debit_card,2,207.9
ORD0009652,1,boleto,3,240.62
ORD0009653,1,credit_card,1,25.62
ORD0009654,1,voucher,12,1266.0300000000002
ORD0009655,1,voucher,10,465.53
ORD0009656,1,boleto,9,1680.58
ORD0009657,1,credit_card,12,172.3
ORD0009658,1,credit_card,5,99.63
ORD0009659,1,boleto,10,213.28
ORD0009660,1,boleto,4,118.4
ORD0009661,1,debit_card,10,80.92
ORD0009662,1,credit_card,9,117.62
ORD0009663,1,debit_card,9,65.08
ORD0009664,1,voucher,5,75.03999999999999
ORD0009665,1,debit_card,9,1885.17
ORD0009666,1,debit_card,1,146.46
ORD0009667,1,boleto,6,329.36
ORD0009668,1,credit_card,9,497.27
ORD0009669,1,voucher,4,380.87
ORD0009670,1,credit_card,4,325.56
ORD0009671,1,debit_card,4,523.87
ORD0009672,1,credit_card,2,433.08
ORD0009673,1,credit_card,6,306.34
ORD0009674,1,credit_card,9,39.64
ORD0009675,1,credit_card,7,469.35
ORD0009676,1,debit_card,1,1532.56
ORD0009677,1,credit_card,9,38.76
ORD0009678,1,debit_card,5,134.66
ORD0009679,1,debit_card,12,136.86
ORD0009680,1,debit_card,6,101.66
ORD0009681,1,voucher,4,64.8
ORD0009682,1,boleto,10,56.49
ORD0009683,1,voucher,12,35.89
ORD0009684,1,debit_card,4,381.94
ORD0009685,1,voucher,11,594.5699999999999
ORD0009686,1,boleto,9,70.86
ORD0009687,1,debit_card,6,285.90000000000003
ORD0009688,1,debit_card,11,74.0
ORD0009689,1,debit_card,12,799.3
ORD0009690,1,boleto,1,304.72
ORD0009691,1,debit_card,11,38.98
ORD0009692,1,voucher,1,41.76
ORD0009693,1,boleto,10,149.81
ORD0009694,1,debit_card,8,597.63
ORD0009695,1,voucher,9,322.12
ORD0009696,1,credit_card,9,132.74
ORD0009697,1,debit_card,7,143.8
ORD0009698,1,boleto,4,172.47
ORD0009699,1,voucher,9,134.8
ORD0009700,1,debit_card,7,27.53
ORD0009701,1,boleto,2,84.39
ORD0009702,1,voucher,3,775.18
ORD0009703,1,credit_card,2,606.64
ORD0009704,1,voucher,3,121.27000000000001
ORD0009705,1,voucher,11,573.64
ORD0009706,1,debit_card,4,166.22000000000003
ORD0009707,1,voucher,5,192.95
ORD0009708,1,credit_card,5,354.8
ORD0009709,1,voucher,7,215.79000000000002
ORD0009710,1,debit_card,11,43.22
ORD0009711,1,voucher,11,341.53999999999996
ORD0009712,1,boleto,5,159.68
ORD0009713,1,voucher,10,269.96
ORD0009714,1,voucher,10,191.73
ORD0009715,1,boleto,8,313.12
ORD0009716,1,boleto,12,153.9
ORD0009717,1,debit_card,5,67.03
ORD0009718,1,voucher,5,142.23
ORD0009719,1,voucher,8,233.85000000000002
ORD0009720,1,debit_card,2,205.35999999999999
ORD0009721,1,boleto,1,145.9
ORD0009722,1,credit_card,3,561.1
ORD0009723,1,voucher,9,282.86
ORD0009724,1,credit_card,2,365.77
ORD0009725,1,credit_card,7,240.73
ORD0009726,1,credit_card,8,722.92
ORD0009727,1,voucher,4,1124.6
ORD0009728,1,debit_card,5,164.46
ORD0009729,1,debit_card,4,28.48
ORD0009730,1,credit_card,7,450.4
ORD0009731,1,boleto,10,121.38
ORD0009732,1,boleto,1,246.15
ORD0009733,1,debit_card,10,122.91999999999999
ORD0009734,1,debit_card,12,357.07
ORD0009735,1,voucher,2,290.16
ORD0009736,1,credit_card,3,476.50000000000006
ORD0009737,1,debit_card,8,49.28
ORD0009738,1,credit_card,5,27.74
ORD0009739,1,credit_card,10,139.3
ORD0009740,1,credit_card,6,435.88
ORD0009741,1,voucher,8,72.39
ORD0009742,1,boleto,6,140.97
ORD0009743,1,boleto,12,85.44
ORD0009744,1,voucher,1,97.15
ORD0009745,1,boleto,2,88.76
ORD0009746,1,boleto,9,182.56
ORD0009747,1,voucher,11,427.92
ORD0009748,1,voucher,11,227.84
ORD0009749,1,voucher,12,109.69
ORD0009750,1,credit_card,12,243.68
ORD0009751,1,credit_card,9,77.22
ORD0009752,1,debit_card,4,64.63
ORD0009753,1,debit_card,6,165.63
ORD0009754,1,voucher,1,39.69
ORD0009755,1,boleto,9,147.55
ORD0009756,1,boleto,3,89.1
ORD0009757,1,boleto,9,35.47
ORD0009758,1,debit_card,9,99.69
ORD0009759,1,debit_card,10,146.85000000000002
ORD0009760,1,voucher,12,260.22
ORD0009761,1,debit_card,9,107.86
ORD0009762,1,voucher,10,59.730000000000004
ORD0009763,1,boleto,8,53.18
ORD0009764,1,debit_card,9,35.14
ORD0009765,1,voucher,11,94.92
ORD0009766,1,voucher,6,568.92
ORD0009767,1,voucher,1,46.7
ORD0009768,1,boleto,3,288.67
ORD0009769,1,debit_card,1,59.4
ORD0009770,1,credit_card,3,855.1999999999999
ORD0009771,1,credit_card,12,261.66
ORD0009772,1,boleto,8,438.09000000000003
ORD0009773,1,credit_card,7,264.96
ORD0009774,1,credit_card,11,1329.9499999999998
ORD0009775,1,credit_card,11,453.36
ORD0009776,1,credit_card,3,243.70000000000002
ORD0009777,1,voucher,8,159.69
ORD0009778,1,credit_card,5,75.85
ORD0009779,1,credit_card,11,532.8
ORD0009780,1,debit_card,5,97.92
ORD0009781,1,credit_card,7,520.2
ORD0009782,1,boleto,10,383.68
ORD0009783,1,debit_card,11,862.58
ORD0009784,1,voucher,2,231.57
ORD0009785,1,boleto,4,233.28
ORD0009786,1,debit_card,4,263.5
ORD0009787,1,debit_card,12,43.08
ORD0009788,1,credit_card,9,1333.5
ORD0009789,1,voucher,7,63.17
ORD0009790,1,voucher,4,144.95
ORD0009791,1,voucher,5,1974.97
ORD0009792,1,credit_card,6,224.71
ORD0009793,1,voucher,12,123.26
ORD0009794,1,credit_card,3,361.04
ORD0009795,1,voucher,5,97.92
ORD0009796,1,credit_card,3,83.46000000000001
ORD0009797,1,credit_card,11,662.79
ORD0009798,1,boleto,11,91.6
ORD0009799,1,debit_card,3,226.58
ORD0009800,1,debit_card,9,859.3000000000001
ORD0009801,1,boleto,5,118.61
ORD0009802,1,credit_card,6,112.77
ORD0009803,1,credit_card,2,292.3
ORD0009804,1,voucher,9,1180.65
ORD0009805,1,voucher,9,526.41
ORD0009806,1,debit_card,12,411.32
ORD0009807,1,boleto,11,364.7
ORD0009808,1,credit_card,8,376.03
ORD0009809,1,boleto,2,1034.99
ORD0009810,1,credit_card,1,1285.0500000000002
ORD0009811,1,voucher,2,955.36
ORD0009812,1,debit_card,7,167.12
ORD0009813,1,boleto,2,282.52
ORD0009814,1,debit_card,3,308.21999999999997
ORD0009815,1,boleto,5,25.24
ORD0009816,1,boleto,2,178.88
ORD0009817,1,boleto,2,468.12
ORD0009818,1,voucher,6,1218.83
ORD0009819,1,credit_card,4,182.56
ORD0009820,1,credit_card,4,305.4
ORD0009821,1,voucher,3,595.99
ORD0009822,1,boleto,12,516.92
ORD0009823,1,debit_card,10,2056.69
ORD0009824,1,debit_card,12,684.6899999999999
ORD0009825,1,boleto,10,358.65
ORD0009826,1,boleto,6,123.82
ORD0009827,1,debit_card,11,581.76
ORD0009828,1,credit_card,10,844.72
ORD0009829,1,debit_card,1,500.52
ORD0009830,1,voucher,10,268.6
ORD0009831,1,debit_card,4,78.78
ORD0009832,1,debit_card,7,109.89
ORD0009833,1,boleto,3,714.61
ORD0009834,1,voucher,12,272.51
ORD0009835,1,boleto,8,203.52
ORD0009836,1,boleto,9,284.15999999999997
ORD0009837,1,boleto,10,52.59
ORD0009838,1,debit_card,8,84.2
ORD0009839,1,credit_card,2,94.04
ORD0009840,1,credit_card,9,24.76
ORD0009841,1,debit_card,11,687.44
ORD0009842,1,boleto,3,45.99
ORD0009843,1,voucher,3,171.02
ORD0009844,1,voucher,11,357.04
ORD0009845,1,voucher,8,167.62
ORD0009846,1,credit_card,2,340.77
ORD0009847,1,boleto,11,250.62
ORD0009848,1,boleto,3,301.72
ORD0009849,1,credit_card,1,56.98
ORD0009850,1,boleto,11,723.72
ORD0009851,1,debit_card,3,614.78
ORD0009852,1,credit_card,9,99.39000000000001
ORD0009853,1,voucher,3,37.35
ORD0009854,1,credit_card,9,459.78
ORD0009855,1,credit_card,10,1270.6100000000001
ORD0009856,1,debit_card,8,106.64
ORD0009857,1,credit_card,11,152.55
ORD0009858,1,boleto,4,264.08
ORD0009859,1,credit_card,6,229.3
ORD0009860,1,debit_card,2,504.56000000000006
ORD0009861,1,voucher,8,160.10999999999999
ORD0009862,1,debit_card,9,154.45000000000002
ORD0009863,1,voucher,12,128.57999999999998
ORD0009864,1,boleto,4,137.25
ORD0009865,1,voucher,7,442.46
ORD0009866,1,boleto,12,432.11
ORD0009867,1,voucher,10,361.92
ORD0009868,1,voucher,6,259.38
ORD0009869,1,boleto,8,555.9000000000001
ORD0009870,1,credit_card,7,1650.71
ORD0009871,1,boleto,12,620.52
ORD0009872,1,credit_card,9,1166.7
ORD0009873,1,debit_card,3,328.9
ORD0009874,1,voucher,1,39.44
ORD0009875,1,credit_card,12,1090.49
ORD0009876,1,boleto,8,293.5
ORD0009877,1,credit_card,1,830.86
ORD0009878,1,boleto,12,194.32
ORD0009879,1,voucher,7,168.4
ORD0009880,1,voucher,12,157.1
ORD0009881,1,credit_card,6,44.46
ORD0009882,1,debit_card,6,328.64
ORD0009883,1,boleto,7,342.0
ORD0009884,1,boleto,10,56.95
ORD0009885,1,credit_card,10,66.04
ORD0009886,1,boleto,8,570.3499999999999
ORD0009887,1,voucher,5,53.19
ORD0009888,1,voucher,12,116.78
ORD0009889,1,debit_card,2,265.9
ORD0009890,1,boleto,8,198.35000000000002
ORD0009891,1,debit_card,5,200.53
ORD0009892,1,credit_card,1,1901.33
ORD0009893,1,voucher,12,411.01
ORD0009894,1,credit_card,8,50.74
ORD0009895,1,boleto,5,257.78999999999996
ORD0009896,1,credit_card,4,444.96
ORD0009897,1,boleto,6,143.94
ORD0009898,1,voucher,7,289.03999999999996
ORD0009899,1,debit_card,1,22.82
ORD0009900,1,boleto,10,373.29
ORD0009901,1,debit_card,9,149.37
ORD0009902,1,credit_card,8,89.46
ORD0009903,1,credit_card,7,17.51
ORD0009904,1,debit_card,7,53.68
ORD0009905,1,credit_card,1,77.62
ORD0009906,1,debit_card,9,347.86
ORD0009907,1,boleto,2,465.91
ORD0009908,1,debit_card,4,409.32
ORD0009909,1,boleto,6,930.57
ORD0009910,1,boleto,2,2212.11
ORD0009911,1,debit_card,9,194.85
ORD0009912,1,debit_card,10,168.1
ORD0009913,1,debit_card,6,691.92
ORD0009914,1,debit_card,10,31.21
ORD0009915,1,debit_card,7,60.3
ORD0009916,1,voucher,3,417.87
ORD0009917,1,debit_card,5,77.12
ORD0009918,1,boleto,4,181.04
ORD0009919,1,voucher,6,483.38
ORD0009920,1,credit_card,4,136.05
ORD0009921,1,voucher,2,367.25
ORD0009922,1,voucher,9,233.48
ORD0009923,1,boleto,8,346.98
ORD0009924,1,debit_card,12,897.5
ORD0009925,1,boleto,12,29.86
ORD0009926,1,debit_card,12,506.68
ORD0009927,1,debit_card,9,68.0
ORD0009928,1,debit_card,4,405.78
ORD0009929,1,debit_card,8,501.26
ORD0009930,1,debit_card,9,132.26
ORD0009931,1,voucher,9,590.9
ORD0009932,1,boleto,1,386.88
ORD0009933,1,debit_card,12,92.99
ORD0009934,1,credit_card,3,578.72
ORD0009935,1,voucher,7,17.97
ORD0009936,1,credit_card,5,89.76
ORD0009937,1,debit_card,5,121.86
ORD0009938,1,voucher,5,1313.8
ORD0009939,1,credit_card,9,279.95000000000005
ORD0009940,1,boleto,6,332.61999999999995
ORD0009941,1,debit_card,6,422.26
ORD0009942,1,voucher,4,528.5
ORD0009943,1,boleto,11,186.82
ORD0009944,1,credit_card,4,31.02
ORD0009945,1,voucher,9,531.1
ORD0009946,1,debit_card,10,296.82
ORD0009947,1,credit_card,4,247.56
ORD0009948,1,voucher,5,107.04
ORD0009949,1,boleto,2,298.74
ORD0009950,1,credit_card,10,62.16
ORD0009951,1,debit_card,9,584.0999999999999
ORD0009952,1,voucher,10,160.72
ORD0009953,1,voucher,7,83.5
ORD0009954,1,debit_card,12,267.87
ORD0009955,1,voucher,8,225.31
ORD0009956,1,voucher,5,182.69
ORD0009957,1,credit_card,7,662.0699999999999
ORD0009958,1,voucher,10,59.99
ORD0009959,1,debit_card,4,517.16
ORD0009960,1,credit_card,10,29.64
ORD0009961,1,debit_card,7,97.87
ORD0009962,1,boleto,3,223.93
ORD0009963,1,credit_card,9,333.24
ORD0009964,1,boleto,7,361.98
ORD0009965,1,debit_card,9,184.42000000000002
ORD0009966,1,voucher,11,2753.12
ORD0009967,1,debit_card,4,258.7
ORD0009968,1,voucher,4,27.25
ORD0009969,1,voucher,7,87.89
ORD0009970,1,credit_card,1,86.15
ORD0009971,1,boleto,7,116.41
ORD0009972,1,debit_card,9,297.99
ORD0009973,1,credit_card,4,306.13
ORD0009974,1,credit_card,4,731.28
ORD0009975,1,credit_card,12,573.62
ORD0009976,1,debit_card,12,3215.94
ORD0009977,1,boleto,9,266.02
ORD0009978,1,debit_card,1,550.0699999999999
ORD0009979,1,boleto,5,226.76000000000002
ORD0009980,1,credit_card,6,132.14
ORD0009981,1,boleto,9,40.75
ORD0009982,1,debit_card,3,369.13
ORD0009983,1,debit_card,12,239.96
ORD0009984,1,boleto,12,306.20000000000005
ORD0009985,1,voucher,3,321.19
ORD0009986,1,boleto,12,346.71999999999997
ORD0009987,1,credit_card,7,259.79
ORD0009988,1,debit_card,4,1590.09
ORD0009989,1,debit_card,6,85.7
ORD0009990,1,credit_card,6,268.78999999999996
ORD0009991,1,boleto,4,58.06
ORD0009992,1,credit_card,3,295.48
ORD0009993,1,boleto,8,77.28
ORD0009994,1,credit_card,7,140.46
ORD0009995,1,credit_card,12,302.26
ORD0009996,1,credit_card,4,314.85
ORD0009997,1,debit_card,9,104.89
ORD0009998,1,voucher,7,1268.58
ORD0009999,1,boleto,2,116.64
ORD0010000,1,debit_card,7,273.14
ORD0010001,1,debit_card,4,32.07
ORD0010002,1,debit_card,10,359.32
ORD0010003,1,boleto,12,141.27
ORD0010004,1,debit_card,8,141.7
ORD0010005,1,credit_card,5,169.18
ORD0010006,1,boleto,2,143.8
ORD0010007,1,debit_card,9,168.87
ORD0010008,1,voucher,12,73.5
ORD0010009,1,debit_card,4,215.87
ORD0010010,1,voucher,7,283.22
ORD0010011,1,debit_card,4,147.51
ORD0010012,1,credit_card,7,200.75
ORD0010013,1,boleto,11,41.12
ORD0010014,1,voucher,4,1862.12
ORD0010015,1,boleto,10,364.28
ORD0010016,1,voucher,8,69.69
ORD0010017,1,voucher,4,228.85000000000002
ORD0010018,1,credit_card,3,914.12
ORD0010019,1,credit_card,5,72.95
ORD0010020,1,voucher,6,477.38
ORD0010021,1,credit_card,3,110.0
ORD0010022,1,boleto,12,332.58
ORD0010023,1,voucher,7,375.9
ORD0010024,1,boleto,3,88.82
ORD0010025,1,voucher,4,465.18000000000006
ORD0010026,1,debit_card,9,195.85
ORD0010027,1,boleto,9,37.21
ORD0010028,1,boleto,1,43.29
ORD0010029,1,voucher,12,470.17
ORD0010030,1,voucher,9,481.13
ORD0010031,1,credit_card,12,3329.7
ORD0010032,1,voucher,11,443.23
ORD0010033,1,voucher,2,122.37
ORD0010034,1,voucher,9,22.67
ORD0010035,1,credit_card,11,433.58
ORD0010036,1,boleto,8,224.08
ORD0010037,1,voucher,8,74.93
ORD0010038,1,credit_card,11,127.68
ORD0010039,1,debit_card,1,138.05
ORD0010040,1,credit_card,5,101.8
ORD0010041,1,debit_card,6,882.15
ORD0010042,1,debit_card,8,1122.1799999999998
ORD0010043,1,credit_card,5,312.84000000000003
ORD0010044,1,voucher,9,28.34
ORD0010045,1,voucher,9,236.8
ORD0010046,1,debit_card,4,40.2
ORD0010047,1,debit_card,12,244.72
ORD0010048,1,credit_card,9,129.23
ORD0010049,1,debit_card,12,71.04
ORD0010050,1,credit_card,1,182.37
ORD0010051,1,voucher,12,1191.88
ORD0010052,1,voucher,10,180.46
ORD0010053,1,debit_card,10,60.06
ORD0010054,1,debit_card,9,91.52
ORD0010055,1,voucher,4,562.6600000000001
ORD0010056,1,boleto,5,139.9
ORD0010057,1,debit_card,7,101.07
ORD0010058,1,credit_card,6,227.11
ORD0010059,1,voucher,9,359.82
ORD0010060,1,boleto,1,280.76
ORD0010061,1,debit_card,8,84.34
ORD0010062,1,voucher,6,679.68
ORD0010063,1,debit_card,12,22.67
ORD0010064,1,voucher,7,39.44
ORD0010065,1,boleto,10,1866.06
ORD0010066,1,boleto,11,135.78
ORD0010067,1,credit_card,12,124.92
ORD0010068,1,debit_card,3,345.15
ORD0010069,1,credit_card,8,165.11
ORD0010070,1,boleto,7,189.18
ORD0010071,1,voucher,10,39.92
ORD0010072,1,voucher,7,281.03
ORD0010073,1,voucher,2,112.08
ORD0010074,1,credit_card,3,343.31
ORD0010075,1,debit_card,3,56.72
ORD0010076,1,credit_card,8,424.6
ORD0010077,1,debit_card,8,520.2
ORD0010078,1,debit_card,2,102.51
ORD0010079,1,debit_card,3,335.46
ORD0010080,1,credit_card,11,791.02
ORD0010081,1,credit_card,5,1060.6599999999999
ORD0010082,1,boleto,1,182.19
ORD0010083,1,debit_card,8,506.98
ORD0010084,1,debit_card,10,650.88
ORD0010085,1,boleto,12,217.98
ORD0010086,1,debit_card,2,58.36
ORD0010087,1,boleto,2,332.16
ORD0010088,1,debit_card,9,268.5
ORD0010089,1,boleto,7,376.96
ORD0010090,1,credit_card,6,179.08
ORD0010091,1,voucher,6,17.96
ORD0010092,1,debit_card,6,579.84
ORD0010093,1,boleto,1,142.95
ORD0010094,1,voucher,12,94.72
ORD0010095,1,debit_card,11,657.38
ORD0010096,1,credit_card,11,45.46
ORD0010097,1,voucher,2,24.0
ORD0010098,1,debit_card,11,113.44
ORD0010099,1,credit_card,2,33.12
ORD0010100,1,debit_card,4,978.98
ORD0010101,1,boleto,8,117.97
ORD0010102,1,voucher,6,444.97
ORD0010103,1,debit_card,5,271.93
ORD0010104,1,boleto,10,163.75
ORD0010105,1,voucher,8,79.18
ORD0010106,1,boleto,9,115.02
ORD0010107,1,credit_card,10,1417.3400000000001
ORD0010108,1,debit_card,4,1139.3
ORD0010109,1,boleto,8,86.14
ORD0010110,1,debit_card,6,111.94
ORD0010111,1,voucher,1,92.71000000000001
ORD0010112,1,boleto,7,58.51
ORD0010113,1,voucher,1,33.48
ORD0010114,1,debit_card,11,669.1800000000001
ORD0010115,1,boleto,6,86.65
ORD0010116,1,boleto,3,377.27
ORD0010117,1,credit_card,10,368.26
ORD0010118,1,boleto,6,523.08
ORD0010119,1,boleto,6,43.17
ORD0010120,1,voucher,1,346.06
ORD0010121,1,credit_card,4,446.3
ORD0010122,1,boleto,10,77.28
ORD0010123,1,voucher,2,610.3
ORD0010124,1,voucher,1,130.08
ORD0010125,1,voucher,12,163.9
ORD0010126,1,credit_card,8,84.65
ORD0010127,1,debit_card,9,309.33
ORD0010128,1,credit_card,8,429.83
ORD0010129,1,voucher,5,244.46
ORD0010130,1,credit_card,5,89.21
ORD0010131,1,credit_card,11,1444.8799999999999
ORD0010132,1,voucher,2,47.01
ORD0010133,1,voucher,8,436.90000000000003
ORD0010134,1,debit_card,7,80.52
ORD0010135,1,boleto,4,35.99
ORD0010136,1,credit_card,8,62.61
ORD0010137,1,debit_card,2,200.23
ORD0010138,1,credit_card,8,123.7
ORD0010139,1,debit_card,1,130.74
ORD0010140,1,boleto,12,82.45
ORD0010141,1,debit_card,3,118.94999999999999
ORD0010142,1,boleto,10,346.8
ORD0010143,1,voucher,9,52.62
ORD0010144,1,debit_card,11,291.79999999999995
ORD0010145,1,credit_card,10,654.09
ORD0010146,1,boleto,9,135.0
ORD0010147,1,debit_card,11,78.47
ORD0010148,1,boleto,3,182.89999999999998
ORD0010149,1,credit_card,12,341.16
ORD0010150,1,debit_card,7,564.9
ORD0010151,1,voucher,4,120.52
ORD0010152,1,voucher,1,117.14
ORD0010153,1,debit_card,2,186.55
ORD0010154,1,boleto,6,358.16
ORD0010155,1,debit_card,1,2172.1099999999997
ORD0010156,1,credit_card,11,77.52
ORD0010157,1,credit_card,6,423.81
ORD0010158,1,credit_card,3,70.04
ORD0010159,1,boleto,2,2714.4399999999996
ORD0010160,1,credit_card,12,246.98
ORD0010161,1,debit_card,2,560.01
ORD0010162,1,boleto,8,437.9
ORD0010163,1,credit_card,3,650.7099999999999
ORD0010164,1,credit_card,9,254.34
ORD0010165,1,voucher,7,508.46
ORD0010166,1,voucher,10,144.13
ORD0010167,1,credit_card,4,262.32
ORD0010168,1,boleto,2,258.7
ORD0010169,1,voucher,3,41.87
ORD0010170,1,voucher,7,1051.3400000000001
ORD0010171,1,boleto,3,458.39
ORD0010172,1,debit_card,6,639.87
ORD0010173,1,boleto,9,191.86
ORD0010174,1,voucher,5,21.41
ORD0010175,1,voucher,4,126.32
ORD0010176,1,debit_card,6,739.9300000000001
ORD0010177,1,debit_card,5,214.32
ORD0010178,1,voucher,8,335.32
ORD0010179,1,credit_card,9,56.47
ORD0010180,1,boleto,1,416.46999999999997
ORD0010181,1,credit_card,2,435.06
ORD0010182,1,voucher,1,39.06
ORD0010183,1,boleto,2,96.97999999999999
ORD0010184,1,credit_card,7,269.85
ORD0010185,1,credit_card,8,180.46
ORD0010186,1,boleto,9,116.02
ORD0010187,1,debit_card,2,559.1
ORD0010188,1,voucher,7,163.46
ORD0010189,1,boleto,3,282.15
ORD0010190,1,voucher,4,57.72
ORD0010191,1,voucher,3,106.89000000000001
ORD0010192,1,debit_card,11,429.90000000000003
ORD0010193,1,voucher,7,205.42999999999998
ORD0010194,1,debit_card,1,119.82
ORD0010195,1,debit_card,10,247.8
ORD0010196,1,credit_card,2,56.66
ORD0010197,1,voucher,1,119.5
ORD0010198,1,boleto,2,1815.56
ORD0010199,1,voucher,10,240.02
ORD0010200,1,debit_card,8,229.78
ORD0010201,1,debit_card,1,120.42
ORD0010202,1,boleto,12,79.88
ORD0010203,1,debit_card,12,213.56
ORD0010204,1,boleto,5,641.38
ORD0010205,1,credit_card,4,64.19999999999999
ORD0010206,1,voucher,4,334.6
ORD0010207,1,voucher,9,333.42
ORD0010208,1,voucher,10,51.25
ORD0010209,1,voucher,9,109.89
ORD0010210,1,credit_card,4,104.78
ORD0010211,1,debit_card,1,117.14
ORD0010212,1,boleto,1,31.42
ORD0010213,1,boleto,9,23.14
ORD0010214,1,debit_card,3,248.21999999999997
ORD0010215,1,credit_card,5,637.23
ORD0010216,1,boleto,12,323.4
ORD0010217,1,debit_card,5,659.2900000000001
ORD0010218,1,voucher,3,140.96
ORD0010219,1,boleto,4,65.14
ORD0010220,1,voucher,3,349.28
ORD0010221,1,boleto,9,1742.13
ORD0010222,1,credit_card,9,1911.26
ORD0010223,1,boleto,10,886.45
ORD0010224,1,boleto,7,70.94
ORD0010225,1,boleto,4,817.3000000000001
ORD0010226,1,debit_card,7,125.29
ORD0010227,1,voucher,9,126.2
ORD0010228,1,voucher,6,147.03
ORD0010229,1,boleto,11,69.66
ORD0010230,1,voucher,2,110.42
ORD0010231,1,boleto,5,229.47
ORD0010232,1,debit_card,9,378.94000000000005
ORD0010233,1,debit_card,4,119.31
ORD0010234,1,credit_card,10,714.87
ORD0010235,1,boleto,11,501.89
ORD0010236,1,debit_card,6,37.62
ORD0010237,1,voucher,2,544.6500000000001
ORD0010238,1,boleto,2,582.44
ORD0010239,1,boleto,7,168.32
ORD0010240,1,debit_card,9,97.88
ORD0010241,1,debit_card,3,527.96
ORD0010242,1,debit_card,8,30.63
ORD0010243,1,debit_card,2,264.81
ORD0010244,1,credit_card,9,492.52
ORD0010245,1,debit_card,10,147.09
ORD0010246,1,credit_card,7,201.0
ORD0010247,1,debit_card,9,1037.22
ORD0010248,1,debit_card,7,997.29
ORD0010249,1,debit_card,5,167.48
ORD0010250,1,boleto,8,33.05
ORD0010251,1,debit_card,4,71.97
ORD0010252,1,credit_card,8,135.02
ORD0010253,1,credit_card,10,352.58000000000004
ORD0010254,1,debit_card,11,970.5999999999999
ORD0010255,1,credit_card,10,469.7
ORD0010256,1,voucher,10,51.17
ORD0010257,1,debit_card,8,196.56
ORD0010258,1,credit_card,4,144.7
ORD0010259,1,debit_card,8,14.81
ORD0010260,1,boleto,10,594.0400000000001
ORD0010261,1,debit_card,8,955.74
ORD0010262,1,debit_card,9,33.02
ORD0010263,1,boleto,9,323.69
ORD0010264,1,voucher,4,1082.18
ORD0010265,1,credit_card,11,887.49
ORD0010266,1,debit_card,5,24.64
ORD0010267,1,boleto,9,265.68
ORD0010268,1,voucher,5,380.42
ORD0010269,1,voucher,4,148.10999999999999
ORD0010270,1,voucher,3,442.85
ORD0010271,1,boleto,7,287.66999999999996
ORD0010272,1,boleto,9,129.26
ORD0010273,1,boleto,10,841.04
ORD0010274,1,voucher,1,656.7
ORD0010275,1,voucher,6,87.87
ORD0010276,1,voucher,7,185.28
ORD0010277,1,voucher,6,137.09
ORD0010278,1,boleto,9,543.94
ORD0010279,1,voucher,4,97.02
ORD0010280,1,credit_card,3,210.05
ORD0010281,1,voucher,8,1161.83
ORD0010282,1,boleto,12,1922.7
ORD0010283,1,debit_card,5,314.57
ORD0010284,1,credit_card,7,111.08
ORD0010285,1,voucher,6,200.22000000000003
ORD0010286,1,debit_card,1,161.20999999999998
ORD0010287,1,debit_card,1,2225.6
ORD0010288,1,credit_card,11,533.1899999999999
ORD0010289,1,debit_card,7,135.38
ORD0010290,1,debit_card,4,483.04
ORD0010291,1,credit_card,5,104.44
ORD0010292,1,debit_card,2,376.96000000000004
ORD0010293,1,credit_card,9,70.18
ORD0010294,1,boleto,4,185.75
ORD0010295,1,voucher,4,219.78
ORD0010296,1,debit_card,8,166.29
ORD0010297,1,debit_card,1,159.34
ORD0010298,1,debit_card,2,182.0
ORD0010299,1,boleto,4,154.04
ORD0010300,1,voucher,10,306.46
ORD0010301,1,boleto,7,217.26999999999998
ORD0010302,1,voucher,3,181.70999999999998
ORD0010303,1,boleto,5,158.44
ORD0010304,1,debit_card,10,1147.58
ORD0010305,1,voucher,5,251.28
ORD0010306,1,credit_card,5,149.6
ORD0010307,1,credit_card,3,463.33
ORD0010308,1,debit_card,6,476.79
ORD0010309,1,debit_card,7,485.72
ORD0010310,1,debit_card,9,171.12
ORD0010311,1,boleto,11,302.84000000000003
ORD0010312,1,debit_card,4,1357.8
ORD0010313,1,credit_card,6,95.78999999999999
ORD0010314,1,credit_card,4,378.6
ORD0010315,1,debit_card,11,970.6899999999999
ORD0010316,1,boleto,7,336.70000000000005
ORD0010317,1,boleto,12,99.58
ORD0010318,1,voucher,10,3825.2
ORD0010319,1,debit_card,1,23.11
ORD0010320,1,debit_card,10,1012.77
ORD0010321,1,debit_card,11,498.84
ORD0010322,1,boleto,9,30.49
ORD0010323,1,debit_card,5,281.82
ORD0010324,1,debit_card,11,337.78999999999996
ORD0010325,1,boleto,5,77.38
ORD0010326,1,voucher,4,331.05
ORD0010327,1,boleto,7,669.06
ORD0010328,1,credit_card,9,461.84000000000003
ORD0010329,1,boleto,10,525.52
ORD0010330,1,boleto,2,179.62
ORD0010331,1,credit_card,2,131.38
ORD0010332,1,debit_card,12,1416.8600000000001
ORD0010333,1,voucher,1,604.4
ORD0010334,1,credit_card,9,65.88
ORD0010335,1,debit_card,9,609.63
ORD0010336,1,boleto,5,378.24
ORD0010337,1,boleto,8,227.11
ORD0010338,1,boleto,4,290.18
ORD0010339,1,boleto,6,273.14
ORD0010340,1,credit_card,12,1255.95
ORD0010341,1,credit_card,7,1023.27
ORD0010342,1,debit_card,1,1229.86
ORD0010343,1,voucher,12,635.9000000000001
ORD0010344,1,credit_card,9,447.76
ORD0010345,1,voucher,12,533.13
ORD0010346,1,debit_card,8,749.1500000000001
ORD0010347,1,credit_card,7,1606.69
ORD0010348,1,debit_card,2,702.0899999999999
ORD0010349,1,voucher,12,190.4
ORD0010350,1,credit_card,1,37.38
ORD0010351,1,voucher,9,375.51
ORD0010352,1,debit_card,3,494.24
ORD0010353,1,boleto,9,84.78
ORD0010354,1,boleto,2,117.25
ORD0010355,1,credit_card,10,211.55
ORD0010356,1,debit_card,12,1657.5
ORD0010357,1,credit_card,6,578.78
ORD0010358,1,boleto,12,738.66
ORD0010359,1,boleto,3,448.11
ORD0010360,1,boleto,7,68.44
ORD0010361,1,voucher,1,44.8
ORD0010362,1,boleto,4,93.78
ORD0010363,1,boleto,7,139.02
ORD0010364,1,voucher,8,781.4
ORD0010365,1,debit_card,8,126.92
ORD0010366,1,debit_card,6,438.96
ORD0010367,1,credit_card,1,476.75
ORD0010368,1,boleto,12,146.61
ORD0010369,1,debit_card,6,84.65
ORD0010370,1,debit_card,1,674.12
ORD0010371,1,debit_card,11,1025.6599999999999
ORD0010372,1,voucher,11,148.41
ORD0010373,1,boleto,7,20.6
ORD0010374,1,boleto,3,147.22
ORD0010375,1,credit_card,7,19.97
ORD0010376,1,boleto,6,293.67
ORD0010377,1,voucher,9,245.64
ORD0010378,1,voucher,5,268.28
ORD0010379,1,credit_card,8,92.26
ORD0010380,1,debit_card,11,131.91
ORD0010381,1,boleto,3,143.05
ORD0010382,1,debit_card,10,655.93
ORD0010383,1,boleto,8,1722.12
ORD0010384,1,boleto,7,87.15
ORD0010385,1,voucher,9,1822.68
ORD0010386,1,credit_card,3,56.72
ORD0010387,1,voucher,10,503.73
ORD0010388,1,debit_card,5,155.02
ORD0010389,1,debit_card,2,340.1
ORD0010390,1,debit_card,12,834.38
ORD0010391,1,debit_card,10,114.84
ORD0010392,1,voucher,4,104.5
ORD0010393,1,boleto,4,762.77
ORD0010394,1,boleto,9,27.74
ORD0010395,1,credit_card,12,276.91999999999996
ORD0010396,1,credit_card,4,20.23
ORD0010397,1,boleto,1,363.90999999999997
ORD0010398,1,debit_card,6,61.38
ORD0010399,1,credit_card,4,628.0600000000001
ORD0010400,1,boleto,4,154.48000000000002
ORD0010401,1,debit_card,6,185.74
ORD0010402,1,voucher,11,197.19
ORD0010403,1,credit_card,6,15.59
ORD0010404,1,voucher,2,47.519999999999996
ORD0010405,1,debit_card,6,238.62
ORD0010406,1,boleto,11,420.72
ORD0010407,1,credit_card,11,17.96
ORD0010408,1,debit_card,11,103.99
ORD0010409,1,boleto,6,393.24
ORD0010410,1,boleto,9,102.96000000000001
ORD0010411,1,voucher,3,89.38
ORD0010412,1,debit_card,12,137.26
ORD0010413,1,credit_card,2,583.91
ORD0010414,1,voucher,10,344.84
ORD0010415,1,boleto,8,461.59999999999997
ORD0010416,1,boleto,8,37.0
ORD0010417,1,credit_card,2,388.04999999999995
ORD0010418,1,debit_card,4,685.56
ORD0010419,1,credit_card,9,78.36
ORD0010420,1,credit_card,4,52.15
ORD0010421,1,debit_card,10,722.55
ORD0010422,1,voucher,9,144.96
ORD0010423,1,debit_card,3,181.2
ORD0010424,1,voucher,7,100.7
ORD0010425,1,debit_card,10,381.15999999999997
ORD0010426,1,debit_card,10,59.05
ORD0010427,1,boleto,7,153.7
ORD0010428,1,credit_card,9,139.06
ORD0010429,1,debit_card,3,303.1
ORD0010430,1,debit_card,6,445.5
ORD0010431,1,debit_card,1,387.90000000000003
ORD0010432,1,voucher,1,152.35
ORD0010433,1,credit_card,5,729.7900000000001
ORD0010434,1,credit_card,2,233.02
ORD0010435,1,boleto,10,154.46
ORD0010436,1,credit_card,5,297.35
ORD0010437,1,voucher,2,72.17
ORD0010438,1,debit_card,10,692.52
ORD0010439,1,credit_card,8,27.64
ORD0010440,1,credit_card,12,216.72
ORD0010441,1,credit_card,10,44.31
ORD0010442,1,boleto,11,56.84
ORD0010443,1,credit_card,9,85.25
ORD0010444,1,debit_card,8,45.83
ORD0010445,1,voucher,11,1002.75
ORD0010446,1,debit_card,7,169.32
ORD0010447,1,credit_card,3,404.4
ORD0010448,1,voucher,6,53.19
ORD0010449,1,credit_card,10,43.24
ORD0010450,1,debit_card,10,116.85000000000001
ORD0010451,1,voucher,1,135.62
ORD0010452,1,debit_card,5,461.13
ORD0010453,1,debit_card,9,528.89
ORD0010454,1,voucher,2,348.45
ORD0010455,1,voucher,4,67.34
ORD0010456,1,boleto,10,548.35
ORD0010457,1,debit_card,2,316.46000000000004
ORD0010458,1,voucher,7,79.71000000000001
ORD0010459,1,boleto,5,1387.3
ORD0010460,1,boleto,12,182.1
ORD0010461,1,boleto,3,413.46000000000004
ORD0010462,1,voucher,12,155.25
ORD0010463,1,boleto,10,89.6
ORD0010464,1,boleto,8,68.44
ORD0010465,1,credit_card,7,346.6
ORD0010466,1,debit_card,4,71.57
ORD0010467,1,debit_card,5,249.23000000000002
ORD0010468,1,credit_card,7,76.64
ORD0010469,1,credit_card,8,252.65
ORD0010470,1,debit_card,8,141.51
ORD0010471,1,boleto,6,86.43
ORD0010472,1,voucher,3,729.05
ORD0010473,1,debit_card,3,343.2
ORD0010474,1,debit_card,5,339.72
ORD0010475,1,debit_card,4,64.23
ORD0010476,1,debit_card,3,204.95999999999998
ORD0010477,1,credit_card,2,875.25
ORD0010478,1,voucher,5,43.29
ORD0010479,1,voucher,7,515.3199999999999
ORD0010480,1,boleto,6,1433.0700000000002
ORD0010481,1,credit_card,4,33.71
ORD0010482,1,boleto,2,297.29999999999995
ORD0010483,1,boleto,5,397.49
ORD0010484,1,boleto,9,726.75
ORD0010485,1,boleto,9,418.13
ORD0010486,1,voucher,1,96.43
ORD0010487,1,voucher,3,160.32
ORD0010488,1,debit_card,4,310.36
ORD0010489,1,voucher,4,90.84
ORD0010490,1,voucher,12,228.0
ORD0010491,1,credit_card,2,180.24
ORD0010492,1,credit_card,8,244.95000000000002
ORD0010493,1,boleto,9,1117.29
ORD0010494,1,boleto,6,769.92
ORD0010495,1,boleto,12,209.69
ORD0010496,1,voucher,2,121.26
ORD0010497,1,voucher,9,58.38
ORD0010498,1,voucher,3,1583.16
ORD0010499,1,voucher,3,171.04
ORD0010500,1,credit_card,12,104.28
ORD0010501,1,credit_card,3,409.29
ORD0010502,1,credit_card,3,89.34
ORD0010503,1,credit_card,4,114.48
ORD0010504,1,voucher,10,77.3
ORD0010505,1,debit_card,12,216.66
ORD0010506,1,boleto,10,30.04
ORD0010507,1,credit_card,10,19.38
ORD0010508,1,debit_card,1,895.1400000000001
ORD0010509,1,boleto,5,119.31
ORD0010510,1,boleto,11,156.69
ORD0010511,1,voucher,2,902.67
ORD0010512,1,debit_card,1,286.52
ORD0010513,1,voucher,3,384.29999999999995
ORD0010514,1,boleto,1,516.64
ORD0010515,1,boleto,7,276.87
ORD0010516,1,voucher,7,167.51
ORD0010517,1,credit_card,7,88.32
ORD0010518,1,boleto,10,191.23
ORD0010519,1,voucher,3,1293.98
ORD0010520,1,voucher,8,327.63
ORD0010521,1,boleto,7,1405.9
ORD0010522,1,debit_card,11,21.12
ORD0010523,1,boleto,12,15.08
ORD0010524,1,credit_card,6,68.02
ORD0010525,1,boleto,6,165.75
ORD0010526,1,credit_card,9,293.0
ORD0010527,1,voucher,10,134.98
ORD0010528,1,boleto,5,36.75
ORD0010529,1,voucher,3,677.15
ORD0010530,1,credit_card,7,97.68
ORD0010531,1,credit_card,7,274.85
ORD0010532,1,credit_card,3,260.88
ORD0010533,1,debit_card,5,143.56
ORD0010534,1,credit_card,3,56.089999999999996
ORD0010535,1,debit_card,8,682.32
ORD0010536,1,boleto,12,72.6
ORD0010537,1,boleto,9,817.26
ORD0010538,1,debit_card,7,745.62
ORD0010539,1,voucher,8,111.53
ORD0010540,1,credit_card,7,125.39
ORD0010541,1,boleto,12,31.46
ORD0010542,1,boleto,7,76.94
ORD0010543,1,credit_card,10,389.37
ORD0010544,1,credit_card,1,299.16
ORD0010545,1,credit_card,12,1178.5700000000002
ORD0010546,1,voucher,3,100.72
ORD0010547,1,credit_card,4,709.04
ORD0010548,1,voucher,5,193.92999999999998
ORD0010549,1,voucher,4,72.77
ORD0010550,1,debit_card,8,172.28
ORD0010551,1,voucher,11,47.47
ORD0010552,1,debit_card,7,130.07999999999998
ORD0010553,1,voucher,2,722.38
ORD0010554,1,debit_card,7,131.87
ORD0010555,1,voucher,10,516.99
ORD0010556,1,boleto,6,102.23
ORD0010557,1,boleto,3,171.04
ORD0010558,1,boleto,9,77.22
ORD0010559,1,voucher,8,272.44
ORD0010560,1,voucher,1,46.769999999999996
ORD0010561,1,credit_card,7,53.14
ORD0010562,1,debit_card,6,137.42000000000002
ORD0010563,1,voucher,5,593.64
ORD0010564,1,voucher,7,293.36
ORD0010565,1,boleto,6,578.8199999999999
ORD0010566,1,credit_card,9,359.65999999999997
ORD0010567,1,credit_card,6,49.01
ORD0010568,1,credit_card,6,94.72
ORD0010569,1,voucher,6,515.9100000000001
ORD0010570,1,boleto,7,86.43
ORD0010571,1,debit_card,8,346.69
ORD0010572,1,boleto,9,194.39999999999998
ORD0010573,1,boleto,4,120.84
ORD0010574,1,debit_card,10,507.02
ORD0010575,1,credit_card,5,677.42
ORD0010576,1,credit_card,3,21.93
ORD0010577,1,credit_card,4,152.81
ORD0010578,1,debit_card,10,346.28999999999996
ORD0010579,1,voucher,3,115.29
ORD0010580,1,voucher,10,147.03
ORD0010581,1,credit_card,12,546.28
ORD0010582,1,boleto,12,246.4
ORD0010583,1,credit_card,2,755.05
ORD0010584,1,credit_card,1,73.25
ORD0010585,1,credit_card,3,269.6
ORD0010586,1,debit_card,8,30.87
ORD0010587,1,debit_card,9,260.61
ORD0010588,1,boleto,6,45.94
ORD0010589,1,credit_card,3,173.85
ORD0010590,1,credit_card,1,167.46
ORD0010591,1,debit_card,6,122.78
ORD0010592,1,credit_card,12,427.92
ORD0010593,1,debit_card,10,375.51
ORD0010594,1,debit_card,2,94.52
ORD0010595,1,credit_card,6,96.24
ORD0010596,1,voucher,9,182.99
ORD0010597,1,voucher,6,545.23
ORD0010598,1,voucher,6,40.18
ORD0010599,1,voucher,9,81.17
ORD0010600,1,credit_card,11,266.84999999999997
ORD0010601,1,boleto,6,618.1600000000001
ORD0010602,1,debit_card,2,414.48
ORD0010603,1,boleto,2,42.58
ORD0010604,1,credit_card,8,1143.36
ORD0010605,1,boleto,12,24.09
ORD0010606,1,credit_card,9,66.07
ORD0010607,1,boleto,8,182.0
ORD0010608,1,debit_card,11,61.61
ORD0010609,1,boleto,8,194.4
ORD0010610,1,boleto,3,730.74
ORD0010611,1,boleto,7,360.65
ORD0010612,1,voucher,9,265.14
ORD0010613,1,debit_card,5,277.28
ORD0010614,1,debit_card,3,513.92
ORD0010615,1,debit_card,3,66.07
ORD0010616,1,voucher,1,38.37
ORD0010617,1,voucher,8,299.93
ORD0010618,1,debit_card,4,182.49
ORD0010619,1,boleto,8,886.18
ORD0010620,1,debit_card,6,891.96
ORD0010621,1,boleto,4,39.92
ORD0010622,1,debit_card,7,39.0
ORD0010623,1,debit_card,11,580.36
ORD0010624,1,credit_card,12,57.37
ORD0010625,1,voucher,12,179.57999999999998
ORD0010626,1,boleto,12,1023.4799999999999
ORD0010627,1,credit_card,3,792.02
ORD0010628,1,voucher,1,4257.759999999999
ORD0010629,1,voucher,3,106.0
ORD0010630,1,boleto,10,294.72
ORD0010631,1,boleto,6,581.29
ORD0010632,1,boleto,12,950.3
ORD0010633,1,boleto,2,126.2
ORD0010634,1,boleto,9,241.28
ORD0010635,1,boleto,4,69.77
ORD0010636,1,voucher,6,487.22
ORD0010637,1,debit_card,1,614.84
ORD0010638,1,boleto,1,430.02000000000004
ORD0010639,1,credit_card,11,515.85
ORD0010640,1,debit_card,5,716.6199999999999
ORD0010641,1,voucher,4,279.06
ORD0010642,1,debit_card,8,560.86
ORD0010643,1,credit_card,10,449.71
ORD0010644,1,voucher,10,235.06
ORD0010645,1,debit_card,5,803.6899999999999
ORD0010646,1,debit_card,4,698.85
ORD0010647,1,boleto,2,21.4
ORD0010648,1,debit_card,8,88.64999999999999
ORD0010649,1,debit_card,2,176.16
ORD0010650,1,credit_card,2,461.65999999999997
ORD0010651,1,voucher,9,248.16
ORD0010652,1,boleto,8,662.79
ORD0010653,1,boleto,8,272.58
ORD0010654,1,debit_card,7,354.7
ORD0010655,1,debit_card,9,282.58
ORD0010656,1,voucher,11,49.41
ORD0010657,1,debit_card,9,58.24
ORD0010658,1,boleto,4,670.78
ORD0010659,1,voucher,10,195.65
ORD0010660,1,debit_card,3,518.55
ORD0010661,1,debit_card,10,62.88
ORD0010662,1,voucher,10,271.83000000000004
ORD0010663,1,credit_card,11,503.47
ORD0010664,1,debit_card,7,157.29
ORD0010665,1,debit_card,12,400.18
ORD0010666,1,debit_card,9,978.46
ORD0010667,1,voucher,1,101.48
ORD0010668,1,voucher,4,96.99000000000001
ORD0010669,1,boleto,11,492.65
ORD0010670,1,debit_card,12,842.38
ORD0010671,1,debit_card,4,390.35999999999996
ORD0010672,1,debit_card,3,628.9000000000001
ORD0010673,1,boleto,6,72.3
ORD0010674,1,boleto,8,299.86
ORD0010675,1,boleto,8,314.58
ORD0010676,1,debit_card,9,148.2
ORD0010677,1,boleto,12,363.0
ORD0010678,1,voucher,10,1302.15
ORD0010679,1,credit_card,4,378.2
ORD0010680,1,voucher,1,193.55
ORD0010681,1,credit_card,5,469.3
ORD0010682,1,boleto,6,110.16
ORD0010683,1,boleto,2,359.69
ORD0010684,1,debit_card,6,567.98
ORD0010685,1,credit_card,10,285.11
ORD0010686,1,voucher,7,197.48
ORD0010687,1,voucher,10,296.82
ORD0010688,1,credit_card,6,225.73999999999998
ORD0010689,1,debit_card,8,137.46
ORD0010690,1,voucher,1,179.77
ORD0010691,1,credit_card,4,108.27
ORD0010692,1,voucher,8,64.8
ORD0010693,1,debit_card,12,696.36
ORD0010694,1,boleto,6,35.94
ORD0010695,1,credit_card,4,437.47
ORD0010696,1,credit_card,11,334.62
ORD0010697,1,credit_card,12,185.7
ORD0010698,1,voucher,1,787.6700000000001
ORD0010699,1,voucher,1,101.8
ORD0010700,1,voucher,4,209.36
ORD0010701,1,credit_card,5,224.16
ORD0010702,1,debit_card,11,87.94
ORD0010703,1,voucher,1,579.42
ORD0010704,1,debit_card,7,1142.6000000000001
ORD0010705,1,voucher,8,2326.87
ORD0010706,1,boleto,9,71.32
ORD0010707,1,debit_card,6,39.48
ORD0010708,1,credit_card,5,218.62
ORD0010709,1,boleto,4,125.84
ORD0010710,1,boleto,2,606.6
ORD0010711,1,boleto,6,326.81
ORD0010712,1,debit_card,2,170.04
ORD0010713,1,voucher,3,701.62
ORD0010714,1,credit_card,11,178.76
ORD0010715,1,boleto,10,913.11
ORD0010716,1,boleto,1,95.14
ORD0010717,1,boleto,3,275.46000000000004
ORD0010718,1,credit_card,1,116.18
ORD0010719,1,debit_card,8,204.56
ORD0010720,1,credit_card,8,216.72
ORD0010721,1,boleto,6,314.74
ORD0010722,1,debit_card,1,345.03999999999996
ORD0010723,1,boleto,1,334.42
ORD0010724,1,voucher,7,62.34
ORD0010725,1,debit_card,6,155.94
ORD0010726,1,debit_card,10,950.49
ORD0010727,1,debit_card,7,183.78
ORD0010728,1,debit_card,7,56.49
ORD0010729,1,debit_card,6,86.96
ORD0010730,1,voucher,2,55.43
ORD0010731,1,voucher,11,417.89
ORD0010732,1,voucher,7,748.48
ORD0010733,1,boleto,9,330.52
ORD0010734,1,voucher,2,186.74
ORD0010735,1,boleto,3,1009.02
ORD0010736,1,credit_card,9,64.14
ORD0010737,1,boleto,1,113.72
ORD0010738,1,debit_card,9,437.24
ORD0010739,1,voucher,11,48.2
ORD0010740,1,boleto,1,988.74
ORD0010741,1,voucher,5,194.49
ORD0010742,1,boleto,2,45.34
ORD0010743,1,debit_card,5,29.54
ORD0010744,1,boleto,12,735.14
ORD0010745,1,debit_card,10,388.04999999999995
ORD0010746,1,boleto,8,342.44
ORD0010747,1,boleto,9,221.39
ORD0010748,1,debit_card,7,162.32999999999998
ORD0010749,1,debit_card,3,1636.24
ORD0010750,1,debit_card,12,541.38
ORD0010751,1,boleto,11,661.88
ORD0010752,1,voucher,4,54.57
ORD0010753,1,boleto,6,100.9
ORD0010754,1,voucher,12,420.54999999999995
ORD0010755,1,debit_card,3,301.74
ORD0010756,1,debit_card,3,174.14
ORD0010757,1,debit_card,4,491.38000000000005
ORD0010758,1,voucher,1,1957.94
ORD0010759,1,debit_card,11,264.08
ORD0010760,1,credit_card,2,153.42000000000002
ORD0010761,1,credit_card,1,168.57
ORD0010762,1,boleto,9,204.16
ORD0010763,1,voucher,9,848.2800000000001
ORD0010764,1,debit_card,1,147.0
ORD0010765,1,voucher,7,358.42
ORD0010766,1,boleto,1,819.12
ORD0010767,1,boleto,10,1221.92
ORD0010768,1,boleto,11,733.54
ORD0010769,1,boleto,9,242.04
ORD0010770,1,voucher,6,161.68
ORD0010771,1,credit_card,1,160.46
ORD0010772,1,voucher,3,117.03
ORD0010773,1,voucher,1,1557.87
ORD0010774,1,voucher,12,313.94000000000005
ORD0010775,1,voucher,5,188.58
ORD0010776,1,debit_card,10,411.6
ORD0010777,1,voucher,11,279.81
ORD0010778,1,boleto,8,254.08
ORD0010779,1,credit_card,1,239.95999999999998
ORD0010780,1,voucher,3,163.34
ORD0010781,1,credit_card,7,328.38
ORD0010782,1,credit_card,11,77.19
ORD0010783,1,voucher,9,397.7
ORD0010784,1,boleto,10,400.42
ORD0010785,1,credit_card,9,124.02
ORD0010786,1,voucher,10,139.54
ORD0010787,1,credit_card,5,89.2
ORD0010788,1,credit_card,7,669.53
ORD0010789,1,boleto,9,45.26
ORD0010790,1,credit_card,7,288.04
ORD0010791,1,debit_card,7,89.58
ORD0010792,1,boleto,2,194.01
ORD0010793,1,debit_card,4,121.7
ORD0010794,1,voucher,11,42.89
ORD0010795,1,boleto,2,276.11
ORD0010796,1,debit_card,2,396.96
ORD0010797,1,credit_card,10,110.5
ORD0010798,1,credit_card,7,210.36
ORD0010799,1,voucher,2,227.49
ORD0010800,1,credit_card,2,90.94
ORD0010801,1,credit_card,7,2190.0
ORD0010802,1,debit_card,2,321.52
ORD0010803,1,voucher,12,240.04
ORD0010804,1,voucher,4,213.48
ORD0010805,1,debit_card,4,292.94
ORD0010806,1,debit_card,6,255.16
ORD0010807,1,boleto,2,192.58999999999997
ORD0010808,1,credit_card,12,129.29
ORD0010809,1,credit_card,10,146.5
ORD0010810,1,voucher,11,376.11
ORD0010811,1,credit_card,12,1086.99
ORD0010812,1,boleto,2,103.83
ORD0010813,1,debit_card,10,168.4
ORD0010814,1,voucher,2,249.29
ORD0010815,1,boleto,1,132.4
ORD0010816,1,credit_card,11,21.11
ORD0010817,1,boleto,5,76.51
ORD0010818,1,credit_card,8,90.42
ORD0010819,1,credit_card,12,707.52
ORD0010820,1,credit_card,7,615.58
ORD0010821,1,voucher,6,213.92
ORD0010822,1,voucher,3,492.51
ORD0010823,1,voucher,8,36.2
ORD0010824,1,boleto,10,195.8
ORD0010825,1,boleto,3,142.1
ORD0010826,1,boleto,2,476.09000000000003
ORD0010827,1,credit_card,11,44.73
ORD0010828,1,credit_card,10,53.760000000000005
ORD0010829,1,credit_card,5,82.88
ORD0010830,1,credit_card,11,77.54
ORD0010831,1,voucher,2,137.49
ORD0010832,1,boleto,11,1062.6000000000001
ORD0010833,1,boleto,4,71.57
ORD0010834,1,boleto,2,136.95
ORD0010835,1,debit_card,3,1027.69
ORD0010836,1,boleto,10,1530.08
ORD0010837,1,debit_card,1,687.24
ORD0010838,1,debit_card,7,159.69
ORD0010839,1,voucher,5,75.26
ORD0010840,1,boleto,4,629.05
ORD0010841,1,credit_card,11,60.26
ORD0010842,1,voucher,5,85.26
ORD0010843,1,credit_card,10,290.33
ORD0010844,1,credit_card,5,344.85
ORD0010845,1,voucher,8,163.12
ORD0010846,1,voucher,6,66.8
ORD0010847,1,debit_card,1,420.25
ORD0010848,1,voucher,10,15.07
ORD0010849,1,debit_card,5,601.1800000000001
ORD0010850,1,debit_card,4,145.07
ORD0010851,1,credit_card,6,305.08000000000004
ORD0010852,1,boleto,11,719.16
ORD0010853,1,boleto,7,440.65
ORD0010854,1,credit_card,11,280.2
ORD0010855,1,debit_card,4,583.8
ORD0010856,1,debit_card,8,71.06
ORD0010857,1,debit_card,5,111.44
ORD0010858,1,credit_card,3,139.32
ORD0010859,1,debit_card,9,34.32
ORD0010860,1,debit_card,8,210.13
ORD0010861,1,debit_card,2,289.86
ORD0010862,1,boleto,8,573.78
ORD0010863,1,credit_card,12,116.87
ORD0010864,1,debit_card,1,210.36
ORD0010865,1,boleto,6,81.82000000000001
ORD0010866,1,debit_card,12,194.05
ORD0010867,1,boleto,9,97.43
ORD0010868,1,voucher,2,1097.49
ORD0010869,1,voucher,10,84.57000000000001
ORD0010870,1,voucher,3,74.43
ORD0010871,1,boleto,12,294.65999999999997
ORD0010872,1,debit_card,3,227.5
ORD0010873,1,voucher,12,139.54
ORD0010874,1,credit_card,5,133.22
ORD0010875,1,debit_card,8,34.11
ORD0010876,1,voucher,2,140.37
ORD0010877,1,debit_card,2,1688.83
ORD0010878,1,voucher,12,165.47
ORD0010879,1,voucher,7,1045.47
ORD0010880,1,credit_card,5,91.54
ORD0010881,1,voucher,5,468.7
ORD0010882,1,credit_card,6,45.0
ORD0010883,1,credit_card,3,233.16
ORD0010884,1,boleto,7,108.04
ORD0010885,1,credit_card,8,935.51
ORD0010886,1,boleto,3,59.39
ORD0010887,1,debit_card,5,209.56
ORD0010888,1,credit_card,8,285.88
ORD0010889,1,voucher,2,1450.74
ORD0010890,1,credit_card,9,272.46
ORD0010891,1,debit_card,7,108.22
ORD0010892,1,credit_card,8,927.36
ORD0010893,1,credit_card,3,341.86
ORD0010894,1,debit_card,10,390.44
ORD0010895,1,debit_card,10,211.31
ORD0010896,1,credit_card,9,985.16
ORD0010897,1,boleto,12,29.92
ORD0010898,1,debit_card,6,19.09
ORD0010899,1,voucher,3,325.61
ORD0010900,1,debit_card,7,139.32
ORD0010901,1,voucher,11,32.26
ORD0010902,1,debit_card,5,192.95999999999998
ORD0010903,1,debit_card,3,487.95000000000005
ORD0010904,1,voucher,4,145.76
ORD0010905,1,debit_card,2,1128.26
ORD0010906,1,debit_card,12,31.55
ORD0010907,1,boleto,12,728.75
ORD0010908,1,voucher,10,1132.65
ORD0010909,1,debit_card,2,280.18
ORD0010910,1,voucher,11,281.18
ORD0010911,1,boleto,9,233.85000000000002
ORD0010912,1,credit_card,5,667.36
ORD0010913,1,debit_card,1,121.7
ORD0010914,1,debit_card,10,83.81
ORD0010915,1,credit_card,5,92.24
ORD0010916,1,credit_card,6,211.98
ORD0010917,1,voucher,1,165.94
ORD0010918,1,debit_card,9,677.6
ORD0010919,1,voucher,8,170.54
ORD0010920,1,voucher,3,393.84
ORD0010921,1,voucher,7,83.11
ORD0010922,1,voucher,8,881.0
ORD0010923,1,credit_card,6,146.74
ORD0010924,1,voucher,2,22.23
ORD0010925,1,voucher,2,52.82
ORD0010926,1,credit_card,10,86.29
ORD0010927,1,debit_card,10,236.5
ORD0010928,1,boleto,3,363.46
ORD0010929,1,debit_card,12,96.71000000000001
ORD0010930,1,voucher,6,794.3399999999999
ORD0010931,1,debit_card,10,304.37
ORD0010932,1,debit_card,2,428.92999999999995
ORD0010933,1,debit_card,11,1646.4
ORD0010934,1,boleto,1,281.82
ORD0010935,1,voucher,2,57.91
ORD0010936,1,credit_card,2,59.4
ORD0010937,1,credit_card,5,530.9399999999999
ORD0010938,1,credit_card,1,44.31
ORD0010939,1,debit_card,3,291.08
ORD0010940,1,credit_card,9,344.43
ORD0010941,1,voucher,8,547.52
ORD0010942,1,voucher,10,737.88
ORD0010943,1,boleto,5,854.75
ORD0010944,1,boleto,9,494.58
ORD0010945,1,voucher,4,516.78
ORD0010946,1,credit_card,8,449.22
ORD0010947,1,credit_card,1,152.78
ORD0010948,1,debit_card,11,354.83
ORD0010949,1,boleto,1,314.54999999999995
ORD0010950,1,credit_card,11,298.72
ORD0010951,1,debit_card,5,164.9
ORD0010952,1,debit_card,9,161.52
ORD0010953,1,credit_card,7,89.2
ORD0010954,1,boleto,7,36.08
ORD0010955,1,credit_card,4,68.64
ORD0010956,1,credit_card,11,257.2
ORD0010957,1,boleto,3,642.9300000000001
ORD0010958,1,voucher,1,62.05
ORD0010959,1,credit_card,4,957.72
ORD0010960,1,debit_card,9,139.51999999999998
ORD0010961,1,boleto,4,129.02
ORD0010962,1,boleto,2,624.2
ORD0010963,1,debit_card,5,520.32
ORD0010964,1,voucher,11,290.3
ORD0010965,1,voucher,4,31.01
ORD0010966,1,credit_card,3,1017.8399999999999
ORD0010967,1,debit_card,4,645.4
ORD0010968,1,voucher,10,34.28
ORD0010969,1,boleto,6,143.49
ORD0010970,1,credit_card,11,128.64
ORD0010971,1,boleto,1,549.28
ORD0010972,1,debit_card,4,318.21999999999997
ORD0010973,1,voucher,10,136.0
ORD0010974,1,credit_card,12,389.34999999999997
ORD0010975,1,debit_card,2,849.5999999999999
ORD0010976,1,debit_card,4,28.81
ORD0010977,1,credit_card,10,488.92
ORD0010978,1,debit_card,3,151.66
ORD0010979,1,credit_card,10,239.64
ORD0010980,1,credit_card,9,288.04
ORD0010981,1,boleto,6,520.42
ORD0010982,1,boleto,8,262.06
ORD0010983,1,credit_card,5,62.82
ORD0010984,1,voucher,5,449.20000000000005
ORD0010985,1,voucher,2,210.56
ORD0010986,1,credit_card,7,251.19
ORD0010987,1,debit_card,10,1838.4699999999998
ORD0010988,1,boleto,9,121.84
ORD0010989,1,boleto,4,83.05000000000001
ORD0010990,1,boleto,11,50.76
ORD0010991,1,voucher,10,968.56
ORD0010992,1,credit_card,10,173.28
ORD0010993,1,voucher,7,195.18
ORD0010994,1,voucher,5,163.8
ORD0010995,1,voucher,1,105.78
ORD0010996,1,boleto,6,564.08
ORD0010997,1,debit_card,10,1320.19
ORD0010998,1,voucher,8,620.6099999999999
ORD0010999,1,debit_card,7,70.2
ORD0011000,1,credit_card,12,298.64
ORD0011001,1,debit_card,6,76.12
ORD0011002,1,voucher,4,530.01
ORD0011003,1,debit_card,1,879.84
ORD0011004,1,credit_card,3,975.51
ORD0011005,1,credit_card,4,156.52
ORD0011006,1,voucher,5,482.48
ORD0011007,1,credit_card,7,825.62
ORD0011008,1,boleto,2,349.4
ORD0011009,1,debit_card,1,57.04
ORD0011010,1,credit_card,4,1102.66
ORD0011011,1,debit_card,9,170.37
ORD0011012,1,boleto,11,43.29
ORD0011013,1,voucher,9,266.05
ORD0011014,1,credit_card,7,306.6
ORD0011015,1,boleto,4,1012.6800000000001
ORD0011016,1,credit_card,12,156.94
ORD0011017,1,boleto,11,116.87
ORD0011018,1,boleto,12,144.34
ORD0011019,1,debit_card,7,469.11
ORD0011020,1,voucher,11,61.61
ORD0011021,1,credit_card,11,80.78
ORD0011022,1,debit_card,3,603.5699999999999
ORD0011023,1,voucher,7,224.08
ORD0011024,1,voucher,3,255.63
ORD0011025,1,voucher,3,226.88
ORD0011026,1,debit_card,8,180.68
ORD0011027,1,debit_card,12,232.02
ORD0011028,1,boleto,9,89.83
ORD0011029,1,debit_card,9,371.68
ORD0011030,1,credit_card,12,179.06
ORD0011031,1,voucher,2,250.56
ORD0011032,1,debit_card,2,1000.5
ORD0011033,1,credit_card,2,590.76
ORD0011034,1,debit_card,1,210.76
ORD0011035,1,voucher,8,578.72
ORD0011036,1,voucher,8,55.22
ORD0011037,1,boleto,2,35.69
ORD0011038,1,credit_card,4,56.38
ORD0011039,1,voucher,7,47.14
ORD0011040,1,debit_card,9,195.57999999999998
ORD0011041,1,debit_card,8,370.96
ORD0011042,1,debit_card,6,316.71999999999997
ORD0011043,1,credit_card,3,144.62
ORD0011044,1,voucher,7,53.23
ORD0011045,1,boleto,2,216.06
ORD0011046,1,voucher,4,372.43
ORD0011047,1,boleto,4,56.44
ORD0011048,1,debit_card,2,414.21
ORD0011049,1,credit_card,10,204.05
ORD0011050,1,credit_card,9,347.84
ORD0011051,1,voucher,9,231.11
ORD0011052,1,boleto,8,52.55
ORD0011053,1,voucher,10,42.42
ORD0011054,1,boleto,4,365.58000000000004
ORD0011055,1,debit_card,12,103.54
ORD0011056,1,debit_card,11,129.29
ORD0011057,1,credit_card,9,645.92
ORD0011058,1,voucher,3,531.29
ORD0011059,1,boleto,2,169.56
ORD0011060,1,boleto,3,390.22999999999996
ORD0011061,1,boleto,10,175.05
ORD0011062,1,voucher,4,243.10000000000002
ORD0011063,1,voucher,7,274.89
ORD0011064,1,credit_card,3,19.49
ORD0011065,1,boleto,7,142.48
ORD0011066,1,debit_card,11,702.54
ORD0011067,1,credit_card,11,413.52
ORD0011068,1,boleto,7,124.75
ORD0011069,1,voucher,11,546.3000000000001
ORD0011070,1,credit_card,4,96.03
ORD0011071,1,debit_card,11,57.46
ORD0011072,1,debit_card,10,225.20999999999998
ORD0011073,1,debit_card,8,306.72
ORD0011074,1,boleto,11,174.64
ORD0011075,1,boleto,12,1136.48
ORD0011076,1,boleto,1,77.88
ORD0011077,1,voucher,3,292.94
ORD0011078,1,debit_card,9,1010.7
ORD0011079,1,credit_card,10,213.96
ORD0011080,1,voucher,4,1384.95
ORD0011081,1,credit_card,3,236.96
ORD0011082,1,boleto,6,135.63
ORD0011083,1,voucher,11,408.32
ORD0011084,1,boleto,11,434.23
ORD0011085,1,credit_card,2,419.12
ORD0011086,1,boleto,6,454.95000000000005
ORD0011087,1,credit_card,11,551.9
ORD0011088,1,debit_card,4,171.54
ORD0011089,1,debit_card,8,245.12
ORD0011090,1,credit_card,10,296.04
ORD0011091,1,credit_card,8,638.3800000000001
ORD0011092,1,credit_card,9,237.13
ORD0011093,1,voucher,11,860.75
ORD0011094,1,voucher,12,108.53
ORD0011095,1,debit_card,4,326.12
ORD0011096,1,credit_card,6,492.65
ORD0011097,1,voucher,1,232.51000000000002
ORD0011098,1,voucher,3,210.55
ORD0011099,1,voucher,4,447.76
ORD0011100,1,boleto,2,77.19
ORD0011101,1,credit_card,7,123.80000000000001
ORD0011102,1,boleto,5,444.96
ORD0011103,1,credit_card,6,158.68
ORD0011104,1,voucher,9,95.76
ORD0011105,1,voucher,12,1407.09
ORD0011106,1,voucher,2,172.33
ORD0011107,1,voucher,2,82.86
ORD0011108,1,boleto,11,41.75
ORD0011109,1,credit_card,7,809.64
ORD0011110,1,debit_card,3,363.93
ORD0011111,1,voucher,8,26.07
ORD0011112,1,boleto,6,1131.14
ORD0011113,1,debit_card,4,232.65
ORD0011114,1,debit_card,9,608.5999999999999
ORD0011115,1,boleto,10,147.77
ORD0011116,1,debit_card,10,187.16
ORD0011117,1,debit_card,7,679.77
ORD0011118,1,credit_card,4,208.60000000000002
ORD0011119,1,debit_card,6,166.49
ORD0011120,1,boleto,9,94.06
ORD0011121,1,boleto,7,43.28
ORD0011122,1,voucher,5,321.56
ORD0011123,1,debit_card,3,312.92
ORD0011124,1,credit_card,10,222.51999999999998
ORD0011125,1,credit_card,11,146.01
ORD0011126,1,debit_card,3,570.38
ORD0011127,1,credit_card,1,165.10000000000002
ORD0011128,1,credit_card,4,469.54
ORD0011129,1,credit_card,6,1433.2
ORD0011130,1,credit_card,2,204.93
ORD0011131,1,boleto,5,497.35
ORD0011132,1,credit_card,3,333.53999999999996
ORD0011133,1,credit_card,9,116.44
ORD0011134,1,boleto,8,757.4300000000001
ORD0011135,1,boleto,6,844.0
ORD0011136,1,boleto,7,672.74
ORD0011137,1,credit_card,5,516.99
ORD0011138,1,debit_card,3,80.2
ORD0011139,1,boleto,12,137.32
ORD0011140,1,voucher,9,2156.83
ORD0011141,1,voucher,6,24.73
ORD0011142,1,debit_card,8,120.32
ORD0011143,1,debit_card,6,17.18
ORD0011144,1,debit_card,10,84.59
ORD0011145,1,credit_card,2,202.14
ORD0011146,1,credit_card,8,64.23
ORD0011147,1,debit_card,5,860.18
ORD0011148,1,boleto,10,80.22
ORD0011149,1,voucher,11,52.89
ORD0011150,1,voucher,5,135.09
ORD0011151,1,boleto,4,98.13
ORD0011152,1,debit_card,4,17.18
ORD0011153,1,debit_card,9,225.15
ORD0011154,1,credit_card,9,48.67
ORD0011155,1,credit_card,12,98.64000000000001
ORD0011156,1,debit_card,8,61.38
ORD0011157,1,credit_card,5,724.72
ORD0011158,1,credit_card,11,26.57
ORD0011159,1,boleto,5,40.38
ORD0011160,1,voucher,11,45.6
ORD0011161,1,debit_card,5,97.88
ORD0011162,1,debit_card,2,300.11
ORD0011163,1,debit_card,1,52.32
ORD0011164,1,boleto,8,1527.22
ORD0011165,1,debit_card,9,229.59
ORD0011166,1,debit_card,3,327.95
ORD0011167,1,credit_card,9,143.94
ORD0011168,1,voucher,1,522.65
ORD0011169,1,credit_card,11,656.9
ORD0011170,1,voucher,1,500.02
ORD0011171,1,voucher,3,300.07
ORD0011172,1,voucher,10,188.52
ORD0011173,1,credit_card,4,432.12
ORD0011174,1,credit_card,1,174.14999999999998
ORD0011175,1,credit_card,7,45.03
ORD0011176,1,debit_card,11,88.92
ORD0011177,1,debit_card,1,172.53
ORD0011178,1,boleto,6,211.2
ORD0011179,1,boleto,9,806.64
ORD0011180,1,voucher,4,482.99
ORD0011181,1,credit_card,9,209.56
ORD0011182,1,debit_card,3,289.2
ORD0011183,1,voucher,1,203.75
ORD0011184,1,voucher,5,118.4
ORD0011185,1,debit_card,10,150.0
ORD0011186,1,debit_card,10,353.4
ORD0011187,1,boleto,1,249.29
ORD0011188,1,debit_card,6,102.08
ORD0011189,1,boleto,1,303.12
ORD0011190,1,debit_card,9,652.39
ORD0011191,1,credit_card,7,125.26
ORD0011192,1,credit_card,4,505.23
ORD0011193,1,voucher,4,188.52
ORD0011194,1,voucher,9,182.76
ORD0011195,1,voucher,10,188.26
ORD0011196,1,voucher,10,1055.82
ORD0011197,1,debit_card,11,354.58000000000004
ORD0011198,1,debit_card,5,22.25
ORD0011199,1,credit_card,8,443.32
ORD0011200,1,credit_card,3,613.78
ORD0011201,1,credit_card,6,1021.3799999999999
ORD0011202,1,boleto,3,32.82
ORD0011203,1,debit_card,8,309.0
ORD0011204,1,credit_card,7,88.83
ORD0011205,1,debit_card,4,533.64
ORD0011206,1,credit_card,1,174.86
ORD0011207,1,credit_card,1,668.01
ORD0011208,1,boleto,1,525.52
ORD0011209,1,credit_card,10,72.78
ORD0011210,1,boleto,1,183.54
ORD0011211,1,voucher,9,167.91
ORD0011212,1,boleto,11,856.7
ORD0011213,1,boleto,3,843.99
ORD0011214,1,debit_card,9,56.72
ORD0011215,1,voucher,12,102.43
ORD0011216,1,boleto,11,127.04
ORD0011217,1,boleto,10,51.6
ORD0011218,1,voucher,4,418.85999999999996
ORD0011219,1,credit_card,6,186.5
ORD0011220,1,boleto,5,1636.83
ORD0011221,1,boleto,4,394.14
ORD0011222,1,boleto,7,433.32
ORD0011223,1,debit_card,5,224.61
ORD0011224,1,credit_card,10,38.46
ORD0011225,1,voucher,5,216.06
ORD0011226,1,boleto,5,211.02
ORD0011227,1,credit_card,9,192.67000000000002
ORD0011228,1,voucher,9,383.24
ORD0011229,1,credit_card,8,67.41
ORD0011230,1,debit_card,12,169.22
ORD0011231,1,debit_card,2,45.6
ORD0011232,1,debit_card,5,337.83
ORD0011233,1,credit_card,2,716.9200000000001
ORD0011234,1,debit_card,4,41.65
ORD0011235,1,debit_card,11,1761.54
ORD0011236,1,voucher,9,40.64
ORD0011237,1,credit_card,8,673.35
ORD0011238,1,voucher,10,169.72
ORD0011239,1,voucher,9,45.21
ORD0011240,1,debit_card,3,644.6800000000001
ORD0011241,1,debit_card,2,1366.53
ORD0011242,1,debit_card,9,362.42
ORD0011243,1,boleto,3,349.28
ORD0011244,1,voucher,3,597.72
ORD0011245,1,credit_card,6,140.22
ORD0011246,1,credit_card,7,152.97
ORD0011247,1,voucher,11,116.87
ORD0011248,1,credit_card,6,177.24
ORD0011249,1,voucher,1,985.16
ORD0011250,1,debit_card,10,132.71
ORD0011251,1,credit_card,3,438.96
ORD0011252,1,debit_card,7,645.51
ORD0011253,1,debit_card,7,515.4300000000001
ORD0011254,1,voucher,10,615.24
ORD0011255,1,credit_card,9,1393.4399999999998
ORD0011256,1,boleto,2,371.48
ORD0011257,1,credit_card,6,82.31
ORD0011258,1,debit_card,8,1016.78
ORD0011259,1,debit_card,11,467.76
ORD0011260,1,credit_card,5,91.23
ORD0011261,1,credit_card,10,390.49
ORD0011262,1,boleto,1,791.0999999999999
ORD0011263,1,voucher,10,76.09
ORD0011264,1,voucher,8,182.75
ORD0011265,1,voucher,1,453.52000000000004
ORD0011266,1,boleto,5,127.17
ORD0011267,1,boleto,9,880.15
ORD0011268,1,boleto,9,889.92
ORD0011269,1,voucher,9,93.21
ORD0011270,1,credit_card,4,218.89
ORD0011271,1,boleto,6,99.6
ORD0011272,1,debit_card,10,43.31
ORD0011273,1,debit_card,12,30.16
ORD0011274,1,boleto,9,180.07
ORD0011275,1,boleto,4,823.26
ORD0011276,1,credit_card,6,55.21
ORD0011277,1,debit_card,11,89.91999999999999
ORD0011278,1,voucher,11,245.61
ORD0011279,1,boleto,8,70.58
ORD0011280,1,debit_card,10,2347.98
ORD0011281,1,debit_card,1,304.54
ORD0011282,1,credit_card,8,288.86
ORD0011283,1,debit_card,10,511.7900000000001
ORD0011284,1,debit_card,8,332.89
ORD0011285,1,debit_card,8,2062.27
ORD0011286,1,debit_card,2,250.95
ORD0011287,1,debit_card,7,1349.05
ORD0011288,1,voucher,11,445.36
ORD0011289,1,voucher,7,134.06
ORD0011290,1,boleto,5,116.31
ORD0011291,1,credit_card,1,275.6
ORD0011292,1,credit_card,6,121.49
ORD0011293,1,voucher,10,86.15
ORD0011294,1,credit_card,1,1359.51
ORD0011295,1,voucher,4,918.74
ORD0011296,1,credit_card,9,288.25
ORD0011297,1,voucher,1,477.14
ORD0011298,1,debit_card,11,719.7299999999999
ORD0011299,1,boleto,11,200.53
ORD0011300,1,voucher,2,183.51
ORD0011301,1,voucher,6,183.44
ORD0011302,1,debit_card,2,119.31
ORD0011303,1,credit_card,9,74.42
ORD0011304,1,debit_card,10,125.39
ORD0011305,1,debit_card,2,237.8
ORD0011306,1,debit_card,11,138.07999999999998
ORD0011307,1,voucher,11,962.1399999999999
ORD0011308,1,credit_card,8,109.56
ORD0011309,1,voucher,5,111.07
ORD0011310,1,credit_card,5,206.75
ORD0011311,1,voucher,6,214.4
ORD0011312,1,voucher,12,499.52
ORD0011313,1,boleto,1,643.71
ORD0011314,1,debit_card,9,761.1
ORD0011315,1,credit_card,12,196.73000000000002
ORD0011316,1,credit_card,5,384.98
ORD0011317,1,debit_card,2,56.79
ORD0011318,1,boleto,11,318.13
ORD0011319,1,voucher,3,89.78
ORD0011320,1,voucher,8,453.12
ORD0011321,1,boleto,8,260.54999999999995
ORD0011322,1,credit_card,6,276.71000000000004
ORD0011323,1,credit_card,4,80.9
ORD0011324,1,boleto,7,553.87
ORD0011325,1,voucher,4,85.89
ORD0011326,1,voucher,2,562.29
ORD0011327,1,voucher,12,1111.8200000000002
ORD0011328,1,voucher,3,56.07
ORD0011329,1,boleto,1,376.33000000000004
ORD0011330,1,credit_card,1,129.23
ORD0011331,1,credit_card,10,140.92
ORD0011332,1,voucher,8,225.14000000000001
ORD0011333,1,boleto,3,911.2
ORD0011334,1,voucher,7,59.85
ORD0011335,1,debit_card,6,243.2
ORD0011336,1,boleto,6,220.76
ORD0011337,1,debit_card,5,174.32
ORD0011338,1,voucher,1,365.12
ORD0011339,1,voucher,10,1064.38
ORD0011340,1,credit_card,6,563.32
ORD0011341,1,voucher,1,97.72
ORD0011342,1,debit_card,6,194.25
ORD0011343,1,credit_card,12,534.2299999999999
ORD0011344,1,boleto,10,121.2
ORD0011345,1,boleto,11,141.67000000000002
ORD0011346,1,credit_card,5,19.21
ORD0011347,1,debit_card,3,298.94
ORD0011348,1,voucher,6,792.0
ORD0011349,1,credit_card,11,70.46
ORD0011350,1,debit_card,9,250.68
ORD0011351,1,boleto,12,124.68
ORD0011352,1,voucher,3,322.71000000000004
ORD0011353,1,boleto,10,893.8
ORD0011354,1,voucher,11,934.8399999999999
ORD0011355,1,voucher,2,152.27
ORD0011356,1,voucher,9,768.73
ORD0011357,1,credit_card,2,90.52
ORD0011358,1,credit_card,6,1431.0
ORD0011359,1,debit_card,10,32.7
ORD0011360,1,debit_card,10,90.54
ORD0011361,1,credit_card,2,50.44
ORD0011362,1,debit_card,2,377.16
ORD0011363,1,debit_card,1,652.0
ORD0011364,1,debit_card,1,180.82
ORD0011365,1,credit_card,8,353.07
ORD0011366,1,voucher,12,113.57
ORD0011367,1,voucher,2,763.6500000000001
ORD0011368,1,boleto,10,378.86
ORD0011369,1,boleto,12,118.02
ORD0011370,1,debit_card,7,69.66
ORD0011371,1,debit_card,8,334.23
ORD0011372,1,boleto,3,878.68
ORD0011373,1,debit_card,1,179.45
ORD0011374,1,debit_card,9,151.65
ORD0011375,1,credit_card,7,429.38
ORD0011376,1,credit_card,10,616.29
ORD0011377,1,voucher,7,90.07
ORD0011378,1,boleto,1,222.16
ORD0011379,1,voucher,1,56.38
ORD0011380,1,voucher,1,203.1
ORD0011381,1,debit_card,1,124.19
ORD0011382,1,debit_card,8,112.98
ORD0011383,1,debit_card,2,341.08
ORD0011384,1,voucher,1,716.86
ORD0011385,1,voucher,5,325.88
ORD0011386,1,credit_card,12,222.39
ORD0011387,1,boleto,3,50.85
ORD0011388,1,boleto,11,99.63
ORD0011389,1,debit_card,5,56.07
ORD0011390,1,voucher,8,251.74
ORD0011391,1,boleto,3,433.24
ORD0011392,1,debit_card,2,266.90999999999997
ORD0011393,1,debit_card,11,398.58000000000004
ORD0011394,1,credit_card,8,88.38
ORD0011395,1,boleto,9,81.25
ORD0011396,1,voucher,8,524.86
ORD0011397,1,debit_card,3,238.51999999999998
ORD0011398,1,boleto,9,423.96
ORD0011399,1,credit_card,10,31.09
ORD0011400,1,debit_card,2,282.72
ORD0011401,1,credit_card,7,755.98
ORD0011402,1,boleto,9,385.62
ORD0011403,1,boleto,7,83.12
ORD0011404,1,credit_card,11,534.77
ORD0011405,1,boleto,3,145.56
ORD0011406,1,boleto,6,128.1
ORD0011407,1,credit_card,3,101.76
ORD0011408,1,credit_card,3,160.29
ORD0011409,1,credit_card,7,551.38
ORD0011410,1,credit_card,9,71.78
ORD0011411,1,debit_card,6,31.18
ORD0011412,1,debit_card,8,792.23
ORD0011413,1,voucher,7,174.28
ORD0011414,1,voucher,9,157.8
ORD0011415,1,boleto,10,350.94
ORD0011416,1,debit_card,6,381.85
ORD0011417,1,voucher,2,871.0799999999999
ORD0011418,1,boleto,12,570.48
ORD0011419,1,credit_card,5,243.2
ORD0011420,1,credit_card,11,143.04
ORD0011421,1,boleto,10,119.88
ORD0011422,1,boleto,7,128.01
ORD0011423,1,debit_card,2,47.730000000000004
ORD0011424,1,voucher,3,657.78
ORD0011425,1,boleto,8,751.41
ORD0011426,1,voucher,1,98.06
ORD0011427,1,boleto,11,307.36
ORD0011428,1,boleto,6,767.97
ORD0011429,1,boleto,7,1004.15
ORD0011430,1,voucher,4,461.2
ORD0011431,1,credit_card,4,66.19
ORD0011432,1,debit_card,12,112.88
ORD0011433,1,boleto,10,107.03
ORD0011434,1,voucher,11,478.54
ORD0011435,1,debit_card,10,520.72
ORD0011436,1,debit_card,6,179.51
ORD0011437,1,boleto,9,813.1800000000001
ORD0011438,1,debit_card,10,149.83
ORD0011439,1,debit_card,8,1347.1
ORD0011440,1,credit_card,9,123.92
ORD0011441,1,boleto,9,150.14999999999998
ORD0011442,1,voucher,3,290.78
ORD0011443,1,voucher,7,250.16
ORD0011444,1,debit_card,4,335.72
ORD0011445,1,voucher,6,358.12
ORD0011446,1,credit_card,6,106.36
ORD0011447,1,boleto,12,1173.3200000000002
ORD0011448,1,credit_card,1,533.5999999999999
ORD0011449,1,debit_card,7,257.08
ORD0011450,1,debit_card,5,102.39
ORD0011451,1,boleto,10,428.3
ORD0011452,1,debit_card,10,117.29
ORD0011453,1,voucher,9,84.27
ORD0011454,1,boleto,11,214.27999999999997
ORD0011455,1,debit_card,8,111.36
ORD0011456,1,voucher,6,1124.75
ORD0011457,1,debit_card,11,314.18
ORD0011458,1,credit_card,1,65.64
ORD0011459,1,debit_card,6,16.79
ORD0011460,1,debit_card,3,873.51
ORD0011461,1,debit_card,8,199.56
ORD0011462,1,debit_card,9,97.6
ORD0011463,1,credit_card,9,519.06
ORD0011464,1,voucher,2,1078.33
ORD0011465,1,credit_card,1,638.36
ORD0011466,1,credit_card,8,911.0500000000001
ORD0011467,1,debit_card,1,332.08
ORD0011468,1,boleto,7,113.25999999999999
ORD0011469,1,credit_card,12,49.03
ORD0011470,1,debit_card,10,176.32
ORD0011471,1,voucher,10,293.99
ORD0011472,1,credit_card,8,179.82
ORD0011473,1,credit_card,8,43.349999999999994
ORD0011474,1,boleto,12,401.76
ORD0011475,1,credit_card,7,443.92
ORD0011476,1,boleto,9,26.62
ORD0011477,1,boleto,2,218.14000000000001
ORD0011478,1,boleto,12,173.8
ORD0011479,1,voucher,2,77.1
ORD0011480,1,credit_card,2,140.38
ORD0011481,1,debit_card,12,71.34
ORD0011482,1,debit_card,12,1711.31
ORD0011483,1,credit_card,10,28.81
ORD0011484,1,boleto,9,579.53
ORD0011485,1,credit_card,11,1060.24
ORD0011486,1,credit_card,5,502.2
ORD0011487,1,credit_card,4,269.34000000000003
ORD0011488,1,boleto,2,78.07
ORD0011489,1,voucher,8,163.84
ORD0011490,1,credit_card,4,259.39
ORD0011491,1,credit_card,6,81.17
ORD0011492,1,credit_card,1,76.04
ORD0011493,1,boleto,12,31.09
ORD0011494,1,debit_card,11,126.3
ORD0011495,1,voucher,4,126.18
ORD0011496,1,voucher,8,117.14
ORD0011497,1,credit_card,1,1193.55
ORD0011498,1,boleto,2,117.14
ORD0011499,1,credit_card,1,54.78
ORD0011500,1,voucher,12,546.3
ORD0011501,1,boleto,6,106.39
ORD0011502,1,debit_card,6,692.12
ORD0011503,1,boleto,3,90.26
ORD0011504,1,voucher,4,931.04
ORD0011505,1,voucher,5,130.63
ORD0011506,1,boleto,1,123.34
ORD0011507,1,credit_card,4,40.97
ORD0011508,1,voucher,4,266.43
ORD0011509,1,credit_card,9,814.6500000000001
ORD0011510,1,voucher,5,1022.72
ORD0011511,1,boleto,10,775.05
ORD0011512,1,credit_card,6,218.34
ORD0011513,1,boleto,3,225.96
ORD0011514,1,boleto,11,631.63
ORD0011515,1,debit_card,4,239.96
ORD0011516,1,debit_card,12,1079.35
ORD0011517,1,debit_card,1,229.65
ORD0011518,1,boleto,9,1137.9
ORD0011519,1,credit_card,3,649.62
ORD0011520,1,voucher,7,99.8
ORD0011521,1,debit_card,10,383.67999999999995
ORD0011522,1,boleto,3,57.18
ORD0011523,1,debit_card,3,70.18
ORD0011524,1,debit_card,5,44.46
ORD0011525,1,debit_card,5,382.59
ORD0011526,1,debit_card,7,162.89
ORD0011527,1,boleto,12,217.44
ORD0011528,1,credit_card,7,144.48
ORD0011529,1,credit_card,1,35.34
ORD0011530,1,credit_card,12,171.35999999999999
ORD0011531,1,boleto,7,213.85999999999999
ORD0011532,1,credit_card,12,197.59
ORD0011533,1,boleto,6,72.13
ORD0011534,1,credit_card,8,107.03
ORD0011535,1,voucher,12,535.86
ORD0011536,1,voucher,2,94.93
ORD0011537,1,voucher,3,314.06
ORD0011538,1,debit_card,12,353.02
ORD0011539,1,boleto,12,467.42
ORD0011540,1,credit_card,4,364.02
ORD0011541,1,boleto,5,89.17
ORD0011542,1,boleto,1,1379.5600000000002
ORD0011543,1,voucher,11,124.28
ORD0011544,1,credit_card,11,204.78
ORD0011545,1,debit_card,12,70.56
ORD0011546,1,boleto,1,272.24
ORD0011547,1,voucher,9,340.87
ORD0011548,1,boleto,8,1713.4
ORD0011549,1,boleto,7,1104.04
ORD0011550,1,voucher,6,213.54
ORD0011551,1,credit_card,8,359.74
ORD0011552,1,credit_card,1,488.43999999999994
ORD0011553,1,credit_card,8,30.02
ORD0011554,1,voucher,5,349.88
ORD0011555,1,voucher,6,156.24
ORD0011556,1,debit_card,9,252.12
ORD0011557,1,voucher,1,128.21
ORD0011558,1,credit_card,1,418.16999999999996
ORD0011559,1,debit_card,10,901.9499999999999
ORD0011560,1,voucher,5,70.22
ORD0011561,1,credit_card,4,723.72
ORD0011562,1,voucher,4,4211.9
ORD0011563,1,debit_card,11,58.09
ORD0011564,1,credit_card,5,123.13
ORD0011565,1,voucher,10,336.96
ORD0011566,1,boleto,11,108.04
ORD0011567,1,debit_card,4,307.02
ORD0011568,1,voucher,8,177.26
ORD0011569,1,debit_card,8,497.52
ORD0011570,1,voucher,12,289.38
ORD0011571,1,boleto,4,377.45
ORD0011572,1,voucher,8,403.08000000000004
ORD0011573,1,voucher,11,115.12
ORD0011574,1,credit_card,9,284.46
ORD0011575,1,credit_card,4,136.12
ORD0011576,1,debit_card,8,228.86
ORD0011577,1,debit_card,10,142.31
ORD0011578,1,debit_card,2,677.68
ORD0011579,1,voucher,10,67.33
ORD0011580,1,boleto,4,270.75
ORD0011581,1,credit_card,5,742.22
ORD0011582,1,debit_card,3,228.23
ORD0011583,1,credit_card,2,1245.61
ORD0011584,1,credit_card,8,44.9
ORD0011585,1,debit_card,7,905.7
ORD0011586,1,credit_card,3,160.31
ORD0011587,1,boleto,2,118.56
ORD0011588,1,credit_card,4,212.39
ORD0011589,1,voucher,9,213.71999999999997
ORD0011590,1,boleto,3,225.09
ORD0011591,1,voucher,11,257.28
ORD0011592,1,debit_card,6,272.46
ORD0011593,1,debit_card,12,1689.48
ORD0011594,1,voucher,8,70.56
ORD0011595,1,voucher,3,415.46000000000004
ORD0011596,1,boleto,6,36.68
ORD0011597,1,boleto,11,533.63
ORD0011598,1,voucher,4,186.63
ORD0011599,1,boleto,9,110.8
ORD0011600,1,voucher,6,183.12
ORD0011601,1,debit_card,9,217.63
ORD0011602,1,voucher,12,876.71
ORD0011603,1,debit_card,8,40.26
ORD0011604,1,boleto,7,59.72
ORD0011605,1,voucher,6,184.88
ORD0011606,1,voucher,11,1177.26
ORD0011607,1,voucher,11,352.75
ORD0011608,1,boleto,12,431.76
ORD0011609,1,debit_card,1,69.88
ORD0011610,1,credit_card,6,73.5
ORD0011611,1,credit_card,6,58.7
ORD0011612,1,voucher,3,99.63
ORD0011613,1,credit_card,4,989.21
ORD0011614,1,credit_card,1,36.3
ORD0011615,1,credit_card,7,106.7
ORD0011616,1,boleto,11,121.98
ORD0011617,1,credit_card,7,239.83999999999997
ORD0011618,1,voucher,1,382.68999999999994
ORD0011619,1,voucher,4,595.89
ORD0011620,1,voucher,4,70.94
ORD0011621,1,voucher,1,883.48
ORD0011622,1,voucher,9,111.36
ORD0011623,1,voucher,6,703.4300000000001
ORD0011624,1,voucher,7,102.51
ORD0011625,1,voucher,5,619.6600000000001
ORD0011626,1,debit_card,5,57.96
ORD0011627,1,boleto,7,158.97
ORD0011628,1,debit_card,2,38.6
ORD0011629,1,credit_card,10,208.35000000000002
ORD0011630,1,debit_card,11,66.93
ORD0011631,1,debit_card,11,141.93
ORD0011632,1,debit_card,5,646.03
ORD0011633,1,credit_card,7,283.68
ORD0011634,1,debit_card,9,284.46
ORD0011635,1,boleto,3,23.11
ORD0011636,1,debit_card,7,624.84
ORD0011637,1,credit_card,5,153.28
ORD0011638,1,voucher,1,377.16
ORD0011639,1,credit_card,9,60.3
ORD0011640,1,boleto,3,58.09
ORD0011641,1,voucher,4,463.79999999999995
ORD0011642,1,voucher,5,394.15
ORD0011643,1,boleto,10,344.84
ORD0011644,1,voucher,2,266.72
ORD0011645,1,voucher,10,1569.0
ORD0011646,1,boleto,6,268.18
ORD0011647,1,boleto,12,415.28999999999996
ORD0011648,1,credit_card,2,153.06
ORD0011649,1,voucher,4,196.11
ORD0011650,1,voucher,3,255.15
ORD0011651,1,credit_card,10,796.9
ORD0011652,1,boleto,12,66.1
ORD0011653,1,debit_card,11,473.62
ORD0011654,1,voucher,12,377.02
ORD0011655,1,debit_card,7,745.86
ORD0011656,1,debit_card,3,491.42
ORD0011657,1,voucher,4,184.05
ORD0011658,1,voucher,11,85.92
ORD0011659,1,credit_card,4,227.14
ORD0011660,1,boleto,7,710.78
ORD0011661,1,credit_card,1,634.95
ORD0011662,1,credit_card,7,475.02
ORD0011663,1,boleto,4,165.63
ORD0011664,1,debit_card,12,546.16
ORD0011665,1,boleto,12,1220.25
ORD0011666,1,credit_card,6,505.17
ORD0011667,1,voucher,11,205.02
ORD0011668,1,boleto,6,1780.48
ORD0011669,1,debit_card,4,152.24
ORD0011670,1,credit_card,4,141.94
ORD0011671,1,boleto,9,180.46
ORD0011672,1,credit_card,10,651.48
ORD0011673,1,voucher,12,585.61
ORD0011674,1,debit_card,3,645.4
ORD0011675,1,voucher,7,98.8
ORD0011676,1,credit_card,12,73.17
ORD0011677,1,boleto,3,498.6
ORD0011678,1,debit_card,10,40.43
ORD0011679,1,boleto,2,593.32
ORD0011680,1,boleto,1,264.78
ORD0011681,1,boleto,9,527.24
ORD0011682,1,debit_card,5,27.53
ORD0011683,1,credit_card,5,215.28
ORD0011684,1,boleto,8,834.0300000000001
ORD0011685,1,boleto,11,898.1700000000001
ORD0011686,1,debit_card,1,115.05
ORD0011687,1,credit_card,11,421.95
ORD0011688,1,voucher,11,1171.0700000000002
ORD0011689,1,voucher,11,903.1
ORD0011690,1,debit_card,5,2872.0899999999997
ORD0011691,1,voucher,12,369.6
ORD0011692,1,debit_card,12,203.56
ORD0011693,1,credit_card,11,112.0
ORD0011694,1,credit_card,3,309.08
ORD0011695,1,credit_card,2,548.25
ORD0011696,1,voucher,2,224.61
ORD0011697,1,debit_card,10,1727.3600000000001
ORD0011698,1,debit_card,8,35.84
ORD0011699,1,credit_card,7,733.61
ORD0011700,1,voucher,2,547.96
ORD0011701,1,credit_card,3,90.07
ORD0011702,1,credit_card,9,109.6
ORD0011703,1,debit_card,7,99.97999999999999
ORD0011704,1,credit_card,3,1241.4099999999999
ORD0011705,1,credit_card,11,54.11
ORD0011706,1,debit_card,8,31.01
ORD0011707,1,boleto,6,783.04
ORD0011708,1,voucher,1,216.96
ORD0011709,1,boleto,9,117.97
ORD0011710,1,boleto,11,911.3299999999999
ORD0011711,1,debit_card,2,180.52
ORD0011712,1,debit_card,4,155.08
ORD0011713,1,boleto,7,98.27
ORD0011714,1,voucher,11,46.019999999999996
ORD0011715,1,debit_card,8,252.64
ORD0011716,1,voucher,4,169.0
ORD0011717,1,debit_card,5,281.82
ORD0011718,1,credit_card,10,306.87
ORD0011719,1,credit_card,3,376.21000000000004
ORD0011720,1,credit_card,12,218.47
ORD0011721,1,voucher,3,168.0
ORD0011722,1,credit_card,8,110.95
ORD0011723,1,boleto,6,1106.79
ORD0011724,1,debit_card,6,783.8100000000001
ORD0011725,1,credit_card,9,491.7
ORD0011726,1,boleto,6,1091.8899999999999
ORD0011727,1,debit_card,10,1184.5700000000002
ORD0011728,1,voucher,9,16.56
ORD0011729,1,credit_card,2,411.78
ORD0011730,1,boleto,6,63.84
ORD0011731,1,voucher,5,169.18
ORD0011732,1,credit_card,2,77.19
ORD0011733,1,boleto,12,36.68
ORD0011734,1,voucher,9,365.1
ORD0011735,1,credit_card,8,186.42
ORD0011736,1,voucher,7,55.07
ORD0011737,1,voucher,5,909.72
ORD0011738,1,credit_card,7,578.72
ORD0011739,1,voucher,11,102.5
ORD0011740,1,voucher,6,1476.9
ORD0011741,1,credit_card,6,203.04
ORD0011742,1,boleto,3,1296.3899999999999
ORD0011743,1,boleto,6,529.56
ORD0011744,1,credit_card,1,411.98
ORD0011745,1,debit_card,12,1575.05
ORD0011746,1,boleto,1,127.08
ORD0011747,1,debit_card,4,146.9
ORD0011748,1,debit_card,5,544.92
ORD0011749,1,voucher,6,197.25
ORD0011750,1,debit_card,4,125.61000000000001
ORD0011751,1,debit_card,9,387.86
ORD0011752,1,debit_card,11,460.02
ORD0011753,1,credit_card,5,33.12
ORD0011754,1,boleto,10,462.24
ORD0011755,1,voucher,5,100.28
ORD0011756,1,credit_card,3,980.1000000000001
ORD0011757,1,debit_card,8,179.16
ORD0011758,1,voucher,8,519.9000000000001
ORD0011759,1,credit_card,1,994.06
ORD0011760,1,boleto,10,2430.81
ORD0011761,1,debit_card,11,355.39
ORD0011762,1,voucher,2,507.52
ORD0011763,1,boleto,9,72.6
ORD0011764,1,voucher,8,240.34
ORD0011765,1,voucher,10,248.73
ORD0011766,1,debit_card,1,492.65
ORD0011767,1,boleto,2,97.96
ORD0011768,1,voucher,7,277.29
ORD0011769,1,boleto,7,1028.0
ORD0011770,1,boleto,4,299.77
ORD0011771,1,boleto,10,94.64
ORD0011772,1,boleto,12,174.65
ORD0011773,1,debit_card,6,116.15
ORD0011774,1,credit_card,2,715.81
ORD0011775,1,debit_card,10,158.6
ORD0011776,1,credit_card,11,156.9
ORD0011777,1,credit_card,7,154.46
ORD0011778,1,voucher,11,1017.03
ORD0011779,1,credit_card,9,77.28
ORD0011780,1,credit_card,11,328.34000000000003
ORD0011781,1,boleto,5,756.89
ORD0011782,1,boleto,10,249.3
ORD0011783,1,debit_card,11,101.48
ORD0011784,1,debit_card,2,440.46
ORD0011785,1,debit_card,3,464.08
ORD0011786,1,voucher,6,285.9
ORD0011787,1,debit_card,5,303.96
ORD0011788,1,boleto,7,143.05
ORD0011789,1,credit_card,6,61.86
ORD0011790,1,voucher,12,80.2
ORD0011791,1,credit_card,11,216.08
ORD0011792,1,credit_card,10,279.87
ORD0011793,1,boleto,3,160.62
ORD0011794,1,boleto,3,129.35
ORD0011795,1,credit_card,10,530.96
ORD0011796,1,boleto,11,68.44
ORD0011797,1,voucher,2,926.19
ORD0011798,1,credit_card,2,170.54
ORD0011799,1,debit_card,9,741.48
ORD0011800,1,credit_card,2,31.55
ORD0011801,1,credit_card,3,50.37
ORD0011802,1,credit_card,10,261.95
ORD0011803,1,voucher,6,172.85
ORD0011804,1,debit_card,2,50.35
ORD0011805,1,voucher,11,191.7
ORD0011806,1,boleto,7,64.23
ORD0011807,1,debit_card,10,803.1400000000001
ORD0011808,1,voucher,10,1800.3900000000003
ORD0011809,1,debit_card,8,970.1000000000001
ORD0011810,1,boleto,11,110.5
ORD0011811,1,boleto,12,528.47
ORD0011812,1,debit_card,4,59.24
ORD0011813,1,debit_card,3,202.39
ORD0011814,1,voucher,4,497.01
ORD0011815,1,debit_card,4,65.4
ORD0011816,1,debit_card,11,267.88
ORD0011817,1,credit_card,4,454.08
ORD0011818,1,credit_card,3,228.36
ORD0011819,1,voucher,6,250.87
ORD0011820,1,boleto,11,93.46
ORD0011821,1,boleto,1,147.47
ORD0011822,1,voucher,6,271.97
ORD0011823,1,boleto,7,175.14
ORD0011824,1,credit_card,5,195.53
ORD0011825,1,credit_card,12,126.17
ORD0011826,1,boleto,12,414.96
ORD0011827,1,debit_card,12,196.11
ORD0011828,1,debit_card,10,850.28
ORD0011829,1,credit_card,4,360.66
ORD0011830,1,boleto,12,59.41
ORD0011831,1,debit_card,4,73.0
ORD0011832,1,debit_card,10,188.65
ORD0011833,1,debit_card,4,154.79
ORD0011834,1,credit_card,4,19.09
ORD0011835,1,voucher,8,215.34
ORD0011836,1,voucher,9,116.76
ORD0011837,1,voucher,10,297.72
ORD0011838,1,debit_card,3,497.5
ORD0011839,1,credit_card,8,1379.14
ORD0011840,1,boleto,7,381.56
ORD0011841,1,debit_card,8,401.1
ORD0011842,1,debit_card,4,233.56
ORD0011843,1,debit_card,1,219.26
ORD0011844,1,voucher,4,262.62
ORD0011845,1,boleto,6,139.91
ORD0011846,1,voucher,12,40.97
ORD0011847,1,debit_card,2,1238.95
ORD0011848,1,debit_card,8,69.48
ORD0011849,1,debit_card,1,113.59
ORD0011850,1,voucher,1,957.25
ORD0011851,1,boleto,5,318.99
ORD0011852,1,debit_card,3,1079.34
ORD0011853,1,debit_card,11,1473.78
ORD0011854,1,voucher,1,1226.38
ORD0011855,1,credit_card,10,199.74
ORD0011856,1,debit_card,7,411.6
ORD0011857,1,voucher,5,663.25
ORD0011858,1,boleto,3,224.79000000000002
ORD0011859,1,credit_card,5,71.49
ORD0011860,1,credit_card,8,1103.45
ORD0011861,1,voucher,9,125.29
ORD0011862,1,voucher,7,314.52
ORD0011863,1,voucher,4,1053.8
ORD0011864,1,boleto,6,395.67999999999995
ORD0011865,1,debit_card,9,698.1999999999999
ORD0011866,1,voucher,10,618.24
ORD0011867,1,boleto,6,782.1300000000001
ORD0011868,1,credit_card,11,345.69
ORD0011869,1,debit_card,9,1006.1500000000001
ORD0011870,1,debit_card,4,39.68
ORD0011871,1,debit_card,1,340.45
ORD0011872,1,debit_card,10,487.95000000000005
ORD0011873,1,credit_card,1,291.11
ORD0011874,1,voucher,1,264.78
ORD0011875,1,boleto,7,783.55
ORD0011876,1,boleto,9,91.56
ORD0011877,1,debit_card,7,625.54
ORD0011878,1,debit_card,5,187.28
ORD0011879,1,debit_card,7,58.35
ORD0011880,1,voucher,4,44.79
ORD0011881,1,credit_card,1,386.99
ORD0011882,1,voucher,12,309.33
ORD0011883,1,voucher,3,397.69
ORD0011884,1,boleto,2,587.12
ORD0011885,1,credit_card,12,187.98000000000002
ORD0011886,1,boleto,12,368.84
ORD0011887,1,credit_card,9,187.99
ORD0011888,1,voucher,9,145.67
ORD0011889,1,voucher,7,353.65
ORD0011890,1,credit_card,12,1402.4099999999999
ORD0011891,1,debit_card,5,1173.21
ORD0011892,1,boleto,7,532.53
ORD0011893,1,credit_card,9,209.07
ORD0011894,1,credit_card,4,54.48
ORD0011895,1,debit_card,3,680.2
ORD0011896,1,credit_card,2,244.58
ORD0011897,1,boleto,2,94.38
ORD0011898,1,boleto,3,223.37
ORD0011899,1,voucher,7,1202.2
ORD0011900,1,debit_card,7,1304.15
ORD0011901,1,boleto,8,213.51999999999998
ORD0011902,1,credit_card,11,78.36
ORD0011903,1,debit_card,1,116.17
ORD0011904,1,voucher,1,427.26
ORD0011905,1,credit_card,11,1155.54
ORD0011906,1,debit_card,1,196.9
ORD0011907,1,boleto,8,770.73
ORD0011908,1,boleto,4,334.67
ORD0011909,1,credit_card,10,215.92999999999998
ORD0011910,1,debit_card,9,66.68
ORD0011911,1,credit_card,10,303.94
ORD0011912,1,debit_card,5,493.96
ORD0011913,1,credit_card,10,305.48
ORD0011914,1,debit_card,7,1014.8299999999999
ORD0011915,1,voucher,3,101.34
ORD0011916,1,boleto,3,281.18
ORD0011917,1,voucher,9,398.37
ORD0011918,1,voucher,9,202.65
ORD0011919,1,debit_card,11,238.07
ORD0011920,1,credit_card,11,438.0
ORD0011921,1,boleto,8,62.16
ORD0011922,1,debit_card,8,224.57999999999998
ORD0011923,1,voucher,11,200.23
ORD0011924,1,debit_card,5,50.35
ORD0011925,1,credit_card,4,209.64
ORD0011926,1,credit_card,2,122.25
ORD0011927,1,voucher,4,610.34
ORD0011928,1,credit_card,9,430.42999999999995
ORD0011929,1,debit_card,6,144.35999999999999
ORD0011930,1,voucher,9,467.76
ORD0011931,1,debit_card,5,132.32999999999998
ORD0011932,1,debit_card,2,621.53
ORD0011933,1,boleto,12,1185.26
ORD0011934,1,debit_card,6,454.36
ORD0011935,1,voucher,6,100.8
ORD0011936,1,debit_card,10,1137.3000000000002
ORD0011937,1,boleto,12,548.43
ORD0011938,1,boleto,9,238.62
ORD0011939,1,debit_card,7,646.89
ORD0011940,1,voucher,12,701.5999999999999
ORD0011941,1,credit_card,6,53.67
ORD0011942,1,credit_card,2,162.6
ORD0011943,1,debit_card,4,144.0
ORD0011944,1,debit_card,3,355.31
ORD0011945,1,voucher,11,82.86
ORD0011946,1,voucher,8,383.14
ORD0011947,1,boleto,3,115.6
ORD0011948,1,boleto,6,347.35
ORD0011949,1,voucher,2,358.3
ORD0011950,1,voucher,3,28.7
ORD0011951,1,credit_card,12,1619.2
ORD0011952,1,credit_card,1,76.86
ORD0011953,1,debit_card,10,42.72
ORD0011954,1,voucher,9,48.5
ORD0011955,1,credit_card,5,207.48
ORD0011956,1,credit_card,4,174.88
ORD0011957,1,credit_card,12,857.7099999999999
ORD0011958,1,credit_card,12,81.0
ORD0011959,1,credit_card,2,305.48
ORD0011960,1,boleto,7,437.01
ORD0011961,1,boleto,11,335.65
ORD0011962,1,debit_card,6,579.42
ORD0011963,1,debit_card,5,417.89
ORD0011964,1,voucher,9,205.32
ORD0011965,1,voucher,9,169.3
ORD0011966,1,credit_card,9,266.21
ORD0011967,1,debit_card,6,322.7
ORD0011968,1,voucher,11,85.18
ORD0011969,1,credit_card,5,700.15
ORD0011970,1,credit_card,7,204.18
ORD0011971,1,credit_card,2,69.69
ORD0011972,1,debit_card,1,130.98
ORD0011973,1,boleto,8,231.89999999999998
ORD0011974,1,credit_card,5,217.4
ORD0011975,1,voucher,8,263.7
ORD0011976,1,voucher,7,107.52
ORD0011977,1,debit_card,6,197.66
ORD0011978,1,boleto,2,67.19
ORD0011979,1,boleto,1,46.81
ORD0011980,1,voucher,1,371.94
ORD0011981,1,credit_card,12,188.38
ORD0011982,1,debit_card,6,133.93
ORD0011983,1,boleto,11,952.45
ORD0011984,1,debit_card,3,201.76
ORD0011985,1,credit_card,12,14.07
ORD0011986,1,boleto,9,43.33
ORD0011987,1,debit_card,1,249.46
ORD0011988,1,credit_card,3,125.36
ORD0011989,1,boleto,5,272.4
ORD0011990,1,debit_card,10,56.34
ORD0011991,1,debit_card,1,40.95
ORD0011992,1,debit_card,12,491.62
ORD0011993,1,credit_card,1,159.68
ORD0011994,1,voucher,8,105.64
ORD0011995,1,boleto,1,217.92
ORD0011996,1,debit_card,3,40.2
ORD0011997,1,voucher,3,63.83
ORD0011998,1,boleto,6,650.16
ORD0011999,1,voucher,10,848.87
ORD0012000,1,voucher,8,189.48
ORD0012001,1,voucher,12,115.94999999999999
ORD0012002,1,debit_card,11,100.19
ORD0012003,1,debit_card,8,46.34
ORD0012004,1,voucher,4,493.21000000000004
ORD0012005,1,debit_card,8,243.74
ORD0012006,1,boleto,6,200.38
ORD0012007,1,boleto,1,499.24
ORD0012008,1,credit_card,6,535.62
ORD0012009,1,voucher,7,188.18
ORD0012010,1,voucher,8,31.17
ORD0012011,1,boleto,4,746.97
ORD0012012,1,voucher,10,64.23
ORD0012013,1,boleto,4,133.85999999999999
ORD0012014,1,voucher,1,439.19
ORD0012015,1,boleto,5,419.15
ORD0012016,1,credit_card,11,167.23000000000002
ORD0012017,1,voucher,11,376.25
ORD0012018,1,debit_card,11,594.75
ORD0012019,1,boleto,1,91.56
ORD0012020,1,credit_card,12,230.04
ORD0012021,1,credit_card,11,809.6
ORD0012022,1,debit_card,8,364.0
ORD0012023,1,debit_card,5,486.8
ORD0012024,1,debit_card,2,930.6
ORD0012025,1,boleto,11,93.64
ORD0012026,1,debit_card,11,675.18
ORD0012027,1,credit_card,3,163.16
ORD0012028,1,voucher,9,678.1
ORD0012029,1,boleto,4,148.78
ORD0012030,1,credit_card,8,358.12
ORD0012031,1,voucher,7,292.63
ORD0012032,1,boleto,7,1039.16
ORD0012033,1,boleto,10,70.34
ORD0012034,1,debit_card,1,40.81
ORD0012035,1,debit_card,4,188.1
ORD0012036,1,boleto,11,89.77
ORD0012037,1,debit_card,9,143.15
ORD0012038,1,credit_card,11,361.64
ORD0012039,1,debit_card,6,314.34000000000003
ORD0012040,1,debit_card,6,20.6
ORD0012041,1,credit_card,1,256.48
ORD0012042,1,credit_card,5,175.47
ORD0012043,1,voucher,10,300.65
ORD0012044,1,debit_card,4,1169.21
ORD0012045,1,debit_card,2,55.06
ORD0012046,1,credit_card,6,388.83000000000004
ORD0012047,1,boleto,2,455.46000000000004
ORD0012048,1,credit_card,8,50.59
ORD0012049,1,credit_card,5,779.5600000000001
ORD0012050,1,boleto,10,733.04
ORD0012051,1,voucher,4,957.94
ORD0012052,1,boleto,6,18.93
ORD0012053,1,debit_card,2,272.59
ORD0012054,1,boleto,4,140.16
ORD0012055,1,boleto,10,310.56
ORD0012056,1,boleto,7,74.1
ORD0012057,1,debit_card,3,563.81
ORD0012058,1,boleto,10,181.14
ORD0012059,1,debit_card,5,175.05
ORD0012060,1,voucher,7,143.42
ORD0012061,1,boleto,1,257.08
ORD0012062,1,debit_card,5,614.0999999999999
ORD0012063,1,voucher,2,303.96
ORD0012064,1,boleto,8,775.9399999999999
ORD0012065,1,debit_card,2,923.36
ORD0012066,1,voucher,4,125.26
ORD0012067,1,debit_card,3,89.38
ORD0012068,1,credit_card,10,1047.62
ORD0012069,1,credit_card,6,34.09
ORD0012070,1,credit_card,8,799.46
ORD0012071,1,credit_card,12,295.22
ORD0012072,1,boleto,10,54.9
ORD0012073,1,voucher,7,186.82
ORD0012074,1,boleto,12,1766.96
ORD0012075,1,credit_card,7,169.56
ORD0012076,1,voucher,12,276.90999999999997
ORD0012077,1,voucher,12,172.07999999999998
ORD0012078,1,boleto,11,203.2
ORD0012079,1,voucher,9,44.46
ORD0012080,1,voucher,3,498.07
ORD0012081,1,debit_card,12,712.12
ORD0012082,1,debit_card,5,171.02
ORD0012083,1,credit_card,12,54.78
ORD0012084,1,boleto,1,404.05
ORD0012085,1,boleto,12,1955.9599999999998
ORD0012086,1,boleto,6,1119.46
ORD0012087,1,voucher,7,477.28999999999996
ORD0012088,1,voucher,12,989.16
ORD0012089,1,credit_card,1,20.72
ORD0012090,1,voucher,12,232.68
ORD0012091,1,debit_card,11,44.38
ORD0012092,1,credit_card,5,420.06
ORD0012093,1,boleto,3,335.82
ORD0012094,1,debit_card,1,30.61
ORD0012095,1,debit_card,11,626.4
ORD0012096,1,credit_card,9,330.96
ORD0012097,1,credit_card,2,152.46
ORD0012098,1,credit_card,4,37.19
ORD0012099,1,debit_card,5,32.94
ORD0012100,1,voucher,5,81.92
ORD0012101,1,boleto,8,85.36000000000001
ORD0012102,1,voucher,2,456.35999999999996
ORD0012103,1,credit_card,1,246.68
ORD0012104,1,boleto,8,641.88
ORD0012105,1,boleto,4,118.78
ORD0012106,1,debit_card,4,79.61
ORD0012107,1,boleto,2,180.78
ORD0012108,1,debit_card,12,1267.04
ORD0012109,1,debit_card,9,356.77
ORD0012110,1,boleto,2,790.86
ORD0012111,1,boleto,12,611.5400000000001
ORD0012112,1,boleto,6,242.02999999999997
ORD0012113,1,boleto,4,282.95000000000005
ORD0012114,1,boleto,9,45.24
ORD0012115,1,credit_card,12,205.10000000000002
ORD0012116,1,debit_card,6,111.44
ORD0012117,1,debit_card,1,269.6
ORD0012118,1,boleto,12,365.51
ORD0012119,1,boleto,12,55.28
ORD0012120,1,voucher,4,186.03
ORD0012121,1,voucher,8,295.48
ORD0012122,1,credit_card,4,103.22
ORD0012123,1,debit_card,11,62.18
ORD0012124,1,voucher,11,152.18
ORD0012125,1,credit_card,10,366.28
ORD0012126,1,voucher,2,56.98
ORD0012127,1,credit_card,5,501.6
ORD0012128,1,voucher,2,114.0
ORD0012129,1,voucher,1,504.78999999999996
ORD0012130,1,debit_card,6,746.0699999999999
ORD0012131,1,voucher,8,54.9
ORD0012132,1,boleto,6,74.67
ORD0012133,1,debit_card,2,119.55
ORD0012134,1,boleto,3,216.06
ORD0012135,1,debit_card,1,86.29
ORD0012136,1,voucher,3,116.16999999999999
ORD0012137,1,credit_card,7,86.14
ORD0012138,1,debit_card,1,165.67
ORD0012139,1,boleto,9,301.57
ORD0012140,1,boleto,6,70.72999999999999
ORD0012141,1,voucher,5,36.72
ORD0012142,1,credit_card,4,536.23
ORD0012143,1,debit_card,10,372.52
ORD0012144,1,credit_card,3,111.53
ORD0012145,1,debit_card,12,231.57
ORD0012146,1,debit_card,3,286.44
ORD0012147,1,credit_card,9,971.25
ORD0012148,1,voucher,8,93.2
ORD0012149,1,debit_card,3,1603.8400000000001
ORD0012150,1,debit_card,2,304.69
ORD0012151,1,credit_card,6,149.36
ORD0012152,1,boleto,10,610.96
ORD0012153,1,boleto,8,344.94
ORD0012154,1,voucher,10,531.7099999999999
ORD0012155,1,voucher,4,760.53
ORD0012156,1,credit_card,9,817.78
ORD0012157,1,credit_card,11,228.23
ORD0012158,1,voucher,11,64.79
ORD0012159,1,credit_card,2,62.73
ORD0012160,1,voucher,6,137.61
ORD0012161,1,debit_card,3,134.07
ORD0012162,1,credit_card,8,31.52
ORD0012163,1,debit_card,6,101.49
ORD0012164,1,boleto,1,522.6400000000001
ORD0012165,1,voucher,1,441.99
ORD0012166,1,debit_card,12,276.93
ORD0012167,1,voucher,11,736.2
ORD0012168,1,credit_card,12,58.13
ORD0012169,1,voucher,8,14.78
ORD0012170,1,debit_card,6,163.71
ORD0012171,1,voucher,1,166.84
ORD0012172,1,boleto,8,256.42
ORD0012173,1,voucher,2,25.62
ORD0012174,1,debit_card,3,107.03
ORD0012175,1,credit_card,9,138.96
ORD0012176,1,boleto,1,97.43
ORD0012177,1,voucher,3,1097.61
ORD0012178,1,voucher,2,287.51
ORD0012179,1,debit_card,6,759.97
ORD0012180,1,debit_card,6,78.01
ORD0012181,1,boleto,9,376.41999999999996
ORD0012182,1,voucher,6,125.72
ORD0012183,1,credit_card,12,87.32
ORD0012184,1,voucher,2,466.40999999999997
ORD0012185,1,voucher,7,129.02
ORD0012186,1,boleto,4,154.4
ORD0012187,1,boleto,8,890.24
ORD0012188,1,boleto,6,81.32
ORD0012189,1,voucher,3,520.9399999999999
ORD0012190,1,boleto,8,1441.12
ORD0012191,1,boleto,6,101.13
ORD0012192,1,credit_card,12,323.36
ORD0012193,1,voucher,8,63.83
ORD0012194,1,credit_card,3,647.61
ORD0012195,1,debit_card,1,1490.8
ORD0012196,1,boleto,6,74.0
ORD0012197,1,credit_card,10,75.68
ORD0012198,1,boleto,10,1468.1599999999999
ORD0012199,1,debit_card,4,155.02
ORD0012200,1,voucher,12,175.03
ORD0012201,1,debit_card,4,273.25
ORD0012202,1,voucher,5,55.34
ORD0012203,1,credit_card,3,287.89
ORD0012204,1,voucher,6,371.14
ORD0012205,1,boleto,12,1698.0700000000002
ORD0012206,1,boleto,2,491.59999999999997
ORD0012207,1,boleto,12,24.09
ORD0012208,1,voucher,7,248.54
ORD0012209,1,credit_card,10,235.14
ORD0012210,1,boleto,5,611.48
ORD0012211,1,debit_card,11,128.56
ORD0012212,1,voucher,1,253.20000000000002
ORD0012213,1,voucher,10,691.08
ORD0012214,1,debit_card,2,76.68
ORD0012215,1,credit_card,7,186.18
ORD0012216,1,debit_card,8,86.34
ORD0012217,1,credit_card,11,346.6
ORD0012218,1,boleto,5,57.76
ORD0012219,1,credit_card,5,728.0
ORD0012220,1,debit_card,3,145.9
ORD0012221,1,voucher,7,375.6
ORD0012222,1,voucher,1,295.01
ORD0012223,1,credit_card,6,43.33
ORD0012224,1,credit_card,12,103.62
ORD0012225,1,debit_card,7,920.16
ORD0012226,1,credit_card,7,373.5899999999999
ORD0012227,1,credit_card,8,243.99
ORD0012228,1,credit_card,4,228.54000000000002
ORD0012229,1,debit_card,8,48.81
ORD0012230,1,boleto,6,135.62
ORD0012231,1,boleto,5,346.8
ORD0012232,1,credit_card,6,222.36
ORD0012233,1,boleto,12,658.28
ORD0012234,1,debit_card,6,194.21
ORD0012235,1,credit_card,12,62.4
ORD0012236,1,voucher,1,480.04
ORD0012237,1,voucher,8,248.24
ORD0012238,1,boleto,9,91.18
ORD0012239,1,credit_card,8,181.75
ORD0012240,1,credit_card,12,189.86
ORD0012241,1,credit_card,7,231.77
ORD0012242,1,voucher,4,82.05000000000001
ORD0012243,1,voucher,9,109.67
ORD0012244,1,boleto,7,369.72
ORD0012245,1,debit_card,4,473.53
ORD0012246,1,credit_card,8,337.59
ORD0012247,1,voucher,8,83.83
ORD0012248,1,boleto,9,106.64
ORD0012249,1,credit_card,10,1756.99
ORD0012250,1,boleto,10,443.33
ORD0012251,1,debit_card,1,560.64
ORD0012252,1,voucher,10,343.07
ORD0012253,1,credit_card,5,116.62
ORD0012254,1,debit_card,4,817.31
ORD0012255,1,boleto,9,66.53
ORD0012256,1,debit_card,5,830.7900000000001
ORD0012257,1,voucher,8,650.74
ORD0012258,1,boleto,5,30.44
ORD0012259,1,boleto,4,25.72
ORD0012260,1,credit_card,11,111.82
ORD0012261,1,boleto,5,297.58000000000004
ORD0012262,1,credit_card,1,133.85
ORD0012263,1,voucher,1,135.48000000000002
ORD0012264,1,voucher,3,656.5699999999999
ORD0012265,1,boleto,5,47.47
ORD0012266,1,voucher,1,85.28999999999999
ORD0012267,1,credit_card,11,313.03000000000003
ORD0012268,1,boleto,3,1135.68
ORD0012269,1,voucher,2,304.88
ORD0012270,1,debit_card,1,40.36
ORD0012271,1,credit_card,12,1077.36
ORD0012272,1,credit_card,6,2094.12
ORD0012273,1,boleto,6,389.76
ORD0012274,1,boleto,11,642.71
ORD0012275,1,debit_card,3,554.58
ORD0012276,1,voucher,4,82.63
ORD0012277,1,voucher,8,19.17
ORD0012278,1,boleto,10,390.08
ORD0012279,1,credit_card,6,144.48
ORD0012280,1,credit_card,9,712.63
ORD0012281,1,credit_card,9,938.36
ORD0012282,1,debit_card,2,293.41999999999996
ORD0012283,1,debit_card,8,107.36
ORD0012284,1,credit_card,1,357.28999999999996
ORD0012285,1,credit_card,2,368.72
ORD0012286,1,boleto,8,283.51
ORD0012287,1,voucher,5,189.51
ORD0012288,1,debit_card,6,66.96
ORD0012289,1,credit_card,12,182.37
ORD0012290,1,voucher,3,153.52
ORD0012291,1,debit_card,11,372.7
ORD0012292,1,credit_card,12,15.34
ORD0012293,1,debit_card,7,637.27
ORD0012294,1,credit_card,8,163.12
ORD0012295,1,voucher,4,128.16
ORD0012296,1,boleto,10,88.52
ORD0012297,1,voucher,8,56.28
ORD0012298,1,credit_card,3,323.71000000000004
ORD0012299,1,debit_card,9,57.18
ORD0012300,1,credit_card,9,67.03
ORD0012301,1,credit_card,9,141.69
ORD0012302,1,debit_card,12,29.7
ORD0012303,1,boleto,7,336.0
ORD0012304,1,voucher,10,1035.0
ORD0012305,1,debit_card,10,62.52
ORD0012306,1,boleto,9,543.94
ORD0012307,1,debit_card,11,186.84
ORD0012308,1,debit_card,1,229.92000000000002
ORD0012309,1,voucher,10,289.95000000000005
ORD0012310,1,voucher,11,239.1
ORD0012311,1,voucher,6,3043.95
ORD0012312,1,credit_card,9,28.7
ORD0012313,1,boleto,12,231.84
ORD0012314,1,debit_card,2,109.80000000000001
ORD0012315,1,credit_card,9,65.97
ORD0012316,1,credit_card,12,761.96
ORD0012317,1,boleto,5,395.27
ORD0012318,1,voucher,3,411.6
ORD0012319,1,debit_card,5,234.18
ORD0012320,1,debit_card,1,126.44
ORD0012321,1,credit_card,8,1189.81
ORD0012322,1,boleto,3,849.5999999999999
ORD0012323,1,boleto,10,441.72
ORD0012324,1,debit_card,2,196.62
ORD0012325,1,credit_card,6,91.93
ORD0012326,1,voucher,10,220.69
ORD0012327,1,voucher,1,633.42
ORD0012328,1,debit_card,4,486.21
ORD0012329,1,voucher,7,110.66
ORD0012330,1,debit_card,1,33.48
ORD0012331,1,credit_card,6,759.6
ORD0012332,1,credit_card,12,96.16
ORD0012333,1,debit_card,7,234.51
ORD0012334,1,boleto,7,37.02
ORD0012335,1,boleto,5,295.36
ORD0012336,1,credit_card,4,167.46
ORD0012337,1,debit_card,9,244.51
ORD0012338,1,credit_card,8,1331.76
ORD0012339,1,boleto,11,733.15
ORD0012340,1,boleto,12,147.32999999999998
ORD0012341,1,debit_card,1,1462.8400000000001
ORD0012342,1,credit_card,9,610.3499999999999
ORD0012343,1,credit_card,10,472.48
ORD0012344,1,boleto,9,65.0
ORD0012345,1,boleto,6,1916.1299999999999
ORD0012346,1,credit_card,1,133.23
ORD0012347,1,boleto,1,46.34
ORD0012348,1,debit_card,6,208.28
ORD0012349,1,boleto,6,390.1
ORD0012350,1,boleto,1,1175.04
ORD0012351,1,debit_card,2,212.52
ORD0012352,1,voucher,2,189.04
ORD0012353,1,credit_card,5,84.94
ORD0012354,1,voucher,10,26.57
ORD0012355,1,voucher,1,443.32
ORD0012356,1,debit_card,1,221.6
ORD0012357,1,boleto,11,423.06000000000006
ORD0012358,1,debit_card,5,532.38
ORD0012359,1,voucher,10,98.34
ORD0012360,1,debit_card,9,65.03999999999999
ORD0012361,1,boleto,8,443.84999999999997
ORD0012362,1,boleto,8,364.46000000000004
ORD0012363,1,credit_card,4,60.81
ORD0012364,1,credit_card,4,151.7
ORD0012365,1,boleto,11,161.01
ORD0012366,1,debit_card,7,175.05
ORD0012367,1,voucher,11,160.28
ORD0012368,1,boleto,10,490.32
ORD0012369,1,credit_card,7,166.45
ORD0012370,1,debit_card,4,145.9
ORD0012371,1,credit_card,11,111.51
ORD0012372,1,voucher,9,149.6
ORD0012373,1,boleto,11,324.2
ORD0012374,1,boleto,8,25.36
ORD0012375,1,boleto,10,600.2
ORD0012376,1,debit_card,6,84.79
ORD0012377,1,debit_card,9,778.62
ORD0012378,1,boleto,4,106.7
ORD0012379,1,voucher,5,263.5
ORD0012380,1,boleto,2,285.24
ORD0012381,1,credit_card,3,73.26
ORD0012382,1,debit_card,8,47.69
ORD0012383,1,boleto,9,38.05
ORD0012384,1,voucher,1,1007.04
ORD0012385,1,voucher,4,138.71
ORD0012386,1,boleto,9,741.48
ORD0012387,1,debit_card,12,36.52
ORD0012388,1,credit_card,2,583.66
ORD0012389,1,credit_card,6,144.76
ORD0012390,1,voucher,5,152.35
ORD0012391,1,voucher,10,241.4
ORD0012392,1,credit_card,6,112.14000000000001
ORD0012393,1,debit_card,11,336.82
ORD0012394,1,boleto,6,358.3
ORD0012395,1,credit_card,7,53.6
ORD0012396,1,boleto,10,239.64
ORD0012397,1,debit_card,10,54.8
ORD0012398,1,debit_card,12,1205.42
ORD0012399,1,debit_card,7,450.18
ORD0012400,1,voucher,8,591.86
ORD0012401,1,voucher,1,868.64
ORD0012402,1,boleto,6,128.48
ORD0012403,1,boleto,4,45.34
ORD0012404,1,voucher,6,984.39
ORD0012405,1,debit_card,9,14.31
ORD0012406,1,credit_card,12,964.63
ORD0012407,1,debit_card,9,277.16
ORD0012408,1,boleto,2,207.04
ORD0012409,1,boleto,12,22.67
ORD0012410,1,boleto,10,56.38
ORD0012411,1,debit_card,6,154.77
ORD0012412,1,voucher,10,242.86
ORD0012413,1,debit_card,5,41.76
ORD0012414,1,debit_card,1,154.5
ORD0012415,1,boleto,9,89.77
ORD0012416,1,voucher,11,693.92
ORD0012417,1,voucher,3,583.62
ORD0012418,1,credit_card,7,196.92
ORD0012419,1,boleto,10,608.56
ORD0012420,1,voucher,5,77.2
ORD0012421,1,credit_card,8,406.9
ORD0012422,1,debit_card,12,307.02
ORD0012423,1,credit_card,9,290.21999999999997
ORD0012424,1,boleto,12,448.53
ORD0012425,1,boleto,9,32.1
ORD0012426,1,credit_card,9,817.67
ORD0012427,1,boleto,6,154.64999999999998
ORD0012428,1,credit_card,9,205.41
ORD0012429,1,boleto,10,962.8
ORD0012430,1,boleto,6,547.74
ORD0012431,1,debit_card,1,255.09
ORD0012432,1,credit_card,9,633.54
ORD0012433,1,credit_card,11,480.91
ORD0012434,1,credit_card,12,82.02
ORD0012435,1,boleto,12,550.01
ORD0012436,1,credit_card,9,203.39999999999998
ORD0012437,1,credit_card,6,74.04
ORD0012438,1,debit_card,6,252.67
ORD0012439,1,voucher,2,155.94
ORD0012440,1,debit_card,8,171.04
ORD0012441,1,credit_card,12,365.15
ORD0012442,1,boleto,4,55.72
ORD0012443,1,boleto,12,119.3
ORD0012444,1,voucher,10,838.01
ORD0012445,1,credit_card,12,977.55
ORD0012446,1,debit_card,8,195.53
ORD0012447,1,credit_card,5,954.66
ORD0012448,1,credit_card,8,248.81
ORD0012449,1,debit_card,4,505.04
ORD0012450,1,credit_card,12,5119.03
ORD0012451,1,debit_card,12,50.44
ORD0012452,1,voucher,4,291.39
ORD0012453,1,credit_card,2,143.92
ORD0012454,1,credit_card,3,118.02
ORD0012455,1,debit_card,1,178.7
ORD0012456,1,voucher,4,550.6800000000001
ORD0012457,1,credit_card,5,141.03
ORD0012458,1,credit_card,5,22.28
ORD0012459,1,voucher,7,157.8
ORD0012460,1,credit_card,4,59.84
ORD0012461,1,voucher,6,334.69
ORD0012462,1,credit_card,6,57.269999999999996
ORD0012463,1,boleto,7,83.74
ORD0012464,1,credit_card,7,152.09
ORD0012465,1,boleto,3,791.3700000000001
ORD0012466,1,credit_card,2,196.87
ORD0012467,1,voucher,9,699.16
ORD0012468,1,debit_card,12,127.37
ORD0012469,1,voucher,7,984.22
ORD0012470,1,voucher,10,118.74000000000001
ORD0012471,1,debit_card,7,373.9
ORD0012472,1,debit_card,11,992.9299999999998
ORD0012473,1,credit_card,9,116.87
ORD0012474,1,credit_card,1,45.77
ORD0012475,1,debit_card,2,295.38
ORD0012476,1,debit_card,12,187.16
ORD0012477,1,voucher,3,44.38
ORD0012478,1,debit_card,4,119.31
ORD0012479,1,credit_card,1,35.1
ORD0012480,1,debit_card,8,547.74
ORD0012481,1,credit_card,2,75.49
ORD0012482,1,boleto,9,163.93
ORD0012483,1,credit_card,6,331.5
ORD0012484,1,debit_card,1,16.27
ORD0012485,1,voucher,10,1717.46
ORD0012486,1,debit_card,9,222.60000000000002
ORD0012487,1,voucher,6,76.51
ORD0012488,1,voucher,10,164.45
ORD0012489,1,credit_card,11,25.72
ORD0012490,1,voucher,10,303.94
ORD0012491,1,voucher,12,117.14000000000001
ORD0012492,1,boleto,5,489.63
ORD0012493,1,debit_card,7,305.74
ORD0012494,1,voucher,11,1314.03
ORD0012495,1,credit_card,9,217.91
ORD0012496,1,debit_card,8,309.32
ORD0012497,1,debit_card,5,761.54
ORD0012498,1,voucher,4,79.02
ORD0012499,1,voucher,4,1255.82
ORD0012500,1,voucher,10,279.52
ORD0012501,1,credit_card,1,152.14
ORD0012502,1,boleto,8,107.52
ORD0012503,1,credit_card,6,267.48
ORD0012504,1,boleto,9,341.22
ORD0012505,1,debit_card,8,1478.4
ORD0012506,1,debit_card,10,151.52
ORD0012507,1,voucher,3,392.03000000000003
ORD0012508,1,credit_card,8,37.83
ORD0012509,1,debit_card,9,49.9
ORD0012510,1,voucher,6,671.13
ORD0012511,1,boleto,5,453.73
ORD0012512,1,debit_card,2,293.64
ORD0012513,1,voucher,3,38.52
ORD0012514,1,debit_card,7,658.86
ORD0012515,1,debit_card,1,608.74
ORD0012516,1,debit_card,2,127.17
ORD0012517,1,boleto,2,202.89
ORD0012518,1,voucher,8,102.39
ORD0012519,1,boleto,11,187.56
ORD0012520,1,credit_card,7,568.92
ORD0012521,1,credit_card,12,539.49
ORD0012522,1,credit_card,2,591.75
ORD0012523,1,debit_card,8,317.54999999999995
ORD0012524,1,debit_card,5,201.76
ORD0012525,1,debit_card,11,91.58000000000001
ORD0012526,1,voucher,7,489.5
ORD0012527,1,boleto,8,516.1
ORD0012528,1,credit_card,7,526.41
ORD0012529,1,boleto,7,86.66
ORD0012530,1,debit_card,7,304.28
ORD0012531,1,boleto,1,194.68
ORD0012532,1,credit_card,11,81.32
ORD0012533,1,boleto,11,328.47
ORD0012534,1,credit_card,11,507.24
ORD0012535,1,boleto,11,52.94
ORD0012536,1,boleto,1,401.06
ORD0012537,1,voucher,4,105.42
ORD0012538,1,boleto,10,65.37
ORD0012539,1,debit_card,11,357.93
ORD0012540,1,boleto,6,207.24
ORD0012541,1,voucher,2,145.22
ORD0012542,1,voucher,7,219.51
ORD0012543,1,debit_card,11,57.36
ORD0012544,1,debit_card,6,194.76
ORD0012545,1,boleto,12,542.65
ORD0012546,1,credit_card,1,182.76
ORD0012547,1,debit_card,5,609.53
ORD0012548,1,debit_card,3,411.98
ORD0012549,1,debit_card,4,60.32
ORD0012550,1,debit_card,2,716.98
ORD0012551,1,voucher,5,346.1
ORD0012552,1,credit_card,7,457.06
ORD0012553,1,credit_card,9,263.91
ORD0012554,1,credit_card,8,149.83
ORD0012555,1,credit_card,3,400.96000000000004
ORD0012556,1,credit_card,12,87.89
ORD0012557,1,credit_card,2,526.1
ORD0012558,1,voucher,10,42.3
ORD0012559,1,boleto,6,666.12
ORD0012560,1,debit_card,3,187.23
ORD0012561,1,boleto,12,60.6
ORD0012562,1,boleto,1,260.56
ORD0012563,1,credit_card,3,986.6600000000001
ORD0012564,1,credit_card,10,52.23
ORD0012565,1,voucher,12,24.73
ORD0012566,1,debit_card,8,936.8199999999999
ORD0012567,1,voucher,12,249.36
ORD0012568,1,credit_card,1,708.4200000000001
ORD0012569,1,credit_card,9,735.85
ORD0012570,1,voucher,4,25.36
ORD0012571,1,boleto,12,52.62
ORD0012572,1,debit_card,11,306.39
ORD0012573,1,debit_card,7,146.34
ORD0012574,1,boleto,10,160.55
ORD0012575,1,credit_card,8,599.6800000000001
ORD0012576,1,debit_card,1,208.54
ORD0012577,1,boleto,9,424.6
ORD0012578,1,credit_card,4,443.06
ORD0012579,1,credit_card,1,231.18
ORD0012580,1,voucher,12,733.8499999999999
ORD0012581,1,debit_card,2,48.32
ORD0012582,1,voucher,12,123.4
ORD0012583,1,credit_card,7,262.48
ORD0012584,1,debit_card,3,934.01
ORD0012585,1,boleto,12,494.8
ORD0012586,1,debit_card,2,139.1
ORD0012587,1,debit_card,8,697.48
ORD0012588,1,boleto,5,30.95
ORD0012589,1,credit_card,12,447.8
ORD0012590,1,voucher,12,350.70000000000005
ORD0012591,1,credit_card,8,321.06
ORD0012592,1,credit_card,10,186.48
ORD0012593,1,debit_card,11,62.84
ORD0012594,1,voucher,1,323.64
ORD0012595,1,voucher,11,23.23
ORD0012596,1,voucher,3,85.27
ORD0012597,1,voucher,1,222.04
ORD0012598,1,credit_card,12,302.02
ORD0012599,1,credit_card,3,72.28
ORD0012600,1,voucher,8,329.8
ORD0012601,1,credit_card,7,41.88
ORD0012602,1,credit_card,4,212.0
ORD0012603,1,debit_card,3,855.88
ORD0012604,1,boleto,10,699.9
ORD0012605,1,boleto,7,42.36
ORD0012606,1,credit_card,4,29.41
ORD0012607,1,voucher,8,60.47
ORD0012608,1,credit_card,6,454.24
ORD0012609,1,boleto,10,476.51
ORD0012610,1,debit_card,12,407.16
ORD0012611,1,boleto,4,102.39
ORD0012612,1,debit_card,3,182.92000000000002
ORD0012613,1,credit_card,11,432.12
ORD0012614,1,credit_card,10,132.74
ORD0012615,1,debit_card,8,159.7
ORD0012616,1,credit_card,6,213.28
ORD0012617,1,credit_card,2,234.07000000000002
ORD0012618,1,debit_card,8,34.11
ORD0012619,1,credit_card,8,769.46
ORD0012620,1,voucher,10,1038.36
ORD0012621,1,debit_card,9,128.64
ORD0012622,1,debit_card,12,255.30999999999997
ORD0012623,1,voucher,12,280.24
ORD0012624,1,voucher,4,669.45
ORD0012625,1,boleto,10,2126.29
ORD0012626,1,credit_card,6,97.89
ORD0012627,1,voucher,6,383.64
ORD0012628,1,boleto,9,820.3399999999999
ORD0012629,1,debit_card,10,320.53999999999996
ORD0012630,1,voucher,9,758.03
ORD0012631,1,voucher,10,227.43
ORD0012632,1,debit_card,12,101.36999999999999
ORD0012633,1,debit_card,10,426.55
ORD0012634,1,credit_card,6,100.21000000000001
ORD0012635,1,credit_card,4,155.49
ORD0012636,1,credit_card,11,1008.01
ORD0012637,1,voucher,1,241.14
ORD0012638,1,debit_card,10,491.46999999999997
ORD0012639,1,credit_card,12,76.32
ORD0012640,1,voucher,5,350.28
ORD0012641,1,boleto,12,864.84
ORD0012642,1,debit_card,2,98.0
ORD0012643,1,voucher,12,336.6
ORD0012644,1,credit_card,7,868.53
ORD0012645,1,credit_card,1,202.23
ORD0012646,1,credit_card,9,351.34000000000003
ORD0012647,1,credit_card,9,362.36
ORD0012648,1,boleto,9,305.37000000000006
ORD0012649,1,voucher,6,1001.33
ORD0012650,1,debit_card,9,131.88
ORD0012651,1,boleto,3,276.99
ORD0012652,1,debit_card,1,727.0
ORD0012653,1,credit_card,10,494.54
ORD0012654,1,debit_card,11,204.78
ORD0012655,1,credit_card,9,155.18
ORD0012656,1,boleto,1,178.95
ORD0012657,1,debit_card,11,32.26
ORD0012658,1,boleto,9,295.36
ORD0012659,1,voucher,3,181.79
ORD0012660,1,boleto,12,279.63
ORD0012661,1,voucher,8,39.54
ORD0012662,1,voucher,8,187.56
ORD0012663,1,credit_card,7,533.0
ORD0012664,1,boleto,1,92.15
ORD0012665,1,boleto,2,96.24
ORD0012666,1,boleto,2,372.77
ORD0012667,1,debit_card,6,180.14
ORD0012668,1,debit_card,3,395.55
ORD0012669,1,credit_card,11,978.1499999999999
ORD0012670,1,debit_card,11,227.69
ORD0012671,1,credit_card,1,365.81
ORD0012672,1,credit_card,7,337.1
ORD0012673,1,voucher,7,62.05
ORD0012674,1,credit_card,4,248.16
ORD0012675,1,voucher,5,830.14
ORD0012676,1,boleto,5,1265.08
ORD0012677,1,credit_card,10,208.97
ORD0012678,1,boleto,4,476.05
ORD0012679,1,credit_card,3,375.61
ORD0012680,1,voucher,5,735.12
ORD0012681,1,boleto,1,1022.0600000000001
ORD0012682,1,boleto,5,511.45
ORD0012683,1,voucher,5,159.68
ORD0012684,1,voucher,3,658.38
ORD0012685,1,voucher,8,244.12
ORD0012686,1,credit_card,5,76.92
ORD0012687,1,credit_card,2,160.9
ORD0012688,1,debit_card,12,1162.24
ORD0012689,1,debit_card,10,175.7
ORD0012690,1,debit_card,10,270.65999999999997
ORD0012691,1,credit_card,4,763.1700000000001
ORD0012692,1,boleto,12,233.92
ORD0012693,1,boleto,11,27.22
ORD0012694,1,credit_card,4,447.76
ORD0012695,1,boleto,10,53.67
ORD0012696,1,debit_card,7,433.08
ORD0012697,1,credit_card,1,386.32
ORD0012698,1,voucher,12,16.82
ORD0012699,1,boleto,12,124.94999999999999
ORD0012700,1,credit_card,3,316.24
ORD0012701,1,debit_card,2,64.32
ORD0012702,1,credit_card,9,1633.86
ORD0012703,1,credit_card,8,510.20000000000005
ORD0012704,1,debit_card,7,30.12
ORD0012705,1,boleto,10,173.03
ORD0012706,1,voucher,3,151.77
ORD0012707,1,debit_card,1,371.73
ORD0012708,1,boleto,11,139.39
ORD0012709,1,boleto,1,252.88
ORD0012710,1,boleto,2,247.8
ORD0012711,1,credit_card,9,115.53
ORD0012712,1,boleto,10,400.42
ORD0012713,1,boleto,1,1080.8899999999999
ORD0012714,1,boleto,3,140.38
ORD0012715,1,voucher,8,673.5400000000001
ORD0012716,1,voucher,8,200.89
ORD0012717,1,voucher,7,1170.38
ORD0012718,1,debit_card,11,2084.7200000000003
ORD0012719,1,debit_card,3,986.25
ORD0012720,1,voucher,3,175.9
ORD0012721,1,voucher,11,156.38
ORD0012722,1,credit_card,4,788.06
ORD0012723,1,credit_card,12,954.28
ORD0012724,1,boleto,12,258.32
ORD0012725,1,debit_card,12,117.02
ORD0012726,1,credit_card,6,555.2
ORD0012727,1,boleto,1,268.12
ORD0012728,1,credit_card,1,44.56
ORD0012729,1,debit_card,11,737.86
ORD0012730,1,boleto,12,276.92
ORD0012731,1,boleto,3,313.69
ORD0012732,1,boleto,6,152.14
ORD0012733,1,voucher,8,131.96
ORD0012734,1,voucher,3,379.8
ORD0012735,1,credit_card,5,110.89
ORD0012736,1,voucher,4,233.54000000000002
ORD0012737,1,voucher,11,2156.71
ORD0012738,1,credit_card,8,83.53999999999999
ORD0012739,1,voucher,1,1101.35
ORD0012740,1,debit_card,4,248.34
ORD0012741,1,debit_card,2,1107.3999999999999
ORD0012742,1,credit_card,9,50.92
ORD0012743,1,boleto,9,387.98
ORD0012744,1,boleto,7,141.72
ORD0012745,1,voucher,1,1307.1100000000001
ORD0012746,1,voucher,9,127.08
ORD0012747,1,credit_card,12,469.48
ORD0012748,1,debit_card,3,66.63
ORD0012749,1,credit_card,10,1115.25
ORD0012750,1,debit_card,3,1288.05
ORD0012751,1,credit_card,2,52.56
ORD0012752,1,credit_card,11,366.42
ORD0012753,1,debit_card,7,684.76
ORD0012754,1,debit_card,10,1440.8
ORD0012755,1,boleto,12,134.8
ORD0012756,1,boleto,11,923.2800000000001
ORD0012757,1,voucher,4,196.55
ORD0012758,1,voucher,5,35.69
ORD0012759,1,boleto,9,950.49
ORD0012760,1,boleto,9,68.0
ORD0012761,1,voucher,2,175.14
ORD0012762,1,boleto,11,212.52
ORD0012763,1,voucher,3,89.46
ORD0012764,1,debit_card,9,1679.3200000000002
ORD0012765,1,voucher,9,69.08
ORD0012766,1,boleto,1,1647.8999999999999
ORD0012767,1,credit_card,5,2166.33
ORD0012768,1,debit_card,11,39.0
ORD0012769,1,credit_card,5,83.94
ORD0012770,1,voucher,8,497.08
ORD0012771,1,boleto,5,248.76
ORD0012772,1,debit_card,9,282.17
ORD0012773,1,credit_card,12,69.77
ORD0012774,1,credit_card,9,170.20999999999998
ORD0012775,1,debit_card,8,722.86
ORD0012776,1,credit_card,11,372.03
ORD0012777,1,boleto,2,230.04999999999998
ORD0012778,1,credit_card,7,175.74
ORD0012779,1,boleto,1,499.24
ORD0012780,1,debit_card,6,57.1
ORD0012781,1,debit_card,12,122.56
ORD0012782,1,debit_card,7,544.91
ORD0012783,1,debit_card,4,291.90000000000003
ORD0012784,1,credit_card,11,1950.44
ORD0012785,1,debit_card,2,254.67
ORD0012786,1,debit_card,12,165.73
ORD0012787,1,credit_card,4,377.25
ORD0012788,1,credit_card,7,247.91000000000003
ORD0012789,1,credit_card,10,144.95
ORD0012790,1,credit_card,9,49.03
ORD0012791,1,debit_card,12,314.32
ORD0012792,1,boleto,4,160.85
ORD0012793,1,credit_card,6,609.8000000000001
ORD0012794,1,credit_card,10,234.14999999999998
ORD0012795,1,boleto,8,204.82
ORD0012796,1,boleto,4,69.77
ORD0012797,1,voucher,5,297.61
ORD0012798,1,boleto,1,210.84
ORD0012799,1,credit_card,9,17.53
ORD0012800,1,credit_card,5,885.36
ORD0012801,1,debit_card,5,1558.17
ORD0012802,1,debit_card,8,85.27
ORD0012803,1,debit_card,10,1562.16
ORD0012804,1,boleto,7,609.5999999999999
ORD0012805,1,debit_card,5,1169.28
ORD0012806,1,voucher,3,179.2
ORD0012807,1,voucher,11,37.83
ORD0012808,1,voucher,8,65.88
ORD0012809,1,boleto,11,19.8
ORD0012810,1,debit_card,10,334.07
ORD0012811,1,credit_card,2,59.85
ORD0012812,1,debit_card,8,376.36
ORD0012813,1,boleto,7,643.3399999999999
ORD0012814,1,voucher,7,128.21
ORD0012815,1,voucher,10,436.13
ORD0012816,1,boleto,10,683.68
ORD0012817,1,voucher,5,236.96
ORD0012818,1,boleto,12,239.3
ORD0012819,1,boleto,1,1245.06
ORD0012820,1,debit_card,3,127.43
ORD0012821,1,debit_card,10,70.6
ORD0012822,1,voucher,3,186.39999999999998
ORD0012823,1,credit_card,7,152.52
ORD0012824,1,credit_card,10,314.08
ORD0012825,1,boleto,11,44.82
ORD0012826,1,debit_card,12,246.42000000000002
ORD0012827,1,voucher,11,510.32
ORD0012828,1,boleto,2,76.12
ORD0012829,1,credit_card,6,121.97999999999999
ORD0012830,1,voucher,12,238.33
ORD0012831,1,voucher,5,94.79
ORD0012832,1,voucher,7,117.29
ORD0012833,1,debit_card,1,1167.5
ORD0012834,1,credit_card,5,341.15999999999997
ORD0012835,1,voucher,2,438.97
ORD0012836,1,voucher,5,78.4
ORD0012837,1,boleto,5,336.48
ORD0012838,1,debit_card,9,155.68
ORD0012839,1,boleto,1,45.03
ORD0012840,1,voucher,1,259.79
ORD0012841,1,voucher,3,22.67
ORD0012842,1,debit_card,12,265.26
ORD0012843,1,boleto,4,43.97
ORD0012844,1,voucher,8,89.78
ORD0012845,1,debit_card,2,44.38
ORD0012846,1,debit_card,3,350.28
ORD0012847,1,debit_card,12,397.71
ORD0012848,1,credit_card,12,117.82
ORD0012849,1,debit_card,3,472.1700000000001
ORD0012850,1,debit_card,8,282.52
ORD0012851,1,credit_card,4,179.77
ORD0012852,1,debit_card,3,57.76
ORD0012853,1,debit_card,11,444.08
ORD0012854,1,boleto,5,97.6
ORD0012855,1,credit_card,12,284.75
ORD0012856,1,debit_card,10,87.95
ORD0012857,1,voucher,9,146.46
ORD0012858,1,credit_card,6,830.97
ORD0012859,1,credit_card,11,169.02
ORD0012860,1,debit_card,4,808.6800000000001
ORD0012861,1,credit_card,5,309.24
ORD0012862,1,voucher,4,88.85
ORD0012863,1,boleto,7,49.99
ORD0012864,1,debit_card,7,241.4
ORD0012865,1,credit_card,10,225.63
ORD0012866,1,credit_card,12,1105.88
ORD0012867,1,boleto,12,260.55
ORD0012868,1,voucher,12,95.47
ORD0012869,1,boleto,11,291.8
ORD0012870,1,credit_card,6,151.32
ORD0012871,1,voucher,7,201.86
ORD0012872,1,debit_card,9,337.62
ORD0012873,1,voucher,1,685.19
ORD0012874,1,credit_card,11,68.02
ORD0012875,1,credit_card,10,85.25
ORD0012876,1,boleto,12,297.58
ORD0012877,1,voucher,1,78.0
ORD0012878,1,debit_card,11,90.42
ORD0012879,1,voucher,10,344.84
ORD0012880,1,voucher,10,2141.75
ORD0012881,1,boleto,5,118.61
ORD0012882,1,debit_card,11,124.67
ORD0012883,1,debit_card,5,57.76
ORD0012884,1,boleto,5,128.82
ORD0012885,1,debit_card,10,230.01
ORD0012886,1,debit_card,7,47.26
ORD0012887,1,boleto,1,245.95000000000002
ORD0012888,1,voucher,4,397.84
ORD0012889,1,credit_card,8,237.87
ORD0012890,1,credit_card,12,115.94999999999999
ORD0012891,1,debit_card,4,76.51
ORD0012892,1,debit_card,5,1214.4
ORD0012893,1,credit_card,9,405.18
ORD0012894,1,credit_card,10,1199.94
ORD0012895,1,voucher,1,187.8
ORD0012896,1,debit_card,7,121.28999999999999
ORD0012897,1,boleto,8,109.84
ORD0012898,1,credit_card,5,1736.1799999999998
ORD0012899,1,debit_card,6,401.65
ORD0012900,1,debit_card,4,639.69
ORD0012901,1,credit_card,10,84.19
ORD0012902,1,voucher,3,106.28
ORD0012903,1,credit_card,4,129.48000000000002
ORD0012904,1,boleto,6,42.3
ORD0012905,1,credit_card,11,373.70000000000005
ORD0012906,1,debit_card,7,495.89
ORD0012907,1,debit_card,10,90.24
ORD0012908,1,debit_card,8,64.05
ORD0012909,1,debit_card,10,87.89
ORD0012910,1,voucher,5,24.0
ORD0012911,1,debit_card,3,179.77
ORD0012912,1,voucher,10,165.67
ORD0012913,1,voucher,1,472.8
ORD0012914,1,credit_card,7,150.18
ORD0012915,1,debit_card,9,506.2
ORD0012916,1,boleto,9,157.98
ORD0012917,1,debit_card,12,25.36
ORD0012918,1,credit_card,8,120.32
ORD0012919,1,boleto,5,137.31
ORD0012920,1,credit_card,3,295.74
ORD0012921,1,debit_card,9,216.96
ORD0012922,1,debit_card,7,220.32
ORD0012923,1,boleto,2,1069.97
ORD0012924,1,debit_card,9,359.34000000000003
ORD0012925,1,debit_card,9,95.3
ORD0012926,1,debit_card,1,210.78000000000003
ORD0012927,1,voucher,4,170.71
ORD0012928,1,boleto,6,121.84
ORD0012929,1,credit_card,9,370.90999999999997
ORD0012930,1,debit_card,5,83.86
ORD0012931,1,voucher,1,565.47
ORD0012932,1,boleto,1,591.52
ORD0012933,1,credit_card,6,23.45
ORD0012934,1,debit_card,12,102.2
ORD0012935,1,voucher,7,278.96999999999997
ORD0012936,1,credit_card,3,961.68
ORD0012937,1,boleto,1,549.04
ORD0012938,1,boleto,3,224.48
ORD0012939,1,boleto,9,1586.4599999999998
ORD0012940,1,voucher,9,2416.6099999999997
ORD0012941,1,voucher,7,434.28000000000003
ORD0012942,1,voucher,3,363.02
ORD0012943,1,boleto,7,180.0
ORD0012944,1,boleto,1,257.7
ORD0012945,1,credit_card,9,215.15
ORD0012946,1,voucher,5,461.85
ORD0012947,1,credit_card,5,368.72
ORD0012948,1,voucher,3,485.82000000000005
ORD0012949,1,credit_card,10,318.45000000000005
ORD0012950,1,debit_card,1,256.23
ORD0012951,1,voucher,12,101.97
ORD0012952,1,credit_card,6,63.84
ORD0012953,1,credit_card,2,2827.3199999999997
ORD0012954,1,debit_card,2,574.93
ORD0012955,1,debit_card,3,41.61
ORD0012956,1,credit_card,1,231.29999999999998
ORD0012957,1,debit_card,8,544.36
ORD0012958,1,voucher,8,364.85
ORD0012959,1,voucher,7,84.84
ORD0012960,1,debit_card,2,1629.37
ORD0012961,1,credit_card,8,558.5
ORD0012962,1,boleto,1,198.08
ORD0012963,1,voucher,6,113.96
ORD0012964,1,boleto,7,322.7
ORD0012965,1,credit_card,5,359.82
ORD0012966,1,credit_card,8,610.94
ORD0012967,1,debit_card,12,660.6899999999999
ORD0012968,1,voucher,9,1199.66
ORD0012969,1,boleto,9,433.93
ORD0012970,1,boleto,4,59.94
ORD0012971,1,boleto,5,202.22
ORD0012972,1,boleto,12,337.59
ORD0012973,1,boleto,6,425.95
ORD0012974,1,boleto,1,382.73
ORD0012975,1,credit_card,5,919.1999999999999
ORD0012976,1,boleto,8,186.84
ORD0012977,1,debit_card,7,295.74
ORD0012978,1,debit_card,5,977.5400000000001
ORD0012979,1,debit_card,8,152.08
ORD0012980,1,boleto,7,184.38
ORD0012981,1,boleto,9,107.31
ORD0012982,1,voucher,1,154.77
ORD0012983,1,voucher,10,389.5
ORD0012984,1,boleto,10,338.84
ORD0012985,1,debit_card,5,532.24
ORD0012986,1,debit_card,11,278.12
ORD0012987,1,credit_card,8,256.83000000000004
ORD0012988,1,debit_card,6,84.93
ORD0012989,1,debit_card,6,45.7
ORD0012990,1,debit_card,7,43.95
ORD0012991,1,debit_card,2,76.87
ORD0012992,1,debit_card,11,338.94
ORD0012993,1,credit_card,1,910.06
ORD0012994,1,boleto,9,1220.3700000000001
ORD0012995,1,boleto,6,828.72
ORD0012996,1,boleto,3,356.84
ORD0012997,1,boleto,9,687.27
ORD0012998,1,voucher,6,368.93
ORD0012999,1,boleto,11,212.3
ORD0013000,1,credit_card,9,273.22
ORD0013001,1,voucher,12,206.0
ORD0013002,1,debit_card,5,321.15000000000003
ORD0013003,1,credit_card,9,1586.6499999999999
ORD0013004,1,credit_card,11,680.45
ORD0013005,1,credit_card,2,376.20000000000005
ORD0013006,1,voucher,9,1915.6999999999998
ORD0013007,1,boleto,11,156.16
ORD0013008,1,debit_card,10,43.31
ORD0013009,1,boleto,3,14.81
ORD0013010,1,boleto,7,108.56
ORD0013011,1,boleto,7,273.07
ORD0013012,1,voucher,6,36.68
ORD0013013,1,voucher,3,53.52
ORD0013014,1,voucher,10,67.33
ORD0013015,1,credit_card,2,74.76
ORD0013016,1,debit_card,2,314.58
ORD0013017,1,voucher,1,54.69
ORD0013018,1,debit_card,7,499.36
ORD0013019,1,credit_card,5,971.49
ORD0013020,1,boleto,9,104.64
ORD0013021,1,boleto,10,358.54999999999995
ORD0013022,1,voucher,3,59.730000000000004
ORD0013023,1,boleto,9,85.25
ORD0013024,1,boleto,7,278.8
ORD0013025,1,voucher,11,122.76
ORD0013026,1,voucher,9,245.96
ORD0013027,1,voucher,6,148.1
ORD0013028,1,credit_card,1,370.4
ORD0013029,1,boleto,9,251.19
ORD0013030,1,debit_card,8,325.18
ORD0013031,1,voucher,10,64.02
ORD0013032,1,credit_card,7,904.9100000000001
ORD0013033,1,voucher,11,248.21999999999997
ORD0013034,1,boleto,9,1304.48
ORD0013035,1,voucher,7,512.01
ORD0013036,1,credit_card,1,65.51
ORD0013037,1,debit_card,1,316.62
ORD0013038,1,debit_card,8,978.04
ORD0013039,1,debit_card,2,168.32
ORD0013040,1,debit_card,5,94.28
ORD0013041,1,voucher,5,758.36
ORD0013042,1,boleto,6,428.65999999999997
ORD0013043,1,debit_card,7,402.48
ORD0013044,1,credit_card,4,37.83
ORD0013045,1,debit_card,7,108.49
ORD0013046,1,credit_card,1,120.3
ORD0013047,1,boleto,4,466.19
ORD0013048,1,boleto,2,718.13
ORD0013049,1,voucher,9,360.64
ORD0013050,1,credit_card,10,386.89
ORD0013051,1,boleto,6,402.6
ORD0013052,1,debit_card,8,137.48
ORD0013053,1,voucher,11,124.48
ORD0013054,1,voucher,1,32.96
ORD0013055,1,boleto,7,675.27
ORD0013056,1,voucher,8,99.53
ORD0013057,1,credit_card,5,95.96
ORD0013058,1,debit_card,12,404.69
ORD0013059,1,credit_card,11,101.8
ORD0013060,1,boleto,4,52.45
ORD0013061,1,voucher,11,54.72
ORD0013062,1,credit_card,7,614.73
ORD0013063,1,boleto,10,1290.58
ORD0013064,1,boleto,6,514.1
ORD0013065,1,credit_card,6,247.56
ORD0013066,1,debit_card,2,574.42
ORD0013067,1,credit_card,12,69.62
ORD0013068,1,credit_card,5,286.58
ORD0013069,1,debit_card,6,351.05
ORD0013070,1,boleto,1,32.76
ORD0013071,1,voucher,6,146.39999999999998
ORD0013072,1,debit_card,4,495.12
ORD0013073,1,debit_card,3,100.88
ORD0013074,1,debit_card,1,165.79
ORD0013075,1,voucher,2,489.44
ORD0013076,1,debit_card,4,73.25
ORD0013077,1,boleto,10,270.52
ORD0013078,1,debit_card,7,142.62
ORD0013079,1,debit_card,11,227.5
ORD0013080,1,boleto,6,930.99
ORD0013081,1,credit_card,10,99.6
ORD0013082,1,voucher,5,76.53
ORD0013083,1,debit_card,2,2063.43
ORD0013084,1,credit_card,3,794.22
ORD0013085,1,credit_card,12,2343.43
ORD0013086,1,boleto,11,109.80000000000001
ORD0013087,1,boleto,7,121.59
ORD0013088,1,credit_card,11,78.78
ORD0013089,1,voucher,12,1865.56
ORD0013090,1,boleto,1,633.66
ORD0013091,1,boleto,11,170.62
ORD0013092,1,voucher,7,414.19
ORD0013093,1,boleto,2,187.66000000000003
ORD0013094,1,debit_card,12,91.35
ORD0013095,1,debit_card,3,273.86
ORD0013096,1,credit_card,10,97.34
ORD0013097,1,boleto,6,102.67999999999999
ORD0013098,1,credit_card,9,467.46000000000004
ORD0013099,1,boleto,5,48.0
ORD0013100,1,voucher,12,72.78
ORD0013101,1,debit_card,11,1668.85
ORD0013102,1,debit_card,12,127.58
ORD0013103,1,voucher,7,274.18
ORD0013104,1,boleto,1,110.47
ORD0013105,1,debit_card,4,262.71
ORD0013106,1,credit_card,6,222.19
ORD0013107,1,credit_card,3,65.14
ORD0013108,1,debit_card,8,136.23
ORD0013109,1,voucher,5,176.73
ORD0013110,1,debit_card,12,124.67
ORD0013111,1,credit_card,2,235.5
ORD0013112,1,credit_card,4,77.54
ORD0013113,1,boleto,2,341.59999999999997
ORD0013114,1,voucher,5,2663.27
ORD0013115,1,voucher,2,842.7
ORD0013116,1,voucher,4,157.38
ORD0013117,1,voucher,3,513.02
ORD0013118,1,boleto,10,73.44
ORD0013119,1,credit_card,5,81.9
ORD0013120,1,debit_card,12,372.51
ORD0013121,1,debit_card,5,37.35
ORD0013122,1,voucher,7,15.91
ORD0013123,1,debit_card,12,56.34
ORD0013124,1,credit_card,9,486.08
ORD0013125,1,boleto,5,71.78
ORD0013126,1,credit_card,1,177.60000000000002
ORD0013127,1,credit_card,3,708.8100000000001
ORD0013128,1,boleto,9,134.98000000000002
ORD0013129,1,voucher,7,265.07
ORD0013130,1,voucher,2,84.93
ORD0013131,1,debit_card,3,67.17
ORD0013132,1,credit_card,8,434.79
ORD0013133,1,boleto,4,69.65
ORD0013134,1,boleto,8,97.73
ORD0013135,1,credit_card,1,1340.67
ORD0013136,1,boleto,6,168.72
ORD0013137,1,voucher,7,410.43
ORD0013138,1,voucher,9,252.78
ORD0013139,1,voucher,10,571.87
ORD0013140,1,voucher,1,23.66
ORD0013141,1,voucher,12,1928.22
ORD0013142,1,credit_card,12,58.72
ORD0013143,1,boleto,6,614.79
ORD0013144,1,voucher,4,525.1500000000001
ORD0013145,1,credit_card,9,117.14
ORD0013146,1,debit_card,12,273.54
ORD0013147,1,voucher,8,87.32
ORD0013148,1,credit_card,3,2277.77
ORD0013149,1,debit_card,12,40.18
ORD0013150,1,voucher,6,65.97
ORD0013151,1,credit_card,11,554.0999999999999
ORD0013152,1,debit_card,1,253.18
ORD0013153,1,credit_card,7,147.78
ORD0013154,1,credit_card,8,25.46
ORD0013155,1,credit_card,4,35.89
ORD0013156,1,credit_card,3,600.88
ORD0013157,1,boleto,10,632.95
ORD0013158,1,credit_card,5,1992.07
ORD0013159,1,credit_card,4,1556.17
ORD0013160,1,credit_card,3,599.8700000000001
ORD0013161,1,boleto,6,75.49
ORD0013162,1,voucher,2,470.31000000000006
ORD0013163,1,voucher,11,296.5
ORD0013164,1,credit_card,8,582.1500000000001
ORD0013165,1,credit_card,4,97.15
ORD0013166,1,credit_card,8,286.84
ORD0013167,1,boleto,5,410.32
ORD0013168,1,debit_card,4,552.94
ORD0013169,1,debit_card,10,121.83
ORD0013170,1,boleto,2,79.34
ORD0013171,1,credit_card,4,118.94
ORD0013172,1,debit_card,6,298.86
ORD0013173,1,voucher,12,932.11
ORD0013174,1,voucher,9,61.5
ORD0013175,1,boleto,7,202.14
ORD0013176,1,debit_card,7,541.1
ORD0013177,1,boleto,4,66.13
ORD0013178,1,boleto,9,873.9200000000001
ORD0013179,1,voucher,2,225.34
ORD0013180,1,credit_card,2,225.63
ORD0013181,1,boleto,6,412.25
ORD0013182,1,credit_card,1,415.81
ORD0013183,1,voucher,8,858.4
ORD0013184,1,credit_card,11,162.66
ORD0013185,1,voucher,11,330.11
ORD0013186,1,boleto,5,416.92
ORD0013187,1,credit_card,1,1105.05
ORD0013188,1,credit_card,4,172.28
ORD0013189,1,boleto,3,45.27
ORD0013190,1,debit_card,4,615.48
ORD0013191,1,debit_card,1,115.53
ORD0013192,1,credit_card,5,1143.36
ORD0013193,1,credit_card,1,427.36
ORD0013194,1,credit_card,9,558.54
ORD0013195,1,credit_card,10,312.81
ORD0013196,1,debit_card,3,199.77
ORD0013197,1,debit_card,2,109.94999999999999
ORD0013198,1,voucher,5,715.22
ORD0013199,1,voucher,7,39.48
ORD0013200,1,debit_card,1,32.96
ORD0013201,1,voucher,12,844.1500000000001
ORD0013202,1,credit_card,9,184.92
ORD0013203,1,boleto,9,908.6
ORD0013204,1,boleto,4,268.28
ORD0013205,1,boleto,3,367.95
ORD0013206,1,credit_card,6,228.36
ORD0013207,1,credit_card,9,220.91
ORD0013208,1,debit_card,6,234.73000000000002
ORD0013209,1,voucher,3,233.02
ORD0013210,1,boleto,10,591.08
ORD0013211,1,credit_card,7,109.16
ORD0013212,1,voucher,10,20.76
ORD0013213,1,credit_card,2,97.87
ORD0013214,1,voucher,3,123.34
ORD0013215,1,boleto,11,734.52
ORD0013216,1,voucher,10,168.41
ORD0013217,1,boleto,2,101.39
ORD0013218,1,voucher,5,577.39
ORD0013219,1,debit_card,3,142.62
ORD0013220,1,credit_card,3,117.03
ORD0013221,1,voucher,12,710.4
ORD0013222,1,voucher,11,582.68
ORD0013223,1,debit_card,12,321.28000000000003
ORD0013224,1,voucher,4,115.22
ORD0013225,1,voucher,12,322.56
ORD0013226,1,voucher,2,172.41
ORD0013227,1,voucher,10,57.37
ORD0013228,1,debit_card,3,189.43
ORD0013229,1,debit_card,6,102.47999999999999
ORD0013230,1,boleto,11,32.27
ORD0013231,1,debit_card,11,141.0
ORD0013232,1,boleto,3,60.92
ORD0013233,1,boleto,1,663.33
ORD0013234,1,voucher,2,35.06
ORD0013235,1,debit_card,8,86.65
ORD0013236,1,debit_card,9,439.24
ORD0013237,1,debit_card,10,44.79
ORD0013238,1,boleto,1,906.9300000000001
ORD0013239,1,credit_card,11,209.31
ORD0013240,1,voucher,11,44.73
ORD0013241,1,boleto,2,632.28
ORD0013242,1,boleto,2,173.3
ORD0013243,1,boleto,7,101.11
ORD0013244,1,credit_card,7,65.37
ORD0013245,1,voucher,5,58.98
ORD0013246,1,voucher,4,64.05
ORD0013247,1,debit_card,9,64.97
ORD0013248,1,boleto,10,899.26
ORD0013249,1,credit_card,2,81.56
ORD0013250,1,boleto,9,586.88
ORD0013251,1,credit_card,7,104.9
ORD0013252,1,debit_card,5,863.8699999999999
ORD0013253,1,debit_card,3,127.58
ORD0013254,1,voucher,3,194.73000000000002
ORD0013255,1,boleto,1,93.2
ORD0013256,1,boleto,5,255.98000000000002
ORD0013257,1,debit_card,6,208.81
ORD0013258,1,credit_card,2,440.98
ORD0013259,1,debit_card,1,211.76
ORD0013260,1,credit_card,8,315.96
ORD0013261,1,debit_card,2,476.98
ORD0013262,1,voucher,6,455.67
ORD0013263,1,voucher,7,581.56
ORD0013264,1,debit_card,7,106.41
ORD0013265,1,boleto,7,1052.48
ORD0013266,1,boleto,4,169.10999999999999
ORD0013267,1,credit_card,8,446.17
ORD0013268,1,voucher,5,204.18
ORD0013269,1,debit_card,2,208.74
ORD0013270,1,voucher,12,336.1
ORD0013271,1,debit_card,4,149.48
ORD0013272,1,debit_card,8,690.1500000000001
ORD0013273,1,boleto,12,377.33
ORD0013274,1,debit_card,10,328.3
ORD0013275,1,voucher,5,1596.12
ORD0013276,1,debit_card,5,607.25
ORD0013277,1,credit_card,3,1161.98
ORD0013278,1,boleto,3,601.03
ORD0013279,1,credit_card,2,128.07
ORD0013280,1,voucher,9,55.34
ORD0013281,1,credit_card,12,286.36
ORD0013282,1,debit_card,10,140.22
ORD0013283,1,debit_card,3,504.43
ORD0013284,1,boleto,1,198.20999999999998
ORD0013285,1,debit_card,4,215.87
ORD0013286,1,credit_card,7,365.65999999999997
ORD0013287,1,voucher,9,215.51
ORD0013288,1,debit_card,7,561.5899999999999
ORD0013289,1,debit_card,9,1005.06
ORD0013290,1,credit_card,1,23.23
ORD0013291,1,voucher,3,263.7
ORD0013292,1,boleto,9,366.3
ORD0013293,1,boleto,9,120.92
ORD0013294,1,voucher,7,395.74
ORD0013295,1,voucher,11,310.04
ORD0013296,1,voucher,10,874.74
ORD0013297,1,voucher,1,948.6700000000001
ORD0013298,1,credit_card,12,300.04
ORD0013299,1,debit_card,12,680.25
ORD0013300,1,boleto,3,155.92
ORD0013301,1,credit_card,11,271.24
ORD0013302,1,boleto,9,497.07
ORD0013303,1,voucher,7,31.01
ORD0013304,1,boleto,11,151.38
ORD0013305,1,voucher,8,560.4
ORD0013306,1,debit_card,1,512.5500000000001
ORD0013307,1,debit_card,10,53.43
ORD0013308,1,boleto,12,123.2
ORD0013309,1,boleto,2,402.26
ORD0013310,1,debit_card,3,27.61
ORD0013311,1,debit_card,9,362.98
ORD0013312,1,credit_card,1,204.72
ORD0013313,1,debit_card,8,195.04
ORD0013314,1,credit_card,7,1074.3
ORD0013315,1,voucher,5,994.5
ORD0013316,1,voucher,5,118.56
ORD0013317,1,credit_card,6,72.95
ORD0013318,1,debit_card,10,111.04
ORD0013319,1,boleto,8,640.72
ORD0013320,1,debit_card,8,364.02
ORD0013321,1,debit_card,11,2222.92
ORD0013322,1,credit_card,1,108.36
ORD0013323,1,voucher,11,336.2
ORD0013324,1,voucher,4,245.82
ORD0013325,1,debit_card,4,201.99
ORD0013326,1,boleto,12,45.7
ORD0013327,1,credit_card,10,216.06
ORD0013328,1,boleto,3,147.09
ORD0013329,1,credit_card,6,498.12
ORD0013330,1,debit_card,7,113.51
ORD0013331,1,debit_card,12,250.61
ORD0013332,1,debit_card,7,165.82
ORD0013333,1,debit_card,4,410.04
ORD0013334,1,credit_card,2,251.10000000000002
ORD0013335,1,credit_card,5,221.72
ORD0013336,1,boleto,2,454.95000000000005
ORD0013337,1,debit_card,1,125.39
ORD0013338,1,credit_card,5,37.71
ORD0013339,1,boleto,9,174.24
ORD0013340,1,debit_card,7,323.27
ORD0013341,1,boleto,6,213.92
ORD0013342,1,boleto,3,39.51
ORD0013343,1,credit_card,3,140.07
ORD0013344,1,voucher,1,263.45
ORD0013345,1,boleto,9,194.6
ORD0013346,1,debit_card,6,201.11
ORD0013347,1,credit_card,6,608.99
ORD0013348,1,credit_card,3,139.9
ORD0013349,1,voucher,6,301.76
ORD0013350,1,debit_card,9,272.44
ORD0013351,1,debit_card,12,423.06000000000006
ORD0013352,1,voucher,1,63.21
ORD0013353,1,voucher,8,1062.11
ORD0013354,1,voucher,3,31.52
ORD0013355,1,voucher,8,379.34
ORD0013356,1,boleto,7,46.62
ORD0013357,1,voucher,11,654.23
ORD0013358,1,debit_card,11,100.44
ORD0013359,1,credit_card,6,901.6500000000001
ORD0013360,1,credit_card,12,931.42
ORD0013361,1,credit_card,7,351.09000000000003
ORD0013362,1,credit_card,11,336.1
ORD0013363,1,credit_card,10,536.04
ORD0013364,1,boleto,8,201.04
ORD0013365,1,credit_card,9,139.20999999999998
ORD0013366,1,boleto,7,120.65
ORD0013367,1,credit_card,1,807.1700000000001
ORD0013368,1,debit_card,2,741.75
ORD0013369,1,credit_card,7,678.1
ORD0013370,1,debit_card,3,253.11
ORD0013371,1,boleto,4,65.4
ORD0013372,1,boleto,10,121.26
ORD0013373,1,boleto,9,441.0
ORD0013374,1,credit_card,12,304.44
ORD0013375,1,voucher,3,726.2
ORD0013376,1,debit_card,12,396.88
ORD0013377,1,boleto,9,137.96
ORD0013378,1,debit_card,8,217.15
ORD0013379,1,credit_card,6,318.38
ORD0013380,1,boleto,5,2232.4500000000003
ORD0013381,1,debit_card,12,47.519999999999996
ORD0013382,1,boleto,10,213.74
ORD0013383,1,credit_card,1,503.51
ORD0013384,1,credit_card,5,152.18
ORD0013385,1,credit_card,4,163.41
ORD0013386,1,voucher,12,566.47
ORD0013387,1,voucher,5,82.8
ORD0013388,1,debit_card,4,422.43
ORD0013389,1,boleto,2,313.36
ORD0013390,1,boleto,9,352.34
ORD0013391,1,boleto,3,281.9
ORD0013392,1,debit_card,7,37.34
ORD0013393,1,boleto,10,159.0
ORD0013394,1,boleto,11,597.36
ORD0013395,1,credit_card,5,103.52
ORD0013396,1,voucher,4,87.55000000000001
ORD0013397,1,debit_card,7,368.72
ORD0013398,1,credit_card,11,142.62
ORD0013399,1,voucher,6,265.72
ORD0013400,1,voucher,5,83.9
ORD0013401,1,voucher,5,205.73
ORD0013402,1,credit_card,10,115.52
ORD0013403,1,credit_card,3,256.68
ORD0013404,1,debit_card,3,48.5
ORD0013405,1,boleto,8,427.37
ORD0013406,1,debit_card,9,554.88
ORD0013407,1,debit_card,12,515.3
ORD0013408,1,credit_card,4,782.25
ORD0013409,1,credit_card,2,200.49
ORD0013410,1,debit_card,3,645.9000000000001
ORD0013411,1,credit_card,6,190.82
ORD0013412,1,credit_card,9,1180.65
ORD0013413,1,boleto,10,244.5
ORD0013414,1,boleto,5,309.89
ORD0013415,1,voucher,12,556.11
ORD0013416,1,boleto,2,580.39
ORD0013417,1,credit_card,11,258.87
ORD0013418,1,credit_card,12,35.34
ORD0013419,1,voucher,1,165.82
ORD0013420,1,voucher,1,163.74
ORD0013421,1,credit_card,9,502.0
ORD0013422,1,credit_card,2,254.02999999999997
ORD0013423,1,voucher,10,665.01
ORD0013424,1,voucher,10,62.05
ORD0013425,1,debit_card,4,98.45
ORD0013426,1,boleto,10,306.1
ORD0013427,1,voucher,4,441.62
ORD0013428,1,voucher,11,85.98
ORD0013429,1,credit_card,5,317.2
ORD0013430,1,debit_card,3,180.82
ORD0013431,1,credit_card,11,504.86
ORD0013432,1,boleto,11,69.66
ORD0013433,1,debit_card,5,58.25
ORD0013434,1,credit_card,6,68.11
ORD0013435,1,credit_card,4,116.05
ORD0013436,1,voucher,10,63.22
ORD0013437,1,voucher,7,185.98
ORD0013438,1,boleto,12,628.0
ORD0013439,1,credit_card,5,79.9
ORD0013440,1,voucher,5,607.78
ORD0013441,1,credit_card,10,111.54999999999998
ORD0013442,1,voucher,4,776.34
ORD0013443,1,voucher,3,121.52
ORD0013444,1,debit_card,7,623.46
ORD0013445,1,voucher,11,602.64
ORD0013446,1,boleto,9,1548.72
ORD0013447,1,debit_card,4,180.14
ORD0013448,1,boleto,1,1047.32
ORD0013449,1,voucher,2,106.64
ORD0013450,1,boleto,9,184.49
ORD0013451,1,credit_card,9,266.5
ORD0013452,1,voucher,5,76.36
ORD0013453,1,boleto,7,444.28
ORD0013454,1,boleto,5,160.4
ORD0013455,1,debit_card,10,101.28
ORD0013456,1,voucher,6,172.86
ORD0013457,1,credit_card,4,74.98
ORD0013458,1,voucher,9,30.14
ORD0013459,1,boleto,10,137.63
ORD0013460,1,boleto,11,194.6
ORD0013461,1,voucher,12,1414.27
ORD0013462,1,debit_card,7,195.84
ORD0013463,1,credit_card,9,62.24
ORD0013464,1,credit_card,9,798.0799999999999
ORD0013465,1,voucher,3,438.52
ORD0013466,1,voucher,7,103.68
ORD0013467,1,debit_card,1,22.88
ORD0013468,1,voucher,2,54.7
ORD0013469,1,boleto,9,130.29
ORD0013470,1,boleto,10,149.65
ORD0013471,1,debit_card,3,62.9
ORD0013472,1,debit_card,2,359.76
ORD0013473,1,voucher,3,48.08
ORD0013474,1,boleto,12,477.84000000000003
ORD0013475,1,debit_card,5,453.03
ORD0013476,1,credit_card,4,62.04
ORD0013477,1,boleto,10,115.04
ORD0013478,1,debit_card,9,118.4
ORD0013479,1,boleto,10,389.57
ORD0013480,1,credit_card,9,432.68
ORD0013481,1,debit_card,6,249.44
ORD0013482,1,voucher,2,623.52
ORD0013483,1,voucher,3,189.83
ORD0013484,1,debit_card,6,83.12
ORD0013485,1,debit_card,6,195.74
ORD0013486,1,boleto,9,50.85
ORD0013487,1,voucher,3,1004.76
ORD0013488,1,debit_card,8,387.87
ORD0013489,1,voucher,11,1479.05
ORD0013490,1,voucher,4,316.83
ORD0013491,1,voucher,8,47.14
ORD0013492,1,credit_card,9,198.70999999999998
ORD0013493,1,credit_card,8,356.2
ORD0013494,1,voucher,1,92.31
ORD0013495,1,debit_card,4,123.52
ORD0013496,1,voucher,12,427.92
ORD0013497,1,credit_card,9,516.08
ORD0013498,1,voucher,5,256.04
ORD0013499,1,voucher,12,323.03
ORD0013500,1,voucher,5,414.09000000000003
ORD0013501,1,credit_card,7,478.89
ORD0013502,1,credit_card,4,82.74
ORD0013503,1,boleto,7,1287.6799999999998
ORD0013504,1,boleto,3,459.72
ORD0013505,1,debit_card,12,148.0
ORD0013506,1,debit_card,10,560.28
ORD0013507,1,voucher,11,266.66
ORD0013508,1,boleto,4,132.08
ORD0013509,1,debit_card,6,685.56
ORD0013510,1,debit_card,10,49.4
ORD0013511,1,debit_card,11,68.44
ORD0013512,1,boleto,8,188.51
ORD0013513,1,boleto,4,189.88
ORD0013514,1,boleto,8,735.6
ORD0013515,1,boleto,4,938.4
ORD0013516,1,boleto,8,1565.28
ORD0013517,1,debit_card,1,180.9
ORD0013518,1,boleto,1,180.53
ORD0013519,1,debit_card,11,361.82
ORD0013520,1,credit_card,6,525.95
ORD0013521,1,debit_card,7,117.14
ORD0013522,1,voucher,6,202.53000000000003
ORD0013523,1,boleto,3,294.9
ORD0013524,1,boleto,2,172.3
ORD0013525,1,voucher,9,317.81
ORD0013526,1,boleto,2,622.25
ORD0013527,1,debit_card,12,330.65
ORD0013528,1,boleto,12,227.18
ORD0013529,1,credit_card,1,265.14
ORD0013530,1,voucher,4,98.45
ORD0013531,1,debit_card,4,1096.92
ORD0013532,1,boleto,2,233.70000000000002
ORD0013533,1,boleto,5,21.41
ORD0013534,1,voucher,3,85.06
ORD0013535,1,voucher,8,211.8
ORD0013536,1,debit_card,5,243.60000000000002
ORD0013537,1,credit_card,5,977.82
ORD0013538,1,debit_card,12,326.59999999999997
ORD0013539,1,debit_card,12,81.01
ORD0013540,1,voucher,11,149.93
ORD0013541,1,boleto,10,59.24
ORD0013542,1,voucher,11,249.89999999999998
ORD0013543,1,credit_card,7,968.67
ORD0013544,1,boleto,10,506.17999999999995
ORD0013545,1,credit_card,3,15.82
ORD0013546,1,boleto,12,250.52
ORD0013547,1,debit_card,7,280.3
ORD0013548,1,voucher,7,125.28
ORD0013549,1,debit_card,11,645.12
ORD0013550,1,debit_card,4,110.69
ORD0013551,1,boleto,12,65.0
ORD0013552,1,voucher,2,50.59
ORD0013553,1,voucher,7,160.72
ORD0013554,1,credit_card,2,303.44
ORD0013555,1,voucher,12,174.86
ORD0013556,1,boleto,5,175.1
ORD0013557,1,debit_card,12,120.4
ORD0013558,1,voucher,9,240.27
ORD0013559,1,boleto,10,305.15999999999997
ORD0013560,1,debit_card,5,708.0999999999999
ORD0013561,1,credit_card,7,256.54
ORD0013562,1,credit_card,12,298.77
ORD0013563,1,boleto,11,59.28
ORD0013564,1,debit_card,2,179.82
ORD0013565,1,voucher,8,189.84
ORD0013566,1,voucher,12,119.98
ORD0013567,1,debit_card,1,374.65000000000003
ORD0013568,1,debit_card,12,114.08
ORD0013569,1,boleto,4,148.88
ORD0013570,1,debit_card,11,55.4
ORD0013571,1,debit_card,9,30.78
ORD0013572,1,voucher,11,57.12
ORD0013573,1,credit_card,3,337.95000000000005
ORD0013574,1,boleto,4,768.3900000000001
ORD0013575,1,debit_card,4,89.38
ORD0013576,1,boleto,5,120.08
ORD0013577,1,debit_card,2,437.28
ORD0013578,1,boleto,11,37.35
ORD0013579,1,boleto,5,15.58
ORD0013580,1,debit_card,9,170.16
ORD0013581,1,credit_card,10,121.43
ORD0013582,1,boleto,2,220.65
ORD0013583,1,voucher,7,437.9
ORD0013584,1,debit_card,5,560.4
ORD0013585,1,boleto,7,160.29
ORD0013586,1,debit_card,10,191.23
ORD0013587,1,credit_card,11,597.75
ORD0013588,1,voucher,5,104.1
ORD0013589,1,credit_card,6,313.65
ORD0013590,1,boleto,12,265.07
ORD0013591,1,debit_card,2,102.2
ORD0013592,1,debit_card,5,229.14
ORD0013593,1,voucher,8,1049.72
ORD0013594,1,debit_card,8,136.07
ORD0013595,1,boleto,7,1174.45
ORD0013596,1,boleto,4,557.44
ORD0013597,1,debit_card,9,615.14
ORD0013598,1,voucher,12,62.24
ORD0013599,1,debit_card,2,286.22
ORD0013600,1,debit_card,6,399.48
ORD0013601,1,voucher,12,93.78
ORD0013602,1,voucher,6,148.89000000000001
ORD0013603,1,debit_card,12,249.89
ORD0013604,1,boleto,9,34.88
ORD0013605,1,debit_card,7,47.14
ORD0013606,1,debit_card,11,130.63
ORD0013607,1,voucher,6,197.54
ORD0013608,1,boleto,4,250.54
ORD0013609,1,boleto,4,1477.9499999999998
ORD0013610,1,boleto,7,374.88
ORD0013611,1,boleto,4,1290.8
ORD0013612,1,voucher,5,698.1999999999999
ORD0013613,1,boleto,1,122.29
ORD0013614,1,boleto,12,15.06
ORD0013615,1,credit_card,8,404.8
ORD0013616,1,boleto,6,611.48
ORD0013617,1,debit_card,11,455.62
ORD0013618,1,credit_card,10,317.22
ORD0013619,1,voucher,11,277.6
ORD0013620,1,voucher,11,1021.78
ORD0013621,1,boleto,9,443.23
ORD0013622,1,boleto,4,134.49
ORD0013623,1,debit_card,2,116.02
ORD0013624,1,debit_card,3,206.07
ORD0013625,1,voucher,5,492.65
ORD0013626,1,boleto,6,167.23000000000002
ORD0013627,1,boleto,7,427.55
ORD0013628,1,boleto,9,268.0
ORD0013629,1,boleto,2,194.33
ORD0013630,1,boleto,5,149.81
ORD0013631,1,boleto,6,272.1
ORD0013632,1,debit_card,3,92.48
ORD0013633,1,boleto,6,730.5
ORD0013634,1,boleto,7,93.64
ORD0013635,1,debit_card,6,325.19
ORD0013636,1,credit_card,12,44.05
ORD0013637,1,debit_card,6,116.7
ORD0013638,1,boleto,8,269.15
ORD0013639,1,boleto,5,449.22
ORD0013640,1,debit_card,4,28.6
ORD0013641,1,voucher,1,788.11
ORD0013642,1,credit_card,3,572.58
ORD0013643,1,debit_card,3,355.48
ORD0013644,1,voucher,11,118.5
ORD0013645,1,boleto,4,198.14
ORD0013646,1,credit_card,6,95.59
ORD0013647,1,credit_card,3,390.36
ORD0013648,1,voucher,10,52.69
ORD0013649,1,voucher,2,58.51
ORD0013650,1,debit_card,7,327.51
ORD0013651,1,voucher,12,261.58
ORD0013652,1,credit_card,5,427.89
ORD0013653,1,credit_card,9,127.89000000000001
ORD0013654,1,voucher,5,368.1
ORD0013655,1,voucher,2,1234.8000000000002
ORD0013656,1,debit_card,1,14.14
ORD0013657,1,voucher,4,51.07
ORD0013658,1,debit_card,4,205.72
ORD0013659,1,debit_card,5,149.4
ORD0013660,1,credit_card,10,341.71
ORD0013661,1,boleto,1,15.37
ORD0013662,1,debit_card,12,458.59000000000003
ORD0013663,1,boleto,7,672.4
ORD0013664,1,debit_card,12,1863.5700000000002
ORD0013665,1,boleto,10,52.12
ORD0013666,1,debit_card,2,897.54
ORD0013667,1,voucher,3,1008.0699999999999
ORD0013668,1,voucher,7,355.39
ORD0013669,1,debit_card,3,927.06
ORD0013670,1,credit_card,1,144.76
ORD0013671,1,voucher,4,210.69
ORD0013672,1,voucher,9,150.48
ORD0013673,1,credit_card,2,409.86
ORD0013674,1,boleto,5,118.78
ORD0013675,1,boleto,3,235.07999999999998
ORD0013676,1,voucher,10,196.55
ORD0013677,1,voucher,6,15.58
ORD0013678,1,voucher,3,925.1999999999999
ORD0013679,1,credit_card,2,291.8
ORD0013680,1,debit_card,4,2141.75
ORD0013681,1,boleto,6,329.48
ORD0013682,1,boleto,4,248.64
ORD0013683,1,voucher,9,297.24
ORD0013684,1,boleto,10,785.16
ORD0013685,1,boleto,3,693.92
ORD0013686,1,boleto,3,157.29
ORD0013687,1,debit_card,9,260.54
ORD0013688,1,debit_card,2,145.39
ORD0013689,1,credit_card,7,486.96
ORD0013690,1,credit_card,8,329.48
ORD0013691,1,debit_card,6,19.47
ORD0013692,1,credit_card,8,2421.57
ORD0013693,1,boleto,5,84.9
ORD0013694,1,voucher,11,636.08
ORD0013695,1,credit_card,10,204.75
ORD0013696,1,boleto,4,85.80000000000001
ORD0013697,1,credit_card,12,499.37
ORD0013698,1,voucher,2,520.28
ORD0013699,1,credit_card,9,98.10000000000001
ORD0013700,1,debit_card,6,676.78
ORD0013701,1,credit_card,6,92.48
ORD0013702,1,debit_card,6,161.44
ORD0013703,1,boleto,3,1166.62
ORD0013704,1,credit_card,3,58.12
ORD0013705,1,debit_card,5,171.81
ORD0013706,1,credit_card,2,3369.52
ORD0013707,1,boleto,8,127.9
ORD0013708,1,debit_card,12,201.99
ORD0013709,1,debit_card,2,145.39
ORD0013710,1,debit_card,2,770.52
ORD0013711,1,debit_card,6,176.11
ORD0013712,1,boleto,2,248.73000000000002
ORD0013713,1,boleto,10,365.1
ORD0013714,1,debit_card,11,100.44
ORD0013715,1,credit_card,7,20.76
ORD0013716,1,boleto,10,114.57
ORD0013717,1,boleto,12,1055.64
ORD0013718,1,boleto,5,460.02
ORD0013719,1,debit_card,9,725.88
ORD0013720,1,credit_card,6,884.0
ORD0013721,1,boleto,8,87.23
ORD0013722,1,boleto,5,1099.96
ORD0013723,1,debit_card,12,1106.23
ORD0013724,1,voucher,9,171.54
ORD0013725,1,boleto,6,636.49
ORD0013726,1,debit_card,8,612.92
ORD0013727,1,credit_card,10,741.9300000000001
ORD0013728,1,debit_card,7,186.94
ORD0013729,1,debit_card,1,67.98
ORD0013730,1,debit_card,3,58.32
ORD0013731,1,debit_card,6,143.56
ORD0013732,1,credit_card,12,470.73
ORD0013733,1,voucher,11,410.04999999999995
ORD0013734,1,boleto,12,1852.53
ORD0013735,1,credit_card,6,127.6
ORD0013736,1,voucher,7,48.67
ORD0013737,1,voucher,9,1622.2800000000002
ORD0013738,1,credit_card,2,402.04999999999995
ORD0013739,1,credit_card,8,207.98
ORD0013740,1,credit_card,1,32.14
ORD0013741,1,voucher,1,120.53999999999999
ORD0013742,1,boleto,3,212.72
ORD0013743,1,boleto,3,24.69
ORD0013744,1,credit_card,5,290.18
ORD0013745,1,debit_card,5,254.08
ORD0013746,1,credit_card,10,238.33
ORD0013747,1,debit_card,4,119.07
ORD0013748,1,voucher,12,114.02
ORD0013749,1,credit_card,3,381.92
ORD0013750,1,voucher,11,367.75
ORD0013751,1,voucher,8,243.94
ORD0013752,1,credit_card,5,218.77
ORD0013753,1,voucher,10,346.74
ORD0013754,1,credit_card,6,97.96
ORD0013755,1,boleto,12,93.92
ORD0013756,1,boleto,3,136.41
ORD0013757,1,boleto,11,1049.72
ORD0013758,1,credit_card,3,179.97
ORD0013759,1,boleto,8,246.37
ORD0013760,1,boleto,6,144.0
ORD0013761,1,voucher,10,375.51
ORD0013762,1,voucher,11,174.81
ORD0013763,1,boleto,7,473.64
ORD0013764,1,voucher,12,70.86
ORD0013765,1,debit_card,1,183.32
ORD0013766,1,voucher,10,340.74
ORD0013767,1,boleto,10,62.87
ORD0013768,1,credit_card,12,307.48
ORD0013769,1,credit_card,6,23.66
ORD0013770,1,debit_card,11,1530.11
ORD0013771,1,voucher,1,534.0500000000001
ORD0013772,1,boleto,7,905.05
ORD0013773,1,boleto,5,328.35
ORD0013774,1,debit_card,8,312.06
ORD0013775,1,debit_card,4,556.63
ORD0013776,1,voucher,5,18.83
ORD0013777,1,boleto,9,133.25
ORD0013778,1,credit_card,8,61.85
ORD0013779,1,credit_card,5,664.93
ORD0013780,1,boleto,11,40.26
ORD0013781,1,credit_card,7,202.78
ORD0013782,1,voucher,2,195.53
ORD0013783,1,debit_card,5,141.2
ORD0013784,1,debit_card,1,527.36
ORD0013785,1,debit_card,6,169.58
ORD0013786,1,boleto,3,672.05
ORD0013787,1,credit_card,12,574.81
ORD0013788,1,credit_card,10,183.51
ORD0013789,1,voucher,6,90.66
ORD0013790,1,debit_card,9,614.2
ORD0013791,1,debit_card,3,981.9300000000001
ORD0013792,1,boleto,8,683.77
ORD0013793,1,boleto,9,63.91
ORD0013794,1,debit_card,2,474.21999999999997
ORD0013795,1,credit_card,7,281.82
ORD0013796,1,credit_card,3,101.68
ORD0013797,1,voucher,6,485.04
ORD0013798,1,voucher,5,685.32
ORD0013799,1,debit_card,1,43.31
ORD0013800,1,debit_card,12,977.04
ORD0013801,1,boleto,6,70.6
ORD0013802,1,voucher,3,447.74
ORD0013803,1,voucher,1,238.33
ORD0013804,1,voucher,4,233.02
ORD0013805,1,boleto,12,283.96999999999997
ORD0013806,1,voucher,4,910.6999999999999
ORD0013807,1,boleto,4,1478.56
ORD0013808,1,voucher,5,38.37
ORD0013809,1,debit_card,7,85.26
ORD0013810,1,voucher,3,136.23
ORD0013811,1,debit_card,9,49.63
ORD0013812,1,boleto,9,1032.42
ORD0013813,1,boleto,10,248.14
ORD0013814,1,voucher,6,83.12
ORD0013815,1,debit_card,5,35.19
ORD0013816,1,boleto,11,142.9
ORD0013817,1,boleto,10,89.77
ORD0013818,1,debit_card,4,233.36
ORD0013819,1,debit_card,2,133.32
ORD0013820,1,credit_card,10,723.6700000000001
ORD0013821,1,credit_card,1,72.39
ORD0013822,1,voucher,6,461.41999999999996
ORD0013823,1,credit_card,9,445.66999999999996
ORD0013824,1,voucher,12,35.15
ORD0013825,1,credit_card,4,686.35
ORD0013826,1,voucher,2,475.34999999999997
ORD0013827,1,voucher,9,121.88
ORD0013828,1,boleto,9,2270.6800000000003
ORD0013829,1,credit_card,11,825.39
ORD0013830,1,credit_card,3,130.74
ORD0013831,1,boleto,11,12.94
ORD0013832,1,voucher,11,124.82
ORD0013833,1,debit_card,1,377.86
ORD0013834,1,credit_card,11,690.6500000000001
ORD0013835,1,credit_card,9,113.77000000000001
ORD0013836,1,credit_card,12,163.51
ORD0013837,1,voucher,8,382.72
ORD0013838,1,debit_card,9,1783.78
ORD0013839,1,boleto,12,139.39
ORD0013840,1,voucher,12,774.62
ORD0013841,1,boleto,10,211.46
ORD0013842,1,debit_card,12,264.78
ORD0013843,1,debit_card,10,1040.8799999999999
ORD0013844,1,credit_card,11,421.14
ORD0013845,1,boleto,10,68.47
ORD0013846,1,debit_card,6,37.88
ORD0013847,1,voucher,10,179.43
ORD0013848,1,credit_card,7,874.89
ORD0013849,1,debit_card,10,80.08
ORD0013850,1,boleto,8,359.7
ORD0013851,1,voucher,9,53.52
ORD0013852,1,credit_card,2,28.81
ORD0013853,1,boleto,2,287.82000000000005
ORD0013854,1,credit_card,7,645.26
ORD0013855,1,boleto,2,184.36
ORD0013856,1,debit_card,12,127.04
ORD0013857,1,credit_card,3,55.27
ORD0013858,1,voucher,3,694.59
ORD0013859,1,boleto,10,37.68
ORD0013860,1,debit_card,9,32.26
ORD0013861,1,voucher,6,181.12
ORD0013862,1,credit_card,10,983.8499999999999
ORD0013863,1,boleto,5,1213.37
ORD0013864,1,voucher,2,448.11
ORD0013865,1,boleto,5,61.88
ORD0013866,1,voucher,8,456.6
ORD0013867,1,credit_card,3,136.61
ORD0013868,1,voucher,8,856.7
ORD0013869,1,boleto,2,147.77
ORD0013870,1,debit_card,7,108.03
ORD0013871,1,boleto,5,356.05
ORD0013872,1,boleto,8,255.85000000000002
ORD0013873,1,debit_card,5,102.17
ORD0013874,1,boleto,7,155.6
ORD0013875,1,boleto,7,44.32
ORD0013876,1,boleto,11,602.52
ORD0013877,1,credit_card,2,44.73
ORD0013878,1,credit_card,6,1143.67
ORD0013879,1,credit_card,4,1279.46
ORD0013880,1,boleto,3,993.8900000000001
ORD0013881,1,credit_card,1,692.39
ORD0013882,1,debit_card,1,1087.08
ORD0013883,1,credit_card,8,312.01
ORD0013884,1,voucher,2,57.04
ORD0013885,1,voucher,7,188.86
ORD0013886,1,debit_card,10,97.43
ORD0013887,1,voucher,3,113.32
ORD0013888,1,debit_card,11,128.56
ORD0013889,1,boleto,6,100.1
ORD0013890,1,debit_card,7,30.61
ORD0013891,1,boleto,11,22.97
ORD0013892,1,credit_card,1,154.44
ORD0013893,1,voucher,10,296.26
ORD0013894,1,boleto,6,38.95
ORD0013895,1,boleto,8,67.22
ORD0013896,1,boleto,4,215.07
ORD0013897,1,credit_card,8,344.47
ORD0013898,1,debit_card,4,203.44
ORD0013899,1,boleto,7,669.4
ORD0013900,1,credit_card,3,129.94
ORD0013901,1,debit_card,11,122.29
ORD0013902,1,credit_card,8,140.19
ORD0013903,1,credit_card,5,83.11
ORD0013904,1,credit_card,5,105.97999999999999
ORD0013905,1,boleto,8,820.64
ORD0013906,1,boleto,11,344.12
ORD0013907,1,credit_card,6,578.3
ORD0013908,1,credit_card,10,101.97
ORD0013909,1,debit_card,9,85.39
ORD0013910,1,boleto,9,130.0
ORD0013911,1,debit_card,4,103.2
ORD0013912,1,debit_card,10,785.55
ORD0013913,1,boleto,7,280.76
ORD0013914,1,debit_card,1,76.12
ORD0013915,1,credit_card,2,189.66
ORD0013916,1,boleto,5,170.04
ORD0013917,1,voucher,10,1136.69
ORD0013918,1,debit_card,12,1000.22
ORD0013919,1,boleto,9,255.2
ORD0013920,1,boleto,2,1335.86
ORD0013921,1,debit_card,6,168.38
ORD0013922,1,voucher,10,237.07
ORD0013923,1,debit_card,7,471.12
ORD0013924,1,credit_card,9,71.57
ORD0013925,1,debit_card,3,187.16
ORD0013926,1,debit_card,10,962.63
ORD0013927,1,boleto,6,299.0
ORD0013928,1,debit_card,1,70.28
ORD0013929,1,credit_card,10,186.95
ORD0013930,1,credit_card,10,370.12
ORD0013931,1,voucher,8,90.42
ORD0013932,1,boleto,9,93.42
ORD0013933,1,debit_card,3,102.29
ORD0013934,1,credit_card,2,768.1800000000001
ORD0013935,1,voucher,3,168.3
ORD0013936,1,voucher,2,148.55
ORD0013937,1,credit_card,2,169.72
ORD0013938,1,debit_card,4,481.59000000000003
ORD0013939,1,voucher,5,45.21
ORD0013940,1,boleto,3,250.58
ORD0013941,1,voucher,7,217.12
ORD0013942,1,debit_card,9,484.91
ORD0013943,1,credit_card,2,212.51
ORD0013944,1,debit_card,11,762.24
ORD0013945,1,boleto,8,131.08
ORD0013946,1,debit_card,12,670.9300000000001
ORD0013947,1,debit_card,1,867.45
ORD0013948,1,boleto,10,694.25
ORD0013949,1,debit_card,4,99.98
ORD0013950,1,debit_card,7,157.29
ORD0013951,1,credit_card,5,132.6
ORD0013952,1,debit_card,4,180.33
ORD0013953,1,credit_card,12,314.34000000000003
ORD0013954,1,credit_card,11,511.11
ORD0013955,1,boleto,3,258.68
ORD0013956,1,debit_card,9,63.15
ORD0013957,1,voucher,11,431.46
ORD0013958,1,voucher,12,33.449999999999996
ORD0013959,1,debit_card,3,29.07
ORD0013960,1,debit_card,6,471.42
ORD0013961,1,boleto,9,894.17
ORD0013962,1,credit_card,4,580.36
ORD0013963,1,debit_card,2,138.44
ORD0013964,1,voucher,10,294.71000000000004
ORD0013965,1,debit_card,5,94.93
ORD0013966,1,boleto,8,299.86
ORD0013967,1,debit_card,4,964.75
ORD0013968,1,boleto,3,78.4
ORD0013969,1,credit_card,1,1458.53
ORD0013970,1,credit_card,9,497.97
ORD0013971,1,voucher,6,432.12
ORD0013972,1,debit_card,11,721.66
ORD0013973,1,boleto,9,243.51
ORD0013974,1,debit_card,3,180.59
ORD0013975,1,boleto,10,212.3
ORD0013976,1,credit_card,8,132.05
ORD0013977,1,debit_card,4,638.8900000000001
ORD0013978,1,debit_card,1,228.07999999999998
ORD0013979,1,boleto,10,253.34
ORD0013980,1,credit_card,2,143.82
ORD0013981,1,debit_card,6,884.0100000000001
ORD0013982,1,debit_card,10,139.91
ORD0013983,1,credit_card,8,860.46
ORD0013984,1,boleto,10,909.97
ORD0013985,1,voucher,10,93.21
ORD0013986,1,debit_card,7,457.06
ORD0013987,1,debit_card,11,79.35
ORD0013988,1,credit_card,6,442.78
ORD0013989,1,debit_card,11,216.21
ORD0013990,1,debit_card,7,616.5799999999999
ORD0013991,1,debit_card,11,246.05
ORD0013992,1,debit_card,8,1148.55
ORD0013993,1,debit_card,4,1240.05
ORD0013994,1,voucher,7,1134.38
ORD0013995,1,debit_card,12,109.74
ORD0013996,1,credit_card,6,101.07
ORD0013997,1,debit_card,6,258.7
ORD0013998,1,voucher,3,633.66
ORD0013999,1,voucher,4,1710.48
ORD0014000,1,debit_card,4,406.14
ORD0014001,1,debit_card,8,423.23
ORD0014002,1,voucher,5,453.12
ORD0014003,1,boleto,2,464.59
ORD0014004,1,boleto,2,226.64999999999998
ORD0014005,1,boleto,3,103.52
ORD0014006,1,credit_card,1,2191.18
ORD0014007,1,credit_card,5,43.56
ORD0014008,1,debit_card,6,1585.41
ORD0014009,1,credit_card,2,184.5
ORD0014010,1,debit_card,2,895.63
ORD0014011,1,debit_card,3,791.78
ORD0014012,1,credit_card,7,125.39
ORD0014013,1,boleto,2,1656.06
ORD0014014,1,voucher,8,42.0
ORD0014015,1,credit_card,1,342.2
ORD0014016,1,credit_card,9,59.24
ORD0014017,1,boleto,1,249.82
ORD0014018,1,credit_card,11,391.08000000000004
ORD0014019,1,debit_card,7,988.44
ORD0014020,1,voucher,2,307.46
ORD0014021,1,credit_card,6,51.76
ORD0014022,1,boleto,5,93.25
ORD0014023,1,boleto,11,679.98
ORD0014024,1,credit_card,1,61.47
ORD0014025,1,debit_card,4,103.11
ORD0014026,1,boleto,10,71.94
ORD0014027,1,debit_card,2,177.92000000000002
ORD0014028,1,boleto,12,547.74
ORD0014029,1,boleto,6,31.45
ORD0014030,1,voucher,4,108.03
ORD0014031,1,debit_card,4,144.26
ORD0014032,1,debit_card,5,71.25
ORD0014033,1,debit_card,10,100.88
ORD0014034,1,boleto,1,205.08
ORD0014035,1,debit_card,5,390.7
ORD0014036,1,voucher,5,450.18
ORD0014037,1,boleto,7,83.4
ORD0014038,1,debit_card,6,840.55
ORD0014039,1,voucher,11,704.2
ORD0014040,1,boleto,12,382.22
ORD0014041,1,voucher,10,860.59
ORD0014042,1,credit_card,7,671.0
ORD0014043,1,boleto,3,192.64
ORD0014044,1,credit_card,12,117.94
ORD0014045,1,credit_card,8,498.0
ORD0014046,1,voucher,3,857.87
ORD0014047,1,debit_card,6,262.46000000000004
ORD0014048,1,voucher,1,302.70000000000005
ORD0014049,1,credit_card,11,595.44
ORD0014050,1,debit_card,4,611.85
ORD0014051,1,credit_card,8,248.84000000000003
ORD0014052,1,debit_card,7,993.5
ORD0014053,1,boleto,7,162.6
ORD0014054,1,credit_card,7,116.34
ORD0014055,1,debit_card,11,28.63
ORD0014056,1,debit_card,7,571.62
ORD0014057,1,boleto,4,15.37
ORD0014058,1,debit_card,5,26.33
ORD0014059,1,boleto,12,33.02
ORD0014060,1,debit_card,11,107.6
ORD0014061,1,credit_card,3,291.08
ORD0014062,1,credit_card,1,103.2
ORD0014063,1,debit_card,5,571.69
ORD0014064,1,credit_card,4,96.27
ORD0014065,1,debit_card,7,74.65
ORD0014066,1,credit_card,1,136.09
ORD0014067,1,credit_card,1,306.34
ORD0014068,1,boleto,1,254.36
ORD0014069,1,debit_card,4,35.67
ORD0014070,1,voucher,11,59.94
ORD0014071,1,debit_card,1,187.4
ORD0014072,1,debit_card,11,221.0
ORD0014073,1,credit_card,1,37.99
ORD0014074,1,boleto,3,1367.93
ORD0014075,1,debit_card,11,290.41999999999996
ORD0014076,1,boleto,6,717.76
ORD0014077,1,voucher,10,530.14
ORD0014078,1,voucher,7,203.4
ORD0014079,1,boleto,4,265.14
ORD0014080,1,voucher,2,334.11
ORD0014081,1,boleto,6,42.46
ORD0014082,1,voucher,2,862.6500000000001
ORD0014083,1,debit_card,6,627.39
ORD0014084,1,boleto,12,119.85000000000001
ORD0014085,1,credit_card,5,222.14
ORD0014086,1,boleto,5,395.75
ORD0014087,1,debit_card,10,572.03
ORD0014088,1,credit_card,8,421.52
ORD0014089,1,debit_card,8,108.32000000000001
ORD0014090,1,voucher,5,297.66
ORD0014091,1,voucher,4,224.71
ORD0014092,1,boleto,10,844.4000000000001
ORD0014093,1,debit_card,4,152.14
ORD0014094,1,credit_card,5,72.95
ORD0014095,1,voucher,3,456.04
ORD0014096,1,debit_card,2,602.54
ORD0014097,1,credit_card,6,2471.76
ORD0014098,1,boleto,6,62.47
ORD0014099,1,credit_card,8,69.32
ORD0014100,1,credit_card,9,199.36
ORD0014101,1,debit_card,2,362.73
ORD0014102,1,voucher,2,309.58
ORD0014103,1,credit_card,9,828.26
ORD0014104,1,credit_card,2,218.73000000000002
ORD0014105,1,voucher,12,42.11
ORD0014106,1,debit_card,4,204.78
ORD0014107,1,voucher,7,604.91
ORD0014108,1,credit_card,3,153.45
ORD0014109,1,debit_card,4,286.78
ORD0014110,1,voucher,5,468.17999999999995
ORD0014111,1,voucher,1,827.2900000000001
ORD0014112,1,credit_card,5,57.47
ORD0014113,1,voucher,1,1318.32
ORD0014114,1,debit_card,10,3060.16
ORD0014115,1,voucher,4,40.81
ORD0014116,1,boleto,10,276.27
ORD0014117,1,debit_card,3,611.44
ORD0014118,1,boleto,12,219.5
ORD0014119,1,boleto,10,386.65999999999997
ORD0014120,1,boleto,12,237.22
ORD0014121,1,voucher,2,214.19
ORD0014122,1,voucher,1,13.87
ORD0014123,1,voucher,4,455.94000000000005
ORD0014124,1,voucher,5,275.79
ORD0014125,1,debit_card,12,93.94
ORD0014126,1,boleto,7,488.88
ORD0014127,1,voucher,8,272.18
ORD0014128,1,boleto,9,408.03
ORD0014129,1,voucher,2,188.51
ORD0014130,1,voucher,5,172.86
ORD0014131,1,credit_card,7,304.48
ORD0014132,1,credit_card,1,798.1500000000001
ORD0014133,1,credit_card,12,132.52
ORD0014134,1,boleto,8,215.87
ORD0014135,1,debit_card,7,168.12
ORD0014136,1,credit_card,9,165.02
ORD0014137,1,debit_card,6,321.26
ORD0014138,1,voucher,6,978.36
ORD0014139,1,credit_card,10,730.1800000000001
ORD0014140,1,credit_card,7,243.76
ORD0014141,1,debit_card,7,449.22
ORD0014142,1,boleto,12,140.15
ORD0014143,1,boleto,7,546.53
ORD0014144,1,debit_card,2,66.26
ORD0014145,1,debit_card,7,202.58
ORD0014146,1,credit_card,10,120.25
ORD0014147,1,boleto,9,64.64
ORD0014148,1,debit_card,10,522.12
ORD0014149,1,voucher,3,333.54
ORD0014150,1,boleto,6,38.37
ORD0014151,1,boleto,8,106.15
ORD0014152,1,voucher,6,44.46
ORD0014153,1,debit_card,3,58.85
ORD0014154,1,credit_card,9,76.74
ORD0014155,1,debit_card,6,302.48
ORD0014156,1,debit_card,1,103.62
ORD0014157,1,credit_card,6,853.3499999999999
ORD0014158,1,voucher,9,1030.6799999999998
ORD0014159,1,credit_card,7,473.6
ORD0014160,1,credit_card,7,552.46
ORD0014161,1,credit_card,2,17.97
ORD0014162,1,credit_card,4,397.7
ORD0014163,1,debit_card,7,132.32999999999998
ORD0014164,1,voucher,5,564.8
ORD0014165,1,boleto,2,430.4100000000001
ORD0014166,1,debit_card,6,212.69
ORD0014167,1,voucher,8,47.5
ORD0014168,1,boleto,9,542.61
ORD0014169,1,credit_card,7,204.78
ORD0014170,1,credit_card,5,134.38
ORD0014171,1,credit_card,3,380.36
ORD0014172,1,debit_card,9,639.9899999999999
ORD0014173,1,boleto,4,247.44
ORD0014174,1,debit_card,4,767.97
ORD0014175,1,debit_card,11,421.28999999999996
ORD0014176,1,debit_card,1,215.51
ORD0014177,1,boleto,4,257.67
ORD0014178,1,boleto,5,170.1
ORD0014179,1,voucher,8,637.4
ORD0014180,1,boleto,9,499.04
ORD0014181,1,voucher,5,85.27000000000001
ORD0014182,1,boleto,9,394.35
ORD0014183,1,boleto,8,178.05
ORD0014184,1,voucher,2,35.24
ORD0014185,1,credit_card,11,1579.39
ORD0014186,1,credit_card,6,205.36
ORD0014187,1,credit_card,2,236.61
ORD0014188,1,debit_card,8,327.28
ORD0014189,1,credit_card,11,171.81
ORD0014190,1,credit_card,8,361.36
ORD0014191,1,voucher,5,91.26
ORD0014192,1,credit_card,9,328.35
ORD0014193,1,boleto,5,428.34999999999997
ORD0014194,1,debit_card,2,2588.9900000000002
ORD0014195,1,boleto,6,570.1
ORD0014196,1,debit_card,10,1376.35
ORD0014197,1,debit_card,5,238.6
ORD0014198,1,boleto,1,473.08
ORD0014199,1,voucher,4,228.48
ORD0014200,1,credit_card,11,300.81
ORD0014201,1,debit_card,2,40.54
ORD0014202,1,credit_card,4,492.8
ORD0014203,1,boleto,6,288.84000000000003
ORD0014204,1,voucher,5,186.5
ORD0014205,1,voucher,6,307.17
ORD0014206,1,boleto,7,630.15
ORD0014207,1,credit_card,3,135.26
ORD0014208,1,credit_card,6,108.89999999999999
ORD0014209,1,debit_card,10,398.82
ORD0014210,1,voucher,3,124.43
ORD0014211,1,voucher,10,1031.1
ORD0014212,1,voucher,2,109.22999999999999
ORD0014213,1,credit_card,7,241.35000000000002
ORD0014214,1,debit_card,10,74.0
ORD0014215,1,debit_card,9,27.34
ORD0014216,1,credit_card,4,84.79
ORD0014217,1,boleto,9,742.77
ORD0014218,1,boleto,4,41.52
ORD0014219,1,boleto,7,54.11
ORD0014220,1,debit_card,6,70.22
ORD0014221,1,credit_card,9,148.14000000000001
ORD0014222,1,voucher,7,258.45000000000005
ORD0014223,1,voucher,10,178.23
ORD0014224,1,credit_card,9,32.26
ORD0014225,1,voucher,9,900.35
ORD0014226,1,credit_card,12,179.56
ORD0014227,1,boleto,6,60.98
ORD0014228,1,credit_card,7,46.74
ORD0014229,1,voucher,7,360.85
ORD0014230,1,credit_card,2,219.26
ORD0014231,1,credit_card,8,70.86
ORD0014232,1,debit_card,3,683.85
ORD0014233,1,debit_card,2,63.52
ORD0014234,1,credit_card,5,46.82
ORD0014235,1,credit_card,5,243.4
ORD0014236,1,debit_card,7,1017.1500000000001
ORD0014237,1,voucher,1,171.12
ORD0014238,1,debit_card,1,365.64
ORD0014239,1,debit_card,9,140.22
ORD0014240,1,voucher,2,236.70000000000002
ORD0014241,1,credit_card,10,181.18
ORD0014242,1,debit_card,10,183.12
ORD0014243,1,debit_card,4,44.32
ORD0014244,1,boleto,3,126.82
ORD0014245,1,credit_card,10,102.96000000000001
ORD0014246,1,voucher,6,38.95
ORD0014247,1,boleto,5,512.6700000000001
ORD0014248,1,credit_card,9,304.54
ORD0014249,1,boleto,4,454.77
ORD0014250,1,debit_card,4,287.76
ORD0014251,1,debit_card,5,84.0
ORD0014252,1,voucher,3,379.25
ORD0014253,1,debit_card,6,190.49
ORD0014254,1,voucher,3,275.62
ORD0014255,1,voucher,12,375.24
ORD0014256,1,voucher,1,239.58999999999997
ORD0014257,1,debit_card,6,119.37
ORD0014258,1,voucher,11,532.2
ORD0014259,1,boleto,8,1617.22
ORD0014260,1,voucher,5,91.81
ORD0014261,1,boleto,11,322.8
ORD0014262,1,credit_card,5,1764.1100000000001
ORD0014263,1,debit_card,4,105.42
ORD0014264,1,debit_card,8,268.4
ORD0014265,1,boleto,6,135.26
ORD0014266,1,voucher,11,772.48
ORD0014267,1,boleto,5,208.74
ORD0014268,1,voucher,10,224.71
ORD0014269,1,credit_card,4,19.84
ORD0014270,1,voucher,2,369.64
ORD0014271,1,boleto,7,48.51
ORD0014272,1,voucher,2,614.84
ORD0014273,1,voucher,4,204.72
ORD0014274,1,voucher,11,26.33
ORD0014275,1,voucher,7,1416.51
ORD0014276,1,boleto,11,264.78
ORD0014277,1,voucher,9,55.68
ORD0014278,1,voucher,7,376.23
ORD0014279,1,debit_card,12,91.52
ORD0014280,1,debit_card,7,56.37
ORD0014281,1,credit_card,7,26.84
ORD0014282,1,credit_card,11,451.78
ORD0014283,1,credit_card,6,512.01
ORD0014284,1,credit_card,7,146.01
ORD0014285,1,debit_card,1,35.02
ORD0014286,1,credit_card,4,566.12
ORD0014287,1,credit_card,6,472.68
ORD0014288,1,boleto,2,266.12
ORD0014289,1,voucher,5,1445.8
ORD0014290,1,credit_card,4,392.64000000000004
ORD0014291,1,boleto,8,661.77
ORD0014292,1,debit_card,3,58.38
ORD0014293,1,boleto,3,299.93
ORD0014294,1,voucher,7,285.25
ORD0014295,1,boleto,10,160.44
ORD0014296,1,voucher,8,493.96
ORD0014297,1,debit_card,2,184.96
ORD0014298,1,voucher,6,834.73
ORD0014299,1,voucher,9,987.97
ORD0014300,1,credit_card,10,547.11
ORD0014301,1,credit_card,8,102.56
ORD0014302,1,voucher,9,75.72
ORD0014303,1,boleto,6,705.56
ORD0014304,1,voucher,6,330.88
ORD0014305,1,boleto,12,170.6
ORD0014306,1,boleto,3,126.0
ORD0014307,1,credit_card,7,1292.37
ORD0014308,1,boleto,8,359.76
ORD0014309,1,credit_card,6,51.44
ORD0014310,1,voucher,6,284.1
ORD0014311,1,boleto,12,90.82
ORD0014312,1,debit_card,6,392.58
ORD0014313,1,boleto,6,659.16
ORD0014314,1,voucher,9,672.69
ORD0014315,1,debit_card,6,64.79
ORD0014316,1,debit_card,9,679.8399999999999
ORD0014317,1,voucher,2,215.87
ORD0014318,1,debit_card,5,296.95
ORD0014319,1,credit_card,11,656.3299999999999
ORD0014320,1,boleto,10,2457.92
ORD0014321,1,boleto,10,238.62
ORD0014322,1,debit_card,5,91.18
ORD0014323,1,voucher,1,212.98000000000002
ORD0014324,1,debit_card,10,604.46
ORD0014325,1,voucher,6,219.9
ORD0014326,1,voucher,7,632.86
ORD0014327,1,boleto,5,92.15
ORD0014328,1,voucher,7,624.1800000000001
ORD0014329,1,debit_card,12,762.5699999999999
ORD0014330,1,boleto,6,59.25
ORD0014331,1,boleto,12,314.62
ORD0014332,1,voucher,11,36.65
ORD0014333,1,voucher,5,165.0
ORD0014334,1,debit_card,8,320.25
ORD0014335,1,voucher,7,1780.06
ORD0014336,1,debit_card,11,213.28
ORD0014337,1,credit_card,1,379.80999999999995
ORD0014338,1,voucher,10,132.57
ORD0014339,1,debit_card,4,44.32
ORD0014340,1,credit_card,1,492.55
ORD0014341,1,voucher,6,272.01
ORD0014342,1,debit_card,12,89.77
ORD0014343,1,debit_card,1,607.88
ORD0014344,1,debit_card,9,111.32
ORD0014345,1,debit_card,2,351.49
ORD0014346,1,credit_card,10,56.56
ORD0014347,1,voucher,8,62.82
ORD0014348,1,boleto,3,81.87
ORD0014349,1,boleto,11,49.84
ORD0014350,1,debit_card,3,339.05
ORD0014351,1,debit_card,8,301.97
ORD0014352,1,debit_card,7,219.62
ORD0014353,1,credit_card,5,1220.48
ORD0014354,1,boleto,3,125.28
ORD0014355,1,voucher,3,137.81
ORD0014356,1,voucher,8,38.05
ORD0014357,1,voucher,9,100.1
ORD0014358,1,voucher,11,87.95
ORD0014359,1,debit_card,7,97.44999999999999
ORD0014360,1,voucher,9,74.61
ORD0014361,1,credit_card,2,66.63
ORD0014362,1,credit_card,10,214.46
ORD0014363,1,voucher,3,302.81
ORD0014364,1,credit_card,8,365.64
ORD0014365,1,voucher,5,253.98000000000002
ORD0014366,1,credit_card,2,106.86
ORD0014367,1,boleto,10,406.35
ORD0014368,1,credit_card,10,428.66999999999996
ORD0014369,1,credit_card,8,260.5
ORD0014370,1,debit_card,3,396.35
ORD0014371,1,credit_card,7,92.48
ORD0014372,1,debit_card,12,20.72
ORD0014373,1,boleto,1,209.7
ORD0014374,1,voucher,6,119.98
ORD0014375,1,debit_card,10,805.5999999999999
ORD0014376,1,voucher,8,741.65
ORD0014377,1,voucher,10,76.74
ORD0014378,1,credit_card,10,1467.22
ORD0014379,1,voucher,4,811.98
ORD0014380,1,debit_card,3,121.49
ORD0014381,1,voucher,10,307.26
ORD0014382,1,voucher,6,583.9399999999999
ORD0014383,1,debit_card,3,828.5799999999999
ORD0014384,1,boleto,8,555.88
ORD0014385,1,credit_card,12,76.61
ORD0014386,1,boleto,11,194.05
ORD0014387,1,boleto,12,92.34
ORD0014388,1,boleto,6,647.87
ORD0014389,1,credit_card,9,154.44
ORD0014390,1,debit_card,9,49.03
ORD0014391,1,credit_card,10,57.91
ORD0014392,1,boleto,3,123.52
ORD0014393,1,credit_card,7,1268.88
ORD0014394,1,credit_card,3,124.16
ORD0014395,1,boleto,2,331.17
ORD0014396,1,credit_card,2,195.17
ORD0014397,1,boleto,4,409.73
ORD0014398,1,voucher,12,189.7
ORD0014399,1,voucher,1,290.56
ORD0014400,1,voucher,10,384.63
ORD0014401,1,boleto,9,700.12
ORD0014402,1,voucher,3,94.26
ORD0014403,1,credit_card,8,384.81
ORD0014404,1,credit_card,4,19.38
ORD0014405,1,boleto,2,192.64
ORD0014406,1,voucher,3,656.9
ORD0014407,1,credit_card,10,447.65
ORD0014408,1,boleto,9,188.19
ORD0014409,1,boleto,11,245.07
ORD0014410,1,voucher,7,142.71
ORD0014411,1,debit_card,8,83.9
ORD0014412,1,credit_card,8,281.3
ORD0014413,1,boleto,9,472.68
ORD0014414,1,boleto,6,109.8
ORD0014415,1,boleto,3,1632.6499999999999
ORD0014416,1,credit_card,3,118.94
ORD0014417,1,voucher,10,52.32
ORD0014418,1,boleto,11,935.7099999999999
ORD0014419,1,debit_card,8,345.52
ORD0014420,1,voucher,2,500.52
ORD0014421,1,debit_card,12,261.38
ORD0014422,1,boleto,9,188.05
ORD0014423,1,voucher,9,195.42000000000002
ORD0014424,1,credit_card,1,442.83000000000004
ORD0014425,1,debit_card,2,142.74
ORD0014426,1,debit_card,1,951.99
ORD0014427,1,debit_card,12,263.34000000000003
ORD0014428,1,credit_card,2,425.02
ORD0014429,1,debit_card,9,18.46
ORD0014430,1,credit_card,8,139.06
ORD0014431,1,voucher,7,143.82
ORD0014432,1,boleto,8,716.2500000000001
ORD0014433,1,debit_card,8,124.08
ORD0014434,1,voucher,8,191.79000000000002
ORD0014435,1,debit_card,3,192.14999999999998
ORD0014436,1,debit_card,10,58.54
ORD0014437,1,credit_card,2,64.3
ORD0014438,1,boleto,11,1125.45
ORD0014439,1,debit_card,3,471.88
ORD0014440,1,voucher,1,54.48
ORD0014441,1,voucher,10,160.8
ORD0014442,1,voucher,5,91.18
ORD0014443,1,credit_card,10,482.37
ORD0014444,1,boleto,7,289.89
ORD0014445,1,boleto,4,78.99
ORD0014446,1,voucher,5,807.4499999999999
ORD0014447,1,credit_card,2,324.44
ORD0014448,1,debit_card,12,260.21
ORD0014449,1,voucher,1,49.52
ORD0014450,1,voucher,9,117.29
ORD0014451,1,debit_card,1,1535.2
ORD0014452,1,debit_card,5,882.6
ORD0014453,1,boleto,1,219.68
ORD0014454,1,debit_card,11,184.17000000000002
ORD0014455,1,debit_card,4,72.66
ORD0014456,1,boleto,6,183.47
ORD0014457,1,debit_card,2,768.98
ORD0014458,1,voucher,3,98.05
ORD0014459,1,credit_card,11,36.72
ORD0014460,1,voucher,10,358.5
ORD0014461,1,credit_card,9,605.11
ORD0014462,1,boleto,11,77.22
ORD0014463,1,debit_card,8,1826.37
ORD0014464,1,credit_card,6,93.29
ORD0014465,1,credit_card,9,1377.44
ORD0014466,1,credit_card,11,1325.37
ORD0014467,1,boleto,9,958.76
ORD0014468,1,credit_card,9,587.73
ORD0014469,1,boleto,10,95.82
ORD0014470,1,debit_card,8,443.2
ORD0014471,1,voucher,3,447.53
ORD0014472,1,debit_card,8,165.91
ORD0014473,1,debit_card,11,515.94
ORD0014474,1,boleto,11,109.84
ORD0014475,1,debit_card,6,390.7
ORD0014476,1,boleto,12,955.16
ORD0014477,1,credit_card,3,86.14
ORD0014478,1,voucher,10,1363.24
ORD0014479,1,voucher,10,71.73
ORD0014480,1,voucher,10,1486.76
ORD0014481,1,debit_card,2,359.78999999999996
ORD0014482,1,credit_card,9,53.43
ORD0014483,1,boleto,12,156.1
ORD0014484,1,debit_card,10,33.02
ORD0014485,1,debit_card,2,153.64
ORD0014486,1,debit_card,10,609.8
ORD0014487,1,credit_card,1,617.3800000000001
ORD0014488,1,voucher,7,69.48
ORD0014489,1,voucher,7,194.25
ORD0014490,1,credit_card,1,391.7
ORD0014491,1,credit_card,1,17.27
ORD0014492,1,credit_card,11,384.26
ORD0014493,1,boleto,1,70.46
ORD0014494,1,credit_card,8,84.93
ORD0014495,1,boleto,3,129.35
ORD0014496,1,boleto,8,13.61
ORD0014497,1,boleto,12,1165.38
ORD0014498,1,debit_card,5,137.81
ORD0014499,1,boleto,10,42.42
ORD0014500,1,debit_card,1,457.04999999999995
ORD0014501,1,debit_card,12,728.94
ORD0014502,1,boleto,1,361.46
ORD0014503,1,debit_card,7,434.12
ORD0014504,1,voucher,5,106.02000000000001
ORD0014505,1,debit_card,12,504.96000000000004
ORD0014506,1,credit_card,10,71.15
ORD0014507,1,debit_card,6,209.31
ORD0014508,1,boleto,6,281.68
ORD0014509,1,debit_card,4,715.71
ORD0014510,1,credit_card,12,82.62
ORD0014511,1,boleto,3,138.94
ORD0014512,1,debit_card,5,485.81000000000006
ORD0014513,1,debit_card,11,106.64
ORD0014514,1,boleto,11,52.23
ORD0014515,1,voucher,3,250.4
ORD0014516,1,debit_card,8,144.02
ORD0014517,1,boleto,4,59.24
ORD0014518,1,voucher,5,364.0
ORD0014519,1,boleto,2,633.5999999999999
ORD0014520,1,voucher,3,200.53
ORD0014521,1,credit_card,2,487.52
ORD0014522,1,credit_card,3,523.01
ORD0014523,1,debit_card,8,2253.44
ORD0014524,1,boleto,12,691.4399999999999
ORD0014525,1,debit_card,11,185.98
ORD0014526,1,voucher,7,441.15
ORD0014527,1,boleto,11,140.92
ORD0014528,1,credit_card,1,57.37
ORD0014529,1,voucher,6,462.06
ORD0014530,1,debit_card,6,102.29
ORD0014531,1,credit_card,8,215.16
ORD0014532,1,debit_card,4,765.04
ORD0014533,1,boleto,12,163.86
ORD0014534,1,debit_card,2,286.92
ORD0014535,1,credit_card,10,365.5
ORD0014536,1,debit_card,4,269.52
ORD0014537,1,debit_card,6,227.18
ORD0014538,1,voucher,7,423.39
ORD0014539,1,voucher,12,1068.2
ORD0014540,1,voucher,12,252.32
ORD0014541,1,debit_card,2,59.86
ORD0014542,1,boleto,12,72.78
ORD0014543,1,voucher,9,193.76
ORD0014544,1,debit_card,2,587.8499999999999
ORD0014545,1,debit_card,3,180.42000000000002
ORD0014546,1,credit_card,7,71.97
ORD0014547,1,debit_card,12,149.32
ORD0014548,1,boleto,7,738.8
ORD0014549,1,voucher,7,556.74
ORD0014550,1,voucher,11,83.39
ORD0014551,1,debit_card,9,40.66
ORD0014552,1,credit_card,4,1871.56
ORD0014553,1,debit_card,8,1334.5800000000002
ORD0014554,1,voucher,5,803.1
ORD0014555,1,debit_card,4,190.96
ORD0014556,1,boleto,6,1185.71
ORD0014557,1,debit_card,12,936.9
ORD0014558,1,credit_card,5,184.52
ORD0014559,1,voucher,5,27.61
ORD0014560,1,credit_card,10,85.98
ORD0014561,1,credit_card,5,413.56
ORD0014562,1,credit_card,2,28.66
ORD0014563,1,debit_card,8,976.61
ORD0014564,1,voucher,9,186.06
ORD0014565,1,debit_card,12,64.8
ORD0014566,1,credit_card,1,219.62
ORD0014567,1,credit_card,7,234.28
ORD0014568,1,debit_card,10,133.8
ORD0014569,1,debit_card,2,68.56
ORD0014570,1,voucher,9,328.35
ORD0014571,1,credit_card,1,435.7
ORD0014572,1,credit_card,3,313.6
ORD0014573,1,boleto,1,154.46
ORD0014574,1,voucher,11,167.8
ORD0014575,1,credit_card,3,537.92
ORD0014576,1,credit_card,7,389.86
ORD0014577,1,boleto,5,337.56
ORD0014578,1,debit_card,12,144.24
ORD0014579,1,credit_card,9,737.35
ORD0014580,1,voucher,12,425.6
ORD0014581,1,debit_card,3,1057.48
ORD0014582,1,boleto,2,28.86
ORD0014583,1,debit_card,11,500.02
ORD0014584,1,voucher,11,422.95000000000005
ORD0014585,1,boleto,9,560.64
ORD0014586,1,debit_card,8,123.28
ORD0014587,1,voucher,12,249.44
ORD0014588,1,voucher,8,144.7
ORD0014589,1,voucher,7,788.01
ORD0014590,1,voucher,11,78.98
ORD0014591,1,boleto,2,384.36
ORD0014592,1,voucher,8,214.65
ORD0014593,1,voucher,5,445.21
ORD0014594,1,boleto,11,84.42
ORD0014595,1,voucher,2,306.56
ORD0014596,1,voucher,1,70.92
ORD0014597,1,voucher,3,1148.6699999999998
ORD0014598,1,boleto,2,207.21
ORD0014599,1,debit_card,12,387.11
ORD0014600,1,debit_card,7,438.04
ORD0014601,1,boleto,12,1889.0600000000002
ORD0014602,1,boleto,10,565.94
ORD0014603,1,debit_card,5,255.16
ORD0014604,1,credit_card,3,1107.25
ORD0014605,1,credit_card,6,41.61
ORD0014606,1,credit_card,5,31.18
ORD0014607,1,debit_card,4,44.44
ORD0014608,1,boleto,10,71.57
ORD0014609,1,voucher,1,66.13
ORD0014610,1,debit_card,1,390.36
ORD0014611,1,voucher,9,172.33
ORD0014612,1,debit_card,1,396.11
ORD0014613,1,voucher,3,689.62
ORD0014614,1,credit_card,12,67.22
ORD0014615,1,boleto,1,876.0
ORD0014616,1,boleto,4,30.69
ORD0014617,1,voucher,5,128.96
ORD0014618,1,debit_card,12,326.67
ORD0014619,1,debit_card,9,337.55
ORD0014620,1,boleto,7,142.03
ORD0014621,1,boleto,8,91.86
ORD0014622,1,credit_card,5,132.46
ORD0014623,1,boleto,8,266.89
ORD0014624,1,debit_card,4,993.0899999999999
ORD0014625,1,voucher,7,89.16
ORD0014626,1,credit_card,8,501.41999999999996
ORD0014627,1,debit_card,12,76.61
ORD0014628,1,boleto,8,370.02
ORD0014629,1,boleto,12,587.55
ORD0014630,1,boleto,8,232.2
ORD0014631,1,voucher,8,540.05
ORD0014632,1,boleto,8,393.1
ORD0014633,1,debit_card,8,1015.76
ORD0014634,1,credit_card,6,45.660000000000004
ORD0014635,1,debit_card,11,128.1
ORD0014636,1,voucher,5,72.91
ORD0014637,1,boleto,10,600.71
ORD0014638,1,debit_card,2,159.69
ORD0014639,1,boleto,6,590.72
ORD0014640,1,credit_card,7,140.01999999999998
ORD0014641,1,debit_card,6,536.72
ORD0014642,1,boleto,12,103.97
ORD0014643,1,voucher,5,62.47
ORD0014644,1,credit_card,6,201.28
ORD0014645,1,debit_card,2,1038.22
ORD0014646,1,boleto,8,464.7
ORD0014647,1,debit_card,6,602.92
ORD0014648,1,boleto,5,919.02
ORD0014649,1,voucher,7,389.31
ORD0014650,1,voucher,10,818.62
ORD0014651,1,voucher,1,47.69
ORD0014652,1,voucher,2,306.08
ORD0014653,1,debit_card,8,26.45
ORD0014654,1,credit_card,4,53.0
ORD0014655,1,debit_card,3,304.4
ORD0014656,1,debit_card,10,376.02000000000004
ORD0014657,1,boleto,4,301.89
ORD0014658,1,voucher,8,78.73
ORD0014659,1,boleto,7,170.71
ORD0014660,1,voucher,9,472.8
ORD0014661,1,voucher,1,1181.83
ORD0014662,1,voucher,11,1015.04
ORD0014663,1,credit_card,4,362.59
ORD0014664,1,debit_card,8,110.8
ORD0014665,1,voucher,6,44.9
ORD0014666,1,boleto,12,179.08
ORD0014667,1,credit_card,5,626.55
ORD0014668,1,debit_card,1,90.54
ORD0014669,1,voucher,6,1182.1899999999998
ORD0014670,1,credit_card,9,1307.85
ORD0014671,1,debit_card,10,243.05
ORD0014672,1,voucher,7,58.32
ORD0014673,1,debit_card,12,151.59
ORD0014674,1,voucher,12,803.21
ORD0014675,1,voucher,8,143.14
ORD0014676,1,debit_card,5,83.28
ORD0014677,1,debit_card,7,184.98
ORD0014678,1,boleto,10,350.4
ORD0014679,1,boleto,3,174.48
ORD0014680,1,boleto,10,305.25
ORD0014681,1,credit_card,2,488.36
ORD0014682,1,boleto,7,102.5
ORD0014683,1,voucher,11,1536.74
ORD0014684,1,debit_card,11,542.46
ORD0014685,1,credit_card,11,385.56
ORD0014686,1,voucher,8,462.63
ORD0014687,1,boleto,5,129.6
ORD0014688,1,boleto,9,121.84
ORD0014689,1,debit_card,4,239.9
ORD0014690,1,credit_card,11,371.46999999999997
ORD0014691,1,boleto,1,140.38
ORD0014692,1,voucher,12,95.07000000000001
ORD0014693,1,debit_card,1,431.2
ORD0014694,1,credit_card,5,254.79000000000002
ORD0014695,1,credit_card,2,415.93999999999994
ORD0014696,1,credit_card,3,522.42
ORD0014697,1,voucher,3,392.49
ORD0014698,1,debit_card,4,87.15
ORD0014699,1,credit_card,3,497.08
ORD0014700,1,voucher,1,197.54
ORD0014701,1,debit_card,5,59.24
ORD0014702,1,debit_card,1,94.72
ORD0014703,1,debit_card,11,78.55
ORD0014704,1,credit_card,11,480.15
ORD0014705,1,voucher,11,44.38
ORD0014706,1,voucher,5,183.78
ORD0014707,1,debit_card,5,107.67
ORD0014708,1,boleto,7,539.34
ORD0014709,1,voucher,7,97.02
ORD0014710,1,voucher,8,45.78
ORD0014711,1,voucher,6,348.78
ORD0014712,1,voucher,6,44.339999999999996
ORD0014713,1,boleto,3,297.42
ORD0014714,1,boleto,8,538.39
ORD0014715,1,boleto,5,157.98
ORD0014716,1,debit_card,9,427.86
ORD0014717,1,debit_card,9,413.15
ORD0014718,1,debit_card,3,330.87
ORD0014719,1,credit_card,4,117.57
ORD0014720,1,debit_card,7,62.84
ORD0014721,1,boleto,12,90.7
ORD0014722,1,boleto,3,209.31
ORD0014723,1,voucher,4,200.84
ORD0014724,1,debit_card,5,104.89
ORD0014725,1,boleto,5,840.52
ORD0014726,1,voucher,3,94.04
ORD0014727,1,debit_card,5,183.31
ORD0014728,1,voucher,12,70.28
ORD0014729,1,debit_card,1,552.1500000000001
ORD0014730,1,credit_card,9,84.19
ORD0014731,1,credit_card,2,82.91
ORD0014732,1,debit_card,9,107.08
ORD0014733,1,debit_card,5,117.11
ORD0014734,1,boleto,5,342.2
ORD0014735,1,boleto,2,663.37
ORD0014736,1,credit_card,12,724.76
ORD0014737,1,debit_card,9,173.04
ORD0014738,1,debit_card,8,549.5
ORD0014739,1,voucher,8,1243.1
ORD0014740,1,boleto,8,728.29
ORD0014741,1,boleto,1,479.7
ORD0014742,1,voucher,1,253.26
ORD0014743,1,debit_card,7,170.62
ORD0014744,1,voucher,6,708.81
ORD0014745,1,voucher,3,49.44
ORD0014746,1,debit_card,4,1520.5
ORD0014747,1,debit_card,4,295.48
ORD0014748,1,credit_card,8,77.3
ORD0014749,1,debit_card,1,90.24
ORD0014750,1,credit_card,10,314.62
ORD0014751,1,boleto,10,175.04
ORD0014752,1,boleto,4,134.19
ORD0014753,1,voucher,3,310.98
ORD0014754,1,voucher,8,92.31
ORD0014755,1,boleto,2,45.34
ORD0014756,1,voucher,3,97.11
ORD0014757,1,boleto,9,111.83000000000001
ORD0014758,1,credit_card,2,259.2
ORD0014759,1,boleto,3,108.42
ORD0014760,1,debit_card,4,164.42
ORD0014761,1,voucher,6,157.6
ORD0014762,1,boleto,2,675.0
ORD0014763,1,boleto,12,390.40999999999997
ORD0014764,1,debit_card,6,312.32
ORD0014765,1,boleto,10,76.45
ORD0014766,1,boleto,12,50.94
ORD0014767,1,debit_card,6,64.64
ORD0014768,1,voucher,10,485.52
ORD0014769,1,credit_card,4,352.86
ORD0014770,1,voucher,5,141.96
ORD0014771,1,boleto,7,497.21
ORD0014772,1,debit_card,5,192.06
ORD0014773,1,credit_card,11,106.86
ORD0014774,1,credit_card,8,94.02
ORD0014775,1,debit_card,6,112.08
ORD0014776,1,boleto,9,27.34
ORD0014777,1,voucher,5,63.94
ORD0014778,1,debit_card,6,547.74
ORD0014779,1,voucher,7,152.81
ORD0014780,1,debit_card,5,1087.04
ORD0014781,1,debit_card,2,239.12
ORD0014782,1,debit_card,3,62.84
ORD0014783,1,voucher,8,81.21
ORD0014784,1,boleto,4,36.4
ORD0014785,1,debit_card,10,175.20999999999998
ORD0014786,1,credit_card,6,784.4300000000001
ORD0014787,1,debit_card,8,950.3
ORD0014788,1,credit_card,8,106.86
ORD0014789,1,boleto,11,201.6
ORD0014790,1,debit_card,10,1129.6200000000001
ORD0014791,1,debit_card,6,84.79
ORD0014792,1,voucher,7,276.47
ORD0014793,1,debit_card,1,414.48
ORD0014794,1,debit_card,12,160.62
ORD0014795,1,voucher,1,1302.15
ORD0014796,1,debit_card,3,72.95
ORD0014797,1,boleto,5,417.03000000000003
ORD0014798,1,credit_card,3,99.06
ORD0014799,1,credit_card,1,53.760000000000005
ORD0014800,1,voucher,7,286.1
ORD0014801,1,debit_card,11,829.4100000000001
ORD0014802,1,debit_card,11,58.37
ORD0014803,1,boleto,2,1649.8400000000001
ORD0014804,1,voucher,8,160.56
ORD0014805,1,credit_card,9,361.07
ORD0014806,1,voucher,12,56.47
ORD0014807,1,boleto,8,690.84
ORD0014808,1,credit_card,8,100.65
ORD0014809,1,voucher,7,65.32
ORD0014810,1,boleto,9,126.34
ORD0014811,1,debit_card,3,136.96
ORD0014812,1,credit_card,12,101.52
ORD0014813,1,boleto,7,1232.29
ORD0014814,1,debit_card,4,101.88
ORD0014815,1,boleto,8,851.2
ORD0014816,1,debit_card,4,662.0
ORD0014817,1,boleto,7,3223.04
ORD0014818,1,credit_card,6,645.4
ORD0014819,1,boleto,6,68.22
ORD0014820,1,boleto,8,47.57
ORD0014821,1,boleto,10,174.14999999999998
ORD0014822,1,credit_card,11,489.82000000000005
ORD0014823,1,debit_card,8,99.63
ORD0014824,1,credit_card,6,269.44
ORD0014825,1,boleto,7,210.10999999999999
ORD0014826,1,boleto,11,170.62
ORD0014827,1,debit_card,2,64.83
ORD0014828,1,boleto,1,177.76
ORD0014829,1,voucher,5,490.34
ORD0014830,1,credit_card,8,316.24
ORD0014831,1,boleto,3,1024.77
ORD0014832,1,credit_card,1,243.86
ORD0014833,1,boleto,4,378.7
ORD0014834,1,debit_card,3,75.85
ORD0014835,1,voucher,5,736.3299999999999
ORD0014836,1,boleto,3,152.36
ORD0014837,1,credit_card,12,579.9499999999999
ORD0014838,1,credit_card,3,524.86
ORD0014839,1,debit_card,10,145.39
ORD0014840,1,credit_card,4,716.59
ORD0014841,1,boleto,5,416.14
ORD0014842,1,boleto,7,76.87
ORD0014843,1,voucher,2,977.4900000000001
ORD0014844,1,debit_card,3,113.76
ORD0014845,1,voucher,11,180.44
ORD0014846,1,debit_card,2,118.78
ORD0014847,1,debit_card,4,170.52
ORD0014848,1,boleto,6,970.92
ORD0014849,1,debit_card,1,673.28
ORD0014850,1,debit_card,5,696.11
ORD0014851,1,boleto,12,492.58
ORD0014852,1,boleto,2,45.7
ORD0014853,1,boleto,4,583.34
ORD0014854,1,credit_card,6,247.72
ORD0014855,1,debit_card,6,360.84
ORD0014856,1,boleto,8,948.12
ORD0014857,1,voucher,2,26.99
ORD0014858,1,voucher,3,187.16
ORD0014859,1,credit_card,7,55.92
ORD0014860,1,boleto,7,169.10999999999999
ORD0014861,1,debit_card,11,123.12
ORD0014862,1,voucher,11,312.06
ORD0014863,1,debit_card,5,310.24
ORD0014864,1,credit_card,11,49.03
ORD0014865,1,credit_card,11,119.72
ORD0014866,1,voucher,3,1650.5
ORD0014867,1,boleto,2,68.96
ORD0014868,1,voucher,4,239.0
ORD0014869,1,debit_card,6,139.98
ORD0014870,1,boleto,6,41.87
ORD0014871,1,boleto,12,27.53
ORD0014872,1,debit_card,8,39.68
ORD0014873,1,voucher,7,655.44
ORD0014874,1,credit_card,6,352.78
ORD0014875,1,boleto,2,110.16
ORD0014876,1,credit_card,9,187.88
ORD0014877,1,voucher,7,87.57
ORD0014878,1,boleto,8,137.31
ORD0014879,1,voucher,7,673.18
ORD0014880,1,credit_card,3,619.83
ORD0014881,1,boleto,3,268.83
ORD0014882,1,debit_card,1,618.27
ORD0014883,1,boleto,2,33.76
ORD0014884,1,boleto,3,488.95
ORD0014885,1,boleto,12,63.83
ORD0014886,1,voucher,9,59.41
ORD0014887,1,debit_card,5,1687.8
ORD0014888,1,voucher,11,1512.82
ORD0014889,1,credit_card,4,331.7
ORD0014890,1,boleto,7,120.98
ORD0014891,1,boleto,10,616.56
ORD0014892,1,debit_card,5,80.65
ORD0014893,1,voucher,1,408.69
ORD0014894,1,voucher,8,438.62
ORD0014895,1,voucher,4,643.6800000000001
ORD0014896,1,boleto,5,882.3
ORD0014897,1,debit_card,5,254.34
ORD0014898,1,debit_card,1,1790.7800000000002
ORD0014899,1,credit_card,9,45.839999999999996
ORD0014900,1,credit_card,7,331.68
ORD0014901,1,voucher,1,142.94
ORD0014902,1,credit_card,2,298.72
ORD0014903,1,voucher,9,216.08
ORD0014904,1,credit_card,4,1024.1
ORD0014905,1,boleto,9,78.01
ORD0014906,1,boleto,7,319.08
ORD0014907,1,credit_card,1,855.24
ORD0014908,1,boleto,2,263.6
ORD0014909,1,boleto,2,209.74
ORD0014910,1,credit_card,5,22.44
ORD0014911,1,voucher,10,496.74
ORD0014912,1,voucher,12,148.8
ORD0014913,1,credit_card,8,26.76
ORD0014914,1,voucher,5,119.56
ORD0014915,1,debit_card,8,394.5
ORD0014916,1,boleto,3,387.56
ORD0014917,1,credit_card,8,39.69
ORD0014918,1,boleto,6,435.71000000000004
ORD0014919,1,voucher,10,940.96
ORD0014920,1,debit_card,12,43.36
ORD0014921,1,boleto,2,746.0
ORD0014922,1,voucher,12,453.03
ORD0014923,1,boleto,7,139.3
ORD0014924,1,debit_card,11,99.69
ORD0014925,1,boleto,4,313.18
ORD0014926,1,voucher,12,363.17
ORD0014927,1,boleto,12,62.56
ORD0014928,1,debit_card,12,214.14
ORD0014929,1,credit_card,4,431.46
ORD0014930,1,debit_card,3,301.05
ORD0014931,1,voucher,5,607.0
ORD0014932,1,debit_card,8,267.0
ORD0014933,1,debit_card,12,157.84
ORD0014934,1,credit_card,4,87.81
ORD0014935,1,boleto,6,485.96
ORD0014936,1,voucher,12,61.74
ORD0014937,1,voucher,8,240.96
ORD0014938,1,voucher,1,256.83
ORD0014939,1,debit_card,12,47.47
ORD0014940,1,boleto,3,3380.98
ORD0014941,1,boleto,10,563.36
ORD0014942,1,voucher,7,152.18
ORD0014943,1,voucher,2,759.1899999999999
ORD0014944,1,debit_card,1,41.12
ORD0014945,1,credit_card,4,279.8
ORD0014946,1,credit_card,6,567.4
ORD0014947,1,credit_card,9,458.19000000000005
ORD0014948,1,credit_card,2,366.42
ORD0014949,1,debit_card,8,79.33
ORD0014950,1,debit_card,4,580.02
ORD0014951,1,boleto,12,81.01
ORD0014952,1,boleto,11,103.62
ORD0014953,1,voucher,5,62.04
ORD0014954,1,debit_card,6,188.3
ORD0014955,1,voucher,12,262.86
ORD0014956,1,credit_card,6,312.19
ORD0014957,1,credit_card,5,56.44
ORD0014958,1,debit_card,9,36.85
ORD0014959,1,debit_card,9,22.88
ORD0014960,1,boleto,12,66.96
ORD0014961,1,credit_card,3,232.76
ORD0014962,1,boleto,11,200.1
ORD0014963,1,voucher,2,131.28
ORD0014964,1,credit_card,11,198.73
ORD0014965,1,voucher,6,297.56
ORD0014966,1,debit_card,7,45.83
ORD0014967,1,credit_card,4,76.64
ORD0014968,1,boleto,8,41.26
ORD0014969,1,credit_card,10,278.76
ORD0014970,1,debit_card,6,13.11
ORD0014971,1,voucher,4,465.90000000000003
ORD0014972,1,credit_card,1,306.9
ORD0014973,1,voucher,9,251.19
ORD0014974,1,boleto,2,50.53
ORD0014975,1,boleto,9,180.18
ORD0014976,1,voucher,1,51.55
ORD0014977,1,voucher,4,166.08
ORD0014978,1,debit_card,3,60.54
ORD0014979,1,debit_card,5,248.52
ORD0014980,1,debit_card,1,186.42
ORD0014981,1,boleto,7,44.73
ORD0014982,1,credit_card,11,149.83
ORD0014983,1,voucher,1,211.74
ORD0014984,1,debit_card,10,14.36
ORD0014985,1,credit_card,12,210.13
ORD0014986,1,credit_card,2,35.45
ORD0014987,1,voucher,12,90.22
ORD0014988,1,boleto,5,65.06
ORD0014989,1,debit_card,5,425.04
ORD0014990,1,boleto,5,361.21
ORD0014991,1,boleto,11,466.28
ORD0014992,1,debit_card,3,1157.91
ORD0014993,1,boleto,4,479.9
ORD0014994,1,credit_card,2,463.20000000000005
ORD0014995,1,debit_card,8,264.96
ORD0014996,1,credit_card,2,206.4
ORD0014997,1,voucher,8,316.88
ORD0014998,1,boleto,5,314.0
ORD0014999,1,boleto,7,47.47
ORD0015000,1,voucher,10,48.95
ORD0015001,1,voucher,4,125.39
ORD0015002,1,boleto,12,105.42
ORD0015003,1,boleto,2,68.18
ORD0015004,1,credit_card,12,123.0
ORD0015005,1,voucher,11,58.32
ORD0015006,1,credit_card,2,95.48
ORD0015007,1,credit_card,9,29.92
ORD0015008,1,credit_card,6,242.77
ORD0015009,1,voucher,5,544.04
ORD0015010,1,boleto,7,608.11
ORD0015011,1,debit_card,4,689.21
ORD0015012,1,debit_card,12,165.48
ORD0015013,1,boleto,2,920.1700000000001
ORD0015014,1,voucher,3,620.04
ORD0015015,1,voucher,2,501.48
ORD0015016,1,boleto,1,50.53
ORD0015017,1,voucher,2,37.38
ORD0015018,1,boleto,8,62.66
ORD0015019,1,debit_card,4,58.68
ORD0015020,1,debit_card,10,271.48
ORD0015021,1,voucher,5,128.67000000000002
ORD0015022,1,debit_card,9,101.8
ORD0015023,1,boleto,5,63.21
ORD0015024,1,credit_card,12,222.04
ORD0015025,1,voucher,9,589.02
ORD0015026,1,credit_card,5,806.4499999999999
ORD0015027,1,credit_card,5,263.79
ORD0015028,1,boleto,10,148.55
ORD0015029,1,boleto,3,324.57
ORD0015030,1,voucher,1,235.78000000000003
ORD0015031,1,boleto,4,132.38
ORD0015032,1,debit_card,7,218.4
ORD0015033,1,boleto,9,19.26
ORD0015034,1,voucher,1,695.7
ORD0015035,1,voucher,4,658.98
ORD0015036,1,voucher,8,29.86
ORD0015037,1,voucher,4,241.62
ORD0015038,1,voucher,6,608.0
ORD0015039,1,voucher,3,747.26
ORD0015040,1,credit_card,5,80.22
ORD0015041,1,boleto,7,761.24
ORD0015042,1,credit_card,9,72.17
ORD0015043,1,boleto,11,154.64999999999998
ORD0015044,1,debit_card,1,143.46
ORD0015045,1,debit_card,4,195.13000000000002
ORD0015046,1,boleto,5,165.99
ORD0015047,1,debit_card,4,323.83
ORD0015048,1,boleto,9,185.28
ORD0015049,1,credit_card,3,722.27
ORD0015050,1,debit_card,6,611.87
ORD0015051,1,voucher,12,73.49
ORD0015052,1,boleto,11,969.6899999999999
ORD0015053,1,credit_card,4,570.96
ORD0015054,1,boleto,1,215.22
ORD0015055,1,boleto,8,650.6300000000001
ORD0015056,1,voucher,11,15.6
ORD0015057,1,boleto,5,46.63
ORD0015058,1,debit_card,11,2391.42
ORD0015059,1,voucher,9,41.44
ORD0015060,1,debit_card,5,627.16
ORD0015061,1,debit_card,6,45.86
ORD0015062,1,credit_card,6,379.77
ORD0015063,1,boleto,6,454.29999999999995
ORD0015064,1,voucher,7,142.52
ORD0015065,1,boleto,5,277.44
ORD0015066,1,boleto,11,81.03999999999999
ORD0015067,1,debit_card,10,129.28
ORD0015068,1,debit_card,11,68.06
ORD0015069,1,voucher,3,56.47
ORD0015070,1,voucher,9,191.82
ORD0015071,1,debit_card,8,423.06000000000006
ORD0015072,1,voucher,5,699.44
ORD0015073,1,credit_card,5,93.9
ORD0015074,1,voucher,8,95.85
ORD0015075,1,boleto,11,97.87
ORD0015076,1,credit_card,5,705.1
ORD0015077,1,voucher,11,93.63
ORD0015078,1,credit_card,5,169.14999999999998
ORD0015079,1,credit_card,8,27.74
ORD0015080,1,credit_card,7,251.14999999999998
ORD0015081,1,boleto,4,76.82
ORD0015082,1,credit_card,11,291.71
ORD0015083,1,voucher,1,62.43
ORD0015084,1,boleto,7,807.48
ORD0015085,1,debit_card,5,589.59
ORD0015086,1,debit_card,8,195.04
ORD0015087,1,debit_card,7,336.24
ORD0015088,1,boleto,12,15.22
ORD0015089,1,credit_card,5,26.07
ORD0015090,1,voucher,4,43.31
ORD0015091,1,debit_card,12,57.37
ORD0015092,1,credit_card,9,404.52
ORD0015093,1,voucher,2,262.59000000000003
ORD0015094,1,boleto,8,156.34
ORD0015095,1,credit_card,11,93.94
ORD0015096,1,credit_card,10,97.61
ORD0015097,1,voucher,8,545.04
ORD0015098,1,voucher,1,416.04
ORD0015099,1,voucher,3,16.48
ORD0015100,1,debit_card,2,124.02
ORD0015101,1,boleto,11,517.99
ORD0015102,1,credit_card,8,46.7
ORD0015103,1,credit_card,12,89.11
ORD0015104,1,credit_card,1,119.65
ORD0015105,1,debit_card,4,86.32
ORD0015106,1,boleto,12,55.04
ORD0015107,1,credit_card,9,304.4
ORD0015108,1,voucher,4,546.4
ORD0015109,1,debit_card,6,260.69
ORD0015110,1,credit_card,4,192.56
ORD0015111,1,debit_card,8,116.15
ORD0015112,1,boleto,7,216.34
ORD0015113,1,debit_card,2,115.53
ORD0015114,1,boleto,10,650.88
ORD0015115,1,boleto,9,309.33
ORD0015116,1,credit_card,6,268.48
ORD0015117,1,debit_card,1,122.04
ORD0015118,1,voucher,8,168.41
ORD0015119,1,voucher,2,115.80000000000001
ORD0015120,1,debit_card,2,535.85
ORD0015121,1,boleto,3,70.28
ORD0015122,1,voucher,8,195.76
ORD0015123,1,credit_card,1,84.79
ORD0015124,1,debit_card,3,231.66
ORD0015125,1,credit_card,9,100.88
ORD0015126,1,debit_card,7,355.52
ORD0015127,1,credit_card,12,724.2
ORD0015128,1,voucher,11,101.52
ORD0015129,1,voucher,7,160.2
ORD0015130,1,debit_card,6,331.34
ORD0015131,1,credit_card,4,102.96000000000001
ORD0015132,1,voucher,10,222.04
ORD0015133,1,credit_card,5,15.28
ORD0015134,1,debit_card,9,487.79999999999995
ORD0015135,1,debit_card,5,218.69
ORD0015136,1,debit_card,4,45.21
ORD0015137,1,debit_card,4,683.73
ORD0015138,1,debit_card,3,649.75
ORD0015139,1,debit_card,4,243.61999999999998
ORD0015140,1,boleto,10,169.72
ORD0015141,1,voucher,7,298.96999999999997
ORD0015142,1,credit_card,3,86.34
ORD0015143,1,voucher,1,212.3
ORD0015144,1,voucher,4,211.52
ORD0015145,1,voucher,3,171.86
ORD0015146,1,voucher,5,103.99
ORD0015147,1,debit_card,5,207.08
ORD0015148,1,voucher,11,445.01
ORD0015149,1,credit_card,5,15.59
ORD0015150,1,debit_card,3,56.42
ORD0015151,1,boleto,8,1061.43
ORD0015152,1,credit_card,11,79.02
ORD0015153,1,debit_card,12,127.72
ORD0015154,1,credit_card,3,63.22
ORD0015155,1,debit_card,4,136.61
ORD0015156,1,debit_card,11,179.6
ORD0015157,1,credit_card,9,110.55000000000001
ORD0015158,1,voucher,8,542.96
ORD0015159,1,credit_card,11,56.66
ORD0015160,1,voucher,6,135.26
ORD0015161,1,debit_card,4,247.44
ORD0015162,1,credit_card,4,81.62
ORD0015163,1,credit_card,2,295.48
ORD0015164,1,debit_card,6,309.06
ORD0015165,1,boleto,8,2111.81
ORD0015166,1,credit_card,9,169.51
ORD0015167,1,boleto,6,249.82
ORD0015168,1,credit_card,2,55.17
ORD0015169,1,debit_card,10,294.81
ORD0015170,1,credit_card,12,628.18
ORD0015171,1,debit_card,8,360.83
ORD0015172,1,credit_card,9,157.56
ORD0015173,1,debit_card,1,162.65
ORD0015174,1,boleto,7,162.86
ORD0015175,1,voucher,9,418.16999999999996
ORD0015176,1,boleto,9,66.96
ORD0015177,1,debit_card,6,563.22
ORD0015178,1,boleto,2,979.1700000000001
ORD0015179,1,credit_card,3,194.67
ORD0015180,1,boleto,9,359.34000000000003
ORD0015181,1,debit_card,6,1182.52
ORD0015182,1,boleto,3,564.1300000000001
ORD0015183,1,boleto,4,15.96
ORD0015184,1,credit_card,6,70.35
ORD0015185,1,debit_card,7,394.74
ORD0015186,1,voucher,8,265.22
ORD0015187,1,boleto,9,133.21
ORD0015188,1,credit_card,7,1098.44
ORD0015189,1,debit_card,2,31.45
ORD0015190,1,credit_card,2,198.57
ORD0015191,1,credit_card,9,44.32
ORD0015192,1,debit_card,3,173.73
ORD0015193,1,debit_card,9,93.06
ORD0015194,1,debit_card,11,1266.84
ORD0015195,1,voucher,8,258.04
ORD0015196,1,boleto,6,878.48
ORD0015197,1,boleto,7,107.86
ORD0015198,1,voucher,1,174.14999999999998
ORD0015199,1,boleto,1,374.15999999999997
ORD0015200,1,credit_card,1,31.17
ORD0015201,1,credit_card,9,304.48
ORD0015202,1,voucher,10,219.69
ORD0015203,1,boleto,12,782.6800000000001
ORD0015204,1,voucher,2,223.06
ORD0015205,1,boleto,2,482.34000000000003
ORD0015206,1,voucher,8,941.79
ORD0015207,1,debit_card,5,41.16
ORD0015208,1,credit_card,3,626.84
ORD0015209,1,boleto,1,317.13
ORD0015210,1,voucher,3,200.04
ORD0015211,1,voucher,9,245.02999999999997
ORD0015212,1,credit_card,1,28.72
ORD0015213,1,credit_card,7,99.59
ORD0015214,1,voucher,8,85.25
ORD0015215,1,credit_card,9,1582.95
ORD0015216,1,boleto,6,420.03
ORD0015217,1,boleto,11,91.56
ORD0015218,1,boleto,3,34.96
ORD0015219,1,debit_card,9,307.48
ORD0015220,1,voucher,3,98.43
ORD0015221,1,voucher,1,565.63
ORD0015222,1,voucher,6,189.48000000000002
ORD0015223,1,debit_card,9,209.74
ORD0015224,1,voucher,9,486.85
ORD0015225,1,boleto,7,32.76
ORD0015226,1,voucher,5,170.37
ORD0015227,1,credit_card,6,249.94
ORD0015228,1,boleto,2,181.41
ORD0015229,1,credit_card,9,271.90999999999997
ORD0015230,1,credit_card,4,171.35
ORD0015231,1,debit_card,11,144.93
ORD0015232,1,debit_card,1,310.24
ORD0015233,1,debit_card,7,477.40000000000003
ORD0015234,1,credit_card,8,1282.64
ORD0015235,1,boleto,1,142.74
ORD0015236,1,debit_card,1,317.03
ORD0015237,1,credit_card,11,104.44
ORD0015238,1,voucher,8,3324.9
ORD0015239,1,voucher,2,614.45
ORD0015240,1,voucher,1,44.9
ORD0015241,1,boleto,4,282.4
ORD0015242,1,voucher,7,292.92
ORD0015243,1,credit_card,11,117.82
ORD0015244,1,debit_card,6,152.14
ORD0015245,1,voucher,7,677.84
ORD0015246,1,debit_card,1,144.93
ORD0015247,1,voucher,11,57.04
ORD0015248,1,voucher,3,70.58
ORD0015249,1,voucher,6,194.05
ORD0015250,1,credit_card,10,472.69
ORD0015251,1,boleto,4,1864.23
ORD0015252,1,voucher,9,17.27
ORD0015253,1,voucher,1,1100.1200000000001
ORD0015254,1,debit_card,4,102.34
ORD0015255,1,boleto,2,100.52
ORD0015256,1,credit_card,2,110.38
ORD0015257,1,debit_card,9,862.6500000000001
ORD0015258,1,debit_card,3,1975.56
ORD0015259,1,debit_card,9,369.03
ORD0015260,1,debit_card,4,1630.23
ORD0015261,1,boleto,4,72.02
ORD0015262,1,boleto,12,168.0
ORD0015263,1,credit_card,2,742.1500000000001
ORD0015264,1,boleto,1,237.68
ORD0015265,1,boleto,3,28.66
ORD0015266,1,voucher,9,346.43
ORD0015267,1,boleto,9,38.04
ORD0015268,1,credit_card,4,702.89
ORD0015269,1,voucher,5,91.63
ORD0015270,1,debit_card,8,300.81
ORD0015271,1,credit_card,7,357.13
ORD0015272,1,boleto,11,1651.85
ORD0015273,1,boleto,5,481.35
ORD0015274,1,boleto,8,320.8
ORD0015275,1,voucher,1,428.3
ORD0015276,1,voucher,10,190.21
ORD0015277,1,voucher,6,378.0
ORD0015278,1,credit_card,9,478.73
ORD0015279,1,credit_card,10,336.06
ORD0015280,1,credit_card,1,431.84
ORD0015281,1,voucher,8,99.14999999999999
ORD0015282,1,voucher,9,192.92
ORD0015283,1,debit_card,10,575.23
ORD0015284,1,credit_card,11,333.39
ORD0015285,1,voucher,1,160.12
ORD0015286,1,boleto,8,123.65
ORD0015287,1,debit_card,10,141.61
ORD0015288,1,voucher,12,128.82
ORD0015289,1,boleto,4,215.33
ORD0015290,1,debit_card,12,437.70000000000005
ORD0015291,1,boleto,1,137.96
ORD0015292,1,boleto,10,19.21
ORD0015293,1,boleto,5,347.15999999999997
ORD0015294,1,debit_card,11,735.67
ORD0015295,1,debit_card,1,35.14
ORD0015296,1,voucher,2,45.5
ORD0015297,1,debit_card,11,495.04
ORD0015298,1,boleto,1,57.46
ORD0015299,1,credit_card,6,535.4
ORD0015300,1,boleto,5,688.28
ORD0015301,1,voucher,10,589.6300000000001
ORD0015302,1,voucher,11,296.02
ORD0015303,1,boleto,5,1292.07
ORD0015304,1,credit_card,11,325.32
ORD0015305,1,credit_card,9,727.96
ORD0015306,1,credit_card,3,218.96
ORD0015307,1,debit_card,9,280.2
ORD0015308,1,credit_card,3,117.91
ORD0015309,1,debit_card,4,35.17
ORD0015310,1,boleto,11,104.87
ORD0015311,1,debit_card,2,483.04
ORD0015312,1,voucher,1,76.10000000000001
ORD0015313,1,boleto,1,145.12
ORD0015314,1,boleto,11,705.0799999999999
ORD0015315,1,debit_card,7,236.07
ORD0015316,1,credit_card,11,942.08
ORD0015317,1,credit_card,6,30.56
ORD0015318,1,boleto,3,212.09
ORD0015319,1,boleto,4,301.08
ORD0015320,1,credit_card,1,645.4399999999999
ORD0015321,1,boleto,9,271.38
ORD0015322,1,debit_card,1,265.15
ORD0015323,1,voucher,2,91.68
ORD0015324,1,credit_card,3,99.42
ORD0015325,1,voucher,11,31.55
ORD0015326,1,debit_card,12,733.61
ORD0015327,1,voucher,6,333.21
ORD0015328,1,credit_card,7,21.11
ORD0015329,1,debit_card,1,234.72
ORD0015330,1,debit_card,4,589.59
ORD0015331,1,boleto,7,69.9
ORD0015332,1,debit_card,8,733.0600000000001
ORD0015333,1,boleto,12,208.98
ORD0015334,1,voucher,11,179.08
ORD0015335,1,voucher,12,58.59
ORD0015336,1,debit_card,4,73.36
ORD0015337,1,voucher,12,324.56
ORD0015338,1,boleto,7,311.96999999999997
ORD0015339,1,boleto,9,194.04
ORD0015340,1,boleto,2,126.94999999999999
ORD0015341,1,boleto,8,861.94
ORD0015342,1,voucher,12,180.36
ORD0015343,1,debit_card,11,133.56
ORD0015344,1,debit_card,6,289.38
ORD0015345,1,voucher,5,53.67
ORD0015346,1,boleto,7,68.72
ORD0015347,1,debit_card,3,965.6999999999999
ORD0015348,1,credit_card,6,334.46
ORD0015349,1,voucher,8,58.35
ORD0015350,1,credit_card,4,791.5799999999999
ORD0015351,1,voucher,7,35.02
ORD0015352,1,debit_card,12,463.82
ORD0015353,1,debit_card,12,915.44
ORD0015354,1,voucher,5,56.21
ORD0015355,1,credit_card,9,306.48
ORD0015356,1,boleto,10,241.05
ORD0015357,1,credit_card,3,130.98
ORD0015358,1,credit_card,7,207.08
ORD0015359,1,voucher,3,74.0
ORD0015360,1,voucher,3,343.2
ORD0015361,1,boleto,4,605.05
ORD0015362,1,boleto,7,147.74
ORD0015363,1,boleto,10,316.47
ORD0015364,1,debit_card,6,736.2
ORD0015365,1,debit_card,2,524.58
ORD0015366,1,boleto,4,202.07
ORD0015367,1,voucher,4,324.6
ORD0015368,1,debit_card,2,297.72
ORD0015369,1,boleto,7,435.53
ORD0015370,1,debit_card,9,303.3
ORD0015371,1,boleto,7,221.6
ORD0015372,1,debit_card,10,63.15
ORD0015373,1,credit_card,1,704.56
ORD0015374,1,voucher,8,31.09
ORD0015375,1,credit_card,5,307.48
ORD0015376,1,debit_card,2,367.27
ORD0015377,1,voucher,2,316.24
ORD0015378,1,debit_card,9,655.04
ORD0015379,1,credit_card,5,237.56
ORD0015380,1,boleto,12,256.52
ORD0015381,1,voucher,6,474.36
ORD0015382,1,boleto,12,36.65
ORD0015383,1,debit_card,8,1745.78
ORD0015384,1,voucher,7,359.46
ORD0015385,1,voucher,2,867.45
ORD0015386,1,voucher,5,321.35
ORD0015387,1,boleto,9,1067.21
ORD0015388,1,voucher,6,380.38
ORD0015389,1,credit_card,5,189.9
ORD0015390,1,boleto,6,422.86
ORD0015391,1,voucher,8,43.5
ORD0015392,1,debit_card,6,627.78
ORD0015393,1,voucher,12,1022.33
ORD0015394,1,boleto,4,706.23
ORD0015395,1,debit_card,10,56.66
ORD0015396,1,voucher,2,658.48
ORD0015397,1,credit_card,3,66.53
ORD0015398,1,debit_card,9,666.38
ORD0015399,1,voucher,1,31.17
ORD0015400,1,debit_card,9,649.76
ORD0015401,1,credit_card,3,539.04
ORD0015402,1,boleto,11,25.88
ORD0015403,1,credit_card,4,310.15
ORD0015404,1,debit_card,8,297.66
ORD0015405,1,voucher,4,137.81
ORD0015406,1,credit_card,6,31.52
ORD0015407,1,boleto,4,207.05
ORD0015408,1,boleto,12,459.9
ORD0015409,1,voucher,2,91.68
ORD0015410,1,debit_card,4,226.22
ORD0015411,1,credit_card,1,851.6299999999999
ORD0015412,1,boleto,3,307.6
ORD0015413,1,credit_card,12,590.6
ORD0015414,1,voucher,5,37.62
ORD0015415,1,boleto,10,69.9
ORD0015416,1,debit_card,4,92.99
ORD0015417,1,boleto,7,493.34999999999997
ORD0015418,1,debit_card,5,51.17
ORD0015419,1,credit_card,9,356.5
ORD0015420,1,credit_card,8,1314.98
ORD0015421,1,boleto,9,76.51
ORD0015422,1,debit_card,6,487.79999999999995
ORD0015423,1,credit_card,7,519.09
ORD0015424,1,debit_card,12,375.12
ORD0015425,1,credit_card,6,76.04
ORD0015426,1,boleto,10,241.2
ORD0015427,1,boleto,5,162.18
ORD0015428,1,debit_card,6,270.52
ORD0015429,1,debit_card,12,509.59
ORD0015430,1,credit_card,11,817.4
ORD0015431,1,boleto,10,120.68
ORD0015432,1,voucher,1,426.68999999999994
ORD0015433,1,credit_card,9,271.93
ORD0015434,1,debit_card,5,119.5
ORD0015435,1,boleto,3,460.59999999999997
ORD0015436,1,credit_card,1,313.19
ORD0015437,1,boleto,4,89.4
ORD0015438,1,boleto,12,38.81
ORD0015439,1,debit_card,11,99.06
ORD0015440,1,boleto,7,194.39
ORD0015441,1,debit_card,5,193.31
ORD0015442,1,boleto,3,524.87
ORD0015443,1,credit_card,12,211.38
ORD0015444,1,debit_card,2,125.08
ORD0015445,1,credit_card,3,210.54000000000002
ORD0015446,1,boleto,2,269.6
ORD0015447,1,voucher,6,477.24
ORD0015448,1,voucher,11,319.90999999999997
ORD0015449,1,credit_card,4,682.05
ORD0015450,1,voucher,8,215.33
ORD0015451,1,voucher,2,95.85
ORD0015452,1,debit_card,2,145.39
ORD0015453,1,boleto,4,829.57
ORD0015454,1,credit_card,4,59.24
ORD0015455,1,credit_card,8,540.4
ORD0015456,1,debit_card,11,871.98
ORD0015457,1,credit_card,7,452.23
ORD0015458,1,boleto,11,666.16
ORD0015459,1,debit_card,5,1487.67
ORD0015460,1,credit_card,8,271.93
ORD0015461,1,credit_card,11,91.34
ORD0015462,1,credit_card,3,608.8
ORD0015463,1,debit_card,5,410.82
ORD0015464,1,voucher,8,47.98
ORD0015465,1,voucher,12,156.97
ORD0015466,1,boleto,1,413.43
ORD0015467,1,boleto,5,646.4499999999999
ORD0015468,1,voucher,2,163.9
ORD0015469,1,voucher,10,244.74
ORD0015470,1,boleto,4,162.42
ORD0015471,1,credit_card,7,190.51
ORD0015472,1,debit_card,1,77.9
ORD0015473,1,boleto,1,909.72
ORD0015474,1,boleto,4,168.32
ORD0015475,1,debit_card,7,56.28
ORD0015476,1,credit_card,5,57.47
ORD0015477,1,debit_card,7,197.31
ORD0015478,1,voucher,3,520.1
ORD0015479,1,credit_card,7,418.68
ORD0015480,1,boleto,10,92.26
ORD0015481,1,credit_card,10,47.14
ORD0015482,1,debit_card,7,372.47
ORD0015483,1,credit_card,10,151.05
ORD0015484,1,boleto,2,297.1
ORD0015485,1,credit_card,4,396.6
ORD0015486,1,boleto,4,177.28
ORD0015487,1,debit_card,4,70.94
ORD0015488,1,boleto,4,205.95999999999998
ORD0015489,1,credit_card,6,156.02
ORD0015490,1,voucher,1,34.82
ORD0015491,1,credit_card,4,63.19
ORD0015492,1,voucher,5,184.23
ORD0015493,1,boleto,2,115.04
ORD0015494,1,voucher,5,466.11
ORD0015495,1,voucher,5,753.5699999999999
ORD0015496,1,debit_card,5,483.9
ORD0015497,1,voucher,3,278.44
ORD0015498,1,credit_card,2,246.0
ORD0015499,1,credit_card,4,168.8
ORD0015500,1,voucher,9,432.78000000000003
ORD0015501,1,voucher,4,3550.41
ORD0015502,1,boleto,7,1022.84
ORD0015503,1,debit_card,12,98.27
ORD0015504,1,boleto,7,228.58
ORD0015505,1,credit_card,5,477.14
ORD0015506,1,voucher,7,25.18
ORD0015507,1,voucher,5,34.32
ORD0015508,1,voucher,11,126.88
ORD0015509,1,boleto,11,117.29
ORD0015510,1,voucher,10,24.95
ORD0015511,1,debit_card,5,59.94
ORD0015512,1,debit_card,10,706.46
ORD0015513,1,credit_card,7,94.28
ORD0015514,1,voucher,11,1447.2
ORD0015515,1,credit_card,9,640.01
ORD0015516,1,voucher,2,724.04
ORD0015517,1,debit_card,2,283.06
ORD0015518,1,credit_card,7,118.78
ORD0015519,1,credit_card,10,708.36
ORD0015520,1,debit_card,11,416.48
ORD0015521,1,debit_card,6,1240.19
ORD0015522,1,debit_card,12,175.68
ORD0015523,1,voucher,3,212.96
ORD0015524,1,debit_card,4,40.230000000000004
ORD0015525,1,credit_card,10,833.12
ORD0015526,1,credit_card,6,201.19
ORD0015527,1,voucher,3,324.03
ORD0015528,1,credit_card,7,80.1
ORD0015529,1,voucher,4,35.47
ORD0015530,1,credit_card,4,118.49
ORD0015531,1,credit_card,9,56.66
ORD0015532,1,boleto,11,466.63
ORD0015533,1,debit_card,8,1481.09
ORD0015534,1,credit_card,12,554.1600000000001
ORD0015535,1,voucher,10,214.8
ORD0015536,1,credit_card,11,37.04
ORD0015537,1,voucher,12,107.52
ORD0015538,1,boleto,11,316.62
ORD0015539,1,debit_card,11,67.48
ORD0015540,1,debit_card,5,527.2
ORD0015541,1,boleto,11,433.48
ORD0015542,1,voucher,1,181.14
ORD0015543,1,voucher,9,97.02
ORD0015544,1,credit_card,10,35.09
ORD0015545,1,debit_card,3,25.72
ORD0015546,1,debit_card,6,83.1
ORD0015547,1,voucher,4,520.07
ORD0015548,1,debit_card,7,254.01
ORD0015549,1,credit_card,1,199.89
ORD0015550,1,debit_card,1,109.71000000000001
ORD0015551,1,credit_card,12,1952.45
ORD0015552,1,debit_card,6,1027.05
ORD0015553,1,debit_card,1,677.18
ORD0015554,1,credit_card,3,216.03
ORD0015555,1,voucher,4,67.98
ORD0015556,1,credit_card,6,247.79
ORD0015557,1,credit_card,3,68.32
ORD0015558,1,boleto,4,92.15
ORD0015559,1,credit_card,9,1149.69
ORD0015560,1,voucher,6,629.4399999999999
ORD0015561,1,boleto,3,644.15
ORD0015562,1,voucher,11,73.17
ORD0015563,1,debit_card,11,307.44000000000005
ORD0015564,1,credit_card,9,271.56
ORD0015565,1,credit_card,5,214.70999999999998
ORD0015566,1,debit_card,2,265.82
ORD0015567,1,boleto,6,68.01
ORD0015568,1,boleto,12,179.29999999999998
ORD0015569,1,boleto,4,777.9200000000001
ORD0015570,1,voucher,5,91.54
ORD0015571,1,voucher,1,63.79
ORD0015572,1,boleto,11,42.39
ORD0015573,1,credit_card,7,16.79
ORD0015574,1,voucher,8,360.86
ORD0015575,1,credit_card,4,335.58
ORD0015576,1,credit_card,8,411.34
ORD0015577,1,boleto,10,295.62
ORD0015578,1,boleto,7,1589.2199999999998
ORD0015579,1,credit_card,12,541.04
ORD0015580,1,voucher,8,248.85000000000002
ORD0015581,1,credit_card,7,294.69
ORD0015582,1,credit_card,10,79.44
ORD0015583,1,boleto,12,762.23
ORD0015584,1,credit_card,12,420.95
ORD0015585,1,boleto,6,46.73
ORD0015586,1,credit_card,12,156.62
ORD0015587,1,debit_card,2,1430.06
ORD0015588,1,boleto,4,253.95000000000002
ORD0015589,1,boleto,6,70.56
ORD0015590,1,voucher,2,223.45
ORD0015591,1,debit_card,9,146.33
ORD0015592,1,boleto,6,369.68999999999994
ORD0015593,1,credit_card,12,800.28
ORD0015594,1,voucher,8,175.25
ORD0015595,1,debit_card,12,96.4
ORD0015596,1,credit_card,9,66.26
ORD0015597,1,boleto,6,1917.7600000000002
ORD0015598,1,voucher,2,290.3
ORD0015599,1,debit_card,6,576.0
ORD0015600,1,credit_card,2,56.47
ORD0015601,1,debit_card,2,311.72
ORD0015602,1,voucher,3,329.58
ORD0015603,1,credit_card,5,595.9200000000001
ORD0015604,1,voucher,10,144.48
ORD0015605,1,boleto,8,68.01
ORD0015606,1,credit_card,1,248.44
ORD0015607,1,debit_card,10,697.25
ORD0015608,1,voucher,10,115.83
ORD0015609,1,credit_card,9,338.54999999999995
ORD0015610,1,voucher,5,40.58
ORD0015611,1,boleto,9,60.34
ORD0015612,1,credit_card,5,108.53
ORD0015613,1,boleto,10,234.66
ORD0015614,1,boleto,12,467.65
ORD0015615,1,debit_card,5,70.28
ORD0015616,1,voucher,4,83.12
ORD0015617,1,credit_card,12,19.09
ORD0015618,1,boleto,9,683.4
ORD0015619,1,voucher,9,366.52
ORD0015620,1,boleto,1,102.47999999999999
ORD0015621,1,credit_card,9,196.43
ORD0015622,1,boleto,7,129.28
ORD0015623,1,voucher,4,113.32
ORD0015624,1,voucher,5,260.16
ORD0015625,1,debit_card,7,809.8800000000001
ORD0015626,1,debit_card,2,89.76
ORD0015627,1,credit_card,12,35.14
ORD0015628,1,credit_card,1,177.4
ORD0015629,1,boleto,8,719.63
ORD0015630,1,voucher,6,66.68
ORD0015631,1,debit_card,10,750.1199999999999
ORD0015632,1,voucher,10,117.13
ORD0015633,1,credit_card,4,338.71999999999997
ORD0015634,1,voucher,8,65.47
ORD0015635,1,boleto,6,677.27
ORD0015636,1,voucher,10,43.43
ORD0015637,1,boleto,1,39.13
ORD0015638,1,voucher,9,114.74
ORD0015639,1,voucher,2,284.46
ORD0015640,1,credit_card,3,36.4
ORD0015641,1,credit_card,9,340.89
ORD0015642,1,debit_card,12,176.38
ORD0015643,1,credit_card,10,368.72
ORD0015644,1,boleto,4,358.7
ORD0015645,1,credit_card,9,427.18
ORD0015646,1,voucher,11,37.16
ORD0015647,1,debit_card,7,70.46
ORD0015648,1,credit_card,6,632.15
ORD0015649,1,debit_card,6,512.05
ORD0015650,1,boleto,5,229.19
ORD0015651,1,credit_card,9,1591.07
ORD0015652,1,debit_card,12,373.43
ORD0015653,1,credit_card,1,329.14
ORD0015654,1,credit_card,12,789.7
ORD0015655,1,credit_card,5,269.49
ORD0015656,1,debit_card,6,366.2
ORD0015657,1,credit_card,7,650.88
ORD0015658,1,credit_card,6,79.02
ORD0015659,1,debit_card,9,857.25
ORD0015660,1,debit_card,6,202.12
ORD0015661,1,boleto,5,35.09
ORD0015662,1,boleto,6,144.09
ORD0015663,1,voucher,2,182.75
ORD0015664,1,boleto,9,271.97
ORD0015665,1,debit_card,10,276.93
ORD0015666,1,voucher,6,76.86
ORD0015667,1,boleto,4,210.36
ORD0015668,1,boleto,4,21.07
ORD0015669,1,credit_card,8,79.84
ORD0015670,1,boleto,10,231.57
ORD0015671,1,debit_card,6,1430.48
ORD0015672,1,voucher,1,768.78
ORD0015673,1,voucher,2,801.27
ORD0015674,1,debit_card,4,411.18
ORD0015675,1,boleto,9,378.45
ORD0015676,1,debit_card,9,197.42
ORD0015677,1,credit_card,4,772.75
ORD0015678,1,credit_card,5,493.71000000000004
ORD0015679,1,credit_card,7,134.99
ORD0015680,1,debit_card,8,121.7
ORD0015681,1,boleto,10,155.27
ORD0015682,1,debit_card,8,373.9
ORD0015683,1,debit_card,12,198.49
ORD0015684,1,debit_card,3,352.79
ORD0015685,1,credit_card,6,167.85000000000002
ORD0015686,1,voucher,10,237.10999999999999
ORD0015687,1,boleto,3,602.52
ORD0015688,1,debit_card,8,86.56
ORD0015689,1,credit_card,5,138.54
ORD0015690,1,voucher,11,39.65
ORD0015691,1,voucher,12,115.58
ORD0015692,1,voucher,4,113.51
ORD0015693,1,boleto,6,444.63
ORD0015694,1,credit_card,4,623.1999999999999
ORD0015695,1,debit_card,8,362.34000000000003
ORD0015696,1,debit_card,7,419.04999999999995
ORD0015697,1,boleto,4,204.23
ORD0015698,1,boleto,7,81.55
ORD0015699,1,debit_card,12,89.22
ORD0015700,1,boleto,8,206.60000000000002
ORD0015701,1,credit_card,9,954.41
ORD0015702,1,debit_card,10,184.98
ORD0015703,1,boleto,7,108.53
ORD0015704,1,boleto,1,46.62
ORD0015705,1,boleto,3,684.27
ORD0015706,1,debit_card,2,483.0
ORD0015707,1,boleto,8,272.46
ORD0015708,1,boleto,1,190.13
ORD0015709,1,credit_card,10,893.9100000000001
ORD0015710,1,voucher,8,207.57
ORD0015711,1,debit_card,7,299.66
ORD0015712,1,voucher,7,348.26
ORD0015713,1,voucher,5,29.6
ORD0015714,1,boleto,8,262.06
ORD0015715,1,voucher,6,844.44
ORD0015716,1,credit_card,2,219.78
ORD0015717,1,credit_card,4,187.87
ORD0015718,1,boleto,9,440.9
ORD0015719,1,credit_card,11,27.98
ORD0015720,1,boleto,12,338.94
ORD0015721,1,voucher,6,56.040000000000006
ORD0015722,1,boleto,5,170.67
ORD0015723,1,credit_card,11,786.5999999999999
ORD0015724,1,credit_card,7,275.62
ORD0015725,1,voucher,4,552.02
ORD0015726,1,boleto,2,1164.4
ORD0015727,1,boleto,7,231.04
ORD0015728,1,credit_card,5,458.84000000000003
ORD0015729,1,debit_card,9,381.2
ORD0015730,1,boleto,2,108.58
ORD0015731,1,boleto,6,687.38
ORD0015732,1,credit_card,7,98.72
ORD0015733,1,voucher,4,694.12
ORD0015734,1,boleto,11,277.08
ORD0015735,1,credit_card,10,41.87
ORD0015736,1,boleto,5,78.99
ORD0015737,1,voucher,8,567.19
ORD0015738,1,boleto,7,355.39
ORD0015739,1,boleto,12,424.5
ORD0015740,1,credit_card,5,21.61
ORD0015741,1,boleto,8,650.3199999999999
ORD0015742,1,debit_card,2,327.48
ORD0015743,1,credit_card,8,982.55
ORD0015744,1,boleto,1,259.19
ORD0015745,1,voucher,2,30.04
ORD0015746,1,credit_card,10,35.1
ORD0015747,1,credit_card,10,308.75
ORD0015748,1,voucher,3,109.36
ORD0015749,1,credit_card,7,180.33
ORD0015750,1,voucher,6,278.38
ORD0015751,1,credit_card,8,37.38
ORD0015752,1,boleto,2,525.52
ORD0015753,1,debit_card,2,1439.32
ORD0015754,1,credit_card,12,213.92
ORD0015755,1,credit_card,4,85.92
ORD0015756,1,boleto,4,173.3
ORD0015757,1,voucher,8,113.44
ORD0015758,1,debit_card,7,101.11
ORD0015759,1,debit_card,6,441.86
ORD0015760,1,voucher,12,140.84
ORD0015761,1,credit_card,5,283.29999999999995
ORD0015762,1,credit_card,6,367.68
ORD0015763,1,debit_card,5,51.17
ORD0015764,1,debit_card,2,671.85
ORD0015765,1,boleto,3,552.52
ORD0015766,1,credit_card,9,50.16
ORD0015767,1,boleto,8,56.84
ORD0015768,1,debit_card,12,898.1
ORD0015769,1,debit_card,2,416.56
ORD0015770,1,voucher,6,1084.0
ORD0015771,1,debit_card,10,88.32
ORD0015772,1,debit_card,11,145.77
ORD0015773,1,boleto,2,61.5
ORD0015774,1,debit_card,2,55.4
ORD0015775,1,boleto,8,141.05
ORD0015776,1,voucher,2,601.3
ORD0015777,1,voucher,1,786.55
ORD0015778,1,boleto,7,322.96
ORD0015779,1,boleto,10,448.30999999999995
ORD0015780,1,boleto,3,56.56
ORD0015781,1,voucher,5,286.92
ORD0015782,1,voucher,2,445.98
ORD0015783,1,boleto,9,614.66
ORD0015784,1,boleto,4,263.11
ORD0015785,1,debit_card,2,369.92
ORD0015786,1,credit_card,12,731.78
ORD0015787,1,debit_card,3,74.39
ORD0015788,1,debit_card,2,23.66
ORD0015789,1,debit_card,6,2028.96
ORD0015790,1,credit_card,2,1313.8
ORD0015791,1,credit_card,4,321.1
ORD0015792,1,debit_card,7,82.91
ORD0015793,1,voucher,6,28.19
ORD0015794,1,debit_card,11,245.15
ORD0015795,1,credit_card,10,141.2
ORD0015796,1,credit_card,2,817.0
ORD0015797,1,debit_card,12,174.0
ORD0015798,1,voucher,11,578.1700000000001
ORD0015799,1,debit_card,9,100.07
ORD0015800,1,debit_card,11,75.68
ORD0015801,1,debit_card,9,111.89
ORD0015802,1,voucher,10,136.64
ORD0015803,1,credit_card,6,19.26
ORD0015804,1,voucher,12,497.52
ORD0015805,1,debit_card,3,231.69
ORD0015806,1,voucher,10,707.03
ORD0015807,1,credit_card,3,195.78
ORD0015808,1,voucher,3,137.24
ORD0015809,1,boleto,3,843.46
ORD0015810,1,credit_card,11,454.86
ORD0015811,1,voucher,12,200.45999999999998
ORD0015812,1,credit_card,7,1157.3600000000001
ORD0015813,1,boleto,12,754.14
ORD0015814,1,boleto,5,44.44
ORD0015815,1,voucher,11,153.74
ORD0015816,1,debit_card,3,132.88
ORD0015817,1,boleto,12,113.13
ORD0015818,1,voucher,9,61.74
ORD0015819,1,voucher,10,162.62
ORD0015820,1,debit_card,11,1903.01
ORD0015821,1,voucher,6,679.31
ORD0015822,1,voucher,7,100.69
ORD0015823,1,boleto,5,143.96
ORD0015824,1,voucher,5,33.05
ORD0015825,1,debit_card,3,291.83000000000004
ORD0015826,1,credit_card,2,82.17
ORD0015827,1,voucher,2,185.5
ORD0015828,1,boleto,5,563.05
ORD0015829,1,debit_card,2,186.95
ORD0015830,1,boleto,9,33.58
ORD0015831,1,debit_card,7,315.73
ORD0015832,1,credit_card,7,218.93
ORD0015833,1,debit_card,1,69.48
ORD0015834,1,debit_card,7,152.68
ORD0015835,1,credit_card,9,61.800000000000004
ORD0015836,1,voucher,9,372.15000000000003
ORD0015837,1,debit_card,12,1164.1100000000001
ORD0015838,1,voucher,9,86.65
ORD0015839,1,credit_card,10,1761.5299999999997
ORD0015840,1,debit_card,3,520.72
ORD0015841,1,credit_card,7,262.26
ORD0015842,1,boleto,12,43.86
ORD0015843,1,boleto,10,362.28
ORD0015844,1,credit_card,8,30.02
ORD0015845,1,voucher,6,149.11
ORD0015846,1,voucher,12,114.0
ORD0015847,1,credit_card,4,39.9
ORD0015848,1,credit_card,6,123.0
ORD0015849,1,boleto,1,192.74
ORD0015850,1,boleto,5,518.4100000000001
ORD0015851,1,boleto,7,601.62
ORD0015852,1,voucher,3,215.87
ORD0015853,1,credit_card,10,757.44
ORD0015854,1,debit_card,1,47.69
ORD0015855,1,credit_card,4,132.14
ORD0015856,1,boleto,8,627.6
ORD0015857,1,credit_card,9,612.8199999999999
ORD0015858,1,voucher,5,217.15
ORD0015859,1,voucher,7,140.69
ORD0015860,1,voucher,10,168.0
ORD0015861,1,debit_card,1,389.72
ORD0015862,1,debit_card,4,235.98
ORD0015863,1,credit_card,2,170.31
ORD0015864,1,debit_card,10,233.82
ORD0015865,1,debit_card,8,275.92
ORD0015866,1,voucher,5,345.7
ORD0015867,1,debit_card,2,29.92
ORD0015868,1,credit_card,8,365.28999999999996
ORD0015869,1,credit_card,7,155.49
ORD0015870,1,voucher,11,423.84000000000003
ORD0015871,1,voucher,12,217.92000000000002
ORD0015872,1,debit_card,2,607.63
ORD0015873,1,boleto,2,88.52
ORD0015874,1,boleto,9,229.62
ORD0015875,1,voucher,9,145.02
ORD0015876,1,debit_card,1,369.64
ORD0015877,1,boleto,1,35.84
ORD0015878,1,credit_card,2,84.44
ORD0015879,1,voucher,6,338.76
ORD0015880,1,boleto,6,1039.16
ORD0015881,1,boleto,3,202.32
ORD0015882,1,voucher,2,1156.45
ORD0015883,1,voucher,8,185.89
ORD0015884,1,boleto,1,231.06
ORD0015885,1,voucher,1,385.46
ORD0015886,1,debit_card,7,15.07
ORD0015887,1,boleto,3,63.36
ORD0015888,1,voucher,7,205.51
ORD0015889,1,debit_card,1,285.88
ORD0015890,1,credit_card,2,1458.54
ORD0015891,1,voucher,11,382.03999999999996
ORD0015892,1,boleto,11,114.2
ORD0015893,1,boleto,1,462.24
ORD0015894,1,debit_card,1,478.02
ORD0015895,1,credit_card,8,117.62
ORD0015896,1,debit_card,2,299.66
ORD0015897,1,debit_card,3,137.06
ORD0015898,1,credit_card,6,710.96
ORD0015899,1,boleto,11,243.94
ORD0015900,1,debit_card,5,31.93
ORD0015901,1,credit_card,11,192.73
ORD0015902,1,voucher,7,342.78
ORD0015903,1,credit_card,3,317.28
ORD0015904,1,boleto,10,147.68
ORD0015905,1,voucher,11,303.52
ORD0015906,1,credit_card,7,205.54000000000002
ORD0015907,1,debit_card,5,182.37
ORD0015908,1,boleto,11,146.98
ORD0015909,1,credit_card,11,70.38
ORD0015910,1,debit_card,4,234.28
ORD0015911,1,boleto,1,199.3
ORD0015912,1,voucher,11,340.74
ORD0015913,1,voucher,9,206.85
ORD0015914,1,debit_card,4,269.99
ORD0015915,1,voucher,5,69.62
ORD0015916,1,debit_card,8,738.0500000000001
ORD0015917,1,debit_card,12,363.56
ORD0015918,1,boleto,10,156.06
ORD0015919,1,debit_card,6,179.21
ORD0015920,1,voucher,4,173.28
ORD0015921,1,boleto,7,1315.2
ORD0015922,1,credit_card,1,149.4
ORD0015923,1,boleto,7,562.76
ORD0015924,1,credit_card,10,733.61
ORD0015925,1,boleto,10,112.5
ORD0015926,1,boleto,12,70.84
ORD0015927,1,boleto,3,657.92
ORD0015928,1,credit_card,5,295.88
ORD0015929,1,credit_card,9,225.29999999999998
ORD0015930,1,voucher,5,105.98
ORD0015931,1,boleto,10,731.6500000000001
ORD0015932,1,credit_card,8,707.86
ORD0015933,1,voucher,1,259.95000000000005
ORD0015934,1,credit_card,4,443.2
ORD0015935,1,debit_card,2,531.57
ORD0015936,1,debit_card,7,1104.6
ORD0015937,1,voucher,5,56.3
ORD0015938,1,debit_card,5,48.51
ORD0015939,1,voucher,12,362.90999999999997
ORD0015940,1,voucher,1,226.64999999999998
ORD0015941,1,credit_card,5,207.78
ORD0015942,1,debit_card,12,39.0
ORD0015943,1,boleto,3,919.63
ORD0015944,1,credit_card,11,422.4
ORD0015945,1,boleto,9,174.91000000000003
ORD0015946,1,credit_card,4,190.01999999999998
ORD0015947,1,debit_card,10,555.28
ORD0015948,1,debit_card,9,178.84
ORD0015949,1,credit_card,6,407.12
ORD0015950,1,credit_card,3,734.0
ORD0015951,1,boleto,10,470.56000000000006
ORD0015952,1,credit_card,6,97.59
ORD0015953,1,boleto,6,1541.19
ORD0015954,1,boleto,10,425.1
ORD0015955,1,voucher,4,570.66
ORD0015956,1,debit_card,9,431.02
ORD0015957,1,voucher,8,47.01
ORD0015958,1,debit_card,7,621.85
ORD0015959,1,boleto,7,258.78
ORD0015960,1,voucher,11,200.64
ORD0015961,1,debit_card,11,245.12
ORD0015962,1,voucher,9,154.56
ORD0015963,1,credit_card,7,71.57
ORD0015964,1,voucher,11,177.72
ORD0015965,1,voucher,2,185.98
ORD0015966,1,debit_card,2,209.56
ORD0015967,1,voucher,10,93.64
ORD0015968,1,boleto,7,285.88
ORD0015969,1,voucher,12,330.11
ORD0015970,1,boleto,3,258.97
ORD0015971,1,credit_card,9,614.28
ORD0015972,1,voucher,7,128.1
ORD0015973,1,voucher,11,228.23
ORD0015974,1,credit_card,11,395.51
ORD0015975,1,debit_card,1,110.0
ORD0015976,1,credit_card,5,955.5500000000001
ORD0015977,1,voucher,11,37.14
ORD0015978,1,boleto,8,150.2
ORD0015979,1,debit_card,11,194.21
ORD0015980,1,voucher,1,728.04
ORD0015981,1,voucher,7,490.83000000000004
ORD0015982,1,boleto,10,100.88
ORD0015983,1,voucher,5,488.54
ORD0015984,1,boleto,11,145.08
ORD0015985,1,credit_card,10,274.52
ORD0015986,1,voucher,10,326.02
ORD0015987,1,credit_card,5,1765.4
ORD0015988,1,voucher,11,26.99
ORD0015989,1,credit_card,1,297.97999999999996
ORD0015990,1,credit_card,5,312.84000000000003
ORD0015991,1,boleto,1,416.04
ORD0015992,1,debit_card,12,200.2
ORD0015993,1,debit_card,11,645.66
ORD0015994,1,debit_card,10,381.96000000000004
ORD0015995,1,credit_card,11,437.9
ORD0015996,1,debit_card,4,239.56
ORD0015997,1,voucher,11,269.34000000000003
ORD0015998,1,debit_card,10,176.2
ORD0015999,1,voucher,8,21.07
ORD0016000,1,debit_card,1,84.2
ORD0016001,1,voucher,5,791.0999999999999
ORD0016002,1,boleto,3,247.04
ORD0016003,1,debit_card,8,518.74
ORD0016004,1,boleto,6,390.49
ORD0016005,1,boleto,5,527.94
ORD0016006,1,credit_card,12,167.0
ORD0016007,1,voucher,8,397.91
ORD0016008,1,credit_card,11,584.86
ORD0016009,1,credit_card,11,968.3499999999999
ORD0016010,1,boleto,8,675.74
ORD0016011,1,voucher,2,426.08000000000004
ORD0016012,1,voucher,6,163.42000000000002
ORD0016013,1,voucher,3,140.92
ORD0016014,1,credit_card,4,743.38
ORD0016015,1,voucher,2,92.64
ORD0016016,1,boleto,8,100.19
ORD0016017,1,voucher,12,233.44
ORD0016018,1,debit_card,12,62.87
ORD0016019,1,voucher,5,309.49
ORD0016020,1,voucher,3,319.08
ORD0016021,1,credit_card,12,636.75
ORD0016022,1,debit_card,4,184.8
ORD0016023,1,debit_card,3,735.74
ORD0016024,1,voucher,2,178.44
ORD0016025,1,boleto,4,132.52
ORD0016026,1,voucher,9,70.94
ORD0016027,1,debit_card,10,81.21
ORD0016028,1,credit_card,2,98.43
ORD0016029,1,credit_card,8,39.94
ORD0016030,1,credit_card,10,824.2
ORD0016031,1,credit_card,8,38.81
ORD0016032,1,voucher,11,18.58
ORD0016033,1,boleto,2,30.49
ORD0016034,1,debit_card,5,246.29
ORD0016035,1,voucher,3,295.34000000000003
ORD0016036,1,credit_card,12,610.0
ORD0016037,1,debit_card,12,172.72
ORD0016038,1,credit_card,11,99.14999999999999
ORD0016039,1,voucher,6,567.29
ORD0016040,1,debit_card,9,200.53
ORD0016041,1,debit_card,8,305.98
ORD0016042,1,boleto,6,153.67000000000002
ORD0016043,1,debit_card,2,294.82
ORD0016044,1,credit_card,5,481.24
ORD0016045,1,voucher,7,519.16
ORD0016046,1,credit_card,6,162.68
ORD0016047,1,debit_card,7,119.29
ORD0016048,1,credit_card,11,41.75
ORD0016049,1,debit_card,9,534.24
ORD0016050,1,boleto,10,112.77
ORD0016051,1,voucher,3,36.85
ORD0016052,1,voucher,4,129.51
ORD0016053,1,boleto,3,133.25
ORD0016054,1,boleto,3,82.74
ORD0016055,1,debit_card,11,38.46
ORD0016056,1,debit_card,2,296.31
ORD0016057,1,debit_card,1,139.64
ORD0016058,1,credit_card,10,861.6500000000001
ORD0016059,1,credit_card,4,91.6
ORD0016060,1,credit_card,11,534.31
ORD0016061,1,credit_card,5,27.98
ORD0016062,1,voucher,8,41.26
ORD0016063,1,debit_card,8,50.32
ORD0016064,1,debit_card,7,373.49
ORD0016065,1,debit_card,12,219.62
ORD0016066,1,credit_card,8,46.6
ORD0016067,1,voucher,6,162.75
ORD0016068,1,voucher,8,69.48
ORD0016069,1,credit_card,4,832.3199999999999
ORD0016070,1,voucher,9,286.44
ORD0016071,1,voucher,9,457.06
ORD0016072,1,debit_card,4,263.7
ORD0016073,1,credit_card,6,52.69
ORD0016074,1,boleto,11,35.63
ORD0016075,1,credit_card,11,307.28
ORD0016076,1,boleto,12,417.38
ORD0016077,1,debit_card,3,1672.11
ORD0016078,1,debit_card,12,233.59
ORD0016079,1,debit_card,5,152.01
ORD0016080,1,debit_card,4,604.46
ORD0016081,1,debit_card,7,1761.55
ORD0016082,1,voucher,6,72.38
ORD0016083,1,boleto,4,197.54
ORD0016084,1,debit_card,8,68.72
ORD0016085,1,credit_card,4,249.98
ORD0016086,1,credit_card,2,557.56
ORD0016087,1,boleto,8,184.58999999999997
ORD0016088,1,credit_card,7,56.42
ORD0016089,1,boleto,7,305.43
ORD0016090,1,credit_card,8,60.14
ORD0016091,1,boleto,3,96.42
ORD0016092,1,credit_card,4,153.0
ORD0016093,1,debit_card,9,30.56
ORD0016094,1,voucher,5,268.38
ORD0016095,1,voucher,2,393.12
ORD0016096,1,credit_card,3,418.23
ORD0016097,1,voucher,2,1566.5700000000002
ORD0016098,1,voucher,10,104.85
ORD0016099,1,voucher,12,16.7
ORD0016100,1,credit_card,6,471.19
ORD0016101,1,credit_card,10,630.44
ORD0016102,1,voucher,9,433.78
ORD0016103,1,voucher,5,223.32
ORD0016104,1,voucher,2,336.16999999999996
ORD0016105,1,debit_card,2,169.10999999999999
ORD0016106,1,boleto,10,194.21
ORD0016107,1,boleto,12,590.44
ORD0016108,1,credit_card,12,529.17
ORD0016109,1,debit_card,10,640.77
ORD0016110,1,boleto,9,26.57
ORD0016111,1,debit_card,10,142.55
ORD0016112,1,debit_card,10,51.46
ORD0016113,1,boleto,12,1521.19
ORD0016114,1,credit_card,7,128.21
ORD0016115,1,debit_card,12,509.40999999999997
ORD0016116,1,credit_card,6,20.23
ORD0016117,1,credit_card,4,34.45
ORD0016118,1,voucher,1,501.7
ORD0016119,1,credit_card,7,170.71
ORD0016120,1,voucher,6,32.14
ORD0016121,1,boleto,1,40.75
ORD0016122,1,credit_card,7,677.68
ORD0016123,1,voucher,9,159.71
ORD0016124,1,voucher,6,183.32
ORD0016125,1,voucher,5,1103.91
ORD0016126,1,debit_card,5,291.45000000000005
ORD0016127,1,boleto,11,472.03000000000003
ORD0016128,1,boleto,12,262.04
ORD0016129,1,credit_card,7,397.34000000000003
ORD0016130,1,debit_card,9,130.63
ORD0016131,1,debit_card,2,469.5
ORD0016132,1,boleto,11,183.78
ORD0016133,1,voucher,5,571.62
ORD0016134,1,credit_card,11,1477.9499999999998
ORD0016135,1,boleto,12,94.93
ORD0016136,1,voucher,8,214.63
ORD0016137,1,voucher,3,135.02
ORD0016138,1,credit_card,6,129.93
ORD0016139,1,debit_card,2,66.53
ORD0016140,1,debit_card,5,243.4
ORD0016141,1,credit_card,8,129.35
ORD0016142,1,boleto,9,240.95999999999998
ORD0016143,1,credit_card,9,391.05
ORD0016144,1,debit_card,5,40.11
ORD0016145,1,boleto,4,196.79000000000002
ORD0016146,1,boleto,10,291.76
ORD0016147,1,debit_card,5,137.96
ORD0016148,1,credit_card,7,75.69
ORD0016149,1,debit_card,7,48.16
ORD0016150,1,credit_card,7,600.6899999999999
ORD0016151,1,debit_card,4,173.28
ORD0016152,1,boleto,10,146.24
ORD0016153,1,voucher,6,164.64
ORD0016154,1,debit_card,4,214.67000000000002
ORD0016155,1,voucher,10,137.12
ORD0016156,1,voucher,8,526.76
ORD0016157,1,boleto,10,993.5899999999999
ORD0016158,1,boleto,8,194.39
ORD0016159,1,credit_card,11,155.12
ORD0016160,1,debit_card,5,1089.49
ORD0016161,1,debit_card,3,271.27
ORD0016162,1,boleto,11,43.24
ORD0016163,1,debit_card,5,34.82
ORD0016164,1,credit_card,9,314.34000000000003
ORD0016165,1,debit_card,10,119.02
ORD0016166,1,boleto,4,500.32
ORD0016167,1,credit_card,12,99.26
ORD0016168,1,voucher,2,104.02
ORD0016169,1,debit_card,3,1227.9199999999998
ORD0016170,1,voucher,12,79.36
ORD0016171,1,debit_card,10,437.68
ORD0016172,1,voucher,9,220.23
ORD0016173,1,voucher,5,767.48
ORD0016174,1,credit_card,6,553.85
ORD0016175,1,voucher,11,88.23
ORD0016176,1,debit_card,4,165.10000000000002
ORD0016177,1,boleto,6,181.98
ORD0016178,1,debit_card,8,130.27
ORD0016179,1,credit_card,1,70.56
ORD0016180,1,voucher,10,58.38
ORD0016181,1,debit_card,3,161.98000000000002
ORD0016182,1,voucher,11,163.46
ORD0016183,1,debit_card,9,82.02
ORD0016184,1,boleto,7,256.6
ORD0016185,1,voucher,6,460.88
ORD0016186,1,voucher,9,244.5
ORD0016187,1,boleto,12,101.07
ORD0016188,1,boleto,10,18.93
ORD0016189,1,voucher,9,256.2
ORD0016190,1,credit_card,7,89.53
ORD0016191,1,credit_card,6,798.96
ORD0016192,1,boleto,3,110.16
ORD0016193,1,debit_card,7,144.24
ORD0016194,1,credit_card,8,119.5
ORD0016195,1,voucher,5,387.34000000000003
ORD0016196,1,boleto,8,251.16
ORD0016197,1,debit_card,2,775.6
ORD0016198,1,credit_card,4,438.5799999999999
ORD0016199,1,voucher,4,1120.87
ORD0016200,1,voucher,7,408.28
ORD0016201,1,voucher,8,123.86
ORD0016202,1,voucher,12,137.18
ORD0016203,1,voucher,12,89.34
ORD0016204,1,voucher,4,1101.37
ORD0016205,1,voucher,7,115.37
ORD0016206,1,boleto,8,301.56
ORD0016207,1,credit_card,7,56.95
ORD0016208,1,voucher,2,468.84000000000003
ORD0016209,1,voucher,11,34.96
ORD0016210,1,voucher,2,54.12
ORD0016211,1,boleto,8,252.4
ORD0016212,1,debit_card,6,78.73
ORD0016213,1,boleto,4,26.06
ORD0016214,1,boleto,9,479.89
ORD0016215,1,voucher,2,923.41
ORD0016216,1,debit_card,4,208.44
ORD0016217,1,boleto,10,344.17
ORD0016218,1,voucher,6,166.84
ORD0016219,1,boleto,4,134.39
ORD0016220,1,credit_card,9,173.4
ORD0016221,1,voucher,11,232.36
ORD0016222,1,voucher,1,228.12
ORD0016223,1,credit_card,10,1247.3400000000001
ORD0016224,1,voucher,4,321.9
ORD0016225,1,boleto,9,82.74
ORD0016226,1,debit_card,6,47.5
ORD0016227,1,debit_card,12,54.57
ORD0016228,1,credit_card,10,380.73
ORD0016229,1,boleto,5,231.98
ORD0016230,1,credit_card,8,157.78
ORD0016231,1,boleto,8,294.87
ORD0016232,1,voucher,7,777.98
ORD0016233,1,voucher,5,1245.76
ORD0016234,1,boleto,9,171.16
ORD0016235,1,credit_card,5,372.91
ORD0016236,1,debit_card,11,212.8
ORD0016237,1,credit_card,3,458.94
ORD0016238,1,debit_card,5,198.69
ORD0016239,1,credit_card,10,491.78000000000003
ORD0016240,1,voucher,5,327.48
ORD0016241,1,voucher,7,13.11
ORD0016242,1,debit_card,11,70.34
ORD0016243,1,voucher,9,120.9
ORD0016244,1,credit_card,10,1165.17
ORD0016245,1,debit_card,4,273.87
ORD0016246,1,boleto,1,377.6
ORD0016247,1,voucher,11,1636.32
ORD0016248,1,debit_card,7,78.36
ORD0016249,1,voucher,11,154.77
ORD0016250,1,voucher,3,468.96999999999997
ORD0016251,1,credit_card,8,60.99
ORD0016252,1,debit_card,9,373.29
ORD0016253,1,voucher,5,452.03
ORD0016254,1,credit_card,11,62.43
ORD0016255,1,voucher,11,117.06
ORD0016256,1,boleto,10,62.82
ORD0016257,1,debit_card,10,588.3499999999999
ORD0016258,1,boleto,1,117.4
ORD0016259,1,voucher,9,217.12
ORD0016260,1,boleto,2,37.04
ORD0016261,1,boleto,3,58.51
ORD0016262,1,voucher,5,157.31
ORD0016263,1,debit_card,8,136.15
ORD0016264,1,credit_card,4,122.13000000000001
ORD0016265,1,credit_card,1,163.24
ORD0016266,1,debit_card,11,750.03
ORD0016267,1,voucher,8,102.22999999999999
ORD0016268,1,voucher,7,223.06
ORD0016269,1,boleto,8,25.36
ORD0016270,1,debit_card,10,623.65
ORD0016271,1,credit_card,2,248.86
ORD0016272,1,boleto,4,60.99
ORD0016273,1,debit_card,5,850.0
ORD0016274,1,boleto,7,452.41999999999996
ORD0016275,1,voucher,2,328.05
ORD0016276,1,debit_card,6,63.38
ORD0016277,1,debit_card,1,95.46000000000001
ORD0016278,1,voucher,10,122.82
ORD0016279,1,credit_card,7,168.8
ORD0016280,1,boleto,2,64.05
ORD0016281,1,voucher,9,33.21
ORD0016282,1,debit_card,2,35.09
ORD0016283,1,boleto,3,118.82
ORD0016284,1,voucher,6,754.1600000000001
ORD0016285,1,credit_card,11,45.84
ORD0016286,1,credit_card,7,610.89
ORD0016287,1,voucher,1,355.81
ORD0016288,1,debit_card,11,242.98
ORD0016289,1,boleto,4,59.84
ORD0016290,1,boleto,9,35.29
ORD0016291,1,debit_card,9,35.89
ORD0016292,1,credit_card,6,60.16
ORD0016293,1,credit_card,8,120.61000000000001
ORD0016294,1,boleto,2,728.0
ORD0016295,1,debit_card,12,593.1
ORD0016296,1,debit_card,12,154.64999999999998
ORD0016297,1,voucher,9,451.01
ORD0016298,1,credit_card,6,451.51
ORD0016299,1,boleto,4,129.84
ORD0016300,1,voucher,2,221.95
ORD0016301,1,debit_card,8,43.52
ORD0016302,1,voucher,3,1210.77
ORD0016303,1,voucher,9,937.8199999999999
ORD0016304,1,voucher,3,416.06
ORD0016305,1,debit_card,2,867.97
ORD0016306,1,boleto,4,553.3
ORD0016307,1,voucher,4,671.5
ORD0016308,1,credit_card,12,44.38
ORD0016309,1,voucher,6,642.87
ORD0016310,1,debit_card,4,58.72
ORD0016311,1,debit_card,5,207.18
ORD0016312,1,boleto,6,171.86
ORD0016313,1,debit_card,7,180.59
ORD0016314,1,debit_card,10,125.36
ORD0016315,1,credit_card,7,141.64
ORD0016316,1,debit_card,10,677.68
ORD0016317,1,boleto,2,526.7
ORD0016318,1,boleto,7,366.87
ORD0016319,1,credit_card,10,70.94
ORD0016320,1,credit_card,4,651.13
ORD0016321,1,credit_card,4,656.7
ORD0016322,1,voucher,11,107.08
ORD0016323,1,debit_card,10,200.35
ORD0016324,1,credit_card,2,346.6
ORD0016325,1,debit_card,5,474.81
ORD0016326,1,debit_card,12,295.88
ORD0016327,1,boleto,2,420.39000000000004
ORD0016328,1,boleto,10,20.72
ORD0016329,1,credit_card,2,1198.39
ORD0016330,1,boleto,12,368.98
ORD0016331,1,credit_card,1,1021.1800000000001
ORD0016332,1,credit_card,4,236.70000000000002
ORD0016333,1,boleto,2,787.29
ORD0016334,1,boleto,9,160.75
ORD0016335,1,credit_card,3,205.32
ORD0016336,1,credit_card,6,32.88
ORD0016337,1,debit_card,8,221.78
ORD0016338,1,voucher,2,627.69
ORD0016339,1,debit_card,5,243.76
ORD0016340,1,boleto,10,387.52
ORD0016341,1,voucher,7,156.35
ORD0016342,1,boleto,7,35.11
ORD0016343,1,boleto,6,241.4
ORD0016344,1,boleto,6,563.14
ORD0016345,1,boleto,11,1120.22
ORD0016346,1,voucher,9,148.83
ORD0016347,1,boleto,9,722.48
ORD0016348,1,voucher,1,552.6899999999999
ORD0016349,1,credit_card,11,1060.31
ORD0016350,1,debit_card,3,37.21
ORD0016351,1,credit_card,12,725.16
ORD0016352,1,debit_card,1,173.3
ORD0016353,1,boleto,2,348.64
ORD0016354,1,voucher,1,126.88
ORD0016355,1,debit_card,2,739.74
ORD0016356,1,credit_card,6,126.17
ORD0016357,1,credit_card,6,179.82
ORD0016358,1,debit_card,2,388.1
ORD0016359,1,boleto,4,504.73
ORD0016360,1,boleto,8,43.56
ORD0016361,1,debit_card,3,40.38
ORD0016362,1,boleto,10,788.8499999999999
ORD0016363,1,boleto,5,351.0
ORD0016364,1,credit_card,10,623.0799999999999
ORD0016365,1,voucher,2,141.27
ORD0016366,1,boleto,1,467.99
ORD0016367,1,voucher,3,643.8399999999999
ORD0016368,1,boleto,12,150.07
ORD0016369,1,credit_card,2,148.32
ORD0016370,1,voucher,8,37.61
ORD0016371,1,credit_card,4,39.48
ORD0016372,1,debit_card,5,239.94
ORD0016373,1,voucher,8,448.20000000000005
ORD0016374,1,debit_card,12,150.42
ORD0016375,1,debit_card,1,240.42
ORD0016376,1,voucher,10,66.8
ORD0016377,1,debit_card,12,1019.56
ORD0016378,1,voucher,3,514.88
ORD0016379,1,credit_card,8,53.0
ORD0016380,1,voucher,8,50.16
ORD0016381,1,credit_card,9,354.13
ORD0016382,1,boleto,6,609.73
ORD0016383,1,voucher,12,406.9
ORD0016384,1,debit_card,7,135.81
ORD0016385,1,boleto,12,121.61
ORD0016386,1,credit_card,11,542.35
ORD0016387,1,boleto,6,141.51999999999998
ORD0016388,1,voucher,5,119.72
ORD0016389,1,boleto,4,17.27
ORD0016390,1,boleto,5,75.55
ORD0016391,1,boleto,8,405.95
ORD0016392,1,debit_card,10,143.88
ORD0016393,1,debit_card,2,511.51
ORD0016394,1,credit_card,3,263.74
ORD0016395,1,boleto,6,544.91
ORD0016396,1,boleto,6,107.67
ORD0016397,1,boleto,9,101.11
ORD0016398,1,voucher,12,86.56
ORD0016399,1,boleto,9,263.6
ORD0016400,1,voucher,3,1428.62
ORD0016401,1,debit_card,4,269.6
ORD0016402,1,debit_card,7,64.83
ORD0016403,1,credit_card,3,468.29999999999995
ORD0016404,1,voucher,4,253.95000000000002
ORD0016405,1,voucher,4,377.8
ORD0016406,1,boleto,10,426.09000000000003
ORD0016407,1,boleto,10,1254.72
ORD0016408,1,credit_card,9,21.93
ORD0016409,1,boleto,5,19.97
ORD0016410,1,credit_card,1,265.63
ORD0016411,1,credit_card,3,737.22
ORD0016412,1,credit_card,7,373.55
ORD0016413,1,debit_card,5,164.45999999999998
ORD0016414,1,credit_card,11,38.37
ORD0016415,1,voucher,5,256.96
ORD0016416,1,boleto,8,980.0999999999999
ORD0016417,1,boleto,2,56.37
ORD0016418,1,debit_card,8,615.8299999999999
ORD0016419,1,boleto,2,145.39
ORD0016420,1,credit_card,7,18.58
ORD0016421,1,credit_card,12,620.52
ORD0016422,1,debit_card,10,156.16
ORD0016423,1,debit_card,10,86.48
ORD0016424,1,boleto,3,737.55
ORD0016425,1,credit_card,12,14.81
ORD0016426,1,credit_card,1,57.72
ORD0016427,1,debit_card,10,65.88
ORD0016428,1,voucher,11,306.39
ORD0016429,1,voucher,1,215.54000000000002
ORD0016430,1,boleto,6,104.5
ORD0016431,1,debit_card,12,215.09
ORD0016432,1,boleto,7,397.33
ORD0016433,1,credit_card,12,195.78
ORD0016434,1,voucher,8,2246.14
ORD0016435,1,credit_card,10,157.62
ORD0016436,1,credit_card,4,874.53
ORD0016437,1,debit_card,8,429.57
ORD0016438,1,voucher,10,647.61
ORD0016439,1,credit_card,6,24.0
ORD0016440,1,voucher,9,31.87
ORD0016441,1,credit_card,7,48.12
ORD0016442,1,credit_card,11,535.49
ORD0016443,1,debit_card,5,188.28
ORD0016444,1,debit_card,3,76.5
ORD0016445,1,voucher,11,116.91
ORD0016446,1,voucher,9,443.2
ORD0016447,1,voucher,11,175.92000000000002
ORD0016448,1,debit_card,5,190.25
ORD0016449,1,debit_card,12,269.01
ORD0016450,1,debit_card,3,228.94
ORD0016451,1,debit_card,2,90.42
ORD0016452,1,debit_card,10,129.94
ORD0016453,1,boleto,12,119.77
ORD0016454,1,credit_card,5,189.44
ORD0016455,1,boleto,10,34.01
ORD0016456,1,voucher,7,99.24
ORD0016457,1,debit_card,2,371.01
ORD0016458,1,debit_card,2,188.55
ORD0016459,1,voucher,9,730.74
ORD0016460,1,boleto,6,81.48
ORD0016461,1,voucher,6,140.6
ORD0016462,1,boleto,12,191.39999999999998
ORD0016463,1,voucher,11,673.52
ORD0016464,1,boleto,9,368.98
ORD0016465,1,debit_card,12,350.3
ORD0016466,1,boleto,9,276.71999999999997
ORD0016467,1,voucher,2,309.33
ORD0016468,1,boleto,3,260.75
ORD0016469,1,boleto,11,278.32
ORD0016470,1,boleto,6,383.06
ORD0016471,1,credit_card,11,200.29000000000002
ORD0016472,1,credit_card,4,857.58
ORD0016473,1,credit_card,9,1167.56
ORD0016474,1,debit_card,10,354.6
ORD0016475,1,credit_card,12,195.78
ORD0016476,1,boleto,6,248.56
ORD0016477,1,debit_card,8,123.86
ORD0016478,1,voucher,1,256.27
ORD0016479,1,boleto,10,24.09
ORD0016480,1,boleto,9,1705.98
ORD0016481,1,credit_card,6,19.17
ORD0016482,1,boleto,2,139.41
ORD0016483,1,boleto,1,85.51
ORD0016484,1,voucher,2,644.63
ORD0016485,1,debit_card,4,233.5
ORD0016486,1,boleto,11,1585.41
ORD0016487,1,debit_card,4,454.83000000000004
ORD0016488,1,credit_card,10,272.82
ORD0016489,1,credit_card,3,414.04
ORD0016490,1,boleto,7,93.03
ORD0016491,1,boleto,3,94.72
ORD0016492,1,voucher,3,706.51
ORD0016493,1,credit_card,3,172.10999999999999
ORD0016494,1,credit_card,3,659.63
ORD0016495,1,debit_card,9,1427.94
ORD0016496,1,debit_card,3,99.99
ORD0016497,1,credit_card,10,97.87
ORD0016498,1,voucher,8,583.1600000000001
ORD0016499,1,credit_card,8,216.51
ORD0016500,1,debit_card,8,77.22
ORD0016501,1,credit_card,2,357.9
ORD0016502,1,boleto,7,815.5900000000001
ORD0016503,1,voucher,10,530.8299999999999
ORD0016504,1,boleto,1,1367.01
ORD0016505,1,credit_card,12,146.88
ORD0016506,1,credit_card,2,136.86
ORD0016507,1,debit_card,7,182.14
ORD0016508,1,boleto,1,50.35
ORD0016509,1,credit_card,12,123.42
ORD0016510,1,voucher,9,379.02
ORD0016511,1,credit_card,10,91.86
ORD0016512,1,boleto,1,312.10999999999996
ORD0016513,1,boleto,11,98.46000000000001
ORD0016514,1,credit_card,8,387.68999999999994
ORD0016515,1,debit_card,5,1569.27
ORD0016516,1,voucher,11,310.36
ORD0016517,1,voucher,5,32.1
ORD0016518,1,debit_card,7,19.17
ORD0016519,1,credit_card,3,197.97
ORD0016520,1,debit_card,7,444.96
ORD0016521,1,credit_card,1,95.96
ORD0016522,1,boleto,9,137.32
ORD0016523,1,debit_card,4,173.28
ORD0016524,1,debit_card,8,738.8
ORD0016525,1,boleto,8,1376.56
ORD0016526,1,voucher,11,26.62
ORD0016527,1,boleto,4,1018.5799999999999
ORD0016528,1,voucher,5,38.94
ORD0016529,1,boleto,7,304.21000000000004
ORD0016530,1,credit_card,10,82.59
ORD0016531,1,credit_card,12,1172.04
ORD0016532,1,debit_card,11,724.6500000000001
ORD0016533,1,debit_card,3,34.11
ORD0016534,1,boleto,8,140.56
ORD0016535,1,debit_card,10,373.90999999999997
ORD0016536,1,credit_card,10,362.28
ORD0016537,1,voucher,1,957.83
ORD0016538,1,voucher,4,58.05
ORD0016539,1,boleto,9,45.93
ORD0016540,1,voucher,11,297.97
ORD0016541,1,voucher,11,65.32
ORD0016542,1,credit_card,1,1379.64
ORD0016543,1,boleto,2,160.95
ORD0016544,1,credit_card,3,156.32999999999998
ORD0016545,1,boleto,2,55.07
ORD0016546,1,voucher,10,453.82
ORD0016547,1,boleto,6,78.47
ORD0016548,1,boleto,2,514.1
ORD0016549,1,credit_card,2,975.21
ORD0016550,1,debit_card,12,449.08000000000004
ORD0016551,1,voucher,3,473.7
ORD0016552,1,credit_card,11,66.48
ORD0016553,1,debit_card,11,165.79
ORD0016554,1,credit_card,1,2089.5
ORD0016555,1,voucher,10,636.8299999999999
ORD0016556,1,boleto,11,72.91
ORD0016557,1,boleto,1,90.96
ORD0016558,1,credit_card,5,146.33
ORD0016559,1,debit_card,1,350.96000000000004
ORD0016560,1,voucher,7,425.09999999999997
ORD0016561,1,boleto,10,253.42000000000002
ORD0016562,1,credit_card,6,507.43
ORD0016563,1,boleto,3,232.2
ORD0016564,1,boleto,3,772.8
ORD0016565,1,voucher,10,105.27000000000001
ORD0016566,1,voucher,8,91.26
ORD0016567,1,boleto,11,509.72
ORD0016568,1,voucher,9,1028.02
ORD0016569,1,voucher,6,181.04
ORD0016570,1,debit_card,3,71.71
ORD0016571,1,voucher,6,264.03
ORD0016572,1,voucher,5,343.8
ORD0016573,1,debit_card,4,468.12
ORD0016574,1,boleto,6,522.52
ORD0016575,1,boleto,10,44.38
ORD0016576,1,credit_card,1,68.46000000000001
ORD0016577,1,voucher,4,1073.51
ORD0016578,1,voucher,3,141.36
ORD0016579,1,credit_card,8,968.0999999999999
ORD0016580,1,debit_card,12,309.12
ORD0016581,1,voucher,1,296.89
ORD0016582,1,boleto,7,803.77
ORD0016583,1,voucher,4,655.01
ORD0016584,1,voucher,2,260.37
ORD0016585,1,credit_card,6,112.84
ORD0016586,1,boleto,1,77.25
ORD0016587,1,debit_card,1,218.85000000000002
ORD0016588,1,debit_card,2,401.21000000000004
ORD0016589,1,boleto,3,238.11
ORD0016590,1,debit_card,12,230.27
ORD0016591,1,debit_card,8,62.42
ORD0016592,1,credit_card,2,66.53
ORD0016593,1,credit_card,5,152.12
ORD0016594,1,credit_card,4,188.76
ORD0016595,1,debit_card,10,534.1500000000001
ORD0016596,1,credit_card,12,2290.34
ORD0016597,1,voucher,8,292.06
ORD0016598,1,boleto,3,173.38
ORD0016599,1,debit_card,4,473.42
ORD0016600,1,voucher,2,682.92
ORD0016601,1,credit_card,2,163.84
ORD0016602,1,voucher,6,78.84
ORD0016603,1,voucher,4,448.93
ORD0016604,1,boleto,12,119.88
ORD0016605,1,voucher,11,276.99
ORD0016606,1,credit_card,11,77.54
ORD0016607,1,credit_card,10,82.52
ORD0016608,1,boleto,8,96.03
ORD0016609,1,credit_card,7,337.59
ORD0016610,1,voucher,2,670.13
ORD0016611,1,voucher,6,89.86
ORD0016612,1,debit_card,2,295.36
ORD0016613,1,boleto,5,136.95
ORD0016614,1,debit_card,11,387.96999999999997
ORD0016615,1,boleto,4,286.36
ORD0016616,1,voucher,6,1052.8
ORD0016617,1,voucher,3,399.05
ORD0016618,1,credit_card,12,109.56
ORD0016619,1,debit_card,5,441.86
ORD0016620,1,boleto,11,40.97
ORD0016621,1,debit_card,1,864.2
ORD0016622,1,debit_card,3,53.54
ORD0016623,1,debit_card,5,126.82
ORD0016624,1,boleto,2,77.88
ORD0016625,1,voucher,11,120.65
ORD0016626,1,voucher,8,88.7
ORD0016627,1,voucher,7,69.28
ORD0016628,1,debit_card,9,50.53
ORD0016629,1,boleto,5,758.48
ORD0016630,1,credit_card,11,207.84
ORD0016631,1,credit_card,10,797.11
ORD0016632,1,boleto,1,480.7
ORD0016633,1,credit_card,2,489.6
ORD0016634,1,debit_card,4,130.69
ORD0016635,1,boleto,3,253.86
ORD0016636,1,credit_card,11,377.45
ORD0016637,1,voucher,2,544.37
ORD0016638,1,voucher,3,585.83
ORD0016639,1,debit_card,2,641.3699999999999
ORD0016640,1,credit_card,10,264.34
ORD0016641,1,credit_card,2,954.54
ORD0016642,1,voucher,4,529.3199999999999
ORD0016643,1,boleto,10,695.64
ORD0016644,1,credit_card,5,158.66
ORD0016645,1,credit_card,4,202.26
ORD0016646,1,debit_card,6,96.88
ORD0016647,1,credit_card,9,99.24
ORD0016648,1,voucher,7,962.64
ORD0016649,1,credit_card,3,93.32
ORD0016650,1,debit_card,11,487.76
ORD0016651,1,credit_card,6,743.5
ORD0016652,1,credit_card,9,45.03
ORD0016653,1,debit_card,12,444.8
ORD0016654,1,credit_card,10,158.2
ORD0016655,1,voucher,7,43.29
ORD0016656,1,debit_card,6,341.84
ORD0016657,1,boleto,5,17.71
ORD0016658,1,voucher,10,178.19
ORD0016659,1,boleto,8,60.92
ORD0016660,1,credit_card,6,38.76
ORD0016661,1,boleto,10,96.24
ORD0016662,1,debit_card,4,14.68
ORD0016663,1,boleto,6,90.06
ORD0016664,1,voucher,5,1007.92
ORD0016665,1,voucher,9,47.01
ORD0016666,1,voucher,8,344.43
ORD0016667,1,voucher,5,135.44
ORD0016668,1,voucher,12,86.65
ORD0016669,1,debit_card,4,462.18000000000006
ORD0016670,1,boleto,7,417.9
ORD0016671,1,debit_card,3,256.42
ORD0016672,1,debit_card,3,63.46
ORD0016673,1,debit_card,1,261.53000000000003
ORD0016674,1,credit_card,11,52.23
ORD0016675,1,credit_card,12,168.41
ORD0016676,1,voucher,4,425.04
ORD0016677,1,debit_card,9,1138.02
ORD0016678,1,voucher,9,137.52
ORD0016679,1,voucher,5,67.93
ORD0016680,1,credit_card,12,303.09000000000003
ORD0016681,1,boleto,2,76.87
ORD0016682,1,voucher,11,321.9
ORD0016683,1,boleto,8,108.03
ORD0016684,1,debit_card,5,124.88
ORD0016685,1,debit_card,3,37.62
ORD0016686,1,boleto,11,156.16
ORD0016687,1,credit_card,12,657.78
ORD0016688,1,credit_card,5,400.44
ORD0016689,1,debit_card,1,422.86
ORD0016690,1,voucher,12,1001.41
ORD0016691,1,voucher,12,178.92
ORD0016692,1,credit_card,3,287.72
ORD0016693,1,boleto,12,547.14
ORD0016694,1,boleto,1,323.03
ORD0016695,1,voucher,12,1345.1599999999999
ORD0016696,1,debit_card,3,245.77
ORD0016697,1,boleto,4,98.76
ORD0016698,1,debit_card,6,263.52
ORD0016699,1,voucher,11,643.88
ORD0016700,1,voucher,11,340.1
ORD0016701,1,debit_card,11,186.13
ORD0016702,1,boleto,8,2406.76
ORD0016703,1,debit_card,4,36.08
ORD0016704,1,boleto,8,261.78000000000003
ORD0016705,1,boleto,12,107.69
ORD0016706,1,debit_card,6,196.11
ORD0016707,1,boleto,7,1032.74
ORD0016708,1,credit_card,9,1316.0500000000002
ORD0016709,1,boleto,6,219.8
ORD0016710,1,debit_card,3,1469.5
ORD0016711,1,debit_card,9,314.58
ORD0016712,1,debit_card,5,344.6
ORD0016713,1,boleto,1,176.45
ORD0016714,1,debit_card,2,79.61
ORD0016715,1,debit_card,5,299.02
ORD0016716,1,credit_card,10,161.52
ORD0016717,1,boleto,10,72.78
ORD0016718,1,voucher,7,59.28
ORD0016719,1,boleto,6,19.21
ORD0016720,1,voucher,1,268.83
ORD0016721,1,boleto,3,331.34000000000003
ORD0016722,1,voucher,6,242.81
ORD0016723,1,debit_card,8,124.28
ORD0016724,1,boleto,10,1218.22
ORD0016725,1,credit_card,2,710.11
ORD0016726,1,credit_card,11,388.44
ORD0016727,1,boleto,8,486.4
ORD0016728,1,credit_card,11,570.5
ORD0016729,1,debit_card,6,528.72
ORD0016730,1,debit_card,7,422.96
ORD0016731,1,voucher,1,28.14
ORD0016732,1,boleto,2,507.02
ORD0016733,1,credit_card,11,421.12
ORD0016734,1,credit_card,10,223.88
ORD0016735,1,debit_card,10,177.3
ORD0016736,1,credit_card,6,299.86
ORD0016737,1,credit_card,3,70.18
ORD0016738,1,credit_card,6,1125.87
ORD0016739,1,credit_card,1,248.54
ORD0016740,1,credit_card,11,151.21
ORD0016741,1,boleto,9,38.68
ORD0016742,1,debit_card,10,74.1
ORD0016743,1,voucher,4,38.76
ORD0016744,1,debit_card,12,257.98
ORD0016745,1,credit_card,7,123.58
ORD0016746,1,debit_card,9,286.44
ORD0016747,1,voucher,3,652.24
ORD0016748,1,boleto,9,96.06
ORD0016749,1,debit_card,10,1077.97
ORD0016750,1,voucher,3,521.52
ORD0016751,1,boleto,8,798.2
ORD0016752,1,debit_card,5,573.32
ORD0016753,1,boleto,1,359.65000000000003
ORD0016754,1,boleto,12,66.53
ORD0016755,1,boleto,12,454.86
ORD0016756,1,credit_card,8,455.35999999999996
ORD0016757,1,debit_card,4,988.6300000000001
ORD0016758,1,debit_card,9,58.12
ORD0016759,1,voucher,1,146.42000000000002
ORD0016760,1,voucher,6,503.53000000000003
ORD0016761,1,voucher,11,349.02
ORD0016762,1,voucher,6,276.27
ORD0016763,1,boleto,12,557.82
ORD0016764,1,credit_card,2,173.23
ORD0016765,1,credit_card,3,403.91
ORD0016766,1,credit_card,1,208.03
ORD0016767,1,debit_card,1,412.40000000000003
ORD0016768,1,debit_card,4,649.1999999999999
ORD0016769,1,boleto,2,501.41999999999996
ORD0016770,1,debit_card,9,331.16
ORD0016771,1,credit_card,9,18.83
ORD0016772,1,debit_card,7,307.53000000000003
ORD0016773,1,debit_card,2,280.04999999999995
ORD0016774,1,debit_card,3,437.84999999999997
ORD0016775,1,credit_card,1,79.61
ORD0016776,1,boleto,8,53.52
ORD0016777,1,debit_card,8,102.51
ORD0016778,1,boleto,8,925.1800000000001
ORD0016779,1,debit_card,8,1367.01
ORD0016780,1,debit_card,1,187.88
ORD0016781,1,credit_card,10,52.45
ORD0016782,1,credit_card,11,514.52
ORD0016783,1,debit_card,1,378.13
ORD0016784,1,voucher,11,37.35
ORD0016785,1,boleto,10,245.76
ORD0016786,1,debit_card,12,502.38
ORD0016787,1,boleto,6,566.4
ORD0016788,1,boleto,7,385.34000000000003
ORD0016789,1,debit_card,3,208.22
ORD0016790,1,voucher,12,262.71
ORD0016791,1,credit_card,5,310.15999999999997
ORD0016792,1,boleto,12,701.0200000000001
ORD0016793,1,boleto,9,28.6
ORD0016794,1,credit_card,4,302.23
ORD0016795,1,boleto,10,332.56
ORD0016796,1,boleto,10,932.04
ORD0016797,1,credit_card,12,106.28
ORD0016798,1,boleto,1,153.52
ORD0016799,1,voucher,10,247.56
ORD0016800,1,voucher,5,1209.99
ORD0016801,1,voucher,8,751.4300000000001
ORD0016802,1,debit_card,6,516.55
ORD0016803,1,voucher,9,45.27
ORD0016804,1,voucher,7,156.25
ORD0016805,1,boleto,11,1159.99
ORD0016806,1,boleto,11,21.68
ORD0016807,1,debit_card,3,122.96
ORD0016808,1,voucher,10,99.24
ORD0016809,1,voucher,1,1669.23
ORD0016810,1,credit_card,4,66.9
ORD0016811,1,voucher,2,60.47
ORD0016812,1,boleto,6,90.06
ORD0016813,1,debit_card,11,287.55
ORD0016814,1,credit_card,8,192.44
ORD0016815,1,voucher,3,975.81
ORD0016816,1,boleto,10,66.57000000000001
ORD0016817,1,boleto,1,207.42000000000002
ORD0016818,1,boleto,4,261.96
ORD0016819,1,credit_card,7,129.99
ORD0016820,1,credit_card,3,169.85
ORD0016821,1,voucher,1,219.68
ORD0016822,1,voucher,11,252.64
ORD0016823,1,debit_card,3,276.93
ORD0016824,1,credit_card,4,35.45
ORD0016825,1,debit_card,10,19.97
ORD0016826,1,voucher,11,1828.1999999999998
ORD0016827,1,debit_card,12,66.57000000000001
ORD0016828,1,voucher,10,216.54
ORD0016829,1,boleto,9,705.56
ORD0016830,1,boleto,9,58.98
ORD0016831,1,credit_card,6,251.43
ORD0016832,1,voucher,12,53.6
ORD0016833,1,credit_card,1,141.09
ORD0016834,1,boleto,6,59.519999999999996
ORD0016835,1,credit_card,3,607.76
ORD0016836,1,debit_card,3,746.96
ORD0016837,1,voucher,4,295.51
ORD0016838,1,credit_card,8,304.6
ORD0016839,1,debit_card,9,167.91
ORD0016840,1,voucher,5,109.65
ORD0016841,1,credit_card,3,296.2
ORD0016842,1,debit_card,4,1363.2
ORD0016843,1,voucher,5,1307.96
ORD0016844,1,credit_card,2,91.34
ORD0016845,1,voucher,11,687.01
ORD0016846,1,debit_card,5,113.44
ORD0016847,1,boleto,8,253.18
ORD0016848,1,credit_card,7,79.03
ORD0016849,1,credit_card,6,275.92
ORD0016850,1,boleto,2,222.0
ORD0016851,1,boleto,2,65.62
ORD0016852,1,voucher,6,192.95
ORD0016853,1,credit_card,2,74.44
ORD0016854,1,debit_card,5,613.05
ORD0016855,1,debit_card,8,62.73
ORD0016856,1,voucher,7,467.42
ORD0016857,1,boleto,6,234.51
ORD0016858,1,voucher,7,210.54999999999998
ORD0016859,1,voucher,8,743.97
ORD0016860,1,credit_card,2,248.73
ORD0016861,1,credit_card,12,1076.6
ORD0016862,1,debit_card,3,688.16
ORD0016863,1,credit_card,4,350.46
ORD0016864,1,credit_card,11,45.0
ORD0016865,1,credit_card,10,351.32
ORD0016866,1,voucher,8,72.6
ORD0016867,1,credit_card,1,655.89
ORD0016868,1,credit_card,8,520.49
ORD0016869,1,credit_card,9,90.06
ORD0016870,1,credit_card,7,35.82
ORD0016871,1,debit_card,6,261.28
ORD0016872,1,credit_card,1,30.08
ORD0016873,1,boleto,10,608.79
ORD0016874,1,debit_card,12,409.1
ORD0016875,1,boleto,8,150.44
ORD0016876,1,debit_card,12,89.22
ORD0016877,1,credit_card,3,65.37
ORD0016878,1,debit_card,3,519.09
ORD0016879,1,debit_card,6,523.15
ORD0016880,1,boleto,5,110.89
ORD0016881,1,boleto,3,89.58
ORD0016882,1,credit_card,9,44.73
ORD0016883,1,voucher,2,191.69
ORD0016884,1,credit_card,4,375.51
ORD0016885,1,voucher,6,224.01
ORD0016886,1,voucher,5,1061.46
ORD0016887,1,credit_card,7,883.48
ORD0016888,1,credit_card,12,128.08
ORD0016889,1,boleto,7,143.05
ORD0016890,1,debit_card,4,1566.5900000000001
ORD0016891,1,debit_card,6,218.38
ORD0016892,1,voucher,8,88.28
ORD0016893,1,credit_card,2,153.1
ORD0016894,1,voucher,7,39.51
ORD0016895,1,debit_card,2,303.12
ORD0016896,1,boleto,4,643.3499999999999
ORD0016897,1,boleto,9,184.49
ORD0016898,1,credit_card,8,65.14
ORD0016899,1,debit_card,3,1167.93
ORD0016900,1,credit_card,2,1167.93
ORD0016901,1,debit_card,8,50.74
ORD0016902,1,voucher,3,138.46
ORD0016903,1,voucher,1,79.38
ORD0016904,1,boleto,9,84.39
ORD0016905,1,voucher,1,216.39
ORD0016906,1,credit_card,4,141.67000000000002
ORD0016907,1,boleto,8,516.17
ORD0016908,1,boleto,2,174.66
ORD0016909,1,voucher,4,474.65000000000003
ORD0016910,1,boleto,5,21.61
ORD0016911,1,credit_card,5,113.17
ORD0016912,1,voucher,2,235.09999999999997
ORD0016913,1,credit_card,12,158.68
ORD0016914,1,boleto,11,115.28999999999999
ORD0016915,1,boleto,3,228.04
ORD0016916,1,debit_card,3,257.7
ORD0016917,1,boleto,9,325.3
ORD0016918,1,credit_card,11,80.85
ORD0016919,1,voucher,2,53.68
ORD0016920,1,credit_card,11,117.33
ORD0016921,1,credit_card,5,378.1
ORD0016922,1,voucher,5,142.71
ORD0016923,1,credit_card,8,135.02
ORD0016924,1,boleto,12,80.22
ORD0016925,1,boleto,12,167.72
ORD0016926,1,debit_card,3,360.66
ORD0016927,1,voucher,4,240.65
ORD0016928,1,credit_card,12,110.8
ORD0016929,1,debit_card,8,205.68
ORD0016930,1,credit_card,12,65.54
ORD0016931,1,credit_card,5,692.52
ORD0016932,1,voucher,1,406.91
ORD0016933,1,debit_card,10,730.55
ORD0016934,1,boleto,1,373.53000000000003
ORD0016935,1,boleto,12,116.76
ORD0016936,1,debit_card,10,651.56
ORD0016937,1,debit_card,11,28.42
ORD0016938,1,debit_card,2,50.79
ORD0016939,1,voucher,12,515.7
ORD0016940,1,debit_card,7,1797.45
ORD0016941,1,credit_card,8,72.39
ORD0016942,1,voucher,8,37.49
ORD0016943,1,debit_card,11,68.18
ORD0016944,1,credit_card,8,144.02
ORD0016945,1,debit_card,3,48.51
ORD0016946,1,debit_card,1,91.0
ORD0016947,1,boleto,4,151.51999999999998
ORD0016948,1,boleto,10,406.99
ORD0016949,1,boleto,6,85.26
ORD0016950,1,voucher,8,78.47
ORD0016951,1,debit_card,8,352.34
ORD0016952,1,boleto,12,185.0
ORD0016953,1,boleto,3,57.1
ORD0016954,1,voucher,6,563.36
ORD0016955,1,voucher,1,61.88
ORD0016956,1,debit_card,2,137.79
ORD0016957,1,debit_card,12,528.65
ORD0016958,1,voucher,3,40.53
ORD0016959,1,boleto,7,1059.61
ORD0016960,1,voucher,10,365.47
ORD0016961,1,boleto,6,280.95
ORD0016962,1,boleto,12,93.78
ORD0016963,1,debit_card,2,143.42
ORD0016964,1,voucher,4,51.55
ORD0016965,1,boleto,9,300.44
ORD0016966,1,boleto,4,573.16
ORD0016967,1,credit_card,6,517.4
ORD0016968,1,credit_card,1,582.2
ORD0016969,1,debit_card,11,385.74
ORD0016970,1,boleto,12,729.6700000000001
ORD0016971,1,voucher,5,57.24
ORD0016972,1,debit_card,5,381.94
ORD0016973,1,voucher,9,656.34
ORD0016974,1,debit_card,9,866.4799999999999
ORD0016975,1,voucher,12,65.97
ORD0016976,1,credit_card,7,319.06
ORD0016977,1,voucher,10,78.6
ORD0016978,1,debit_card,12,663.16
ORD0016979,1,boleto,2,277.15
ORD0016980,1,boleto,12,422.47
ORD0016981,1,voucher,7,59.78
ORD0016982,1,voucher,9,141.4
ORD0016983,1,debit_card,11,242.33
ORD0016984,1,credit_card,9,85.4
ORD0016985,1,credit_card,10,758.88
ORD0016986,1,voucher,11,1256.8799999999999
ORD0016987,1,voucher,2,93.94
ORD0016988,1,debit_card,1,298.74
ORD0016989,1,debit_card,1,110.0
ORD0016990,1,voucher,8,278.62
ORD0016991,1,debit_card,5,383.14
ORD0016992,1,credit_card,1,620.52
ORD0016993,1,debit_card,9,459.89
ORD0016994,1,voucher,9,95.26
ORD0016995,1,voucher,12,51.14
ORD0016996,1,debit_card,1,212.86
ORD0016997,1,boleto,8,40.64
ORD0016998,1,debit_card,5,260.08000000000004
ORD0016999,1,voucher,7,52.22
ORD0017000,1,debit_card,2,102.56
ORD0017001,1,debit_card,10,632.16
ORD0017002,1,voucher,3,65.54
ORD0017003,1,debit_card,11,664.17
ORD0017004,1,boleto,4,66.1
ORD0017005,1,debit_card,1,184.05
ORD0017006,1,credit_card,7,134.8
ORD0017007,1,debit_card,1,464.65999999999997
ORD0017008,1,voucher,5,530.6
ORD0017009,1,boleto,6,869.1600000000001
ORD0017010,1,voucher,10,658.02
ORD0017011,1,voucher,5,435.98
ORD0017012,1,debit_card,12,523.12
ORD0017013,1,credit_card,10,97.92
ORD0017014,1,boleto,4,79.61
ORD0017015,1,debit_card,8,74.85
ORD0017016,1,voucher,4,674.36
ORD0017017,1,credit_card,10,101.13
ORD0017018,1,voucher,4,859.74
ORD0017019,1,voucher,4,90.52
ORD0017020,1,boleto,8,301.86
ORD0017021,1,credit_card,6,228.6
ORD0017022,1,credit_card,12,50.53
ORD0017023,1,credit_card,10,285.84
ORD0017024,1,credit_card,5,110.77
ORD0017025,1,boleto,9,14.81
ORD0017026,1,voucher,10,184.23
ORD0017027,1,credit_card,8,171.81
ORD0017028,1,debit_card,4,92.46000000000001
ORD0017029,1,debit_card,11,342.76
ORD0017030,1,boleto,12,87.9
ORD0017031,1,boleto,4,91.77
ORD0017032,1,voucher,10,307.42
ORD0017033,1,credit_card,11,184.98
ORD0017034,1,voucher,9,28.81
ORD0017035,1,debit_card,10,390.05
ORD0017036,1,voucher,6,160.53
ORD0017037,1,boleto,6,901.73
ORD0017038,1,credit_card,6,572.2
ORD0017039,1,credit_card,8,217.16
ORD0017040,1,boleto,9,43.17
ORD0017041,1,boleto,8,56.29
ORD0017042,1,debit_card,6,196.44
ORD0017043,1,debit_card,1,76.61
ORD0017044,1,boleto,10,118.8
ORD0017045,1,credit_card,4,177.12
ORD0017046,1,boleto,8,172.12
ORD0017047,1,credit_card,4,752.12
ORD0017048,1,voucher,8,101.58
ORD0017049,1,boleto,2,412.45
ORD0017050,1,debit_card,2,98.23
ORD0017051,1,debit_card,9,62.42
ORD0017052,1,debit_card,12,106.28
ORD0017053,1,debit_card,11,271.9
ORD0017054,1,boleto,8,143.39
ORD0017055,1,boleto,9,148.77
ORD0017056,1,credit_card,4,286.58
ORD0017057,1,voucher,2,555.07
ORD0017058,1,voucher,10,62.05
ORD0017059,1,credit_card,1,22.47
ORD0017060,1,credit_card,1,165.12
ORD0017061,1,debit_card,5,47.57
ORD0017062,1,credit_card,12,193.89
ORD0017063,1,voucher,3,63.1
ORD0017064,1,voucher,5,470.48
ORD0017065,1,debit_card,10,37.07
ORD0017066,1,voucher,1,322.88
ORD0017067,1,debit_card,2,226.78
ORD0017068,1,boleto,8,512.91
ORD0017069,1,credit_card,12,69.47
ORD0017070,1,boleto,6,66.8
ORD0017071,1,debit_card,9,474.65000000000003
ORD0017072,1,boleto,9,819.5400000000001
ORD0017073,1,credit_card,12,159.96
ORD0017074,1,boleto,12,26.07
ORD0017075,1,voucher,9,195.53
ORD0017076,1,boleto,11,98.72
ORD0017077,1,debit_card,7,201.04
ORD0017078,1,voucher,2,374.52
ORD0017079,1,debit_card,12,66.93
ORD0017080,1,boleto,7,17.53
ORD0017081,1,voucher,12,47.47
ORD0017082,1,voucher,3,278.82
ORD0017083,1,credit_card,6,168.77
ORD0017084,1,voucher,5,251.16
ORD0017085,1,voucher,7,785.61
ORD0017086,1,debit_card,4,291.8
ORD0017087,1,voucher,11,22.41
ORD0017088,1,debit_card,5,77.27
ORD0017089,1,credit_card,5,1094.9899999999998
ORD0017090,1,voucher,10,33.12
ORD0017091,1,voucher,2,184.86
ORD0017092,1,debit_card,12,243.04
ORD0017093,1,debit_card,1,319.39
ORD0017094,1,boleto,11,157.29
ORD0017095,1,credit_card,11,108.27
ORD0017096,1,boleto,7,424.62
ORD0017097,1,boleto,7,335.0
ORD0017098,1,credit_card,5,139.84
ORD0017099,1,credit_card,9,1922.4199999999998
ORD0017100,1,debit_card,1,1745.0300000000002
ORD0017101,1,credit_card,7,169.89000000000001
ORD0017102,1,credit_card,11,321.47
ORD0017103,1,credit_card,4,182.56
ORD0017104,1,voucher,8,1056.94
ORD0017105,1,boleto,10,264.32
ORD0017106,1,voucher,4,253.53000000000003
ORD0017107,1,voucher,1,291.65
ORD0017108,1,debit_card,2,102.38
ORD0017109,1,boleto,6,124.65
ORD0017110,1,boleto,1,216.89
ORD0017111,1,credit_card,8,245.24
ORD0017112,1,boleto,2,436.64
ORD0017113,1,credit_card,5,323.65
ORD0017114,1,credit_card,3,53.13
ORD0017115,1,voucher,11,75.26
ORD0017116,1,voucher,8,1216.98
ORD0017117,1,credit_card,1,804.8399999999999
ORD0017118,1,voucher,4,90.07
ORD0017119,1,boleto,3,204.58
ORD0017120,1,voucher,8,538.08
ORD0017121,1,voucher,5,22.16
ORD0017122,1,boleto,4,57.91
ORD0017123,1,credit_card,12,47.98
ORD0017124,1,debit_card,7,1282.29
ORD0017125,1,voucher,10,209.74
ORD0017126,1,boleto,11,583.5
ORD0017127,1,voucher,11,193.98
ORD0017128,1,credit_card,11,370.74
ORD0017129,1,debit_card,7,390.03999999999996
ORD0017130,1,credit_card,3,1247.6200000000001
ORD0017131,1,voucher,10,39.13
ORD0017132,1,credit_card,9,148.13
ORD0017133,1,voucher,5,441.74
ORD0017134,1,debit_card,12,105.88
ORD0017135,1,credit_card,8,102.37
ORD0017136,1,debit_card,5,230.04999999999998
ORD0017137,1,debit_card,7,147.94
ORD0017138,1,boleto,6,955.85
ORD0017139,1,boleto,1,110.34
ORD0017140,1,voucher,12,817.2099999999999
ORD0017141,1,credit_card,7,190.49
ORD0017142,1,debit_card,3,385.08
ORD0017143,1,boleto,6,158.78
ORD0017144,1,voucher,12,468.36
ORD0017145,1,debit_card,11,109.44
ORD0017146,1,credit_card,6,59.86
ORD0017147,1,boleto,12,474.84000000000003
ORD0017148,1,voucher,9,679.04
ORD0017149,1,voucher,2,69.69
ORD0017150,1,voucher,6,87.6
ORD0017151,1,boleto,6,43.33
ORD0017152,1,debit_card,8,383.79999999999995
ORD0017153,1,boleto,1,269.43
ORD0017154,1,voucher,8,136.41
ORD0017155,1,credit_card,10,791.0999999999999
ORD0017156,1,voucher,6,168.41
ORD0017157,1,debit_card,2,312.1
ORD0017158,1,credit_card,12,77.38
ORD0017159,1,boleto,8,292.38
ORD0017160,1,boleto,2,97.0
ORD0017161,1,boleto,2,184.28
ORD0017162,1,voucher,5,1163.85
ORD0017163,1,boleto,11,209.7
ORD0017164,1,voucher,3,1323.4499999999998
ORD0017165,1,voucher,8,172.42
ORD0017166,1,voucher,12,484.66
ORD0017167,1,voucher,4,605.5899999999999
ORD0017168,1,boleto,11,649.38
ORD0017169,1,credit_card,12,26.84
ORD0017170,1,credit_card,4,115.38
ORD0017171,1,voucher,10,57.84
ORD0017172,1,credit_card,4,197.48
ORD0017173,1,boleto,6,891.91
ORD0017174,1,boleto,3,190.82999999999998
ORD0017175,1,voucher,10,394.61
ORD0017176,1,boleto,11,45.8
ORD0017177,1,credit_card,12,94.86
ORD0017178,1,debit_card,2,200.53
ORD0017179,1,credit_card,10,892.1200000000001
ORD0017180,1,debit_card,2,409.59
ORD0017181,1,debit_card,11,451.97
ORD0017182,1,debit_card,9,75.36
ORD0017183,1,voucher,11,611.48
ORD0017184,1,debit_card,4,31.09
ORD0017185,1,voucher,9,81.06
ORD0017186,1,voucher,1,80.4
ORD0017187,1,voucher,3,174.39000000000001
ORD0017188,1,voucher,5,145.3
ORD0017189,1,voucher,2,341.61
ORD0017190,1,credit_card,6,217.26000000000002
ORD0017191,1,voucher,8,186.5
ORD0017192,1,credit_card,1,691.05
ORD0017193,1,debit_card,1,139.98
ORD0017194,1,boleto,4,128.1
ORD0017195,1,boleto,4,112.32
ORD0017196,1,credit_card,9,2033.75
ORD0017197,1,boleto,4,210.13
ORD0017198,1,credit_card,4,34.28
ORD0017199,1,voucher,8,359.74
ORD0017200,1,credit_card,9,317.93
ORD0017201,1,voucher,5,114.86000000000001
ORD0017202,1,debit_card,9,336.24
ORD0017203,1,boleto,8,1667.68
ORD0017204,1,credit_card,12,118.16
ORD0017205,1,credit_card,5,298.79999999999995
ORD0017206,1,debit_card,6,305.14
ORD0017207,1,debit_card,12,837.6600000000001
ORD0017208,1,debit_card,8,271.14
ORD0017209,1,voucher,8,283.68
ORD0017210,1,voucher,7,287.55
ORD0017211,1,boleto,10,58.14
ORD0017212,1,boleto,10,177.4
ORD0017213,1,debit_card,11,777.0
ORD0017214,1,debit_card,7,97.43
ORD0017215,1,boleto,5,115.14
ORD0017216,1,boleto,8,66.26
ORD0017217,1,voucher,6,428.04
ORD0017218,1,debit_card,11,415.36
ORD0017219,1,boleto,5,78.78
ORD0017220,1,voucher,3,138.03
ORD0017221,1,boleto,12,84.93
ORD0017222,1,boleto,9,72.75
ORD0017223,1,boleto,4,588.89
ORD0017224,1,boleto,7,318.37
ORD0017225,1,credit_card,10,161.69
ORD0017226,1,debit_card,12,167.12
ORD0017227,1,debit_card,10,206.20999999999998
ORD0017228,1,credit_card,9,189.73000000000002
ORD0017229,1,voucher,9,200.09
ORD0017230,1,debit_card,1,671.79
ORD0017231,1,boleto,10,2187.69
ORD0017232,1,voucher,8,159.24
ORD0017233,1,debit_card,6,236.8
ORD0017234,1,credit_card,5,391.12
ORD0017235,1,debit_card,1,181.88
ORD0017236,1,voucher,9,179.21
ORD0017237,1,credit_card,8,1149.29
ORD0017238,1,credit_card,3,467.28
ORD0017239,1,voucher,12,94.26
ORD0017240,1,credit_card,1,1160.7
ORD0017241,1,voucher,12,443.08
ORD0017242,1,boleto,5,387.48
ORD0017243,1,credit_card,4,180.16
ORD0017244,1,credit_card,12,148.09
ORD0017245,1,voucher,2,286.44
ORD0017246,1,boleto,10,939.7800000000001
ORD0017247,1,boleto,3,715.51
ORD0017248,1,credit_card,1,414.32
ORD0017249,1,credit_card,7,117.96
ORD0017250,1,debit_card,8,1233.5900000000001
ORD0017251,1,voucher,1,128.1
ORD0017252,1,debit_card,4,34.36
ORD0017253,1,debit_card,5,246.88
ORD0017254,1,voucher,5,46.13
ORD0017255,1,boleto,9,148.13
ORD0017256,1,debit_card,6,237.88
ORD0017257,1,debit_card,11,512.4
ORD0017258,1,boleto,12,100.9
ORD0017259,1,credit_card,7,239.76
ORD0017260,1,voucher,8,38.52
ORD0017261,1,debit_card,5,188.01999999999998
ORD0017262,1,voucher,4,190.93
ORD0017263,1,boleto,10,383.4
ORD0017264,1,credit_card,10,90.42
ORD0017265,1,boleto,2,136.41
ORD0017266,1,boleto,11,406.9
ORD0017267,1,debit_card,9,225.54
ORD0017268,1,credit_card,9,163.74
ORD0017269,1,voucher,6,72.02
ORD0017270,1,voucher,7,478.35
ORD0017271,1,credit_card,8,716.86
ORD0017272,1,voucher,5,150.48
ORD0017273,1,credit_card,7,290.59999999999997
ORD0017274,1,credit_card,8,17.53
ORD0017275,1,debit_card,4,51.07
ORD0017276,1,debit_card,5,137.72000000000003
ORD0017277,1,debit_card,2,37.68
ORD0017278,1,debit_card,10,68.32
ORD0017279,1,voucher,8,257.7
ORD0017280,1,boleto,3,523.47
ORD0017281,1,boleto,12,169.24
ORD0017282,1,credit_card,12,62.01
ORD0017283,1,debit_card,3,3957.9
ORD0017284,1,voucher,8,379.44
ORD0017285,1,boleto,5,817.59
ORD0017286,1,boleto,9,230.17999999999998
ORD0017287,1,boleto,12,272.88
ORD0017288,1,boleto,10,217.06
ORD0017289,1,credit_card,9,66.8
ORD0017290,1,credit_card,9,1167.93
ORD0017291,1,debit_card,12,26.06
ORD0017292,1,voucher,3,336.6
ORD0017293,1,boleto,8,32.14
ORD0017294,1,debit_card,10,2432.21
ORD0017295,1,debit_card,12,192.64
ORD0017296,1,credit_card,4,196.10000000000002
ORD0017297,1,credit_card,2,93.09
ORD0017298,1,credit_card,12,124.81
ORD0017299,1,boleto,12,243.45
ORD0017300,1,voucher,3,175.45
ORD0017301,1,credit_card,11,30.68
ORD0017302,1,voucher,6,502.38
ORD0017303,1,voucher,11,586.59
ORD0017304,1,voucher,2,316.62
ORD0017305,1,debit_card,6,314.06
ORD0017306,1,voucher,9,1038.1399999999999
ORD0017307,1,boleto,7,35.69
ORD0017308,1,debit_card,9,624.84
ORD0017309,1,voucher,10,186.58
ORD0017310,1,debit_card,3,581.81
ORD0017311,1,credit_card,9,288.26
ORD0017312,1,voucher,1,30.74
ORD0017313,1,credit_card,9,94.38
ORD0017314,1,credit_card,7,716.21
ORD0017315,1,debit_card,6,282.45
ORD0017316,1,debit_card,1,996.27
ORD0017317,1,voucher,2,272.02
ORD0017318,1,debit_card,1,985.27
ORD0017319,1,debit_card,11,523.16
ORD0017320,1,credit_card,2,97.82000000000001
ORD0017321,1,debit_card,8,215.19
ORD0017322,1,debit_card,12,431.94000000000005
ORD0017323,1,debit_card,12,317.4
ORD0017324,1,debit_card,5,351.82
ORD0017325,1,boleto,9,369.18
ORD0017326,1,voucher,4,52.41
ORD0017327,1,boleto,6,334.5
ORD0017328,1,voucher,9,896.04
ORD0017329,1,debit_card,3,38.81
ORD0017330,1,voucher,11,290.31
ORD0017331,1,boleto,11,90.42
ORD0017332,1,voucher,3,102.28
ORD0017333,1,boleto,5,158.68
ORD0017334,1,boleto,6,355.77
ORD0017335,1,boleto,10,218.47
ORD0017336,1,credit_card,7,125.37
ORD0017337,1,debit_card,7,28.15
ORD0017338,1,boleto,12,119.37
ORD0017339,1,boleto,1,74.87
ORD0017340,1,voucher,11,932.2
ORD0017341,1,boleto,5,191.7
ORD0017342,1,boleto,11,230.44
ORD0017343,1,debit_card,6,236.61
ORD0017344,1,credit_card,4,186.52
ORD0017345,1,debit_card,2,418.65
ORD0017346,1,voucher,2,241.4
ORD0017347,1,voucher,1,306.39
ORD0017348,1,voucher,2,444.96
ORD0017349,1,credit_card,7,165.0
ORD0017350,1,credit_card,7,33.02
ORD0017351,1,credit_card,7,570.63
ORD0017352,1,voucher,1,73.7
ORD0017353,1,boleto,2,883.48
ORD0017354,1,voucher,3,1102.78
ORD0017355,1,voucher,10,233.56
ORD0017356,1,boleto,5,256.92
ORD0017357,1,credit_card,4,976.1500000000001
ORD0017358,1,voucher,1,46.0
ORD0017359,1,debit_card,1,43.86
ORD0017360,1,boleto,10,39.9
ORD0017361,1,voucher,12,510.5400000000001
ORD0017362,1,credit_card,12,19.17
ORD0017363,1,debit_card,6,254.28000000000003
ORD0017364,1,boleto,2,207.21
ORD0017365,1,boleto,9,355.24
ORD0017366,1,voucher,9,302.23
ORD0017367,1,voucher,12,306.48
ORD0017368,1,credit_card,8,423.84000000000003
ORD0017369,1,voucher,5,426.09000000000003
ORD0017370,1,boleto,12,625.8
ORD0017371,1,debit_card,5,136.22
ORD0017372,1,credit_card,3,215.17999999999998
ORD0017373,1,voucher,2,136.8
ORD0017374,1,debit_card,3,94.18
ORD0017375,1,debit_card,11,46.62
ORD0017376,1,credit_card,7,241.4
ORD0017377,1,debit_card,9,462.12
ORD0017378,1,credit_card,12,274.96
ORD0017379,1,voucher,5,515.84
ORD0017380,1,boleto,7,776.4100000000001
ORD0017381,1,voucher,12,187.4
ORD0017382,1,boleto,11,25.24
ORD0017383,1,boleto,9,119.14999999999999
ORD0017384,1,credit_card,4,157.85999999999999
ORD0017385,1,boleto,3,227.18
ORD0017386,1,voucher,2,71.34
ORD0017387,1,boleto,2,451.1
ORD0017388,1,credit_card,12,164.07999999999998
ORD0017389,1,voucher,2,376.34000000000003
ORD0017390,1,credit_card,3,473.82
ORD0017391,1,voucher,1,168.25
ORD0017392,1,credit_card,10,384.63
ORD0017393,1,credit_card,11,31.52
ORD0017394,1,boleto,10,394.06
ORD0017395,1,debit_card,2,30.63
ORD0017396,1,voucher,2,936.85
ORD0017397,1,debit_card,12,218.73
ORD0017398,1,voucher,9,219.78
ORD0017399,1,boleto,6,305.48
ORD0017400,1,voucher,3,553.97
ORD0017401,1,debit_card,1,329.21999999999997
ORD0017402,1,credit_card,6,252.78
ORD0017403,1,debit_card,1,33.13
ORD0017404,1,boleto,9,271.1
ORD0017405,1,debit_card,5,843.9200000000001
ORD0017406,1,debit_card,8,745.76
ORD0017407,1,boleto,2,132.05
ORD0017408,1,debit_card,7,375.51
ORD0017409,1,boleto,3,527.24
ORD0017410,1,credit_card,1,162.28
ORD0017411,1,debit_card,7,311.54999999999995
ORD0017412,1,voucher,11,41.87
ORD0017413,1,credit_card,5,328.03
ORD0017414,1,voucher,7,419.73
ORD0017415,1,credit_card,7,36.6
ORD0017416,1,boleto,3,1271.8799999999999
ORD0017417,1,voucher,11,53.54
ORD0017418,1,voucher,7,138.5
ORD0017419,1,voucher,1,1683.5900000000001
ORD0017420,1,debit_card,12,1020.09
ORD0017421,1,boleto,7,626.3000000000001
ORD0017422,1,boleto,7,229.92
ORD0017423,1,debit_card,7,445.3
ORD0017424,1,voucher,3,325.91
ORD0017425,1,credit_card,8,789.0
ORD0017426,1,voucher,6,36.6
ORD0017427,1,boleto,9,96.64
ORD0017428,1,debit_card,1,810.8000000000001
ORD0017429,1,debit_card,7,248.86
ORD0017430,1,voucher,1,1282.8600000000001
ORD0017431,1,boleto,10,272.92
ORD0017432,1,boleto,9,1520.12
ORD0017433,1,voucher,10,963.1799999999998
ORD0017434,1,boleto,10,163.98
ORD0017435,1,credit_card,2,1096.76
ORD0017436,1,boleto,1,241.95
ORD0017437,1,voucher,12,103.54
ORD0017438,1,credit_card,6,434.32
ORD0017439,1,debit_card,9,1265.0900000000001
ORD0017440,1,boleto,7,160.95
ORD0017441,1,debit_card,6,365.38
ORD0017442,1,debit_card,3,248.57999999999998
ORD0017443,1,voucher,7,185.60999999999999
ORD0017444,1,boleto,1,461.79999999999995
ORD0017445,1,debit_card,10,1497.3
ORD0017446,1,credit_card,3,304.95
ORD0017447,1,boleto,8,790.3499999999999
ORD0017448,1,debit_card,1,190.21
ORD0017449,1,voucher,3,546.42
ORD0017450,1,voucher,8,202.26
ORD0017451,1,boleto,12,121.59
ORD0017452,1,credit_card,4,286.1
ORD0017453,1,voucher,11,115.99
ORD0017454,1,boleto,9,231.89999999999998
ORD0017455,1,boleto,9,981.15
ORD0017456,1,boleto,9,13.56
ORD0017457,1,debit_card,5,338.29
ORD0017458,1,credit_card,3,162.2
ORD0017459,1,boleto,12,728.0
ORD0017460,1,boleto,3,52.71
ORD0017461,1,credit_card,9,887.15
ORD0017462,1,voucher,8,215.67000000000002
ORD0017463,1,boleto,3,267.87
ORD0017464,1,credit_card,9,268.02
ORD0017465,1,debit_card,8,44.32
ORD0017466,1,boleto,1,719.5099999999999
ORD0017467,1,debit_card,2,469.6
ORD0017468,1,boleto,8,231.37
ORD0017469,1,boleto,1,67.19
ORD0017470,1,boleto,6,306.34
ORD0017471,1,credit_card,7,1295.89
ORD0017472,1,credit_card,8,642.23
ORD0017473,1,voucher,10,644.3699999999999
ORD0017474,1,credit_card,6,101.76
ORD0017475,1,boleto,5,105.99
ORD0017476,1,debit_card,8,184.17000000000002
ORD0017477,1,voucher,7,56.49
ORD0017478,1,debit_card,10,218.28
ORD0017479,1,voucher,3,449.11
ORD0017480,1,debit_card,12,564.6
ORD0017481,1,boleto,11,305.69
ORD0017482,1,voucher,5,190.10000000000002
ORD0017483,1,boleto,10,204.25
ORD0017484,1,voucher,1,86.62
ORD0017485,1,credit_card,8,77.1
ORD0017486,1,boleto,8,157.29000000000002
ORD0017487,1,debit_card,11,124.25999999999999
ORD0017488,1,boleto,11,220.44
ORD0017489,1,voucher,6,901.92
ORD0017490,1,credit_card,10,225.85
ORD0017491,1,debit_card,9,1213.29
ORD0017492,1,debit_card,3,49.37
ORD0017493,1,voucher,11,146.26
ORD0017494,1,credit_card,6,74.38
ORD0017495,1,debit_card,8,61.22
ORD0017496,1,debit_card,3,94.38
ORD0017497,1,credit_card,5,282.06
ORD0017498,1,debit_card,5,196.92
ORD0017499,1,debit_card,9,470.61
ORD0017500,1,voucher,4,261.82
ORD0017501,1,voucher,1,1025.4
ORD0017502,1,credit_card,6,361.28999999999996
ORD0017503,1,debit_card,8,303.39
ORD0017504,1,boleto,7,831.0799999999999
ORD0017505,1,voucher,3,22.97
ORD0017506,1,boleto,11,356.43
ORD0017507,1,credit_card,6,282.4
ORD0017508,1,debit_card,1,101.6
ORD0017509,1,voucher,9,131.28
ORD0017510,1,voucher,10,110.8
ORD0017511,1,boleto,3,22.97
ORD0017512,1,debit_card,1,275.44
ORD0017513,1,debit_card,2,52.82
ORD0017514,1,boleto,1,296.21000000000004
ORD0017515,1,voucher,10,230.56
ORD0017516,1,voucher,1,73.82
ORD0017517,1,voucher,4,405.0
ORD0017518,1,debit_card,6,250.08
ORD0017519,1,boleto,12,193.43
ORD0017520,1,credit_card,5,257.09
ORD0017521,1,debit_card,7,152.09
ORD0017522,1,debit_card,4,523.81
ORD0017523,1,credit_card,9,26.76
ORD0017524,1,credit_card,5,302.23
ORD0017525,1,credit_card,4,20.88
ORD0017526,1,credit_card,10,78.92
ORD0017527,1,credit_card,3,540.99
ORD0017528,1,credit_card,5,222.8
ORD0017529,1,debit_card,8,155.43
ORD0017530,1,voucher,3,27.7
ORD0017531,1,voucher,8,95.67
ORD0017532,1,boleto,11,39.68
ORD0017533,1,credit_card,1,261.34000000000003
ORD0017534,1,voucher,3,266.19
ORD0017535,1,debit_card,6,324.58
ORD0017536,1,debit_card,5,550.2
ORD0017537,1,voucher,12,189.88
ORD0017538,1,debit_card,2,724.34
ORD0017539,1,boleto,3,279.96
ORD0017540,1,boleto,12,477.84000000000003
ORD0017541,1,credit_card,10,298.41999999999996
ORD0017542,1,credit_card,12,134.07
ORD0017543,1,debit_card,6,240.62
ORD0017544,1,voucher,8,315.12
ORD0017545,1,credit_card,12,547.96
ORD0017546,1,voucher,11,343.72
ORD0017547,1,debit_card,3,143.01
ORD0017548,1,credit_card,9,105.84
ORD0017549,1,voucher,9,74.43
ORD0017550,1,credit_card,4,22.82
ORD0017551,1,debit_card,6,91.56
ORD0017552,1,voucher,2,94.24
ORD0017553,1,credit_card,10,47.03
ORD0017554,1,boleto,8,190.32
ORD0017555,1,voucher,11,243.2
ORD0017556,1,credit_card,11,501.24
ORD0017557,1,voucher,12,143.71
ORD0017558,1,credit_card,5,752.84
ORD0017559,1,debit_card,7,58.98
ORD0017560,1,credit_card,7,710.15
ORD0017561,1,credit_card,2,344.52
ORD0017562,1,credit_card,9,468.54999999999995
ORD0017563,1,voucher,11,318.84000000000003
ORD0017564,1,voucher,12,606.89
ORD0017565,1,credit_card,6,408.46
ORD0017566,1,boleto,11,221.73
ORD0017567,1,boleto,12,236.61
ORD0017568,1,credit_card,6,113.97
ORD0017569,1,debit_card,5,575.75
ORD0017570,1,boleto,3,592.38
ORD0017571,1,boleto,8,1241.32
ORD0017572,1,boleto,8,200.55
ORD0017573,1,boleto,5,1023.6500000000001
ORD0017574,1,voucher,5,38.13
ORD0017575,1,boleto,9,704.68
ORD0017576,1,debit_card,3,1024.1
ORD0017577,1,boleto,11,104.78
ORD0017578,1,debit_card,9,295.48
ORD0017579,1,debit_card,5,933.81
ORD0017580,1,debit_card,8,183.86
ORD0017581,1,credit_card,6,34.94
ORD0017582,1,boleto,9,182.41
ORD0017583,1,credit_card,4,978.99
ORD0017584,1,boleto,10,605.88
ORD0017585,1,voucher,3,433.09999999999997
ORD0017586,1,voucher,1,156.14
ORD0017587,1,voucher,2,329.62
ORD0017588,1,voucher,11,44.88
ORD0017589,1,boleto,2,552.9599999999999
ORD0017590,1,boleto,4,181.75
ORD0017591,1,credit_card,10,78.36
ORD0017592,1,boleto,1,790.86
ORD0017593,1,credit_card,2,1560.3799999999999
ORD0017594,1,debit_card,12,1452.13
ORD0017595,1,boleto,7,367.86
ORD0017596,1,voucher,12,66.02
ORD0017597,1,debit_card,3,156.1
ORD0017598,1,debit_card,10,234.20999999999998
ORD0017599,1,credit_card,5,460.4
ORD0017600,1,boleto,12,287.49
ORD0017601,1,credit_card,9,563.36
ORD0017602,1,voucher,10,353.6
ORD0017603,1,debit_card,7,189.9
ORD0017604,1,voucher,2,399.90999999999997
ORD0017605,1,credit_card,9,296.71000000000004
ORD0017606,1,boleto,7,209.64
ORD0017607,1,voucher,6,268.70000000000005
ORD0017608,1,boleto,7,781.4
ORD0017609,1,credit_card,12,96.03
ORD0017610,1,credit_card,2,288.12
ORD0017611,1,boleto,3,218.32
ORD0017612,1,debit_card,8,267.76
ORD0017613,1,credit_card,5,425.02
ORD0017614,1,debit_card,5,111.04
ORD0017615,1,credit_card,6,569.78
ORD0017616,1,voucher,8,194.21
ORD0017617,1,credit_card,9,667.24
ORD0017618,1,voucher,3,15.28
ORD0017619,1,voucher,5,660.24
ORD0017620,1,voucher,1,482.48
ORD0017621,1,debit_card,2,341.84
ORD0017622,1,credit_card,2,315.52
ORD0017623,1,voucher,3,280.26
ORD0017624,1,debit_card,8,40.53
ORD0017625,1,credit_card,5,162.96
ORD0017626,1,debit_card,7,303.12
ORD0017627,1,voucher,4,207.95999999999998
ORD0017628,1,credit_card,1,192.95
ORD0017629,1,debit_card,4,71.84
ORD0017630,1,boleto,7,1104.04
ORD0017631,1,debit_card,7,41.64
ORD0017632,1,voucher,12,326.1
ORD0017633,1,credit_card,4,50.34
ORD0017634,1,boleto,12,130.08
ORD0017635,1,debit_card,6,156.68
ORD0017636,1,debit_card,3,346.3
ORD0017637,1,credit_card,10,339.51
ORD0017638,1,credit_card,2,38.64
ORD0017639,1,boleto,9,119.82
ORD0017640,1,credit_card,7,235.98000000000002
ORD0017641,1,debit_card,8,1057.02
ORD0017642,1,debit_card,3,115.53
ORD0017643,1,boleto,8,549.24
ORD0017644,1,credit_card,3,201.66
ORD0017645,1,boleto,11,1054.96
ORD0017646,1,credit_card,6,146.52
ORD0017647,1,voucher,4,39.67
ORD0017648,1,credit_card,11,174.24
ORD0017649,1,voucher,8,93.44
ORD0017650,1,voucher,11,476.04
ORD0017651,1,debit_card,3,1243.4
ORD0017652,1,credit_card,11,474.84000000000003
ORD0017653,1,boleto,12,597.46
ORD0017654,1,debit_card,2,296.44
ORD0017655,1,debit_card,12,56.38
ORD0017656,1,debit_card,1,862.35
ORD0017657,1,debit_card,3,401.68
ORD0017658,1,voucher,11,299.88
ORD0017659,1,boleto,5,194.55
ORD0017660,1,voucher,11,39.6
ORD0017661,1,voucher,9,841.5
ORD0017662,1,boleto,5,59.41
ORD0017663,1,credit_card,2,93.7
ORD0017664,1,voucher,3,361.24
ORD0017665,1,credit_card,8,184.18
ORD0017666,1,credit_card,9,405.16999999999996
ORD0017667,1,credit_card,6,542.6
ORD0017668,1,voucher,12,120.9
ORD0017669,1,voucher,5,526.54
ORD0017670,1,boleto,5,148.94
ORD0017671,1,debit_card,10,134.07
ORD0017672,1,credit_card,6,217.16
ORD0017673,1,credit_card,1,56.37
ORD0017674,1,debit_card,2,702.8199999999999
ORD0017675,1,credit_card,8,98.06
ORD0017676,1,boleto,8,662.6399999999999
ORD0017677,1,voucher,2,69.62
ORD0017678,1,voucher,3,1014.02
ORD0017679,1,debit_card,11,634.5600000000001
ORD0017680,1,boleto,3,291.33
ORD0017681,1,voucher,6,436.94
ORD0017682,1,credit_card,2,210.36
ORD0017683,1,boleto,7,620.64
ORD0017684,1,credit_card,8,324.09000000000003
ORD0017685,1,credit_card,9,537.24
ORD0017686,1,debit_card,7,403.51
ORD0017687,1,credit_card,10,890.8700000000001
ORD0017688,1,credit_card,8,375.05
ORD0017689,1,boleto,2,29.27
ORD0017690,1,voucher,11,162.65
ORD0017691,1,voucher,12,223.07999999999998
ORD0017692,1,boleto,11,387.96
ORD0017693,1,debit_card,1,255.08
ORD0017694,1,boleto,5,37.35
ORD0017695,1,boleto,8,37.16
ORD0017696,1,boleto,11,98.76
ORD0017697,1,voucher,10,545.71
ORD0017698,1,boleto,3,71.94
ORD0017699,1,credit_card,4,732.16
ORD0017700,1,credit_card,11,155.8
ORD0017701,1,boleto,5,288.75
ORD0017702,1,voucher,10,237.71
ORD0017703,1,credit_card,8,408.03
ORD0017704,1,debit_card,6,359.43
ORD0017705,1,boleto,8,272.82
ORD0017706,1,voucher,11,31.64
ORD0017707,1,debit_card,6,432.61
ORD0017708,1,boleto,4,614.19
ORD0017709,1,debit_card,11,1017.1500000000001
ORD0017710,1,debit_card,4,87.89
ORD0017711,1,credit_card,10,797.9200000000001
ORD0017712,1,debit_card,9,145.02
ORD0017713,1,credit_card,8,434.26
ORD0017714,1,voucher,9,160.53
ORD0017715,1,debit_card,3,331.26
ORD0017716,1,credit_card,10,633.6400000000001
ORD0017717,1,debit_card,2,262.75
ORD0017718,1,debit_card,12,181.47
ORD0017719,1,debit_card,2,50.53
ORD0017720,1,credit_card,7,208.98
ORD0017721,1,boleto,12,427.18
ORD0017722,1,boleto,7,100.88
ORD0017723,1,debit_card,6,390.05
ORD0017724,1,debit_card,11,86.87
ORD0017725,1,voucher,1,91.93
ORD0017726,1,debit_card,2,428.35
ORD0017727,1,voucher,3,269.96
ORD0017728,1,credit_card,2,531.78
ORD0017729,1,credit_card,7,19.21
ORD0017730,1,voucher,8,292.29
ORD0017731,1,credit_card,8,78.6
ORD0017732,1,voucher,3,597.96
ORD0017733,1,voucher,12,332.65
ORD0017734,1,voucher,11,285.48
ORD0017735,1,voucher,11,1154.31
ORD0017736,1,credit_card,7,254.79000000000002
ORD0017737,1,voucher,3,597.36
ORD0017738,1,debit_card,5,44.6
ORD0017739,1,debit_card,8,55.4
ORD0017740,1,debit_card,8,624.24
ORD0017741,1,voucher,12,87.48
ORD0017742,1,credit_card,9,188.59
ORD0017743,1,debit_card,3,29.27
ORD0017744,1,debit_card,10,138.43
ORD0017745,1,credit_card,4,702.63
ORD0017746,1,voucher,1,226.67000000000002
ORD0017747,1,debit_card,3,67.34
ORD0017748,1,boleto,7,204.28
ORD0017749,1,voucher,11,173.74
ORD0017750,1,debit_card,2,657.3299999999999
ORD0017751,1,debit_card,7,753.26
ORD0017752,1,boleto,4,105.54
ORD0017753,1,credit_card,6,56.47
ORD0017754,1,debit_card,6,86.65
ORD0017755,1,voucher,8,415.5
ORD0017756,1,debit_card,11,51.13
ORD0017757,1,debit_card,12,321.41
ORD0017758,1,boleto,5,196.62
ORD0017759,1,credit_card,10,85.6
ORD0017760,1,voucher,12,2796.3399999999997
ORD0017761,1,credit_card,7,326.24
ORD0017762,1,voucher,11,150.52
ORD0017763,1,boleto,4,216.34
ORD0017764,1,voucher,11,481.65000000000003
ORD0017765,1,debit_card,3,525.88
ORD0017766,1,debit_card,4,1456.0
ORD0017767,1,boleto,9,284.06
ORD0017768,1,debit_card,6,606.74
ORD0017769,1,debit_card,3,740.9399999999999
ORD0017770,1,boleto,1,132.74
ORD0017771,1,debit_card,7,109.95
ORD0017772,1,voucher,7,68.64
ORD0017773,1,credit_card,10,254.16
ORD0017774,1,credit_card,12,910.52
ORD0017775,1,boleto,2,227.07
ORD0017776,1,debit_card,4,135.38
ORD0017777,1,debit_card,5,188.5
ORD0017778,1,debit_card,11,541.04
ORD0017779,1,boleto,4,33.48
ORD0017780,1,boleto,3,136.95
ORD0017781,1,debit_card,7,387.42
ORD0017782,1,debit_card,8,201.08
ORD0017783,1,debit_card,10,205.12
ORD0017784,1,boleto,11,140.95999999999998
ORD0017785,1,debit_card,3,257.03000000000003
ORD0017786,1,credit_card,3,214.05
ORD0017787,1,credit_card,4,316.71
ORD0017788,1,credit_card,8,269.15
ORD0017789,1,voucher,5,337.55
ORD0017790,1,voucher,10,147.25
ORD0017791,1,debit_card,2,281.82
ORD0017792,1,debit_card,3,73.3
ORD0017793,1,credit_card,6,24.95
ORD0017794,1,boleto,6,396.34
ORD0017795,1,credit_card,4,505.56
ORD0017796,1,debit_card,12,316.83
ORD0017797,1,credit_card,12,70.58
ORD0017798,1,voucher,11,305.74
ORD0017799,1,voucher,10,124.73
ORD0017800,1,credit_card,11,28.14
ORD0017801,1,boleto,7,261.87
ORD0017802,1,credit_card,12,25.36
ORD0017803,1,debit_card,12,229.14
ORD0017804,1,boleto,4,149.34
ORD0017805,1,boleto,5,228.12
ORD0017806,1,boleto,1,98.02
ORD0017807,1,credit_card,3,581.7
ORD0017808,1,boleto,1,55.43
ORD0017809,1,boleto,9,154.64999999999998
ORD0017810,1,credit_card,1,21.07
ORD0017811,1,voucher,11,253.51
ORD0017812,1,credit_card,1,596.55
ORD0017813,1,boleto,2,1742.72
ORD0017814,1,voucher,2,195.78
ORD0017815,1,voucher,4,131.76999999999998
ORD0017816,1,debit_card,5,62.16
ORD0017817,1,boleto,10,24.95
ORD0017818,1,voucher,2,391.22
ORD0017819,1,voucher,7,450.68
ORD0017820,1,voucher,9,43.16
ORD0017821,1,credit_card,2,30.04
ORD0017822,1,credit_card,11,56.47
ORD0017823,1,boleto,4,1467.22
ORD0017824,1,credit_card,9,516.5699999999999
ORD0017825,1,boleto,5,69.77
ORD0017826,1,voucher,8,160.8
ORD0017827,1,boleto,9,69.5
ORD0017828,1,boleto,6,178.05
ORD0017829,1,debit_card,8,161.44
ORD0017830,1,boleto,3,70.26
ORD0017831,1,credit_card,2,211.23000000000002
ORD0017832,1,debit_card,5,231.98
ORD0017833,1,debit_card,9,224.76999999999998
ORD0017834,1,credit_card,8,389.37
ORD0017835,1,boleto,5,34.82
ORD0017836,1,boleto,4,157.04
ORD0017837,1,credit_card,7,73.45
ORD0017838,1,voucher,5,116.64
ORD0017839,1,voucher,3,103.1
ORD0017840,1,voucher,9,91.6
ORD0017841,1,debit_card,4,19.97
ORD0017842,1,voucher,9,66.96
ORD0017843,1,boleto,3,73.08
ORD0017844,1,voucher,9,527.58
ORD0017845,1,boleto,8,106.46
ORD0017846,1,debit_card,11,467.72
ORD0017847,1,voucher,2,553.46
ORD0017848,1,boleto,3,45.21
ORD0017849,1,debit_card,7,338.34000000000003
ORD0017850,1,boleto,11,157.11
ORD0017851,1,debit_card,5,2443.16
ORD0017852,1,voucher,10,317.33
ORD0017853,1,boleto,6,476.88
ORD0017854,1,voucher,5,631.2
ORD0017855,1,debit_card,3,418.15999999999997
ORD0017856,1,boleto,6,892.0
ORD0017857,1,voucher,11,1820.0
ORD0017858,1,debit_card,10,184.62
ORD0017859,1,credit_card,6,1551.88
ORD0017860,1,boleto,3,24.09
ORD0017861,1,debit_card,1,214.62
ORD0017862,1,debit_card,12,420.26
ORD0017863,1,boleto,8,329.8
ORD0017864,1,voucher,8,1040.8799999999999
ORD0017865,1,voucher,12,70.46
ORD0017866,1,debit_card,4,202.44
ORD0017867,1,debit_card,11,743.5300000000001
ORD0017868,1,boleto,12,1670.9300000000003
ORD0017869,1,credit_card,11,663.36
ORD0017870,1,voucher,5,386.15000000000003
ORD0017871,1,credit_card,10,448.20000000000005
ORD0017872,1,boleto,1,780.16
ORD0017873,1,boleto,9,125.04
ORD0017874,1,voucher,7,1663.0800000000002
ORD0017875,1,credit_card,1,422.95
ORD0017876,1,debit_card,8,232.72
ORD0017877,1,credit_card,5,227.02
ORD0017878,1,debit_card,12,116.07
ORD0017879,1,credit_card,6,448.11
ORD0017880,1,voucher,1,456.15000000000003
ORD0017881,1,voucher,5,331.44
ORD0017882,1,boleto,12,460.16
ORD0017883,1,debit_card,6,133.06
ORD0017884,1,voucher,5,304.18
ORD0017885,1,voucher,7,317.96999999999997
ORD0017886,1,boleto,1,92.44
ORD0017887,1,debit_card,2,119.7
ORD0017888,1,voucher,8,1056.79
ORD0017889,1,debit_card,3,187.29
ORD0017890,1,credit_card,9,853.3499999999999
ORD0017891,1,boleto,12,106.12
ORD0017892,1,debit_card,2,352.54
ORD0017893,1,credit_card,3,129.93
ORD0017894,1,credit_card,11,89.83
ORD0017895,1,credit_card,12,435.34000000000003
ORD0017896,1,voucher,9,431.73
ORD0017897,1,debit_card,8,130.98
ORD0017898,1,debit_card,4,696.51
ORD0017899,1,credit_card,4,1005.1899999999999
ORD0017900,1,credit_card,5,169.38
ORD0017901,1,boleto,1,300.34
ORD0017902,1,boleto,1,313.66
ORD0017903,1,boleto,7,161.28
ORD0017904,1,boleto,11,286.82
ORD0017905,1,debit_card,11,145.56
ORD0017906,1,debit_card,3,905.9000000000001
ORD0017907,1,debit_card,2,157.56
ORD0017908,1,voucher,8,23.45
ORD0017909,1,voucher,5,341.03
ORD0017910,1,debit_card,7,183.76
ORD0017911,1,boleto,5,136.12
ORD0017912,1,debit_card,5,299.93
ORD0017913,1,voucher,8,81.87
ORD0017914,1,debit_card,11,23.66
ORD0017915,1,debit_card,6,188.04
ORD0017916,1,voucher,7,476.97
ORD0017917,1,credit_card,1,196.92
ORD0017918,1,boleto,2,1934.17
ORD0017919,1,boleto,8,82.86
ORD0017920,1,boleto,2,91.91999999999999
ORD0017921,1,credit_card,1,308.28999999999996
ORD0017922,1,debit_card,4,330.65999999999997
ORD0017923,1,debit_card,2,158.88
ORD0017924,1,boleto,2,132.34
ORD0017925,1,credit_card,6,256.74
ORD0017926,1,boleto,7,154.64999999999998
ORD0017927,1,voucher,1,709.83
ORD0017928,1,credit_card,10,126.67
ORD0017929,1,credit_card,11,537.63
ORD0017930,1,credit_card,6,343.06
ORD0017931,1,debit_card,7,597.36
ORD0017932,1,voucher,12,39.0
ORD0017933,1,debit_card,3,322.96
ORD0017934,1,credit_card,2,529.56
ORD0017935,1,debit_card,7,13.56
ORD0017936,1,credit_card,2,170.45000000000002
ORD0017937,1,boleto,5,247.56
ORD0017938,1,boleto,8,65.88
ORD0017939,1,voucher,3,405.53999999999996
ORD0017940,1,boleto,6,259.8
ORD0017941,1,voucher,5,217.04999999999998
ORD0017942,1,credit_card,1,86.86
ORD0017943,1,credit_card,8,444.96
ORD0017944,1,credit_card,3,90.96
ORD0017945,1,voucher,3,1708.44
ORD0017946,1,credit_card,6,183.32
ORD0017947,1,debit_card,6,263.74
ORD0017948,1,debit_card,7,303.21
ORD0017949,1,debit_card,11,93.64
ORD0017950,1,debit_card,1,912.35
ORD0017951,1,boleto,5,145.08
ORD0017952,1,credit_card,4,160.29
ORD0017953,1,debit_card,7,360.65
ORD0017954,1,voucher,10,62.18
ORD0017955,1,boleto,2,1056.02
ORD0017956,1,credit_card,6,40.53
ORD0017957,1,credit_card,6,161.52
ORD0017958,1,debit_card,12,896.04
ORD0017959,1,credit_card,8,253.1
ORD0017960,1,credit_card,4,529.1999999999999
ORD0017961,1,voucher,2,70.46
ORD0017962,1,debit_card,8,45.27
ORD0017963,1,credit_card,1,76.18
ORD0017964,1,credit_card,3,394.72
ORD0017965,1,debit_card,8,299.78
ORD0017966,1,debit_card,7,62.05
ORD0017967,1,credit_card,3,181.75
ORD0017968,1,debit_card,12,187.84
ORD0017969,1,debit_card,3,433.95
ORD0017970,1,credit_card,12,206.7
ORD0017971,1,debit_card,3,1105.88
ORD0017972,1,boleto,7,250.64000000000001
ORD0017973,1,boleto,2,320.06
ORD0017974,1,voucher,12,676.9300000000001
ORD0017975,1,boleto,2,552.46
ORD0017976,1,voucher,3,34.36
ORD0017977,1,credit_card,6,212.65
ORD0017978,1,credit_card,4,1132.5500000000002
ORD0017979,1,voucher,4,1656.32
ORD0017980,1,credit_card,9,597.04
ORD0017981,1,voucher,2,29.27
ORD0017982,1,credit_card,7,273.15999999999997
ORD0017983,1,boleto,7,296.7
ORD0017984,1,boleto,1,600.0
ORD0017985,1,credit_card,3,257.2
ORD0017986,1,debit_card,6,701.76
ORD0017987,1,debit_card,8,78.96
ORD0017988,1,debit_card,9,34.45
ORD0017989,1,boleto,4,47.63
ORD0017990,1,debit_card,12,844.7600000000001
ORD0017991,1,credit_card,5,745.46
ORD0017992,1,credit_card,7,1349.23
ORD0017993,1,credit_card,3,159.76
ORD0017994,1,voucher,11,56.42
ORD0017995,1,debit_card,12,295.12
ORD0017996,1,voucher,6,56.3
ORD0017997,1,credit_card,11,1097.0900000000001
ORD0017998,1,boleto,5,430.21
ORD0017999,1,debit_card,3,142.23
ORD0018000,1,voucher,6,361.64
ORD0018001,1,boleto,1,338.65999999999997
ORD0018002,1,debit_card,5,442.53
ORD0018003,1,debit_card,3,112.67
ORD0018004,1,debit_card,5,271.97
ORD0018005,1,credit_card,8,115.71000000000001
ORD0018006,1,debit_card,10,181.34
ORD0018007,1,boleto,1,678.95
ORD0018008,1,voucher,6,121.88
ORD0018009,1,voucher,1,428.35
ORD0018010,1,boleto,9,56.84
ORD0018011,1,credit_card,5,91.63
ORD0018012,1,debit_card,6,96.13999999999999
ORD0018013,1,voucher,3,350.94
ORD0018014,1,boleto,3,181.51
ORD0018015,1,credit_card,6,626.2
ORD0018016,1,debit_card,4,57.72
ORD0018017,1,voucher,8,70.26
ORD0018018,1,boleto,2,88.85
ORD0018019,1,credit_card,11,33.54
ORD0018020,1,debit_card,10,170.16
ORD0018021,1,credit_card,9,123.16
ORD0018022,1,voucher,7,358.06
ORD0018023,1,boleto,11,351.99
ORD0018024,1,voucher,2,1055.8899999999999
ORD0018025,1,debit_card,8,899.13
ORD0018026,1,credit_card,2,844.84
ORD0018027,1,debit_card,9,232.68
ORD0018028,1,credit_card,11,145.9
ORD0018029,1,credit_card,2,81.32
ORD0018030,1,voucher,1,90.08
ORD0018031,1,voucher,9,76.03
ORD0018032,1,debit_card,6,220.57
ORD0018033,1,boleto,9,838.6200000000001
ORD0018034,1,credit_card,7,50.06
ORD0018035,1,voucher,1,419.31
ORD0018036,1,boleto,1,313.10999999999996
ORD0018037,1,credit_card,6,84.42
ORD0018038,1,debit_card,3,130.26999999999998
ORD0018039,1,debit_card,11,785.61
ORD0018040,1,boleto,9,196.51999999999998
ORD0018041,1,boleto,4,75.26
ORD0018042,1,debit_card,8,265.08000000000004
ORD0018043,1,debit_card,6,253.51
ORD0018044,1,voucher,12,52.71
ORD0018045,1,credit_card,11,220.45
ORD0018046,1,debit_card,5,108.27
ORD0018047,1,debit_card,10,194.9
ORD0018048,1,boleto,7,682.29
ORD0018049,1,credit_card,12,96.73
ORD0018050,1,boleto,8,220.2
ORD0018051,1,credit_card,2,94.02
ORD0018052,1,voucher,3,423.09000000000003
ORD0018053,1,boleto,7,260.82
ORD0018054,1,boleto,1,245.61
ORD0018055,1,credit_card,9,134.8
ORD0018056,1,credit_card,1,331.14
ORD0018057,1,boleto,1,54.72
ORD0018058,1,credit_card,11,25.36
ORD0018059,1,boleto,5,95.93
ORD0018060,1,voucher,11,19.82
ORD0018061,1,voucher,3,683.66
ORD0018062,1,credit_card,9,775.62
ORD0018063,1,boleto,12,58.97
ORD0018064,1,voucher,7,37.68
ORD0018065,1,voucher,6,208.56
ORD0018066,1,debit_card,11,143.15
ORD0018067,1,boleto,9,711.05
ORD0018068,1,boleto,7,125.3
ORD0018069,1,voucher,6,286.28
ORD0018070,1,credit_card,11,411.11
ORD0018071,1,debit_card,4,236.8
ORD0018072,1,debit_card,8,150.98
ORD0018073,1,voucher,6,1583.55
ORD0018074,1,debit_card,4,101.34
ORD0018075,1,debit_card,5,78.55
ORD0018076,1,debit_card,6,956.84
ORD0018077,1,voucher,12,117.97
ORD0018078,1,credit_card,8,28.21
ORD0018079,1,boleto,6,104.78
ORD0018080,1,boleto,11,346.6
ORD0018081,1,boleto,11,204.78
ORD0018082,1,credit_card,3,1035.44
ORD0018083,1,credit_card,10,182.31
ORD0018084,1,credit_card,4,867.45
ORD0018085,1,voucher,3,304.16
ORD0018086,1,voucher,5,344.92
ORD0018087,1,credit_card,5,882.51
ORD0018088,1,debit_card,3,76.1
ORD0018089,1,debit_card,12,701.76
ORD0018090,1,boleto,7,32.53
ORD0018091,1,boleto,12,425.30999999999995
ORD0018092,1,credit_card,1,454.36
ORD0018093,1,debit_card,7,335.56
ORD0018094,1,debit_card,10,109.65
ORD0018095,1,credit_card,12,162.28
ORD0018096,1,boleto,4,138.03
ORD0018097,1,voucher,6,266.3
ORD0018098,1,boleto,1,1084.3799999999999
ORD0018099,1,debit_card,5,641.6
ORD0018100,1,boleto,10,920.04
ORD0018101,1,debit_card,8,155.9
ORD0018102,1,boleto,9,535.2099999999999
ORD0018103,1,credit_card,3,1215.55
ORD0018104,1,voucher,8,539.2
ORD0018105,1,voucher,4,153.45
ORD0018106,1,voucher,3,28.63
ORD0018107,1,credit_card,4,312.24
ORD0018108,1,credit_card,10,134.84
ORD0018109,1,credit_card,5,141.02
ORD0018110,1,voucher,11,154.46
ORD0018111,1,boleto,10,42.17
ORD0018112,1,boleto,3,85.27
ORD0018113,1,credit_card,11,1145.54
ORD0018114,1,boleto,9,630.54
ORD0018115,1,credit_card,5,363.84999999999997
ORD0018116,1,voucher,10,592.23
ORD0018117,1,boleto,1,1423.73
ORD0018118,1,debit_card,7,155.01
ORD0018119,1,debit_card,1,124.96
ORD0018120,1,credit_card,2,348.37
ORD0018121,1,boleto,2,107.52
ORD0018122,1,voucher,10,194.21
ORD0018123,1,credit_card,5,785.74
ORD0018124,1,credit_card,1,310.05
ORD0018125,1,boleto,2,60.92
ORD0018126,1,credit_card,7,682.0500000000001
ORD0018127,1,boleto,10,2207.97
ORD0018128,1,credit_card,1,748.34
ORD0018129,1,voucher,8,1140.09
ORD0018130,1,debit_card,8,298.01
ORD0018131,1,voucher,1,182.04
ORD0018132,1,debit_card,9,222.23999999999998
ORD0018133,1,voucher,3,580.75
ORD0018134,1,boleto,4,351.39
ORD0018135,1,credit_card,12,131.03
ORD0018136,1,boleto,9,89.77
ORD0018137,1,credit_card,6,179.91
ORD0018138,1,voucher,12,892.91
ORD0018139,1,voucher,10,850.08
ORD0018140,1,voucher,10,472.68
ORD0018141,1,boleto,11,114.89
ORD0018142,1,credit_card,2,16.88
ORD0018143,1,voucher,2,582.05
ORD0018144,1,debit_card,6,266.19
ORD0018145,1,boleto,8,90.82
ORD0018146,1,voucher,8,90.56
ORD0018147,1,boleto,1,710.0799999999999
ORD0018148,1,debit_card,8,39.65
ORD0018149,1,boleto,1,599.86
ORD0018150,1,boleto,4,58.69
ORD0018151,1,voucher,1,56.02
ORD0018152,1,debit_card,8,92.48
ORD0018153,1,boleto,12,88.16
ORD0018154,1,boleto,3,903.72
ORD0018155,1,boleto,9,224.37
ORD0018156,1,boleto,9,47.01
ORD0018157,1,boleto,6,146.01
ORD0018158,1,boleto,6,200.53
ORD0018159,1,debit_card,3,1571.92
ORD0018160,1,debit_card,6,174.69
ORD0018161,1,voucher,9,1419.08
ORD0018162,1,credit_card,7,820.1500000000001
ORD0018163,1,credit_card,3,669.24
ORD0018164,1,debit_card,8,202.85
ORD0018165,1,debit_card,1,828.6999999999999
ORD0018166,1,debit_card,6,110.8
ORD0018167,1,debit_card,7,227.26
ORD0018168,1,boleto,8,70.22
ORD0018169,1,voucher,5,171.38
ORD0018170,1,credit_card,12,191.66000000000003
ORD0018171,1,debit_card,3,864.77
ORD0018172,1,voucher,2,251.4
ORD0018173,1,debit_card,10,346.49
ORD0018174,1,boleto,7,184.62
ORD0018175,1,debit_card,8,58.97
ORD0018176,1,debit_card,9,36.75
ORD0018177,1,boleto,8,186.61
ORD0018178,1,credit_card,8,61.39
ORD0018179,1,boleto,2,656.9
ORD0018180,1,credit_card,6,761.1500000000001
ORD0018181,1,boleto,12,127.30000000000001
ORD0018182,1,credit_card,4,996.18
ORD0018183,1,voucher,7,115.99
ORD0018184,1,boleto,5,844.73
ORD0018185,1,credit_card,4,173.92
ORD0018186,1,debit_card,12,289.56
ORD0018187,1,voucher,2,105.87
ORD0018188,1,voucher,5,32.02
ORD0018189,1,debit_card,8,830.51
ORD0018190,1,debit_card,10,391.82
ORD0018191,1,credit_card,3,53.43
ORD0018192,1,boleto,11,85.44
ORD0018193,1,debit_card,5,586.0799999999999
ORD0018194,1,voucher,3,951.1
ORD0018195,1,boleto,1,285.84
ORD0018196,1,voucher,9,152.2
ORD0018197,1,boleto,5,78.08
ORD0018198,1,boleto,3,102.27000000000001
ORD0018199,1,boleto,2,391.52
ORD0018200,1,credit_card,3,1038.51
ORD0018201,1,debit_card,8,233.99
ORD0018202,1,debit_card,1,468.31
ORD0018203,1,debit_card,8,97.0
ORD0018204,1,voucher,3,32.94
ORD0018205,1,credit_card,3,90.22
ORD0018206,1,boleto,11,85.98
ORD0018207,1,credit_card,9,273.98
ORD0018208,1,debit_card,4,101.83000000000001
ORD0018209,1,boleto,3,133.06
ORD0018210,1,debit_card,8,287.64
ORD0018211,1,voucher,3,92.15
ORD0018212,1,boleto,8,89.22
ORD0018213,1,voucher,3,538.53
ORD0018214,1,voucher,11,38.69
ORD0018215,1,voucher,1,136.05
ORD0018216,1,boleto,4,219.78
ORD0018217,1,debit_card,7,61.5
ORD0018218,1,debit_card,1,103.1
ORD0018219,1,debit_card,2,46.81
ORD0018220,1,debit_card,2,58.32
ORD0018221,1,voucher,2,380.47999999999996
ORD0018222,1,credit_card,8,159.34
ORD0018223,1,voucher,9,124.99
ORD0018224,1,voucher,1,188.12
ORD0018225,1,boleto,5,216.51
ORD0018226,1,debit_card,5,279.8
ORD0018227,1,debit_card,5,137.04
ORD0018228,1,credit_card,5,156.37
ORD0018229,1,voucher,10,55.25
ORD0018230,1,debit_card,10,204.76999999999998
ORD0018231,1,debit_card,3,266.19
ORD0018232,1,debit_card,8,695.86
ORD0018233,1,boleto,9,199.16
ORD0018234,1,debit_card,12,64.8
ORD0018235,1,credit_card,3,195.20999999999998
ORD0018236,1,boleto,8,207.87
ORD0018237,1,debit_card,5,169.8
ORD0018238,1,debit_card,8,454.86
ORD0018239,1,credit_card,3,412.4
ORD0018240,1,debit_card,11,590.04
ORD0018241,1,credit_card,3,295.68
ORD0018242,1,voucher,2,106.99000000000001
ORD0018243,1,credit_card,6,1555.76
ORD0018244,1,boleto,1,212.3
ORD0018245,1,voucher,9,43.349999999999994
ORD0018246,1,debit_card,5,69.9
ORD0018247,1,credit_card,1,213.45
ORD0018248,1,debit_card,4,119.56
ORD0018249,1,credit_card,6,111.18
ORD0018250,1,credit_card,4,318.15
ORD0018251,1,debit_card,9,386.88
ORD0018252,1,voucher,6,554.4
ORD0018253,1,voucher,6,61.47
ORD0018254,1,voucher,3,549.16
ORD0018255,1,boleto,8,231.11
ORD0018256,1,voucher,10,42.06
ORD0018257,1,credit_card,1,939.3000000000001
ORD0018258,1,voucher,1,16.27
ORD0018259,1,voucher,1,162.65
ORD0018260,1,voucher,8,540.29
ORD0018261,1,credit_card,4,169.26
ORD0018262,1,debit_card,10,40.2
ORD0018263,1,voucher,12,293.90000000000003
ORD0018264,1,debit_card,2,104.78
ORD0018265,1,boleto,9,535.52
ORD0018266,1,voucher,6,50.36
ORD0018267,1,credit_card,2,85.18
ORD0018268,1,boleto,9,397.77
ORD0018269,1,credit_card,5,37.38
ORD0018270,1,credit_card,9,443.82
ORD0018271,1,boleto,9,985.53
ORD0018272,1,debit_card,3,207.48
ORD0018273,1,credit_card,7,176.43
ORD0018274,1,voucher,3,369.64
ORD0018275,1,credit_card,7,311.46000000000004
ORD0018276,1,debit_card,12,608.79
ORD0018277,1,debit_card,7,445.15999999999997
ORD0018278,1,boleto,7,223.06
ORD0018279,1,debit_card,3,74.26
ORD0018280,1,boleto,7,55.43
ORD0018281,1,voucher,10,54.06
ORD0018282,1,debit_card,9,32.07
ORD0018283,1,debit_card,12,358.42
ORD0018284,1,debit_card,8,469.16
ORD0018285,1,boleto,9,66.53
ORD0018286,1,voucher,9,160.10999999999999
ORD0018287,1,boleto,4,318.44
ORD0018288,1,credit_card,11,329.14
ORD0018289,1,boleto,12,546.28
ORD0018290,1,debit_card,3,494.98
ORD0018291,1,boleto,4,446.12
ORD0018292,1,boleto,9,162.42
ORD0018293,1,boleto,1,109.36
ORD0018294,1,boleto,1,1428.29
ORD0018295,1,credit_card,5,495.08
ORD0018296,1,debit_card,10,343.72
ORD0018297,1,debit_card,7,411.96
ORD0018298,1,voucher,7,419.29999999999995
ORD0018299,1,debit_card,9,172.23
ORD0018300,1,credit_card,7,23.45
ORD0018301,1,debit_card,7,233.4
ORD0018302,1,voucher,5,110.16
ORD0018303,1,voucher,1,171.22
ORD0018304,1,voucher,1,244.6
ORD0018305,1,voucher,4,375.41999999999996
ORD0018306,1,credit_card,11,879.44
ORD0018307,1,boleto,9,486.02
ORD0018308,1,credit_card,3,1389.06
ORD0018309,1,credit_card,10,154.29000000000002
ORD0018310,1,voucher,4,97.52
ORD0018311,1,debit_card,5,707.5
ORD0018312,1,debit_card,4,37.71
ORD0018313,1,debit_card,12,876.16
ORD0018314,1,credit_card,2,49.84
ORD0018315,1,debit_card,6,367.56
ORD0018316,1,debit_card,10,269.49
ORD0018317,1,credit_card,5,605.63
ORD0018318,1,boleto,11,365.88
ORD0018319,1,boleto,7,1445.4
ORD0018320,1,debit_card,4,218.47
ORD0018321,1,boleto,11,342.78
ORD0018322,1,voucher,8,171.02
ORD0018323,1,debit_card,3,231.3
ORD0018324,1,credit_card,6,59.85
ORD0018325,1,credit_card,10,1872.8400000000001
ORD0018326,1,voucher,5,932.25
ORD0018327,1,voucher,8,823.2
ORD0018328,1,voucher,6,35.29
ORD0018329,1,debit_card,7,153.06
ORD0018330,1,voucher,3,761.96
ORD0018331,1,credit_card,2,319.47
ORD0018332,1,boleto,5,1077.59
ORD0018333,1,boleto,2,123.86
ORD0018334,1,credit_card,3,418.71000000000004
ORD0018335,1,debit_card,6,195.76000000000002
ORD0018336,1,boleto,5,116.26
ORD0018337,1,credit_card,9,221.78
ORD0018338,1,voucher,9,45.86
ORD0018339,1,debit_card,1,205.44
ORD0018340,1,debit_card,10,710.5899999999999
ORD0018341,1,credit_card,7,321.40000000000003
ORD0018342,1,voucher,6,118.02
ORD0018343,1,debit_card,6,618.74
ORD0018344,1,debit_card,5,493.40000000000003
ORD0018345,1,debit_card,11,600.29
ORD0018346,1,debit_card,5,41.75
ORD0018347,1,debit_card,9,171.24
ORD0018348,1,credit_card,8,40.26
ORD0018349,1,debit_card,4,702.73
ORD0018350,1,debit_card,11,616.3000000000001
ORD0018351,1,voucher,11,413.47999999999996
ORD0018352,1,credit_card,7,134.19
ORD0018353,1,boleto,12,258.7
ORD0018354,1,voucher,11,752.0999999999999
ORD0018355,1,boleto,11,146.61
ORD0018356,1,debit_card,10,163.12
ORD0018357,1,boleto,7,493.96
ORD0018358,1,boleto,5,468.28
ORD0018359,1,debit_card,12,861.3199999999999
ORD0018360,1,voucher,9,44.32
ORD0018361,1,credit_card,1,61.74
ORD0018362,1,boleto,6,194.25
ORD0018363,1,credit_card,5,648.09
ORD0018364,1,voucher,1,920.16
ORD0018365,1,credit_card,3,492.58
ORD0018366,1,voucher,6,273.15
ORD0018367,1,voucher,5,556.5
ORD0018368,1,voucher,12,255.99
ORD0018369,1,voucher,4,52.86
ORD0018370,1,voucher,9,64.05
ORD0018371,1,credit_card,11,235.94
ORD0018372,1,debit_card,12,475.61
ORD0018373,1,credit_card,4,213.07999999999998
ORD0018374,1,voucher,4,507.28
ORD0018375,1,credit_card,4,32.88
ORD0018376,1,debit_card,3,266.5
ORD0018377,1,boleto,6,284.85
ORD0018378,1,voucher,12,68.22
ORD0018379,1,credit_card,7,280.45000000000005
ORD0018380,1,debit_card,11,71.78
ORD0018381,1,credit_card,3,1041.18
ORD0018382,1,voucher,2,150.93
ORD0018383,1,voucher,9,294.06
ORD0018384,1,debit_card,5,1549.0
ORD0018385,1,voucher,10,198.20999999999998
ORD0018386,1,voucher,4,1419.24
ORD0018387,1,credit_card,5,45.0
ORD0018388,1,debit_card,2,130.11
ORD0018389,1,debit_card,3,283.44
ORD0018390,1,boleto,10,62.47
ORD0018391,1,boleto,1,444.03
ORD0018392,1,debit_card,12,55.0
ORD0018393,1,debit_card,3,129.99
ORD0018394,1,voucher,4,297.1
ORD0018395,1,voucher,12,545.18
ORD0018396,1,debit_card,2,432.15999999999997
ORD0018397,1,debit_card,3,610.45
ORD0018398,1,voucher,11,392.09
ORD0018399,1,credit_card,8,321.88
ORD0018400,1,credit_card,10,28.6
ORD0018401,1,boleto,8,619.08
ORD0018402,1,voucher,10,288.25
ORD0018403,1,voucher,3,42.58
ORD0018404,1,voucher,8,1327.68
ORD0018405,1,boleto,8,146.88
ORD0018406,1,debit_card,2,191.51999999999998
ORD0018407,1,credit_card,9,152.27
ORD0018408,1,credit_card,6,55.0
ORD0018409,1,voucher,9,60.92
ORD0018410,1,voucher,1,168.32
ORD0018411,1,credit_card,12,160.95
ORD0018412,1,credit_card,10,171.12
ORD0018413,1,boleto,5,341.98
ORD0018414,1,boleto,12,42.42
ORD0018415,1,credit_card,12,62.92
ORD0018416,1,boleto,1,155.8
ORD0018417,1,boleto,11,342.78
ORD0018418,1,credit_card,5,1170.23
ORD0018419,1,voucher,11,238.15
ORD0018420,1,debit_card,6,200.1
ORD0018421,1,boleto,11,47.32
ORD0018422,1,voucher,2,173.03
ORD0018423,1,voucher,12,776.6099999999999
ORD0018424,1,boleto,1,255.81
ORD0018425,1,credit_card,12,491.54
ORD0018426,1,voucher,4,625.14
ORD0018427,1,voucher,9,299.48
ORD0018428,1,voucher,8,1018.72
ORD0018429,1,voucher,1,195.64
ORD0018430,1,debit_card,4,529.06
ORD0018431,1,credit_card,6,225.59
ORD0018432,1,boleto,6,988.5799999999999
ORD0018433,1,debit_card,3,110.95
ORD0018434,1,debit_card,4,301.3
ORD0018435,1,credit_card,11,107.14
ORD0018436,1,boleto,11,552.02
ORD0018437,1,voucher,7,142.74
ORD0018438,1,boleto,8,119.44
ORD0018439,1,voucher,3,685.63
ORD0018440,1,voucher,3,209.11
ORD0018441,1,boleto,8,16.01
ORD0018442,1,voucher,6,88.23
ORD0018443,1,credit_card,4,365.42999999999995
ORD0018444,1,voucher,10,846.92
ORD0018445,1,credit_card,7,353.69
ORD0018446,1,voucher,12,124.84
ORD0018447,1,boleto,3,74.93
ORD0018448,1,voucher,10,1023.74
ORD0018449,1,voucher,9,942.9000000000001
ORD0018450,1,credit_card,9,34.11
ORD0018451,1,boleto,5,179.37
ORD0018452,1,voucher,1,514.11
ORD0018453,1,voucher,10,220.5
ORD0018454,1,voucher,9,15.84
ORD0018455,1,boleto,5,343.47
ORD0018456,1,voucher,12,293.16
ORD0018457,1,voucher,3,104.3
ORD0018458,1,debit_card,10,233.52
ORD0018459,1,credit_card,3,522.75
ORD0018460,1,credit_card,12,562.94
ORD0018461,1,debit_card,7,3653.7
ORD0018462,1,debit_card,5,631.99
ORD0018463,1,debit_card,7,68.44
ORD0018464,1,debit_card,12,22.0
ORD0018465,1,boleto,1,217.65
ORD0018466,1,debit_card,11,70.35
ORD0018467,1,debit_card,1,184.47
ORD0018468,1,voucher,7,255.99
ORD0018469,1,debit_card,8,73.26
ORD0018470,1,voucher,7,416.7
ORD0018471,1,voucher,2,350.15000000000003
ORD0018472,1,voucher,10,196.38
ORD0018473,1,credit_card,8,2150.58
ORD0018474,1,debit_card,9,136.25
ORD0018475,1,credit_card,8,89.21
ORD0018476,1,credit_card,11,31.44
ORD0018477,1,debit_card,12,174.98000000000002
ORD0018478,1,debit_card,12,213.59
ORD0018479,1,debit_card,1,578.72
ORD0018480,1,credit_card,3,60.08
ORD0018481,1,voucher,1,750.64
ORD0018482,1,debit_card,3,146.61
ORD0018483,1,credit_card,10,47.5
ORD0018484,1,voucher,8,232.68
ORD0018485,1,boleto,8,611.08
ORD0018486,1,voucher,2,43.22
ORD0018487,1,voucher,7,105.42
ORD0018488,1,credit_card,9,389.65999999999997
ORD0018489,1,boleto,8,549.7
ORD0018490,1,credit_card,6,388.3
ORD0018491,1,debit_card,4,331.34
ORD0018492,1,boleto,3,887.67
ORD0018493,1,boleto,10,661.75
ORD0018494,1,debit_card,11,325.42
ORD0018495,1,debit_card,4,251.98
ORD0018496,1,debit_card,2,75.98
ORD0018497,1,boleto,7,503.03999999999996
ORD0018498,1,credit_card,10,31.82
ORD0018499,1,voucher,9,875.14
ORD0018500,1,debit_card,1,592.26
ORD0018501,1,voucher,6,139.16
ORD0018502,1,boleto,3,99.6
ORD0018503,1,boleto,2,2205.75
ORD0018504,1,debit_card,11,1466.32
ORD0018505,1,debit_card,7,867.45
ORD0018506,1,voucher,1,86.34
ORD0018507,1,credit_card,1,119.3
ORD0018508,1,debit_card,12,939.3900000000001
ORD0018509,1,boleto,3,120.42
ORD0018510,1,boleto,4,72.58000000000001
ORD0018511,1,credit_card,9,53.91
ORD0018512,1,boleto,10,361.46
ORD0018513,1,debit_card,8,356.1
ORD0018514,1,credit_card,6,218.59
ORD0018515,1,credit_card,2,177.46
ORD0018516,1,debit_card,9,152.37
ORD0018517,1,debit_card,2,144.69
ORD0018518,1,voucher,6,137.85
ORD0018519,1,debit_card,4,64.23
ORD0018520,1,credit_card,10,144.02
ORD0018521,1,boleto,10,146.34
ORD0018522,1,boleto,8,434.21999999999997
ORD0018523,1,voucher,11,274.36
ORD0018524,1,debit_card,5,132.71
ORD0018525,1,boleto,5,1684.76
ORD0018526,1,credit_card,5,1540.38
ORD0018527,1,voucher,12,160.02
ORD0018528,1,boleto,2,722.5699999999999
ORD0018529,1,voucher,4,469.34999999999997
ORD0018530,1,credit_card,5,548.24
ORD0018531,1,credit_card,12,91.66
ORD0018532,1,credit_card,8,311.22
ORD0018533,1,boleto,3,99.39000000000001
ORD0018534,1,boleto,7,338.88
ORD0018535,1,boleto,6,82.7
ORD0018536,1,boleto,2,286.39
ORD0018537,1,voucher,9,141.03
ORD0018538,1,boleto,8,73.26
ORD0018539,1,debit_card,3,1234.77
ORD0018540,1,voucher,5,177.64
ORD0018541,1,debit_card,11,165.24
ORD0018542,1,debit_card,12,69.66
ORD0018543,1,boleto,1,573.2
ORD0018544,1,boleto,8,1187.81
ORD0018545,1,voucher,10,277.08
ORD0018546,1,credit_card,8,485.45000000000005
ORD0018547,1,voucher,6,149.92
ORD0018548,1,credit_card,4,113.96
ORD0018549,1,voucher,7,117.96
ORD0018550,1,voucher,12,355.42
ORD0018551,1,debit_card,9,165.84
ORD0018552,1,debit_card,9,508.91
ORD0018553,1,credit_card,7,1479.3
ORD0018554,1,credit_card,3,945.5300000000001
ORD0018555,1,debit_card,9,231.69
ORD0018556,1,voucher,8,520.42
ORD0018557,1,debit_card,8,152.7
ORD0018558,1,voucher,7,168.4
ORD0018559,1,credit_card,10,657.36
ORD0018560,1,voucher,8,22.0
ORD0018561,1,credit_card,3,364.24
ORD0018562,1,boleto,6,1190.02
ORD0018563,1,credit_card,7,129.23
ORD0018564,1,credit_card,3,124.08
ORD0018565,1,credit_card,8,403.62
ORD0018566,1,credit_card,10,114.82
ORD0018567,1,boleto,3,654.87
ORD0018568,1,boleto,3,51.13
ORD0018569,1,debit_card,6,80.81
ORD0018570,1,boleto,6,755.4300000000001
ORD0018571,1,boleto,3,121.97
ORD0018572,1,credit_card,8,794.2199999999999
ORD0018573,1,debit_card,10,51.14
ORD0018574,1,voucher,4,576.1
ORD0018575,1,credit_card,2,94.52
ORD0018576,1,credit_card,9,913.6600000000001
ORD0018577,1,voucher,12,676.4
ORD0018578,1,credit_card,9,160.29
ORD0018579,1,boleto,2,37.19
ORD0018580,1,credit_card,8,769.14
ORD0018581,1,boleto,11,95.48
ORD0018582,1,boleto,4,139.41
ORD0018583,1,boleto,11,107.17
ORD0018584,1,voucher,12,62.76
ORD0018585,1,debit_card,5,485.96000000000004
ORD0018586,1,boleto,4,121.76
ORD0018587,1,debit_card,12,110.83
ORD0018588,1,boleto,6,90.82
ORD0018589,1,boleto,10,110.25
ORD0018590,1,debit_card,4,83.9
ORD0018591,1,credit_card,5,629.14
ORD0018592,1,boleto,12,274.85
ORD0018593,1,credit_card,12,49.0
ORD0018594,1,voucher,5,948.3399999999999
ORD0018595,1,credit_card,6,171.04
ORD0018596,1,boleto,7,21.73
ORD0018597,1,voucher,12,379.34
ORD0018598,1,boleto,11,766.28
ORD0018599,1,boleto,5,108.05
ORD0018600,1,voucher,6,81.17
ORD0018601,1,credit_card,7,147.54
ORD0018602,1,debit_card,1,738.61
ORD0018603,1,credit_card,12,332.67
ORD0018604,1,credit_card,9,921.8499999999999
ORD0018605,1,voucher,9,612.46
ORD0018606,1,boleto,6,63.91
ORD0018607,1,voucher,5,428.3
ORD0018608,1,credit_card,8,151.17000000000002
ORD0018609,1,voucher,4,701.23
ORD0018610,1,boleto,5,116.64
ORD0018611,1,debit_card,4,138.71
ORD0018612,1,boleto,7,581.63
ORD0018613,1,credit_card,6,95.16
ORD0018614,1,credit_card,10,257.6
ORD0018615,1,credit_card,3,126.33
ORD0018616,1,credit_card,2,62.28
ORD0018617,1,credit_card,11,1097.31
ORD0018618,1,boleto,10,251.0
ORD0018619,1,voucher,5,28.19
ORD0018620,1,credit_card,7,846.67
ORD0018621,1,boleto,7,259.94
ORD0018622,1,voucher,11,807.2
ORD0018623,1,credit_card,9,326.1
ORD0018624,1,debit_card,6,479.6
ORD0018625,1,boleto,6,478.02
ORD0018626,1,voucher,9,124.75
ORD0018627,1,debit_card,9,42.94
ORD0018628,1,debit_card,4,542.51
ORD0018629,1,boleto,11,483.72
ORD0018630,1,voucher,10,58.59
ORD0018631,1,boleto,8,417.35
ORD0018632,1,boleto,11,216.84
ORD0018633,1,credit_card,1,926.62
ORD0018634,1,credit_card,4,242.69
ORD0018635,1,debit_card,12,87.89
ORD0018636,1,debit_card,6,294.67
ORD0018637,1,voucher,1,339.32
ORD0018638,1,debit_card,2,144.02
ORD0018639,1,debit_card,11,52.15
ORD0018640,1,debit_card,8,1228.4
ORD0018641,1,debit_card,9,634.72
ORD0018642,1,credit_card,1,1436.13
ORD0018643,1,boleto,6,459.64
ORD0018644,1,debit_card,9,66.9
ORD0018645,1,voucher,6,39.48
ORD0018646,1,credit_card,9,70.44
ORD0018647,1,boleto,8,277.40999999999997
ORD0018648,1,debit_card,5,55.25
ORD0018649,1,debit_card,1,68.9
ORD0018650,1,boleto,9,187.88
ORD0018651,1,debit_card,4,216.08
ORD0018652,1,boleto,7,1245.06
ORD0018653,1,voucher,10,119.98
ORD0018654,1,debit_card,6,181.34
ORD0018655,1,debit_card,11,223.23000000000002
ORD0018656,1,boleto,9,88.32
ORD0018657,1,voucher,6,993.95
ORD0018658,1,boleto,6,840.1700000000001
ORD0018659,1,debit_card,12,1894.3799999999999
ORD0018660,1,debit_card,8,676.26
ORD0018661,1,voucher,4,125.3
ORD0018662,1,boleto,6,316.59000000000003
ORD0018663,1,credit_card,9,121.41
ORD0018664,1,voucher,12,70.44
ORD0018665,1,boleto,4,950.6099999999999
ORD0018666,1,voucher,9,1342.47
ORD0018667,1,debit_card,1,336.08
ORD0018668,1,debit_card,4,351.87
ORD0018669,1,boleto,5,167.69
ORD0018670,1,voucher,5,101.13
ORD0018671,1,credit_card,5,132.57
ORD0018672,1,debit_card,8,425.53000000000003
ORD0018673,1,credit_card,12,196.7
ORD0018674,1,boleto,7,59.86
ORD0018675,1,voucher,2,277.46
ORD0018676,1,debit_card,2,70.58
ORD0018677,1,credit_card,2,114.92
ORD0018678,1,debit_card,2,504.90000000000003
ORD0018679,1,boleto,2,358.42
ORD0018680,1,boleto,3,66.75
ORD0018681,1,voucher,6,933.0899999999999
ORD0018682,1,credit_card,1,896.41
ORD0018683,1,debit_card,3,82.88
ORD0018684,1,debit_card,6,47.57
ORD0018685,1,boleto,2,149.32
ORD0018686,1,voucher,2,31.93
ORD0018687,1,boleto,9,860.68
ORD0018688,1,boleto,2,297.66999999999996
ORD0018689,1,debit_card,6,62.21000000000001
ORD0018690,1,boleto,6,78.66
ORD0018691,1,debit_card,8,197.48
ORD0018692,1,credit_card,10,87.6
ORD0018693,1,debit_card,12,416.19
ORD0018694,1,credit_card,1,294.96
ORD0018695,1,boleto,2,373.29
ORD0018696,1,boleto,2,330.32
ORD0018697,1,boleto,1,14.45
ORD0018698,1,credit_card,8,277.66
ORD0018699,1,voucher,12,49.01
ORD0018700,1,voucher,6,364.44
ORD0018701,1,debit_card,3,899.64
ORD0018702,1,credit_card,3,351.73
ORD0018703,1,credit_card,9,436.66
ORD0018704,1,voucher,2,45.04
ORD0018705,1,voucher,12,146.55
ORD0018706,1,boleto,4,94.65
ORD0018707,1,boleto,11,188.79
ORD0018708,1,boleto,7,297.22
ORD0018709,1,voucher,11,336.96
ORD0018710,1,boleto,5,933.73
ORD0018711,1,debit_card,5,37.61
ORD0018712,1,boleto,8,1708.44
ORD0018713,1,boleto,3,434.32
ORD0018714,1,boleto,7,711.71
ORD0018715,1,boleto,5,213.45
ORD0018716,1,credit_card,12,265.07
ORD0018717,1,credit_card,1,37.48
ORD0018718,1,boleto,10,110.42
ORD0018719,1,credit_card,6,289.2
ORD0018720,1,voucher,3,438.76
ORD0018721,1,credit_card,7,1230.75
ORD0018722,1,debit_card,9,341.18
ORD0018723,1,credit_card,8,628.44
ORD0018724,1,debit_card,1,312.74
ORD0018725,1,voucher,2,194.25
ORD0018726,1,credit_card,4,35.99
ORD0018727,1,voucher,2,365.5
ORD0018728,1,credit_card,10,178.47
ORD0018729,1,boleto,12,180.12
ORD0018730,1,boleto,4,37.68
ORD0018731,1,credit_card,4,688.48
ORD0018732,1,debit_card,1,296.89
ORD0018733,1,credit_card,5,367.2
ORD0018734,1,debit_card,4,464.40999999999997
ORD0018735,1,voucher,9,137.57999999999998
ORD0018736,1,credit_card,9,54.11
ORD0018737,1,debit_card,10,184.56
ORD0018738,1,credit_card,10,476.52
ORD0018739,1,debit_card,12,215.22
ORD0018740,1,credit_card,6,1045.53
ORD0018741,1,debit_card,1,213.59
ORD0018742,1,boleto,2,437.95000000000005
ORD0018743,1,boleto,7,749.72
ORD0018744,1,voucher,3,533.13
ORD0018745,1,voucher,3,78.69
ORD0018746,1,credit_card,10,374.21
ORD0018747,1,credit_card,10,181.02
ORD0018748,1,voucher,2,15.06
ORD0018749,1,credit_card,3,26.76
ORD0018750,1,debit_card,2,95.47
ORD0018751,1,boleto,6,93.4
ORD0018752,1,debit_card,4,167.39999999999998
ORD0018753,1,boleto,8,139.98
ORD0018754,1,voucher,1,519.03
ORD0018755,1,boleto,10,174.96
ORD0018756,1,debit_card,12,331.68
ORD0018757,1,credit_card,11,125.35
ORD0018758,1,voucher,8,815.12
ORD0018759,1,debit_card,8,485.28999999999996
ORD0018760,1,debit_card,10,178.68
ORD0018761,1,voucher,3,159.68
ORD0018762,1,credit_card,12,404.47
ORD0018763,1,credit_card,12,233.85000000000002
ORD0018764,1,boleto,12,115.91
ORD0018765,1,voucher,12,60.06
ORD0018766,1,boleto,10,326.24
ORD0018767,1,debit_card,4,663.86
ORD0018768,1,boleto,4,30.87
ORD0018769,1,credit_card,1,95.28
ORD0018770,1,credit_card,11,338.44
ORD0018771,1,boleto,9,178.23
ORD0018772,1,boleto,9,154.6
ORD0018773,1,debit_card,5,589.59
ORD0018774,1,debit_card,6,53.19
ORD0018775,1,voucher,8,476.66
ORD0018776,1,voucher,11,274.52
ORD0018777,1,debit_card,10,112.98
ORD0018778,1,boleto,11,105.98
ORD0018779,1,debit_card,5,749.38
ORD0018780,1,credit_card,11,118.25
ORD0018781,1,voucher,4,215.36
ORD0018782,1,voucher,12,234.28
ORD0018783,1,debit_card,2,129.02
ORD0018784,1,credit_card,7,752.65
ORD0018785,1,voucher,12,954.28
ORD0018786,1,boleto,7,902.3700000000001
ORD0018787,1,boleto,8,40.18
ORD0018788,1,debit_card,10,69.47
ORD0018789,1,voucher,4,408.6
ORD0018790,1,credit_card,11,204.98000000000002
ORD0018791,1,credit_card,12,95.53
ORD0018792,1,voucher,6,40.14
ORD0018793,1,credit_card,12,162.39
ORD0018794,1,debit_card,9,115.29
ORD0018795,1,voucher,10,26.8
ORD0018796,1,voucher,1,785.76
ORD0018797,1,debit_card,5,134.66
ORD0018798,1,boleto,1,369.43
ORD0018799,1,boleto,5,110.86
ORD0018800,1,boleto,12,174.3
ORD0018801,1,boleto,9,724.75
ORD0018802,1,voucher,10,28.19
ORD0018803,1,debit_card,8,34.11
ORD0018804,1,voucher,12,949.14
ORD0018805,1,credit_card,7,94.72
ORD0018806,1,debit_card,7,411.31
ORD0018807,1,boleto,9,235.41
ORD0018808,1,debit_card,3,250.54
ORD0018809,1,voucher,5,299.83
ORD0018810,1,credit_card,6,211.52
ORD0018811,1,debit_card,12,74.33
ORD0018812,1,debit_card,12,114.0
ORD0018813,1,voucher,7,150.92000000000002
ORD0018814,1,voucher,1,83.12
ORD0018815,1,credit_card,8,361.56000000000006
ORD0018816,1,debit_card,6,2203.4700000000003
ORD0018817,1,debit_card,8,51.14
ORD0018818,1,debit_card,9,165.10000000000002
ORD0018819,1,voucher,3,105.64
ORD0018820,1,debit_card,7,535.4
ORD0018821,1,debit_card,11,244.74
ORD0018822,1,boleto,1,408.7
ORD0018823,1,voucher,10,285.28
ORD0018824,1,voucher,11,28.28
ORD0018825,1,debit_card,7,161.01
ORD0018826,1,boleto,8,169.95000000000002
ORD0018827,1,boleto,9,2528.88
ORD0018828,1,voucher,12,157.11
ORD0018829,1,voucher,5,724.75
ORD0018830,1,boleto,6,153.51
ORD0018831,1,voucher,3,562.98
ORD0018832,1,credit_card,4,282.25
ORD0018833,1,debit_card,3,125.31
ORD0018834,1,credit_card,5,1117.2
ORD0018835,1,voucher,12,1061.07
ORD0018836,1,voucher,7,48.5
ORD0018837,1,voucher,6,219.62000000000003
ORD0018838,1,debit_card,10,157.56
ORD0018839,1,voucher,3,185.36
ORD0018840,1,voucher,6,185.70000000000002
ORD0018841,1,boleto,6,960.71
ORD0018842,1,voucher,7,195.33
ORD0018843,1,boleto,4,486.8
ORD0018844,1,credit_card,5,63.74
ORD0018845,1,voucher,8,304.6
ORD0018846,1,debit_card,6,84.78
ORD0018847,1,credit_card,10,167.69
ORD0018848,1,boleto,3,169.92
ORD0018849,1,boleto,11,394.14
ORD0018850,1,debit_card,11,139.21
ORD0018851,1,credit_card,7,629.12
ORD0018852,1,debit_card,4,104.66
ORD0018853,1,voucher,6,196.46
ORD0018854,1,credit_card,1,293.36
ORD0018855,1,boleto,12,534.1500000000001
ORD0018856,1,voucher,7,89.78
ORD0018857,1,boleto,2,276.53999999999996
ORD0018858,1,boleto,6,88.1
ORD0018859,1,credit_card,2,212.8
ORD0018860,1,boleto,7,56.47
ORD0018861,1,voucher,5,130.64
ORD0018862,1,debit_card,4,44.48
ORD0018863,1,boleto,5,158.78
ORD0018864,1,voucher,11,115.02
ORD0018865,1,credit_card,4,109.46
ORD0018866,1,debit_card,4,19.34
ORD0018867,1,debit_card,7,559.55
ORD0018868,1,debit_card,12,417.13
ORD0018869,1,debit_card,12,216.6
ORD0018870,1,credit_card,8,413.96000000000004
ORD0018871,1,voucher,12,183.12
ORD0018872,1,boleto,4,180.14
ORD0018873,1,credit_card,9,346.06
ORD0018874,1,credit_card,8,205.32
ORD0018875,1,debit_card,1,69.77
ORD0018876,1,debit_card,7,893.9100000000001
ORD0018877,1,boleto,8,89.17
ORD0018878,1,credit_card,3,45.93
ORD0018879,1,debit_card,5,419.99
ORD0018880,1,voucher,4,56.47
ORD0018881,1,voucher,12,355.5
ORD0018882,1,debit_card,11,204.23
ORD0018883,1,voucher,4,445.65000000000003
ORD0018884,1,debit_card,4,105.88
ORD0018885,1,credit_card,12,137.25
ORD0018886,1,boleto,4,73.25
ORD0018887,1,voucher,5,363.79999999999995
ORD0018888,1,credit_card,5,49.38
ORD0018889,1,credit_card,9,546.28
ORD0018890,1,boleto,6,45.34
ORD0018891,1,boleto,11,213.95
ORD0018892,1,credit_card,4,93.85
ORD0018893,1,voucher,1,433.92
ORD0018894,1,voucher,3,849.2
ORD0018895,1,boleto,12,377.04
ORD0018896,1,debit_card,10,118.82
ORD0018897,1,debit_card,4,210.54000000000002
ORD0018898,1,debit_card,8,58.72
ORD0018899,1,boleto,6,136.22
ORD0018900,1,boleto,11,92.43
ORD0018901,1,boleto,2,16.7
ORD0018902,1,voucher,4,63.52
ORD0018903,1,boleto,11,485.71
ORD0018904,1,debit_card,6,129.29
ORD0018905,1,credit_card,1,108.04
ORD0018906,1,boleto,10,1393.16
ORD0018907,1,boleto,11,442.04
ORD0018908,1,credit_card,8,93.7
ORD0018909,1,credit_card,6,243.86
ORD0018910,1,voucher,6,493.36
ORD0018911,1,boleto,2,290.16
ORD0018912,1,debit_card,11,231.29
ORD0018913,1,voucher,4,88.56
ORD0018914,1,boleto,8,59.39
ORD0018915,1,voucher,11,484.05
ORD0018916,1,voucher,8,1371.18
ORD0018917,1,voucher,9,1480.87
ORD0018918,1,voucher,6,59.08
ORD0018919,1,credit_card,4,553.58
ORD0018920,1,debit_card,12,799.4100000000001
ORD0018921,1,boleto,7,37.88
ORD0018922,1,debit_card,2,18.67
ORD0018923,1,boleto,12,115.52
ORD0018924,1,voucher,6,953.32
ORD0018925,1,debit_card,9,19.09
ORD0018926,1,boleto,5,66.53
ORD0018927,1,credit_card,11,96.78
ORD0018928,1,credit_card,12,509.15999999999997
ORD0018929,1,voucher,10,156.24
ORD0018930,1,boleto,6,50.72
ORD0018931,1,debit_card,1,350.14
ORD0018932,1,credit_card,5,129.35
ORD0018933,1,boleto,3,200.84
ORD0018934,1,boleto,5,699.5899999999999
ORD0018935,1,debit_card,2,316.71
ORD0018936,1,boleto,7,76.26
ORD0018937,1,boleto,3,599.86
ORD0018938,1,debit_card,12,359.74
ORD0018939,1,voucher,12,118.48
ORD0018940,1,credit_card,2,94.93
ORD0018941,1,boleto,5,432.16
ORD0018942,1,debit_card,4,409.86
ORD0018943,1,debit_card,5,94.26
ORD0018944,1,debit_card,11,345.87
ORD0018945,1,credit_card,4,443.22
ORD0018946,1,voucher,3,115.77000000000001
ORD0018947,1,voucher,6,1466.32
ORD0018948,1,debit_card,6,1217.48
ORD0018949,1,boleto,2,1489.72
ORD0018950,1,boleto,2,140.75
ORD0018951,1,boleto,5,129.28
ORD0018952,1,debit_card,4,361.18
ORD0018953,1,credit_card,5,242.20999999999998
ORD0018954,1,debit_card,12,114.39000000000001
ORD0018955,1,credit_card,6,256.17
ORD0018956,1,debit_card,10,455.97
ORD0018957,1,voucher,4,222.07999999999998
ORD0018958,1,debit_card,3,227.04000000000002
ORD0018959,1,credit_card,10,730.6
ORD0018960,1,credit_card,4,184.86
ORD0018961,1,credit_card,7,70.9
ORD0018962,1,credit_card,2,470.24999999999994
ORD0018963,1,boleto,10,240.22
ORD0018964,1,debit_card,1,238.94
ORD0018965,1,debit_card,6,1392.78
ORD0018966,1,voucher,7,325.86
ORD0018967,1,credit_card,7,215.98
ORD0018968,1,credit_card,10,66.53
ORD0018969,1,voucher,4,64.97
ORD0018970,1,credit_card,1,121.49
ORD0018971,1,voucher,6,1024.1
ORD0018972,1,voucher,12,590.76
ORD0018973,1,credit_card,3,216.72
ORD0018974,1,debit_card,5,230.08
ORD0018975,1,debit_card,12,330.02
ORD0018976,1,boleto,12,914.58
ORD0018977,1,voucher,4,41.75
ORD0018978,1,debit_card,7,69.88
ORD0018979,1,credit_card,6,537.48
ORD0018980,1,credit_card,4,944.4300000000001
ORD0018981,1,voucher,7,76.32
ORD0018982,1,debit_card,2,72.91
ORD0018983,1,credit_card,11,882.17
ORD0018984,1,debit_card,10,130.11
ORD0018985,1,credit_card,7,135.11
ORD0018986,1,debit_card,2,37.71
ORD0018987,1,credit_card,1,96.8
ORD0018988,1,boleto,10,156.69
ORD0018989,1,debit_card,8,1632.9599999999998
ORD0018990,1,boleto,8,986.6100000000001
ORD0018991,1,voucher,3,824.57
ORD0018992,1,voucher,8,143.15
ORD0018993,1,boleto,9,505.23
ORD0018994,1,voucher,3,936.85
ORD0018995,1,voucher,6,43.86
ORD0018996,1,voucher,5,76.64
ORD0018997,1,voucher,7,348.64
ORD0018998,1,voucher,5,504.6
ORD0018999,1,voucher,11,118.5
ORD0019000,1,voucher,7,194.05
ORD0019001,1,boleto,6,1339.19
ORD0019002,1,debit_card,1,203.45
ORD0019003,1,voucher,4,166.62
ORD0019004,1,voucher,1,148.14000000000001
ORD0019005,1,debit_card,8,287.19
ORD0019006,1,debit_card,11,90.23
ORD0019007,1,credit_card,8,383.59
ORD0019008,1,debit_card,2,281.82
ORD0019009,1,credit_card,11,140.1
ORD0019010,1,debit_card,10,246.68
ORD0019011,1,boleto,8,879.95
ORD0019012,1,debit_card,12,311.25
ORD0019013,1,voucher,1,15.37
ORD0019014,1,debit_card,1,245.15
ORD0019015,1,voucher,11,661.74
ORD0019016,1,voucher,2,139.52
ORD0019017,1,credit_card,1,141.13
ORD0019018,1,debit_card,5,512.84
ORD0019019,1,debit_card,11,489.16
ORD0019020,1,voucher,8,33.76
ORD0019021,1,voucher,5,782.26
ORD0019022,1,debit_card,5,1111.29
ORD0019023,1,boleto,3,96.03
ORD0019024,1,credit_card,6,53.0
ORD0019025,1,voucher,8,62.42
ORD0019026,1,credit_card,9,222.16
ORD0019027,1,debit_card,6,613.52
ORD0019028,1,voucher,11,108.53
ORD0019029,1,boleto,3,607.85
ORD0019030,1,credit_card,10,405.84000000000003
ORD0019031,1,boleto,6,80.65
ORD0019032,1,debit_card,5,524.96
ORD0019033,1,debit_card,1,364.0
ORD0019034,1,debit_card,7,547.31
ORD0019035,1,voucher,4,295.15999999999997
ORD0019036,1,boleto,7,678.0
ORD0019037,1,boleto,1,57.18
ORD0019038,1,credit_card,2,200.14
ORD0019039,1,debit_card,8,1488.6000000000001
ORD0019040,1,boleto,5,207.66
ORD0019041,1,voucher,4,16.47
ORD0019042,1,boleto,12,606.75
ORD0019043,1,credit_card,7,1829.5
ORD0019044,1,voucher,9,93.94
ORD0019045,1,debit_card,10,516.78
ORD0019046,1,boleto,2,390.81000000000006
ORD0019047,1,boleto,2,168.49
ORD0019048,1,debit_card,2,285.43
ORD0019049,1,credit_card,9,129.6
ORD0019050,1,voucher,10,791.52
ORD0019051,1,boleto,11,294.61
ORD0019052,1,boleto,3,1435.71
ORD0019053,1,boleto,11,160.35
ORD0019054,1,voucher,8,934.21
ORD0019055,1,voucher,4,35.84
ORD0019056,1,debit_card,10,196.53
ORD0019057,1,credit_card,8,446.71000000000004
ORD0019058,1,voucher,10,655.4
ORD0019059,1,debit_card,6,30.08
ORD0019060,1,voucher,11,141.2
ORD0019061,1,voucher,8,867.76
ORD0019062,1,boleto,10,35.02
ORD0019063,1,boleto,2,140.16
ORD0019064,1,credit_card,8,1583.16
ORD0019065,1,credit_card,8,375.78000000000003
ORD0019066,1,boleto,3,1033.4
ORD0019067,1,debit_card,5,352.69000000000005
ORD0019068,1,debit_card,6,571.62
ORD0019069,1,debit_card,1,167.72
ORD0019070,1,credit_card,12,1504.05
ORD0019071,1,credit_card,1,156.8
ORD0019072,1,debit_card,2,113.75
ORD0019073,1,debit_card,8,138.26999999999998
ORD0019074,1,credit_card,12,544.2
ORD0019075,1,voucher,10,50.67
ORD0019076,1,debit_card,1,201.76
ORD0019077,1,credit_card,7,230.08
ORD0019078,1,voucher,5,57.12
ORD0019079,1,voucher,3,84.63
ORD0019080,1,credit_card,3,87.33
ORD0019081,1,voucher,9,67.48
ORD0019082,1,debit_card,6,1096.92
ORD0019083,1,voucher,3,52.12
ORD0019084,1,voucher,10,349.15999999999997
ORD0019085,1,boleto,10,1599.12
ORD0019086,1,boleto,5,452.14
ORD0019087,1,credit_card,2,201.8
ORD0019088,1,credit_card,7,898.5600000000001
ORD0019089,1,boleto,7,1397.04
ORD0019090,1,voucher,7,535.89
ORD0019091,1,debit_card,12,93.7
ORD0019092,1,voucher,10,752.7
ORD0019093,1,boleto,5,213.66
ORD0019094,1,debit_card,3,520.74
ORD0019095,1,boleto,11,354.03
ORD0019096,1,credit_card,3,212.75
ORD0019097,1,debit_card,12,810.66
ORD0019098,1,debit_card,11,89.34
ORD0019099,1,debit_card,10,450.93000000000006
ORD0019100,1,voucher,3,620.64
ORD0019101,1,debit_card,10,224.71
ORD0019102,1,boleto,5,40.36
ORD0019103,1,debit_card,8,367.47999999999996
ORD0019104,1,voucher,11,344.6
ORD0019105,1,debit_card,3,192.56
ORD0019106,1,debit_card,7,297.97
ORD0019107,1,debit_card,11,420.06
ORD0019108,1,voucher,9,89.2
ORD0019109,1,boleto,1,710.78
ORD0019110,1,voucher,3,263.67
ORD0019111,1,credit_card,10,328.35
ORD0019112,1,debit_card,6,268.0
ORD0019113,1,boleto,5,828.69
ORD0019114,1,voucher,3,222.88
ORD0019115,1,debit_card,8,93.2
ORD0019116,1,boleto,12,286.84
ORD0019117,1,voucher,12,110.5
ORD0019118,1,credit_card,3,714.08
ORD0019119,1,boleto,1,145.9
ORD0019120,1,boleto,10,300.04
ORD0019121,1,voucher,10,53.18
ORD0019122,1,debit_card,9,425.16999999999996
ORD0019123,1,debit_card,4,23.36
ORD0019124,1,voucher,6,32.07
ORD0019125,1,boleto,4,62.24
ORD0019126,1,debit_card,10,163.64
ORD0019127,1,boleto,1,310.04
ORD0019128,1,voucher,5,554.63
ORD0019129,1,debit_card,11,44.28
ORD0019130,1,voucher,1,287.42
ORD0019131,1,voucher,9,287.87
ORD0019132,1,credit_card,9,178.96
ORD0019133,1,voucher,6,18.93
ORD0019134,1,boleto,10,187.5
ORD0019135,1,voucher,11,34.32
ORD0019136,1,voucher,12,183.27
ORD0019137,1,voucher,9,93.25
ORD0019138,1,voucher,8,820.64
ORD0019139,1,credit_card,4,92.07000000000001
ORD0019140,1,boleto,5,652.96
ORD0019141,1,debit_card,5,889.28
ORD0019142,1,credit_card,10,87.12
ORD0019143,1,credit_card,3,236.63
ORD0019144,1,voucher,11,87.15
ORD0019145,1,boleto,12,399.82000000000005
ORD0019146,1,credit_card,11,67.33
ORD0019147,1,credit_card,1,290.18
ORD0019148,1,credit_card,5,767.55
ORD0019149,1,voucher,2,818.54
ORD0019150,1,boleto,5,71.04
ORD0019151,1,credit_card,10,86.65
ORD0019152,1,credit_card,9,903.54
ORD0019153,1,voucher,10,178.05
ORD0019154,1,voucher,6,422.03999999999996
ORD0019155,1,voucher,9,953.79
ORD0019156,1,boleto,8,896.87
ORD0019157,1,debit_card,11,29.6
ORD0019158,1,credit_card,8,274.12
ORD0019159,1,boleto,11,408.63
ORD0019160,1,voucher,10,428.39
ORD0019161,1,credit_card,12,713.13
ORD0019162,1,debit_card,1,441.38
ORD0019163,1,debit_card,12,202.44
ORD0019164,1,credit_card,3,32.54
ORD0019165,1,debit_card,1,212.52
ORD0019166,1,credit_card,9,90.57
ORD0019167,1,boleto,3,62.16
ORD0019168,1,voucher,11,15.91
ORD0019169,1,voucher,4,165.91
ORD0019170,1,credit_card,7,422.22
ORD0019171,1,voucher,7,183.32
ORD0019172,1,debit_card,7,106.36
ORD0019173,1,debit_card,5,173.15
ORD0019174,1,boleto,12,360.98
ORD0019175,1,voucher,10,158.6
ORD0019176,1,voucher,12,380.89
ORD0019177,1,boleto,10,341.13
ORD0019178,1,voucher,8,990.96
ORD0019179,1,credit_card,10,797.96
ORD0019180,1,boleto,11,89.78
ORD0019181,1,debit_card,1,207.04
ORD0019182,1,voucher,4,1031.2
ORD0019183,1,voucher,11,93.78
ORD0019184,1,voucher,4,482.63
ORD0019185,1,debit_card,7,2366.2200000000003
ORD0019186,1,debit_card,2,193.04999999999998
ORD0019187,1,credit_card,4,132.21
ORD0019188,1,credit_card,12,299.0
ORD0019189,1,boleto,12,608.95
ORD0019190,1,boleto,2,265.14
ORD0019191,1,boleto,6,61.61
ORD0019192,1,boleto,4,115.84
ORD0019193,1,boleto,11,731.6500000000001
ORD0019194,1,boleto,9,367.2
ORD0019195,1,voucher,11,152.78
ORD0019196,1,voucher,11,2441.41
ORD0019197,1,credit_card,11,142.76
ORD0019198,1,credit_card,1,397.12
ORD0019199,1,voucher,6,33.13
ORD0019200,1,debit_card,9,903.74
ORD0019201,1,voucher,11,1126.1
ORD0019202,1,debit_card,8,239.22000000000003
ORD0019203,1,boleto,6,612.94
ORD0019204,1,boleto,11,314.13
ORD0019205,1,debit_card,1,28.28
ORD0019206,1,voucher,2,97.6
ORD0019207,1,boleto,9,816.13
ORD0019208,1,credit_card,3,171.35999999999999
ORD0019209,1,boleto,2,162.93
ORD0019210,1,credit_card,9,947.88
ORD0019211,1,debit_card,1,457.95
ORD0019212,1,credit_card,10,2177.55
ORD0019213,1,voucher,6,538.55
ORD0019214,1,credit_card,2,89.80000000000001
ORD0019215,1,credit_card,10,276.73
ORD0019216,1,credit_card,9,1561.8999999999999
ORD0019217,1,voucher,9,86.96
ORD0019218,1,credit_card,3,157.2
ORD0019219,1,credit_card,3,1318.5
ORD0019220,1,voucher,11,70.94
ORD0019221,1,voucher,4,488.92
ORD0019222,1,boleto,4,614.78
ORD0019223,1,boleto,6,37.61
ORD0019224,1,voucher,11,629.34
ORD0019225,1,debit_card,2,171.04
ORD0019226,1,voucher,11,885.19
ORD0019227,1,credit_card,9,1025.8999999999999
ORD0019228,1,credit_card,2,247.89
ORD0019229,1,boleto,4,387.26
ORD0019230,1,voucher,4,950.5600000000001
ORD0019231,1,credit_card,12,486.54
ORD0019232,1,debit_card,6,382.96000000000004
ORD0019233,1,debit_card,4,299.11
ORD0019234,1,debit_card,4,424.22999999999996
ORD0019235,1,boleto,3,644.36
ORD0019236,1,debit_card,10,1821.83
ORD0019237,1,credit_card,2,17.97
ORD0019238,1,boleto,12,84.79
ORD0019239,1,voucher,9,394.95000000000005
ORD0019240,1,credit_card,7,127.58
ORD0019241,1,voucher,7,389.95
ORD0019242,1,debit_card,9,767.5899999999999
ORD0019243,1,boleto,8,35.53
ORD0019244,1,voucher,8,1152.2
ORD0019245,1,voucher,12,995.7900000000001
ORD0019246,1,debit_card,11,824.6700000000001
ORD0019247,1,boleto,9,186.84
ORD0019248,1,voucher,4,784.8
ORD0019249,1,debit_card,10,123.82
ORD0019250,1,voucher,1,177.29000000000002
ORD0019251,1,debit_card,3,359.34000000000003
ORD0019252,1,debit_card,3,289.38
ORD0019253,1,debit_card,2,54.57
ORD0019254,1,debit_card,8,299.62
ORD0019255,1,debit_card,6,961.1400000000001
ORD0019256,1,boleto,9,454.27
ORD0019257,1,credit_card,3,117.14
ORD0019258,1,voucher,1,35.11
ORD0019259,1,debit_card,11,52.66
ORD0019260,1,credit_card,12,202.73000000000002
ORD0019261,1,credit_card,4,153.88
ORD0019262,1,boleto,12,358.78999999999996
ORD0019263,1,voucher,10,905.76
ORD0019264,1,boleto,3,33.71
ORD0019265,1,voucher,10,97.11
ORD0019266,1,voucher,8,203.3
ORD0019267,1,voucher,12,533.0500000000001
ORD0019268,1,credit_card,10,108.53
ORD0019269,1,credit_card,4,1865.74
ORD0019270,1,credit_card,9,652.8
ORD0019271,1,boleto,11,826.1100000000001
ORD0019272,1,boleto,7,2062.9
ORD0019273,1,voucher,11,769.5600000000001
ORD0019274,1,debit_card,7,44.38
ORD0019275,1,boleto,10,43.17
ORD0019276,1,voucher,4,111.82
ORD0019277,1,boleto,4,244.82
ORD0019278,1,credit_card,10,816.76
ORD0019279,1,voucher,6,778.62
ORD0019280,1,credit_card,5,107.34
ORD0019281,1,boleto,12,1377.8500000000001
ORD0019282,1,credit_card,6,252.98000000000002
ORD0019283,1,boleto,8,570.69
ORD0019284,1,boleto,8,131.88
ORD0019285,1,debit_card,8,246.51
ORD0019286,1,credit_card,4,448.84999999999997
ORD0019287,1,voucher,4,128.54
ORD0019288,1,boleto,12,119.44
ORD0019289,1,credit_card,6,673.2
ORD0019290,1,boleto,5,1111.37
ORD0019291,1,boleto,7,1665.1100000000001
ORD0019292,1,boleto,9,352.88
ORD0019293,1,boleto,12,286.86
ORD0019294,1,boleto,1,604.86
ORD0019295,1,voucher,11,78.0
ORD0019296,1,boleto,10,155.1
ORD0019297,1,credit_card,9,2114.3
ORD0019298,1,debit_card,4,144.83999999999997
ORD0019299,1,boleto,11,112.98
ORD0019300,1,debit_card,7,1153.8600000000001
ORD0019301,1,voucher,6,447.76
ORD0019302,1,debit_card,8,38.95
ORD0019303,1,debit_card,12,116.1
ORD0019304,1,boleto,3,274.07
ORD0019305,1,debit_card,3,280.86
ORD0019306,1,credit_card,12,125.74
ORD0019307,1,debit_card,5,430.16999999999996
ORD0019308,1,voucher,2,139.7
ORD0019309,1,credit_card,4,123.0
ORD0019310,1,boleto,5,231.29999999999998
ORD0019311,1,debit_card,7,713.25
ORD0019312,1,credit_card,10,42.36
ORD0019313,1,credit_card,3,386.37
ORD0019314,1,credit_card,1,325.86
ORD0019315,1,credit_card,3,244.79000000000002
ORD0019316,1,debit_card,2,309.02
ORD0019317,1,voucher,3,219.69
ORD0019318,1,debit_card,8,179.13
ORD0019319,1,debit_card,3,48.95
ORD0019320,1,voucher,7,50.32
ORD0019321,1,debit_card,8,167.72
ORD0019322,1,boleto,5,1286.78
ORD0019323,1,boleto,8,121.38
ORD0019324,1,boleto,10,490.09999999999997
ORD0019325,1,boleto,6,51.17
ORD0019326,1,voucher,2,15.37
ORD0019327,1,debit_card,3,78.92
ORD0019328,1,debit_card,4,113.49
ORD0019329,1,voucher,10,80.52
ORD0019330,1,credit_card,2,121.47
ORD0019331,1,boleto,6,228.27
ORD0019332,1,credit_card,3,362.22
ORD0019333,1,voucher,10,563.27
ORD0019334,1,boleto,9,258.1
ORD0019335,1,boleto,2,94.64
ORD0019336,1,boleto,7,336.83
ORD0019337,1,boleto,1,465.53
ORD0019338,1,credit_card,7,108.53
ORD0019339,1,debit_card,9,37.0
ORD0019340,1,credit_card,4,545.96
ORD0019341,1,debit_card,6,741.8800000000001
ORD0019342,1,debit_card,7,112.83
ORD0019343,1,boleto,2,369.72
ORD0019344,1,credit_card,6,893.79
ORD0019345,1,boleto,3,129.35
ORD0019346,1,boleto,3,359.08
ORD0019347,1,boleto,4,182.36
ORD0019348,1,boleto,10,418.91999999999996
ORD0019349,1,boleto,2,110.08
ORD0019350,1,voucher,11,28.6
ORD0019351,1,boleto,9,151.77
ORD0019352,1,boleto,1,22.19
ORD0019353,1,debit_card,12,71.34
ORD0019354,1,voucher,5,102.16
ORD0019355,1,voucher,10,295.48
ORD0019356,1,boleto,11,297.33000000000004
ORD0019357,1,debit_card,8,378.88
ORD0019358,1,boleto,3,71.97
ORD0019359,1,debit_card,1,780.8000000000001
ORD0019360,1,boleto,6,433.4200000000001
ORD0019361,1,boleto,12,545.8499999999999
ORD0019362,1,boleto,5,252.0
ORD0019363,1,boleto,10,76.74
ORD0019364,1,credit_card,5,656.9200000000001
ORD0019365,1,boleto,2,1529.4
ORD0019366,1,credit_card,9,343.8
ORD0019367,1,voucher,3,73.25
ORD0019368,1,debit_card,2,399.13
ORD0019369,1,voucher,1,92.99
ORD0019370,1,credit_card,1,492.65
ORD0019371,1,credit_card,8,615.12
ORD0019372,1,voucher,1,182.28
ORD0019373,1,debit_card,8,128.21
ORD0019374,1,debit_card,12,109.29
ORD0019375,1,voucher,3,60.49
ORD0019376,1,voucher,11,394.5
ORD0019377,1,voucher,1,645.58
ORD0019378,1,voucher,12,919.65
ORD0019379,1,credit_card,6,509.54999999999995
ORD0019380,1,credit_card,6,120.48
ORD0019381,1,debit_card,5,486.6
ORD0019382,1,boleto,2,63.74
ORD0019383,1,credit_card,11,63.8
ORD0019384,1,debit_card,7,359.08
ORD0019385,1,debit_card,4,56.32
ORD0019386,1,credit_card,6,2179.15
ORD0019387,1,debit_card,9,247.89
ORD0019388,1,debit_card,5,378.86
ORD0019389,1,debit_card,9,297.1
ORD0019390,1,boleto,3,203.2
ORD0019391,1,boleto,8,60.06
ORD0019392,1,debit_card,2,242.11
ORD0019393,1,credit_card,11,370.58000000000004
ORD0019394,1,boleto,5,125.31
ORD0019395,1,voucher,1,71.26
ORD0019396,1,credit_card,8,194.05
ORD0019397,1,credit_card,6,454.6
ORD0019398,1,credit_card,9,157.2
ORD0019399,1,credit_card,9,89.76
ORD0019400,1,boleto,1,628.96
ORD0019401,1,debit_card,10,265.07
ORD0019402,1,voucher,10,947.8
ORD0019403,1,voucher,4,1260.0
ORD0019404,1,credit_card,8,84.2
ORD0019405,1,voucher,7,78.4
ORD0019406,1,boleto,3,230.44
ORD0019407,1,credit_card,2,163.38
ORD0019408,1,credit_card,12,352.92
ORD0019409,1,credit_card,6,692.16
ORD0019410,1,debit_card,10,451.21999999999997
ORD0019411,1,boleto,9,1171.1299999999999
ORD0019412,1,debit_card,2,284.25
ORD0019413,1,boleto,9,168.99
ORD0019414,1,voucher,1,87.15
ORD0019415,1,debit_card,6,53.67
ORD0019416,1,credit_card,9,173.16
ORD0019417,1,boleto,1,79.1
ORD0019418,1,voucher,3,91.05
ORD0019419,1,debit_card,3,91.05
ORD0019420,1,voucher,6,85.72
ORD0019421,1,boleto,11,354.18
ORD0019422,1,credit_card,3,470.08000000000004
ORD0019423,1,voucher,8,80.52
ORD0019424,1,debit_card,6,441.74
ORD0019425,1,boleto,8,173.49
ORD0019426,1,voucher,11,185.55
ORD0019427,1,boleto,7,82.48
ORD0019428,1,debit_card,2,1241.1
ORD0019429,1,credit_card,9,257.56
ORD0019430,1,voucher,7,157.43
ORD0019431,1,credit_card,10,792.99
ORD0019432,1,voucher,3,549.92
ORD0019433,1,boleto,7,161.48
ORD0019434,1,voucher,12,753.1800000000001
ORD0019435,1,voucher,4,435.57000000000005
ORD0019436,1,boleto,7,47.63
ORD0019437,1,boleto,9,103.11
ORD0019438,1,debit_card,5,14.45
ORD0019439,1,credit_card,2,509.59999999999997
ORD0019440,1,debit_card,10,2117.13
ORD0019441,1,voucher,12,256.83
ORD0019442,1,boleto,6,144.93
ORD0019443,1,credit_card,6,632.64
ORD0019444,1,boleto,2,84.0
ORD0019445,1,voucher,4,97.89
ORD0019446,1,credit_card,6,547.12
ORD0019447,1,credit_card,1,23.45
ORD0019448,1,voucher,5,85.02
ORD0019449,1,voucher,5,39.92
ORD0019450,1,boleto,8,109.31
ORD0019451,1,debit_card,4,107.86
ORD0019452,1,boleto,8,345.15
ORD0019453,1,debit_card,5,1010.1800000000001
ORD0019454,1,credit_card,6,276.92
ORD0019455,1,credit_card,1,171.9
ORD0019456,1,voucher,4,583.8
ORD0019457,1,boleto,7,533.14
ORD0019458,1,voucher,11,157.11
ORD0019459,1,credit_card,2,126.18
ORD0019460,1,voucher,5,26.76
ORD0019461,1,debit_card,8,118.84
ORD0019462,1,debit_card,2,976.56
ORD0019463,1,credit_card,8,75.66
ORD0019464,1,voucher,1,13.87
ORD0019465,1,credit_card,6,46.34
ORD0019466,1,credit_card,4,827.52
ORD0019467,1,debit_card,12,135.48
ORD0019468,1,debit_card,8,2893.43
ORD0019469,1,boleto,4,16.82
ORD0019470,1,credit_card,4,277.89
ORD0019471,1,credit_card,4,374.82
ORD0019472,1,boleto,2,792.02
ORD0019473,1,debit_card,5,164.76999999999998
ORD0019474,1,debit_card,5,534.81
ORD0019475,1,voucher,10,204.56
ORD0019476,1,credit_card,5,140.16
ORD0019477,1,boleto,1,409.83000000000004
ORD0019478,1,voucher,4,201.25
ORD0019479,1,credit_card,7,884.54
ORD0019480,1,boleto,9,332.85
ORD0019481,1,credit_card,5,293.31
ORD0019482,1,credit_card,2,896.04
ORD0019483,1,boleto,10,136.64
ORD0019484,1,credit_card,12,139.54
ORD0019485,1,voucher,5,98.19
ORD0019486,1,boleto,9,140.15
ORD0019487,1,debit_card,6,181.47
ORD0019488,1,credit_card,1,140.92
ORD0019489,1,debit_card,10,1090.87
ORD0019490,1,credit_card,2,174.9
ORD0019491,1,boleto,9,128.28
ORD0019492,1,debit_card,2,660.1999999999999
ORD0019493,1,voucher,2,723.74
ORD0019494,1,credit_card,3,26.28
ORD0019495,1,debit_card,11,192.64
ORD0019496,1,credit_card,8,655.26
ORD0019497,1,boleto,10,89.22
ORD0019498,1,voucher,2,166.92000000000002
ORD0019499,1,boleto,10,563.36
ORD0019500,1,debit_card,9,142.93
ORD0019501,1,boleto,7,337.44
ORD0019502,1,voucher,6,78.87
ORD0019503,1,voucher,2,304.17
ORD0019504,1,credit_card,12,161.04
ORD0019505,1,credit_card,12,375.84000000000003
ORD0019506,1,credit_card,3,523.9
ORD0019507,1,debit_card,12,483.61
ORD0019508,1,credit_card,5,1334.97
ORD0019509,1,credit_card,11,494.01
ORD0019510,1,credit_card,3,216.84
ORD0019511,1,credit_card,8,85.4
ORD0019512,1,boleto,1,412.70000000000005
ORD0019513,1,boleto,8,313.1
ORD0019514,1,boleto,11,55.28
ORD0019515,1,boleto,3,173.3
ORD0019516,1,voucher,7,2242.92
ORD0019517,1,boleto,11,96.43
ORD0019518,1,boleto,4,359.44
ORD0019519,1,credit_card,10,323.36
ORD0019520,1,credit_card,2,213.45
ORD0019521,1,credit_card,2,137.81
ORD0019522,1,debit_card,3,229.34
ORD0019523,1,voucher,6,429.07
ORD0019524,1,credit_card,2,295.22
ORD0019525,1,debit_card,10,52.71
ORD0019526,1,boleto,3,112.77
ORD0019527,1,voucher,2,1027.61
ORD0019528,1,voucher,6,689.67
ORD0019529,1,credit_card,1,355.28
ORD0019530,1,debit_card,3,69.69
ORD0019531,1,boleto,10,189.18
ORD0019532,1,voucher,11,215.37
ORD0019533,1,voucher,1,107.2
ORD0019534,1,voucher,8,1262.25
ORD0019535,1,voucher,2,148.94
ORD0019536,1,voucher,2,110.34
ORD0019537,1,credit_card,9,819.96
ORD0019538,1,boleto,8,198.52
ORD0019539,1,voucher,1,19.82
ORD0019540,1,credit_card,5,202.68
ORD0019541,1,debit_card,8,25.36
ORD0019542,1,credit_card,6,110.5
ORD0019543,1,voucher,4,236.88000000000002
ORD0019544,1,boleto,6,69.69
ORD0019545,1,boleto,3,370.8
ORD0019546,1,credit_card,7,239.0
ORD0019547,1,debit_card,12,193.92000000000002
ORD0019548,1,credit_card,9,428.4
ORD0019549,1,debit_card,12,326.12
ORD0019550,1,voucher,9,64.19999999999999
ORD0019551,1,debit_card,9,508.94
ORD0019552,1,voucher,2,15.54
ORD0019553,1,boleto,8,372.4
ORD0019554,1,debit_card,12,168.19
ORD0019555,1,boleto,12,568.44
ORD0019556,1,voucher,5,310.77
ORD0019557,1,boleto,12,295.22
ORD0019558,1,voucher,5,160.98
ORD0019559,1,credit_card,9,332.49
ORD0019560,1,credit_card,2,55.68
ORD0019561,1,boleto,7,220.69
ORD0019562,1,credit_card,10,1013.9100000000001
ORD0019563,1,boleto,4,129.29
ORD0019564,1,debit_card,8,104.78
ORD0019565,1,debit_card,8,207.95
ORD0019566,1,voucher,10,837.3299999999999
ORD0019567,1,voucher,9,69.77
ORD0019568,1,boleto,9,4610.549999999999
ORD0019569,1,boleto,10,411.62
ORD0019570,1,credit_card,4,115.84
ORD0019571,1,debit_card,6,183.21
ORD0019572,1,voucher,8,116.28
ORD0019573,1,credit_card,2,589.6500000000001
ORD0019574,1,boleto,3,170.04
ORD0019575,1,debit_card,8,244.5
ORD0019576,1,voucher,5,623.25
ORD0019577,1,voucher,12,84.93
ORD0019578,1,credit_card,4,48.12
ORD0019579,1,boleto,9,125.39
ORD0019580,1,debit_card,4,706.3
ORD0019581,1,boleto,7,278.42
ORD0019582,1,debit_card,10,57.37
ORD0019583,1,voucher,10,390.48
ORD0019584,1,boleto,4,48.32
ORD0019585,1,debit_card,3,185.73
ORD0019586,1,boleto,8,458.43
ORD0019587,1,boleto,11,288.04
ORD0019588,1,credit_card,4,886.6099999999999
ORD0019589,1,debit_card,6,305.72
ORD0019590,1,credit_card,1,932.9
ORD0019591,1,debit_card,8,487.72
ORD0019592,1,debit_card,1,363.15999999999997
ORD0019593,1,boleto,7,1164.52
ORD0019594,1,voucher,2,657.09
ORD0019595,1,voucher,8,1779.84
ORD0019596,1,debit_card,2,482.56
ORD0019597,1,debit_card,12,511.84000000000003
ORD0019598,1,voucher,6,58.35
ORD0019599,1,boleto,8,944.3700000000001
ORD0019600,1,debit_card,7,125.4
ORD0019601,1,boleto,10,456.41999999999996
ORD0019602,1,debit_card,3,392.07
ORD0019603,1,boleto,6,527.24
ORD0019604,1,boleto,10,288.13
ORD0019605,1,debit_card,12,66.26
ORD0019606,1,boleto,5,535.74
ORD0019607,1,credit_card,6,741.38
ORD0019608,1,voucher,12,642.91
ORD0019609,1,credit_card,1,173.28
ORD0019610,1,debit_card,8,497.52
ORD0019611,1,voucher,6,33.48
ORD0019612,1,voucher,9,208.88
ORD0019613,1,credit_card,9,307.42
ORD0019614,1,boleto,9,300.14
ORD0019615,1,debit_card,2,134.06
ORD0019616,1,debit_card,11,425.51
ORD0019617,1,voucher,3,85.98
ORD0019618,1,debit_card,12,170.78
ORD0019619,1,debit_card,5,1302.8400000000001
ORD0019620,1,credit_card,9,191.66
ORD0019621,1,credit_card,2,40.11
ORD0019622,1,credit_card,2,52.23
ORD0019623,1,debit_card,9,68.11
ORD0019624,1,boleto,11,74.08
ORD0019625,1,voucher,2,296.58
ORD0019626,1,boleto,11,501.6
ORD0019627,1,voucher,5,108.04
ORD0019628,1,voucher,10,64.13
ORD0019629,1,boleto,12,94.84
ORD0019630,1,voucher,9,344.67
ORD0019631,1,credit_card,9,104.85000000000001
ORD0019632,1,credit_card,1,188.52
ORD0019633,1,credit_card,10,37.71
ORD0019634,1,voucher,3,548.98
ORD0019635,1,voucher,11,355.6
ORD0019636,1,voucher,8,216.66
ORD0019637,1,boleto,7,553.3
ORD0019638,1,voucher,5,509.76
ORD0019639,1,credit_card,8,39.6
ORD0019640,1,debit_card,5,158.24
ORD0019641,1,voucher,1,174.64
ORD0019642,1,credit_card,9,27.74
ORD0019643,1,voucher,11,443.22
ORD0019644,1,debit_card,7,64.54
ORD0019645,1,credit_card,8,922.96
ORD0019646,1,debit_card,4,185.98999999999998
ORD0019647,1,debit_card,11,2506.13
ORD0019648,1,boleto,8,375.55
ORD0019649,1,voucher,11,566.1
ORD0019650,1,debit_card,2,153.45
ORD0019651,1,boleto,12,169.68
ORD0019652,1,credit_card,6,30.69
ORD0019653,1,debit_card,2,1834.78
ORD0019654,1,credit_card,5,1316.3899999999999
ORD0019655,1,boleto,5,451.08
ORD0019656,1,boleto,5,481.22
ORD0019657,1,boleto,2,641.71
ORD0019658,1,credit_card,6,80.69
ORD0019659,1,debit_card,5,264.81
ORD0019660,1,debit_card,10,914.12
ORD0019661,1,boleto,11,90.22
ORD0019662,1,voucher,4,116.1
ORD0019663,1,debit_card,6,20.76
ORD0019664,1,credit_card,6,1103.9
ORD0019665,1,voucher,10,215.04
ORD0019666,1,voucher,3,422.1
ORD0019667,1,credit_card,11,420.46000000000004
ORD0019668,1,voucher,5,235.02
ORD0019669,1,credit_card,4,139.0
ORD0019670,1,voucher,4,88.24000000000001
ORD0019671,1,boleto,4,115.89
ORD0019672,1,voucher,3,132.14999999999998
ORD0019673,1,debit_card,5,50.32
ORD0019674,1,debit_card,12,119.44
ORD0019675,1,voucher,8,376.73
ORD0019676,1,boleto,3,115.52
ORD0019677,1,debit_card,5,730.24
ORD0019678,1,boleto,2,498.08
ORD0019679,1,debit_card,9,35.29
ORD0019680,1,boleto,2,186.84
ORD0019681,1,debit_card,12,130.63
ORD0019682,1,credit_card,3,313.56
ORD0019683,1,credit_card,4,125.4
ORD0019684,1,credit_card,10,423.78
ORD0019685,1,voucher,6,782.44
ORD0019686,1,debit_card,11,135.38
ORD0019687,1,voucher,1,909.72
ORD0019688,1,boleto,11,170.5
ORD0019689,1,voucher,5,64.32
ORD0019690,1,credit_card,11,15.06
ORD0019691,1,debit_card,11,94.79
ORD0019692,1,voucher,5,316.79999999999995
ORD0019693,1,boleto,3,128.48
ORD0019694,1,credit_card,1,217.11
ORD0019695,1,credit_card,7,110.77
ORD0019696,1,debit_card,1,257.39
ORD0019697,1,credit_card,2,82.31
ORD0019698,1,boleto,11,261.87
ORD0019699,1,credit_card,9,286.71000000000004
ORD0019700,1,debit_card,6,135.18
ORD0019701,1,debit_card,12,111.25
ORD0019702,1,debit_card,10,1521.72
ORD0019703,1,boleto,12,92.95
ORD0019704,1,boleto,5,170.94
ORD0019705,1,voucher,8,125.36
ORD0019706,1,boleto,4,482.6
ORD0019707,1,debit_card,4,1071.96
ORD0019708,1,debit_card,4,334.67
ORD0019709,1,boleto,9,201.78000000000003
ORD0019710,1,credit_card,12,1008.24
ORD0019711,1,boleto,2,409.98
ORD0019712,1,credit_card,10,1025.52
ORD0019713,1,debit_card,6,870.14
ORD0019714,1,credit_card,9,332.28
ORD0019715,1,voucher,1,399.48
ORD0019716,1,boleto,11,91.56
ORD0019717,1,debit_card,11,208.03
ORD0019718,1,credit_card,1,202.32
ORD0019719,1,boleto,5,388.78
ORD0019720,1,boleto,12,943.25
ORD0019721,1,debit_card,7,325.3
ORD0019722,1,voucher,8,900.56
ORD0019723,1,credit_card,9,271.56
ORD0019724,1,boleto,8,970.46
ORD0019725,1,boleto,2,1287.47
ORD0019726,1,voucher,1,1904.7400000000002
ORD0019727,1,credit_card,1,262.45000000000005
ORD0019728,1,credit_card,4,475.2
ORD0019729,1,boleto,3,44.41
ORD0019730,1,credit_card,9,222.0
ORD0019731,1,credit_card,7,689.68
ORD0019732,1,debit_card,6,91.34
ORD0019733,1,credit_card,1,292.96000000000004
ORD0019734,1,boleto,7,320.36
ORD0019735,1,debit_card,12,482.09000000000003
ORD0019736,1,boleto,6,282.43
ORD0019737,1,debit_card,4,506.31
ORD0019738,1,debit_card,1,295.38
ORD0019739,1,credit_card,7,314.62
ORD0019740,1,debit_card,7,356.52
ORD0019741,1,debit_card,1,887.95
ORD0019742,1,credit_card,4,80.28
ORD0019743,1,debit_card,9,56.95
ORD0019744,1,debit_card,11,1111.45
ORD0019745,1,credit_card,1,40.36
ORD0019746,1,boleto,9,80.1
ORD0019747,1,credit_card,8,617.03
ORD0019748,1,debit_card,8,262.87
ORD0019749,1,boleto,12,590.96
ORD0019750,1,voucher,4,46.62
ORD0019751,1,boleto,4,225.96
ORD0019752,1,credit_card,12,148.94
ORD0019753,1,debit_card,5,96.68
ORD0019754,1,debit_card,11,562.33
ORD0019755,1,credit_card,10,64.64
ORD0019756,1,credit_card,12,86.69
ORD0019757,1,debit_card,3,139.39
ORD0019758,1,credit_card,8,352.78
ORD0019759,1,debit_card,10,152.94
ORD0019760,1,voucher,1,323.04
ORD0019761,1,credit_card,5,419.70000000000005
ORD0019762,1,credit_card,8,887.43
ORD0019763,1,debit_card,3,336.8
ORD0019764,1,credit_card,11,115.83
ORD0019765,1,debit_card,2,31.01
ORD0019766,1,boleto,8,874.55
ORD0019767,1,voucher,7,104.88
ORD0019768,1,boleto,10,81.94
ORD0019769,1,debit_card,11,246.39000000000001
ORD0019770,1,debit_card,3,398.32
ORD0019771,1,voucher,1,230.82
ORD0019772,1,debit_card,9,89.78
ORD0019773,1,voucher,8,21.11
ORD0019774,1,voucher,4,1384.0
ORD0019775,1,debit_card,12,295.34000000000003
ORD0019776,1,voucher,5,27.34
ORD0019777,1,boleto,12,155.12
ORD0019778,1,boleto,9,557.87
ORD0019779,1,credit_card,7,640.6800000000001
ORD0019780,1,debit_card,2,84.19
ORD0019781,1,voucher,12,131.03
ORD0019782,1,debit_card,3,120.43
ORD0019783,1,debit_card,9,101.13
ORD0019784,1,boleto,3,604.72
ORD0019785,1,voucher,4,276.27
ORD0019786,1,voucher,12,597.35
ORD0019787,1,voucher,2,141.72
ORD0019788,1,credit_card,8,600.0500000000001
ORD0019789,1,debit_card,10,357.36
ORD0019790,1,boleto,11,445.89
ORD0019791,1,credit_card,4,57.1
ORD0019792,1,voucher,3,398.64
ORD0019793,1,voucher,11,160.55
ORD0019794,1,credit_card,9,157.04
ORD0019795,1,credit_card,12,194.91
ORD0019796,1,boleto,8,58.7
ORD0019797,1,credit_card,2,201.09
ORD0019798,1,voucher,8,905.7299999999999
ORD0019799,1,voucher,3,85.27
ORD0019800,1,credit_card,11,287.55
ORD0019801,1,credit_card,9,898.22
ORD0019802,1,boleto,1,53.67
ORD0019803,1,voucher,3,110.0
ORD0019804,1,credit_card,7,825.29
ORD0019805,1,credit_card,1,104.02
ORD0019806,1,credit_card,5,260.07
ORD0019807,1,boleto,7,19.49
ORD0019808,1,credit_card,11,68.78
ORD0019809,1,credit_card,9,324.56
ORD0019810,1,credit_card,12,528.99
ORD0019811,1,debit_card,7,62.04
ORD0019812,1,voucher,9,450.64
ORD0019813,1,debit_card,9,457.15999999999997
ORD0019814,1,debit_card,2,184.05
ORD0019815,1,credit_card,8,31.17
ORD0019816,1,boleto,2,116.64
ORD0019817,1,boleto,8,286.82
ORD0019818,1,boleto,5,88.38
ORD0019819,1,boleto,2,1254.02
ORD0019820,1,boleto,6,445.76
ORD0019821,1,debit_card,10,682.6700000000001
ORD0019822,1,debit_card,10,265.0
ORD0019823,1,debit_card,9,314.5
ORD0019824,1,debit_card,5,86.44
ORD0019825,1,debit_card,7,152.35
ORD0019826,1,credit_card,2,520.25
ORD0019827,1,boleto,7,459.20000000000005
ORD0019828,1,credit_card,8,199.74
ORD0019829,1,debit_card,11,492.65
ORD0019830,1,boleto,4,65.25
ORD0019831,1,boleto,4,338.85
ORD0019832,1,boleto,8,46.79
ORD0019833,1,credit_card,10,98.28
ORD0019834,1,boleto,1,61.85
ORD0019835,1,boleto,12,142.41
ORD0019836,1,voucher,1,398.98
ORD0019837,1,credit_card,1,76.09
ORD0019838,1,voucher,12,431.13
ORD0019839,1,credit_card,1,1170.72
ORD0019840,1,credit_card,11,263.45
ORD0019841,1,debit_card,11,415.03000000000003
ORD0019842,1,voucher,4,390.24
ORD0019843,1,credit_card,2,276.48
ORD0019844,1,voucher,5,652.1
ORD0019845,1,voucher,3,695.0100000000001
ORD0019846,1,boleto,3,25.23
ORD0019847,1,voucher,8,383.14
ORD0019848,1,credit_card,8,78.9
ORD0019849,1,debit_card,10,560.23
ORD0019850,1,debit_card,12,27.36
ORD0019851,1,debit_card,5,233.74
ORD0019852,1,boleto,9,644.1800000000001
ORD0019853,1,boleto,10,667.22
ORD0019854,1,debit_card,3,453.78000000000003
ORD0019855,1,boleto,4,990.2
ORD0019856,1,boleto,3,40.81
ORD0019857,1,debit_card,12,151.32
ORD0019858,1,debit_card,6,3513.7999999999997
ORD0019859,1,debit_card,6,536.76
ORD0019860,1,debit_card,12,214.87
ORD0019861,1,boleto,8,438.87
ORD0019862,1,boleto,2,125.3
ORD0019863,1,credit_card,2,3065.68
ORD0019864,1,debit_card,4,1155.82
ORD0019865,1,credit_card,5,457.06
ORD0019866,1,debit_card,12,71.63
ORD0019867,1,credit_card,3,375.93
ORD0019868,1,debit_card,2,262.68
ORD0019869,1,boleto,11,52.39
ORD0019870,1,boleto,7,287.64
ORD0019871,1,credit_card,11,361.18
ORD0019872,1,debit_card,10,383.59999999999997
ORD0019873,1,voucher,7,141.27
ORD0019874,1,boleto,8,120.65
ORD0019875,1,voucher,9,170.8
ORD0019876,1,voucher,7,685.56
ORD0019877,1,boleto,2,226.56
ORD0019878,1,credit_card,5,205.32
ORD0019879,1,boleto,11,250.76
ORD0019880,1,boleto,5,436.67999999999995
ORD0019881,1,boleto,4,202.56
ORD0019882,1,boleto,5,77.23
ORD0019883,1,boleto,11,478.35
ORD0019884,1,boleto,3,43.0
ORD0019885,1,boleto,2,31.69
ORD0019886,1,credit_card,12,185.85000000000002
ORD0019887,1,debit_card,8,208.56
ORD0019888,1,boleto,5,37.62
ORD0019889,1,boleto,5,788.12
ORD0019890,1,credit_card,5,276.65
ORD0019891,1,debit_card,8,715.23
ORD0019892,1,debit_card,6,261.45000000000005
ORD0019893,1,voucher,6,46.22
ORD0019894,1,boleto,4,219.62
ORD0019895,1,boleto,7,287.64
ORD0019896,1,voucher,3,137.06
ORD0019897,1,credit_card,11,370.74
ORD0019898,1,credit_card,10,64.35
ORD0019899,1,boleto,6,32.81
ORD0019900,1,boleto,2,287.32
ORD0019901,1,debit_card,4,267.76
ORD0019902,1,credit_card,3,155.08
ORD0019903,1,debit_card,7,142.62
ORD0019904,1,boleto,12,953.98
ORD0019905,1,boleto,1,169.61
ORD0019906,1,voucher,12,70.98
ORD0019907,1,boleto,9,775.55
ORD0019908,1,voucher,5,379.26
ORD0019909,1,credit_card,7,482.06000000000006
ORD0019910,1,boleto,4,75.83
ORD0019911,1,boleto,12,217.17000000000002
ORD0019912,1,voucher,8,790.12
ORD0019913,1,voucher,1,90.52
ORD0019914,1,voucher,7,405.29999999999995
ORD0019915,1,credit_card,5,434.88
ORD0019916,1,boleto,4,823.57
ORD0019917,1,debit_card,3,1133.22
ORD0019918,1,debit_card,8,1014.37
ORD0019919,1,credit_card,3,928.54
ORD0019920,1,boleto,2,168.0
ORD0019921,1,credit_card,2,867.37
ORD0019922,1,voucher,10,778.6099999999999
ORD0019923,1,debit_card,7,274.96
ORD0019924,1,voucher,11,215.87
ORD0019925,1,credit_card,1,1134.38
ORD0019926,1,voucher,6,267.40999999999997
ORD0019927,1,credit_card,10,47.02
ORD0019928,1,boleto,9,493.23
ORD0019929,1,boleto,7,507.54999999999995
ORD0019930,1,debit_card,6,1239.44
ORD0019931,1,boleto,5,572.36
ORD0019932,1,voucher,2,137.39999999999998
ORD0019933,1,boleto,2,99.88
ORD0019934,1,voucher,10,18.83
ORD0019935,1,boleto,1,209.70999999999998
ORD0019936,1,credit_card,3,269.82000000000005
ORD0019937,1,boleto,6,169.56
ORD0019938,1,debit_card,7,358.16
ORD0019939,1,voucher,9,179.66
ORD0019940,1,voucher,8,19.8
ORD0019941,1,credit_card,7,1042.08
ORD0019942,1,debit_card,4,101.99
ORD0019943,1,boleto,2,101.07
ORD0019944,1,debit_card,5,143.64
ORD0019945,1,boleto,11,103.80000000000001
ORD0019946,1,debit_card,5,170.66
ORD0019947,1,voucher,2,210.56
ORD0019948,1,debit_card,3,113.32
ORD0019949,1,credit_card,7,137.26
ORD0019950,1,credit_card,5,222.16
ORD0019951,1,debit_card,10,26.41
ORD0019952,1,voucher,11,611.1
ORD0019953,1,boleto,10,188.46
ORD0019954,1,voucher,2,234.03000000000003
ORD0019955,1,debit_card,5,232.68
ORD0019956,1,credit_card,8,58.82
ORD0019957,1,credit_card,9,168.0
ORD0019958,1,debit_card,1,231.29
ORD0019959,1,voucher,8,103.66
ORD0019960,1,voucher,12,611.81
ORD0019961,1,boleto,8,171.28
ORD0019962,1,boleto,5,544.2
ORD0019963,1,voucher,1,76.87
ORD0019964,1,voucher,4,874.6899999999999
ORD0019965,1,voucher,7,126.2
ORD0019966,1,boleto,2,271.48
ORD0019967,1,credit_card,11,333.62
ORD0019968,1,voucher,10,40.36
ORD0019969,1,debit_card,2,140.15
ORD0019970,1,debit_card,3,373.48
ORD0019971,1,debit_card,12,213.96
ORD0019972,1,debit_card,5,879.96
ORD0019973,1,debit_card,3,128.6
ORD0019974,1,debit_card,9,157.56
ORD0019975,1,credit_card,3,496.39
ORD0019976,1,credit_card,9,79.48
ORD0019977,1,boleto,10,2275.43
ORD0019978,1,boleto,8,968.0999999999999
ORD0019979,1,boleto,12,31.44
ORD0019980,1,debit_card,11,896.53
ORD0019981,1,boleto,1,70.2
ORD0019982,1,voucher,11,466.47
ORD0019983,1,debit_card,3,939.35
ORD0019984,1,voucher,12,1013.61
ORD0019985,1,debit_card,12,923.4899999999999
ORD0019986,1,debit_card,3,287.76
ORD0019987,1,voucher,9,51.55
ORD0019988,1,credit_card,7,59.84
ORD0019989,1,debit_card,1,353.5
ORD0019990,1,boleto,5,134.99
ORD0019991,1,boleto,5,578.8199999999999
ORD0019992,1,credit_card,7,204.31
ORD0019993,1,boleto,9,123.13
ORD0019994,1,boleto,1,242.88
ORD0019995,1,credit_card,7,757.78
ORD0019996,1,debit_card,11,70.35
ORD0019997,1,credit_card,11,606.06
ORD0019998,1,credit_card,2,124.48
ORD0019999,1,voucher,2,97.92
ORD0020000,1,debit_card,4,143.15
ORD0020001,1,debit_card,12,1350.24
ORD0020002,1,boleto,5,174.32
ORD0020003,1,voucher,7,244.95999999999998
ORD0020004,1,debit_card,4,76.39
ORD0020005,1,boleto,1,2064.84
ORD0020006,1,voucher,12,616.4
ORD0020007,1,boleto,12,821.61
ORD0020008,1,voucher,8,276.65
ORD0020009,1,boleto,4,688.28
ORD0020010,1,credit_card,9,111.07
ORD0020011,1,voucher,6,63.91
ORD0020012,1,credit_card,10,746.85
ORD0020013,1,debit_card,8,338.31
ORD0020014,1,voucher,7,157.7
ORD0020015,1,debit_card,3,305.96
ORD0020016,1,voucher,10,32.62
ORD0020017,1,credit_card,6,368.0
ORD0020018,1,credit_card,6,49.84
ORD0020019,1,credit_card,7,863.48
ORD0020020,1,credit_card,8,19.97
ORD0020021,1,voucher,7,348.06
ORD0020022,1,credit_card,6,255.64
ORD0020023,1,boleto,2,42.11
ORD0020024,1,boleto,7,169.38
ORD0020025,1,voucher,10,514.5699999999999
ORD0020026,1,credit_card,11,122.37
ORD0020027,1,boleto,7,86.96
ORD0020028,1,credit_card,10,276.40999999999997
ORD0020029,1,voucher,11,61.76
ORD0020030,1,credit_card,10,470.70000000000005
ORD0020031,1,debit_card,4,196.53
ORD0020032,1,voucher,12,101.8
ORD0020033,1,boleto,11,62.48
ORD0020034,1,credit_card,6,202.44
ORD0020035,1,voucher,5,365.5
ORD0020036,1,voucher,4,417.05999999999995
ORD0020037,1,credit_card,1,398.5
ORD0020038,1,debit_card,5,1041.44
ORD0020039,1,boleto,9,219.57
ORD0020040,1,voucher,7,50.94
ORD0020041,1,debit_card,5,246.26
ORD0020042,1,boleto,6,242.3
ORD0020043,1,voucher,9,40.18
ORD0020044,1,voucher,3,72.69
ORD0020045,1,debit_card,8,19.34
ORD0020046,1,boleto,7,211.38
ORD0020047,1,debit_card,10,91.05
ORD0020048,1,debit_card,6,590.16
ORD0020049,1,voucher,5,945.77
ORD0020050,1,boleto,6,266.62
ORD0020051,1,credit_card,8,728.04
ORD0020052,1,boleto,8,86.32
ORD0020053,1,credit_card,9,307.75
ORD0020054,1,boleto,10,713.46
ORD0020055,1,debit_card,2,326.56
ORD0020056,1,boleto,7,120.65
ORD0020057,1,voucher,1,217.2
ORD0020058,1,credit_card,1,415.27
ORD0020059,1,credit_card,11,1387.84
ORD0020060,1,credit_card,11,169.72
ORD0020061,1,boleto,10,170.05
ORD0020062,1,credit_card,11,143.05
ORD0020063,1,boleto,5,625.48
ORD0020064,1,debit_card,8,307.52
ORD0020065,1,debit_card,10,146.68
ORD0020066,1,boleto,12,322.34000000000003
ORD0020067,1,boleto,10,87.32
ORD0020068,1,credit_card,9,172.42
ORD0020069,1,boleto,8,274.5
ORD0020070,1,boleto,12,136.0
ORD0020071,1,boleto,2,225.63
ORD0020072,1,debit_card,2,297.39
ORD0020073,1,credit_card,5,1683.99
ORD0020074,1,voucher,3,913.52
ORD0020075,1,debit_card,2,580.65
ORD0020076,1,voucher,4,177.31
ORD0020077,1,boleto,8,221.39
ORD0020078,1,credit_card,1,36.08
ORD0020079,1,boleto,4,509.53999999999996
ORD0020080,1,credit_card,1,46.46
ORD0020081,1,voucher,11,859.85
ORD0020082,1,credit_card,3,445.14
ORD0020083,1,credit_card,9,393.54
ORD0020084,1,boleto,5,94.35
ORD0020085,1,credit_card,3,138.2
ORD0020086,1,boleto,5,1079.52
ORD0020087,1,voucher,9,134.06
ORD0020088,1,voucher,9,508.8
ORD0020089,1,debit_card,1,156.45
ORD0020090,1,voucher,5,172.41
ORD0020091,1,credit_card,9,636.06
ORD0020092,1,debit_card,9,330.65
ORD0020093,1,debit_card,9,1191.61
ORD0020094,1,credit_card,4,334.61
ORD0020095,1,voucher,4,396.18
ORD0020096,1,debit_card,1,578.72
ORD0020097,1,voucher,5,77.1
ORD0020098,1,boleto,4,280.44
ORD0020099,1,credit_card,4,321.70000000000005
ORD0020100,1,boleto,1,179.56
ORD0020101,1,boleto,6,32.81
ORD0020102,1,boleto,10,863.48
ORD0020103,1,voucher,4,785.99
ORD0020104,1,debit_card,3,374.83
ORD0020105,1,credit_card,1,222.39999999999998
ORD0020106,1,boleto,6,49.63
ORD0020107,1,debit_card,11,33.02
ORD0020108,1,debit_card,1,149.93
ORD0020109,1,debit_card,9,318.36
ORD0020110,1,credit_card,8,85.88
ORD0020111,1,credit_card,4,329.62
ORD0020112,1,debit_card,7,101.84
ORD0020113,1,credit_card,7,467.65
ORD0020114,1,debit_card,4,377.62
ORD0020115,1,boleto,12,1359.9399999999998
ORD0020116,1,boleto,1,34.74
ORD0020117,1,credit_card,2,390.40999999999997
ORD0020118,1,boleto,12,87.87
ORD0020119,1,voucher,9,402.67
ORD0020120,1,voucher,5,169.92
ORD0020121,1,debit_card,11,146.88
ORD0020122,1,voucher,8,964.04
ORD0020123,1,credit_card,12,88.32
ORD0020124,1,boleto,4,339.77
ORD0020125,1,credit_card,6,308.48
ORD0020126,1,credit_card,9,65.03999999999999
ORD0020127,1,credit_card,1,73.7
ORD0020128,1,debit_card,7,156.07
ORD0020129,1,boleto,3,802.1
ORD0020130,1,credit_card,6,1451.77
ORD0020131,1,voucher,1,952.1400000000001
ORD0020132,1,debit_card,2,269.15
ORD0020133,1,credit_card,10,1222.29
ORD0020134,1,credit_card,8,431.81
ORD0020135,1,credit_card,4,300.81
ORD0020136,1,voucher,6,19.32
ORD0020137,1,credit_card,6,442.83000000000004
ORD0020138,1,debit_card,3,122.48
ORD0020139,1,voucher,10,286.44
ORD0020140,1,voucher,1,123.7
ORD0020141,1,boleto,5,223.06
ORD0020142,1,boleto,4,152.35
ORD0020143,1,voucher,7,175.04000000000002
ORD0020144,1,credit_card,3,67.03
ORD0020145,1,credit_card,7,59.28
ORD0020146,1,debit_card,10,71.38
ORD0020147,1,credit_card,5,258.86
ORD0020148,1,voucher,2,824.95
ORD0020149,1,boleto,1,26.99
ORD0020150,1,voucher,3,148.41
ORD0020151,1,boleto,1,886.25
ORD0020152,1,debit_card,7,1664.3200000000002
ORD0020153,1,debit_card,6,189.29000000000002
ORD0020154,1,debit_card,10,49.67999999999999
ORD0020155,1,credit_card,4,269.12
ORD0020156,1,boleto,4,233.70000000000002
ORD0020157,1,credit_card,5,185.15
ORD0020158,1,voucher,1,420.26
ORD0020159,1,boleto,2,454.22
ORD0020160,1,debit_card,6,18.83
ORD0020161,1,debit_card,7,117.3
ORD0020162,1,debit_card,7,534.44
ORD0020163,1,debit_card,6,84.9
ORD0020164,1,debit_card,1,472.35
ORD0020165,1,debit_card,2,458.14
ORD0020166,1,credit_card,8,160.53
ORD0020167,1,voucher,5,560.6
ORD0020168,1,boleto,5,1313.8
ORD0020169,1,voucher,10,198.69
ORD0020170,1,voucher,1,1162.08
ORD0020171,1,voucher,3,537.38
ORD0020172,1,voucher,4,245.10000000000002
ORD0020173,1,credit_card,1,646.96
ORD0020174,1,voucher,1,132.71
ORD0020175,1,voucher,11,267.46
ORD0020176,1,boleto,11,290.24
ORD0020177,1,debit_card,10,52.22
ORD0020178,1,credit_card,8,130.22
ORD0020179,1,credit_card,3,742.5799999999999
ORD0020180,1,voucher,8,348.64
ORD0020181,1,credit_card,5,116.64
ORD0020182,1,debit_card,3,122.62
ORD0020183,1,debit_card,1,133.86
ORD0020184,1,boleto,8,90.25
ORD0020185,1,debit_card,11,245.1
ORD0020186,1,boleto,9,322.7
ORD0020187,1,boleto,8,100.44
ORD0020188,1,voucher,10,86.86
ORD0020189,1,credit_card,5,222.29999999999998
ORD0020190,1,debit_card,3,91.05
ORD0020191,1,credit_card,3,245.64
ORD0020192,1,boleto,3,195.74
ORD0020193,1,voucher,4,742.6800000000001
ORD0020194,1,credit_card,9,193.14
ORD0020195,1,voucher,12,241.87
ORD0020196,1,debit_card,6,13.56
ORD0020197,1,voucher,11,339.05
ORD0020198,1,boleto,10,491.7
ORD0020199,1,boleto,7,139.64
ORD0020200,1,voucher,4,87.92
ORD0020201,1,boleto,1,87.12
ORD0020202,1,voucher,9,185.64000000000001
ORD0020203,1,credit_card,5,239.12
ORD0020204,1,voucher,3,781.3800000000001
ORD0020205,1,debit_card,11,709.94
ORD0020206,1,debit_card,8,1066.47
ORD0020207,1,debit_card,1,789.0
ORD0020208,1,credit_card,11,812.81
ORD0020209,1,credit_card,6,230.01
ORD0020210,1,debit_card,12,156.14
ORD0020211,1,debit_card,2,246.34
ORD0020212,1,voucher,5,44.94
ORD0020213,1,boleto,12,27.39
ORD0020214,1,debit_card,9,93.58
ORD0020215,1,boleto,7,507.02
ORD0020216,1,debit_card,3,387.21000000000004
ORD0020217,1,credit_card,2,889.58
ORD0020218,1,credit_card,1,733.61
ORD0020219,1,voucher,11,68.44
ORD0020220,1,boleto,8,72.6
ORD0020221,1,debit_card,6,637.61
ORD0020222,1,credit_card,4,311.36
ORD0020223,1,credit_card,2,787.01
ORD0020224,1,voucher,11,31.82
ORD0020225,1,debit_card,2,78.87
ORD0020226,1,credit_card,8,275.24
ORD0020227,1,boleto,11,105.88
ORD0020228,1,credit_card,6,233.77
ORD0020229,1,voucher,1,225.89000000000001
ORD0020230,1,voucher,1,325.4
ORD0020231,1,credit_card,3,132.85000000000002
ORD0020232,1,credit_card,8,608.8
ORD0020233,1,debit_card,1,1012.6800000000001
ORD0020234,1,credit_card,2,758.94
ORD0020235,1,debit_card,5,1616.6200000000001
ORD0020236,1,credit_card,5,28.42
ORD0020237,1,voucher,7,344.67
ORD0020238,1,voucher,2,43.349999999999994
ORD0020239,1,boleto,9,879.82
ORD0020240,1,voucher,3,248.41000000000003
ORD0020241,1,debit_card,3,317.32
ORD0020242,1,voucher,2,493.04
ORD0020243,1,credit_card,6,225.11
ORD0020244,1,debit_card,5,560.4
ORD0020245,1,voucher,9,134.06
ORD0020246,1,voucher,11,144.93
ORD0020247,1,debit_card,2,90.23
ORD0020248,1,credit_card,7,170.67
ORD0020249,1,boleto,9,127.43
ORD0020250,1,debit_card,6,113.9
ORD0020251,1,debit_card,4,913.11
ORD0020252,1,voucher,7,87.12
ORD0020253,1,voucher,2,17.92
ORD0020254,1,credit_card,3,488.66999999999996
ORD0020255,1,boleto,2,511.98
ORD0020256,1,debit_card,1,1248.32
ORD0020257,1,credit_card,2,22.16
ORD0020258,1,boleto,2,412.31000000000006
ORD0020259,1,boleto,3,57.1
ORD0020260,1,voucher,6,29.64
ORD0020261,1,voucher,12,440.9
ORD0020262,1,boleto,10,716.0699999999999
ORD0020263,1,voucher,11,115.68
ORD0020264,1,credit_card,3,1813.42
ORD0020265,1,debit_card,2,318.36
ORD0020266,1,voucher,1,15.59
ORD0020267,1,voucher,11,742.62
ORD0020268,1,debit_card,2,39.49
ORD0020269,1,credit_card,7,494.16999999999996
ORD0020270,1,boleto,10,137.26
ORD0020271,1,boleto,9,59.24
ORD0020272,1,boleto,2,23.23
ORD0020273,1,credit_card,4,1071.13
ORD0020274,1,boleto,3,952.02
ORD0020275,1,debit_card,2,230.45999999999998
ORD0020276,1,credit_card,3,465.53
ORD0020277,1,boleto,2,77.04
ORD0020278,1,voucher,12,285.24
ORD0020279,1,voucher,10,758.16
ORD0020280,1,boleto,1,220.69
ORD0020281,1,credit_card,6,148.14
ORD0020282,1,credit_card,11,90.34
ORD0020283,1,credit_card,8,605.55
ORD0020284,1,boleto,2,62.24
ORD0020285,1,debit_card,6,761.5600000000001
ORD0020286,1,debit_card,7,273.72
ORD0020287,1,voucher,9,82.45
ORD0020288,1,voucher,10,524.25
ORD0020289,1,voucher,11,281.18
ORD0020290,1,boleto,2,209.78
ORD0020291,1,credit_card,4,84.59
ORD0020292,1,voucher,10,90.57
ORD0020293,1,credit_card,6,456.46
ORD0020294,1,credit_card,1,331.5
ORD0020295,1,credit_card,2,315.13
ORD0020296,1,debit_card,1,317.32
ORD0020297,1,debit_card,2,342.06
ORD0020298,1,debit_card,8,95.55
ORD0020299,1,debit_card,8,251.34000000000003
ORD0020300,1,debit_card,5,1037.0700000000002
ORD0020301,1,voucher,10,86.85
ORD0020302,1,debit_card,8,205.74
ORD0020303,1,debit_card,3,211.11
ORD0020304,1,debit_card,9,137.25
ORD0020305,1,boleto,11,228.18
ORD0020306,1,debit_card,12,46.82
ORD0020307,1,voucher,12,253.91
ORD0020308,1,credit_card,1,51.55
ORD0020309,1,voucher,12,145.67
ORD0020310,1,boleto,7,216.08
ORD0020311,1,debit_card,10,14.8
ORD0020312,1,debit_card,8,494.28
ORD0020313,1,voucher,10,234.18
ORD0020314,1,voucher,1,2349.65
ORD0020315,1,boleto,3,418.32
ORD0020316,1,voucher,3,101.29
ORD0020317,1,voucher,9,97.61
ORD0020318,1,credit_card,9,401.64
ORD0020319,1,voucher,10,960.19
ORD0020320,1,credit_card,7,228.85000000000002
ORD0020321,1,voucher,3,28.14
ORD0020322,1,boleto,3,49.38
ORD0020323,1,debit_card,6,76.74
ORD0020324,1,debit_card,3,950.1299999999999
ORD0020325,1,credit_card,1,822.7800000000001
ORD0020326,1,voucher,5,285.24
ORD0020327,1,credit_card,9,51.07
ORD0020328,1,voucher,7,187.3
ORD0020329,1,credit_card,1,146.36
ORD0020330,1,credit_card,11,82.17
ORD0020331,1,boleto,11,163.79999999999998
ORD0020332,1,voucher,11,746.21
ORD0020333,1,voucher,8,160.76
ORD0020334,1,voucher,6,309.73
ORD0020335,1,debit_card,12,614.46
ORD0020336,1,boleto,8,102.56
ORD0020337,1,boleto,9,1320.15
ORD0020338,1,debit_card,12,136.61
ORD0020339,1,debit_card,6,263.79
ORD0020340,1,debit_card,3,20.23
ORD0020341,1,boleto,4,47.32
ORD0020342,1,boleto,12,32.7
ORD0020343,1,voucher,7,201.6
ORD0020344,1,credit_card,3,594.96
ORD0020345,1,boleto,10,307.34000000000003
ORD0020346,1,debit_card,3,458.34000000000003
ORD0020347,1,boleto,9,243.66
ORD0020348,1,credit_card,1,1073.12
ORD0020349,1,credit_card,9,508.72
ORD0020350,1,boleto,10,76.32
ORD0020351,1,voucher,11,299.72
ORD0020352,1,boleto,7,31.2
ORD0020353,1,voucher,10,29.64
ORD0020354,1,credit_card,4,63.03
ORD0020355,1,boleto,10,183.21
ORD0020356,1,voucher,10,861.1800000000001
ORD0020357,1,credit_card,11,208.2
ORD0020358,1,credit_card,11,179.16
ORD0020359,1,debit_card,8,479.96000000000004
ORD0020360,1,debit_card,11,118.8
ORD0020361,1,debit_card,9,46.37
ORD0020362,1,boleto,6,295.47
ORD0020363,1,credit_card,4,1139.3000000000002
ORD0020364,1,boleto,12,36.65
ORD0020365,1,credit_card,6,429.61
ORD0020366,1,voucher,8,172.85
ORD0020367,1,boleto,8,934.75
ORD0020368,1,credit_card,12,107.34
ORD0020369,1,boleto,12,251.64
ORD0020370,1,voucher,12,264.08
ORD0020371,1,credit_card,4,172.42
ORD0020372,1,debit_card,5,47.69
ORD0020373,1,boleto,9,24.09
ORD0020374,1,voucher,10,181.17000000000002
ORD0020375,1,debit_card,12,425.69
ORD0020376,1,boleto,6,130.06
ORD0020377,1,debit_card,2,76.56
ORD0020378,1,voucher,1,16.7
ORD0020379,1,debit_card,3,378.38
ORD0020380,1,credit_card,7,237.64
ORD0020381,1,credit_card,9,186.03
ORD0020382,1,debit_card,11,61.95
ORD0020383,1,debit_card,5,567.89
ORD0020384,1,boleto,2,71.57
ORD0020385,1,boleto,5,333.68
ORD0020386,1,debit_card,4,217.06
ORD0020387,1,debit_card,6,895.72
ORD0020388,1,debit_card,12,128.88
ORD0020389,1,boleto,3,186.84
ORD0020390,1,voucher,10,298.86
ORD0020391,1,boleto,10,287.25
ORD0020392,1,boleto,9,329.13
ORD0020393,1,boleto,8,618.22
ORD0020394,1,voucher,12,719.8299999999999
ORD0020395,1,boleto,12,91.47
ORD0020396,1,voucher,8,29.64
ORD0020397,1,boleto,12,93.94
ORD0020398,1,debit_card,4,96.81
ORD0020399,1,credit_card,3,408.28
ORD0020400,1,credit_card,9,521.2
ORD0020401,1,boleto,1,104.28
ORD0020402,1,credit_card,4,57.3
ORD0020403,1,boleto,1,153.22
ORD0020404,1,boleto,6,101.39
ORD0020405,1,debit_card,1,348.57000000000005
ORD0020406,1,voucher,10,218.66
ORD0020407,1,debit_card,3,314.24
ORD0020408,1,debit_card,5,551.24
ORD0020409,1,debit_card,10,325.2
ORD0020410,1,voucher,3,159.22
ORD0020411,1,credit_card,1,1041.21
ORD0020412,1,boleto,6,313.82
ORD0020413,1,voucher,2,242.3
ORD0020414,1,credit_card,4,156.1
ORD0020415,1,voucher,12,799.33
ORD0020416,1,voucher,11,126.67
ORD0020417,1,credit_card,9,158.01
ORD0020418,1,boleto,3,661.48
ORD0020419,1,credit_card,5,361.81
ORD0020420,1,credit_card,11,497.43
ORD0020421,1,credit_card,8,852.33
ORD0020422,1,boleto,2,566.28
ORD0020423,1,debit_card,6,423.09000000000003
ORD0020424,1,boleto,7,704.68
ORD0020425,1,credit_card,11,134.37
ORD0020426,1,credit_card,3,388.78
ORD0020427,1,debit_card,1,239.52
ORD0020428,1,debit_card,3,146.88
ORD0020429,1,credit_card,7,495.29999999999995
ORD0020430,1,voucher,2,23.83
ORD0020431,1,boleto,4,68.75
ORD0020432,1,credit_card,9,137.86
ORD0020433,1,boleto,12,743.77
ORD0020434,1,voucher,1,610.01
ORD0020435,1,credit_card,5,292.18
ORD0020436,1,debit_card,8,269.34000000000003
ORD0020437,1,voucher,10,480.72
ORD0020438,1,boleto,5,198.14
ORD0020439,1,credit_card,4,121.11
ORD0020440,1,boleto,6,89.16
ORD0020441,1,credit_card,11,75.0
ORD0020442,1,debit_card,9,123.34
ORD0020443,1,debit_card,5,951.75
ORD0020444,1,debit_card,10,289.73
ORD0020445,1,boleto,11,265.67
ORD0020446,1,boleto,2,260.21
ORD0020447,1,voucher,9,90.52
ORD0020448,1,debit_card,7,165.47
ORD0020449,1,debit_card,9,271.24
ORD0020450,1,boleto,6,409.15999999999997
ORD0020451,1,boleto,12,25.36
ORD0020452,1,debit_card,5,300.4
ORD0020453,1,credit_card,12,1311.38
ORD0020454,1,voucher,4,855.24
ORD0020455,1,debit_card,8,43.22
ORD0020456,1,debit_card,2,230.97
ORD0020457,1,credit_card,9,23.66
ORD0020458,1,boleto,10,413.26
ORD0020459,1,credit_card,10,803.04
ORD0020460,1,boleto,3,398.72
ORD0020461,1,boleto,6,569.64
ORD0020462,1,boleto,11,185.57999999999998
ORD0020463,1,debit_card,6,86.66
ORD0020464,1,debit_card,11,288.0
ORD0020465,1,debit_card,12,198.14
ORD0020466,1,boleto,11,107.03
ORD0020467,1,debit_card,9,80.22
ORD0020468,1,credit_card,4,30.74
ORD0020469,1,credit_card,10,293.15999999999997
ORD0020470,1,credit_card,12,2453.5
ORD0020471,1,boleto,3,716.3
ORD0020472,1,credit_card,1,40.26
ORD0020473,1,debit_card,1,671.23
ORD0020474,1,boleto,4,141.89
ORD0020475,1,credit_card,9,134.53
ORD0020476,1,debit_card,12,200.55
ORD0020477,1,credit_card,11,1494.6399999999999
ORD0020478,1,credit_card,1,130.64
ORD0020479,1,credit_card,1,148.55
ORD0020480,1,debit_card,4,704.58
ORD0020481,1,credit_card,1,343.62
ORD0020482,1,voucher,3,184.0
ORD0020483,1,voucher,3,994.48
ORD0020484,1,credit_card,7,188.48
ORD0020485,1,boleto,12,485.92
ORD0020486,1,boleto,8,550.4200000000001
ORD0020487,1,credit_card,3,1234.7
ORD0020488,1,boleto,4,105.99
ORD0020489,1,boleto,10,69.48
ORD0020490,1,credit_card,5,184.28
ORD0020491,1,debit_card,4,89.83
ORD0020492,1,debit_card,7,133.44
ORD0020493,1,credit_card,10,375.6
ORD0020494,1,boleto,10,27.74
ORD0020495,1,debit_card,4,136.04
ORD0020496,1,boleto,5,47.09
ORD0020497,1,debit_card,10,471.88
ORD0020498,1,credit_card,9,288.41
ORD0020499,1,boleto,6,282.11
ORD0020500,1,credit_card,1,116.1
ORD0020501,1,debit_card,4,197.54
ORD0020502,1,voucher,9,1487.95
ORD0020503,1,credit_card,6,75.35
ORD0020504,1,debit_card,12,629.07
ORD0020505,1,credit_card,1,523.16
ORD0020506,1,boleto,11,395.34
ORD0020507,1,debit_card,1,1391.1599999999999
ORD0020508,1,voucher,7,124.36
ORD0020509,1,voucher,4,306.21
ORD0020510,1,boleto,2,258.45000000000005
ORD0020511,1,debit_card,2,66.61
ORD0020512,1,debit_card,5,162.32
ORD0020513,1,voucher,1,192.94
ORD0020514,1,debit_card,1,1099.74
ORD0020515,1,voucher,8,86.65
ORD0020516,1,debit_card,4,37.19
ORD0020517,1,boleto,12,708.76
ORD0020518,1,voucher,9,872.4699999999999
ORD0020519,1,boleto,1,286.12
ORD0020520,1,boleto,9,352.34
ORD0020521,1,debit_card,3,245.56
ORD0020522,1,credit_card,11,57.96
ORD0020523,1,credit_card,12,473.74
ORD0020524,1,voucher,12,251.44
ORD0020525,1,voucher,6,88.56
ORD0020526,1,voucher,11,208.92
ORD0020527,1,boleto,10,246.29999999999998
ORD0020528,1,debit_card,8,31.02
ORD0020529,1,boleto,6,142.48
ORD0020530,1,credit_card,3,614.2
ORD0020531,1,voucher,11,178.6
ORD0020532,1,boleto,6,357.58000000000004
ORD0020533,1,debit_card,7,32.14
ORD0020534,1,credit_card,10,887.04
ORD0020535,1,credit_card,2,388.36
ORD0020536,1,boleto,1,202.62
ORD0020537,1,debit_card,10,118.82
ORD0020538,1,voucher,3,766.28
ORD0020539,1,boleto,8,233.85000000000002
ORD0020540,1,voucher,8,153.73
ORD0020541,1,boleto,9,242.62
ORD0020542,1,voucher,4,76.87
ORD0020543,1,voucher,9,77.23
ORD0020544,1,voucher,7,302.23
ORD0020545,1,boleto,12,67.92
ORD0020546,1,boleto,10,337.46
ORD0020547,1,credit_card,12,163.98
ORD0020548,1,credit_card,4,322.68
ORD0020549,1,credit_card,10,127.74
ORD0020550,1,boleto,4,128.6
ORD0020551,1,boleto,9,315.26
ORD0020552,1,voucher,1,1255.8
ORD0020553,1,credit_card,1,762.5699999999999
ORD0020554,1,voucher,12,808.3000000000001
ORD0020555,1,boleto,11,584.76
ORD0020556,1,boleto,11,518.83
ORD0020557,1,debit_card,8,133.06
ORD0020558,1,boleto,6,791.54
ORD0020559,1,credit_card,12,1045.5500000000002
ORD0020560,1,debit_card,3,115.29
ORD0020561,1,boleto,1,330.89
ORD0020562,1,boleto,8,121.7
ORD0020563,1,boleto,6,332.49
ORD0020564,1,credit_card,9,178.52
ORD0020565,1,voucher,5,1815.52
ORD0020566,1,voucher,12,356.88
ORD0020567,1,boleto,9,74.61
ORD0020568,1,debit_card,7,282.15
ORD0020569,1,debit_card,2,753.5699999999999
ORD0020570,1,boleto,2,856.6
ORD0020571,1,debit_card,4,124.65
ORD0020572,1,voucher,12,2034.0299999999997
ORD0020573,1,boleto,8,298.07000000000005
ORD0020574,1,debit_card,3,1076.36
ORD0020575,1,boleto,11,46.23
ORD0020576,1,voucher,11,206.34
ORD0020577,1,debit_card,3,378.86
ORD0020578,1,voucher,11,493.89
ORD0020579,1,voucher,12,633.54
ORD0020580,1,debit_card,9,862.48
ORD0020581,1,debit_card,3,168.31
ORD0020582,1,boleto,6,863.0899999999999
ORD0020583,1,voucher,4,216.96
ORD0020584,1,boleto,11,627.49
ORD0020585,1,voucher,1,187.87
ORD0020586,1,debit_card,2,462.35
ORD0020587,1,credit_card,9,15.08
ORD0020588,1,debit_card,11,555.0899999999999
ORD0020589,1,voucher,5,179.6
ORD0020590,1,boleto,12,71.78
ORD0020591,1,voucher,5,277.92
ORD0020592,1,credit_card,6,1102.1599999999999
ORD0020593,1,debit_card,8,860.24
ORD0020594,1,voucher,10,73.25
ORD0020595,1,debit_card,11,56.07
ORD0020596,1,voucher,1,88.62
ORD0020597,1,voucher,3,92.28
ORD0020598,1,voucher,1,180.77999999999997
ORD0020599,1,debit_card,11,376.36
ORD0020600,1,voucher,4,541.77
ORD0020601,1,debit_card,6,80.1
ORD0020602,1,credit_card,11,398.62
ORD0020603,1,voucher,10,524.76
ORD0020604,1,debit_card,8,22.47
ORD0020605,1,boleto,12,107.75
ORD0020606,1,credit_card,12,34.11
ORD0020607,1,boleto,9,378.42
ORD0020608,1,debit_card,2,142.4
ORD0020609,1,voucher,9,831.01
ORD0020610,1,debit_card,4,365.1
ORD0020611,1,boleto,3,656.9
ORD0020612,1,voucher,4,17.27
ORD0020613,1,credit_card,7,566.27
ORD0020614,1,credit_card,4,93.4
ORD0020615,1,debit_card,8,110.16
ORD0020616,1,credit_card,1,69.35
ORD0020617,1,voucher,8,502.32
ORD0020618,1,debit_card,11,294.93
ORD0020619,1,boleto,12,375.61
ORD0020620,1,boleto,1,207.0
ORD0020621,1,credit_card,7,92.48
ORD0020622,1,debit_card,4,298.74
ORD0020623,1,boleto,1,156.9
ORD0020624,1,debit_card,8,779.52
ORD0020625,1,debit_card,7,738.45
ORD0020626,1,credit_card,12,67.66
ORD0020627,1,boleto,4,428.22
ORD0020628,1,voucher,3,1675.64
ORD0020629,1,voucher,6,265.42
ORD0020630,1,voucher,10,558.7800000000001
ORD0020631,1,debit_card,2,219.51999999999998
ORD0020632,1,credit_card,12,730.3599999999999
ORD0020633,1,voucher,9,149.81
ORD0020634,1,boleto,5,457.12
ORD0020635,1,credit_card,12,200.57
ORD0020636,1,boleto,8,37.68
ORD0020637,1,credit_card,5,251.03
ORD0020638,1,credit_card,6,1885.47
ORD0020639,1,boleto,10,302.41
ORD0020640,1,credit_card,5,38.69
ORD0020641,1,credit_card,2,366.94
ORD0020642,1,credit_card,6,379.4
ORD0020643,1,voucher,12,345.12
ORD0020644,1,voucher,3,388.73
ORD0020645,1,debit_card,11,123.65
ORD0020646,1,debit_card,2,313.1
ORD0020647,1,credit_card,10,68.32
ORD0020648,1,boleto,9,97.15
ORD0020649,1,boleto,4,690.44
ORD0020650,1,voucher,12,686.7
ORD0020651,1,voucher,11,1131.76
ORD0020652,1,credit_card,7,412.6
ORD0020653,1,boleto,9,124.85000000000001
ORD0020654,1,debit_card,9,136.64
ORD0020655,1,voucher,3,686.41
ORD0020656,1,boleto,12,273.72
ORD0020657,1,voucher,7,679.5600000000001
ORD0020658,1,debit_card,12,45.78
ORD0020659,1,boleto,6,33.99
ORD0020660,1,debit_card,4,968.19
ORD0020661,1,debit_card,7,364.0
ORD0020662,1,boleto,6,2045.7800000000002
ORD0020663,1,boleto,11,438.0
ORD0020664,1,debit_card,10,608.79
ORD0020665,1,voucher,4,188.51
ORD0020666,1,boleto,6,355.28
ORD0020667,1,credit_card,1,117.14
ORD0020668,1,voucher,2,492.58
ORD0020669,1,boleto,8,502.32
ORD0020670,1,credit_card,9,84.65
ORD0020671,1,debit_card,7,31.02
ORD0020672,1,credit_card,12,1429.1999999999998
ORD0020673,1,credit_card,5,300.98
ORD0020674,1,boleto,12,579.28
ORD0020675,1,debit_card,5,132.32999999999998
ORD0020676,1,credit_card,5,166.6
ORD0020677,1,boleto,5,94.84
ORD0020678,1,credit_card,3,483.23
ORD0020679,1,boleto,11,102.34
ORD0020680,1,voucher,9,62.34
ORD0020681,1,credit_card,6,179.21
ORD0020682,1,credit_card,4,89.17
ORD0020683,1,credit_card,5,421.95
ORD0020684,1,credit_card,5,164.96
ORD0020685,1,credit_card,4,119.55
ORD0020686,1,debit_card,9,1217.76
ORD0020687,1,boleto,8,614.48
ORD0020688,1,boleto,6,190.38
ORD0020689,1,credit_card,4,521.09
ORD0020690,1,boleto,5,502.38
ORD0020691,1,credit_card,12,94.79
ORD0020692,1,voucher,8,750.24
ORD0020693,1,boleto,2,263.7
ORD0020694,1,debit_card,10,89.86
ORD0020695,1,boleto,5,238.62
ORD0020696,1,voucher,12,271.56
ORD0020697,1,debit_card,8,137.79
ORD0020698,1,boleto,4,56.44
ORD0020699,1,credit_card,3,39.79
ORD0020700,1,credit_card,8,367.56
ORD0020701,1,voucher,2,341.0
ORD0020702,1,voucher,3,440.56
ORD0020703,1,boleto,10,358.65
ORD0020704,1,credit_card,3,740.16
ORD0020705,1,boleto,8,99.2
ORD0020706,1,boleto,2,401.32
ORD0020707,1,credit_card,9,732.6
ORD0020708,1,credit_card,3,327.95
ORD0020709,1,voucher,2,373.46000000000004
ORD0020710,1,boleto,10,16.56
ORD0020711,1,debit_card,11,393.24
ORD0020712,1,debit_card,8,826.7
ORD0020713,1,boleto,11,978.36
ORD0020714,1,boleto,1,293.67
ORD0020715,1,debit_card,12,428.69999999999993
ORD0020716,1,boleto,8,132.2
ORD0020717,1,voucher,1,759.03
ORD0020718,1,credit_card,8,166.22
ORD0020719,1,voucher,5,97.02
ORD0020720,1,debit_card,5,409.86
ORD0020721,1,boleto,5,45.63
ORD0020722,1,credit_card,10,413.76
ORD0020723,1,credit_card,5,34.16
ORD0020724,1,credit_card,12,163.46
ORD0020725,1,debit_card,10,163.8
ORD0020726,1,boleto,5,424.30999999999995
ORD0020727,1,credit_card,4,64.05
ORD0020728,1,boleto,3,254.82
ORD0020729,1,boleto,12,462.58
ORD0020730,1,credit_card,7,125.26
ORD0020731,1,voucher,11,305.4
ORD0020732,1,credit_card,1,247.79
ORD0020733,1,boleto,3,323.36
ORD0020734,1,debit_card,2,33.21
ORD0020735,1,voucher,2,854.36
ORD0020736,1,credit_card,11,570.81
ORD0020737,1,boleto,2,1022.44
ORD0020738,1,credit_card,7,515.7
ORD0020739,1,voucher,5,1272.83
ORD0020740,1,voucher,1,114.57
ORD0020741,1,voucher,4,1104.1799999999998
ORD0020742,1,debit_card,7,26.45
ORD0020743,1,voucher,8,110.27000000000001
ORD0020744,1,voucher,7,507.02
ORD0020745,1,boleto,3,173.36
ORD0020746,1,boleto,10,98.27
ORD0020747,1,boleto,9,189.15
ORD0020748,1,voucher,2,281.04
ORD0020749,1,debit_card,9,1128.18
ORD0020750,1,voucher,8,554.92
ORD0020751,1,debit_card,10,867.18
ORD0020752,1,credit_card,11,64.05
ORD0020753,1,credit_card,12,76.09
ORD0020754,1,boleto,4,337.34000000000003
ORD0020755,1,boleto,11,365.64
ORD0020756,1,boleto,2,82.17
ORD0020757,1,boleto,6,104.28
ORD0020758,1,voucher,8,62.88
ORD0020759,1,debit_card,12,405.34000000000003
ORD0020760,1,boleto,10,897.4100000000001
ORD0020761,1,debit_card,10,132.07
ORD0020762,1,voucher,3,110.83
ORD0020763,1,debit_card,7,222.16
ORD0020764,1,debit_card,9,211.79999999999998
ORD0020765,1,boleto,11,795.9399999999999
ORD0020766,1,credit_card,2,546.46
ORD0020767,1,debit_card,10,489.7
ORD0020768,1,debit_card,11,76.96000000000001
ORD0020769,1,voucher,4,682.6300000000001
ORD0020770,1,debit_card,12,201.8
ORD0020771,1,boleto,11,269.6
ORD0020772,1,debit_card,11,157.38
ORD0020773,1,voucher,10,292.55
ORD0020774,1,credit_card,4,158.45
ORD0020775,1,voucher,10,628.65
ORD0020776,1,debit_card,5,170.16
ORD0020777,1,credit_card,3,146.34
ORD0020778,1,boleto,3,283.28
ORD0020779,1,debit_card,2,688.28
ORD0020780,1,voucher,8,1319.5500000000002
ORD0020781,1,credit_card,12,192.39
ORD0020782,1,credit_card,1,53.19
ORD0020783,1,debit_card,2,1775.37
ORD0020784,1,debit_card,2,210.07
ORD0020785,1,debit_card,11,163.26
ORD0020786,1,voucher,12,803.84
ORD0020787,1,credit_card,6,176.64
ORD0020788,1,boleto,4,864.1999999999999
ORD0020789,1,boleto,12,91.89
ORD0020790,1,boleto,2,84.72
ORD0020791,1,voucher,6,383.77
ORD0020792,1,voucher,8,139.41
ORD0020793,1,credit_card,9,434.08
ORD0020794,1,credit_card,9,63.03
ORD0020795,1,debit_card,9,141.2
ORD0020796,1,debit_card,3,216.13
ORD0020797,1,boleto,1,305.4
ORD0020798,1,debit_card,7,460.02
ORD0020799,1,boleto,9,158.76
ORD0020800,1,debit_card,4,42.39
ORD0020801,1,credit_card,7,731.49
ORD0020802,1,voucher,10,504.07000000000005
ORD0020803,1,boleto,10,112.14
ORD0020804,1,debit_card,11,90.99
ORD0020805,1,voucher,8,523.9
ORD0020806,1,boleto,6,470.4
ORD0020807,1,boleto,3,339.24
ORD0020808,1,boleto,8,524.88
ORD0020809,1,voucher,10,194.5
ORD0020810,1,credit_card,6,566.11
ORD0020811,1,voucher,12,662.14
ORD0020812,1,debit_card,9,440.78000000000003
ORD0020813,1,voucher,8,993.1899999999999
ORD0020814,1,voucher,12,340.71
ORD0020815,1,voucher,8,28.34
ORD0020816,1,voucher,12,1062.2199999999998
ORD0020817,1,voucher,11,125.46
ORD0020818,1,credit_card,8,295.36
ORD0020819,1,debit_card,5,594.2
ORD0020820,1,credit_card,5,80.1
ORD0020821,1,credit_card,11,212.8
ORD0020822,1,credit_card,10,304.29999999999995
ORD0020823,1,boleto,4,549.45
ORD0020824,1,boleto,9,38.46
ORD0020825,1,boleto,3,225.42000000000002
ORD0020826,1,voucher,6,90.34
ORD0020827,1,credit_card,6,1171.72
ORD0020828,1,boleto,11,136.23
ORD0020829,1,debit_card,4,755.49
ORD0020830,1,credit_card,1,158.44
ORD0020831,1,debit_card,5,647.8299999999999
ORD0020832,1,debit_card,6,192.14999999999998
ORD0020833,1,voucher,3,70.08
ORD0020834,1,voucher,4,144.34
ORD0020835,1,credit_card,8,172.18
ORD0020836,1,credit_card,6,227.54999999999998
ORD0020837,1,debit_card,5,564.35
ORD0020838,1,boleto,1,270.27
ORD0020839,1,voucher,12,1705.98
ORD0020840,1,voucher,12,382.29
ORD0020841,1,voucher,5,161.75
ORD0020842,1,voucher,8,210.06
ORD0020843,1,boleto,1,74.42
ORD0020844,1,debit_card,3,539.77
ORD0020845,1,credit_card,2,712.89
ORD0020846,1,debit_card,7,498.63
ORD0020847,1,boleto,12,175.84
ORD0020848,1,debit_card,9,88.52
ORD0020849,1,credit_card,11,28.72
ORD0020850,1,debit_card,12,283.82
ORD0020851,1,boleto,10,229.48
ORD0020852,1,voucher,5,148.16
ORD0020853,1,debit_card,12,263.91
ORD0020854,1,debit_card,4,340.79
ORD0020855,1,credit_card,10,122.07
ORD0020856,1,boleto,6,57.24
ORD0020857,1,credit_card,7,79.22
ORD0020858,1,boleto,12,311.34000000000003
ORD0020859,1,voucher,6,393.01
ORD0020860,1,credit_card,7,38.52
ORD0020861,1,debit_card,12,281.84999999999997
ORD0020862,1,boleto,2,156.05
ORD0020863,1,debit_card,12,493.71
ORD0020864,1,credit_card,4,431.76
ORD0020865,1,credit_card,2,460.2
ORD0020866,1,boleto,12,1108.92
ORD0020867,1,boleto,2,168.84
ORD0020868,1,boleto,11,113.72
ORD0020869,1,boleto,4,249.91
ORD0020870,1,debit_card,10,305.74
ORD0020871,1,credit_card,1,421.75
ORD0020872,1,boleto,9,349.81
ORD0020873,1,voucher,3,307.02
ORD0020874,1,debit_card,6,200.09
ORD0020875,1,voucher,10,90.54
ORD0020876,1,boleto,6,22.47
ORD0020877,1,debit_card,5,747.22
ORD0020878,1,boleto,3,514.9
ORD0020879,1,voucher,9,190.76
ORD0020880,1,voucher,7,212.10000000000002
ORD0020881,1,boleto,4,777.11
ORD0020882,1,debit_card,2,290.18
ORD0020883,1,credit_card,5,137.18
ORD0020884,1,boleto,8,285.84
ORD0020885,1,voucher,11,341.84
ORD0020886,1,boleto,9,499.65000000000003
ORD0020887,1,debit_card,2,495.92999999999995
ORD0020888,1,voucher,1,525.53
ORD0020889,1,credit_card,2,44.38
ORD0020890,1,boleto,1,138.4
ORD0020891,1,voucher,12,494.54
ORD0020892,1,debit_card,12,45.21
ORD0020893,1,debit_card,4,645.4
ORD0020894,1,debit_card,12,31.87
ORD0020895,1,credit_card,3,219.3
ORD0020896,1,boleto,11,15.37
ORD0020897,1,voucher,2,346.6
ORD0020898,1,boleto,4,189.43
ORD0020899,1,boleto,1,456.27
ORD0020900,1,debit_card,3,521.88
ORD0020901,1,debit_card,5,1265.65
ORD0020902,1,boleto,5,76.85
ORD0020903,1,voucher,1,173.45999999999998
ORD0020904,1,boleto,2,49.6
ORD0020905,1,debit_card,9,617.3
ORD0020906,1,debit_card,1,258.7
ORD0020907,1,debit_card,2,175.8
ORD0020908,1,voucher,7,124.73
ORD0020909,1,credit_card,5,928.78
ORD0020910,1,voucher,8,56.010000000000005
ORD0020911,1,debit_card,1,77.23
ORD0020912,1,voucher,4,132.66
ORD0020913,1,credit_card,3,402.11
ORD0020914,1,voucher,2,492.24999999999994
ORD0020915,1,boleto,8,260.20000000000005
ORD0020916,1,credit_card,10,150.86
ORD0020917,1,voucher,6,98.05
ORD0020918,1,debit_card,10,365.5
ORD0020919,1,debit_card,1,75.26
ORD0020920,1,voucher,6,20.18
ORD0020921,1,boleto,11,74.28
ORD0020922,1,credit_card,2,711.84
ORD0020923,1,debit_card,8,517.5500000000001
ORD0020924,1,credit_card,10,1341.16
ORD0020925,1,voucher,7,213.54
ORD0020926,1,voucher,10,89.50999999999999
ORD0020927,1,boleto,2,140.76
ORD0020928,1,credit_card,11,224.16
ORD0020929,1,boleto,6,710.15
ORD0020930,1,boleto,8,733.8199999999999
ORD0020931,1,boleto,6,287.73
ORD0020932,1,debit_card,7,157.79999999999998
ORD0020933,1,debit_card,7,564.16
ORD0020934,1,boleto,4,425.04
ORD0020935,1,boleto,2,140.92
ORD0020936,1,debit_card,6,49.52
ORD0020937,1,boleto,6,123.32
ORD0020938,1,credit_card,6,178.52
ORD0020939,1,boleto,5,98.58
ORD0020940,1,debit_card,8,103.66
ORD0020941,1,boleto,2,169.92
ORD0020942,1,debit_card,1,696.52
ORD0020943,1,credit_card,3,234.66
ORD0020944,1,voucher,6,469.2
ORD0020945,1,boleto,1,258.46999999999997
ORD0020946,1,debit_card,12,79.84
ORD0020947,1,debit_card,3,1417.22
ORD0020948,1,credit_card,8,89.29
ORD0020949,1,debit_card,5,461.16
ORD0020950,1,boleto,2,83.9
ORD0020951,1,voucher,11,59.28
ORD0020952,1,credit_card,12,721.32
ORD0020953,1,voucher,12,769.24
ORD0020954,1,boleto,5,99.2
ORD0020955,1,boleto,3,26.76
ORD0020956,1,credit_card,2,425.6
ORD0020957,1,voucher,10,515.03
ORD0020958,1,voucher,6,743.84
ORD0020959,1,voucher,5,553.0
ORD0020960,1,credit_card,6,211.08
ORD0020961,1,boleto,7,497.24
ORD0020962,1,boleto,8,82.63
ORD0020963,1,voucher,2,167.3
ORD0020964,1,credit_card,9,345.87
ORD0020965,1,voucher,5,294.4
ORD0020966,1,voucher,1,47.01
ORD0020967,1,debit_card,7,162.65
ORD0020968,1,credit_card,8,357.33
ORD0020969,1,credit_card,9,223.06
ORD0020970,1,debit_card,9,217.91
ORD0020971,1,debit_card,8,397.43999999999994
ORD0020972,1,debit_card,9,491.26
ORD0020973,1,voucher,12,100.7
ORD0020974,1,voucher,2,215.17
ORD0020975,1,debit_card,11,1353.1399999999999
ORD0020976,1,voucher,12,66.04
ORD0020977,1,voucher,1,71.81
ORD0020978,1,boleto,8,124.36
ORD0020979,1,voucher,2,284.0
ORD0020980,1,credit_card,5,260.54999999999995
ORD0020981,1,debit_card,3,145.29
ORD0020982,1,voucher,4,739.5600000000001
ORD0020983,1,boleto,8,433.40999999999997
ORD0020984,1,voucher,4,687.24
ORD0020985,1,boleto,8,654.85
ORD0020986,1,boleto,6,19.49
ORD0020987,1,debit_card,8,76.82
ORD0020988,1,credit_card,9,31.44
ORD0020989,1,voucher,5,100.7
ORD0020990,1,credit_card,7,181.5
ORD0020991,1,voucher,4,46.019999999999996
ORD0020992,1,boleto,8,302.85
ORD0020993,1,voucher,7,250.58
ORD0020994,1,voucher,2,487.5
ORD0020995,1,debit_card,4,295.02
ORD0020996,1,boleto,3,87.04
ORD0020997,1,boleto,10,160.55
ORD0020998,1,credit_card,7,255.14999999999998
ORD0020999,1,boleto,8,782.27
ORD0021000,1,debit_card,2,19.34
ORD0021001,1,boleto,6,434.05
ORD0021002,1,voucher,10,51.150000000000006
ORD0021003,1,voucher,3,464.41999999999996
ORD0021004,1,voucher,11,490.02
ORD0021005,1,credit_card,1,38.43
ORD0021006,1,voucher,8,172.86
ORD0021007,1,voucher,3,466.78
ORD0021008,1,voucher,3,100.16
ORD0021009,1,voucher,11,55.04
ORD0021010,1,boleto,7,218.47
ORD0021011,1,credit_card,7,115.99
ORD0021012,1,voucher,3,24.25
ORD0021013,1,credit_card,9,675.12
ORD0021014,1,debit_card,5,14.24
ORD0021015,1,boleto,8,103.2
ORD0021016,1,boleto,10,414.9
ORD0021017,1,credit_card,5,844.8
ORD0021018,1,debit_card,7,61.96
ORD0021019,1,debit_card,6,137.18
ORD0021020,1,debit_card,2,359.28
ORD0021021,1,boleto,4,118.61
ORD0021022,1,debit_card,5,336.64
ORD0021023,1,credit_card,2,105.16
ORD0021024,1,voucher,2,974.14
ORD0021025,1,credit_card,8,209.31
ORD0021026,1,debit_card,3,890.9499999999999
ORD0021027,1,debit_card,1,186.04000000000002
ORD0021028,1,credit_card,2,314.26
ORD0021029,1,credit_card,10,215.74
ORD0021030,1,voucher,8,180.89999999999998
ORD0021031,1,voucher,10,1192.85
ORD0021032,1,voucher,9,167.46
ORD0021033,1,debit_card,4,196.28
ORD0021034,1,debit_card,1,1079.22
ORD0021035,1,boleto,2,374.32
ORD0021036,1,voucher,2,236.19
ORD0021037,1,boleto,9,1513.2600000000002
ORD0021038,1,boleto,6,270.41999999999996
ORD0021039,1,voucher,1,673.7
ORD0021040,1,voucher,8,60.88
ORD0021041,1,voucher,10,493.03000000000003
ORD0021042,1,boleto,12,62.88
ORD0021043,1,debit_card,4,97.41999999999999
ORD0021044,1,voucher,12,62.47
ORD0021045,1,debit_card,4,711.25
ORD0021046,1,debit_card,10,88.96
ORD0021047,1,debit_card,12,157.56
ORD0021048,1,voucher,8,52.05
ORD0021049,1,credit_card,6,35.63
ORD0021050,1,credit_card,10,17.05
ORD0021051,1,boleto,1,174.81
ORD0021052,1,debit_card,5,67.63
ORD0021053,1,voucher,12,184.62
ORD0021054,1,debit_card,4,2122.37
ORD0021055,1,debit_card,11,105.12
ORD0021056,1,boleto,5,170.94
ORD0021057,1,credit_card,5,741.8100000000001
ORD0021058,1,voucher,1,322.33000000000004
ORD0021059,1,credit_card,3,315.17
ORD0021060,1,credit_card,1,224.45
ORD0021061,1,debit_card,11,33.96
ORD0021062,1,voucher,5,176.39
ORD0021063,1,voucher,12,1509.19
ORD0021064,1,boleto,3,259.78
ORD0021065,1,debit_card,2,357.27
ORD0021066,1,credit_card,6,21.68
ORD0021067,1,debit_card,12,273.22
ORD0021068,1,debit_card,11,529.56
ORD0021069,1,debit_card,9,136.01
ORD0021070,1,credit_card,1,125.25
ORD0021071,1,voucher,11,621.54
ORD0021072,1,debit_card,11,99.26
ORD0021073,1,voucher,1,162.34
ORD0021074,1,boleto,9,1562.16
ORD0021075,1,boleto,10,575.5
ORD0021076,1,credit_card,3,104.02
ORD0021077,1,voucher,2,46.81
ORD0021078,1,credit_card,5,125.84
ORD0021079,1,voucher,5,577.09
ORD0021080,1,voucher,10,588.87
ORD0021081,1,boleto,10,848.48
ORD0021082,1,credit_card,3,939.3000000000001
ORD0021083,1,boleto,11,51.75
ORD0021084,1,debit_card,4,572.2
ORD0021085,1,voucher,10,161.48
ORD0021086,1,credit_card,3,232.0
ORD0021087,1,voucher,11,159.34
ORD0021088,1,debit_card,4,386.34999999999997
ORD0021089,1,boleto,6,553.06
ORD0021090,1,voucher,9,687.24
ORD0021091,1,boleto,5,86.15
ORD0021092,1,debit_card,6,628.9000000000001
ORD0021093,1,boleto,7,244.87999999999997
ORD0021094,1,debit_card,9,730.74
ORD0021095,1,boleto,9,209.6
ORD0021096,1,debit_card,9,277.46
ORD0021097,1,debit_card,6,57.41
ORD0021098,1,boleto,7,77.72
ORD0021099,1,voucher,6,141.42000000000002
ORD0021100,1,boleto,10,633.2
ORD0021101,1,boleto,8,296.78000000000003
ORD0021102,1,credit_card,10,230.35999999999999
ORD0021103,1,credit_card,11,1226.1
ORD0021104,1,credit_card,7,448.43999999999994
ORD0021105,1,boleto,1,83.65
ORD0021106,1,boleto,3,31.09
ORD0021107,1,boleto,10,43.95
ORD0021108,1,voucher,8,204.58
ORD0021109,1,boleto,6,820.51
ORD0021110,1,voucher,8,1302.8899999999999
ORD0021111,1,voucher,8,667.05
ORD0021112,1,voucher,4,139.91
ORD0021113,1,debit_card,10,20.23
ORD0021114,1,credit_card,5,308.79
ORD0021115,1,debit_card,6,686.6
ORD0021116,1,boleto,10,141.42000000000002
ORD0021117,1,credit_card,10,250.74
ORD0021118,1,voucher,7,43.43
ORD0021119,1,voucher,4,138.68
ORD0021120,1,credit_card,12,215.35
ORD0021121,1,credit_card,5,1407.35
ORD0021122,1,boleto,8,246.29999999999998
ORD0021123,1,voucher,4,538.63
ORD0021124,1,voucher,4,1671.88
ORD0021125,1,credit_card,7,233.71
ORD0021126,1,credit_card,12,78.07
ORD0021127,1,debit_card,6,583.17
ORD0021128,1,debit_card,7,113.68
ORD0021129,1,voucher,5,22.47
ORD0021130,1,boleto,9,441.74
ORD0021131,1,boleto,7,58.91
ORD0021132,1,debit_card,5,761.89
ORD0021133,1,debit_card,4,410.63
ORD0021134,1,voucher,12,410.82000000000005
ORD0021135,1,debit_card,4,568.12
ORD0021136,1,boleto,10,194.6
ORD0021137,1,voucher,11,2152.4
ORD0021138,1,debit_card,4,31.44
ORD0021139,1,boleto,4,191.37
ORD0021140,1,credit_card,3,679.4300000000001
ORD0021141,1,boleto,7,44.74
ORD0021142,1,debit_card,10,190.97
ORD0021143,1,voucher,6,47.63
ORD0021144,1,credit_card,11,94.95
ORD0021145,1,boleto,5,630.43
ORD0021146,1,debit_card,2,73.25
ORD0021147,1,debit_card,8,225.09
ORD0021148,1,boleto,12,214.81
ORD0021149,1,credit_card,6,113.03
ORD0021150,1,credit_card,3,1009.5400000000001
ORD0021151,1,voucher,9,121.98
ORD0021152,1,debit_card,11,435.96999999999997
ORD0021153,1,boleto,5,152.0
ORD0021154,1,voucher,4,47.14
ORD0021155,1,debit_card,8,129.93
ORD0021156,1,boleto,9,566.61
ORD0021157,1,voucher,8,45.21
ORD0021158,1,boleto,4,720.83
ORD0021159,1,credit_card,10,40.93
ORD0021160,1,boleto,10,625.4
ORD0021161,1,boleto,6,552.03
ORD0021162,1,debit_card,8,226.60000000000002
ORD0021163,1,voucher,7,364.0
ORD0021164,1,boleto,6,143.92
ORD0021165,1,credit_card,12,227.18
ORD0021166,1,boleto,1,743.25
ORD0021167,1,boleto,12,35.14
ORD0021168,1,boleto,3,456.42
ORD0021169,1,debit_card,11,49.800000000000004
ORD0021170,1,boleto,2,256.77
ORD0021171,1,credit_card,8,1514.82
ORD0021172,1,boleto,1,105.33
ORD0021173,1,boleto,3,483.62
ORD0021174,1,credit_card,4,116.54
ORD0021175,1,debit_card,2,215.13
ORD0021176,1,voucher,7,139.91
ORD0021177,1,voucher,2,636.74
ORD0021178,1,credit_card,5,2715.5
ORD0021179,1,credit_card,11,41.88
ORD0021180,1,voucher,11,80.64
ORD0021181,1,debit_card,3,351.09000000000003
ORD0021182,1,credit_card,1,653.15
ORD0021183,1,boleto,2,92.26
ORD0021184,1,debit_card,7,143.05
ORD0021185,1,boleto,2,43.52
ORD0021186,1,credit_card,11,46.11
ORD0021187,1,debit_card,1,182.54000000000002
ORD0021188,1,voucher,12,1396.06
ORD0021189,1,boleto,7,991.72
ORD0021190,1,voucher,4,882.52
ORD0021191,1,voucher,1,494.6
ORD0021192,1,credit_card,12,199.36
ORD0021193,1,credit_card,4,190.54
ORD0021194,1,boleto,12,377.59999999999997
ORD0021195,1,credit_card,10,47.26
ORD0021196,1,voucher,12,125.29
ORD0021197,1,debit_card,11,52.15
ORD0021198,1,credit_card,12,255.24
ORD0021199,1,voucher,2,212.05
ORD0021200,1,voucher,8,618.6400000000001
ORD0021201,1,boleto,6,280.44
ORD0021202,1,debit_card,8,287.34000000000003
ORD0021203,1,voucher,4,289.69
ORD0021204,1,debit_card,11,662.7
ORD0021205,1,boleto,1,175.59
ORD0021206,1,debit_card,11,820.83
ORD0021207,1,voucher,8,531.72
ORD0021208,1,credit_card,7,158.52
ORD0021209,1,credit_card,7,466.48
ORD0021210,1,boleto,8,102.29
ORD0021211,1,debit_card,4,48.95
ORD0021212,1,voucher,7,267.23
ORD0021213,1,debit_card,10,289.54
ORD0021214,1,voucher,8,926.21
ORD0021215,1,voucher,5,146.68
ORD0021216,1,boleto,7,341.2
ORD0021217,1,debit_card,5,19.82
ORD0021218,1,voucher,10,819.5
ORD0021219,1,credit_card,1,13.03
ORD0021220,1,voucher,12,1061.01
ORD0021221,1,credit_card,7,84.93
ORD0021222,1,credit_card,6,73.14
ORD0021223,1,credit_card,3,62.04
ORD0021224,1,debit_card,12,82.45
ORD0021225,1,debit_card,8,213.38
ORD0021226,1,credit_card,1,172.86
ORD0021227,1,boleto,1,141.7
ORD0021228,1,voucher,9,716.0699999999999
ORD0021229,1,debit_card,8,393.85
ORD0021230,1,credit_card,12,239.63
ORD0021231,1,debit_card,10,229.89
ORD0021232,1,boleto,3,13.61
ORD0021233,1,voucher,2,369.15
ORD0021234,1,credit_card,4,432.42
ORD0021235,1,boleto,6,669.1800000000001
ORD0021236,1,voucher,2,720.1
ORD0021237,1,credit_card,6,318.8
ORD0021238,1,boleto,1,68.9
ORD0021239,1,credit_card,8,341.78
ORD0021240,1,boleto,2,242.04
ORD0021241,1,debit_card,5,64.05
ORD0021242,1,voucher,11,542.46
ORD0021243,1,voucher,3,50.46
ORD0021244,1,voucher,1,461.49
ORD0021245,1,voucher,8,725.77
ORD0021246,1,voucher,3,482.44
ORD0021247,1,voucher,8,357.89
ORD0021248,1,voucher,5,298.75
ORD0021249,1,boleto,9,28.66
ORD0021250,1,voucher,12,109.94999999999999
ORD0021251,1,boleto,2,218.62
ORD0021252,1,boleto,2,210.76
ORD0021253,1,boleto,9,45.7
ORD0021254,1,debit_card,11,129.23
ORD0021255,1,voucher,1,148.94
ORD0021256,1,boleto,10,488.0
ORD0021257,1,boleto,5,62.06
ORD0021258,1,debit_card,5,1273.16
ORD0021259,1,voucher,11,280.74
ORD0021260,1,boleto,9,2553.34
ORD0021261,1,credit_card,4,42.46
ORD0021262,1,credit_card,11,542.96
ORD0021263,1,voucher,7,118.84
ORD0021264,1,boleto,3,161.68
ORD0021265,1,boleto,5,1167.17
ORD0021266,1,boleto,10,126.17
ORD0021267,1,credit_card,2,381.92
ORD0021268,1,credit_card,7,454.77
ORD0021269,1,voucher,2,149.36
ORD0021270,1,voucher,5,43.33
ORD0021271,1,voucher,4,925.29
ORD0021272,1,credit_card,4,122.56
ORD0021273,1,debit_card,3,294.65999999999997
ORD0021274,1,debit_card,4,89.76
ORD0021275,1,credit_card,3,38.94
ORD0021276,1,voucher,7,278.12
ORD0021277,1,debit_card,6,250.54
ORD0021278,1,boleto,6,223.06
ORD0021279,1,debit_card,12,638.4000000000001
ORD0021280,1,debit_card,3,298.8
ORD0021281,1,voucher,11,265.98
ORD0021282,1,debit_card,1,29.86
ORD0021283,1,voucher,7,695.7
ORD0021284,1,voucher,7,478.1
ORD0021285,1,credit_card,9,651.0900000000001
ORD0021286,1,credit_card,8,384.16999999999996
ORD0021287,1,debit_card,4,39.9
ORD0021288,1,credit_card,1,205.82
ORD0021289,1,debit_card,2,207.48
ORD0021290,1,credit_card,12,227.79
ORD0021291,1,voucher,10,397.33000000000004
ORD0021292,1,credit_card,8,295.68
ORD0021293,1,voucher,4,420.32000000000005
ORD0021294,1,boleto,4,382.9
ORD0021295,1,debit_card,11,454.83
ORD0021296,1,debit_card,3,158.29
ORD0021297,1,credit_card,12,85.65
ORD0021298,1,debit_card,6,56.28
ORD0021299,1,voucher,7,788.43
ORD0021300,1,debit_card,2,128.64
ORD0021301,1,voucher,8,418.99
ORD0021302,1,voucher,3,180.03
ORD0021303,1,debit_card,9,950.49
ORD0021304,1,credit_card,11,479.83000000000004
ORD0021305,1,debit_card,4,517.88
ORD0021306,1,debit_card,5,250.72
ORD0021307,1,boleto,2,202.94
ORD0021308,1,boleto,2,53.68
ORD0021309,1,boleto,8,347.48
ORD0021310,1,debit_card,12,42.42
ORD0021311,1,voucher,8,87.58
ORD0021312,1,credit_card,6,183.27
ORD0021313,1,voucher,9,894.91
ORD0021314,1,credit_card,9,365.64
ORD0021315,1,voucher,8,1322.78
ORD0021316,1,credit_card,10,28.48
ORD0021317,1,credit_card,8,539.0
ORD0021318,1,credit_card,10,58.12
ORD0021319,1,credit_card,2,170.37
ORD0021320,1,voucher,2,123.52
ORD0021321,1,debit_card,6,102.53999999999999
ORD0021322,1,boleto,7,109.65
ORD0021323,1,credit_card,9,78.66
ORD0021324,1,credit_card,10,60.92
ORD0021325,1,debit_card,11,13.56
ORD0021326,1,boleto,3,309.90999999999997
ORD0021327,1,credit_card,5,837.16
ORD0021328,1,voucher,11,320.84000000000003
ORD0021329,1,debit_card,11,316.69
ORD0021330,1,credit_card,2,154.79
ORD0021331,1,boleto,3,209.56
ORD0021332,1,voucher,10,273.69
ORD0021333,1,voucher,12,108.56
ORD0021334,1,boleto,10,1182.72
ORD0021335,1,credit_card,11,102.51
ORD0021336,1,boleto,4,400.76
ORD0021337,1,debit_card,12,1071.02
ORD0021338,1,credit_card,7,305.15
ORD0021339,1,voucher,6,323.19
ORD0021340,1,boleto,2,873.3000000000001
ORD0021341,1,credit_card,12,116.74
ORD0021342,1,voucher,1,491.76
ORD0021343,1,voucher,2,156.45
ORD0021344,1,voucher,8,365.5
ORD0021345,1,debit_card,11,297.04
ORD0021346,1,boleto,3,279.85
ORD0021347,1,credit_card,2,39.92
ORD0021348,1,debit_card,10,1441.53
ORD0021349,1,boleto,11,72.02
ORD0021350,1,boleto,9,602.52
ORD0021351,1,debit_card,1,670.9000000000001
ORD0021352,1,credit_card,9,100.52
ORD0021353,1,voucher,7,44.38
ORD0021354,1,debit_card,9,784.55
ORD0021355,1,debit_card,11,221.38
ORD0021356,1,boleto,5,215.6
ORD0021357,1,voucher,9,1336.2900000000002
ORD0021358,1,credit_card,11,312.9
ORD0021359,1,credit_card,9,570.48
ORD0021360,1,voucher,4,77.36
ORD0021361,1,boleto,3,57.62
ORD0021362,1,voucher,9,153.51
ORD0021363,1,debit_card,11,208.86
ORD0021364,1,voucher,3,122.76
ORD0021365,1,credit_card,2,456.46
ORD0021366,1,credit_card,8,384.34000000000003
ORD0021367,1,credit_card,12,106.36
ORD0021368,1,boleto,8,546.55
ORD0021369,1,voucher,6,142.57999999999998
ORD0021370,1,voucher,5,102.07
ORD0021371,1,voucher,7,880.02
ORD0021372,1,credit_card,5,89.76
ORD0021373,1,debit_card,4,120.94
ORD0021374,1,boleto,7,604.9300000000001
ORD0021375,1,debit_card,3,102.08
ORD0021376,1,voucher,8,54.21
ORD0021377,1,voucher,4,209.94
ORD0021378,1,voucher,12,103.11
ORD0021379,1,debit_card,12,173.32
ORD0021380,1,boleto,1,919.02
ORD0021381,1,credit_card,10,408.48
ORD0021382,1,voucher,5,136.82999999999998
ORD0021383,1,boleto,3,45.81999999999999
ORD0021384,1,voucher,8,136.61
ORD0021385,1,boleto,9,232.1
ORD0021386,1,debit_card,1,152.65
ORD0021387,1,boleto,11,148.55
ORD0021388,1,debit_card,8,634.13
ORD0021389,1,boleto,7,74.08
ORD0021390,1,voucher,2,143.01
ORD0021391,1,voucher,7,195.74
ORD0021392,1,credit_card,11,312.7
ORD0021393,1,credit_card,9,42.46
ORD0021394,1,voucher,2,441.71999999999997
ORD0021395,1,debit_card,9,275.2
ORD0021396,1,credit_card,11,560.96
ORD0021397,1,voucher,5,153.45
ORD0021398,1,credit_card,6,548.24
ORD0021399,1,credit_card,12,126.67
ORD0021400,1,credit_card,2,239.0
ORD0021401,1,boleto,8,137.89
ORD0021402,1,boleto,2,921.8700000000001
ORD0021403,1,debit_card,4,331.68
ORD0021404,1,credit_card,9,261.22
ORD0021405,1,debit_card,4,158.1
ORD0021406,1,credit_card,5,46.73
ORD0021407,1,voucher,5,115.12
ORD0021408,1,debit_card,9,428.35
ORD0021409,1,boleto,1,1055.4
ORD0021410,1,voucher,5,1693.0
ORD0021411,1,voucher,10,93.94
ORD0021412,1,voucher,9,1947.04
ORD0021413,1,voucher,6,279.8
ORD0021414,1,boleto,12,59.28
ORD0021415,1,voucher,8,216.72
ORD0021416,1,credit_card,10,45.24
ORD0021417,1,credit_card,6,59.24
ORD0021418,1,debit_card,10,64.64
ORD0021419,1,voucher,10,220.69
ORD0021420,1,debit_card,7,1194.65
ORD0021421,1,debit_card,6,1492.4199999999998
ORD0021422,1,boleto,1,947.1099999999999
ORD0021423,1,credit_card,8,392.93999999999994
ORD0021424,1,voucher,7,812.8
ORD0021425,1,boleto,8,270.94
ORD0021426,1,debit_card,7,118.48
ORD0021427,1,boleto,7,79.61
ORD0021428,1,credit_card,4,182.46
ORD0021429,1,voucher,6,63.46
ORD0021430,1,credit_card,2,445.91999999999996
ORD0021431,1,voucher,9,43.56
ORD0021432,1,credit_card,5,124.72
ORD0021433,1,boleto,8,313.44
ORD0021434,1,debit_card,6,105.54
ORD0021435,1,debit_card,4,1054.96
ORD0021436,1,credit_card,8,186.84
ORD0021437,1,debit_card,3,34.82
ORD0021438,1,boleto,10,458.6
ORD0021439,1,debit_card,7,282.83000000000004
ORD0021440,1,debit_card,11,413.76
ORD0021441,1,debit_card,6,253.1
ORD0021442,1,voucher,2,62.42
ORD0021443,1,credit_card,7,528.75
ORD0021444,1,boleto,1,190.96
ORD0021445,1,boleto,6,119.65
ORD0021446,1,debit_card,9,1318.15
ORD0021447,1,debit_card,4,465.54
ORD0021448,1,boleto,6,1471.67
ORD0021449,1,credit_card,10,128.54
ORD0021450,1,boleto,10,689.67
ORD0021451,1,credit_card,11,222.14
ORD0021452,1,voucher,8,298.8
ORD0021453,1,debit_card,12,141.88
ORD0021454,1,credit_card,12,780.45
ORD0021455,1,debit_card,1,612.3
ORD0021456,1,credit_card,2,188.51
ORD0021457,1,voucher,8,55.28
ORD0021458,1,voucher,1,58.91
ORD0021459,1,credit_card,6,1239.0300000000002
ORD0021460,1,credit_card,7,203.2
ORD0021461,1,credit_card,9,754.32
ORD0021462,1,voucher,1,54.12
ORD0021463,1,debit_card,5,121.8
ORD0021464,1,boleto,1,370.74
ORD0021465,1,boleto,3,87.12
ORD0021466,1,debit_card,8,142.89000000000001
ORD0021467,1,debit_card,6,407.2
ORD0021468,1,voucher,1,206.11
ORD0021469,1,credit_card,3,35.17
ORD0021470,1,voucher,9,105.42
ORD0021471,1,credit_card,10,1574.54
ORD0021472,1,voucher,7,135.81
ORD0021473,1,debit_card,7,466.07
ORD0021474,1,debit_card,2,609.4300000000001
ORD0021475,1,voucher,12,1053.72
ORD0021476,1,voucher,1,144.6
ORD0021477,1,credit_card,9,154.77
ORD0021478,1,voucher,8,987.15
ORD0021479,1,boleto,3,852.99
ORD0021480,1,debit_card,5,68.03
ORD0021481,1,debit_card,3,1277.61
ORD0021482,1,debit_card,6,65.32
ORD0021483,1,voucher,7,66.23
ORD0021484,1,debit_card,7,90.08
ORD0021485,1,debit_card,1,149.37
ORD0021486,1,boleto,8,394.14
ORD0021487,1,boleto,12,1108.92
ORD0021488,1,debit_card,1,226.44
ORD0021489,1,debit_card,8,177.01
ORD0021490,1,credit_card,6,780.6299999999999
ORD0021491,1,voucher,6,113.72
ORD0021492,1,debit_card,11,464.66999999999996
ORD0021493,1,credit_card,5,172.33
ORD0021494,1,debit_card,10,118.02
ORD0021495,1,boleto,11,215.87
ORD0021496,1,credit_card,5,228.79000000000002
ORD0021497,1,boleto,7,73.23
ORD0021498,1,credit_card,5,392.16
ORD0021499,1,debit_card,3,843.37
ORD0021500,1,credit_card,9,276.23
ORD0021501,1,voucher,11,145.53
ORD0021502,1,voucher,3,351.56
ORD0021503,1,debit_card,11,319.98
ORD0021504,1,debit_card,12,306.9
ORD0021505,1,credit_card,3,129.23
ORD0021506,1,boleto,5,90.26
ORD0021507,1,voucher,9,626.4
ORD0021508,1,voucher,5,75.49
ORD0021509,1,credit_card,2,54.57
ORD0021510,1,boleto,4,67.42
ORD0021511,1,debit_card,8,1459.92
ORD0021512,1,debit_card,11,488.83
ORD0021513,1,voucher,6,352.35
ORD0021514,1,credit_card,11,120.9
ORD0021515,1,voucher,1,74.67
ORD0021516,1,boleto,12,1473.78
ORD0021517,1,credit_card,11,122.96
ORD0021518,1,voucher,2,529.0
ORD0021519,1,voucher,7,243.57
ORD0021520,1,debit_card,12,248.17
ORD0021521,1,debit_card,12,1564.8
ORD0021522,1,credit_card,7,1676.06
ORD0021523,1,debit_card,4,149.81
ORD0021524,1,credit_card,11,414.19
ORD0021525,1,voucher,8,1491.27
ORD0021526,1,credit_card,4,181.98
ORD0021527,1,boleto,12,210.76
ORD0021528,1,boleto,6,64.13
ORD0021529,1,credit_card,3,204.93
ORD0021530,1,voucher,12,194.81
ORD0021531,1,debit_card,2,129.6
ORD0021532,1,credit_card,1,295.38
ORD0021533,1,voucher,6,23.66
ORD0021534,1,voucher,1,262.71
ORD0021535,1,debit_card,5,358.59
ORD0021536,1,credit_card,8,503.33000000000004
ORD0021537,1,debit_card,7,268.28
ORD0021538,1,voucher,11,434.32
ORD0021539,1,voucher,12,48.16
ORD0021540,1,boleto,11,35.67
ORD0021541,1,credit_card,3,1412.8
ORD0021542,1,debit_card,4,117.38
ORD0021543,1,debit_card,11,34.77
ORD0021544,1,debit_card,5,311.6
ORD0021545,1,voucher,2,17.27
ORD0021546,1,credit_card,4,134.07
ORD0021547,1,debit_card,3,302.23
ORD0021548,1,voucher,3,432.06
ORD0021549,1,debit_card,4,260.54999999999995
ORD0021550,1,voucher,11,117.62
ORD0021551,1,voucher,3,599.66
ORD0021552,1,debit_card,2,378.66
ORD0021553,1,credit_card,5,40.69
ORD0021554,1,debit_card,6,45.83
ORD0021555,1,credit_card,6,202.14
ORD0021556,1,boleto,10,767.25
ORD0021557,1,voucher,5,1370.37
ORD0021558,1,debit_card,4,228.48
ORD0021559,1,credit_card,10,278.67
ORD0021560,1,voucher,2,94.94
ORD0021561,1,voucher,6,409.71
ORD0021562,1,debit_card,11,258.32
ORD0021563,1,voucher,3,48.95
ORD0021564,1,boleto,4,247.44
ORD0021565,1,credit_card,5,85.02
ORD0021566,1,debit_card,2,323.15
ORD0021567,1,credit_card,10,1562.7600000000002
ORD0021568,1,voucher,3,173.3
ORD0021569,1,voucher,8,27.34
ORD0021570,1,voucher,7,331.64
ORD0021571,1,voucher,2,129.35
ORD0021572,1,boleto,12,81.69
ORD0021573,1,credit_card,4,218.55
ORD0021574,1,voucher,12,181.02
ORD0021575,1,debit_card,2,188.42
ORD0021576,1,voucher,9,341.94
ORD0021577,1,credit_card,9,37.49
ORD0021578,1,voucher,3,505.40999999999997
ORD0021579,1,debit_card,6,92.46
ORD0021580,1,boleto,5,36.85
ORD0021581,1,boleto,7,153.9
ORD0021582,1,voucher,8,889.6999999999999
ORD0021583,1,voucher,10,52.22
ORD0021584,1,boleto,4,77.54
ORD0021585,1,boleto,11,41.2
ORD0021586,1,debit_card,11,221.07000000000002
ORD0021587,1,voucher,11,650.8799999999999
ORD0021588,1,voucher,7,397.24
ORD0021589,1,debit_card,9,154.2
ORD0021590,1,debit_card,4,378.52
ORD0021591,1,voucher,5,106.73
ORD0021592,1,voucher,2,21.34
ORD0021593,1,credit_card,8,264.55
ORD0021594,1,voucher,8,508.68
ORD0021595,1,boleto,5,336.3
ORD0021596,1,debit_card,9,687.88
ORD0021597,1,credit_card,1,267.76
ORD0021598,1,voucher,6,19.8
ORD0021599,1,voucher,1,138.58
ORD0021600,1,debit_card,10,77.16
ORD0021601,1,voucher,6,496.38
ORD0021602,1,debit_card,4,230.58
ORD0021603,1,debit_card,7,68.11
ORD0021604,1,credit_card,5,45.83
ORD0021605,1,voucher,10,320.34000000000003
ORD0021606,1,debit_card,11,105.72
ORD0021607,1,credit_card,3,64.92
ORD0021608,1,credit_card,3,277.86
ORD0021609,1,voucher,5,32.53
ORD0021610,1,boleto,1,188.52
ORD0021611,1,credit_card,11,241.28
ORD0021612,1,credit_card,5,219.82
ORD0021613,1,credit_card,1,388.85
ORD0021614,1,boleto,2,186.26
ORD0021615,1,voucher,5,121.84
ORD0021616,1,voucher,2,1453.42
ORD0021617,1,voucher,3,63.36
ORD0021618,1,boleto,8,225.84
ORD0021619,1,debit_card,12,197.52
ORD0021620,1,boleto,9,714.11
ORD0021621,1,debit_card,7,239.64
ORD0021622,1,voucher,11,84.22
ORD0021623,1,boleto,11,44.49
ORD0021624,1,voucher,12,18.04
ORD0021625,1,boleto,5,126.93
ORD0021626,1,credit_card,5,343.51
ORD0021627,1,voucher,3,129.29
ORD0021628,1,debit_card,3,1246.45
ORD0021629,1,voucher,8,661.5
ORD0021630,1,credit_card,9,97.72
ORD0021631,1,credit_card,5,20.27
ORD0021632,1,boleto,1,396.65
ORD0021633,1,debit_card,11,1173.68
ORD0021634,1,credit_card,11,271.24
ORD0021635,1,credit_card,1,179.45
ORD0021636,1,boleto,2,422.31
ORD0021637,1,debit_card,3,58.59
ORD0021638,1,boleto,9,47.47
ORD0021639,1,debit_card,7,28.42
ORD0021640,1,voucher,2,45.84
ORD0021641,1,credit_card,4,70.9
ORD0021642,1,debit_card,11,322.81
ORD0021643,1,credit_card,8,35.24
ORD0021644,1,boleto,3,86.32
ORD0021645,1,debit_card,12,195.95999999999998
ORD0021646,1,credit_card,3,136.65
ORD0021647,1,credit_card,6,750.03
ORD0021648,1,boleto,12,123.76
ORD0021649,1,boleto,8,372.4
ORD0021650,1,credit_card,12,65.08
ORD0021651,1,debit_card,4,411.96000000000004
ORD0021652,1,debit_card,7,350.52
ORD0021653,1,credit_card,6,87.89
ORD0021654,1,boleto,1,860.68
ORD0021655,1,credit_card,5,900.63
ORD0021656,1,credit_card,4,652.8100000000001
ORD0021657,1,boleto,5,226.05
ORD0021658,1,voucher,1,86.69
ORD0021659,1,voucher,10,639.8299999999999
ORD0021660,1,boleto,11,584.65
ORD0021661,1,voucher,9,142.48
ORD0021662,1,credit_card,2,39.13
ORD0021663,1,debit_card,2,146.54
ORD0021664,1,boleto,8,690.12
ORD0021665,1,credit_card,4,560.34
ORD0021666,1,credit_card,1,139.91
ORD0021667,1,voucher,8,378.1
ORD0021668,1,boleto,10,132.38
ORD0021669,1,voucher,3,243.2
ORD0021670,1,voucher,10,116.82
ORD0021671,1,credit_card,11,55.72
ORD0021672,1,boleto,5,55.07
ORD0021673,1,debit_card,12,373.68
ORD0021674,1,credit_card,8,261.51
ORD0021675,1,boleto,6,246.68
ORD0021676,1,voucher,8,304.16
ORD0021677,1,debit_card,2,174.01
ORD0021678,1,boleto,8,281.68
ORD0021679,1,voucher,9,460.02
ORD0021680,1,credit_card,5,241.4
ORD0021681,1,boleto,7,925.7299999999999
ORD0021682,1,debit_card,7,437.03999999999996
ORD0021683,1,debit_card,4,88.38
ORD0021684,1,boleto,7,79.39
ORD0021685,1,boleto,10,616.3599999999999
ORD0021686,1,debit_card,2,726.54
ORD0021687,1,voucher,2,927.59
ORD0021688,1,debit_card,9,592.31
ORD0021689,1,debit_card,6,423.18
ORD0021690,1,boleto,11,29.16
ORD0021691,1,debit_card,8,93.7
ORD0021692,1,boleto,10,198.78000000000003
ORD0021693,1,credit_card,11,124.12
ORD0021694,1,debit_card,9,360.74
ORD0021695,1,voucher,5,263.62
ORD0021696,1,voucher,9,339.58000000000004
ORD0021697,1,debit_card,1,82.62
ORD0021698,1,voucher,8,526.25
ORD0021699,1,credit_card,7,24.0
ORD0021700,1,voucher,3,939.2
ORD0021701,1,credit_card,2,175.12
ORD0021702,1,credit_card,8,326.85
ORD0021703,1,voucher,1,74.93
ORD0021704,1,credit_card,8,55.06
ORD0021705,1,voucher,1,262.6
ORD0021706,1,debit_card,7,928.0500000000001
ORD0021707,1,voucher,8,33.48
ORD0021708,1,credit_card,11,2533.5400000000004
ORD0021709,1,debit_card,8,219.26
ORD0021710,1,voucher,8,2024.0
ORD0021711,1,credit_card,7,601.6800000000001
ORD0021712,1,debit_card,5,517.0699999999999
ORD0021713,1,boleto,4,240.4
ORD0021714,1,debit_card,6,173.49
ORD0021715,1,voucher,7,241.4
ORD0021716,1,boleto,3,66.61
ORD0021717,1,debit_card,7,1973.01
ORD0021718,1,voucher,11,344.52
ORD0021719,1,debit_card,2,98.0
ORD0021720,1,debit_card,12,1004.6700000000001
ORD0021721,1,credit_card,12,347.40000000000003
ORD0021722,1,voucher,7,617.24
ORD0021723,1,debit_card,3,219.75
ORD0021724,1,voucher,5,289.2
ORD0021725,1,debit_card,10,123.26
ORD0021726,1,credit_card,2,283.06
ORD0021727,1,credit_card,9,121.97999999999999
ORD0021728,1,boleto,12,72.75
ORD0021729,1,voucher,9,51.14
ORD0021730,1,boleto,9,502.38
ORD0021731,1,credit_card,11,267.9
ORD0021732,1,boleto,5,119.93
ORD0021733,1,boleto,6,306.56
ORD0021734,1,debit_card,4,179.57999999999998
ORD0021735,1,debit_card,6,2170.39
ORD0021736,1,boleto,8,195.57999999999998
ORD0021737,1,credit_card,2,102.14
ORD0021738,1,credit_card,7,207.48
ORD0021739,1,credit_card,3,115.53
ORD0021740,1,voucher,12,685.04
ORD0021741,1,credit_card,2,242.46
ORD0021742,1,credit_card,10,93.24
ORD0021743,1,debit_card,9,81.56
ORD0021744,1,boleto,11,343.56
ORD0021745,1,boleto,12,28.7
ORD0021746,1,debit_card,4,64.97
ORD0021747,1,credit_card,2,130.29
ORD0021748,1,voucher,4,601.3
ORD0021749,1,voucher,7,68.56
ORD0021750,1,debit_card,10,251.16
ORD0021751,1,credit_card,7,59.94
ORD0021752,1,boleto,9,93.41
ORD0021753,1,voucher,5,418.23
ORD0021754,1,boleto,5,214.49
ORD0021755,1,credit_card,6,747.5
ORD0021756,1,credit_card,12,1412.9499999999998
ORD0021757,1,debit_card,5,83.34
ORD0021758,1,debit_card,1,266.12
ORD0021759,1,credit_card,11,61.61
ORD0021760,1,debit_card,7,173.7
ORD0021761,1,debit_card,2,64.05
ORD0021762,1,voucher,9,84.0
ORD0021763,1,boleto,3,99.94
ORD0021764,1,credit_card,5,341.0
ORD0021765,1,credit_card,9,653.73
ORD0021766,1,voucher,10,22.47
ORD0021767,1,boleto,9,39.67
ORD0021768,1,credit_card,11,620.01
ORD0021769,1,credit_card,9,33.48
ORD0021770,1,credit_card,7,196.11
ORD0021771,1,credit_card,2,160.18
ORD0021772,1,boleto,6,323.6
ORD0021773,1,credit_card,3,283.2
ORD0021774,1,voucher,2,481.52
ORD0021775,1,voucher,12,424.2
ORD0021776,1,credit_card,9,30.62
ORD0021777,1,voucher,10,3323.87
ORD0021778,1,credit_card,1,45.86
ORD0021779,1,debit_card,9,28.62
ORD0021780,1,voucher,1,331.64
ORD0021781,1,credit_card,10,305.48
ORD0021782,1,boleto,1,1202.1999999999998
ORD0021783,1,voucher,7,293.76
ORD0021784,1,credit_card,9,216.66
ORD0021785,1,voucher,3,50.46
ORD0021786,1,voucher,11,223.06
ORD0021787,1,credit_card,6,253.51
ORD0021788,1,boleto,10,138.46
ORD0021789,1,debit_card,7,75.62
ORD0021790,1,voucher,8,179.06
ORD0021791,1,debit_card,2,386.67999999999995
ORD0021792,1,credit_card,6,626.46
ORD0021793,1,voucher,2,454.68
ORD0021794,1,credit_card,6,735.04
ORD0021795,1,voucher,3,114.74
ORD0021796,1,voucher,11,426.55
ORD0021797,1,debit_card,12,171.56
ORD0021798,1,credit_card,1,830.97
ORD0021799,1,boleto,2,285.78000000000003
ORD0021800,1,voucher,6,153.64
ORD0021801,1,debit_card,8,45.6
ORD0021802,1,voucher,8,57.26
ORD0021803,1,debit_card,4,423.06000000000006
ORD0021804,1,credit_card,12,133.82
ORD0021805,1,voucher,5,141.26
ORD0021806,1,credit_card,5,368.1
ORD0021807,1,debit_card,2,72.66
ORD0021808,1,debit_card,3,322.7
ORD0021809,1,credit_card,12,263.79
ORD0021810,1,debit_card,11,854.16
ORD0021811,1,credit_card,4,705.56
ORD0021812,1,voucher,7,182.75
ORD0021813,1,credit_card,7,325.65000000000003
ORD0021814,1,debit_card,12,30.82
ORD0021815,1,debit_card,10,693.33
ORD0021816,1,boleto,8,499.56
ORD0021817,1,boleto,11,347.48
ORD0021818,1,boleto,5,945.9000000000001
ORD0021819,1,credit_card,2,627.56
ORD0021820,1,debit_card,11,258.32
ORD0021821,1,voucher,7,109.85
ORD0021822,1,voucher,12,153.42000000000002
ORD0021823,1,boleto,6,177.64
ORD0021824,1,debit_card,3,653.15
ORD0021825,1,voucher,7,55.72
ORD0021826,1,voucher,6,210.84
ORD0021827,1,debit_card,9,146.61
ORD0021828,1,debit_card,7,519.2
ORD0021829,1,voucher,5,44.41
ORD0021830,1,voucher,2,59.24
ORD0021831,1,boleto,7,226.82
ORD0021832,1,voucher,11,46.13
ORD0021833,1,voucher,10,58.05
ORD0021834,1,boleto,12,365.17
ORD0021835,1,boleto,8,1056.44
ORD0021836,1,boleto,9,310.04
ORD0021837,1,debit_card,5,69.75
ORD0021838,1,voucher,12,38.76
ORD0021839,1,voucher,6,384.63
ORD0021840,1,boleto,5,1071.54
ORD0021841,1,boleto,7,723.5799999999999
ORD0021842,1,debit_card,9,524.73
ORD0021843,1,voucher,2,128.7
ORD0021844,1,debit_card,8,487.95000000000005
ORD0021845,1,boleto,7,204.82
ORD0021846,1,boleto,10,312.95
ORD0021847,1,credit_card,11,117.96
ORD0021848,1,debit_card,9,436.42
ORD0021849,1,voucher,2,238.6
ORD0021850,1,boleto,10,151.24
ORD0021851,1,voucher,11,66.19
ORD0021852,1,boleto,1,158.96
ORD0021853,1,credit_card,11,30.44
ORD0021854,1,boleto,5,106.28
ORD0021855,1,debit_card,2,90.67
ORD0021856,1,credit_card,7,505.86
ORD0021857,1,debit_card,6,62.2
ORD0021858,1,voucher,8,233.92000000000002
ORD0021859,1,voucher,6,13.96
ORD0021860,1,debit_card,11,299.64
ORD0021861,1,boleto,1,179.21
ORD0021862,1,credit_card,4,132.74
ORD0021863,1,boleto,11,88.64
ORD0021864,1,boleto,9,116.62
ORD0021865,1,credit_card,10,706.05
ORD0021866,1,boleto,9,243.68
ORD0021867,1,credit_card,12,59.24
ORD0021868,1,voucher,8,57.56
ORD0021869,1,debit_card,6,741.87
ORD0021870,1,credit_card,6,1368.6799999999998
ORD0021871,1,boleto,3,20.18
ORD0021872,1,credit_card,11,162.76
ORD0021873,1,voucher,1,123.32
ORD0021874,1,credit_card,11,170.54
ORD0021875,1,voucher,11,438.01
ORD0021876,1,voucher,9,67.16
ORD0021877,1,credit_card,9,54.7
ORD0021878,1,boleto,9,133.44
ORD0021879,1,boleto,5,874.79
ORD0021880,1,boleto,10,77.19
ORD0021881,1,credit_card,4,263.91
ORD0021882,1,voucher,5,828.07
ORD0021883,1,boleto,2,163.8
ORD0021884,1,voucher,11,31.87
ORD0021885,1,credit_card,2,203.37
ORD0021886,1,debit_card,10,977.5500000000001
ORD0021887,1,boleto,5,258.82
ORD0021888,1,boleto,2,1233.6000000000001
ORD0021889,1,debit_card,4,528.47
ORD0021890,1,voucher,11,15.37
ORD0021891,1,debit_card,2,35.99
ORD0021892,1,credit_card,10,1060.07
ORD0021893,1,voucher,12,60.01
ORD0021894,1,debit_card,2,120.25
ORD0021895,1,debit_card,4,573.88
ORD0021896,1,credit_card,9,332.89
ORD0021897,1,boleto,12,220.5
ORD0021898,1,credit_card,6,316.21000000000004
ORD0021899,1,credit_card,10,312.73
ORD0021900,1,debit_card,12,298.64
ORD0021901,1,boleto,6,445.03999999999996
ORD0021902,1,debit_card,3,589.37
ORD0021903,1,boleto,6,253.01999999999998
ORD0021904,1,voucher,5,318.45000000000005
ORD0021905,1,credit_card,10,209.74
ORD0021906,1,debit_card,1,116.28
ORD0021907,1,voucher,9,195.76
ORD0021908,1,boleto,10,671.64
ORD0021909,1,debit_card,10,648.09
ORD0021910,1,credit_card,4,227.71
ORD0021911,1,debit_card,12,197.04
ORD0021912,1,boleto,5,271.55
ORD0021913,1,voucher,10,114.0
ORD0021914,1,credit_card,1,72.6
ORD0021915,1,boleto,2,84.42
ORD0021916,1,credit_card,10,182.75
ORD0021917,1,voucher,8,741.8100000000001
ORD0021918,1,credit_card,10,250.62
ORD0021919,1,voucher,1,33.54
ORD0021920,1,voucher,6,263.79
ORD0021921,1,boleto,12,118.2
ORD0021922,1,voucher,5,309.54
ORD0021923,1,debit_card,5,675.2
ORD0021924,1,voucher,11,116.87
ORD0021925,1,boleto,5,233.38
ORD0021926,1,credit_card,8,90.57
ORD0021927,1,voucher,5,318.68
ORD0021928,1,credit_card,12,28.09
ORD0021929,1,credit_card,8,1955.22
ORD0021930,1,boleto,9,98.05
ORD0021931,1,debit_card,7,69.69
ORD0021932,1,boleto,3,94.66000000000001
ORD0021933,1,boleto,2,454.14
ORD0021934,1,debit_card,4,88.52
ORD0021935,1,boleto,2,855.84
ORD0021936,1,boleto,5,100.07
ORD0021937,1,debit_card,4,2071.17
ORD0021938,1,voucher,11,91.6
ORD0021939,1,debit_card,7,952.6
ORD0021940,1,voucher,11,240.54000000000002
ORD0021941,1,voucher,3,47.47
ORD0021942,1,boleto,8,372.54
ORD0021943,1,boleto,4,173.49
ORD0021944,1,credit_card,2,58.739999999999995
ORD0021945,1,credit_card,8,52.25
ORD0021946,1,voucher,10,150.0
ORD0021947,1,credit_card,7,17.96
ORD0021948,1,credit_card,1,365.64
ORD0021949,1,debit_card,11,116.02000000000001
ORD0021950,1,voucher,2,305.44
ORD0021951,1,debit_card,12,303.12
ORD0021952,1,boleto,3,961.06
ORD0021953,1,voucher,10,141.2
ORD0021954,1,boleto,4,987.92
ORD0021955,1,boleto,4,316.82
ORD0021956,1,voucher,9,646.3100000000001
ORD0021957,1,debit_card,12,411.93
ORD0021958,1,debit_card,9,39.6
ORD0021959,1,voucher,6,155.76
ORD0021960,1,debit_card,10,267.06
ORD0021961,1,debit_card,7,305.34999999999997
ORD0021962,1,boleto,3,599.52
ORD0021963,1,debit_card,9,154.8
ORD0021964,1,credit_card,1,306.44
ORD0021965,1,boleto,1,312.81
ORD0021966,1,credit_card,10,232.56
ORD0021967,1,debit_card,4,471.38
ORD0021968,1,debit_card,3,40.2
ORD0021969,1,debit_card,7,479.66999999999996
ORD0021970,1,boleto,9,467.1
ORD0021971,1,boleto,8,168.32
ORD0021972,1,credit_card,4,1954.58
ORD0021973,1,voucher,1,37.5
ORD0021974,1,boleto,7,94.95
ORD0021975,1,debit_card,8,73.49
ORD0021976,1,credit_card,5,83.21000000000001
ORD0021977,1,boleto,1,478.02
ORD0021978,1,debit_card,3,450.84000000000003
ORD0021979,1,boleto,7,82.24
ORD0021980,1,boleto,1,477.24
ORD0021981,1,voucher,9,663.36
ORD0021982,1,debit_card,7,341.24
ORD0021983,1,debit_card,6,60.24
ORD0021984,1,voucher,7,530.17
ORD0021985,1,boleto,7,25.24
ORD0021986,1,credit_card,4,226.64
ORD0021987,1,voucher,1,285.02
ORD0021988,1,debit_card,12,364.33
ORD0021989,1,voucher,2,277.64
ORD0021990,1,voucher,7,111.07
ORD0021991,1,credit_card,2,678.76
ORD0021992,1,boleto,11,98.58
ORD0021993,1,debit_card,2,1075.4
ORD0021994,1,credit_card,7,104.85
ORD0021995,1,credit_card,7,987.54
ORD0021996,1,voucher,3,477.38
ORD0021997,1,credit_card,4,112.67
ORD0021998,1,debit_card,4,383.8
ORD0021999,1,voucher,6,224.71
ORD0022000,1,credit_card,4,786.66
ORD0022001,1,voucher,1,260.54
ORD0022002,1,debit_card,3,438.96
ORD0022003,1,voucher,3,652.24
ORD0022004,1,voucher,4,50.06
ORD0022005,1,voucher,2,179.82
ORD0022006,1,voucher,8,399.72
ORD0022007,1,voucher,7,518.31
ORD0022008,1,debit_card,4,758.56
ORD0022009,1,boleto,8,22.23
ORD0022010,1,credit_card,6,680.2
ORD0022011,1,debit_card,6,513.2600000000001
ORD0022012,1,boleto,3,74.34
ORD0022013,1,voucher,9,648.15
ORD0022014,1,boleto,12,77.27
ORD0022015,1,voucher,9,159.76
ORD0022016,1,credit_card,10,66.9
ORD0022017,1,voucher,7,47.67
ORD0022018,1,voucher,5,1942.39
ORD0022019,1,credit_card,5,439.32
ORD0022020,1,debit_card,6,120.31
ORD0022021,1,debit_card,9,411.6
ORD0022022,1,credit_card,8,1010.67
ORD0022023,1,voucher,11,741.2099999999999
ORD0022024,1,credit_card,8,76.09
ORD0022025,1,credit_card,2,158.13
ORD0022026,1,debit_card,1,97.87
ORD0022027,1,debit_card,3,128.85
ORD0022028,1,boleto,6,772.58
ORD0022029,1,credit_card,6,83.11
ORD0022030,1,voucher,3,273.9
ORD0022031,1,debit_card,2,277.36
ORD0022032,1,boleto,11,82.4
ORD0022033,1,debit_card,10,341.78
ORD0022034,1,debit_card,3,980.88
ORD0022035,1,boleto,1,281.84999999999997
ORD0022036,1,debit_card,6,153.51
ORD0022037,1,debit_card,10,170.68
ORD0022038,1,boleto,11,313.8
ORD0022039,1,credit_card,5,82.62
ORD0022040,1,boleto,3,31.64
ORD0022041,1,boleto,10,304.37
ORD0022042,1,voucher,3,138.46
ORD0022043,1,debit_card,4,328.41999999999996
ORD0022044,1,voucher,6,37.0
ORD0022045,1,voucher,12,407.49
ORD0022046,1,boleto,4,1101.55
ORD0022047,1,credit_card,3,369.91
ORD0022048,1,debit_card,7,152.08
ORD0022049,1,boleto,5,648.08
ORD0022050,1,debit_card,5,167.62
ORD0022051,1,boleto,4,551.92
ORD0022052,1,debit_card,11,27.12
ORD0022053,1,credit_card,8,954.16
ORD0022054,1,voucher,6,246.68
ORD0022055,1,debit_card,1,108.04
ORD0022056,1,voucher,4,1021.3199999999999
ORD0022057,1,credit_card,10,153.74
ORD0022058,1,voucher,10,735.62
ORD0022059,1,debit_card,8,348.13
ORD0022060,1,voucher,11,215.72
ORD0022061,1,credit_card,6,157.5
ORD0022062,1,boleto,3,216.06
ORD0022063,1,boleto,9,674.26
ORD0022064,1,boleto,12,249.98
ORD0022065,1,voucher,11,234.37
ORD0022066,1,boleto,5,296.72
ORD0022067,1,voucher,7,57.04
ORD0022068,1,credit_card,3,101.88
ORD0022069,1,credit_card,1,131.03
ORD0022070,1,voucher,9,97.44999999999999
ORD0022071,1,voucher,8,180.74
ORD0022072,1,credit_card,11,172.69
ORD0022073,1,debit_card,4,285.44
ORD0022074,1,voucher,7,113.44999999999999
ORD0022075,1,credit_card,2,502.28999999999996
ORD0022076,1,boleto,8,489.4
ORD0022077,1,debit_card,8,56.38
ORD0022078,1,debit_card,4,54.9
ORD0022079,1,credit_card,10,667.48
ORD0022080,1,boleto,9,34.77
ORD0022081,1,credit_card,2,668.6800000000001
ORD0022082,1,boleto,3,116.28
ORD0022083,1,debit_card,12,50.59
ORD0022084,1,credit_card,6,68.48
ORD0022085,1,boleto,12,195.04
ORD0022086,1,debit_card,8,134.38
ORD0022087,1,boleto,9,155.9
ORD0022088,1,voucher,3,217.12
ORD0022089,1,debit_card,6,221.62
ORD0022090,1,voucher,7,186.58
ORD0022091,1,debit_card,11,373.35
ORD0022092,1,debit_card,6,541.62
ORD0022093,1,voucher,8,751.4499999999999
ORD0022094,1,debit_card,8,41.12
ORD0022095,1,debit_card,10,1162.7800000000002
ORD0022096,1,voucher,5,92.26
ORD0022097,1,credit_card,7,72.0
ORD0022098,1,voucher,2,1041.26
ORD0022099,1,debit_card,1,353.4
ORD0022100,1,debit_card,12,250.54
ORD0022101,1,credit_card,3,58.09
ORD0022102,1,voucher,3,203.6
ORD0022103,1,voucher,7,62.73
ORD0022104,1,boleto,4,154.77
ORD0022105,1,credit_card,11,616.5699999999999
ORD0022106,1,credit_card,10,62.01
ORD0022107,1,boleto,4,32.02
ORD0022108,1,voucher,4,69.64
ORD0022109,1,credit_card,1,172.75
ORD0022110,1,boleto,6,164.62
ORD0022111,1,credit_card,6,361.36
ORD0022112,1,debit_card,10,213.85
ORD0022113,1,voucher,1,608.74
ORD0022114,1,boleto,7,558.9
ORD0022115,1,boleto,5,620.66
ORD0022116,1,voucher,6,35.45
ORD0022117,1,boleto,11,360.8
ORD0022118,1,voucher,3,972.6199999999999
ORD0022119,1,debit_card,4,162.4
ORD0022120,1,debit_card,2,1101.51
ORD0022121,1,boleto,11,535.93
ORD0022122,1,credit_card,7,34.32
ORD0022123,1,boleto,4,192.94
ORD0022124,1,voucher,12,93.27
ORD0022125,1,boleto,11,163.84
ORD0022126,1,boleto,8,202.78
ORD0022127,1,boleto,9,648.0799999999999
ORD0022128,1,voucher,4,374.55
ORD0022129,1,boleto,6,591.33
ORD0022130,1,debit_card,6,156.94
ORD0022131,1,boleto,3,148.55
ORD0022132,1,voucher,9,45.93
ORD0022133,1,credit_card,9,324.68
ORD0022134,1,credit_card,12,77.3
ORD0022135,1,voucher,8,640.52
ORD0022136,1,debit_card,12,515.7
ORD0022137,1,voucher,1,469.45
ORD0022138,1,boleto,9,513.61
ORD0022139,1,debit_card,10,227.14
ORD0022140,1,voucher,9,81.28
ORD0022141,1,credit_card,9,35.34
ORD0022142,1,voucher,6,177.09
ORD0022143,1,boleto,1,136.53
ORD0022144,1,credit_card,10,165.81
ORD0022145,1,voucher,5,101.48
ORD0022146,1,credit_card,8,192.64
ORD0022147,1,debit_card,7,327.17
ORD0022148,1,debit_card,6,344.52
ORD0022149,1,debit_card,3,69.92
ORD0022150,1,debit_card,4,104.89
ORD0022151,1,boleto,10,86.14
ORD0022152,1,debit_card,3,167.12
ORD0022153,1,credit_card,2,1036.99
ORD0022154,1,credit_card,4,393.96000000000004
ORD0022155,1,debit_card,10,178.23000000000002
ORD0022156,1,voucher,11,364.92
ORD0022157,1,credit_card,12,237.12
ORD0022158,1,boleto,11,279.75
ORD0022159,1,credit_card,9,456.96
ORD0022160,1,voucher,5,143.39
ORD0022161,1,boleto,9,849.5
ORD0022162,1,debit_card,4,143.39
ORD0022163,1,credit_card,11,64.2
ORD0022164,1,credit_card,3,992.61
ORD0022165,1,credit_card,10,60.92
ORD0022166,1,debit_card,6,76.09
ORD0022167,1,voucher,8,257.7
ORD0022168,1,boleto,8,752.72
ORD0022169,1,debit_card,6,44.73
ORD0022170,1,debit_card,8,79.34
ORD0022171,1,voucher,1,1220.25
ORD0022172,1,debit_card,9,890.2800000000001
ORD0022173,1,boleto,4,116.72
ORD0022174,1,credit_card,4,19.09
ORD0022175,1,debit_card,9,49.21
ORD0022176,1,boleto,6,276.4
ORD0022177,1,credit_card,10,475.58
ORD0022178,1,credit_card,10,438.0
ORD0022179,1,debit_card,5,817.59
ORD0022180,1,debit_card,1,62.47
ORD0022181,1,debit_card,3,288.0
ORD0022182,1,boleto,4,114.02
ORD0022183,1,voucher,8,92.15
ORD0022184,1,debit_card,10,576.88
ORD0022185,1,voucher,8,91.34
ORD0022186,1,voucher,10,32.07
ORD0022187,1,credit_card,6,1560.3200000000002
ORD0022188,1,debit_card,11,58.13
ORD0022189,1,credit_card,2,227.86
ORD0022190,1,credit_card,12,31.9
ORD0022191,1,voucher,12,263.7
ORD0022192,1,voucher,7,317.68000000000006
ORD0022193,1,boleto,11,488.14
ORD0022194,1,credit_card,11,977.58
ORD0022195,1,debit_card,9,405.16
ORD0022196,1,credit_card,4,394.84
ORD0022197,1,boleto,7,79.3
ORD0022198,1,debit_card,9,147.78
ORD0022199,1,boleto,4,40.14
ORD0022200,1,debit_card,9,208.28
ORD0022201,1,boleto,2,675.18
ORD0022202,1,credit_card,1,38.69
ORD0022203,1,debit_card,1,57.36
ORD0022204,1,debit_card,10,337.88
ORD0022205,1,credit_card,6,530.28
ORD0022206,1,boleto,6,278.86
ORD0022207,1,voucher,2,433.43
ORD0022208,1,boleto,9,441.98
ORD0022209,1,debit_card,10,59.05
ORD0022210,1,voucher,9,168.10000000000002
ORD0022211,1,boleto,2,279.52
ORD0022212,1,credit_card,7,116.11
ORD0022213,1,voucher,3,77.94
ORD0022214,1,credit_card,8,164.9
ORD0022215,1,debit_card,6,186.48
ORD0022216,1,voucher,4,658.79
ORD0022217,1,credit_card,9,655.9
ORD0022218,1,debit_card,5,555.95
ORD0022219,1,debit_card,6,145.08
ORD0022220,1,credit_card,12,110.16
ORD0022221,1,boleto,11,127.84
ORD0022222,1,credit_card,10,441.15
ORD0022223,1,boleto,11,122.85000000000001
ORD0022224,1,voucher,4,21.4
ORD0022225,1,voucher,11,196.55
ORD0022226,1,boleto,2,45.83
ORD0022227,1,boleto,11,97.59
ORD0022228,1,debit_card,4,649.2099999999999
ORD0022229,1,voucher,2,310.33
ORD0022230,1,debit_card,10,44.8
ORD0022231,1,credit_card,7,44.400000000000006
ORD0022232,1,boleto,3,259.52
ORD0022233,1,boleto,12,526.89
ORD0022234,1,boleto,2,428.69
ORD0022235,1,credit_card,8,504.79
ORD0022236,1,debit_card,10,211.52
ORD0022237,1,boleto,1,306.56
ORD0022238,1,voucher,1,364.29999999999995
ORD0022239,1,credit_card,2,376.08
ORD0022240,1,debit_card,6,71.32
ORD0022241,1,boleto,10,263.6
ORD0022242,1,credit_card,5,32.07
ORD0022243,1,boleto,6,57.56
ORD0022244,1,boleto,3,92.38
ORD0022245,1,boleto,1,466.24
ORD0022246,1,voucher,2,181.08
ORD0022247,1,debit_card,5,614.48
ORD0022248,1,credit_card,5,50.85
ORD0022249,1,voucher,2,186.70000000000002
ORD0022250,1,debit_card,11,192.94
ORD0022251,1,boleto,6,222.16
ORD0022252,1,voucher,3,141.03
ORD0022253,1,boleto,7,37.02
ORD0022254,1,debit_card,11,406.97
ORD0022255,1,credit_card,6,178.38
ORD0022256,1,boleto,8,401.06
ORD0022257,1,debit_card,1,60.47
ORD0022258,1,debit_card,11,466.35
ORD0022259,1,debit_card,6,43.31
ORD0022260,1,boleto,12,178.44
ORD0022261,1,boleto,11,335.38
ORD0022262,1,debit_card,12,100.7
ORD0022263,1,voucher,3,361.95000000000005
ORD0022264,1,boleto,8,41.16
ORD0022265,1,boleto,8,434.90999999999997
ORD0022266,1,boleto,8,93.94
ORD0022267,1,credit_card,6,256.01
ORD0022268,1,boleto,2,106.38
ORD0022269,1,voucher,5,49.800000000000004
ORD0022270,1,debit_card,10,375.53999999999996
ORD0022271,1,debit_card,7,156.0
ORD0022272,1,voucher,3,163.0
ORD0022273,1,credit_card,3,1529.4
ORD0022274,1,credit_card,4,1294.3400000000001
ORD0022275,1,debit_card,7,318.44
ORD0022276,1,boleto,11,892.96
ORD0022277,1,credit_card,3,69.54
ORD0022278,1,boleto,2,43.46
ORD0022279,1,credit_card,7,184.7
ORD0022280,1,boleto,5,107.52
ORD0022281,1,debit_card,1,749.95
ORD0022282,1,boleto,12,325.32
ORD0022283,1,credit_card,5,741.21
ORD0022284,1,credit_card,10,538.0699999999999
ORD0022285,1,debit_card,10,227.43
ORD0022286,1,debit_card,8,645.96
ORD0022287,1,credit_card,4,583.17
ORD0022288,1,voucher,2,202.99
ORD0022289,1,voucher,11,55.84
ORD0022290,1,voucher,7,584.44
ORD0022291,1,boleto,3,48.67
ORD0022292,1,boleto,1,1311.8
ORD0022293,1,voucher,4,79.2
ORD0022294,1,debit_card,9,292.88
ORD0022295,1,credit_card,5,109.16
ORD0022296,1,debit_card,8,84.1
ORD0022297,1,debit_card,6,129.04
ORD0022298,1,boleto,5,634.5799999999999
ORD0022299,1,debit_card,1,84.42
ORD0022300,1,boleto,12,129.35
ORD0022301,1,boleto,8,1214.68
ORD0022302,1,credit_card,8,528.64
ORD0022303,1,boleto,11,232.24
ORD0022304,1,voucher,2,967.6
ORD0022305,1,voucher,5,638.06
ORD0022306,1,debit_card,5,43.97
ORD0022307,1,debit_card,8,293.76
ORD0022308,1,debit_card,3,437.27
ORD0022309,1,debit_card,9,96.43
ORD0022310,1,voucher,7,33.02
ORD0022311,1,voucher,5,475.0
ORD0022312,1,debit_card,2,382.03
ORD0022313,1,voucher,9,222.9
ORD0022314,1,boleto,7,140.29
ORD0022315,1,boleto,9,85.02
ORD0022316,1,credit_card,12,348.23
ORD0022317,1,credit_card,3,1303.04
ORD0022318,1,debit_card,8,64.05
ORD0022319,1,debit_card,7,522.41
ORD0022320,1,boleto,7,31.09
ORD0022321,1,debit_card,10,324.81
ORD0022322,1,credit_card,3,152.09
ORD0022323,1,credit_card,8,153.22
ORD0022324,1,boleto,4,180.18
ORD0022325,1,voucher,8,102.14
ORD0022326,1,voucher,9,46.28
ORD0022327,1,debit_card,9,701.76
ORD0022328,1,credit_card,12,352.88
ORD0022329,1,boleto,4,753.27
ORD0022330,1,debit_card,12,828.27
ORD0022331,1,credit_card,2,283.22
ORD0022332,1,voucher,6,29.86
ORD0022333,1,debit_card,2,847.77
ORD0022334,1,debit_card,9,277.09000000000003
ORD0022335,1,debit_card,3,475.74
ORD0022336,1,debit_card,1,360.46
ORD0022337,1,voucher,7,355.15
ORD0022338,1,debit_card,5,758.53
ORD0022339,1,debit_card,8,188.51
ORD0022340,1,voucher,1,879.1700000000001
ORD0022341,1,credit_card,8,962.84
ORD0022342,1,voucher,5,166.02
ORD0022343,1,boleto,1,355.39
ORD0022344,1,debit_card,8,1429.02
ORD0022345,1,boleto,9,34.11
ORD0022346,1,boleto,11,237.74
ORD0022347,1,voucher,12,810.34
ORD0022348,1,boleto,5,474.6
ORD0022349,1,debit_card,3,62.88
ORD0022350,1,debit_card,1,672.97
ORD0022351,1,voucher,12,941.61
ORD0022352,1,boleto,6,376.36
ORD0022353,1,boleto,12,41.76
ORD0022354,1,debit_card,11,691.4
ORD0022355,1,debit_card,6,365.1
ORD0022356,1,debit_card,8,73.25
ORD0022357,1,boleto,5,1064.8899999999999
ORD0022358,1,credit_card,6,58.91
ORD0022359,1,credit_card,5,596.96
ORD0022360,1,credit_card,4,398.32
ORD0022361,1,voucher,11,19.91
ORD0022362,1,voucher,4,603.64
ORD0022363,1,boleto,9,126.17
ORD0022364,1,boleto,10,102.8
ORD0022365,1,credit_card,10,520.8199999999999
ORD0022366,1,boleto,7,756.9599999999999
ORD0022367,1,credit_card,2,155.18
ORD0022368,1,debit_card,10,988.1
ORD0022369,1,voucher,7,204.23
ORD0022370,1,voucher,6,84.5
ORD0022371,1,debit_card,6,569.64
ORD0022372,1,voucher,9,561.5999999999999
ORD0022373,1,debit_card,12,129.13
ORD0022374,1,debit_card,4,802.25
ORD0022375,1,voucher,5,68.0
ORD0022376,1,credit_card,1,218.92
ORD0022377,1,boleto,3,152.18
ORD0022378,1,debit_card,8,930.6
ORD0022379,1,credit_card,5,817.68
ORD0022380,1,boleto,8,150.14999999999998
ORD0022381,1,credit_card,10,129.0
ORD0022382,1,boleto,7,1499.1100000000001
ORD0022383,1,boleto,12,81.21
ORD0022384,1,boleto,12,200.23
ORD0022385,1,credit_card,10,1040.25
ORD0022386,1,credit_card,11,204.16
ORD0022387,1,debit_card,8,77.17
ORD0022388,1,debit_card,3,44.38
ORD0022389,1,boleto,6,803.57
ORD0022390,1,voucher,1,16.48
ORD0022391,1,debit_card,11,523.31
ORD0022392,1,voucher,8,359.86
ORD0022393,1,boleto,4,173.38
ORD0022394,1,debit_card,5,134.19
ORD0022395,1,boleto,10,97.72
ORD0022396,1,boleto,10,481.18
ORD0022397,1,credit_card,1,505.32
ORD0022398,1,voucher,9,2915.86
ORD0022399,1,voucher,3,295.48
ORD0022400,1,boleto,6,1101.08
ORD0022401,1,boleto,11,336.28
ORD0022402,1,voucher,7,229.44
ORD0022403,1,boleto,4,209.07
ORD0022404,1,boleto,4,702.8100000000001
ORD0022405,1,boleto,5,608.1800000000001
ORD0022406,1,boleto,8,179.0
ORD0022407,1,debit_card,1,189.24
ORD0022408,1,credit_card,7,110.69
ORD0022409,1,boleto,5,30.78
ORD0022410,1,boleto,5,63.22
ORD0022411,1,credit_card,3,835.9200000000001
ORD0022412,1,voucher,2,542.28
ORD0022413,1,voucher,1,15.82
ORD0022414,1,boleto,9,85.69
ORD0022415,1,boleto,10,1679.81
ORD0022416,1,boleto,8,52.39
ORD0022417,1,credit_card,11,143.56
ORD0022418,1,boleto,7,168.38
ORD0022419,1,credit_card,4,1670.08
ORD0022420,1,credit_card,6,92.34
ORD0022421,1,voucher,7,38.13
ORD0022422,1,debit_card,10,360.6
ORD0022423,1,boleto,11,57.2
ORD0022424,1,voucher,5,203.17000000000002
ORD0022425,1,voucher,2,541.0699999999999
ORD0022426,1,voucher,8,547.74
ORD0022427,1,boleto,12,187.41
ORD0022428,1,debit_card,7,201.6
ORD0022429,1,debit_card,5,297.76
ORD0022430,1,debit_card,1,55.04
ORD0022431,1,debit_card,10,48.16
ORD0022432,1,debit_card,5,162.28
ORD0022433,1,debit_card,8,701.76
ORD0022434,1,voucher,2,106.59
ORD0022435,1,voucher,7,1317.25
ORD0022436,1,credit_card,7,495.91
ORD0022437,1,voucher,9,281.18
ORD0022438,1,boleto,7,264.08
ORD0022439,1,voucher,7,289.74
ORD0022440,1,boleto,11,38.64
ORD0022441,1,voucher,4,129.93
ORD0022442,1,voucher,9,600.22
ORD0022443,1,debit_card,8,282.04
ORD0022444,1,debit_card,7,227.07
ORD0022445,1,credit_card,10,220.45
ORD0022446,1,boleto,10,218.31
ORD0022447,1,voucher,5,871.87
ORD0022448,1,voucher,12,387.06000000000006
ORD0022449,1,boleto,6,475.74
ORD0022450,1,debit_card,8,172.14000000000001
ORD0022451,1,voucher,10,501.48
ORD0022452,1,debit_card,8,236.43
ORD0022453,1,boleto,6,401.76
ORD0022454,1,voucher,3,513.16
ORD0022455,1,voucher,12,50.06
ORD0022456,1,boleto,10,159.76
ORD0022457,1,debit_card,10,223.82999999999998
ORD0022458,1,debit_card,8,57.72
ORD0022459,1,boleto,6,652.32
ORD0022460,1,credit_card,2,128.54
ORD0022461,1,credit_card,9,184.35000000000002
ORD0022462,1,voucher,12,266.11
ORD0022463,1,voucher,3,61.22
ORD0022464,1,credit_card,10,284.06
ORD0022465,1,credit_card,3,1081.52
ORD0022466,1,debit_card,9,201.4
ORD0022467,1,boleto,7,290.78
ORD0022468,1,debit_card,5,75.0
ORD0022469,1,debit_card,1,149.93
ORD0022470,1,debit_card,10,1182.77
ORD0022471,1,voucher,7,179.66
ORD0022472,1,debit_card,11,23.83
ORD0022473,1,debit_card,12,773.6899999999999
ORD0022474,1,debit_card,10,194.39
ORD0022475,1,debit_card,1,349.3
ORD0022476,1,credit_card,2,353.70000000000005
ORD0022477,1,boleto,3,639.19
ORD0022478,1,voucher,10,304.7
ORD0022479,1,debit_card,12,574.33
ORD0022480,1,boleto,4,766.52
ORD0022481,1,boleto,9,135.26
ORD0022482,1,boleto,8,156.45
ORD0022483,1,debit_card,6,42.58
ORD0022484,1,boleto,10,724.5799999999999
ORD0022485,1,voucher,6,361.18
ORD0022486,1,boleto,8,792.25
ORD0022487,1,debit_card,7,341.24
ORD0022488,1,debit_card,9,89.53
ORD0022489,1,debit_card,2,33.71
ORD0022490,1,boleto,3,468.12
ORD0022491,1,voucher,12,187.04
ORD0022492,1,voucher,1,178.32
ORD0022493,1,boleto,9,95.61
ORD0022494,1,boleto,2,1062.76
ORD0022495,1,debit_card,8,723.28
ORD0022496,1,debit_card,1,128.74
ORD0022497,1,voucher,6,251.6
ORD0022498,1,voucher,6,63.44
ORD0022499,1,debit_card,11,46.8
ORD0022500,1,credit_card,4,66.68
ORD0022501,1,boleto,4,350.71
ORD0022502,1,debit_card,8,2372.84
ORD0022503,1,debit_card,7,39.92
ORD0022504,1,credit_card,4,1780.48
ORD0022505,1,debit_card,5,625.48
ORD0022506,1,debit_card,10,1372.8
ORD0022507,1,credit_card,2,202.68
ORD0022508,1,debit_card,8,31.55
ORD0022509,1,debit_card,4,22.19
ORD0022510,1,boleto,1,131.76
ORD0022511,1,debit_card,9,822.25
ORD0022512,1,debit_card,3,93.00999999999999
ORD0022513,1,debit_card,4,815.57
ORD0022514,1,voucher,11,333.64
ORD0022515,1,debit_card,4,367.33
ORD0022516,1,debit_card,9,190.38
ORD0022517,1,debit_card,8,790.3499999999999
ORD0022518,1,debit_card,6,840.0500000000001
ORD0022519,1,voucher,11,386.94000000000005
ORD0022520,1,voucher,4,337.52
ORD0022521,1,voucher,10,195.04
ORD0022522,1,boleto,3,160.45
ORD0022523,1,boleto,5,497.06
ORD0022524,1,voucher,4,996.45
ORD0022525,1,voucher,1,348.06
ORD0022526,1,credit_card,5,264.81
ORD0022527,1,credit_card,4,282.9
ORD0022528,1,credit_card,12,782.12
ORD0022529,1,voucher,2,22.41
ORD0022530,1,credit_card,9,259.52
ORD0022531,1,voucher,6,291.16999999999996
ORD0022532,1,voucher,1,552.02
ORD0022533,1,credit_card,12,58.25
ORD0022534,1,debit_card,8,182.36
ORD0022535,1,boleto,6,1154.74
ORD0022536,1,credit_card,9,179.21
ORD0022537,1,boleto,3,93.21
ORD0022538,1,voucher,10,71.78
ORD0022539,1,boleto,9,176.39
ORD0022540,1,voucher,9,125.84
ORD0022541,1,credit_card,3,120.78
ORD0022542,1,credit_card,4,893.1600000000001
ORD0022543,1,voucher,8,97.92
ORD0022544,1,debit_card,12,632.64
ORD0022545,1,debit_card,10,67.33
ORD0022546,1,debit_card,7,169.94
ORD0022547,1,credit_card,7,59.28
ORD0022548,1,voucher,5,224.76
ORD0022549,1,debit_card,12,148.0
ORD0022550,1,debit_card,2,970.18
ORD0022551,1,credit_card,5,134.18
ORD0022552,1,credit_card,10,305.93
ORD0022553,1,debit_card,2,693.4000000000001
ORD0022554,1,voucher,2,323.03
ORD0022555,1,voucher,7,96.46
ORD0022556,1,debit_card,5,41.35
ORD0022557,1,credit_card,12,351.16999999999996
ORD0022558,1,voucher,12,162.89
ORD0022559,1,debit_card,10,817.74
ORD0022560,1,boleto,1,264.85
ORD0022561,1,voucher,11,1073.77
ORD0022562,1,voucher,8,211.2
ORD0022563,1,voucher,2,385.33
ORD0022564,1,boleto,2,562.13
ORD0022565,1,debit_card,10,92.43
ORD0022566,1,credit_card,8,546.13
ORD0022567,1,credit_card,7,118.94999999999999
ORD0022568,1,boleto,2,361.94
ORD0022569,1,credit_card,7,78.99
ORD0022570,1,voucher,12,492.65
ORD0022571,1,boleto,1,655.4200000000001
ORD0022572,1,debit_card,10,357.08
ORD0022573,1,voucher,5,113.51
ORD0022574,1,boleto,7,117.57
ORD0022575,1,credit_card,5,264.95
ORD0022576,1,voucher,7,430.53
ORD0022577,1,boleto,2,79.33
ORD0022578,1,voucher,7,454.83000000000004
ORD0022579,1,credit_card,9,580.1
ORD0022580,1,boleto,9,361.95000000000005
ORD0022581,1,debit_card,5,238.51
ORD0022582,1,credit_card,1,84.44
ORD0022583,1,voucher,4,89.17
ORD0022584,1,credit_card,12,330.96
ORD0022585,1,credit_card,8,392.19000000000005
ORD0022586,1,voucher,2,427.08
ORD0022587,1,voucher,4,229.89
ORD0022588,1,voucher,11,232.65
ORD0022589,1,boleto,7,493.36
ORD0022590,1,voucher,12,330.06
ORD0022591,1,credit_card,6,69.48
ORD0022592,1,credit_card,5,35.92
ORD0022593,1,voucher,10,1249.73
ORD0022594,1,boleto,10,669.09
ORD0022595,1,debit_card,6,124.02
ORD0022596,1,boleto,11,167.56
ORD0022597,1,voucher,7,52.69
ORD0022598,1,voucher,4,836.58
ORD0022599,1,voucher,7,117.97
ORD0022600,1,credit_card,2,1583.3400000000001
ORD0022601,1,credit_card,6,337.46000000000004
ORD0022602,1,debit_card,1,67.22
ORD0022603,1,boleto,5,311.53000000000003
ORD0022604,1,boleto,7,466.04
ORD0022605,1,credit_card,7,480.75
ORD0022606,1,voucher,1,131.82999999999998
ORD0022607,1,voucher,9,1612.23
ORD0022608,1,debit_card,6,216.93
ORD0022609,1,credit_card,3,19.91
ORD0022610,1,credit_card,9,387.82
ORD0022611,1,debit_card,4,1479.1599999999999
ORD0022612,1,boleto,5,69.77
ORD0022613,1,debit_card,7,33.96
ORD0022614,1,voucher,7,404.93999999999994
ORD0022615,1,credit_card,8,42.14
ORD0022616,1,boleto,5,582.5
ORD0022617,1,voucher,8,967.75
ORD0022618,1,boleto,10,180.84
ORD0022619,1,voucher,10,1091.07
ORD0022620,1,voucher,1,339.94
ORD0022621,1,debit_card,8,715.26
ORD0022622,1,debit_card,8,19.17
ORD0022623,1,voucher,12,245.61
ORD0022624,1,credit_card,3,169.85
ORD0022625,1,boleto,1,32.88
ORD0022626,1,credit_card,9,2200.83
ORD0022627,1,credit_card,12,135.56
ORD0022628,1,credit_card,10,21.11
ORD0022629,1,credit_card,4,37.02
ORD0022630,1,boleto,5,294.97
ORD0022631,1,credit_card,10,634.66
ORD0022632,1,boleto,9,33.71
ORD0022633,1,debit_card,6,204.14
ORD0022634,1,voucher,5,374.78
ORD0022635,1,voucher,9,289.72
ORD0022636,1,voucher,8,171.78
ORD0022637,1,credit_card,1,103.11
ORD0022638,1,boleto,11,220.16
ORD0022639,1,voucher,2,129.35
ORD0022640,1,voucher,12,440.36
ORD0022641,1,debit_card,5,1026.69
ORD0022642,1,credit_card,9,161.04
ORD0022643,1,boleto,3,846.44
ORD0022644,1,credit_card,10,621.81
ORD0022645,1,debit_card,4,557.2199999999999
ORD0022646,1,credit_card,1,42.25
ORD0022647,1,credit_card,12,95.48
ORD0022648,1,debit_card,1,47.57
ORD0022649,1,debit_card,5,1172.49
ORD0022650,1,debit_card,10,78.96
ORD0022651,1,boleto,8,19.47
ORD0022652,1,credit_card,7,151.38
ORD0022653,1,debit_card,8,1835.77
ORD0022654,1,boleto,10,601.6500000000001
ORD0022655,1,debit_card,4,226.86
ORD0022656,1,credit_card,9,145.56
ORD0022657,1,debit_card,3,129.94
ORD0022658,1,boleto,3,403.18
ORD0022659,1,debit_card,12,1095.48
ORD0022660,1,boleto,1,1330.25
ORD0022661,1,credit_card,9,646.31
ORD0022662,1,voucher,2,2200.68
ORD0022663,1,voucher,3,71.93
ORD0022664,1,debit_card,3,423.06000000000006
ORD0022665,1,boleto,3,203.83999999999997
ORD0022666,1,boleto,6,284.33000000000004
ORD0022667,1,boleto,10,27.34
ORD0022668,1,boleto,3,185.13
ORD0022669,1,debit_card,8,173.24
ORD0022670,1,credit_card,7,249.98
ORD0022671,1,credit_card,11,488.92
ORD0022672,1,boleto,9,174.52
ORD0022673,1,boleto,11,790.8299999999999
ORD0022674,1,debit_card,6,1313.8
ORD0022675,1,boleto,10,402.08
ORD0022676,1,boleto,7,58.7
ORD0022677,1,credit_card,8,64.23
ORD0022678,1,credit_card,1,193.36
ORD0022679,1,voucher,12,1202.19
ORD0022680,1,voucher,1,366.86
ORD0022681,1,boleto,3,74.0
ORD0022682,1,credit_card,3,736.88
ORD0022683,1,debit_card,3,252.19
ORD0022684,1,boleto,4,390.41
ORD0022685,1,debit_card,6,400.79
ORD0022686,1,boleto,1,28.62
ORD0022687,1,boleto,10,232.65
ORD0022688,1,boleto,4,917.22
ORD0022689,1,boleto,4,128.46
ORD0022690,1,voucher,6,375.92
ORD0022691,1,voucher,6,282.29
ORD0022692,1,credit_card,11,138.56
ORD0022693,1,boleto,4,296.39
ORD0022694,1,credit_card,10,217.91
ORD0022695,1,boleto,2,52.71
ORD0022696,1,voucher,4,456.5
ORD0022697,1,voucher,12,233.64
ORD0022698,1,debit_card,2,173.94
ORD0022699,1,voucher,1,192.56
ORD0022700,1,voucher,12,159.65
ORD0022701,1,credit_card,12,130.22
ORD0022702,1,debit_card,6,124.11
ORD0022703,1,boleto,4,2292.08
ORD0022704,1,boleto,8,284.06
ORD0022705,1,debit_card,11,424.2
ORD0022706,1,boleto,11,205.87
ORD0022707,1,credit_card,3,245.18
ORD0022708,1,voucher,2,597.9100000000001
ORD0022709,1,voucher,1,30.3
ORD0022710,1,debit_card,5,868.1
ORD0022711,1,debit_card,9,49.37
ORD0022712,1,boleto,10,228.0
ORD0022713,1,credit_card,11,138.5
ORD0022714,1,credit_card,6,607.45
ORD0022715,1,credit_card,3,620.53
ORD0022716,1,credit_card,8,662.62
ORD0022717,1,debit_card,5,151.36
ORD0022718,1,voucher,6,76.04
ORD0022719,1,voucher,2,266.5
ORD0022720,1,voucher,11,137.06
ORD0022721,1,voucher,12,369.21000000000004
ORD0022722,1,debit_card,11,748.03
ORD0022723,1,credit_card,11,390.36
ORD0022724,1,voucher,3,127.52
ORD0022725,1,credit_card,10,320.88
ORD0022726,1,debit_card,5,443.22
ORD0022727,1,debit_card,6,247.26999999999998
ORD0022728,1,credit_card,12,298.68
ORD0022729,1,voucher,3,97.9
ORD0022730,1,debit_card,10,37.02
ORD0022731,1,boleto,5,91.6
ORD0022732,1,debit_card,10,94.77000000000001
ORD0022733,1,voucher,7,102.37
ORD0022734,1,credit_card,7,336.57
ORD0022735,1,debit_card,11,151.97
ORD0022736,1,credit_card,8,22.0
ORD0022737,1,voucher,2,169.3
ORD0022738,1,boleto,5,139.5
ORD0022739,1,boleto,12,30.62
ORD0022740,1,boleto,6,28.62
ORD0022741,1,boleto,11,211.52
ORD0022742,1,voucher,11,397.71
ORD0022743,1,credit_card,5,928.8
ORD0022744,1,credit_card,5,42.58
ORD0022745,1,boleto,2,134.98
ORD0022746,1,debit_card,10,39.48
ORD0022747,1,voucher,3,133.85
ORD0022748,1,voucher,7,64.8
ORD0022749,1,debit_card,3,377.96999999999997
ORD0022750,1,credit_card,11,486.69
ORD0022751,1,credit_card,11,143.45
ORD0022752,1,boleto,5,329.67
ORD0022753,1,debit_card,4,73.47999999999999
ORD0022754,1,boleto,3,427.21999999999997
ORD0022755,1,credit_card,6,629.24
ORD0022756,1,boleto,3,637.76
ORD0022757,1,credit_card,1,15.82
ORD0022758,1,voucher,7,780.6299999999999
ORD0022759,1,credit_card,5,40.11
ORD0022760,1,debit_card,12,728.04
ORD0022761,1,debit_card,3,64.32
ORD0022762,1,debit_card,12,647.61
ORD0022763,1,boleto,12,148.1
ORD0022764,1,voucher,2,296.95000000000005
ORD0022765,1,boleto,6,814.11
ORD0022766,1,credit_card,4,154.54
ORD0022767,1,boleto,9,790.3499999999999
ORD0022768,1,boleto,9,265.71000000000004
ORD0022769,1,boleto,2,242.76
ORD0022770,1,voucher,6,91.63
ORD0022771,1,boleto,3,123.76
ORD0022772,1,boleto,9,31.68
ORD0022773,1,debit_card,2,126.12
ORD0022774,1,debit_card,6,135.81
ORD0022775,1,boleto,12,253.14
ORD0022776,1,voucher,7,73.49
ORD0022777,1,debit_card,6,55.68
ORD0022778,1,boleto,12,329.76
ORD0022779,1,debit_card,7,41.87
ORD0022780,1,debit_card,3,188.1
ORD0022781,1,voucher,11,859.59
ORD0022782,1,credit_card,12,120.28
ORD0022783,1,voucher,10,678.56
ORD0022784,1,debit_card,12,552.27
ORD0022785,1,voucher,5,506.22
ORD0022786,1,debit_card,7,335.38
ORD0022787,1,boleto,12,422.22999999999996
ORD0022788,1,debit_card,10,430.34
ORD0022789,1,credit_card,7,246.98
ORD0022790,1,voucher,9,36.65
ORD0022791,1,boleto,9,208.56
ORD0022792,1,credit_card,1,1878.83
ORD0022793,1,boleto,8,1455.12
ORD0022794,1,voucher,5,709.94
ORD0022795,1,debit_card,4,285.38
ORD0022796,1,debit_card,2,218.47
ORD0022797,1,boleto,5,837.6
ORD0022798,1,boleto,8,640.1700000000001
ORD0022799,1,voucher,9,234.18
ORD0022800,1,voucher,9,32.62
ORD0022801,1,voucher,8,369.0
ORD0022802,1,voucher,3,234.0
ORD0022803,1,debit_card,4,356.78999999999996
ORD0022804,1,debit_card,3,217.52
ORD0022805,1,boleto,6,952.5899999999999
ORD0022806,1,credit_card,5,210.48
ORD0022807,1,voucher,8,23.45
ORD0022808,1,boleto,5,111.21000000000001
ORD0022809,1,debit_card,11,119.85
ORD0022810,1,debit_card,12,222.14999999999998
ORD0022811,1,voucher,12,322.43
ORD0022812,1,credit_card,4,213.5
ORD0022813,1,boleto,8,509.76
ORD0022814,1,boleto,2,283.76
ORD0022815,1,voucher,10,43.28
ORD0022816,1,voucher,11,235.51
ORD0022817,1,voucher,9,442.67999999999995
ORD0022818,1,voucher,11,657.08
ORD0022819,1,debit_card,2,35.45
ORD0022820,1,credit_card,10,208.98
ORD0022821,1,boleto,6,251.16
ORD0022822,1,debit_card,2,737.44
ORD0022823,1,credit_card,1,62.05
ORD0022824,1,credit_card,1,73.23
ORD0022825,1,credit_card,6,60.54
ORD0022826,1,voucher,10,161.23
ORD0022827,1,credit_card,12,389.76
ORD0022828,1,debit_card,5,256.42
ORD0022829,1,boleto,6,371.0
ORD0022830,1,credit_card,3,140.07
ORD0022831,1,credit_card,9,468.07
ORD0022832,1,voucher,6,43.33
ORD0022833,1,voucher,4,227.19
ORD0022834,1,debit_card,7,508.68
ORD0022835,1,boleto,7,80.08
ORD0022836,1,credit_card,4,114.07
ORD0022837,1,boleto,2,75.69
ORD0022838,1,debit_card,11,38.97
ORD0022839,1,credit_card,1,106.12
ORD0022840,1,boleto,10,892.2800000000001
ORD0022841,1,voucher,7,151.56
ORD0022842,1,credit_card,2,104.5
ORD0022843,1,credit_card,11,143.05
ORD0022844,1,voucher,6,331.68
ORD0022845,1,debit_card,6,118.84
ORD0022846,1,boleto,7,109.29
ORD0022847,1,debit_card,11,179.85
ORD0022848,1,voucher,10,776.48
ORD0022849,1,voucher,3,64.3
ORD0022850,1,debit_card,5,500.80999999999995
ORD0022851,1,credit_card,9,923.5
ORD0022852,1,voucher,4,63.38
ORD0022853,1,boleto,12,90.26
ORD0022854,1,voucher,7,508.23999999999995
ORD0022855,1,boleto,9,142.62
ORD0022856,1,voucher,6,253.1
ORD0022857,1,boleto,2,39.79
ORD0022858,1,voucher,3,85.62
ORD0022859,1,voucher,5,427.86
ORD0022860,1,boleto,3,148.83
ORD0022861,1,boleto,5,281.61
ORD0022862,1,boleto,10,106.02000000000001
ORD0022863,1,credit_card,12,148.78
ORD0022864,1,boleto,4,92.07000000000001
ORD0022865,1,credit_card,10,195.84
ORD0022866,1,debit_card,3,562.6800000000001
ORD0022867,1,boleto,4,38.43
ORD0022868,1,boleto,9,70.94
ORD0022869,1,credit_card,3,754.62
ORD0022870,1,voucher,3,144.95
ORD0022871,1,credit_card,1,425.02
ORD0022872,1,voucher,9,243.60000000000002
ORD0022873,1,boleto,7,1093.78
ORD0022874,1,credit_card,10,221.07
ORD0022875,1,credit_card,9,826.7800000000001
ORD0022876,1,credit_card,9,58.97
ORD0022877,1,credit_card,7,136.64
ORD0022878,1,debit_card,2,389.2
ORD0022879,1,boleto,12,277.92
ORD0022880,1,voucher,11,50.92
ORD0022881,1,debit_card,7,101.58
ORD0022882,1,boleto,3,498.49
ORD0022883,1,credit_card,4,53.67
ORD0022884,1,voucher,6,307.84999999999997
ORD0022885,1,credit_card,10,157.65
ORD0022886,1,credit_card,7,46.82
ORD0022887,1,boleto,11,179.2
ORD0022888,1,boleto,5,1206.65
ORD0022889,1,credit_card,8,274.46
ORD0022890,1,debit_card,7,145.0
ORD0022891,1,credit_card,10,83.9
ORD0022892,1,credit_card,6,180.89999999999998
ORD0022893,1,credit_card,9,183.76
ORD0022894,1,debit_card,2,156.32999999999998
ORD0022895,1,voucher,8,101.8
ORD0022896,1,boleto,2,735.52
ORD0022897,1,credit_card,6,200.21
ORD0022898,1,voucher,1,176.5
ORD0022899,1,voucher,8,726.3
ORD0022900,1,voucher,3,46.63
ORD0022901,1,voucher,7,128.26
ORD0022902,1,voucher,4,394.72
ORD0022903,1,boleto,11,57.51
ORD0022904,1,debit_card,6,712.8100000000001
ORD0022905,1,voucher,5,178.68
ORD0022906,1,debit_card,6,59.24
ORD0022907,1,debit_card,12,171.22
ORD0022908,1,debit_card,1,437.71000000000004
ORD0022909,1,debit_card,7,202.14
ORD0022910,1,credit_card,6,475.35
ORD0022911,1,voucher,3,570.83
ORD0022912,1,credit_card,12,983.9100000000001
ORD0022913,1,boleto,3,117.36
ORD0022914,1,voucher,6,57.2
ORD0022915,1,credit_card,10,56.47
ORD0022916,1,boleto,12,589.59
ORD0022917,1,credit_card,3,82.74
ORD0022918,1,credit_card,10,43.08
ORD0022919,1,debit_card,10,147.15
ORD0022920,1,voucher,4,297.5
ORD0022921,1,voucher,11,459.41
ORD0022922,1,voucher,3,782.69
ORD0022923,1,credit_card,2,111.63
ORD0022924,1,credit_card,8,395.28
ORD0022925,1,boleto,3,43.24
ORD0022926,1,boleto,5,210.48
ORD0022927,1,credit_card,1,356.40000000000003
ORD0022928,1,voucher,7,321.54
ORD0022929,1,debit_card,7,57.72
ORD0022930,1,credit_card,4,27.8
ORD0022931,1,debit_card,11,71.32
ORD0022932,1,credit_card,1,48.16
ORD0022933,1,credit_card,2,153.74
ORD0022934,1,voucher,1,257.46999999999997
ORD0022935,1,voucher,1,60.99
ORD0022936,1,boleto,1,246.26
ORD0022937,1,debit_card,4,142.89000000000001
ORD0022938,1,debit_card,7,145.67
ORD0022939,1,voucher,2,419.73
ORD0022940,1,debit_card,1,1003.6600000000001
ORD0022941,1,credit_card,3,210.56
ORD0022942,1,boleto,8,115.28999999999999
ORD0022943,1,credit_card,6,135.96
ORD0022944,1,debit_card,4,439.66999999999996
ORD0022945,1,voucher,8,563.63
ORD0022946,1,boleto,7,270.99
ORD0022947,1,voucher,7,89.42
ORD0022948,1,voucher,4,44.339999999999996
ORD0022949,1,credit_card,6,279.82
ORD0022950,1,voucher,12,204.25
ORD0022951,1,boleto,1,32.07
ORD0022952,1,credit_card,11,369.64
ORD0022953,1,debit_card,10,709.9200000000001
ORD0022954,1,voucher,1,138.81
ORD0022955,1,credit_card,12,1500.9
ORD0022956,1,credit_card,1,326.65999999999997
ORD0022957,1,voucher,11,128.82
ORD0022958,1,voucher,10,1319.0
ORD0022959,1,voucher,5,43.31
ORD0022960,1,boleto,2,580.5
ORD0022961,1,debit_card,1,22.23
ORD0022962,1,credit_card,10,142.62
ORD0022963,1,credit_card,8,108.56
ORD0022964,1,voucher,11,67.03
ORD0022965,1,voucher,1,32.26
ORD0022966,1,debit_card,2,861.12
ORD0022967,1,debit_card,6,1397.56
ORD0022968,1,debit_card,9,51.25
ORD0022969,1,voucher,4,123.2
ORD0022970,1,voucher,10,121.83
ORD0022971,1,voucher,2,151.53
ORD0022972,1,voucher,1,109.31
ORD0022973,1,voucher,3,101.84
ORD0022974,1,credit_card,4,50.32
ORD0022975,1,voucher,8,157.35000000000002
ORD0022976,1,credit_card,5,90.34
ORD0022977,1,boleto,4,119.44
ORD0022978,1,debit_card,6,44.38
ORD0022979,1,voucher,10,34.16
ORD0022980,1,credit_card,8,414.52000000000004
ORD0022981,1,debit_card,6,773.8199999999999
ORD0022982,1,debit_card,1,555.41
ORD0022983,1,debit_card,1,96.68
ORD0022984,1,credit_card,4,731.28
ORD0022985,1,boleto,3,101.88
ORD0022986,1,debit_card,4,165.84
ORD0022987,1,debit_card,7,207.98
ORD0022988,1,debit_card,3,854.48
ORD0022989,1,credit_card,2,145.99
ORD0022990,1,credit_card,2,324.2
ORD0022991,1,debit_card,11,63.91
ORD0022992,1,credit_card,2,104.02
ORD0022993,1,boleto,12,268.28
ORD0022994,1,debit_card,4,107.05000000000001
ORD0022995,1,boleto,9,106.59
ORD0022996,1,debit_card,10,62.18
ORD0022997,1,voucher,2,520.28
ORD0022998,1,debit_card,3,58.98
ORD0022999,1,debit_card,6,158.6
ORD0023000,1,credit_card,9,151.32
ORD0023001,1,credit_card,7,172.07999999999998
ORD0023002,1,voucher,6,190.96
ORD0023003,1,debit_card,5,777.8
ORD0023004,1,boleto,8,184.7
ORD0023005,1,boleto,5,269.40000000000003
ORD0023006,1,debit_card,10,422.89
ORD0023007,1,voucher,10,629.16
ORD0023008,1,boleto,8,94.38
ORD0023009,1,boleto,3,564.46
ORD0023010,1,voucher,1,320.62
ORD0023011,1,boleto,10,418.91999999999996
ORD0023012,1,debit_card,8,81.87
ORD0023013,1,debit_card,7,181.55
ORD0023014,1,credit_card,8,136.41
ORD0023015,1,voucher,4,830.97
ORD0023016,1,voucher,5,29.93
ORD0023017,1,debit_card,7,97.6
ORD0023018,1,boleto,9,42.46
ORD0023019,1,boleto,8,116.72
ORD0023020,1,voucher,12,142.74
ORD0023021,1,boleto,6,260.35
ORD0023022,1,debit_card,2,72.25
ORD0023023,1,debit_card,9,94.93
ORD0023024,1,boleto,4,567.3
ORD0023025,1,credit_card,1,116.44
ORD0023026,1,voucher,9,90.07
ORD0023027,1,boleto,10,87.26
ORD0023028,1,credit_card,9,197.54
ORD0023029,1,debit_card,9,175.67999999999998
ORD0023030,1,voucher,3,129.41
ORD0023031,1,boleto,4,233.4
ORD0023032,1,credit_card,12,95.3
ORD0023033,1,debit_card,8,348.75
ORD0023034,1,debit_card,1,247.3
ORD0023035,1,credit_card,11,142.75
ORD0023036,1,boleto,12,360.6
ORD0023037,1,boleto,12,26.57
ORD0023038,1,boleto,4,139.91
ORD0023039,1,voucher,8,390.49
ORD0023040,1,boleto,6,212.76
ORD0023041,1,credit_card,6,147.68
ORD0023042,1,boleto,1,209.31
ORD0023043,1,voucher,1,398.03
ORD0023044,1,boleto,12,88.64
ORD0023045,1,voucher,10,255.64
ORD0023046,1,boleto,3,238.82999999999998
ORD0023047,1,boleto,5,42.46
ORD0023048,1,debit_card,12,64.79
ORD0023049,1,boleto,11,44.94
ORD0023050,1,debit_card,4,86.96
ORD0023051,1,credit_card,10,117.94
ORD0023052,1,credit_card,4,139.9
ORD0023053,1,voucher,2,143.46
ORD0023054,1,credit_card,3,232.76
ORD0023055,1,debit_card,1,359.88
ORD0023056,1,credit_card,5,42.63
ORD0023057,1,credit_card,3,648.59
ORD0023058,1,debit_card,12,97.46000000000001
ORD0023059,1,boleto,11,419.88
ORD0023060,1,boleto,9,90.26
ORD0023061,1,debit_card,3,23.3
ORD0023062,1,boleto,9,701.13
ORD0023063,1,credit_card,12,91.65
ORD0023064,1,voucher,9,445.24
ORD0023065,1,debit_card,1,33.64
ORD0023066,1,debit_card,8,106.36
ORD0023067,1,debit_card,5,348.96
ORD0023068,1,debit_card,11,68.05
ORD0023069,1,debit_card,12,101.55
ORD0023070,1,debit_card,6,185.04
ORD0023071,1,boleto,5,168.8
ORD0023072,1,credit_card,6,38.69
ORD0023073,1,credit_card,11,479.39000000000004
ORD0023074,1,boleto,12,203.70000000000002
ORD0023075,1,boleto,2,318.6
ORD0023076,1,boleto,2,101.88
ORD0023077,1,debit_card,8,114.81
ORD0023078,1,debit_card,7,613.52
ORD0023079,1,boleto,3,112.47
ORD0023080,1,credit_card,6,843.54
ORD0023081,1,credit_card,6,227.92
ORD0023082,1,boleto,8,351.09
ORD0023083,1,credit_card,9,452.27
ORD0023084,1,debit_card,10,125.52
ORD0023085,1,voucher,11,164.69
ORD0023086,1,credit_card,1,83.12
ORD0023087,1,boleto,2,1267.32
ORD0023088,1,boleto,9,38.69
ORD0023089,1,boleto,1,85.26
ORD0023090,1,boleto,3,1132.8
ORD0023091,1,debit_card,11,401.06
ORD0023092,1,credit_card,11,951.48
ORD0023093,1,voucher,11,241.3
ORD0023094,1,voucher,12,51.14
ORD0023095,1,boleto,6,409.4
ORD0023096,1,boleto,3,227.43
ORD0023097,1,boleto,12,148.83
ORD0023098,1,debit_card,8,38.95
ORD0023099,1,voucher,4,623.28
ORD0023100,1,voucher,11,82.32
ORD0023101,1,voucher,4,526.28
ORD0023102,1,voucher,3,600.6899999999999
ORD0023103,1,debit_card,4,394.97999999999996
ORD0023104,1,debit_card,7,81.2
ORD0023105,1,boleto,6,67.52
ORD0023106,1,credit_card,10,150.93
ORD0023107,1,voucher,10,42.89
ORD0023108,1,credit_card,4,592.09
ORD0023109,1,credit_card,6,300.81
ORD0023110,1,debit_card,3,849.25
ORD0023111,1,credit_card,5,1230.74
ORD0023112,1,debit_card,6,203.45
ORD0023113,1,credit_card,5,438.96
ORD0023114,1,boleto,9,429.15000000000003
ORD0023115,1,debit_card,8,86.62
ORD0023116,1,boleto,10,255.72000000000003
ORD0023117,1,credit_card,9,96.06
ORD0023118,1,credit_card,8,160.53
ORD0023119,1,debit_card,3,112.78
ORD0023120,1,boleto,10,440.52
ORD0023121,1,credit_card,1,147.61
ORD0023122,1,boleto,7,330.48
ORD0023123,1,voucher,1,291.81
ORD0023124,1,voucher,10,811.74
ORD0023125,1,voucher,3,262.32
ORD0023126,1,debit_card,5,16.56
ORD0023127,1,debit_card,10,581.41
ORD0023128,1,credit_card,1,316.71
ORD0023129,1,credit_card,6,58.27
ORD0023130,1,debit_card,1,699.96
ORD0023131,1,boleto,12,125.88
ORD0023132,1,boleto,12,40.18
ORD0023133,1,voucher,10,212.52
ORD0023134,1,voucher,11,246.63
ORD0023135,1,credit_card,4,694.1800000000001
ORD0023136,1,boleto,10,293.45
ORD0023137,1,voucher,8,781.31
ORD0023138,1,debit_card,2,1440.17
ORD0023139,1,credit_card,9,269.56
ORD0023140,1,debit_card,2,303.3
ORD0023141,1,boleto,2,480.8
ORD0023142,1,debit_card,2,68.41
ORD0023143,1,debit_card,6,448.19
ORD0023144,1,credit_card,11,133.8
ORD0023145,1,boleto,10,655.56
ORD0023146,1,credit_card,2,489.20000000000005
ORD0023147,1,debit_card,1,204.63
ORD0023148,1,debit_card,9,168.32
ORD0023149,1,debit_card,1,51.25
ORD0023150,1,boleto,6,1528.7
ORD0023151,1,credit_card,8,74.75
ORD0023152,1,boleto,10,118.61
ORD0023153,1,voucher,11,248.04
ORD0023154,1,boleto,11,84.57000000000001
ORD0023155,1,voucher,9,228.04
ORD0023156,1,credit_card,9,151.97
ORD0023157,1,credit_card,3,102.07
ORD0023158,1,credit_card,9,2262.95
ORD0023159,1,voucher,7,225.09
ORD0023160,1,boleto,2,59.08
ORD0023161,1,voucher,5,693.88
ORD0023162,1,debit_card,6,295.74
ORD0023163,1,voucher,10,208.28
ORD0023164,1,boleto,6,152.06
ORD0023165,1,boleto,6,307.1
ORD0023166,1,credit_card,4,212.72
ORD0023167,1,debit_card,5,907.71
ORD0023168,1,credit_card,2,143.96
ORD0023169,1,boleto,2,204.16
ORD0023170,1,credit_card,2,392.58
ORD0023171,1,voucher,5,614.65
ORD0023172,1,voucher,7,247.79
ORD0023173,1,credit_card,6,92.64
ORD0023174,1,debit_card,2,196.54
ORD0023175,1,debit_card,6,543.04
ORD0023176,1,voucher,7,125.46
ORD0023177,1,debit_card,12,105.38
ORD0023178,1,voucher,1,81.9
ORD0023179,1,credit_card,3,277.3
ORD0023180,1,credit_card,2,554.45
ORD0023181,1,voucher,1,897.0899999999999
ORD0023182,1,voucher,9,1324.0
ORD0023183,1,voucher,8,485.28
ORD0023184,1,boleto,2,368.74
ORD0023185,1,boleto,10,62.02
ORD0023186,1,debit_card,7,362.22
ORD0023187,1,debit_card,7,563.29
ORD0023188,1,debit_card,2,157.98
ORD0023189,1,debit_card,2,40.36
ORD0023190,1,debit_card,5,277.92
ORD0023191,1,debit_card,4,416.04
ORD0023192,1,credit_card,1,645.92
ORD0023193,1,voucher,3,741.48
ORD0023194,1,voucher,8,604.28
ORD0023195,1,debit_card,6,63.22
ORD0023196,1,credit_card,1,529.3199999999999
ORD0023197,1,voucher,6,163.25
ORD0023198,1,boleto,1,264.78
ORD0023199,1,credit_card,2,768.63
ORD0023200,1,debit_card,3,1361.08
ORD0023201,1,boleto,2,935.4599999999999
ORD0023202,1,boleto,9,652.9
ORD0023203,1,voucher,5,1706.3300000000002
ORD0023204,1,debit_card,2,158.12
ORD0023205,1,debit_card,1,232.1
ORD0023206,1,voucher,1,99.59
ORD0023207,1,credit_card,5,39.0
ORD0023208,1,boleto,10,52.55
ORD0023209,1,voucher,7,136.95
ORD0023210,1,debit_card,1,557.71
ORD0023211,1,voucher,10,511.11
ORD0023212,1,voucher,5,174.64
ORD0023213,1,voucher,2,336.29
ORD0023214,1,credit_card,10,665.02
ORD0023215,1,credit_card,10,309.46
ORD0023216,1,voucher,2,148.94
ORD0023217,1,boleto,10,41.76
ORD0023218,1,boleto,2,215.22
ORD0023219,1,debit_card,4,512.01
ORD0023220,1,boleto,6,187.24
ORD0023221,1,boleto,1,69.77
ORD0023222,1,boleto,7,530.3299999999999
ORD0023223,1,debit_card,11,31.87
ORD0023224,1,credit_card,5,1217.02
ORD0023225,1,debit_card,4,100.88
ORD0023226,1,voucher,10,145.5
ORD0023227,1,voucher,9,164.9
ORD0023228,1,debit_card,8,58.35
ORD0023229,1,debit_card,8,589.59
ORD0023230,1,boleto,11,76.84
ORD0023231,1,voucher,5,1087.88
ORD0023232,1,boleto,2,246.64
ORD0023233,1,boleto,3,434.54999999999995
ORD0023234,1,debit_card,11,359.24
ORD0023235,1,boleto,10,56.42
ORD0023236,1,voucher,3,76.61
ORD0023237,1,credit_card,9,221.39
ORD0023238,1,debit_card,6,40.26
ORD0023239,1,voucher,8,75.21
ORD0023240,1,credit_card,4,1139.3400000000001
ORD0023241,1,credit_card,8,448.21000000000004
ORD0023242,1,debit_card,9,392.14
ORD0023243,1,voucher,4,661.0
ORD0023244,1,boleto,12,42.21
ORD0023245,1,debit_card,10,1467.27
ORD0023246,1,boleto,5,234.26
ORD0023247,1,boleto,1,142.08
ORD0023248,1,boleto,4,234.18
ORD0023249,1,boleto,9,74.93
ORD0023250,1,credit_card,11,186.52
ORD0023251,1,debit_card,7,237.57999999999998
ORD0023252,1,boleto,10,677.52
ORD0023253,1,voucher,9,337.22
ORD0023254,1,credit_card,4,179.06
ORD0023255,1,voucher,9,261.38
ORD0023256,1,debit_card,3,1159.94
ORD0023257,1,boleto,10,155.34
ORD0023258,1,voucher,7,367.76
ORD0023259,1,credit_card,5,32.81
ORD0023260,1,boleto,6,1526.5700000000002
ORD0023261,1,boleto,4,162.42
ORD0023262,1,debit_card,7,289.38
ORD0023263,1,credit_card,10,271.56
ORD0023264,1,voucher,6,503.03
ORD0023265,1,debit_card,5,157.64000000000001
ORD0023266,1,boleto,8,679.96
ORD0023267,1,debit_card,5,66.07
ORD0023268,1,credit_card,9,495.12
ORD0023269,1,credit_card,7,16.56
ORD0023270,1,voucher,7,1463.08
ORD0023271,1,boleto,8,401.91999999999996
ORD0023272,1,debit_card,1,48.8
ORD0023273,1,boleto,9,565.51
ORD0023274,1,credit_card,9,200.23
ORD0023275,1,voucher,11,299.85
ORD0023276,1,boleto,1,397.7
ORD0023277,1,voucher,11,85.34
ORD0023278,1,boleto,2,115.24
ORD0023279,1,credit_card,8,22.23
ORD0023280,1,credit_card,4,123.34
ORD0023281,1,voucher,4,1169.24
ORD0023282,1,debit_card,6,686.29
ORD0023283,1,debit_card,3,183.76
ORD0023284,1,voucher,9,249.64
ORD0023285,1,boleto,2,55.78
ORD0023286,1,credit_card,1,297.03999999999996
ORD0023287,1,credit_card,6,689.68
ORD0023288,1,debit_card,2,158.44
ORD0023289,1,debit_card,10,47.67
ORD0023290,1,debit_card,11,35.29
ORD0023291,1,voucher,9,457.06
ORD0023292,1,credit_card,8,68.56
ORD0023293,1,credit_card,9,1428.2
ORD0023294,1,boleto,2,111.08
ORD0023295,1,debit_card,6,55.34
ORD0023296,1,voucher,1,456.46
ORD0023297,1,credit_card,11,733.14
ORD0023298,1,voucher,2,170.12
ORD0023299,1,boleto,9,30.61
ORD0023300,1,credit_card,2,39.13
ORD0023301,1,debit_card,5,76.56
ORD0023302,1,debit_card,2,360.03000000000003
ORD0023303,1,credit_card,6,239.03
ORD0023304,1,credit_card,12,528.9000000000001
ORD0023305,1,boleto,9,435.88
ORD0023306,1,voucher,8,113.68
ORD0023307,1,boleto,10,251.98
ORD0023308,1,debit_card,4,17.51
ORD0023309,1,credit_card,10,442.39
ORD0023310,1,voucher,10,687.7199999999999
ORD0023311,1,credit_card,9,262.75
ORD0023312,1,boleto,2,681.94
ORD0023313,1,debit_card,4,1254.12
ORD0023314,1,debit_card,7,830.84
ORD0023315,1,boleto,2,118.8
ORD0023316,1,credit_card,9,678.1
ORD0023317,1,debit_card,4,497.73
ORD0023318,1,boleto,9,455.67
ORD0023319,1,debit_card,5,162.89
ORD0023320,1,boleto,11,176.86
ORD0023321,1,debit_card,8,212.73
ORD0023322,1,credit_card,7,23.11
ORD0023323,1,debit_card,7,178.72
ORD0023324,1,boleto,6,63.8
ORD0023325,1,boleto,8,245.12000000000003
ORD0023326,1,debit_card,12,243.64
ORD0023327,1,boleto,8,116.64
ORD0023328,1,credit_card,8,1557.24
ORD0023329,1,boleto,1,379.36
ORD0023330,1,boleto,11,511.74
ORD0023331,1,boleto,8,74.42
ORD0023332,1,debit_card,4,272.88
ORD0023333,1,voucher,2,145.66
ORD0023334,1,debit_card,5,359.32
ORD0023335,1,debit_card,1,563.52
ORD0023336,1,boleto,10,403.6
ORD0023337,1,voucher,9,423.04
ORD0023338,1,boleto,1,72.78
ORD0023339,1,boleto,1,491.6
ORD0023340,1,credit_card,11,185.91
ORD0023341,1,debit_card,3,299.03
ORD0023342,1,debit_card,10,1270.73
ORD0023343,1,credit_card,7,114.57
ORD0023344,1,debit_card,11,149.32
ORD0023345,1,credit_card,7,159.32
ORD0023346,1,credit_card,7,92.18
ORD0023347,1,boleto,10,294.54999999999995
ORD0023348,1,credit_card,12,316.15999999999997
ORD0023349,1,boleto,1,325.32
ORD0023350,1,boleto,11,33.54
ORD0023351,1,voucher,11,434.05
ORD0023352,1,boleto,12,121.83
ORD0023353,1,debit_card,8,180.44
ORD0023354,1,credit_card,9,215.49
ORD0023355,1,debit_card,10,595.12
ORD0023356,1,voucher,5,172.38
ORD0023357,1,credit_card,1,960.53
ORD0023358,1,boleto,7,606.82
ORD0023359,1,voucher,12,51.13
ORD0023360,1,voucher,6,576.89
ORD0023361,1,debit_card,1,254.25
ORD0023362,1,debit_card,3,423.81000000000006
ORD0023363,1,credit_card,10,741.87
ORD0023364,1,debit_card,10,365.15999999999997
ORD0023365,1,credit_card,5,495.71000000000004
ORD0023366,1,credit_card,2,116.87
ORD0023367,1,debit_card,2,339.84
ORD0023368,1,voucher,9,247.12
ORD0023369,1,boleto,4,215.37
ORD0023370,1,debit_card,1,711.48
ORD0023371,1,credit_card,8,335.17
ORD0023372,1,boleto,4,152.24
ORD0023373,1,boleto,1,195.22
ORD0023374,1,debit_card,6,956.81
ORD0023375,1,voucher,8,415.15999999999997
ORD0023376,1,credit_card,5,761.36
ORD0023377,1,voucher,9,303.95
ORD0023378,1,boleto,7,699.64
ORD0023379,1,boleto,3,259.68
ORD0023380,1,voucher,6,1089.03
ORD0023381,1,voucher,12,690.1199999999999
ORD0023382,1,voucher,7,145.32
ORD0023383,1,voucher,1,100.22
ORD0023384,1,credit_card,7,717.68
ORD0023385,1,boleto,7,130.54
ORD0023386,1,voucher,6,630.56
ORD0023387,1,credit_card,4,484.82
ORD0023388,1,debit_card,10,352.93000000000006
ORD0023389,1,boleto,11,254.34
ORD0023390,1,boleto,3,350.79
ORD0023391,1,credit_card,4,31.82
ORD0023392,1,boleto,5,59.05
ORD0023393,1,debit_card,8,15.08
ORD0023394,1,credit_card,10,570.57
ORD0023395,1,debit_card,8,174.32
ORD0023396,1,boleto,3,802.19
ORD0023397,1,voucher,9,403.6
ORD0023398,1,credit_card,5,153.48
ORD0023399,1,boleto,9,427.51
ORD0023400,1,credit_card,11,102.56
ORD0023401,1,credit_card,12,286.72
ORD0023402,1,voucher,12,830.95
ORD0023403,1,credit_card,5,297.27
ORD0023404,1,voucher,7,304.06
ORD0023405,1,boleto,3,238.59
ORD0023406,1,voucher,4,98.07
ORD0023407,1,credit_card,12,62.87
ORD0023408,1,debit_card,9,89.22
ORD0023409,1,debit_card,10,258.64
ORD0023410,1,credit_card,7,152.78
ORD0023411,1,voucher,9,147.87
ORD0023412,1,voucher,4,231.84
ORD0023413,1,debit_card,9,653.59
ORD0023414,1,credit_card,3,314.92
ORD0023415,1,boleto,7,83.9
ORD0023416,1,voucher,5,180.03
ORD0023417,1,debit_card,5,432.69
ORD0023418,1,boleto,4,459.78
ORD0023419,1,debit_card,3,131.38
ORD0023420,1,boleto,3,519.9000000000001
ORD0023421,1,credit_card,7,286.78
ORD0023422,1,voucher,8,1217.9299999999998
ORD0023423,1,credit_card,11,1761.6999999999998
ORD0023424,1,boleto,2,111.07
ORD0023425,1,debit_card,12,110.05
ORD0023426,1,voucher,7,688.28
ORD0023427,1,debit_card,5,235.14
ORD0023428,1,credit_card,12,39.49
ORD0023429,1,boleto,8,167.72
ORD0023430,1,voucher,6,415.96
ORD0023431,1,boleto,11,192.95999999999998
ORD0023432,1,debit_card,8,1121.47
ORD0023433,1,debit_card,12,951.76
ORD0023434,1,boleto,8,35.67
ORD0023435,1,voucher,3,149.4
ORD0023436,1,voucher,5,184.56
ORD0023437,1,boleto,12,47.63
ORD0023438,1,credit_card,3,119.34
ORD0023439,1,voucher,3,435.16999999999996
ORD0023440,1,debit_card,12,682.32
ORD0023441,1,debit_card,10,324.68
ORD0023442,1,boleto,12,65.88
ORD0023443,1,debit_card,6,549.46
ORD0023444,1,credit_card,9,32.78
ORD0023445,1,debit_card,9,575.9
ORD0023446,1,boleto,4,124.65
ORD0023447,1,debit_card,9,198.58
ORD0023448,1,debit_card,8,101.52
ORD0023449,1,debit_card,11,101.11
ORD0023450,1,debit_card,10,1845.46
ORD0023451,1,voucher,6,453.37
ORD0023452,1,boleto,12,81.52000000000001
ORD0023453,1,boleto,6,52.15
ORD0023454,1,boleto,3,156.91
ORD0023455,1,credit_card,3,28.09
ORD0023456,1,voucher,3,81.95
ORD0023457,1,boleto,6,267.7
ORD0023458,1,credit_card,11,217.33
ORD0023459,1,boleto,11,109.6
ORD0023460,1,voucher,3,316.83
ORD0023461,1,voucher,6,53.68
ORD0023462,1,debit_card,9,429.45
ORD0023463,1,credit_card,5,398.92
ORD0023464,1,debit_card,7,136.94
ORD0023465,1,debit_card,2,110.8
ORD0023466,1,boleto,5,37.38
ORD0023467,1,voucher,1,375.87
ORD0023468,1,voucher,2,607.88
ORD0023469,1,boleto,2,273.28
ORD0023470,1,credit_card,5,946.08
ORD0023471,1,debit_card,6,65.06
ORD0023472,1,boleto,3,133.22
ORD0023473,1,voucher,9,903.8
ORD0023474,1,credit_card,1,173.38
ORD0023475,1,debit_card,11,91.6
ORD0023476,1,boleto,1,37.99
ORD0023477,1,credit_card,7,164.98
ORD0023478,1,boleto,11,355.75
ORD0023479,1,voucher,6,247.29
ORD0023480,1,boleto,9,98.72
ORD0023481,1,credit_card,2,603.34
ORD0023482,1,credit_card,6,1168.46
ORD0023483,1,boleto,5,154.2
ORD0023484,1,boleto,7,868.3
ORD0023485,1,voucher,6,879.21
ORD0023486,1,credit_card,2,358.08
ORD0023487,1,credit_card,11,1751.3200000000002
ORD0023488,1,debit_card,7,71.7
ORD0023489,1,credit_card,5,766.0400000000001
ORD0023490,1,debit_card,4,76.56
ORD0023491,1,voucher,8,216.06
ORD0023492,1,debit_card,7,501.81000000000006
ORD0023493,1,credit_card,5,268.83
ORD0023494,1,credit_card,1,62.41
ORD0023495,1,debit_card,11,274.36
ORD0023496,1,debit_card,4,58.06
ORD0023497,1,voucher,2,819.0
ORD0023498,1,debit_card,5,1228.8500000000001
ORD0023499,1,voucher,1,108.96
ORD0023500,1,boleto,7,138.03
ORD0023501,1,credit_card,9,81.06
ORD0023502,1,boleto,7,20.6
ORD0023503,1,credit_card,9,259.39
ORD0023504,1,debit_card,10,50.79
ORD0023505,1,boleto,9,113.44
ORD0023506,1,credit_card,7,236.2
ORD0023507,1,debit_card,2,682.29
ORD0023508,1,boleto,12,353.81
ORD0023509,1,voucher,11,324.04
ORD0023510,1,debit_card,6,72.0
ORD0023511,1,credit_card,12,64.8
ORD0023512,1,voucher,2,235.24
ORD0023513,1,debit_card,2,350.34
ORD0023514,1,debit_card,10,139.76
ORD0023515,1,credit_card,4,156.94
ORD0023516,1,debit_card,5,123.9
ORD0023517,1,debit_card,3,264.74
ORD0023518,1,voucher,10,311.89
ORD0023519,1,boleto,6,802.8199999999999
ORD0023520,1,credit_card,1,136.61
ORD0023521,1,debit_card,9,444.59
ORD0023522,1,credit_card,9,46.9
ORD0023523,1,voucher,10,136.04
ORD0023524,1,credit_card,7,225.05
ORD0023525,1,boleto,11,379.34
ORD0023526,1,voucher,7,94.11
ORD0023527,1,credit_card,5,189.43
ORD0023528,1,credit_card,5,50.74
ORD0023529,1,credit_card,6,153.52
ORD0023530,1,boleto,11,266.5
ORD0023531,1,voucher,2,512.01
ORD0023532,1,debit_card,10,476.37
ORD0023533,1,boleto,3,101.58
ORD0023534,1,boleto,5,333.14
ORD0023535,1,boleto,12,379.5
ORD0023536,1,credit_card,5,40.38
ORD0023537,1,boleto,5,63.79
ORD0023538,1,credit_card,12,590.04
ORD0023539,1,debit_card,5,425.55999999999995
ORD0023540,1,voucher,5,229.48
ORD0023541,1,credit_card,10,239.93
ORD0023542,1,voucher,10,145.8
ORD0023543,1,boleto,4,173.38
ORD0023544,1,debit_card,8,795.21
ORD0023545,1,boleto,5,154.5
ORD0023546,1,boleto,12,71.34
ORD0023547,1,debit_card,6,462.86
ORD0023548,1,voucher,10,158.78
ORD0023549,1,credit_card,2,95.56
ORD0023550,1,voucher,7,270.52
ORD0023551,1,boleto,2,105.99
ORD0023552,1,debit_card,7,541.86
ORD0023553,1,debit_card,6,1002.83
ORD0023554,1,credit_card,11,54.68
ORD0023555,1,debit_card,7,284.37
ORD0023556,1,boleto,8,155.27
ORD0023557,1,credit_card,11,61.88
ORD0023558,1,boleto,5,774.96
ORD0023559,1,debit_card,7,183.44
ORD0023560,1,boleto,9,88.82
ORD0023561,1,credit_card,5,74.44
ORD0023562,1,voucher,7,40.75
ORD0023563,1,credit_card,3,140.46
ORD0023564,1,credit_card,10,353.49
ORD0023565,1,boleto,5,796.82
ORD0023566,1,boleto,9,1139.6100000000001
ORD0023567,1,credit_card,10,437.06
ORD0023568,1,voucher,6,1616.3400000000001
ORD0023569,1,voucher,12,68.11
ORD0023570,1,voucher,3,265.7
ORD0023571,1,boleto,11,205.68
ORD0023572,1,boleto,4,433.94
ORD0023573,1,credit_card,6,855.75
ORD0023574,1,credit_card,12,307.09999999999997
ORD0023575,1,credit_card,5,309.73
ORD0023576,1,credit_card,6,1491.97
ORD0023577,1,voucher,8,328.35
ORD0023578,1,voucher,3,714.98
ORD0023579,1,boleto,5,140.68
ORD0023580,1,boleto,4,136.88
ORD0023581,1,debit_card,8,200.70000000000002
ORD0023582,1,debit_card,5,312.9
ORD0023583,1,credit_card,9,107.52
ORD0023584,1,credit_card,10,213.68
ORD0023585,1,voucher,8,237.87
ORD0023586,1,boleto,10,646.53
ORD0023587,1,boleto,7,238.69
ORD0023588,1,boleto,4,107.86
ORD0023589,1,credit_card,5,454.36
ORD0023590,1,credit_card,2,501.12
ORD0023591,1,debit_card,5,629.14
ORD0023592,1,debit_card,11,236.70000000000002
ORD0023593,1,boleto,5,1064.0
ORD0023594,1,credit_card,7,418.72
ORD0023595,1,voucher,12,349.53000000000003
ORD0023596,1,debit_card,5,709.82
ORD0023597,1,debit_card,7,394.5
ORD0023598,1,voucher,5,757.08
ORD0023599,1,credit_card,11,75.28
ORD0023600,1,voucher,3,216.54
ORD0023601,1,debit_card,11,432.06
ORD0023602,1,credit_card,5,122.78
ORD0023603,1,boleto,1,492.97999999999996
ORD0023604,1,credit_card,2,136.18
ORD0023605,1,debit_card,5,552.02
ORD0023606,1,voucher,5,743.68
ORD0023607,1,voucher,2,139.39
ORD0023608,1,credit_card,3,62.16
ORD0023609,1,voucher,9,451.51
ORD0023610,1,debit_card,5,43.07
ORD0023611,1,boleto,10,2065.84
ORD0023612,1,debit_card,7,236.8
ORD0023613,1,debit_card,8,48.67
ORD0023614,1,credit_card,7,146.33
ORD0023615,1,credit_card,3,45.0
ORD0023616,1,credit_card,3,294.6
ORD0023617,1,credit_card,4,318.56
ORD0023618,1,voucher,2,493.83
ORD0023619,1,debit_card,4,989.78
ORD0023620,1,debit_card,5,133.09
ORD0023621,1,credit_card,4,1176.47
ORD0023622,1,debit_card,5,176.35999999999999
ORD0023623,1,debit_card,9,148.41
ORD0023624,1,debit_card,6,30.82
ORD0023625,1,credit_card,4,56.010000000000005
ORD0023626,1,debit_card,10,71.43
ORD0023627,1,credit_card,1,554.27
ORD0023628,1,voucher,12,39.54
ORD0023629,1,credit_card,8,598.87
ORD0023630,1,voucher,11,264.45
ORD0023631,1,voucher,4,205.56
ORD0023632,1,voucher,5,566.24
ORD0023633,1,boleto,7,55.25
ORD0023634,1,debit_card,9,159.60000000000002
ORD0023635,1,credit_card,11,959.99
ORD0023636,1,credit_card,2,713.12
ORD0023637,1,credit_card,10,184.16
ORD0023638,1,voucher,3,847.3399999999999
ORD0023639,1,debit_card,5,97.92
ORD0023640,1,debit_card,3,172.53
ORD0023641,1,debit_card,3,93.78
ORD0023642,1,debit_card,8,53.349999999999994
ORD0023643,1,debit_card,3,31.9
ORD0023644,1,boleto,1,529.72
ORD0023645,1,debit_card,7,240.29999999999998
ORD0023646,1,boleto,1,73.34
ORD0023647,1,voucher,4,19.82
ORD0023648,1,voucher,2,452.73
ORD0023649,1,voucher,11,402.58
ORD0023650,1,voucher,9,62.76
ORD0023651,1,debit_card,3,124.82
ORD0023652,1,debit_card,10,423.34000000000003
ORD0023653,1,debit_card,7,556.71
ORD0023654,1,credit_card,9,281.08000000000004
ORD0023655,1,debit_card,6,207.48
ORD0023656,1,credit_card,4,52.41
ORD0023657,1,credit_card,4,188.04
ORD0023658,1,boleto,6,15.08
ORD0023659,1,credit_card,9,58.13
ORD0023660,1,voucher,7,236.8
ORD0023661,1,voucher,10,244.68
ORD0023662,1,voucher,1,733.48
ORD0023663,1,debit_card,3,75.49
ORD0023664,1,credit_card,12,646.53
ORD0023665,1,credit_card,7,1191.88
ORD0023666,1,debit_card,11,106.87
ORD0023667,1,boleto,7,165.79
ORD0023668,1,voucher,12,31.44
ORD0023669,1,boleto,8,139.8
ORD0023670,1,debit_card,5,31.09
ORD0023671,1,boleto,7,798.1500000000001
ORD0023672,1,debit_card,6,128.1
ORD0023673,1,boleto,8,172.05
ORD0023674,1,credit_card,5,681.9
ORD0023675,1,credit_card,4,216.17999999999998
ORD0023676,1,debit_card,9,398.94
ORD0023677,1,voucher,11,66.61
ORD0023678,1,voucher,4,1138.77
ORD0023679,1,boleto,12,311.88
ORD0023680,1,boleto,7,145.67
ORD0023681,1,debit_card,11,152.06
ORD0023682,1,boleto,7,458.77000000000004
ORD0023683,1,debit_card,10,31.64
ORD0023684,1,boleto,8,123.0
ORD0023685,1,debit_card,12,350.94
ORD0023686,1,voucher,1,1369.97
ORD0023687,1,boleto,3,786.85
ORD0023688,1,voucher,4,293.0
ORD0023689,1,voucher,6,252.78
ORD0023690,1,debit_card,8,148.94
ORD0023691,1,boleto,1,376.11
ORD0023692,1,boleto,11,339.68
ORD0023693,1,debit_card,6,146.72
ORD0023694,1,boleto,2,175.10999999999999
ORD0023695,1,boleto,6,177.24
ORD0023696,1,boleto,9,39.54
ORD0023697,1,debit_card,6,582.45
ORD0023698,1,debit_card,4,882.59
ORD0023699,1,voucher,10,302.23
ORD0023700,1,credit_card,1,181.02
ORD0023701,1,debit_card,10,338.88
ORD0023702,1,debit_card,12,120.14
ORD0023703,1,voucher,10,177.04
ORD0023704,1,boleto,12,62.2
ORD0023705,1,voucher,10,661.71
ORD0023706,1,voucher,7,316.07
ORD0023707,1,credit_card,4,56.96
ORD0023708,1,boleto,7,331.35
ORD0023709,1,voucher,10,336.49
ORD0023710,1,boleto,5,469.03
ORD0023711,1,boleto,12,35.52
ORD0023712,1,voucher,5,341.2
ORD0023713,1,voucher,5,455.93999999999994
ORD0023714,1,boleto,11,43.5
ORD0023715,1,credit_card,4,103.38
ORD0023716,1,boleto,4,42.67
ORD0023717,1,credit_card,6,288.31
ORD0023718,1,boleto,7,52.55
ORD0023719,1,credit_card,10,602.79
ORD0023720,1,credit_card,8,215.51
ORD0023721,1,boleto,10,153.06
ORD0023722,1,credit_card,8,374.5
ORD0023723,1,boleto,5,99.39000000000001
ORD0023724,1,boleto,6,492.99
ORD0023725,1,boleto,10,243.42
ORD0023726,1,credit_card,12,334.78999999999996
ORD0023727,1,debit_card,9,34.45
ORD0023728,1,debit_card,7,31.52
ORD0023729,1,boleto,10,372.38
ORD0023730,1,voucher,1,296.32
ORD0023731,1,credit_card,12,1357.7
ORD0023732,1,boleto,12,188.93
ORD0023733,1,boleto,11,136.95
ORD0023734,1,voucher,11,108.56
ORD0023735,1,credit_card,5,415.47
ORD0023736,1,credit_card,6,248.41
ORD0023737,1,debit_card,7,1036.07
ORD0023738,1,voucher,4,392.61
ORD0023739,1,credit_card,4,41.75
ORD0023740,1,credit_card,1,49.99
ORD0023741,1,debit_card,1,299.42
ORD0023742,1,credit_card,10,361.27
ORD0023743,1,credit_card,5,116.82
ORD0023744,1,debit_card,5,396.19
ORD0023745,1,voucher,10,1004.0100000000001
ORD0023746,1,voucher,5,74.85
ORD0023747,1,credit_card,1,453.32000000000005
ORD0023748,1,voucher,8,123.13
ORD0023749,1,voucher,1,192.7
ORD0023750,1,boleto,4,524.86
ORD0023751,1,boleto,7,39.68
ORD0023752,1,credit_card,9,588.41
ORD0023753,1,voucher,3,281.04
ORD0023754,1,boleto,10,1456.0
ORD0023755,1,credit_card,7,22.82
ORD0023756,1,boleto,5,178.64
ORD0023757,1,debit_card,1,263.91
ORD0023758,1,voucher,8,40.14
ORD0023759,1,boleto,11,272.82
ORD0023760,1,boleto,12,97.89000000000001
ORD0023761,1,credit_card,9,1195.69
ORD0023762,1,voucher,12,69.61
ORD0023763,1,boleto,3,1828.24
ORD0023764,1,debit_card,8,882.76
ORD0023765,1,debit_card,7,570.3499999999999
ORD0023766,1,boleto,7,230.10000000000002
ORD0023767,1,debit_card,5,231.66
ORD0023768,1,credit_card,4,431.40999999999997
ORD0023769,1,voucher,8,110.25
ORD0023770,1,voucher,3,969.38
ORD0023771,1,credit_card,12,278.40999999999997
ORD0023772,1,voucher,8,157.32
ORD0023773,1,debit_card,9,162.93
ORD0023774,1,boleto,6,71.73
ORD0023775,1,voucher,7,595.5999999999999
ORD0023776,1,boleto,2,767.44
ORD0023777,1,credit_card,4,658.1800000000001
ORD0023778,1,debit_card,3,62.04
ORD0023779,1,voucher,5,986.8299999999999
ORD0023780,1,credit_card,5,183.22
ORD0023781,1,boleto,7,793.83
ORD0023782,1,boleto,10,76.26
ORD0023783,1,debit_card,3,202.02
ORD0023784,1,debit_card,9,433.73
ORD0023785,1,voucher,11,423.04
ORD0023786,1,voucher,12,410.64
ORD0023787,1,debit_card,10,205.12
ORD0023788,1,debit_card,8,201.59
ORD0023789,1,boleto,1,891.05
ORD0023790,1,boleto,11,273.9
ORD0023791,1,credit_card,7,445.54
ORD0023792,1,debit_card,11,83.56
ORD0023793,1,debit_card,6,230.04
ORD0023794,1,voucher,11,142.62
ORD0023795,1,voucher,6,72.6
ORD0023796,1,voucher,10,465.78000000000003
ORD0023797,1,boleto,12,147.74
ORD0023798,1,debit_card,8,364.74
ORD0023799,1,boleto,12,230.98000000000002
ORD0023800,1,credit_card,2,425.32
ORD0023801,1,credit_card,2,756.07
ORD0023802,1,debit_card,9,179.1
ORD0023803,1,debit_card,9,360.14
ORD0023804,1,boleto,5,62.18
ORD0023805,1,boleto,11,344.71000000000004
ORD0023806,1,debit_card,5,92.68
ORD0023807,1,voucher,12,59.85
ORD0023808,1,boleto,10,168.55
ORD0023809,1,credit_card,8,848.7
ORD0023810,1,voucher,7,48.51
ORD0023811,1,debit_card,12,35.09
ORD0023812,1,boleto,2,148.88
ORD0023813,1,debit_card,5,76.76
ORD0023814,1,boleto,12,51.76
ORD0023815,1,debit_card,11,95.47
ORD0023816,1,voucher,6,501.99
ORD0023817,1,voucher,6,65.37
ORD0023818,1,boleto,1,45.27
ORD0023819,1,credit_card,8,55.06
ORD0023820,1,debit_card,2,85.98
ORD0023821,1,voucher,8,126.12
ORD0023822,1,debit_card,1,596.29
ORD0023823,1,debit_card,1,44.11
ORD0023824,1,credit_card,11,427.86
ORD0023825,1,debit_card,2,124.88
ORD0023826,1,voucher,4,205.57
ORD0023827,1,voucher,8,362.36
ORD0023828,1,voucher,4,461.91999999999996
ORD0023829,1,voucher,4,68.11
ORD0023830,1,debit_card,2,291.1
ORD0023831,1,voucher,11,91.53
ORD0023832,1,voucher,6,153.06
ORD0023833,1,debit_card,3,84.60000000000001
ORD0023834,1,credit_card,1,469.56
ORD0023835,1,credit_card,3,434.99
ORD0023836,1,credit_card,8,472.28
ORD0023837,1,boleto,3,132.14999999999998
ORD0023838,1,debit_card,5,447.48
ORD0023839,1,credit_card,1,570.88
ORD0023840,1,voucher,1,172.3
ORD0023841,1,debit_card,4,433.38
ORD0023842,1,boleto,3,1757.5300000000002
ORD0023843,1,credit_card,3,338.84
ORD0023844,1,debit_card,7,138.05
ORD0023845,1,boleto,10,1150.05
ORD0023846,1,credit_card,3,859.3800000000001
ORD0023847,1,credit_card,4,60.47
ORD0023848,1,credit_card,3,35.63
ORD0023849,1,credit_card,3,796.4
ORD0023850,1,credit_card,4,169.98
ORD0023851,1,credit_card,1,278.35
ORD0023852,1,debit_card,2,133.8
ORD0023853,1,voucher,9,1299.55
ORD0023854,1,boleto,3,684.8199999999999
ORD0023855,1,credit_card,1,213.68
ORD0023856,1,boleto,5,72.13
ORD0023857,1,boleto,8,79.22
ORD0023858,1,credit_card,9,59.08
ORD0023859,1,boleto,3,568.29
ORD0023860,1,boleto,4,203.76
ORD0023861,1,debit_card,11,3509.9599999999996
ORD0023862,1,debit_card,10,66.13
ORD0023863,1,boleto,8,140.07
ORD0023864,1,debit_card,1,60.54
ORD0023865,1,boleto,12,1190.67
ORD0023866,1,debit_card,4,346.98
ORD0023867,1,credit_card,10,188.19
ORD0023868,1,credit_card,3,74.08
ORD0023869,1,voucher,8,404.97
ORD0023870,1,credit_card,1,605.87
ORD0023871,1,debit_card,9,89.56
ORD0023872,1,credit_card,8,1097.92
ORD0023873,1,debit_card,4,34.74
ORD0023874,1,voucher,9,141.88
ORD0023875,1,boleto,10,520.72
ORD0023876,1,credit_card,3,37.48
ORD0023877,1,debit_card,10,578.8199999999999
ORD0023878,1,boleto,6,22.72
ORD0023879,1,boleto,7,23.48
ORD0023880,1,debit_card,11,400.49
ORD0023881,1,voucher,4,114.16
ORD0023882,1,voucher,4,881.8
ORD0023883,1,debit_card,4,282.56
ORD0023884,1,debit_card,12,1099.54
ORD0023885,1,voucher,6,62.43
ORD0023886,1,boleto,3,897.04
ORD0023887,1,credit_card,7,539.01
ORD0023888,1,voucher,3,675.95
ORD0023889,1,credit_card,7,243.66
ORD0023890,1,credit_card,1,169.38
ORD0023891,1,boleto,11,83.86
ORD0023892,1,boleto,8,280.25
ORD0023893,1,debit_card,9,1020.52
ORD0023894,1,credit_card,3,137.4
ORD0023895,1,boleto,4,3344.08
ORD0023896,1,credit_card,3,75.1
ORD0023897,1,debit_card,9,65.64
ORD0023898,1,credit_card,8,1095.48
ORD0023899,1,credit_card,3,58.36
ORD0023900,1,boleto,7,501.46000000000004
ORD0023901,1,debit_card,8,141.88
ORD0023902,1,debit_card,5,113.35000000000001
ORD0023903,1,debit_card,5,652.13
ORD0023904,1,credit_card,9,129.26
ORD0023905,1,boleto,5,41.76
ORD0023906,1,credit_card,2,1313.58
ORD0023907,1,boleto,9,45.03
ORD0023908,1,debit_card,10,917.84
ORD0023909,1,voucher,5,117.62
ORD0023910,1,debit_card,7,85.27
ORD0023911,1,debit_card,5,29.41
ORD0023912,1,voucher,8,112.76
ORD0023913,1,debit_card,2,85.9
ORD0023914,1,boleto,3,34.48
ORD0023915,1,credit_card,10,94.72
ORD0023916,1,boleto,9,251.98
ORD0023917,1,boleto,10,875.46
ORD0023918,1,boleto,8,331.82
ORD0023919,1,debit_card,1,2536.2
ORD0023920,1,credit_card,8,107.02
ORD0023921,1,boleto,4,699.45
ORD0023922,1,credit_card,7,243.60000000000002
ORD0023923,1,boleto,7,1713.4
ORD0023924,1,credit_card,4,1862.3899999999999
ORD0023925,1,voucher,11,368.96
ORD0023926,1,credit_card,6,109.38999999999999
ORD0023927,1,voucher,4,871.6800000000001
ORD0023928,1,debit_card,4,75.35
ORD0023929,1,voucher,6,189.68
ORD0023930,1,debit_card,12,82.31
ORD0023931,1,credit_card,6,1428.8899999999999
ORD0023932,1,debit_card,9,92.02
ORD0023933,1,boleto,2,1639.08
ORD0023934,1,credit_card,12,109.95
ORD0023935,1,voucher,6,64.13
ORD0023936,1,voucher,10,78.05
ORD0023937,1,debit_card,10,122.62
ORD0023938,1,credit_card,1,631.2
ORD0023939,1,voucher,6,287.55
ORD0023940,1,boleto,2,979.68
ORD0023941,1,credit_card,12,494.1
ORD0023942,1,credit_card,11,52.23
ORD0023943,1,debit_card,5,146.96
ORD0023944,1,voucher,7,52.25
ORD0023945,1,voucher,3,257.65
ORD0023946,1,debit_card,1,77.22
ORD0023947,1,voucher,7,58.54
ORD0023948,1,debit_card,8,125.74
ORD0023949,1,credit_card,8,116.05
ORD0023950,1,boleto,7,209.64
ORD0023951,1,voucher,2,28.34
ORD0023952,1,boleto,4,461.68
ORD0023953,1,credit_card,9,208.36
ORD0023954,1,voucher,6,253.77
ORD0023955,1,credit_card,7,480.30999999999995
ORD0023956,1,credit_card,5,89.4
ORD0023957,1,debit_card,10,105.35
ORD0023958,1,voucher,9,324.8
ORD0023959,1,boleto,8,173.28
ORD0023960,1,voucher,3,282.39
ORD0023961,1,voucher,9,916.44
ORD0023962,1,boleto,12,101.55
ORD0023963,1,debit_card,10,34.45
ORD0023964,1,credit_card,5,74.85
ORD0023965,1,credit_card,11,528.47
ORD0023966,1,debit_card,5,69.69
ORD0023967,1,credit_card,4,180.03
ORD0023968,1,voucher,6,135.09
ORD0023969,1,voucher,6,612.68
ORD0023970,1,boleto,11,66.63
ORD0023971,1,credit_card,6,764.3399999999999
ORD0023972,1,credit_card,3,212.82
ORD0023973,1,voucher,9,1294.88
ORD0023974,1,voucher,11,236.5
ORD0023975,1,boleto,3,1007.92
ORD0023976,1,voucher,7,103.99
ORD0023977,1,voucher,12,261.55
ORD0023978,1,credit_card,2,303.89
ORD0023979,1,boleto,11,422.74
ORD0023980,1,voucher,8,152.04000000000002
ORD0023981,1,voucher,2,428.1
ORD0023982,1,debit_card,8,258.26
ORD0023983,1,debit_card,1,205.61
ORD0023984,1,credit_card,10,571.76
ORD0023985,1,credit_card,2,400.18
ORD0023986,1,credit_card,8,355.03999999999996
ORD0023987,1,boleto,3,537.0699999999999
ORD0023988,1,debit_card,9,312.14
ORD0023989,1,voucher,12,310.24
ORD0023990,1,debit_card,7,247.76
ORD0023991,1,voucher,8,136.23
ORD0023992,1,voucher,4,118.44
ORD0023993,1,voucher,11,667.91
ORD0023994,1,boleto,3,174.4
ORD0023995,1,debit_card,7,984.7900000000001
ORD0023996,1,boleto,10,77.19
ORD0023997,1,debit_card,7,229.37
ORD0023998,1,credit_card,9,680.25
ORD0023999,1,boleto,9,38.81
ORD0024000,1,debit_card,12,35.1
ORD0024001,1,boleto,10,22.41
ORD0024002,1,boleto,1,348.29999999999995
ORD0024003,1,debit_card,8,249.01999999999998
ORD0024004,1,boleto,3,942.4699999999999
ORD0024005,1,voucher,10,66.26
ORD0024006,1,credit_card,4,806.8599999999999
ORD0024007,1,debit_card,5,174.48
ORD0024008,1,voucher,12,52.53
ORD0024009,1,voucher,9,62.82
ORD0024010,1,debit_card,9,278.78
ORD0024011,1,credit_card,5,504.59
ORD0024012,1,boleto,4,218.37
ORD0024013,1,credit_card,12,966.27
ORD0024014,1,boleto,1,413.45000000000005
ORD0024015,1,boleto,9,333.57
ORD0024016,1,boleto,5,183.44
ORD0024017,1,credit_card,7,160.35999999999999
ORD0024018,1,boleto,9,782.25
ORD0024019,1,credit_card,10,38.81
ORD0024020,1,credit_card,11,69.48
ORD0024021,1,debit_card,11,445.64
ORD0024022,1,credit_card,10,337.79
ORD0024023,1,boleto,10,124.94
ORD0024024,1,debit_card,3,124.94
ORD0024025,1,voucher,7,102.12
ORD0024026,1,debit_card,7,393.26
ORD0024027,1,boleto,11,432.12
ORD0024028,1,credit_card,11,187.60999999999999
ORD0024029,1,credit_card,8,589.24
ORD0024030,1,credit_card,12,1774.0600000000002
ORD0024031,1,voucher,12,220.69
ORD0024032,1,credit_card,6,1106.6
ORD0024033,1,credit_card,1,201.68
ORD0024034,1,voucher,1,406.77
ORD0024035,1,voucher,7,213.54
ORD0024036,1,credit_card,6,259.69
ORD0024037,1,voucher,7,192.92
ORD0024038,1,boleto,12,1529.4
ORD0024039,1,voucher,3,86.58
ORD0024040,1,voucher,12,38.61
ORD0024041,1,credit_card,5,520.2
ORD0024042,1,voucher,12,208.13
ORD0024043,1,debit_card,1,393.06
ORD0024044,1,credit_card,8,268.02
ORD0024045,1,debit_card,4,545.8499999999999
ORD0024046,1,debit_card,7,114.0
ORD0024047,1,boleto,3,302.92
ORD0024048,1,debit_card,4,976.3199999999999
ORD0024049,1,voucher,7,895.25
ORD0024050,1,debit_card,9,179.72
ORD0024051,1,boleto,9,646.74
ORD0024052,1,credit_card,10,1692.04
ORD0024053,1,voucher,2,1680.9500000000003
ORD0024054,1,debit_card,1,470.38
ORD0024055,1,boleto,8,40.14
ORD0024056,1,credit_card,7,109.31
ORD0024057,1,boleto,5,431.85999999999996
ORD0024058,1,credit_card,10,102.14
ORD0024059,1,debit_card,3,323.04
ORD0024060,1,voucher,12,902.48
ORD0024061,1,credit_card,10,86.87
ORD0024062,1,debit_card,2,198.93
ORD0024063,1,debit_card,10,113.96
ORD0024064,1,voucher,10,173.49
ORD0024065,1,credit_card,7,69.33
ORD0024066,1,voucher,10,33.48
ORD0024067,1,debit_card,5,28.14
ORD0024068,1,voucher,6,338.84
ORD0024069,1,voucher,8,230.08
ORD0024070,1,debit_card,4,733.16
ORD0024071,1,voucher,7,309.20000000000005
ORD0024072,1,voucher,4,290.18
ORD0024073,1,voucher,2,254.94
ORD0024074,1,voucher,12,85.02
ORD0024075,1,credit_card,3,56.47
ORD0024076,1,credit_card,1,119.07
ORD0024077,1,boleto,1,368.1
ORD0024078,1,voucher,12,939.96
ORD0024079,1,voucher,6,120.48
ORD0024080,1,voucher,6,62.86
ORD0024081,1,debit_card,8,49.26
ORD0024082,1,debit_card,7,428.3
ORD0024083,1,credit_card,4,213.97
ORD0024084,1,voucher,4,32.94
ORD0024085,1,voucher,9,34.28
ORD0024086,1,credit_card,6,185.37
ORD0024087,1,debit_card,12,171.89999999999998
ORD0024088,1,voucher,4,34.96
ORD0024089,1,boleto,7,148.0
ORD0024090,1,voucher,8,235.88
ORD0024091,1,credit_card,10,629.19
ORD0024092,1,boleto,3,81.43
ORD0024093,1,boleto,11,199.31
ORD0024094,1,credit_card,8,263.45
ORD0024095,1,boleto,1,282.63
ORD0024096,1,debit_card,6,227.11
ORD0024097,1,credit_card,3,108.22
ORD0024098,1,credit_card,7,1192.6100000000001
ORD0024099,1,debit_card,7,150.16
ORD0024100,1,credit_card,5,32.78
ORD0024101,1,voucher,3,90.42
ORD0024102,1,voucher,7,61.96
ORD0024103,1,credit_card,9,180.78
ORD0024104,1,voucher,12,250.86
ORD0024105,1,voucher,1,86.65
ORD0024106,1,credit_card,12,483.90999999999997
ORD0024107,1,debit_card,1,248.2
ORD0024108,1,boleto,5,83.83
ORD0024109,1,credit_card,11,987.92
ORD0024110,1,debit_card,1,388.53000000000003
ORD0024111,1,credit_card,6,113.75
ORD0024112,1,voucher,8,432.53999999999996
ORD0024113,1,voucher,4,364.56
ORD0024114,1,voucher,9,104.31
ORD0024115,1,voucher,12,767.86
ORD0024116,1,voucher,2,228.25
ORD0024117,1,credit_card,9,782.05
ORD0024118,1,boleto,4,193.48
ORD0024119,1,voucher,6,30.02
ORD0024120,1,debit_card,9,256.14
ORD0024121,1,voucher,1,308.76
ORD0024122,1,debit_card,5,87.16
ORD0024123,1,debit_card,3,131.65
ORD0024124,1,boleto,9,404.35
ORD0024125,1,credit_card,2,821.94
ORD0024126,1,credit_card,9,141.2
ORD0024127,1,credit_card,2,69.01
ORD0024128,1,voucher,6,117.94
ORD0024129,1,credit_card,5,102.23
ORD0024130,1,boleto,4,91.68
ORD0024131,1,voucher,2,830.66
ORD0024132,1,credit_card,12,63.46
ORD0024133,1,boleto,8,76.76
ORD0024134,1,credit_card,3,552.5
ORD0024135,1,debit_card,11,428.82
ORD0024136,1,boleto,7,68.2
ORD0024137,1,credit_card,10,757.95
ORD0024138,1,debit_card,4,314.4
ORD0024139,1,boleto,11,39.19
ORD0024140,1,voucher,10,187.88
ORD0024141,1,credit_card,10,134.88
ORD0024142,1,boleto,5,328.95000000000005
ORD0024143,1,voucher,2,754.6
ORD0024144,1,debit_card,6,728.0
ORD0024145,1,boleto,4,148.88
ORD0024146,1,credit_card,9,52.82
ORD0024147,1,voucher,4,955.4200000000001
ORD0024148,1,boleto,5,1217.23
ORD0024149,1,boleto,5,332.17
ORD0024150,1,credit_card,3,467.84
ORD0024151,1,boleto,7,1711.5
ORD0024152,1,boleto,10,124.16
ORD0024153,1,debit_card,2,701.58
ORD0024154,1,debit_card,11,403.05
ORD0024155,1,credit_card,10,217.91
ORD0024156,1,voucher,4,2558.9700000000003
ORD0024157,1,credit_card,7,188.51
ORD0024158,1,debit_card,9,221.6
ORD0024159,1,credit_card,12,35.47
ORD0024160,1,credit_card,4,337.81
ORD0024161,1,voucher,8,55.72
ORD0024162,1,boleto,6,216.96
ORD0024163,1,debit_card,5,283.22
ORD0024164,1,credit_card,1,559.14
ORD0024165,1,voucher,12,926.52
ORD0024166,1,boleto,8,341.76
ORD0024167,1,boleto,12,222.24
ORD0024168,1,voucher,10,448.24
ORD0024169,1,voucher,5,63.46
ORD0024170,1,credit_card,2,28.14
ORD0024171,1,debit_card,2,66.9
ORD0024172,1,credit_card,1,130.68
ORD0024173,1,boleto,5,160.2
ORD0024174,1,debit_card,3,517.92
ORD0024175,1,boleto,7,70.18
ORD0024176,1,boleto,6,215.79000000000002
ORD0024177,1,debit_card,1,38.82
ORD0024178,1,boleto,6,54.5
ORD0024179,1,voucher,12,85.31
ORD0024180,1,voucher,5,176.16
ORD0024181,1,boleto,1,1272.8799999999999
ORD0024182,1,credit_card,9,32.94
ORD0024183,1,debit_card,6,560.88
ORD0024184,1,voucher,9,105.12
ORD0024185,1,boleto,1,271.48
ORD0024186,1,credit_card,3,94.36000000000001
ORD0024187,1,debit_card,6,217.84
ORD0024188,1,boleto,2,33.96
ORD0024189,1,credit_card,11,98.27
ORD0024190,1,boleto,4,85.18
ORD0024191,1,credit_card,3,2816.8
ORD0024192,1,boleto,3,17.51
ORD0024193,1,credit_card,3,77.27
ORD0024194,1,boleto,2,19.09
ORD0024195,1,credit_card,3,93.7
ORD0024196,1,debit_card,4,405.12
ORD0024197,1,boleto,6,234.06
ORD0024198,1,voucher,6,29.86
ORD0024199,1,boleto,7,22.0
ORD0024200,1,voucher,12,915.29
ORD0024201,1,voucher,8,248.56
ORD0024202,1,boleto,7,140.92
ORD0024203,1,credit_card,2,182.8
ORD0024204,1,credit_card,11,185.04
ORD0024205,1,boleto,6,154.6
ORD0024206,1,credit_card,11,287.84
ORD0024207,1,debit_card,12,645.4
ORD0024208,1,voucher,3,223.64
ORD0024209,1,credit_card,6,628.6999999999999
ORD0024210,1,voucher,1,1243.97
ORD0024211,1,voucher,10,588.53
ORD0024212,1,debit_card,11,146.39999999999998
ORD0024213,1,voucher,4,23.25
ORD0024214,1,debit_card,1,286.58
ORD0024215,1,voucher,9,363.33
ORD0024216,1,boleto,9,77.1
ORD0024217,1,credit_card,4,760.11
ORD0024218,1,credit_card,7,43.29
ORD0024219,1,debit_card,5,242.76
ORD0024220,1,debit_card,6,320.96
ORD0024221,1,boleto,5,417.95000000000005
ORD0024222,1,voucher,3,203.45
ORD0024223,1,boleto,11,220.69
ORD0024224,1,credit_card,9,90.23
ORD0024225,1,credit_card,1,166.24
ORD0024226,1,debit_card,4,162.1
ORD0024227,1,debit_card,11,345.63
ORD0024228,1,credit_card,3,1741.51
ORD0024229,1,boleto,8,880.77
ORD0024230,1,debit_card,1,216.1
ORD0024231,1,boleto,11,507.75
ORD0024232,1,voucher,8,585.4000000000001
ORD0024233,1,voucher,8,305.58
ORD0024234,1,credit_card,5,77.25
ORD0024235,1,credit_card,10,56.34
ORD0024236,1,debit_card,8,53.52
ORD0024237,1,boleto,2,22.0
ORD0024238,1,credit_card,4,221.72
ORD0024239,1,credit_card,7,86.34
ORD0024240,1,voucher,10,494.54
ORD0024241,1,debit_card,5,512.91
ORD0024242,1,credit_card,8,811.4
ORD0024243,1,credit_card,8,458.75
ORD0024244,1,voucher,3,58.38
ORD0024245,1,boleto,9,282.31
ORD0024246,1,voucher,8,746.85
ORD0024247,1,debit_card,7,14.24
ORD0024248,1,boleto,5,66.53
ORD0024249,1,credit_card,5,30.04
ORD0024250,1,debit_card,7,20.76
ORD0024251,1,voucher,9,38.34
ORD0024252,1,debit_card,8,55.06
ORD0024253,1,credit_card,8,89.88
ORD0024254,1,debit_card,5,191.37
ORD0024255,1,boleto,12,31.2
ORD0024256,1,voucher,12,460.53
ORD0024257,1,voucher,4,428.22
ORD0024258,1,debit_card,6,2167.14
ORD0024259,1,debit_card,9,188.52
ORD0024260,1,voucher,6,409.23
ORD0024261,1,boleto,3,1915.6999999999998
ORD0024262,1,voucher,2,818.16
ORD0024263,1,credit_card,2,215.04
ORD0024264,1,debit_card,10,287.84
ORD0024265,1,boleto,5,258.14
ORD0024266,1,voucher,6,730.04
ORD0024267,1,credit_card,6,28.81
ORD0024268,1,boleto,4,360.03999999999996
ORD0024269,1,boleto,9,104.02
ORD0024270,1,voucher,2,324.82000000000005
ORD0024271,1,credit_card,1,82.86
ORD0024272,1,boleto,11,359.36999999999995
ORD0024273,1,boleto,5,223.93
ORD0024274,1,voucher,5,430.44
ORD0024275,1,boleto,6,525.3199999999999
ORD0024276,1,boleto,1,201.43
ORD0024277,1,boleto,2,87.14
ORD0024278,1,debit_card,12,73.25
ORD0024279,1,credit_card,1,34.77
ORD0024280,1,boleto,11,144.26
ORD0024281,1,voucher,10,160.42000000000002
ORD0024282,1,debit_card,5,1228.8899999999999
ORD0024283,1,debit_card,10,578.25
ORD0024284,1,debit_card,10,534.52
ORD0024285,1,debit_card,5,442.77000000000004
ORD0024286,1,debit_card,9,95.16
ORD0024287,1,voucher,3,203.86
ORD0024288,1,credit_card,5,1385.38
ORD0024289,1,credit_card,3,772.32
ORD0024290,1,debit_card,11,330.21999999999997
ORD0024291,1,credit_card,2,58.72
ORD0024292,1,voucher,7,106.28
ORD0024293,1,credit_card,11,669.24
ORD0024294,1,credit_card,3,439.54
ORD0024295,1,credit_card,6,138.44
ORD0024296,1,voucher,4,781.9200000000001
ORD0024297,1,credit_card,11,740.9200000000001
ORD0024298,1,debit_card,6,348.64
ORD0024299,1,credit_card,11,56.63
ORD0024300,1,credit_card,6,235.71
ORD0024301,1,debit_card,6,556.64
ORD0024302,1,voucher,7,342.58
ORD0024303,1,debit_card,8,262.26
ORD0024304,1,credit_card,5,405.7
ORD0024305,1,voucher,11,118.35
ORD0024306,1,boleto,8,309.14
ORD0024307,1,credit_card,5,166.34
ORD0024308,1,debit_card,6,134.06
ORD0024309,1,debit_card,8,150.14999999999998
ORD0024310,1,boleto,5,227.82
ORD0024311,1,credit_card,4,504.66999999999996
ORD0024312,1,debit_card,6,211.98
ORD0024313,1,boleto,12,114.08
ORD0024314,1,credit_card,9,1202.6
ORD0024315,1,voucher,7,144.93
ORD0024316,1,voucher,8,868.4200000000001
ORD0024317,1,boleto,10,31.08
ORD0024318,1,credit_card,12,61.85
ORD0024319,1,debit_card,7,259.16
ORD0024320,1,debit_card,6,91.93
ORD0024321,1,voucher,6,265.16999999999996
ORD0024322,1,debit_card,10,142.76
ORD0024323,1,debit_card,11,82.63
ORD0024324,1,debit_card,5,90.52
ORD0024325,1,voucher,12,236.07999999999998
ORD0024326,1,credit_card,10,611.58
ORD0024327,1,credit_card,6,43.52
ORD0024328,1,boleto,2,97.88
ORD0024329,1,credit_card,6,915.84
ORD0024330,1,boleto,12,129.18
ORD0024331,1,credit_card,2,316.83
ORD0024332,1,voucher,8,402.62
ORD0024333,1,debit_card,7,238.62
ORD0024334,1,credit_card,10,286.98
ORD0024335,1,debit_card,4,298.86
ORD0024336,1,voucher,7,94.72
ORD0024337,1,credit_card,3,145.56
ORD0024338,1,credit_card,7,466.67
ORD0024339,1,boleto,11,1049.9099999999999
ORD0024340,1,debit_card,2,56.29
ORD0024341,1,voucher,7,343.71
ORD0024342,1,voucher,7,336.38
ORD0024343,1,credit_card,2,380.28
ORD0024344,1,credit_card,4,201.12
ORD0024345,1,voucher,5,162.65
ORD0024346,1,voucher,2,162.64
ORD0024347,1,credit_card,1,333.05
ORD0024348,1,debit_card,10,79.01
ORD0024349,1,boleto,1,58.22
ORD0024350,1,voucher,12,127.6
ORD0024351,1,voucher,12,47.03
ORD0024352,1,debit_card,6,67.41
ORD0024353,1,credit_card,4,101.88
ORD0024354,1,debit_card,12,97.89
ORD0024355,1,voucher,9,465.06000000000006
ORD0024356,1,credit_card,12,246.52
ORD0024357,1,credit_card,9,44.69
ORD0024358,1,credit_card,3,1538.32
ORD0024359,1,debit_card,3,364.0
ORD0024360,1,debit_card,2,868.1
ORD0024361,1,credit_card,3,78.98
ORD0024362,1,boleto,10,932.79
ORD0024363,1,boleto,1,519.45
ORD0024364,1,debit_card,11,144.02
ORD0024365,1,debit_card,7,1732.5
ORD0024366,1,boleto,4,347.15000000000003
ORD0024367,1,debit_card,7,43.17
ORD0024368,1,credit_card,7,140.16
ORD0024369,1,boleto,7,238.20000000000002
ORD0024370,1,credit_card,11,15.84
ORD0024371,1,debit_card,12,446.49
ORD0024372,1,debit_card,6,73.26
ORD0024373,1,credit_card,3,435.21
ORD0024374,1,credit_card,3,214.62
ORD0024375,1,debit_card,2,1109.15
ORD0024376,1,credit_card,11,184.5
ORD0024377,1,credit_card,9,459.72
ORD0024378,1,voucher,7,1164.64
ORD0024379,1,voucher,12,555.94
ORD0024380,1,credit_card,2,409.09999999999997
ORD0024381,1,voucher,12,697.92
ORD0024382,1,boleto,10,153.19000000000003
ORD0024383,1,boleto,8,63.28
ORD0024384,1,credit_card,4,231.44
ORD0024385,1,boleto,3,62.73
ORD0024386,1,debit_card,9,419.65000000000003
ORD0024387,1,credit_card,10,96.74
ORD0024388,1,boleto,3,635.0899999999999
ORD0024389,1,voucher,2,579.38
ORD0024390,1,credit_card,2,288.68
ORD0024391,1,debit_card,6,331.76
ORD0024392,1,voucher,1,90.0
ORD0024393,1,voucher,7,571.68
ORD0024394,1,boleto,4,81.35
ORD0024395,1,credit_card,9,119.76
ORD0024396,1,boleto,2,512.12
ORD0024397,1,voucher,8,366.42
ORD0024398,1,voucher,2,596.28
ORD0024399,1,boleto,3,1752.0
ORD0024400,1,voucher,4,67.03
ORD0024401,1,boleto,9,59.05
ORD0024402,1,voucher,4,37.14
ORD0024403,1,boleto,3,715.71
ORD0024404,1,boleto,11,200.21
ORD0024405,1,credit_card,12,195.92
ORD0024406,1,credit_card,12,674.88
ORD0024407,1,voucher,5,634.71
ORD0024408,1,credit_card,6,542.31
ORD0024409,1,voucher,12,79.58
ORD0024410,1,debit_card,7,2802.54
ORD0024411,1,voucher,3,360.93
ORD0024412,1,credit_card,12,326.90999999999997
ORD0024413,1,voucher,12,239.1
ORD0024414,1,debit_card,10,47.32
ORD0024415,1,credit_card,8,117.14
ORD0024416,1,boleto,3,306.48
ORD0024417,1,boleto,7,190.28
ORD0024418,1,boleto,2,126.2
ORD0024419,1,boleto,12,726.5
ORD0024420,1,debit_card,10,70.74
ORD0024421,1,debit_card,4,260.07
ORD0024422,1,boleto,5,548.85
ORD0024423,1,voucher,8,328.31
ORD0024424,1,credit_card,9,351.38000000000005
ORD0024425,1,debit_card,9,57.26
ORD0024426,1,credit_card,12,129.44
ORD0024427,1,credit_card,2,1241.04
ORD0024428,1,boleto,2,1004.4
ORD0024429,1,debit_card,9,110.3
ORD0024430,1,voucher,12,310.78
ORD0024431,1,boleto,11,150.14
ORD0024432,1,credit_card,1,493.38
ORD0024433,1,debit_card,11,223.64
ORD0024434,1,credit_card,2,145.2
ORD0024435,1,credit_card,2,358.7
ORD0024436,1,voucher,5,383.14
ORD0024437,1,debit_card,6,726.26
ORD0024438,1,debit_card,1,161.48
ORD0024439,1,voucher,6,137.10000000000002
ORD0024440,1,voucher,7,25.04
ORD0024441,1,boleto,5,350.99
ORD0024442,1,debit_card,9,97.59
ORD0024443,1,debit_card,1,518.85
ORD0024444,1,credit_card,3,297.97
ORD0024445,1,voucher,4,467.54999999999995
ORD0024446,1,credit_card,6,219.23
ORD0024447,1,voucher,3,32.26
ORD0024448,1,boleto,9,86.15
ORD0024449,1,voucher,1,222.04
ORD0024450,1,debit_card,9,125.04
ORD0024451,1,debit_card,1,516.89
ORD0024452,1,debit_card,6,363.0
ORD0024453,1,credit_card,7,3166.32
ORD0024454,1,voucher,1,155.88
ORD0024455,1,credit_card,6,544.92
ORD0024456,1,boleto,10,241.27
ORD0024457,1,boleto,6,124.72
ORD0024458,1,debit_card,12,148.41
ORD0024459,1,debit_card,10,329.14
ORD0024460,1,credit_card,6,539.44
ORD0024461,1,debit_card,6,157.07999999999998
ORD0024462,1,debit_card,10,249.32000000000002
ORD0024463,1,debit_card,2,602.84
ORD0024464,1,voucher,9,1052.1499999999999
ORD0024465,1,boleto,2,367.66
ORD0024466,1,voucher,10,202.44
ORD0024467,1,voucher,2,444.72
ORD0024468,1,voucher,11,148.55
ORD0024469,1,credit_card,7,47.67
ORD0024470,1,boleto,11,443.65
ORD0024471,1,voucher,3,243.2
ORD0024472,1,debit_card,10,108.22
ORD0024473,1,credit_card,12,140.15
ORD0024474,1,credit_card,6,796.4
ORD0024475,1,boleto,2,130.56
ORD0024476,1,credit_card,12,197.94
ORD0024477,1,credit_card,8,298.88
ORD0024478,1,debit_card,9,297.72
ORD0024479,1,debit_card,5,144.95
ORD0024480,1,boleto,10,89.83
ORD0024481,1,voucher,6,211.02
ORD0024482,1,credit_card,10,29.64
ORD0024483,1,debit_card,9,927.0799999999999
ORD0024484,1,voucher,7,272.1
ORD0024485,1,voucher,11,15.34
ORD0024486,1,debit_card,10,570.29
ORD0024487,1,voucher,1,659.38
ORD0024488,1,credit_card,4,1199.7
ORD0024489,1,debit_card,11,73.26
ORD0024490,1,credit_card,6,387.73
ORD0024491,1,debit_card,1,608.79
ORD0024492,1,voucher,4,1134.38
ORD0024493,1,voucher,5,264.76
ORD0024494,1,debit_card,12,80.13
ORD0024495,1,voucher,11,177.71
ORD0024496,1,voucher,9,175.47
ORD0024497,1,boleto,4,390.49
ORD0024498,1,voucher,8,15.59
ORD0024499,1,voucher,1,350.9
ORD0024500,1,voucher,11,72.75
ORD0024501,1,voucher,5,72.4
ORD0024502,1,voucher,5,1687.3
ORD0024503,1,credit_card,8,130.66
ORD0024504,1,credit_card,2,690.63
ORD0024505,1,debit_card,12,248.15
ORD0024506,1,credit_card,9,1067.7
ORD0024507,1,boleto,7,113.57
ORD0024508,1,boleto,3,624.96
ORD0024509,1,credit_card,9,434.24
ORD0024510,1,voucher,6,657.23
ORD0024511,1,voucher,12,257.13
ORD0024512,1,boleto,1,1214.4
ORD0024513,1,boleto,1,322.6
ORD0024514,1,credit_card,12,292.40999999999997
ORD0024515,1,credit_card,2,173.04
ORD0024516,1,voucher,11,560.6
ORD0024517,1,credit_card,8,58.54
ORD0024518,1,voucher,2,503.38
ORD0024519,1,boleto,2,39.06
ORD0024520,1,boleto,9,580.8199999999999
ORD0024521,1,debit_card,7,159.69
ORD0024522,1,voucher,1,911.11
ORD0024523,1,debit_card,1,503.02
ORD0024524,1,credit_card,12,320.88
ORD0024525,1,voucher,4,387.96
ORD0024526,1,credit_card,2,20.72
ORD0024527,1,debit_card,9,108.8
ORD0024528,1,credit_card,3,273.7
ORD0024529,1,credit_card,9,88.7
ORD0024530,1,debit_card,11,80.85
ORD0024531,1,credit_card,9,248.54000000000002
ORD0024532,1,boleto,2,143.14
ORD0024533,1,voucher,10,142.62
ORD0024534,1,voucher,4,106.0
ORD0024535,1,credit_card,2,94.18
ORD0024536,1,debit_card,4,645.66
ORD0024537,1,debit_card,10,60.06
ORD0024538,1,voucher,4,1697.24
ORD0024539,1,debit_card,1,227.44
ORD0024540,1,debit_card,6,35.1
ORD0024541,1,voucher,8,666.9200000000001
ORD0024542,1,voucher,1,171.16
ORD0024543,1,debit_card,7,569.7
ORD0024544,1,voucher,6,41.67
ORD0024545,1,voucher,12,85.18
ORD0024546,1,credit_card,3,612.69
ORD0024547,1,credit_card,10,26.76
ORD0024548,1,boleto,5,243.66
ORD0024549,1,credit_card,9,35.45
ORD0024550,1,boleto,1,736.64
ORD0024551,1,debit_card,2,38.05
ORD0024552,1,debit_card,1,140.68
ORD0024553,1,voucher,11,141.7
ORD0024554,1,voucher,6,102.36
ORD0024555,1,credit_card,11,220.32
ORD0024556,1,debit_card,7,182.37
ORD0024557,1,voucher,9,110.89
ORD0024558,1,boleto,12,571.62
ORD0024559,1,credit_card,1,284.9
ORD0024560,1,boleto,4,30.49
ORD0024561,1,debit_card,4,44.69
ORD0024562,1,voucher,9,46.81
ORD0024563,1,credit_card,9,554.0
ORD0024564,1,debit_card,11,826.28
ORD0024565,1,boleto,10,234.48
ORD0024566,1,voucher,2,292.49
ORD0024567,1,credit_card,6,815.9100000000001
ORD0024568,1,boleto,8,51.55
ORD0024569,1,debit_card,11,332.13
ORD0024570,1,credit_card,12,364.05999999999995
ORD0024571,1,debit_card,5,570.1800000000001
ORD0024572,1,credit_card,1,200.21
ORD0024573,1,boleto,2,832.3799999999999
ORD0024574,1,credit_card,2,525.3
ORD0024575,1,voucher,7,366.6
ORD0024576,1,credit_card,7,151.05
ORD0024577,1,debit_card,11,316.24
ORD0024578,1,credit_card,11,367.89
ORD0024579,1,boleto,8,2968.32
ORD0024580,1,voucher,1,40.68
ORD0024581,1,boleto,8,169.02
ORD0024582,1,debit_card,9,105.24
ORD0024583,1,boleto,6,152.22
ORD0024584,1,boleto,6,218.96
ORD0024585,1,voucher,11,47.5
ORD0024586,1,boleto,2,375.24
ORD0024587,1,credit_card,12,234.88
ORD0024588,1,voucher,2,290.64
ORD0024589,1,debit_card,7,662.79
ORD0024590,1,credit_card,8,338.01
ORD0024591,1,credit_card,3,62.06
ORD0024592,1,voucher,9,1475.72
ORD0024593,1,boleto,6,16.82
ORD0024594,1,boleto,10,1663.3400000000001
ORD0024595,1,credit_card,5,92.15
ORD0024596,1,debit_card,5,537.24
ORD0024597,1,boleto,1,573.68
ORD0024598,1,boleto,10,469.97
ORD0024599,1,boleto,9,436.03999999999996
ORD0024600,1,credit_card,1,404.93999999999994
ORD0024601,1,debit_card,9,192.62
ORD0024602,1,boleto,12,448.84999999999997
ORD0024603,1,credit_card,3,22.19
ORD0024604,1,credit_card,3,256.17
ORD0024605,1,credit_card,12,422.86
ORD0024606,1,voucher,11,123.65
ORD0024607,1,credit_card,8,235.89000000000001
ORD0024608,1,voucher,10,986.4300000000001
ORD0024609,1,voucher,1,182.26
ORD0024610,1,voucher,6,622.75
ORD0024611,1,voucher,11,398.13
ORD0024612,1,debit_card,8,614.51
ORD0024613,1,boleto,6,186.74
ORD0024614,1,debit_card,10,240.25
ORD0024615,1,voucher,7,148.86
ORD0024616,1,voucher,6,506.2
ORD0024617,1,boleto,1,627.59
ORD0024618,1,debit_card,2,128.46
ORD0024619,1,credit_card,8,432.0
ORD0024620,1,voucher,10,251.21
ORD0024621,1,debit_card,11,232.1
ORD0024622,1,boleto,1,69.48
ORD0024623,1,boleto,8,42.63
ORD0024624,1,voucher,5,201.04
ORD0024625,1,voucher,10,536.35
ORD0024626,1,debit_card,3,223.1
ORD0024627,1,boleto,3,369.4
ORD0024628,1,voucher,1,1489.8500000000001
ORD0024629,1,credit_card,3,155.12
ORD0024630,1,voucher,1,243.69
ORD0024631,1,voucher,8,290.78
ORD0024632,1,debit_card,3,291.61
ORD0024633,1,boleto,9,136.06
ORD0024634,1,debit_card,8,1058.68
ORD0024635,1,debit_card,1,340.53000000000003
ORD0024636,1,voucher,4,28.72
ORD0024637,1,debit_card,2,219.26
ORD0024638,1,voucher,3,94.94
ORD0024639,1,boleto,12,198.98000000000002
ORD0024640,1,credit_card,9,250.08
ORD0024641,1,debit_card,4,406.9
ORD0024642,1,debit_card,1,105.99
ORD0024643,1,debit_card,7,66.61
ORD0024644,1,credit_card,4,304.16
ORD0024645,1,credit_card,3,35.09
ORD0024646,1,boleto,6,664.81
ORD0024647,1,debit_card,3,48.51
ORD0024648,1,credit_card,5,279.75
ORD0024649,1,boleto,12,112.32
ORD0024650,1,debit_card,8,47.46
ORD0024651,1,voucher,10,22.25
ORD0024652,1,credit_card,8,222.04
ORD0024653,1,voucher,4,55.04
ORD0024654,1,credit_card,4,485.04
ORD0024655,1,voucher,5,674.79
ORD0024656,1,boleto,5,65.19
ORD0024657,1,credit_card,10,146.52
ORD0024658,1,credit_card,6,253.35000000000002
ORD0024659,1,boleto,1,390.88
ORD0024660,1,credit_card,1,399.72
ORD0024661,1,debit_card,5,67.03
ORD0024662,1,voucher,7,246.64
ORD0024663,1,debit_card,5,94.92
ORD0024664,1,credit_card,2,160.4
ORD0024665,1,debit_card,1,390.18
ORD0024666,1,boleto,12,127.5
ORD0024667,1,credit_card,12,74.2
ORD0024668,1,boleto,2,247.52
ORD0024669,1,debit_card,7,82.17
ORD0024670,1,boleto,10,117.29
ORD0024671,1,boleto,10,48.12
ORD0024672,1,voucher,5,307.76
ORD0024673,1,voucher,9,941.4200000000001
ORD0024674,1,credit_card,4,48.95
ORD0024675,1,voucher,2,97.11
ORD0024676,1,debit_card,6,544.35
ORD0024677,1,debit_card,11,100.55
ORD0024678,1,credit_card,1,520.42
ORD0024679,1,debit_card,3,216.08
ORD0024680,1,credit_card,8,413.42
ORD0024681,1,debit_card,8,421.75
ORD0024682,1,credit_card,12,440.46
ORD0024683,1,voucher,4,33.71
ORD0024684,1,debit_card,2,135.0
ORD0024685,1,boleto,10,413.55
ORD0024686,1,voucher,12,2019.47
ORD0024687,1,boleto,9,396.08000000000004
ORD0024688,1,credit_card,12,72.38
ORD0024689,1,boleto,5,45.18
ORD0024690,1,voucher,1,400.21
ORD0024691,1,debit_card,8,133.25
ORD0024692,1,credit_card,5,1571.0200000000002
ORD0024693,1,debit_card,7,35.11
ORD0024694,1,voucher,9,301.5
ORD0024695,1,credit_card,10,265.03
ORD0024696,1,boleto,1,309.98
ORD0024697,1,voucher,8,284.37
ORD0024698,1,voucher,3,157.96
ORD0024699,1,boleto,11,88.85
ORD0024700,1,boleto,9,826.41
ORD0024701,1,boleto,4,147.68
ORD0024702,1,voucher,1,232.2
ORD0024703,1,credit_card,7,504.96
ORD0024704,1,voucher,10,272.44
ORD0024705,1,voucher,1,38.05
ORD0024706,1,boleto,10,46.73
ORD0024707,1,debit_card,9,492.31
ORD0024708,1,boleto,9,310.86
ORD0024709,1,debit_card,10,373.29999999999995
ORD0024710,1,boleto,8,78.66
ORD0024711,1,boleto,5,20.18
ORD0024712,1,debit_card,3,55.28
ORD0024713,1,boleto,6,200.82999999999998
ORD0024714,1,debit_card,7,543.54
ORD0024715,1,credit_card,10,673.1700000000001
ORD0024716,1,voucher,5,133.85
ORD0024717,1,voucher,3,576.68
ORD0024718,1,boleto,12,51.55
ORD0024719,1,debit_card,4,181.95
ORD0024720,1,debit_card,12,109.26
ORD0024721,1,boleto,9,405.56
ORD0024722,1,voucher,6,262.79999999999995
ORD0024723,1,voucher,1,287.6
ORD0024724,1,boleto,11,886.3
ORD0024725,1,boleto,8,103.52
ORD0024726,1,voucher,4,286.28
ORD0024727,1,credit_card,8,176.76
ORD0024728,1,debit_card,12,445.65000000000003
ORD0024729,1,debit_card,4,185.28
ORD0024730,1,debit_card,8,210.41000000000003
ORD0024731,1,voucher,3,146.44
ORD0024732,1,boleto,4,66.9
ORD0024733,1,debit_card,11,155.12
ORD0024734,1,voucher,12,109.16
ORD0024735,1,voucher,4,99.98
ORD0024736,1,voucher,1,54.21
ORD0024737,1,boleto,10,1079.5
ORD0024738,1,debit_card,11,216.66
ORD0024739,1,voucher,10,83.81
ORD0024740,1,voucher,1,115.55
ORD0024741,1,debit_card,12,903.1
ORD0024742,1,credit_card,11,157.04
ORD0024743,1,boleto,11,423.91
ORD0024744,1,boleto,8,72.77
ORD0024745,1,credit_card,12,341.34
ORD0024746,1,voucher,9,115.29
ORD0024747,1,boleto,2,662.0699999999999
ORD0024748,1,boleto,5,36.65
ORD0024749,1,boleto,9,129.29
ORD0024750,1,credit_card,7,151.24
ORD0024751,1,credit_card,2,227.63
ORD0024752,1,credit_card,6,547.6800000000001
ORD0024753,1,boleto,10,160.8
ORD0024754,1,boleto,6,272.44
ORD0024755,1,boleto,11,84.2
ORD0024756,1,boleto,12,1007.92
ORD0024757,1,voucher,9,722.6800000000001
ORD0024758,1,boleto,6,62.92
ORD0024759,1,debit_card,10,278.6
ORD0024760,1,debit_card,5,497.01
ORD0024761,1,debit_card,7,113.35000000000001
ORD0024762,1,credit_card,11,387.66
ORD0024763,1,boleto,12,231.48
ORD0024764,1,voucher,9,29.86
ORD0024765,1,voucher,3,107.08
ORD0024766,1,debit_card,8,195.95
ORD0024767,1,boleto,10,92.43
ORD0024768,1,credit_card,6,194.21
ORD0024769,1,voucher,8,1022.84
ORD0024770,1,debit_card,7,119.44
ORD0024771,1,boleto,4,97.34
ORD0024772,1,boleto,11,417.18
ORD0024773,1,voucher,10,516.92
ORD0024774,1,boleto,10,215.41
ORD0024775,1,debit_card,3,375.16
ORD0024776,1,boleto,4,310.76
ORD0024777,1,voucher,2,213.76999999999998
ORD0024778,1,debit_card,4,202.53000000000003
ORD0024779,1,credit_card,1,76.64
ORD0024780,1,boleto,6,259.16
ORD0024781,1,credit_card,4,28.14
ORD0024782,1,boleto,3,867.6100000000001
ORD0024783,1,credit_card,7,419.7
ORD0024784,1,boleto,10,795.51
ORD0024785,1,credit_card,12,111.57
ORD0024786,1,credit_card,1,193.76
ORD0024787,1,debit_card,3,91.4
ORD0024788,1,boleto,1,528.47
ORD0024789,1,credit_card,8,1462.3400000000001
ORD0024790,1,voucher,1,111.60000000000001
ORD0024791,1,credit_card,3,948.11
ORD0024792,1,voucher,7,863.08
ORD0024793,1,credit_card,2,77.97
ORD0024794,1,boleto,11,191.11
ORD0024795,1,voucher,7,216.06
ORD0024796,1,boleto,9,35.47
ORD0024797,1,boleto,6,243.63
ORD0024798,1,debit_card,4,2285.3
ORD0024799,1,debit_card,5,161.04000000000002
ORD0024800,1,credit_card,2,77.38
ORD0024801,1,debit_card,3,244.76999999999998
ORD0024802,1,credit_card,4,136.44
ORD0024803,1,debit_card,4,306.16999999999996
ORD0024804,1,credit_card,8,45.63
ORD0024805,1,boleto,12,50.36
ORD0024806,1,voucher,2,521.9
ORD0024807,1,credit_card,2,73.7
ORD0024808,1,voucher,11,835.39
ORD0024809,1,voucher,3,29.29
ORD0024810,1,credit_card,7,633.8
ORD0024811,1,voucher,9,32.14
ORD0024812,1,boleto,5,323.04
ORD0024813,1,boleto,3,684.6899999999999
ORD0024814,1,credit_card,9,256.73
ORD0024815,1,boleto,9,70.9
ORD0024816,1,credit_card,11,306.12
ORD0024817,1,boleto,2,1713.2
ORD0024818,1,boleto,4,464.23
ORD0024819,1,credit_card,11,34.95
ORD0024820,1,boleto,10,227.92
ORD0024821,1,debit_card,12,225.29999999999998
ORD0024822,1,debit_card,5,79.61
ORD0024823,1,boleto,5,365.21000000000004
ORD0024824,1,voucher,9,110.38
ORD0024825,1,credit_card,5,377.45
ORD0024826,1,voucher,9,59.25
ORD0024827,1,credit_card,8,253.51
ORD0024828,1,boleto,2,484.56000000000006
ORD0024829,1,debit_card,1,85.62
ORD0024830,1,debit_card,6,14.14
ORD0024831,1,credit_card,11,103.5
ORD0024832,1,credit_card,2,44.28
ORD0024833,1,debit_card,5,45.27
ORD0024834,1,boleto,5,527.58
ORD0024835,1,voucher,4,786.55
ORD0024836,1,credit_card,7,560.4
ORD0024837,1,credit_card,8,1217.79
ORD0024838,1,voucher,9,425.74
ORD0024839,1,debit_card,3,167.72
ORD0024840,1,boleto,1,25.24
ORD0024841,1,debit_card,7,488.40999999999997
ORD0024842,1,boleto,1,328.0
ORD0024843,1,boleto,1,137.12
ORD0024844,1,boleto,1,661.9100000000001
ORD0024845,1,debit_card,11,319.05
ORD0024846,1,credit_card,11,102.47999999999999
ORD0024847,1,credit_card,9,852.02
ORD0024848,1,voucher,1,133.36
ORD0024849,1,debit_card,10,315.12
ORD0024850,1,credit_card,4,326.33
ORD0024851,1,voucher,7,111.42
ORD0024852,1,voucher,1,387.15
ORD0024853,1,voucher,9,308.76
ORD0024854,1,credit_card,6,592.0
ORD0024855,1,voucher,8,194.35
ORD0024856,1,credit_card,4,256.06
ORD0024857,1,debit_card,5,70.86
ORD0024858,1,boleto,12,116.64
ORD0024859,1,debit_card,11,37.88
ORD0024860,1,boleto,2,164.76
ORD0024861,1,voucher,11,245.61
ORD0024862,1,voucher,2,267.5
ORD0024863,1,credit_card,12,69.48
ORD0024864,1,debit_card,6,340.33000000000004
ORD0024865,1,debit_card,10,259.42
ORD0024866,1,credit_card,5,431.49
ORD0024867,1,debit_card,5,715.49
ORD0024868,1,voucher,5,1307.01
ORD0024869,1,boleto,5,30.49
ORD0024870,1,debit_card,7,189.28
ORD0024871,1,debit_card,5,367.68
ORD0024872,1,voucher,3,218.89
ORD0024873,1,boleto,10,142.03
ORD0024874,1,credit_card,7,363.91999999999996
ORD0024875,1,boleto,2,368.1
ORD0024876,1,boleto,2,1646.4
ORD0024877,1,boleto,6,251.55
ORD0024878,1,boleto,6,233.19
ORD0024879,1,debit_card,8,194.99
ORD0024880,1,debit_card,2,88.64
ORD0024881,1,credit_card,5,32.78
ORD0024882,1,debit_card,1,95.93
ORD0024883,1,boleto,8,185.06
ORD0024884,1,debit_card,2,1420.47
ORD0024885,1,voucher,8,77.1
ORD0024886,1,boleto,2,159.28
ORD0024887,1,credit_card,2,85.27
ORD0024888,1,boleto,6,238.68
ORD0024889,1,credit_card,10,315.12
ORD0024890,1,boleto,1,145.56
ORD0024891,1,credit_card,7,142.48
ORD0024892,1,credit_card,3,645.53
ORD0024893,1,debit_card,6,599.52
ORD0024894,1,boleto,5,26.22
ORD0024895,1,debit_card,5,246.68
ORD0024896,1,boleto,8,184.93
ORD0024897,1,credit_card,2,227.43
ORD0024898,1,boleto,7,26.45
ORD0024899,1,voucher,3,247.12
ORD0024900,1,voucher,8,973.3499999999999
ORD0024901,1,credit_card,5,22.25
ORD0024902,1,boleto,2,358.42
ORD0024903,1,voucher,5,151.59
ORD0024904,1,credit_card,11,545.0
ORD0024905,1,boleto,10,173.92
ORD0024906,1,credit_card,9,417.26
ORD0024907,1,voucher,12,654.9000000000001
ORD0024908,1,debit_card,11,201.8
ORD0024909,1,credit_card,2,941.8299999999999
ORD0024910,1,voucher,4,57.56
ORD0024911,1,boleto,7,45.21
ORD0024912,1,boleto,3,101.18
ORD0024913,1,credit_card,6,932.6999999999999
ORD0024914,1,debit_card,7,633.05
ORD0024915,1,credit_card,6,449.05
ORD0024916,1,debit_card,8,75.73
ORD0024917,1,voucher,5,359.6
ORD0024918,1,boleto,2,54.11
ORD0024919,1,debit_card,12,364.56
ORD0024920,1,voucher,7,65.97
ORD0024921,1,boleto,4,125.28
ORD0024922,1,credit_card,6,67.59
ORD0024923,1,debit_card,11,584.05
ORD0024924,1,debit_card,9,132.74
ORD0024925,1,credit_card,10,972.8
ORD0024926,1,credit_card,9,460.4
ORD0024927,1,debit_card,4,172.73000000000002
ORD0024928,1,credit_card,1,197.36
ORD0024929,1,credit_card,9,88.73
ORD0024930,1,debit_card,8,278.82
ORD0024931,1,credit_card,8,29.54
ORD0024932,1,debit_card,5,58.05
ORD0024933,1,boleto,4,139.98
ORD0024934,1,voucher,1,436.94
ORD0024935,1,credit_card,8,298.96
ORD0024936,1,credit_card,6,216.1
ORD0024937,1,debit_card,12,380.46
ORD0024938,1,credit_card,10,20.72
ORD0024939,1,debit_card,10,344.52
ORD0024940,1,credit_card,6,339.05
ORD0024941,1,credit_card,12,136.41
ORD0024942,1,credit_card,6,507.02
ORD0024943,1,boleto,8,95.14
ORD0024944,1,credit_card,5,355.77
ORD0024945,1,credit_card,4,146.52
ORD0024946,1,debit_card,9,1566.9099999999999
ORD0024947,1,voucher,2,473.25
ORD0024948,1,credit_card,5,1937.6
ORD0024949,1,voucher,2,551.26
ORD0024950,1,debit_card,8,71.34
ORD0024951,1,boleto,4,212.3
ORD0024952,1,debit_card,10,502.46000000000004
ORD0024953,1,boleto,10,98.02
ORD0024954,1,credit_card,12,20.76
ORD0024955,1,debit_card,3,176.16
ORD0024956,1,voucher,1,264.54
ORD0024957,1,credit_card,5,286.46999999999997
ORD0024958,1,debit_card,6,117.14
ORD0024959,1,credit_card,7,73.34
ORD0024960,1,voucher,5,35.11
ORD0024961,1,voucher,9,173.15
ORD0024962,1,boleto,5,115.22
ORD0024963,1,credit_card,4,1074.82
ORD0024964,1,debit_card,6,376.32
ORD0024965,1,voucher,2,189.43
ORD0024966,1,boleto,8,71.32
ORD0024967,1,voucher,11,684.8
ORD0024968,1,boleto,9,62.08
ORD0024969,1,boleto,12,643.14
ORD0024970,1,credit_card,5,39.92
ORD0024971,1,boleto,10,1016.49
ORD0024972,1,debit_card,2,607.3
ORD0024973,1,debit_card,6,97.11
ORD0024974,1,debit_card,5,682.5
ORD0024975,1,boleto,2,98.31
ORD0024976,1,credit_card,4,71.38
ORD0024977,1,boleto,2,62.18
ORD0024978,1,boleto,2,224.71
ORD0024979,1,boleto,5,357.87
ORD0024980,1,voucher,6,59.84
ORD0024981,1,credit_card,6,1021.75
ORD0024982,1,credit_card,12,101.06
ORD0024983,1,voucher,12,651.3800000000001
ORD0024984,1,voucher,5,551.34
ORD0024985,1,credit_card,6,92.31
ORD0024986,1,credit_card,6,60.24
ORD0024987,1,debit_card,1,229.88
ORD0024988,1,boleto,3,179.60000000000002
ORD0024989,1,debit_card,3,366.8
ORD0024990,1,debit_card,7,299.66
ORD0024991,1,boleto,1,434.34000000000003
ORD0024992,1,voucher,12,184.48
ORD0024993,1,credit_card,10,17.16
ORD0024994,1,voucher,5,210.2
ORD0024995,1,boleto,3,296.32
ORD0024996,1,credit_card,11,898.44
ORD0024997,1,credit_card,3,199.76
ORD0024998,1,credit_card,3,207.48
ORD0024999,1,credit_card,6,1426.25
ORD0025000,1,boleto,12,60.06
