return_id,order_id,order_item_id,product_id,seller_id,customer_id,return_date,return_quantity,return_reason,refund_amount
RET000001,ORD0021762,1,PROD01068,SELL00142,CUST007822,2018-05-12 01:05:39,1,customer_changed_mind,84.0
RET000002,ORD0000169,1,PROD00929,SELL00068,CUST009555,2018-05-29 13:29:39,1,customer_changed_mind,170.6
RET000003,ORD0002399,2,PROD00093,SELL00167,CUST003608,2018-01-23 21:59:34,1,customer_changed_mind,132.71
RET000004,ORD0018481,1,PROD01249,SELL00249,CUST001399,2018-07-09 13:12:09,2,customer_changed_mind,312.74
RET000005,ORD0006482,1,PROD00545,SELL00042,CUST002106,2017-09-25 07:26:21,1,customer_changed_mind,63.46
RET000006,ORD0022862,1,PROD00404,SELL00085,CUST009558,2018-06-25 15:01:23,2,customer_changed_mind,70.68
RET000007,ORD0020118,1,PROD00944,SELL00377,CUST007283,2017-11-13 19:58:10,1,customer_changed_mind,29.29
RET000008,ORD0015092,1,PROD00648,SELL00187,CUST007560,2018-05-11 12:18:25,3,customer_changed_mind,303.39
RET000009,ORD0000356,1,PROD01178,SELL00003,CUST004531,2017-09-01 13:41:37,1,customer_changed_mind,61.09
RET000010,ORD0012207,1,PROD01780,SELL00307,CUST003994,2018-07-18 01:28:38,1,customer_changed_mind,24.09
RET000011,ORD0022303,1,PROD01961,SELL00127,CUST006934,2018-06-10 06:18:06,3,customer_changed_mind,174.18
RET000012,ORD0023393,1,PROD00883,SELL00397,CUST004687,2017-08-13 09:02:05,1,customer_changed_mind,15.08
RET000013,ORD0000582,1,PROD00921,SELL00300,CUST002722,2017-06-14 06:47:41,1,customer_changed_mind,36.68
RET000014,ORD0011873,2,PROD01945,SELL00087,CUST000167,2017-01-22 09:46:20,1,customer_changed_mind,200.21
RET000015,ORD0002567,1,PROD00912,SELL00141,CUST001484,2018-09-15 02:59:53,1,customer_changed_mind,116.87
RET000016,ORD0012465,1,PROD01951,SELL00059,CUST002765,2018-03-17 12:07:17,2,customer_changed_mind,527.58
RET000017,ORD0000660,1,PROD01077,SELL00169,CUST002338,2018-04-04 21:34:44,2,customer_changed_mind,86.32
RET000018,ORD0024485,1,PROD00675,SELL00115,CUST007190,2017-06-22 14:31:29,1,customer_changed_mind,15.34
RET000019,ORD0001514,2,PROD01084,SELL00322,CUST009900,2017-11-12 15:07:15,1,customer_changed_mind,17.96
RET000020,ORD0023611,3,PROD01645,SELL00362,CUST004332,2018-09-20 06:51:45,1,customer_changed_mind,258.32
RET000021,ORD0019525,1,PROD01006,SELL00309,CUST001592,2017-10-14 03:58:29,1,customer_changed_mind,52.71
RET000022,ORD0017578,1,PROD01505,SELL00153,CUST007980,2018-06-21 20:57:57,1,customer_changed_mind,147.74
RET000023,ORD0008462,1,PROD00477,SELL00327,CUST000811,2017-12-13 05:20:41,1,customer_changed_mind,153.71
RET000024,ORD0005142,1,PROD01031,SELL00338,CUST001542,2017-11-12 02:48:32,1,customer_changed_mind,204.72
RET000025,ORD0008095,1,PROD01689,SELL00229,CUST007703,2017-03-19 23:58:14,3,customer_changed_mind,939.3
RET000026,ORD0000908,1,PROD01547,SELL00270,CUST003533,2018-08-04 10:41:18,1,customer_changed_mind,165.58
RET000027,ORD0020703,1,PROD00676,SELL00182,CUST002760,2017-08-14 23:08:32,1,customer_changed_mind,119.55
RET000028,ORD0007670,3,PROD01690,SELL00017,CUST009710,2017-10-18 23:41:42,3,customer_changed_mind,496.41
RET000029,ORD0021181,1,PROD01745,SELL00235,CUST007871,2017-08-26 12:04:58,1,customer_changed_mind,117.03
RET000030,ORD0013827,1,PROD00151,SELL00370,CUST002963,2017-02-13 17:04:47,1,customer_changed_mind,121.88
RET000031,ORD0014168,1,PROD00345,SELL00356,CUST007889,2017-02-07 23:04:37,1,customer_changed_mind,149.83
RET000032,ORD0021595,2,PROD01492,SELL00327,CUST005720,2018-09-23 22:38:14,3,customer_changed_mind,212.76
RET000033,ORD0022234,3,PROD00938,SELL00158,CUST007535,2018-02-13 13:01:48,1,customer_changed_mind,238.69
RET000034,ORD0015847,1,PROD01502,SELL00319,CUST002490,2017-06-23 07:05:09,1,customer_changed_mind,39.9
RET000035,ORD0009848,2,PROD00815,SELL00359,CUST003993,2017-01-18 19:05:43,1,customer_changed_mind,55.43
RET000036,ORD0003430,1,PROD01579,SELL00115,CUST005747,2018-01-31 17:07:11,1,customer_changed_mind,115.29
RET000037,ORD0003808,1,PROD01081,SELL00370,CUST008009,2017-08-07 18:23:56,2,customer_changed_mind,152.08
RET000038,ORD0016341,1,PROD00850,SELL00005,CUST003287,2017-11-30 12:37:35,1,customer_changed_mind,156.35
RET000039,ORD0001962,2,PROD00347,SELL00128,CUST008181,2017-11-19 17:20:45,2,customer_changed_mind,394.84
RET000040,ORD0008819,1,PROD01347,SELL00281,CUST007422,2017-12-01 12:41:23,1,customer_changed_mind,35.92
RET000041,ORD0018933,1,PROD01183,SELL00384,CUST003889,2018-07-14 20:32:43,1,customer_changed_mind,200.84
RET000042,ORD0023577,1,PROD00031,SELL00238,CUST008432,2017-01-22 00:09:27,1,customer_changed_mind,328.35
RET000043,ORD0009925,1,PROD00846,SELL00259,CUST007164,2018-02-18 12:51:09,2,customer_changed_mind,29.86
RET000044,ORD0024042,1,PROD01844,SELL00294,CUST008091,2018-04-12 00:44:54,1,customer_changed_mind,122.62
RET000045,ORD0006454,1,PROD00041,SELL00237,CUST000898,2018-04-27 07:24:04,1,customer_changed_mind,110.22
RET000046,ORD0007575,1,PROD00971,SELL00100,CUST005096,2018-06-22 02:05:35,1,customer_changed_mind,205.08
RET000047,ORD0019808,2,PROD00672,SELL00183,CUST001021,2017-08-21 01:35:03,1,customer_changed_mind,35.97
RET000048,ORD0011586,1,PROD00879,SELL00008,CUST007651,2018-04-15 19:04:51,1,customer_changed_mind,15.55
RET000049,ORD0022481,1,PROD00732,SELL00193,CUST003398,2017-09-30 06:59:18,1,customer_changed_mind,135.26
RET000050,ORD0006152,2,PROD00941,SELL00115,CUST008927,2017-03-29 08:25:03,1,customer_changed_mind,36.3
RET000051,ORD0004736,1,PROD00044,SELL00264,CUST004935,2017-09-28 23:05:25,1,customer_changed_mind,19.82
RET000052,ORD0007693,1,PROD00482,SELL00378,CUST009159,2018-03-21 16:07:19,2,customer_changed_mind,66.04
RET000053,ORD0003665,1,PROD01185,SELL00288,CUST004410,2017-03-24 08:49:05,1,customer_changed_mind,118.25
RET000054,ORD0001894,1,PROD01800,SELL00280,CUST009874,2017-02-06 15:37:42,4,customer_changed_mind,1054.8
RET000055,ORD0023034,1,PROD00048,SELL00035,CUST006385,2018-04-12 06:39:02,2,customer_changed_mind,247.3
RET000056,ORD0020847,1,PROD00962,SELL00392,CUST006128,2017-04-01 22:26:54,1,customer_changed_mind,43.96
RET000057,ORD0004199,1,PROD00435,SELL00126,CUST006237,2017-09-23 08:03:39,1,customer_changed_mind,60.92
RET000058,ORD0011223,1,PROD00224,SELL00099,CUST004191,2017-06-09 19:24:50,1,customer_changed_mind,224.61
RET000059,ORD0005570,1,PROD01877,SELL00311,CUST002661,2017-12-30 06:52:55,1,customer_changed_mind,216.96
RET000060,ORD0008298,3,PROD00015,SELL00350,CUST002540,2018-04-16 18:03:23,1,customer_changed_mind,58.36
RET000061,ORD0003178,1,PROD00338,SELL00060,CUST008172,2017-09-09 18:52:47,1,customer_changed_mind,48.67
RET000062,ORD0016042,1,PROD01199,SELL00330,CUST007478,2018-09-06 16:43:59,1,customer_changed_mind,66.63
RET000063,ORD0023885,1,PROD01353,SELL00114,CUST007444,2017-04-13 09:27:17,1,customer_changed_mind,62.43
RET000064,ORD0002094,1,PROD00403,SELL00029,CUST005674,2018-09-10 07:52:40,1,customer_changed_mind,32.1
RET000065,ORD0022791,1,PROD01773,SELL00209,CUST005420,2018-06-13 05:36:23,1,customer_changed_mind,104.28
RET000066,ORD0008900,1,PROD00809,SELL00129,CUST000096,2017-01-24 08:47:13,4,customer_changed_mind,183.08
RET000067,ORD0010740,1,PROD01155,SELL00244,CUST003331,2018-05-06 10:52:22,2,customer_changed_mind,659.16
RET000068,ORD0001012,1,PROD01918,SELL00266,CUST006090,2018-10-03 02:20:18,1,customer_changed_mind,138.68
RET000069,ORD0002151,1,PROD00039,SELL00143,CUST006029,2018-10-02 17:21:21,1,customer_changed_mind,49.6
RET000070,ORD0000599,2,PROD01286,SELL00341,CUST000086,2018-04-22 14:29:30,1,customer_changed_mind,121.38
RET000071,ORD0000708,1,PROD01589,SELL00355,CUST008006,2017-11-19 12:31:19,1,customer_changed_mind,194.6
RET000072,ORD0007298,1,PROD00174,SELL00217,CUST004377,2017-07-20 05:56:14,2,customer_changed_mind,140.68
RET000073,ORD0001991,1,PROD01201,SELL00081,CUST002068,2018-01-03 01:57:07,2,customer_changed_mind,45.76
RET000074,ORD0005525,1,PROD01916,SELL00315,CUST006194,2017-06-13 14:51:56,4,customer_changed_mind,477.2
RET000075,ORD0022338,3,PROD01051,SELL00382,CUST008238,2018-07-10 17:42:38,1,customer_changed_mind,62.65
RET000076,ORD0024213,1,PROD01146,SELL00369,CUST001416,2017-09-04 15:39:39,1,customer_changed_mind,23.25
RET000077,ORD0004671,1,PROD00007,SELL00235,CUST007341,2018-07-01 16:10:16,1,customer_changed_mind,90.52
RET000078,ORD0011320,1,PROD00829,SELL00240,CUST000865,2017-09-12 15:29:20,1,customer_changed_mind,226.56
RET000079,ORD0006906,1,PROD00506,SELL00166,CUST003227,2018-09-16 00:38:44,2,customer_changed_mind,112.14
RET000080,ORD0021320,1,PROD00746,SELL00333,CUST009118,2017-08-30 18:35:18,2,customer_changed_mind,123.52
RET000081,ORD0021786,1,PROD01675,SELL00019,CUST005049,2018-07-16 12:04:02,2,customer_changed_mind,223.06
RET000082,ORD0023767,1,PROD01309,SELL00247,CUST005465,2018-04-06 06:55:19,1,customer_changed_mind,77.22
RET000083,ORD0019172,1,PROD00572,SELL00295,CUST006812,2018-03-21 17:13:34,1,customer_changed_mind,106.36
RET000084,ORD0003674,1,PROD00710,SELL00377,CUST006896,2017-07-12 02:34:13,1,customer_changed_mind,35.02
RET000085,ORD0017776,1,PROD01606,SELL00045,CUST004795,2017-05-07 09:55:01,1,customer_changed_mind,135.38
RET000086,ORD0009291,1,PROD00273,SELL00281,CUST004393,2017-05-18 18:27:57,1,customer_changed_mind,28.86
RET000087,ORD0016666,1,PROD01320,SELL00346,CUST005593,2017-04-01 22:46:51,3,customer_changed_mind,344.43
RET000088,ORD0022871,1,PROD00574,SELL00375,CUST008493,2017-11-01 15:17:15,2,customer_changed_mind,425.02
RET000089,ORD0004044,1,PROD01967,SELL00047,CUST003640,2017-06-16 20:49:22,1,customer_changed_mind,70.46
RET000090,ORD0007053,1,PROD01973,SELL00034,CUST008120,2018-05-24 01:55:55,1,customer_changed_mind,37.02
RET000091,ORD0018118,1,PROD01284,SELL00084,CUST001140,2017-06-16 23:41:42,1,customer_changed_mind,155.01
RET000092,ORD0006955,1,PROD00885,SELL00015,CUST002446,2018-07-26 14:42:20,1,customer_changed_mind,67.48
RET000093,ORD0007499,1,PROD01278,SELL00109,CUST009783,2017-01-29 17:03:09,5,customer_changed_mind,455.25
RET000094,ORD0014944,1,PROD01293,SELL00171,CUST004941,2018-03-10 03:44:22,1,customer_changed_mind,41.12
RET000095,ORD0009651,2,PROD01813,SELL00072,CUST007342,2017-07-04 11:54:03,2,customer_changed_mind,77.9
RET000096,ORD0012253,1,PROD01338,SELL00014,CUST008326,2017-03-19 18:35:35,1,customer_changed_mind,116.62
RET000097,ORD0020877,1,PROD01695,SELL00174,CUST005315,2017-06-21 03:53:21,1,customer_changed_mind,93.29
RET000098,ORD0009387,1,PROD01878,SELL00322,CUST001650,2018-10-09 01:01:08,1,customer_changed_mind,14.14
RET000099,ORD0012361,1,PROD00727,SELL00087,CUST000780,2017-05-01 16:27:59,2,customer_changed_mind,388.78
RET000100,ORD0005213,1,PROD01507,SELL00205,CUST004332,2018-02-13 00:02:54,3,customer_changed_mind,428.22
RET000101,ORD0002193,1,PROD00181,SELL00152,CUST003136,2018-07-29 20:25:36,1,customer_changed_mind,143.05
RET000102,ORD0014547,1,PROD00371,SELL00356,CUST009287,2017-05-19 03:20:57,1,customer_changed_mind,74.66
RET000103,ORD0022842,1,PROD00166,SELL00090,CUST006742,2017-09-14 23:19:36,2,customer_changed_mind,104.5
RET000104,ORD0018804,1,PROD00376,SELL00152,CUST003734,2017-03-06 04:15:33,1,customer_changed_mind,730.74
RET000105,ORD0002663,1,PROD01928,SELL00384,CUST007954,2018-09-13 06:49:38,2,customer_changed_mind,227.14
RET000106,ORD0005749,1,PROD00145,SELL00322,CUST000971,2017-07-20 08:48:08,2,customer_changed_mind,62.84
RET000107,ORD0022293,1,PROD01388,SELL00356,CUST000130,2017-03-03 08:35:27,4,customer_changed_mind,79.2
RET000108,ORD0015292,1,PROD01829,SELL00148,CUST001608,2017-04-12 17:34:14,1,customer_changed_mind,19.21
RET000109,ORD0022580,1,PROD00360,SELL00257,CUST002331,2017-12-27 08:13:45,2,customer_changed_mind,241.3
RET000110,ORD0014407,1,PROD01991,SELL00144,CUST008311,2017-03-24 01:45:41,5,customer_changed_mind,447.65
RET000111,ORD0008953,2,PROD00148,SELL00092,CUST007205,2018-06-24 08:49:43,1,customer_changed_mind,96.43
RET000112,ORD0018089,1,PROD00340,SELL00062,CUST006111,2018-06-09 02:40:13,3,customer_changed_mind,701.76
RET000113,ORD0019990,2,PROD01883,SELL00053,CUST002844,2018-08-01 10:49:03,1,customer_changed_mind,60.99
RET000114,ORD0011014,2,PROD01427,SELL00002,CUST006363,2017-02-09 22:41:49,1,customer_changed_mind,118.02
RET000115,ORD0005980,1,PROD00547,SELL00152,CUST003321,2017-10-17 06:17:55,1,customer_changed_mind,145.39
RET000116,ORD0007123,3,PROD01728,SELL00038,CUST001155,2017-04-25 16:31:51,1,customer_changed_mind,246.98
RET000117,ORD0022545,1,PROD01359,SELL00374,CUST001681,2018-06-12 23:19:16,1,customer_changed_mind,67.33
RET000118,ORD0004797,2,PROD01874,SELL00382,CUST003215,2017-11-15 00:33:16,2,customer_changed_mind,172.3
RET000119,ORD0018995,1,PROD01913,SELL00079,CUST007113,2018-07-04 05:11:02,2,customer_changed_mind,43.86
RET000120,ORD0020317,1,PROD01656,SELL00213,CUST000364,2018-08-28 09:47:49,1,customer_changed_mind,97.61
RET000121,ORD0017671,1,PROD01542,SELL00015,CUST002680,2017-06-30 05:04:46,3,customer_changed_mind,134.07
RET000122,ORD0005914,1,PROD01192,SELL00203,CUST005170,2018-06-23 19:58:50,3,customer_changed_mind,141.27
RET000123,ORD0000958,1,PROD01750,SELL00125,CUST003140,2018-08-23 00:49:06,1,customer_changed_mind,61.71
RET000124,ORD0002826,1,PROD01428,SELL00268,CUST001110,2017-09-29 17:12:09,2,customer_changed_mind,348.96
RET000125,ORD0016270,1,PROD00254,SELL00031,CUST001492,2018-02-15 21:44:40,2,customer_changed_mind,249.46
RET000126,ORD0007647,3,PROD01957,SELL00162,CUST002979,2018-09-26 14:45:48,4,customer_changed_mind,560.4
RET000127,ORD0009594,1,PROD01489,SELL00315,CUST003197,2018-09-01 03:25:56,2,customer_changed_mind,68.22
RET000128,ORD0011271,1,PROD01959,SELL00221,CUST004414,2017-03-09 05:40:19,1,customer_changed_mind,99.6
RET000129,ORD0010128,2,PROD01837,SELL00049,CUST006703,2017-07-01 23:13:01,2,customer_changed_mind,242.86
RET000130,ORD0004253,1,PROD01759,SELL00364,CUST004043,2017-03-26 07:23:13,1,customer_changed_mind,173.49
RET000131,ORD0010916,1,PROD00466,SELL00353,CUST004545,2017-06-29 01:18:48,2,customer_changed_mind,211.98
RET000132,ORD0015682,1,PROD00472,SELL00001,CUST002918,2017-08-21 17:16:15,1,customer_changed_mind,186.95
RET000133,ORD0017678,3,PROD00644,SELL00086,CUST007985,2018-08-07 07:57:42,1,customer_changed_mind,70.9
RET000134,ORD0017883,1,PROD01025,SELL00382,CUST001633,2018-08-20 12:28:47,1,customer_changed_mind,66.53
RET000135,ORD0005640,1,PROD00166,SELL00354,CUST007986,2018-08-24 22:50:39,1,customer_changed_mind,52.25
RET000136,ORD0024441,1,PROD00410,SELL00344,CUST002318,2018-04-25 01:22:40,1,customer_changed_mind,216.03
RET000137,ORD0018111,1,PROD01814,SELL00061,CUST002808,2017-06-10 03:54:18,1,customer_changed_mind,42.17
RET000138,ORD0007943,1,PROD00978,SELL00048,CUST004624,2017-06-13 09:24:27,1,customer_changed_mind,21.07
RET000139,ORD0011852,3,PROD00731,SELL00355,CUST004293,2017-11-01 15:10:19,3,customer_changed_mind,927.06
RET000140,ORD0022929,1,PROD00638,SELL00344,CUST004411,2017-12-03 11:29:19,2,customer_changed_mind,57.72
RET000141,ORD0024309,1,PROD00549,SELL00161,CUST008435,2018-09-26 05:36:59,1,customer_changed_mind,50.05
RET000142,ORD0023522,1,PROD01514,SELL00202,CUST008350,2017-10-27 03:44:57,1,customer_changed_mind,23.45
RET000143,ORD0001055,4,PROD00788,SELL00157,CUST008584,2017-10-03 04:05:33,2,customer_changed_mind,110.54
RET000144,ORD0013141,3,PROD01246,SELL00201,CUST001169,2017-02-21 13:11:29,1,customer_changed_mind,63.22
RET000145,ORD0012121,1,PROD00027,SELL00311,CUST009158,2018-06-17 00:22:36,1,customer_changed_mind,147.74
RET000146,ORD0018426,1,PROD00241,SELL00380,CUST003441,2018-03-14 10:17:37,1,customer_changed_mind,253.1
RET000147,ORD0020656,2,PROD01767,SELL00382,CUST009718,2017-08-17 04:17:45,1,customer_changed_mind,159.28
RET000148,ORD0020393,1,PROD01009,SELL00214,CUST003155,2018-08-22 05:02:23,2,customer_changed_mind,274.52
RET000149,ORD0014013,1,PROD00040,SELL00377,CUST004824,2017-06-08 08:26:32,3,customer_changed_mind,1656.06
RET000150,ORD0000553,1,PROD00846,SELL00171,CUST000556,2017-10-11 09:17:58,2,customer_changed_mind,29.86
RET000151,ORD0007122,3,PROD01342,SELL00332,CUST008085,2017-05-08 15:48:35,3,customer_changed_mind,485.04
RET000152,ORD0002657,1,PROD01818,SELL00191,CUST000393,2017-07-31 16:02:44,1,customer_changed_mind,220.45
RET000153,ORD0009912,1,PROD00749,SELL00363,CUST008552,2017-07-19 23:28:01,2,customer_changed_mind,168.1
RET000154,ORD0013087,1,PROD00804,SELL00031,CUST008428,2018-02-14 19:59:50,1,customer_changed_mind,26.8
RET000155,ORD0015906,1,PROD00724,SELL00081,CUST006995,2018-02-03 12:01:56,1,customer_changed_mind,138.46
RET000156,ORD0014843,1,PROD00494,SELL00387,CUST008847,2017-02-06 14:44:46,3,customer_changed_mind,465.54
RET000157,ORD0003835,3,PROD00408,SELL00291,CUST000518,2017-12-11 09:40:05,1,customer_changed_mind,491.26
RET000158,ORD0016199,1,PROD00669,SELL00049,CUST000586,2017-07-04 03:23:26,2,customer_changed_mind,461.68
RET000159,ORD0017064,1,PROD01100,SELL00082,CUST000671,2018-02-24 07:29:55,3,customer_changed_mind,352.86
RET000160,ORD0018243,2,PROD01234,SELL00069,CUST005768,2017-10-13 19:02:50,2,customer_changed_mind,249.98
RET000161,ORD0012262,1,PROD01934,SELL00144,CUST009726,2018-06-12 00:09:13,1,customer_changed_mind,133.85
RET000162,ORD0023955,2,PROD00239,SELL00232,CUST000381,2017-09-05 02:09:11,1,customer_changed_mind,14.78
RET000163,ORD0012871,1,PROD00338,SELL00038,CUST000067,2017-02-11 04:30:37,1,customer_changed_mind,48.67
RET000164,ORD0004053,1,PROD01604,SELL00080,CUST002390,2017-04-28 20:05:26,1,customer_changed_mind,103.22
RET000165,ORD0020900,3,PROD00132,SELL00317,CUST002228,2017-05-27 04:29:05,1,customer_changed_mind,100.9
RET000166,ORD0024600,1,PROD01676,SELL00025,CUST001806,2018-01-27 13:15:57,3,customer_changed_mind,404.94
RET000167,ORD0020892,1,PROD01086,SELL00021,CUST002453,2017-06-29 03:32:45,1,customer_changed_mind,45.21
RET000168,ORD0003985,1,PROD01187,SELL00195,CUST007336,2018-04-24 19:07:51,2,customer_changed_mind,33.2
RET000169,ORD0010044,1,PROD01534,SELL00050,CUST005283,2017-11-08 06:36:42,1,customer_changed_mind,28.34
RET000170,ORD0021930,1,PROD00843,SELL00245,CUST007230,2017-03-20 23:21:01,1,customer_changed_mind,98.05
RET000171,ORD0024342,1,PROD00407,SELL00228,CUST009010,2017-04-27 14:37:16,1,customer_changed_mind,32.94
RET000172,ORD0011072,1,PROD00284,SELL00358,CUST003272,2017-03-23 23:36:16,1,customer_changed_mind,46.01
RET000173,ORD0007229,1,PROD01257,SELL00221,CUST006451,2018-09-26 01:57:19,1,customer_changed_mind,22.16
RET000174,ORD0023555,1,PROD01508,SELL00221,CUST002957,2017-07-22 19:52:20,1,customer_changed_mind,94.79
RET000175,ORD0011028,1,PROD01015,SELL00180,CUST006789,2018-09-01 20:55:23,1,customer_changed_mind,89.83
RET000176,ORD0020539,1,PROD01720,SELL00189,CUST003842,2017-09-19 15:20:40,2,customer_changed_mind,155.9
RET000177,ORD0012321,2,PROD00161,SELL00387,CUST004475,2018-10-02 01:38:58,1,customer_changed_mind,765.04
RET000178,ORD0019785,2,PROD01799,SELL00065,CUST004773,2018-01-19 09:06:26,1,customer_changed_mind,119.82
RET000179,ORD0001329,1,PROD01227,SELL00248,CUST008394,2018-08-19 19:44:46,2,customer_changed_mind,430.44
RET000180,ORD0007270,1,PROD01285,SELL00172,CUST003984,2017-10-28 00:21:39,2,customer_changed_mind,280.76
RET000181,ORD0004786,1,PROD01848,SELL00237,CUST009462,2018-04-23 05:14:07,1,customer_changed_mind,39.67
RET000182,ORD0015962,1,PROD01096,SELL00390,CUST001285,2018-02-13 07:06:17,1,customer_changed_mind,77.28
RET000183,ORD0010719,1,PROD00097,SELL00102,CUST009681,2017-01-11 14:15:22,2,customer_changed_mind,102.28
RET000184,ORD0022383,1,PROD00928,SELL00038,CUST000470,2018-04-25 00:41:35,1,customer_changed_mind,81.21
RET000185,ORD0021009,1,PROD01188,SELL00260,CUST003144,2017-01-18 12:01:54,1,customer_changed_mind,55.04
RET000186,ORD0022611,2,PROD00247,SELL00084,CUST009792,2017-12-22 03:11:43,1,customer_changed_mind,190.22
RET000187,ORD0015654,3,PROD01484,SELL00329,CUST005512,2018-05-25 07:17:10,1,customer_changed_mind,181.18
RET000188,ORD0014090,1,PROD01518,SELL00300,CUST004647,2017-03-12 15:19:00,2,customer_changed_mind,297.66
RET000189,ORD0001781,1,PROD00283,SELL00072,CUST005160,2017-12-09 07:03:51,3,customer_changed_mind,310.62
RET000190,ORD0012627,1,PROD01114,SELL00259,CUST006813,2017-01-22 09:05:34,1,customer_changed_mind,95.91
RET000191,ORD0006114,1,PROD01415,SELL00339,CUST006665,2017-08-31 01:46:48,1,customer_changed_mind,252.78
RET000192,ORD0020839,1,PROD01145,SELL00363,CUST002948,2018-06-23 08:48:59,2,customer_changed_mind,1705.98
RET000193,ORD0017039,1,PROD01753,SELL00028,CUST000266,2018-08-21 15:32:48,1,customer_changed_mind,217.16
RET000194,ORD0011336,1,PROD01662,SELL00186,CUST004179,2017-07-09 05:43:39,1,customer_changed_mind,110.38
RET000195,ORD0013804,1,PROD00291,SELL00044,CUST005397,2017-07-30 00:44:33,1,customer_changed_mind,116.51
RET000196,ORD0008689,1,PROD01720,SELL00040,CUST009978,2017-07-22 02:59:37,1,customer_changed_mind,77.95
RET000197,ORD0020097,1,PROD00530,SELL00285,CUST005983,2018-05-28 03:28:19,1,customer_changed_mind,77.1
RET000198,ORD0011673,2,PROD01535,SELL00063,CUST006975,2018-09-11 03:38:46,2,customer_changed_mind,126.32
RET000199,ORD0006946,1,PROD00879,SELL00267,CUST006335,2018-05-22 05:24:26,3,customer_changed_mind,46.65
RET000200,ORD0006549,1,PROD00739,SELL00253,CUST003041,2018-10-02 23:34:36,1,customer_changed_mind,77.97
RET000201,ORD0014401,1,PROD00861,SELL00290,CUST009903,2017-09-10 23:48:15,2,customer_changed_mind,350.06
RET000202,ORD0009247,1,PROD00581,SELL00057,CUST003832,2017-09-01 00:41:59,1,customer_changed_mind,68.48
RET000203,ORD0018060,1,PROD00044,SELL00218,CUST001367,2017-09-01 02:40:42,1,customer_changed_mind,19.82
RET000204,ORD0004564,1,PROD00589,SELL00035,CUST002412,2017-09-18 05:55:49,2,customer_changed_mind,117.82
RET000205,ORD0024432,3,PROD00583,SELL00290,CUST009256,2018-08-06 05:30:23,2,customer_changed_mind,160.16
RET000206,ORD0004499,1,PROD00055,SELL00124,CUST007232,2017-08-26 00:15:40,1,customer_changed_mind,61.61
RET000207,ORD0019112,1,PROD01783,SELL00186,CUST000991,2017-11-08 23:22:01,3,customer_changed_mind,160.8
RET000208,ORD0016687,1,PROD01012,SELL00156,CUST007272,2018-05-02 00:52:14,2,customer_changed_mind,438.52
RET000209,ORD0015499,1,PROD00159,SELL00122,CUST005656,2017-09-12 11:41:00,1,customer_changed_mind,168.8
RET000210,ORD0024685,1,PROD01320,SELL00289,CUST006778,2017-09-07 15:14:06,1,customer_changed_mind,114.81
RET000211,ORD0006512,1,PROD00411,SELL00253,CUST009357,2017-02-01 10:53:57,1,customer_changed_mind,124.88
RET000212,ORD0009979,1,PROD01321,SELL00275,CUST005050,2018-09-13 15:55:06,1,customer_changed_mind,27.98
RET000213,ORD0014867,1,PROD01374,SELL00223,CUST005661,2017-08-02 17:27:30,1,customer_changed_mind,34.48
RET000214,ORD0017510,1,PROD01401,SELL00363,CUST002974,2017-06-02 01:53:36,1,customer_changed_mind,110.8
RET000215,ORD0012846,1,PROD01626,SELL00223,CUST006150,2017-05-16 23:46:17,4,customer_changed_mind,350.28
RET000216,ORD0001954,1,PROD00022,SELL00145,CUST000618,2017-03-25 19:50:25,1,customer_changed_mind,162.66
RET000217,ORD0006406,1,PROD01982,SELL00234,CUST005477,2017-05-12 08:00:18,1,customer_changed_mind,32.7
RET000218,ORD0007686,1,PROD01816,SELL00226,CUST006545,2017-04-03 18:40:24,1,customer_changed_mind,39.2
RET000219,ORD0015239,2,PROD00487,SELL00323,CUST005049,2017-02-28 08:04:46,2,customer_changed_mind,242.96
RET000220,ORD0003091,1,PROD00658,SELL00189,CUST004557,2017-08-23 06:14:33,1,customer_changed_mind,186.74
RET000221,ORD0009475,1,PROD01249,SELL00383,CUST003142,2017-09-27 03:24:12,1,customer_changed_mind,156.37
RET000222,ORD0002632,3,PROD00742,SELL00350,CUST009300,2018-08-07 12:23:38,2,customer_changed_mind,26.22
RET000223,ORD0001060,2,PROD01719,SELL00303,CUST000682,2018-01-08 06:56:03,1,customer_changed_mind,154.26
RET000224,ORD0004391,1,PROD00224,SELL00182,CUST001306,2017-04-13 02:50:05,1,customer_changed_mind,224.61
RET000225,ORD0013289,3,PROD01729,SELL00197,CUST002450,2018-07-15 09:14:11,1,customer_changed_mind,23.23
RET000226,ORD0007637,1,PROD00393,SELL00069,CUST003155,2017-07-12 18:02:53,1,customer_changed_mind,98.68
RET000227,ORD0018579,1,PROD00198,SELL00198,CUST006147,2018-05-09 15:03:36,1,customer_changed_mind,37.19
RET000228,ORD0002987,1,PROD01634,SELL00354,CUST005632,2017-02-25 08:13:00,2,customer_changed_mind,117.38
RET000229,ORD0010266,1,PROD00999,SELL00135,CUST009306,2018-02-02 00:38:24,1,customer_changed_mind,24.64
RET000230,ORD0001540,2,PROD01253,SELL00202,CUST005145,2018-09-29 05:31:28,1,customer_changed_mind,172.42
RET000231,ORD0014616,1,PROD00270,SELL00234,CUST004888,2017-02-05 21:11:24,1,customer_changed_mind,30.69
RET000232,ORD0023239,1,PROD01583,SELL00219,CUST005680,2017-08-16 11:29:06,1,customer_changed_mind,75.21
RET000233,ORD0006023,1,PROD00477,SELL00384,CUST004853,2018-02-02 10:57:10,2,customer_changed_mind,307.42
RET000234,ORD0010513,1,PROD01434,SELL00074,CUST003656,2018-02-19 11:57:15,3,customer_changed_mind,384.3
RET000235,ORD0020370,1,PROD00203,SELL00338,CUST007714,2017-08-17 17:02:34,2,customer_changed_mind,264.08
RET000236,ORD0003679,1,PROD01839,SELL00082,CUST006963,2017-03-02 02:56:40,1,customer_changed_mind,67.03
RET000237,ORD0003670,1,PROD00426,SELL00010,CUST000439,2017-12-27 16:40:37,3,customer_changed_mind,147.03
RET000238,ORD0003250,1,PROD00016,SELL00033,CUST001549,2017-11-08 19:13:39,1,customer_changed_mind,177.64
RET000239,ORD0006459,1,PROD00537,SELL00064,CUST008954,2018-07-31 23:18:59,1,customer_changed_mind,139.9
RET000240,ORD0002554,2,PROD00262,SELL00170,CUST006130,2018-09-02 20:23:49,1,customer_changed_mind,196.92
RET000241,ORD0006961,1,PROD01489,SELL00048,CUST004654,2018-08-04 11:36:41,2,customer_changed_mind,68.22
RET000242,ORD0003254,1,PROD00669,SELL00381,CUST008639,2018-01-28 23:39:15,2,customer_changed_mind,461.68
RET000243,ORD0019012,3,PROD00963,SELL00272,CUST003972,2017-10-19 15:21:32,1,customer_changed_mind,79.61
RET000244,ORD0001880,1,PROD01021,SELL00328,CUST008064,2017-11-10 11:09:53,1,customer_changed_mind,69.77
RET000245,ORD0024383,1,PROD01205,SELL00141,CUST003036,2017-11-03 10:37:23,1,customer_changed_mind,15.82
RET000246,ORD0014431,1,PROD00697,SELL00179,CUST001874,2018-09-30 08:41:10,1,customer_changed_mind,143.82
RET000247,ORD0013962,1,PROD01954,SELL00227,CUST005683,2017-07-13 10:51:26,1,customer_changed_mind,290.18
RET000248,ORD0016319,1,PROD01974,SELL00196,CUST004111,2018-08-13 03:23:55,1,customer_changed_mind,70.94
RET000249,ORD0023382,1,PROD00522,SELL00275,CUST003411,2018-02-02 20:56:11,2,customer_changed_mind,145.32
RET000250,ORD0013689,2,PROD01143,SELL00022,CUST008452,2018-05-16 06:24:02,2,customer_changed_mind,157.74
RET000251,ORD0018941,1,PROD01431,SELL00352,CUST006665,2017-11-09 16:26:30,1,customer_changed_mind,108.04
RET000252,ORD0016556,1,PROD00135,SELL00148,CUST009991,2018-01-29 09:56:33,1,customer_changed_mind,72.91
RET000253,ORD0011603,1,PROD00901,SELL00336,CUST005853,2017-04-22 10:21:20,1,customer_changed_mind,40.26
RET000254,ORD0013461,3,PROD00332,SELL00144,CUST007881,2018-07-27 03:22:35,2,customer_changed_mind,68.56
RET000255,ORD0009595,1,PROD00904,SELL00087,CUST008826,2018-10-07 11:15:16,1,customer_changed_mind,108.03
RET000256,ORD0018967,1,PROD01184,SELL00011,CUST008032,2017-06-23 06:50:05,1,customer_changed_mind,48.98
RET000257,ORD0000442,1,PROD00111,SELL00045,CUST002132,2017-02-04 09:21:20,1,customer_changed_mind,162.93
RET000258,ORD0013418,1,PROD00404,SELL00111,CUST001816,2017-09-28 07:54:14,1,customer_changed_mind,35.34
RET000259,ORD0009768,2,PROD00562,SELL00128,CUST008155,2018-02-23 13:48:45,1,customer_changed_mind,183.78
RET000260,ORD0004411,1,PROD01934,SELL00177,CUST001473,2018-05-20 10:47:54,1,customer_changed_mind,133.85
RET000261,ORD0011312,1,PROD00411,SELL00370,CUST004846,2018-06-01 12:25:25,3,customer_changed_mind,374.64
RET000262,ORD0021794,1,PROD01591,SELL00218,CUST007990,2018-02-13 04:02:03,1,customer_changed_mind,183.76
RET000263,ORD0021835,3,PROD01485,SELL00103,CUST005430,2017-12-09 10:28:03,1,customer_changed_mind,210.76
RET000264,ORD0006452,2,PROD01773,SELL00029,CUST001439,2018-05-14 12:11:50,1,customer_changed_mind,104.28
RET000265,ORD0011701,1,PROD00243,SELL00027,CUST005361,2018-01-08 01:21:42,1,customer_changed_mind,90.07
RET000266,ORD0016568,3,PROD00779,SELL00008,CUST003355,2018-03-16 15:56:54,1,customer_changed_mind,478.97
RET000267,ORD0013597,2,PROD01694,SELL00224,CUST000454,2018-08-02 01:16:19,2,customer_changed_mind,90.92
RET000268,ORD0000010,2,PROD01538,SELL00137,CUST007669,2018-07-10 01:53:13,3,customer_changed_mind,129.51
RET000269,ORD0005265,3,PROD00853,SELL00306,CUST007804,2017-05-16 03:56:00,4,customer_changed_mind,459.56
RET000270,ORD0000020,1,PROD01427,SELL00375,CUST000036,2018-02-17 15:51:20,1,customer_changed_mind,118.02
RET000271,ORD0023339,3,PROD01651,SELL00265,CUST007642,2017-02-17 14:11:17,2,customer_changed_mind,295.36
RET000272,ORD0020583,1,PROD01877,SELL00093,CUST003119,2017-03-06 03:17:06,1,customer_changed_mind,216.96
RET000273,ORD0023367,1,PROD01366,SELL00363,CUST007660,2017-10-01 04:56:38,2,customer_changed_mind,339.84
RET000274,ORD0003229,1,PROD01251,SELL00100,CUST004821,2018-08-24 16:37:58,3,customer_changed_mind,969.09
RET000275,ORD0016980,3,PROD01268,SELL00078,CUST006209,2018-02-14 00:45:29,1,customer_changed_mind,62.24
RET000276,ORD0021037,1,PROD00131,SELL00194,CUST000084,2018-08-03 05:47:57,1,customer_changed_mind,97.43
RET000277,ORD0018043,1,PROD01809,SELL00026,CUST003856,2017-08-11 03:51:50,1,customer_changed_mind,253.51
RET000278,ORD0016870,1,PROD00242,SELL00115,CUST002011,2017-01-31 12:41:25,1,customer_changed_mind,35.82
RET000279,ORD0000316,1,PROD00797,SELL00122,CUST001680,2018-10-07 14:19:27,1,customer_changed_mind,130.69
RET000280,ORD0023511,1,PROD00385,SELL00088,CUST004107,2017-03-11 19:01:35,1,customer_changed_mind,64.8
RET000281,ORD0004220,1,PROD00132,SELL00181,CUST003151,2017-12-24 20:06:43,4,customer_changed_mind,403.6
RET000282,ORD0016312,1,PROD01842,SELL00131,CUST005704,2018-01-13 06:48:13,1,customer_changed_mind,171.86
RET000283,ORD0020713,1,PROD01749,SELL00169,CUST002004,2018-02-08 22:27:41,2,customer_changed_mind,652.24
RET000284,ORD0015146,1,PROD01726,SELL00249,CUST005982,2018-09-01 06:41:18,1,customer_changed_mind,103.99
RET000285,ORD0023275,1,PROD00210,SELL00138,CUST002764,2018-01-01 01:38:09,2,customer_changed_mind,108.12
RET000286,ORD0003352,1,PROD00144,SELL00363,CUST005554,2017-03-08 11:02:06,1,customer_changed_mind,91.77
RET000287,ORD0012535,1,PROD00034,SELL00379,CUST005194,2018-08-05 08:02:20,1,customer_changed_mind,52.94
RET000288,ORD0012263,2,PROD00548,SELL00295,CUST007235,2017-06-11 16:36:55,1,customer_changed_mind,43.52
RET000289,ORD0016249,1,PROD01355,SELL00298,CUST004208,2018-02-07 19:58:58,1,customer_changed_mind,154.77
RET000290,ORD0013389,1,PROD01769,SELL00260,CUST007455,2017-11-23 07:46:19,4,customer_changed_mind,313.36
RET000291,ORD0001783,1,PROD01571,SELL00261,CUST000243,2018-05-07 08:15:40,1,customer_changed_mind,109.16
RET000292,ORD0001776,1,PROD00631,SELL00172,CUST007789,2017-06-27 05:06:10,1,customer_changed_mind,111.82
RET000293,ORD0006858,1,PROD01214,SELL00153,CUST004681,2018-01-06 09:19:56,1,customer_changed_mind,34.83
RET000294,ORD0021748,1,PROD01157,SELL00217,CUST008776,2018-07-30 15:07:01,1,customer_changed_mind,300.65
RET000295,ORD0019572,1,PROD00819,SELL00025,CUST004311,2018-10-02 10:51:10,2,customer_changed_mind,58.14
RET000296,ORD0005891,1,PROD01815,SELL00196,CUST003413,2017-08-26 03:22:12,1,customer_changed_mind,64.13
RET000297,ORD0016711,1,PROD01254,SELL00394,CUST003851,2017-11-08 12:50:57,1,customer_changed_mind,157.29
RET000298,ORD0020455,1,PROD00673,SELL00343,CUST004655,2017-07-30 06:17:08,1,customer_changed_mind,21.61
RET000299,ORD0004095,1,PROD00951,SELL00331,CUST005265,2017-10-06 21:48:39,1,customer_changed_mind,112.67
RET000300,ORD0010358,2,PROD00036,SELL00212,CUST006820,2017-06-04 11:34:48,1,customer_changed_mind,299.83
RET000301,ORD0023047,1,PROD01711,SELL00217,CUST007495,2017-11-03 14:25:55,1,customer_changed_mind,42.46
RET000302,ORD0007630,1,PROD01994,SELL00213,CUST002669,2017-01-09 19:52:04,1,customer_changed_mind,75.69
RET000303,ORD0003214,1,PROD01689,SELL00008,CUST009251,2018-08-31 13:09:33,1,customer_changed_mind,313.1
RET000304,ORD0010634,1,PROD00373,SELL00090,CUST000787,2017-03-23 01:08:57,2,customer_changed_mind,241.28
RET000305,ORD0020290,1,PROD01896,SELL00348,CUST000038,2018-07-06 23:28:12,2,customer_changed_mind,209.78
RET000306,ORD0011995,1,PROD01102,SELL00083,CUST000809,2017-05-22 19:43:04,1,customer_changed_mind,54.48
RET000307,ORD0013034,1,PROD01749,SELL00231,CUST005191,2018-02-14 14:05:20,1,customer_changed_mind,326.12
RET000308,ORD0016569,1,PROD00007,SELL00279,CUST001195,2017-07-31 09:44:45,2,customer_changed_mind,181.04
RET000309,ORD0015570,1,PROD00809,SELL00287,CUST006034,2017-06-04 03:06:22,2,customer_changed_mind,91.54
RET000310,ORD0016885,1,PROD00377,SELL00245,CUST002331,2018-06-10 06:19:24,1,customer_changed_mind,74.67
RET000311,ORD0013260,1,PROD00604,SELL00250,CUST002248,2017-10-18 14:12:32,2,customer_changed_mind,315.96
RET000312,ORD0003146,1,PROD01966,SELL00289,CUST008277,2018-09-03 03:48:05,1,customer_changed_mind,123.2
RET000313,ORD0001376,1,PROD01641,SELL00206,CUST004715,2018-01-07 18:54:19,1,customer_changed_mind,25.72
RET000314,ORD0022921,1,PROD00131,SELL00134,CUST008520,2018-08-26 21:09:53,2,customer_changed_mind,194.86
RET000315,ORD0023620,2,PROD01118,SELL00245,CUST001999,2018-07-20 01:58:44,1,customer_changed_mind,80.65
RET000316,ORD0006006,1,PROD01399,SELL00273,CUST000148,2017-04-06 01:30:23,1,customer_changed_mind,146.33
RET000317,ORD0009510,1,PROD01047,SELL00317,CUST006059,2017-06-29 04:25:36,1,customer_changed_mind,57.76
RET000318,ORD0023634,1,PROD00427,SELL00271,CUST009020,2017-12-02 21:00:03,2,customer_changed_mind,63.84
RET000319,ORD0013614,1,PROD01660,SELL00329,CUST004473,2017-08-13 16:06:46,1,customer_changed_mind,15.06
RET000320,ORD0008172,2,PROD00081,SELL00232,CUST007440,2017-09-28 19:52:14,1,customer_changed_mind,99.93
RET000321,ORD0018872,1,PROD00243,SELL00257,CUST006797,2018-04-01 19:13:20,2,customer_changed_mind,180.14
RET000322,ORD0024251,1,PROD00433,SELL00392,CUST006317,2017-06-10 13:20:52,2,customer_changed_mind,38.34
RET000323,ORD0020307,2,PROD00052,SELL00182,CUST006088,2017-04-01 01:34:44,1,customer_changed_mind,113.75
RET000324,ORD0020624,1,PROD00118,SELL00237,CUST005898,2018-02-17 13:26:05,1,customer_changed_mind,389.76
RET000325,ORD0005228,1,PROD01960,SELL00260,CUST007037,2017-03-29 03:42:56,1,customer_changed_mind,110.83
RET000326,ORD0012554,1,PROD00345,SELL00240,CUST007401,2017-05-22 01:27:18,1,customer_changed_mind,149.83
RET000327,ORD0015803,1,PROD00229,SELL00115,CUST002198,2018-09-23 05:19:53,1,customer_changed_mind,19.26
RET000328,ORD0019853,2,PROD01576,SELL00113,CUST006827,2018-03-20 08:43:32,1,customer_changed_mind,90.96
RET000329,ORD0011207,2,PROD00361,SELL00366,CUST005907,2017-02-12 15:10:19,1,customer_changed_mind,77.25
RET000330,ORD0022657,1,PROD00089,SELL00355,CUST009029,2017-10-04 21:05:59,1,customer_changed_mind,64.97
RET000331,ORD0022102,1,PROD00743,SELL00166,CUST007572,2018-07-01 01:51:39,2,customer_changed_mind,203.6
RET000332,ORD0000697,1,PROD00186,SELL00355,CUST007804,2017-05-17 05:42:33,3,customer_changed_mind,807.45
RET000333,ORD0003484,1,PROD00131,SELL00044,CUST003324,2017-04-08 20:04:58,1,customer_changed_mind,97.43
RET000334,ORD0012404,2,PROD01939,SELL00064,CUST006224,2018-03-10 13:39:02,1,customer_changed_mind,15.54
RET000335,ORD0020790,1,PROD00252,SELL00328,CUST004861,2017-06-14 00:24:21,1,customer_changed_mind,42.36
RET000336,ORD0001713,2,PROD00506,SELL00283,CUST002548,2018-05-21 09:23:25,3,customer_changed_mind,168.21
RET000337,ORD0003364,1,PROD00211,SELL00272,CUST002934,2018-06-11 14:29:17,1,customer_changed_mind,116.1
RET000338,ORD0020263,1,PROD00532,SELL00329,CUST008267,2018-01-08 23:32:44,1,customer_changed_mind,57.84
RET000339,ORD0019260,2,PROD01412,SELL00355,CUST000660,2017-12-14 18:28:48,1,customer_changed_mind,53.37
RET000340,ORD0006086,3,PROD01546,SELL00326,CUST008864,2017-03-06 11:05:16,2,customer_changed_mind,454.86
RET000341,ORD0000588,1,PROD00732,SELL00347,CUST003432,2018-08-08 05:51:46,1,customer_changed_mind,135.26
RET000342,ORD0024658,3,PROD01790,SELL00030,CUST000620,2017-06-05 16:01:17,1,customer_changed_mind,81.14
RET000343,ORD0010350,1,PROD00729,SELL00387,CUST001793,2017-03-19 22:00:57,1,customer_changed_mind,37.38
RET000344,ORD0022230,1,PROD01843,SELL00053,CUST005465,2017-10-07 07:28:13,1,customer_changed_mind,44.8
RET000345,ORD0024346,1,PROD00557,SELL00294,CUST008959,2018-07-13 16:08:08,2,customer_changed_mind,81.32
RET000346,ORD0013557,1,PROD01171,SELL00182,CUST002865,2017-08-09 11:05:11,1,customer_changed_mind,54.21
RET000347,ORD0023854,1,PROD00397,SELL00217,CUST007492,2017-11-05 03:41:07,1,customer_changed_mind,87.32
RET000348,ORD0012466,2,PROD01084,SELL00094,CUST004401,2017-09-27 13:41:07,2,customer_changed_mind,35.92
RET000349,ORD0012079,1,PROD00696,SELL00010,CUST005749,2018-07-11 06:03:42,1,customer_changed_mind,22.23
RET000350,ORD0023318,1,PROD01765,SELL00226,CUST001574,2018-01-21 03:25:36,1,customer_changed_mind,455.67
RET000351,ORD0019128,2,PROD00815,SELL00344,CUST007356,2018-01-07 05:47:38,2,customer_changed_mind,110.86
RET000352,ORD0001185,1,PROD00727,SELL00263,CUST007621,2018-02-11 21:11:26,2,customer_changed_mind,388.78
RET000353,ORD0022485,1,PROD00212,SELL00015,CUST007875,2017-09-07 06:07:30,1,customer_changed_mind,180.59
RET000354,ORD0001785,1,PROD00352,SELL00208,CUST000100,2018-07-07 02:50:48,1,customer_changed_mind,16.07
RET000355,ORD0003951,1,PROD00785,SELL00344,CUST002489,2017-04-28 17:02:32,1,customer_changed_mind,58.05
RET000356,ORD0022539,1,PROD00092,SELL00315,CUST000694,2018-05-09 09:58:02,1,customer_changed_mind,176.39
RET000357,ORD0002239,2,PROD00106,SELL00234,CUST001025,2017-10-14 19:28:18,1,customer_changed_mind,40.81
RET000358,ORD0024619,1,PROD01295,SELL00038,CUST002288,2018-01-08 14:23:15,3,customer_changed_mind,432.0
RET000359,ORD0007617,1,PROD01676,SELL00062,CUST003250,2017-06-26 02:21:39,1,customer_changed_mind,134.98
RET000360,ORD0021261,1,PROD01711,SELL00035,CUST007116,2018-05-25 21:33:01,1,customer_changed_mind,42.46
RET000361,ORD0015026,2,PROD00119,SELL00170,CUST005616,2018-09-26 05:03:24,1,customer_changed_mind,162.65
RET000362,ORD0015757,1,PROD00125,SELL00366,CUST001350,2017-11-22 20:21:22,2,customer_changed_mind,113.44
RET000363,ORD0023333,2,PROD01165,SELL00048,CUST007353,2018-07-15 01:34:01,3,customer_changed_mind,74.85
RET000364,ORD0007051,1,PROD01038,SELL00120,CUST006536,2017-10-13 13:01:53,2,customer_changed_mind,128.1
RET000365,ORD0015327,1,PROD01770,SELL00141,CUST004180,2018-09-24 10:05:33,3,customer_changed_mind,333.21
RET000366,ORD0018622,1,PROD01506,SELL00122,CUST008069,2018-07-20 02:11:35,1,customer_changed_mind,28.7
RET000367,ORD0011385,2,PROD01073,SELL00322,CUST003605,2017-02-02 10:23:08,2,customer_changed_mind,285.24
RET000368,ORD0007275,1,PROD01260,SELL00310,CUST001136,2017-02-25 00:37:00,1,customer_changed_mind,85.98
RET000369,ORD0014588,1,PROD00444,SELL00143,CUST005035,2017-05-16 02:49:52,2,customer_changed_mind,144.7
RET000370,ORD0019198,1,PROD00589,SELL00256,CUST001372,2017-04-14 05:23:29,3,customer_changed_mind,176.73
RET000371,ORD0001710,1,PROD01658,SELL00039,CUST000387,2017-01-14 00:45:28,2,customer_changed_mind,305.62
RET000372,ORD0001432,2,PROD01059,SELL00264,CUST008192,2017-02-14 08:59:06,2,customer_changed_mind,44.38
RET000373,ORD0002493,1,PROD00172,SELL00115,CUST002711,2018-10-04 21:55:33,3,customer_changed_mind,442.83
RET000374,ORD0015404,1,PROD01518,SELL00080,CUST001202,2018-05-25 00:51:33,2,customer_changed_mind,297.66
RET000375,ORD0022344,3,PROD00623,SELL00093,CUST009042,2018-07-28 11:16:47,1,customer_changed_mind,157.56
RET000376,ORD0012095,1,PROD01911,SELL00395,CUST002491,2018-10-05 18:17:57,4,customer_changed_mind,501.12
RET000377,ORD0004619,1,PROD00292,SELL00094,CUST005687,2017-12-13 00:30:53,1,customer_changed_mind,164.45
RET000378,ORD0020758,1,PROD01062,SELL00003,CUST007744,2017-10-31 11:10:26,1,customer_changed_mind,31.44
RET000379,ORD0019893,1,PROD01004,SELL00258,CUST005733,2018-05-27 01:16:16,2,customer_changed_mind,46.22
RET000380,ORD0012790,1,PROD01778,SELL00348,CUST008206,2018-05-04 08:11:03,1,customer_changed_mind,49.03
RET000381,ORD0003039,1,PROD00859,SELL00336,CUST008491,2018-07-03 18:16:24,2,customer_changed_mind,813.5
RET000382,ORD0021705,1,PROD01679,SELL00324,CUST002030,2017-04-12 12:51:37,1,customer_changed_mind,80.72
RET000383,ORD0000272,1,PROD01277,SELL00301,CUST004526,2018-06-28 16:06:51,2,customer_changed_mind,169.18
RET000384,ORD0006708,1,PROD01166,SELL00323,CUST000115,2017-05-20 03:11:39,1,customer_changed_mind,173.4
RET000385,ORD0013870,1,PROD00127,SELL00198,CUST004785,2017-02-20 16:33:34,1,customer_changed_mind,108.03
RET000386,ORD0007197,1,PROD00981,SELL00026,CUST004298,2018-06-02 20:26:10,1,customer_changed_mind,74.26
RET000387,ORD0012874,1,PROD01322,SELL00024,CUST009565,2018-09-03 08:06:52,2,customer_changed_mind,68.02
RET000388,ORD0001347,1,PROD00382,SELL00015,CUST003250,2018-04-12 00:23:38,4,customer_changed_mind,214.08
RET000389,ORD0017865,1,PROD01967,SELL00312,CUST008440,2018-02-22 09:45:15,1,customer_changed_mind,70.46
RET000390,ORD0010959,3,PROD00618,SELL00268,CUST003093,2018-05-10 21:01:47,3,customer_changed_mind,128.01
RET000391,ORD0020371,1,PROD01253,SELL00279,CUST009929,2017-11-18 21:40:38,1,customer_changed_mind,172.42
RET000392,ORD0020984,1,PROD01963,SELL00134,CUST009288,2017-04-22 16:51:49,4,customer_changed_mind,687.24
RET000393,ORD0021248,1,PROD01272,SELL00165,CUST009192,2017-07-29 03:00:19,1,customer_changed_mind,158.68
RET000394,ORD0000491,1,PROD01069,SELL00251,CUST002785,2018-08-25 02:14:30,1,customer_changed_mind,18.46
RET000395,ORD0001427,1,PROD01235,SELL00318,CUST008712,2017-08-12 03:24:54,1,customer_changed_mind,64.64
RET000396,ORD0010668,1,PROD00197,SELL00359,CUST007860,2017-05-19 20:08:10,1,customer_changed_mind,51.13
RET000397,ORD0017396,2,PROD00444,SELL00042,CUST007115,2018-05-08 22:09:15,2,customer_changed_mind,144.7
RET000398,ORD0005936,1,PROD00253,SELL00307,CUST000850,2017-12-16 03:28:13,4,customer_changed_mind,1780.48
RET000399,ORD0024707,1,PROD00294,SELL00283,CUST003029,2018-01-31 07:02:43,1,customer_changed_mind,247.56
RET000400,ORD0005285,2,PROD01567,SELL00170,CUST002648,2018-01-01 09:42:11,3,customer_changed_mind,780.63
RET000401,ORD0016216,1,PROD01817,SELL00310,CUST009535,2018-05-20 06:03:29,3,customer_changed_mind,208.44
RET000402,ORD0021883,1,PROD00122,SELL00035,CUST001543,2017-04-14 04:10:50,2,customer_changed_mind,109.2
RET000403,ORD0012004,2,PROD00643,SELL00174,CUST001179,2018-01-23 09:10:14,2,customer_changed_mind,123.72
RET000404,ORD0014747,1,PROD01436,SELL00211,CUST000715,2017-07-07 13:15:23,1,customer_changed_mind,295.48
RET000405,ORD0009919,2,PROD01987,SELL00369,CUST006332,2018-07-07 18:15:11,1,customer_changed_mind,48.08
RET000406,ORD0020662,2,PROD00779,SELL00212,CUST008548,2017-01-25 03:56:13,1,customer_changed_mind,478.97
RET000407,ORD0024755,1,PROD01924,SELL00186,CUST008500,2017-07-18 19:02:57,1,customer_changed_mind,84.2
RET000408,ORD0007554,1,PROD01146,SELL00126,CUST003475,2017-11-30 04:32:29,1,customer_changed_mind,23.25
RET000409,ORD0006637,1,PROD01854,SELL00185,CUST008644,2017-06-18 11:13:57,2,customer_changed_mind,162.86
RET000410,ORD0008174,1,PROD01804,SELL00342,CUST008615,2017-11-19 20:54:12,1,customer_changed_mind,68.47
RET000411,ORD0021633,1,PROD01680,SELL00046,CUST000268,2017-12-21 02:24:01,1,customer_changed_mind,125.35
RET000412,ORD0002720,1,PROD01360,SELL00255,CUST005474,2018-08-22 01:11:39,1,customer_changed_mind,204.93
RET000413,ORD0017709,1,PROD00139,SELL00287,CUST004255,2018-03-27 22:43:12,1,customer_changed_mind,339.05
RET000414,ORD0004278,2,PROD00213,SELL00101,CUST008622,2017-12-16 20:36:28,1,customer_changed_mind,137.18
RET000415,ORD0010110,1,PROD01460,SELL00089,CUST002514,2018-02-13 21:05:44,1,customer_changed_mind,111.94
RET000416,ORD0015658,1,PROD01373,SELL00237,CUST002276,2018-01-21 08:56:49,1,customer_changed_mind,39.51
RET000417,ORD0015166,2,PROD01029,SELL00330,CUST004216,2018-08-01 00:15:20,1,customer_changed_mind,87.95
RET000418,ORD0016086,1,PROD00940,SELL00080,CUST005340,2017-06-22 02:07:32,3,customer_changed_mind,418.17
RET000419,ORD0013400,1,PROD00046,SELL00350,CUST004287,2017-04-02 20:17:42,1,customer_changed_mind,83.9
RET000420,ORD0024992,1,PROD00446,SELL00283,CUST001858,2018-09-10 21:34:24,2,customer_changed_mind,184.48
RET000421,ORD0022685,1,PROD00613,SELL00018,CUST006804,2018-03-08 08:49:08,1,customer_changed_mind,49.99
RET000422,ORD0022617,1,PROD01804,SELL00390,CUST001623,2018-06-27 04:10:39,1,customer_changed_mind,68.47
RET000423,ORD0017489,1,PROD00253,SELL00132,CUST003805,2018-04-26 11:04:09,1,customer_changed_mind,445.12
RET000424,ORD0016149,1,PROD01061,SELL00344,CUST003205,2017-05-13 06:03:28,1,customer_changed_mind,48.16
RET000425,ORD0022637,1,PROD00149,SELL00208,CUST002730,2018-09-16 08:36:47,1,customer_changed_mind,103.11
RET000426,ORD0005448,1,PROD01317,SELL00260,CUST006517,2017-09-18 10:07:43,1,customer_changed_mind,379.34
RET000427,ORD0018193,2,PROD00858,SELL00138,CUST007224,2017-03-15 05:12:54,2,customer_changed_mind,250.62
RET000428,ORD0004441,2,PROD00508,SELL00171,CUST009199,2017-05-28 13:25:52,1,customer_changed_mind,125.37
RET000429,ORD0014935,1,PROD01673,SELL00090,CUST003558,2018-09-07 12:40:09,3,customer_changed_mind,364.47
RET000430,ORD0020679,1,PROD00946,SELL00144,CUST001318,2017-04-16 22:36:44,1,customer_changed_mind,34.09
RET000431,ORD0005772,1,PROD01633,SELL00096,CUST000488,2018-01-02 08:30:55,1,customer_changed_mind,390.49
RET000432,ORD0001448,1,PROD01597,SELL00259,CUST004812,2018-01-28 08:53:54,2,customer_changed_mind,731.28
RET000433,ORD0017457,2,PROD01544,SELL00356,CUST008954,2018-08-05 17:20:30,1,customer_changed_mind,287.55
RET000434,ORD0021160,1,PROD01833,SELL00141,CUST009758,2018-09-18 20:40:36,4,customer_changed_mind,500.32
RET000435,ORD0006479,2,PROD00572,SELL00194,CUST008710,2018-08-10 15:46:00,1,customer_changed_mind,106.36
RET000436,ORD0008510,1,PROD01918,SELL00118,CUST006823,2018-04-24 04:14:04,1,customer_changed_mind,138.68
RET000437,ORD0002727,1,PROD00755,SELL00206,CUST002447,2017-02-16 11:50:32,3,customer_changed_mind,1323.45
RET000438,ORD0024826,1,PROD00515,SELL00167,CUST003893,2018-03-01 19:26:28,1,customer_changed_mind,59.25
RET000439,ORD0009600,1,PROD01057,SELL00246,CUST001113,2017-06-30 23:59:20,1,customer_changed_mind,46.13
RET000440,ORD0005206,1,PROD01636,SELL00353,CUST007358,2017-02-17 15:00:15,1,customer_changed_mind,307.1
RET000441,ORD0006944,1,PROD01519,SELL00284,CUST004250,2018-01-12 03:01:04,2,customer_changed_mind,432.12
RET000442,ORD0010254,2,PROD00631,SELL00024,CUST001308,2017-03-04 16:30:44,1,customer_changed_mind,111.82
RET000443,ORD0014829,3,PROD01754,SELL00187,CUST004912,2018-07-19 20:05:31,1,customer_changed_mind,34.95
RET000444,ORD0003775,2,PROD00039,SELL00175,CUST002316,2017-05-23 02:55:58,2,customer_changed_mind,99.2
RET000445,ORD0010845,1,PROD01151,SELL00361,CUST004899,2018-06-21 07:54:33,1,customer_changed_mind,81.56
RET000446,ORD0013518,2,PROD00144,SELL00133,CUST002948,2018-08-21 23:52:00,1,customer_changed_mind,91.77
RET000447,ORD0007280,2,PROD00253,SELL00094,CUST002063,2017-04-23 00:55:13,1,customer_changed_mind,445.12
RET000448,ORD0018079,1,PROD00740,SELL00011,CUST003813,2018-03-30 11:29:44,1,customer_changed_mind,104.78
RET000449,ORD0018095,1,PROD01846,SELL00004,CUST003645,2017-12-17 10:38:32,1,customer_changed_mind,162.28
RET000450,ORD0011709,1,PROD01808,SELL00231,CUST001752,2017-11-03 15:20:53,1,customer_changed_mind,117.97
RET000451,ORD0001505,1,PROD00754,SELL00398,CUST003925,2017-01-17 20:00:01,1,customer_changed_mind,41.67
RET000452,ORD0007785,1,PROD00969,SELL00061,CUST005530,2017-12-18 04:59:08,1,customer_changed_mind,172.33
RET000453,ORD0023672,1,PROD01434,SELL00363,CUST005914,2017-08-19 03:01:23,1,customer_changed_mind,128.1
RET000454,ORD0017576,1,PROD01314,SELL00295,CUST001029,2017-03-03 19:13:28,4,customer_changed_mind,819.28
RET000455,ORD0016769,1,PROD01684,SELL00369,CUST003849,2017-03-13 12:21:16,3,customer_changed_mind,501.42
RET000456,ORD0022752,1,PROD00776,SELL00039,CUST001997,2017-03-18 09:11:39,1,customer_changed_mind,109.89
RET000457,ORD0019457,1,PROD00446,SELL00147,CUST003359,2017-08-12 12:45:39,2,customer_changed_mind,184.48
RET000458,ORD0000084,1,PROD00479,SELL00242,CUST004296,2018-08-30 01:57:21,1,customer_changed_mind,364.0
RET000459,ORD0016506,1,PROD00763,SELL00261,CUST009305,2018-03-16 14:00:09,1,customer_changed_mind,136.86
RET000460,ORD0001747,1,PROD01838,SELL00073,CUST002477,2018-06-14 16:30:17,2,customer_changed_mind,54.72
RET000461,ORD0020158,1,PROD01002,SELL00123,CUST004102,2017-11-13 21:52:23,2,customer_changed_mind,420.26
RET000462,ORD0018473,3,PROD01634,SELL00253,CUST004832,2017-03-19 06:55:23,2,customer_changed_mind,117.38
RET000463,ORD0010155,3,PROD00059,SELL00371,CUST008684,2017-02-05 01:54:17,3,customer_changed_mind,1970.7
RET000464,ORD0017970,1,PROD00884,SELL00196,CUST006901,2017-01-16 23:15:19,2,customer_changed_mind,170.5
RET000465,ORD0004558,1,PROD01274,SELL00303,CUST002907,2018-08-30 20:04:55,3,customer_changed_mind,235.98
RET000466,ORD0018019,1,PROD01223,SELL00225,CUST009844,2018-07-03 10:17:15,1,customer_changed_mind,33.54
RET000467,ORD0006680,1,PROD00459,SELL00231,CUST002319,2018-03-10 06:25:56,1,customer_changed_mind,47.57
RET000468,ORD0015555,1,PROD01969,SELL00247,CUST003727,2018-05-18 08:16:02,1,customer_changed_mind,33.99
RET000469,ORD0013786,2,PROD00915,SELL00378,CUST001292,2017-04-20 07:11:32,2,customer_changed_mind,299.62
RET000470,ORD0022480,2,PROD00340,SELL00222,CUST003275,2018-07-30 12:02:01,2,customer_changed_mind,467.84
RET000471,ORD0000785,1,PROD01543,SELL00153,CUST003016,2017-03-07 22:36:56,1,customer_changed_mind,69.28
RET000472,ORD0020805,1,PROD00308,SELL00207,CUST004399,2018-04-14 06:46:01,5,customer_changed_mind,523.9
RET000473,ORD0003944,1,PROD00432,SELL00317,CUST000863,2018-08-27 04:58:33,1,customer_changed_mind,295.68
RET000474,ORD0016805,3,PROD01244,SELL00355,CUST009577,2018-02-22 01:04:52,3,customer_changed_mind,790.86
RET000475,ORD0009040,3,PROD00085,SELL00342,CUST000012,2018-05-12 18:09:07,1,customer_changed_mind,64.32
RET000476,ORD0024159,1,PROD01108,SELL00206,CUST005635,2018-08-24 13:55:07,1,customer_changed_mind,35.47
RET000477,ORD0024716,1,PROD01934,SELL00232,CUST000791,2017-08-14 09:20:43,1,customer_changed_mind,133.85
RET000478,ORD0006072,1,PROD01435,SELL00298,CUST008307,2017-09-08 17:43:03,1,customer_changed_mind,44.48
RET000479,ORD0002524,1,PROD01459,SELL00319,CUST000210,2018-05-01 09:39:00,1,customer_changed_mind,27.39
RET000480,ORD0019776,1,PROD00860,SELL00327,CUST006897,2017-01-31 09:48:48,1,customer_changed_mind,27.34
RET000481,ORD0022507,1,PROD00307,SELL00376,CUST000158,2017-03-03 09:54:17,1,customer_changed_mind,53.34
RET000482,ORD0013611,1,PROD01806,SELL00145,CUST009183,2017-07-04 21:45:36,1,customer_changed_mind,322.7
RET000483,ORD0023096,1,PROD01546,SELL00128,CUST006319,2018-09-14 19:43:58,1,customer_changed_mind,227.43
RET000484,ORD0004017,1,PROD01256,SELL00331,CUST004539,2017-07-24 06:35:55,1,customer_changed_mind,61.47
RET000485,ORD0020927,1,PROD00961,SELL00357,CUST005449,2018-06-13 04:36:42,4,customer_changed_mind,140.76
RET000486,ORD0023632,1,PROD01027,SELL00215,CUST001082,2017-11-15 04:21:51,1,customer_changed_mind,130.98
RET000487,ORD0006328,1,PROD00081,SELL00018,CUST005596,2017-03-06 18:26:33,1,customer_changed_mind,99.93
RET000488,ORD0000014,1,PROD01843,SELL00265,CUST003296,2017-11-23 04:42:36,2,customer_changed_mind,89.6
RET000489,ORD0017617,2,PROD00532,SELL00185,CUST009716,2017-09-08 14:37:35,1,customer_changed_mind,57.84
RET000490,ORD0016384,1,PROD00070,SELL00246,CUST009328,2017-08-02 08:25:23,1,customer_changed_mind,45.27
RET000491,ORD0001862,1,PROD01392,SELL00249,CUST001712,2018-06-29 17:24:19,1,customer_changed_mind,56.95
RET000492,ORD0016548,2,PROD00740,SELL00064,CUST009326,2017-04-23 15:00:02,2,customer_changed_mind,209.56
RET000493,ORD0013256,3,PROD00097,SELL00147,CUST001333,2018-04-19 04:59:20,1,customer_changed_mind,51.14
RET000494,ORD0018977,1,PROD01472,SELL00270,CUST002774,2017-10-26 14:59:28,1,customer_changed_mind,41.75
RET000495,ORD0010572,1,PROD00385,SELL00020,CUST005492,2018-05-23 14:59:48,1,customer_changed_mind,64.8
RET000496,ORD0015828,2,PROD01295,SELL00359,CUST008153,2018-08-17 16:18:00,1,customer_changed_mind,144.0
RET000497,ORD0023530,1,PROD01556,SELL00061,CUST000195,2017-04-11 02:53:13,1,customer_changed_mind,133.25
RET000498,ORD0001632,1,PROD01103,SELL00385,CUST006123,2017-04-05 13:32:53,1,customer_changed_mind,72.13
RET000499,ORD0012546,1,PROD01496,SELL00237,CUST005497,2018-05-04 23:23:01,3,customer_changed_mind,182.76
RET000500,ORD0022874,2,PROD00880,SELL00014,CUST003731,2017-09-12 12:32:23,1,customer_changed_mind,100.8
RET000501,ORD0000602,1,PROD00993,SELL00365,CUST007211,2018-05-27 13:14:46,4,customer_changed_mind,293.96
RET000502,ORD0005351,1,PROD00810,SELL00086,CUST001423,2018-07-19 18:23:22,2,customer_changed_mind,49.46
RET000503,ORD0005222,1,PROD01119,SELL00004,CUST006073,2018-06-23 00:29:09,1,customer_changed_mind,179.77
RET000504,ORD0005925,1,PROD01721,SELL00184,CUST008842,2017-01-23 05:30:42,1,customer_changed_mind,271.56
RET000505,ORD0021247,3,PROD00878,SELL00212,CUST008064,2017-03-17 01:58:05,1,customer_changed_mind,68.56
RET000506,ORD0006015,1,PROD01477,SELL00153,CUST002482,2017-02-27 22:17:34,1,customer_changed_mind,48.67
RET000507,ORD0001437,1,PROD01671,SELL00143,CUST000277,2018-04-20 17:53:09,1,customer_changed_mind,85.39
RET000508,ORD0005464,1,PROD00446,SELL00350,CUST009727,2018-01-11 03:34:46,1,customer_changed_mind,92.24
RET000509,ORD0002106,1,PROD00425,SELL00235,CUST007220,2018-07-12 20:47:53,1,customer_changed_mind,56.44
RET000510,ORD0000145,1,PROD01773,SELL00082,CUST000830,2017-11-04 00:33:11,1,customer_changed_mind,104.28
RET000511,ORD0018763,1,PROD00200,SELL00351,CUST005566,2017-03-08 11:27:44,1,customer_changed_mind,158.12
RET000512,ORD0006025,2,PROD01584,SELL00149,CUST004356,2017-09-17 05:56:35,4,customer_changed_mind,548.24
RET000513,ORD0010729,1,PROD01085,SELL00020,CUST002532,2017-02-11 04:05:49,1,customer_changed_mind,86.96
RET000514,ORD0003486,1,PROD00017,SELL00269,CUST001471,2017-09-05 07:53:16,1,customer_changed_mind,188.58
RET000515,ORD0022556,1,PROD00418,SELL00068,CUST004125,2018-01-29 23:44:43,1,customer_changed_mind,41.35
RET000516,ORD0001103,1,PROD00291,SELL00378,CUST005315,2018-02-28 04:47:48,3,customer_changed_mind,349.53
RET000517,ORD0019307,1,PROD00931,SELL00336,CUST002984,2017-07-12 05:14:33,2,customer_changed_mind,286.78
RET000518,ORD0012671,2,PROD00523,SELL00082,CUST004801,2017-10-27 04:51:21,1,customer_changed_mind,56.63
RET000519,ORD0012367,1,PROD00941,SELL00236,CUST008532,2017-12-06 16:59:37,1,customer_changed_mind,36.3
RET000520,ORD0024402,1,PROD00611,SELL00247,CUST008698,2018-03-07 09:32:58,1,customer_changed_mind,37.14
RET000521,ORD0011243,1,PROD00397,SELL00280,CUST009299,2017-08-03 03:32:00,4,customer_changed_mind,349.28
RET000522,ORD0024866,1,PROD01565,SELL00251,CUST000343,2018-08-12 20:53:35,2,customer_changed_mind,375.12
RET000523,ORD0018959,2,PROD00151,SELL00240,CUST004580,2017-03-21 06:08:17,2,customer_changed_mind,243.76
RET000524,ORD0011567,1,PROD01150,SELL00211,CUST008977,2017-04-08 17:06:32,1,customer_changed_mind,153.51
RET000525,ORD0019337,1,PROD00982,SELL00159,CUST002205,2018-06-27 17:41:15,1,customer_changed_mind,465.53
RET000526,ORD0008084,1,PROD01157,SELL00148,CUST000209,2018-06-09 01:10:49,1,customer_changed_mind,300.65
RET000527,ORD0012630,1,PROD01034,SELL00384,CUST000720,2018-09-01 18:59:45,3,customer_changed_mind,684.69
RET000528,ORD0011591,1,PROD01072,SELL00346,CUST003229,2018-09-15 22:02:40,1,customer_changed_mind,64.32
RET000529,ORD0007224,2,PROD00670,SELL00005,CUST007603,2018-06-28 13:09:59,1,customer_changed_mind,146.19
RET000530,ORD0017551,1,PROD01383,SELL00129,CUST006450,2018-06-28 01:31:40,1,customer_changed_mind,91.56
RET000531,ORD0011052,1,PROD00540,SELL00182,CUST006586,2018-08-17 11:13:04,1,customer_changed_mind,52.55
RET000532,ORD0019213,1,PROD00069,SELL00170,CUST001684,2017-04-19 01:10:55,3,customer_changed_mind,189.51
RET000533,ORD0000894,2,PROD00424,SELL00283,CUST002775,2017-11-04 03:00:43,1,customer_changed_mind,44.32
RET000534,ORD0021163,1,PROD00479,SELL00151,CUST003523,2017-09-23 23:10:49,1,customer_changed_mind,364.0
RET000535,ORD0007816,1,PROD00353,SELL00286,CUST005833,2017-06-11 23:18:34,1,customer_changed_mind,60.01
RET000536,ORD0008507,1,PROD01998,SELL00169,CUST007602,2018-08-05 00:42:37,1,customer_changed_mind,165.84
RET000537,ORD0014580,1,PROD01772,SELL00022,CUST005423,2018-09-04 09:10:35,1,customer_changed_mind,212.8
RET000538,ORD0007007,2,PROD01635,SELL00243,CUST005595,2017-01-27 05:39:26,3,customer_changed_mind,171.36
RET000539,ORD0014436,1,PROD00664,SELL00038,CUST009641,2017-02-25 08:54:47,2,customer_changed_mind,58.54
RET000540,ORD0015843,1,PROD01049,SELL00156,CUST006347,2017-08-02 19:53:55,1,customer_changed_mind,90.57
RET000541,ORD0023162,1,PROD01242,SELL00064,CUST003191,2017-05-29 02:15:53,3,customer_changed_mind,295.74
RET000542,ORD0024294,1,PROD01424,SELL00188,CUST006491,2018-05-09 19:24:31,1,customer_changed_mind,121.26
RET000543,ORD0018165,1,PROD01649,SELL00377,CUST009847,2017-11-23 22:29:14,1,customer_changed_mind,52.89
RET000544,ORD0010209,1,PROD00776,SELL00077,CUST001905,2017-11-24 01:40:35,1,customer_changed_mind,109.89
RET000545,ORD0012784,3,PROD01440,SELL00147,CUST004163,2017-11-27 16:50:28,1,customer_changed_mind,64.23
RET000546,ORD0016880,1,PROD00037,SELL00048,CUST001903,2017-03-31 07:35:13,1,customer_changed_mind,110.89
RET000547,ORD0005532,1,PROD00081,SELL00104,CUST007247,2018-08-11 14:54:29,1,customer_changed_mind,99.93
RET000548,ORD0008529,2,PROD00526,SELL00247,CUST007844,2017-08-04 14:06:50,1,customer_changed_mind,60.34
RET000549,ORD0015442,1,PROD00395,SELL00110,CUST000592,2018-06-03 19:32:38,1,customer_changed_mind,86.87
RET000550,ORD0006294,1,PROD01794,SELL00331,CUST009997,2018-04-29 23:47:03,1,customer_changed_mind,193.14
RET000551,ORD0006216,1,PROD00755,SELL00055,CUST009367,2017-02-23 19:26:07,1,customer_changed_mind,441.15
RET000552,ORD0024602,1,PROD01461,SELL00129,CUST003292,2017-11-12 03:04:41,1,customer_changed_mind,89.77
RET000553,ORD0006250,1,PROD00714,SELL00017,CUST002631,2017-10-20 22:08:45,1,customer_changed_mind,45.5
RET000554,ORD0002513,2,PROD01543,SELL00131,CUST004418,2018-01-30 16:12:58,1,customer_changed_mind,69.28
RET000555,ORD0022066,2,PROD01531,SELL00178,CUST008005,2018-04-15 01:14:59,1,customer_changed_mind,30.74
RET000556,ORD0005006,1,PROD01960,SELL00288,CUST000703,2017-03-05 20:26:24,1,customer_changed_mind,110.83
RET000557,ORD0004624,1,PROD01786,SELL00107,CUST002556,2018-02-14 01:48:20,1,customer_changed_mind,153.45
RET000558,ORD0020582,2,PROD00769,SELL00253,CUST006377,2018-07-14 19:59:49,1,customer_changed_mind,390.7
RET000559,ORD0004485,2,PROD00174,SELL00307,CUST006309,2017-11-23 22:25:03,1,customer_changed_mind,70.34
RET000560,ORD0016168,1,PROD00169,SELL00337,CUST006576,2017-05-26 14:35:09,1,customer_changed_mind,104.02
RET000561,ORD0000731,1,PROD01531,SELL00223,CUST001781,2018-04-05 09:23:39,1,customer_changed_mind,30.74
RET000562,ORD0009378,1,PROD01750,SELL00143,CUST008584,2017-04-03 10:10:33,1,customer_changed_mind,61.71
RET000563,ORD0005007,1,PROD00419,SELL00318,CUST009755,2017-04-09 03:05:56,1,customer_changed_mind,22.28
RET000564,ORD0016990,1,PROD00481,SELL00307,CUST004450,2017-02-20 05:41:22,1,customer_changed_mind,69.62
RET000565,ORD0000188,1,PROD00394,SELL00318,CUST007055,2017-07-15 00:43:46,1,customer_changed_mind,30.61
RET000566,ORD0009101,1,PROD01951,SELL00248,CUST002264,2017-12-02 05:22:25,1,customer_changed_mind,263.79
RET000567,ORD0019550,1,PROD00309,SELL00356,CUST001211,2017-06-01 13:32:31,1,customer_changed_mind,21.4
RET000568,ORD0011234,1,PROD00646,SELL00133,CUST004743,2018-05-27 21:56:41,1,customer_changed_mind,41.65
RET000569,ORD0015763,1,PROD01462,SELL00263,CUST005082,2018-05-02 06:36:58,1,customer_changed_mind,51.17
RET000570,ORD0001909,1,PROD00362,SELL00373,CUST004914,2017-10-29 22:00:31,2,customer_changed_mind,303.96
RET000571,ORD0024196,1,PROD00412,SELL00285,CUST009067,2017-05-06 14:57:53,4,customer_changed_mind,405.12
RET000572,ORD0015988,1,PROD00136,SELL00012,CUST002783,2018-06-20 17:10:19,1,customer_changed_mind,26.99
RET000573,ORD0017205,1,PROD01959,SELL00053,CUST008909,2018-06-06 09:53:40,1,customer_changed_mind,99.6
RET000574,ORD0018440,1,PROD01064,SELL00121,CUST007222,2018-04-23 20:49:51,1,customer_changed_mind,209.11
RET000575,ORD0010492,2,PROD00184,SELL00163,CUST002038,2018-01-17 18:44:54,1,customer_changed_mind,44.74
RET000576,ORD0003690,1,PROD01237,SELL00080,CUST004326,2018-07-25 18:58:32,3,customer_changed_mind,164.7
RET000577,ORD0022569,1,PROD01551,SELL00170,CUST005839,2017-05-03 13:30:56,3,customer_changed_mind,78.99
RET000578,ORD0009535,1,PROD01849,SELL00127,CUST007136,2018-08-27 09:36:20,1,customer_changed_mind,58.97
RET000579,ORD0010208,1,PROD01682,SELL00277,CUST002119,2017-05-26 19:26:37,1,customer_changed_mind,51.25
RET000580,ORD0006538,1,PROD01713,SELL00323,CUST004188,2017-10-16 03:32:03,3,customer_changed_mind,69.9
RET000581,ORD0016562,1,PROD00236,SELL00145,CUST009290,2017-08-01 11:52:13,3,customer_changed_mind,156.45
RET000582,ORD0012109,2,PROD00604,SELL00349,CUST009885,2018-05-19 07:26:19,2,customer_changed_mind,315.96
RET000583,ORD0020205,2,PROD00226,SELL00156,CUST007613,2018-04-06 22:19:58,1,customer_changed_mind,49.38
RET000584,ORD0012243,2,PROD01128,SELL00367,CUST008576,2017-08-13 22:36:52,1,customer_changed_mind,63.83
RET000585,ORD0019862,1,PROD01051,SELL00119,CUST001045,2017-02-22 01:31:33,2,customer_changed_mind,125.3
RET000586,ORD0001284,1,PROD00360,SELL00394,CUST007466,2017-03-28 12:32:52,4,customer_changed_mind,482.6
RET000587,ORD0009712,1,PROD01087,SELL00028,CUST008776,2018-07-15 01:53:47,1,customer_changed_mind,79.84
RET000588,ORD0020607,2,PROD00033,SELL00076,CUST006580,2017-02-24 10:03:10,2,customer_changed_mind,88.56
RET000589,ORD0014525,1,PROD00689,SELL00375,CUST009386,2018-02-25 01:05:54,2,customer_changed_mind,185.98
RET000590,ORD0012920,1,PROD01242,SELL00265,CUST006097,2017-03-15 08:11:14,2,customer_changed_mind,197.16
RET000591,ORD0018994,1,PROD01478,SELL00142,CUST008885,2018-02-24 16:00:00,1,customer_changed_mind,271.48
RET000592,ORD0024316,2,PROD00017,SELL00142,CUST001771,2017-02-08 18:17:08,2,customer_changed_mind,377.16
RET000593,ORD0015070,1,PROD01114,SELL00393,CUST004925,2017-03-21 21:08:18,1,customer_changed_mind,95.91
RET000594,ORD0000538,1,PROD00661,SELL00294,CUST007696,2018-09-03 12:36:34,1,customer_changed_mind,47.01
RET000595,ORD0023365,3,PROD01817,SELL00278,CUST009422,2018-10-02 22:44:10,1,customer_changed_mind,69.48
RET000596,ORD0017432,2,PROD00840,SELL00316,CUST008242,2017-01-14 12:58:21,1,customer_changed_mind,276.65
RET000597,ORD0022217,1,PROD00849,SELL00079,CUST000786,2018-06-08 17:03:00,1,customer_changed_mind,327.95
RET000598,ORD0003517,2,PROD01380,SELL00174,CUST000058,2017-09-25 21:52:57,1,customer_changed_mind,180.82
RET000599,ORD0013226,1,PROD01807,SELL00294,CUST008149,2017-01-31 15:34:31,2,customer_changed_mind,114.94
RET000600,ORD0016709,1,PROD00962,SELL00213,CUST002160,2017-08-24 09:23:05,1,customer_changed_mind,43.96
RET000601,ORD0024816,1,PROD00431,SELL00037,CUST004039,2017-05-09 14:50:30,4,customer_changed_mind,306.12
RET000602,ORD0009042,2,PROD00772,SELL00216,CUST005544,2018-09-12 17:13:44,1,customer_changed_mind,55.34
RET000603,ORD0000868,1,PROD00548,SELL00164,CUST006012,2018-08-01 06:02:22,2,customer_changed_mind,87.04
RET000604,ORD0003485,3,PROD01116,SELL00261,CUST003524,2017-11-07 22:29:31,1,customer_changed_mind,27.64
RET000605,ORD0011155,1,PROD01430,SELL00054,CUST005375,2018-01-26 22:31:44,3,customer_changed_mind,98.64
RET000606,ORD0024482,1,PROD00653,SELL00182,CUST002213,2018-07-10 14:55:12,1,customer_changed_mind,29.64
RET000607,ORD0005455,1,PROD00258,SELL00389,CUST006014,2018-06-27 00:14:47,1,customer_changed_mind,14.8
RET000608,ORD0010122,1,PROD01096,SELL00068,CUST006457,2018-01-12 09:26:09,1,customer_changed_mind,77.28
RET000609,ORD0001879,4,PROD01873,SELL00022,CUST009435,2018-05-20 14:06:45,1,customer_changed_mind,273.87
RET000610,ORD0017357,2,PROD00740,SELL00159,CUST006283,2017-04-22 06:59:03,5,customer_changed_mind,523.9
RET000611,ORD0014981,1,PROD00873,SELL00298,CUST007069,2018-01-20 19:41:13,1,customer_changed_mind,44.73
RET000612,ORD0000816,1,PROD00259,SELL00164,CUST006219,2017-10-13 03:00:06,1,customer_changed_mind,36.85
RET000613,ORD0002304,1,PROD00533,SELL00338,CUST008246,2018-05-25 02:34:51,3,customer_changed_mind,105.27
RET000614,ORD0005481,1,PROD01819,SELL00047,CUST004167,2017-06-15 12:39:58,4,customer_changed_mind,549.24
RET000615,ORD0018114,2,PROD00472,SELL00225,CUST009845,2017-04-09 00:26:04,3,customer_changed_mind,560.85
RET000616,ORD0008860,1,PROD00667,SELL00223,CUST006778,2017-06-27 15:20:50,4,customer_changed_mind,125.76
RET000617,ORD0009857,1,PROD00300,SELL00370,CUST001816,2017-11-09 11:21:40,3,customer_changed_mind,152.55
RET000618,ORD0016385,1,PROD01491,SELL00081,CUST000645,2018-01-25 14:01:58,1,customer_changed_mind,58.51
RET000619,ORD0021696,3,PROD00568,SELL00217,CUST007019,2017-06-16 22:34:14,1,customer_changed_mind,31.69
RET000620,ORD0011435,1,PROD01601,SELL00234,CUST007409,2017-08-29 20:15:14,1,customer_changed_mind,520.72
RET000621,ORD0000561,1,PROD01859,SELL00128,CUST002392,2017-02-13 09:31:56,1,customer_changed_mind,249.29
RET000622,ORD0021931,1,PROD00933,SELL00235,CUST004030,2017-04-06 08:49:08,1,customer_changed_mind,69.69
RET000623,ORD0022294,1,PROD01906,SELL00238,CUST001045,2018-03-07 13:50:29,1,customer_changed_mind,146.44
RET000624,ORD0003405,1,PROD01504,SELL00226,CUST005244,2018-05-26 12:39:46,4,customer_changed_mind,212.92
RET000625,ORD0001841,2,PROD00253,SELL00253,CUST004637,2017-12-14 03:40:44,1,customer_changed_mind,445.12
RET000626,ORD0007478,1,PROD01845,SELL00106,CUST002591,2017-12-06 03:01:30,1,customer_changed_mind,15.37
RET000627,ORD0011606,1,PROD01987,SELL00128,CUST001908,2018-03-30 05:53:12,2,customer_changed_mind,96.16
RET000628,ORD0022208,2,PROD01019,SELL00162,CUST008563,2018-02-03 04:14:06,2,customer_changed_mind,365.12
RET000629,ORD0004406,1,PROD01912,SELL00073,CUST006923,2018-01-30 23:12:42,2,customer_changed_mind,71.26
RET000630,ORD0008761,1,PROD00449,SELL00278,CUST007991,2018-02-24 16:42:49,1,customer_changed_mind,81.87
RET000631,ORD0003826,1,PROD01981,SELL00016,CUST006362,2018-06-21 20:01:13,3,customer_changed_mind,95.46
RET000632,ORD0021427,1,PROD00963,SELL00320,CUST000630,2017-12-28 04:59:36,1,customer_changed_mind,79.61
RET000633,ORD0014072,1,PROD01482,SELL00117,CUST001143,2017-02-19 14:23:08,2,customer_changed_mind,221.0
RET000634,ORD0022106,1,PROD00958,SELL00322,CUST006622,2017-04-08 17:34:46,1,customer_changed_mind,62.01
RET000635,ORD0003829,2,PROD00482,SELL00195,CUST001766,2018-09-16 07:39:46,1,customer_changed_mind,33.02
RET000636,ORD0016041,2,PROD00971,SELL00129,CUST001859,2018-06-14 06:36:32,1,customer_changed_mind,205.08
RET000637,ORD0005491,1,PROD01509,SELL00145,CUST008139,2018-03-08 04:40:19,1,customer_changed_mind,28.42
RET000638,ORD0012755,1,PROD01592,SELL00377,CUST002357,2017-03-25 09:30:11,1,customer_changed_mind,134.8
RET000639,ORD0021334,1,PROD00432,SELL00309,CUST006451,2017-02-20 21:52:57,3,customer_changed_mind,887.04
RET000640,ORD0021399,1,PROD01023,SELL00291,CUST004964,2017-04-30 12:40:39,1,customer_changed_mind,126.67
RET000641,ORD0012182,1,PROD01640,SELL00318,CUST005796,2017-05-26 07:45:47,1,customer_changed_mind,62.86
RET000642,ORD0004990,1,PROD00171,SELL00036,CUST006673,2018-03-29 08:45:23,3,customer_changed_mind,118.44
RET000643,ORD0022619,2,PROD00180,SELL00054,CUST004898,2018-05-12 12:44:15,3,customer_changed_mind,1038.51
RET000644,ORD0017083,2,PROD00453,SELL00243,CUST003864,2018-06-07 18:15:08,1,customer_changed_mind,48.2
RET000645,ORD0014696,2,PROD00903,SELL00258,CUST009138,2017-02-03 05:55:38,1,customer_changed_mind,84.42
RET000646,ORD0006411,1,PROD01705,SELL00088,CUST003108,2017-07-08 14:44:36,1,customer_changed_mind,56.47
RET000647,ORD0012977,1,PROD01242,SELL00126,CUST000630,2018-01-28 01:29:55,3,customer_changed_mind,295.74
RET000648,ORD0014028,1,PROD01873,SELL00336,CUST006573,2017-07-07 21:59:42,2,customer_changed_mind,547.74
RET000649,ORD0007092,3,PROD01507,SELL00217,CUST004698,2018-01-07 11:10:26,1,customer_changed_mind,142.74
RET000650,ORD0016352,1,PROD00579,SELL00127,CUST002427,2017-07-10 12:03:05,1,customer_changed_mind,173.3
RET000651,ORD0015282,1,PROD00091,SELL00353,CUST002628,2017-10-13 21:47:35,1,customer_changed_mind,96.46
RET000652,ORD0021518,1,PROD00481,SELL00395,CUST006247,2017-07-09 12:34:27,2,customer_changed_mind,139.24
RET000653,ORD0008936,1,PROD01093,SELL00300,CUST008185,2017-11-29 11:15:32,1,customer_changed_mind,54.11
RET000654,ORD0011820,1,PROD01805,SELL00338,CUST002410,2017-05-20 08:39:55,1,customer_changed_mind,46.73
RET000655,ORD0014214,1,PROD00077,SELL00374,CUST001367,2018-08-05 22:04:28,1,customer_changed_mind,74.0
RET000656,ORD0000631,1,PROD01251,SELL00321,CUST001066,2017-05-15 02:22:26,2,customer_changed_mind,646.06
RET000657,ORD0017600,1,PROD01512,SELL00148,CUST000496,2018-04-02 12:54:55,2,customer_changed_mind,70.9
RET000658,ORD0008244,1,PROD01502,SELL00395,CUST001098,2017-10-12 20:34:09,1,customer_changed_mind,39.9
RET000659,ORD0013600,1,PROD00368,SELL00090,CUST004003,2017-05-27 07:16:46,2,customer_changed_mind,399.48
RET000660,ORD0024749,1,PROD01060,SELL00371,CUST008070,2017-07-11 09:33:01,1,customer_changed_mind,129.29
RET000661,ORD0010995,1,PROD01649,SELL00205,CUST003961,2017-01-15 21:50:47,2,customer_changed_mind,105.78
RET000662,ORD0014400,1,PROD00976,SELL00061,CUST000901,2017-07-05 10:47:52,3,customer_changed_mind,384.63
RET000663,ORD0023590,1,PROD01911,SELL00265,CUST007752,2017-10-12 00:33:35,1,customer_changed_mind,125.28
RET000664,ORD0008757,1,PROD01557,SELL00125,CUST000073,2018-07-25 02:12:51,1,customer_changed_mind,30.44
RET000665,ORD0022177,2,PROD01536,SELL00290,CUST006102,2018-07-01 18:27:53,2,customer_changed_mind,132.38
RET000666,ORD0002680,2,PROD00861,SELL00019,CUST006406,2018-07-31 11:30:14,1,customer_changed_mind,175.03
RET000667,ORD0001186,1,PROD00208,SELL00075,CUST005431,2017-07-26 23:54:57,1,customer_changed_mind,166.6
RET000668,ORD0022330,1,PROD00417,SELL00040,CUST003715,2017-07-22 05:47:17,2,customer_changed_mind,369.4
RET000669,ORD0010710,1,PROD00677,SELL00400,CUST000568,2018-03-26 04:29:08,3,customer_changed_mind,454.95
RET000670,ORD0006596,1,PROD00322,SELL00400,CUST007193,2017-05-17 21:19:49,1,customer_changed_mind,268.28
RET000671,ORD0015375,1,PROD01016,SELL00244,CUST006503,2018-06-07 11:19:28,3,customer_changed_mind,230.61
RET000672,ORD0019747,1,PROD01671,SELL00228,CUST003736,2018-02-28 12:20:32,4,customer_changed_mind,341.56
RET000673,ORD0007850,1,PROD01853,SELL00156,CUST000849,2017-08-01 01:13:01,1,customer_changed_mind,16.7
RET000674,ORD0003302,2,PROD01101,SELL00051,CUST008991,2018-09-24 04:13:34,1,customer_changed_mind,210.56
RET000675,ORD0000497,1,PROD00106,SELL00057,CUST005501,2017-03-07 04:52:27,1,customer_changed_mind,40.81
RET000676,ORD0007935,1,PROD01154,SELL00034,CUST000848,2018-05-04 15:52:56,1,customer_changed_mind,46.32
RET000677,ORD0005676,1,PROD01296,SELL00397,CUST000443,2017-01-19 11:09:38,1,customer_changed_mind,74.2
RET000678,ORD0016524,1,PROD00417,SELL00149,CUST002852,2018-07-13 14:51:10,2,customer_changed_mind,369.4
RET000679,ORD0014416,1,PROD00647,SELL00361,CUST001265,2017-05-01 23:57:03,1,customer_changed_mind,118.94
RET000680,ORD0003663,1,PROD01119,SELL00204,CUST000001,2017-01-13 22:18:39,1,customer_changed_mind,179.77
RET000681,ORD0015599,1,PROD01295,SELL00077,CUST007041,2017-06-13 01:25:56,1,customer_changed_mind,144.0
RET000682,ORD0022222,1,PROD00755,SELL00192,CUST002803,2018-09-27 02:10:09,1,customer_changed_mind,441.15
RET000683,ORD0000828,1,PROD01789,SELL00127,CUST000160,2018-09-10 18:54:16,4,customer_changed_mind,98.76
RET000684,ORD0021532,1,PROD00057,SELL00393,CUST007146,2017-10-12 20:02:21,1,customer_changed_mind,26.07
RET000685,ORD0008782,1,PROD00643,SELL00016,CUST008142,2017-10-04 08:09:03,1,customer_changed_mind,61.86
RET000686,ORD0016066,1,PROD01713,SELL00165,CUST002097,2018-03-21 20:21:39,1,customer_changed_mind,23.3
RET000687,ORD0012824,1,PROD01609,SELL00320,CUST001912,2017-07-07 17:15:25,2,customer_changed_mind,314.08
RET000688,ORD0019630,1,PROD00853,SELL00057,CUST000657,2017-05-14 11:53:40,2,customer_changed_mind,229.78
RET000689,ORD0017131,1,PROD00065,SELL00282,CUST001211,2018-04-14 22:33:24,1,customer_changed_mind,39.13
RET000690,ORD0007789,1,PROD01566,SELL00101,CUST008220,2018-07-06 16:28:08,1,customer_changed_mind,66.53
RET000691,ORD0015615,1,PROD01755,SELL00140,CUST009994,2017-04-12 05:57:47,1,customer_changed_mind,35.14
RET000692,ORD0023021,2,PROD00429,SELL00147,CUST009187,2017-03-11 19:39:12,1,customer_changed_mind,43.29
RET000693,ORD0021227,1,PROD01534,SELL00072,CUST006163,2017-11-16 13:40:04,5,customer_changed_mind,141.7
RET000694,ORD0015374,1,PROD00006,SELL00367,CUST007828,2017-11-27 03:33:57,1,customer_changed_mind,31.09
RET000695,ORD0019423,1,PROD00553,SELL00283,CUST009176,2018-07-30 18:11:47,2,customer_changed_mind,53.68
RET000696,ORD0008430,2,PROD01724,SELL00227,CUST009268,2017-03-13 15:24:05,1,customer_changed_mind,341.84
RET000697,ORD0002659,1,PROD01224,SELL00330,CUST006547,2018-01-08 16:56:19,2,customer_changed_mind,363.5
RET000698,ORD0023877,1,PROD01905,SELL00096,CUST002641,2017-03-19 07:28:02,3,customer_changed_mind,578.82
RET000699,ORD0024236,1,PROD00382,SELL00387,CUST003615,2017-03-27 01:55:26,1,customer_changed_mind,53.52
RET000700,ORD0007881,1,PROD00175,SELL00332,CUST001970,2018-04-06 10:02:57,1,customer_changed_mind,59.28
RET000701,ORD0007420,1,PROD01139,SELL00141,CUST008819,2018-07-01 02:34:26,1,customer_changed_mind,35.91
RET000702,ORD0024536,1,PROD01227,SELL00304,CUST005632,2017-12-25 18:25:55,1,customer_changed_mind,215.22
RET000703,ORD0001008,1,PROD01484,SELL00265,CUST009671,2017-05-20 01:52:50,1,customer_changed_mind,181.18
RET000704,ORD0000877,1,PROD00358,SELL00076,CUST004228,2017-10-17 15:37:58,1,customer_changed_mind,259.79
RET000705,ORD0004129,2,PROD01710,SELL00329,CUST001975,2017-12-24 20:41:10,3,customer_changed_mind,175.05
RET000706,ORD0020302,1,PROD01169,SELL00168,CUST001837,2017-06-29 16:26:19,1,customer_changed_mind,136.09
RET000707,ORD0003030,1,PROD00656,SELL00037,CUST000595,2018-02-04 17:39:08,2,customer_changed_mind,823.2
RET000708,ORD0013026,1,PROD00272,SELL00110,CUST008008,2017-03-12 19:35:55,2,customer_changed_mind,167.3
RET000709,ORD0019772,1,PROD00266,SELL00139,CUST009586,2017-02-11 02:57:26,1,customer_changed_mind,89.78
RET000710,ORD0003758,1,PROD00113,SELL00288,CUST003588,2017-07-21 07:16:05,3,customer_changed_mind,369.78
RET000711,ORD0003150,2,PROD01350,SELL00090,CUST000026,2017-10-13 18:21:47,4,customer_changed_mind,2934.44
RET000712,ORD0024210,1,PROD00185,SELL00035,CUST000832,2017-06-02 14:57:37,2,customer_changed_mind,136.64
RET000713,ORD0023423,1,PROD00932,SELL00008,CUST005952,2018-03-19 01:33:36,2,customer_changed_mind,704.68
RET000714,ORD0001102,1,PROD00350,SELL00022,CUST008014,2017-12-02 17:11:34,1,customer_changed_mind,107.31
RET000715,ORD0001038,1,PROD01103,SELL00379,CUST005711,2017-07-03 08:04:54,1,customer_changed_mind,72.13
RET000716,ORD0023236,1,PROD00823,SELL00311,CUST005642,2017-12-04 10:04:45,1,customer_changed_mind,76.61
RET000717,ORD0000112,1,PROD00326,SELL00187,CUST000642,2017-09-22 17:20:17,1,customer_changed_mind,475.02
RET000718,ORD0023173,1,PROD01154,SELL00247,CUST002285,2017-03-30 08:14:22,2,customer_changed_mind,92.64
RET000719,ORD0000121,1,PROD00653,SELL00051,CUST006127,2017-09-07 04:29:35,2,customer_changed_mind,59.28
RET000720,ORD0004992,1,PROD00371,SELL00048,CUST006551,2018-09-21 18:50:26,4,customer_changed_mind,298.64
RET000721,ORD0009971,1,PROD01710,SELL00190,CUST003293,2017-04-05 03:30:41,1,customer_changed_mind,58.35
RET000722,ORD0022667,1,PROD00860,SELL00306,CUST004408,2018-04-15 14:18:32,1,customer_changed_mind,27.34
RET000723,ORD0007509,1,PROD00342,SELL00398,CUST005726,2018-08-16 04:12:44,4,customer_changed_mind,542.48
RET000724,ORD0013199,1,PROD00171,SELL00087,CUST009082,2017-03-10 06:01:52,1,customer_changed_mind,39.48
RET000725,ORD0007443,1,PROD01063,SELL00372,CUST007638,2017-09-25 01:15:13,1,customer_changed_mind,69.47
RET000726,ORD0009060,1,PROD01798,SELL00322,CUST009363,2017-07-26 05:22:48,1,customer_changed_mind,22.47
RET000727,ORD0005227,2,PROD01773,SELL00050,CUST006867,2018-02-18 13:46:23,2,customer_changed_mind,208.56
RET000728,ORD0003638,1,PROD00688,SELL00099,CUST003854,2018-01-01 00:13:44,1,customer_changed_mind,265.07
RET000729,ORD0005377,2,PROD00619,SELL00220,CUST008055,2018-01-30 22:23:47,1,customer_changed_mind,65.14
RET000730,ORD0004614,2,PROD00140,SELL00073,CUST004750,2018-03-08 22:33:39,1,customer_changed_mind,15.84
RET000731,ORD0023291,1,PROD00471,SELL00087,CUST000668,2017-02-19 00:21:23,1,customer_changed_mind,457.06
RET000732,ORD0002880,1,PROD01315,SELL00051,CUST007581,2017-02-24 15:04:17,2,customer_changed_mind,99.68
RET000733,ORD0022077,1,PROD01621,SELL00155,CUST002219,2017-07-18 07:40:29,2,customer_changed_mind,56.38
RET000734,ORD0015741,1,PROD01868,SELL00164,CUST003314,2017-08-17 20:53:51,2,customer_changed_mind,101.34
RET000735,ORD0001620,2,PROD01651,SELL00263,CUST005010,2018-03-05 07:30:43,1,customer_changed_mind,147.68
RET000736,ORD0021224,1,PROD00927,SELL00289,CUST006114,2018-08-05 08:46:02,1,customer_changed_mind,82.45
RET000737,ORD0005225,2,PROD00398,SELL00067,CUST009039,2018-04-12 02:00:00,1,customer_changed_mind,156.45
RET000738,ORD0013452,1,PROD00480,SELL00176,CUST001623,2017-12-06 06:51:26,2,customer_changed_mind,38.18
RET000739,ORD0006371,1,PROD01374,SELL00022,CUST003994,2018-05-28 08:04:22,1,customer_changed_mind,34.48
RET000740,ORD0022354,1,PROD00485,SELL00081,CUST002044,2018-05-23 05:07:55,1,customer_changed_mind,172.85
RET000741,ORD0014487,1,PROD00864,SELL00380,CUST002377,2018-03-14 12:04:54,1,customer_changed_mind,50.94
RET000742,ORD0022585,2,PROD00677,SELL00191,CUST003328,2017-09-15 08:04:09,1,customer_changed_mind,151.65
RET000743,ORD0008448,1,PROD01337,SELL00149,CUST002376,2018-04-09 02:52:29,4,customer_changed_mind,293.04
RET000744,ORD0003908,1,PROD00714,SELL00122,CUST007936,2017-07-08 18:12:56,1,customer_changed_mind,45.5
RET000745,ORD0017979,2,PROD00199,SELL00290,CUST006277,2018-06-17 15:20:33,3,customer_changed_mind,1149.42
RET000746,ORD0016279,1,PROD00159,SELL00270,CUST005844,2017-12-14 14:30:59,1,customer_changed_mind,168.8
RET000747,ORD0007632,1,PROD01495,SELL00208,CUST005119,2017-01-31 22:18:32,1,customer_changed_mind,243.2
RET000748,ORD0010620,2,PROD00375,SELL00400,CUST006126,2017-05-05 13:51:46,1,customer_changed_mind,36.72
RET000749,ORD0009493,1,PROD01426,SELL00078,CUST008726,2018-08-09 09:52:23,1,customer_changed_mind,291.1
RET000750,ORD0010352,1,PROD00304,SELL00383,CUST005810,2017-09-12 19:58:00,4,customer_changed_mind,494.24
RET000751,ORD0018092,1,PROD00877,SELL00145,CUST005003,2017-05-20 12:23:50,4,customer_changed_mind,454.36
RET000752,ORD0004711,1,PROD01684,SELL00226,CUST007854,2017-08-10 00:16:44,1,customer_changed_mind,167.14
RET000753,ORD0013198,1,PROD01867,SELL00326,CUST003483,2017-07-16 13:23:32,2,customer_changed_mind,364.28
RET000754,ORD0001902,1,PROD00407,SELL00206,CUST001678,2017-06-21 02:53:29,2,customer_changed_mind,65.88
RET000755,ORD0005444,1,PROD01891,SELL00344,CUST004782,2018-03-22 21:22:21,2,customer_changed_mind,290.16
RET000756,ORD0010688,2,PROD01485,SELL00270,CUST006023,2017-09-20 14:30:12,1,customer_changed_mind,210.76
RET000757,ORD0006284,1,PROD01525,SELL00273,CUST009787,2018-02-20 13:53:39,1,customer_changed_mind,36.4
RET000758,ORD0012577,1,PROD01463,SELL00170,CUST007072,2017-11-07 08:31:04,4,customer_changed_mind,424.6
RET000759,ORD0019173,1,PROD01422,SELL00090,CUST000178,2017-02-08 22:40:36,1,customer_changed_mind,173.15
RET000760,ORD0007462,1,PROD01563,SELL00073,CUST003899,2018-03-30 00:36:08,1,customer_changed_mind,206.88
RET000761,ORD0007654,1,PROD00527,SELL00023,CUST009879,2017-05-13 21:43:14,1,customer_changed_mind,136.01
RET000762,ORD0022132,1,PROD01895,SELL00399,CUST009899,2018-03-14 19:43:40,1,customer_changed_mind,45.93
RET000763,ORD0020895,1,PROD01203,SELL00237,CUST002375,2017-07-11 14:27:29,2,customer_changed_mind,219.3
RET000764,ORD0010996,1,PROD01232,SELL00038,CUST007557,2017-11-17 13:51:57,4,customer_changed_mind,564.08
RET000765,ORD0019350,1,PROD01391,SELL00331,CUST000543,2018-03-23 04:43:30,1,customer_changed_mind,28.6
RET000766,ORD0010897,1,PROD00839,SELL00383,CUST004716,2018-01-28 07:43:57,1,customer_changed_mind,29.92
RET000767,ORD0013336,1,PROD00677,SELL00184,CUST001951,2018-07-13 18:45:16,2,customer_changed_mind,303.3
RET000768,ORD0016123,2,PROD00687,SELL00151,CUST002844,2018-09-25 07:31:20,1,customer_changed_mind,46.79
RET000769,ORD0016104,1,PROD01675,SELL00117,CUST003985,2017-07-24 22:54:14,1,customer_changed_mind,111.53
RET000770,ORD0007219,3,PROD01846,SELL00239,CUST004887,2017-10-08 10:10:29,1,customer_changed_mind,162.28
RET000771,ORD0000836,1,PROD01502,SELL00101,CUST008225,2018-08-11 14:24:41,1,customer_changed_mind,39.9
RET000772,ORD0019678,2,PROD00282,SELL00316,CUST006394,2018-07-27 22:17:00,2,customer_changed_mind,228.04
RET000773,ORD0011387,1,PROD00300,SELL00014,CUST002093,2018-02-03 01:54:35,1,customer_changed_mind,50.85
RET000774,ORD0018535,1,PROD00418,SELL00254,CUST006322,2017-01-24 06:44:56,1,customer_changed_mind,41.35
RET000775,ORD0024178,1,PROD00267,SELL00370,CUST002372,2017-11-02 05:08:11,1,customer_changed_mind,27.25
RET000776,ORD0020669,1,PROD00560,SELL00399,CUST002751,2018-06-26 22:49:21,2,customer_changed_mind,502.32
RET000777,ORD0006846,1,PROD01025,SELL00158,CUST001440,2018-08-30 01:09:57,1,customer_changed_mind,66.53
RET000778,ORD0001645,1,PROD00553,SELL00164,CUST008285,2018-07-11 00:18:46,2,customer_changed_mind,53.68
RET000779,ORD0007572,1,PROD01068,SELL00170,CUST002160,2017-05-24 10:49:31,1,customer_changed_mind,84.0
RET000780,ORD0001257,1,PROD01568,SELL00006,CUST007552,2017-06-28 16:02:36,1,customer_changed_mind,37.5
RET000781,ORD0000641,1,PROD01388,SELL00071,CUST003212,2017-02-01 03:25:38,1,customer_changed_mind,19.8
RET000782,ORD0021196,1,PROD00348,SELL00398,CUST005049,2018-03-06 00:04:29,1,customer_changed_mind,125.29
RET000783,ORD0001085,2,PROD01195,SELL00229,CUST005845,2017-08-02 14:06:59,1,customer_changed_mind,14.68
RET000784,ORD0019892,1,PROD01964,SELL00228,CUST003694,2017-02-20 01:20:24,3,customer_changed_mind,261.45
RET000785,ORD0013877,1,PROD00735,SELL00386,CUST005714,2018-04-25 01:25:30,1,customer_changed_mind,44.73
RET000786,ORD0004746,1,PROD00931,SELL00341,CUST001961,2017-10-12 11:11:17,1,customer_changed_mind,143.39
RET000787,ORD0005035,2,PROD01875,SELL00376,CUST002346,2018-01-01 23:06:29,4,customer_changed_mind,652.0
RET000788,ORD0021370,1,PROD00542,SELL00302,CUST004189,2017-02-18 12:37:34,1,customer_changed_mind,102.07
RET000789,ORD0019062,1,PROD00710,SELL00014,CUST001092,2017-02-19 01:22:10,1,customer_changed_mind,35.02
RET000790,ORD0000581,1,PROD00617,SELL00395,CUST002379,2017-09-08 10:25:59,1,customer_changed_mind,49.63
RET000791,ORD0018046,1,PROD00603,SELL00279,CUST001137,2018-07-31 12:37:54,1,customer_changed_mind,108.27
RET000792,ORD0017653,2,PROD01930,SELL00055,CUST007787,2017-12-09 23:48:26,2,customer_changed_mind,430.34
RET000793,ORD0015094,1,PROD00536,SELL00258,CUST000258,2018-09-23 13:38:20,1,customer_changed_mind,78.17
RET000794,ORD0009365,1,PROD00055,SELL00030,CUST002460,2018-04-04 07:51:58,3,customer_changed_mind,184.83
RET000795,ORD0002723,1,PROD00007,SELL00301,CUST000328,2017-05-08 20:28:38,3,customer_changed_mind,271.56
RET000796,ORD0003557,1,PROD00002,SELL00131,CUST001387,2017-10-22 22:44:12,1,customer_changed_mind,109.46
RET000797,ORD0020103,2,PROD00288,SELL00353,CUST005122,2018-05-24 10:31:41,3,customer_changed_mind,134.64
RET000798,ORD0021526,1,PROD00138,SELL00042,CUST001169,2018-10-03 22:40:40,2,customer_changed_mind,181.98
RET000799,ORD0016070,1,PROD01550,SELL00325,CUST008198,2018-08-10 18:14:24,3,customer_changed_mind,286.44
RET000800,ORD0024423,3,PROD01644,SELL00295,CUST005658,2018-06-07 04:48:53,1,customer_changed_mind,224.71
RET000801,ORD0017677,1,PROD00481,SELL00027,CUST004205,2017-02-18 16:47:35,1,customer_changed_mind,69.62
RET000802,ORD0007715,1,PROD00828,SELL00007,CUST002184,2017-02-08 13:56:18,2,customer_changed_mind,29.96
RET000803,ORD0024999,1,PROD01368,SELL00333,CUST003596,2017-03-07 14:06:22,2,customer_changed_mind,570.5
RET000804,ORD0000307,2,PROD01229,SELL00243,CUST007475,2017-12-29 04:27:44,1,customer_changed_mind,100.52
RET000805,ORD0004352,2,PROD01327,SELL00096,CUST000959,2018-04-22 13:42:22,3,customer_changed_mind,174.27
RET000806,ORD0001599,1,PROD00065,SELL00084,CUST006464,2017-01-15 15:25:36,1,customer_changed_mind,39.13
RET000807,ORD0023040,1,PROD01492,SELL00294,CUST008616,2017-03-02 18:03:06,3,customer_changed_mind,212.76
RET000808,ORD0021734,1,PROD01956,SELL00263,CUST006038,2017-08-23 11:41:50,2,customer_changed_mind,91.66
RET000809,ORD0016079,1,PROD01868,SELL00291,CUST009831,2018-05-05 14:33:41,2,customer_changed_mind,101.34
RET000810,ORD0015444,1,PROD01833,SELL00112,CUST009514,2017-12-02 18:02:11,1,customer_changed_mind,125.08
RET000811,ORD0013814,1,PROD00837,SELL00042,CUST003744,2018-04-09 08:52:57,1,customer_changed_mind,83.12
RET000812,ORD0012668,1,PROD01798,SELL00278,CUST002655,2017-09-02 15:07:58,1,customer_changed_mind,22.47
RET000813,ORD0012456,2,PROD00379,SELL00148,CUST009253,2017-08-02 08:42:37,1,customer_changed_mind,323.64
RET000814,ORD0001216,2,PROD00592,SELL00159,CUST004213,2018-03-04 06:08:35,1,customer_changed_mind,86.65
RET000815,ORD0003066,1,PROD01611,SELL00335,CUST000095,2017-07-14 07:34:58,1,customer_changed_mind,170.05
RET000816,ORD0008332,2,PROD01388,SELL00042,CUST003256,2017-10-06 15:40:14,1,customer_changed_mind,19.8
RET000817,ORD0012956,1,PROD00530,SELL00047,CUST008852,2018-06-27 21:43:46,2,customer_changed_mind,154.2
RET000818,ORD0024652,1,PROD00423,SELL00016,CUST002786,2017-04-06 13:45:50,1,customer_changed_mind,222.04
RET000819,ORD0011104,1,PROD00427,SELL00118,CUST008233,2018-07-11 04:38:42,2,customer_changed_mind,63.84
RET000820,ORD0013359,1,PROD01706,SELL00055,CUST004079,2018-02-19 22:02:51,3,customer_changed_mind,540.99
RET000821,ORD0018059,1,PROD00215,SELL00189,CUST000682,2017-09-15 01:52:45,1,customer_changed_mind,95.93
RET000822,ORD0011754,2,PROD00060,SELL00319,CUST005891,2018-05-16 10:24:57,1,customer_changed_mind,29.16
RET000823,ORD0010749,1,PROD00560,SELL00212,CUST003323,2018-01-05 14:19:44,1,customer_changed_mind,251.16
RET000824,ORD0001867,1,PROD01077,SELL00330,CUST008212,2018-06-28 20:18:46,1,customer_changed_mind,43.16
RET000825,ORD0024500,1,PROD01308,SELL00384,CUST009011,2018-01-27 07:22:35,1,customer_changed_mind,24.25
RET000826,ORD0023936,1,PROD01669,SELL00237,CUST001936,2017-11-03 12:45:22,1,customer_changed_mind,78.05
RET000827,ORD0002236,2,PROD01218,SELL00209,CUST003244,2018-03-29 06:04:26,1,customer_changed_mind,32.07
RET000828,ORD0005417,1,PROD00308,SELL00223,CUST006069,2017-08-30 23:28:42,1,customer_changed_mind,104.78
RET000829,ORD0024149,2,PROD00631,SELL00010,CUST003715,2017-07-09 17:14:44,1,customer_changed_mind,111.82
RET000830,ORD0015524,1,PROD00800,SELL00359,CUST008225,2017-12-31 23:11:13,1,customer_changed_mind,16.48
RET000831,ORD0007035,2,PROD00518,SELL00363,CUST007572,2017-10-12 19:54:10,2,customer_changed_mind,524.86
RET000832,ORD0002043,1,PROD00264,SELL00149,CUST005458,2017-10-05 05:08:46,1,customer_changed_mind,47.03
RET000833,ORD0016526,1,PROD01160,SELL00053,CUST006023,2017-03-27 08:21:51,1,customer_changed_mind,26.62
RET000834,ORD0013765,1,PROD01956,SELL00273,CUST006252,2017-06-03 13:52:29,3,customer_changed_mind,137.49
RET000835,ORD0011008,2,PROD00016,SELL00199,CUST006819,2018-02-09 15:56:02,1,customer_changed_mind,177.64
RET000836,ORD0024484,1,PROD01511,SELL00113,CUST009461,2017-10-29 02:11:50,1,customer_changed_mind,136.05
RET000837,ORD0024206,1,PROD01457,SELL00368,CUST005261,2018-04-03 08:49:28,2,customer_changed_mind,287.84
RET000838,ORD0013438,1,PROD01579,SELL00375,CUST006668,2017-10-23 20:04:13,3,customer_changed_mind,345.87
RET000839,ORD0001720,1,PROD00878,SELL00129,CUST003047,2018-08-06 11:30:38,1,customer_changed_mind,68.56
RET000840,ORD0012570,1,PROD01595,SELL00180,CUST004664,2017-10-11 08:15:24,1,customer_changed_mind,25.36
RET000841,ORD0000983,3,PROD01633,SELL00379,CUST004448,2018-07-30 14:53:11,1,customer_changed_mind,390.49
RET000842,ORD0012185,1,PROD00456,SELL00163,CUST009353,2017-10-27 12:45:27,1,customer_changed_mind,129.02
RET000843,ORD0001463,1,PROD01040,SELL00199,CUST001667,2017-09-04 14:16:51,1,customer_changed_mind,109.95
RET000844,ORD0003449,2,PROD00039,SELL00245,CUST001453,2017-05-10 15:15:40,1,customer_changed_mind,49.6
RET000845,ORD0015165,2,PROD00977,SELL00085,CUST003604,2017-09-21 04:28:06,3,customer_changed_mind,1167.93
RET000846,ORD0013613,1,PROD01136,SELL00307,CUST007140,2018-05-20 07:21:07,1,customer_changed_mind,122.29
RET000847,ORD0009502,1,PROD00164,SELL00107,CUST008161,2017-09-14 09:45:27,1,customer_changed_mind,46.63
RET000848,ORD0007717,1,PROD01552,SELL00110,CUST006030,2017-03-27 22:39:36,4,customer_changed_mind,273.76
RET000849,ORD0023267,1,PROD01411,SELL00328,CUST007127,2017-02-13 00:59:48,1,customer_changed_mind,66.07
RET000850,ORD0019430,1,PROD00245,SELL00112,CUST002548,2017-11-21 01:00:37,1,customer_changed_mind,61.95
RET000851,ORD0020010,1,PROD01770,SELL00194,CUST004825,2017-08-04 12:03:32,1,customer_changed_mind,111.07
RET000852,ORD0011967,1,PROD01806,SELL00355,CUST002700,2017-07-22 12:37:59,1,customer_changed_mind,322.7
RET000853,ORD0013992,1,PROD01665,SELL00393,CUST009862,2017-11-08 16:31:16,3,customer_changed_mind,381.54
RET000854,ORD0005790,2,PROD00342,SELL00055,CUST000618,2017-08-23 15:53:34,2,customer_changed_mind,271.24
RET000855,ORD0024666,2,PROD00445,SELL00349,CUST008424,2018-06-23 00:52:46,1,customer_changed_mind,22.0
RET000856,ORD0013051,2,PROD01112,SELL00396,CUST006786,2017-05-23 00:24:18,1,customer_changed_mind,127.43
RET000857,ORD0020144,1,PROD01107,SELL00353,CUST005721,2018-07-04 13:34:22,1,customer_changed_mind,67.03
RET000858,ORD0011296,2,PROD00610,SELL00382,CUST000446,2017-07-23 15:36:38,1,customer_changed_mind,89.81
RET000859,ORD0024982,1,PROD01408,SELL00238,CUST007315,2018-10-06 04:31:18,1,customer_changed_mind,50.53
RET000860,ORD0022188,1,PROD01607,SELL00014,CUST003302,2017-10-17 18:31:49,1,customer_changed_mind,58.13
RET000861,ORD0004899,1,PROD01280,SELL00218,CUST004473,2017-05-30 02:30:37,1,customer_changed_mind,34.32
RET000862,ORD0020474,1,PROD00591,SELL00102,CUST003532,2017-07-16 17:30:35,2,customer_changed_mind,40.46
RET000863,ORD0008572,1,PROD00318,SELL00356,CUST008424,2017-08-04 22:58:42,1,customer_changed_mind,33.13
RET000864,ORD0008580,1,PROD01668,SELL00196,CUST007690,2018-05-23 18:47:53,2,customer_changed_mind,309.26
RET000865,ORD0015498,1,PROD00287,SELL00235,CUST009747,2017-12-05 00:59:04,1,customer_changed_mind,61.5
RET000866,ORD0002602,4,PROD00970,SELL00232,CUST002468,2017-11-16 17:20:15,1,customer_changed_mind,21.34
RET000867,ORD0017116,1,PROD00980,SELL00096,CUST003944,2017-06-13 12:42:58,4,customer_changed_mind,508.68
RET000868,ORD0015989,2,PROD00006,SELL00254,CUST003622,2018-10-08 16:56:36,1,customer_changed_mind,31.09
RET000869,ORD0006763,1,PROD00504,SELL00266,CUST001212,2017-08-19 12:12:23,2,customer_changed_mind,150.52
RET000870,ORD0001844,1,PROD00904,SELL00118,CUST000446,2017-03-24 13:05:01,2,customer_changed_mind,216.06
RET000871,ORD0009795,1,PROD01276,SELL00217,CUST003291,2017-10-26 16:08:06,1,customer_changed_mind,97.92
RET000872,ORD0004325,1,PROD00997,SELL00226,CUST009201,2018-09-16 00:11:22,1,customer_changed_mind,97.92
RET000873,ORD0016212,1,PROD00056,SELL00220,CUST003809,2018-02-26 01:26:20,1,customer_changed_mind,78.73
RET000874,ORD0010548,1,PROD00491,SELL00001,CUST007523,2017-01-28 11:03:39,1,customer_changed_mind,28.14
RET000875,ORD0003003,2,PROD00846,SELL00072,CUST008849,2017-01-09 00:38:44,1,customer_changed_mind,14.93
RET000876,ORD0013566,1,PROD01217,SELL00019,CUST003224,2017-07-26 14:01:24,1,customer_changed_mind,59.99
RET000877,ORD0016535,2,PROD00996,SELL00314,CUST004320,2018-04-03 15:51:37,1,customer_changed_mind,149.93
RET000878,ORD0013798,2,PROD01808,SELL00229,CUST006594,2017-02-25 13:17:10,2,customer_changed_mind,235.94
RET000879,ORD0010406,2,PROD01099,SELL00119,CUST002827,2017-11-10 12:53:25,2,customer_changed_mind,365.5
RET000880,ORD0002371,1,PROD01183,SELL00342,CUST007120,2017-10-15 03:55:39,1,customer_changed_mind,200.84
RET000881,ORD0014942,1,PROD01624,SELL00328,CUST002203,2018-08-10 12:58:54,2,customer_changed_mind,152.18
RET000882,ORD0002827,1,PROD01986,SELL00014,CUST008139,2017-03-20 23:54:02,1,customer_changed_mind,53.67
RET000883,ORD0001316,2,PROD01473,SELL00307,CUST000620,2017-12-09 02:48:04,1,customer_changed_mind,71.78
RET000884,ORD0007956,1,PROD00200,SELL00031,CUST004283,2017-03-21 07:02:06,1,customer_changed_mind,158.12
RET000885,ORD0002986,1,PROD01923,SELL00023,CUST005680,2017-02-23 03:18:55,2,customer_changed_mind,282.56
RET000886,ORD0001156,3,PROD00154,SELL00222,CUST007854,2018-09-28 17:15:07,1,customer_changed_mind,124.84
RET000887,ORD0002091,1,PROD01864,SELL00232,CUST009912,2017-05-25 13:07:35,1,customer_changed_mind,169.85
RET000888,ORD0008705,2,PROD00885,SELL00237,CUST005130,2017-11-27 09:45:06,1,customer_changed_mind,67.48
RET000889,ORD0010417,1,PROD00063,SELL00255,CUST003230,2017-10-15 19:42:21,2,customer_changed_mind,258.7
RET000890,ORD0007109,1,PROD00363,SELL00285,CUST005918,2018-06-27 10:00:54,1,customer_changed_mind,66.93
RET000891,ORD0009085,1,PROD00279,SELL00360,CUST000908,2017-05-04 21:59:31,1,customer_changed_mind,174.86
RET000892,ORD0011057,1,PROD00935,SELL00399,CUST004654,2017-08-22 14:46:34,3,customer_changed_mind,484.44
RET000893,ORD0006875,2,PROD01049,SELL00057,CUST008613,2017-10-08 04:24:50,2,customer_changed_mind,181.14
RET000894,ORD0021814,1,PROD01801,SELL00069,CUST000461,2017-06-24 13:38:11,1,customer_changed_mind,30.82
RET000895,ORD0015591,1,PROD01399,SELL00016,CUST007464,2017-02-12 09:44:00,1,customer_changed_mind,146.33
RET000896,ORD0007285,1,PROD01067,SELL00209,CUST008487,2017-11-05 08:33:35,1,customer_changed_mind,37.83
RET000897,ORD0002194,1,PROD01651,SELL00195,CUST008385,2017-01-31 00:48:02,2,customer_changed_mind,295.36
RET000898,ORD0007239,1,PROD00128,SELL00394,CUST000034,2018-10-02 12:06:44,1,customer_changed_mind,241.24
RET000899,ORD0009689,1,PROD00686,SELL00116,CUST002280,2017-04-03 18:26:15,3,customer_changed_mind,384.72
RET000900,ORD0017835,1,PROD00096,SELL00391,CUST003898,2017-10-24 01:28:15,1,customer_changed_mind,34.82
RET000901,ORD0021821,1,PROD00299,SELL00105,CUST003794,2017-03-19 09:10:04,1,customer_changed_mind,72.78
RET000902,ORD0022510,1,PROD00407,SELL00308,CUST006697,2018-03-04 13:57:48,3,customer_changed_mind,98.82
RET000903,ORD0011823,1,PROD01626,SELL00167,CUST006374,2018-01-25 10:40:22,1,customer_changed_mind,87.57
RET000904,ORD0021840,1,PROD01002,SELL00124,CUST009917,2018-08-24 19:09:48,1,customer_changed_mind,210.13
RET000905,ORD0018793,2,PROD00653,SELL00238,CUST000453,2018-05-05 15:57:56,1,customer_changed_mind,29.64
RET000906,ORD0000592,2,PROD01710,SELL00243,CUST005483,2017-06-05 13:52:39,1,customer_changed_mind,58.35
RET000907,ORD0013043,2,PROD00676,SELL00023,CUST005499,2018-04-05 01:10:37,1,customer_changed_mind,119.55
RET000908,ORD0003371,1,PROD00847,SELL00078,CUST002020,2018-02-16 06:52:04,1,customer_changed_mind,60.47
RET000909,ORD0014771,3,PROD01495,SELL00156,CUST004894,2017-08-05 19:47:41,1,customer_changed_mind,243.2
RET000910,ORD0011434,2,PROD01511,SELL00026,CUST008618,2017-07-05 05:25:14,2,customer_changed_mind,272.1
RET000911,ORD0006168,1,PROD01253,SELL00080,CUST008015,2017-04-27 13:09:08,1,customer_changed_mind,172.42
RET000912,ORD0023376,2,PROD01688,SELL00308,CUST009208,2017-09-15 10:12:54,4,customer_changed_mind,681.48
RET000913,ORD0015870,1,PROD01923,SELL00066,CUST008981,2017-07-30 06:16:17,3,customer_changed_mind,423.84
RET000914,ORD0004166,1,PROD01934,SELL00224,CUST009592,2017-06-24 08:00:48,3,customer_changed_mind,401.55
RET000915,ORD0001568,1,PROD00394,SELL00100,CUST005252,2017-09-26 06:25:17,4,customer_changed_mind,122.44
RET000916,ORD0023072,1,PROD00633,SELL00230,CUST005596,2018-09-11 09:33:07,1,customer_changed_mind,38.69
RET000917,ORD0017860,1,PROD01780,SELL00055,CUST006513,2017-01-31 01:53:15,1,customer_changed_mind,24.09
RET000918,ORD0003781,1,PROD00416,SELL00152,CUST002719,2018-05-24 17:39:34,1,customer_changed_mind,190.97
RET000919,ORD0012236,1,PROD00465,SELL00022,CUST006445,2017-09-19 18:50:36,2,customer_changed_mind,240.02
RET000920,ORD0001614,1,PROD01228,SELL00048,CUST005505,2017-03-02 11:25:49,1,customer_changed_mind,142.95
RET000921,ORD0020913,3,PROD00890,SELL00139,CUST007518,2018-08-30 12:58:15,1,customer_changed_mind,16.47
RET000922,ORD0018552,2,PROD00335,SELL00051,CUST004367,2018-06-29 22:54:50,1,customer_changed_mind,139.91
RET000923,ORD0014777,2,PROD00941,SELL00176,CUST007789,2018-08-17 09:20:14,1,customer_changed_mind,36.3
RET000924,ORD0023536,1,PROD00219,SELL00014,CUST009370,2018-04-27 06:36:21,1,customer_changed_mind,40.38
RET000925,ORD0016342,1,PROD00681,SELL00390,CUST005463,2018-06-29 11:55:47,1,customer_changed_mind,35.11
RET000926,ORD0013134,2,PROD01371,SELL00323,CUST000121,2017-06-05 21:45:14,1,customer_changed_mind,49.52
RET000927,ORD0001570,2,PROD00147,SELL00314,CUST000341,2017-06-27 21:38:33,1,customer_changed_mind,208.28
RET000928,ORD0006648,1,PROD00009,SELL00259,CUST007568,2017-01-05 06:51:56,1,customer_changed_mind,45.86
RET000929,ORD0020247,1,PROD01979,SELL00106,CUST000193,2017-05-22 18:56:01,1,customer_changed_mind,90.23
RET000930,ORD0009782,1,PROD01701,SELL00157,CUST008675,2018-05-12 07:28:53,4,customer_changed_mind,383.68
RET000931,ORD0017062,1,PROD01899,SELL00398,CUST005194,2018-02-08 00:29:03,1,customer_changed_mind,64.63
RET000932,ORD0000019,1,PROD00995,SELL00247,CUST008857,2017-01-21 02:51:44,1,customer_changed_mind,53.54
RET000933,ORD0021851,1,PROD01536,SELL00217,CUST001566,2018-09-06 03:12:07,1,customer_changed_mind,66.19
RET000934,ORD0012058,1,PROD01049,SELL00073,CUST001751,2018-03-10 04:58:24,2,customer_changed_mind,181.14
RET000935,ORD0011787,1,PROD00894,SELL00079,CUST002596,2018-08-14 08:00:29,1,customer_changed_mind,147.51
RET000936,ORD0006873,1,PROD01918,SELL00025,CUST000572,2018-02-19 08:27:05,1,customer_changed_mind,138.68
RET000937,ORD0022076,1,PROD00645,SELL00300,CUST001971,2018-05-22 13:01:47,5,customer_changed_mind,489.4
RET000938,ORD0018231,1,PROD00917,SELL00086,CUST000566,2017-04-18 09:28:25,2,customer_changed_mind,177.46
RET000939,ORD0001608,1,PROD00017,SELL00170,CUST006971,2017-07-10 17:33:28,2,customer_changed_mind,377.16
RET000940,ORD0014284,1,PROD00338,SELL00362,CUST005905,2017-12-15 15:03:21,1,customer_changed_mind,48.67
RET000941,ORD0005123,1,PROD00528,SELL00011,CUST003672,2017-04-22 05:50:25,1,customer_changed_mind,42.25
RET000942,ORD0006569,1,PROD00752,SELL00127,CUST008677,2018-01-04 15:56:44,1,customer_changed_mind,62.52
RET000943,ORD0003325,1,PROD00664,SELL00068,CUST000587,2018-10-09 14:31:56,1,customer_changed_mind,29.27
RET000944,ORD0021643,1,PROD00330,SELL00369,CUST008173,2018-02-08 21:07:07,1,customer_changed_mind,35.24
RET000945,ORD0023993,1,PROD01550,SELL00374,CUST001178,2017-07-29 12:53:47,1,customer_changed_mind,95.48
RET000946,ORD0006028,1,PROD01783,SELL00371,CUST006899,2017-03-07 03:33:48,1,customer_changed_mind,53.6
RET000947,ORD0020635,1,PROD01469,SELL00057,CUST007540,2018-03-01 14:04:20,1,customer_changed_mind,123.34
RET000948,ORD0023952,1,PROD00669,SELL00338,CUST008054,2018-08-26 06:18:20,2,customer_changed_mind,461.68
RET000949,ORD0021623,1,PROD01787,SELL00059,CUST003774,2018-07-31 10:22:10,1,customer_changed_mind,30.62
RET000950,ORD0007069,1,PROD01559,SELL00148,CUST004643,2017-10-21 22:39:07,1,customer_changed_mind,230.04
RET000951,ORD0010501,2,PROD00250,SELL00043,CUST008906,2017-08-03 23:59:21,1,customer_changed_mind,99.24
RET000952,ORD0015548,2,PROD00254,SELL00080,CUST006761,2017-09-04 01:23:21,1,customer_changed_mind,124.73
RET000953,ORD0020831,1,PROD01485,SELL00354,CUST005926,2018-06-09 14:08:41,2,customer_changed_mind,421.52
RET000954,ORD0000556,1,PROD01408,SELL00304,CUST005234,2018-04-12 02:39:00,1,customer_changed_mind,50.53
RET000955,ORD0001708,1,PROD00984,SELL00005,CUST001892,2018-03-07 21:14:24,2,customer_changed_mind,368.98
RET000956,ORD0011714,1,PROD00675,SELL00042,CUST004841,2018-01-14 08:45:41,2,customer_changed_mind,30.68
RET000957,ORD0004841,1,PROD01591,SELL00138,CUST004825,2017-05-30 02:22:49,1,customer_changed_mind,183.76
RET000958,ORD0021695,1,PROD01244,SELL00031,CUST006520,2017-08-21 20:47:38,1,customer_changed_mind,263.62
RET000959,ORD0015734,2,PROD01818,SELL00112,CUST005887,2017-08-05 17:31:04,1,customer_changed_mind,220.45
RET000960,ORD0006157,1,PROD01138,SELL00292,CUST001649,2018-05-01 08:13:54,4,customer_changed_mind,2277.92
RET000961,ORD0009693,1,PROD00915,SELL00196,CUST004046,2018-08-03 05:02:55,1,customer_changed_mind,149.81
RET000962,ORD0001162,1,PROD00803,SELL00248,CUST009800,2017-12-22 05:31:56,1,customer_changed_mind,37.04
RET000963,ORD0006678,1,PROD00396,SELL00348,CUST008896,2018-04-16 08:53:22,1,customer_changed_mind,94.92
RET000964,ORD0022687,1,PROD00285,SELL00382,CUST005528,2018-08-26 09:21:59,1,customer_changed_mind,232.65
RET000965,ORD0022652,1,PROD01994,SELL00157,CUST004709,2017-08-09 09:53:53,2,customer_changed_mind,151.38
RET000966,ORD0011210,1,PROD00144,SELL00128,CUST004315,2017-05-29 22:48:44,1,customer_changed_mind,91.77
RET000967,ORD0001864,1,PROD00208,SELL00067,CUST002090,2017-05-23 10:11:54,1,customer_changed_mind,166.6
RET000968,ORD0020002,1,PROD01522,SELL00086,CUST009722,2017-03-17 11:57:09,1,customer_changed_mind,87.16
RET000969,ORD0008427,1,PROD01873,SELL00362,CUST006312,2017-11-25 12:10:40,1,customer_changed_mind,273.87
RET000970,ORD0015841,1,PROD01833,SELL00362,CUST001988,2017-10-03 21:33:47,1,customer_changed_mind,125.08
RET000971,ORD0022237,1,PROD01545,SELL00312,CUST006213,2017-07-17 09:43:37,4,customer_changed_mind,306.56
RET000972,ORD0015311,1,PROD00084,SELL00239,CUST006815,2017-09-14 14:48:33,1,customer_changed_mind,223.06
RET000973,ORD0001417,1,PROD01609,SELL00007,CUST002833,2018-08-30 06:14:56,1,customer_changed_mind,157.04
RET000974,ORD0000623,1,PROD01010,SELL00361,CUST004968,2017-08-26 09:50:44,2,customer_changed_mind,92.68
RET000975,ORD0014921,2,PROD00829,SELL00069,CUST000839,2017-11-28 14:15:07,1,customer_changed_mind,226.56
RET000976,ORD0015862,1,PROD01274,SELL00114,CUST008189,2018-08-19 19:27:00,2,customer_changed_mind,157.32
RET000977,ORD0015815,1,PROD00749,SELL00391,CUST002863,2018-01-23 05:39:20,1,customer_changed_mind,84.05
RET000978,ORD0012054,1,PROD00380,SELL00314,CUST007389,2018-07-21 22:46:21,1,customer_changed_mind,140.16
RET000979,ORD0024176,1,PROD00076,SELL00284,CUST008113,2017-08-16 17:24:15,1,customer_changed_mind,71.93
RET000980,ORD0023950,1,PROD01269,SELL00340,CUST008625,2017-03-21 03:03:07,1,customer_changed_mind,69.88
RET000981,ORD0007376,1,PROD01593,SELL00109,CUST005912,2017-05-14 14:17:54,2,customer_changed_mind,361.24
RET000982,ORD0006716,1,PROD00496,SELL00139,CUST003262,2018-02-01 13:02:55,1,customer_changed_mind,244.84
RET000983,ORD0021773,1,PROD00218,SELL00099,CUST008569,2018-01-06 12:32:55,1,customer_changed_mind,283.2
RET000984,ORD0004323,1,PROD01245,SELL00099,CUST000079,2017-08-25 03:09:29,1,customer_changed_mind,68.03
RET000985,ORD0020392,1,PROD00615,SELL00184,CUST000132,2017-06-28 07:13:29,1,customer_changed_mind,98.31
RET000986,ORD0022721,1,PROD01949,SELL00156,CUST001455,2018-08-21 12:00:04,1,customer_changed_mind,86.65
RET000987,ORD0017672,1,PROD01753,SELL00069,CUST001500,2018-04-16 16:34:22,1,customer_changed_mind,217.16
RET000988,ORD0019228,1,PROD01938,SELL00006,CUST004446,2017-07-10 16:28:20,3,customer_changed_mind,247.89
RET000989,ORD0008065,1,PROD01552,SELL00242,CUST001424,2018-06-29 16:53:26,2,customer_changed_mind,136.88
RET000990,ORD0020001,1,PROD01013,SELL00309,CUST003758,2018-08-18 12:08:36,1,customer_changed_mind,337.56
RET000991,ORD0010156,1,PROD01587,SELL00260,CUST005866,2017-02-01 16:49:15,2,customer_changed_mind,77.52
RET000992,ORD0021117,1,PROD00508,SELL00310,CUST006964,2018-01-25 00:29:10,2,customer_changed_mind,250.74
RET000993,ORD0011235,3,PROD00971,SELL00344,CUST009882,2017-11-23 14:33:15,2,customer_changed_mind,410.16
RET000994,ORD0013407,1,PROD00044,SELL00202,CUST007704,2018-05-24 20:36:43,1,customer_changed_mind,19.82
RET000995,ORD0018834,2,PROD00518,SELL00085,CUST002935,2017-10-19 00:07:31,2,customer_changed_mind,524.86
RET000996,ORD0009610,1,PROD01842,SELL00027,CUST009554,2017-09-05 23:43:11,1,customer_changed_mind,171.86
RET000997,ORD0000995,1,PROD00799,SELL00353,CUST007860,2018-09-14 01:19:27,2,customer_changed_mind,85.78
RET000998,ORD0005454,1,PROD00554,SELL00137,CUST006186,2018-06-12 22:43:16,2,customer_changed_mind,388.1
RET000999,ORD0011043,2,PROD01816,SELL00269,CUST005843,2017-05-05 14:22:32,1,customer_changed_mind,39.2
RET001000,ORD0004463,1,PROD01957,SELL00262,CUST005444,2017-09-28 22:44:36,1,customer_changed_mind,140.1
RET001001,ORD0019640,1,PROD01381,SELL00345,CUST007424,2017-03-13 13:55:16,1,customer_changed_mind,98.23
RET001002,ORD0022499,1,PROD00902,SELL00292,CUST008854,2018-04-08 02:14:11,1,customer_changed_mind,15.6
RET001003,ORD0022785,1,PROD01205,SELL00048,CUST004077,2018-09-17 21:10:28,3,customer_changed_mind,47.46
RET001004,ORD0005505,1,PROD01109,SELL00267,CUST000386,2017-09-10 08:18:30,2,customer_changed_mind,435.82
RET001005,ORD0017040,1,PROD01538,SELL00061,CUST002201,2018-07-09 07:22:34,1,customer_changed_mind,43.17
RET001006,ORD0021995,1,PROD00874,SELL00117,CUST004498,2018-02-15 21:11:45,2,customer_changed_mind,608.74
RET001007,ORD0014604,2,PROD01988,SELL00233,CUST005097,2018-05-24 19:57:55,2,customer_changed_mind,363.1
RET001008,ORD0015987,1,PROD00988,SELL00126,CUST004415,2017-11-12 00:54:23,2,customer_changed_mind,215.04
RET001009,ORD0014885,1,PROD01128,SELL00080,CUST003056,2018-01-28 06:03:07,1,customer_changed_mind,63.83
RET001010,ORD0015091,1,PROD00216,SELL00338,CUST009894,2017-06-13 06:07:09,1,customer_changed_mind,57.37
RET001011,ORD0005244,1,PROD00850,SELL00330,CUST000624,2018-03-13 05:39:33,1,customer_changed_mind,156.35
RET001012,ORD0014166,2,PROD01118,SELL00001,CUST001608,2018-06-30 20:33:59,1,customer_changed_mind,80.65
RET001013,ORD0007249,1,PROD00818,SELL00387,CUST003140,2018-04-22 12:40:01,1,customer_changed_mind,251.19
RET001014,ORD0022228,2,PROD01527,SELL00279,CUST003597,2018-02-23 05:24:04,1,customer_changed_mind,45.04
RET001015,ORD0016026,1,PROD00787,SELL00182,CUST001337,2017-07-30 08:12:10,2,customer_changed_mind,70.94
RET001016,ORD0006945,1,PROD00665,SELL00145,CUST002014,2018-07-10 09:56:34,4,customer_changed_mind,153.48
RET001017,ORD0006246,1,PROD00620,SELL00082,CUST000810,2018-08-18 14:36:44,3,customer_changed_mind,622.44
RET001018,ORD0015637,1,PROD00065,SELL00177,CUST002578,2018-04-30 09:09:22,1,customer_changed_mind,39.13
RET001019,ORD0019607,1,PROD01964,SELL00144,CUST006267,2017-10-25 12:29:43,2,customer_changed_mind,174.3
RET001020,ORD0013106,1,PROD00630,SELL00388,CUST007909,2017-04-27 20:43:45,2,customer_changed_mind,71.34
RET001021,ORD0023573,1,PROD01368,SELL00023,CUST001427,2018-06-08 09:01:04,2,customer_changed_mind,570.5
RET001022,ORD0003718,1,PROD00575,SELL00378,CUST006237,2017-05-13 19:30:50,2,customer_changed_mind,359.82
RET001023,ORD0001621,1,PROD00982,SELL00227,CUST003081,2017-11-02 07:42:57,1,customer_changed_mind,465.53
RET001024,ORD0023837,1,PROD00071,SELL00210,CUST001668,2018-06-01 13:32:39,2,customer_changed_mind,88.1
RET001025,ORD0011548,1,PROD01785,SELL00092,CUST009133,2018-04-06 19:05:38,2,customer_changed_mind,856.7
RET001026,ORD0019821,3,PROD01124,SELL00328,CUST009431,2018-03-16 02:34:28,4,customer_changed_mind,342.48
RET001027,ORD0010225,1,PROD00559,SELL00340,CUST002274,2017-12-04 10:01:52,5,customer_changed_mind,817.3
RET001028,ORD0003092,1,PROD01889,SELL00049,CUST002020,2018-04-03 09:51:20,1,customer_changed_mind,124.72
RET001029,ORD0021740,2,PROD01712,SELL00172,CUST009152,2017-09-11 19:21:50,1,customer_changed_mind,92.31
RET001030,ORD0019045,1,PROD00812,SELL00215,CUST007988,2017-05-01 00:00:25,2,customer_changed_mind,344.52
RET001031,ORD0002063,1,PROD00351,SELL00293,CUST001046,2018-06-08 22:54:04,1,customer_changed_mind,38.61
RET001032,ORD0021000,1,PROD01515,SELL00176,CUST006197,2018-04-19 11:13:34,1,customer_changed_mind,19.34
RET001033,ORD0007553,1,PROD01010,SELL00340,CUST004216,2017-09-14 07:01:43,1,customer_changed_mind,46.34
RET001034,ORD0012124,1,PROD01624,SELL00016,CUST003586,2018-03-24 04:26:48,1,customer_changed_mind,76.09
RET001035,ORD0024188,1,PROD01989,SELL00203,CUST005583,2018-07-22 11:09:32,1,customer_changed_mind,33.96
RET001036,ORD0015338,1,PROD01726,SELL00156,CUST000231,2018-05-23 08:44:35,2,customer_changed_mind,207.98
RET001037,ORD0009359,1,PROD01834,SELL00244,CUST009366,2017-06-23 18:21:47,1,customer_changed_mind,342.78
RET001038,ORD0021976,3,PROD01066,SELL00316,CUST002203,2018-07-16 21:44:13,1,customer_changed_mind,19.47
RET001039,ORD0020094,1,PROD01403,SELL00262,CUST009825,2017-09-18 04:50:11,1,customer_changed_mind,139.41
RET001040,ORD0005074,1,PROD01298,SELL00352,CUST000527,2017-12-05 18:58:29,2,customer_changed_mind,194.04
RET001041,ORD0012522,1,PROD00430,SELL00327,CUST008204,2018-01-20 01:41:06,3,customer_changed_mind,591.75
RET001042,ORD0006976,1,PROD00838,SELL00265,CUST000380,2017-05-20 00:49:45,1,customer_changed_mind,492.65
RET001043,ORD0016726,1,PROD00251,SELL00298,CUST001368,2018-03-19 02:20:48,2,customer_changed_mind,194.22
RET001044,ORD0002439,1,PROD00907,SELL00306,CUST003705,2017-08-28 17:01:39,1,customer_changed_mind,251.98
RET001045,ORD0024372,1,PROD01337,SELL00083,CUST006846,2017-04-05 08:23:57,1,customer_changed_mind,73.26
RET001046,ORD0013781,1,PROD01382,SELL00325,CUST002886,2017-10-18 10:03:13,1,customer_changed_mind,101.39
RET001047,ORD0023911,1,PROD01409,SELL00241,CUST003745,2018-02-05 18:20:03,1,customer_changed_mind,29.41
RET001048,ORD0015287,1,PROD00939,SELL00139,CUST007862,2018-06-15 17:55:37,1,customer_changed_mind,141.61
RET001049,ORD0018476,1,PROD01062,SELL00224,CUST001156,2018-04-28 22:10:48,1,customer_changed_mind,31.44
RET001050,ORD0007568,1,PROD01316,SELL00019,CUST001261,2018-05-28 07:50:58,1,customer_changed_mind,127.58
RET001051,ORD0008861,1,PROD00612,SELL00267,CUST006364,2018-04-18 01:25:25,1,customer_changed_mind,149.4
RET001052,ORD0016088,1,PROD00042,SELL00148,CUST001319,2018-03-13 02:01:51,1,customer_changed_mind,56.42
RET001053,ORD0018621,1,PROD00102,SELL00313,CUST006278,2017-06-20 20:12:22,1,customer_changed_mind,205.16
RET001054,ORD0004547,2,PROD01040,SELL00183,CUST007449,2018-05-27 21:53:12,1,customer_changed_mind,109.95
RET001055,ORD0012364,1,PROD00474,SELL00302,CUST006435,2017-05-18 14:26:36,1,customer_changed_mind,75.85
RET001056,ORD0016857,1,PROD00536,SELL00044,CUST001812,2018-07-19 13:05:56,1,customer_changed_mind,78.17
RET001057,ORD0000618,1,PROD01034,SELL00163,CUST002015,2017-06-01 05:15:38,2,customer_changed_mind,456.46
RET001058,ORD0014017,2,PROD01678,SELL00347,CUST003955,2017-03-08 10:24:38,3,customer_changed_mind,85.98
RET001059,ORD0022577,1,PROD01947,SELL00394,CUST005290,2018-07-05 21:53:24,1,customer_changed_mind,79.33
RET001060,ORD0020794,1,PROD00957,SELL00221,CUST005926,2017-08-31 03:15:25,1,customer_changed_mind,63.03
RET001061,ORD0016386,2,PROD01757,SELL00161,CUST002925,2017-10-18 14:41:27,1,customer_changed_mind,74.93
RET001062,ORD0005704,1,PROD00023,SELL00030,CUST004944,2018-08-25 00:07:03,1,customer_changed_mind,78.9
RET001063,ORD0021452,1,PROD00612,SELL00026,CUST003684,2018-01-12 17:08:22,2,customer_changed_mind,298.8
RET001064,ORD0024359,1,PROD00479,SELL00233,CUST004870,2018-08-26 11:55:42,1,customer_changed_mind,364.0
RET001065,ORD0015531,1,PROD00596,SELL00042,CUST009132,2017-02-06 20:38:25,1,customer_changed_mind,56.66
RET001066,ORD0005730,2,PROD00293,SELL00280,CUST008596,2017-03-23 14:00:29,1,customer_changed_mind,83.83
RET001067,ORD0005078,1,PROD00349,SELL00204,CUST002771,2018-06-23 21:48:35,1,customer_changed_mind,32.27
RET001068,ORD0001786,2,PROD01311,SELL00308,CUST009689,2018-07-17 19:46:05,1,customer_changed_mind,113.72
RET001069,ORD0016126,1,PROD00452,SELL00321,CUST003759,2017-08-16 10:11:24,1,customer_changed_mind,97.15
RET001070,ORD0020090,1,PROD01807,SELL00138,CUST002700,2018-05-04 05:58:42,3,customer_changed_mind,172.41
RET001071,ORD0004061,1,PROD01623,SELL00366,CUST009994,2018-09-06 22:48:04,1,customer_changed_mind,337.59
RET001072,ORD0008687,1,PROD01165,SELL00235,CUST004090,2018-06-04 15:06:43,1,customer_changed_mind,24.95
RET001073,ORD0001235,1,PROD01394,SELL00141,CUST002020,2018-01-17 01:35:13,1,customer_changed_mind,156.16
RET001074,ORD0023186,2,PROD00169,SELL00068,CUST009700,2017-05-12 05:44:32,1,customer_changed_mind,104.02
RET001075,ORD0014934,1,PROD00664,SELL00073,CUST008825,2018-01-04 12:13:43,3,customer_changed_mind,87.81
RET001076,ORD0016846,1,PROD00125,SELL00293,CUST007192,2017-12-28 00:05:02,1,customer_changed_mind,56.72
RET001077,ORD0017553,1,PROD00264,SELL00260,CUST000804,2018-01-26 09:49:23,1,customer_changed_mind,47.03
RET001078,ORD0017996,1,PROD01216,SELL00299,CUST007790,2018-06-19 15:36:42,1,customer_changed_mind,28.15
RET001079,ORD0023127,2,PROD00617,SELL00093,CUST004352,2017-08-04 07:43:18,1,customer_changed_mind,49.63
RET001080,ORD0019362,1,PROD01068,SELL00226,CUST003165,2018-05-17 01:53:25,3,customer_changed_mind,252.0
RET001081,ORD0005224,1,PROD01502,SELL00256,CUST006225,2017-03-14 05:22:01,1,customer_changed_mind,39.9
RET001082,ORD0021014,1,PROD01619,SELL00296,CUST000356,2017-12-12 11:34:02,1,customer_changed_mind,14.24
RET001083,ORD0013466,1,PROD01552,SELL00268,CUST004572,2017-10-20 09:41:10,1,customer_changed_mind,68.44
RET001084,ORD0021712,1,PROD00422,SELL00236,CUST004881,2018-08-21 22:17:45,1,customer_changed_mind,84.94
RET001085,ORD0010046,1,PROD00820,SELL00253,CUST005968,2017-06-08 04:33:05,1,customer_changed_mind,40.2
RET001086,ORD0000452,1,PROD01209,SELL00202,CUST005886,2017-04-29 04:29:29,1,customer_changed_mind,72.95
RET001087,ORD0006823,1,PROD01894,SELL00092,CUST008393,2017-10-30 07:18:30,2,customer_changed_mind,123.82
RET001088,ORD0004935,1,PROD00735,SELL00173,CUST008077,2018-04-07 23:08:26,1,customer_changed_mind,44.73
RET001089,ORD0005306,1,PROD01682,SELL00243,CUST008004,2017-05-09 16:45:35,1,customer_changed_mind,51.25
RET001090,ORD0019132,1,PROD00184,SELL00234,CUST003256,2018-03-15 11:02:11,1,customer_changed_mind,44.74
RET001091,ORD0013301,1,PROD00342,SELL00059,CUST009850,2017-02-12 12:43:27,2,customer_changed_mind,271.24
RET001092,ORD0001244,1,PROD01096,SELL00379,CUST002245,2017-09-05 08:22:15,4,customer_changed_mind,309.12
RET001093,ORD0024814,2,PROD01303,SELL00239,CUST007544,2017-05-12 03:53:17,1,customer_changed_mind,42.94
RET001094,ORD0004767,1,PROD01885,SELL00298,CUST007687,2018-09-16 23:19:15,1,customer_changed_mind,41.26
RET001095,ORD0018689,2,PROD00833,SELL00070,CUST004192,2018-01-08 19:13:30,1,customer_changed_mind,24.87
RET001096,ORD0013264,1,PROD01108,SELL00137,CUST002265,2018-07-10 17:50:28,2,customer_changed_mind,70.94
RET001097,ORD0003823,1,PROD01292,SELL00175,CUST004364,2018-04-12 02:48:45,1,customer_changed_mind,19.97
RET001098,ORD0018044,1,PROD01006,SELL00353,CUST009187,2018-07-19 14:31:18,1,customer_changed_mind,52.71
RET001099,ORD0016363,3,PROD01212,SELL00187,CUST009031,2018-09-16 16:46:33,1,customer_changed_mind,89.86
RET001100,ORD0006849,1,PROD00664,SELL00110,CUST001986,2017-07-21 12:53:46,1,customer_changed_mind,29.27
RET001101,ORD0013149,1,PROD00301,SELL00029,CUST000088,2017-08-03 19:31:41,1,customer_changed_mind,40.18
RET001102,ORD0006410,1,PROD00930,SELL00131,CUST005788,2018-01-18 10:48:45,2,customer_changed_mind,494.54
RET001103,ORD0000414,1,PROD00622,SELL00227,CUST002385,2017-02-07 18:23:11,2,customer_changed_mind,235.24
RET001104,ORD0003612,2,PROD01487,SELL00261,CUST008696,2017-07-26 16:54:22,1,customer_changed_mind,25.73
RET001105,ORD0015936,2,PROD01426,SELL00250,CUST003906,2018-03-23 15:10:26,1,customer_changed_mind,291.1
RET001106,ORD0020881,1,PROD01658,SELL00345,CUST009511,2017-08-03 08:27:43,1,customer_changed_mind,152.81
RET001107,ORD0003559,1,PROD01996,SELL00389,CUST002129,2018-04-19 20:28:07,1,customer_changed_mind,76.94
RET001108,ORD0004454,1,PROD00372,SELL00141,CUST001919,2017-04-26 10:32:29,1,customer_changed_mind,59.78
RET001109,ORD0015827,1,PROD00239,SELL00270,CUST001506,2018-03-10 12:03:48,2,customer_changed_mind,29.56
RET001110,ORD0006395,1,PROD01727,SELL00103,CUST004982,2017-04-03 08:16:24,1,customer_changed_mind,149.48
RET001111,ORD0006202,1,PROD01678,SELL00280,CUST008985,2018-09-01 10:05:50,1,customer_changed_mind,28.66
RET001112,ORD0011143,1,PROD00782,SELL00157,CUST005084,2018-03-19 17:57:14,1,customer_changed_mind,17.18
RET001113,ORD0024761,1,PROD01345,SELL00389,CUST000024,2018-06-29 17:32:53,5,customer_changed_mind,113.35
RET001114,ORD0017914,1,PROD01886,SELL00114,CUST000770,2017-06-16 07:38:32,1,customer_changed_mind,23.66
RET001115,ORD0013682,1,PROD01263,SELL00105,CUST006368,2018-08-13 03:55:17,4,customer_changed_mind,248.64
RET001116,ORD0013443,1,PROD00281,SELL00203,CUST005886,2018-03-01 11:33:21,1,customer_changed_mind,121.52
RET001117,ORD0015461,1,PROD00793,SELL00061,CUST006046,2017-06-24 07:22:09,1,customer_changed_mind,91.34
RET001118,ORD0013040,1,PROD00434,SELL00278,CUST001417,2017-09-23 15:19:39,2,customer_changed_mind,94.28
RET001119,ORD0014014,1,PROD01618,SELL00390,CUST001018,2018-05-31 00:14:30,1,customer_changed_mind,42.0
RET001120,ORD0000809,1,PROD00581,SELL00309,CUST007625,2018-08-13 14:37:27,1,customer_changed_mind,68.48
RET001121,ORD0009465,1,PROD01883,SELL00171,CUST003884,2017-11-26 10:03:30,2,customer_changed_mind,121.98
RET001122,ORD0021796,1,PROD00087,SELL00171,CUST000681,2017-10-17 16:58:48,2,customer_changed_mind,170.62
RET001123,ORD0020865,1,PROD00168,SELL00195,CUST007351,2017-10-19 23:24:10,4,customer_changed_mind,460.2
RET001124,ORD0013540,1,PROD00996,SELL00224,CUST002534,2018-08-27 19:09:02,1,customer_changed_mind,149.93
RET001125,ORD0020543,1,PROD01548,SELL00196,CUST009458,2017-10-22 14:48:00,1,customer_changed_mind,77.23
RET001126,ORD0019799,1,PROD01696,SELL00262,CUST000480,2017-02-08 04:41:58,1,customer_changed_mind,85.27
RET001127,ORD0012298,1,PROD00593,SELL00277,CUST009375,2017-04-16 09:59:13,1,customer_changed_mind,32.81
RET001128,ORD0011302,1,PROD01191,SELL00320,CUST007482,2018-01-21 01:55:07,1,customer_changed_mind,119.31
RET001129,ORD0020360,1,PROD01414,SELL00243,CUST001552,2017-03-08 21:04:25,2,customer_changed_mind,118.8
RET001130,ORD0008379,1,PROD00993,SELL00108,CUST007894,2017-12-19 05:47:53,1,customer_changed_mind,73.49
RET001131,ORD0009614,1,PROD00587,SELL00268,CUST003449,2018-05-31 01:52:38,1,customer_changed_mind,148.41
RET001132,ORD0012513,1,PROD00229,SELL00188,CUST000257,2018-06-28 19:32:14,1,customer_changed_mind,19.26
RET001133,ORD0010730,1,PROD00815,SELL00162,CUST001137,2017-10-15 14:20:15,1,customer_changed_mind,55.43
RET001134,ORD0006288,1,PROD01690,SELL00215,CUST009264,2017-12-29 07:20:00,2,customer_changed_mind,330.94
RET001135,ORD0013210,1,PROD01777,SELL00275,CUST007048,2018-09-16 00:12:04,2,customer_changed_mind,295.54
RET001136,ORD0004788,3,PROD00769,SELL00090,CUST000131,2017-10-02 17:34:12,1,customer_changed_mind,390.7
RET001137,ORD0010425,1,PROD01273,SELL00223,CUST003611,2017-05-31 11:25:51,1,customer_changed_mind,99.58
RET001138,ORD0015295,1,PROD00606,SELL00064,CUST003316,2018-09-04 02:54:43,1,customer_changed_mind,35.14
RET001139,ORD0008972,1,PROD00751,SELL00142,CUST009148,2017-05-07 13:02:03,2,customer_changed_mind,1056.94
RET001140,ORD0005972,1,PROD01563,SELL00382,CUST007032,2017-07-05 03:50:05,1,customer_changed_mind,206.88
RET001141,ORD0014710,1,PROD00191,SELL00381,CUST006033,2018-03-05 21:28:40,1,customer_changed_mind,45.78
RET001142,ORD0016364,1,PROD00108,SELL00037,CUST007243,2018-08-06 15:00:42,4,customer_changed_mind,353.08
RET001143,ORD0016559,2,PROD00494,SELL00381,CUST005636,2017-06-25 19:02:07,1,customer_changed_mind,155.18
RET001144,ORD0004681,1,PROD00577,SELL00292,CUST008494,2017-10-27 23:19:43,2,customer_changed_mind,304.28
RET001145,ORD0001396,1,PROD00928,SELL00262,CUST008959,2017-09-25 14:21:31,1,customer_changed_mind,81.21
RET001146,ORD0001318,1,PROD00904,SELL00047,CUST008941,2018-06-07 14:19:15,1,customer_changed_mind,108.03
RET001147,ORD0020116,1,PROD01148,SELL00245,CUST004495,2018-02-07 11:33:10,1,customer_changed_mind,34.74
RET001148,ORD0012323,1,PROD01660,SELL00052,CUST003851,2017-02-01 17:05:07,2,customer_changed_mind,30.12
RET001149,ORD0018456,2,PROD00891,SELL00093,CUST006882,2018-04-17 19:20:41,1,customer_changed_mind,212.52
RET001150,ORD0012233,1,PROD00750,SELL00315,CUST009693,2018-06-19 12:29:18,4,customer_changed_mind,658.28
RET001151,ORD0013580,1,PROD00125,SELL00306,CUST007458,2018-01-10 08:03:55,1,customer_changed_mind,56.72
RET001152,ORD0021187,1,PROD00773,SELL00317,CUST002980,2017-07-02 05:21:17,1,customer_changed_mind,26.28
RET001153,ORD0023279,1,PROD00696,SELL00227,CUST001611,2018-09-20 02:30:12,1,customer_changed_mind,22.23
RET001154,ORD0010061,1,PROD01814,SELL00155,CUST002944,2017-07-30 23:08:12,1,customer_changed_mind,42.17
RET001155,ORD0011196,1,PROD01021,SELL00054,CUST007284,2018-01-22 11:27:25,4,customer_changed_mind,279.08
RET001156,ORD0007019,1,PROD00398,SELL00225,CUST006855,2018-05-12 07:03:20,1,customer_changed_mind,156.45
RET001157,ORD0012567,1,PROD00837,SELL00146,CUST000623,2018-08-13 16:44:11,2,customer_changed_mind,166.24
RET001158,ORD0001548,1,PROD00803,SELL00098,CUST007561,2017-12-12 01:40:34,3,customer_changed_mind,111.12
RET001159,ORD0016128,2,PROD01047,SELL00277,CUST004087,2017-02-01 22:13:58,1,customer_changed_mind,57.76
RET001160,ORD0012090,1,PROD01856,SELL00054,CUST008625,2017-09-29 15:54:08,1,customer_changed_mind,116.34
RET001161,ORD0016499,1,PROD00865,SELL00316,CUST001024,2018-02-11 00:42:40,1,customer_changed_mind,72.17
RET001162,ORD0013152,1,PROD00123,SELL00282,CUST008846,2018-07-24 17:29:05,2,customer_changed_mind,253.18
RET001163,ORD0016032,1,PROD00821,SELL00231,CUST002292,2018-02-24 18:46:45,1,customer_changed_mind,18.58
RET001164,ORD0000695,1,PROD00914,SELL00060,CUST001427,2017-11-18 10:24:45,3,customer_changed_mind,497.73
RET001165,ORD0016054,1,PROD01978,SELL00345,CUST001991,2018-06-11 16:52:20,1,customer_changed_mind,82.74
RET001166,ORD0006128,3,PROD00806,SELL00310,CUST005242,2018-07-25 21:23:42,3,customer_changed_mind,563.52
RET001167,ORD0017887,1,PROD00795,SELL00231,CUST008139,2017-02-23 17:18:30,1,customer_changed_mind,59.85
RET001168,ORD0017523,1,PROD01175,SELL00358,CUST005928,2017-06-07 11:41:58,1,customer_changed_mind,26.76
RET001169,ORD0018526,2,PROD00577,SELL00261,CUST008923,2017-05-03 12:44:08,1,customer_changed_mind,152.14
RET001170,ORD0013815,1,PROD00961,SELL00142,CUST001247,2017-11-06 09:05:35,1,customer_changed_mind,35.19
RET001171,ORD0023405,2,PROD00388,SELL00072,CUST007058,2018-07-10 20:54:23,1,customer_changed_mind,108.53
RET001172,ORD0019150,1,PROD01379,SELL00150,CUST006889,2018-09-20 18:35:40,1,customer_changed_mind,35.52
RET001173,ORD0001926,1,PROD01193,SELL00044,CUST001637,2018-07-06 23:27:30,1,customer_changed_mind,62.24
RET001174,ORD0009980,1,PROD01005,SELL00213,CUST009712,2018-08-08 15:54:48,1,customer_changed_mind,43.22
RET001175,ORD0023208,1,PROD00540,SELL00333,CUST005884,2017-09-22 11:30:42,1,customer_changed_mind,52.55
RET001176,ORD0018453,1,PROD01054,SELL00308,CUST007364,2017-05-04 11:43:27,2,customer_changed_mind,220.5
RET001177,ORD0021768,1,PROD00438,SELL00177,CUST001932,2018-09-24 08:58:01,1,customer_changed_mind,316.71
RET001178,ORD0002175,1,PROD01517,SELL00257,CUST003494,2018-07-22 22:01:34,1,customer_changed_mind,32.78
RET001179,ORD0021018,1,PROD01279,SELL00080,CUST001709,2018-08-28 04:08:35,2,customer_changed_mind,61.96
RET001180,ORD0006204,1,PROD00291,SELL00258,CUST003426,2018-02-27 03:05:53,1,customer_changed_mind,116.51
RET001181,ORD0002237,1,PROD00153,SELL00140,CUST003501,2017-09-08 04:44:33,3,customer_changed_mind,287.55
RET001182,ORD0003354,1,PROD00649,SELL00242,CUST005364,2017-10-02 09:05:33,1,customer_changed_mind,75.68
RET001183,ORD0023060,1,PROD01164,SELL00247,CUST009909,2017-08-31 21:56:00,1,customer_changed_mind,90.26
RET001184,ORD0013378,1,PROD01035,SELL00027,CUST005369,2017-10-28 02:59:28,3,customer_changed_mind,130.29
RET001185,ORD0022079,2,PROD01547,SELL00075,CUST001753,2017-10-31 00:01:27,1,customer_changed_mind,165.58
RET001186,ORD0013409,1,PROD01667,SELL00129,CUST004253,2017-07-27 18:05:14,1,customer_changed_mind,118.59
RET001187,ORD0018983,2,PROD00274,SELL00151,CUST000823,2018-03-13 10:28:15,4,customer_changed_mind,818.12
RET001188,ORD0020096,1,PROD01699,SELL00227,CUST009646,2017-12-05 06:10:26,2,customer_changed_mind,578.72
RET001189,ORD0019838,1,PROD00517,SELL00213,CUST004943,2017-10-29 16:27:33,2,customer_changed_mind,287.42
RET001190,ORD0008012,2,PROD01308,SELL00180,CUST007479,2018-02-06 01:01:14,4,customer_changed_mind,97.0
RET001191,ORD0021913,1,PROD01448,SELL00396,CUST003415,2017-06-16 04:23:45,1,customer_changed_mind,114.0
RET001192,ORD0008441,1,PROD00021,SELL00163,CUST003472,2018-04-26 12:29:14,2,customer_changed_mind,29.62
RET001193,ORD0022286,2,PROD01800,SELL00376,CUST002432,2018-09-04 14:49:35,2,customer_changed_mind,527.4
RET001194,ORD0005960,1,PROD01710,SELL00278,CUST005759,2018-08-21 05:18:55,1,customer_changed_mind,58.35
RET001195,ORD0020707,2,PROD00683,SELL00027,CUST002396,2017-06-02 15:43:13,1,customer_changed_mind,55.95
RET001196,ORD0009999,1,PROD01452,SELL00275,CUST000999,2017-02-23 12:55:34,1,customer_changed_mind,58.32
RET001197,ORD0020123,1,PROD00134,SELL00151,CUST005596,2017-03-05 17:04:41,1,customer_changed_mind,88.32
RET001198,ORD0016007,2,PROD01093,SELL00319,CUST001030,2018-09-14 06:40:28,1,customer_changed_mind,54.11
RET001199,ORD0021450,1,PROD00354,SELL00049,CUST005635,2018-02-05 00:47:26,3,customer_changed_mind,689.67
RET001200,ORD0018575,1,PROD01642,SELL00089,CUST003675,2017-12-27 16:34:38,1,customer_changed_mind,47.26
RET001201,ORD0000702,1,PROD01293,SELL00111,CUST008231,2017-05-16 10:33:21,2,customer_changed_mind,82.24
RET001202,ORD0023230,1,PROD01829,SELL00311,CUST002799,2018-01-10 16:20:17,2,customer_changed_mind,38.42
RET001203,ORD0001532,1,PROD01087,SELL00274,CUST006380,2017-02-04 00:59:43,1,customer_changed_mind,79.84
RET001204,ORD0017498,1,PROD00262,SELL00211,CUST007243,2017-09-11 08:17:24,1,customer_changed_mind,196.92
RET001205,ORD0024886,1,PROD01767,SELL00052,CUST005742,2018-06-11 13:00:53,1,customer_changed_mind,159.28
RET001206,ORD0007334,1,PROD01312,SELL00348,CUST001756,2018-03-11 07:56:47,1,customer_changed_mind,65.37
RET001207,ORD0022317,1,PROD00873,SELL00105,CUST009786,2018-05-05 22:40:57,3,customer_changed_mind,134.19
RET001208,ORD0020874,1,PROD01289,SELL00310,CUST005984,2018-04-01 19:12:37,1,customer_changed_mind,200.09
RET001209,ORD0007993,1,PROD00831,SELL00033,CUST009609,2017-04-07 22:37:28,2,customer_changed_mind,710.78
RET001210,ORD0002534,1,PROD00740,SELL00236,CUST005908,2017-08-01 19:07:59,1,customer_changed_mind,104.78
RET001211,ORD0001146,1,PROD00082,SELL00149,CUST008467,2018-05-20 08:12:55,4,customer_changed_mind,786.12
RET001212,ORD0012621,1,PROD01072,SELL00139,CUST007833,2017-10-09 14:26:48,2,customer_changed_mind,128.64
RET001213,ORD0022869,2,PROD00784,SELL00168,CUST007147,2018-08-30 01:38:12,2,customer_changed_mind,203.52
RET001214,ORD0023172,1,PROD00760,SELL00079,CUST002735,2018-04-08 19:19:23,1,customer_changed_mind,247.79
RET001215,ORD0012795,1,PROD01314,SELL00268,CUST002105,2018-02-13 03:45:54,1,customer_changed_mind,204.82
RET001216,ORD0016322,1,PROD00995,SELL00039,CUST007891,2017-06-23 10:38:14,2,customer_changed_mind,107.08
RET001217,ORD0022897,1,PROD01945,SELL00020,CUST006964,2017-03-20 10:39:42,1,customer_changed_mind,200.21
RET001218,ORD0005978,2,PROD01972,SELL00209,CUST005126,2018-07-25 01:21:56,3,customer_changed_mind,307.53
RET001219,ORD0009279,1,PROD00242,SELL00098,CUST003271,2018-02-24 01:32:04,1,customer_changed_mind,35.82
RET001220,ORD0012386,1,PROD00115,SELL00323,CUST001499,2018-01-10 06:41:37,4,customer_changed_mind,741.48
RET001221,ORD0006927,1,PROD00533,SELL00392,CUST004379,2018-05-06 12:46:11,1,customer_changed_mind,35.09
RET001222,ORD0015385,1,PROD01759,SELL00120,CUST001487,2017-04-15 01:34:45,4,customer_changed_mind,693.96
RET001223,ORD0015879,1,PROD01766,SELL00238,CUST001087,2018-07-21 17:27:49,1,customer_changed_mind,169.38
RET001224,ORD0018010,1,PROD01509,SELL00220,CUST006859,2017-03-24 11:44:51,2,customer_changed_mind,56.84
RET001225,ORD0017679,1,PROD01007,SELL00239,CUST009062,2017-10-10 21:08:30,3,customer_changed_mind,634.56
RET001226,ORD0013653,1,PROD01282,SELL00360,CUST008927,2018-06-05 12:27:21,3,customer_changed_mind,127.89
RET001227,ORD0001273,1,PROD00455,SELL00073,CUST004223,2018-09-08 03:54:17,1,customer_changed_mind,50.76
RET001228,ORD0021716,1,PROD00551,SELL00093,CUST001711,2018-03-13 03:04:54,1,customer_changed_mind,66.61
RET001229,ORD0012250,2,PROD01225,SELL00037,CUST004210,2018-08-05 15:07:17,1,customer_changed_mind,361.46
RET001230,ORD0011552,1,PROD01247,SELL00217,CUST000259,2018-02-03 09:06:54,1,customer_changed_mind,106.96
RET001231,ORD0018183,1,PROD01441,SELL00024,CUST000738,2017-11-01 14:20:43,1,customer_changed_mind,115.99
RET001232,ORD0019099,2,PROD00283,SELL00084,CUST000200,2017-02-25 19:35:09,1,customer_changed_mind,103.54
RET001233,ORD0011479,1,PROD00530,SELL00194,CUST003040,2017-11-04 21:45:45,1,customer_changed_mind,77.1
RET001234,ORD0015179,3,PROD01541,SELL00298,CUST002618,2017-06-24 04:26:54,1,customer_changed_mind,48.51
RET001235,ORD0015087,1,PROD00635,SELL00159,CUST002374,2018-09-05 00:04:19,1,customer_changed_mind,112.08
RET001236,ORD0014458,1,PROD00843,SELL00125,CUST000312,2017-07-31 09:50:24,1,customer_changed_mind,98.05
RET001237,ORD0006717,2,PROD00676,SELL00366,CUST005059,2018-03-26 23:04:04,3,customer_changed_mind,358.65
RET001238,ORD0017134,1,PROD00034,SELL00124,CUST008577,2017-07-02 10:06:10,2,customer_changed_mind,105.88
RET001239,ORD0016518,1,PROD00433,SELL00357,CUST009868,2018-02-11 15:04:31,1,customer_changed_mind,19.17
RET001240,ORD0018339,1,PROD01524,SELL00302,CUST000128,2018-07-24 14:53:48,2,customer_changed_mind,71.06
RET001241,ORD0024885,1,PROD00530,SELL00252,CUST003336,2017-03-16 08:45:08,1,customer_changed_mind,77.1
RET001242,ORD0022835,1,PROD00583,SELL00161,CUST008623,2018-06-18 16:22:05,1,customer_changed_mind,80.08
RET001243,ORD0016237,2,PROD00193,SELL00019,CUST006056,2017-02-03 02:55:32,1,customer_changed_mind,69.22
RET001244,ORD0011123,2,PROD01264,SELL00304,CUST003446,2018-01-08 00:31:03,3,customer_changed_mind,60.81
RET001245,ORD0013959,1,PROD00819,SELL00008,CUST007510,2018-03-24 22:23:45,1,customer_changed_mind,29.07
RET001246,ORD0021507,1,PROD01911,SELL00011,CUST009667,2018-09-04 10:29:44,5,customer_changed_mind,626.4
RET001247,ORD0012012,1,PROD01440,SELL00234,CUST001831,2017-09-23 09:31:28,1,customer_changed_mind,64.23
RET001248,ORD0000043,2,PROD00013,SELL00181,CUST006884,2018-02-06 08:59:56,2,customer_changed_mind,225.54
RET001249,ORD0019481,2,PROD00004,SELL00334,CUST004485,2018-06-30 06:43:24,4,customer_changed_mind,188.08
RET001250,ORD0008075,1,PROD00105,SELL00003,CUST003186,2018-03-02 13:43:35,1,customer_changed_mind,220.23
RET001251,ORD0017250,2,PROD00139,SELL00249,CUST001902,2017-11-02 13:23:17,3,customer_changed_mind,1017.15
RET001252,ORD0000276,1,PROD00326,SELL00034,CUST006672,2018-05-27 06:00:18,1,customer_changed_mind,475.02
RET001253,ORD0004303,1,PROD00445,SELL00005,CUST001058,2017-09-11 08:38:24,1,customer_changed_mind,22.0
RET001254,ORD0003650,1,PROD00525,SELL00054,CUST009182,2018-05-01 09:51:17,2,customer_changed_mind,455.72
RET001255,ORD0022295,1,PROD01571,SELL00241,CUST008264,2017-05-31 07:41:48,1,customer_changed_mind,109.16
RET001256,ORD0004471,1,PROD00029,SELL00124,CUST007964,2018-01-12 04:22:29,1,customer_changed_mind,177.09
RET001257,ORD0000247,1,PROD00829,SELL00232,CUST000803,2017-11-05 02:29:20,2,customer_changed_mind,453.12
RET001258,ORD0011309,1,PROD01770,SELL00085,CUST007201,2018-07-04 11:53:22,1,customer_changed_mind,111.07
RET001259,ORD0006604,2,PROD01944,SELL00114,CUST003695,2017-03-28 15:16:54,2,customer_changed_mind,221.54
RET001260,ORD0018706,1,PROD00507,SELL00297,CUST009069,2018-02-02 12:05:00,3,customer_changed_mind,94.65
RET001261,ORD0024552,1,PROD00174,SELL00056,CUST008746,2018-07-08 19:30:11,2,customer_changed_mind,140.68
RET001262,ORD0009939,1,PROD01918,SELL00082,CUST004355,2018-01-25 16:54:47,1,customer_changed_mind,138.68
RET001263,ORD0009843,1,PROD01387,SELL00225,CUST002883,2018-05-05 23:57:47,1,customer_changed_mind,85.51
RET001264,ORD0022760,1,PROD01627,SELL00090,CUST007537,2017-12-31 02:20:16,2,customer_changed_mind,728.04
RET001265,ORD0019219,1,PROD01800,SELL00139,CUST004710,2018-09-14 21:30:05,1,customer_changed_mind,263.7
RET001266,ORD0007057,1,PROD01183,SELL00305,CUST009362,2017-08-17 00:15:21,1,customer_changed_mind,200.84
RET001267,ORD0020286,1,PROD00763,SELL00347,CUST003723,2018-01-14 18:07:09,1,customer_changed_mind,136.86
RET001268,ORD0023073,1,PROD00883,SELL00377,CUST009517,2017-04-06 10:39:55,1,customer_changed_mind,15.08
RET001269,ORD0011499,1,PROD00058,SELL00193,CUST006503,2017-07-10 17:27:56,1,customer_changed_mind,27.39
RET001270,ORD0003222,2,PROD00577,SELL00338,CUST005330,2017-07-01 19:03:34,3,customer_changed_mind,456.42
RET001271,ORD0003264,1,PROD00598,SELL00338,CUST001143,2017-05-07 20:05:43,1,customer_changed_mind,35.69
RET001272,ORD0019717,1,PROD01516,SELL00081,CUST004182,2017-07-01 11:35:59,1,customer_changed_mind,208.03
RET001273,ORD0007932,2,PROD00785,SELL00100,CUST004351,2017-04-10 21:32:57,1,customer_changed_mind,58.05
RET001274,ORD0011048,2,PROD01152,SELL00249,CUST009192,2017-04-19 16:25:27,2,customer_changed_mind,146.88
RET001275,ORD0022979,1,PROD01307,SELL00224,CUST002088,2017-12-18 08:38:15,1,customer_changed_mind,34.16
RET001276,ORD0022259,1,PROD01400,SELL00053,CUST006007,2017-11-29 00:58:24,1,customer_changed_mind,43.31
RET001277,ORD0002040,1,PROD00592,SELL00260,CUST009796,2018-04-16 19:12:16,1,customer_changed_mind,86.65
RET001278,ORD0023777,2,PROD00673,SELL00124,CUST002453,2018-10-01 14:22:31,2,customer_changed_mind,43.22
RET001279,ORD0002421,1,PROD01231,SELL00032,CUST002243,2018-05-25 16:33:31,2,customer_changed_mind,144.04
RET001280,ORD0023792,1,PROD00875,SELL00182,CUST006463,2018-06-04 12:09:56,1,customer_changed_mind,83.56
RET001281,ORD0010976,1,PROD01372,SELL00329,CUST006876,2018-08-30 20:35:37,1,customer_changed_mind,28.81
RET001282,ORD0008041,1,PROD01758,SELL00239,CUST002622,2018-08-18 16:40:03,2,customer_changed_mind,217.12
RET001283,ORD0001309,2,PROD00860,SELL00088,CUST008054,2018-09-07 03:14:26,1,customer_changed_mind,27.34
RET001284,ORD0020721,1,PROD00974,SELL00093,CUST006274,2017-01-24 05:54:22,1,customer_changed_mind,45.63
RET001285,ORD0019393,1,PROD00664,SELL00004,CUST000298,2017-04-11 18:35:58,2,customer_changed_mind,58.54
RET001286,ORD0013201,1,PROD01144,SELL00001,CUST005525,2017-09-25 16:18:07,1,customer_changed_mind,140.15
RET001287,ORD0022532,1,PROD00040,SELL00094,CUST008852,2018-07-04 01:16:44,1,customer_changed_mind,552.02
RET001288,ORD0024969,1,PROD01331,SELL00289,CUST007597,2018-08-14 16:40:33,1,customer_changed_mind,157.7
RET001289,ORD0001066,2,PROD00799,SELL00117,CUST001906,2017-11-04 14:43:21,1,customer_changed_mind,42.89
RET001290,ORD0012254,1,PROD00105,SELL00023,CUST006193,2018-09-18 09:19:30,2,customer_changed_mind,440.46
RET001291,ORD0008315,1,PROD00088,SELL00329,CUST003345,2018-05-21 10:54:06,3,customer_changed_mind,1690.08
RET001292,ORD0013042,3,PROD01470,SELL00250,CUST002940,2017-10-26 23:27:54,2,customer_changed_mind,186.18
RET001293,ORD0010147,1,PROD00514,SELL00064,CUST001081,2017-04-11 00:17:52,1,customer_changed_mind,78.47
RET001294,ORD0013465,1,PROD01012,SELL00169,CUST007827,2017-09-27 23:48:42,2,customer_changed_mind,438.52
RET001295,ORD0010203,2,PROD00744,SELL00207,CUST005291,2017-09-08 15:01:57,1,customer_changed_mind,79.39
RET001296,ORD0003469,1,PROD00166,SELL00220,CUST006927,2018-06-24 10:51:37,1,customer_changed_mind,52.25
RET001297,ORD0008560,1,PROD02000,SELL00280,CUST002411,2017-05-12 08:02:24,1,customer_changed_mind,174.91
RET001298,ORD0016194,1,PROD00703,SELL00038,CUST005233,2017-02-07 14:20:26,1,customer_changed_mind,119.5
RET001299,ORD0023856,1,PROD01103,SELL00324,CUST003850,2017-04-24 08:17:58,1,customer_changed_mind,72.13
RET001300,ORD0014949,1,PROD01947,SELL00325,CUST009229,2017-08-07 17:56:07,1,customer_changed_mind,79.33
RET001301,ORD0024489,1,PROD01337,SELL00127,CUST004576,2018-02-01 23:14:04,1,customer_changed_mind,73.26
RET001302,ORD0009548,1,PROD01132,SELL00138,CUST006137,2018-09-15 18:41:55,1,customer_changed_mind,97.89
RET001303,ORD0018061,1,PROD00073,SELL00144,CUST002673,2017-11-26 16:31:22,1,customer_changed_mind,74.43
RET001304,ORD0000334,1,PROD01816,SELL00321,CUST001344,2017-10-22 16:53:50,2,customer_changed_mind,78.4
RET001305,ORD0009729,1,PROD01613,SELL00098,CUST006226,2017-09-28 03:54:17,1,customer_changed_mind,28.48
RET001306,ORD0024757,1,PROD00759,SELL00252,CUST000793,2017-10-29 02:22:19,2,customer_changed_mind,46.96
RET001307,ORD0015436,2,PROD01420,SELL00059,CUST004380,2018-10-12 14:16:39,3,customer_changed_mind,219.69
RET001308,ORD0024745,1,PROD01917,SELL00326,CUST004942,2017-11-29 08:08:51,1,customer_changed_mind,170.67
RET001309,ORD0001569,1,PROD01722,SELL00266,CUST004824,2017-11-14 07:50:21,1,customer_changed_mind,141.2
RET001310,ORD0004919,1,PROD00878,SELL00391,CUST005143,2018-01-28 14:07:35,1,customer_changed_mind,68.56
RET001311,ORD0016373,1,PROD00612,SELL00373,CUST006862,2018-06-16 14:25:53,1,customer_changed_mind,149.4
RET001312,ORD0000116,1,PROD01730,SELL00052,CUST007968,2017-07-19 12:16:53,1,customer_changed_mind,207.18
RET001313,ORD0021393,1,PROD01711,SELL00072,CUST008033,2018-07-12 04:19:50,1,customer_changed_mind,42.46
RET001314,ORD0019579,1,PROD01600,SELL00327,CUST009673,2017-11-05 06:56:54,1,customer_changed_mind,125.39
RET001315,ORD0002805,1,PROD00749,SELL00103,CUST006945,2018-04-05 20:34:39,1,customer_changed_mind,84.05
RET001316,ORD0004837,1,PROD00227,SELL00055,CUST004034,2017-06-22 16:02:11,2,customer_changed_mind,285.52
RET001317,ORD0008180,1,PROD01614,SELL00292,CUST004300,2017-02-24 07:18:48,1,customer_changed_mind,28.55
RET001318,ORD0009033,1,PROD01895,SELL00178,CUST004681,2018-07-15 10:36:43,3,customer_changed_mind,137.79
RET001319,ORD0002571,1,PROD00782,SELL00219,CUST000738,2017-08-18 04:58:09,1,customer_changed_mind,17.18
RET001320,ORD0009171,1,PROD01371,SELL00257,CUST009832,2018-07-08 03:58:45,3,customer_changed_mind,148.56
RET001321,ORD0002130,1,PROD00879,SELL00232,CUST001091,2017-08-02 19:32:24,3,customer_changed_mind,46.65
RET001322,ORD0011438,1,PROD00345,SELL00050,CUST006732,2017-05-18 08:48:38,1,customer_changed_mind,149.83
RET001323,ORD0003936,1,PROD00682,SELL00178,CUST007164,2018-01-27 20:37:31,2,customer_changed_mind,124.96
RET001324,ORD0004218,1,PROD01589,SELL00389,CUST004707,2018-06-22 07:21:32,1,customer_changed_mind,194.6
RET001325,ORD0021753,1,PROD01403,SELL00330,CUST002624,2017-06-03 03:57:44,1,customer_changed_mind,139.41
RET001326,ORD0000177,1,PROD01610,SELL00269,CUST009108,2018-06-06 03:10:25,1,customer_changed_mind,72.02
RET001327,ORD0012587,3,PROD01844,SELL00154,CUST006283,2017-04-14 05:42:54,2,customer_changed_mind,245.24
RET001328,ORD0008410,1,PROD01433,SELL00072,CUST000648,2018-06-03 17:28:47,1,customer_changed_mind,139.98
RET001329,ORD0008216,1,PROD01605,SELL00312,CUST007697,2017-11-09 23:08:44,1,customer_changed_mind,84.19
RET001330,ORD0004941,1,PROD00186,SELL00173,CUST003518,2018-05-16 22:51:42,2,customer_changed_mind,538.3
RET001331,ORD0006210,1,PROD01384,SELL00353,CUST002866,2017-05-21 17:26:39,3,customer_changed_mind,53.91
RET001332,ORD0000776,1,PROD00932,SELL00161,CUST002337,2017-11-18 06:02:14,1,customer_changed_mind,352.34
RET001333,ORD0009991,1,PROD01961,SELL00373,CUST002201,2018-03-21 20:16:20,1,customer_changed_mind,58.06
RET001334,ORD0024041,1,PROD01166,SELL00074,CUST008941,2017-12-09 03:44:22,1,customer_changed_mind,173.4
RET001335,ORD0011097,1,PROD01687,SELL00313,CUST001382,2017-03-03 01:54:41,2,customer_changed_mind,184.3
RET001336,ORD0022474,1,PROD00727,SELL00205,CUST007775,2017-07-14 19:23:59,1,customer_changed_mind,194.39
RET001337,ORD0013186,1,PROD00489,SELL00349,CUST005942,2017-05-06 03:33:10,1,customer_changed_mind,90.67
RET001338,ORD0008845,1,PROD00830,SELL00316,CUST007267,2018-09-10 04:31:41,1,customer_changed_mind,28.28
RET001339,ORD0023542,1,PROD01006,SELL00209,CUST001927,2018-04-04 07:07:16,1,customer_changed_mind,52.71
RET001340,ORD0006713,1,PROD00760,SELL00109,CUST000404,2017-09-26 21:51:48,1,customer_changed_mind,247.79
RET001341,ORD0000164,1,PROD01056,SELL00168,CUST003165,2017-07-07 05:50:39,1,customer_changed_mind,77.19
RET001342,ORD0018093,1,PROD00237,SELL00224,CUST001843,2017-07-20 22:34:02,1,customer_changed_mind,121.97
RET001343,ORD0018716,1,PROD00688,SELL00230,CUST006497,2018-07-28 16:11:17,1,customer_changed_mind,265.07
RET001344,ORD0023354,1,PROD01804,SELL00052,CUST001172,2017-09-25 16:52:07,1,customer_changed_mind,68.47
RET001345,ORD0023641,1,PROD00334,SELL00096,CUST006495,2018-01-18 07:23:05,1,customer_changed_mind,93.78
RET001346,ORD0006258,1,PROD01402,SELL00081,CUST008076,2018-09-14 02:00:16,1,customer_changed_mind,128.96
RET001347,ORD0006603,1,PROD01361,SELL00084,CUST003227,2017-01-12 21:54:42,2,customer_changed_mind,217.06
RET001348,ORD0014622,1,PROD00919,SELL00165,CUST008273,2017-06-17 07:58:14,1,customer_changed_mind,66.23
RET001349,ORD0020702,3,PROD00676,SELL00096,CUST008422,2017-10-21 21:55:37,1,customer_changed_mind,119.55
RET001350,ORD0014999,1,PROD00100,SELL00174,CUST002769,2017-03-12 07:11:15,1,customer_changed_mind,47.47
RET001351,ORD0002275,1,PROD01089,SELL00246,CUST004341,2017-09-29 03:03:07,1,customer_changed_mind,55.07
RET001352,ORD0015101,2,PROD01544,SELL00189,CUST004460,2018-08-26 05:08:50,1,customer_changed_mind,287.55
RET001353,ORD0005931,1,PROD00772,SELL00132,CUST004866,2017-01-15 05:59:12,1,customer_changed_mind,55.34
RET001354,ORD0014371,1,PROD00104,SELL00166,CUST001606,2017-11-23 06:42:08,1,customer_changed_mind,92.48
RET001355,ORD0007380,1,PROD00585,SELL00027,CUST005597,2017-04-14 15:57:12,1,customer_changed_mind,168.32
RET001356,ORD0017832,1,PROD01441,SELL00352,CUST007705,2017-07-04 20:08:55,1,customer_changed_mind,115.99
RET001357,ORD0024525,1,PROD00499,SELL00307,CUST007633,2017-04-04 20:41:38,1,customer_changed_mind,193.98
RET001358,ORD0018121,1,PROD00988,SELL00200,CUST007468,2017-02-02 06:04:57,1,customer_changed_mind,107.52
RET001359,ORD0002603,1,PROD01551,SELL00253,CUST004924,2018-06-03 23:17:48,3,customer_changed_mind,78.99
RET001360,ORD0018773,1,PROD00082,SELL00323,CUST008653,2017-09-28 06:12:44,1,customer_changed_mind,196.53
RET001361,ORD0002905,4,PROD01862,SELL00319,CUST008549,2018-05-02 08:20:50,1,customer_changed_mind,393.55
RET001362,ORD0004940,1,PROD00544,SELL00245,CUST003772,2017-10-23 09:25:42,1,customer_changed_mind,155.49
RET001363,ORD0014793,1,PROD01404,SELL00055,CUST004393,2017-11-05 02:03:46,2,customer_changed_mind,70.58
RET001364,ORD0021379,1,PROD00110,SELL00371,CUST007149,2018-01-13 09:28:41,2,customer_changed_mind,86.66
RET001365,ORD0008251,1,PROD01444,SELL00332,CUST003922,2017-08-06 10:14:49,2,customer_changed_mind,59.4
RET001366,ORD0009226,1,PROD01143,SELL00081,CUST002668,2017-10-14 07:17:47,1,customer_changed_mind,78.87
RET001367,ORD0008532,1,PROD01123,SELL00012,CUST000532,2017-09-21 07:40:51,3,customer_changed_mind,470.73
RET001368,ORD0011923,1,PROD00578,SELL00388,CUST003254,2017-04-01 06:22:03,1,customer_changed_mind,200.23
RET001369,ORD0005673,1,PROD00688,SELL00276,CUST007377,2017-09-16 03:10:10,1,customer_changed_mind,265.07
RET001370,ORD0008007,1,PROD01982,SELL00320,CUST009601,2017-06-29 08:37:50,1,customer_changed_mind,32.7
RET001371,ORD0012598,1,PROD00492,SELL00232,CUST006953,2017-11-10 09:11:30,2,customer_changed_mind,302.02
RET001372,ORD0020645,1,PROD00810,SELL00319,CUST003466,2018-03-12 22:12:42,4,customer_changed_mind,98.92
RET001373,ORD0017797,1,PROD01404,SELL00274,CUST001411,2017-02-22 14:30:39,2,customer_changed_mind,70.58
RET001374,ORD0024537,1,PROD01953,SELL00076,CUST007114,2018-07-08 03:07:59,1,customer_changed_mind,60.06
RET001375,ORD0005690,1,PROD01472,SELL00319,CUST005445,2017-04-30 16:37:44,1,customer_changed_mind,41.75
RET001376,ORD0021460,1,PROD01417,SELL00319,CUST009555,2017-04-02 04:35:42,1,customer_changed_mind,203.2
RET001377,ORD0008619,2,PROD00525,SELL00173,CUST000481,2017-07-25 22:08:27,2,customer_changed_mind,455.72
RET001378,ORD0016504,1,PROD01765,SELL00267,CUST009543,2017-04-11 03:05:15,3,customer_changed_mind,1367.01
RET001379,ORD0020629,1,PROD00093,SELL00398,CUST002036,2018-08-01 10:41:37,1,customer_changed_mind,132.71
RET001380,ORD0000423,2,PROD01496,SELL00394,CUST009266,2017-06-17 02:37:09,1,customer_changed_mind,60.92
RET001381,ORD0009948,1,PROD00382,SELL00008,CUST006903,2017-05-06 03:56:50,2,customer_changed_mind,107.04
RET001382,ORD0016946,1,PROD00714,SELL00378,CUST002728,2018-02-06 03:53:18,1,customer_changed_mind,45.5
RET001383,ORD0000176,1,PROD00847,SELL00154,CUST005254,2017-09-03 05:28:12,2,customer_changed_mind,120.94
RET001384,ORD0015159,1,PROD01238,SELL00186,CUST008179,2018-02-20 01:58:07,1,customer_changed_mind,56.66
RET001385,ORD0016425,1,PROD00021,SELL00184,CUST006951,2017-05-20 23:55:44,1,customer_changed_mind,14.81
RET001386,ORD0003324,1,PROD00176,SELL00185,CUST000908,2017-05-27 08:44:46,1,customer_changed_mind,81.95
RET001387,ORD0022606,3,PROD01517,SELL00202,CUST008917,2017-03-04 06:05:55,2,customer_changed_mind,65.56
RET001388,ORD0017215,2,PROD00267,SELL00062,CUST006684,2018-04-24 08:42:58,1,customer_changed_mind,27.25
RET001389,ORD0023520,1,PROD01129,SELL00168,CUST009707,2017-09-30 07:17:48,1,customer_changed_mind,136.61
RET001390,ORD0022726,1,PROD00027,SELL00365,CUST004319,2017-09-05 08:29:18,1,customer_changed_mind,147.74
RET001391,ORD0007417,2,PROD00750,SELL00325,CUST009983,2018-01-15 04:19:33,1,customer_changed_mind,164.57
RET001392,ORD0016163,1,PROD00096,SELL00280,CUST006038,2017-12-20 19:00:27,1,customer_changed_mind,34.82
RET001393,ORD0010892,3,PROD01297,SELL00121,CUST006677,2018-04-18 10:25:51,4,customer_changed_mind,208.88
RET001394,ORD0013056,1,PROD00936,SELL00140,CUST003189,2017-02-13 15:08:38,1,customer_changed_mind,71.34
RET001395,ORD0000628,1,PROD00637,SELL00033,CUST003697,2018-03-22 16:09:37,4,customer_changed_mind,182.8
RET001396,ORD0021242,1,PROD01380,SELL00280,CUST008733,2017-07-03 16:06:19,1,customer_changed_mind,180.82
RET001397,ORD0019183,1,PROD00334,SELL00201,CUST000393,2017-06-06 08:10:29,1,customer_changed_mind,93.78
RET001398,ORD0004944,1,PROD00791,SELL00215,CUST001507,2018-05-08 02:06:21,1,customer_changed_mind,66.9
RET001399,ORD0017954,1,PROD00095,SELL00127,CUST000976,2018-06-26 04:30:37,1,customer_changed_mind,31.09
RET001400,ORD0010171,2,PROD01083,SELL00276,CUST000929,2018-02-26 17:02:28,1,customer_changed_mind,57.04
RET001401,ORD0017390,2,PROD00132,SELL00351,CUST004471,2017-12-27 10:55:19,2,customer_changed_mind,201.8
RET001402,ORD0015822,2,PROD00735,SELL00068,CUST002744,2017-10-27 07:29:57,1,customer_changed_mind,44.73
RET001403,ORD0008226,1,PROD01008,SELL00265,CUST009921,2018-01-24 21:56:41,1,customer_changed_mind,40.74
RET001404,ORD0020873,1,PROD01150,SELL00284,CUST009840,2018-03-21 15:45:03,1,customer_changed_mind,153.51
RET001405,ORD0020884,1,PROD00953,SELL00297,CUST001022,2018-01-21 07:43:15,1,customer_changed_mind,285.84
RET001406,ORD0015846,1,PROD01448,SELL00162,CUST009743,2017-08-18 22:50:03,1,customer_changed_mind,114.0
RET001407,ORD0003806,1,PROD00630,SELL00225,CUST006563,2017-07-29 06:26:55,1,customer_changed_mind,35.67
RET001408,ORD0023661,1,PROD01151,SELL00269,CUST002396,2018-02-13 22:32:59,2,customer_changed_mind,163.12
RET001409,ORD0017192,2,PROD01006,SELL00124,CUST001937,2017-07-08 02:49:38,1,customer_changed_mind,52.71
RET001410,ORD0011232,2,PROD01074,SELL00320,CUST007284,2017-03-20 11:43:26,1,customer_changed_mind,56.37
RET001411,ORD0017274,1,PROD00187,SELL00343,CUST003840,2017-02-26 20:50:12,1,customer_changed_mind,17.53
RET001412,ORD0013132,1,PROD01931,SELL00287,CUST008054,2017-05-18 09:27:09,1,customer_changed_mind,144.93
RET001413,ORD0024641,1,PROD00011,SELL00187,CUST007547,2017-12-07 03:03:10,1,customer_changed_mind,203.45
RET001414,ORD0015561,4,PROD01918,SELL00290,CUST007017,2018-05-13 11:26:55,1,customer_changed_mind,138.68
RET001415,ORD0000772,1,PROD01540,SELL00201,CUST000139,2018-01-05 21:58:55,1,customer_changed_mind,35.15
RET001416,ORD0017763,1,PROD01230,SELL00307,CUST000988,2017-01-29 21:11:21,1,customer_changed_mind,216.34
RET001417,ORD0006959,1,PROD00489,SELL00143,CUST002955,2017-11-06 10:34:29,1,customer_changed_mind,90.67
RET001418,ORD0011949,1,PROD00344,SELL00101,CUST009203,2017-04-18 09:27:21,1,customer_changed_mind,358.3
RET001419,ORD0009249,1,PROD01336,SELL00190,CUST004198,2018-01-16 06:06:02,1,customer_changed_mind,83.81
RET001420,ORD0016986,2,PROD00047,SELL00184,CUST006223,2018-06-18 19:24:27,2,customer_changed_mind,431.02
RET001421,ORD0001327,1,PROD01456,SELL00201,CUST006063,2017-04-19 00:49:21,3,customer_changed_mind,222.24
RET001422,ORD0021845,1,PROD01314,SELL00037,CUST001576,2017-11-03 23:14:14,1,customer_changed_mind,204.82
RET001423,ORD0004870,2,PROD00265,SELL00400,CUST001434,2018-02-17 11:16:58,3,customer_changed_mind,159.57
RET001424,ORD0011046,1,PROD00871,SELL00178,CUST006177,2017-11-23 01:32:49,1,customer_changed_mind,372.43
RET001425,ORD0005253,1,PROD00037,SELL00383,CUST004507,2018-05-12 13:26:01,1,customer_changed_mind,110.89
RET001426,ORD0000354,1,PROD00069,SELL00307,CUST007193,2017-01-21 03:49:38,2,customer_changed_mind,126.34
RET001427,ORD0014100,1,PROD01315,SELL00077,CUST001201,2017-05-05 08:50:39,4,customer_changed_mind,199.36
RET001428,ORD0023415,1,PROD00046,SELL00167,CUST001617,2017-07-29 02:18:01,1,customer_changed_mind,83.9
RET001429,ORD0020277,1,PROD00229,SELL00175,CUST002520,2018-02-05 22:59:53,4,customer_changed_mind,77.04
RET001430,ORD0001194,1,PROD01605,SELL00113,CUST004921,2017-09-23 08:38:38,2,customer_changed_mind,168.38
RET001431,ORD0006090,1,PROD00441,SELL00379,CUST004808,2017-07-30 04:20:15,2,customer_changed_mind,127.04
RET001432,ORD0024870,1,PROD01861,SELL00317,CUST001480,2017-06-20 11:10:21,1,customer_changed_mind,47.32
RET001433,ORD0024907,1,PROD00969,SELL00278,CUST003941,2017-03-16 00:34:41,2,customer_changed_mind,344.66
RET001434,ORD0019729,1,PROD01643,SELL00297,CUST003832,2018-01-17 13:02:50,1,customer_changed_mind,44.41
RET001435,ORD0013593,1,PROD00518,SELL00003,CUST007667,2018-08-07 04:46:11,1,customer_changed_mind,262.43
RET001436,ORD0002613,1,PROD00329,SELL00086,CUST004727,2018-08-22 15:10:22,1,customer_changed_mind,255.99
RET001437,ORD0018851,1,PROD00329,SELL00149,CUST009382,2017-07-19 13:43:10,1,customer_changed_mind,255.99
RET001438,ORD0003869,1,PROD01960,SELL00027,CUST003786,2018-04-06 22:45:57,1,customer_changed_mind,110.83
RET001439,ORD0004895,1,PROD00447,SELL00032,CUST002645,2017-10-15 16:04:42,3,customer_changed_mind,142.89
RET001440,ORD0006108,3,PROD00862,SELL00382,CUST008789,2017-12-30 02:40:10,1,customer_changed_mind,40.69
RET001441,ORD0010968,1,PROD00332,SELL00105,CUST003290,2018-02-09 03:04:53,1,customer_changed_mind,34.28
RET001442,ORD0018735,1,PROD01976,SELL00364,CUST002210,2018-02-10 07:05:58,1,customer_changed_mind,45.86
RET001443,ORD0005264,1,PROD00708,SELL00103,CUST007451,2017-08-04 06:04:01,1,customer_changed_mind,55.0
RET001444,ORD0004399,1,PROD00572,SELL00240,CUST004067,2018-05-04 17:41:22,3,customer_changed_mind,319.08
RET001445,ORD0010226,1,PROD00348,SELL00247,CUST004700,2017-07-06 09:10:29,1,customer_changed_mind,125.29
RET001446,ORD0020379,1,PROD00224,SELL00375,CUST009190,2017-08-29 10:31:52,1,customer_changed_mind,224.61
RET001447,ORD0005408,1,PROD01956,SELL00176,CUST005532,2017-05-17 06:41:58,1,customer_changed_mind,45.83
RET001448,ORD0017660,1,PROD01388,SELL00209,CUST000228,2018-10-06 20:55:31,2,customer_changed_mind,39.6
RET001449,ORD0015656,2,PROD00887,SELL00204,CUST004192,2018-09-06 15:43:03,2,customer_changed_mind,85.92
RET001450,ORD0010058,1,PROD01351,SELL00148,CUST004484,2017-04-06 05:55:55,1,customer_changed_mind,227.11
RET001451,ORD0006847,1,PROD00773,SELL00034,CUST005772,2017-11-04 09:23:48,1,customer_changed_mind,26.28
RET001452,ORD0000322,1,PROD01150,SELL00386,CUST005912,2017-10-31 09:01:12,1,customer_changed_mind,153.51
RET001453,ORD0011460,1,PROD01243,SELL00385,CUST004961,2017-02-05 02:57:34,1,customer_changed_mind,117.57
RET001454,ORD0003426,1,PROD00266,SELL00135,CUST004627,2017-03-06 10:36:17,1,customer_changed_mind,89.78
RET001455,ORD0006799,2,PROD00736,SELL00175,CUST007730,2017-07-16 21:22:45,1,customer_changed_mind,59.24
RET001456,ORD0011437,1,PROD00845,SELL00050,CUST007380,2018-08-17 23:43:23,3,customer_changed_mind,412.02
RET001457,ORD0015998,1,PROD00071,SELL00214,CUST001007,2017-06-07 07:06:59,3,customer_changed_mind,132.15
RET001458,ORD0002672,1,PROD01166,SELL00353,CUST005423,2018-01-10 23:38:22,2,customer_changed_mind,346.8
RET001459,ORD0003141,1,PROD01204,SELL00396,CUST004676,2018-04-24 07:56:34,1,customer_changed_mind,200.1
RET001460,ORD0002359,1,PROD01274,SELL00079,CUST005718,2018-07-04 12:03:38,1,customer_changed_mind,78.66
RET001461,ORD0015114,1,PROD01877,SELL00114,CUST002414,2017-12-22 22:43:27,3,customer_changed_mind,650.88
RET001462,ORD0017584,2,PROD01243,SELL00348,CUST008132,2017-03-31 13:08:21,1,customer_changed_mind,117.57
RET001463,ORD0023545,1,PROD00361,SELL00296,CUST009112,2017-04-18 19:38:25,2,customer_changed_mind,154.5
RET001464,ORD0009607,1,PROD01478,SELL00124,CUST000376,2017-12-27 18:12:04,1,customer_changed_mind,271.48
RET001465,ORD0013840,3,PROD01395,SELL00077,CUST004482,2018-09-13 12:27:07,1,customer_changed_mind,276.99
RET001466,ORD0002347,1,PROD01267,SELL00322,CUST000448,2017-08-30 08:31:13,3,customer_changed_mind,373.29
RET001467,ORD0000536,1,PROD01355,SELL00126,CUST001595,2018-03-19 14:08:58,1,customer_changed_mind,154.77
RET001468,ORD0024194,1,PROD00480,SELL00117,CUST003008,2018-09-01 16:50:12,1,customer_changed_mind,19.09
RET001469,ORD0018893,1,PROD01877,SELL00371,CUST009821,2017-11-19 16:52:35,2,customer_changed_mind,433.92
RET001470,ORD0023547,1,PROD00981,SELL00290,CUST009180,2018-03-16 16:59:10,1,customer_changed_mind,74.26
RET001471,ORD0024107,1,PROD01830,SELL00261,CUST003165,2017-10-07 20:31:51,3,customer_changed_mind,186.15
RET001472,ORD0013729,1,PROD01969,SELL00304,CUST000072,2018-01-24 20:05:46,1,customer_changed_mind,33.99
RET001473,ORD0014046,1,PROD01809,SELL00205,CUST008161,2018-01-06 19:09:45,2,customer_changed_mind,507.02
RET001474,ORD0007043,1,PROD00805,SELL00020,CUST000394,2018-06-30 05:00:10,1,customer_changed_mind,184.05
RET001475,ORD0005453,2,PROD00714,SELL00333,CUST008513,2018-03-02 23:16:32,1,customer_changed_mind,45.5
RET001476,ORD0019377,1,PROD01161,SELL00267,CUST007807,2017-12-28 22:12:47,1,customer_changed_mind,94.24
RET001477,ORD0021414,1,PROD00175,SELL00071,CUST004215,2018-03-15 17:54:05,1,customer_changed_mind,59.28
RET001478,ORD0015293,2,PROD00322,SELL00335,CUST001235,2018-08-15 07:04:56,1,customer_changed_mind,268.28
RET001479,ORD0001229,1,PROD00345,SELL00095,CUST004331,2017-06-19 12:21:44,1,customer_changed_mind,149.83
RET001480,ORD0006196,1,PROD01697,SELL00111,CUST004392,2017-02-15 05:25:25,1,customer_changed_mind,71.0
RET001481,ORD0012158,1,PROD01781,SELL00095,CUST004290,2017-06-05 14:22:23,1,customer_changed_mind,64.79
RET001482,ORD0024124,1,PROD01372,SELL00375,CUST008334,2018-03-17 15:40:26,2,customer_changed_mind,57.62
RET001483,ORD0013275,2,PROD01366,SELL00296,CUST000734,2017-10-17 17:45:07,3,customer_changed_mind,509.76
RET001484,ORD0024828,1,PROD01233,SELL00376,CUST004346,2017-06-16 07:14:11,2,customer_changed_mind,323.04
RET001485,ORD0023949,1,PROD01053,SELL00033,CUST008833,2018-03-17 13:35:33,1,customer_changed_mind,116.05
RET001486,ORD0020557,1,PROD01025,SELL00269,CUST001413,2017-07-22 11:00:45,1,customer_changed_mind,66.53
RET001487,ORD0008612,2,PROD01374,SELL00383,CUST006624,2017-11-22 06:35:47,1,customer_changed_mind,34.48
RET001488,ORD0012932,3,PROD01203,SELL00071,CUST007681,2018-03-15 22:09:06,1,customer_changed_mind,109.65
RET001489,ORD0011653,2,PROD00133,SELL00225,CUST009658,2017-01-24 01:39:01,1,customer_changed_mind,81.92
RET001490,ORD0015199,1,PROD01889,SELL00366,CUST003221,2018-02-06 20:59:20,3,customer_changed_mind,374.16
RET001491,ORD0014818,1,PROD01806,SELL00333,CUST000729,2017-02-02 03:11:43,2,customer_changed_mind,645.4
RET001492,ORD0015174,1,PROD01854,SELL00352,CUST004894,2017-12-01 07:17:57,2,customer_changed_mind,162.86
RET001493,ORD0022316,2,PROD00727,SELL00398,CUST007810,2018-02-26 07:24:43,1,customer_changed_mind,194.39
RET001494,ORD0019160,1,PROD01719,SELL00139,CUST006364,2018-03-08 21:32:14,1,customer_changed_mind,154.26
RET001495,ORD0018365,1,PROD00192,SELL00349,CUST000170,2017-11-22 05:05:10,2,customer_changed_mind,492.58
RET001496,ORD0016137,1,PROD00328,SELL00232,CUST004889,2018-05-10 08:30:47,1,customer_changed_mind,67.51
RET001497,ORD0009645,1,PROD01137,SELL00197,CUST001370,2017-05-14 13:30:46,4,customer_changed_mind,180.0
RET001498,ORD0019502,1,PROD01143,SELL00020,CUST000817,2017-09-05 12:19:07,1,customer_changed_mind,78.87
RET001499,ORD0021922,1,PROD01355,SELL00345,CUST003150,2017-06-20 19:12:56,2,customer_changed_mind,309.54
RET001500,ORD0009764,1,PROD01755,SELL00053,CUST005650,2017-05-27 23:12:51,1,customer_changed_mind,35.14
RET001501,ORD0018341,2,PROD01333,SELL00201,CUST009135,2018-02-11 04:44:12,1,customer_changed_mind,65.54
RET001502,ORD0001081,1,PROD00629,SELL00110,CUST005955,2018-04-22 14:29:34,1,customer_changed_mind,41.65
RET001503,ORD0001282,1,PROD01421,SELL00050,CUST006480,2018-03-30 13:44:04,1,customer_changed_mind,263.6
RET001504,ORD0001311,1,PROD01440,SELL00302,CUST003751,2018-08-18 01:05:15,1,customer_changed_mind,64.23
RET001505,ORD0021810,1,PROD01356,SELL00243,CUST003499,2018-03-11 14:22:41,4,customer_changed_mind,854.16
RET001506,ORD0005574,1,PROD01271,SELL00370,CUST004700,2017-06-09 03:43:00,3,customer_changed_mind,292.8
RET001507,ORD0007363,1,PROD00564,SELL00194,CUST005801,2017-06-08 03:35:41,1,customer_changed_mind,20.18
RET001508,ORD0021371,3,PROD00692,SELL00145,CUST004178,2017-10-24 14:52:25,1,customer_changed_mind,142.62
RET001509,ORD0024095,1,PROD01787,SELL00090,CUST003798,2017-12-17 14:14:02,2,customer_changed_mind,61.24
RET001510,ORD0013258,2,PROD00145,SELL00182,CUST009256,2017-07-30 10:03:40,1,customer_changed_mind,31.42
RET001511,ORD0002051,1,PROD00416,SELL00310,CUST003475,2017-09-20 11:56:16,1,customer_changed_mind,190.97
RET001512,ORD0001730,1,PROD01969,SELL00292,CUST002936,2017-07-25 05:39:38,3,customer_changed_mind,101.97
RET001513,ORD0009808,1,PROD00845,SELL00338,CUST005417,2018-06-15 23:23:15,1,customer_changed_mind,137.34
RET001514,ORD0024326,2,PROD00990,SELL00115,CUST008926,2017-02-05 12:35:00,1,customer_changed_mind,54.8
RET001515,ORD0000364,1,PROD01022,SELL00218,CUST003886,2017-10-16 23:31:40,2,customer_changed_mind,213.68
RET001516,ORD0017408,1,PROD01741,SELL00203,CUST007231,2017-01-21 10:54:21,1,customer_changed_mind,375.51
RET001517,ORD0011520,1,PROD00766,SELL00061,CUST002150,2017-07-20 12:58:19,2,customer_changed_mind,49.9
RET001518,ORD0024072,1,PROD01954,SELL00220,CUST006906,2018-08-29 12:14:09,1,customer_changed_mind,290.18
RET001519,ORD0018703,2,PROD01882,SELL00218,CUST000208,2018-03-02 03:53:03,2,customer_changed_mind,27.74
RET001520,ORD0015990,1,PROD01773,SELL00366,CUST000038,2017-09-09 16:34:33,2,customer_changed_mind,208.56
RET001521,ORD0023431,1,PROD00085,SELL00140,CUST008273,2017-10-11 09:10:43,1,customer_changed_mind,64.32
RET001522,ORD0004535,1,PROD00004,SELL00079,CUST009752,2018-06-03 03:20:18,2,customer_changed_mind,94.04
RET001523,ORD0018206,1,PROD01260,SELL00309,CUST001996,2017-12-05 22:08:21,1,customer_changed_mind,85.98
RET001524,ORD0023790,2,PROD00498,SELL00078,CUST006577,2017-02-22 08:34:31,1,customer_changed_mind,41.16
RET001525,ORD0017355,2,PROD01612,SELL00249,CUST009878,2017-06-04 17:12:27,2,customer_changed_mind,114.36
RET001526,ORD0003948,1,PROD01150,SELL00103,CUST005614,2017-03-24 14:34:46,1,customer_changed_mind,153.51
RET001527,ORD0014148,2,PROD00168,SELL00100,CUST004821,2018-03-27 05:17:25,1,customer_changed_mind,115.05
RET001528,ORD0009706,1,PROD00946,SELL00126,CUST008317,2017-11-03 17:08:29,2,customer_changed_mind,68.18
RET001529,ORD0007133,1,PROD00625,SELL00346,CUST003731,2018-09-08 13:30:34,1,customer_changed_mind,49.6
RET001530,ORD0013380,2,PROD01862,SELL00364,CUST000491,2017-03-05 17:39:49,3,customer_changed_mind,1180.65
RET001531,ORD0010283,1,PROD01432,SELL00262,CUST002370,2017-02-02 19:57:19,1,customer_changed_mind,314.57
RET001532,ORD0017466,2,PROD00631,SELL00059,CUST002946,2018-02-28 16:20:36,5,customer_changed_mind,559.1
RET001533,ORD0012746,1,PROD00252,SELL00095,CUST000514,2018-02-10 14:24:05,1,customer_changed_mind,42.36
RET001534,ORD0003120,1,PROD00850,SELL00292,CUST003021,2017-04-29 22:42:21,4,customer_changed_mind,625.4
RET001535,ORD0011324,1,PROD01799,SELL00248,CUST009863,2017-07-29 13:16:46,1,customer_changed_mind,119.82
RET001536,ORD0002404,1,PROD00505,SELL00375,CUST008124,2017-10-30 11:23:52,4,customer_changed_mind,291.12
RET001537,ORD0018694,3,PROD01847,SELL00267,CUST002476,2018-04-15 08:02:58,2,customer_changed_mind,91.3
RET001538,ORD0023557,1,PROD00599,SELL00039,CUST002742,2018-01-17 17:00:13,1,customer_changed_mind,61.88
RET001539,ORD0002772,3,PROD01378,SELL00118,CUST003411,2018-01-04 04:43:43,1,customer_changed_mind,346.96
RET001540,ORD0005995,1,PROD00292,SELL00050,CUST007320,2018-03-30 20:14:51,3,customer_changed_mind,493.35
RET001541,ORD0010544,2,PROD01714,SELL00357,CUST005397,2017-04-17 14:23:16,1,customer_changed_mind,130.11
RET001542,ORD0014163,1,PROD01946,SELL00139,CUST005803,2018-03-19 13:57:17,2,customer_changed_mind,88.22
RET001543,ORD0002839,1,PROD01606,SELL00367,CUST004848,2018-09-24 20:59:30,2,customer_changed_mind,270.76
RET001544,ORD0022597,1,PROD01494,SELL00337,CUST003849,2017-06-20 23:15:35,1,customer_changed_mind,52.69
RET001545,ORD0010672,1,PROD01386,SELL00324,CUST001059,2017-08-09 14:00:13,1,customer_changed_mind,130.08
RET001546,ORD0021728,1,PROD01308,SELL00213,CUST006249,2017-04-16 04:20:46,2,customer_changed_mind,48.5
RET001547,ORD0019193,1,PROD01399,SELL00021,CUST006042,2017-09-30 23:36:15,5,customer_changed_mind,731.65
RET001548,ORD0017176,1,PROD00409,SELL00012,CUST009302,2018-05-14 10:06:58,1,customer_changed_mind,45.8
RET001549,ORD0010065,3,PROD01521,SELL00137,CUST009442,2018-07-02 02:18:57,1,customer_changed_mind,430.48
RET001550,ORD0010803,1,PROD00353,SELL00193,CUST003086,2018-04-20 06:28:57,1,customer_changed_mind,60.01
RET001551,ORD0017537,1,PROD01117,SELL00322,CUST005687,2017-07-02 06:38:25,3,customer_changed_mind,142.41
RET001552,ORD0004179,1,PROD00667,SELL00079,CUST007564,2017-06-16 06:21:31,1,customer_changed_mind,31.44
RET001553,ORD0006493,1,PROD00245,SELL00115,CUST004076,2017-12-08 13:22:35,1,customer_changed_mind,61.95
RET001554,ORD0018776,1,PROD01009,SELL00177,CUST007060,2017-01-30 18:02:55,2,customer_changed_mind,274.52
RET001555,ORD0015659,2,PROD00242,SELL00003,CUST005139,2017-05-14 00:28:33,2,customer_changed_mind,71.64
RET001556,ORD0013726,4,PROD00397,SELL00241,CUST005994,2017-07-01 03:38:26,1,customer_changed_mind,87.32
RET001557,ORD0005888,2,PROD00218,SELL00155,CUST002646,2017-01-09 09:31:23,1,customer_changed_mind,283.2
RET001558,ORD0004289,2,PROD00860,SELL00270,CUST003622,2017-11-14 06:54:14,3,customer_changed_mind,82.02
RET001559,ORD0016110,1,PROD00783,SELL00141,CUST004715,2018-01-13 05:22:00,1,customer_changed_mind,26.57
RET001560,ORD0022026,1,PROD00702,SELL00225,CUST009500,2017-09-20 12:04:08,1,customer_changed_mind,97.87
RET001561,ORD0014718,1,PROD01580,SELL00399,CUST009615,2017-05-17 06:15:12,1,customer_changed_mind,330.87
RET001562,ORD0003917,1,PROD00213,SELL00233,CUST001518,2018-08-26 14:34:43,1,customer_changed_mind,137.18
RET001563,ORD0005705,3,PROD01799,SELL00027,CUST005762,2017-03-26 11:36:31,1,customer_changed_mind,119.82
RET001564,ORD0008895,1,PROD01384,SELL00250,CUST000163,2017-09-21 02:54:37,1,customer_changed_mind,17.97
RET001565,ORD0012176,1,PROD00131,SELL00189,CUST000208,2017-03-19 14:33:26,1,customer_changed_mind,97.43
RET001566,ORD0014994,1,PROD01505,SELL00389,CUST009995,2017-09-30 13:25:21,2,customer_changed_mind,295.48
RET001567,ORD0016615,1,PROD01241,SELL00292,CUST003212,2017-11-06 14:36:49,1,customer_changed_mind,148.55
RET001568,ORD0013148,2,PROD01058,SELL00176,CUST002902,2017-04-09 09:24:53,1,customer_changed_mind,238.57
RET001569,ORD0007887,1,PROD01959,SELL00080,CUST009879,2017-11-17 08:07:05,2,customer_changed_mind,199.2
RET001570,ORD0015750,1,PROD01587,SELL00395,CUST000712,2018-01-01 00:46:31,1,customer_changed_mind,38.76
RET001571,ORD0021266,1,PROD01897,SELL00304,CUST006240,2017-07-08 02:52:27,1,customer_changed_mind,126.17
RET001572,ORD0010779,2,PROD00043,SELL00160,CUST003042,2018-01-12 12:31:19,1,customer_changed_mind,21.64
RET001573,ORD0005706,2,PROD01272,SELL00279,CUST002201,2018-06-10 02:04:17,2,customer_changed_mind,317.36
RET001574,ORD0000930,1,PROD00356,SELL00243,CUST009375,2017-02-15 08:30:29,2,customer_changed_mind,104.46
RET001575,ORD0010984,1,PROD00147,SELL00325,CUST000726,2017-05-30 07:11:30,1,customer_changed_mind,208.28
RET001576,ORD0000898,2,PROD01285,SELL00005,CUST008541,2017-11-27 19:17:55,1,customer_changed_mind,140.38
RET001577,ORD0013928,1,PROD00125,SELL00187,CUST009027,2017-07-22 07:27:19,1,customer_changed_mind,56.72
RET001578,ORD0016397,1,PROD01840,SELL00369,CUST007462,2018-04-29 07:45:53,1,customer_changed_mind,101.11
RET001579,ORD0009448,2,PROD01789,SELL00374,CUST006843,2017-04-25 06:54:00,4,customer_changed_mind,98.76
RET001580,ORD0005616,1,PROD00333,SELL00035,CUST009116,2018-05-30 16:57:26,4,customer_changed_mind,240.56
RET001581,ORD0009626,2,PROD01037,SELL00385,CUST002706,2017-03-13 14:57:19,2,customer_changed_mind,492.3
RET001582,ORD0014595,1,PROD01545,SELL00035,CUST009749,2018-07-08 02:59:56,4,customer_changed_mind,306.56
RET001583,ORD0004113,1,PROD01576,SELL00034,CUST008022,2018-04-29 20:18:34,1,customer_changed_mind,90.96
RET001584,ORD0020761,1,PROD01829,SELL00222,CUST005697,2017-10-24 11:45:52,2,customer_changed_mind,38.42
RET001585,ORD0017493,1,PROD00138,SELL00157,CUST008484,2018-02-05 11:37:15,1,customer_changed_mind,90.99
RET001586,ORD0005307,1,PROD00297,SELL00029,CUST009089,2018-06-23 09:39:05,2,customer_changed_mind,56.18
RET001587,ORD0004367,1,PROD01463,SELL00259,CUST004168,2018-03-02 06:34:21,1,customer_changed_mind,106.15
RET001588,ORD0015156,1,PROD00244,SELL00027,CUST007018,2018-09-26 13:33:23,4,customer_changed_mind,179.6
RET001589,ORD0015416,1,PROD00689,SELL00131,CUST004638,2017-02-14 13:57:51,1,customer_changed_mind,92.99
RET001590,ORD0015971,2,PROD00016,SELL00399,CUST008946,2017-12-15 09:54:58,1,customer_changed_mind,177.64
RET001591,ORD0011664,1,PROD01343,SELL00225,CUST003963,2018-08-04 04:43:35,1,customer_changed_mind,240.42
RET001592,ORD0011498,1,PROD00679,SELL00128,CUST009891,2018-01-28 05:17:21,1,customer_changed_mind,117.14
RET001593,ORD0003043,2,PROD01410,SELL00124,CUST007018,2017-02-24 09:30:07,1,customer_changed_mind,21.68
RET001594,ORD0013182,2,PROD00058,SELL00124,CUST006966,2018-02-11 17:44:17,1,customer_changed_mind,27.39
RET001595,ORD0016244,1,PROD00542,SELL00394,CUST008961,2018-07-30 17:02:52,3,customer_changed_mind,306.21
RET001596,ORD0021484,1,PROD01527,SELL00087,CUST009836,2018-08-09 05:58:42,1,customer_changed_mind,45.04
RET001597,ORD0008077,1,PROD00115,SELL00055,CUST004241,2018-01-01 20:17:20,1,customer_changed_mind,185.37
RET001598,ORD0015145,1,PROD01842,SELL00005,CUST008082,2018-06-08 18:53:54,1,customer_changed_mind,171.86
RET001599,ORD0007495,1,PROD01280,SELL00095,CUST004894,2018-09-03 01:41:51,1,customer_changed_mind,34.32
RET001600,ORD0020698,1,PROD00425,SELL00373,CUST006324,2018-03-08 20:15:41,1,customer_changed_mind,56.44
RET001601,ORD0015029,2,PROD01968,SELL00219,CUST006023,2018-06-18 09:30:50,1,customer_changed_mind,62.41
RET001602,ORD0004877,2,PROD00951,SELL00031,CUST007248,2017-07-28 09:39:42,2,customer_changed_mind,225.34
RET001603,ORD0001682,1,PROD00588,SELL00341,CUST001138,2017-07-04 14:15:38,1,customer_changed_mind,23.75
RET001604,ORD0005501,1,PROD00290,SELL00174,CUST008377,2017-05-31 00:05:26,1,customer_changed_mind,75.49
RET001605,ORD0020985,2,PROD01333,SELL00301,CUST005824,2017-02-08 21:29:29,1,customer_changed_mind,65.54
RET001606,ORD0013018,1,PROD00154,SELL00061,CUST002444,2018-07-10 16:02:21,3,customer_changed_mind,374.52
RET001607,ORD0017363,2,PROD00951,SELL00042,CUST003757,2018-05-14 21:19:34,1,customer_changed_mind,112.67
RET001608,ORD0001021,1,PROD01653,SELL00250,CUST008430,2017-12-26 10:05:44,1,customer_changed_mind,38.65
RET001609,ORD0003742,1,PROD00426,SELL00009,CUST004808,2018-08-13 00:01:53,1,customer_changed_mind,49.01
RET001610,ORD0018611,1,PROD00276,SELL00305,CUST007998,2017-04-04 18:11:58,1,customer_changed_mind,46.23
RET001611,ORD0012405,1,PROD01147,SELL00325,CUST003996,2018-03-17 08:04:08,1,customer_changed_mind,14.31
RET001612,ORD0008454,1,PROD00847,SELL00045,CUST005435,2017-08-07 10:43:11,1,customer_changed_mind,60.47
RET001613,ORD0020617,1,PROD00560,SELL00366,CUST008317,2018-03-10 14:37:06,2,customer_changed_mind,502.32
RET001614,ORD0012172,1,PROD00976,SELL00356,CUST000877,2017-03-16 00:31:59,2,customer_changed_mind,256.42
RET001615,ORD0013547,1,PROD01144,SELL00212,CUST007858,2017-07-26 14:32:23,2,customer_changed_mind,280.3
RET001616,ORD0007703,2,PROD01131,SELL00171,CUST006414,2018-06-08 02:44:48,3,customer_changed_mind,147.0
RET001617,ORD0024790,2,PROD01164,SELL00356,CUST006566,2018-09-14 09:15:09,1,customer_changed_mind,90.26
RET001618,ORD0007205,1,PROD00185,SELL00052,CUST006614,2018-06-24 23:33:33,1,customer_changed_mind,68.32
RET001619,ORD0010445,1,PROD01858,SELL00081,CUST008782,2018-04-12 23:59:10,3,customer_changed_mind,601.65
RET001620,ORD0006101,1,PROD00120,SELL00013,CUST003712,2017-12-29 16:34:27,2,customer_changed_mind,207.24
RET001621,ORD0023676,1,PROD01639,SELL00041,CUST005609,2017-08-14 11:32:30,5,customer_changed_mind,149.65
RET001622,ORD0022240,1,PROD01855,SELL00068,CUST004416,2017-03-18 21:22:44,1,customer_changed_mind,71.32
RET001623,ORD0019765,1,PROD00738,SELL00193,CUST009711,2017-10-15 07:28:35,1,customer_changed_mind,31.01
RET001624,ORD0015737,1,PROD00155,SELL00067,CUST003405,2017-07-18 06:35:14,1,customer_changed_mind,567.19
RET001625,ORD0008004,1,PROD00114,SELL00239,CUST003706,2018-08-21 20:08:08,1,customer_changed_mind,45.41
RET001626,ORD0000038,1,PROD01427,SELL00197,CUST001194,2018-04-27 02:37:21,1,customer_changed_mind,118.02
RET001627,ORD0015785,1,PROD00104,SELL00203,CUST010000,2018-03-04 01:05:27,3,customer_changed_mind,277.44
RET001628,ORD0014647,1,PROD01894,SELL00095,CUST008842,2017-01-17 01:40:31,1,customer_changed_mind,61.91
RET001629,ORD0024660,1,PROD00081,SELL00218,CUST006917,2018-01-06 15:42:10,3,customer_changed_mind,299.79
RET001630,ORD0009876,2,PROD01591,SELL00249,CUST008270,2017-04-24 15:15:38,1,customer_changed_mind,183.76
RET001631,ORD0011107,1,PROD01095,SELL00367,CUST004637,2018-04-02 07:51:33,1,customer_changed_mind,82.86
RET001632,ORD0010694,1,PROD01384,SELL00200,CUST009381,2017-05-05 09:13:22,1,customer_changed_mind,17.97
RET001633,ORD0018117,2,PROD00254,SELL00017,CUST004636,2017-03-24 14:27:58,4,customer_changed_mind,498.92
RET001634,ORD0011491,1,PROD00538,SELL00276,CUST003147,2017-12-21 16:50:59,1,customer_changed_mind,81.17
RET001635,ORD0017282,1,PROD00958,SELL00368,CUST003543,2017-12-08 20:59:28,1,customer_changed_mind,62.01
RET001636,ORD0007246,1,PROD00806,SELL00279,CUST004815,2018-08-24 22:11:51,2,customer_changed_mind,375.68
RET001637,ORD0020368,1,PROD01986,SELL00100,CUST007692,2017-02-19 18:17:53,2,customer_changed_mind,107.34
RET001638,ORD0004258,1,PROD00780,SELL00310,CUST001885,2017-09-22 16:20:16,1,customer_changed_mind,48.5
RET001639,ORD0018738,2,PROD01650,SELL00151,CUST005129,2018-04-07 23:12:27,1,customer_changed_mind,94.93
RET001640,ORD0005082,1,PROD01352,SELL00367,CUST004771,2017-04-16 22:18:08,2,customer_changed_mind,164.0
RET001641,ORD0013506,1,PROD01097,SELL00247,CUST003915,2018-03-08 23:55:03,3,customer_changed_mind,420.21
RET001642,ORD0011065,1,PROD01677,SELL00223,CUST003146,2018-05-29 01:41:46,2,customer_changed_mind,142.48
RET001643,ORD0020600,1,PROD00212,SELL00175,CUST009536,2018-08-19 13:16:03,1,customer_changed_mind,180.59
RET001644,ORD0022671,1,PROD01454,SELL00391,CUST002613,2018-05-06 09:49:37,2,customer_changed_mind,488.92
RET001645,ORD0010030,2,PROD01610,SELL00149,CUST008024,2017-06-02 22:06:02,3,customer_changed_mind,216.06
RET001646,ORD0023179,1,PROD00525,SELL00230,CUST001406,2017-05-04 14:54:36,1,customer_changed_mind,227.86
RET001647,ORD0007549,1,PROD00172,SELL00165,CUST004395,2018-08-10 19:37:59,1,customer_changed_mind,147.61
RET001648,ORD0003684,1,PROD00344,SELL00337,CUST006983,2018-02-07 17:11:05,1,customer_changed_mind,358.3
RET001649,ORD0008523,2,PROD00378,SELL00285,CUST004074,2018-06-03 11:12:52,2,customer_changed_mind,42.24
RET001650,ORD0021714,1,PROD01759,SELL00220,CUST007980,2017-06-11 18:18:31,1,customer_changed_mind,173.49
RET001651,ORD0010483,1,PROD00344,SELL00112,CUST000639,2018-06-16 11:22:03,1,customer_changed_mind,358.3
RET001652,ORD0020394,2,PROD00775,SELL00386,CUST006721,2017-07-08 14:23:07,3,customer_changed_mind,513.12
RET001653,ORD0012330,1,PROD00826,SELL00221,CUST007212,2017-12-18 01:39:34,1,customer_changed_mind,33.48
RET001654,ORD0018866,1,PROD01515,SELL00035,CUST007965,2017-03-26 11:49:28,1,customer_changed_mind,19.34
RET001655,ORD0008348,1,PROD01125,SELL00198,CUST005966,2018-06-13 18:06:30,2,customer_changed_mind,169.58
RET001656,ORD0017166,1,PROD01351,SELL00006,CUST007630,2018-08-04 12:29:37,1,customer_changed_mind,227.11
RET001657,ORD0011600,1,PROD00191,SELL00064,CUST000525,2018-10-03 10:34:58,2,customer_changed_mind,91.56
RET001658,ORD0019292,1,PROD01397,SELL00216,CUST001639,2017-08-06 23:50:46,2,customer_changed_mind,352.88
RET001659,ORD0006375,1,PROD01859,SELL00129,CUST007389,2017-04-07 05:50:11,2,customer_changed_mind,498.58
RET001660,ORD0016221,1,PROD01327,SELL00005,CUST008335,2017-07-16 13:43:20,3,customer_changed_mind,174.27
RET001661,ORD0021169,1,PROD01187,SELL00171,CUST009777,2018-03-29 10:11:59,3,customer_changed_mind,49.8
RET001662,ORD0016973,1,PROD01149,SELL00384,CUST002675,2018-01-09 21:27:11,1,customer_changed_mind,81.82
RET001663,ORD0001118,1,PROD01071,SELL00084,CUST002161,2018-06-01 08:01:32,1,customer_changed_mind,23.83
RET001664,ORD0004662,1,PROD00182,SELL00258,CUST005166,2018-08-31 20:30:43,3,customer_changed_mind,85.86
RET001665,ORD0018960,1,PROD00510,SELL00219,CUST004816,2017-08-19 23:22:32,2,customer_changed_mind,184.86
RET001666,ORD0013686,1,PROD01254,SELL00145,CUST006567,2018-02-25 11:50:57,1,customer_changed_mind,157.29
RET001667,ORD0001565,1,PROD00074,SELL00323,CUST001212,2018-04-21 07:26:05,1,customer_changed_mind,83.86
RET001668,ORD0010236,1,PROD00321,SELL00198,CUST006060,2018-02-25 10:24:05,1,customer_changed_mind,37.62
RET001669,ORD0008071,2,PROD01402,SELL00239,CUST000516,2018-01-25 23:03:02,1,customer_changed_mind,128.96
RET001670,ORD0004001,1,PROD00583,SELL00369,CUST004389,2017-01-14 08:19:27,2,customer_changed_mind,160.16
RET001671,ORD0000347,1,PROD00470,SELL00247,CUST008554,2018-03-08 23:14:06,1,customer_changed_mind,36.52
RET001672,ORD0016942,1,PROD01130,SELL00361,CUST000358,2018-06-07 06:51:19,1,customer_changed_mind,37.49
RET001673,ORD0004798,1,PROD01686,SELL00306,CUST005712,2017-12-03 11:40:00,1,customer_changed_mind,40.93
RET001674,ORD0022353,1,PROD00817,SELL00181,CUST001250,2017-05-29 08:35:05,2,customer_changed_mind,41.76
RET001675,ORD0021092,1,PROD01380,SELL00189,CUST009530,2017-07-28 08:00:10,1,customer_changed_mind,180.82
RET001676,ORD0008802,1,PROD01657,SELL00059,CUST004068,2017-05-13 23:06:59,1,customer_changed_mind,31.87
RET001677,ORD0002504,1,PROD01806,SELL00357,CUST000502,2018-03-01 18:03:35,1,customer_changed_mind,322.7
RET001678,ORD0005311,3,PROD01473,SELL00057,CUST001284,2017-09-02 13:59:49,1,customer_changed_mind,71.78
RET001679,ORD0024403,1,PROD01058,SELL00369,CUST003017,2017-03-04 18:36:14,3,customer_changed_mind,715.71
RET001680,ORD0004112,1,PROD01553,SELL00066,CUST008003,2017-08-22 03:02:01,1,customer_changed_mind,97.59
RET001681,ORD0004675,1,PROD01592,SELL00112,CUST002727,2018-06-30 12:08:51,1,customer_changed_mind,134.8
RET001682,ORD0002341,2,PROD01261,SELL00065,CUST001516,2018-06-12 13:31:30,1,customer_changed_mind,190.21
RET001683,ORD0010464,1,PROD01044,SELL00191,CUST002953,2017-10-01 22:55:06,1,customer_changed_mind,68.44
RET001684,ORD0010031,1,PROD00790,SELL00104,CUST000339,2017-04-16 13:05:47,2,customer_changed_mind,527.82
RET001685,ORD0015532,1,PROD01113,SELL00266,CUST007255,2017-12-19 12:52:32,1,customer_changed_mind,128.54
RET001686,ORD0010941,1,PROD01552,SELL00309,CUST001384,2017-12-24 15:29:38,4,customer_changed_mind,273.76
RET001687,ORD0016315,2,PROD01271,SELL00203,CUST005474,2018-06-22 19:56:18,1,customer_changed_mind,97.6
RET001688,ORD0024433,1,PROD00631,SELL00176,CUST002248,2018-07-18 08:18:49,1,customer_changed_mind,111.82
RET001689,ORD0013920,2,PROD01289,SELL00209,CUST007107,2017-09-16 05:38:32,1,customer_changed_mind,200.09
RET001690,ORD0017756,1,PROD00197,SELL00219,CUST009072,2017-05-06 09:18:38,1,customer_changed_mind,51.13
RET001691,ORD0009352,3,PROD01051,SELL00248,CUST002791,2018-01-12 04:48:30,1,customer_changed_mind,62.65
RET001692,ORD0014577,1,PROD01013,SELL00095,CUST006883,2017-07-08 10:28:30,1,customer_changed_mind,337.56
RET001693,ORD0016634,1,PROD00797,SELL00339,CUST003162,2017-09-26 09:46:49,1,customer_changed_mind,130.69
RET001694,ORD0007369,1,PROD00526,SELL00223,CUST007603,2018-06-13 02:36:24,2,customer_changed_mind,120.68
RET001695,ORD0007841,1,PROD00618,SELL00264,CUST008042,2017-07-05 14:09:32,1,customer_changed_mind,42.67
RET001696,ORD0022744,1,PROD00531,SELL00028,CUST009165,2018-07-29 21:36:00,1,customer_changed_mind,42.58
RET001697,ORD0021013,1,PROD01013,SELL00085,CUST007278,2017-01-30 21:12:51,1,customer_changed_mind,337.56
RET001698,ORD0017264,1,PROD01319,SELL00176,CUST006352,2017-12-24 13:53:18,1,customer_changed_mind,45.21
RET001699,ORD0020526,1,PROD00356,SELL00148,CUST009674,2017-04-25 19:55:52,4,customer_changed_mind,208.92
RET001700,ORD0008717,2,PROD01557,SELL00025,CUST003738,2017-05-03 08:52:14,2,customer_changed_mind,60.88
RET001701,ORD0004343,1,PROD01491,SELL00272,CUST004390,2017-11-13 21:46:26,3,customer_changed_mind,175.53
RET001702,ORD0007872,1,PROD00747,SELL00248,CUST009085,2017-11-24 13:18:20,1,customer_changed_mind,142.23
RET001703,ORD0005443,1,PROD00766,SELL00198,CUST001965,2017-08-06 08:33:14,2,customer_changed_mind,49.9
RET001704,ORD0021924,1,PROD00912,SELL00177,CUST001063,2018-07-12 20:23:58,1,customer_changed_mind,116.87
RET001705,ORD0006341,2,PROD01153,SELL00054,CUST003724,2018-03-02 20:02:00,1,customer_changed_mind,281.18
RET001706,ORD0009559,1,PROD00929,SELL00010,CUST003106,2017-07-20 06:33:27,1,customer_changed_mind,170.6
RET001707,ORD0020731,1,PROD00707,SELL00270,CUST007610,2018-09-14 19:27:25,1,customer_changed_mind,123.34
RET001708,ORD0017299,1,PROD01502,SELL00035,CUST005111,2018-09-25 17:05:51,3,customer_changed_mind,119.7
RET001709,ORD0005138,1,PROD00267,SELL00144,CUST001153,2017-01-22 04:48:12,1,customer_changed_mind,27.25
RET001710,ORD0015727,1,PROD01047,SELL00084,CUST000377,2017-03-15 00:19:49,2,customer_changed_mind,115.52
RET001711,ORD0015175,1,PROD00940,SELL00157,CUST001228,2017-07-30 23:59:29,1,customer_changed_mind,139.39
RET001712,ORD0012804,1,PROD01417,SELL00052,CUST009595,2018-05-08 15:58:47,3,customer_changed_mind,609.6
RET001713,ORD0009135,2,PROD00341,SELL00106,CUST003624,2017-10-05 17:19:28,1,customer_changed_mind,134.19
RET001714,ORD0006824,2,PROD01819,SELL00335,CUST008417,2018-04-19 19:27:00,1,customer_changed_mind,137.31
RET001715,ORD0009434,1,PROD00671,SELL00339,CUST001238,2018-01-04 16:44:51,1,customer_changed_mind,183.21
RET001716,ORD0009998,1,PROD01752,SELL00194,CUST003350,2017-03-17 02:52:55,1,customer_changed_mind,422.86
RET001717,ORD0021167,1,PROD01755,SELL00239,CUST002892,2018-08-23 22:33:23,1,customer_changed_mind,35.14
RET001718,ORD0009205,2,PROD01599,SELL00024,CUST009384,2017-08-12 12:40:27,3,customer_changed_mind,84.63
RET001719,ORD0016060,3,PROD01777,SELL00114,CUST002353,2018-06-28 04:15:13,1,customer_changed_mind,147.77
RET001720,ORD0011418,1,PROD00692,SELL00024,CUST001673,2017-07-25 06:29:24,3,customer_changed_mind,427.86
RET001721,ORD0022220,1,PROD01313,SELL00228,CUST001245,2017-10-05 04:16:04,1,customer_changed_mind,110.16
RET001722,ORD0020941,1,PROD01366,SELL00026,CUST003329,2017-03-15 05:00:48,1,customer_changed_mind,169.92
RET001723,ORD0015430,1,PROD00461,SELL00062,CUST007146,2018-07-29 20:22:19,3,customer_changed_mind,613.05
RET001724,ORD0022084,1,PROD00581,SELL00071,CUST007037,2018-06-07 14:26:52,1,customer_changed_mind,68.48
RET001725,ORD0008183,1,PROD01457,SELL00147,CUST005606,2018-03-31 22:58:16,1,customer_changed_mind,143.92
RET001726,ORD0015993,1,PROD01227,SELL00215,CUST009160,2017-03-12 17:03:02,3,customer_changed_mind,645.66
RET001727,ORD0010983,1,PROD01416,SELL00273,CUST004603,2017-02-07 09:45:56,1,customer_changed_mind,62.82
RET001728,ORD0004263,1,PROD01631,SELL00107,CUST007532,2018-01-03 21:42:53,1,customer_changed_mind,31.55
RET001729,ORD0008751,1,PROD00255,SELL00337,CUST006159,2017-07-16 06:06:44,2,customer_changed_mind,422.4
RET001730,ORD0010032,1,PROD01499,SELL00159,CUST000386,2017-06-01 15:36:03,2,customer_changed_mind,170.72
RET001731,ORD0020623,1,PROD01585,SELL00309,CUST004408,2018-07-01 10:02:45,1,customer_changed_mind,156.9
RET001732,ORD0004466,1,PROD00922,SELL00258,CUST007592,2018-03-16 15:18:10,1,customer_changed_mind,54.57
RET001733,ORD0006164,1,PROD01115,SELL00334,CUST006087,2017-03-29 10:45:38,3,customer_changed_mind,919.02
RET001734,ORD0014369,3,PROD00367,SELL00145,CUST000489,2018-09-12 10:29:37,1,customer_changed_mind,13.96
RET001735,ORD0010659,1,PROD00065,SELL00200,CUST004008,2018-05-27 18:11:16,1,customer_changed_mind,39.13
RET001736,ORD0022622,1,PROD00433,SELL00355,CUST008971,2017-07-03 22:00:58,1,customer_changed_mind,19.17
RET001737,ORD0013739,1,PROD01726,SELL00380,CUST000425,2018-07-23 16:28:17,1,customer_changed_mind,103.99
RET001738,ORD0017397,1,PROD00135,SELL00098,CUST000382,2017-08-14 21:33:06,2,customer_changed_mind,145.82
RET001739,ORD0004186,1,PROD00683,SELL00233,CUST004417,2017-08-23 12:36:17,1,customer_changed_mind,55.95
RET001740,ORD0017684,1,PROD00904,SELL00051,CUST002597,2018-09-09 17:00:27,1,customer_changed_mind,108.03
RET001741,ORD0018270,1,PROD00807,SELL00008,CUST003147,2017-12-21 09:18:46,3,customer_changed_mind,443.82
RET001742,ORD0020022,1,PROD00521,SELL00071,CUST001858,2017-02-05 12:14:48,4,customer_changed_mind,255.64
RET001743,ORD0021707,1,PROD01993,SELL00027,CUST006954,2017-07-22 01:48:36,1,customer_changed_mind,33.48
RET001744,ORD0016795,1,PROD01813,SELL00130,CUST008750,2017-12-05 18:12:37,3,customer_changed_mind,116.85
RET001745,ORD0021287,1,PROD01502,SELL00304,CUST009915,2018-03-25 20:16:20,1,customer_changed_mind,39.9
RET001746,ORD0015572,1,PROD01036,SELL00312,CUST006662,2017-06-01 06:30:39,1,customer_changed_mind,42.39
RET001747,ORD0007941,2,PROD01583,SELL00354,CUST006999,2017-02-11 19:23:17,1,customer_changed_mind,75.21
RET001748,ORD0022013,2,PROD00738,SELL00280,CUST006147,2017-12-01 17:44:24,3,customer_changed_mind,93.03
RET001749,ORD0002538,1,PROD00712,SELL00031,CUST008861,2018-03-29 07:59:16,1,customer_changed_mind,80.9
RET001750,ORD0014064,1,PROD00873,SELL00255,CUST008746,2017-02-17 01:47:42,1,customer_changed_mind,44.73
RET001751,ORD0016389,1,PROD01466,SELL00337,CUST008135,2017-03-27 02:32:26,1,customer_changed_mind,17.27
RET001752,ORD0013086,1,PROD00206,SELL00308,CUST004184,2017-06-30 04:41:07,3,customer_changed_mind,109.8
RET001753,ORD0001158,1,PROD01610,SELL00294,CUST006326,2018-09-07 06:21:44,1,customer_changed_mind,72.02
RET001754,ORD0021702,1,PROD01312,SELL00278,CUST007218,2017-11-23 10:31:29,2,customer_changed_mind,130.74
RET001755,ORD0001877,1,PROD00125,SELL00089,CUST004888,2017-10-09 00:38:09,1,customer_changed_mind,56.72
RET001756,ORD0009578,2,PROD01515,SELL00083,CUST008753,2017-06-06 01:32:40,2,customer_changed_mind,38.68
RET001757,ORD0009649,1,PROD00959,SELL00322,CUST004302,2017-12-09 04:06:16,1,customer_changed_mind,42.06
RET001758,ORD0024581,1,PROD00183,SELL00332,CUST005346,2018-09-01 23:13:47,2,customer_changed_mind,112.68
RET001759,ORD0009019,1,PROD01188,SELL00266,CUST000425,2017-07-02 06:27:53,1,customer_changed_mind,55.04
RET001760,ORD0000394,1,PROD00851,SELL00383,CUST004076,2018-08-21 23:04:02,3,customer_changed_mind,306.6
RET001761,ORD0007182,1,PROD01993,SELL00367,CUST002174,2018-08-14 16:30:30,1,customer_changed_mind,33.48
RET001762,ORD0010507,1,PROD00948,SELL00214,CUST007677,2018-08-08 09:26:38,1,customer_changed_mind,19.38
RET001763,ORD0017312,1,PROD01531,SELL00133,CUST009984,2017-04-04 11:00:31,1,customer_changed_mind,30.74
RET001764,ORD0012264,2,PROD00892,SELL00050,CUST009954,2018-08-15 08:49:11,1,customer_changed_mind,39.68
RET001765,ORD0020837,2,PROD00124,SELL00355,CUST008545,2017-11-11 14:38:10,3,customer_changed_mind,122.91
RET001766,ORD0007432,1,PROD01737,SELL00299,CUST004731,2018-07-08 22:01:36,1,customer_changed_mind,26.45
RET001767,ORD0013074,2,PROD00626,SELL00368,CUST002008,2018-06-02 21:44:22,1,customer_changed_mind,126.82
RET001768,ORD0008045,2,PROD00249,SELL00035,CUST005850,2017-08-06 21:00:01,2,customer_changed_mind,48.0
RET001769,ORD0014302,1,PROD00757,SELL00057,CUST002563,2018-01-15 17:47:49,2,customer_changed_mind,37.86
RET001770,ORD0022236,1,PROD01007,SELL00156,CUST009759,2017-08-30 12:20:06,1,customer_changed_mind,211.52
RET001771,ORD0011670,2,PROD00535,SELL00147,CUST007154,2017-01-20 19:26:00,1,customer_changed_mind,17.51
RET001772,ORD0018883,1,PROD00968,SELL00232,CUST008177,2018-06-25 14:54:54,3,customer_changed_mind,445.65
RET001773,ORD0023906,2,PROD01438,SELL00034,CUST008636,2017-07-01 15:41:59,1,customer_changed_mind,19.53
RET001774,ORD0007093,1,PROD01727,SELL00214,CUST007795,2018-07-08 12:40:37,2,customer_changed_mind,298.96
RET001775,ORD0000658,1,PROD00980,SELL00381,CUST006732,2018-02-16 18:33:02,1,customer_changed_mind,127.17
RET001776,ORD0023309,1,PROD01881,SELL00048,CUST009576,2018-01-09 13:48:33,1,customer_changed_mind,106.28
RET001777,ORD0008569,1,PROD00427,SELL00312,CUST009009,2018-08-01 04:57:37,1,customer_changed_mind,31.92
RET001778,ORD0013924,1,PROD00555,SELL00091,CUST005904,2018-01-16 16:27:39,1,customer_changed_mind,71.57
RET001779,ORD0009601,2,PROD00301,SELL00143,CUST005500,2018-09-14 18:48:03,2,customer_changed_mind,80.36
RET001780,ORD0012692,1,PROD00340,SELL00080,CUST000896,2018-08-11 06:36:50,1,customer_changed_mind,233.92
RET001781,ORD0009599,1,PROD00561,SELL00350,CUST001727,2018-07-25 19:41:19,1,customer_changed_mind,40.32
RET001782,ORD0019706,1,PROD00360,SELL00302,CUST004870,2017-02-10 03:12:27,4,customer_changed_mind,482.6
RET001783,ORD0012402,1,PROD00114,SELL00124,CUST008062,2017-09-30 19:24:33,2,customer_changed_mind,90.82
RET001784,ORD0023607,1,PROD00940,SELL00305,CUST007408,2018-04-15 11:56:59,1,customer_changed_mind,139.39
RET001785,ORD0002464,1,PROD00772,SELL00119,CUST004896,2018-01-04 23:38:03,1,customer_changed_mind,55.34
RET001786,ORD0019724,2,PROD00589,SELL00301,CUST004773,2017-06-29 17:23:56,2,customer_changed_mind,117.82
RET001787,ORD0000504,1,PROD00583,SELL00234,CUST003716,2018-05-17 06:22:25,2,customer_changed_mind,160.16
RET001788,ORD0009038,4,PROD01215,SELL00366,CUST001561,2018-08-27 19:47:12,1,customer_changed_mind,35.11
RET001789,ORD0002006,1,PROD01709,SELL00188,CUST005177,2017-12-30 10:17:55,1,customer_changed_mind,31.02
RET001790,ORD0015105,1,PROD01077,SELL00136,CUST008133,2017-05-03 21:32:57,1,customer_changed_mind,43.16
RET001791,ORD0020134,2,PROD01385,SELL00256,CUST007210,2018-04-16 01:44:59,1,customer_changed_mind,35.29
RET001792,ORD0012812,1,PROD00162,SELL00315,CUST009913,2017-08-23 18:27:21,1,customer_changed_mind,188.18
RET001793,ORD0022253,1,PROD01973,SELL00262,CUST002640,2018-07-24 17:50:18,1,customer_changed_mind,37.02
RET001794,ORD0014958,1,PROD00259,SELL00304,CUST009801,2018-05-08 20:12:48,1,customer_changed_mind,36.85
RET001795,ORD0013930,2,PROD01150,SELL00285,CUST000513,2018-01-22 13:48:05,1,customer_changed_mind,153.51
RET001796,ORD0002913,1,PROD00527,SELL00112,CUST005616,2017-08-10 02:55:28,1,customer_changed_mind,136.01
RET001797,ORD0013415,1,PROD00115,SELL00280,CUST003430,2017-03-08 11:31:46,3,customer_changed_mind,556.11
RET001798,ORD0014438,1,PROD00867,SELL00364,CUST004854,2018-02-12 23:52:16,5,customer_changed_mind,1125.45
RET001799,ORD0019412,1,PROD01312,SELL00067,CUST007175,2018-02-08 08:56:08,2,customer_changed_mind,130.74
RET001800,ORD0004784,1,PROD01104,SELL00014,CUST000885,2018-02-12 23:22:19,2,customer_changed_mind,163.38
RET001801,ORD0003489,1,PROD00270,SELL00302,CUST003368,2017-10-23 09:34:57,2,customer_changed_mind,61.38
RET001802,ORD0018209,1,PROD01025,SELL00339,CUST009813,2017-06-13 09:54:54,1,customer_changed_mind,66.53
RET001803,ORD0018444,1,PROD00769,SELL00134,CUST004843,2017-05-17 05:21:02,1,customer_changed_mind,390.7
RET001804,ORD0011683,1,PROD00324,SELL00031,CUST008565,2018-02-17 21:59:15,1,customer_changed_mind,84.78
RET001805,ORD0003226,1,PROD01890,SELL00089,CUST008247,2017-03-14 06:18:19,1,customer_changed_mind,281.68
RET001806,ORD0020245,1,PROD01839,SELL00272,CUST005860,2018-07-08 12:04:22,1,customer_changed_mind,67.03
RET001807,ORD0003397,1,PROD00775,SELL00397,CUST001115,2018-03-20 17:02:21,1,customer_changed_mind,171.04
RET001808,ORD0005763,1,PROD01170,SELL00067,CUST007149,2017-09-15 11:40:32,1,customer_changed_mind,40.2
RET001809,ORD0019121,1,PROD00602,SELL00257,CUST006920,2017-11-03 20:42:28,1,customer_changed_mind,53.18
RET001810,ORD0022543,1,PROD01276,SELL00289,CUST000459,2017-11-30 06:17:45,1,customer_changed_mind,97.92
RET001811,ORD0019653,1,PROD00021,SELL00332,CUST003910,2017-12-07 22:41:08,3,customer_changed_mind,44.43
RET001812,ORD0020642,1,PROD01684,SELL00106,CUST004762,2017-12-02 19:25:08,1,customer_changed_mind,167.14
RET001813,ORD0000762,1,PROD00296,SELL00283,CUST000977,2017-12-27 02:32:18,1,customer_changed_mind,19.84
RET001814,ORD0018863,1,PROD00744,SELL00087,CUST006895,2018-09-21 09:23:16,1,customer_changed_mind,79.39
RET001815,ORD0014245,1,PROD01280,SELL00089,CUST000102,2018-04-13 13:57:52,2,customer_changed_mind,68.64
RET001816,ORD0006211,3,PROD01313,SELL00111,CUST004313,2018-08-14 04:26:27,1,customer_changed_mind,110.16
RET001817,ORD0021569,1,PROD00860,SELL00257,CUST008718,2018-07-20 12:36:32,1,customer_changed_mind,27.34
RET001818,ORD0020684,1,PROD01479,SELL00144,CUST006520,2017-09-28 20:37:14,1,customer_changed_mind,82.48
RET001819,ORD0019304,2,PROD01469,SELL00259,CUST006325,2018-10-05 04:30:44,1,customer_changed_mind,123.34
RET001820,ORD0016365,1,PROD01995,SELL00351,CUST005027,2017-12-06 23:18:04,1,customer_changed_mind,141.27
RET001821,ORD0021192,1,PROD01315,SELL00045,CUST008036,2017-02-10 08:31:16,2,customer_changed_mind,99.68
RET001822,ORD0024806,1,PROD00813,SELL00094,CUST008424,2017-06-05 07:26:30,2,customer_changed_mind,226.34
RET001823,ORD0009094,1,PROD00853,SELL00365,CUST006824,2018-08-25 09:33:16,2,customer_changed_mind,229.78
RET001824,ORD0022298,1,PROD00426,SELL00004,CUST000442,2018-02-03 18:17:22,2,customer_changed_mind,98.02
RET001825,ORD0020796,1,PROD00331,SELL00139,CUST001261,2017-02-18 08:20:00,1,customer_changed_mind,38.43
RET001826,ORD0015127,1,PROD01825,SELL00155,CUST002525,2018-08-11 05:02:46,3,customer_changed_mind,724.2
RET001827,ORD0011981,1,PROD00205,SELL00075,CUST006718,2017-03-17 14:12:32,1,customer_changed_mind,36.2
RET001828,ORD0018949,1,PROD00871,SELL00003,CUST008077,2018-01-09 07:37:44,1,customer_changed_mind,372.43
RET001829,ORD0019262,2,PROD00314,SELL00019,CUST003032,2017-08-01 18:39:05,1,customer_changed_mind,33.71
RET001830,ORD0006525,1,PROD00871,SELL00105,CUST001381,2017-07-18 08:01:34,1,customer_changed_mind,372.43
RET001831,ORD0011423,1,PROD00552,SELL00139,CUST006975,2018-01-07 12:40:14,2,customer_changed_mind,31.82
RET001832,ORD0005263,1,PROD00623,SELL00176,CUST000169,2017-01-12 18:32:49,1,customer_changed_mind,157.56
RET001833,ORD0009747,1,PROD01094,SELL00157,CUST008158,2017-03-22 06:35:45,1,customer_changed_mind,213.96
RET001834,ORD0011628,1,PROD00156,SELL00210,CUST007240,2018-09-20 02:18:14,1,customer_changed_mind,38.6
RET001835,ORD0002731,1,PROD00253,SELL00077,CUST003280,2017-03-12 03:09:02,1,customer_changed_mind,445.12
RET001836,ORD0005053,1,PROD01218,SELL00180,CUST001877,2017-08-26 00:11:42,1,customer_changed_mind,32.07
RET001837,ORD0002273,1,PROD01393,SELL00002,CUST000452,2018-01-28 06:47:26,1,customer_changed_mind,247.29
RET001838,ORD0014232,1,PROD01229,SELL00387,CUST006262,2017-12-01 13:23:32,2,customer_changed_mind,201.04
RET001839,ORD0005153,1,PROD01398,SELL00073,CUST000859,2017-04-06 20:32:05,1,customer_changed_mind,34.77
RET001840,ORD0003977,1,PROD01285,SELL00309,CUST003720,2017-12-13 12:38:45,1,customer_changed_mind,140.38
RET001841,ORD0004161,1,PROD00206,SELL00367,CUST005269,2017-09-06 12:49:50,2,customer_changed_mind,73.2
RET001842,ORD0020930,3,PROD00538,SELL00290,CUST002785,2017-09-29 08:37:09,1,customer_changed_mind,81.17
RET001843,ORD0006819,2,PROD00007,SELL00242,CUST005674,2017-09-26 22:47:39,1,customer_changed_mind,90.52
RET001844,ORD0024331,1,PROD00719,SELL00196,CUST004749,2017-10-29 17:11:43,1,customer_changed_mind,316.83
RET001845,ORD0007556,1,PROD01254,SELL00019,CUST004359,2017-02-08 10:02:15,5,customer_changed_mind,786.45
RET001846,ORD0003682,1,PROD01592,SELL00222,CUST005178,2018-08-12 09:04:26,2,customer_changed_mind,269.6
RET001847,ORD0002295,1,PROD00321,SELL00315,CUST005037,2017-08-19 00:01:44,1,customer_changed_mind,37.62
RET001848,ORD0017827,2,PROD01845,SELL00220,CUST001814,2018-06-13 06:33:12,1,customer_changed_mind,15.37
RET001849,ORD0000603,2,PROD00226,SELL00062,CUST007756,2017-02-15 16:43:37,1,customer_changed_mind,49.38
RET001850,ORD0000707,3,PROD01285,SELL00370,CUST000923,2017-04-22 07:55:47,1,customer_changed_mind,140.38
RET001851,ORD0012549,1,PROD00883,SELL00152,CUST008717,2018-09-24 08:32:19,4,customer_changed_mind,60.32
RET001852,ORD0024454,1,PROD00660,SELL00066,CUST002101,2017-12-13 17:54:53,2,customer_changed_mind,77.94
RET001853,ORD0017343,1,PROD01143,SELL00191,CUST001832,2017-10-30 18:14:42,3,customer_changed_mind,236.61
RET001854,ORD0018685,2,PROD00839,SELL00387,CUST009922,2017-12-09 08:17:07,3,customer_changed_mind,89.76
RET001855,ORD0013820,3,PROD01249,SELL00205,CUST001806,2018-05-23 09:36:14,3,customer_changed_mind,469.11
RET001856,ORD0024167,1,PROD01456,SELL00390,CUST002395,2018-04-14 23:24:33,1,customer_changed_mind,74.08
RET001857,ORD0015595,1,PROD00453,SELL00346,CUST000997,2017-07-21 17:20:43,1,customer_changed_mind,48.2
RET001858,ORD0012603,2,PROD00997,SELL00034,CUST002554,2018-04-18 17:13:50,2,customer_changed_mind,195.84
RET001859,ORD0021078,1,PROD01364,SELL00355,CUST008852,2017-05-21 14:45:57,3,customer_changed_mind,94.38
RET001860,ORD0005724,3,PROD01910,SELL00272,CUST006651,2018-07-25 22:43:33,3,customer_changed_mind,273.54
RET001861,ORD0015669,1,PROD01087,SELL00107,CUST009550,2017-12-05 18:49:37,1,customer_changed_mind,79.84
RET001862,ORD0012039,1,PROD00740,SELL00152,CUST004825,2017-11-25 11:05:07,1,customer_changed_mind,104.78
RET001863,ORD0014445,1,PROD01551,SELL00081,CUST006057,2017-05-23 01:17:46,1,customer_changed_mind,26.33
RET001864,ORD0012200,1,PROD00861,SELL00204,CUST007245,2018-02-06 07:51:30,1,customer_changed_mind,175.03
RET001865,ORD0002581,1,PROD01070,SELL00285,CUST003494,2018-05-13 17:30:33,1,customer_changed_mind,141.26
RET001866,ORD0013538,1,PROD01208,SELL00390,CUST001721,2018-01-26 03:02:04,1,customer_changed_mind,65.32
RET001867,ORD0019632,1,PROD00956,SELL00088,CUST008565,2017-12-06 11:51:00,1,customer_changed_mind,188.52
RET001868,ORD0007788,1,PROD01991,SELL00216,CUST003375,2017-06-05 13:48:55,1,customer_changed_mind,89.53
RET001869,ORD0002773,1,PROD00516,SELL00034,CUST005825,2018-09-26 18:52:26,2,customer_changed_mind,126.3
RET001870,ORD0013019,1,PROD01249,SELL00043,CUST004614,2018-06-28 03:39:51,1,customer_changed_mind,156.37
RET001871,ORD0009989,1,PROD01146,SELL00052,CUST009118,2017-07-03 06:37:01,2,customer_changed_mind,46.5
RET001872,ORD0008944,1,PROD00417,SELL00243,CUST009098,2017-02-01 22:06:06,1,customer_changed_mind,184.7
RET001873,ORD0017892,3,PROD00937,SELL00370,CUST005811,2018-04-29 09:02:03,3,customer_changed_mind,168.87
RET001874,ORD0006404,1,PROD01317,SELL00261,CUST001432,2017-09-11 17:09:46,1,customer_changed_mind,379.34
RET001875,ORD0023893,1,PROD00987,SELL00205,CUST003074,2018-09-06 04:14:58,3,customer_changed_mind,664.17
RET001876,ORD0017147,4,PROD01451,SELL00328,CUST005580,2017-09-14 13:38:21,1,customer_changed_mind,41.64
RET001877,ORD0007405,1,PROD01725,SELL00314,CUST002497,2017-08-02 12:54:17,1,customer_changed_mind,111.18
RET001878,ORD0007567,1,PROD00867,SELL00185,CUST000294,2017-05-27 19:00:41,1,customer_changed_mind,225.09
RET001879,ORD0009157,1,PROD01950,SELL00302,CUST002720,2017-02-05 15:56:16,1,customer_changed_mind,74.39
RET001880,ORD0020687,2,PROD00891,SELL00184,CUST000040,2017-08-21 19:43:19,2,customer_changed_mind,425.04
RET001881,ORD0004651,1,PROD01791,SELL00249,CUST002124,2017-04-11 23:30:14,1,customer_changed_mind,298.68
RET001882,ORD0001553,1,PROD00386,SELL00020,CUST001470,2018-05-25 23:43:09,1,customer_changed_mind,608.79
RET001883,ORD0002179,2,PROD00244,SELL00251,CUST001287,2017-12-27 00:01:50,1,customer_changed_mind,44.9
RET001884,ORD0006338,1,PROD00824,SELL00318,CUST007185,2017-04-05 16:51:43,2,customer_changed_mind,366.94
RET001885,ORD0003246,3,PROD01106,SELL00253,CUST008573,2017-09-11 03:08:17,1,customer_changed_mind,136.23
RET001886,ORD0006574,1,PROD01806,SELL00356,CUST009596,2017-03-27 09:24:13,1,customer_changed_mind,322.7
RET001887,ORD0002825,1,PROD00025,SELL00071,CUST009478,2017-07-22 16:26:21,1,customer_changed_mind,151.97
RET001888,ORD0014927,1,PROD00729,SELL00375,CUST004803,2017-03-12 12:01:02,1,customer_changed_mind,37.38
RET001889,ORD0015376,2,PROD01190,SELL00346,CUST004676,2017-02-11 12:36:20,1,customer_changed_mind,137.81
RET001890,ORD0016527,1,PROD00496,SELL00333,CUST008275,2017-06-24 10:29:28,3,customer_changed_mind,734.52
RET001891,ORD0008223,1,PROD00022,SELL00342,CUST002465,2017-04-18 02:46:34,2,customer_changed_mind,325.32
RET001892,ORD0015010,2,PROD00746,SELL00163,CUST000710,2017-08-24 11:37:34,1,customer_changed_mind,61.76
RET001893,ORD0000493,2,PROD00982,SELL00357,CUST006845,2017-02-22 01:26:30,1,customer_changed_mind,465.53
RET001894,ORD0018840,1,PROD00644,SELL00045,CUST008402,2017-03-16 09:38:41,1,customer_changed_mind,70.9
RET001895,ORD0023554,1,PROD00860,SELL00224,CUST003348,2017-12-16 14:07:28,1,customer_changed_mind,27.34
RET001896,ORD0017956,1,PROD00713,SELL00391,CUST001672,2018-06-18 01:23:43,1,customer_changed_mind,40.53
RET001897,ORD0011814,1,PROD01186,SELL00314,CUST000583,2017-02-24 13:25:39,1,customer_changed_mind,165.67
RET001898,ORD0015767,1,PROD01539,SELL00099,CUST006439,2017-02-14 08:53:39,1,customer_changed_mind,56.84
RET001899,ORD0004611,1,PROD00654,SELL00350,CUST003313,2017-04-19 12:31:25,2,customer_changed_mind,314.22
RET001900,ORD0013310,1,PROD01168,SELL00027,CUST006922,2018-04-10 08:06:40,1,customer_changed_mind,27.61
RET001901,ORD0021710,1,PROD01163,SELL00286,CUST002023,2017-09-15 14:12:34,3,customer_changed_mind,1214.4
RET001902,ORD0018939,1,PROD00736,SELL00252,CUST002262,2018-02-04 12:09:41,2,customer_changed_mind,118.48
RET001903,ORD0000689,2,PROD00774,SELL00064,CUST006698,2018-03-31 08:49:20,1,customer_changed_mind,119.65
RET001904,ORD0024736,1,PROD01171,SELL00290,CUST001619,2018-08-08 16:50:07,1,customer_changed_mind,54.21
RET001905,ORD0002373,1,PROD01260,SELL00213,CUST009301,2017-11-28 16:32:21,2,customer_changed_mind,171.96
RET001906,ORD0018217,1,PROD00228,SELL00312,CUST004594,2017-03-05 08:50:13,1,customer_changed_mind,61.5
RET001907,ORD0003858,2,PROD00627,SELL00289,CUST002263,2017-05-23 18:43:07,2,customer_changed_mind,383.06
RET001908,ORD0015321,3,PROD00412,SELL00329,CUST004747,2017-07-03 00:46:24,1,customer_changed_mind,101.28
RET001909,ORD0003913,2,PROD00739,SELL00182,CUST008333,2017-12-27 17:35:23,1,customer_changed_mind,77.97
RET001910,ORD0023712,1,PROD00929,SELL00260,CUST005951,2017-08-17 18:04:39,1,customer_changed_mind,170.6
RET001911,ORD0014334,1,PROD00513,SELL00171,CUST002910,2018-01-29 13:55:33,3,customer_changed_mind,192.15
RET001912,ORD0003837,1,PROD01467,SELL00022,CUST008313,2017-12-09 09:47:38,2,customer_changed_mind,523.16
RET001913,ORD0017155,1,PROD01800,SELL00205,CUST001270,2017-09-13 08:40:59,2,customer_changed_mind,527.4
RET001914,ORD0023569,1,PROD01357,SELL00179,CUST006775,2018-06-14 22:20:22,1,customer_changed_mind,68.11
RET001915,ORD0015951,2,PROD01811,SELL00076,CUST007360,2018-02-24 12:06:15,1,customer_changed_mind,94.72
RET001916,ORD0016476,1,PROD01802,SELL00076,CUST000613,2018-02-20 15:03:58,3,customer_changed_mind,186.42
RET001917,ORD0022137,1,PROD00283,SELL00376,CUST000759,2017-09-24 21:12:23,1,customer_changed_mind,103.54
RET001918,ORD0000026,1,PROD00558,SELL00145,CUST002201,2017-10-10 06:50:09,1,customer_changed_mind,31.17
RET001919,ORD0002960,1,PROD00996,SELL00168,CUST005853,2017-11-13 04:12:22,1,customer_changed_mind,149.93
RET001920,ORD0007487,1,PROD01435,SELL00014,CUST001826,2018-05-07 07:33:30,1,customer_changed_mind,44.48
RET001921,ORD0008432,1,PROD01403,SELL00113,CUST004196,2017-04-08 02:39:45,1,customer_changed_mind,139.41
RET001922,ORD0001905,1,PROD00448,SELL00389,CUST001088,2018-03-24 21:29:04,1,customer_changed_mind,37.07
RET001923,ORD0009547,1,PROD01029,SELL00049,CUST007694,2018-07-18 10:01:14,2,customer_changed_mind,175.9
RET001924,ORD0021285,2,PROD00800,SELL00381,CUST003772,2017-05-26 14:33:39,1,customer_changed_mind,16.48
RET001925,ORD0005513,2,PROD00580,SELL00133,CUST006023,2017-04-01 19:22:40,1,customer_changed_mind,179.21
RET001926,ORD0021421,1,PROD00953,SELL00273,CUST001795,2018-03-19 10:51:02,2,customer_changed_mind,571.68
RET001927,ORD0003378,1,PROD00031,SELL00065,CUST000835,2017-11-30 06:43:12,2,customer_changed_mind,656.7
RET001928,ORD0013277,3,PROD00951,SELL00368,CUST000818,2018-03-04 11:11:28,1,customer_changed_mind,112.67
RET001929,ORD0019042,3,PROD01644,SELL00134,CUST001727,2018-08-26 05:39:01,1,customer_changed_mind,224.71
RET001930,ORD0008116,1,PROD00246,SELL00100,CUST002325,2017-06-08 12:15:44,1,customer_changed_mind,21.41
RET001931,ORD0013882,4,PROD00551,SELL00108,CUST001585,2018-09-23 23:32:41,4,customer_changed_mind,266.44
RET001932,ORD0006943,1,PROD01884,SELL00359,CUST006049,2018-03-10 06:38:27,3,customer_changed_mind,702.54
RET001933,ORD0001127,2,PROD01223,SELL00147,CUST006367,2017-12-08 12:11:15,3,customer_changed_mind,100.62
RET001934,ORD0023282,1,PROD01918,SELL00239,CUST001444,2018-09-09 12:26:01,3,customer_changed_mind,416.04
RET001935,ORD0003510,1,PROD00411,SELL00114,CUST006290,2017-08-22 10:58:26,1,customer_changed_mind,124.88
RET001936,ORD0005740,1,PROD01894,SELL00314,CUST008945,2017-01-22 13:04:49,1,customer_changed_mind,61.91
RET001937,ORD0003653,1,PROD00726,SELL00226,CUST007443,2017-02-03 13:44:54,1,customer_changed_mind,30.08
RET001938,ORD0001160,2,PROD01372,SELL00338,CUST005711,2017-11-24 01:45:05,1,customer_changed_mind,28.81
RET001939,ORD0000975,1,PROD00199,SELL00169,CUST006765,2017-12-27 23:39:05,1,customer_changed_mind,383.14
RET001940,ORD0022452,1,PROD00021,SELL00378,CUST005352,2017-09-18 06:21:44,2,customer_changed_mind,29.62
RET001941,ORD0018554,2,PROD00084,SELL00357,CUST008466,2018-06-25 00:23:31,1,customer_changed_mind,223.06
RET001942,ORD0010796,1,PROD00250,SELL00354,CUST001306,2017-08-20 07:29:05,1,customer_changed_mind,99.24
RET001943,ORD0017379,1,PROD01521,SELL00253,CUST009273,2017-01-26 18:05:11,1,customer_changed_mind,430.48
RET001944,ORD0006516,1,PROD01196,SELL00268,CUST001564,2018-03-13 02:56:10,1,customer_changed_mind,223.93
RET001945,ORD0019061,1,PROD01350,SELL00372,CUST001652,2017-02-21 11:04:23,1,customer_changed_mind,733.61
RET001946,ORD0008553,1,PROD01311,SELL00309,CUST004452,2017-07-14 06:12:22,2,customer_changed_mind,227.44
RET001947,ORD0006045,1,PROD01270,SELL00161,CUST005695,2017-08-19 10:53:57,1,customer_changed_mind,42.42
RET001948,ORD0017681,1,PROD00541,SELL00071,CUST002857,2018-02-20 21:14:18,1,customer_changed_mind,218.47
RET001949,ORD0003184,1,PROD00961,SELL00171,CUST001192,2018-10-05 17:04:47,3,customer_changed_mind,105.57
RET001950,ORD0008278,1,PROD00478,SELL00021,CUST003016,2017-12-03 11:05:18,2,customer_changed_mind,116.44
RET001951,ORD0007761,2,PROD00925,SELL00107,CUST002324,2017-06-07 01:15:30,2,customer_changed_mind,177.04
RET001952,ORD0007840,1,PROD00508,SELL00197,CUST009536,2017-08-18 15:46:42,1,customer_changed_mind,125.37
RET001953,ORD0014449,1,PROD01471,SELL00279,CUST006269,2018-07-08 13:41:37,2,customer_changed_mind,49.52
RET001954,ORD0019782,2,PROD00594,SELL00338,CUST008381,2018-07-27 22:30:05,1,customer_changed_mind,58.72
RET001955,ORD0024231,1,PROD01782,SELL00236,CUST001616,2018-06-07 23:47:46,2,customer_changed_mind,203.1
RET001956,ORD0013065,1,PROD00294,SELL00255,CUST000363,2017-05-27 02:02:21,1,customer_changed_mind,247.56
RET001957,ORD0008048,1,PROD00557,SELL00125,CUST006575,2018-07-23 19:41:32,1,customer_changed_mind,40.66
RET001958,ORD0005900,1,PROD00540,SELL00018,CUST004501,2017-12-05 12:22:26,2,customer_changed_mind,105.1
RET001959,ORD0024791,2,PROD01348,SELL00350,CUST005263,2017-10-16 17:01:32,1,customer_changed_mind,278.86
RET001960,ORD0007653,1,PROD00118,SELL00339,CUST002981,2018-03-11 18:22:25,1,customer_changed_mind,389.76
RET001961,ORD0012901,1,PROD01605,SELL00352,CUST002464,2018-01-08 03:55:20,1,customer_changed_mind,84.19
RET001962,ORD0017305,2,PROD00558,SELL00383,CUST007999,2018-03-13 09:36:24,1,customer_changed_mind,31.17
RET001963,ORD0013812,1,PROD01562,SELL00270,CUST000157,2018-09-17 16:33:09,1,customer_changed_mind,195.53
RET001964,ORD0013890,1,PROD00394,SELL00002,CUST003688,2018-02-16 13:38:35,1,customer_changed_mind,30.61
RET001965,ORD0024412,2,PROD01701,SELL00395,CUST004337,2018-01-06 18:56:43,1,customer_changed_mind,95.92
RET001966,ORD0023816,3,PROD00473,SELL00120,CUST002205,2017-12-31 04:42:11,1,customer_changed_mind,40.61
RET001967,ORD0006608,1,PROD00224,SELL00082,CUST007780,2017-03-30 20:43:25,1,customer_changed_mind,224.61
RET001968,ORD0009897,1,PROD01028,SELL00004,CUST000524,2017-01-29 18:12:56,1,customer_changed_mind,72.3
RET001969,ORD0022087,1,PROD01720,SELL00153,CUST001788,2017-11-14 02:02:46,1,customer_changed_mind,77.95
RET001970,ORD0005113,1,PROD00863,SELL00233,CUST004443,2018-07-17 09:33:49,1,customer_changed_mind,120.31
RET001971,ORD0023872,1,PROD01617,SELL00132,CUST001276,2017-12-31 10:33:44,4,customer_changed_mind,331.64
RET001972,ORD0008054,1,PROD00184,SELL00209,CUST005164,2017-06-15 22:06:27,1,customer_changed_mind,44.74
RET001973,ORD0019450,1,PROD00834,SELL00244,CUST005772,2017-09-05 08:36:07,1,customer_changed_mind,109.31
RET001974,ORD0014329,1,PROD01301,SELL00382,CUST009630,2018-06-05 20:36:15,1,customer_changed_mind,57.91
RET001975,ORD0021131,1,PROD00589,SELL00379,CUST006899,2017-07-03 13:45:49,1,customer_changed_mind,58.91
RET001976,ORD0013917,1,PROD01036,SELL00283,CUST006937,2018-07-11 13:13:23,2,customer_changed_mind,84.78
RET001977,ORD0000895,1,PROD00578,SELL00293,CUST003198,2017-01-09 12:35:51,1,customer_changed_mind,200.23
RET001978,ORD0013251,1,PROD00067,SELL00160,CUST000246,2018-03-25 07:31:35,1,customer_changed_mind,52.45
RET001979,ORD0004064,1,PROD01572,SELL00194,CUST007607,2017-08-17 13:40:59,3,customer_changed_mind,109.95
RET001980,ORD0021304,1,PROD01995,SELL00243,CUST002464,2017-06-07 22:17:56,1,customer_changed_mind,141.27
RET001981,ORD0006449,1,PROD01390,SELL00380,CUST004274,2017-06-11 00:36:44,1,customer_changed_mind,111.04
RET001982,ORD0007441,1,PROD00158,SELL00080,CUST004060,2017-07-20 13:00:59,1,customer_changed_mind,230.01
RET001983,ORD0007995,1,PROD01733,SELL00104,CUST008287,2017-12-03 08:42:32,3,customer_changed_mind,137.52
RET001984,ORD0005475,1,PROD01157,SELL00152,CUST004107,2017-10-08 20:39:30,1,customer_changed_mind,300.65
RET001985,ORD0012021,1,PROD01163,SELL00065,CUST005548,2017-10-05 16:35:40,1,customer_changed_mind,404.8
RET001986,ORD0021272,1,PROD01141,SELL00243,CUST009618,2017-05-30 04:29:29,1,customer_changed_mind,122.56
RET001987,ORD0015409,1,PROD01733,SELL00271,CUST002162,2017-08-30 17:14:05,1,customer_changed_mind,45.84
RET001988,ORD0012219,1,PROD00479,SELL00209,CUST009646,2017-07-13 03:16:23,2,customer_changed_mind,728.0
RET001989,ORD0014763,1,PROD01849,SELL00084,CUST005110,2017-12-16 23:56:59,1,customer_changed_mind,58.97
RET001990,ORD0003642,2,PROD00119,SELL00334,CUST001600,2018-10-08 19:34:23,2,customer_changed_mind,325.3
RET001991,ORD0003105,1,PROD01377,SELL00029,CUST007722,2017-08-25 02:21:27,1,customer_changed_mind,78.07
RET001992,ORD0017900,1,PROD01766,SELL00007,CUST001698,2018-09-17 07:12:04,1,customer_changed_mind,169.38
RET001993,ORD0017374,1,PROD01192,SELL00086,CUST001843,2017-03-03 08:34:35,2,customer_changed_mind,94.18
RET001994,ORD0006436,1,PROD00265,SELL00017,CUST006087,2018-06-08 14:07:04,4,customer_changed_mind,212.76
RET001995,ORD0010370,1,PROD01361,SELL00153,CUST004047,2018-08-04 05:27:08,1,customer_changed_mind,108.53
RET001996,ORD0002925,1,PROD01314,SELL00305,CUST000128,2017-04-07 11:27:54,2,customer_changed_mind,409.64
RET001997,ORD0012155,1,PROD00844,SELL00246,CUST006374,2018-09-04 11:16:16,1,customer_changed_mind,253.51
RET001998,ORD0016566,1,PROD00974,SELL00393,CUST003176,2017-02-13 06:58:58,1,customer_changed_mind,45.63
RET001999,ORD0011573,1,PROD00659,SELL00175,CUST002735,2018-07-05 00:03:48,1,customer_changed_mind,57.56
RET002000,ORD0018051,1,PROD00661,SELL00075,CUST008030,2017-06-11 23:08:45,2,customer_changed_mind,94.02
RET002001,ORD0003821,2,PROD01956,SELL00100,CUST004921,2017-11-27 15:35:57,1,customer_changed_mind,45.83
RET002002,ORD0010904,1,PROD01501,SELL00178,CUST009512,2018-04-29 07:52:55,1,customer_changed_mind,145.76
RET002003,ORD0009416,1,PROD01417,SELL00268,CUST008182,2018-06-16 23:40:37,2,customer_changed_mind,406.4
RET002004,ORD0019666,1,PROD00903,SELL00126,CUST002090,2018-04-08 01:05:33,5,customer_changed_mind,422.1
RET002005,ORD0012344,1,PROD01748,SELL00138,CUST005829,2018-06-22 02:30:02,1,customer_changed_mind,65.0
RET002006,ORD0008774,1,PROD00642,SELL00246,CUST008620,2018-04-09 10:42:20,1,customer_changed_mind,115.04
RET002007,ORD0021599,1,PROD01198,SELL00322,CUST009485,2017-12-04 18:40:50,2,customer_changed_mind,138.58
RET002008,ORD0019176,1,PROD01837,SELL00306,CUST004105,2018-03-30 19:14:04,2,customer_changed_mind,242.86
RET002009,ORD0001137,2,PROD01179,SELL00003,CUST003373,2018-02-23 09:46:34,1,customer_changed_mind,111.08
RET002010,ORD0002599,1,PROD00576,SELL00016,CUST003707,2017-04-30 19:40:28,1,customer_changed_mind,39.65
RET002011,ORD0024020,1,PROD01817,SELL00275,CUST002068,2018-02-27 00:36:30,1,customer_changed_mind,69.48
RET002012,ORD0020407,2,PROD01134,SELL00202,CUST001601,2018-07-16 09:03:22,1,customer_changed_mind,22.02
RET002013,ORD0010143,1,PROD01876,SELL00305,CUST000270,2017-06-01 01:30:25,1,customer_changed_mind,52.62
RET002014,ORD0014435,1,PROD01038,SELL00230,CUST004739,2017-03-31 18:59:44,2,customer_changed_mind,128.1
RET002015,ORD0014625,1,PROD01180,SELL00295,CUST009922,2018-02-25 05:36:50,1,customer_changed_mind,89.16
RET002016,ORD0007201,1,PROD01205,SELL00379,CUST005562,2018-02-18 00:42:11,1,customer_changed_mind,15.82
RET002017,ORD0003060,1,PROD01686,SELL00369,CUST005497,2017-08-05 20:51:32,3,customer_changed_mind,122.79
RET002018,ORD0022610,3,PROD00733,SELL00337,CUST005853,2017-01-11 01:32:46,1,customer_changed_mind,69.61
RET002019,ORD0017163,1,PROD00117,SELL00025,CUST000204,2018-05-31 18:10:03,2,customer_changed_mind,209.7
RET002020,ORD0020626,1,PROD00745,SELL00155,CUST000812,2017-11-13 01:12:46,2,customer_changed_mind,67.66
RET002021,ORD0018460,3,PROD01388,SELL00094,CUST007093,2017-07-18 14:25:35,1,customer_changed_mind,19.8
RET002022,ORD0002549,1,PROD00901,SELL00052,CUST007977,2018-07-25 07:09:22,1,customer_changed_mind,40.26
RET002023,ORD0017074,1,PROD00057,SELL00161,CUST009979,2017-10-17 00:50:31,1,customer_changed_mind,26.07
RET002024,ORD0007118,1,PROD00400,SELL00084,CUST008403,2018-07-30 00:55:14,1,customer_changed_mind,48.12
RET002025,ORD0019462,1,PROD00462,SELL00191,CUST005831,2017-02-07 17:44:52,2,customer_changed_mind,258.46
RET002026,ORD0016653,2,PROD01452,SELL00201,CUST004206,2017-01-30 23:18:26,2,customer_changed_mind,116.64
RET002027,ORD0011124,1,PROD00236,SELL00366,CUST003851,2017-01-21 21:32:21,2,customer_changed_mind,104.3
RET002028,ORD0013657,1,PROD00674,SELL00002,CUST007712,2017-08-17 17:54:49,1,customer_changed_mind,51.07
RET002029,ORD0002855,2,PROD01154,SELL00013,CUST003585,2018-08-29 01:36:27,1,customer_changed_mind,46.32
RET002030,ORD0000653,1,PROD01430,SELL00214,CUST005582,2017-04-04 01:21:55,2,customer_changed_mind,65.76
RET002031,ORD0014527,1,PROD00467,SELL00331,CUST001885,2018-09-15 02:55:36,1,customer_changed_mind,70.46
RET002032,ORD0005426,1,PROD01954,SELL00222,CUST009663,2018-07-04 23:44:00,4,customer_changed_mind,1160.72
RET002033,ORD0008150,1,PROD00636,SELL00375,CUST006668,2017-10-31 22:14:40,4,customer_changed_mind,492.52
RET002034,ORD0007961,1,PROD00605,SELL00152,CUST001841,2017-03-04 13:12:01,2,customer_changed_mind,75.76
RET002035,ORD0001499,2,PROD00383,SELL00188,CUST009171,2017-12-14 15:05:01,1,customer_changed_mind,86.85
RET002036,ORD0006014,1,PROD00610,SELL00012,CUST008192,2018-05-08 21:38:18,1,customer_changed_mind,89.81
RET002037,ORD0019011,1,PROD00188,SELL00118,CUST005193,2017-04-12 12:27:46,1,customer_changed_mind,66.26
RET002038,ORD0009015,1,PROD00639,SELL00062,CUST001465,2018-01-30 03:19:39,1,customer_changed_mind,157.31
RET002039,ORD0013573,1,PROD00856,SELL00059,CUST007121,2017-09-09 02:59:35,2,customer_changed_mind,135.18
RET002040,ORD0013150,1,PROD00852,SELL00160,CUST005858,2017-12-24 21:43:47,1,customer_changed_mind,65.97
RET002041,ORD0022695,1,PROD01006,SELL00090,CUST009226,2018-08-22 16:02:32,1,customer_changed_mind,52.71
RET002042,ORD0000878,1,PROD01134,SELL00368,CUST000631,2017-07-21 15:24:56,1,customer_changed_mind,22.02
RET002043,ORD0015791,1,PROD01537,SELL00307,CUST007418,2018-01-23 17:00:39,1,customer_changed_mind,160.55
RET002044,ORD0008091,2,PROD00073,SELL00060,CUST003792,2017-02-12 14:01:54,2,customer_changed_mind,148.86
RET002045,ORD0021649,2,PROD01949,SELL00191,CUST007546,2018-01-13 14:49:12,2,customer_changed_mind,173.3
RET002046,ORD0011892,1,PROD01057,SELL00379,CUST001253,2017-06-17 03:54:02,1,customer_changed_mind,46.13
RET002047,ORD0014321,1,PROD01191,SELL00167,CUST006374,2017-05-16 06:48:43,1,customer_changed_mind,119.31
RET002048,ORD0006912,1,PROD01072,SELL00305,CUST005917,2017-09-02 20:31:33,1,customer_changed_mind,64.32
RET002049,ORD0009631,1,PROD00995,SELL00141,CUST000152,2017-06-26 20:05:29,1,customer_changed_mind,53.54
RET002050,ORD0005300,1,PROD00289,SELL00164,CUST000958,2018-08-27 01:19:38,1,customer_changed_mind,53.43
RET002051,ORD0005859,1,PROD00892,SELL00360,CUST001994,2018-04-29 08:50:05,1,customer_changed_mind,39.68
RET002052,ORD0000225,1,PROD00739,SELL00129,CUST002162,2017-11-19 01:26:17,1,customer_changed_mind,77.97
RET002053,ORD0008542,1,PROD01460,SELL00120,CUST008070,2018-01-14 01:25:19,2,customer_changed_mind,223.88
RET002054,ORD0020867,1,PROD00903,SELL00360,CUST003659,2017-05-09 11:50:06,1,customer_changed_mind,84.42
RET002055,ORD0014077,1,PROD00688,SELL00120,CUST004602,2018-01-02 01:43:04,2,customer_changed_mind,530.14
RET002056,ORD0005657,1,PROD01104,SELL00215,CUST003140,2017-10-21 05:14:53,1,customer_changed_mind,81.69
RET002057,ORD0008963,1,PROD00194,SELL00021,CUST001519,2018-02-07 14:10:46,1,customer_changed_mind,59.94
RET002058,ORD0003748,1,PROD01740,SELL00358,CUST004174,2018-06-09 20:03:00,1,customer_changed_mind,113.51
RET002059,ORD0019621,1,PROD01902,SELL00188,CUST005422,2018-08-24 03:47:02,1,customer_changed_mind,40.11
RET002060,ORD0011220,2,PROD01935,SELL00179,CUST000599,2017-01-22 23:03:22,4,customer_changed_mind,764.92
RET002061,ORD0023710,1,PROD01958,SELL00349,CUST005928,2018-05-22 10:00:30,2,customer_changed_mind,179.54
RET002062,ORD0020404,1,PROD01382,SELL00382,CUST000424,2017-02-24 11:01:43,1,customer_changed_mind,101.39
RET002063,ORD0010591,1,PROD00413,SELL00351,CUST009908,2018-03-20 21:46:07,1,customer_changed_mind,61.39
RET002064,ORD0018271,3,PROD00167,SELL00122,CUST001469,2018-09-26 13:17:27,1,customer_changed_mind,99.07
RET002065,ORD0006319,1,PROD01144,SELL00381,CUST007248,2017-06-05 16:07:48,2,customer_changed_mind,280.3
RET002066,ORD0008616,1,PROD00256,SELL00384,CUST007638,2017-01-25 13:38:17,1,customer_changed_mind,69.75
RET002067,ORD0000682,1,PROD01159,SELL00084,CUST009639,2017-03-20 21:08:00,2,customer_changed_mind,141.72
RET002068,ORD0019142,1,PROD01569,SELL00197,CUST002431,2017-03-09 08:59:55,2,customer_changed_mind,87.12
RET002069,ORD0010574,1,PROD00844,SELL00263,CUST009423,2018-08-01 13:02:35,2,customer_changed_mind,507.02
RET002070,ORD0009681,1,PROD00385,SELL00242,CUST006339,2017-05-03 09:24:12,1,customer_changed_mind,64.8
RET002071,ORD0018315,1,PROD00562,SELL00200,CUST002437,2017-01-27 06:12:09,2,customer_changed_mind,367.56
RET002072,ORD0020113,2,PROD01424,SELL00201,CUST009443,2018-07-18 22:32:18,1,customer_changed_mind,121.26
RET002073,ORD0007809,1,PROD01201,SELL00269,CUST003667,2018-03-10 02:26:57,1,customer_changed_mind,22.88
RET002074,ORD0009933,1,PROD00689,SELL00216,CUST001612,2018-10-03 23:10:35,1,customer_changed_mind,92.99
RET002075,ORD0015158,1,PROD01478,SELL00245,CUST009738,2017-02-24 21:23:09,2,customer_changed_mind,542.96
RET002076,ORD0015703,1,PROD00388,SELL00197,CUST005013,2017-03-09 06:21:37,1,customer_changed_mind,108.53
RET002077,ORD0013746,1,PROD00306,SELL00007,CUST006304,2017-01-29 19:09:58,1,customer_changed_mind,238.33
RET002078,ORD0012108,4,PROD01457,SELL00192,CUST006175,2018-04-16 22:45:03,1,customer_changed_mind,143.92
RET002079,ORD0001226,1,PROD01193,SELL00041,CUST004329,2017-12-22 00:19:21,1,customer_changed_mind,62.24
RET002080,ORD0000888,1,PROD01085,SELL00199,CUST007069,2017-02-05 02:29:40,1,customer_changed_mind,86.96
RET002081,ORD0018945,1,PROD00027,SELL00198,CUST005481,2017-06-12 14:39:18,2,customer_changed_mind,295.48
RET002082,ORD0012819,1,PROD00406,SELL00071,CUST001289,2017-01-18 08:11:54,1,customer_changed_mind,415.02
RET002083,ORD0016705,1,PROD01737,SELL00249,CUST001746,2018-01-04 02:33:57,1,customer_changed_mind,26.45
RET002084,ORD0023066,1,PROD00572,SELL00161,CUST007604,2018-06-29 14:52:57,1,customer_changed_mind,106.36
RET002085,ORD0016296,1,PROD00038,SELL00053,CUST001753,2018-01-29 04:16:42,3,customer_changed_mind,154.65
RET002086,ORD0008625,2,PROD01715,SELL00292,CUST006988,2017-10-07 11:39:51,1,customer_changed_mind,152.35
RET002087,ORD0001451,1,PROD01411,SELL00135,CUST007955,2018-07-02 18:20:12,1,customer_changed_mind,66.07
RET002088,ORD0024507,1,PROD01928,SELL00115,CUST008430,2018-02-11 08:24:04,1,customer_changed_mind,113.57
RET002089,ORD0021039,1,PROD01940,SELL00116,CUST008601,2017-07-26 09:21:02,2,customer_changed_mind,240.4
RET002090,ORD0022040,1,PROD01205,SELL00079,CUST009072,2017-01-19 20:16:46,2,customer_changed_mind,31.64
RET002091,ORD0001643,2,PROD01084,SELL00387,CUST006918,2017-05-28 04:09:10,1,customer_changed_mind,17.96
RET002092,ORD0007356,1,PROD00869,SELL00202,CUST000468,2017-09-12 09:24:17,1,customer_changed_mind,61.66
RET002093,ORD0013202,1,PROD00276,SELL00396,CUST003750,2018-01-07 00:47:06,2,customer_changed_mind,92.46
RET002094,ORD0019737,2,PROD01872,SELL00299,CUST002549,2017-10-16 07:34:40,4,customer_changed_mind,375.76
RET002095,ORD0015948,1,PROD01088,SELL00003,CUST009364,2017-07-25 07:11:45,1,customer_changed_mind,89.42
RET002096,ORD0016409,1,PROD01292,SELL00369,CUST005019,2018-01-28 15:45:56,1,customer_changed_mind,19.97
RET002097,ORD0018586,1,PROD01557,SELL00276,CUST003031,2018-06-24 14:36:49,1,customer_changed_mind,30.44
RET002098,ORD0008164,2,PROD00050,SELL00120,CUST008621,2017-02-10 15:29:02,1,customer_changed_mind,135.0
RET002099,ORD0009790,1,PROD01446,SELL00121,CUST004083,2018-07-02 12:53:15,1,customer_changed_mind,144.95
RET002100,ORD0003334,2,PROD01131,SELL00002,CUST002914,2018-03-27 15:57:23,1,customer_changed_mind,49.0
RET002101,ORD0018161,1,PROD01654,SELL00247,CUST004636,2017-12-14 09:20:05,2,customer_changed_mind,611.48
RET002102,ORD0016752,2,PROD01066,SELL00081,CUST002769,2017-12-28 07:56:41,1,customer_changed_mind,19.47
RET002103,ORD0007330,1,PROD01241,SELL00031,CUST008985,2017-12-24 16:16:48,1,customer_changed_mind,148.55
RET002104,ORD0013011,2,PROD01972,SELL00357,CUST000622,2018-08-25 17:52:02,2,customer_changed_mind,205.02
RET002105,ORD0011395,2,PROD00318,SELL00128,CUST002735,2018-03-08 16:48:46,1,customer_changed_mind,33.13
RET002106,ORD0011305,1,PROD01865,SELL00232,CUST004629,2017-10-21 19:18:07,1,customer_changed_mind,237.8
RET002107,ORD0022699,1,PROD01965,SELL00263,CUST009560,2017-02-15 08:00:17,1,customer_changed_mind,192.56
RET002108,ORD0002715,1,PROD00301,SELL00050,CUST004318,2017-09-08 09:25:52,1,customer_changed_mind,40.18
RET002109,ORD0009402,1,PROD01561,SELL00054,CUST004267,2017-03-03 04:00:33,2,customer_changed_mind,673.52
RET002110,ORD0000279,2,PROD00792,SELL00026,CUST005731,2017-12-25 23:34:12,1,customer_changed_mind,88.64
RET002111,ORD0011609,1,PROD01269,SELL00076,CUST004654,2018-09-04 23:51:16,1,customer_changed_mind,69.88
RET002112,ORD0024122,1,PROD01522,SELL00344,CUST002493,2018-01-21 13:28:49,1,customer_changed_mind,87.16
RET002113,ORD0000608,1,PROD00109,SELL00292,CUST009165,2017-04-01 11:48:21,2,customer_changed_mind,112.04
RET002114,ORD0004065,1,PROD01287,SELL00141,CUST005000,2018-09-07 18:32:43,2,customer_changed_mind,321.9
RET002115,ORD0001173,1,PROD00714,SELL00118,CUST008044,2018-03-30 09:36:49,1,customer_changed_mind,45.5
RET002116,ORD0016477,1,PROD01756,SELL00329,CUST001907,2017-08-07 23:33:24,1,customer_changed_mind,123.86
RET002117,ORD0024438,1,PROD00935,SELL00051,CUST006351,2017-08-16 12:46:58,1,customer_changed_mind,161.48
RET002118,ORD0008504,1,PROD01208,SELL00006,CUST008222,2017-09-08 00:19:29,1,customer_changed_mind,65.32
RET002119,ORD0014630,1,PROD00211,SELL00252,CUST002392,2017-04-11 21:35:53,1,customer_changed_mind,116.1
RET002120,ORD0015941,1,PROD00777,SELL00312,CUST008828,2018-03-01 15:43:55,2,customer_changed_mind,127.58
RET002121,ORD0021165,1,PROD01698,SELL00075,CUST007654,2018-07-12 00:31:27,1,customer_changed_mind,32.14
RET002122,ORD0004790,1,PROD00389,SELL00045,CUST004102,2017-05-02 01:02:15,1,customer_changed_mind,18.04
RET002123,ORD0015279,2,PROD00504,SELL00262,CUST009739,2017-05-16 15:59:07,1,customer_changed_mind,75.26
RET002124,ORD0000494,1,PROD00490,SELL00332,CUST009151,2017-01-15 16:10:16,2,customer_changed_mind,112.58
RET002125,ORD0011887,1,PROD01989,SELL00251,CUST007883,2017-11-20 06:11:11,4,customer_changed_mind,135.84
RET002126,ORD0013731,1,PROD01473,SELL00224,CUST004536,2017-02-25 00:42:26,1,customer_changed_mind,71.78
RET002127,ORD0005478,1,PROD01474,SELL00148,CUST009550,2017-12-17 04:01:37,1,customer_changed_mind,40.43
RET002128,ORD0024004,1,PROD01558,SELL00046,CUST000377,2018-06-28 14:34:04,3,customer_changed_mind,794.34
RET002129,ORD0024986,1,PROD00909,SELL00043,CUST000875,2018-09-06 23:49:00,1,customer_changed_mind,60.24
RET002130,ORD0023109,1,PROD00842,SELL00292,CUST006816,2017-05-22 14:44:27,1,customer_changed_mind,300.81
RET002131,ORD0007798,1,PROD01038,SELL00281,CUST009184,2017-11-17 03:11:45,2,customer_changed_mind,128.1
RET002132,ORD0014937,1,PROD00909,SELL00231,CUST000094,2017-03-06 20:50:37,2,customer_changed_mind,120.48
RET002133,ORD0019346,1,PROD01461,SELL00131,CUST008056,2017-09-10 13:11:27,1,customer_changed_mind,89.77
RET002134,ORD0003852,1,PROD01854,SELL00294,CUST006107,2018-08-29 05:10:49,1,customer_changed_mind,81.43
RET002135,ORD0013770,3,PROD00967,SELL00001,CUST001847,2017-04-28 05:27:02,1,customer_changed_mind,64.92
RET002136,ORD0001938,1,PROD00364,SELL00197,CUST003802,2018-01-13 13:17:13,1,customer_changed_mind,305.48
RET002137,ORD0006207,1,PROD00095,SELL00105,CUST000153,2017-06-29 08:40:55,2,customer_changed_mind,62.18
RET002138,ORD0003504,3,PROD01876,SELL00387,CUST000525,2017-07-01 14:51:18,2,customer_changed_mind,105.24
RET002139,ORD0016452,1,PROD00089,SELL00086,CUST008026,2017-01-19 04:20:38,2,customer_changed_mind,129.94
RET002140,ORD0011056,1,PROD01060,SELL00127,CUST002934,2017-02-04 04:38:58,1,customer_changed_mind,129.29
RET002141,ORD0005217,2,PROD00059,SELL00396,CUST008374,2017-08-30 17:56:24,2,customer_changed_mind,1313.8
RET002142,ORD0010056,1,PROD01321,SELL00185,CUST004354,2017-01-12 18:05:17,4,customer_changed_mind,111.92
RET002143,ORD0000966,1,PROD01127,SELL00210,CUST009352,2017-11-05 12:01:12,1,customer_changed_mind,37.68
RET002144,ORD0007459,1,PROD00486,SELL00101,CUST007733,2017-09-16 01:27:29,1,customer_changed_mind,32.02
RET002145,ORD0017089,2,PROD01378,SELL00290,CUST007899,2017-12-31 00:47:22,2,customer_changed_mind,693.92
RET002146,ORD0021420,1,PROD01239,SELL00034,CUST003207,2018-01-17 19:14:44,3,customer_changed_mind,526.41
RET002147,ORD0016717,1,PROD00299,SELL00001,CUST000434,2017-12-02 22:10:49,1,customer_changed_mind,72.78
RET002148,ORD0014360,1,PROD00833,SELL00376,CUST004555,2018-05-06 06:58:58,3,customer_changed_mind,74.61
RET002149,ORD0013749,1,PROD01455,SELL00119,CUST001577,2017-12-05 05:19:15,2,customer_changed_mind,190.96
RET002150,ORD0023383,2,PROD00065,SELL00339,CUST003190,2018-05-21 02:23:56,1,customer_changed_mind,39.13
RET002151,ORD0010079,1,PROD00631,SELL00339,CUST007624,2018-08-27 11:31:09,2,customer_changed_mind,223.64
RET002152,ORD0008145,1,PROD01852,SELL00168,CUST000033,2018-07-01 06:08:04,1,customer_changed_mind,196.29
RET002153,ORD0007221,1,PROD01949,SELL00394,CUST002363,2017-12-20 10:13:18,2,customer_changed_mind,173.3
RET002154,ORD0007218,1,PROD01908,SELL00295,CUST000060,2017-01-20 23:47:52,1,customer_changed_mind,56.47
RET002155,ORD0016065,1,PROD00998,SELL00196,CUST000153,2018-03-20 00:54:47,1,customer_changed_mind,219.62
RET002156,ORD0017344,1,PROD00164,SELL00315,CUST004414,2017-12-07 17:38:25,4,customer_changed_mind,186.52
RET002157,ORD0016620,1,PROD00124,SELL00131,CUST002602,2018-05-22 13:46:23,1,customer_changed_mind,40.97
RET002158,ORD0023805,2,PROD00263,SELL00062,CUST008186,2017-09-24 20:22:57,1,customer_changed_mind,32.53
RET002159,ORD0012893,3,PROD01070,SELL00091,CUST006087,2017-12-06 03:39:25,1,customer_changed_mind,141.26
RET002160,ORD0003624,1,PROD00780,SELL00025,CUST004927,2018-01-29 03:05:47,1,customer_changed_mind,48.5
RET002161,ORD0009267,4,PROD00395,SELL00043,CUST001263,2017-09-09 23:53:44,1,customer_changed_mind,86.87
RET002162,ORD0020811,1,PROD01941,SELL00252,CUST001460,2017-10-27 21:30:06,2,customer_changed_mind,552.54
RET002163,ORD0013927,1,PROD01339,SELL00186,CUST008214,2017-05-08 11:18:49,1,customer_changed_mind,74.75
RET002164,ORD0017169,1,PROD00553,SELL00183,CUST007345,2017-08-15 15:58:50,1,customer_changed_mind,26.84
RET002165,ORD0012446,1,PROD01562,SELL00110,CUST001929,2017-12-25 21:20:34,1,customer_changed_mind,195.53
RET002166,ORD0006474,1,PROD00707,SELL00054,CUST001711,2017-03-14 23:24:09,1,customer_changed_mind,123.34
RET002167,ORD0000678,1,PROD01601,SELL00247,CUST004676,2018-08-26 05:48:15,1,customer_changed_mind,520.72
RET002168,ORD0010658,1,PROD00904,SELL00371,CUST004383,2018-06-25 00:50:57,3,customer_changed_mind,324.09
RET002169,ORD0019053,2,PROD01799,SELL00278,CUST002321,2018-07-18 19:14:46,1,customer_changed_mind,119.82
RET002170,ORD0014508,1,PROD01890,SELL00210,CUST009533,2018-07-17 21:42:11,1,customer_changed_mind,281.68
RET002171,ORD0009093,2,PROD01186,SELL00297,CUST001305,2017-02-05 11:14:34,3,customer_changed_mind,497.01
RET002172,ORD0012704,1,PROD01660,SELL00069,CUST000691,2018-08-05 11:09:28,2,customer_changed_mind,30.12
RET002173,ORD0001832,3,PROD01538,SELL00033,CUST004855,2018-05-15 19:19:52,2,customer_changed_mind,86.34
RET002174,ORD0007641,1,PROD01444,SELL00244,CUST006353,2017-03-02 13:57:42,1,customer_changed_mind,29.7
RET002175,ORD0004252,1,PROD00423,SELL00329,CUST003478,2017-01-29 10:01:26,3,customer_changed_mind,666.12
RET002176,ORD0003814,3,PROD01693,SELL00290,CUST004686,2018-05-08 12:56:27,1,customer_changed_mind,434.05
RET002177,ORD0021091,1,PROD01874,SELL00035,CUST007107,2017-11-13 19:57:44,1,customer_changed_mind,86.15
RET002178,ORD0003622,1,PROD01654,SELL00379,CUST009319,2017-02-26 20:11:47,1,customer_changed_mind,305.74
RET002179,ORD0006962,1,PROD00812,SELL00036,CUST000507,2017-05-11 07:01:07,1,customer_changed_mind,172.26
RET002180,ORD0020411,2,PROD00371,SELL00121,CUST006155,2017-08-05 01:08:22,1,customer_changed_mind,74.66
RET002181,ORD0004735,1,PROD01515,SELL00377,CUST002757,2017-03-20 20:45:27,1,customer_changed_mind,19.34
RET002182,ORD0012140,1,PROD01739,SELL00333,CUST003433,2018-02-07 17:07:50,1,customer_changed_mind,30.04
RET002183,ORD0015790,1,PROD00059,SELL00081,CUST001452,2017-04-22 19:28:18,1,customer_changed_mind,656.9
RET002184,ORD0003304,1,PROD00992,SELL00144,CUST005924,2017-04-02 01:15:04,1,customer_changed_mind,81.0
RET002185,ORD0017861,1,PROD00350,SELL00115,CUST007167,2017-05-04 09:48:20,1,customer_changed_mind,107.31
RET002186,ORD0024758,1,PROD01364,SELL00017,CUST007733,2018-06-15 20:59:35,1,customer_changed_mind,31.46
RET002187,ORD0008673,1,PROD01107,SELL00121,CUST006497,2018-03-09 14:13:32,1,customer_changed_mind,67.03
RET002188,ORD0000104,1,PROD00942,SELL00040,CUST005803,2017-03-26 18:23:24,1,customer_changed_mind,162.89
RET002189,ORD0005107,2,PROD00018,SELL00186,CUST008509,2018-03-15 15:09:32,1,customer_changed_mind,237.87
RET002190,ORD0018725,1,PROD00986,SELL00026,CUST005503,2017-09-04 01:41:11,1,customer_changed_mind,194.25
RET002191,ORD0010126,1,PROD01744,SELL00311,CUST002038,2017-05-02 15:12:16,1,customer_changed_mind,84.65
RET002192,ORD0003052,1,PROD01967,SELL00321,CUST002829,2018-07-14 14:23:48,4,customer_changed_mind,281.84
RET002193,ORD0020670,1,PROD01744,SELL00100,CUST000271,2017-05-20 11:16:29,1,customer_changed_mind,84.65
RET002194,ORD0008287,1,PROD01752,SELL00362,CUST005366,2017-12-20 06:13:08,1,customer_changed_mind,422.86
RET002195,ORD0006633,1,PROD01916,SELL00240,CUST007440,2017-12-30 20:02:20,1,customer_changed_mind,119.3
RET002196,ORD0005031,1,PROD01293,SELL00091,CUST007780,2018-09-11 09:02:26,1,customer_changed_mind,41.12
RET002197,ORD0000520,1,PROD01416,SELL00186,CUST001252,2017-05-11 22:15:40,1,customer_changed_mind,62.82
RET002198,ORD0020950,1,PROD00046,SELL00182,CUST007796,2017-07-14 19:10:45,1,customer_changed_mind,83.9
RET002199,ORD0014680,1,PROD01173,SELL00335,CUST000683,2017-11-09 03:29:51,2,customer_changed_mind,242.04
RET002200,ORD0016177,1,PROD00138,SELL00311,CUST009385,2017-10-16 11:57:35,1,customer_changed_mind,90.99
RET002201,ORD0022062,1,PROD01519,SELL00206,CUST008533,2017-03-09 20:57:22,1,customer_changed_mind,216.06
RET002202,ORD0020439,1,PROD00195,SELL00166,CUST003107,2018-08-16 01:08:10,1,customer_changed_mind,121.11
RET002203,ORD0005184,2,PROD00114,SELL00322,CUST001636,2018-03-21 21:45:59,1,customer_changed_mind,45.41
RET002204,ORD0024264,1,PROD01457,SELL00342,CUST006010,2017-11-11 02:10:00,2,customer_changed_mind,287.84
RET002205,ORD0004221,3,PROD00311,SELL00384,CUST006223,2018-03-20 09:19:25,2,customer_changed_mind,59.28
RET002206,ORD0001794,1,PROD01229,SELL00198,CUST008845,2017-01-15 20:49:01,2,customer_changed_mind,201.04
RET002207,ORD0022948,1,PROD00239,SELL00104,CUST007062,2018-06-28 15:58:54,1,customer_changed_mind,14.78
RET002208,ORD0003107,1,PROD01871,SELL00038,CUST005488,2017-09-01 20:36:05,1,customer_changed_mind,211.18
RET002209,ORD0015797,1,PROD00832,SELL00211,CUST007693,2018-08-05 08:40:18,3,customer_changed_mind,130.5
RET002210,ORD0016049,2,PROD00824,SELL00237,CUST007791,2017-10-28 08:33:04,1,customer_changed_mind,183.47
RET002211,ORD0007599,3,PROD01185,SELL00359,CUST008130,2017-08-07 09:44:50,1,customer_changed_mind,118.25
RET002212,ORD0006009,1,PROD00914,SELL00207,CUST009342,2018-10-02 13:04:51,1,customer_changed_mind,165.91
RET002213,ORD0005186,1,PROD01806,SELL00145,CUST000421,2017-08-12 07:10:01,3,customer_changed_mind,968.1
RET002214,ORD0020849,1,PROD01526,SELL00074,CUST009368,2018-04-29 05:29:05,1,customer_changed_mind,14.36
RET002215,ORD0010094,1,PROD01811,SELL00144,CUST000735,2018-04-22 00:18:21,1,customer_changed_mind,94.72
RET002216,ORD0019166,1,PROD01049,SELL00345,CUST000717,2017-06-15 16:21:13,1,customer_changed_mind,90.57
RET002217,ORD0010213,1,PROD01685,SELL00328,CUST001871,2017-11-02 08:43:15,1,customer_changed_mind,23.14
RET002218,ORD0006379,1,PROD01044,SELL00119,CUST008017,2018-09-11 14:31:16,1,customer_changed_mind,68.44
RET002219,ORD0019344,3,PROD01839,SELL00362,CUST002752,2017-03-28 11:50:57,1,customer_changed_mind,67.03
RET002220,ORD0013387,1,PROD00926,SELL00151,CUST001251,2018-08-08 15:19:35,5,customer_changed_mind,82.8
RET002221,ORD0011827,1,PROD01312,SELL00252,CUST009559,2018-04-09 01:44:39,3,customer_changed_mind,196.11
RET002222,ORD0004108,1,PROD01798,SELL00218,CUST001026,2017-04-11 14:33:03,1,customer_changed_mind,22.47
RET002223,ORD0016314,1,PROD00741,SELL00182,CUST007153,2017-12-15 23:35:32,1,customer_changed_mind,125.36
RET002224,ORD0022686,1,PROD01147,SELL00362,CUST002514,2017-10-30 17:50:43,2,customer_changed_mind,28.62
RET002225,ORD0004412,1,PROD00154,SELL00213,CUST003004,2017-09-22 18:10:58,1,customer_changed_mind,124.84
RET002226,ORD0024147,4,PROD00526,SELL00233,CUST006032,2018-03-07 19:04:00,2,customer_changed_mind,120.68
RET002227,ORD0021066,1,PROD01410,SELL00212,CUST005585,2017-09-13 19:05:49,1,customer_changed_mind,21.68
RET002228,ORD0012772,1,PROD01233,SELL00390,CUST001185,2017-02-08 00:42:57,1,customer_changed_mind,161.52
RET002229,ORD0016968,1,PROD01426,SELL00232,CUST003918,2017-08-30 06:36:44,2,customer_changed_mind,582.2
RET002230,ORD0012811,1,PROD00795,SELL00219,CUST006448,2018-09-28 06:42:02,1,customer_changed_mind,59.85
RET002231,ORD0003289,1,PROD01464,SELL00307,CUST001749,2017-09-02 07:24:46,1,customer_changed_mind,359.74
RET002232,ORD0020615,1,PROD01313,SELL00143,CUST002555,2018-10-05 06:11:46,1,customer_changed_mind,110.16
RET002233,ORD0004302,1,PROD00445,SELL00067,CUST002639,2018-09-06 04:12:05,1,customer_changed_mind,22.0
RET002234,ORD0010869,1,PROD01621,SELL00370,CUST005061,2017-11-22 05:34:35,1,customer_changed_mind,28.19
RET002235,ORD0015553,2,PROD00035,SELL00013,CUST008751,2018-01-07 16:16:15,2,customer_changed_mind,124.02
RET002236,ORD0017046,3,PROD00311,SELL00024,CUST006441,2017-06-28 23:17:46,1,customer_changed_mind,29.64
RET002237,ORD0000353,1,PROD01068,SELL00147,CUST009979,2017-02-11 14:14:34,3,customer_changed_mind,252.0
RET002238,ORD0001506,1,PROD01196,SELL00101,CUST002008,2017-10-26 23:28:59,1,customer_changed_mind,223.93
RET002239,ORD0018548,1,PROD00214,SELL00056,CUST003760,2018-01-21 05:09:55,2,customer_changed_mind,113.96
RET002240,ORD0018097,2,PROD00971,SELL00118,CUST007395,2018-06-29 12:49:29,1,customer_changed_mind,205.08
RET002241,ORD0008280,1,PROD01188,SELL00197,CUST005208,2017-05-24 17:03:39,1,customer_changed_mind,55.04
RET002242,ORD0001852,1,PROD00280,SELL00123,CUST002613,2017-08-29 23:16:32,1,customer_changed_mind,52.58
RET002243,ORD0023299,1,PROD00394,SELL00133,CUST002266,2018-08-19 20:06:14,1,customer_changed_mind,30.61
RET002244,ORD0016884,1,PROD01741,SELL00129,CUST005306,2017-04-30 16:09:00,1,customer_changed_mind,375.51
RET002245,ORD0016515,2,PROD00758,SELL00365,CUST000191,2017-11-16 19:22:27,3,customer_changed_mind,426.09
RET002246,ORD0013410,2,PROD01261,SELL00265,CUST001897,2017-10-02 12:10:06,2,customer_changed_mind,380.42
RET002247,ORD0021878,1,PROD01435,SELL00193,CUST007713,2018-05-01 14:22:29,1,customer_changed_mind,44.48
RET002248,ORD0022116,1,PROD01512,SELL00196,CUST000892,2017-05-17 06:00:24,1,customer_changed_mind,35.45
RET002249,ORD0004062,2,PROD01863,SELL00209,CUST009755,2017-12-16 13:36:29,1,customer_changed_mind,31.72
RET002250,ORD0006068,1,PROD01895,SELL00221,CUST005504,2018-02-16 06:57:24,2,customer_changed_mind,91.86
RET002251,ORD0007730,1,PROD00027,SELL00321,CUST009783,2017-09-22 10:13:56,1,customer_changed_mind,147.74
RET002252,ORD0024373,1,PROD00359,SELL00250,CUST002502,2018-07-25 04:33:07,3,customer_changed_mind,435.21
RET002253,ORD0022575,1,PROD01702,SELL00396,CUST002940,2018-04-14 23:44:04,5,customer_changed_mind,264.95
RET002254,ORD0015213,1,PROD01354,SELL00284,CUST009546,2017-02-13 12:21:02,1,customer_changed_mind,99.59
RET002255,ORD0011893,1,PROD00933,SELL00203,CUST000198,2018-05-02 17:01:59,1,customer_changed_mind,69.69
RET002256,ORD0008380,1,PROD01066,SELL00158,CUST000047,2018-07-08 23:29:44,2,customer_changed_mind,38.94
RET002257,ORD0024447,1,PROD01210,SELL00100,CUST007940,2018-04-16 17:51:26,1,customer_changed_mind,32.26
RET002258,ORD0000005,1,PROD01302,SELL00187,CUST004742,2017-03-25 13:30:32,3,customer_changed_mind,128.1
RET002259,ORD0019635,2,PROD00157,SELL00274,CUST008378,2018-09-15 01:33:49,1,customer_changed_mind,91.65
RET002260,ORD0009051,1,PROD00239,SELL00256,CUST008571,2018-02-09 13:23:17,1,customer_changed_mind,14.78
RET002261,ORD0020522,1,PROD00906,SELL00342,CUST001576,2017-11-20 01:52:32,3,customer_changed_mind,57.96
RET002262,ORD0006107,1,PROD00279,SELL00328,CUST008407,2017-03-12 17:34:07,2,customer_changed_mind,349.72
RET002263,ORD0004773,2,PROD01665,SELL00165,CUST005163,2018-08-10 04:44:43,1,customer_changed_mind,127.18
RET002264,ORD0023461,1,PROD00694,SELL00095,CUST003739,2017-11-09 19:25:47,1,customer_changed_mind,53.68
RET002265,ORD0012206,1,PROD00024,SELL00333,CUST005344,2018-08-23 12:43:34,1,customer_changed_mind,31.52
RET002266,ORD0001899,1,PROD00675,SELL00175,CUST001664,2017-07-08 03:44:51,1,customer_changed_mind,15.34
RET002267,ORD0014101,2,PROD00405,SELL00395,CUST008655,2018-10-01 14:46:08,1,customer_changed_mind,118.84
RET002268,ORD0002729,1,PROD01244,SELL00123,CUST004295,2018-06-14 08:25:27,1,customer_changed_mind,263.62
RET002269,ORD0022491,1,PROD01181,SELL00342,CUST008607,2017-07-31 09:22:11,2,customer_changed_mind,47.98
RET002270,ORD0011619,1,PROD01843,SELL00376,CUST007692,2018-01-19 21:32:05,1,customer_changed_mind,44.8
RET002271,ORD0007167,1,PROD01532,SELL00199,CUST005101,2018-04-16 04:17:37,2,customer_changed_mind,54.7
RET002272,ORD0005059,1,PROD01425,SELL00113,CUST008998,2018-08-15 08:35:04,2,customer_changed_mind,111.36
RET002273,ORD0016230,2,PROD00407,SELL00371,CUST007022,2017-02-19 16:03:07,1,customer_changed_mind,32.94
RET002274,ORD0012730,1,PROD00724,SELL00265,CUST009151,2017-08-25 08:32:07,2,customer_changed_mind,276.92
RET002275,ORD0008927,1,PROD00779,SELL00198,CUST002485,2017-08-02 12:48:43,2,customer_changed_mind,957.94
RET002276,ORD0024398,2,PROD01298,SELL00382,CUST007772,2018-01-21 20:48:46,1,customer_changed_mind,97.02
RET002277,ORD0012122,1,PROD01604,SELL00090,CUST008549,2017-11-26 05:55:06,1,customer_changed_mind,103.22
RET002278,ORD0009880,1,PROD01971,SELL00093,CUST008252,2018-01-16 08:59:46,1,customer_changed_mind,78.55
RET002279,ORD0022319,2,PROD01354,SELL00085,CUST000026,2017-04-27 12:02:30,1,customer_changed_mind,99.59
RET002280,ORD0015762,1,PROD01141,SELL00009,CUST009099,2017-03-16 07:20:32,2,customer_changed_mind,245.12
RET002281,ORD0007154,1,PROD00959,SELL00227,CUST001442,2018-05-03 17:20:11,2,customer_changed_mind,84.12
RET002282,ORD0023737,2,PROD01423,SELL00189,CUST008270,2017-09-26 03:17:45,4,customer_changed_mind,811.4
RET002283,ORD0015859,2,PROD00990,SELL00279,CUST009124,2017-10-19 10:39:53,2,customer_changed_mind,109.6
RET002284,ORD0000699,1,PROD00004,SELL00160,CUST009386,2018-01-16 00:44:20,1,customer_changed_mind,47.02
RET002285,ORD0011624,1,PROD01972,SELL00005,CUST009210,2018-08-22 07:09:23,1,customer_changed_mind,102.51
RET002286,ORD0019750,1,PROD01442,SELL00382,CUST003828,2018-03-27 15:29:49,1,customer_changed_mind,46.62
RET002287,ORD0018202,1,PROD01844,SELL00231,CUST002371,2017-09-30 07:08:15,1,customer_changed_mind,122.62
RET002288,ORD0020243,2,PROD01817,SELL00221,CUST004218,2018-07-03 23:36:24,1,customer_changed_mind,69.48
RET002289,ORD0000803,3,PROD00260,SELL00138,CUST008385,2017-06-18 23:37:31,1,customer_changed_mind,273.98
RET002290,ORD0016281,1,PROD01850,SELL00354,CUST004725,2017-03-07 08:59:48,1,customer_changed_mind,33.21
RET002291,ORD0016333,1,PROD00518,SELL00236,CUST003194,2017-10-09 12:48:08,3,customer_changed_mind,787.29
RET002292,ORD0006677,1,PROD00881,SELL00247,CUST006577,2017-05-22 15:19:28,2,customer_changed_mind,75.98
RET002293,ORD0019563,1,PROD01060,SELL00290,CUST007577,2017-05-28 08:50:45,1,customer_changed_mind,129.29
RET002294,ORD0013355,1,PROD01317,SELL00127,CUST009972,2018-05-09 21:56:23,1,customer_changed_mind,379.34
RET002295,ORD0002316,1,PROD00316,SELL00029,CUST000013,2018-04-24 05:44:03,1,customer_changed_mind,331.5
RET002296,ORD0016331,4,PROD01058,SELL00320,CUST007134,2017-09-30 17:53:56,1,customer_changed_mind,238.57
RET002297,ORD0010093,1,PROD01228,SELL00124,CUST006435,2018-09-30 17:58:49,1,customer_changed_mind,142.95
RET002298,ORD0015325,1,PROD00507,SELL00285,CUST006462,2017-05-26 10:02:50,1,customer_changed_mind,31.55
RET002299,ORD0010849,1,PROD01012,SELL00335,CUST004170,2018-08-16 22:26:20,1,customer_changed_mind,219.26
RET002300,ORD0018201,1,PROD01234,SELL00382,CUST009209,2017-08-20 01:33:58,1,customer_changed_mind,124.99
RET002301,ORD0012173,1,PROD01920,SELL00051,CUST005996,2017-08-29 15:09:20,1,customer_changed_mind,25.62
RET002302,ORD0009294,2,PROD01241,SELL00075,CUST001778,2018-06-22 07:45:33,1,customer_changed_mind,148.55
RET002303,ORD0016307,2,PROD00571,SELL00227,CUST008997,2017-04-03 11:26:56,2,customer_changed_mind,262.76
RET002304,ORD0010215,1,PROD01401,SELL00060,CUST009738,2018-07-20 22:30:13,1,customer_changed_mind,110.8
RET002305,ORD0012325,1,PROD00628,SELL00394,CUST002618,2017-04-15 05:29:49,1,customer_changed_mind,91.93
RET002306,ORD0016077,2,PROD01611,SELL00087,CUST000868,2017-01-05 15:16:06,1,customer_changed_mind,170.05
RET002307,ORD0012111,2,PROD01578,SELL00209,CUST001992,2017-10-19 01:49:35,2,customer_changed_mind,63.86
RET002308,ORD0012750,2,PROD00057,SELL00165,CUST003808,2018-05-01 04:00:09,1,customer_changed_mind,26.07
RET002309,ORD0002366,1,PROD01054,SELL00042,CUST009206,2017-09-30 18:15:19,1,customer_changed_mind,110.25
RET002310,ORD0015502,3,PROD01566,SELL00097,CUST001818,2018-05-25 15:06:52,2,customer_changed_mind,133.06
RET002311,ORD0015394,1,PROD01324,SELL00349,CUST008560,2018-01-06 16:42:25,4,customer_changed_mind,419.48
RET002312,ORD0022018,4,PROD01676,SELL00307,CUST008314,2018-01-11 23:21:56,2,customer_changed_mind,269.96
RET002313,ORD0014904,1,PROD01314,SELL00374,CUST005254,2017-12-22 22:45:16,2,customer_changed_mind,409.64
RET002314,ORD0018458,1,PROD01283,SELL00212,CUST002477,2018-01-26 06:44:16,2,customer_changed_mind,155.68
RET002315,ORD0005626,2,PROD00269,SELL00366,CUST008561,2017-02-28 07:49:33,1,customer_changed_mind,66.26
RET002316,ORD0007065,1,PROD00544,SELL00386,CUST004835,2017-09-16 02:50:23,1,customer_changed_mind,155.49
RET002317,ORD0014204,1,PROD01764,SELL00269,CUST002611,2017-01-31 07:35:11,1,customer_changed_mind,93.25
RET002318,ORD0008926,1,PROD01276,SELL00299,CUST007780,2018-02-28 03:24:12,3,customer_changed_mind,293.76
RET002319,ORD0008744,2,PROD00523,SELL00079,CUST000523,2018-09-10 08:59:21,1,customer_changed_mind,56.63
RET002320,ORD0009650,2,PROD00165,SELL00067,CUST001471,2017-09-20 04:19:05,1,customer_changed_mind,78.36
RET002321,ORD0023501,1,PROD00713,SELL00199,CUST001978,2017-02-22 00:15:07,1,customer_changed_mind,40.53
RET002322,ORD0004050,1,PROD01830,SELL00280,CUST001570,2017-02-15 05:33:16,2,customer_changed_mind,124.1
RET002323,ORD0010744,1,PROD00292,SELL00005,CUST006661,2018-03-24 17:03:47,1,customer_changed_mind,164.45
RET002324,ORD0022670,2,PROD01089,SELL00344,CUST008069,2018-04-21 14:41:00,1,customer_changed_mind,55.07
RET002325,ORD0015014,1,PROD01284,SELL00058,CUST002433,2018-02-28 20:20:17,3,customer_changed_mind,465.03
RET002326,ORD0019715,1,PROD00368,SELL00187,CUST001629,2018-09-15 15:19:29,1,customer_changed_mind,199.74
RET002327,ORD0017980,2,PROD01103,SELL00113,CUST004870,2017-09-22 20:32:09,3,customer_changed_mind,216.39
RET002328,ORD0001095,1,PROD01194,SELL00321,CUST000159,2017-01-27 00:18:13,1,customer_changed_mind,62.47
RET002329,ORD0020634,1,PROD00294,SELL00053,CUST003159,2018-05-15 16:20:59,1,customer_changed_mind,247.56
RET002330,ORD0009573,2,PROD01295,SELL00146,CUST006397,2017-08-17 17:57:14,1,customer_changed_mind,144.0
RET002331,ORD0005573,2,PROD01218,SELL00243,CUST006464,2018-10-02 01:40:30,1,customer_changed_mind,32.07
RET002332,ORD0009936,1,PROD00288,SELL00134,CUST001927,2017-02-07 22:35:47,2,customer_changed_mind,89.76
RET002333,ORD0019305,2,PROD00515,SELL00071,CUST003167,2018-05-27 06:40:47,2,customer_changed_mind,118.5
RET002334,ORD0018723,1,PROD00654,SELL00335,CUST003135,2018-07-13 19:39:31,2,customer_changed_mind,314.22
RET002335,ORD0015232,1,PROD01200,SELL00177,CUST004835,2018-03-30 11:05:10,2,customer_changed_mind,310.24
RET002336,ORD0005886,1,PROD00662,SELL00157,CUST004592,2017-11-11 15:58:17,1,customer_changed_mind,115.23
RET002337,ORD0020809,1,PROD01829,SELL00371,CUST004885,2017-04-29 21:15:16,2,customer_changed_mind,38.42
RET002338,ORD0018537,1,PROD00761,SELL00087,CUST006238,2017-05-17 15:37:41,1,customer_changed_mind,141.03
RET002339,ORD0001828,1,PROD01036,SELL00369,CUST000339,2018-06-07 02:00:03,2,customer_changed_mind,84.78
RET002340,ORD0024217,3,PROD00272,SELL00058,CUST007798,2018-09-08 17:37:54,4,customer_changed_mind,334.6
RET002341,ORD0013903,1,PROD00454,SELL00157,CUST006548,2018-06-23 21:50:39,1,customer_changed_mind,83.11
RET002342,ORD0023054,1,PROD01226,SELL00307,CUST002447,2018-04-28 00:45:49,1,customer_changed_mind,232.76
RET002343,ORD0013105,1,PROD01626,SELL00340,CUST008893,2017-03-10 02:33:04,3,customer_changed_mind,262.71
RET002344,ORD0013195,1,PROD01586,SELL00030,CUST007124,2017-11-25 15:20:49,3,customer_changed_mind,231.81
RET002345,ORD0012396,1,PROD01799,SELL00200,CUST009744,2018-09-03 22:05:26,2,customer_changed_mind,239.64
RET002346,ORD0018596,1,PROD00695,SELL00029,CUST001526,2018-04-24 08:32:36,1,customer_changed_mind,21.73
RET002347,ORD0023602,1,PROD00413,SELL00103,CUST000713,2018-01-02 16:10:02,2,customer_changed_mind,122.78
RET002348,ORD0010930,1,PROD01558,SELL00278,CUST007599,2017-05-23 05:44:00,3,customer_changed_mind,794.34
RET002349,ORD0016771,1,PROD01803,SELL00331,CUST003384,2017-08-04 17:27:31,1,customer_changed_mind,18.83
RET002350,ORD0024889,1,PROD00623,SELL00134,CUST002541,2018-08-06 18:03:19,1,customer_changed_mind,157.56
RET002351,ORD0011830,1,PROD01177,SELL00232,CUST003588,2018-03-18 19:48:45,1,customer_changed_mind,59.41
RET002352,ORD0009427,1,PROD01596,SELL00116,CUST002288,2018-03-14 15:30:30,1,customer_changed_mind,90.56
RET002353,ORD0014657,1,PROD01803,SELL00120,CUST008869,2017-06-22 01:55:51,2,customer_changed_mind,37.66
RET002354,ORD0007536,2,PROD01422,SELL00097,CUST004922,2017-02-12 06:06:11,1,customer_changed_mind,173.15
RET002355,ORD0024835,1,PROD00639,SELL00045,CUST007315,2017-01-30 06:15:35,4,customer_changed_mind,629.24
RET002356,ORD0013288,2,PROD01190,SELL00134,CUST008261,2018-01-14 20:12:48,1,customer_changed_mind,137.81
RET002357,ORD0008220,1,PROD00816,SELL00393,CUST008126,2018-07-21 01:30:30,1,customer_changed_mind,77.23
RET002358,ORD0021782,1,PROD00080,SELL00084,CUST001099,2017-11-24 17:14:52,1,customer_changed_mind,42.59
RET002359,ORD0021750,1,PROD00560,SELL00044,CUST007191,2017-11-24 23:33:19,1,customer_changed_mind,251.16
RET002360,ORD0016789,1,PROD00954,SELL00221,CUST002947,2018-06-18 04:48:40,1,customer_changed_mind,97.72
RET002361,ORD0020502,2,PROD01716,SELL00343,CUST008849,2018-02-09 02:42:32,1,customer_changed_mind,282.59
RET002362,ORD0013030,1,PROD01795,SELL00070,CUST006893,2017-07-20 01:29:24,1,customer_changed_mind,100.88
RET002363,ORD0019979,1,PROD00667,SELL00074,CUST007950,2017-12-31 16:48:29,1,customer_changed_mind,31.44
RET002364,ORD0002246,1,PROD01374,SELL00069,CUST001634,2018-07-12 07:37:29,1,customer_changed_mind,34.48
RET002365,ORD0004679,1,PROD00095,SELL00199,CUST007356,2018-09-17 06:47:18,2,customer_changed_mind,62.18
RET002366,ORD0000694,2,PROD01504,SELL00198,CUST001334,2018-01-07 06:02:47,2,customer_changed_mind,106.46
RET002367,ORD0013963,1,PROD00193,SELL00303,CUST007619,2018-03-02 01:49:42,2,customer_changed_mind,138.44
RET002368,ORD0019476,1,PROD00380,SELL00067,CUST002911,2017-03-26 02:46:40,1,customer_changed_mind,140.16
RET002369,ORD0006505,2,PROD00400,SELL00164,CUST003801,2018-09-20 16:01:55,2,customer_changed_mind,96.24
RET002370,ORD0012667,1,PROD00243,SELL00132,CUST003315,2017-05-22 10:05:29,2,customer_changed_mind,180.14
RET002371,ORD0009179,1,PROD00048,SELL00130,CUST001016,2018-04-19 01:13:32,2,customer_changed_mind,247.3
RET002372,ORD0019478,2,PROD00671,SELL00283,CUST006825,2018-05-25 22:54:37,1,customer_changed_mind,183.21
RET002373,ORD0016033,1,PROD01560,SELL00391,CUST009972,2017-06-17 13:33:50,1,customer_changed_mind,30.49
RET002374,ORD0006739,1,PROD00481,SELL00028,CUST007321,2017-05-30 01:08:58,1,customer_changed_mind,69.62
RET002375,ORD0017486,2,PROD00538,SELL00085,CUST005804,2017-02-07 20:42:27,1,customer_changed_mind,81.17
RET002376,ORD0024589,1,PROD01927,SELL00088,CUST002729,2017-09-08 03:29:59,1,customer_changed_mind,220.93
RET002377,ORD0007251,1,PROD00360,SELL00164,CUST002126,2017-04-06 22:49:25,1,customer_changed_mind,120.65
RET002378,ORD0005315,1,PROD00927,SELL00056,CUST005125,2018-09-04 14:38:24,1,customer_changed_mind,82.45
RET002379,ORD0004046,3,PROD01005,SELL00159,CUST003836,2018-05-12 18:20:10,1,customer_changed_mind,43.22
RET002380,ORD0023494,1,PROD01968,SELL00362,CUST008061,2017-06-17 19:35:23,1,customer_changed_mind,62.41
RET002381,ORD0002810,1,PROD01615,SELL00151,CUST001443,2018-09-04 20:54:14,2,customer_changed_mind,243.4
RET002382,ORD0011290,2,PROD00546,SELL00255,CUST005580,2017-07-18 14:58:20,1,customer_changed_mind,38.81
RET002383,ORD0018807,1,PROD00514,SELL00119,CUST007903,2017-08-30 06:08:17,2,customer_changed_mind,156.94
RET002384,ORD0024875,1,PROD00805,SELL00066,CUST005013,2018-02-01 01:44:58,2,customer_changed_mind,368.1
RET002385,ORD0015878,1,PROD01122,SELL00030,CUST005856,2018-05-20 05:49:44,4,customer_changed_mind,84.44
RET002386,ORD0016618,1,PROD00470,SELL00356,CUST003713,2017-03-03 13:19:35,3,customer_changed_mind,109.56
RET002387,ORD0001721,1,PROD00693,SELL00107,CUST003390,2017-06-02 23:59:43,1,customer_changed_mind,78.6
RET002388,ORD0023398,1,PROD00665,SELL00270,CUST005689,2018-08-10 06:17:54,1,customer_changed_mind,38.37
RET002389,ORD0021836,1,PROD00010,SELL00013,CUST009636,2018-04-18 21:41:32,2,customer_changed_mind,310.04
RET002390,ORD0006013,1,PROD00428,SELL00160,CUST004507,2017-03-12 00:14:16,1,customer_changed_mind,86.43
RET002391,ORD0007925,1,PROD00837,SELL00152,CUST001807,2018-09-18 15:49:11,1,customer_changed_mind,83.12
RET002392,ORD0011563,1,PROD01327,SELL00119,CUST002531,2018-01-28 13:17:08,1,customer_changed_mind,58.09
RET002393,ORD0010586,1,PROD00975,SELL00123,CUST006335,2018-09-14 04:48:59,1,customer_changed_mind,30.87
RET002394,ORD0021082,1,PROD01689,SELL00030,CUST009482,2017-10-07 21:58:29,1,customer_changed_mind,313.1
RET002395,ORD0007973,1,PROD01772,SELL00248,CUST001431,2017-10-07 17:53:00,2,customer_changed_mind,425.6
RET002396,ORD0014404,1,PROD00948,SELL00354,CUST001411,2017-02-17 03:23:05,1,customer_changed_mind,19.38
RET002397,ORD0021640,1,PROD01733,SELL00319,CUST001782,2017-08-29 13:58:46,1,customer_changed_mind,45.84
RET002398,ORD0010883,1,PROD01872,SELL00142,CUST000634,2018-07-27 08:43:45,1,customer_changed_mind,93.94
RET002399,ORD0012210,1,PROD01654,SELL00033,CUST006685,2017-09-16 11:12:19,2,customer_changed_mind,611.48
RET002400,ORD0018022,2,PROD01545,SELL00082,CUST006984,2017-07-09 17:25:55,1,customer_changed_mind,76.64
RET002401,ORD0008488,1,PROD01901,SELL00126,CUST006901,2017-06-19 10:01:09,1,customer_changed_mind,51.6
RET002402,ORD0016649,2,PROD00424,SELL00173,CUST006175,2017-07-19 21:37:34,1,customer_changed_mind,44.32
RET002403,ORD0020169,1,PROD00919,SELL00084,CUST003879,2017-07-03 14:29:28,1,customer_changed_mind,66.23
RET002404,ORD0003982,1,PROD01507,SELL00140,CUST008517,2017-08-06 18:14:44,1,customer_changed_mind,142.74
RET002405,ORD0023330,1,PROD00233,SELL00335,CUST006126,2017-12-06 22:18:37,2,customer_changed_mind,341.16
RET002406,ORD0012832,1,PROD00460,SELL00118,CUST005290,2017-08-08 03:20:19,1,customer_changed_mind,117.29
RET002407,ORD0004472,1,PROD00135,SELL00053,CUST008091,2017-01-15 00:19:23,1,customer_changed_mind,72.91
RET002408,ORD0015125,1,PROD01795,SELL00380,CUST009419,2018-03-05 08:00:35,1,customer_changed_mind,100.88
RET002409,ORD0006832,1,PROD00328,SELL00073,CUST009394,2018-07-24 21:00:49,1,customer_changed_mind,67.51
RET002410,ORD0014831,1,PROD00775,SELL00122,CUST006291,2018-10-04 05:23:05,1,customer_changed_mind,171.04
RET002411,ORD0018879,3,PROD01306,SELL00023,CUST006624,2017-05-15 16:15:59,1,customer_changed_mind,191.11
RET002412,ORD0016433,1,PROD00768,SELL00342,CUST005282,2017-05-07 03:25:02,2,customer_changed_mind,195.78
RET002413,ORD0019271,1,PROD00721,SELL00261,CUST008325,2017-07-21 20:03:05,2,customer_changed_mind,167.94
RET002414,ORD0019230,1,PROD00280,SELL00397,CUST006626,2017-06-06 12:36:46,1,customer_changed_mind,52.58
RET002415,ORD0017891,1,PROD00019,SELL00032,CUST004042,2018-04-12 14:35:36,1,customer_changed_mind,106.12
RET002416,ORD0007533,1,PROD00691,SELL00266,CUST006853,2018-09-10 05:31:40,2,customer_changed_mind,595.94
RET002417,ORD0015810,1,PROD01546,SELL00213,CUST005820,2018-08-23 00:35:08,1,customer_changed_mind,227.43
RET002418,ORD0003739,1,PROD01350,SELL00378,CUST008295,2018-03-07 18:27:15,1,customer_changed_mind,733.61
RET002419,ORD0015530,2,PROD01666,SELL00176,CUST001761,2018-06-22 20:23:32,1,customer_changed_mind,37.17
RET002420,ORD0019670,2,PROD00602,SELL00339,CUST007299,2018-06-21 07:56:02,1,customer_changed_mind,53.18
RET002421,ORD0017328,1,PROD01791,SELL00114,CUST000937,2018-06-26 11:05:30,2,customer_changed_mind,597.36
RET002422,ORD0006747,3,PROD01695,SELL00111,CUST001169,2017-05-20 17:32:59,1,customer_changed_mind,93.29
RET002423,ORD0000621,1,PROD00253,SELL00181,CUST001271,2018-07-15 06:13:36,1,customer_changed_mind,445.12
RET002424,ORD0011985,1,PROD00947,SELL00149,CUST006644,2017-03-12 09:07:24,1,customer_changed_mind,14.07
RET002425,ORD0007828,1,PROD00737,SELL00137,CUST002865,2018-04-10 11:33:19,1,customer_changed_mind,42.3
RET002426,ORD0024764,1,PROD00846,SELL00062,CUST003070,2018-06-30 08:39:52,2,customer_changed_mind,29.86
RET002427,ORD0010496,1,PROD01424,SELL00112,CUST004963,2017-12-20 03:29:53,1,customer_changed_mind,121.26
RET002428,ORD0002916,1,PROD01365,SELL00349,CUST009305,2017-05-07 07:07:25,4,customer_changed_mind,857.24
RET002429,ORD0003661,1,PROD00346,SELL00122,CUST005227,2018-07-26 08:43:51,2,customer_changed_mind,117.96
RET002430,ORD0003448,2,PROD01326,SELL00228,CUST001220,2018-01-06 08:27:03,2,customer_changed_mind,221.38
RET002431,ORD0006021,1,PROD01618,SELL00170,CUST000620,2018-02-16 07:45:35,2,customer_changed_mind,84.0
RET002432,ORD0014343,1,PROD00025,SELL00020,CUST006312,2017-03-16 01:52:26,3,customer_changed_mind,455.91
RET002433,ORD0010771,3,PROD00594,SELL00312,CUST008938,2017-09-06 02:04:36,1,customer_changed_mind,58.72
RET002434,ORD0013104,2,PROD00427,SELL00179,CUST001582,2017-02-03 16:07:42,1,customer_changed_mind,31.92
RET002435,ORD0000557,1,PROD01942,SELL00012,CUST006023,2017-07-12 08:34:36,3,customer_changed_mind,235.56
RET002436,ORD0008414,1,PROD00043,SELL00208,CUST007002,2018-05-06 12:55:54,3,customer_changed_mind,64.92
RET002437,ORD0024250,1,PROD00257,SELL00339,CUST009549,2018-06-09 04:31:39,1,customer_changed_mind,20.76
RET002438,ORD0000845,1,PROD01255,SELL00349,CUST007926,2017-07-18 13:05:12,2,customer_changed_mind,85.06
RET002439,ORD0006539,1,PROD01787,SELL00041,CUST006710,2018-07-27 11:07:48,2,customer_changed_mind,61.24
RET002440,ORD0010317,1,PROD01273,SELL00220,CUST003429,2017-02-19 13:51:57,1,customer_changed_mind,99.58
RET002441,ORD0000749,3,PROD00551,SELL00105,CUST009557,2017-05-01 09:53:27,1,customer_changed_mind,66.61
RET002442,ORD0014534,1,PROD00150,SELL00111,CUST002344,2017-11-19 01:59:43,2,customer_changed_mind,143.46
RET002443,ORD0023489,1,PROD00130,SELL00334,CUST002349,2017-04-13 15:45:49,1,customer_changed_mind,198.85
RET002444,ORD0022238,2,PROD00503,SELL00076,CUST000388,2017-09-17 16:56:02,1,customer_changed_mind,139.64
RET002445,ORD0011882,2,PROD00074,SELL00128,CUST000914,2017-07-10 00:33:15,1,customer_changed_mind,83.86
RET002446,ORD0002082,1,PROD00975,SELL00192,CUST006313,2017-04-17 16:18:42,1,customer_changed_mind,30.87
RET002447,ORD0020723,1,PROD01307,SELL00300,CUST000312,2018-03-08 01:38:32,1,customer_changed_mind,34.16
RET002448,ORD0017362,1,PROD00433,SELL00167,CUST009560,2017-11-04 16:18:02,1,customer_changed_mind,19.17
RET002449,ORD0008373,1,PROD00623,SELL00196,CUST002577,2018-03-25 16:15:05,2,customer_changed_mind,315.12
RET002450,ORD0003507,1,PROD01708,SELL00296,CUST006902,2017-05-18 17:58:58,1,customer_changed_mind,248.62
RET002451,ORD0023044,1,PROD00424,SELL00336,CUST004764,2018-02-03 17:40:13,2,customer_changed_mind,88.64
RET002452,ORD0001881,1,PROD01348,SELL00222,CUST000309,2017-12-14 07:32:48,2,customer_changed_mind,557.72
RET002453,ORD0012761,1,PROD01626,SELL00187,CUST007625,2017-12-11 01:32:59,1,customer_changed_mind,87.57
RET002454,ORD0003768,1,PROD00408,SELL00378,CUST000666,2017-10-16 04:16:17,4,customer_changed_mind,1965.04
RET002455,ORD0007427,1,PROD01502,SELL00239,CUST008467,2018-08-26 11:19:43,2,customer_changed_mind,79.8
RET002456,ORD0022394,1,PROD00873,SELL00270,CUST005358,2017-06-23 03:55:57,2,customer_changed_mind,89.46
RET002457,ORD0005025,3,PROD01280,SELL00389,CUST007290,2017-06-30 21:42:54,1,customer_changed_mind,34.32
RET002458,ORD0016165,2,PROD00484,SELL00015,CUST006286,2017-12-22 19:29:56,1,customer_changed_mind,96.74
RET002459,ORD0012779,1,PROD01276,SELL00049,CUST000637,2018-01-10 19:07:22,2,customer_changed_mind,195.84
RET002460,ORD0013183,1,PROD00348,SELL00030,CUST006249,2018-07-05 14:05:32,1,customer_changed_mind,125.29
RET002461,ORD0006167,1,PROD00592,SELL00333,CUST006865,2018-03-22 10:45:22,2,customer_changed_mind,173.3
RET002462,ORD0003770,1,PROD01748,SELL00105,CUST007035,2018-03-30 16:32:34,1,customer_changed_mind,65.0
RET002463,ORD0015453,2,PROD00302,SELL00171,CUST003300,2018-02-07 07:36:42,1,customer_changed_mind,55.72
RET002464,ORD0010646,1,PROD01026,SELL00345,CUST005866,2017-10-26 08:00:23,1,customer_changed_mind,77.9
RET002465,ORD0011765,1,PROD01617,SELL00266,CUST008107,2018-03-27 23:43:57,2,customer_changed_mind,165.82
RET002466,ORD0013683,1,PROD00474,SELL00399,CUST000961,2018-01-18 21:04:43,1,customer_changed_mind,75.85
RET002467,ORD0022836,1,PROD00240,SELL00198,CUST006055,2018-10-08 09:00:07,1,customer_changed_mind,67.34
RET002468,ORD0008299,1,PROD01094,SELL00011,CUST008682,2017-09-11 00:55:55,3,customer_changed_mind,641.88
RET002469,ORD0000559,1,PROD01462,SELL00105,CUST008616,2018-03-29 22:43:08,1,customer_changed_mind,51.17
RET002470,ORD0024341,1,PROD01043,SELL00182,CUST005809,2017-11-09 10:02:19,2,customer_changed_mind,229.14
RET002471,ORD0012633,1,PROD00087,SELL00369,CUST008671,2018-01-11 14:23:42,1,customer_changed_mind,85.31
RET002472,ORD0004386,1,PROD01850,SELL00096,CUST009135,2018-07-24 07:48:16,1,customer_changed_mind,33.21
RET002473,ORD0022498,1,PROD01863,SELL00250,CUST002239,2018-09-15 05:56:12,2,customer_changed_mind,63.44
RET002474,ORD0009227,1,PROD01438,SELL00236,CUST004057,2018-02-20 12:44:20,2,customer_changed_mind,39.06
RET002475,ORD0004572,1,PROD00358,SELL00149,CUST002627,2018-04-03 00:06:06,2,customer_changed_mind,519.58
RET002476,ORD0016122,1,PROD01564,SELL00173,CUST000178,2017-07-02 14:20:18,2,customer_changed_mind,677.68
RET002477,ORD0023045,1,PROD00521,SELL00022,CUST003525,2018-07-16 12:48:50,3,customer_changed_mind,191.73
RET002478,ORD0014324,1,PROD00973,SELL00399,CUST003485,2017-12-16 17:14:14,2,customer_changed_mind,604.46
RET002479,ORD0018957,1,PROD00948,SELL00159,CUST009752,2017-08-16 23:51:00,2,customer_changed_mind,38.76
RET002480,ORD0000703,2,PROD00999,SELL00373,CUST005459,2017-06-17 09:26:05,1,customer_changed_mind,24.64
RET002481,ORD0018753,1,PROD01433,SELL00040,CUST003732,2017-08-17 10:10:26,1,customer_changed_mind,139.98
RET002482,ORD0018105,1,PROD01786,SELL00136,CUST006995,2018-02-05 21:05:44,1,customer_changed_mind,153.45
RET002483,ORD0015721,2,PROD00257,SELL00096,CUST001039,2018-05-02 23:48:48,1,customer_changed_mind,20.76
RET002484,ORD0010251,1,PROD01181,SELL00104,CUST003563,2017-05-24 17:29:52,1,customer_changed_mind,23.99
RET002485,ORD0022324,1,PROD01953,SELL00012,CUST004062,2018-07-31 09:57:52,3,customer_changed_mind,180.18
RET002486,ORD0017360,1,PROD01502,SELL00332,CUST009073,2017-11-13 03:22:05,1,customer_changed_mind,39.9
RET002487,ORD0017476,1,PROD00413,SELL00365,CUST005076,2018-01-06 16:26:34,2,customer_changed_mind,122.78
RET002488,ORD0014235,1,PROD01615,SELL00026,CUST006415,2017-04-06 16:30:36,1,customer_changed_mind,121.7
RET002489,ORD0016190,1,PROD01991,SELL00051,CUST009011,2017-01-21 12:23:51,1,customer_changed_mind,89.53
RET002490,ORD0021829,1,PROD01643,SELL00206,CUST007881,2017-09-21 09:46:01,1,customer_changed_mind,44.41
RET002491,ORD0016181,1,PROD01143,SELL00324,CUST000212,2018-02-04 00:47:43,1,customer_changed_mind,78.87
RET002492,ORD0008192,1,PROD00613,SELL00124,CUST003915,2018-07-11 12:22:32,5,customer_changed_mind,249.95
RET002493,ORD0007297,1,PROD01530,SELL00031,CUST006510,2017-12-26 21:02:15,1,customer_changed_mind,40.95
RET002494,ORD0024273,1,PROD01196,SELL00140,CUST002193,2017-11-02 04:42:56,1,customer_changed_mind,223.93
RET002495,ORD0008160,1,PROD00442,SELL00243,CUST000113,2017-10-24 10:28:54,2,customer_changed_mind,116.5
RET002496,ORD0012574,1,PROD01537,SELL00349,CUST009349,2017-04-21 09:28:36,1,customer_changed_mind,160.55
RET002497,ORD0004396,2,PROD01383,SELL00258,CUST001937,2018-02-13 20:42:03,1,customer_changed_mind,91.56
RET002498,ORD0024899,1,PROD00523,SELL00036,CUST005163,2018-04-11 09:45:28,1,customer_changed_mind,56.63
RET002499,ORD0002383,2,PROD01304,SELL00226,CUST002807,2017-04-29 09:18:53,2,customer_changed_mind,196.9
RET002500,ORD0020602,1,PROD01796,SELL00020,CUST003792,2018-08-11 13:57:05,1,customer_changed_mind,88.16
RET002501,ORD0008543,1,PROD01347,SELL00189,CUST006275,2017-09-19 12:26:00,1,customer_changed_mind,35.92
RET002502,ORD0020695,1,PROD01191,SELL00361,CUST003664,2017-02-08 19:51:20,2,customer_changed_mind,238.62
RET002503,ORD0020944,2,PROD01612,SELL00359,CUST007421,2018-02-18 03:52:45,1,customer_changed_mind,57.18
RET002504,ORD0011812,1,PROD00021,SELL00016,CUST007731,2017-11-26 03:46:20,3,customer_changed_mind,44.43
RET002505,ORD0019569,2,PROD00974,SELL00243,CUST001213,2017-08-26 03:50:09,1,customer_changed_mind,45.63
RET002506,ORD0021148,2,PROD00788,SELL00266,CUST002724,2017-12-19 20:01:47,1,customer_changed_mind,55.27
RET002507,ORD0017547,1,PROD00701,SELL00061,CUST003587,2018-02-11 05:43:18,1,customer_changed_mind,47.67
RET002508,ORD0003830,4,PROD00153,SELL00216,CUST009323,2017-05-25 04:59:28,2,customer_changed_mind,191.7
RET002509,ORD0015036,1,PROD00846,SELL00112,CUST000599,2017-04-17 01:16:19,1,customer_changed_mind,14.93
RET002510,ORD0002367,1,PROD01394,SELL00352,CUST008698,2017-11-14 11:27:13,2,customer_changed_mind,312.32
RET002511,ORD0000736,1,PROD01263,SELL00103,CUST006575,2017-02-19 01:04:15,2,customer_changed_mind,124.32
RET002512,ORD0019542,1,PROD00569,SELL00247,CUST003312,2018-03-03 00:42:28,2,customer_changed_mind,110.5
RET002513,ORD0007523,1,PROD00942,SELL00206,CUST002699,2017-08-25 07:36:23,3,customer_changed_mind,488.67
RET002514,ORD0003964,1,PROD00440,SELL00238,CUST007341,2017-12-02 14:13:18,2,customer_changed_mind,74.42
RET002515,ORD0022342,1,PROD00772,SELL00154,CUST003351,2018-07-11 16:03:13,2,customer_changed_mind,110.68
RET002516,ORD0023403,2,PROD00812,SELL00067,CUST000975,2018-01-21 16:58:26,1,customer_changed_mind,172.26
RET002517,ORD0002840,1,PROD01424,SELL00215,CUST000550,2018-03-31 07:14:24,1,customer_changed_mind,121.26
RET002518,ORD0017354,1,PROD00324,SELL00381,CUST008373,2017-05-28 08:02:41,2,customer_changed_mind,169.56
RET002519,ORD0019199,1,PROD00318,SELL00275,CUST001119,2017-03-15 11:30:24,1,customer_changed_mind,33.13
RET002520,ORD0019255,1,PROD01842,SELL00112,CUST003969,2017-02-14 01:29:42,2,customer_changed_mind,343.72
RET002521,ORD0013724,1,PROD01612,SELL00395,CUST003494,2018-07-27 22:40:43,3,customer_changed_mind,171.54
RET002522,ORD0011816,2,PROD00576,SELL00035,CUST008091,2018-07-01 21:40:35,1,customer_changed_mind,39.65
RET002523,ORD0021955,1,PROD01084,SELL00362,CUST006583,2017-04-25 00:50:55,1,customer_changed_mind,17.96
RET002524,ORD0017925,1,PROD00278,SELL00357,CUST009002,2017-11-24 21:56:12,1,customer_changed_mind,85.58
RET002525,ORD0009121,1,PROD01383,SELL00237,CUST001845,2018-09-07 20:03:17,1,customer_changed_mind,91.56
RET002526,ORD0007521,1,PROD00606,SELL00353,CUST001169,2018-07-13 03:16:56,2,customer_changed_mind,70.28
RET002527,ORD0011740,1,PROD01922,SELL00028,CUST006857,2017-11-02 08:59:24,3,customer_changed_mind,886.14
RET002528,ORD0023106,2,PROD00642,SELL00124,CUST001733,2017-12-31 11:13:22,1,customer_changed_mind,115.04
RET002529,ORD0001774,1,PROD01796,SELL00199,CUST005758,2018-03-10 20:20:07,1,customer_changed_mind,88.16
RET002530,ORD0005921,1,PROD00169,SELL00108,CUST008519,2018-05-15 02:56:16,1,customer_changed_mind,104.02
RET002531,ORD0013404,1,PROD00780,SELL00320,CUST005383,2017-07-31 19:15:15,1,customer_changed_mind,48.5
RET002532,ORD0007403,2,PROD00375,SELL00041,CUST008145,2017-03-16 07:43:49,1,customer_changed_mind,36.72
RET002533,ORD0000222,1,PROD01991,SELL00235,CUST005363,2018-08-24 00:42:24,2,customer_changed_mind,179.06
RET002534,ORD0015904,1,PROD01651,SELL00139,CUST008399,2017-10-07 06:12:29,1,customer_changed_mind,147.68
RET002535,ORD0012594,1,PROD00379,SELL00326,CUST003773,2017-10-24 10:11:55,1,customer_changed_mind,323.64
RET002536,ORD0014835,4,PROD01413,SELL00080,CUST007976,2017-02-09 12:11:11,1,customer_changed_mind,69.65
RET002537,ORD0004879,1,PROD01439,SELL00221,CUST002350,2017-04-05 13:47:41,2,customer_changed_mind,368.72
RET002538,ORD0019339,1,PROD01091,SELL00380,CUST009362,2017-05-31 14:39:59,1,customer_changed_mind,37.0
RET002539,ORD0002077,2,PROD00162,SELL00370,CUST009776,2017-10-10 13:48:59,1,customer_changed_mind,188.18
RET002540,ORD0012552,1,PROD00471,SELL00062,CUST006570,2017-03-28 20:35:53,1,customer_changed_mind,457.06
RET002541,ORD0017808,1,PROD00815,SELL00359,CUST009246,2018-09-25 22:14:34,1,customer_changed_mind,55.43
RET002542,ORD0001605,1,PROD00556,SELL00152,CUST003344,2018-03-28 18:35:26,2,customer_changed_mind,341.42
RET002543,ORD0022390,1,PROD00800,SELL00169,CUST005302,2018-01-09 22:58:15,1,customer_changed_mind,16.48
RET002544,ORD0015773,1,PROD00287,SELL00329,CUST004508,2017-07-30 06:29:35,1,customer_changed_mind,61.5
RET002545,ORD0004469,1,PROD01321,SELL00154,CUST004336,2017-02-04 03:17:20,1,customer_changed_mind,27.98
RET002546,ORD0012283,1,PROD00553,SELL00196,CUST007425,2018-05-15 18:51:35,2,customer_changed_mind,53.68
RET002547,ORD0021638,1,PROD00100,SELL00092,CUST007859,2017-09-06 00:38:27,1,customer_changed_mind,47.47
RET002548,ORD0019387,1,PROD01938,SELL00399,CUST008908,2017-08-14 19:14:34,1,customer_changed_mind,82.63
RET002549,ORD0019464,1,PROD01032,SELL00213,CUST008517,2017-10-17 14:08:41,1,customer_changed_mind,13.87
RET002550,ORD0004491,1,PROD00839,SELL00307,CUST008664,2018-07-13 21:26:14,1,customer_changed_mind,29.92
RET002551,ORD0001026,2,PROD01922,SELL00154,CUST006568,2017-11-02 01:59:28,1,customer_changed_mind,295.38
RET002552,ORD0024187,1,PROD01268,SELL00304,CUST000265,2018-01-09 01:29:34,1,customer_changed_mind,62.24
RET002553,ORD0016985,4,PROD01344,SELL00071,CUST004284,2018-01-07 09:04:56,1,customer_changed_mind,178.05
RET002554,ORD0016005,1,PROD01644,SELL00239,CUST002642,2017-10-28 20:04:23,1,customer_changed_mind,224.71
RET002555,ORD0010649,1,PROD00594,SELL00143,CUST009668,2018-05-30 09:25:05,1,customer_changed_mind,58.72
RET002556,ORD0015246,1,PROD01931,SELL00175,CUST009617,2017-11-25 08:09:13,1,customer_changed_mind,144.93
RET002557,ORD0020300,2,PROD01299,SELL00229,CUST000255,2018-02-09 13:25:31,1,customer_changed_mind,121.83
RET002558,ORD0018653,1,PROD01217,SELL00129,CUST002683,2017-12-14 06:26:43,1,customer_changed_mind,59.99
RET002559,ORD0008036,1,PROD01053,SELL00227,CUST006617,2017-09-05 21:22:40,2,customer_changed_mind,232.1
RET002560,ORD0019837,1,PROD01624,SELL00330,CUST005698,2018-06-02 05:36:07,1,customer_changed_mind,76.09
RET002561,ORD0004013,1,PROD00180,SELL00271,CUST005839,2018-07-25 17:15:31,2,customer_changed_mind,692.34
RET002562,ORD0001669,1,PROD01045,SELL00224,CUST002095,2017-08-02 00:18:14,1,customer_changed_mind,60.42
RET002563,ORD0013640,1,PROD01391,SELL00178,CUST000903,2018-05-15 16:47:24,1,customer_changed_mind,28.6
RET002564,ORD0003795,1,PROD01009,SELL00343,CUST006338,2017-03-25 04:41:55,3,customer_changed_mind,411.78
RET002565,ORD0021817,1,PROD00395,SELL00363,CUST003431,2017-03-17 21:13:32,1,customer_changed_mind,86.87
RET002566,ORD0015621,2,PROD00166,SELL00002,CUST002869,2017-12-26 19:25:55,3,customer_changed_mind,156.75
RET002567,ORD0013561,2,PROD01652,SELL00096,CUST001189,2017-11-02 11:25:39,1,customer_changed_mind,57.37
RET002568,ORD0003889,1,PROD00215,SELL00203,CUST000568,2017-10-26 06:13:31,1,customer_changed_mind,95.93
RET002569,ORD0022064,1,PROD01234,SELL00008,CUST002060,2017-03-22 14:54:47,2,customer_changed_mind,249.98
RET002570,ORD0015925,1,PROD01568,SELL00250,CUST009756,2018-06-14 08:44:56,2,customer_changed_mind,75.0
RET002571,ORD0016111,1,PROD00123,SELL00221,CUST009262,2018-07-28 13:11:10,1,customer_changed_mind,126.59
RET002572,ORD0003723,1,PROD00886,SELL00086,CUST002987,2017-11-09 15:00:20,1,customer_changed_mind,196.55
RET002573,ORD0018077,1,PROD01808,SELL00328,CUST009392,2017-05-25 04:17:25,1,customer_changed_mind,117.97
RET002574,ORD0009753,1,PROD00357,SELL00361,CUST002104,2017-03-30 18:46:24,3,customer_changed_mind,165.63
RET002575,ORD0009182,2,PROD01193,SELL00158,CUST004963,2017-09-30 04:21:51,2,customer_changed_mind,124.48
RET002576,ORD0008505,1,PROD01564,SELL00132,CUST005415,2018-06-16 18:30:02,1,customer_changed_mind,338.84
RET002577,ORD0024319,1,PROD01781,SELL00364,CUST009826,2017-05-13 23:08:32,2,customer_changed_mind,129.58
RET002578,ORD0021639,1,PROD01509,SELL00150,CUST009988,2017-08-12 15:21:03,1,customer_changed_mind,28.42
RET002579,ORD0021921,1,PROD01080,SELL00046,CUST001574,2017-03-09 23:53:11,1,customer_changed_mind,118.2
RET002580,ORD0019962,1,PROD01511,SELL00381,CUST000463,2018-03-25 13:17:28,2,customer_changed_mind,272.1
RET002581,ORD0023377,1,PROD01668,SELL00397,CUST003174,2018-08-08 12:42:50,1,customer_changed_mind,154.63
RET002582,ORD0014901,1,PROD00652,SELL00239,CUST005270,2018-03-27 08:28:13,1,customer_changed_mind,142.94
RET002583,ORD0015942,1,PROD00595,SELL00113,CUST003832,2018-06-21 15:53:05,1,customer_changed_mind,39.0
RET002584,ORD0019883,1,PROD01519,SELL00225,CUST008119,2018-03-25 05:47:01,1,customer_changed_mind,216.06
RET002585,ORD0001664,1,PROD01942,SELL00177,CUST004917,2018-08-06 10:01:39,2,customer_changed_mind,157.04
RET002586,ORD0019187,2,PROD00789,SELL00389,CUST002019,2017-06-20 16:59:10,1,customer_changed_mind,46.82
RET002587,ORD0011773,1,PROD01729,SELL00398,CUST002729,2017-08-03 17:38:57,5,customer_changed_mind,116.15
RET002588,ORD0012354,1,PROD00802,SELL00223,CUST004853,2018-05-19 07:16:13,1,customer_changed_mind,26.57
RET002589,ORD0005777,1,PROD01843,SELL00096,CUST005413,2018-06-08 08:39:56,1,customer_changed_mind,44.8
RET002590,ORD0013305,1,PROD01957,SELL00284,CUST005388,2018-09-13 17:13:06,1,customer_changed_mind,140.1
RET002591,ORD0004559,1,PROD00860,SELL00092,CUST008840,2018-02-15 00:58:12,1,customer_changed_mind,27.34
RET002592,ORD0004020,2,PROD01568,SELL00084,CUST000817,2017-06-11 10:15:32,1,customer_changed_mind,37.5
RET002593,ORD0010387,1,PROD01533,SELL00125,CUST000480,2018-08-25 05:22:14,3,customer_changed_mind,503.73
RET002594,ORD0010437,1,PROD00865,SELL00360,CUST006910,2017-01-12 17:49:16,1,customer_changed_mind,72.17
RET002595,ORD0018591,1,PROD01432,SELL00389,CUST004001,2018-01-27 11:45:49,1,customer_changed_mind,314.57
RET002596,ORD0023549,2,PROD00913,SELL00186,CUST002879,2017-02-14 20:32:26,1,customer_changed_mind,39.19
RET002597,ORD0003675,1,PROD00660,SELL00229,CUST008155,2017-10-27 06:19:27,2,customer_changed_mind,77.94
RET002598,ORD0019072,1,PROD00052,SELL00329,CUST008079,2018-06-01 01:42:25,1,customer_changed_mind,113.75
RET002599,ORD0007308,1,PROD01982,SELL00117,CUST005967,2017-02-25 08:48:24,1,customer_changed_mind,32.7
RET002600,ORD0000223,1,PROD01697,SELL00146,CUST006517,2017-08-17 04:30:34,1,customer_changed_mind,71.0
RET002601,ORD0008722,1,PROD00153,SELL00335,CUST005190,2018-05-02 07:51:17,3,customer_changed_mind,287.55
RET002602,ORD0007709,1,PROD00393,SELL00055,CUST002254,2017-05-31 19:46:23,1,customer_changed_mind,98.68
RET002603,ORD0014120,1,PROD01480,SELL00232,CUST007147,2017-02-27 15:34:31,2,customer_changed_mind,237.22
RET002604,ORD0007423,1,PROD01645,SELL00334,CUST009866,2017-07-04 04:13:59,1,customer_changed_mind,258.32
RET002605,ORD0015161,1,PROD00643,SELL00177,CUST004711,2017-01-23 19:41:58,1,customer_changed_mind,61.86
RET002606,ORD0018677,1,PROD00715,SELL00035,CUST009848,2017-03-18 02:04:07,1,customer_changed_mind,57.46
RET002607,ORD0024084,1,PROD00407,SELL00124,CUST004056,2017-09-12 14:26:13,1,customer_changed_mind,32.94
RET002608,ORD0010459,1,PROD00950,SELL00143,CUST006249,2017-12-26 05:45:14,2,customer_changed_mind,554.92
RET002609,ORD0008555,1,PROD00845,SELL00169,CUST001949,2017-07-24 14:23:12,2,customer_changed_mind,274.68
RET002610,ORD0014237,1,PROD01083,SELL00085,CUST005936,2018-09-13 21:35:32,3,customer_changed_mind,171.12
RET002611,ORD0013316,1,PROD00175,SELL00081,CUST005970,2017-07-01 23:10:49,2,customer_changed_mind,118.56
RET002612,ORD0022436,2,PROD01788,SELL00329,CUST000559,2017-03-11 02:20:16,1,customer_changed_mind,35.99
RET002613,ORD0007101,2,PROD00025,SELL00329,CUST002119,2018-02-02 09:30:49,4,customer_changed_mind,607.88
RET002614,ORD0011331,1,PROD01967,SELL00048,CUST003644,2018-02-10 12:53:30,1,customer_changed_mind,70.46
RET002615,ORD0023979,1,PROD00012,SELL00283,CUST003137,2018-01-02 13:49:14,1,customer_changed_mind,211.37
RET002616,ORD0012244,1,PROD00510,SELL00236,CUST007168,2017-08-09 14:29:33,3,customer_changed_mind,277.29
RET002617,ORD0016881,1,PROD00924,SELL00108,CUST007027,2017-08-18 13:13:35,1,customer_changed_mind,44.79
RET002618,ORD0006302,1,PROD00935,SELL00343,CUST006389,2017-05-01 13:17:45,1,customer_changed_mind,161.48
RET002619,ORD0005695,1,PROD01422,SELL00253,CUST009377,2018-05-19 23:55:04,1,customer_changed_mind,173.15
RET002620,ORD0021987,3,PROD00837,SELL00264,CUST004006,2018-04-03 13:39:21,1,customer_changed_mind,83.12
RET002621,ORD0012531,1,PROD00338,SELL00222,CUST006437,2018-09-16 02:21:16,1,customer_changed_mind,48.67
RET002622,ORD0024440,1,PROD01493,SELL00048,CUST004070,2018-03-29 12:15:40,1,customer_changed_mind,25.04
RET002623,ORD0005577,1,PROD00143,SELL00190,CUST009366,2017-10-15 03:31:24,1,customer_changed_mind,138.5
RET002624,ORD0023490,1,PROD00876,SELL00153,CUST001687,2017-04-15 08:50:48,2,customer_changed_mind,76.56
RET002625,ORD0021969,2,PROD01656,SELL00394,CUST001637,2017-04-24 04:27:40,3,customer_changed_mind,292.83
RET002626,ORD0018531,1,PROD01956,SELL00020,CUST000666,2017-05-01 05:00:30,2,customer_changed_mind,91.66
RET002627,ORD0015716,1,PROD00776,SELL00015,CUST008508,2018-02-22 15:55:58,2,customer_changed_mind,219.78
RET002628,ORD0014881,1,PROD00238,SELL00101,CUST006827,2017-09-19 09:38:30,1,customer_changed_mind,268.83
RET002629,ORD0016766,1,PROD01516,SELL00396,CUST006178,2017-05-21 17:53:34,1,customer_changed_mind,208.03
RET002630,ORD0023358,3,PROD01950,SELL00150,CUST009549,2018-01-21 15:58:39,1,customer_changed_mind,74.39
RET002631,ORD0001241,1,PROD01577,SELL00284,CUST008657,2017-01-07 23:53:42,1,customer_changed_mind,42.11
RET002632,ORD0001265,1,PROD00255,SELL00285,CUST004388,2017-02-19 18:06:24,3,customer_changed_mind,633.6
RET002633,ORD0018695,1,PROD01267,SELL00296,CUST001506,2018-08-22 16:10:59,1,customer_changed_mind,124.43
RET002634,ORD0020488,1,PROD00466,SELL00177,CUST001443,2017-01-25 10:24:24,1,customer_changed_mind,105.99
RET002635,ORD0014988,1,PROD00263,SELL00377,CUST008740,2017-09-28 20:48:13,1,customer_changed_mind,32.53
RET002636,ORD0005246,1,PROD00702,SELL00397,CUST005789,2017-09-01 22:11:57,2,customer_changed_mind,195.74
RET002637,ORD0015276,1,PROD01261,SELL00036,CUST003690,2017-04-22 01:52:58,1,customer_changed_mind,190.21
RET002638,ORD0021954,1,PROD01728,SELL00372,CUST006567,2018-05-25 19:10:08,1,customer_changed_mind,246.98
RET002639,ORD0010997,1,PROD01644,SELL00040,CUST004830,2017-12-24 21:23:31,1,customer_changed_mind,224.71
RET002640,ORD0006162,1,PROD01292,SELL00108,CUST004689,2017-03-07 02:54:23,1,customer_changed_mind,19.97
RET002641,ORD0015910,1,PROD01266,SELL00074,CUST007662,2017-07-16 12:34:39,2,customer_changed_mind,234.28
RET002642,ORD0017838,1,PROD01452,SELL00104,CUST006836,2017-02-19 13:07:26,2,customer_changed_mind,116.64
RET002643,ORD0021685,1,PROD00462,SELL00347,CUST006324,2017-07-04 08:30:33,1,customer_changed_mind,129.23
RET002644,ORD0017974,1,PROD01164,SELL00160,CUST005866,2018-04-19 19:07:39,2,customer_changed_mind,180.52
RET002645,ORD0013791,1,PROD01223,SELL00288,CUST007097,2018-02-09 18:05:59,2,customer_changed_mind,67.08
RET002646,ORD0015493,1,PROD00642,SELL00058,CUST000285,2018-04-21 01:24:31,1,customer_changed_mind,115.04
RET002647,ORD0019092,3,PROD01549,SELL00282,CUST005761,2018-06-20 02:03:59,2,customer_changed_mind,356.1
RET002648,ORD0007535,1,PROD00262,SELL00252,CUST002183,2018-08-25 22:59:38,1,customer_changed_mind,196.92
RET002649,ORD0006359,1,PROD00499,SELL00054,CUST008299,2017-03-07 03:42:01,5,customer_changed_mind,969.9
RET002650,ORD0017754,1,PROD00592,SELL00143,CUST006507,2017-08-02 07:02:14,1,customer_changed_mind,86.65
RET002651,ORD0000312,1,PROD00274,SELL00071,CUST004068,2017-10-13 04:13:09,1,customer_changed_mind,204.53
RET002652,ORD0007531,1,PROD01569,SELL00012,CUST003459,2018-09-29 12:42:29,1,customer_changed_mind,43.56
RET002653,ORD0010608,1,PROD00055,SELL00031,CUST006002,2017-05-23 04:35:58,1,customer_changed_mind,61.61
RET002654,ORD0010555,1,PROD00969,SELL00054,CUST004891,2018-06-09 00:58:12,1,customer_changed_mind,172.33
RET002655,ORD0002292,1,PROD00613,SELL00288,CUST007529,2017-11-14 14:29:49,4,customer_changed_mind,199.96
RET002656,ORD0022917,1,PROD01978,SELL00291,CUST005754,2017-04-04 18:57:57,1,customer_changed_mind,82.74
RET002657,ORD0011254,1,PROD00971,SELL00181,CUST001679,2018-03-07 13:51:37,2,customer_changed_mind,410.16
RET002658,ORD0019109,1,PROD00831,SELL00124,CUST004882,2017-05-15 06:18:01,2,customer_changed_mind,710.78
RET002659,ORD0017385,1,PROD00877,SELL00311,CUST001478,2017-02-04 03:55:45,1,customer_changed_mind,113.59
RET002660,ORD0022672,1,PROD00327,SELL00024,CUST007568,2018-07-26 05:15:31,2,customer_changed_mind,174.52
RET002661,ORD0006807,1,PROD01919,SELL00351,CUST006077,2017-08-22 12:03:54,3,customer_changed_mind,280.23
RET002662,ORD0007023,1,PROD00858,SELL00181,CUST003612,2017-11-07 22:57:26,1,customer_changed_mind,125.31
RET002663,ORD0021238,1,PROD01291,SELL00006,CUST007323,2017-05-11 14:13:27,1,customer_changed_mind,34.45
RET002664,ORD0006124,2,PROD00673,SELL00342,CUST004664,2017-06-30 05:03:28,2,customer_changed_mind,43.22
RET002665,ORD0009914,1,PROD00051,SELL00036,CUST000272,2017-01-18 18:11:44,1,customer_changed_mind,31.21
RET002666,ORD0014683,1,PROD00737,SELL00039,CUST000553,2017-05-31 00:41:18,2,customer_changed_mind,84.6
RET002667,ORD0019323,1,PROD01286,SELL00324,CUST002964,2018-09-21 08:35:26,1,customer_changed_mind,121.38
RET002668,ORD0007074,1,PROD01410,SELL00044,CUST006326,2017-07-16 21:13:54,1,customer_changed_mind,21.68
RET002669,ORD0014523,1,PROD00088,SELL00340,CUST005349,2017-05-05 18:14:13,2,customer_changed_mind,1126.72
RET002670,ORD0005847,1,PROD00739,SELL00356,CUST003351,2017-03-21 01:00:30,1,customer_changed_mind,77.97
RET002671,ORD0016432,2,PROD01071,SELL00362,CUST001315,2017-11-24 01:14:09,3,customer_changed_mind,71.49
RET002672,ORD0007907,1,PROD00358,SELL00146,CUST002593,2017-02-26 03:45:52,1,customer_changed_mind,259.79
RET002673,ORD0011374,1,PROD00677,SELL00060,CUST006486,2018-09-22 18:50:49,1,customer_changed_mind,151.65
RET002674,ORD0002601,1,PROD01029,SELL00056,CUST008063,2018-10-04 19:27:07,2,customer_changed_mind,175.9
RET002675,ORD0018825,1,PROD01999,SELL00046,CUST003235,2017-12-02 06:37:45,1,customer_changed_mind,161.01
RET002676,ORD0001301,1,PROD01285,SELL00074,CUST002904,2018-06-28 01:59:56,1,customer_changed_mind,140.38
RET002677,ORD0002248,2,PROD00864,SELL00339,CUST008326,2018-05-19 07:45:39,1,customer_changed_mind,50.94
RET002678,ORD0012494,3,PROD00474,SELL00158,CUST002099,2018-05-27 04:34:18,2,customer_changed_mind,151.7
RET002679,ORD0009923,1,PROD01759,SELL00306,CUST000863,2018-07-29 15:49:45,2,customer_changed_mind,346.98
RET002680,ORD0004298,1,PROD01013,SELL00010,CUST007511,2017-05-07 15:12:37,1,customer_changed_mind,337.56
RET002681,ORD0015662,2,PROD01108,SELL00026,CUST005693,2018-06-16 21:45:02,1,customer_changed_mind,35.47
RET002682,ORD0014797,2,PROD00686,SELL00091,CUST004390,2017-05-26 14:00:45,2,customer_changed_mind,256.48
RET002683,ORD0005909,1,PROD00255,SELL00303,CUST008330,2017-10-02 04:19:24,1,customer_changed_mind,211.2
RET002684,ORD0003319,1,PROD00205,SELL00276,CUST005270,2017-09-26 11:12:58,2,customer_changed_mind,72.4
RET002685,ORD0010401,1,PROD01264,SELL00309,CUST008835,2018-07-27 12:03:09,1,customer_changed_mind,20.27
RET002686,ORD0018698,3,PROD00269,SELL00070,CUST005191,2017-10-02 13:01:54,2,customer_changed_mind,132.52
RET002687,ORD0008723,1,PROD01616,SELL00371,CUST009854,2017-11-14 06:58:14,1,customer_changed_mind,19.58
RET002688,ORD0018603,1,PROD00037,SELL00342,CUST009751,2017-07-13 19:21:09,1,customer_changed_mind,110.89
RET002689,ORD0007912,1,PROD00848,SELL00252,CUST003367,2017-07-20 04:20:43,3,customer_changed_mind,79.23
RET002690,ORD0019144,1,PROD01964,SELL00310,CUST008894,2018-05-23 14:07:41,1,customer_changed_mind,87.15
RET002691,ORD0006380,1,PROD01714,SELL00311,CUST000864,2018-03-29 13:23:25,3,customer_changed_mind,390.33
RET002692,ORD0004241,1,PROD01821,SELL00094,CUST002647,2018-09-14 10:55:10,4,customer_changed_mind,434.08
RET002693,ORD0005297,1,PROD01945,SELL00041,CUST003822,2017-07-21 18:44:08,1,customer_changed_mind,200.21
RET002694,ORD0019391,1,PROD01953,SELL00108,CUST005110,2017-01-26 23:11:50,1,customer_changed_mind,60.06
RET002695,ORD0004749,1,PROD01784,SELL00098,CUST009528,2018-09-22 00:28:01,2,customer_changed_mind,25.88
RET002696,ORD0000041,2,PROD00563,SELL00226,CUST007374,2017-10-01 23:27:06,1,customer_changed_mind,40.75
RET002697,ORD0003252,1,PROD00904,SELL00120,CUST009798,2017-01-15 18:22:24,1,customer_changed_mind,108.03
RET002698,ORD0007593,1,PROD00962,SELL00205,CUST009138,2017-04-04 21:31:57,1,customer_changed_mind,43.96
RET002699,ORD0008334,1,PROD01894,SELL00358,CUST008152,2017-05-02 15:16:59,1,customer_changed_mind,61.91
RET002700,ORD0012806,1,PROD01843,SELL00157,CUST004176,2018-03-23 04:13:54,1,customer_changed_mind,44.8
RET002701,ORD0011968,1,PROD00080,SELL00213,CUST005016,2017-06-14 04:12:55,1,customer_changed_mind,42.59
RET002702,ORD0023678,1,PROD01253,SELL00105,CUST000659,2018-03-06 13:31:10,2,customer_changed_mind,344.84
RET002703,ORD0000125,1,PROD01115,SELL00260,CUST003069,2017-04-11 20:47:34,1,customer_changed_mind,306.34
RET002704,ORD0002824,1,PROD01613,SELL00069,CUST003556,2017-09-02 11:18:22,1,customer_changed_mind,28.48
RET002705,ORD0001666,1,PROD00877,SELL00264,CUST004679,2018-09-20 20:06:36,1,customer_changed_mind,113.59
RET002706,ORD0024145,1,PROD00020,SELL00256,CUST005282,2017-03-18 04:01:14,1,customer_changed_mind,74.44
RET002707,ORD0009603,1,PROD00938,SELL00384,CUST006641,2018-04-29 02:09:47,1,customer_changed_mind,238.69
RET002708,ORD0014114,1,PROD00161,SELL00172,CUST007790,2018-01-28 01:50:39,3,customer_changed_mind,2295.12
RET002709,ORD0009767,1,PROD00770,SELL00040,CUST004857,2017-02-09 17:41:24,1,customer_changed_mind,46.7
RET002710,ORD0022156,1,PROD01465,SELL00018,CUST006282,2017-12-18 07:41:46,3,customer_changed_mind,273.69
RET002711,ORD0014586,1,PROD01801,SELL00365,CUST005146,2017-05-11 14:04:52,2,customer_changed_mind,61.64
RET002712,ORD0004010,1,PROD01551,SELL00051,CUST005200,2017-01-07 01:43:41,1,customer_changed_mind,26.33
RET002713,ORD0001822,1,PROD01472,SELL00318,CUST001296,2017-04-20 14:44:08,1,customer_changed_mind,41.75
RET002714,ORD0021067,1,PROD01129,SELL00277,CUST003494,2017-04-29 05:19:16,1,customer_changed_mind,136.61
RET002715,ORD0014179,1,PROD01083,SELL00103,CUST000396,2018-01-15 05:45:31,1,customer_changed_mind,57.04
RET002716,ORD0017013,1,PROD00997,SELL00190,CUST009044,2018-10-05 11:13:52,1,customer_changed_mind,97.92
RET002717,ORD0006664,1,PROD01838,SELL00147,CUST005565,2018-09-10 09:38:57,1,customer_changed_mind,27.36
RET002718,ORD0008049,1,PROD01861,SELL00344,CUST003688,2018-09-29 00:42:23,2,customer_changed_mind,94.64
RET002719,ORD0024681,2,PROD00888,SELL00132,CUST004154,2018-03-25 11:46:57,3,customer_changed_mind,162.06
RET002720,ORD0002830,1,PROD00306,SELL00211,CUST006114,2018-09-29 03:13:42,1,customer_changed_mind,238.33
RET002721,ORD0007463,1,PROD01031,SELL00315,CUST009324,2018-08-07 12:25:52,1,customer_changed_mind,204.72
RET002722,ORD0021580,1,PROD00259,SELL00029,CUST009469,2018-06-27 17:55:32,1,customer_changed_mind,36.85
RET002723,ORD0009993,1,PROD01096,SELL00254,CUST003678,2018-09-26 17:14:24,1,customer_changed_mind,77.28
RET002724,ORD0016558,1,PROD01399,SELL00039,CUST007695,2018-04-16 01:15:59,1,customer_changed_mind,146.33
RET002725,ORD0005930,1,PROD01272,SELL00072,CUST002420,2018-05-04 10:10:28,2,customer_changed_mind,317.36
RET002726,ORD0015932,2,PROD01244,SELL00204,CUST007671,2017-10-23 18:29:21,1,customer_changed_mind,263.62
RET002727,ORD0013306,1,PROD01972,SELL00293,CUST005191,2017-04-02 10:23:13,3,customer_changed_mind,307.53
RET002728,ORD0021485,1,PROD01997,SELL00011,CUST007921,2018-02-15 09:17:40,1,customer_changed_mind,149.37
RET002729,ORD0005407,1,PROD00869,SELL00015,CUST003448,2017-04-15 12:17:05,1,customer_changed_mind,61.66
RET002730,ORD0004833,1,PROD00463,SELL00188,CUST005424,2018-02-09 02:11:35,1,customer_changed_mind,89.29
RET002731,ORD0023249,1,PROD01757,SELL00136,CUST002428,2017-01-23 16:25:00,1,customer_changed_mind,74.93
RET002732,ORD0021803,1,PROD01232,SELL00089,CUST006287,2017-08-13 17:36:20,1,customer_changed_mind,141.02
RET002733,ORD0020652,2,PROD01383,SELL00137,CUST001795,2018-04-17 16:47:06,2,customer_changed_mind,183.12
RET002734,ORD0019075,1,PROD01868,SELL00308,CUST006587,2017-08-30 04:03:59,1,customer_changed_mind,50.67
RET002735,ORD0010466,1,PROD00196,SELL00375,CUST009084,2017-10-03 14:02:08,1,customer_changed_mind,71.57
RET002736,ORD0005204,2,PROD00182,SELL00397,CUST006638,2017-07-15 15:33:22,2,customer_changed_mind,57.24
RET002737,ORD0016435,2,PROD00058,SELL00192,CUST002794,2018-01-03 11:50:25,1,customer_changed_mind,27.39
RET002738,ORD0005155,3,PROD01362,SELL00055,CUST004992,2017-05-15 20:25:58,1,customer_changed_mind,58.7
RET002739,ORD0017031,1,PROD00144,SELL00328,CUST006913,2018-06-07 12:31:39,1,customer_changed_mind,91.77
RET002740,ORD0013717,1,PROD00790,SELL00348,CUST005415,2017-03-28 00:04:05,2,customer_changed_mind,527.82
RET002741,ORD0000274,2,PROD00551,SELL00191,CUST006582,2017-02-22 14:08:37,1,customer_changed_mind,66.61
RET002742,ORD0022243,1,PROD00659,SELL00060,CUST000392,2018-03-14 16:50:26,1,customer_changed_mind,57.56
RET002743,ORD0019361,1,PROD01290,SELL00003,CUST006224,2017-08-18 20:16:27,1,customer_changed_mind,181.95
RET002744,ORD0000352,1,PROD01687,SELL00075,CUST000853,2017-06-28 07:29:00,1,customer_changed_mind,92.15
RET002745,ORD0016392,1,PROD00672,SELL00290,CUST006303,2017-05-09 14:45:27,3,customer_changed_mind,107.91
RET002746,ORD0019492,1,PROD00203,SELL00274,CUST007904,2017-02-14 21:26:23,4,customer_changed_mind,528.16
RET002747,ORD0018408,1,PROD00708,SELL00288,CUST002573,2018-03-14 21:34:18,1,customer_changed_mind,55.0
RET002748,ORD0008713,1,PROD00493,SELL00076,CUST005151,2017-03-27 10:55:33,2,customer_changed_mind,133.36
RET002749,ORD0009551,1,PROD01903,SELL00006,CUST005159,2018-09-01 11:50:47,2,customer_changed_mind,33.58
RET002750,ORD0005413,1,PROD00010,SELL00004,CUST008643,2018-04-13 09:29:36,1,customer_changed_mind,155.02
RET002751,ORD0002036,3,PROD01279,SELL00103,CUST006008,2017-06-18 19:52:45,1,customer_changed_mind,30.98
RET002752,ORD0005473,1,PROD00835,SELL00314,CUST006378,2018-01-14 11:42:28,1,customer_changed_mind,125.4
RET002753,ORD0006105,1,PROD01659,SELL00214,CUST001196,2017-12-31 21:56:18,2,customer_changed_mind,144.76
RET002754,ORD0003083,2,PROD00924,SELL00120,CUST009883,2017-11-19 20:29:28,2,customer_changed_mind,89.58
RET002755,ORD0019898,1,PROD01396,SELL00307,CUST006948,2017-08-11 16:20:20,1,customer_changed_mind,64.35
RET002756,ORD0014694,1,PROD01033,SELL00212,CUST006105,2018-08-06 10:40:26,3,customer_changed_mind,254.79
RET002757,ORD0022433,1,PROD00340,SELL00203,CUST005283,2017-03-19 10:34:53,1,customer_changed_mind,233.92
RET002758,ORD0003976,1,PROD01650,SELL00287,CUST001599,2017-05-29 00:15:58,1,customer_changed_mind,94.93
RET002759,ORD0008076,3,PROD01305,SELL00115,CUST005078,2018-04-29 22:02:28,2,customer_changed_mind,70.2
RET002760,ORD0023328,1,PROD00977,SELL00126,CUST008702,2017-01-25 20:19:27,4,customer_changed_mind,1557.24
RET002761,ORD0020822,2,PROD00953,SELL00220,CUST002046,2018-05-08 00:38:48,1,customer_changed_mind,285.84
RET002762,ORD0000728,1,PROD01830,SELL00019,CUST006450,2017-08-20 23:35:53,2,customer_changed_mind,124.1
RET002763,ORD0004864,2,PROD01128,SELL00100,CUST000343,2018-01-12 09:44:30,1,customer_changed_mind,63.83
RET002764,ORD0016632,1,PROD01250,SELL00114,CUST009718,2018-05-22 10:42:00,1,customer_changed_mind,45.0
RET002765,ORD0007720,1,PROD01655,SELL00023,CUST005438,2017-02-06 15:11:31,1,customer_changed_mind,200.88
RET002766,ORD0011877,3,PROD00134,SELL00249,CUST001639,2017-04-18 14:26:43,3,customer_changed_mind,264.96
RET002767,ORD0012787,2,PROD00141,SELL00316,CUST006352,2017-05-20 03:17:59,1,customer_changed_mind,306.39
RET002768,ORD0019437,1,PROD00149,SELL00383,CUST000921,2018-07-13 09:34:57,1,customer_changed_mind,103.11
RET002769,ORD0004142,1,PROD01089,SELL00189,CUST007708,2018-01-16 06:36:59,3,customer_changed_mind,165.21
RET002770,ORD0006956,2,PROD00126,SELL00027,CUST005844,2018-08-13 14:25:13,1,customer_changed_mind,271.93
RET002771,ORD0001326,1,PROD01207,SELL00114,CUST005626,2018-02-18 05:29:18,3,customer_changed_mind,154.65
RET002772,ORD0010123,2,PROD00103,SELL00378,CUST008444,2018-06-27 01:52:27,2,customer_changed_mind,234.26
RET002773,ORD0014732,1,PROD00995,SELL00229,CUST001730,2017-12-07 13:27:59,2,customer_changed_mind,107.08
RET002774,ORD0018718,1,PROD00357,SELL00372,CUST000581,2017-08-04 13:24:34,2,customer_changed_mind,110.42
RET002775,ORD0019745,1,PROD00564,SELL00393,CUST001053,2017-03-04 10:11:31,2,customer_changed_mind,40.36
RET002776,ORD0013526,2,PROD00425,SELL00329,CUST006139,2018-02-23 01:38:13,1,customer_changed_mind,56.44
RET002777,ORD0022644,1,PROD01916,SELL00208,CUST000521,2018-07-25 04:24:13,2,customer_changed_mind,238.6
RET002778,ORD0021861,1,PROD00580,SELL00026,CUST007504,2018-09-14 07:38:46,1,customer_changed_mind,179.21
RET002779,ORD0013559,1,PROD01559,SELL00207,CUST006988,2017-03-05 12:03:57,1,customer_changed_mind,230.04
RET002780,ORD0020057,1,PROD01305,SELL00197,CUST008086,2018-03-21 22:42:43,1,customer_changed_mind,35.1
RET002781,ORD0005809,1,PROD00297,SELL00183,CUST004855,2018-06-09 18:52:46,1,customer_changed_mind,28.09
RET002782,ORD0005644,1,PROD00289,SELL00234,CUST006113,2018-03-28 04:17:06,2,customer_changed_mind,106.86
RET002783,ORD0022895,1,PROD00743,SELL00082,CUST006288,2017-09-23 14:56:49,1,customer_changed_mind,101.8
RET002784,ORD0007439,2,PROD01248,SELL00089,CUST003453,2018-09-18 00:20:47,1,customer_changed_mind,13.56
RET002785,ORD0001639,1,PROD00936,SELL00015,CUST000698,2017-05-23 20:38:52,2,customer_changed_mind,142.68
RET002786,ORD0017583,1,PROD00485,SELL00075,CUST000622,2018-01-14 05:18:14,4,customer_changed_mind,691.4
RET002787,ORD0005009,1,PROD01486,SELL00358,CUST006102,2017-04-28 04:27:37,1,customer_changed_mind,16.88
RET002788,ORD0013948,3,PROD01487,SELL00118,CUST009078,2017-05-29 06:27:06,4,customer_changed_mind,102.92
RET002789,ORD0011579,1,PROD01359,SELL00107,CUST008371,2017-10-13 22:55:50,1,customer_changed_mind,67.33
RET002790,ORD0024215,1,PROD00195,SELL00220,CUST000760,2018-09-28 19:06:33,3,customer_changed_mind,363.33
RET002791,ORD0023419,1,PROD00571,SELL00375,CUST001157,2018-06-15 21:26:09,1,customer_changed_mind,131.38
RET002792,ORD0020820,1,PROD00107,SELL00260,CUST006792,2018-08-11 16:58:37,1,customer_changed_mind,80.1
RET002793,ORD0015403,2,PROD01111,SELL00255,CUST009988,2017-11-08 21:57:29,3,customer_changed_mind,68.91
RET002794,ORD0005080,1,PROD00980,SELL00310,CUST003760,2017-07-26 04:56:56,3,customer_changed_mind,381.51
RET002795,ORD0015709,1,PROD00691,SELL00147,CUST005005,2017-03-18 05:27:59,2,customer_changed_mind,595.94
RET002796,ORD0017717,3,PROD01102,SELL00221,CUST003780,2017-07-19 00:28:52,1,customer_changed_mind,54.48
RET002797,ORD0010064,1,PROD00590,SELL00320,CUST004181,2017-09-20 09:52:31,1,customer_changed_mind,39.44
RET002798,ORD0004571,2,PROD01421,SELL00180,CUST002460,2017-06-27 03:51:05,2,customer_changed_mind,527.2
RET002799,ORD0024723,1,PROD01743,SELL00056,CUST005799,2017-02-04 20:36:05,1,customer_changed_mind,143.8
RET002800,ORD0023794,1,PROD00692,SELL00150,CUST000351,2018-08-14 19:10:47,1,customer_changed_mind,142.62
RET002801,ORD0021122,1,PROD00539,SELL00371,CUST003385,2018-03-30 20:22:49,1,customer_changed_mind,49.26
RET002802,ORD0003848,3,PROD01326,SELL00099,CUST009498,2018-02-02 11:41:45,1,customer_changed_mind,110.69
RET002803,ORD0016659,1,PROD01496,SELL00292,CUST001800,2018-08-10 23:14:44,1,customer_changed_mind,60.92
RET002804,ORD0008571,2,PROD00579,SELL00366,CUST001102,2017-06-02 17:40:18,1,customer_changed_mind,173.3
RET002805,ORD0016672,1,PROD00545,SELL00050,CUST006768,2018-03-16 10:57:55,1,customer_changed_mind,63.46
RET002806,ORD0002218,1,PROD00533,SELL00112,CUST008996,2017-05-27 05:26:10,3,customer_changed_mind,105.27
RET002807,ORD0006227,2,PROD00027,SELL00031,CUST005158,2018-09-06 21:56:22,2,customer_changed_mind,295.48
RET002808,ORD0004578,1,PROD00544,SELL00126,CUST001628,2017-07-02 14:57:09,1,customer_changed_mind,155.49
RET002809,ORD0002266,1,PROD00992,SELL00295,CUST004898,2018-05-19 09:05:25,1,customer_changed_mind,81.0
RET002810,ORD0021865,1,PROD01821,SELL00342,CUST007537,2017-05-28 15:33:54,2,customer_changed_mind,217.04
RET002811,ORD0001697,1,PROD01432,SELL00104,CUST008278,2018-02-09 16:35:29,1,customer_changed_mind,314.57
RET002812,ORD0009116,2,PROD00286,SELL00009,CUST003468,2017-05-01 13:04:26,1,customer_changed_mind,59.39
RET002813,ORD0007085,1,PROD00066,SELL00359,CUST008590,2017-03-23 04:22:53,3,customer_changed_mind,284.85
RET002814,ORD0002025,3,PROD00138,SELL00302,CUST007807,2017-02-26 12:32:54,1,customer_changed_mind,90.99
RET002815,ORD0024832,1,PROD00033,SELL00276,CUST002826,2018-01-17 06:27:18,1,customer_changed_mind,44.28
RET002816,ORD0003127,2,PROD00515,SELL00165,CUST003054,2018-03-13 19:46:41,1,customer_changed_mind,59.25
RET002817,ORD0008575,1,PROD00390,SELL00397,CUST004036,2018-09-07 16:01:14,1,customer_changed_mind,49.71
RET002818,ORD0014855,2,PROD00953,SELL00084,CUST004560,2018-10-06 10:41:48,1,customer_changed_mind,285.84
RET002819,ORD0017881,1,PROD01095,SELL00194,CUST006978,2018-01-13 22:28:33,3,customer_changed_mind,248.58
RET002820,ORD0019731,1,PROD01253,SELL00011,CUST001119,2017-02-28 04:56:06,3,customer_changed_mind,517.26
RET002821,ORD0007934,1,PROD00675,SELL00107,CUST006547,2018-09-30 22:27:59,3,customer_changed_mind,46.02
RET002822,ORD0011275,2,PROD01707,SELL00222,CUST003860,2018-01-03 05:01:27,1,customer_changed_mind,62.73
RET002823,ORD0023890,1,PROD01766,SELL00046,CUST008550,2017-11-30 01:47:58,1,customer_changed_mind,169.38
RET002824,ORD0014734,1,PROD01044,SELL00372,CUST000594,2018-10-02 23:58:14,5,customer_changed_mind,342.2
RET002825,ORD0011027,1,PROD00412,SELL00157,CUST002105,2017-03-12 15:20:11,1,customer_changed_mind,101.28
RET002826,ORD0015235,1,PROD01507,SELL00117,CUST007376,2018-04-28 14:30:29,1,customer_changed_mind,142.74
RET002827,ORD0011151,1,PROD00757,SELL00334,CUST006448,2018-03-31 14:22:16,3,customer_changed_mind,56.79
RET002828,ORD0008362,2,PROD00985,SELL00118,CUST000507,2017-10-01 21:54:10,1,customer_changed_mind,171.9
RET002829,ORD0010125,1,PROD01517,SELL00082,CUST000727,2018-06-12 22:26:21,2,customer_changed_mind,65.56
RET002830,ORD0021542,1,PROD01634,SELL00285,CUST002830,2017-08-20 04:46:47,2,customer_changed_mind,117.38
RET002831,ORD0015482,3,PROD01874,SELL00005,CUST002797,2017-04-19 07:13:09,1,customer_changed_mind,86.15
RET002832,ORD0019116,1,PROD01341,SELL00302,CUST000275,2017-11-23 03:20:37,1,customer_changed_mind,71.71
RET002833,ORD0016489,2,PROD01726,SELL00140,CUST002822,2017-10-03 00:54:15,1,customer_changed_mind,103.99
RET002834,ORD0022717,1,PROD00649,SELL00268,CUST001453,2018-02-10 23:14:59,1,customer_changed_mind,75.68
RET002835,ORD0012469,1,PROD00281,SELL00001,CUST002346,2018-09-04 08:07:31,1,customer_changed_mind,121.52
RET002836,ORD0020487,1,PROD01689,SELL00023,CUST007093,2018-07-08 13:12:47,2,customer_changed_mind,626.2
RET002837,ORD0020418,1,PROD00647,SELL00221,CUST006030,2017-12-13 08:37:31,2,customer_changed_mind,237.88
RET002838,ORD0008760,1,PROD01152,SELL00010,CUST008777,2017-07-04 05:55:29,2,customer_changed_mind,146.88
RET002839,ORD0002532,1,PROD01331,SELL00373,CUST003970,2017-07-03 10:16:21,1,customer_changed_mind,157.7
RET002840,ORD0011315,1,PROD00795,SELL00285,CUST008424,2017-01-17 13:41:19,1,customer_changed_mind,59.85
RET002841,ORD0011539,1,PROD01836,SELL00059,CUST000851,2017-10-14 12:23:49,2,customer_changed_mind,467.42
RET002842,ORD0002884,2,PROD01478,SELL00345,CUST001468,2018-03-10 02:02:26,1,customer_changed_mind,271.48
RET002843,ORD0000753,1,PROD01980,SELL00005,CUST001370,2017-10-09 20:35:35,4,customer_changed_mind,498.6
RET002844,ORD0006259,1,PROD01974,SELL00267,CUST003245,2018-10-03 08:10:58,1,customer_changed_mind,70.94
RET002845,ORD0016949,1,PROD01509,SELL00043,CUST001758,2017-05-22 18:18:06,1,customer_changed_mind,28.42
RET002846,ORD0011267,3,PROD01442,SELL00357,CUST000690,2018-03-12 14:24:53,3,customer_changed_mind,139.86
RET002847,ORD0021175,1,PROD01341,SELL00314,CUST009766,2017-10-06 16:29:15,1,customer_changed_mind,71.71
RET002848,ORD0016961,1,PROD00756,SELL00225,CUST004081,2017-02-25 22:34:12,1,customer_changed_mind,56.19
RET002849,ORD0005778,1,PROD01906,SELL00096,CUST008668,2018-08-24 13:46:49,1,customer_changed_mind,146.44
RET002850,ORD0004850,2,PROD01723,SELL00042,CUST006282,2018-01-18 11:47:17,1,customer_changed_mind,688.28
RET002851,ORD0016820,1,PROD01864,SELL00105,CUST000535,2018-10-01 15:00:57,1,customer_changed_mind,169.85
RET002852,ORD0014108,1,PROD01786,SELL00088,CUST004324,2017-04-24 01:19:16,1,customer_changed_mind,153.45
RET002853,ORD0013311,1,PROD01547,SELL00095,CUST006480,2017-02-14 22:57:35,1,customer_changed_mind,165.58
RET002854,ORD0012930,1,PROD00074,SELL00313,CUST002982,2017-05-21 06:24:55,1,customer_changed_mind,83.86
RET002855,ORD0007381,3,PROD00543,SELL00045,CUST000293,2018-03-10 11:03:19,2,customer_changed_mind,303.12
RET002856,ORD0008640,1,PROD00253,SELL00082,CUST008684,2018-04-02 15:12:27,1,customer_changed_mind,445.12
RET002857,ORD0009931,1,PROD01462,SELL00002,CUST006077,2017-12-22 04:15:25,1,customer_changed_mind,51.17
RET002858,ORD0015997,1,PROD00266,SELL00091,CUST004302,2017-04-22 15:44:07,1,customer_changed_mind,89.78
RET002859,ORD0024654,1,PROD01424,SELL00021,CUST001487,2017-11-14 05:43:55,1,customer_changed_mind,121.26
RET002860,ORD0018382,2,PROD00667,SELL00047,CUST009594,2018-07-04 07:57:05,1,customer_changed_mind,31.44
RET002861,ORD0001524,1,PROD00557,SELL00204,CUST007845,2017-09-18 02:51:38,1,customer_changed_mind,40.66
RET002862,ORD0016338,3,PROD01612,SELL00368,CUST008548,2017-09-14 19:59:49,2,customer_changed_mind,114.36
RET002863,ORD0020319,1,PROD00465,SELL00023,CUST006137,2018-01-30 14:50:53,1,customer_changed_mind,120.01
RET002864,ORD0011193,1,PROD00956,SELL00175,CUST009186,2017-05-26 12:34:17,1,customer_changed_mind,188.52
RET002865,ORD0020781,1,PROD01815,SELL00299,CUST000777,2018-02-12 19:59:48,2,customer_changed_mind,128.26
RET002866,ORD0002738,1,PROD00677,SELL00254,CUST005731,2017-09-15 01:27:36,1,customer_changed_mind,151.65
RET002867,ORD0000625,3,PROD01420,SELL00348,CUST001066,2017-05-18 17:45:09,1,customer_changed_mind,73.23
RET002868,ORD0014627,1,PROD00823,SELL00326,CUST005169,2018-03-10 12:03:59,1,customer_changed_mind,76.61
RET002869,ORD0009710,1,PROD01005,SELL00005,CUST004358,2018-03-11 15:35:41,1,customer_changed_mind,43.22
RET002870,ORD0017934,1,PROD01558,SELL00274,CUST009653,2017-05-02 07:06:37,2,customer_changed_mind,529.56
RET002871,ORD0009188,1,PROD00470,SELL00305,CUST001962,2017-02-23 06:41:02,2,customer_changed_mind,73.04
RET002872,ORD0010856,1,PROD01524,SELL00395,CUST004256,2017-09-21 22:50:11,2,customer_changed_mind,71.06
RET002873,ORD0002908,2,PROD00324,SELL00082,CUST009871,2017-09-13 04:04:50,3,customer_changed_mind,254.34
RET002874,ORD0010788,2,PROD00048,SELL00019,CUST003591,2018-01-23 18:56:24,1,customer_changed_mind,123.65
RET002875,ORD0009079,1,PROD01240,SELL00310,CUST005241,2017-01-25 03:46:54,1,customer_changed_mind,78.78
RET002876,ORD0000982,1,PROD01361,SELL00017,CUST009330,2017-01-26 02:56:57,2,customer_changed_mind,217.06
RET002877,ORD0008524,1,PROD01658,SELL00221,CUST007883,2018-10-11 15:13:36,1,customer_changed_mind,152.81
RET002878,ORD0002775,1,PROD00331,SELL00226,CUST005034,2018-04-08 08:00:23,5,customer_changed_mind,192.15
RET002879,ORD0020596,1,PROD01453,SELL00378,CUST007504,2018-02-10 01:10:21,1,customer_changed_mind,44.31
RET002880,ORD0007286,2,PROD01741,SELL00189,CUST004614,2017-01-24 22:00:01,1,customer_changed_mind,375.51
RET002881,ORD0023614,1,PROD01399,SELL00091,CUST001487,2018-06-10 17:23:13,1,customer_changed_mind,146.33
RET002882,ORD0013860,1,PROD01210,SELL00097,CUST004019,2017-03-10 22:23:14,1,customer_changed_mind,32.26
RET002883,ORD0002153,1,PROD01843,SELL00170,CUST007122,2017-03-20 14:44:17,1,customer_changed_mind,44.8
RET002884,ORD0011613,1,PROD00218,SELL00369,CUST005594,2017-03-24 09:28:59,1,customer_changed_mind,283.2
RET002885,ORD0016822,1,PROD01535,SELL00201,CUST002013,2017-11-09 15:22:54,1,customer_changed_mind,63.16
RET002886,ORD0001465,1,PROD00374,SELL00225,CUST004392,2017-04-01 11:28:56,1,customer_changed_mind,137.32
RET002887,ORD0006841,1,PROD00944,SELL00172,CUST002757,2018-04-15 03:46:56,5,customer_changed_mind,146.45
RET002888,ORD0015052,1,PROD01053,SELL00178,CUST005059,2017-06-07 04:25:43,3,customer_changed_mind,348.15
RET002889,ORD0010663,2,PROD01422,SELL00021,CUST007571,2017-12-18 06:22:40,1,customer_changed_mind,173.15
RET002890,ORD0021413,1,PROD00537,SELL00216,CUST009975,2017-04-04 02:54:05,1,customer_changed_mind,139.9
RET002891,ORD0013806,1,PROD01867,SELL00344,CUST003243,2017-06-25 06:51:59,5,customer_changed_mind,910.7
RET002892,ORD0021691,1,PROD00748,SELL00102,CUST003877,2018-05-16 15:42:15,1,customer_changed_mind,93.7
RET002893,ORD0008230,1,PROD01619,SELL00063,CUST003770,2017-02-05 10:59:14,2,customer_changed_mind,28.48
RET002894,ORD0020224,1,PROD01981,SELL00183,CUST004987,2018-09-09 00:42:29,1,customer_changed_mind,31.82
RET002895,ORD0010419,1,PROD00165,SELL00204,CUST005304,2017-05-27 10:27:11,1,customer_changed_mind,78.36
RET002896,ORD0009372,1,PROD01173,SELL00398,CUST004578,2017-03-05 16:22:43,1,customer_changed_mind,121.02
RET002897,ORD0004531,1,PROD00222,SELL00323,CUST005073,2018-04-20 06:33:43,1,customer_changed_mind,63.19
RET002898,ORD0006736,1,PROD01922,SELL00072,CUST000014,2017-10-20 01:10:23,2,customer_changed_mind,590.76
RET002899,ORD0022080,1,PROD01398,SELL00087,CUST008399,2018-05-01 09:56:10,1,customer_changed_mind,34.77
RET002900,ORD0013796,2,PROD01195,SELL00361,CUST009445,2017-12-11 10:14:10,1,customer_changed_mind,14.68
RET002901,ORD0021240,1,PROD01173,SELL00313,CUST004621,2017-12-14 00:48:30,2,customer_changed_mind,242.04
RET002902,ORD0020962,1,PROD01938,SELL00196,CUST005043,2017-11-21 13:07:07,1,customer_changed_mind,82.63
RET002903,ORD0006067,2,PROD01447,SELL00200,CUST003431,2017-03-22 08:41:51,1,customer_changed_mind,46.81
RET002904,ORD0009380,1,PROD01844,SELL00199,CUST005499,2017-09-23 07:06:33,1,customer_changed_mind,122.62
RET002905,ORD0006223,1,PROD01168,SELL00103,CUST007631,2017-03-14 09:14:52,2,customer_changed_mind,55.22
RET002906,ORD0006865,1,PROD01626,SELL00101,CUST006225,2017-03-12 13:16:30,1,customer_changed_mind,87.57
RET002907,ORD0017927,3,PROD01767,SELL00078,CUST006108,2018-02-09 09:54:56,2,customer_changed_mind,318.56
RET002908,ORD0019726,2,PROD00162,SELL00212,CUST001388,2017-12-28 20:29:47,1,customer_changed_mind,188.18
RET002909,ORD0015661,1,PROD00533,SELL00265,CUST003632,2018-04-29 16:39:48,1,customer_changed_mind,35.09
RET002910,ORD0020585,2,PROD00013,SELL00385,CUST001845,2018-07-20 17:22:35,1,customer_changed_mind,112.77
RET002911,ORD0011244,1,PROD00028,SELL00147,CUST003867,2018-06-02 07:51:45,3,customer_changed_mind,448.29
RET002912,ORD0004842,1,PROD00158,SELL00210,CUST001058,2017-04-25 08:35:54,1,customer_changed_mind,230.01
RET002913,ORD0013010,1,PROD01758,SELL00315,CUST003640,2018-10-09 21:14:52,1,customer_changed_mind,108.56
RET002914,ORD0022115,1,PROD00657,SELL00149,CUST009653,2018-04-13 10:02:44,2,customer_changed_mind,620.66
RET002915,ORD0021384,1,PROD01129,SELL00387,CUST003743,2017-01-10 10:17:20,1,customer_changed_mind,136.61
RET002916,ORD0005648,1,PROD01192,SELL00013,CUST001162,2017-07-07 17:23:31,1,customer_changed_mind,47.09
RET002917,ORD0017009,1,PROD01436,SELL00202,CUST007761,2018-03-07 08:11:37,1,customer_changed_mind,295.48
RET002918,ORD0016259,1,PROD01758,SELL00212,CUST009056,2017-07-28 16:21:27,1,customer_changed_mind,108.56
RET002919,ORD0014891,1,PROD01597,SELL00357,CUST001979,2017-02-26 10:12:34,1,customer_changed_mind,365.64
RET002920,ORD0006222,1,PROD01035,SELL00244,CUST007289,2018-04-26 19:25:52,1,customer_changed_mind,43.43
RET002921,ORD0015300,1,PROD01723,SELL00228,CUST002673,2017-09-14 14:23:46,1,customer_changed_mind,688.28
RET002922,ORD0022186,1,PROD01218,SELL00172,CUST004956,2017-08-06 00:02:31,1,customer_changed_mind,32.07
RET002923,ORD0008686,1,PROD01489,SELL00030,CUST001082,2018-01-27 17:12:03,1,customer_changed_mind,34.11
RET002924,ORD0000220,1,PROD00568,SELL00336,CUST008429,2017-04-19 00:58:11,2,customer_changed_mind,63.38
RET002925,ORD0002379,1,PROD00647,SELL00391,CUST009360,2017-07-28 04:11:18,1,customer_changed_mind,118.94
RET002926,ORD0019442,1,PROD01931,SELL00377,CUST007655,2017-05-02 10:01:52,1,customer_changed_mind,144.93
RET002927,ORD0002829,1,PROD00697,SELL00027,CUST007805,2017-07-23 01:57:05,1,customer_changed_mind,143.82
RET002928,ORD0001456,1,PROD01501,SELL00046,CUST009752,2017-09-30 21:06:32,1,customer_changed_mind,145.76
RET002929,ORD0001937,1,PROD01174,SELL00282,CUST007436,2018-05-12 16:04:33,1,customer_changed_mind,136.41
RET002930,ORD0017851,3,PROD01716,SELL00335,CUST007804,2018-09-24 22:59:01,4,customer_changed_mind,1130.36
RET002931,ORD0005019,1,PROD00433,SELL00356,CUST008450,2017-04-23 18:10:26,2,customer_changed_mind,38.34
RET002932,ORD0002758,1,PROD00825,SELL00274,CUST001010,2018-06-25 11:57:21,1,customer_changed_mind,38.13
RET002933,ORD0015708,1,PROD00915,SELL00356,CUST005130,2018-09-25 00:14:09,1,customer_changed_mind,149.81
RET002934,ORD0014695,1,PROD01604,SELL00362,CUST008772,2018-06-20 11:14:38,3,customer_changed_mind,309.66
RET002935,ORD0021477,1,PROD01355,SELL00055,CUST004228,2018-02-21 22:03:23,1,customer_changed_mind,154.77
RET002936,ORD0016406,1,PROD00758,SELL00037,CUST004325,2017-02-19 00:46:00,2,customer_changed_mind,284.06
RET002937,ORD0006796,1,PROD01220,SELL00334,CUST009665,2017-01-10 11:56:20,1,customer_changed_mind,98.72
RET002938,ORD0020279,1,PROD01499,SELL00042,CUST002086,2017-04-22 04:54:05,1,customer_changed_mind,85.36
RET002939,ORD0005551,2,PROD01597,SELL00374,CUST003836,2018-06-07 23:20:47,3,customer_changed_mind,1096.92
RET002940,ORD0022654,1,PROD01858,SELL00315,CUST000948,2017-07-21 11:57:27,1,customer_changed_mind,200.55
RET002941,ORD0008695,2,PROD01032,SELL00357,CUST009713,2017-02-24 23:33:41,1,customer_changed_mind,13.87
RET002942,ORD0017462,2,PROD00100,SELL00301,CUST009427,2017-06-12 09:34:01,1,customer_changed_mind,47.47
RET002943,ORD0024561,1,PROD01542,SELL00377,CUST005815,2018-02-04 00:03:57,1,customer_changed_mind,44.69
RET002944,ORD0006042,1,PROD00012,SELL00365,CUST002552,2017-01-20 04:34:49,1,customer_changed_mind,211.37
RET002945,ORD0004774,1,PROD01652,SELL00073,CUST002186,2018-03-25 18:21:11,1,customer_changed_mind,57.37
RET002946,ORD0000496,1,PROD00608,SELL00219,CUST000023,2017-03-17 07:34:46,1,customer_changed_mind,118.84
RET002947,ORD0020035,1,PROD01099,SELL00370,CUST009692,2017-12-27 21:39:07,1,customer_changed_mind,182.75
RET002948,ORD0001764,1,PROD00410,SELL00367,CUST004244,2017-10-29 07:10:29,1,customer_changed_mind,216.03
RET002949,ORD0006022,2,PROD01642,SELL00005,CUST006952,2018-02-19 23:52:37,1,customer_changed_mind,47.26
RET002950,ORD0016988,1,PROD01273,SELL00215,CUST009239,2018-01-10 01:21:52,1,customer_changed_mind,99.58
RET002951,ORD0014650,2,PROD00635,SELL00156,CUST007502,2017-12-05 15:53:00,1,customer_changed_mind,112.08
RET002952,ORD0004229,1,PROD00583,SELL00012,CUST002649,2018-01-28 23:15:24,3,customer_changed_mind,240.24
RET002953,ORD0020966,1,PROD00661,SELL00231,CUST006328,2017-10-28 20:13:27,1,customer_changed_mind,47.01
RET002954,ORD0000831,1,PROD00291,SELL00183,CUST008509,2017-01-23 21:02:05,1,customer_changed_mind,116.51
RET002955,ORD0019757,1,PROD00940,SELL00349,CUST001751,2018-07-26 23:02:08,1,customer_changed_mind,139.39
RET002956,ORD0013886,1,PROD00131,SELL00015,CUST006022,2018-10-02 04:35:16,1,customer_changed_mind,97.43
RET002957,ORD0008968,1,PROD00921,SELL00081,CUST001576,2017-12-22 01:06:23,1,customer_changed_mind,36.68
RET002958,ORD0006896,1,PROD00970,SELL00148,CUST000007,2018-09-05 22:30:54,1,customer_changed_mind,21.34
RET002959,ORD0013160,2,PROD01965,SELL00069,CUST000299,2017-08-06 16:26:29,1,customer_changed_mind,192.56
RET002960,ORD0021363,1,PROD00481,SELL00193,CUST006294,2017-10-28 11:15:46,2,customer_changed_mind,139.24
RET002961,ORD0010604,1,PROD00953,SELL00151,CUST002771,2018-03-25 22:31:48,1,customer_changed_mind,285.84
RET002962,ORD0008144,1,PROD00442,SELL00349,CUST005594,2017-02-09 02:07:44,1,customer_changed_mind,58.25
RET002963,ORD0021994,1,PROD00117,SELL00159,CUST009681,2017-09-10 06:59:06,1,customer_changed_mind,104.85
RET002964,ORD0020436,1,PROD00266,SELL00021,CUST006531,2017-05-03 05:30:28,2,customer_changed_mind,179.56
RET002965,ORD0006262,1,PROD00161,SELL00301,CUST001043,2018-09-25 20:36:02,1,customer_changed_mind,765.04
RET002966,ORD0006106,1,PROD00567,SELL00156,CUST007102,2018-04-09 11:48:32,1,customer_changed_mind,33.02
RET002967,ORD0006264,1,PROD00002,SELL00276,CUST009341,2017-10-11 16:07:07,2,customer_changed_mind,218.92
RET002968,ORD0005400,1,PROD01631,SELL00331,CUST007387,2018-10-05 12:06:46,3,customer_changed_mind,94.65
RET002969,ORD0011897,1,PROD01364,SELL00365,CUST006337,2017-12-31 01:10:19,2,customer_changed_mind,62.92
RET002970,ORD0022444,1,PROD01994,SELL00108,CUST008086,2018-05-27 12:29:58,2,customer_changed_mind,151.38
RET002971,ORD0021151,1,PROD01883,SELL00352,CUST006757,2018-07-03 10:58:20,1,customer_changed_mind,60.99
RET002972,ORD0010978,2,PROD01116,SELL00322,CUST004573,2018-09-25 18:45:33,1,customer_changed_mind,27.64
RET002973,ORD0002710,1,PROD01504,SELL00299,CUST003791,2017-01-24 10:05:28,1,customer_changed_mind,53.23
RET002974,ORD0021625,1,PROD01435,SELL00161,CUST001015,2018-10-01 23:53:39,1,customer_changed_mind,44.48
RET002975,ORD0021138,1,PROD01062,SELL00036,CUST001517,2018-09-06 16:24:43,1,customer_changed_mind,31.44
RET002976,ORD0020156,1,PROD01026,SELL00259,CUST004048,2018-09-21 21:04:58,3,customer_changed_mind,233.7
RET002977,ORD0009963,1,PROD01179,SELL00194,CUST006064,2018-05-13 11:08:47,1,customer_changed_mind,111.08
RET002978,ORD0007377,1,PROD01204,SELL00385,CUST000471,2018-03-27 00:01:00,1,customer_changed_mind,200.1
RET002979,ORD0020025,1,PROD01403,SELL00190,CUST006374,2017-05-03 18:52:47,1,customer_changed_mind,139.41
RET002980,ORD0023552,1,PROD01593,SELL00102,CUST009063,2017-06-27 13:38:10,1,customer_changed_mind,180.62
RET002981,ORD0007066,1,PROD00506,SELL00053,CUST004724,2018-08-12 07:36:38,2,customer_changed_mind,112.14
RET002982,ORD0009901,1,PROD01997,SELL00384,CUST008757,2017-11-11 04:17:43,1,customer_changed_mind,149.37
RET002983,ORD0004569,1,PROD01993,SELL00060,CUST000383,2017-02-09 10:03:14,1,customer_changed_mind,33.48
RET002984,ORD0018794,1,PROD01579,SELL00389,CUST009802,2017-11-19 02:58:04,1,customer_changed_mind,115.29
RET002985,ORD0002064,1,PROD00388,SELL00209,CUST009843,2017-12-31 17:35:00,1,customer_changed_mind,108.53
RET002986,ORD0009839,1,PROD00004,SELL00156,CUST005736,2017-07-22 20:17:54,1,customer_changed_mind,47.02
RET002987,ORD0002677,1,PROD00764,SELL00337,CUST002016,2018-03-18 11:24:30,2,customer_changed_mind,144.56
RET002988,ORD0014515,2,PROD00581,SELL00361,CUST002627,2018-06-25 19:27:23,1,customer_changed_mind,68.48
RET002989,ORD0004037,1,PROD00127,SELL00355,CUST008440,2017-09-24 08:06:22,1,customer_changed_mind,108.03
RET002990,ORD0015768,1,PROD00023,SELL00044,CUST005627,2017-03-08 19:20:53,1,customer_changed_mind,78.9
RET002991,ORD0019322,1,PROD01806,SELL00065,CUST006533,2018-04-18 15:02:45,3,customer_changed_mind,968.1
RET002992,ORD0005806,1,PROD00922,SELL00115,CUST009488,2018-09-20 22:50:48,1,customer_changed_mind,54.57
RET002993,ORD0020408,1,PROD01190,SELL00359,CUST002764,2017-09-28 23:15:44,1,customer_changed_mind,137.81
RET002994,ORD0010546,1,PROD01955,SELL00277,CUST004282,2018-08-28 02:48:46,4,customer_changed_mind,100.72
RET002995,ORD0003790,1,PROD01219,SELL00183,CUST005055,2017-08-19 00:11:51,1,customer_changed_mind,37.71
RET002996,ORD0019327,1,PROD00137,SELL00368,CUST007551,2018-01-11 03:50:48,1,customer_changed_mind,78.92
RET002997,ORD0007997,3,PROD00108,SELL00329,CUST002729,2018-09-16 03:27:05,1,customer_changed_mind,88.27
RET002998,ORD0006918,1,PROD01669,SELL00070,CUST006154,2018-01-23 07:42:58,1,customer_changed_mind,78.05
RET002999,ORD0014522,1,PROD01105,SELL00085,CUST002500,2017-05-24 15:06:46,3,customer_changed_mind,257.94
RET003000,ORD0011885,2,PROD01592,SELL00233,CUST008247,2018-08-01 05:02:23,1,customer_changed_mind,134.8
RET003001,ORD0004376,1,PROD00330,SELL00207,CUST004888,2017-05-03 05:17:39,1,customer_changed_mind,35.24
RET003002,ORD0023832,1,PROD00431,SELL00368,CUST007545,2017-03-04 11:18:51,2,customer_changed_mind,153.06
RET003003,ORD0002693,1,PROD00106,SELL00136,CUST008060,2017-11-12 04:51:45,2,customer_changed_mind,81.62
RET003004,ORD0018428,3,PROD01278,SELL00148,CUST006948,2018-02-04 11:15:40,2,customer_changed_mind,182.1
RET003005,ORD0003015,1,PROD01550,SELL00303,CUST003413,2018-08-08 10:55:30,4,customer_changed_mind,381.92
RET003006,ORD0020231,2,PROD00043,SELL00062,CUST006130,2018-08-08 08:09:51,1,customer_changed_mind,21.64
RET003007,ORD0012335,1,PROD01651,SELL00379,CUST008319,2017-08-09 08:01:19,2,customer_changed_mind,295.36
RET003008,ORD0016147,1,PROD00520,SELL00306,CUST009877,2017-09-28 09:16:45,1,customer_changed_mind,137.96
RET003009,ORD0005534,1,PROD00100,SELL00223,CUST004454,2018-09-23 23:31:59,2,customer_changed_mind,94.94
RET003010,ORD0021107,1,PROD01647,SELL00141,CUST002465,2017-10-10 05:49:25,1,customer_changed_mind,43.95
RET003011,ORD0005542,1,PROD00602,SELL00366,CUST005188,2017-01-08 23:38:40,1,customer_changed_mind,53.18
RET003012,ORD0002076,2,PROD00430,SELL00176,CUST002174,2017-01-18 16:01:08,4,customer_changed_mind,789.0
RET003013,ORD0001384,1,PROD00994,SELL00147,CUST004795,2017-04-20 07:43:35,1,customer_changed_mind,55.22
RET003014,ORD0005576,2,PROD00961,SELL00251,CUST004480,2017-08-24 00:45:47,3,customer_changed_mind,105.57
RET003015,ORD0009699,1,PROD01592,SELL00300,CUST009679,2017-03-12 21:47:49,1,customer_changed_mind,134.8
RET003016,ORD0015724,1,PROD01190,SELL00098,CUST006663,2018-03-12 00:34:53,1,customer_changed_mind,137.81
RET003017,ORD0016413,1,PROD01347,SELL00253,CUST002023,2018-07-30 14:59:44,1,customer_changed_mind,35.92
RET003018,ORD0005579,2,PROD00747,SELL00007,CUST004564,2018-04-14 16:01:39,1,customer_changed_mind,142.23
RET003019,ORD0011602,3,PROD01258,SELL00120,CUST005323,2018-10-03 00:58:05,1,customer_changed_mind,299.93
RET003020,ORD0018381,1,PROD00319,SELL00169,CUST007090,2017-03-10 10:53:11,2,customer_changed_mind,694.12
RET003021,ORD0014842,1,PROD01016,SELL00285,CUST007418,2018-03-26 20:07:49,1,customer_changed_mind,76.87
RET003022,ORD0006996,2,PROD01331,SELL00366,CUST001354,2018-08-25 05:37:25,1,customer_changed_mind,157.7
RET003023,ORD0008092,1,PROD01834,SELL00136,CUST007035,2018-03-08 16:43:59,2,customer_changed_mind,685.56
RET003024,ORD0008085,1,PROD00542,SELL00318,CUST006178,2017-07-11 18:32:08,1,customer_changed_mind,102.07
RET003025,ORD0019354,1,PROD01603,SELL00162,CUST007372,2017-09-16 09:27:46,1,customer_changed_mind,102.16
RET003026,ORD0022635,2,PROD01782,SELL00342,CUST001391,2017-10-07 09:56:35,1,customer_changed_mind,101.55
RET003027,ORD0022054,1,PROD01469,SELL00345,CUST005219,2017-10-28 09:25:38,2,customer_changed_mind,246.68
RET003028,ORD0011031,1,PROD01911,SELL00068,CUST009699,2018-06-30 02:23:31,1,customer_changed_mind,125.28
RET003029,ORD0013436,1,PROD01246,SELL00204,CUST001696,2018-08-04 00:43:39,1,customer_changed_mind,63.22
RET003030,ORD0004881,1,PROD01975,SELL00297,CUST000218,2018-07-28 02:23:06,2,customer_changed_mind,100.64
RET003031,ORD0018709,1,PROD00312,SELL00153,CUST006291,2018-05-11 08:40:02,1,customer_changed_mind,112.32
RET003032,ORD0024382,2,PROD00258,SELL00241,CUST009532,2018-05-20 17:05:39,1,customer_changed_mind,14.8
RET003033,ORD0024428,1,PROD01655,SELL00021,CUST007251,2017-03-23 13:09:46,5,customer_changed_mind,1004.4
RET003034,ORD0023845,1,PROD00158,SELL00223,CUST000968,2017-01-21 05:19:11,3,customer_changed_mind,690.03
RET003035,ORD0022797,1,PROD00608,SELL00010,CUST008517,2018-08-09 13:20:09,5,customer_changed_mind,594.2
RET003036,ORD0011767,1,PROD01184,SELL00112,CUST008024,2017-03-08 08:22:01,2,customer_changed_mind,97.96
RET003037,ORD0010578,2,PROD00940,SELL00353,CUST008091,2017-12-25 06:37:51,2,customer_changed_mind,278.78
RET003038,ORD0014256,2,PROD00347,SELL00393,CUST009673,2017-08-04 22:09:18,1,customer_changed_mind,197.42
RET003039,ORD0016819,1,PROD00110,SELL00356,CUST002595,2017-08-01 04:49:51,3,customer_changed_mind,129.99
RET003040,ORD0008229,1,PROD01988,SELL00224,CUST002751,2017-06-23 19:21:56,1,customer_changed_mind,181.55
RET003041,ORD0007824,1,PROD00574,SELL00363,CUST006555,2018-05-04 12:26:30,1,customer_changed_mind,212.51
RET003042,ORD0019720,4,PROD01236,SELL00187,CUST006676,2017-11-06 09:42:38,3,customer_changed_mind,350.46
RET003043,ORD0014794,1,PROD00995,SELL00383,CUST007507,2018-04-06 19:16:31,3,customer_changed_mind,160.62
RET003044,ORD0008841,2,PROD01982,SELL00208,CUST008829,2017-07-06 18:16:45,1,customer_changed_mind,32.7
RET003045,ORD0012830,1,PROD00306,SELL00204,CUST000787,2018-01-20 10:25:23,1,customer_changed_mind,238.33
RET003046,ORD0023731,2,PROD01816,SELL00375,CUST004169,2017-01-25 15:09:16,1,customer_changed_mind,39.2
RET003047,ORD0024625,3,PROD01481,SELL00020,CUST008752,2017-12-19 23:56:57,3,customer_changed_mind,375.78
RET003048,ORD0008684,1,PROD00653,SELL00038,CUST007849,2017-03-22 23:56:50,1,customer_changed_mind,29.64
RET003049,ORD0017331,1,PROD01319,SELL00081,CUST000067,2018-06-28 18:28:41,1,customer_changed_mind,45.21
RET003050,ORD0019625,1,PROD00333,SELL00305,CUST000363,2018-06-15 16:09:51,4,customer_changed_mind,240.56
RET003051,ORD0019913,1,PROD00007,SELL00129,CUST007197,2018-06-02 20:28:08,1,customer_changed_mind,90.52
RET003052,ORD0006331,1,PROD01984,SELL00148,CUST008177,2017-08-27 12:40:11,3,customer_changed_mind,229.17
RET003053,ORD0018490,3,PROD01280,SELL00268,CUST001644,2018-06-10 08:58:37,1,customer_changed_mind,34.32
RET003054,ORD0000696,1,PROD01903,SELL00168,CUST001466,2017-04-27 18:30:02,2,customer_changed_mind,33.58
RET003055,ORD0021159,1,PROD01686,SELL00269,CUST000550,2017-03-09 22:17:17,1,customer_changed_mind,40.93
RET003056,ORD0010837,1,PROD01963,SELL00084,CUST002373,2018-09-20 19:16:14,2,customer_changed_mind,343.62
RET003057,ORD0016829,1,PROD00092,SELL00344,CUST006634,2017-08-22 03:00:19,2,customer_changed_mind,352.78
RET003058,ORD0018770,2,PROD01609,SELL00047,CUST003221,2017-11-08 10:16:28,1,customer_changed_mind,157.04
RET003059,ORD0004211,1,PROD01621,SELL00036,CUST004234,2017-09-17 17:55:01,1,customer_changed_mind,28.19
RET003060,ORD0014104,1,PROD01991,SELL00069,CUST007360,2017-07-22 22:18:50,2,customer_changed_mind,179.06
RET003061,ORD0017529,2,PROD00675,SELL00190,CUST001003,2017-09-09 06:04:56,3,customer_changed_mind,46.02
RET003062,ORD0022035,1,PROD01074,SELL00120,CUST002945,2018-07-03 02:06:42,3,customer_changed_mind,169.11
RET003063,ORD0002788,1,PROD01270,SELL00099,CUST004063,2017-04-28 03:07:51,2,customer_changed_mind,84.84
RET003064,ORD0000413,1,PROD01157,SELL00081,CUST008583,2017-06-01 10:00:29,1,customer_changed_mind,300.65
RET003065,ORD0020509,1,PROD00542,SELL00333,CUST000807,2018-09-01 09:28:36,1,customer_changed_mind,102.07
RET003066,ORD0006814,1,PROD00831,SELL00392,CUST000718,2018-02-21 13:52:22,1,customer_changed_mind,355.39
RET003067,ORD0014873,2,PROD01269,SELL00212,CUST009649,2017-11-28 16:53:17,1,customer_changed_mind,69.88
RET003068,ORD0002141,1,PROD00760,SELL00053,CUST008828,2018-09-21 03:29:36,1,customer_changed_mind,247.79
RET003069,ORD0016486,1,PROD00751,SELL00219,CUST004699,2017-11-19 02:08:08,3,customer_changed_mind,1585.41
RET003070,ORD0019551,2,PROD01338,SELL00119,CUST007103,2018-07-21 19:03:10,4,customer_changed_mind,466.48
RET003071,ORD0006537,2,PROD00851,SELL00301,CUST004607,2017-03-15 19:58:04,1,customer_changed_mind,102.2
RET003072,ORD0004847,1,PROD01179,SELL00182,CUST008561,2017-10-17 12:03:19,2,customer_changed_mind,222.16
RET003073,ORD0011017,1,PROD00912,SELL00236,CUST008675,2017-03-23 00:58:08,1,customer_changed_mind,116.87
RET003074,ORD0013552,1,PROD01746,SELL00152,CUST004137,2018-06-05 13:05:05,1,customer_changed_mind,50.59
RET003075,ORD0019274,1,PROD00032,SELL00219,CUST001150,2017-09-13 07:38:27,1,customer_changed_mind,44.38
RET003076,ORD0007819,1,PROD01393,SELL00353,CUST007886,2017-03-04 12:36:17,3,customer_changed_mind,741.87
RET003077,ORD0023544,1,PROD00688,SELL00381,CUST002157,2018-04-14 02:48:36,2,customer_changed_mind,530.14
RET003078,ORD0016140,1,PROD01615,SELL00171,CUST002071,2017-07-11 23:13:56,1,customer_changed_mind,121.7
RET003079,ORD0000674,2,PROD01319,SELL00390,CUST000622,2017-09-07 16:05:30,1,customer_changed_mind,45.21
RET003080,ORD0019265,1,PROD00251,SELL00224,CUST007080,2017-10-05 10:57:51,1,customer_changed_mind,97.11
RET003081,ORD0012312,1,PROD01506,SELL00284,CUST006043,2017-12-07 19:49:24,1,customer_changed_mind,28.7
RET003082,ORD0001803,1,PROD00793,SELL00095,CUST002854,2017-05-26 04:48:18,4,customer_changed_mind,365.36
RET003083,ORD0006272,1,PROD01096,SELL00384,CUST003323,2017-11-27 10:38:16,3,customer_changed_mind,231.84
RET003084,ORD0013347,2,PROD00492,SELL00162,CUST006096,2017-05-26 02:51:51,1,customer_changed_mind,151.01
RET003085,ORD0008018,1,PROD01332,SELL00271,CUST008618,2018-03-20 05:07:49,4,customer_changed_mind,182.4
RET003086,ORD0009941,2,PROD00469,SELL00091,CUST002645,2018-05-26 07:32:06,2,customer_changed_mind,139.54
RET003087,ORD0014426,1,PROD01222,SELL00396,CUST007467,2017-10-17 00:33:15,3,customer_changed_mind,951.99
RET003088,ORD0005885,1,PROD01802,SELL00211,CUST007078,2018-05-04 01:16:58,1,customer_changed_mind,62.14
RET003089,ORD0004546,1,PROD01540,SELL00027,CUST003474,2018-04-04 20:05:15,1,customer_changed_mind,35.15
RET003090,ORD0023742,1,PROD00306,SELL00365,CUST008477,2018-06-10 05:48:37,1,customer_changed_mind,238.33
RET003091,ORD0021279,1,PROD01772,SELL00313,CUST003739,2017-03-31 00:05:28,1,customer_changed_mind,212.8
RET003092,ORD0013922,2,PROD01055,SELL00217,CUST001870,2018-02-20 21:03:45,1,customer_changed_mind,50.35
RET003093,ORD0012316,1,PROD01828,SELL00055,CUST000667,2018-09-05 17:20:32,2,customer_changed_mind,380.98
RET003094,ORD0020637,1,PROD00153,SELL00031,CUST006813,2018-06-25 12:42:26,1,customer_changed_mind,95.85
RET003095,ORD0000914,1,PROD01161,SELL00390,CUST002316,2018-03-01 05:54:44,1,customer_changed_mind,94.24
RET003096,ORD0023008,1,PROD01364,SELL00060,CUST001826,2018-07-19 20:48:41,2,customer_changed_mind,62.92
RET003097,ORD0019672,1,PROD00071,SELL00212,CUST009137,2017-04-10 07:51:25,2,customer_changed_mind,88.1
RET003098,ORD0018194,1,PROD00247,SELL00396,CUST006421,2018-05-01 04:35:56,1,customer_changed_mind,190.22
RET003099,ORD0014962,1,PROD01204,SELL00030,CUST005706,2018-02-14 09:30:05,1,customer_changed_mind,200.1
RET003100,ORD0005682,1,PROD01336,SELL00274,CUST000214,2017-05-03 11:08:03,1,customer_changed_mind,83.81
RET003101,ORD0013954,1,PROD01688,SELL00158,CUST008667,2018-02-06 22:28:32,1,customer_changed_mind,170.37
RET003102,ORD0020918,1,PROD01099,SELL00005,CUST000148,2017-12-18 17:43:54,1,customer_changed_mind,182.75
RET003103,ORD0021588,4,PROD01134,SELL00375,CUST008092,2017-06-26 22:20:15,1,customer_changed_mind,22.02
RET003104,ORD0024163,1,PROD00939,SELL00195,CUST008357,2017-09-13 05:58:34,2,customer_changed_mind,283.22
RET003105,ORD0008155,1,PROD00242,SELL00256,CUST000971,2017-02-21 04:40:34,1,customer_changed_mind,35.82
RET003106,ORD0021221,1,PROD01033,SELL00164,CUST004082,2018-03-10 00:21:04,1,customer_changed_mind,84.93
RET003107,ORD0011311,1,PROD01783,SELL00263,CUST009159,2017-09-06 18:38:15,3,customer_changed_mind,160.8
RET003108,ORD0023460,1,PROD00719,SELL00254,CUST001565,2017-08-08 21:53:12,1,customer_changed_mind,316.83
RET003109,ORD0008739,1,PROD00341,SELL00076,CUST004854,2017-10-09 20:28:22,2,customer_changed_mind,268.38
RET003110,ORD0006991,1,PROD01575,SELL00195,CUST000154,2018-01-28 05:14:33,1,customer_changed_mind,59.24
RET003111,ORD0012365,1,PROD01999,SELL00070,CUST004229,2018-02-03 19:53:14,1,customer_changed_mind,161.01
RET003112,ORD0008857,1,PROD00734,SELL00173,CUST009221,2018-07-25 12:04:21,1,customer_changed_mind,162.02
RET003113,ORD0019868,1,PROD01102,SELL00130,CUST004624,2017-02-07 17:36:43,3,customer_changed_mind,163.44
RET003114,ORD0014701,1,PROD01575,SELL00162,CUST007362,2018-03-08 10:16:52,1,customer_changed_mind,59.24
RET003115,ORD0015249,1,PROD00554,SELL00279,CUST008420,2017-11-06 23:49:18,1,customer_changed_mind,194.05
RET003116,ORD0017789,1,PROD00328,SELL00197,CUST004235,2018-05-26 17:31:57,4,customer_changed_mind,270.04
RET003117,ORD0020658,1,PROD00191,SELL00332,CUST001071,2018-02-07 18:26:27,1,customer_changed_mind,45.78
RET003118,ORD0000924,1,PROD00338,SELL00244,CUST003799,2017-08-11 11:20:31,2,customer_changed_mind,97.34
RET003119,ORD0012664,1,PROD01687,SELL00066,CUST003416,2018-05-13 21:55:16,1,customer_changed_mind,92.15
RET003120,ORD0002460,1,PROD01662,SELL00239,CUST002230,2017-05-22 00:42:16,1,customer_changed_mind,110.38
RET003121,ORD0015349,1,PROD01710,SELL00056,CUST002805,2018-03-11 08:41:10,1,customer_changed_mind,58.35
RET003122,ORD0011620,1,PROD01974,SELL00133,CUST000182,2018-05-07 02:53:12,1,customer_changed_mind,70.94
RET003123,ORD0022226,1,PROD01956,SELL00139,CUST009685,2017-01-20 18:57:54,1,customer_changed_mind,45.83
RET003124,ORD0023689,1,PROD01415,SELL00044,CUST006994,2018-03-21 17:03:29,1,customer_changed_mind,252.78
RET003125,ORD0003719,2,PROD00939,SELL00297,CUST006158,2017-10-25 22:41:20,1,customer_changed_mind,141.61
RET003126,ORD0016158,1,PROD00727,SELL00150,CUST002058,2018-10-02 11:24:38,1,customer_changed_mind,194.39
RET003127,ORD0024477,3,PROD01109,SELL00145,CUST004323,2017-05-07 03:15:23,1,customer_changed_mind,217.91
RET003128,ORD0011038,1,PROD01621,SELL00062,CUST002331,2018-06-25 05:49:03,1,customer_changed_mind,28.19
RET003129,ORD0012304,2,PROD00800,SELL00389,CUST006102,2018-02-07 06:53:46,5,customer_changed_mind,82.4
RET003130,ORD0023426,1,PROD01723,SELL00316,CUST000074,2017-10-21 12:17:14,1,customer_changed_mind,688.28
RET003131,ORD0006860,1,PROD00851,SELL00239,CUST004521,2018-08-09 16:25:04,1,customer_changed_mind,102.2
RET003132,ORD0023055,2,PROD01994,SELL00312,CUST003164,2017-07-07 03:14:44,3,customer_changed_mind,227.07
RET003133,ORD0023521,1,PROD00002,SELL00035,CUST005467,2017-07-22 17:45:38,1,customer_changed_mind,109.46
RET003134,ORD0008629,3,PROD00924,SELL00213,CUST009438,2018-09-04 06:42:21,1,customer_changed_mind,44.79
RET003135,ORD0010077,1,PROD01166,SELL00176,CUST009510,2017-04-27 08:52:16,2,customer_changed_mind,346.8
RET003136,ORD0017151,1,PROD00110,SELL00249,CUST003129,2017-02-02 10:57:30,1,customer_changed_mind,43.33
RET003137,ORD0015811,1,PROD01017,SELL00146,CUST004043,2017-04-21 20:12:44,1,customer_changed_mind,85.89
RET003138,ORD0009248,1,PROD01994,SELL00275,CUST008798,2017-11-19 18:39:15,1,customer_changed_mind,75.69
RET003139,ORD0023145,2,PROD00061,SELL00335,CUST001326,2018-09-03 15:51:08,3,customer_changed_mind,62.16
RET003140,ORD0012820,1,PROD01112,SELL00255,CUST007211,2017-06-20 13:07:12,1,customer_changed_mind,127.43
RET003141,ORD0009961,1,PROD00702,SELL00174,CUST001601,2018-05-22 11:46:36,1,customer_changed_mind,97.87
RET003142,ORD0018676,1,PROD01385,SELL00126,CUST008355,2017-05-15 16:27:44,2,customer_changed_mind,70.58
RET003143,ORD0017884,1,PROD00597,SELL00057,CUST000898,2017-05-16 01:43:12,1,customer_changed_mind,152.09
RET003144,ORD0023187,2,PROD00547,SELL00363,CUST003370,2017-04-07 06:17:35,1,customer_changed_mind,145.39
RET003145,ORD0008677,2,PROD00124,SELL00061,CUST008221,2017-06-27 18:18:02,3,customer_changed_mind,122.91
RET003146,ORD0001371,1,PROD00760,SELL00227,CUST007397,2018-01-20 11:31:28,1,customer_changed_mind,247.79
RET003147,ORD0005270,1,PROD00742,SELL00021,CUST002641,2018-04-20 23:57:17,1,customer_changed_mind,13.11
RET003148,ORD0012885,1,PROD00158,SELL00310,CUST003247,2017-03-31 11:59:53,1,customer_changed_mind,230.01
RET003149,ORD0004782,2,PROD01194,SELL00011,CUST008360,2018-06-03 10:39:58,2,customer_changed_mind,124.94
RET003150,ORD0003123,1,PROD00459,SELL00041,CUST002821,2018-02-17 12:41:49,1,customer_changed_mind,47.57
RET003151,ORD0009885,1,PROD00567,SELL00369,CUST009008,2017-07-26 09:52:06,1,customer_changed_mind,33.02
RET003152,ORD0020426,1,PROD00727,SELL00043,CUST009968,2018-02-06 16:33:45,1,customer_changed_mind,194.39
RET003153,ORD0023359,1,PROD00197,SELL00274,CUST009735,2018-03-27 20:13:31,1,customer_changed_mind,51.13
RET003154,ORD0017261,2,PROD00596,SELL00340,CUST007048,2017-05-10 21:39:14,2,customer_changed_mind,113.32
RET003155,ORD0018615,1,PROD01577,SELL00302,CUST007622,2018-09-27 12:55:50,1,customer_changed_mind,42.11
RET003156,ORD0002679,1,PROD00658,SELL00393,CUST007761,2017-04-09 14:50:29,2,customer_changed_mind,373.48
RET003157,ORD0003155,1,PROD01353,SELL00296,CUST002988,2018-06-21 18:21:11,1,customer_changed_mind,62.43
RET003158,ORD0012171,1,PROD00684,SELL00188,CUST006951,2017-10-06 07:22:26,1,customer_changed_mind,166.84
RET003159,ORD0014671,2,PROD01185,SELL00270,CUST009975,2017-08-12 17:26:10,1,customer_changed_mind,118.25
RET003160,ORD0007901,1,PROD01567,SELL00175,CUST002343,2018-07-26 18:32:54,1,customer_changed_mind,260.21
RET003161,ORD0000590,1,PROD01758,SELL00053,CUST007174,2018-04-25 08:39:19,2,customer_changed_mind,217.12
RET003162,ORD0004364,1,PROD00041,SELL00123,CUST000635,2017-07-09 14:43:28,1,customer_changed_mind,110.22
RET003163,ORD0012288,1,PROD00826,SELL00165,CUST008273,2017-12-12 13:26:58,1,customer_changed_mind,33.48
RET003164,ORD0015051,1,PROD00993,SELL00262,CUST007249,2018-02-21 14:38:31,1,customer_changed_mind,73.49
RET003165,ORD0022275,1,PROD00963,SELL00287,CUST002142,2018-05-16 07:06:01,3,customer_changed_mind,238.83
RET003166,ORD0022271,1,PROD00595,SELL00039,CUST008278,2018-06-25 08:34:36,4,customer_changed_mind,156.0
RET003167,ORD0007316,1,PROD01343,SELL00223,CUST003389,2017-04-05 09:44:23,1,customer_changed_mind,240.42
RET003168,ORD0015222,1,PROD00605,SELL00399,CUST008303,2018-07-17 01:39:41,1,customer_changed_mind,37.88
RET003169,ORD0012360,1,PROD01410,SELL00338,CUST001998,2017-04-08 15:07:02,1,customer_changed_mind,21.68
RET003170,ORD0016896,2,PROD01056,SELL00370,CUST007465,2017-05-12 00:52:51,2,customer_changed_mind,154.38
RET003171,ORD0015594,2,PROD00602,SELL00393,CUST008458,2017-07-27 08:24:14,1,customer_changed_mind,53.18
RET003172,ORD0002807,1,PROD01475,SELL00329,CUST007186,2017-12-01 23:47:24,2,customer_changed_mind,114.72
RET003173,ORD0002901,1,PROD00687,SELL00297,CUST008284,2017-06-16 14:05:39,2,customer_changed_mind,93.58
RET003174,ORD0020320,1,PROD00809,SELL00282,CUST000985,2017-11-06 19:32:05,3,customer_changed_mind,137.31
RET003175,ORD0000744,1,PROD01538,SELL00261,CUST006513,2018-05-27 07:38:11,1,customer_changed_mind,43.17
RET003176,ORD0009049,1,PROD01823,SELL00325,CUST009844,2017-08-19 06:30:17,1,customer_changed_mind,215.87
RET003177,ORD0023381,2,PROD01786,SELL00196,CUST003066,2018-01-11 18:45:51,1,customer_changed_mind,153.45
RET003178,ORD0005910,1,PROD01458,SELL00146,CUST005770,2018-07-10 23:01:11,1,customer_changed_mind,41.87
RET003179,ORD0008923,1,PROD00866,SELL00133,CUST007143,2018-03-05 16:31:48,1,customer_changed_mind,69.32
RET003180,ORD0019662,1,PROD00785,SELL00151,CUST009546,2018-05-18 17:16:16,1,customer_changed_mind,58.05
RET003181,ORD0018039,1,PROD01763,SELL00108,CUST001284,2017-03-15 16:09:16,2,customer_changed_mind,523.74
RET003182,ORD0018809,1,PROD00036,SELL00004,CUST007572,2017-11-02 02:00:10,1,customer_changed_mind,299.83
RET003183,ORD0004076,1,PROD01742,SELL00096,CUST009777,2018-06-02 09:44:16,1,customer_changed_mind,58.12
RET003184,ORD0019701,1,PROD01936,SELL00233,CUST008239,2017-06-10 19:08:06,4,customer_changed_mind,89.0
RET003185,ORD0003553,1,PROD01550,SELL00030,CUST009859,2018-07-13 19:40:34,1,customer_changed_mind,95.48
RET003186,ORD0012579,1,PROD01199,SELL00089,CUST009081,2017-08-18 07:28:10,1,customer_changed_mind,66.63
RET003187,ORD0012116,1,PROD00302,SELL00377,CUST004220,2017-01-21 21:35:58,2,customer_changed_mind,111.44
RET003188,ORD0005409,1,PROD01787,SELL00160,CUST001074,2017-11-20 05:01:35,1,customer_changed_mind,30.62
RET003189,ORD0016152,2,PROD01975,SELL00344,CUST006693,2017-06-30 13:11:06,1,customer_changed_mind,50.32
RET003190,ORD0012285,1,PROD01439,SELL00274,CUST002629,2018-02-08 15:11:41,1,customer_changed_mind,184.36
RET003191,ORD0021635,1,PROD01056,SELL00268,CUST008316,2017-05-27 02:11:26,1,customer_changed_mind,77.19
RET003192,ORD0006752,1,PROD01055,SELL00379,CUST004549,2018-08-12 19:16:07,2,customer_changed_mind,100.7
RET003193,ORD0009743,1,PROD01613,SELL00287,CUST002928,2018-06-23 02:09:25,1,customer_changed_mind,28.48
RET003194,ORD0011737,1,PROD01546,SELL00130,CUST007238,2018-03-02 01:34:24,4,customer_changed_mind,909.72
RET003195,ORD0012562,1,PROD00619,SELL00221,CUST006198,2017-12-14 11:22:46,4,customer_changed_mind,260.56
RET003196,ORD0002541,1,PROD00257,SELL00381,CUST002942,2018-02-22 02:19:44,4,customer_changed_mind,83.04
RET003197,ORD0007677,1,PROD01894,SELL00376,CUST009755,2018-04-20 11:51:12,1,customer_changed_mind,61.91
RET003198,ORD0020958,2,PROD01055,SELL00279,CUST007205,2017-01-10 04:01:51,1,customer_changed_mind,50.35
RET003199,ORD0012655,1,PROD00494,SELL00144,CUST003074,2017-07-24 04:53:25,1,customer_changed_mind,155.18
RET003200,ORD0011401,2,PROD01201,SELL00221,CUST003402,2018-03-22 02:52:42,2,customer_changed_mind,45.76
RET003201,ORD0019170,1,PROD01011,SELL00063,CUST003357,2018-06-23 20:20:50,1,customer_changed_mind,211.11
RET003202,ORD0003516,2,PROD01102,SELL00381,CUST002382,2018-06-14 00:51:20,3,customer_changed_mind,163.44
RET003203,ORD0019484,1,PROD00469,SELL00263,CUST005845,2018-04-21 23:08:41,1,customer_changed_mind,69.77
RET003204,ORD0019535,1,PROD01140,SELL00189,CUST008934,2018-02-26 20:41:19,1,customer_changed_mind,148.94
RET003205,ORD0005432,3,PROD01738,SELL00094,CUST003640,2017-03-23 22:19:34,1,customer_changed_mind,48.32
RET003206,ORD0011952,1,PROD00331,SELL00190,CUST001299,2017-02-08 00:56:18,2,customer_changed_mind,76.86
RET003207,ORD0021447,1,PROD00494,SELL00246,CUST008177,2017-09-18 20:46:27,3,customer_changed_mind,465.54
RET003208,ORD0021611,1,PROD00373,SELL00129,CUST006733,2017-03-06 04:53:17,1,customer_changed_mind,120.64
RET003209,ORD0016883,2,PROD01768,SELL00144,CUST003703,2017-09-25 08:52:43,1,customer_changed_mind,53.0
RET003210,ORD0024048,1,PROD01786,SELL00199,CUST007141,2017-10-11 12:48:22,2,customer_changed_mind,306.9
RET003211,ORD0008725,1,PROD01883,SELL00120,CUST006510,2018-05-24 09:08:29,2,customer_changed_mind,121.98
RET003212,ORD0017198,1,PROD00332,SELL00123,CUST007158,2018-07-19 01:27:41,1,customer_changed_mind,34.28
RET003213,ORD0015214,1,PROD01363,SELL00173,CUST009953,2017-04-15 23:20:52,5,customer_changed_mind,85.25
RET003214,ORD0003149,1,PROD00815,SELL00228,CUST005574,2017-05-04 16:51:28,1,customer_changed_mind,55.43
RET003215,ORD0009759,1,PROD00717,SELL00344,CUST007844,2017-08-23 08:19:04,1,customer_changed_mind,48.95
RET003216,ORD0018679,1,PROD00580,SELL00095,CUST008728,2018-08-06 11:40:42,1,customer_changed_mind,179.21
RET003217,ORD0007033,2,PROD00652,SELL00092,CUST000086,2017-10-29 09:11:29,1,customer_changed_mind,142.94
RET003218,ORD0008182,1,PROD01735,SELL00125,CUST002568,2018-01-04 06:20:49,1,customer_changed_mind,98.77
RET003219,ORD0010041,1,PROD00855,SELL00032,CUST004282,2018-03-21 22:37:44,1,customer_changed_mind,96.03
RET003220,ORD0015241,1,PROD01722,SELL00145,CUST007184,2017-01-21 05:47:57,2,customer_changed_mind,282.4
RET003221,ORD0005786,2,PROD00845,SELL00087,CUST007842,2018-08-06 08:11:21,1,customer_changed_mind,137.34
RET003222,ORD0010166,1,PROD00979,SELL00178,CUST001109,2017-06-25 05:04:55,1,customer_changed_mind,144.13
RET003223,ORD0015674,1,PROD01584,SELL00210,CUST004751,2017-07-28 17:09:07,2,customer_changed_mind,274.12
RET003224,ORD0003121,2,PROD00236,SELL00077,CUST001231,2017-06-27 04:32:51,1,customer_changed_mind,52.15
RET003225,ORD0024606,1,PROD00810,SELL00389,CUST003091,2017-07-16 14:15:30,1,customer_changed_mind,24.73
RET003226,ORD0003969,1,PROD01196,SELL00184,CUST005799,2018-07-20 02:12:52,1,customer_changed_mind,223.93
RET003227,ORD0017450,1,PROD00648,SELL00102,CUST003707,2017-09-28 12:31:07,2,customer_changed_mind,202.26
RET003228,ORD0020726,1,PROD00339,SELL00052,CUST000068,2017-07-06 07:09:16,3,customer_changed_mind,230.46
RET003229,ORD0016623,1,PROD00626,SELL00369,CUST005665,2017-06-04 12:58:56,1,customer_changed_mind,126.82
RET003230,ORD0014939,1,PROD01117,SELL00210,CUST008191,2017-01-20 07:50:28,1,customer_changed_mind,47.47
RET003231,ORD0015890,2,PROD01145,SELL00146,CUST000965,2018-07-11 12:41:39,1,customer_changed_mind,852.99
RET003232,ORD0001236,1,PROD00007,SELL00222,CUST003978,2018-05-28 04:12:02,2,customer_changed_mind,181.04
RET003233,ORD0016761,1,PROD01856,SELL00259,CUST003014,2017-04-20 05:46:59,3,customer_changed_mind,349.02
RET003234,ORD0006362,1,PROD01593,SELL00329,CUST003839,2017-02-11 23:16:53,1,customer_changed_mind,180.62
RET003235,ORD0019909,2,PROD00435,SELL00060,CUST009090,2018-03-28 04:28:17,3,customer_changed_mind,182.76
RET003236,ORD0019177,1,PROD00823,SELL00374,CUST003506,2018-07-11 00:31:44,1,customer_changed_mind,76.61
RET003237,ORD0022357,1,PROD01724,SELL00023,CUST007918,2018-03-09 20:06:56,1,customer_changed_mind,341.84
RET003238,ORD0019954,1,PROD00722,SELL00231,CUST007703,2017-11-25 15:25:25,3,customer_changed_mind,234.03
RET003239,ORD0012983,1,PROD01026,SELL00357,CUST006423,2018-06-05 17:28:15,3,customer_changed_mind,233.7
RET003240,ORD0003636,1,PROD00312,SELL00215,CUST006809,2018-03-21 23:15:57,1,customer_changed_mind,112.32
RET003241,ORD0001973,2,PROD00061,SELL00397,CUST001898,2017-09-02 06:59:53,1,customer_changed_mind,20.72
RET003242,ORD0019861,3,PROD01669,SELL00376,CUST005989,2017-01-26 19:51:41,2,customer_changed_mind,156.1
RET003243,ORD0006121,1,PROD00740,SELL00311,CUST005703,2017-12-09 08:15:10,3,customer_changed_mind,314.34
RET003244,ORD0020793,1,PROD01821,SELL00067,CUST008156,2017-10-01 06:57:22,3,customer_changed_mind,325.56
RET003245,ORD0021923,1,PROD00159,SELL00190,CUST009648,2017-12-21 17:35:59,1,customer_changed_mind,168.8
RET003246,ORD0024518,2,PROD00069,SELL00265,CUST000518,2017-10-17 22:55:11,4,customer_changed_mind,252.68
RET003247,ORD0012069,1,PROD00946,SELL00375,CUST000520,2017-05-06 15:26:57,1,customer_changed_mind,34.09
RET003248,ORD0020421,1,PROD01891,SELL00377,CUST009092,2018-01-21 16:33:13,2,customer_changed_mind,290.16
RET003249,ORD0008817,1,PROD01141,SELL00345,CUST001790,2017-07-15 05:25:03,1,customer_changed_mind,122.56
RET003250,ORD0000017,1,PROD01492,SELL00174,CUST007652,2017-03-04 12:18:29,1,customer_changed_mind,70.92
RET003251,ORD0003512,1,PROD00524,SELL00394,CUST006412,2018-01-14 17:59:52,2,customer_changed_mind,89.2
RET003252,ORD0013750,1,PROD00848,SELL00069,CUST007831,2017-09-15 00:16:22,1,customer_changed_mind,26.41
RET003253,ORD0010870,1,PROD00073,SELL00340,CUST009261,2017-07-03 00:48:22,1,customer_changed_mind,74.43
RET003254,ORD0017563,1,PROD01881,SELL00238,CUST009849,2017-03-28 08:49:16,3,customer_changed_mind,318.84
RET003255,ORD0010517,1,PROD00134,SELL00018,CUST003984,2017-06-29 00:22:13,1,customer_changed_mind,88.32
RET003256,ORD0008460,1,PROD01884,SELL00328,CUST001455,2018-04-22 18:45:17,1,customer_changed_mind,234.18
RET003257,ORD0010637,1,PROD00477,SELL00034,CUST006850,2017-02-12 19:56:16,3,customer_changed_mind,461.13
RET003258,ORD0005642,1,PROD00840,SELL00247,CUST000086,2017-10-02 01:37:11,1,customer_changed_mind,276.65
RET003259,ORD0020559,1,PROD01064,SELL00085,CUST009341,2017-01-13 06:37:15,4,customer_changed_mind,836.44
RET003260,ORD0000965,1,PROD01944,SELL00064,CUST008041,2017-08-30 23:20:49,1,customer_changed_mind,110.77
RET003261,ORD0016874,1,PROD00528,SELL00228,CUST004460,2017-05-06 01:22:52,1,customer_changed_mind,42.25
RET003262,ORD0001071,1,PROD01421,SELL00035,CUST001826,2017-09-06 01:23:04,1,customer_changed_mind,263.6
RET003263,ORD0016572,1,PROD00985,SELL00189,CUST004078,2018-06-04 04:55:28,1,customer_changed_mind,171.9
RET003264,ORD0015896,1,PROD00345,SELL00368,CUST007625,2017-09-14 05:31:22,2,customer_changed_mind,299.66
RET003265,ORD0007161,1,PROD00809,SELL00335,CUST008352,2018-08-16 13:54:23,3,customer_changed_mind,137.31
RET003266,ORD0008333,2,PROD00395,SELL00118,CUST001535,2017-12-23 12:00:29,1,customer_changed_mind,86.87
RET003267,ORD0018861,1,PROD01208,SELL00313,CUST009057,2017-11-21 23:10:52,1,customer_changed_mind,65.32
RET003268,ORD0023010,1,PROD00154,SELL00177,CUST000394,2017-03-28 17:01:13,1,customer_changed_mind,124.84
RET003269,ORD0024401,1,PROD00808,SELL00164,CUST007419,2017-04-20 10:32:13,1,customer_changed_mind,59.05
RET003270,ORD0014269,1,PROD00296,SELL00053,CUST009829,2017-03-12 11:36:28,1,customer_changed_mind,19.84
RET003271,ORD0009004,1,PROD01284,SELL00096,CUST001638,2017-07-17 03:56:05,1,customer_changed_mind,155.01
RET003272,ORD0004005,1,PROD01788,SELL00146,CUST004213,2018-08-29 11:10:08,1,customer_changed_mind,35.99
RET003273,ORD0014327,1,PROD01687,SELL00206,CUST002884,2018-07-02 21:40:50,1,customer_changed_mind,92.15
RET003274,ORD0014219,1,PROD01093,SELL00114,CUST003015,2017-08-30 13:49:13,1,customer_changed_mind,54.11
RET003275,ORD0020746,1,PROD00720,SELL00058,CUST005886,2017-02-22 17:47:07,1,customer_changed_mind,98.27
RET003276,ORD0017278,1,PROD00185,SELL00127,CUST002508,2018-08-22 08:08:15,1,customer_changed_mind,68.32
RET003277,ORD0013151,1,PROD00417,SELL00201,CUST009424,2018-05-10 00:52:15,1,customer_changed_mind,184.7
RET003278,ORD0021590,2,PROD00582,SELL00257,CUST000445,2018-05-05 22:07:27,5,customer_changed_mind,252.2
RET003279,ORD0011493,1,PROD00095,SELL00097,CUST008892,2018-07-10 20:56:44,1,customer_changed_mind,31.09
RET003280,ORD0023081,1,PROD00214,SELL00360,CUST002544,2017-10-10 01:25:45,3,customer_changed_mind,170.94
RET003281,ORD0006622,1,PROD00789,SELL00105,CUST008711,2017-10-09 20:47:52,2,customer_changed_mind,93.64
RET003282,ORD0005140,1,PROD01788,SELL00285,CUST006258,2018-04-30 07:40:08,1,customer_changed_mind,35.99
RET003283,ORD0009823,2,PROD00356,SELL00308,CUST004433,2017-12-26 07:17:41,1,customer_changed_mind,52.23
RET003284,ORD0014022,1,PROD01764,SELL00338,CUST000170,2017-08-04 03:09:30,1,customer_changed_mind,93.25
RET003285,ORD0016109,1,PROD01528,SELL00323,CUST000494,2017-06-19 10:44:59,2,customer_changed_mind,427.18
RET003286,ORD0020301,1,PROD00383,SELL00294,CUST005721,2018-07-06 22:46:47,1,customer_changed_mind,86.85
RET003287,ORD0006778,1,PROD00945,SELL00057,CUST002503,2017-09-12 07:04:16,1,customer_changed_mind,144.93
RET003288,ORD0002874,1,PROD01717,SELL00146,CUST008103,2017-11-27 17:14:33,1,customer_changed_mind,168.3
RET003289,ORD0006122,1,PROD01110,SELL00296,CUST000929,2018-09-13 11:51:26,1,customer_changed_mind,420.52
RET003290,ORD0002385,1,PROD01468,SELL00083,CUST008926,2018-04-28 13:36:31,1,customer_changed_mind,438.0
RET003291,ORD0016736,1,PROD00996,SELL00013,CUST009341,2017-03-02 00:30:07,2,customer_changed_mind,299.86
RET003292,ORD0013219,1,PROD01073,SELL00277,CUST006334,2017-01-15 11:25:17,1,customer_changed_mind,142.62
RET003293,ORD0002501,1,PROD00818,SELL00237,CUST009394,2018-09-25 08:33:11,1,customer_changed_mind,251.19
RET003294,ORD0021268,1,PROD01135,SELL00287,CUST001796,2018-09-23 09:24:30,1,customer_changed_mind,151.59
RET003295,ORD0014268,1,PROD01644,SELL00172,CUST000365,2018-07-31 12:49:04,1,customer_changed_mind,224.71
RET003296,ORD0015801,2,PROD01146,SELL00090,CUST002668,2018-01-30 14:00:15,1,customer_changed_mind,23.25
RET003297,ORD0008394,1,PROD01015,SELL00108,CUST007245,2017-04-09 05:41:53,1,customer_changed_mind,89.83
RET003298,ORD0004414,1,PROD00368,SELL00163,CUST000313,2017-03-08 01:16:17,2,customer_changed_mind,399.48
RET003299,ORD0011936,2,PROD01597,SELL00351,CUST007772,2018-06-10 03:17:29,2,customer_changed_mind,731.28
RET003300,ORD0019247,1,PROD01483,SELL00179,CUST000723,2017-02-14 15:30:51,1,customer_changed_mind,93.42
RET003301,ORD0018546,1,PROD01020,SELL00201,CUST004761,2017-05-16 19:12:21,1,customer_changed_mind,43.29
RET003302,ORD0018684,1,PROD00459,SELL00162,CUST003607,2017-07-25 00:09:05,1,customer_changed_mind,47.57
RET003303,ORD0012813,1,PROD01501,SELL00310,CUST000683,2017-12-20 19:12:49,4,customer_changed_mind,583.04
RET003304,ORD0004176,2,PROD01760,SELL00050,CUST000112,2018-08-29 02:22:09,1,customer_changed_mind,78.69
RET003305,ORD0017561,1,PROD00812,SELL00098,CUST007730,2017-07-07 19:43:57,2,customer_changed_mind,344.52
RET003306,ORD0023609,1,PROD00801,SELL00124,CUST000261,2017-07-10 13:57:22,1,customer_changed_mind,56.49
RET003307,ORD0012716,1,PROD01028,SELL00025,CUST004627,2017-08-02 07:42:36,1,customer_changed_mind,72.3
RET003308,ORD0001470,1,PROD01261,SELL00316,CUST004914,2018-10-03 19:54:53,1,customer_changed_mind,190.21
RET003309,ORD0015736,1,PROD01551,SELL00037,CUST003707,2017-05-10 02:05:03,1,customer_changed_mind,26.33
RET003310,ORD0021176,1,PROD00335,SELL00341,CUST004822,2018-08-19 11:52:29,1,customer_changed_mind,139.91
RET003311,ORD0014971,1,PROD01911,SELL00316,CUST007895,2017-10-03 07:31:12,2,customer_changed_mind,250.56
RET003312,ORD0012027,1,PROD01117,SELL00296,CUST006209,2017-03-11 08:05:36,2,customer_changed_mind,94.94
RET003313,ORD0015078,1,PROD00745,SELL00364,CUST009952,2018-08-10 10:36:50,2,customer_changed_mind,67.66
RET003314,ORD0018673,1,PROD01451,SELL00085,CUST007678,2018-01-03 12:56:13,3,customer_changed_mind,124.92
RET003315,ORD0005011,1,PROD00900,SELL00057,CUST006036,2018-08-17 16:06:36,1,customer_changed_mind,25.46
RET003316,ORD0010008,1,PROD01555,SELL00134,CUST000207,2018-04-09 22:47:21,1,customer_changed_mind,36.75
RET003317,ORD0019612,1,PROD01297,SELL00267,CUST000407,2018-06-25 07:37:48,1,customer_changed_mind,52.22
RET003318,ORD0005558,1,PROD01031,SELL00096,CUST001135,2017-03-04 02:27:22,1,customer_changed_mind,204.72
RET003319,ORD0004068,2,PROD01260,SELL00281,CUST006039,2017-11-13 03:17:11,1,customer_changed_mind,85.98
RET003320,ORD0020388,1,PROD00104,SELL00106,CUST000282,2018-04-15 09:31:16,1,customer_changed_mind,92.48
RET003321,ORD0010556,1,PROD00086,SELL00269,CUST004734,2017-09-18 07:48:04,1,customer_changed_mind,102.23
RET003322,ORD0017824,2,PROD01556,SELL00344,CUST005498,2018-04-03 17:52:20,2,customer_changed_mind,266.5
RET003323,ORD0000079,1,PROD00017,SELL00290,CUST004848,2017-10-31 04:58:55,1,customer_changed_mind,188.58
RET003324,ORD0011638,1,PROD00017,SELL00324,CUST008867,2017-07-05 10:07:26,2,customer_changed_mind,377.16
RET003325,ORD0021094,1,PROD00376,SELL00080,CUST005241,2017-09-12 03:54:04,1,customer_changed_mind,730.74
RET003326,ORD0007469,1,PROD00082,SELL00383,CUST006958,2017-04-05 09:27:10,1,customer_changed_mind,196.53
RET003327,ORD0004737,1,PROD01755,SELL00396,CUST007491,2017-04-06 16:18:41,2,customer_changed_mind,70.28
RET003328,ORD0021195,1,PROD01642,SELL00218,CUST009279,2018-02-27 03:14:55,1,customer_changed_mind,47.26
RET003329,ORD0008137,1,PROD01564,SELL00150,CUST004145,2018-03-13 02:59:18,2,customer_changed_mind,677.68
RET003330,ORD0022511,1,PROD00292,SELL00238,CUST007405,2017-03-15 15:19:35,1,customer_changed_mind,164.45
RET003331,ORD0017532,1,PROD00892,SELL00252,CUST007899,2017-06-17 23:00:08,1,customer_changed_mind,39.68
RET003332,ORD0011406,1,PROD01434,SELL00049,CUST002460,2018-08-03 16:00:47,1,customer_changed_mind,128.1
RET003333,ORD0022827,1,PROD00118,SELL00247,CUST009301,2017-10-09 19:19:42,1,customer_changed_mind,389.76
RET003334,ORD0000392,1,PROD01902,SELL00041,CUST009928,2017-03-21 07:30:35,5,customer_changed_mind,200.55
RET003335,ORD0014687,1,PROD00385,SELL00111,CUST008595,2018-06-24 20:36:59,2,customer_changed_mind,129.6
RET003336,ORD0001508,1,PROD00247,SELL00041,CUST001999,2018-06-01 22:32:36,2,customer_changed_mind,380.44
RET003337,ORD0016734,1,PROD01460,SELL00159,CUST003615,2017-11-08 08:19:28,1,customer_changed_mind,111.94
RET003338,ORD0012506,1,PROD00605,SELL00319,CUST006470,2017-08-26 21:45:00,2,customer_changed_mind,75.76
RET003339,ORD0002562,1,PROD00634,SELL00156,CUST000376,2018-04-09 00:19:06,1,customer_changed_mind,50.74
RET003340,ORD0014529,2,PROD01965,SELL00251,CUST000900,2018-03-19 12:18:39,1,customer_changed_mind,192.56
RET003341,ORD0014466,3,PROD00760,SELL00001,CUST003612,2018-08-17 16:14:12,2,customer_changed_mind,495.58
RET003342,ORD0020372,1,PROD01826,SELL00214,CUST005343,2017-12-30 00:05:18,1,customer_changed_mind,47.69
RET003343,ORD0020029,1,PROD00746,SELL00129,CUST009492,2017-06-22 23:35:20,1,customer_changed_mind,61.76
RET003344,ORD0021729,1,PROD00097,SELL00262,CUST000275,2018-03-30 06:28:31,1,customer_changed_mind,51.14
RET003345,ORD0020858,1,PROD00880,SELL00010,CUST008418,2017-12-27 02:11:35,1,customer_changed_mind,100.8
RET003346,ORD0023255,1,PROD00797,SELL00281,CUST002394,2017-08-06 07:54:16,2,customer_changed_mind,261.38
RET003347,ORD0024584,3,PROD00706,SELL00390,CUST002311,2018-05-15 20:54:06,1,customer_changed_mind,22.41
RET003348,ORD0015076,1,PROD01232,SELL00331,CUST007757,2018-07-26 14:27:19,3,customer_changed_mind,423.06
RET003349,ORD0017025,1,PROD00021,SELL00248,CUST001026,2017-09-12 07:40:04,1,customer_changed_mind,14.81
RET003350,ORD0022824,1,PROD01420,SELL00141,CUST009818,2018-05-05 17:09:56,1,customer_changed_mind,73.23
RET003351,ORD0001685,2,PROD00892,SELL00385,CUST002050,2017-02-11 17:44:34,1,customer_changed_mind,39.68
RET003352,ORD0022538,1,PROD00814,SELL00196,CUST005652,2017-12-05 06:33:44,2,customer_changed_mind,71.78
RET003353,ORD0009815,1,PROD01933,SELL00324,CUST004651,2017-03-30 04:29:36,1,customer_changed_mind,25.24
RET003354,ORD0021402,1,PROD01325,SELL00083,CUST003783,2017-11-14 17:16:17,3,customer_changed_mind,829.41
RET003355,ORD0016642,1,PROD01397,SELL00185,CUST007824,2017-03-02 00:48:38,2,customer_changed_mind,352.88
RET003356,ORD0014451,3,PROD00253,SELL00374,CUST008602,2017-11-28 02:49:19,2,customer_changed_mind,890.24
RET003357,ORD0015706,2,PROD00867,SELL00139,CUST002045,2018-05-07 09:52:09,1,customer_changed_mind,225.09
RET003358,ORD0010938,1,PROD01453,SELL00359,CUST003687,2018-02-02 13:24:07,1,customer_changed_mind,44.31
RET003359,ORD0001344,1,PROD00534,SELL00383,CUST007472,2017-07-06 15:19:40,2,customer_changed_mind,161.62
RET003360,ORD0012727,1,PROD01107,SELL00101,CUST009272,2018-02-28 05:57:58,1,customer_changed_mind,67.03
RET003361,ORD0018951,1,PROD01235,SELL00044,CUST008485,2018-04-30 09:12:39,1,customer_changed_mind,64.64
RET003362,ORD0003796,1,PROD00845,SELL00347,CUST000421,2017-03-11 10:00:08,2,customer_changed_mind,274.68
RET003363,ORD0007762,1,PROD00497,SELL00297,CUST001080,2018-06-14 15:34:20,4,customer_changed_mind,251.04
RET003364,ORD0004099,1,PROD00168,SELL00025,CUST005852,2017-01-29 08:56:21,1,customer_changed_mind,115.05
RET003365,ORD0023098,1,PROD01813,SELL00123,CUST006408,2017-12-08 11:24:59,1,customer_changed_mind,38.95
RET003366,ORD0009533,2,PROD01298,SELL00337,CUST002882,2018-02-15 14:27:21,2,customer_changed_mind,194.04
RET003367,ORD0002360,1,PROD00412,SELL00064,CUST001516,2017-10-09 01:38:55,1,customer_changed_mind,101.28
RET003368,ORD0013205,2,PROD00373,SELL00197,CUST002064,2017-04-17 15:27:17,2,customer_changed_mind,241.28
RET003369,ORD0013435,1,PROD01053,SELL00135,CUST008749,2018-02-11 21:22:00,1,customer_changed_mind,116.05
RET003370,ORD0010569,3,PROD01733,SELL00158,CUST001181,2017-03-14 00:59:11,2,customer_changed_mind,91.68
RET003371,ORD0024553,1,PROD01534,SELL00278,CUST009732,2017-10-01 04:59:50,3,customer_changed_mind,85.02
RET003372,ORD0018282,1,PROD01218,SELL00318,CUST009876,2017-11-10 08:38:11,1,customer_changed_mind,32.07
RET003373,ORD0003119,1,PROD01830,SELL00025,CUST005570,2017-02-13 14:56:45,2,customer_changed_mind,124.1
RET003374,ORD0007768,2,PROD00621,SELL00138,CUST002675,2018-08-30 14:57:26,2,customer_changed_mind,183.26
RET003375,ORD0005358,1,PROD00486,SELL00308,CUST003974,2017-01-22 09:09:47,1,customer_changed_mind,32.02
RET003376,ORD0008935,4,PROD00117,SELL00367,CUST007074,2017-10-01 06:09:16,1,customer_changed_mind,104.85
RET003377,ORD0020975,1,PROD00953,SELL00194,CUST008636,2017-09-13 08:07:17,1,customer_changed_mind,285.84
RET003378,ORD0005678,1,PROD00167,SELL00353,CUST005625,2017-10-21 10:28:05,1,customer_changed_mind,99.07
RET003379,ORD0001481,2,PROD01481,SELL00003,CUST002801,2017-03-22 19:04:12,1,customer_changed_mind,125.26
RET003380,ORD0013457,1,PROD01130,SELL00202,CUST001475,2018-07-21 22:23:11,1,customer_changed_mind,37.49
RET003381,ORD0017430,1,PROD00616,SELL00323,CUST000317,2018-06-09 11:47:19,3,customer_changed_mind,1282.86
RET003382,ORD0007129,1,PROD01614,SELL00122,CUST007212,2018-05-28 10:50:18,3,customer_changed_mind,85.65
RET003383,ORD0003096,1,PROD00913,SELL00376,CUST006735,2018-02-24 14:41:35,1,customer_changed_mind,39.19
RET003384,ORD0019259,1,PROD01551,SELL00107,CUST001428,2017-06-07 01:41:49,1,customer_changed_mind,26.33
RET003385,ORD0021026,2,PROD00600,SELL00138,CUST000957,2018-03-30 11:20:43,1,customer_changed_mind,124.67
RET003386,ORD0002227,3,PROD01980,SELL00375,CUST002188,2017-07-03 07:25:49,1,customer_changed_mind,124.65
RET003387,ORD0001922,1,PROD00616,SELL00241,CUST002305,2017-07-07 18:33:19,2,customer_changed_mind,855.24
RET003388,ORD0019289,1,PROD01717,SELL00377,CUST000132,2017-05-31 10:09:41,1,customer_changed_mind,168.3
RET003389,ORD0015600,1,PROD01705,SELL00251,CUST008442,2017-04-06 00:06:25,1,customer_changed_mind,56.47
RET003390,ORD0023266,1,PROD00011,SELL00156,CUST000475,2018-10-01 10:25:52,1,customer_changed_mind,203.45
RET003391,ORD0018361,1,PROD00975,SELL00259,CUST007215,2017-04-19 17:47:10,2,customer_changed_mind,61.74
RET003392,ORD0014726,1,PROD00004,SELL00113,CUST007460,2018-08-03 20:18:37,2,customer_changed_mind,94.04
RET003393,ORD0008649,1,PROD01071,SELL00121,CUST001198,2017-01-29 12:07:18,1,customer_changed_mind,23.83
RET003394,ORD0006629,1,PROD00630,SELL00302,CUST007572,2017-05-18 00:24:08,1,customer_changed_mind,35.67
RET003395,ORD0000758,1,PROD00544,SELL00365,CUST005708,2017-04-29 19:05:12,3,customer_changed_mind,466.47
RET003396,ORD0002262,2,PROD01725,SELL00120,CUST005082,2017-12-10 11:03:10,2,customer_changed_mind,222.36
RET003397,ORD0004078,1,PROD00583,SELL00337,CUST008851,2018-09-08 19:07:42,1,customer_changed_mind,80.08
RET003398,ORD0008277,1,PROD01645,SELL00120,CUST000053,2018-01-22 17:11:07,1,customer_changed_mind,258.32
RET003399,ORD0005968,1,PROD00770,SELL00076,CUST002410,2017-03-21 06:26:19,1,customer_changed_mind,46.7
RET003400,ORD0017965,1,PROD00899,SELL00386,CUST009209,2017-09-12 10:11:28,1,customer_changed_mind,149.89
RET003401,ORD0001595,1,PROD00897,SELL00294,CUST006751,2018-03-16 05:29:27,1,customer_changed_mind,93.94
RET003402,ORD0017327,2,PROD00232,SELL00078,CUST003793,2017-08-03 18:26:46,1,customer_changed_mind,76.03
RET003403,ORD0015370,1,PROD00677,SELL00353,CUST002895,2018-05-11 02:04:15,1,customer_changed_mind,151.65
RET003404,ORD0013705,1,PROD01963,SELL00099,CUST000636,2017-03-05 14:36:57,1,customer_changed_mind,171.81
RET003405,ORD0000412,1,PROD00270,SELL00106,CUST002503,2018-03-18 11:04:24,1,customer_changed_mind,30.69
RET003406,ORD0001259,1,PROD00236,SELL00259,CUST009911,2017-01-29 19:21:11,2,customer_changed_mind,104.3
RET003407,ORD0020516,1,PROD00198,SELL00229,CUST006071,2017-02-21 06:46:15,1,customer_changed_mind,37.19
RET003408,ORD0016306,1,PROD00840,SELL00156,CUST001771,2018-06-21 01:35:46,1,customer_changed_mind,276.65
RET003409,ORD0016276,1,PROD00568,SELL00135,CUST003770,2017-11-24 07:12:17,2,customer_changed_mind,63.38
RET003410,ORD0018631,1,PROD01108,SELL00143,CUST007161,2017-01-29 23:24:14,1,customer_changed_mind,35.47
RET003411,ORD0003529,1,PROD01110,SELL00390,CUST000184,2017-09-22 02:22:34,2,customer_changed_mind,841.04
RET003412,ORD0012925,1,PROD00248,SELL00081,CUST001435,2017-05-04 14:27:54,1,customer_changed_mind,95.3
RET003413,ORD0005557,1,PROD00132,SELL00146,CUST001978,2018-03-06 13:23:29,1,customer_changed_mind,100.9
RET003414,ORD0019624,1,PROD00803,SELL00375,CUST005273,2017-05-19 09:15:33,2,customer_changed_mind,74.08
RET003415,ORD0024782,1,PROD00058,SELL00244,CUST007892,2017-10-14 16:40:06,3,customer_changed_mind,82.17
RET003416,ORD0022415,3,PROD00907,SELL00061,CUST004321,2018-06-22 19:03:22,1,customer_changed_mind,251.98
RET003417,ORD0010989,2,PROD01069,SELL00108,CUST005677,2017-06-26 11:22:40,1,customer_changed_mind,18.46
RET003418,ORD0003312,1,PROD01799,SELL00097,CUST004498,2018-05-20 22:27:44,1,customer_changed_mind,119.82
RET003419,ORD0017771,1,PROD01040,SELL00185,CUST009862,2017-02-18 16:07:18,1,customer_changed_mind,109.95
RET003420,ORD0012439,1,PROD00739,SELL00260,CUST000241,2018-01-21 19:12:27,1,customer_changed_mind,77.97
RET003421,ORD0008943,1,PROD01353,SELL00290,CUST007300,2018-03-11 23:12:30,1,customer_changed_mind,62.43
RET003422,ORD0009908,2,PROD00822,SELL00232,CUST001854,2018-09-30 15:13:15,2,customer_changed_mind,143.38
RET003423,ORD0024337,1,PROD00505,SELL00064,CUST000020,2018-01-15 15:35:21,1,customer_changed_mind,72.78
RET003424,ORD0021201,1,PROD00685,SELL00147,CUST001887,2018-01-28 17:05:39,2,customer_changed_mind,280.44
RET003425,ORD0017346,1,PROD01825,SELL00023,CUST005258,2017-04-16 14:46:42,1,customer_changed_mind,241.4
RET003426,ORD0003786,1,PROD00413,SELL00012,CUST003004,2018-07-25 17:09:00,1,customer_changed_mind,61.39
RET003427,ORD0022219,1,PROD01891,SELL00073,CUST000754,2018-06-01 21:45:24,1,customer_changed_mind,145.08
RET003428,ORD0008627,1,PROD00226,SELL00223,CUST008213,2018-06-25 14:55:43,2,customer_changed_mind,98.76
RET003429,ORD0011137,1,PROD00969,SELL00078,CUST008142,2018-05-23 14:54:03,2,customer_changed_mind,344.66
RET003430,ORD0004860,2,PROD01826,SELL00344,CUST007030,2018-03-09 19:15:43,1,customer_changed_mind,47.69
RET003431,ORD0005982,1,PROD00618,SELL00069,CUST003674,2018-03-26 12:45:21,3,customer_changed_mind,128.01
RET003432,ORD0001153,1,PROD00973,SELL00245,CUST002246,2017-12-07 21:31:19,1,customer_changed_mind,302.23
RET003433,ORD0005289,1,PROD00376,SELL00392,CUST004935,2018-05-11 19:31:32,1,customer_changed_mind,730.74
RET003434,ORD0007228,3,PROD01703,SELL00330,CUST001809,2018-04-11 11:50:07,1,customer_changed_mind,130.63
RET003435,ORD0011704,2,PROD01581,SELL00299,CUST001041,2017-12-02 00:40:49,2,customer_changed_mind,126.12
RET003436,ORD0020256,1,PROD00880,SELL00162,CUST006408,2017-10-30 22:12:38,2,customer_changed_mind,201.6
RET003437,ORD0002377,1,PROD00047,SELL00111,CUST001905,2018-03-05 17:36:06,2,customer_changed_mind,431.02
RET003438,ORD0013621,3,PROD01049,SELL00193,CUST000925,2018-08-19 01:45:21,1,customer_changed_mind,90.57
RET003439,ORD0007394,1,PROD01522,SELL00203,CUST000648,2018-03-29 14:02:51,1,customer_changed_mind,87.16
RET003440,ORD0014086,2,PROD00719,SELL00342,CUST002718,2017-03-09 10:34:35,1,customer_changed_mind,316.83
RET003441,ORD0011918,1,PROD00744,SELL00374,CUST002305,2017-12-23 11:40:08,1,customer_changed_mind,79.39
RET003442,ORD0010523,1,PROD00883,SELL00228,CUST002265,2018-04-13 10:54:57,1,customer_changed_mind,15.08
RET003443,ORD0016115,2,PROD01162,SELL00150,CUST004167,2017-08-07 14:16:20,1,customer_changed_mind,107.86
RET003444,ORD0003505,1,PROD01006,SELL00081,CUST003871,2018-03-02 07:57:19,1,customer_changed_mind,52.71
RET003445,ORD0023119,1,PROD01787,SELL00134,CUST003900,2017-11-12 06:37:18,2,customer_changed_mind,61.24
RET003446,ORD0012057,3,PROD00904,SELL00091,CUST005516,2017-09-10 06:24:03,1,customer_changed_mind,108.03
RET003447,ORD0014620,1,PROD00758,SELL00073,CUST008947,2017-03-06 20:05:09,1,customer_changed_mind,142.03
RET003448,ORD0019911,1,PROD00439,SELL00324,CUST009273,2018-03-03 04:38:22,1,customer_changed_mind,72.39
RET003449,ORD0010264,1,PROD00291,SELL00136,CUST004193,2017-04-03 13:34:14,1,customer_changed_mind,116.51
RET003450,ORD0004732,1,PROD00964,SELL00150,CUST009292,2018-08-14 14:01:25,1,customer_changed_mind,89.34
RET003451,ORD0009930,1,PROD00008,SELL00109,CUST005655,2018-02-27 03:40:42,2,customer_changed_mind,132.26
RET003452,ORD0017157,1,PROD00098,SELL00336,CUST006055,2017-10-03 14:16:06,3,customer_changed_mind,187.26
RET003453,ORD0013888,1,PROD01698,SELL00154,CUST009187,2018-01-16 17:25:11,2,customer_changed_mind,64.28
RET003454,ORD0007434,2,PROD00723,SELL00275,CUST009427,2017-05-29 13:21:08,1,customer_changed_mind,57.92
RET003455,ORD0022734,3,PROD01471,SELL00029,CUST000819,2017-07-29 13:59:10,1,customer_changed_mind,24.76
RET003456,ORD0023793,1,PROD01559,SELL00069,CUST004519,2017-10-06 15:16:18,1,customer_changed_mind,230.04
RET003457,ORD0020545,1,PROD01989,SELL00109,CUST000893,2018-06-18 09:15:57,2,customer_changed_mind,67.92
RET003458,ORD0003372,1,PROD00737,SELL00125,CUST006498,2017-07-29 09:05:42,1,customer_changed_mind,42.3
RET003459,ORD0002277,1,PROD01306,SELL00229,CUST000490,2018-05-21 01:21:04,2,customer_changed_mind,382.22
RET003460,ORD0023442,1,PROD00890,SELL00321,CUST003492,2018-02-15 07:16:23,2,customer_changed_mind,32.94
RET003461,ORD0001967,1,PROD01484,SELL00045,CUST008272,2017-11-04 00:36:09,1,customer_changed_mind,181.18
RET003462,ORD0022367,1,PROD00494,SELL00257,CUST002041,2017-02-07 13:17:44,1,customer_changed_mind,155.18
RET003463,ORD0014819,1,PROD01489,SELL00197,CUST005857,2017-01-26 15:47:29,1,customer_changed_mind,34.11
RET003464,ORD0017286,3,PROD00940,SELL00347,CUST009168,2018-05-21 13:06:22,1,customer_changed_mind,139.39
RET003465,ORD0020674,2,PROD00703,SELL00104,CUST003123,2018-09-17 02:49:55,1,customer_changed_mind,119.5
RET003466,ORD0008520,1,PROD01175,SELL00036,CUST009782,2017-11-09 06:23:51,1,customer_changed_mind,26.76
RET003467,ORD0000902,1,PROD00916,SELL00167,CUST001582,2017-08-21 08:52:28,1,customer_changed_mind,57.04
RET003468,ORD0007525,2,PROD01729,SELL00018,CUST005742,2017-09-10 15:56:02,2,customer_changed_mind,46.46
RET003469,ORD0018351,2,PROD01935,SELL00283,CUST000264,2018-04-15 17:06:14,2,customer_changed_mind,382.46
RET003470,ORD0005093,1,PROD01719,SELL00033,CUST004623,2017-01-05 20:42:18,1,customer_changed_mind,154.26
RET003471,ORD0001586,1,PROD00790,SELL00345,CUST002906,2018-07-26 16:46:46,1,customer_changed_mind,263.91
RET003472,ORD0016207,1,PROD01392,SELL00177,CUST002898,2018-06-15 11:27:28,1,customer_changed_mind,56.95
RET003473,ORD0016910,1,PROD00673,SELL00001,CUST000756,2018-03-16 19:50:11,1,customer_changed_mind,21.61
RET003474,ORD0024743,2,PROD01651,SELL00258,CUST006406,2018-03-25 10:11:33,1,customer_changed_mind,147.68
RET003475,ORD0024825,1,PROD00290,SELL00098,CUST006129,2017-07-03 17:19:21,3,customer_changed_mind,226.47
RET003476,ORD0018581,1,PROD01550,SELL00157,CUST001405,2018-03-10 09:56:12,1,customer_changed_mind,95.48
RET003477,ORD0017229,1,PROD01289,SELL00124,CUST009521,2017-07-19 16:52:34,1,customer_changed_mind,200.09
RET003478,ORD0012933,1,PROD01514,SELL00353,CUST006093,2018-09-17 07:35:15,1,customer_changed_mind,23.45
RET003479,ORD0000033,1,PROD01181,SELL00098,CUST005140,2018-03-28 16:04:17,2,customer_changed_mind,47.98
RET003480,ORD0014946,2,PROD01339,SELL00192,CUST003592,2017-03-31 18:58:32,1,customer_changed_mind,74.75
RET003481,ORD0004721,1,PROD00667,SELL00039,CUST001071,2017-08-13 12:58:18,1,customer_changed_mind,31.44
RET003482,ORD0019488,1,PROD00467,SELL00363,CUST003378,2017-03-25 08:08:08,2,customer_changed_mind,140.92
RET003483,ORD0007248,1,PROD01085,SELL00397,CUST000497,2017-08-11 21:23:48,1,customer_changed_mind,86.96
RET003484,ORD0014724,1,PROD01896,SELL00204,CUST008267,2018-09-27 14:56:19,1,customer_changed_mind,104.89
RET003485,ORD0012078,1,PROD01417,SELL00175,CUST005376,2017-05-25 19:35:28,1,customer_changed_mind,203.2
RET003486,ORD0000620,1,PROD01139,SELL00357,CUST009975,2018-05-11 16:15:20,1,customer_changed_mind,35.91
RET003487,ORD0013235,1,PROD01949,SELL00283,CUST006911,2018-04-09 05:52:02,1,customer_changed_mind,86.65
RET003488,ORD0007273,1,PROD00389,SELL00219,CUST001299,2017-05-17 10:21:02,2,customer_changed_mind,36.08
RET003489,ORD0017659,2,PROD00108,SELL00146,CUST006331,2017-12-08 18:49:13,1,customer_changed_mind,88.27
RET003490,ORD0013475,1,PROD00492,SELL00163,CUST005349,2017-01-18 21:28:28,3,customer_changed_mind,453.03
RET003491,ORD0007911,1,PROD00355,SELL00286,CUST003239,2018-05-05 09:29:35,1,customer_changed_mind,231.29
RET003492,ORD0000183,1,PROD00535,SELL00284,CUST006782,2017-02-22 07:15:51,1,customer_changed_mind,17.51
RET003493,ORD0016120,1,PROD01698,SELL00307,CUST008680,2018-04-28 07:02:20,1,customer_changed_mind,32.14
RET003494,ORD0016482,1,PROD01403,SELL00093,CUST002916,2018-06-11 17:26:35,1,customer_changed_mind,139.41
RET003495,ORD0013342,1,PROD01373,SELL00101,CUST005242,2018-04-25 03:09:30,1,customer_changed_mind,39.51
RET003496,ORD0023430,1,PROD01726,SELL00299,CUST001043,2017-11-28 10:21:40,3,customer_changed_mind,311.97
RET003497,ORD0004954,2,PROD01887,SELL00264,CUST003920,2017-08-09 03:59:31,1,customer_changed_mind,31.46
RET003498,ORD0022769,1,PROD01286,SELL00332,CUST006051,2017-08-28 21:50:53,2,customer_changed_mind,242.76
RET003499,ORD0014875,1,PROD01313,SELL00264,CUST005144,2018-02-02 10:41:53,1,customer_changed_mind,110.16
RET003500,ORD0001493,1,PROD01435,SELL00202,CUST006844,2018-02-12 23:01:59,3,customer_changed_mind,133.44
RET003501,ORD0006627,1,PROD00493,SELL00089,CUST009567,2018-09-28 12:22:37,1,customer_changed_mind,66.68
RET003502,ORD0013391,1,PROD01427,SELL00099,CUST004780,2017-02-15 04:50:51,1,customer_changed_mind,118.02
RET003503,ORD0022925,1,PROD01892,SELL00100,CUST004055,2018-04-17 07:28:55,1,customer_changed_mind,43.24
RET003504,ORD0015273,2,PROD01388,SELL00038,CUST003770,2018-06-29 04:50:27,2,customer_changed_mind,39.6
RET003505,ORD0012619,1,PROD00996,SELL00035,CUST000007,2017-05-05 17:38:40,3,customer_changed_mind,449.79
RET003506,ORD0022591,1,PROD01148,SELL00207,CUST001828,2018-09-22 01:18:08,2,customer_changed_mind,69.48
RET003507,ORD0020054,2,PROD01267,SELL00209,CUST001611,2017-08-17 14:54:51,1,customer_changed_mind,124.43
RET003508,ORD0008512,1,PROD00693,SELL00122,CUST002511,2017-05-15 01:41:22,2,customer_changed_mind,157.2
RET003509,ORD0019617,1,PROD01105,SELL00215,CUST000579,2018-04-09 22:00:29,1,customer_changed_mind,85.98
RET003510,ORD0003957,1,PROD00697,SELL00121,CUST007853,2017-06-04 07:39:33,1,customer_changed_mind,143.82
RET003511,ORD0017194,1,PROD01434,SELL00290,CUST003922,2017-11-23 10:09:00,1,customer_changed_mind,128.1
RET003512,ORD0008548,1,PROD01274,SELL00265,CUST007373,2018-04-06 05:02:57,2,customer_changed_mind,157.32
RET003513,ORD0003258,1,PROD00153,SELL00345,CUST008205,2017-11-20 11:40:44,2,customer_changed_mind,191.7
RET003514,ORD0013579,1,PROD00230,SELL00128,CUST005006,2018-03-06 08:27:10,1,customer_changed_mind,15.58
RET003515,ORD0022794,1,PROD01334,SELL00203,CUST000737,2018-02-22 19:05:00,2,customer_changed_mind,239.56
RET003516,ORD0015924,1,PROD01350,SELL00254,CUST008920,2017-12-20 23:44:51,1,customer_changed_mind,733.61
RET003517,ORD0002050,1,PROD01697,SELL00046,CUST007504,2017-01-17 23:17:05,1,customer_changed_mind,71.0
RET003518,ORD0024053,3,PROD00458,SELL00183,CUST006441,2017-02-18 15:01:00,4,customer_changed_mind,1262.4
RET003519,ORD0007578,1,PROD00061,SELL00323,CUST004026,2018-04-30 06:24:59,1,customer_changed_mind,20.72
RET003520,ORD0023111,2,PROD00728,SELL00168,CUST003397,2018-04-11 17:58:52,1,customer_changed_mind,286.58
RET003521,ORD0022136,1,PROD00985,SELL00026,CUST008179,2018-04-18 19:59:48,1,customer_changed_mind,171.9
RET003522,ORD0012170,1,PROD00922,SELL00278,CUST004193,2018-09-13 05:50:56,1,customer_changed_mind,54.57
RET003523,ORD0019987,1,PROD01207,SELL00346,CUST003680,2017-12-06 03:45:22,1,customer_changed_mind,51.55
RET003524,ORD0015698,1,PROD00317,SELL00179,CUST005906,2017-04-18 19:31:13,1,customer_changed_mind,16.31
RET003525,ORD0015277,1,PROD01856,SELL00150,CUST004971,2017-03-24 14:42:55,1,customer_changed_mind,116.34
RET003526,ORD0007890,1,PROD01130,SELL00345,CUST003035,2018-04-05 05:01:31,1,customer_changed_mind,37.49
RET003527,ORD0005340,1,PROD00655,SELL00194,CUST007969,2018-02-11 20:50:36,3,customer_changed_mind,367.11
RET003528,ORD0017978,2,PROD00082,SELL00216,CUST000100,2017-07-11 19:14:47,3,customer_changed_mind,589.59
RET003529,ORD0005848,1,PROD00677,SELL00169,CUST008878,2017-11-28 00:15:45,1,customer_changed_mind,151.65
RET003530,ORD0016316,1,PROD01564,SELL00029,CUST001204,2017-11-21 20:44:17,2,customer_changed_mind,677.68
RET003531,ORD0016899,1,PROD00977,SELL00395,CUST001375,2018-01-28 06:21:14,2,customer_changed_mind,778.62
RET003532,ORD0016609,1,PROD01623,SELL00325,CUST005689,2018-03-05 22:54:49,1,customer_changed_mind,337.59
RET003533,ORD0011681,1,PROD01244,SELL00264,CUST004017,2018-02-23 08:27:32,2,customer_changed_mind,527.24
RET003534,ORD0021316,1,PROD01619,SELL00293,CUST002888,2018-08-21 22:34:26,1,customer_changed_mind,14.24
RET003535,ORD0001898,1,PROD01415,SELL00229,CUST006780,2018-06-21 14:25:08,2,customer_changed_mind,505.56
RET003536,ORD0003920,1,PROD01652,SELL00101,CUST001276,2018-09-25 07:34:20,1,customer_changed_mind,57.37
RET003537,ORD0014559,1,PROD01168,SELL00163,CUST009484,2018-08-05 03:38:57,1,customer_changed_mind,27.61
RET003538,ORD0019735,2,PROD01413,SELL00396,CUST007975,2018-08-15 04:28:21,1,customer_changed_mind,69.65
RET003539,ORD0010636,1,PROD00859,SELL00282,CUST001602,2018-09-28 04:29:09,1,customer_changed_mind,406.75
RET003540,ORD0015217,1,PROD00191,SELL00007,CUST000848,2018-07-04 11:35:58,2,customer_changed_mind,91.56
RET003541,ORD0009737,1,PROD00403,SELL00090,CUST007858,2018-06-05 03:41:39,1,customer_changed_mind,32.1
RET003542,ORD0001051,1,PROD00734,SELL00301,CUST009616,2017-11-29 10:26:48,1,customer_changed_mind,162.02
RET003543,ORD0017774,2,PROD01637,SELL00163,CUST000543,2018-04-24 15:08:06,2,customer_changed_mind,527.48
RET003544,ORD0003919,1,PROD01499,SELL00104,CUST003396,2017-12-11 07:38:18,1,customer_changed_mind,85.36
RET003545,ORD0000609,1,PROD00503,SELL00362,CUST001971,2018-07-10 21:27:39,1,customer_changed_mind,139.64
RET003546,ORD0012059,1,PROD01710,SELL00079,CUST006726,2017-04-30 23:23:16,1,customer_changed_mind,58.35
RET003547,ORD0021329,1,PROD01513,SELL00018,CUST000691,2017-09-18 03:03:08,2,customer_changed_mind,174.28
RET003548,ORD0019343,2,PROD01459,SELL00123,CUST004946,2018-08-28 11:36:42,2,customer_changed_mind,54.78
RET003549,ORD0002545,1,PROD01933,SELL00182,CUST007119,2017-09-03 12:13:15,1,customer_changed_mind,25.24
RET003550,ORD0005260,2,PROD00996,SELL00166,CUST007738,2017-03-04 12:05:38,1,customer_changed_mind,149.93
RET003551,ORD0015624,1,PROD01386,SELL00235,CUST009633,2018-01-16 00:35:21,2,customer_changed_mind,260.16
RET003552,ORD0002034,1,PROD01915,SELL00062,CUST007695,2017-04-17 18:50:19,1,customer_changed_mind,620.52
RET003553,ORD0003639,1,PROD01167,SELL00328,CUST005203,2018-04-19 03:12:29,1,customer_changed_mind,39.48
RET003554,ORD0017554,2,PROD00590,SELL00018,CUST007961,2017-06-18 13:31:04,2,customer_changed_mind,78.88
RET003555,ORD0012146,1,PROD01550,SELL00216,CUST001777,2017-09-25 08:37:42,2,customer_changed_mind,190.96
RET003556,ORD0000612,1,PROD01696,SELL00062,CUST005244,2017-06-04 04:05:49,4,customer_changed_mind,341.08
RET003557,ORD0013046,1,PROD00390,SELL00177,CUST003520,2018-02-05 16:12:01,2,customer_changed_mind,99.42
RET003558,ORD0010727,1,PROD00562,SELL00003,CUST008422,2017-10-30 20:36:59,1,customer_changed_mind,183.78
RET003559,ORD0017569,2,PROD00259,SELL00250,CUST009810,2018-01-03 06:03:21,1,customer_changed_mind,36.85
RET003560,ORD0010092,2,PROD00949,SELL00124,CUST001735,2018-02-21 08:25:13,3,customer_changed_mind,186.12
RET003561,ORD0014822,1,PROD00774,SELL00149,CUST000764,2017-09-29 19:11:16,1,customer_changed_mind,119.65
RET003562,ORD0016402,1,PROD00673,SELL00363,CUST001670,2017-09-03 12:16:50,3,customer_changed_mind,64.83
RET003563,ORD0004803,1,PROD01615,SELL00199,CUST008925,2017-11-15 14:35:34,1,customer_changed_mind,121.7
RET003564,ORD0005518,1,PROD01025,SELL00174,CUST005617,2017-08-26 03:22:20,1,customer_changed_mind,66.53
RET003565,ORD0011951,1,PROD01163,SELL00174,CUST006646,2018-01-22 21:24:18,1,customer_changed_mind,404.8
RET003566,ORD0014443,1,PROD00300,SELL00111,CUST006549,2017-03-08 14:33:15,1,customer_changed_mind,50.85
RET003567,ORD0019059,1,PROD00726,SELL00262,CUST004996,2017-10-28 17:45:39,1,customer_changed_mind,30.08
RET003568,ORD0000281,1,PROD00447,SELL00239,CUST005005,2017-10-22 06:04:49,1,customer_changed_mind,47.63
RET003569,ORD0004610,1,PROD00240,SELL00250,CUST008835,2017-08-29 23:29:39,3,customer_changed_mind,202.02
RET003570,ORD0004276,1,PROD01144,SELL00333,CUST002799,2018-04-05 20:41:30,1,customer_changed_mind,140.15
RET003571,ORD0002798,2,PROD01392,SELL00031,CUST006933,2018-07-12 09:00:05,1,customer_changed_mind,56.95
RET003572,ORD0016967,1,PROD00234,SELL00356,CUST006817,2017-08-28 11:35:02,2,customer_changed_mind,258.7
RET003573,ORD0023009,1,PROD01253,SELL00219,CUST001936,2017-09-05 06:47:20,1,customer_changed_mind,172.42
RET003574,ORD0008393,1,PROD01437,SELL00310,CUST001987,2017-01-11 12:09:10,1,customer_changed_mind,188.51
RET003575,ORD0022964,1,PROD01107,SELL00154,CUST006621,2017-09-17 06:32:30,1,customer_changed_mind,67.03
RET003576,ORD0014261,2,PROD00069,SELL00377,CUST004861,2017-07-03 18:17:47,2,customer_changed_mind,126.34
RET003577,ORD0015228,1,PROD00847,SELL00367,CUST005462,2017-02-10 12:09:22,1,customer_changed_mind,60.47
RET003578,ORD0017107,1,PROD00907,SELL00384,CUST004675,2018-07-29 16:52:45,1,customer_changed_mind,251.98
RET003579,ORD0012378,1,PROD00970,SELL00162,CUST007537,2018-08-12 17:50:16,5,customer_changed_mind,106.7
RET003580,ORD0021250,1,PROD01572,SELL00324,CUST008106,2018-09-24 01:25:44,3,customer_changed_mind,109.95
RET003581,ORD0005173,1,PROD01704,SELL00087,CUST006224,2017-10-28 15:13:41,1,customer_changed_mind,70.6
RET003582,ORD0011219,1,PROD01764,SELL00225,CUST001299,2017-03-26 07:37:45,2,customer_changed_mind,186.5
RET003583,ORD0011261,1,PROD01633,SELL00108,CUST001204,2018-01-01 22:12:41,1,customer_changed_mind,390.49
RET003584,ORD0012963,1,PROD00214,SELL00220,CUST003384,2017-07-09 08:39:58,2,customer_changed_mind,113.96
RET003585,ORD0022550,4,PROD00843,SELL00229,CUST002147,2018-01-06 16:51:34,3,customer_changed_mind,294.15
RET003586,ORD0020653,2,PROD01041,SELL00313,CUST009817,2017-06-18 04:12:30,3,customer_changed_mind,48.03
RET003587,ORD0017802,1,PROD01595,SELL00277,CUST005007,2018-08-21 18:17:59,1,customer_changed_mind,25.36
RET003588,ORD0024815,1,PROD00644,SELL00031,CUST008653,2017-09-19 21:06:03,1,customer_changed_mind,70.9
RET003589,ORD0019730,1,PROD00077,SELL00362,CUST003774,2018-04-11 04:35:42,2,customer_changed_mind,148.0
RET003590,ORD0021739,1,PROD00053,SELL00135,CUST004661,2017-02-27 17:04:29,1,customer_changed_mind,115.53
RET003591,ORD0020326,1,PROD01073,SELL00217,CUST006073,2017-04-12 18:04:34,1,customer_changed_mind,142.62
RET003592,ORD0019902,1,PROD00068,SELL00301,CUST004171,2017-06-12 06:33:27,2,customer_changed_mind,155.08
RET003593,ORD0002816,1,PROD01419,SELL00398,CUST006091,2017-03-05 09:35:56,1,customer_changed_mind,40.14
RET003594,ORD0021055,1,PROD00773,SELL00130,CUST006437,2017-08-15 07:39:27,1,customer_changed_mind,26.28
RET003595,ORD0006545,1,PROD01071,SELL00233,CUST000208,2018-05-14 04:41:57,3,customer_changed_mind,71.49
RET003596,ORD0013455,1,PROD00412,SELL00270,CUST007656,2018-08-03 05:22:23,1,customer_changed_mind,101.28
RET003597,ORD0010667,1,PROD00634,SELL00123,CUST007916,2018-09-20 04:33:28,1,customer_changed_mind,50.74
RET003598,ORD0017849,1,PROD01838,SELL00023,CUST008203,2017-08-01 01:34:21,1,customer_changed_mind,27.36
RET003599,ORD0016362,3,PROD01432,SELL00140,CUST003550,2017-07-25 14:09:58,1,customer_changed_mind,314.57
RET003600,ORD0002479,1,PROD00060,SELL00356,CUST002110,2017-03-03 19:51:22,2,customer_changed_mind,58.32
RET003601,ORD0014898,4,PROD01107,SELL00253,CUST006527,2018-01-06 14:31:44,2,customer_changed_mind,134.06
RET003602,ORD0014633,1,PROD00760,SELL00092,CUST009383,2017-03-24 03:23:17,1,customer_changed_mind,247.79
RET003603,ORD0019686,1,PROD01606,SELL00168,CUST001211,2017-03-17 20:10:29,1,customer_changed_mind,135.38
RET003604,ORD0017500,1,PROD01913,SELL00383,CUST007643,2017-11-06 12:34:55,1,customer_changed_mind,21.93
RET003605,ORD0014056,1,PROD00495,SELL00090,CUST004189,2017-03-05 18:49:56,2,customer_changed_mind,381.08
RET003606,ORD0012689,1,PROD01755,SELL00014,CUST009993,2017-02-15 04:35:26,2,customer_changed_mind,70.28
RET003607,ORD0000780,1,PROD01168,SELL00205,CUST009189,2017-01-17 19:46:38,1,customer_changed_mind,27.61
RET003608,ORD0005283,2,PROD01882,SELL00296,CUST004469,2017-12-20 17:35:52,1,customer_changed_mind,13.87
RET003609,ORD0014509,1,PROD01058,SELL00074,CUST002965,2017-05-12 16:15:41,3,customer_changed_mind,715.71
RET003610,ORD0000843,1,PROD00617,SELL00322,CUST008116,2017-05-31 23:10:20,1,customer_changed_mind,49.63
RET003611,ORD0023366,1,PROD00912,SELL00012,CUST005154,2017-12-17 03:21:42,1,customer_changed_mind,116.87
RET003612,ORD0010448,1,PROD00265,SELL00249,CUST003374,2018-02-03 16:21:40,1,customer_changed_mind,53.19
RET003613,ORD0024395,1,PROD01835,SELL00305,CUST000099,2018-08-13 14:40:35,2,customer_changed_mind,79.84
RET003614,ORD0012433,2,PROD01888,SELL00023,CUST000328,2018-07-08 03:45:20,1,customer_changed_mind,220.69
RET003615,ORD0011420,1,PROD00695,SELL00303,CUST003998,2017-11-08 15:30:22,1,customer_changed_mind,21.73
RET003616,ORD0009635,1,PROD00957,SELL00250,CUST008901,2018-02-22 15:03:02,1,customer_changed_mind,63.03
RET003617,ORD0024927,1,PROD01744,SELL00271,CUST007317,2018-05-27 15:07:09,1,customer_changed_mind,84.65
RET003618,ORD0003444,4,PROD01784,SELL00255,CUST000046,2017-12-07 04:11:20,1,customer_changed_mind,12.94
RET003619,ORD0024823,1,PROD00010,SELL00196,CUST009453,2017-03-29 21:37:01,2,customer_changed_mind,310.04
RET003620,ORD0008549,1,PROD01947,SELL00063,CUST005960,2017-12-10 10:12:11,1,customer_changed_mind,79.33
RET003621,ORD0020919,1,PROD00504,SELL00210,CUST000406,2018-06-03 03:56:11,1,customer_changed_mind,75.26
RET003622,ORD0003514,1,PROD01122,SELL00310,CUST000036,2017-04-17 07:12:51,1,customer_changed_mind,21.11
RET003623,ORD0023246,1,PROD00103,SELL00290,CUST003969,2018-06-19 09:03:37,1,customer_changed_mind,117.13
RET003624,ORD0013602,1,PROD00617,SELL00119,CUST006522,2017-08-16 00:53:49,3,customer_changed_mind,148.89
RET003625,ORD0009997,1,PROD01896,SELL00007,CUST004919,2017-03-15 04:03:01,1,customer_changed_mind,104.89
RET003626,ORD0003017,1,PROD01925,SELL00282,CUST002292,2017-02-10 03:41:13,1,customer_changed_mind,106.64
RET003627,ORD0007722,1,PROD00947,SELL00150,CUST001405,2017-03-30 01:39:54,4,customer_changed_mind,56.28
RET003628,ORD0009239,2,PROD01911,SELL00290,CUST005668,2017-10-07 19:26:01,1,customer_changed_mind,125.28
RET003629,ORD0019385,2,PROD00632,SELL00332,CUST001383,2017-11-08 05:02:17,1,customer_changed_mind,27.7
RET003630,ORD0015464,1,PROD01181,SELL00188,CUST001531,2017-09-21 01:01:39,1,customer_changed_mind,23.99
RET003631,ORD0020989,1,PROD01055,SELL00398,CUST009527,2018-06-05 22:36:00,2,customer_changed_mind,100.7
RET003632,ORD0024888,1,PROD01709,SELL00018,CUST004897,2017-09-10 04:30:18,4,customer_changed_mind,124.08
RET003633,ORD0020163,1,PROD00827,SELL00099,CUST007541,2017-04-29 10:06:17,1,customer_changed_mind,84.9
RET003634,ORD0004096,2,PROD01533,SELL00178,CUST007385,2018-05-23 11:19:16,3,customer_changed_mind,503.73
RET003635,ORD0022533,1,PROD00442,SELL00040,CUST001152,2017-01-29 18:51:11,1,customer_changed_mind,58.25
RET003636,ORD0002927,1,PROD00061,SELL00092,CUST008752,2017-02-04 10:31:27,1,customer_changed_mind,20.72
RET003637,ORD0014044,1,PROD00711,SELL00246,CUST005097,2017-09-15 02:18:03,1,customer_changed_mind,58.97
RET003638,ORD0004533,1,PROD01696,SELL00155,CUST007171,2017-01-31 04:00:25,1,customer_changed_mind,85.27
RET003639,ORD0022548,1,PROD00756,SELL00380,CUST004519,2017-10-23 04:22:41,4,customer_changed_mind,224.76
RET003640,ORD0023104,1,PROD01429,SELL00126,CUST001046,2018-02-11 19:18:03,1,customer_changed_mind,81.2
RET003641,ORD0001805,2,PROD00657,SELL00385,CUST009844,2017-06-17 18:57:28,2,customer_changed_mind,620.66
RET003642,ORD0009788,1,PROD01101,SELL00301,CUST001838,2018-06-30 03:34:32,3,customer_changed_mind,631.68
RET003643,ORD0018895,1,PROD00956,SELL00393,CUST002313,2018-04-19 13:53:40,1,customer_changed_mind,188.52
RET003644,ORD0014969,1,PROD00933,SELL00366,CUST007457,2017-06-07 12:23:26,4,customer_changed_mind,278.76
RET003645,ORD0017747,1,PROD00240,SELL00052,CUST002743,2018-05-31 17:02:33,1,customer_changed_mind,67.34
RET003646,ORD0001913,1,PROD01911,SELL00384,CUST000470,2017-06-09 21:00:53,1,customer_changed_mind,125.28
RET003647,ORD0021717,3,PROD01070,SELL00370,CUST005217,2017-12-02 01:24:16,1,customer_changed_mind,141.26
RET003648,ORD0003997,2,PROD01009,SELL00347,CUST002039,2018-07-12 05:10:32,1,customer_changed_mind,137.26
RET003649,ORD0017846,3,PROD01953,SELL00006,CUST003094,2018-05-25 08:37:29,1,customer_changed_mind,60.06
RET003650,ORD0007448,2,PROD01520,SELL00354,CUST008122,2018-01-27 13:46:42,1,customer_changed_mind,35.17
RET003651,ORD0022720,1,PROD01584,SELL00057,CUST003317,2017-06-01 13:28:24,1,customer_changed_mind,137.06
RET003652,ORD0019301,1,PROD01460,SELL00221,CUST004778,2017-10-25 13:26:17,3,customer_changed_mind,335.82
RET003653,ORD0012551,1,PROD00193,SELL00371,CUST009749,2017-06-03 01:49:57,2,customer_changed_mind,138.44
RET003654,ORD0001179,1,PROD00948,SELL00126,CUST002168,2017-09-17 02:17:18,2,customer_changed_mind,38.76
RET003655,ORD0002977,1,PROD00419,SELL00294,CUST005870,2017-05-02 14:25:39,1,customer_changed_mind,22.28
RET003656,ORD0016164,1,PROD00740,SELL00322,CUST004994,2017-04-25 20:27:59,3,customer_changed_mind,314.34
RET003657,ORD0019147,1,PROD01954,SELL00261,CUST002192,2017-12-25 01:38:21,1,customer_changed_mind,290.18
RET003658,ORD0016546,1,PROD01985,SELL00283,CUST001635,2017-10-26 20:51:21,1,customer_changed_mind,139.06
RET003659,ORD0006126,2,PROD00088,SELL00025,CUST009235,2017-09-07 19:33:36,1,customer_changed_mind,563.36
RET003660,ORD0002265,1,PROD00106,SELL00233,CUST005644,2018-02-02 10:15:40,2,customer_changed_mind,81.62
RET003661,ORD0022888,1,PROD01464,SELL00068,CUST002575,2018-07-07 08:39:42,1,customer_changed_mind,359.74
RET003662,ORD0019848,1,PROD00023,SELL00276,CUST006159,2018-09-13 16:01:25,1,customer_changed_mind,78.9
RET003663,ORD0017987,1,PROD01167,SELL00294,CUST005777,2017-08-23 01:48:12,1,customer_changed_mind,39.48
RET003664,ORD0013215,1,PROD00496,SELL00370,CUST009003,2018-07-29 00:15:46,2,customer_changed_mind,489.68
RET003665,ORD0024955,1,PROD00594,SELL00238,CUST005197,2018-01-28 20:47:25,2,customer_changed_mind,117.44
RET003666,ORD0019169,1,PROD00914,SELL00184,CUST002996,2018-01-30 19:08:38,1,customer_changed_mind,165.91
RET003667,ORD0002394,1,PROD00328,SELL00358,CUST003198,2017-05-16 15:36:40,4,customer_changed_mind,270.04
RET003668,ORD0020177,1,PROD01297,SELL00195,CUST009202,2017-08-28 22:15:50,1,customer_changed_mind,52.22
RET003669,ORD0020260,1,PROD00311,SELL00384,CUST007705,2018-02-17 20:30:23,1,customer_changed_mind,29.64
RET003670,ORD0011293,1,PROD01874,SELL00119,CUST009302,2018-07-18 21:54:58,1,customer_changed_mind,86.15
RET003671,ORD0002453,1,PROD01399,SELL00131,CUST009991,2017-06-05 18:05:19,1,customer_changed_mind,146.33
RET003672,ORD0011066,1,PROD01884,SELL00274,CUST005805,2017-05-17 15:32:49,1,customer_changed_mind,234.18
RET003673,ORD0016085,1,PROD01234,SELL00189,CUST000462,2018-08-26 20:11:46,2,customer_changed_mind,249.98
RET003674,ORD0004358,1,PROD01280,SELL00161,CUST006786,2017-11-15 18:32:14,1,customer_changed_mind,34.32
RET003675,ORD0013972,2,PROD01890,SELL00322,CUST009480,2017-03-18 17:58:20,1,customer_changed_mind,281.68
RET003676,ORD0011466,3,PROD01058,SELL00381,CUST009232,2018-01-15 14:37:03,2,customer_changed_mind,477.14
RET003677,ORD0010977,1,PROD01454,SELL00130,CUST005417,2017-07-02 03:57:56,2,customer_changed_mind,488.92
RET003678,ORD0007099,1,PROD01746,SELL00090,CUST000288,2018-08-30 05:13:40,1,customer_changed_mind,50.59
RET003679,ORD0006593,1,PROD00142,SELL00241,CUST006451,2018-01-29 02:03:46,1,customer_changed_mind,188.65
RET003680,ORD0008376,2,PROD01163,SELL00312,CUST000310,2018-03-17 01:54:23,1,customer_changed_mind,404.8
RET003681,ORD0023945,2,PROD01671,SELL00203,CUST000968,2017-03-06 05:13:33,1,customer_changed_mind,85.39
RET003682,ORD0000119,2,PROD00985,SELL00191,CUST008240,2018-07-07 08:54:34,1,customer_changed_mind,171.9
RET003683,ORD0017412,1,PROD01458,SELL00161,CUST004059,2018-07-27 04:56:57,1,customer_changed_mind,41.87
RET003684,ORD0011744,2,PROD01184,SELL00260,CUST006474,2018-09-15 16:17:56,3,customer_changed_mind,146.94
RET003685,ORD0010611,1,PROD01103,SELL00137,CUST002774,2018-04-09 02:47:18,4,customer_changed_mind,288.52
RET003686,ORD0015758,1,PROD01840,SELL00355,CUST009989,2018-09-23 21:01:17,1,customer_changed_mind,101.11
RET003687,ORD0023852,1,PROD00524,SELL00133,CUST005882,2017-04-23 10:11:05,2,customer_changed_mind,89.2
RET003688,ORD0008272,3,PROD00525,SELL00384,CUST004690,2018-07-06 14:14:58,3,customer_changed_mind,683.58
RET003689,ORD0007698,2,PROD00096,SELL00377,CUST007198,2017-07-18 11:50:48,2,customer_changed_mind,69.64
RET003690,ORD0011528,1,PROD01661,SELL00282,CUST008153,2017-04-28 03:16:30,2,customer_changed_mind,96.32
RET003691,ORD0002841,1,PROD01323,SELL00224,CUST004436,2018-10-07 14:34:39,1,customer_changed_mind,266.05
RET003692,ORD0007584,1,PROD01612,SELL00245,CUST002138,2018-02-09 11:16:55,2,customer_changed_mind,114.36
RET003693,ORD0010165,1,PROD01732,SELL00011,CUST007328,2018-02-07 10:38:31,2,customer_changed_mind,385.9
RET003694,ORD0014974,1,PROD01408,SELL00195,CUST009284,2018-07-07 02:18:55,1,customer_changed_mind,50.53
RET003695,ORD0020576,1,PROD01405,SELL00272,CUST009038,2017-02-06 09:27:19,1,customer_changed_mind,103.17
RET003696,ORD0012676,1,PROD01433,SELL00070,CUST009553,2018-04-18 10:00:51,3,customer_changed_mind,419.94
RET003697,ORD0011695,1,PROD01099,SELL00230,CUST006008,2018-09-07 18:03:50,2,customer_changed_mind,365.5
RET003698,ORD0019836,1,PROD00086,SELL00308,CUST008156,2017-04-06 19:57:16,3,customer_changed_mind,306.69
RET003699,ORD0000874,2,PROD00512,SELL00395,CUST007657,2017-09-08 18:11:04,1,customer_changed_mind,59.86
RET003700,ORD0014161,1,PROD01384,SELL00378,CUST008282,2017-11-22 12:10:48,1,customer_changed_mind,17.97
RET003701,ORD0004482,2,PROD01808,SELL00243,CUST009422,2017-03-28 07:19:11,1,customer_changed_mind,117.97
RET003702,ORD0004339,4,PROD00734,SELL00301,CUST001119,2017-07-20 00:04:17,1,customer_changed_mind,162.02
RET003703,ORD0005693,1,PROD00878,SELL00167,CUST009522,2017-11-30 06:32:29,2,customer_changed_mind,137.12
RET003704,ORD0006145,1,PROD01955,SELL00324,CUST005553,2017-05-10 15:51:31,1,customer_changed_mind,25.18
RET003705,ORD0003585,1,PROD00568,SELL00029,CUST005474,2017-09-21 17:18:01,2,customer_changed_mind,63.38
RET003706,ORD0019392,3,PROD00653,SELL00129,CUST000998,2017-04-06 00:33:15,1,customer_changed_mind,29.64
RET003707,ORD0009623,1,PROD00890,SELL00065,CUST005062,2017-08-06 19:15:50,1,customer_changed_mind,16.47
RET003708,ORD0016339,1,PROD00151,SELL00132,CUST000105,2017-02-23 05:18:36,2,customer_changed_mind,243.76
RET003709,ORD0006002,1,PROD01304,SELL00250,CUST006271,2017-07-19 23:16:18,1,customer_changed_mind,98.45
RET003710,ORD0004026,1,PROD01360,SELL00267,CUST007776,2017-05-28 18:20:20,1,customer_changed_mind,204.93
RET003711,ORD0013299,1,PROD01511,SELL00069,CUST000708,2017-10-05 09:54:36,3,customer_changed_mind,408.15
RET003712,ORD0011632,2,PROD00808,SELL00127,CUST008216,2018-05-06 03:55:36,2,customer_changed_mind,118.1
RET003713,ORD0024249,1,PROD01739,SELL00203,CUST004788,2018-07-13 18:28:22,1,customer_changed_mind,30.04
RET003714,ORD0002576,1,PROD00194,SELL00278,CUST000511,2017-03-20 14:51:44,1,customer_changed_mind,59.94
RET003715,ORD0005022,1,PROD01399,SELL00345,CUST009772,2017-03-15 18:38:16,1,customer_changed_mind,146.33
RET003716,ORD0006181,1,PROD01632,SELL00147,CUST003675,2018-06-22 05:14:21,2,customer_changed_mind,370.08
RET003717,ORD0002171,1,PROD01517,SELL00191,CUST006552,2018-01-31 22:51:09,1,customer_changed_mind,32.78
RET003718,ORD0020610,1,PROD00836,SELL00275,CUST000865,2017-05-01 04:16:09,3,customer_changed_mind,365.1
RET003719,ORD0011729,1,PROD01009,SELL00194,CUST008535,2017-04-10 00:10:58,3,customer_changed_mind,411.78
RET003720,ORD0014719,1,PROD00913,SELL00310,CUST006429,2017-12-02 12:24:15,3,customer_changed_mind,117.57
RET003721,ORD0024690,3,PROD00223,SELL00067,CUST002289,2018-03-19 07:07:09,1,customer_changed_mind,76.76
RET003722,ORD0018204,1,PROD00890,SELL00364,CUST001608,2018-10-01 08:17:26,1,customer_changed_mind,16.47
RET003723,ORD0011546,1,PROD01310,SELL00103,CUST002381,2017-03-16 01:02:51,1,customer_changed_mind,68.06
RET003724,ORD0015725,1,PROD00040,SELL00244,CUST004127,2018-05-28 15:08:14,1,customer_changed_mind,552.02
RET003725,ORD0013771,1,PROD01443,SELL00380,CUST001376,2017-09-09 04:53:22,2,customer_changed_mind,184.58
RET003726,ORD0000989,1,PROD01407,SELL00276,CUST007079,2017-11-16 00:24:35,1,customer_changed_mind,263.45
RET003727,ORD0024027,1,PROD01519,SELL00195,CUST007637,2018-05-23 00:08:22,2,customer_changed_mind,432.12
RET003728,ORD0009232,1,PROD01973,SELL00364,CUST003538,2017-04-03 23:11:12,1,customer_changed_mind,37.02
RET003729,ORD0000560,1,PROD01688,SELL00145,CUST006260,2017-05-20 04:18:12,3,customer_changed_mind,511.11
RET003730,ORD0020007,1,PROD01873,SELL00284,CUST002756,2017-10-05 20:59:12,1,customer_changed_mind,273.87
RET003731,ORD0011115,1,PROD01777,SELL00198,CUST003596,2017-02-19 13:27:50,1,customer_changed_mind,147.77
RET003732,ORD0004433,1,PROD00476,SELL00143,CUST002101,2017-10-04 20:41:58,2,customer_changed_mind,120.6
RET003733,ORD0024214,1,PROD00728,SELL00164,CUST009899,2017-06-30 18:37:08,1,customer_changed_mind,286.58
RET003734,ORD0022167,2,PROD00862,SELL00155,CUST009090,2017-06-19 01:12:10,1,customer_changed_mind,40.69
RET003735,ORD0010746,2,PROD01448,SELL00206,CUST006968,2017-11-25 06:59:38,2,customer_changed_mind,228.0
RET003736,ORD0022071,2,PROD01659,SELL00363,CUST005417,2018-10-04 20:32:51,1,customer_changed_mind,72.38
RET003737,ORD0022038,1,PROD01585,SELL00322,CUST003029,2017-03-08 19:07:39,2,customer_changed_mind,313.8
RET003738,ORD0021715,1,PROD01825,SELL00342,CUST002797,2017-12-16 15:38:18,1,customer_changed_mind,241.4
RET003739,ORD0022981,2,PROD00518,SELL00363,CUST002474,2018-08-14 03:46:30,1,customer_changed_mind,262.43
RET003740,ORD0015382,1,PROD01572,SELL00038,CUST007477,2018-06-10 22:40:04,1,customer_changed_mind,36.65
RET003741,ORD0002325,1,PROD00726,SELL00221,CUST009195,2017-12-26 17:24:31,2,customer_changed_mind,60.16
RET003742,ORD0010699,1,PROD00743,SELL00003,CUST002251,2017-12-17 18:05:08,1,customer_changed_mind,101.8
RET003743,ORD0019291,2,PROD00818,SELL00306,CUST009132,2018-03-11 06:06:14,3,customer_changed_mind,753.57
RET003744,ORD0019356,1,PROD01738,SELL00135,CUST009082,2018-07-16 22:37:32,1,customer_changed_mind,48.32
RET003745,ORD0003390,2,PROD00221,SELL00274,CUST009563,2017-12-01 22:57:48,1,customer_changed_mind,87.89
RET003746,ORD0017947,1,PROD01637,SELL00247,CUST001988,2017-07-20 10:45:46,1,customer_changed_mind,263.74
RET003747,ORD0004922,1,PROD00174,SELL00345,CUST003071,2017-01-29 16:10:10,1,customer_changed_mind,70.34
RET003748,ORD0002206,1,PROD00163,SELL00119,CUST004600,2018-08-13 22:28:57,2,customer_changed_mind,106.46
RET003749,ORD0009664,1,PROD00958,SELL00034,CUST004052,2018-01-11 19:36:03,1,customer_changed_mind,62.01
RET003750,ORD0024142,1,PROD01203,SELL00049,CUST001311,2018-03-10 03:08:10,1,customer_changed_mind,109.65
RET003751,ORD0000070,1,PROD00297,SELL00197,CUST004480,2018-03-12 10:26:02,1,customer_changed_mind,28.09
RET003752,ORD0013058,1,PROD01136,SELL00103,CUST004901,2017-12-11 07:12:01,1,customer_changed_mind,122.29
RET003753,ORD0018924,1,PROD00306,SELL00371,CUST006975,2017-06-18 11:51:00,4,customer_changed_mind,953.32
RET003754,ORD0005805,1,PROD01901,SELL00305,CUST002165,2018-04-30 16:20:52,2,customer_changed_mind,103.2
RET003755,ORD0024075,1,PROD01705,SELL00059,CUST004432,2017-10-15 16:42:42,1,customer_changed_mind,56.47
RET003756,ORD0008121,2,PROD01577,SELL00178,CUST001618,2017-08-31 01:09:19,1,customer_changed_mind,42.11
RET003757,ORD0015448,2,PROD00336,SELL00367,CUST001021,2017-08-11 16:29:22,2,customer_changed_mind,60.6
RET003758,ORD0021628,1,PROD01859,SELL00256,CUST001915,2018-04-15 15:55:55,3,customer_changed_mind,747.87
RET003759,ORD0014067,1,PROD01115,SELL00262,CUST004850,2018-08-31 20:20:48,1,customer_changed_mind,306.34
RET003760,ORD0004397,1,PROD01721,SELL00306,CUST005818,2018-04-23 15:29:35,1,customer_changed_mind,271.56
RET003761,ORD0013007,1,PROD01394,SELL00398,CUST005987,2017-02-17 03:02:13,1,customer_changed_mind,156.16
RET003762,ORD0022291,1,PROD01477,SELL00270,CUST000113,2018-04-13 09:48:35,1,customer_changed_mind,48.67
RET003763,ORD0009430,1,PROD01580,SELL00354,CUST006199,2017-09-19 09:58:22,2,customer_changed_mind,661.74
RET003764,ORD0018768,1,PROD00975,SELL00218,CUST006389,2017-11-23 14:02:14,1,customer_changed_mind,30.87
RET003765,ORD0024370,1,PROD00140,SELL00337,CUST006761,2017-02-08 16:15:30,1,customer_changed_mind,15.84
RET003766,ORD0020902,1,PROD01845,SELL00113,CUST009552,2017-11-01 15:09:17,4,customer_changed_mind,61.48
RET003767,ORD0022370,1,PROD00528,SELL00049,CUST002897,2017-05-30 05:47:02,1,customer_changed_mind,42.25
RET003768,ORD0020194,1,PROD01794,SELL00130,CUST009616,2018-07-28 04:05:47,1,customer_changed_mind,193.14
RET003769,ORD0021077,1,PROD01447,SELL00125,CUST002505,2017-01-05 01:33:37,1,customer_changed_mind,46.81
RET003770,ORD0016654,1,PROD00596,SELL00052,CUST002986,2018-08-16 18:54:32,1,customer_changed_mind,56.66
RET003771,ORD0021982,1,PROD00087,SELL00133,CUST005729,2017-12-30 08:54:26,3,customer_changed_mind,255.93
RET003772,ORD0012534,2,PROD01283,SELL00057,CUST004300,2018-04-20 02:35:55,1,customer_changed_mind,77.84
RET003773,ORD0006160,1,PROD00688,SELL00262,CUST009071,2017-02-05 22:27:47,1,customer_changed_mind,265.07
RET003774,ORD0000685,1,PROD00518,SELL00355,CUST001317,2018-06-22 20:00:29,5,customer_changed_mind,1312.15
RET003775,ORD0018674,1,PROD00512,SELL00372,CUST006869,2017-10-19 22:51:06,1,customer_changed_mind,59.86
RET003776,ORD0020532,2,PROD01203,SELL00342,CUST001227,2017-12-02 09:41:01,2,customer_changed_mind,219.3
RET003777,ORD0018285,1,PROD01566,SELL00008,CUST000235,2018-02-13 02:30:52,1,customer_changed_mind,66.53
RET003778,ORD0012064,1,PROD01495,SELL00391,CUST007774,2017-10-17 08:41:16,3,customer_changed_mind,729.6
RET003779,ORD0011808,1,PROD00096,SELL00151,CUST009359,2017-01-13 01:58:30,2,customer_changed_mind,69.64
RET003780,ORD0017230,1,PROD01196,SELL00176,CUST009190,2017-08-21 15:28:46,1,customer_changed_mind,223.93
RET003781,ORD0023348,2,PROD00496,SELL00190,CUST009344,2017-03-27 05:09:30,1,customer_changed_mind,244.84
RET003782,ORD0023278,1,PROD01372,SELL00179,CUST002385,2018-08-15 06:37:30,2,customer_changed_mind,57.62
RET003783,ORD0009099,1,PROD00685,SELL00002,CUST005847,2017-02-28 21:16:34,1,customer_changed_mind,140.22
RET003784,ORD0012131,1,PROD01237,SELL00042,CUST004340,2018-05-26 18:43:05,1,customer_changed_mind,54.9
RET003785,ORD0003438,1,PROD01471,SELL00292,CUST009605,2018-07-26 19:19:29,1,customer_changed_mind,24.76
RET003786,ORD0012429,1,PROD01965,SELL00344,CUST008031,2017-12-11 18:19:31,2,customer_changed_mind,385.12
RET003787,ORD0009012,1,PROD00717,SELL00351,CUST004200,2017-02-02 19:46:15,1,customer_changed_mind,48.95
RET003788,ORD0000530,1,PROD01236,SELL00208,CUST009727,2017-10-20 23:36:28,1,customer_changed_mind,116.82
RET003789,ORD0006187,1,PROD00347,SELL00255,CUST001735,2017-11-16 06:55:30,1,customer_changed_mind,197.42
RET003790,ORD0005292,1,PROD01743,SELL00364,CUST006984,2018-04-03 08:59:53,2,customer_changed_mind,287.6
RET003791,ORD0000919,2,PROD01465,SELL00243,CUST007736,2018-04-29 13:42:06,2,customer_changed_mind,182.46
RET003792,ORD0007504,1,PROD01248,SELL00224,CUST005720,2018-05-19 19:01:41,4,customer_changed_mind,54.24
RET003793,ORD0001480,2,PROD00884,SELL00359,CUST001877,2017-04-12 15:29:01,3,customer_changed_mind,255.75
RET003794,ORD0016038,1,PROD01335,SELL00185,CUST001329,2018-03-08 13:43:45,1,customer_changed_mind,33.05
RET003795,ORD0003084,1,PROD01890,SELL00027,CUST003369,2018-02-26 18:50:46,1,customer_changed_mind,281.68
RET003796,ORD0008866,1,PROD00168,SELL00049,CUST004610,2018-08-24 07:17:31,2,customer_changed_mind,230.1
RET003797,ORD0022884,1,PROD00873,SELL00149,CUST000108,2017-02-07 15:22:21,1,customer_changed_mind,44.73
RET003798,ORD0008470,1,PROD01620,SELL00296,CUST004754,2018-09-10 06:27:57,1,customer_changed_mind,137.25
RET003799,ORD0017253,2,PROD01498,SELL00281,CUST009341,2017-06-03 06:45:13,2,customer_changed_mind,150.2
RET003800,ORD0023666,2,PROD00136,SELL00201,CUST002252,2018-09-02 12:20:33,1,customer_changed_mind,26.99
RET003801,ORD0019089,2,PROD01446,SELL00351,CUST000672,2017-12-28 16:00:47,2,customer_changed_mind,289.9
RET003802,ORD0005970,1,PROD00518,SELL00114,CUST005409,2018-02-09 22:18:58,1,customer_changed_mind,262.43
RET003803,ORD0001496,1,PROD01984,SELL00076,CUST006314,2017-05-30 09:52:44,1,customer_changed_mind,76.39
RET003804,ORD0024355,1,PROD00010,SELL00223,CUST005434,2018-07-15 19:29:20,3,customer_changed_mind,465.06
RET003805,ORD0024762,1,PROD00646,SELL00075,CUST006989,2018-07-22 10:20:32,1,customer_changed_mind,41.65
RET003806,ORD0022990,1,PROD00700,SELL00213,CUST002270,2018-08-31 12:59:44,1,customer_changed_mind,162.1
RET003807,ORD0022065,1,PROD01063,SELL00366,CUST001314,2017-09-26 11:24:01,1,customer_changed_mind,69.47
RET003808,ORD0001404,1,PROD00164,SELL00227,CUST000047,2018-02-26 01:56:39,1,customer_changed_mind,46.63
RET003809,ORD0001874,1,PROD00732,SELL00037,CUST008537,2018-03-11 13:54:53,1,customer_changed_mind,135.26
RET003810,ORD0024987,2,PROD01816,SELL00292,CUST004366,2018-08-20 11:58:14,2,customer_changed_mind,78.4
RET003811,ORD0024093,1,PROD01933,SELL00207,CUST000219,2018-04-07 10:14:38,2,customer_changed_mind,50.48
RET003812,ORD0021416,1,PROD00883,SELL00049,CUST000445,2017-08-10 13:02:22,2,customer_changed_mind,30.16
RET003813,ORD0007119,1,PROD00804,SELL00308,CUST007863,2017-11-19 05:11:31,4,customer_changed_mind,107.2
RET003814,ORD0002790,1,PROD01736,SELL00216,CUST005181,2017-09-28 20:17:55,1,customer_changed_mind,168.41
RET003815,ORD0018427,1,PROD00054,SELL00397,CUST009375,2017-08-20 16:35:05,4,customer_changed_mind,299.48
RET003816,ORD0017308,1,PROD00147,SELL00381,CUST002808,2018-06-27 02:49:18,3,customer_changed_mind,624.84
RET003817,ORD0022478,1,PROD01715,SELL00155,CUST007405,2018-04-20 15:14:46,1,customer_changed_mind,152.35
RET003818,ORD0018647,1,PROD00290,SELL00363,CUST006975,2018-03-20 21:59:53,1,customer_changed_mind,75.49
RET003819,ORD0024081,1,PROD00539,SELL00259,CUST005617,2017-11-25 02:35:16,1,customer_changed_mind,49.26
RET003820,ORD0001088,1,PROD01814,SELL00174,CUST002980,2018-04-18 02:32:22,1,customer_changed_mind,42.17
RET003821,ORD0018559,1,PROD01481,SELL00131,CUST003857,2018-02-03 17:55:26,1,customer_changed_mind,125.26
RET003822,ORD0003026,1,PROD01073,SELL00113,CUST009411,2018-07-01 05:36:35,1,customer_changed_mind,142.62
RET003823,ORD0022408,1,PROD01326,SELL00089,CUST000865,2017-08-16 12:18:28,1,customer_changed_mind,110.69
RET003824,ORD0015350,1,PROD01090,SELL00206,CUST003516,2017-06-04 13:56:34,1,customer_changed_mind,173.04
RET003825,ORD0007696,1,PROD00170,SELL00264,CUST000835,2018-04-05 21:28:21,1,customer_changed_mind,15.28
RET003826,ORD0018629,2,PROD01090,SELL00127,CUST005434,2018-01-14 07:19:59,1,customer_changed_mind,173.04
RET003827,ORD0013312,1,PROD01031,SELL00354,CUST004762,2018-02-19 16:13:03,1,customer_changed_mind,204.72
RET003828,ORD0024820,1,PROD00214,SELL00061,CUST007052,2018-09-12 11:53:37,3,customer_changed_mind,170.94
RET003829,ORD0004183,1,PROD00791,SELL00112,CUST004095,2018-05-29 02:31:33,1,customer_changed_mind,66.9
RET003830,ORD0017049,1,PROD00119,SELL00326,CUST000013,2017-03-24 10:09:59,1,customer_changed_mind,162.65
RET003831,ORD0011350,1,PROD00875,SELL00034,CUST003157,2018-05-09 06:26:49,3,customer_changed_mind,250.68
RET003832,ORD0016974,1,PROD00049,SELL00395,CUST009719,2017-11-25 16:26:20,2,customer_changed_mind,426.9
RET003833,ORD0013147,1,PROD00397,SELL00292,CUST007862,2018-01-12 12:16:37,1,customer_changed_mind,87.32
RET003834,ORD0010349,2,PROD01028,SELL00175,CUST005517,2018-07-04 03:29:35,1,customer_changed_mind,72.3
RET003835,ORD0001861,1,PROD01175,SELL00230,CUST005847,2018-03-03 08:00:09,2,customer_changed_mind,53.52
RET003836,ORD0021675,1,PROD00707,SELL00251,CUST004250,2018-02-19 10:11:11,2,customer_changed_mind,246.68
RET003837,ORD0001452,2,PROD00987,SELL00034,CUST006877,2017-03-31 04:32:50,2,customer_changed_mind,442.78
RET003838,ORD0021208,3,PROD01746,SELL00178,CUST004538,2017-06-21 16:39:57,1,customer_changed_mind,50.59
RET003839,ORD0013281,1,PROD01239,SELL00287,CUST002623,2017-12-05 08:30:45,1,customer_changed_mind,175.47
RET003840,ORD0018311,1,PROD01528,SELL00019,CUST001390,2018-03-27 19:42:55,1,customer_changed_mind,213.59
RET003841,ORD0014490,1,PROD01962,SELL00321,CUST002297,2018-04-19 03:57:23,2,customer_changed_mind,391.7
RET003842,ORD0013031,1,PROD00759,SELL00305,CUST002908,2017-11-21 05:15:47,1,customer_changed_mind,23.48
RET003843,ORD0016920,1,PROD00483,SELL00091,CUST000127,2018-06-17 22:10:14,1,customer_changed_mind,117.33
RET003844,ORD0004087,1,PROD01836,SELL00357,CUST001122,2017-09-03 02:35:02,1,customer_changed_mind,233.71
RET003845,ORD0018499,1,PROD00828,SELL00390,CUST008687,2017-05-17 13:56:56,2,customer_changed_mind,29.96
RET003846,ORD0004911,1,PROD00450,SELL00006,CUST005312,2017-10-05 19:54:09,1,customer_changed_mind,82.62
RET003847,ORD0021816,2,PROD00861,SELL00277,CUST007848,2018-08-17 02:03:46,2,customer_changed_mind,350.06
RET003848,ORD0021965,1,PROD00124,SELL00155,CUST006535,2018-01-28 13:18:15,3,customer_changed_mind,122.91
RET003849,ORD0008070,1,PROD00849,SELL00371,CUST004871,2018-03-30 18:37:03,2,customer_changed_mind,655.9
RET003850,ORD0003953,1,PROD01721,SELL00344,CUST006540,2018-08-19 22:29:49,1,customer_changed_mind,271.56
RET003851,ORD0022355,1,PROD01615,SELL00215,CUST008126,2017-11-22 04:17:28,1,customer_changed_mind,121.7
RET003852,ORD0000258,3,PROD01984,SELL00288,CUST004945,2017-12-07 21:59:04,1,customer_changed_mind,76.39
RET003853,ORD0024076,1,PROD00488,SELL00265,CUST000974,2017-04-29 09:11:19,1,customer_changed_mind,39.69
RET003854,ORD0015844,1,PROD00896,SELL00372,CUST002144,2018-10-04 05:04:46,1,customer_changed_mind,30.02
RET003855,ORD0008398,1,PROD00594,SELL00334,CUST006333,2017-02-11 16:23:22,1,customer_changed_mind,58.72
RET003856,ORD0004203,1,PROD01958,SELL00240,CUST003104,2018-07-21 21:47:25,1,customer_changed_mind,89.77
RET003857,ORD0008020,1,PROD00192,SELL00201,CUST006711,2018-05-30 22:18:26,1,customer_changed_mind,246.29
RET003858,ORD0002616,2,PROD01190,SELL00109,CUST009006,2017-06-13 10:52:27,2,customer_changed_mind,275.62
RET003859,ORD0018918,1,PROD01121,SELL00101,CUST005088,2017-03-07 02:19:22,1,customer_changed_mind,29.54
RET003860,ORD0007373,1,PROD00315,SELL00273,CUST005137,2018-02-19 02:29:58,1,customer_changed_mind,159.34
RET003861,ORD0010522,1,PROD00378,SELL00360,CUST001702,2018-06-07 06:27:39,1,customer_changed_mind,21.12
RET003862,ORD0012205,2,PROD01249,SELL00354,CUST004602,2017-03-09 07:21:35,1,customer_changed_mind,156.37
RET003863,ORD0022475,1,PROD01646,SELL00154,CUST008295,2017-04-08 02:47:04,1,customer_changed_mind,174.65
RET003864,ORD0011403,1,PROD00837,SELL00269,CUST004569,2017-12-17 09:38:58,1,customer_changed_mind,83.12
RET003865,ORD0021856,2,PROD00293,SELL00086,CUST007252,2018-05-09 20:17:18,1,customer_changed_mind,83.83
RET003866,ORD0020483,1,PROD01708,SELL00036,CUST009972,2018-06-06 23:28:20,2,customer_changed_mind,497.24
RET003867,ORD0022362,2,PROD00758,SELL00148,CUST005153,2018-04-26 14:32:46,3,customer_changed_mind,426.09
RET003868,ORD0022495,1,PROD01380,SELL00127,CUST004036,2018-07-14 19:46:27,1,customer_changed_mind,180.82
RET003869,ORD0016200,1,PROD00542,SELL00357,CUST008814,2018-09-23 20:16:34,1,customer_changed_mind,102.07
RET003870,ORD0022557,2,PROD00702,SELL00071,CUST005636,2017-01-30 06:37:10,1,customer_changed_mind,97.87
RET003871,ORD0021554,1,PROD01956,SELL00089,CUST004838,2017-06-12 01:30:17,1,customer_changed_mind,45.83
RET003872,ORD0016188,1,PROD00757,SELL00276,CUST006649,2018-02-26 02:26:11,1,customer_changed_mind,18.93
RET003873,ORD0017132,1,PROD00090,SELL00075,CUST000130,2018-06-13 11:48:51,1,customer_changed_mind,148.13
RET003874,ORD0011945,1,PROD01095,SELL00144,CUST006544,2018-02-15 23:35:37,1,customer_changed_mind,82.86
RET003875,ORD0012418,1,PROD00262,SELL00370,CUST002333,2017-08-12 01:34:08,1,customer_changed_mind,196.92
RET003876,ORD0011764,1,PROD01075,SELL00348,CUST006778,2018-06-29 01:51:51,1,customer_changed_mind,25.23
RET003877,ORD0014020,1,PROD01054,SELL00090,CUST002927,2018-07-08 04:58:11,1,customer_changed_mind,110.25
RET003878,ORD0017572,1,PROD01858,SELL00280,CUST004393,2017-11-29 03:46:27,1,customer_changed_mind,200.55
RET003879,ORD0012036,1,PROD01461,SELL00231,CUST001748,2017-12-15 07:27:15,1,customer_changed_mind,89.77
RET003880,ORD0020391,1,PROD00482,SELL00193,CUST004173,2017-07-14 12:25:04,1,customer_changed_mind,33.02
RET003881,ORD0015701,2,PROD01162,SELL00171,CUST005842,2018-09-24 23:30:52,3,customer_changed_mind,323.58
RET003882,ORD0020099,2,PROD00420,SELL00322,CUST005707,2018-09-02 10:51:10,1,customer_changed_mind,58.6
RET003883,ORD0015067,1,PROD01235,SELL00008,CUST001361,2018-03-01 08:24:18,2,customer_changed_mind,129.28
RET003884,ORD0009872,3,PROD01026,SELL00106,CUST007499,2017-07-29 05:15:06,1,customer_changed_mind,77.9
RET003885,ORD0004174,2,PROD00631,SELL00236,CUST004463,2017-01-18 06:30:07,4,customer_changed_mind,447.28
RET003886,ORD0016463,1,PROD01561,SELL00046,CUST003170,2017-09-25 07:53:18,2,customer_changed_mind,673.52
RET003887,ORD0008790,1,PROD01808,SELL00275,CUST006534,2017-07-26 20:57:04,1,customer_changed_mind,117.97
RET003888,ORD0005296,1,PROD01427,SELL00268,CUST006785,2017-08-25 18:27:52,2,customer_changed_mind,236.04
RET003889,ORD0008710,2,PROD01381,SELL00180,CUST002728,2017-06-27 15:44:34,1,customer_changed_mind,98.23
RET003890,ORD0020454,1,PROD00616,SELL00214,CUST003794,2017-08-28 18:24:50,2,customer_changed_mind,855.24
RET003891,ORD0004133,2,PROD00178,SELL00246,CUST008111,2017-05-24 14:29:56,1,customer_changed_mind,102.39
RET003892,ORD0023477,1,PROD00203,SELL00051,CUST000655,2018-03-28 18:12:53,1,customer_changed_mind,132.04
RET003893,ORD0016993,1,PROD00166,SELL00283,CUST003302,2017-10-04 06:17:01,2,customer_changed_mind,104.5
RET003894,ORD0023264,1,PROD01013,SELL00130,CUST007577,2017-10-18 02:58:17,1,customer_changed_mind,337.56
RET003895,ORD0002072,1,PROD01563,SELL00371,CUST007056,2018-09-06 21:18:39,1,customer_changed_mind,206.88
RET003896,ORD0005226,1,PROD01929,SELL00253,CUST000523,2017-07-05 17:32:00,1,customer_changed_mind,152.86
RET003897,ORD0013711,3,PROD00044,SELL00219,CUST009126,2017-01-22 18:28:40,1,customer_changed_mind,19.82
RET003898,ORD0011148,1,PROD01902,SELL00048,CUST004563,2017-07-18 02:23:38,2,customer_changed_mind,80.22
RET003899,ORD0001647,2,PROD01940,SELL00107,CUST001964,2017-04-24 20:03:18,1,customer_changed_mind,120.2
RET003900,ORD0016701,1,PROD01673,SELL00297,CUST001696,2018-07-04 01:09:41,1,customer_changed_mind,121.49
RET003901,ORD0021157,1,PROD01086,SELL00093,CUST004330,2018-01-08 07:00:03,1,customer_changed_mind,45.21
RET003902,ORD0003641,2,PROD01631,SELL00331,CUST001636,2017-10-09 15:02:04,1,customer_changed_mind,31.55
RET003903,ORD0023868,1,PROD01456,SELL00109,CUST001554,2017-01-25 15:56:17,1,customer_changed_mind,74.08
RET003904,ORD0020417,1,PROD01192,SELL00378,CUST006762,2018-09-04 01:24:50,1,customer_changed_mind,47.09
RET003905,ORD0006020,1,PROD00370,SELL00064,CUST002488,2018-05-14 12:18:00,3,customer_changed_mind,43.35
RET003906,ORD0008698,1,PROD00398,SELL00280,CUST003304,2018-02-06 15:17:15,1,customer_changed_mind,156.45
RET003907,ORD0020955,1,PROD01175,SELL00195,CUST002729,2017-06-18 06:26:37,1,customer_changed_mind,26.76
RET003908,ORD0019591,2,PROD00502,SELL00392,CUST006652,2017-10-02 14:02:56,2,customer_changed_mind,55.6
RET003909,ORD0014150,1,PROD00665,SELL00400,CUST000485,2017-12-17 16:43:14,1,customer_changed_mind,38.37
RET003910,ORD0015031,1,PROD01536,SELL00392,CUST007055,2018-06-06 18:42:10,2,customer_changed_mind,132.38
RET003911,ORD0013767,1,PROD01776,SELL00328,CUST000413,2017-08-22 00:50:05,1,customer_changed_mind,62.87
RET003912,ORD0002217,1,PROD01764,SELL00011,CUST005856,2017-12-10 10:54:46,1,customer_changed_mind,93.25
RET003913,ORD0006376,1,PROD01312,SELL00360,CUST001824,2018-09-15 10:04:56,1,customer_changed_mind,65.37
RET003914,ORD0019881,1,PROD01054,SELL00173,CUST004831,2018-04-10 22:43:18,1,customer_changed_mind,110.25
RET003915,ORD0022830,1,PROD01097,SELL00296,CUST008001,2017-03-31 10:17:16,1,customer_changed_mind,140.07
RET003916,ORD0008608,2,PROD01902,SELL00098,CUST006530,2018-05-10 23:54:06,1,customer_changed_mind,40.11
RET003917,ORD0000727,1,PROD00990,SELL00151,CUST001856,2017-12-21 07:38:37,1,customer_changed_mind,54.8
RET003918,ORD0016209,1,PROD00762,SELL00261,CUST000857,2018-05-31 20:36:58,1,customer_changed_mind,34.96
RET003919,ORD0012699,1,PROD00629,SELL00146,CUST003789,2017-07-17 07:36:34,3,customer_changed_mind,124.95
RET003920,ORD0008098,1,PROD01712,SELL00291,CUST005388,2018-10-01 22:50:11,2,customer_changed_mind,184.62
RET003921,ORD0005486,1,PROD00117,SELL00178,CUST003019,2018-03-06 22:34:19,1,customer_changed_mind,104.85
RET003922,ORD0004515,1,PROD00030,SELL00051,CUST008718,2018-08-09 15:07:36,2,customer_changed_mind,25.36
RET003923,ORD0019963,1,PROD01016,SELL00133,CUST005923,2018-03-09 04:00:13,1,customer_changed_mind,76.87
RET003924,ORD0003131,1,PROD01256,SELL00379,CUST007701,2017-12-27 10:13:57,1,customer_changed_mind,61.47
RET003925,ORD0005357,1,PROD01788,SELL00352,CUST006367,2018-09-17 08:13:15,1,customer_changed_mind,35.99
RET003926,ORD0020460,1,PROD01052,SELL00268,CUST001974,2017-07-16 16:09:16,1,customer_changed_mind,80.2
RET003927,ORD0012684,2,PROD00558,SELL00285,CUST006303,2017-07-30 19:43:41,1,customer_changed_mind,31.17
RET003928,ORD0008094,1,PROD01575,SELL00086,CUST009624,2018-01-09 21:39:02,1,customer_changed_mind,59.24
RET003929,ORD0000963,1,PROD00708,SELL00043,CUST006602,2017-02-07 07:31:03,1,customer_changed_mind,55.0
RET003930,ORD0010364,1,PROD00769,SELL00037,CUST007059,2017-04-04 09:53:49,2,customer_changed_mind,781.4
RET003931,ORD0014789,1,PROD00561,SELL00022,CUST002433,2018-05-28 15:13:20,4,customer_changed_mind,161.28
RET003932,ORD0021015,1,PROD01901,SELL00380,CUST008264,2017-03-30 08:48:16,1,customer_changed_mind,51.6
RET003933,ORD0020447,1,PROD00007,SELL00210,CUST004501,2017-05-09 02:39:29,1,customer_changed_mind,90.52
RET003934,ORD0004874,1,PROD01678,SELL00277,CUST000864,2018-09-08 18:05:55,1,customer_changed_mind,28.66
RET003935,ORD0015262,1,PROD01618,SELL00248,CUST001865,2017-03-06 11:33:53,4,customer_changed_mind,168.0
RET003936,ORD0001192,1,PROD01123,SELL00380,CUST005616,2018-10-07 01:56:54,3,customer_changed_mind,470.73
RET003937,ORD0004892,1,PROD00584,SELL00216,CUST009955,2018-06-27 04:51:19,1,customer_changed_mind,50.35
RET003938,ORD0013544,1,PROD01996,SELL00096,CUST008164,2018-06-16 01:48:44,2,customer_changed_mind,153.88
RET003939,ORD0009175,1,PROD01131,SELL00181,CUST004590,2018-07-31 23:22:54,1,customer_changed_mind,49.0
RET003940,ORD0000140,2,PROD01301,SELL00283,CUST005287,2017-08-23 08:17:53,1,customer_changed_mind,57.91
RET003941,ORD0018155,1,PROD00258,SELL00120,CUST007847,2017-03-08 20:14:01,1,customer_changed_mind,14.8
RET003942,ORD0012221,1,PROD00099,SELL00064,CUST002100,2018-01-03 01:02:39,4,customer_changed_mind,375.6
RET003943,ORD0015916,1,PROD00172,SELL00374,CUST003310,2018-04-08 06:35:58,3,customer_changed_mind,442.83
RET003944,ORD0004644,1,PROD00287,SELL00062,CUST004038,2017-05-19 16:05:56,2,customer_changed_mind,123.0
RET003945,ORD0020991,1,PROD00675,SELL00065,CUST007295,2017-09-01 08:04:24,3,customer_changed_mind,46.02
RET003946,ORD0015271,2,PROD00887,SELL00326,CUST002357,2018-06-27 08:22:42,2,customer_changed_mind,85.92
RET003947,ORD0012986,1,PROD01985,SELL00330,CUST003341,2017-06-07 07:58:49,1,customer_changed_mind,139.06
RET003948,ORD0003594,1,PROD01686,SELL00010,CUST002680,2018-07-05 05:08:59,1,customer_changed_mind,40.93
RET003949,ORD0002054,1,PROD00180,SELL00374,CUST007086,2018-07-26 01:15:59,1,customer_changed_mind,346.17
RET003950,ORD0012868,1,PROD00500,SELL00052,CUST006933,2018-02-08 17:25:02,1,customer_changed_mind,95.47
RET003951,ORD0014864,1,PROD01778,SELL00314,CUST000982,2017-05-05 17:43:17,1,customer_changed_mind,49.03
RET003952,ORD0008199,1,PROD01039,SELL00184,CUST000217,2017-09-06 11:01:12,2,customer_changed_mind,110.66
RET003953,ORD0009686,1,PROD01159,SELL00089,CUST003937,2018-02-09 13:22:36,1,customer_changed_mind,70.86
RET003954,ORD0024936,1,PROD01120,SELL00392,CUST006712,2017-12-13 23:17:17,1,customer_changed_mind,216.1
RET003955,ORD0004684,2,PROD00242,SELL00137,CUST004954,2018-06-12 00:39:43,2,customer_changed_mind,71.64
RET003956,ORD0009960,1,PROD00653,SELL00180,CUST008904,2017-01-28 07:42:10,1,customer_changed_mind,29.64
RET003957,ORD0023969,1,PROD01115,SELL00098,CUST000770,2017-07-18 05:26:22,2,customer_changed_mind,612.68
RET003958,ORD0023876,1,PROD01369,SELL00377,CUST000857,2017-03-31 18:36:46,1,customer_changed_mind,37.48
RET003959,ORD0008750,1,PROD00136,SELL00090,CUST003132,2017-05-26 23:02:35,2,customer_changed_mind,53.98
RET003960,ORD0019800,1,PROD01544,SELL00008,CUST008654,2018-07-14 15:07:52,1,customer_changed_mind,287.55
RET003961,ORD0003911,1,PROD01394,SELL00048,CUST006654,2018-02-12 11:30:54,2,customer_changed_mind,312.32
RET003962,ORD0012719,1,PROD00430,SELL00277,CUST004753,2017-09-19 03:32:23,2,customer_changed_mind,394.5
RET003963,ORD0005180,1,PROD01228,SELL00116,CUST000913,2018-03-17 21:27:57,3,customer_changed_mind,428.85
RET003964,ORD0014930,1,PROD00933,SELL00214,CUST006596,2018-03-29 15:32:52,1,customer_changed_mind,69.69
RET003965,ORD0020795,1,PROD01722,SELL00163,CUST004628,2017-03-02 19:56:36,1,customer_changed_mind,141.2
RET003966,ORD0008068,2,PROD00255,SELL00108,CUST007703,2018-03-23 10:39:47,2,customer_changed_mind,422.4
RET003967,ORD0003803,2,PROD01795,SELL00181,CUST008380,2018-07-14 17:18:25,1,customer_changed_mind,100.88
RET003968,ORD0004609,1,PROD00945,SELL00387,CUST001793,2017-03-04 09:44:21,1,customer_changed_mind,144.93
RET003969,ORD0000932,1,PROD01202,SELL00370,CUST000274,2017-12-15 13:29:21,1,customer_changed_mind,43.31
RET003970,ORD0019752,1,PROD01140,SELL00053,CUST002333,2017-12-30 05:22:56,1,customer_changed_mind,148.94
RET003971,ORD0019149,2,PROD01034,SELL00046,CUST001716,2017-07-19 07:36:44,2,customer_changed_mind,456.46
RET003972,ORD0014916,2,PROD01376,SELL00223,CUST004729,2018-07-08 04:38:24,3,customer_changed_mind,116.82
RET003973,ORD0024449,1,PROD00423,SELL00074,CUST006317,2018-08-03 00:29:19,1,customer_changed_mind,222.04
RET003974,ORD0016939,1,PROD00985,SELL00360,CUST006079,2017-08-06 13:50:08,1,customer_changed_mind,171.9
RET003975,ORD0018211,1,PROD01687,SELL00187,CUST003386,2018-09-19 22:30:34,1,customer_changed_mind,92.15
RET003976,ORD0003014,1,PROD00710,SELL00369,CUST000270,2017-02-19 19:38:45,2,customer_changed_mind,70.04
RET003977,ORD0014972,1,PROD01786,SELL00148,CUST004220,2017-02-27 09:09:25,1,customer_changed_mind,153.45
RET003978,ORD0013793,1,PROD00521,SELL00076,CUST000097,2018-08-24 11:37:47,1,customer_changed_mind,63.91
RET003979,ORD0020685,1,PROD00676,SELL00233,CUST002303,2017-07-26 11:12:41,1,customer_changed_mind,119.55
RET003980,ORD0003838,1,PROD01088,SELL00301,CUST009666,2017-01-19 22:19:27,1,customer_changed_mind,89.42
RET003981,ORD0018755,1,PROD01452,SELL00062,CUST009922,2018-10-01 15:58:11,2,customer_changed_mind,116.64
RET003982,ORD0002690,1,PROD00550,SELL00393,CUST006208,2018-09-03 03:35:16,1,customer_changed_mind,88.35
RET003983,ORD0023721,1,PROD00431,SELL00126,CUST004577,2018-10-06 11:26:21,2,customer_changed_mind,153.06
RET003984,ORD0019566,4,PROD00260,SELL00223,CUST004556,2017-09-27 06:25:37,1,customer_changed_mind,273.98
RET003985,ORD0002528,1,PROD01619,SELL00305,CUST001061,2018-07-05 19:18:59,3,customer_changed_mind,42.72
RET003986,ORD0000098,1,PROD01317,SELL00286,CUST009407,2017-08-27 16:44:24,1,customer_changed_mind,379.34
RET003987,ORD0006370,1,PROD01651,SELL00061,CUST009346,2017-01-20 11:20:06,2,customer_changed_mind,295.36
RET003988,ORD0019643,1,PROD01505,SELL00150,CUST001587,2017-08-07 18:08:02,1,customer_changed_mind,147.74
RET003989,ORD0021245,3,PROD01849,SELL00029,CUST005143,2018-05-04 09:15:42,2,customer_changed_mind,117.94
RET003990,ORD0003368,1,PROD00362,SELL00344,CUST006408,2018-09-07 20:05:14,1,customer_changed_mind,151.98
RET003991,ORD0017065,1,PROD00448,SELL00339,CUST009330,2018-03-19 16:48:31,1,customer_changed_mind,37.07
RET003992,ORD0011074,1,PROD00397,SELL00192,CUST008467,2017-04-12 10:36:34,2,customer_changed_mind,174.64
RET003993,ORD0017124,2,PROD00048,SELL00308,CUST008572,2017-05-13 10:36:22,2,customer_changed_mind,247.3
RET003994,ORD0011183,1,PROD00563,SELL00133,CUST006236,2018-01-03 21:51:52,4,customer_changed_mind,163.0
RET003995,ORD0021926,1,PROD01049,SELL00189,CUST001973,2017-10-31 19:32:17,1,customer_changed_mind,90.57
RET003996,ORD0016776,1,PROD00382,SELL00297,CUST004649,2017-07-25 06:18:56,1,customer_changed_mind,53.52
RET003997,ORD0024138,1,PROD00693,SELL00335,CUST001623,2017-10-27 09:52:47,2,customer_changed_mind,157.2
RET003998,ORD0015203,2,PROD00763,SELL00284,CUST009707,2017-10-12 13:47:49,1,customer_changed_mind,136.86
RET003999,ORD0024727,1,PROD00189,SELL00019,CUST005890,2017-08-25 23:39:49,2,customer_changed_mind,176.76
RET004000,ORD0002757,1,PROD01422,SELL00328,CUST005357,2018-09-18 03:42:20,2,customer_changed_mind,346.3
RET004001,ORD0022165,1,PROD00435,SELL00046,CUST001879,2018-04-01 23:43:38,1,customer_changed_mind,60.92
RET004002,ORD0019843,1,PROD00151,SELL00274,CUST006805,2018-02-06 04:45:56,1,customer_changed_mind,121.88
RET004003,ORD0007989,1,PROD00569,SELL00187,CUST004036,2018-07-02 10:47:55,3,customer_changed_mind,165.75
RET004004,ORD0024275,2,PROD01179,SELL00001,CUST007063,2018-08-20 07:00:20,4,customer_changed_mind,444.32
RET004005,ORD0010795,2,PROD01675,SELL00093,CUST008031,2018-09-16 14:12:18,1,customer_changed_mind,111.53
RET004006,ORD0024479,1,PROD01446,SELL00243,CUST004742,2017-04-01 20:44:04,1,customer_changed_mind,144.95
RET004007,ORD0003813,2,PROD00457,SELL00398,CUST009792,2018-06-07 19:19:30,1,customer_changed_mind,82.31
RET004008,ORD0016915,1,PROD00282,SELL00255,CUST006268,2017-08-17 01:10:04,1,customer_changed_mind,114.02
RET004009,ORD0019537,1,PROD01273,SELL00137,CUST002572,2018-03-10 17:12:15,2,customer_changed_mind,199.16
RET004010,ORD0012478,1,PROD01191,SELL00395,CUST007464,2017-10-02 03:57:20,1,customer_changed_mind,119.31
RET004011,ORD0011163,1,PROD01142,SELL00165,CUST004028,2018-07-21 11:55:43,1,customer_changed_mind,52.32
RET004012,ORD0003923,1,PROD01381,SELL00286,CUST000681,2017-07-10 16:17:57,1,customer_changed_mind,98.23
RET004013,ORD0014356,1,PROD00781,SELL00256,CUST000484,2018-01-11 03:19:07,1,customer_changed_mind,38.05
RET004014,ORD0012608,1,PROD00956,SELL00012,CUST001639,2018-01-26 17:51:19,2,customer_changed_mind,377.04
RET004015,ORD0000525,1,PROD01486,SELL00051,CUST003139,2017-10-28 07:08:14,4,customer_changed_mind,67.52
RET004016,ORD0002124,1,PROD00254,SELL00079,CUST006900,2017-09-12 22:58:41,1,customer_changed_mind,124.73
RET004017,ORD0019506,1,PROD00308,SELL00155,CUST004649,2017-11-01 00:32:15,5,customer_changed_mind,523.9
RET004018,ORD0016261,1,PROD01491,SELL00144,CUST009454,2018-09-02 09:19:17,1,customer_changed_mind,58.51
RET004019,ORD0021892,2,PROD01341,SELL00355,CUST009033,2018-01-04 10:02:00,1,customer_changed_mind,71.71
RET004020,ORD0001703,1,PROD01587,SELL00062,CUST009761,2018-09-03 22:54:25,1,customer_changed_mind,38.76
RET004021,ORD0011082,1,PROD01086,SELL00100,CUST004725,2017-12-15 04:10:40,1,customer_changed_mind,45.21
RET004022,ORD0024713,1,PROD01839,SELL00348,CUST000388,2018-04-22 06:20:16,2,customer_changed_mind,134.06
RET004023,ORD0006522,1,PROD00395,SELL00398,CUST007165,2017-01-22 00:40:02,1,customer_changed_mind,86.87
RET004024,ORD0018721,1,PROD01037,SELL00128,CUST009431,2018-06-08 07:33:14,3,customer_changed_mind,738.45
RET004025,ORD0007055,1,PROD00451,SELL00360,CUST007701,2018-09-05 12:45:09,2,customer_changed_mind,130.5
RET004026,ORD0016828,1,PROD00603,SELL00116,CUST002754,2018-03-21 20:03:45,1,customer_changed_mind,108.27
RET004027,ORD0003820,1,PROD01406,SELL00118,CUST006363,2017-07-31 10:58:11,1,customer_changed_mind,71.38
RET004028,ORD0001369,1,PROD00267,SELL00065,CUST001399,2018-04-01 02:49:02,3,customer_changed_mind,81.75
RET004029,ORD0007168,2,PROD01038,SELL00258,CUST006981,2017-11-24 23:50:16,1,customer_changed_mind,64.05
RET004030,ORD0011201,3,PROD00003,SELL00202,CUST001627,2018-04-09 03:25:46,3,customer_changed_mind,612.69
RET004031,ORD0005602,1,PROD01152,SELL00033,CUST008651,2018-03-20 07:40:53,3,customer_changed_mind,220.32
RET004032,ORD0018380,1,PROD01473,SELL00279,CUST005916,2018-05-07 17:33:12,1,customer_changed_mind,71.78
RET004033,ORD0000952,1,PROD00691,SELL00363,CUST006948,2018-07-11 07:41:42,1,customer_changed_mind,297.97
RET004034,ORD0005822,1,PROD00475,SELL00203,CUST001218,2017-10-16 12:58:37,3,customer_changed_mind,166.29
RET004035,ORD0010800,1,PROD00905,SELL00318,CUST000320,2017-09-01 14:53:54,1,customer_changed_mind,90.94
RET004036,ORD0013190,1,PROD00102,SELL00224,CUST004378,2018-07-29 15:40:24,3,customer_changed_mind,615.48
RET004037,ORD0005851,1,PROD01489,SELL00287,CUST000119,2017-03-23 12:41:08,1,customer_changed_mind,34.11
RET004038,ORD0022613,1,PROD01989,SELL00130,CUST004282,2017-04-23 15:39:35,1,customer_changed_mind,33.96
RET004039,ORD0017380,1,PROD01508,SELL00174,CUST003000,2017-01-16 14:38:55,2,customer_changed_mind,189.58
RET004040,ORD0005588,1,PROD01068,SELL00250,CUST008914,2017-09-07 17:44:58,2,customer_changed_mind,168.0
RET004041,ORD0006686,1,PROD00919,SELL00154,CUST007124,2017-12-29 01:12:21,1,customer_changed_mind,66.23
RET004042,ORD0009027,1,PROD01191,SELL00158,CUST000408,2017-12-01 05:39:29,1,customer_changed_mind,119.31
RET004043,ORD0006018,2,PROD01176,SELL00102,CUST004502,2017-01-12 02:03:08,1,customer_changed_mind,151.21
RET004044,ORD0012099,1,PROD00407,SELL00075,CUST000941,2017-09-06 15:35:25,1,customer_changed_mind,32.94
RET004045,ORD0010597,1,PROD01078,SELL00208,CUST002513,2017-02-28 23:44:09,1,customer_changed_mind,250.01
RET004046,ORD0001741,1,PROD00581,SELL00169,CUST000973,2017-05-11 20:26:27,1,customer_changed_mind,68.48
RET004047,ORD0018028,1,PROD00468,SELL00099,CUST002502,2017-03-30 02:01:04,1,customer_changed_mind,145.9
RET004048,ORD0011165,1,PROD00431,SELL00232,CUST007791,2017-08-01 05:47:36,1,customer_changed_mind,76.53
RET004049,ORD0024123,1,PROD00573,SELL00162,CUST008303,2017-10-16 05:26:00,1,customer_changed_mind,131.65
RET004050,ORD0004866,1,PROD00790,SELL00046,CUST004672,2017-04-30 22:07:23,1,customer_changed_mind,263.91
RET004051,ORD0017762,1,PROD00504,SELL00211,CUST001648,2017-12-10 22:21:26,2,customer_changed_mind,150.52
RET004052,ORD0001869,1,PROD01543,SELL00348,CUST009421,2018-09-11 19:55:57,1,customer_changed_mind,69.28
RET004053,ORD0017369,1,PROD00758,SELL00052,CUST004086,2018-06-20 16:10:06,1,customer_changed_mind,142.03
RET004054,ORD0009964,2,PROD00496,SELL00355,CUST004555,2018-08-18 21:21:10,1,customer_changed_mind,244.84
RET004055,ORD0001439,2,PROD01258,SELL00303,CUST001418,2017-04-13 22:28:04,1,customer_changed_mind,299.93
RET004056,ORD0000859,1,PROD00495,SELL00266,CUST005864,2017-03-26 05:18:51,2,customer_changed_mind,381.08
RET004057,ORD0006110,2,PROD01227,SELL00024,CUST004462,2018-02-19 08:06:37,1,customer_changed_mind,215.22
RET004058,ORD0022639,1,PROD00234,SELL00083,CUST000046,2017-05-20 09:02:08,1,customer_changed_mind,129.35
RET004059,ORD0004889,1,PROD00589,SELL00346,CUST001314,2017-12-27 21:05:41,1,customer_changed_mind,58.91
RET004060,ORD0022142,1,PROD00029,SELL00119,CUST009294,2017-11-06 14:52:18,1,customer_changed_mind,177.09
RET004061,ORD0024696,2,PROD00247,SELL00386,CUST009789,2017-01-18 04:15:14,1,customer_changed_mind,190.22
RET004062,ORD0010098,1,PROD00125,SELL00032,CUST003193,2018-05-08 14:38:37,2,customer_changed_mind,113.44
RET004063,ORD0008581,1,PROD01180,SELL00175,CUST009292,2018-09-22 17:13:32,4,customer_changed_mind,356.64
RET004064,ORD0016472,1,PROD00719,SELL00218,CUST007696,2017-01-24 07:19:00,1,customer_changed_mind,316.83
RET004065,ORD0009261,2,PROD00202,SELL00070,CUST002187,2017-09-15 01:51:40,3,customer_changed_mind,648.63
RET004066,ORD0007636,1,PROD00167,SELL00248,CUST001028,2018-06-23 17:26:40,3,customer_changed_mind,297.21
RET004067,ORD0022513,3,PROD00055,SELL00250,CUST006788,2017-10-06 18:18:15,1,customer_changed_mind,61.61
RET004068,ORD0018838,1,PROD00623,SELL00371,CUST002112,2018-05-23 17:57:32,1,customer_changed_mind,157.56
RET004069,ORD0015057,1,PROD00164,SELL00124,CUST003252,2017-04-13 03:59:59,1,customer_changed_mind,46.63
RET004070,ORD0017877,1,PROD01740,SELL00296,CUST002504,2017-05-31 08:57:34,1,customer_changed_mind,113.51
RET004071,ORD0019079,1,PROD01599,SELL00042,CUST008838,2017-11-30 21:17:57,1,customer_changed_mind,28.21
RET004072,ORD0009076,1,PROD01999,SELL00268,CUST003974,2018-06-05 02:58:27,1,customer_changed_mind,161.01
RET004073,ORD0005811,3,PROD00169,SELL00128,CUST001116,2017-07-12 21:43:47,1,customer_changed_mind,104.02
RET004074,ORD0007291,1,PROD00333,SELL00268,CUST008272,2018-05-08 23:55:01,1,customer_changed_mind,60.14
RET004075,ORD0023480,1,PROD01220,SELL00207,CUST002582,2017-10-12 00:05:31,1,customer_changed_mind,98.72
RET004076,ORD0008610,1,PROD00454,SELL00035,CUST005758,2018-09-13 21:35:45,1,customer_changed_mind,83.11
RET004077,ORD0010828,1,PROD00078,SELL00317,CUST006301,2017-02-11 19:41:38,3,customer_changed_mind,53.76
RET004078,ORD0017548,1,PROD00369,SELL00181,CUST003841,2018-10-06 16:23:51,1,customer_changed_mind,35.28
RET004079,ORD0013038,2,PROD01971,SELL00227,CUST000700,2018-06-14 14:44:24,1,customer_changed_mind,78.55
RET004080,ORD0015150,1,PROD01599,SELL00335,CUST006553,2017-11-25 21:43:07,2,customer_changed_mind,56.42
RET004081,ORD0001303,3,PROD00540,SELL00012,CUST001509,2018-06-01 08:07:11,2,customer_changed_mind,105.1
RET004082,ORD0023118,1,PROD01797,SELL00261,CUST007898,2018-01-25 20:01:31,1,customer_changed_mind,160.53
RET004083,ORD0014825,2,PROD01718,SELL00077,CUST007963,2017-07-04 05:17:10,1,customer_changed_mind,163.98
RET004084,ORD0012375,3,PROD00172,SELL00083,CUST003903,2017-05-20 13:21:48,1,customer_changed_mind,147.61
RET004085,ORD0021064,2,PROD01034,SELL00213,CUST007467,2018-09-02 23:09:42,1,customer_changed_mind,228.23
RET004086,ORD0002255,2,PROD01171,SELL00377,CUST006521,2017-06-06 10:04:46,1,customer_changed_mind,54.21
RET004087,ORD0011128,3,PROD01114,SELL00091,CUST001959,2018-06-19 06:50:59,1,customer_changed_mind,95.91
RET004088,ORD0015392,1,PROD01949,SELL00331,CUST006634,2017-12-09 20:56:50,3,customer_changed_mind,259.95
RET004089,ORD0009166,1,PROD00080,SELL00368,CUST003773,2017-02-01 20:08:14,3,customer_changed_mind,127.77
RET004090,ORD0005878,1,PROD00772,SELL00044,CUST005191,2018-04-18 06:01:21,2,customer_changed_mind,110.68
RET004091,ORD0010736,1,PROD01218,SELL00001,CUST005814,2018-10-03 03:09:03,1,late_delivery,32.07
RET004092,ORD0023917,1,PROD00579,SELL00044,CUST000270,2018-07-17 04:48:47,3,late_delivery,519.9
RET004093,ORD0016145,2,PROD00098,SELL00094,CUST001600,2017-03-17 09:09:09,1,late_delivery,62.42
RET004094,ORD0014323,2,PROD00069,SELL00183,CUST005254,2018-08-03 00:12:29,1,late_delivery,63.17
RET004095,ORD0001072,1,PROD01485,SELL00163,CUST007243,2018-09-26 03:47:40,1,late_delivery,210.76
RET004096,ORD0002161,1,PROD01932,SELL00201,CUST007553,2018-05-22 14:02:59,2,late_delivery,177.4
RET004097,ORD0003599,1,PROD01333,SELL00250,CUST004610,2017-03-28 05:00:20,1,late_delivery,65.54
RET004098,ORD0006507,1,PROD00512,SELL00225,CUST006999,2018-08-07 05:04:43,2,late_delivery,119.72
RET004099,ORD0004939,1,PROD01242,SELL00383,CUST003689,2018-08-01 19:24:14,1,late_delivery,98.58
RET004100,ORD0012318,1,PROD00656,SELL00057,CUST001646,2017-09-29 02:24:12,1,late_delivery,411.6
RET004101,ORD0001379,2,PROD00118,SELL00137,CUST002440,2017-04-28 03:16:39,2,late_delivery,779.52
RET004102,ORD0006475,2,PROD00759,SELL00343,CUST004020,2018-01-10 02:27:28,1,late_delivery,23.48
RET004103,ORD0000690,1,PROD01617,SELL00022,CUST007830,2018-05-26 05:51:13,1,late_delivery,82.91
RET004104,ORD0005205,1,PROD00383,SELL00272,CUST002110,2017-04-06 11:42:51,2,late_delivery,173.7
RET004105,ORD0011211,1,PROD01533,SELL00015,CUST008193,2017-12-29 15:27:17,1,late_delivery,167.91
RET004106,ORD0000686,1,PROD00430,SELL00384,CUST006744,2017-04-28 21:13:42,1,late_delivery,197.25
RET004107,ORD0024443,1,PROD00820,SELL00349,CUST005737,2017-02-08 17:19:09,1,late_delivery,40.2
RET004108,ORD0022989,1,PROD00552,SELL00307,CUST001780,2017-07-24 01:03:05,1,late_delivery,15.91
RET004109,ORD0005046,1,PROD00034,SELL00109,CUST006168,2017-09-09 08:27:19,1,late_delivery,52.94
RET004110,ORD0022083,1,PROD01746,SELL00059,CUST000831,2017-07-07 10:54:28,1,late_delivery,50.59
RET004111,ORD0013208,1,PROD01833,SELL00130,CUST008017,2017-08-02 23:58:02,1,late_delivery,125.08
RET004112,ORD0007550,1,PROD01050,SELL00391,CUST006430,2018-08-22 22:39:16,1,late_delivery,177.71
RET004113,ORD0022702,1,PROD00375,SELL00110,CUST003661,2017-10-26 06:07:22,2,late_delivery,73.44
RET004114,ORD0024692,1,PROD01037,SELL00249,CUST009200,2018-04-15 02:36:21,1,late_delivery,246.15
RET004115,ORD0010510,1,PROD00210,SELL00225,CUST000278,2018-02-28 15:01:38,1,late_delivery,54.06
RET004116,ORD0024562,1,PROD01447,SELL00280,CUST002374,2017-03-27 18:25:18,1,late_delivery,46.81
RET004117,ORD0012082,1,PROD01387,SELL00026,CUST002770,2017-09-05 16:12:04,1,late_delivery,85.51
RET004118,ORD0019162,2,PROD00535,SELL00309,CUST000585,2018-02-28 23:51:06,1,late_delivery,17.51
RET004119,ORD0000437,1,PROD01892,SELL00248,CUST007271,2018-07-17 08:42:28,2,late_delivery,86.48
RET004120,ORD0010848,1,PROD00072,SELL00156,CUST006630,2018-09-01 06:22:33,1,late_delivery,15.07
RET004121,ORD0003156,1,PROD01626,SELL00384,CUST006440,2018-03-30 15:39:59,1,late_delivery,87.57
RET004122,ORD0018409,1,PROD01496,SELL00135,CUST009326,2017-08-20 16:15:33,1,late_delivery,60.92
RET004123,ORD0015139,2,PROD00542,SELL00070,CUST003214,2018-01-11 02:38:53,1,late_delivery,102.07
RET004124,ORD0011325,1,PROD01017,SELL00242,CUST009949,2017-07-25 03:23:01,1,late_delivery,85.89
RET004125,ORD0011762,2,PROD00133,SELL00400,CUST002321,2017-08-26 13:51:17,1,late_delivery,81.92
RET004126,ORD0004438,1,PROD00074,SELL00298,CUST007765,2018-06-21 17:31:25,1,late_delivery,83.86
RET004127,ORD0013701,1,PROD00104,SELL00049,CUST009721,2017-03-16 19:25:14,1,late_delivery,92.48
RET004128,ORD0005912,1,PROD01046,SELL00026,CUST008134,2018-08-05 05:36:42,1,late_delivery,52.11
RET004129,ORD0023506,1,PROD00808,SELL00343,CUST006551,2018-10-05 18:31:13,4,late_delivery,236.2
RET004130,ORD0013652,1,PROD00623,SELL00279,CUST009831,2018-07-06 22:06:20,1,late_delivery,157.56
RET004131,ORD0002695,1,PROD00524,SELL00309,CUST002159,2018-03-15 23:19:59,1,late_delivery,44.6
RET004132,ORD0012345,1,PROD00431,SELL00242,CUST002077,2018-07-21 20:26:47,1,late_delivery,76.53
RET004133,ORD0021872,1,PROD00862,SELL00060,CUST008685,2017-08-15 10:27:48,1,late_delivery,40.69
RET004134,ORD0012118,2,PROD01083,SELL00191,CUST006805,2018-07-31 17:44:44,2,late_delivery,114.08
RET004135,ORD0000893,1,PROD00584,SELL00085,CUST003452,2018-04-28 19:40:04,2,late_delivery,100.7
RET004136,ORD0006097,1,PROD01873,SELL00289,CUST002159,2017-09-12 14:19:57,2,late_delivery,547.74
RET004137,ORD0010994,1,PROD01530,SELL00061,CUST003570,2018-05-11 08:59:36,4,late_delivery,163.8
RET004138,ORD0000885,1,PROD01694,SELL00065,CUST005936,2018-06-05 07:12:07,1,late_delivery,45.46
RET004139,ORD0012685,2,PROD01045,SELL00154,CUST005266,2018-04-07 19:31:15,1,late_delivery,60.42
RET004140,ORD0013834,1,PROD00325,SELL00012,CUST003870,2017-07-02 03:27:25,1,late_delivery,17.47
RET004141,ORD0006544,1,PROD00932,SELL00357,CUST001521,2018-07-09 05:14:22,1,late_delivery,352.34
RET004142,ORD0024990,1,PROD00345,SELL00146,CUST003992,2018-06-18 10:20:12,1,late_delivery,149.83
RET004143,ORD0008947,1,PROD01423,SELL00388,CUST006724,2017-10-29 06:09:57,1,late_delivery,202.85
RET004144,ORD0017780,1,PROD01847,SELL00266,CUST008877,2018-01-31 19:29:36,1,late_delivery,45.65
RET004145,ORD0017501,1,PROD00971,SELL00023,CUST000335,2017-11-04 03:42:29,3,late_delivery,615.24
RET004146,ORD0017722,1,PROD00582,SELL00228,CUST003540,2018-07-24 13:12:33,1,late_delivery,50.44
RET004147,ORD0011288,2,PROD00652,SELL00077,CUST000621,2017-08-08 07:36:47,1,late_delivery,142.94
RET004148,ORD0020551,3,PROD01979,SELL00211,CUST003393,2018-08-21 11:52:47,1,late_delivery,90.23
RET004149,ORD0001074,1,PROD01975,SELL00163,CUST001137,2017-10-07 21:39:20,1,late_delivery,50.32
RET004150,ORD0008772,1,PROD00365,SELL00399,CUST009837,2017-05-26 03:06:48,1,late_delivery,73.45
RET004151,ORD0020481,1,PROD01963,SELL00257,CUST006637,2017-05-14 06:47:35,2,late_delivery,343.62
RET004152,ORD0002959,1,PROD01974,SELL00197,CUST002186,2018-08-11 23:27:44,1,late_delivery,70.94
RET004153,ORD0004488,1,PROD00099,SELL00170,CUST000658,2018-10-31 02:41:37,1,late_delivery,93.9
RET004154,ORD0001680,1,PROD01411,SELL00167,CUST006408,2017-06-14 23:59:34,1,late_delivery,66.07
RET004155,ORD0008648,1,PROD01772,SELL00015,CUST002146,2018-02-15 22:00:15,2,late_delivery,425.6
RET004156,ORD0011242,3,PROD01998,SELL00261,CUST004742,2018-01-18 09:07:08,1,late_delivery,165.84
RET004157,ORD0005001,1,PROD00163,SELL00257,CUST005960,2018-04-23 12:03:16,1,late_delivery,53.23
RET004158,ORD0003844,1,PROD00740,SELL00221,CUST005216,2018-01-14 01:52:57,1,late_delivery,104.78
RET004159,ORD0011380,1,PROD01782,SELL00234,CUST006359,2018-09-03 17:03:57,2,late_delivery,203.1
RET004160,ORD0011643,1,PROD01253,SELL00294,CUST006175,2017-07-17 20:53:06,1,late_delivery,172.42
RET004161,ORD0006988,1,PROD00951,SELL00104,CUST004897,2018-04-30 20:25:52,3,late_delivery,338.01
RET004162,ORD0009704,2,PROD00881,SELL00332,CUST007685,2018-04-24 13:51:39,1,late_delivery,37.99
RET004163,ORD0008490,1,PROD00653,SELL00336,CUST006334,2017-07-24 21:30:22,1,late_delivery,29.64
RET004164,ORD0008799,2,PROD00460,SELL00150,CUST003121,2017-07-03 21:26:59,3,late_delivery,351.87
RET004165,ORD0002922,2,PROD00917,SELL00166,CUST000196,2018-02-18 12:33:11,1,late_delivery,88.73
RET004166,ORD0011570,1,PROD00091,SELL00153,CUST005511,2017-02-21 13:35:40,3,late_delivery,289.38
RET004167,ORD0004056,1,PROD01351,SELL00238,CUST004127,2017-06-27 14:10:10,2,late_delivery,454.22
RET004168,ORD0017212,1,PROD01932,SELL00155,CUST000520,2018-09-17 01:09:01,1,late_delivery,88.7
RET004169,ORD0019399,1,PROD00288,SELL00310,CUST006526,2017-10-02 10:08:51,2,late_delivery,89.76
RET004170,ORD0005446,1,PROD01427,SELL00055,CUST008860,2017-10-31 04:02:40,2,late_delivery,236.04
RET004171,ORD0009435,2,PROD00777,SELL00226,CUST004974,2017-10-21 10:48:51,1,late_delivery,63.79
RET004172,ORD0010020,1,PROD00938,SELL00305,CUST002248,2017-05-21 16:21:51,2,late_delivery,477.38
RET004173,ORD0016366,1,PROD01379,SELL00211,CUST007524,2017-06-01 20:18:36,1,late_delivery,35.52
RET004174,ORD0000864,1,PROD00703,SELL00224,CUST009004,2017-06-22 22:20:29,5,late_delivery,597.5
RET004175,ORD0014258,2,PROD00002,SELL00022,CUST004843,2018-08-24 08:40:16,1,late_delivery,109.46
RET004176,ORD0006111,1,PROD01466,SELL00160,CUST008298,2018-09-18 21:16:28,1,late_delivery,17.27
RET004177,ORD0018452,2,PROD00632,SELL00393,CUST008650,2018-03-21 08:29:23,2,late_delivery,55.4
RET004178,ORD0005219,2,PROD01753,SELL00270,CUST007850,2017-03-22 19:11:49,1,late_delivery,217.16
RET004179,ORD0012938,1,PROD01308,SELL00369,CUST007577,2017-08-31 02:33:23,1,late_delivery,24.25
RET004180,ORD0017714,1,PROD01797,SELL00187,CUST001513,2018-04-10 14:45:51,1,late_delivery,160.53
RET004181,ORD0010647,1,PROD00309,SELL00337,CUST009435,2018-10-09 20:42:10,1,late_delivery,21.4
RET004182,ORD0005846,1,PROD01806,SELL00153,CUST008099,2018-02-19 10:34:57,1,late_delivery,322.7
RET004183,ORD0008110,1,PROD01431,SELL00247,CUST002986,2017-06-29 18:14:17,1,late_delivery,108.04
RET004184,ORD0023637,1,PROD00890,SELL00091,CUST003205,2017-04-16 05:32:23,4,late_delivery,65.88
RET004185,ORD0010914,1,PROD01336,SELL00250,CUST001227,2018-07-09 04:29:50,1,late_delivery,83.81
RET004186,ORD0019891,2,PROD01057,SELL00312,CUST003862,2018-01-09 22:55:13,2,late_delivery,92.26
RET004187,ORD0004991,1,PROD00814,SELL00092,CUST004432,2017-06-02 06:08:27,1,late_delivery,35.89
RET004188,ORD0009741,1,PROD00439,SELL00118,CUST006592,2018-03-10 12:58:24,1,late_delivery,72.39
RET004189,ORD0023219,1,PROD01917,SELL00336,CUST007676,2018-06-01 00:47:38,1,late_delivery,170.67
RET004190,ORD0007105,1,PROD00217,SELL00272,CUST006041,2018-10-13 13:28:49,1,late_delivery,108.36
RET004191,ORD0014531,1,PROD00756,SELL00313,CUST002954,2017-08-07 09:05:06,1,late_delivery,56.19
RET004192,ORD0005370,1,PROD00067,SELL00053,CUST004282,2018-08-14 14:18:27,1,late_delivery,52.45
RET004193,ORD0018023,1,PROD00483,SELL00371,CUST001130,2018-03-18 06:12:28,1,late_delivery,117.33
RET004194,ORD0016801,1,PROD01197,SELL00236,CUST007012,2018-05-04 19:42:15,1,late_delivery,102.37
RET004195,ORD0006450,2,PROD01779,SELL00263,CUST005027,2018-07-23 12:27:55,1,late_delivery,366.58
RET004196,ORD0021340,1,PROD01426,SELL00126,CUST004364,2017-04-01 12:30:02,3,late_delivery,873.3
RET004197,ORD0024459,1,PROD00750,SELL00373,CUST007155,2017-07-10 17:44:46,1,late_delivery,164.57
RET004198,ORD0021806,1,PROD01990,SELL00140,CUST005344,2017-12-21 14:43:15,2,late_delivery,368.1
RET004199,ORD0006057,2,PROD01797,SELL00200,CUST007506,2018-03-26 00:13:16,3,late_delivery,481.59
RET004200,ORD0005871,3,PROD01767,SELL00082,CUST005263,2017-06-09 11:24:21,1,late_delivery,159.28
RET004201,ORD0000323,1,PROD01398,SELL00165,CUST007302,2017-10-01 17:24:02,2,late_delivery,69.54
RET004202,ORD0017011,2,PROD00050,SELL00316,CUST002015,2018-03-05 23:21:27,3,late_delivery,405.0
RET004203,ORD0014073,1,PROD00881,SELL00221,CUST001872,2017-06-10 09:15:46,1,late_delivery,37.99
RET004204,ORD0004816,1,PROD01683,SELL00117,CUST008441,2018-06-02 03:56:10,1,late_delivery,76.51
RET004205,ORD0001725,1,PROD00119,SELL00378,CUST000145,2018-01-07 00:46:06,1,late_delivery,162.65
RET004206,ORD0017235,1,PROD00905,SELL00278,CUST006612,2017-05-25 10:33:32,1,late_delivery,90.94
RET004207,ORD0015697,1,PROD00003,SELL00255,CUST001311,2017-12-19 05:55:03,1,late_delivery,204.23
RET004208,ORD0018483,1,PROD00588,SELL00250,CUST009532,2017-05-22 17:07:06,1,late_delivery,23.75
RET004209,ORD0003868,1,PROD01502,SELL00250,CUST008155,2018-07-21 00:49:58,1,late_delivery,39.9
RET004210,ORD0013050,1,PROD00287,SELL00116,CUST009783,2018-03-13 23:53:42,3,late_delivery,184.5
RET004211,ORD0024939,1,PROD00812,SELL00169,CUST003957,2017-02-20 00:46:51,2,late_delivery,344.52
RET004212,ORD0008276,2,PROD00814,SELL00085,CUST009277,2017-11-17 18:07:08,1,late_delivery,35.89
RET004213,ORD0024954,1,PROD00257,SELL00384,CUST003861,2018-03-21 09:16:57,1,late_delivery,20.76
RET004214,ORD0000610,2,PROD00235,SELL00051,CUST008053,2017-02-28 09:30:38,1,late_delivery,107.03
RET004215,ORD0000381,1,PROD00639,SELL00256,CUST000135,2017-10-01 02:59:02,1,late_delivery,157.31
RET004216,ORD0004262,1,PROD01235,SELL00145,CUST006833,2018-06-02 14:54:30,1,late_delivery,64.64
RET004217,ORD0010820,1,PROD01270,SELL00375,CUST001894,2017-10-29 07:57:47,2,late_delivery,84.84
RET004218,ORD0004638,1,PROD01468,SELL00178,CUST000346,2018-05-08 14:20:17,3,late_delivery,1314.0
RET004219,ORD0004927,1,PROD01388,SELL00196,CUST004890,2017-12-08 00:29:52,1,late_delivery,19.8
RET004220,ORD0021425,1,PROD02000,SELL00009,CUST003800,2017-08-31 02:53:06,1,late_delivery,174.91
RET004221,ORD0003842,1,PROD01800,SELL00018,CUST001178,2018-09-12 03:42:35,1,late_delivery,263.7
RET004222,ORD0008067,1,PROD01594,SELL00064,CUST002474,2017-06-24 22:29:22,2,late_delivery,203.16
RET004223,ORD0001728,1,PROD00118,SELL00400,CUST008030,2018-04-16 09:22:27,1,late_delivery,389.76
RET004224,ORD0013319,3,PROD01283,SELL00211,CUST000769,2017-03-18 23:01:00,1,late_delivery,77.84
RET004225,ORD0024551,1,PROD00781,SELL00289,CUST007826,2017-02-11 07:14:03,1,late_delivery,38.05
RET004226,ORD0008763,1,PROD00520,SELL00122,CUST000475,2017-07-05 13:17:26,1,late_delivery,137.96
RET004227,ORD0015154,1,PROD01246,SELL00200,CUST006723,2017-05-08 20:07:25,1,late_delivery,63.22
RET004228,ORD0018975,1,PROD00589,SELL00071,CUST004400,2017-10-24 11:46:40,2,late_delivery,117.82
RET004229,ORD0004473,1,PROD00100,SELL00053,CUST007137,2017-10-04 15:17:59,1,late_delivery,47.47
RET004230,ORD0005873,1,PROD01371,SELL00145,CUST001350,2017-09-15 14:15:03,1,late_delivery,49.52
RET004231,ORD0005727,1,PROD00118,SELL00371,CUST005724,2018-07-11 00:55:39,1,late_delivery,389.76
RET004232,ORD0014037,1,PROD00502,SELL00342,CUST008983,2018-03-03 12:03:57,2,late_delivery,55.6
RET004233,ORD0022649,1,PROD00985,SELL00281,CUST009390,2018-10-04 23:03:29,1,late_delivery,171.9
RET004234,ORD0020077,1,PROD00987,SELL00206,CUST005958,2018-07-12 00:31:54,1,late_delivery,221.39
RET004235,ORD0023578,1,PROD00939,SELL00313,CUST002155,2017-07-08 22:11:38,1,late_delivery,141.61
RET004236,ORD0013184,1,PROD00022,SELL00097,CUST001515,2017-03-25 12:43:46,1,late_delivery,162.66
RET004237,ORD0012660,1,PROD00001,SELL00178,CUST003921,2017-06-13 22:22:16,3,late_delivery,279.63
RET004238,ORD0014212,2,PROD01127,SELL00053,CUST005870,2018-08-09 18:04:22,1,late_delivery,37.68
RET004239,ORD0013501,1,PROD00575,SELL00018,CUST008033,2017-01-21 08:24:19,2,late_delivery,359.82
RET004240,ORD0016215,2,PROD00092,SELL00092,CUST004921,2018-10-24 04:06:41,1,late_delivery,176.39
RET004241,ORD0010002,1,PROD01015,SELL00141,CUST003074,2018-01-28 03:24:15,1,late_delivery,89.83
RET004242,ORD0003369,1,PROD01106,SELL00020,CUST000997,2018-08-09 12:00:14,1,late_delivery,136.23
RET004243,ORD0003772,1,PROD00012,SELL00258,CUST001459,2017-02-03 22:26:41,2,late_delivery,422.74
RET004244,ORD0005272,1,PROD01759,SELL00149,CUST005956,2017-09-03 14:12:38,1,late_delivery,173.49
RET004245,ORD0003317,2,PROD01640,SELL00258,CUST008920,2017-10-26 02:37:07,1,late_delivery,62.86
RET004246,ORD0012840,1,PROD00358,SELL00128,CUST006450,2018-04-04 11:53:28,1,late_delivery,259.79
RET004247,ORD0014007,1,PROD01569,SELL00268,CUST002399,2017-11-23 03:52:58,1,late_delivery,43.56
RET004248,ORD0004114,1,PROD00857,SELL00318,CUST006214,2018-02-25 15:49:43,1,late_delivery,45.03
RET004249,ORD0016459,1,PROD00376,SELL00072,CUST008971,2017-09-06 23:53:11,1,late_delivery,730.74
RET004250,ORD0001172,1,PROD01639,SELL00012,CUST007696,2017-02-26 06:42:34,1,late_delivery,29.93
RET004251,ORD0011526,1,PROD00942,SELL00053,CUST002620,2017-05-11 04:27:23,1,late_delivery,162.89
RET004252,ORD0010067,1,PROD01451,SELL00045,CUST004212,2018-08-07 02:57:43,1,late_delivery,41.64
RET004253,ORD0001475,1,PROD00941,SELL00276,CUST006218,2017-12-08 07:17:16,1,late_delivery,36.3
RET004254,ORD0018937,1,PROD01258,SELL00218,CUST006811,2018-01-16 13:51:56,1,late_delivery,299.93
RET004255,ORD0023988,1,PROD00975,SELL00188,CUST003584,2018-01-14 16:49:00,1,late_delivery,30.87
RET004256,ORD0001133,1,PROD01466,SELL00381,CUST000723,2018-09-19 16:20:01,2,late_delivery,34.54
RET004257,ORD0008449,1,PROD00702,SELL00176,CUST001121,2018-04-19 18:51:46,1,late_delivery,97.87
RET004258,ORD0009045,1,PROD00335,SELL00293,CUST009052,2018-07-20 00:38:28,1,late_delivery,139.91
RET004259,ORD0010461,1,PROD00788,SELL00064,CUST009059,2018-01-27 02:32:00,1,late_delivery,55.27
RET004260,ORD0023592,1,PROD00023,SELL00247,CUST005257,2018-01-05 06:24:20,2,late_delivery,157.8
RET004261,ORD0019975,2,PROD00615,SELL00138,CUST004084,2018-04-23 03:55:40,1,late_delivery,98.31
RET004262,ORD0012604,1,PROD01433,SELL00154,CUST003370,2018-06-09 03:45:17,5,late_delivery,699.9
RET004263,ORD0002813,1,PROD00778,SELL00011,CUST009728,2017-10-08 19:49:44,1,late_delivery,34.88
RET004264,ORD0019211,1,PROD01016,SELL00135,CUST000509,2018-07-18 11:31:18,1,late_delivery,76.87
RET004265,ORD0017087,1,PROD00706,SELL00335,CUST009364,2018-09-24 03:13:55,1,late_delivery,22.41
RET004266,ORD0001221,1,PROD00086,SELL00019,CUST008100,2018-09-01 22:42:11,1,late_delivery,102.23
RET004267,ORD0012714,1,PROD01285,SELL00225,CUST007780,2018-03-31 01:15:40,1,late_delivery,140.38
RET004268,ORD0011071,1,PROD00715,SELL00389,CUST000430,2018-05-18 03:07:53,1,late_delivery,57.46
RET004269,ORD0005172,1,PROD00008,SELL00143,CUST007522,2017-12-01 04:56:13,3,late_delivery,198.39
RET004270,ORD0004336,1,PROD01927,SELL00093,CUST007412,2017-09-02 23:40:51,1,late_delivery,220.93
RET004271,ORD0016273,2,PROD01207,SELL00264,CUST006207,2018-07-10 14:40:24,3,late_delivery,154.65
RET004272,ORD0018418,4,PROD00902,SELL00384,CUST004378,2018-07-04 18:39:16,1,late_delivery,15.6
RET004273,ORD0009299,1,PROD00435,SELL00246,CUST009313,2018-05-20 23:53:14,1,late_delivery,60.92
RET004274,ORD0016643,1,PROD01527,SELL00047,CUST000731,2018-05-16 18:22:04,1,late_delivery,45.04
RET004275,ORD0000550,2,PROD01241,SELL00018,CUST004037,2017-11-27 03:50:33,1,late_delivery,148.55
RET004276,ORD0008902,1,PROD00825,SELL00334,CUST003029,2018-05-12 11:07:43,2,late_delivery,76.26
RET004277,ORD0005159,1,PROD00194,SELL00391,CUST005168,2018-03-12 08:34:16,1,late_delivery,59.94
RET004278,ORD0017666,2,PROD01246,SELL00165,CUST003307,2017-05-14 00:59:11,1,late_delivery,63.22
RET004279,ORD0021499,3,PROD01688,SELL00216,CUST003566,2018-08-06 03:16:59,1,late_delivery,170.37
RET004280,ORD0022143,1,PROD00160,SELL00117,CUST007140,2017-07-24 07:01:32,1,late_delivery,136.53
RET004281,ORD0014298,2,PROD01129,SELL00161,CUST004309,2017-03-29 05:29:01,1,late_delivery,136.61
RET004282,ORD0006751,1,PROD01295,SELL00306,CUST004294,2018-02-02 20:55:10,1,late_delivery,144.0
RET004283,ORD0015039,1,PROD00940,SELL00245,CUST002767,2017-09-04 11:00:42,2,late_delivery,278.78
RET004284,ORD0020082,4,PROD01108,SELL00397,CUST001064,2017-06-18 17:55:33,1,late_delivery,35.47
RET004285,ORD0003968,1,PROD01559,SELL00285,CUST008167,2018-01-28 06:42:28,2,late_delivery,460.08
RET004286,ORD0024615,1,PROD00073,SELL00113,CUST008578,2018-07-26 10:45:14,1,late_delivery,74.43
RET004287,ORD0010033,1,PROD00655,SELL00377,CUST000398,2017-12-13 22:23:01,1,late_delivery,122.37
RET004288,ORD0015048,1,PROD00320,SELL00006,CUST003012,2017-02-07 22:01:36,2,late_delivery,185.28
RET004289,ORD0005010,2,PROD01551,SELL00358,CUST002446,2017-03-11 22:25:23,1,late_delivery,26.33
RET004290,ORD0000320,1,PROD01173,SELL00282,CUST009780,2017-04-07 21:15:08,1,late_delivery,121.02
RET004291,ORD0008024,1,PROD00661,SELL00242,CUST007084,2018-07-25 03:58:31,4,late_delivery,188.04
RET004292,ORD0006765,1,PROD00295,SELL00364,CUST000086,2017-02-15 11:08:46,3,late_delivery,262.8
RET004293,ORD0013360,1,PROD01032,SELL00148,CUST002463,2018-06-12 00:48:12,1,late_delivery,13.87
RET004294,ORD0014798,1,PROD00567,SELL00285,CUST006325,2018-06-18 06:45:20,2,late_delivery,66.04
RET004295,ORD0024238,1,PROD00815,SELL00147,CUST006383,2017-03-10 19:15:47,3,late_delivery,166.29
RET004296,ORD0023082,2,PROD00437,SELL00162,CUST009986,2018-03-19 01:02:23,3,late_delivery,198.3
RET004297,ORD0017022,1,PROD01408,SELL00397,CUST004021,2018-07-19 01:08:10,1,late_delivery,50.53
RET004298,ORD0018029,1,PROD00557,SELL00013,CUST007540,2018-02-14 15:35:09,2,late_delivery,81.32
RET004299,ORD0018196,1,PROD00781,SELL00283,CUST001928,2018-06-19 10:51:53,4,late_delivery,152.2
RET004300,ORD0001743,1,PROD00683,SELL00385,CUST004415,2017-11-22 12:55:37,1,late_delivery,55.95
RET004301,ORD0016808,1,PROD00250,SELL00336,CUST007767,2017-04-30 12:52:50,1,late_delivery,99.24
RET004302,ORD0009138,3,PROD00826,SELL00071,CUST000198,2017-02-12 02:35:51,1,late_delivery,33.48
RET004303,ORD0010747,1,PROD00987,SELL00194,CUST004525,2018-08-15 12:04:14,1,late_delivery,221.39
RET004304,ORD0016837,1,PROD00107,SELL00101,CUST003353,2017-04-10 02:49:20,2,late_delivery,160.2
RET004305,ORD0004618,1,PROD01839,SELL00031,CUST006673,2018-08-22 01:53:47,1,late_delivery,67.03
RET004306,ORD0018649,1,PROD01291,SELL00314,CUST009482,2018-02-14 05:01:51,2,late_delivery,68.9
RET004307,ORD0024981,1,PROD00461,SELL00092,CUST002066,2018-10-19 12:57:06,4,late_delivery,817.4
RET004308,ORD0012519,1,PROD01565,SELL00353,CUST004168,2018-02-27 01:09:10,1,late_delivery,187.56
RET004309,ORD0000024,1,PROD00437,SELL00260,CUST001189,2017-02-13 12:20:08,3,late_delivery,198.3
RET004310,ORD0012869,1,PROD00468,SELL00190,CUST000375,2018-09-05 00:54:42,2,late_delivery,291.8
RET004311,ORD0014727,1,PROD01813,SELL00235,CUST004370,2017-06-25 05:23:20,1,late_delivery,38.95
RET004312,ORD0018973,1,PROD01907,SELL00205,CUST003113,2018-10-14 13:26:18,1,late_delivery,108.36
RET004313,ORD0008576,1,PROD01882,SELL00318,CUST008032,2018-08-20 06:52:43,2,late_delivery,27.74
RET004314,ORD0023042,1,PROD01021,SELL00252,CUST005831,2018-10-13 22:58:59,3,late_delivery,209.31
RET004315,ORD0014667,1,PROD00858,SELL00154,CUST000194,2017-09-30 23:00:30,2,late_delivery,250.62
RET004316,ORD0019235,2,PROD00790,SELL00107,CUST003037,2018-02-11 23:46:21,1,late_delivery,263.91
RET004317,ORD0011571,1,PROD00290,SELL00374,CUST001129,2017-12-06 19:59:01,1,late_delivery,75.49
RET004318,ORD0024257,1,PROD01507,SELL00049,CUST007542,2017-04-21 17:40:13,3,late_delivery,428.22
RET004319,ORD0007388,1,PROD01361,SELL00062,CUST007174,2018-04-19 08:21:11,1,late_delivery,108.53
RET004320,ORD0010164,1,PROD00324,SELL00362,CUST008209,2017-03-05 20:00:14,3,late_delivery,254.34
RET004321,ORD0014213,2,PROD01000,SELL00319,CUST008769,2018-01-04 07:05:43,1,late_delivery,134.99
RET004322,ORD0002621,1,PROD01450,SELL00010,CUST000477,2018-03-03 20:44:27,1,late_delivery,614.48
RET004323,ORD0023972,1,PROD01974,SELL00400,CUST004962,2018-08-24 04:54:14,2,late_delivery,141.88
RET004324,ORD0018131,3,PROD00095,SELL00129,CUST001743,2017-06-18 00:37:10,2,late_delivery,62.18
RET004325,ORD0011200,2,PROD01206,SELL00098,CUST003019,2017-08-10 14:54:43,3,late_delivery,585.12
RET004326,ORD0024469,1,PROD00701,SELL00359,CUST007992,2018-02-26 10:59:47,1,late_delivery,47.67
RET004327,ORD0012399,1,PROD00867,SELL00071,CUST001883,2018-09-02 22:45:36,1,late_delivery,225.09
RET004328,ORD0017700,1,PROD01026,SELL00124,CUST008441,2017-05-23 19:24:03,1,late_delivery,77.9
RET004329,ORD0016831,1,PROD01336,SELL00145,CUST002301,2017-04-15 10:47:14,2,late_delivery,167.62
RET004330,ORD0020275,1,PROD00339,SELL00243,CUST002091,2017-11-18 18:02:14,3,late_delivery,230.46
RET004331,ORD0023835,1,PROD01550,SELL00056,CUST003759,2018-03-04 13:01:46,3,late_delivery,286.44
RET004332,ORD0022058,4,PROD01230,SELL00106,CUST002299,2018-10-20 20:14:53,1,late_delivery,216.34
RET004333,ORD0003165,1,PROD00374,SELL00356,CUST005908,2017-12-17 20:34:01,1,late_delivery,137.32
RET004334,ORD0006409,1,PROD00134,SELL00235,CUST006060,2018-07-13 17:23:44,3,late_delivery,264.96
RET004335,ORD0024181,2,PROD01115,SELL00293,CUST004759,2018-08-11 07:31:35,4,late_delivery,1225.36
RET004336,ORD0007335,1,PROD01208,SELL00041,CUST004983,2017-02-28 16:34:36,5,late_delivery,326.6
RET004337,ORD0013932,1,PROD01483,SELL00196,CUST005395,2018-07-03 11:34:04,1,late_delivery,93.42
RET004338,ORD0011694,1,PROD01586,SELL00322,CUST001659,2018-07-23 20:38:54,3,late_delivery,231.81
RET004339,ORD0018758,1,PROD01493,SELL00276,CUST008020,2018-02-05 18:57:45,1,late_delivery,25.04
RET004340,ORD0020562,1,PROD00836,SELL00278,CUST002949,2017-10-17 02:56:22,1,late_delivery,121.7
RET004341,ORD0014113,1,PROD01155,SELL00072,CUST004070,2017-06-26 02:56:51,4,late_delivery,1318.32
RET004342,ORD0008151,1,PROD01895,SELL00373,CUST005111,2018-06-15 09:46:55,1,late_delivery,45.93
RET004343,ORD0010346,2,PROD01914,SELL00163,CUST001078,2018-03-10 19:39:38,2,late_delivery,357.04
RET004344,ORD0012241,1,PROD01360,SELL00281,CUST003626,2018-08-14 03:36:59,1,late_delivery,204.93
RET004345,ORD0002160,1,PROD00451,SELL00064,CUST007205,2018-04-18 00:51:56,1,late_delivery,65.25
RET004346,ORD0016354,1,PROD01863,SELL00001,CUST002882,2017-10-06 10:16:05,4,late_delivery,126.88
RET004347,ORD0016685,1,PROD00321,SELL00046,CUST003856,2018-10-11 02:46:10,1,late_delivery,37.62
RET004348,ORD0022796,1,PROD00541,SELL00149,CUST001437,2018-06-03 21:47:18,1,late_delivery,218.47
RET004349,ORD0016911,2,PROD01737,SELL00178,CUST003970,2017-03-29 16:13:54,1,late_delivery,26.45
RET004350,ORD0001958,1,PROD01810,SELL00045,CUST006262,2017-04-06 01:22:24,2,late_delivery,27.22
RET004351,ORD0005670,1,PROD00502,SELL00071,CUST007164,2017-04-01 06:28:59,2,late_delivery,55.6
RET004352,ORD0002085,1,PROD01683,SELL00303,CUST008095,2017-03-31 06:57:52,1,late_delivery,76.51
RET004353,ORD0011922,2,PROD00038,SELL00301,CUST005184,2018-02-14 03:04:24,1,late_delivery,51.55
RET004354,ORD0012709,1,PROD01246,SELL00359,CUST006158,2017-09-12 23:40:03,3,late_delivery,189.66
RET004355,ORD0019988,1,PROD00839,SELL00109,CUST003728,2018-03-19 23:31:40,2,late_delivery,59.84
RET004356,ORD0016080,1,PROD00973,SELL00349,CUST001069,2018-06-16 01:29:07,1,late_delivery,302.23
RET004357,ORD0024705,1,PROD00781,SELL00152,CUST000046,2018-04-11 20:39:32,1,late_delivery,38.05
RET004358,ORD0022877,1,PROD00185,SELL00241,CUST009504,2018-10-20 05:21:27,2,late_delivery,136.64
RET004359,ORD0009460,1,PROD00699,SELL00063,CUST000477,2017-06-12 07:24:12,1,late_delivery,177.26
RET004360,ORD0010755,1,PROD01641,SELL00127,CUST003278,2018-02-02 15:37:23,2,late_delivery,51.44
RET004361,ORD0003011,1,PROD00342,SELL00069,CUST001391,2018-03-23 19:17:03,2,late_delivery,271.24
RET004362,ORD0005077,1,PROD00788,SELL00345,CUST007467,2017-06-17 22:36:27,1,late_delivery,55.27
RET004363,ORD0019945,1,PROD00257,SELL00193,CUST008281,2017-03-06 08:29:59,3,late_delivery,62.28
RET004364,ORD0023858,1,PROD01121,SELL00140,CUST007394,2017-04-05 14:17:55,1,late_delivery,29.54
RET004365,ORD0015895,1,PROD00622,SELL00318,CUST000094,2018-08-07 05:28:19,1,late_delivery,117.62
RET004366,ORD0017516,1,PROD00552,SELL00041,CUST007614,2017-09-27 22:54:42,2,late_delivery,31.82
RET004367,ORD0015696,1,PROD00862,SELL00301,CUST002994,2017-07-15 16:01:25,5,late_delivery,203.45
RET004368,ORD0000230,1,PROD01349,SELL00155,CUST009831,2018-10-19 22:43:25,4,late_delivery,530.28
RET004369,ORD0008871,1,PROD01484,SELL00125,CUST003704,2017-07-27 11:53:24,1,late_delivery,181.18
RET004370,ORD0000170,1,PROD00093,SELL00217,CUST000357,2018-04-03 16:13:52,1,late_delivery,132.71
RET004371,ORD0002113,1,PROD00168,SELL00279,CUST004330,2017-03-22 11:36:49,2,late_delivery,230.1
RET004372,ORD0004876,1,PROD00926,SELL00263,CUST000909,2018-07-31 17:39:45,2,late_delivery,33.12
RET004373,ORD0006600,1,PROD01779,SELL00094,CUST002300,2017-05-23 02:59:25,2,late_delivery,733.16
RET004374,ORD0004727,1,PROD01375,SELL00272,CUST003032,2017-07-22 11:59:43,1,late_delivery,23.36
RET004375,ORD0021353,1,PROD00032,SELL00339,CUST006029,2018-04-04 07:23:19,1,late_delivery,44.38
RET004376,ORD0020735,1,PROD01528,SELL00207,CUST009318,2017-02-28 09:52:14,1,late_delivery,213.59
RET004377,ORD0016636,1,PROD00290,SELL00269,CUST006908,2018-02-02 19:01:07,1,late_delivery,75.49
RET004378,ORD0007886,1,PROD01883,SELL00344,CUST001804,2018-09-11 12:19:21,1,late_delivery,60.99
RET004379,ORD0005784,1,PROD01519,SELL00205,CUST001144,2017-04-20 02:28:31,1,late_delivery,216.06
RET004380,ORD0006360,1,PROD00389,SELL00313,CUST000626,2017-02-02 01:08:01,1,late_delivery,18.04
RET004381,ORD0019702,1,PROD01622,SELL00045,CUST006199,2017-03-16 00:10:31,2,late_delivery,1014.48
RET004382,ORD0006937,2,PROD00130,SELL00385,CUST006784,2017-12-25 21:09:13,2,late_delivery,397.7
RET004383,ORD0021093,1,PROD01435,SELL00116,CUST006087,2017-11-29 06:41:57,1,late_delivery,44.48
RET004384,ORD0004413,1,PROD00477,SELL00263,CUST005718,2018-04-09 21:12:17,1,late_delivery,153.71
RET004385,ORD0016267,2,PROD01216,SELL00247,CUST007175,2017-09-23 17:56:54,2,late_delivery,56.3
RET004386,ORD0016744,1,PROD00381,SELL00312,CUST000892,2017-08-08 11:59:06,1,late_delivery,115.22
RET004387,ORD0015567,1,PROD01345,SELL00153,CUST004499,2017-02-12 19:03:45,1,late_delivery,22.67
RET004388,ORD0024548,1,PROD01299,SELL00328,CUST001843,2017-04-27 06:13:05,1,late_delivery,121.83
RET004389,ORD0008481,1,PROD00207,SELL00047,CUST003330,2018-06-02 11:40:03,1,late_delivery,153.74
RET004390,ORD0018665,1,PROD01533,SELL00188,CUST009509,2017-04-07 05:57:38,1,late_delivery,167.91
RET004391,ORD0006073,1,PROD01591,SELL00166,CUST000696,2018-04-25 01:47:26,1,damaged,183.76
RET004392,ORD0004372,1,PROD01955,SELL00106,CUST002666,2017-10-14 22:13:20,1,damaged,25.18
RET004393,ORD0022786,1,PROD00730,SELL00196,CUST007359,2018-04-21 04:46:20,2,damaged,335.38
RET004394,ORD0002287,2,PROD00205,SELL00318,CUST002516,2017-09-02 09:53:59,3,damaged,108.6
RET004395,ORD0008212,1,PROD01302,SELL00347,CUST003393,2017-02-07 22:57:44,2,damaged,85.4
RET004396,ORD0011016,1,PROD00514,SELL00348,CUST001617,2018-06-07 14:56:53,1,damaged,78.47
RET004397,ORD0007909,1,PROD01163,SELL00212,CUST000943,2018-10-07 14:15:03,1,damaged,404.8
RET004398,ORD0014355,1,PROD01190,SELL00257,CUST009773,2017-05-30 02:12:11,1,damaged,137.81
RET004399,ORD0007121,2,PROD01103,SELL00248,CUST002133,2017-10-28 08:11:14,1,damaged,72.13
RET004400,ORD0018594,1,PROD01323,SELL00135,CUST007409,2018-10-21 02:41:39,1,damaged,266.05
RET004401,ORD0019552,1,PROD01939,SELL00161,CUST005372,2018-08-26 15:35:44,1,damaged,15.54
RET004402,ORD0009187,1,PROD00628,SELL00373,CUST003167,2017-05-18 22:33:09,1,damaged,91.93
RET004403,ORD0014156,1,PROD00120,SELL00373,CUST005576,2017-12-04 00:42:42,1,damaged,103.62
RET004404,ORD0022075,2,PROD00923,SELL00320,CUST003916,2018-05-29 10:35:39,2,damaged,180.44
RET004405,ORD0000048,2,PROD01244,SELL00383,CUST002069,2018-05-29 17:57:53,1,damaged,263.62
RET004406,ORD0010527,1,PROD01676,SELL00021,CUST007191,2017-09-21 19:19:34,1,damaged,134.98
RET004407,ORD0011833,1,PROD00298,SELL00009,CUST007859,2017-12-03 19:25:29,1,damaged,154.79
RET004408,ORD0014866,1,PROD00011,SELL00293,CUST004283,2017-12-15 15:18:36,2,damaged,406.9
RET004409,ORD0013707,1,PROD00064,SELL00067,CUST008028,2018-07-01 21:23:32,1,damaged,127.9
RET004410,ORD0023332,1,PROD01576,SELL00097,CUST003166,2018-08-29 09:58:03,1,damaged,90.96
RET004411,ORD0010354,1,PROD01514,SELL00398,CUST001616,2018-09-12 18:26:45,5,damaged,117.25
RET004412,ORD0003560,1,PROD01430,SELL00212,CUST009132,2018-09-07 00:31:40,1,damaged,32.88
RET004413,ORD0013448,2,PROD01688,SELL00382,CUST005555,2017-12-18 11:22:31,1,damaged,170.37
RET004414,ORD0005427,1,PROD01209,SELL00048,CUST005347,2018-08-04 22:43:21,1,damaged,72.95
RET004415,ORD0011790,1,PROD01052,SELL00140,CUST009772,2018-03-04 08:18:17,1,damaged,80.2
RET004416,ORD0017455,4,PROD00352,SELL00125,CUST003879,2017-08-07 18:17:55,5,damaged,80.35
RET004417,ORD0008558,1,PROD00046,SELL00254,CUST002779,2018-01-16 04:34:14,3,damaged,251.7
RET004418,ORD0001363,1,PROD00583,SELL00012,CUST004940,2018-07-11 17:32:22,1,damaged,80.08
RET004419,ORD0008016,1,PROD00882,SELL00124,CUST004485,2017-04-27 14:07:59,1,damaged,28.63
RET004420,ORD0022315,1,PROD01281,SELL00353,CUST001458,2017-02-14 01:13:11,1,damaged,85.02
RET004421,ORD0017558,3,PROD01482,SELL00016,CUST006671,2018-07-21 15:41:55,3,damaged,331.5
RET004422,ORD0002280,1,PROD00635,SELL00154,CUST006697,2017-07-27 21:38:53,3,damaged,336.24
RET004423,ORD0010700,2,PROD01635,SELL00118,CUST007411,2017-11-02 22:20:44,1,damaged,57.12
RET004424,ORD0020832,1,PROD00513,SELL00348,CUST000797,2018-05-08 04:37:45,3,damaged,192.15
RET004425,ORD0011383,1,PROD01696,SELL00355,CUST007439,2018-05-02 13:47:56,1,damaged,85.27
RET004426,ORD0003734,1,PROD00411,SELL00218,CUST004347,2017-03-11 18:30:55,3,damaged,374.64
RET004427,ORD0023450,1,PROD01110,SELL00207,CUST003891,2017-10-06 00:02:58,3,damaged,1261.56
RET004428,ORD0000344,1,PROD01194,SELL00393,CUST009938,2018-05-22 23:18:13,1,damaged,62.47
RET004429,ORD0019189,1,PROD01258,SELL00185,CUST000872,2018-02-27 10:40:28,1,damaged,299.93
RET004430,ORD0008839,1,PROD01965,SELL00243,CUST003512,2018-10-06 05:18:23,1,damaged,192.56
RET004431,ORD0016826,1,PROD01597,SELL00073,CUST006496,2018-07-13 21:37:12,5,damaged,1828.2
RET004432,ORD0017487,2,PROD01674,SELL00300,CUST009834,2017-08-09 22:53:44,1,damaged,79.88
RET004433,ORD0023802,1,PROD00242,SELL00399,CUST007076,2018-05-23 19:50:09,4,damaged,143.28
RET004434,ORD0020714,1,PROD01132,SELL00379,CUST008547,2018-04-28 07:43:26,3,damaged,293.67
RET004435,ORD0005953,1,PROD00009,SELL00317,CUST001057,2017-07-13 01:50:46,1,damaged,45.86
RET004436,ORD0006562,1,PROD00057,SELL00289,CUST000510,2017-08-04 18:12:26,1,damaged,26.07
RET004437,ORD0000488,1,PROD00993,SELL00028,CUST003885,2018-03-25 01:15:48,1,damaged,73.49
RET004438,ORD0003502,1,PROD00184,SELL00284,CUST001907,2018-02-17 06:30:37,1,damaged,44.74
RET004439,ORD0009305,1,PROD00280,SELL00350,CUST008781,2018-01-21 03:25:22,2,damaged,105.16
RET004440,ORD0019460,1,PROD01175,SELL00151,CUST009075,2017-03-07 01:43:05,1,damaged,26.76
RET004441,ORD0016630,1,PROD01543,SELL00056,CUST009031,2017-10-07 18:55:40,3,damaged,207.84
RET004442,ORD0012191,1,PROD00648,SELL00075,CUST005535,2017-11-30 01:41:06,1,damaged,101.13
RET004443,ORD0012428,1,PROD01804,SELL00112,CUST008228,2018-06-01 15:46:56,2,damaged,136.94
RET004444,ORD0002623,1,PROD00428,SELL00391,CUST002735,2017-04-15 16:38:13,1,damaged,86.43
RET004445,ORD0014853,2,PROD01854,SELL00249,CUST007130,2018-02-08 00:05:11,2,damaged,162.86
RET004446,ORD0003247,2,PROD01204,SELL00362,CUST000889,2017-07-31 08:05:27,2,damaged,400.2
RET004447,ORD0009750,1,PROD00435,SELL00343,CUST009902,2017-01-22 14:07:52,1,damaged,60.92
RET004448,ORD0006911,3,PROD01488,SELL00223,CUST006265,2018-07-21 21:29:33,4,damaged,209.56
RET004449,ORD0006940,1,PROD00936,SELL00340,CUST003848,2018-07-21 09:06:15,1,damaged,71.34
RET004450,ORD0005045,1,PROD00805,SELL00212,CUST007816,2018-04-19 10:57:42,1,damaged,184.05
RET004451,ORD0015344,1,PROD00091,SELL00286,CUST004965,2017-07-20 01:20:04,1,damaged,96.46
RET004452,ORD0021335,1,PROD01972,SELL00240,CUST006669,2018-08-24 09:02:21,1,damaged,102.51
RET004453,ORD0020828,1,PROD01106,SELL00138,CUST006255,2017-05-27 21:50:50,1,damaged,136.23
RET004454,ORD0021483,1,PROD00919,SELL00059,CUST003918,2017-03-18 22:53:00,1,damaged,66.23
RET004455,ORD0008052,1,PROD00387,SELL00276,CUST004960,2018-02-05 09:16:31,1,damaged,39.04
RET004456,ORD0022057,1,PROD01016,SELL00309,CUST006295,2018-01-01 17:39:10,1,damaged,76.87
RET004457,ORD0024983,2,PROD01772,SELL00255,CUST000068,2017-06-15 12:00:53,2,damaged,425.6
RET004458,ORD0013836,1,PROD00592,SELL00356,CUST008605,2018-05-26 07:47:07,1,damaged,86.65
RET004459,ORD0000972,2,PROD01065,SELL00241,CUST002610,2017-10-07 08:43:43,2,damaged,110.34
RET004460,ORD0006617,1,PROD00926,SELL00384,CUST001581,2017-09-19 03:35:50,1,damaged,16.56
RET004461,ORD0022817,3,PROD00993,SELL00318,CUST009010,2017-03-04 18:12:32,1,damaged,73.49
RET004462,ORD0001148,1,PROD00898,SELL00255,CUST001903,2017-06-02 16:43:12,2,damaged,39.82
RET004463,ORD0012576,1,PROD01539,SELL00056,CUST008626,2017-12-31 08:04:44,1,damaged,56.84
RET004464,ORD0007223,1,PROD00224,SELL00144,CUST007839,2018-08-27 05:17:04,1,damaged,224.61
RET004465,ORD0013092,1,PROD00092,SELL00188,CUST009013,2017-05-23 12:26:54,1,damaged,176.39
RET004466,ORD0013024,3,PROD01698,SELL00312,CUST001597,2018-05-24 05:43:53,1,damaged,32.14
RET004467,ORD0005986,1,PROD00761,SELL00252,CUST006045,2017-11-29 06:59:43,1,damaged,141.03
RET004468,ORD0021767,1,PROD01848,SELL00318,CUST008806,2017-02-24 07:35:02,1,damaged,39.67
RET004469,ORD0008586,1,PROD00094,SELL00190,CUST004133,2017-11-11 06:07:01,1,damaged,101.07
RET004470,ORD0020031,1,PROD00082,SELL00180,CUST005026,2017-07-09 15:19:22,1,damaged,196.53
RET004471,ORD0011719,2,PROD01345,SELL00397,CUST004114,2018-04-10 20:26:25,1,damaged,22.67
RET004472,ORD0018200,1,PROD00180,SELL00284,CUST008200,2017-08-30 00:15:20,2,damaged,692.34
RET004473,ORD0005923,1,PROD00141,SELL00394,CUST001863,2018-01-24 01:00:50,3,damaged,919.17
RET004474,ORD0023064,4,PROD00710,SELL00218,CUST005244,2017-06-07 08:37:54,2,damaged,70.04
RET004475,ORD0011432,1,PROD00425,SELL00075,CUST008955,2017-02-16 09:00:55,2,damaged,112.88
RET004476,ORD0008210,1,PROD00281,SELL00286,CUST002775,2017-11-09 21:28:27,1,damaged,121.52
RET004477,ORD0011307,2,PROD00250,SELL00320,CUST000479,2018-04-03 19:59:07,4,damaged,396.96
RET004478,ORD0021873,1,PROD00869,SELL00347,CUST003059,2018-04-01 17:12:17,2,damaged,123.32
RET004479,ORD0015455,3,PROD00166,SELL00197,CUST002838,2017-02-04 17:07:25,2,damaged,104.5
RET004480,ORD0018261,1,PROD00042,SELL00228,CUST007824,2017-11-28 15:39:27,3,damaged,169.26
RET004481,ORD0000505,1,PROD01177,SELL00065,CUST002987,2017-07-27 17:14:17,2,damaged,118.82
RET004482,ORD0012744,1,PROD01159,SELL00084,CUST006010,2018-10-01 21:16:51,1,damaged,70.86
RET004483,ORD0019405,1,PROD00414,SELL00134,CUST000115,2017-02-07 04:59:22,1,damaged,78.4
RET004484,ORD0014893,1,PROD01810,SELL00029,CUST005851,2018-09-27 19:23:24,1,damaged,13.61
RET004485,ORD0010826,2,PROD00081,SELL00278,CUST001205,2017-05-21 05:30:05,2,damaged,199.86
RET004486,ORD0002101,1,PROD00996,SELL00220,CUST009835,2017-02-18 14:03:40,1,damaged,149.93
RET004487,ORD0023718,1,PROD00540,SELL00071,CUST001058,2018-10-08 03:15:19,1,damaged,52.55
RET004488,ORD0014699,1,PROD01172,SELL00303,CUST004538,2018-06-03 10:46:18,1,damaged,248.54
RET004489,ORD0005349,1,PROD01997,SELL00200,CUST001514,2017-09-30 12:33:07,1,damaged,149.37
RET004490,ORD0011904,1,PROD01042,SELL00398,CUST003763,2018-06-18 14:10:42,2,damaged,38.98
RET004491,ORD0016491,1,PROD01811,SELL00270,CUST007561,2018-09-28 23:02:04,1,damaged,94.72
RET004492,ORD0008567,1,PROD00512,SELL00138,CUST007855,2017-12-24 01:56:09,1,damaged,59.86
RET004493,ORD0004201,1,PROD00548,SELL00037,CUST007786,2018-04-15 18:48:56,1,damaged,43.52
RET004494,ORD0023215,1,PROD01910,SELL00375,CUST009670,2018-02-06 07:55:11,1,damaged,91.18
RET004495,ORD0003047,2,PROD01949,SELL00144,CUST003038,2018-04-06 09:19:23,1,damaged,86.65
RET004496,ORD0012523,2,PROD01152,SELL00018,CUST008633,2018-06-23 06:34:07,2,damaged,146.88
RET004497,ORD0008152,1,PROD01057,SELL00161,CUST006527,2018-10-23 05:26:05,1,damaged,46.13
RET004498,ORD0010857,1,PROD00302,SELL00049,CUST005882,2018-02-14 23:23:22,1,damaged,55.72
RET004499,ORD0008165,1,PROD01374,SELL00309,CUST002745,2018-05-21 05:49:37,3,damaged,103.44
RET004500,ORD0000371,1,PROD00810,SELL00139,CUST003740,2018-01-01 12:45:13,1,damaged,24.73
RET004501,ORD0023422,1,PROD00465,SELL00265,CUST006764,2018-03-26 03:13:34,1,damaged,120.01
RET004502,ORD0017817,1,PROD00766,SELL00283,CUST006892,2018-06-03 15:38:36,1,damaged,24.95
RET004503,ORD0002514,2,PROD01736,SELL00291,CUST004374,2017-03-13 22:33:25,1,damaged,168.41
RET004504,ORD0004576,1,PROD01851,SELL00200,CUST009100,2017-05-24 14:20:05,1,damaged,69.66
RET004505,ORD0009185,2,PROD00543,SELL00125,CUST008012,2018-02-18 02:32:24,1,damaged,151.56
RET004506,ORD0010102,3,PROD01971,SELL00029,CUST004146,2018-04-01 17:50:04,1,damaged,78.55
RET004507,ORD0016457,1,PROD01185,SELL00264,CUST008190,2017-01-28 07:59:51,1,damaged,118.25
RET004508,ORD0002131,1,PROD00352,SELL00331,CUST003709,2017-11-24 01:13:28,1,damaged,16.07
RET004509,ORD0023518,2,PROD00013,SELL00253,CUST009345,2017-05-24 18:13:40,1,damaged,112.77
RET004510,ORD0021962,2,PROD00545,SELL00088,CUST007556,2018-06-01 09:38:54,3,damaged,190.38
RET004511,ORD0021502,1,PROD00221,SELL00232,CUST001701,2018-09-23 00:30:11,2,damaged,175.78
RET004512,ORD0010270,1,PROD00143,SELL00021,CUST001654,2018-03-20 22:33:58,1,damaged,138.5
RET004513,ORD0000939,1,PROD00535,SELL00017,CUST008254,2018-08-17 07:49:31,1,damaged,17.51
RET004514,ORD0010394,1,PROD01882,SELL00110,CUST007361,2017-05-16 12:49:57,1,damaged,13.87
RET004515,ORD0016923,1,PROD00328,SELL00061,CUST004954,2017-08-30 23:29:16,2,damaged,135.02
RET004516,ORD0020329,1,PROD00857,SELL00277,CUST008318,2018-11-04 16:14:07,1,damaged,45.03
RET004517,ORD0022860,1,PROD01518,SELL00395,CUST008802,2017-03-13 17:57:51,1,damaged,148.83
RET004518,ORD0021774,3,PROD00704,SELL00056,CUST004671,2018-05-28 22:57:43,1,damaged,79.98
RET004519,ORD0024247,1,PROD01619,SELL00082,CUST008490,2017-11-09 00:42:15,1,damaged,14.24
RET004520,ORD0016395,1,PROD00607,SELL00390,CUST007724,2018-06-18 09:34:03,1,damaged,61.41
RET004521,ORD0022249,1,PROD01955,SELL00131,CUST006593,2018-10-18 09:34:02,1,damaged,25.18
RET004522,ORD0008672,1,PROD01728,SELL00377,CUST006542,2017-06-16 07:23:38,1,damaged,246.98
RET004523,ORD0010380,1,PROD00214,SELL00218,CUST002419,2018-06-17 18:45:55,1,damaged,56.98
RET004524,ORD0015324,1,PROD00390,SELL00350,CUST009702,2017-04-27 14:09:52,1,damaged,49.71
RET004525,ORD0006199,1,PROD01104,SELL00395,CUST002016,2018-06-17 04:46:14,2,damaged,163.38
RET004526,ORD0010408,1,PROD01726,SELL00038,CUST009285,2017-04-11 03:21:32,1,damaged,103.99
RET004527,ORD0008107,2,PROD01141,SELL00352,CUST004563,2017-02-13 10:53:39,2,damaged,245.12
RET004528,ORD0013265,2,PROD01865,SELL00124,CUST002144,2017-06-29 14:00:09,2,damaged,475.6
RET004529,ORD0011359,1,PROD01982,SELL00164,CUST000240,2018-10-01 21:09:48,1,damaged,32.7
RET004530,ORD0021315,1,PROD01578,SELL00235,CUST005048,2017-04-09 00:24:59,2,damaged,63.86
RET004531,ORD0001149,1,PROD01438,SELL00217,CUST006035,2018-07-27 15:37:16,1,damaged,19.53
RET004532,ORD0003943,2,PROD00086,SELL00140,CUST004636,2017-02-28 11:14:19,2,damaged,204.46
RET004533,ORD0014062,1,PROD01901,SELL00300,CUST006395,2017-06-23 03:54:13,2,damaged,103.2
RET004534,ORD0008637,1,PROD01247,SELL00101,CUST003850,2018-08-14 02:53:01,5,damaged,534.8
RET004535,ORD0014553,1,PROD01392,SELL00163,CUST001000,2017-08-10 19:01:17,1,damaged,56.95
RET004536,ORD0016645,1,PROD00648,SELL00342,CUST004233,2017-04-24 07:42:11,1,damaged,101.13
RET004537,ORD0015632,1,PROD00103,SELL00187,CUST003145,2018-06-12 12:12:29,1,damaged,117.13
RET004538,ORD0004011,1,PROD00444,SELL00245,CUST007460,2017-06-10 03:22:10,1,damaged,72.35
RET004539,ORD0020375,2,PROD01646,SELL00331,CUST001149,2017-10-29 08:18:49,2,damaged,349.3
RET004540,ORD0010168,1,PROD00063,SELL00099,CUST005846,2018-10-01 05:23:14,1,damaged,129.35
RET004541,ORD0003816,1,PROD00607,SELL00083,CUST006410,2017-11-29 17:42:08,3,damaged,184.23
RET004542,ORD0014702,1,PROD01811,SELL00259,CUST000146,2017-09-09 17:20:48,1,damaged,94.72
RET004543,ORD0004701,1,PROD00633,SELL00137,CUST007206,2018-07-01 11:03:45,1,damaged,38.69
RET004544,ORD0023824,1,PROD00692,SELL00353,CUST001920,2018-03-07 22:06:22,1,damaged,142.62
RET004545,ORD0015777,1,PROD00639,SELL00052,CUST001328,2018-10-06 11:24:07,5,damaged,786.55
RET004546,ORD0015405,1,PROD01190,SELL00324,CUST004697,2018-10-18 08:00:56,1,damaged,137.81
RET004547,ORD0024434,1,PROD01812,SELL00007,CUST005293,2017-06-17 15:48:30,2,damaged,72.6
RET004548,ORD0018811,1,PROD01385,SELL00201,CUST002094,2018-05-22 10:43:54,1,damaged,35.29
RET004549,ORD0015872,1,PROD00390,SELL00076,CUST000077,2017-10-15 10:16:45,4,damaged,198.84
RET004550,ORD0024691,1,PROD01556,SELL00136,CUST008849,2017-07-06 13:28:34,1,damaged,133.25
RET004551,ORD0018332,1,PROD00130,SELL00014,CUST006494,2017-12-02 13:00:09,3,damaged,596.55
RET004552,ORD0012536,1,PROD00705,SELL00042,CUST001694,2017-10-13 06:06:57,1,damaged,200.53
RET004553,ORD0008316,1,PROD00066,SELL00377,CUST000873,2017-12-21 15:07:46,3,damaged,284.85
RET004554,ORD0008720,1,PROD00920,SELL00148,CUST004411,2017-03-08 20:15:06,1,damaged,31.76
RET004555,ORD0010298,1,PROD01525,SELL00099,CUST002683,2018-09-05 03:58:49,3,damaged,109.2
RET004556,ORD0024896,2,PROD01118,SELL00017,CUST006175,2018-02-16 17:06:56,1,damaged,80.65
RET004557,ORD0024490,2,PROD01900,SELL00121,CUST008367,2017-12-13 15:58:45,1,damaged,274.85
RET004558,ORD0017434,1,PROD01718,SELL00019,CUST003359,2017-07-12 15:02:26,1,damaged,163.98
RET004559,ORD0024350,1,PROD01588,SELL00256,CUST006556,2018-03-07 20:14:40,3,damaged,95.7
RET004560,ORD0008350,1,PROD00925,SELL00362,CUST007608,2017-06-11 17:32:26,1,damaged,88.52
RET004561,ORD0000839,1,PROD00906,SELL00356,CUST007556,2018-08-24 05:26:34,1,damaged,19.32
RET004562,ORD0016429,2,PROD01367,SELL00291,CUST003128,2017-09-22 02:17:41,1,damaged,122.25
RET004563,ORD0017082,1,PROD01403,SELL00374,CUST001461,2017-09-05 21:46:38,1,damaged,139.41
RET004564,ORD0013494,1,PROD01712,SELL00163,CUST005438,2018-04-27 15:11:27,1,damaged,92.31
RET004565,ORD0024204,1,PROD01632,SELL00050,CUST003169,2017-04-27 15:06:37,1,damaged,185.04
RET004566,ORD0002750,1,PROD00891,SELL00201,CUST001408,2018-07-13 05:26:30,1,damaged,212.52
RET004567,ORD0000633,1,PROD00930,SELL00265,CUST007015,2018-11-12 01:41:43,2,damaged,494.54
RET004568,ORD0019473,1,PROD01296,SELL00389,CUST009501,2018-06-27 05:16:05,1,damaged,74.2
RET004569,ORD0020741,1,PROD00638,SELL00164,CUST005409,2017-07-21 14:50:16,1,damaged,28.86
RET004570,ORD0006166,1,PROD00862,SELL00334,CUST007279,2017-11-15 07:56:41,1,damaged,40.69
RET004571,ORD0005126,1,PROD00818,SELL00117,CUST001437,2017-05-08 10:35:37,2,damaged,502.38
RET004572,ORD0002107,2,PROD00141,SELL00155,CUST000763,2017-07-14 12:31:22,1,damaged,306.39
RET004573,ORD0020315,2,PROD01013,SELL00392,CUST002283,2017-12-05 17:17:50,1,damaged,337.56
RET004574,ORD0013242,1,PROD01949,SELL00101,CUST001602,2017-10-04 00:45:30,2,damaged,173.3
RET004575,ORD0010836,1,PROD00161,SELL00357,CUST006546,2017-01-23 03:59:44,1,damaged,765.04
RET004576,ORD0002008,1,PROD00847,SELL00297,CUST001972,2017-02-16 20:26:16,1,damaged,60.47
RET004577,ORD0015509,1,PROD00460,SELL00096,CUST003645,2017-09-07 12:28:04,1,damaged,117.29
RET004578,ORD0022085,1,PROD01206,SELL00067,CUST006374,2017-10-13 01:42:04,1,damaged,195.04
RET004579,ORD0023773,1,PROD00111,SELL00240,CUST006611,2017-04-30 13:50:02,1,damaged,162.93
RET004580,ORD0006325,1,PROD00408,SELL00031,CUST007321,2017-04-20 03:07:27,2,damaged,982.52
RET004581,ORD0000795,1,PROD01924,SELL00326,CUST003157,2018-10-19 14:01:47,1,damaged,84.2
RET004582,ORD0001338,1,PROD01298,SELL00325,CUST001135,2017-09-02 09:42:10,1,damaged,97.02
RET004583,ORD0012347,1,PROD01010,SELL00218,CUST002932,2017-06-19 06:26:35,1,damaged,46.34
RET004584,ORD0023899,1,PROD00015,SELL00362,CUST008494,2017-03-04 09:43:02,1,damaged,58.36
RET004585,ORD0022372,1,PROD00312,SELL00140,CUST005406,2017-02-15 14:43:07,4,damaged,449.28
RET004586,ORD0015133,1,PROD00170,SELL00284,CUST002616,2017-05-23 06:41:32,1,damaged,15.28
RET004587,ORD0007327,3,PROD01584,SELL00187,CUST000323,2018-07-07 20:58:06,1,damaged,137.06
RET004588,ORD0009837,1,PROD00187,SELL00119,CUST000338,2017-07-21 02:08:10,3,damaged,52.59
RET004589,ORD0001169,2,PROD01567,SELL00140,CUST001344,2018-03-27 10:39:13,1,damaged,260.21
RET004590,ORD0002946,1,PROD01962,SELL00239,CUST004555,2018-06-19 04:40:38,2,damaged,391.7
RET004591,ORD0003076,1,PROD01113,SELL00001,CUST000952,2017-11-29 11:21:39,1,damaged,128.54
RET004592,ORD0004284,1,PROD00784,SELL00203,CUST002304,2017-10-07 03:14:18,2,damaged,203.52
RET004593,ORD0007001,1,PROD01802,SELL00281,CUST005239,2017-04-23 23:44:03,1,damaged,62.14
RET004594,ORD0024809,1,PROD00944,SELL00034,CUST007690,2017-03-28 10:26:50,1,damaged,29.29
RET004595,ORD0016804,2,PROD01131,SELL00205,CUST000741,2018-08-01 01:45:09,2,damaged,98.0
RET004596,ORD0018772,1,PROD01523,SELL00129,CUST007741,2018-08-07 14:10:10,2,damaged,154.6
RET004597,ORD0018344,1,PROD00393,SELL00209,CUST003287,2018-05-19 20:45:22,4,damaged,394.72
RET004598,ORD0014399,1,PROD01952,SELL00018,CUST004727,2017-04-06 15:37:30,1,damaged,290.56
RET004599,ORD0019000,1,PROD00554,SELL00393,CUST003116,2018-08-09 02:57:35,1,damaged,194.05
RET004600,ORD0016356,1,PROD01897,SELL00384,CUST001487,2017-07-04 02:59:21,1,damaged,126.17
RET004601,ORD0022609,1,PROD00898,SELL00054,CUST006655,2017-02-03 03:12:14,1,damaged,19.91
RET004602,ORD0008628,2,PROD01136,SELL00088,CUST003056,2017-10-09 06:47:11,2,damaged,244.58
RET004603,ORD0012911,1,PROD01119,SELL00244,CUST000825,2017-04-20 00:17:30,1,damaged,179.77
RET004604,ORD0004330,2,PROD01036,SELL00268,CUST008797,2018-04-16 13:21:09,1,damaged,42.39
RET004605,ORD0000892,1,PROD00653,SELL00388,CUST009243,2018-07-16 21:54:18,1,damaged,29.64
RET004606,ORD0011034,1,PROD01485,SELL00176,CUST005375,2017-07-09 22:42:56,1,damaged,210.76
RET004607,ORD0015426,1,PROD00476,SELL00289,CUST000791,2017-04-07 01:40:50,2,damaged,120.6
RET004608,ORD0012284,2,PROD00965,SELL00170,CUST000571,2018-08-16 04:13:27,1,damaged,143.15
RET004609,ORD0009220,1,PROD01058,SELL00063,CUST002644,2018-07-29 02:15:36,2,damaged,477.14
RET004610,ORD0018970,1,PROD01673,SELL00352,CUST009463,2017-08-24 07:23:37,1,damaged,121.49
RET004611,ORD0019353,1,PROD00630,SELL00275,CUST004038,2017-04-09 15:07:08,2,damaged,71.34
RET004612,ORD0012569,1,PROD00319,SELL00258,CUST009656,2017-08-23 23:57:10,1,damaged,347.06
RET004613,ORD0024199,1,PROD00445,SELL00287,CUST003595,2017-02-17 03:23:40,1,damaged,22.0
RET004614,ORD0018712,1,PROD01138,SELL00058,CUST003067,2017-07-12 19:24:27,3,damaged,1708.44
RET004615,ORD0012419,1,PROD00577,SELL00057,CUST009604,2017-06-07 08:27:46,1,damaged,152.14
RET004616,ORD0018479,1,PROD01699,SELL00168,CUST005183,2017-03-03 21:58:37,1,damaged,289.36
RET004617,ORD0013003,1,PROD01222,SELL00306,CUST004270,2018-04-18 16:44:45,4,damaged,1269.32
RET004618,ORD0019626,1,PROD00835,SELL00141,CUST004658,2017-02-13 17:26:03,4,damaged,501.6
RET004619,ORD0016603,1,PROD00329,SELL00366,CUST002036,2018-06-13 20:38:53,1,damaged,255.99
RET004620,ORD0012211,1,PROD01698,SELL00333,CUST007769,2018-02-20 12:15:47,2,damaged,64.28
RET004621,ORD0018813,1,PROD01211,SELL00194,CUST008492,2017-10-13 23:57:51,1,damaged,29.62
RET004622,ORD0010347,1,PROD00438,SELL00217,CUST004991,2018-08-08 09:53:25,5,damaged,1583.55
RET004623,ORD0018663,2,PROD01195,SELL00184,CUST002845,2018-06-21 12:05:52,1,damaged,14.68
RET004624,ORD0016039,2,PROD01652,SELL00275,CUST008163,2018-08-01 09:29:40,5,damaged,286.85
RET004625,ORD0020467,1,PROD01902,SELL00307,CUST007510,2017-09-15 01:02:03,1,damaged,40.11
RET004626,ORD0011178,1,PROD00255,SELL00265,CUST007965,2017-11-11 12:37:10,1,damaged,211.2
RET004627,ORD0000867,1,PROD01506,SELL00183,CUST002006,2017-04-17 14:51:51,1,damaged,28.7
RET004628,ORD0001209,1,PROD01254,SELL00101,CUST008274,2017-10-29 18:59:42,2,damaged,314.58
RET004629,ORD0013541,1,PROD01575,SELL00290,CUST005467,2018-08-15 08:05:36,1,damaged,59.24
RET004630,ORD0018318,1,PROD00505,SELL00382,CUST004543,2017-08-02 21:24:03,2,damaged,145.56
RET004631,ORD0015959,1,PROD01872,SELL00020,CUST009548,2018-11-15 11:57:06,2,damaged,187.88
RET004632,ORD0014016,1,PROD01575,SELL00155,CUST000722,2018-03-11 04:20:23,1,damaged,59.24
RET004633,ORD0005831,1,PROD01052,SELL00172,CUST003437,2017-09-08 02:05:57,4,damaged,320.8
RET004634,ORD0014536,2,PROD00441,SELL00049,CUST009716,2018-09-12 11:07:37,2,damaged,127.04
RET004635,ORD0014099,1,PROD00866,SELL00243,CUST008295,2017-05-23 05:25:42,1,damaged,69.32
RET004636,ORD0015184,1,PROD01514,SELL00221,CUST009950,2018-10-02 14:35:31,3,damaged,70.35
RET004637,ORD0001193,2,PROD01925,SELL00261,CUST009663,2018-07-05 09:49:24,1,damaged,106.64
RET004638,ORD0000554,1,PROD00929,SELL00356,CUST008296,2017-04-13 20:47:38,1,damaged,170.6
RET004639,ORD0019656,3,PROD01976,SELL00075,CUST001101,2018-02-22 16:57:47,4,damaged,183.44
RET004640,ORD0018362,1,PROD00986,SELL00315,CUST003751,2017-09-26 12:53:40,1,damaged,194.25
RET004641,ORD0004640,2,PROD01852,SELL00005,CUST009090,2018-08-06 14:13:34,1,damaged,196.29
RET004642,ORD0012174,1,PROD00235,SELL00006,CUST002963,2018-02-13 08:41:44,1,damaged,107.03
RET004643,ORD0020541,1,PROD01430,SELL00091,CUST005812,2017-04-15 14:30:31,1,damaged,32.88
RET004644,ORD0008247,1,PROD00891,SELL00271,CUST004351,2018-02-23 08:42:46,1,damaged,212.52
RET004645,ORD0010202,1,PROD01674,SELL00233,CUST004177,2017-12-16 12:53:07,1,damaged,79.88
RET004646,ORD0008435,2,PROD01869,SELL00164,CUST001792,2017-05-24 03:36:46,1,damaged,183.51
RET004647,ORD0004694,2,PROD01821,SELL00165,CUST003427,2018-04-27 11:58:38,1,damaged,108.52
RET004648,ORD0013636,1,PROD00071,SELL00004,CUST002029,2018-10-06 06:24:24,1,damaged,44.05
RET004649,ORD0004267,1,PROD01703,SELL00333,CUST007908,2017-04-05 09:14:09,1,damaged,130.63
RET004650,ORD0000938,1,PROD01439,SELL00223,CUST002794,2017-03-16 21:43:26,1,damaged,184.36
RET004651,ORD0002136,1,PROD01278,SELL00029,CUST005242,2017-12-17 12:36:59,1,damaged,91.05
RET004652,ORD0012924,3,PROD00413,SELL00157,CUST000235,2018-10-08 10:47:04,1,damaged,61.39
RET004653,ORD0024298,1,PROD01522,SELL00262,CUST001911,2017-08-07 14:02:49,3,damaged,261.48
RET004654,ORD0004526,1,PROD00168,SELL00014,CUST004064,2017-11-10 01:44:41,1,damaged,115.05
RET004655,ORD0008805,1,PROD01825,SELL00122,CUST002174,2018-08-05 07:11:15,2,damaged,482.8
RET004656,ORD0014780,1,PROD01900,SELL00314,CUST007211,2018-07-23 01:49:59,1,damaged,274.85
RET004657,ORD0021629,4,PROD00682,SELL00243,CUST000320,2018-05-02 02:49:02,1,damaged,62.48
RET004658,ORD0023706,2,PROD01183,SELL00368,CUST004772,2017-09-02 08:59:24,1,damaged,200.84
RET004659,ORD0018235,2,PROD01234,SELL00184,CUST004191,2017-04-11 16:30:39,1,damaged,124.99
RET004660,ORD0003019,1,PROD00668,SELL00252,CUST001649,2018-09-09 05:11:54,1,damaged,58.14
RET004661,ORD0012654,1,PROD00178,SELL00215,CUST009245,2017-02-09 19:33:51,1,damaged,102.39
RET004662,ORD0002818,1,PROD00726,SELL00234,CUST004302,2018-01-10 11:45:06,1,damaged,30.08
RET004663,ORD0013329,1,PROD00834,SELL00336,CUST001940,2017-07-15 13:30:05,4,damaged,437.24
RET004664,ORD0012151,1,PROD00601,SELL00149,CUST008231,2017-11-19 22:25:36,1,damaged,149.36
RET004665,ORD0020249,1,PROD01112,SELL00100,CUST008655,2017-11-06 05:01:19,1,damaged,127.43
RET004666,ORD0008830,1,PROD01707,SELL00295,CUST008891,2017-05-03 07:40:58,1,damaged,62.73
RET004667,ORD0006377,1,PROD00891,SELL00210,CUST009292,2018-02-16 19:54:06,1,damaged,212.52
RET004668,ORD0024665,2,PROD01275,SELL00041,CUST002261,2017-03-06 20:49:24,1,damaged,210.36
RET004669,ORD0006584,1,PROD00856,SELL00308,CUST007099,2017-10-10 01:58:00,1,damaged,67.59
RET004670,ORD0004687,3,PROD00898,SELL00329,CUST003417,2017-06-03 16:37:54,2,damaged,39.82
RET004671,ORD0010220,1,PROD00405,SELL00059,CUST009156,2018-08-05 11:37:27,1,damaged,118.84
RET004672,ORD0005201,1,PROD01059,SELL00043,CUST006584,2018-04-09 21:46:45,1,damaged,22.19
RET004673,ORD0004468,2,PROD00801,SELL00033,CUST005736,2018-08-03 10:36:15,1,damaged,56.49
RET004674,ORD0022244,2,PROD01713,SELL00196,CUST006723,2017-08-17 20:28:39,1,damaged,23.3
RET004675,ORD0009432,1,PROD01096,SELL00171,CUST009670,2017-07-23 03:03:43,1,damaged,77.28
RET004676,ORD0006427,1,PROD00647,SELL00372,CUST004888,2018-10-20 04:00:06,1,damaged,118.94
RET004677,ORD0007257,4,PROD00723,SELL00060,CUST000509,2018-03-19 07:32:52,1,damaged,57.92
RET004678,ORD0018148,1,PROD00576,SELL00264,CUST002580,2017-12-23 06:06:37,1,damaged,39.65
RET004679,ORD0019560,1,PROD01425,SELL00264,CUST000343,2018-05-01 07:17:47,1,damaged,55.68
RET004680,ORD0024054,2,PROD00839,SELL00255,CUST006658,2017-08-29 10:46:24,1,damaged,29.92
RET004681,ORD0000570,2,PROD01217,SELL00337,CUST001738,2018-01-07 01:39:55,1,damaged,59.99
RET004682,ORD0009459,1,PROD00224,SELL00356,CUST007087,2018-01-21 17:49:34,3,damaged,673.83
RET004683,ORD0003256,1,PROD01934,SELL00268,CUST008081,2018-01-27 21:28:32,1,damaged,133.85
RET004684,ORD0018898,1,PROD00594,SELL00246,CUST008174,2018-07-26 14:36:12,1,damaged,58.72
RET004685,ORD0019692,2,PROD01106,SELL00277,CUST003751,2017-10-21 18:11:55,1,damaged,136.23
RET004686,ORD0005655,1,PROD01702,SELL00184,CUST005969,2017-04-23 23:32:28,1,damaged,52.99
RET004687,ORD0017989,1,PROD00447,SELL00122,CUST006414,2018-04-12 22:46:00,1,damaged,47.63
RET004688,ORD0002030,1,PROD00957,SELL00098,CUST008485,2018-02-19 20:33:58,2,damaged,126.06
RET004689,ORD0020402,1,PROD01294,SELL00113,CUST002698,2018-05-06 13:17:23,1,damaged,57.3
RET004690,ORD0009451,1,PROD00195,SELL00229,CUST009896,2017-05-10 15:51:43,1,damaged,121.11
RET004691,ORD0008752,2,PROD00903,SELL00322,CUST004589,2017-11-04 03:10:40,1,quality_issue,84.42
RET004692,ORD0013649,1,PROD01491,SELL00059,CUST003425,2018-04-06 06:44:54,1,quality_issue,58.51
RET004693,ORD0014775,1,PROD00635,SELL00278,CUST009240,2018-01-20 19:02:57,1,quality_issue,112.08
RET004694,ORD0020480,2,PROD01824,SELL00168,CUST009447,2017-02-20 13:27:38,2,quality_issue,67.42
RET004695,ORD0020028,1,PROD00015,SELL00149,CUST005853,2017-12-17 20:25:56,1,quality_issue,58.36
RET004696,ORD0001360,1,PROD01580,SELL00382,CUST007543,2018-03-21 17:21:12,1,quality_issue,330.87
RET004697,ORD0021791,1,PROD00383,SELL00102,CUST006876,2018-04-21 10:41:38,1,quality_issue,86.85
RET004698,ORD0018328,1,PROD01385,SELL00162,CUST007258,2017-08-01 10:15:30,1,quality_issue,35.29
RET004699,ORD0006565,1,PROD00820,SELL00025,CUST006145,2017-07-30 00:12:27,4,quality_issue,160.8
RET004700,ORD0018533,1,PROD00318,SELL00279,CUST003380,2018-07-27 09:33:34,1,quality_issue,33.13
RET004701,ORD0003979,1,PROD01545,SELL00295,CUST000115,2018-08-26 13:48:28,1,quality_issue,76.64
RET004702,ORD0011081,1,PROD01575,SELL00119,CUST008440,2017-09-30 05:09:34,3,quality_issue,177.72
RET004703,ORD0023576,2,PROD00814,SELL00303,CUST005839,2017-12-23 04:27:23,1,quality_issue,35.89
RET004704,ORD0007983,1,PROD00790,SELL00041,CUST009456,2018-10-13 01:00:12,3,quality_issue,791.73
RET004705,ORD0023593,1,PROD01772,SELL00229,CUST004598,2018-07-26 14:31:08,5,quality_issue,1064.0
RET004706,ORD0021530,2,PROD01200,SELL00196,CUST006800,2017-04-04 21:21:22,1,quality_issue,155.12
RET004707,ORD0024538,2,PROD00161,SELL00175,CUST009268,2018-01-28 15:50:41,1,quality_issue,765.04
RET004708,ORD0002714,1,PROD01434,SELL00155,CUST006827,2017-09-04 06:04:10,4,quality_issue,512.4
RET004709,ORD0008260,1,PROD00729,SELL00396,CUST006599,2017-10-29 15:23:42,1,quality_issue,37.38
RET004710,ORD0002634,1,PROD00833,SELL00261,CUST002997,2018-04-08 21:14:03,1,quality_issue,24.87
RET004711,ORD0009816,2,PROD00948,SELL00025,CUST007306,2018-08-27 12:58:49,2,quality_issue,38.76
RET004712,ORD0016461,1,PROD01540,SELL00164,CUST004108,2017-12-09 09:03:59,1,quality_issue,35.15
RET004713,ORD0015427,1,PROD00210,SELL00161,CUST000108,2017-12-22 06:14:06,1,quality_issue,54.06
RET004714,ORD0008971,1,PROD01438,SELL00112,CUST009330,2018-10-07 02:28:12,1,quality_issue,19.53
RET004715,ORD0018555,1,PROD00816,SELL00026,CUST005229,2017-06-24 04:17:29,3,quality_issue,231.69
RET004716,ORD0015187,2,PROD01373,SELL00016,CUST003975,2018-05-06 21:10:20,1,quality_issue,39.51
RET004717,ORD0020164,2,PROD00445,SELL00147,CUST001600,2017-06-18 00:43:50,2,quality_issue,44.0
RET004718,ORD0007073,2,PROD00768,SELL00260,CUST003026,2017-02-17 11:40:08,3,quality_issue,293.67
RET004719,ORD0003998,2,PROD00504,SELL00178,CUST000972,2018-01-02 13:31:16,1,quality_issue,75.26
RET004720,ORD0022242,1,PROD01218,SELL00358,CUST000606,2018-09-06 19:45:55,1,quality_issue,32.07
RET004721,ORD0004615,1,PROD00485,SELL00004,CUST009701,2018-09-11 16:13:15,2,quality_issue,345.7
RET004722,ORD0006744,1,PROD00267,SELL00062,CUST003749,2018-02-15 08:40:46,1,quality_issue,27.25
RET004723,ORD0023526,2,PROD01404,SELL00315,CUST006884,2018-06-28 16:32:39,1,quality_issue,35.29
RET004724,ORD0004274,1,PROD00594,SELL00044,CUST000078,2018-07-21 01:25:30,1,quality_issue,58.72
RET004725,ORD0001032,1,PROD01501,SELL00142,CUST008103,2018-04-14 19:42:09,4,quality_issue,583.04
RET004726,ORD0006665,1,PROD00601,SELL00326,CUST005878,2017-06-11 00:32:48,3,quality_issue,448.08
RET004727,ORD0015281,1,PROD01335,SELL00225,CUST003756,2018-06-07 21:32:11,2,quality_issue,66.1
RET004728,ORD0020309,1,PROD01079,SELL00379,CUST007126,2018-08-14 21:20:32,1,quality_issue,145.67
RET004729,ORD0005546,1,PROD00297,SELL00248,CUST009055,2018-07-24 18:18:05,1,quality_issue,28.09
RET004730,ORD0000487,1,PROD01387,SELL00167,CUST001161,2017-09-22 02:11:43,1,quality_issue,85.51
RET004731,ORD0023373,1,PROD01656,SELL00111,CUST000367,2018-03-08 19:07:14,2,quality_issue,195.22
RET004732,ORD0002820,1,PROD01671,SELL00139,CUST003419,2018-03-02 15:36:33,2,quality_issue,170.78
RET004733,ORD0006342,1,PROD00161,SELL00163,CUST001498,2017-08-20 22:18:35,1,quality_issue,765.04
RET004734,ORD0024596,1,PROD01898,SELL00009,CUST004076,2018-08-26 13:06:20,2,quality_issue,358.16
RET004735,ORD0007172,2,PROD00320,SELL00136,CUST001160,2018-10-19 03:59:44,1,quality_issue,92.64
RET004736,ORD0023062,1,PROD01836,SELL00239,CUST005748,2018-09-29 15:06:42,2,quality_issue,467.42
RET004737,ORD0007314,1,PROD01018,SELL00182,CUST004485,2017-12-18 23:10:44,1,quality_issue,58.38
RET004738,ORD0002652,1,PROD00829,SELL00329,CUST000192,2018-06-20 09:17:21,1,quality_issue,226.56
RET004739,ORD0007843,1,PROD00924,SELL00052,CUST002586,2017-04-06 18:53:18,1,quality_issue,44.79
RET004740,ORD0004073,1,PROD00462,SELL00071,CUST009475,2017-10-11 21:49:13,1,quality_issue,129.23
RET004741,ORD0012013,1,PROD01514,SELL00081,CUST007931,2017-06-09 10:45:09,1,quality_issue,23.45
RET004742,ORD0021830,1,PROD01575,SELL00367,CUST004414,2018-10-07 11:18:21,1,quality_issue,59.24
RET004743,ORD0014517,1,PROD01575,SELL00338,CUST002774,2017-02-28 03:09:00,1,quality_issue,59.24
RET004744,ORD0015898,3,PROD00338,SELL00180,CUST001724,2018-07-25 04:42:53,2,quality_issue,97.34
RET004745,ORD0020233,1,PROD01013,SELL00125,CUST000875,2018-10-17 22:20:05,1,quality_issue,337.56
RET004746,ORD0009789,1,PROD00069,SELL00378,CUST004965,2018-03-27 12:22:59,1,quality_issue,63.17
RET004747,ORD0012062,1,PROD01012,SELL00104,CUST003765,2018-07-22 16:38:10,1,quality_issue,219.26
RET004748,ORD0021341,1,PROD00989,SELL00272,CUST001808,2017-04-15 07:27:29,1,quality_issue,58.37
RET004749,ORD0018985,2,PROD01573,SELL00102,CUST003878,2018-03-29 04:46:25,1,quality_issue,32.82
RET004750,ORD0017801,2,PROD01007,SELL00011,CUST007970,2017-04-05 14:54:09,1,quality_issue,211.52
RET004751,ORD0007180,1,PROD00077,SELL00143,CUST008508,2017-07-20 15:50:36,1,quality_issue,74.0
RET004752,ORD0011924,1,PROD01055,SELL00093,CUST006507,2018-03-02 08:52:18,1,quality_issue,50.35
RET004753,ORD0018020,1,PROD00125,SELL00021,CUST008149,2017-02-19 21:48:54,2,quality_issue,113.44
RET004754,ORD0011181,1,PROD00740,SELL00104,CUST004739,2018-08-12 16:43:38,2,quality_issue,209.56
RET004755,ORD0023675,1,PROD00506,SELL00182,CUST002189,2017-11-21 05:10:59,1,quality_issue,56.07
RET004756,ORD0022893,1,PROD01591,SELL00167,CUST009667,2017-10-26 08:50:11,1,quality_issue,183.76
RET004757,ORD0017358,2,PROD01487,SELL00331,CUST001704,2017-04-07 23:03:36,1,quality_issue,25.73
RET004758,ORD0007410,1,PROD00441,SELL00090,CUST005934,2018-03-16 02:50:56,2,quality_issue,127.04
RET004759,ORD0013343,1,PROD01097,SELL00075,CUST008947,2017-09-05 09:26:16,1,quality_issue,140.07
RET004760,ORD0006816,1,PROD00554,SELL00394,CUST007501,2017-09-16 10:10:56,2,quality_issue,388.1
RET004761,ORD0020432,2,PROD01292,SELL00062,CUST004361,2018-06-19 04:21:22,2,quality_issue,39.94
RET004762,ORD0015083,1,PROD01353,SELL00339,CUST001628,2017-02-23 14:47:34,1,quality_issue,62.43
RET004763,ORD0010673,1,PROD01028,SELL00189,CUST009171,2018-05-07 20:31:31,1,quality_issue,72.3
RET004764,ORD0001009,1,PROD00034,SELL00004,CUST001488,2018-07-07 14:07:07,1,quality_issue,52.94
RET004765,ORD0021832,1,PROD00079,SELL00180,CUST009546,2017-02-19 07:46:41,1,quality_issue,46.13
RET004766,ORD0007080,1,PROD00748,SELL00199,CUST009991,2018-03-14 17:51:52,1,quality_issue,93.7
RET004767,ORD0024388,2,PROD01916,SELL00104,CUST004865,2017-09-17 02:22:39,1,quality_issue,119.3
RET004768,ORD0002116,1,PROD00227,SELL00143,CUST009835,2017-03-26 14:44:42,2,quality_issue,285.52
RET004769,ORD0024744,1,PROD01857,SELL00293,CUST008582,2017-06-24 08:09:19,1,quality_issue,72.77
RET004770,ORD0005932,1,PROD00704,SELL00077,CUST007773,2017-10-14 15:28:48,2,quality_issue,159.96
RET004771,ORD0021367,1,PROD00602,SELL00214,CUST001397,2018-01-30 03:52:58,1,quality_issue,53.18
RET004772,ORD0003544,1,PROD01375,SELL00067,CUST000774,2017-11-17 13:28:42,1,quality_issue,23.36
RET004773,ORD0021269,1,PROD00601,SELL00146,CUST001829,2017-10-22 23:08:02,1,quality_issue,149.36
RET004774,ORD0016991,1,PROD00199,SELL00268,CUST008173,2017-05-18 08:49:28,1,quality_issue,383.14
RET004775,ORD0000402,1,PROD01123,SELL00205,CUST006461,2017-07-05 17:47:46,3,quality_issue,470.73
RET004776,ORD0018052,1,PROD00761,SELL00285,CUST003899,2017-04-07 16:00:04,3,quality_issue,423.09
RET004777,ORD0003600,2,PROD01532,SELL00033,CUST002303,2017-08-26 17:49:26,1,quality_issue,27.35
RET004778,ORD0007866,2,PROD01918,SELL00090,CUST006486,2017-02-28 18:07:34,2,quality_issue,277.36
RET004779,ORD0005906,1,PROD00351,SELL00320,CUST009181,2017-12-26 22:10:09,1,quality_issue,38.61
RET004780,ORD0008973,1,PROD01387,SELL00362,CUST005347,2018-10-15 22:38:47,2,quality_issue,171.02
RET004781,ORD0017017,1,PROD00648,SELL00152,CUST004470,2017-12-08 10:08:05,1,quality_issue,101.13
RET004782,ORD0006771,1,PROD01786,SELL00245,CUST000412,2018-06-14 22:42:56,2,quality_issue,306.9
RET004783,ORD0017708,1,PROD00588,SELL00083,CUST000821,2018-08-30 23:48:05,1,quality_issue,23.75
RET004784,ORD0001655,1,PROD01905,SELL00078,CUST002447,2018-08-20 11:23:24,1,quality_issue,192.94
RET004785,ORD0013196,1,PROD01757,SELL00141,CUST000722,2017-04-04 15:50:51,1,quality_issue,74.93
RET004786,ORD0013328,1,PROD01778,SELL00313,CUST007642,2017-09-15 11:40:10,2,quality_issue,98.06
RET004787,ORD0024019,1,PROD00546,SELL00147,CUST005545,2017-11-17 18:37:54,1,quality_issue,38.81
RET004788,ORD0009306,1,PROD01293,SELL00130,CUST003312,2018-05-10 16:23:11,3,quality_issue,123.36
RET004789,ORD0010375,1,PROD01292,SELL00121,CUST008045,2018-01-07 08:46:21,1,quality_issue,19.97
RET004790,ORD0014803,3,PROD01726,SELL00393,CUST007130,2018-03-22 01:08:57,2,quality_issue,207.98
RET004791,ORD0022239,1,PROD00741,SELL00162,CUST004709,2018-02-24 17:01:05,1,quality_issue,125.36
RET004792,ORD0021154,1,PROD00434,SELL00103,CUST005785,2017-12-12 12:36:55,1,quality_issue,47.14
RET004793,ORD0021438,4,PROD00055,SELL00008,CUST008769,2018-01-09 20:13:40,1,quality_issue,61.61
RET004794,ORD0001164,1,PROD00287,SELL00093,CUST007008,2018-06-23 07:27:23,1,quality_issue,61.5
RET004795,ORD0016532,1,PROD00945,SELL00238,CUST008386,2017-06-13 18:03:11,1,quality_issue,144.93
RET004796,ORD0012503,1,PROD01180,SELL00088,CUST008023,2017-10-29 22:11:16,3,quality_issue,267.48
RET004797,ORD0001442,1,PROD00744,SELL00233,CUST007952,2018-10-06 10:50:42,1,quality_issue,79.39
RET004798,ORD0022347,2,PROD00884,SELL00172,CUST001951,2017-05-04 02:53:53,4,quality_issue,341.0
RET004799,ORD0023986,1,PROD01634,SELL00089,CUST003128,2017-09-06 17:39:04,1,quality_issue,58.69
RET004800,ORD0003112,1,PROD00744,SELL00039,CUST001031,2018-02-06 14:47:54,1,quality_issue,79.39
RET004801,ORD0018086,1,PROD01083,SELL00195,CUST004265,2017-11-10 20:22:54,1,quality_issue,57.04
RET004802,ORD0010318,1,PROD00161,SELL00267,CUST001882,2018-01-09 02:10:44,5,quality_issue,3825.2
RET004803,ORD0005310,1,PROD00710,SELL00056,CUST009549,2017-11-03 11:20:39,3,quality_issue,105.06
RET004804,ORD0005202,2,PROD00808,SELL00293,CUST003746,2017-05-02 20:32:17,2,quality_issue,118.1
RET004805,ORD0008417,1,PROD01420,SELL00125,CUST006725,2018-01-18 01:30:40,2,quality_issue,146.46
RET004806,ORD0000693,1,PROD00910,SELL00120,CUST005279,2017-01-28 13:05:30,2,quality_issue,293.1
RET004807,ORD0017172,1,PROD00343,SELL00031,CUST002168,2017-08-30 17:50:44,1,quality_issue,49.37
RET004808,ORD0018313,2,PROD00752,SELL00077,CUST008362,2018-07-01 06:32:56,4,quality_issue,250.08
RET004809,ORD0021594,1,PROD00980,SELL00120,CUST007223,2017-12-27 02:12:34,3,quality_issue,381.51
RET004810,ORD0023063,1,PROD00157,SELL00008,CUST006503,2017-03-01 13:10:47,1,quality_issue,91.65
RET004811,ORD0003867,1,PROD00048,SELL00183,CUST004607,2018-05-24 12:45:17,2,quality_issue,247.3
RET004812,ORD0004545,1,PROD00448,SELL00252,CUST002709,2017-08-06 20:28:36,1,quality_issue,37.07
RET004813,ORD0020364,1,PROD01572,SELL00234,CUST008684,2018-01-11 20:01:00,1,quality_issue,36.65
RET004814,ORD0022846,1,PROD00337,SELL00037,CUST001470,2017-07-10 18:42:31,1,quality_issue,109.29
RET004815,ORD0020826,1,PROD01926,SELL00039,CUST003917,2018-05-18 04:07:51,1,quality_issue,90.34
RET004816,ORD0018524,1,PROD00093,SELL00057,CUST003753,2017-07-19 14:28:11,1,quality_issue,132.71
RET004817,ORD0017945,1,PROD01138,SELL00391,CUST004176,2018-05-16 13:05:21,2,quality_issue,1138.96
RET004818,ORD0015692,1,PROD01740,SELL00252,CUST000696,2017-11-16 13:05:32,1,quality_issue,113.51
RET004819,ORD0015020,1,PROD01478,SELL00291,CUST004751,2018-03-19 03:46:22,1,quality_issue,271.48
RET004820,ORD0020344,2,PROD00694,SELL00134,CUST009605,2018-10-02 17:16:36,1,quality_issue,53.68
RET004821,ORD0022688,1,PROD01654,SELL00292,CUST002712,2017-08-13 19:33:55,2,quality_issue,611.48
RET004822,ORD0015188,1,PROD00486,SELL00197,CUST009830,2017-10-23 09:42:27,2,quality_issue,64.04
RET004823,ORD0021863,1,PROD00424,SELL00039,CUST000555,2017-02-09 17:34:27,2,quality_issue,88.64
RET004824,ORD0010525,1,PROD00569,SELL00332,CUST002556,2017-02-04 23:29:36,3,quality_issue,165.75
RET004825,ORD0013915,1,PROD01246,SELL00178,CUST004759,2017-06-20 23:07:35,1,quality_issue,63.22
RET004826,ORD0022693,1,PROD00496,SELL00285,CUST007092,2017-05-21 19:07:29,1,quality_issue,244.84
RET004827,ORD0006550,1,PROD00303,SELL00067,CUST000961,2018-02-08 00:50:09,2,quality_issue,114.82
RET004828,ORD0014454,2,PROD00137,SELL00033,CUST001916,2017-11-02 13:07:15,2,quality_issue,157.84
RET004829,ORD0024235,1,PROD00183,SELL00232,CUST009285,2017-05-07 19:23:33,1,quality_issue,56.34
RET004830,ORD0007777,1,PROD01419,SELL00328,CUST006138,2017-07-19 06:08:18,3,quality_issue,120.42
RET004831,ORD0012770,1,PROD01172,SELL00039,CUST000781,2017-12-15 01:00:48,2,quality_issue,497.08
RET004832,ORD0007834,1,PROD01790,SELL00235,CUST000079,2017-12-11 10:06:06,1,quality_issue,81.14
RET004833,ORD0024224,1,PROD01979,SELL00327,CUST001561,2018-04-20 01:43:56,1,quality_issue,90.23
RET004834,ORD0009034,1,PROD01301,SELL00400,CUST004857,2018-02-23 23:31:17,2,quality_issue,115.82
RET004835,ORD0011746,2,PROD00808,SELL00198,CUST005329,2018-02-08 08:00:32,1,quality_issue,59.05
RET004836,ORD0014475,1,PROD00769,SELL00095,CUST004681,2018-11-03 17:57:15,1,quality_issue,390.7
RET004837,ORD0016954,1,PROD01890,SELL00181,CUST006062,2017-10-03 22:18:41,1,quality_issue,281.68
RET004838,ORD0002595,1,PROD00423,SELL00045,CUST008046,2017-11-16 02:04:52,1,quality_issue,222.04
RET004839,ORD0005254,1,PROD00107,SELL00049,CUST002571,2017-06-02 15:49:14,2,quality_issue,160.2
RET004840,ORD0006577,1,PROD01782,SELL00368,CUST009623,2018-08-04 23:22:52,1,quality_issue,101.55
RET004841,ORD0014910,1,PROD01221,SELL00356,CUST004249,2017-08-23 06:12:59,1,quality_issue,22.44
RET004842,ORD0002282,1,PROD01541,SELL00002,CUST001300,2017-07-04 19:22:19,1,quality_issue,48.51
RET004843,ORD0010221,2,PROD01431,SELL00228,CUST008039,2017-11-15 18:58:01,1,quality_issue,108.04
RET004844,ORD0000462,1,PROD01683,SELL00079,CUST002963,2018-07-17 12:49:17,1,quality_issue,76.51
RET004845,ORD0024040,1,PROD00351,SELL00087,CUST007562,2018-01-03 15:56:58,1,quality_issue,38.61
RET004846,ORD0009888,2,PROD00993,SELL00309,CUST005875,2017-06-28 05:00:02,1,quality_issue,73.49
RET004847,ORD0024910,1,PROD00659,SELL00289,CUST003599,2018-02-02 23:45:58,1,quality_issue,57.56
RET004848,ORD0003241,1,PROD00364,SELL00334,CUST005592,2018-02-11 11:06:50,1,quality_issue,305.48
RET004849,ORD0001684,1,PROD01852,SELL00066,CUST001420,2017-03-15 07:41:01,1,quality_issue,196.29
RET004850,ORD0004000,1,PROD00110,SELL00214,CUST004715,2018-03-16 00:29:47,1,quality_issue,43.33
RET004851,ORD0016114,1,PROD01747,SELL00366,CUST009732,2018-06-11 13:39:48,1,quality_issue,128.21
RET004852,ORD0020784,1,PROD00407,SELL00316,CUST005343,2018-09-13 16:05:20,1,quality_issue,32.94
RET004853,ORD0005636,3,PROD00023,SELL00036,CUST009192,2017-08-08 04:12:59,1,quality_issue,78.9
RET004854,ORD0000333,2,PROD00735,SELL00397,CUST004034,2017-09-24 22:03:55,1,quality_issue,44.73
RET004855,ORD0001106,2,PROD00123,SELL00181,CUST003113,2018-06-05 14:47:37,4,quality_issue,506.36
RET004856,ORD0012606,1,PROD01409,SELL00061,CUST006619,2018-05-28 23:32:04,1,quality_issue,29.41
RET004857,ORD0002152,1,PROD00094,SELL00070,CUST006701,2018-03-26 14:55:37,3,quality_issue,303.21
RET004858,ORD0024946,1,PROD00799,SELL00047,CUST008087,2017-06-18 08:19:36,1,quality_issue,42.89
RET004859,ORD0009098,1,PROD01064,SELL00026,CUST004529,2018-07-28 13:21:56,1,quality_issue,209.11
RET004860,ORD0016061,1,PROD01321,SELL00114,CUST001746,2018-07-05 12:09:48,1,quality_issue,27.98
RET004861,ORD0017545,1,PROD00260,SELL00069,CUST005036,2017-07-28 16:29:08,1,quality_issue,273.98
RET004862,ORD0017778,1,PROD00732,SELL00288,CUST006419,2017-08-28 03:37:37,3,quality_issue,405.78
RET004863,ORD0015130,1,PROD01186,SELL00108,CUST003853,2018-08-03 15:45:18,1,quality_issue,165.67
RET004864,ORD0020435,1,PROD00771,SELL00240,CUST004228,2017-09-03 23:36:08,1,quality_issue,39.83
RET004865,ORD0006698,2,PROD00552,SELL00198,CUST005692,2018-08-03 19:48:35,1,quality_issue,15.91
RET004866,ORD0004461,1,PROD01719,SELL00014,CUST007236,2018-02-11 01:15:14,1,quality_issue,154.26
RET004867,ORD0023515,1,PROD00514,SELL00310,CUST003560,2018-03-23 03:14:37,1,quality_issue,78.47
RET004868,ORD0013742,1,PROD00572,SELL00386,CUST003553,2017-01-16 04:58:38,1,quality_issue,106.36
RET004869,ORD0012348,1,PROD00147,SELL00206,CUST008529,2017-10-01 05:14:37,1,quality_issue,208.28
RET004870,ORD0007465,1,PROD01204,SELL00362,CUST001198,2017-11-09 08:36:30,1,quality_issue,200.1
RET004871,ORD0009893,2,PROD01849,SELL00325,CUST002085,2017-04-18 13:59:00,1,quality_issue,58.97
RET004872,ORD0002969,1,PROD00583,SELL00214,CUST003305,2018-10-22 05:47:06,2,quality_issue,160.16
RET004873,ORD0004652,1,PROD00295,SELL00034,CUST005749,2017-06-09 09:44:08,1,quality_issue,87.6
RET004874,ORD0019957,1,PROD01068,SELL00001,CUST004502,2018-02-03 03:12:13,2,quality_issue,168.0
RET004875,ORD0021468,1,PROD00789,SELL00210,CUST009438,2018-11-09 22:38:59,3,quality_issue,140.46
RET004876,ORD0000326,2,PROD00829,SELL00222,CUST000890,2017-07-25 01:33:18,1,quality_issue,226.56
RET004877,ORD0018774,1,PROD00265,SELL00328,CUST003574,2017-10-13 08:54:16,1,quality_issue,53.19
RET004878,ORD0003667,1,PROD01580,SELL00327,CUST003895,2017-12-21 05:56:13,1,quality_issue,330.87
RET004879,ORD0012461,1,PROD00497,SELL00224,CUST008509,2017-08-25 09:17:27,1,quality_issue,62.76
RET004880,ORD0012581,1,PROD01738,SELL00305,CUST009794,2017-11-05 13:48:46,1,quality_issue,48.32
RET004881,ORD0017526,1,PROD00137,SELL00306,CUST003533,2018-03-14 23:12:49,1,quality_issue,78.92
RET004882,ORD0001219,1,PROD01096,SELL00100,CUST001416,2017-04-03 01:01:31,3,quality_issue,231.84
RET004883,ORD0008293,1,PROD00406,SELL00296,CUST008525,2017-09-22 07:24:55,2,quality_issue,830.04
RET004884,ORD0004347,1,PROD00492,SELL00083,CUST007061,2017-02-21 03:19:25,2,quality_issue,302.02
RET004885,ORD0000464,1,PROD01087,SELL00223,CUST008725,2017-09-15 05:47:41,1,quality_issue,79.84
RET004886,ORD0003611,1,PROD01185,SELL00350,CUST003760,2018-10-08 21:57:43,2,quality_issue,236.5
RET004887,ORD0011039,1,PROD00434,SELL00390,CUST003111,2017-07-14 15:06:22,1,quality_issue,47.14
RET004888,ORD0011453,1,PROD00297,SELL00327,CUST008654,2018-10-06 02:43:23,3,quality_issue,84.27
RET004889,ORD0011344,1,PROD00336,SELL00255,CUST002555,2018-01-07 12:03:08,1,quality_issue,30.3
RET004890,ORD0008450,1,PROD01094,SELL00041,CUST006285,2018-08-25 17:34:39,1,quality_issue,213.96
RET004891,ORD0022753,1,PROD00596,SELL00338,CUST003328,2017-08-02 05:12:14,1,quality_issue,56.66
RET004892,ORD0006476,1,PROD01691,SELL00159,CUST004340,2018-10-18 19:27:29,1,quality_issue,48.34
RET004893,ORD0003640,1,PROD00330,SELL00343,CUST009381,2018-02-07 16:37:11,2,quality_issue,70.48
RET004894,ORD0017819,1,PROD00951,SELL00152,CUST004903,2018-01-01 23:18:09,2,quality_issue,225.34
RET004895,ORD0023402,1,PROD01584,SELL00124,CUST002476,2018-01-02 19:44:46,1,quality_issue,137.06
RET004896,ORD0012634,2,PROD01041,SELL00188,CUST009557,2017-05-23 16:36:28,1,quality_issue,16.01
RET004897,ORD0002307,1,PROD01695,SELL00262,CUST008412,2018-05-19 20:53:49,3,quality_issue,279.87
RET004898,ORD0005660,1,PROD01481,SELL00185,CUST001736,2018-09-26 04:12:23,2,quality_issue,250.52
RET004899,ORD0013843,1,PROD01378,SELL00042,CUST002966,2017-03-24 11:46:54,3,quality_issue,1040.88
RET004900,ORD0013643,1,PROD01063,SELL00006,CUST008467,2018-08-04 16:24:11,2,quality_issue,138.94
RET004901,ORD0005757,1,PROD01510,SELL00339,CUST003641,2018-03-29 15:40:04,1,quality_issue,343.2
RET004902,ORD0009292,1,PROD01641,SELL00253,CUST009324,2018-08-07 09:54:07,1,quality_issue,25.72
RET004903,ORD0009170,1,PROD00036,SELL00350,CUST007326,2017-06-16 17:58:10,5,quality_issue,1499.15
RET004904,ORD0022731,1,PROD00409,SELL00277,CUST007514,2017-11-27 13:01:31,2,quality_issue,91.6
RET004905,ORD0016367,4,PROD01541,SELL00026,CUST005617,2018-02-25 20:41:34,2,quality_issue,97.02
RET004906,ORD0008148,1,PROD01965,SELL00395,CUST009929,2017-01-24 18:06:25,3,quality_issue,577.68
RET004907,ORD0019069,1,PROD00074,SELL00114,CUST000848,2017-06-03 17:15:34,2,quality_issue,167.72
RET004908,ORD0020222,1,PROD01283,SELL00077,CUST008481,2017-03-15 11:48:13,4,quality_issue,311.36
RET004909,ORD0023931,2,PROD01748,SELL00196,CUST007160,2017-05-24 14:33:21,1,quality_issue,65.0
RET004910,ORD0022602,1,PROD01948,SELL00034,CUST002522,2017-03-31 16:37:13,1,quality_issue,67.22
RET004911,ORD0017006,1,PROD01592,SELL00382,CUST006871,2018-07-06 16:47:06,1,quality_issue,134.8
RET004912,ORD0020107,1,PROD00567,SELL00385,CUST000174,2018-08-28 04:34:10,1,quality_issue,33.02
RET004913,ORD0009538,1,PROD00193,SELL00137,CUST004356,2017-02-27 23:21:20,2,quality_issue,138.44
RET004914,ORD0009194,2,PROD00521,SELL00045,CUST002080,2017-02-19 22:23:59,2,quality_issue,127.82
RET004915,ORD0024169,1,PROD00545,SELL00358,CUST007872,2018-05-06 09:06:35,1,quality_issue,63.46
RET004916,ORD0019249,1,PROD01894,SELL00023,CUST006471,2017-03-26 18:17:58,1,quality_issue,61.91
RET004917,ORD0021826,1,PROD01006,SELL00315,CUST008481,2017-03-05 15:16:37,4,quality_issue,210.84
RET004918,ORD0010748,1,PROD01093,SELL00350,CUST009815,2017-05-10 23:39:59,1,quality_issue,54.11
RET004919,ORD0010340,1,PROD00818,SELL00292,CUST002061,2018-06-11 22:06:46,5,quality_issue,1255.95
RET004920,ORD0001015,1,PROD01755,SELL00309,CUST001087,2017-06-09 04:36:09,2,quality_issue,70.28
RET004921,ORD0001948,1,PROD01534,SELL00297,CUST004880,2018-05-15 12:11:57,1,quality_issue,28.34
RET004922,ORD0016587,1,PROD01209,SELL00011,CUST008418,2017-03-22 06:01:04,1,quality_issue,72.95
RET004923,ORD0022883,1,PROD01986,SELL00271,CUST009192,2018-02-16 05:02:50,1,quality_issue,53.67
RET004924,ORD0020206,1,PROD00669,SELL00270,CUST003260,2018-09-16 19:24:18,2,quality_issue,461.68
RET004925,ORD0013658,2,PROD01372,SELL00388,CUST002515,2017-05-11 02:30:04,1,quality_issue,28.81
RET004926,ORD0019108,1,PROD00524,SELL00305,CUST000593,2018-08-20 09:32:55,2,quality_issue,89.2
RET004927,ORD0011549,1,PROD00040,SELL00329,CUST009832,2017-03-08 11:52:47,2,quality_issue,1104.04
RET004928,ORD0018817,1,PROD00097,SELL00350,CUST009843,2017-05-22 14:06:09,1,quality_issue,51.14
RET004929,ORD0022682,1,PROD00608,SELL00286,CUST006348,2017-11-07 02:30:36,1,quality_issue,118.84
RET004930,ORD0018185,1,PROD01085,SELL00042,CUST006054,2018-10-29 20:22:46,1,quality_issue,86.96
RET004931,ORD0009198,1,PROD01748,SELL00293,CUST006094,2017-09-22 22:54:03,1,quality_issue,65.0
RET004932,ORD0005896,1,PROD01429,SELL00015,CUST000113,2018-10-12 08:05:48,1,quality_issue,81.2
RET004933,ORD0022197,1,PROD00576,SELL00043,CUST003408,2018-08-01 14:35:48,2,quality_issue,79.3
RET004934,ORD0018472,1,PROD01885,SELL00182,CUST008654,2017-02-03 11:48:59,2,quality_issue,82.52
RET004935,ORD0017626,1,PROD00543,SELL00265,CUST004147,2017-12-28 20:07:52,1,quality_issue,151.56
RET004936,ORD0014967,1,PROD01545,SELL00310,CUST005248,2017-03-26 20:23:06,1,quality_issue,76.64
RET004937,ORD0011500,1,PROD01685,SELL00178,CUST007720,2017-04-06 08:56:00,1,quality_issue,23.14
RET004938,ORD0004407,1,PROD00171,SELL00366,CUST000178,2018-07-14 05:13:41,1,quality_issue,39.48
RET004939,ORD0024973,1,PROD00251,SELL00228,CUST007782,2017-11-25 15:51:59,1,quality_issue,97.11
RET004940,ORD0006149,1,PROD01562,SELL00036,CUST008511,2018-04-24 12:01:12,3,quality_issue,586.59
RET004941,ORD0016262,1,PROD00639,SELL00127,CUST004954,2017-10-26 05:45:35,1,quality_issue,157.31
RET004942,ORD0019443,1,PROD01834,SELL00179,CUST002274,2017-11-30 00:52:00,1,quality_issue,342.78
RET004943,ORD0014058,1,PROD01551,SELL00146,CUST009703,2017-08-19 23:36:16,1,quality_issue,26.33
RET004944,ORD0012857,1,PROD01420,SELL00065,CUST005382,2018-09-01 12:33:19,1,quality_issue,73.23
RET004945,ORD0016560,1,PROD01281,SELL00204,CUST001840,2017-08-04 17:50:37,2,quality_issue,170.04
RET004946,ORD0009091,1,PROD01067,SELL00248,CUST009556,2017-07-05 22:40:42,1,quality_issue,37.83
RET004947,ORD0016570,1,PROD01341,SELL00255,CUST009351,2017-07-04 07:13:54,1,quality_issue,71.71
RET004948,ORD0005509,1,PROD01845,SELL00320,CUST003000,2017-06-27 14:34:04,1,quality_issue,15.37
RET004949,ORD0023121,1,PROD00172,SELL00199,CUST003961,2018-08-09 13:16:58,1,quality_issue,147.61
RET004950,ORD0003093,1,PROD01765,SELL00063,CUST004453,2017-02-17 03:38:09,1,quality_issue,455.67
RET004951,ORD0020141,1,PROD00084,SELL00358,CUST001641,2017-07-17 16:31:22,1,quality_issue,223.06
RET004952,ORD0007692,1,PROD01493,SELL00142,CUST002528,2018-03-20 10:08:53,2,quality_issue,50.08
RET004953,ORD0000094,1,PROD00929,SELL00205,CUST009034,2017-08-27 21:45:30,4,quality_issue,682.4
RET004954,ORD0021186,1,PROD01845,SELL00389,CUST008013,2017-03-13 05:12:03,3,quality_issue,46.11
RET004955,ORD0006878,2,PROD00971,SELL00310,CUST001116,2018-09-27 14:48:45,2,quality_issue,410.16
RET004956,ORD0018650,1,PROD01872,SELL00035,CUST009359,2018-01-23 02:56:28,1,quality_issue,93.94
RET004957,ORD0001872,1,PROD01899,SELL00268,CUST005221,2018-05-03 15:41:36,1,quality_issue,64.63
RET004958,ORD0023905,1,PROD00817,SELL00343,CUST001049,2017-08-01 20:17:46,1,quality_issue,20.88
RET004959,ORD0005096,2,PROD01975,SELL00270,CUST001226,2017-08-02 15:49:20,3,quality_issue,150.96
RET004960,ORD0002566,1,PROD00907,SELL00278,CUST009382,2017-02-26 15:23:43,1,quality_issue,251.98
RET004961,ORD0022405,1,PROD00146,SELL00099,CUST001051,2017-05-16 07:07:57,1,quality_issue,391.22
RET004962,ORD0004314,1,PROD00733,SELL00226,CUST002899,2018-01-01 20:34:07,1,quality_issue,69.61
RET004963,ORD0023783,1,PROD00240,SELL00171,CUST009404,2018-10-18 08:10:03,3,quality_issue,202.02
RET004964,ORD0005029,1,PROD01890,SELL00358,CUST002419,2017-09-18 12:44:49,3,quality_issue,845.04
RET004965,ORD0008263,1,PROD01264,SELL00285,CUST000473,2017-10-28 06:43:38,1,quality_issue,20.27
RET004966,ORD0008096,1,PROD00396,SELL00280,CUST007503,2018-09-27 08:05:42,1,quality_issue,94.92
RET004967,ORD0022224,1,PROD00309,SELL00248,CUST000853,2017-12-18 00:08:40,1,quality_issue,21.4
RET004968,ORD0008237,1,PROD00768,SELL00269,CUST001586,2018-10-22 19:27:24,1,quality_issue,97.89
RET004969,ORD0011118,2,PROD01332,SELL00171,CUST009560,2018-10-25 14:13:52,1,quality_issue,45.6
RET004970,ORD0024406,2,PROD00360,SELL00135,CUST000654,2018-08-11 12:00:19,1,quality_issue,120.65
RET004971,ORD0020414,1,PROD01669,SELL00312,CUST001467,2018-02-19 17:17:18,1,quality_issue,78.05
RET004972,ORD0000782,1,PROD01519,SELL00244,CUST005386,2017-04-16 23:34:07,2,quality_issue,432.12
RET004973,ORD0017556,1,PROD00858,SELL00373,CUST008622,2018-09-19 18:49:12,2,quality_issue,250.62
RET004974,ORD0009313,2,PROD01647,SELL00262,CUST006701,2017-11-26 17:50:31,1,quality_issue,43.95
RET004975,ORD0023469,1,PROD01899,SELL00267,CUST007667,2018-02-20 09:52:50,1,quality_issue,64.63
RET004976,ORD0008599,2,PROD01297,SELL00385,CUST007352,2017-02-19 12:09:12,1,quality_issue,52.22
RET004977,ORD0022112,1,PROD01705,SELL00089,CUST004873,2018-10-05 06:28:46,1,quality_issue,56.47
RET004978,ORD0010403,1,PROD01943,SELL00222,CUST009987,2018-02-16 18:09:29,1,quality_issue,15.59
RET004979,ORD0023957,1,PROD00978,SELL00343,CUST003725,2017-06-06 09:40:54,5,quality_issue,105.35
RET004980,ORD0007207,1,PROD01084,SELL00003,CUST009837,2018-01-21 02:33:27,1,quality_issue,17.96
RET004981,ORD0010946,1,PROD00224,SELL00005,CUST003378,2018-10-07 15:11:43,2,quality_issue,449.22
RET004982,ORD0014374,1,PROD01217,SELL00010,CUST000022,2018-09-24 02:57:22,2,quality_issue,119.98
RET004983,ORD0017599,1,PROD00217,SELL00035,CUST009417,2018-04-14 16:59:09,1,quality_issue,108.36
RET004984,ORD0015263,1,PROD00848,SELL00227,CUST001352,2018-07-24 09:07:20,1,quality_issue,26.41
RET004985,ORD0015421,1,PROD01683,SELL00108,CUST007361,2018-05-24 07:14:07,1,quality_issue,76.51
RET004986,ORD0014465,1,PROD01233,SELL00301,CUST007914,2017-07-07 08:32:24,1,quality_issue,161.52
RET004987,ORD0002422,4,PROD00128,SELL00289,CUST002916,2017-10-07 21:30:29,1,quality_issue,241.24
RET004988,ORD0015439,2,PROD01409,SELL00365,CUST003748,2017-10-12 18:29:08,1,quality_issue,29.41
RET004989,ORD0017839,1,PROD00038,SELL00195,CUST009748,2018-10-12 21:04:53,2,quality_issue,103.1
RET004990,ORD0017702,2,PROD00624,SELL00335,CUST009145,2018-04-10 03:24:24,1,quality_issue,194.21
RET004991,ORD0002748,1,PROD01562,SELL00378,CUST005857,2017-05-15 21:50:33,2,wrong_item,391.06
RET004992,ORD0015756,1,PROD00579,SELL00277,CUST009835,2017-05-15 12:23:38,1,wrong_item,173.3
RET004993,ORD0019122,1,PROD00855,SELL00169,CUST007078,2018-04-21 11:17:39,1,wrong_item,96.03
RET004994,ORD0008978,2,PROD00107,SELL00237,CUST000590,2017-06-27 00:15:59,3,wrong_item,240.3
RET004995,ORD0022747,1,PROD01934,SELL00018,CUST006088,2018-01-16 07:18:10,1,wrong_item,133.85
RET004996,ORD0013373,1,PROD01054,SELL00029,CUST006438,2017-02-13 13:01:27,3,wrong_item,330.75
RET004997,ORD0000018,1,PROD01891,SELL00039,CUST008787,2018-05-03 16:26:13,2,wrong_item,290.16
RET004998,ORD0007529,3,PROD01290,SELL00329,CUST009087,2018-02-17 23:32:46,2,wrong_item,363.9
RET004999,ORD0023509,1,PROD00952,SELL00054,CUST005661,2017-07-05 06:25:30,2,wrong_item,162.02
RET005000,ORD0017491,2,PROD00630,SELL00031,CUST005609,2017-03-18 21:13:17,2,wrong_item,71.34
