customer_id,customer_segment,acquisition_channel,sales_rep_id,first_contact_date,last_contact_date
CUST000001,Loyal,Marketplace,REP026,2017-01-01 12:05:39,2018-08-08 22:02:32
CUST000002,Regular,Email,REP009,2018-04-01 06:46:29,2018-06-22 17:50:36
CUST000003,Loyal,Social,REP006,2017-03-08 15:24:40,2018-09-21 16:06:23
CUST000004,Regular,Social,REP009,2017-02-05 10:21:27,2018-06-27 02:06:57
CUST000005,Loyal,Email,REP010,2017-02-01 22:32:49,2018-09-10 02:53:20
CUST000006,Regular,Social,REP018,2017-11-06 19:45:51,2018-07-30 18:23:06
CUST000007,Loyal,Referral,REP025,2017-04-28 20:42:40,2018-08-26 01:21:54
CUST000008,Regular,Paid Search,REP019,2017-01-06 13:17:01,2017-09-08 18:49:03
CUST000009,Inactive,Referral,REP015,2017-06-27 13:45:48,2017-06-27 13:45:48
CUST000010,Regular,Paid Search,REP005,2017-05-09 12:46:10,2018-02-27 13:06:38
CUST000011,Regular,Marketplace,REP013,2018-01-02 19:02:24,2018-01-21 22:01:16
CUST000012,Regular,Marketplace,REP025,2017-08-21 18:21:23,2018-05-02 23:19:07
CUST000013,Loyal,Social,REP030,2017-03-14 01:14:59,2018-06-12 16:12:59
CUST000014,Loyal,Organic,REP019,2017-02-24 15:11:59,2017-10-13 06:58:23
CUST000015,Regular,Organic,REP022,2017-12-18 07:59:29,2018-06-17 05:58:41
CUST000016,Inactive,Marketplace,REP007,2017-11-13 20:24:07,2017-11-13 20:24:07
CUST000017,Loyal,Paid Search,REP006,2017-01-07 18:42:37,2018-04-21 22:36:00
CUST000018,Inactive,Referral,REP018,2017-02-05 15:01:51,2017-02-05 15:01:51
CUST000019,Loyal,Paid Search,REP030,2017-04-04 05:00:13,2018-07-10 16:49:12
CUST000020,VIP,Social,REP019,2017-01-15 06:52:41,2018-01-14 15:11:21
CUST000021,Loyal,Social,REP024,2017-03-02 19:44:20,2018-03-31 12:52:42
CUST000022,Regular,Marketplace,REP023,2017-07-23 03:10:27,2018-08-24 09:41:22
CUST000023,Inactive,Paid Search,REP003,2017-03-14 14:00:46,2017-03-14 14:00:46
CUST000024,Regular,Social,REP004,2017-09-18 13:36:36,2018-06-15 05:46:53
CUST000025,Loyal,Social,REP018,2017-04-16 21:09:55,2017-11-02 04:54:32
CUST000026,Loyal,Paid Search,REP005,2017-03-10 05:26:46,2017-09-29 22:58:47
CUST000027,Regular,Social,REP001,2017-04-24 19:11:07,2017-06-15 00:17:29
CUST000028,Regular,Email,REP016,2018-06-29 14:10:23,2018-07-23 01:06:55
CUST000029,Regular,Referral,REP001,2018-02-12 17:15:53,2018-08-26 19:37:14
CUST000030,Regular,Paid Search,REP014,2018-07-15 20:52:53,2018-09-28 07:06:21
CUST000031,Inactive,Organic,REP030,2017-03-05 00:00:00,2017-03-05 00:00:00
CUST000032,Loyal,Referral,REP021,2017-01-10 20:23:28,2018-09-23 10:12:21
CUST000033,Loyal,Paid Search,REP028,2017-07-31 13:05:45,2018-06-25 16:14:04
CUST000034,Loyal,Referral,REP014,2017-02-23 09:17:20,2018-09-30 14:55:44
CUST000035,Inactive,Referral,REP010,2018-01-21 00:00:00,2018-01-21 00:00:00
CUST000036,Regular,Marketplace,REP024,2017-04-08 13:39:51,2018-02-04 09:39:20
CUST000037,Loyal,Paid Search,REP001,2017-02-09 17:41:01,2018-08-16 04:06:54
CUST000038,Loyal,Social,REP005,2017-01-16 23:57:37,2018-09-18 22:49:43
CUST000039,New,Marketplace,REP025,2018-05-22 18:42:05,2018-05-22 18:42:05
CUST000040,Loyal,Email,REP028,2017-03-10 17:02:22,2018-07-21 18:38:08
CUST000041,Inactive,Organic,REP030,2017-12-11 00:00:00,2017-12-11 00:00:00
CUST000042,Regular,Organic,REP001,2017-09-07 13:16:52,2018-03-27 10:44:27
CUST000043,Inactive,Organic,REP006,2017-03-11 03:21:39,2017-03-11 03:21:39
CUST000044,Inactive,Email,REP012,2018-02-13 03:46:39,2018-02-13 03:46:39
CUST000045,Loyal,Organic,REP014,2017-02-02 06:12:58,2018-09-21 03:57:13
CUST000046,Loyal,Social,REP008,2017-03-16 20:46:59,2018-03-09 16:08:32
CUST000047,Regular,Referral,REP027,2018-02-15 16:48:39,2018-07-03 10:53:44
CUST000048,Regular,Organic,REP030,2017-01-16 11:37:20,2017-02-25 01:12:36
CUST000049,Inactive,Referral,REP020,2017-03-18 23:03:17,2017-03-18 23:03:17
CUST000050,Loyal,Referral,REP009,2017-04-06 11:29:39,2018-01-04 05:39:29
CUST000051,Loyal,Organic,REP030,2017-02-17 03:22:50,2018-09-28 07:46:50
CUST000052,Loyal,Organic,REP005,2017-08-27 06:45:45,2018-08-05 00:34:34
CUST000053,Loyal,Email,REP026,2017-11-15 09:58:02,2018-09-02 12:20:20
CUST000054,Inactive,Organic,REP012,2017-08-07 00:00:00,2017-08-07 00:00:00
CUST000055,Regular,Social,REP004,2017-11-04 09:30:08,2018-01-05 04:33:15
CUST000056,Loyal,Organic,REP028,2017-02-07 21:43:36,2017-08-28 15:57:10
CUST000057,Loyal,Marketplace,REP003,2017-02-07 21:14:51,2018-09-06 19:48:04
CUST000058,Loyal,Email,REP020,2017-01-15 08:55:54,2018-06-22 01:12:54
CUST000059,Regular,Referral,REP029,2017-01-04 01:09:16,2018-02-05 11:35:53
CUST000060,Loyal,Marketplace,REP024,2017-01-18 04:14:52,2018-09-02 00:44:11
CUST000061,Regular,Email,REP004,2017-04-22 04:06:03,2017-04-24 03:16:33
CUST000062,Regular,Social,REP005,2017-05-12 01:41:33,2018-02-07 18:50:58
CUST000063,Inactive,Referral,REP028,2017-07-14 04:04:04,2017-07-14 04:04:04
CUST000064,Inactive,Paid Search,REP002,2017-09-16 17:13:48,2017-09-16 17:13:48
CUST000065,VIP,Referral,REP005,2017-04-01 03:51:47,2018-09-08 04:07:14
CUST000066,Regular,Email,REP030,2018-04-03 23:00:24,2018-05-09 18:59:36
CUST000067,Loyal,Social,REP009,2017-01-30 18:12:37,2018-06-24 23:58:41
CUST000068,Loyal,Social,REP006,2017-05-04 23:03:51,2018-08-01 07:48:04
CUST000069,Loyal,Social,REP022,2017-05-01 04:23:42,2018-06-10 17:30:43
CUST000070,Loyal,Marketplace,REP026,2017-02-06 17:48:04,2017-08-04 13:13:05
CUST000071,Regular,Paid Search,REP004,2017-01-27 17:29:32,2017-05-30 20:06:02
CUST000072,Loyal,Marketplace,REP010,2017-03-15 04:10:40,2018-06-19 14:28:51
CUST000073,Regular,Email,REP023,2017-11-20 08:53:38,2018-07-11 10:17:51
CUST000074,Loyal,Marketplace,REP013,2017-07-04 15:59:57,2017-11-26 04:16:55
CUST000075,Loyal,Referral,REP013,2017-02-12 03:19:20,2017-12-04 22:09:02
CUST000076,Inactive,Email,REP009,2018-02-19 05:44:45,2018-02-19 05:44:45
CUST000077,Loyal,Organic,REP022,2017-01-30 06:01:09,2017-12-18 09:04:45
CUST000078,Loyal,Social,REP004,2017-04-10 22:37:51,2018-07-18 08:36:14
CUST000079,Loyal,Email,REP001,2017-08-10 05:33:29,2018-06-13 07:22:23
CUST000080,Inactive,Email,REP009,2017-09-19 19:57:19,2017-09-19 19:57:19
CUST000081,Loyal,Referral,REP017,2017-10-29 06:21:12,2018-06-11 08:59:10
CUST000082,Loyal,Social,REP004,2017-04-17 19:16:59,2017-12-23 01:02:56
CUST000083,Regular,Social,REP012,2017-07-09 04:36:39,2018-02-21 07:32:29
CUST000084,Loyal,Email,REP026,2017-10-18 14:27:26,2018-07-30 17:08:57
CUST000085,Inactive,Social,REP019,2017-06-01 20:21:59,2017-06-01 20:21:59
CUST000086,VIP,Social,REP025,2017-01-20 10:11:46,2018-04-10 12:20:30
CUST000087,Inactive,Social,REP005,2018-02-08 17:11:47,2018-02-08 17:11:47
CUST000088,Inactive,Referral,REP006,2017-07-21 13:04:41,2017-07-21 13:04:41
CUST000089,Inactive,Email,REP022,2017-05-15 00:00:00,2017-05-15 00:00:00
CUST000090,Loyal,Organic,REP019,2017-04-18 06:43:43,2018-07-12 17:18:30
CUST000091,Loyal,Email,REP025,2017-04-20 15:28:44,2018-08-06 22:05:18
CUST000092,Loyal,Email,REP027,2017-02-12 02:01:23,2018-04-07 09:29:01
CUST000093,Loyal,Organic,REP015,2017-01-11 12:05:38,2018-03-10 18:48:46
CUST000094,Loyal,Marketplace,REP012,2017-03-04 15:03:37,2018-07-19 09:59:09
CUST000095,Regular,Marketplace,REP010,2017-07-04 18:28:58,2017-11-18 23:29:31
CUST000096,Loyal,Email,REP015,2017-01-15 20:11:13,2018-08-08 05:43:33
CUST000097,Loyal,Social,REP024,2017-01-26 03:12:29,2018-08-19 07:25:10
CUST000098,Regular,Email,REP012,2017-02-16 00:51:02,2017-06-23 15:54:30
CUST000099,New,Organic,REP017,2018-07-30 17:40:35,2018-07-30 17:40:35
CUST000100,Loyal,Organic,REP006,2017-07-09 10:12:47,2018-09-23 10:58:57
CUST000101,Inactive,Paid Search,REP016,2017-11-14 00:00:00,2017-11-14 00:00:00
CUST000102,Regular,Paid Search,REP025,2017-12-22 18:40:34,2018-04-12 11:26:52
CUST000103,Loyal,Email,REP023,2017-02-10 01:33:39,2018-08-05 19:17:10
CUST000104,VIP,Paid Search,REP012,2017-08-04 12:52:08,2018-07-26 05:17:44
CUST000105,Regular,Referral,REP004,2017-02-19 09:06:36,2017-02-25 00:55:15
CUST000106,Regular,Paid Search,REP022,2017-06-14 03:55:17,2017-10-05 06:41:50
CUST000107,Loyal,Organic,REP003,2017-12-24 16:35:20,2018-04-07 10:30:30
CUST000108,Loyal,Referral,REP015,2017-01-28 09:54:21,2018-09-08 23:22:13
CUST000109,Regular,Email,REP016,2017-03-19 18:51:13,2018-09-15 11:21:06
CUST000110,Inactive,Social,REP003,2018-03-20 10:14:29,2018-03-20 10:14:29
CUST000111,Loyal,Referral,REP018,2017-01-27 15:25:13,2018-05-24 09:56:17
CUST000112,Regular,Paid Search,REP018,2017-12-17 09:41:11,2018-08-22 23:37:09
CUST000113,VIP,Email,REP002,2017-05-30 12:27:14,2018-09-16 02:28:48
CUST000114,Loyal,Email,REP007,2018-01-04 08:14:16,2018-06-10 14:04:47
CUST000115,Loyal,Email,REP015,2017-01-08 08:05:22,2018-08-09 01:36:28
CUST000116,Inactive,Organic,REP002,2017-10-19 13:35:58,2017-10-19 13:35:58
CUST000117,Inactive,Email,REP021,2017-12-08 19:49:35,2017-12-08 19:49:35
CUST000118,Inactive,Social,REP019,2017-01-27 00:00:00,2017-01-27 00:00:00
CUST000119,Loyal,Referral,REP021,2017-03-04 09:24:18,2017-07-28 18:02:49
CUST000120,Loyal,Social,REP010,2017-10-02 10:10:34,2018-05-26 21:24:21
CUST000121,Loyal,Email,REP026,2017-05-24 05:13:14,2018-09-08 19:04:49
CUST000122,Regular,Marketplace,REP022,2017-10-27 21:48:58,2018-06-19 18:29:06
CUST000123,Regular,Email,REP004,2017-08-22 08:57:16,2017-10-20 19:08:40
CUST000124,Loyal,Social,REP009,2017-08-18 06:45:00,2018-09-13 18:32:43
CUST000125,New,Email,REP007,2018-04-21 09:10:02,2018-04-21 09:10:02
CUST000126,Regular,Organic,REP017,2017-01-29 08:17:11,2017-03-03 09:48:33
CUST000127,New,Organic,REP009,2018-06-15 01:12:14,2018-06-15 01:12:14
CUST000128,Loyal,Email,REP003,2017-02-06 11:28:08,2018-08-25 01:00:05
CUST000129,Regular,Marketplace,REP007,2017-04-07 15:34:51,2017-11-04 22:26:54
CUST000130,Loyal,Email,REP028,2017-02-25 22:36:27,2018-05-29 22:22:51
CUST000131,Loyal,Paid Search,REP006,2017-01-20 00:07:42,2018-04-13 08:08:48
CUST000132,Regular,Social,REP023,2017-05-26 09:57:41,2017-06-21 11:56:29
CUST000133,Regular,Organic,REP003,2017-09-08 20:40:04,2017-10-06 20:58:21
CUST000134,Inactive,Social,REP002,2017-11-15 09:55:02,2017-11-15 09:55:02
CUST000135,Loyal,Email,REP015,2017-04-12 04:54:11,2018-09-29 22:03:36
CUST000136,Regular,Email,REP018,2017-05-28 18:58:04,2017-11-02 15:36:02
CUST000137,Loyal,Marketplace,REP014,2017-10-17 11:55:01,2018-05-26 05:21:24
CUST000138,Regular,Referral,REP019,2017-02-06 07:54:14,2017-11-23 09:30:19
CUST000139,Loyal,Paid Search,REP003,2017-01-16 03:20:14,2018-01-01 10:16:55
CUST000140,Loyal,Organic,REP009,2017-09-21 22:42:50,2018-03-03 15:11:04
CUST000141,Inactive,Social,REP006,2017-05-31 00:00:00,2017-05-31 00:00:00
CUST000142,New,Email,REP018,2018-09-18 00:32:07,2018-09-18 00:32:07
CUST000143,Inactive,Social,REP021,2017-12-10 23:18:21,2017-12-10 23:18:21
CUST000144,Inactive,Marketplace,REP024,2017-10-16 06:39:26,2017-10-16 06:39:26
CUST000145,Regular,Marketplace,REP022,2017-04-29 11:55:59,2017-11-18 06:59:06
CUST000146,Loyal,Marketplace,REP015,2017-08-10 08:48:48,2018-08-13 12:48:01
CUST000147,New,Paid Search,REP026,2018-07-27 15:41:13,2018-07-27 15:41:13
CUST000148,Loyal,Marketplace,REP020,2017-03-23 11:37:23,2018-06-09 23:58:38
CUST000149,New,Referral,REP001,2018-08-29 00:00:00,2018-08-29 00:00:00
CUST000150,Regular,Email,REP012,2017-01-01 11:03:38,2018-07-13 20:44:24
CUST000151,Loyal,Paid Search,REP004,2017-01-08 02:12:06,2017-12-05 01:06:25
CUST000152,Loyal,Paid Search,REP011,2017-06-24 23:51:29,2018-08-16 10:54:52
CUST000153,VIP,Email,REP019,2017-01-09 12:30:32,2018-09-18 13:19:59
CUST000154,Loyal,Organic,REP015,2017-04-27 19:28:59,2018-09-19 15:27:19
CUST000155,Loyal,Email,REP010,2017-04-26 10:55:48,2018-09-10 14:57:03
CUST000156,Inactive,Social,REP023,2017-01-04 15:30:43,2017-01-04 15:30:43
CUST000157,Regular,Social,REP018,2017-02-20 00:40:39,2018-09-05 00:13:09
CUST000158,Loyal,Social,REP009,2017-01-01 18:25:52,2018-04-28 08:59:41
CUST000159,Regular,Paid Search,REP019,2017-01-14 12:25:13,2017-12-28 14:57:35
CUST000160,Loyal,Marketplace,REP025,2017-07-03 16:19:52,2018-09-01 12:49:16
CUST000161,Inactive,Social,REP008,2017-07-18 00:00:00,2017-07-18 00:00:00
CUST000162,Inactive,Social,REP018,2017-04-13 00:00:00,2017-04-13 00:00:00
CUST000163,Loyal,Organic,REP005,2017-03-05 22:23:01,2018-06-14 02:32:00
CUST000164,Loyal,Social,REP027,2017-03-19 10:27:39,2018-06-26 08:38:36
CUST000165,Regular,Email,REP005,2017-08-21 15:02:21,2017-09-19 16:49:46
CUST000166,Inactive,Social,REP029,2017-11-14 00:00:00,2017-11-14 00:00:00
CUST000167,Inactive,Email,REP020,2017-01-18 06:47:20,2017-01-18 06:47:20
CUST000168,Inactive,Marketplace,REP001,2017-07-09 23:25:42,2017-07-09 23:25:42
CUST000169,Inactive,Social,REP030,2017-01-01 10:02:49,2017-01-01 10:02:49
CUST000170,Loyal,Email,REP003,2017-07-22 12:14:30,2018-07-28 16:54:51
CUST000171,New,Paid Search,REP009,2018-08-23 09:52:07,2018-08-23 09:52:07
CUST000172,Loyal,Organic,REP009,2017-01-13 09:02:03,2018-02-27 19:28:51
CUST000173,Regular,Marketplace,REP013,2017-06-20 23:20:17,2017-10-01 20:13:07
CUST000174,Loyal,Paid Search,REP006,2017-04-25 11:05:44,2018-07-26 11:37:10
CUST000175,Loyal,Email,REP028,2017-08-31 15:21:21,2018-04-25 20:29:08
CUST000176,Loyal,Social,REP028,2017-10-15 13:49:29,2018-04-08 04:54:07
CUST000177,Regular,Social,REP008,2018-02-20 01:43:59,2018-03-24 14:28:05
CUST000178,VIP,Email,REP029,2017-01-31 01:05:36,2018-06-02 22:05:41
CUST000179,Loyal,Marketplace,REP006,2017-04-11 01:20:35,2018-08-27 09:04:07
CUST000180,Loyal,Paid Search,REP022,2017-03-27 05:08:33,2017-11-27 22:10:36
CUST000181,Loyal,Marketplace,REP016,2017-02-05 09:47:51,2017-12-13 22:59:10
CUST000182,Regular,Organic,REP003,2018-01-29 15:10:50,2018-04-28 13:23:12
CUST000183,Regular,Organic,REP029,2017-04-15 18:43:22,2017-08-17 12:57:25
CUST000184,Loyal,Marketplace,REP013,2017-09-10 06:45:34,2018-01-11 20:50:28
CUST000185,Regular,Organic,REP018,2017-08-20 10:26:39,2018-06-04 20:50:16
CUST000186,Inactive,Paid Search,REP022,2017-07-18 18:01:48,2017-07-18 18:01:48
CUST000187,Inactive,Organic,REP028,2017-11-05 00:00:00,2017-11-05 00:00:00
CUST000188,Inactive,Email,REP028,2017-06-21 01:38:24,2017-06-21 01:38:24
CUST000189,Inactive,Paid Search,REP020,2017-11-30 21:04:24,2017-11-30 21:04:24
CUST000190,Regular,Organic,REP007,2017-04-16 10:38:55,2017-05-01 12:28:43
CUST000191,Regular,Referral,REP020,2017-11-09 05:38:27,2018-06-25 15:22:52
CUST000192,Loyal,Marketplace,REP026,2017-01-29 20:07:13,2018-05-17 21:04:21
CUST000193,Loyal,Social,REP018,2017-05-19 12:28:01,2018-09-26 11:09:34
CUST000194,Regular,Organic,REP011,2017-04-25 15:55:15,2017-08-12 10:47:30
CUST000195,Inactive,Paid Search,REP030,2017-04-09 07:10:13,2017-04-09 07:10:13
CUST000196,Loyal,Organic,REP027,2017-06-15 23:14:54,2018-01-05 07:11:11
CUST000197,Loyal,Social,REP021,2017-01-14 23:00:37,2018-06-08 03:24:11
CUST000198,Regular,Social,REP009,2017-01-05 22:25:51,2018-04-19 23:54:59
CUST000199,Loyal,Organic,REP029,2017-06-15 22:56:14,2018-04-30 20:02:14
CUST000200,Loyal,Organic,REP017,2017-02-16 09:45:09,2018-08-15 16:30:33
CUST000201,Regular,Referral,REP007,2017-04-14 07:17:52,2018-04-17 07:51:38
CUST000202,Loyal,Paid Search,REP017,2017-01-21 02:42:56,2018-02-19 22:57:59
CUST000203,New,Paid Search,REP025,2018-06-04 13:06:34,2018-06-04 13:06:34
CUST000204,Loyal,Social,REP027,2017-05-08 14:54:12,2018-08-16 16:05:48
CUST000205,Inactive,Paid Search,REP019,2018-02-02 21:21:45,2018-02-02 21:21:45
CUST000206,Regular,Paid Search,REP029,2017-06-25 22:10:41,2017-12-18 12:24:02
CUST000207,Loyal,Social,REP023,2017-03-11 05:08:38,2018-04-05 12:33:21
CUST000208,Loyal,Paid Search,REP009,2017-03-07 03:03:26,2018-07-03 22:44:25
CUST000209,Loyal,Email,REP010,2017-01-12 23:05:17,2018-06-05 13:11:49
CUST000210,Loyal,Social,REP018,2017-02-08 17:56:12,2018-08-19 08:59:45
CUST000211,Regular,Marketplace,REP026,2017-10-25 18:44:53,2018-09-10 17:59:04
CUST000212,Inactive,Email,REP030,2018-01-23 00:13:43,2018-01-23 00:13:43
CUST000213,Loyal,Paid Search,REP024,2018-02-25 20:05:13,2018-08-31 06:28:44
CUST000214,Loyal,Email,REP021,2017-01-20 14:28:58,2017-08-16 01:41:09
CUST000215,Regular,Email,REP002,2018-03-04 15:23:32,2018-05-26 19:27:02
CUST000216,Regular,Organic,REP012,2017-12-21 22:29:05,2018-06-14 03:32:50
CUST000217,Loyal,Social,REP007,2017-09-02 23:49:12,2018-09-28 11:40:08
CUST000218,Loyal,Referral,REP014,2017-03-29 06:47:26,2018-07-17 07:31:06
CUST000219,Regular,Organic,REP018,2017-07-01 22:50:24,2018-03-26 23:42:38
CUST000220,Inactive,Organic,REP002,2017-10-02 10:50:10,2017-10-02 10:50:10
CUST000221,Loyal,Organic,REP016,2017-03-28 23:04:39,2018-07-16 23:52:46
CUST000222,Loyal,Marketplace,REP001,2017-01-11 00:11:24,2018-08-04 06:31:16
CUST000223,Inactive,Organic,REP030,2017-03-06 00:00:00,2017-03-06 00:00:00
CUST000224,Inactive,Referral,REP029,2017-08-31 01:53:40,2017-08-31 01:53:40
CUST000225,New,Organic,REP007,2018-05-06 01:24:02,2018-05-06 01:24:02
CUST000226,Regular,Social,REP003,2017-08-25 08:49:04,2018-07-19 19:08:34
CUST000227,Regular,Referral,REP021,2018-01-20 01:31:54,2018-04-07 10:34:38
CUST000228,Loyal,Marketplace,REP015,2017-01-08 06:46:25,2018-09-23 14:44:31
CUST000229,Regular,Marketplace,REP019,2017-12-05 12:28:17,2018-04-18 08:49:29
CUST000230,Loyal,Referral,REP011,2017-09-24 07:07:03,2018-03-28 18:57:49
CUST000231,VIP,Email,REP001,2017-01-17 21:23:18,2018-09-21 09:21:15
CUST000232,Loyal,Social,REP019,2018-03-21 21:00:58,2018-09-16 15:11:37
CUST000233,Regular,Email,REP003,2017-04-25 21:59:04,2018-03-16 02:54:03
CUST000234,Loyal,Email,REP008,2017-01-31 04:05:23,2018-04-24 09:36:28
CUST000235,Loyal,Email,REP022,2017-04-15 09:47:35,2018-09-28 01:17:04
CUST000236,Inactive,Email,REP007,2017-04-23 00:00:00,2017-04-23 00:00:00
CUST000237,Inactive,Marketplace,REP012,2017-10-24 06:58:18,2017-10-24 06:58:18
CUST000238,Loyal,Marketplace,REP019,2017-06-17 04:25:24,2018-01-07 09:43:26
CUST000239,Regular,Social,REP002,2017-06-20 17:14:43,2018-05-05 12:14:14
CUST000240,VIP,Social,REP010,2017-01-19 00:05:23,2018-09-02 00:12:48
CUST000241,Loyal,Referral,REP029,2017-01-08 17:26:25,2018-07-23 13:02:53
CUST000242,Regular,Email,REP030,2017-01-20 00:20:50,2017-03-11 04:33:56
CUST000243,Loyal,Marketplace,REP020,2018-05-01 06:58:40,2018-09-20 16:08:19
CUST000244,Loyal,Email,REP004,2017-04-21 20:53:15,2018-09-08 18:11:44
CUST000245,New,Email,REP021,2018-09-16 04:09:42,2018-09-16 04:09:42
CUST000246,Loyal,Organic,REP029,2017-01-22 21:14:40,2018-07-09 08:11:28
CUST000247,Loyal,Marketplace,REP017,2017-09-30 10:56:23,2018-01-12 20:27:02
CUST000248,Inactive,Social,REP026,2017-03-17 20:57:35,2017-03-17 20:57:35
CUST000249,Inactive,Social,REP028,2017-12-23 08:05:16,2017-12-23 08:05:16
CUST000250,Loyal,Referral,REP008,2017-02-14 12:09:04,2018-06-16 07:07:31
CUST000251,Loyal,Email,REP025,2017-09-14 11:45:03,2018-09-08 17:09:54
CUST000252,VIP,Referral,REP007,2017-04-03 08:17:20,2018-05-13 05:07:05
CUST000253,New,Organic,REP022,2018-07-10 01:20:49,2018-07-10 01:20:49
CUST000254,New,Organic,REP024,2018-07-09 07:27:37,2018-07-09 07:27:37
CUST000255,VIP,Social,REP024,2017-04-05 10:24:47,2018-01-25 18:16:31
CUST000256,Regular,Marketplace,REP011,2018-03-02 07:03:08,2018-04-17 10:44:17
CUST000257,Loyal,Email,REP029,2017-01-24 15:29:36,2018-06-17 04:59:14
CUST000258,Loyal,Paid Search,REP015,2017-06-16 23:43:19,2018-09-18 23:58:20
CUST000259,Regular,Marketplace,REP021,2018-01-31 10:50:54,2018-04-09 09:17:35
CUST000260,Regular,Organic,REP004,2017-07-17 15:15:25,2017-09-25 20:15:30
CUST000261,Loyal,Marketplace,REP014,2017-07-06 08:36:22,2018-09-12 07:15:11
CUST000262,Inactive,Marketplace,REP002,2018-01-27 23:19:18,2018-01-27 23:19:18
CUST000263,Inactive,Marketplace,REP029,2018-02-07 23:24:10,2018-02-07 23:24:10
CUST000264,Loyal,Social,REP006,2017-03-11 03:59:16,2018-06-17 08:59:55
CUST000265,Loyal,Marketplace,REP024,2017-06-11 18:37:02,2018-05-17 18:15:57
CUST000266,Loyal,Paid Search,REP004,2017-05-19 11:02:54,2018-08-11 16:54:48
CUST000267,Loyal,Marketplace,REP003,2017-01-15 23:10:25,2018-09-17 06:53:37
CUST000268,Inactive,Paid Search,REP008,2017-12-11 12:41:01,2017-12-11 12:41:01
CUST000269,Inactive,Paid Search,REP014,2017-10-05 00:00:00,2017-10-05 00:00:00
CUST000270,VIP,Paid Search,REP007,2017-02-04 21:12:45,2018-08-05 14:56:04
CUST000271,Inactive,Paid Search,REP024,2017-05-19 10:16:29,2017-05-19 10:16:29
CUST000272,Regular,Marketplace,REP027,2017-01-14 22:53:44,2017-07-06 03:33:01
CUST000273,Inactive,Referral,REP022,2017-11-30 02:49:42,2017-11-30 02:49:42
CUST000274,Loyal,Organic,REP002,2017-05-04 11:28:28,2018-06-06 10:43:08
CUST000275,Loyal,Marketplace,REP023,2017-05-12 00:52:05,2018-03-25 10:33:31
CUST000276,Regular,Social,REP011,2017-03-28 04:26:04,2017-06-26 08:19:51
CUST000277,Regular,Social,REP028,2018-04-14 14:43:09,2018-06-20 06:22:22
CUST000278,Loyal,Referral,REP024,2017-04-30 13:19:29,2018-05-18 00:27:25
CUST000279,Inactive,Social,REP019,2017-04-03 00:00:00,2017-04-03 00:00:00
CUST000280,Inactive,Marketplace,REP029,2018-01-31 06:04:06,2018-01-31 06:04:06
CUST000281,Loyal,Email,REP030,2017-04-04 01:12:21,2018-09-21 23:43:00
CUST000282,Loyal,Organic,REP018,2017-04-19 07:08:10,2018-07-28 22:13:23
CUST000283,Loyal,Referral,REP025,2017-01-04 23:31:42,2018-03-27 00:19:22
CUST000284,Inactive,Social,REP029,2017-03-20 20:08:58,2017-03-20 20:08:58
CUST000285,Loyal,Referral,REP005,2017-03-06 10:52:00,2018-04-08 03:01:31
CUST000286,Regular,Organic,REP010,2017-12-29 12:38:23,2018-03-17 04:22:51
CUST000287,VIP,Email,REP021,2017-04-23 05:10:33,2018-09-26 06:11:11
CUST000288,Loyal,Social,REP017,2017-06-19 23:37:12,2018-08-18 07:22:40
CUST000289,New,Organic,REP028,2018-05-13 14:20:46,2018-05-13 14:20:46
CUST000290,Inactive,Marketplace,REP014,2018-03-20 22:24:26,2018-03-20 22:24:26
CUST000291,Inactive,Email,REP013,2017-01-29 23:10:58,2017-01-29 23:10:58
CUST000292,New,Paid Search,REP004,2018-08-24 00:00:00,2018-08-24 00:00:00
CUST000293,Regular,Referral,REP001,2017-09-08 04:09:03,2018-03-01 08:01:19
CUST000294,Loyal,Referral,REP021,2017-02-13 09:04:13,2018-02-17 19:53:03
CUST000295,Loyal,Referral,REP010,2017-02-13 07:01:28,2018-05-26 22:33:38
CUST000296,VIP,Referral,REP022,2017-02-07 18:23:16,2018-09-15 00:02:11
CUST000297,Loyal,Paid Search,REP003,2017-06-22 21:09:44,2018-05-30 17:28:25
CUST000298,Regular,Paid Search,REP025,2017-04-06 18:20:58,2018-03-11 05:51:10
CUST000299,Loyal,Organic,REP014,2017-05-18 08:49:04,2018-04-22 03:42:18
CUST000300,Loyal,Social,REP001,2017-09-27 11:14:39,2018-06-27 14:57:44
CUST000301,Regular,Organic,REP027,2018-08-26 08:59:02,2018-09-20 15:59:25
CUST000302,Regular,Social,REP017,2017-07-08 18:46:12,2017-12-20 02:03:53
CUST000303,Loyal,Paid Search,REP022,2017-04-26 15:17:55,2018-05-26 14:25:36
CUST000304,Loyal,Paid Search,REP030,2017-03-22 17:13:14,2018-06-30 15:14:33
CUST000305,Loyal,Paid Search,REP019,2017-02-09 00:52:48,2018-01-21 14:48:20
CUST000306,Inactive,Social,REP023,2017-10-12 17:51:45,2017-10-12 17:51:45
CUST000307,Loyal,Referral,REP027,2017-05-01 09:21:50,2018-04-19 12:50:33
CUST000308,Inactive,Social,REP012,2017-09-29 03:21:40,2017-09-29 03:21:40
CUST000309,Inactive,Email,REP011,2017-12-11 21:16:48,2017-12-11 21:16:48
CUST000310,Loyal,Referral,REP030,2017-08-23 17:45:37,2018-09-23 01:33:41
CUST000311,New,Email,REP028,2018-06-30 00:43:36,2018-06-30 00:43:36
CUST000312,Loyal,Paid Search,REP009,2017-07-18 18:48:24,2018-04-28 01:13:22
CUST000313,Loyal,Email,REP016,2017-02-25 16:15:17,2018-07-24 05:05:41
CUST000314,Loyal,Paid Search,REP001,2017-08-08 21:13:01,2017-11-15 13:05:06
CUST000315,Inactive,Email,REP002,2017-03-31 00:00:00,2017-03-31 00:00:00
CUST000316,Loyal,Organic,REP004,2017-01-11 00:22:29,2018-05-21 09:09:43
CUST000317,Loyal,Marketplace,REP011,2017-05-27 14:46:23,2018-05-31 23:31:19
CUST000318,Inactive,Paid Search,REP018,2017-03-15 10:35:29,2017-03-15 10:35:29
CUST000319,Regular,Email,REP025,2017-01-12 06:10:44,2018-03-10 03:06:59
CUST000320,Loyal,Paid Search,REP016,2017-08-27 17:34:54,2018-04-09 08:51:02
CUST000321,Loyal,Marketplace,REP018,2017-02-07 04:47:11,2018-07-06 05:27:55
CUST000322,Regular,Email,REP029,2017-05-09 21:25:36,2018-08-31 03:19:54
CUST000323,Loyal,Marketplace,REP012,2018-06-22 07:30:06,2018-09-21 04:56:13
CUST000324,Loyal,Marketplace,REP006,2017-01-27 10:10:30,2017-07-25 13:24:18
CUST000325,New,Organic,REP006,2018-09-09 00:00:00,2018-09-09 00:00:00
CUST000326,Regular,Email,REP009,2017-04-28 20:01:45,2017-08-28 02:40:51
CUST000327,Inactive,Paid Search,REP008,2018-03-09 00:00:00,2018-03-09 00:00:00
CUST000328,Loyal,Marketplace,REP019,2017-01-08 11:15:50,2018-07-01 08:36:20
CUST000329,Inactive,Email,REP016,2017-08-07 00:00:00,2017-08-07 00:00:00
CUST000330,Regular,Social,REP009,2017-03-28 20:33:49,2017-10-21 21:38:28
CUST000331,Inactive,Paid Search,REP004,2017-01-12 14:27:26,2017-01-12 14:27:26
CUST000332,Loyal,Email,REP007,2017-07-04 14:03:41,2017-12-18 18:06:38
CUST000333,Loyal,Marketplace,REP003,2017-08-08 21:56:24,2018-09-11 17:21:27
CUST000334,Loyal,Social,REP012,2017-05-18 16:50:23,2018-01-29 18:21:45
CUST000335,Loyal,Paid Search,REP027,2017-01-21 01:34:40,2017-11-27 19:33:16
CUST000336,Regular,Organic,REP018,2017-04-16 05:45:36,2018-03-23 03:32:40
CUST000337,Regular,Paid Search,REP020,2017-04-20 22:21:31,2017-09-29 14:40:47
CUST000338,Regular,Email,REP028,2017-06-17 22:59:10,2018-09-28 15:24:01
CUST000339,Loyal,Organic,REP017,2017-04-03 17:24:47,2018-05-31 18:28:03
CUST000340,Inactive,Marketplace,REP020,2017-03-08 00:00:00,2017-03-08 00:00:00
CUST000341,Inactive,Referral,REP001,2017-06-20 00:22:33,2017-06-20 00:22:33
CUST000342,Regular,Email,REP020,2017-01-18 21:02:35,2018-07-12 10:07:51
CUST000343,Loyal,Organic,REP002,2018-01-08 00:53:30,2018-09-26 03:46:20
CUST000344,Regular,Paid Search,REP030,2017-05-05 13:37:04,2018-01-11 08:50:12
CUST000345,Regular,Email,REP017,2018-04-01 19:26:55,2018-08-26 20:10:03
CUST000346,Loyal,Paid Search,REP010,2018-01-15 22:14:24,2018-08-23 18:30:44
CUST000347,Regular,Email,REP009,2017-10-20 00:39:09,2018-06-12 10:19:08
CUST000348,Inactive,Email,REP002,2017-02-15 03:44:36,2017-02-15 03:44:36
CUST000349,Loyal,Paid Search,REP023,2018-01-20 05:33:09,2018-06-16 08:26:46
CUST000350,New,Marketplace,REP014,2018-07-20 01:40:18,2018-07-20 01:40:18
CUST000351,Loyal,Social,REP027,2017-10-02 01:25:02,2018-08-12 12:30:47
CUST000352,Loyal,Email,REP023,2017-06-05 19:32:56,2018-08-23 07:03:05
CUST000353,Regular,Organic,REP006,2018-02-11 23:26:21,2018-09-24 18:52:36
CUST000354,Loyal,Paid Search,REP010,2017-02-11 01:03:10,2018-05-26 01:53:52
CUST000355,VIP,Email,REP002,2017-01-06 11:25:41,2018-01-18 07:56:17
CUST000356,VIP,Social,REP012,2017-03-18 04:06:23,2018-09-16 15:46:28
CUST000357,Loyal,Email,REP028,2017-01-07 15:22:44,2018-09-21 16:03:03
CUST000358,Loyal,Referral,REP030,2018-01-09 21:41:57,2018-06-01 16:27:19
CUST000359,Regular,Referral,REP024,2017-11-25 07:03:32,2018-03-30 10:02:11
CUST000360,Inactive,Social,REP022,2017-10-19 00:00:00,2017-10-19 00:00:00
CUST000361,New,Social,REP022,2018-09-12 09:25:10,2018-09-12 09:25:10
CUST000362,Inactive,Marketplace,REP004,2018-02-24 08:12:54,2018-02-24 08:12:54
CUST000363,Loyal,Social,REP003,2017-05-13 11:18:21,2018-06-01 17:12:51
CUST000364,Regular,Paid Search,REP007,2018-07-25 14:20:48,2018-08-19 15:19:49
CUST000365,Loyal,Paid Search,REP019,2017-02-16 12:14:46,2018-07-27 19:46:04
CUST000366,New,Marketplace,REP013,2018-08-26 04:59:56,2018-08-26 04:59:56
CUST000367,Loyal,Organic,REP009,2017-01-14 21:11:46,2018-03-20 22:27:05
CUST000368,Regular,Email,REP026,2017-02-02 12:27:45,2017-10-18 01:32:03
CUST000369,New,Organic,REP003,2018-05-12 11:12:18,2018-05-12 11:12:18
CUST000370,New,Social,REP013,2018-07-18 16:09:39,2018-07-18 16:09:39
CUST000371,Loyal,Marketplace,REP021,2017-06-03 22:12:12,2018-04-26 23:07:41
CUST000372,Inactive,Marketplace,REP018,2017-09-06 14:51:13,2017-09-06 14:51:13
CUST000373,Loyal,Referral,REP013,2017-06-23 22:42:23,2017-07-04 07:30:54
CUST000374,Inactive,Marketplace,REP022,2017-08-24 00:00:00,2017-08-24 00:00:00
CUST000375,Loyal,Email,REP029,2017-07-31 08:49:35,2018-07-29 07:24:42
CUST000376,Loyal,Organic,REP027,2017-09-25 07:46:46,2018-03-29 07:34:06
CUST000377,Loyal,Organic,REP029,2017-03-08 11:09:49,2018-06-20 11:11:04
CUST000378,Inactive,Organic,REP001,2018-02-16 00:00:00,2018-02-16 00:00:00
CUST000379,Loyal,Paid Search,REP008,2017-01-15 23:09:25,2018-05-02 22:31:39
CUST000380,Regular,Organic,REP012,2017-02-13 10:33:51,2017-05-13 19:11:45
CUST000381,Inactive,Organic,REP019,2017-08-27 16:33:11,2017-08-27 16:33:11
CUST000382,Regular,Marketplace,REP030,2017-08-07 00:23:06,2018-09-15 09:18:17
CUST000383,Regular,Social,REP025,2017-02-02 17:33:14,2018-09-05 01:43:43
CUST000384,Loyal,Referral,REP023,2017-02-15 05:38:49,2018-03-13 10:57:38
CUST000385,Inactive,Referral,REP011,2017-08-31 12:38:11,2017-08-31 12:38:11
CUST000386,Loyal,Email,REP013,2017-05-24 03:09:03,2018-09-06 19:46:52
CUST000387,Regular,Social,REP010,2017-01-11 10:58:28,2018-09-16 08:04:07
CUST000388,Loyal,Organic,REP019,2017-03-24 20:30:10,2018-04-12 10:05:16
CUST000389,Loyal,Referral,REP026,2017-08-23 12:03:40,2018-03-21 02:47:13
CUST000390,Inactive,Organic,REP005,2017-10-31 14:24:18,2017-10-31 14:24:18
CUST000391,Regular,Email,REP004,2017-02-07 12:26:54,2017-07-31 14:03:09
CUST000392,Loyal,Organic,REP016,2017-06-17 19:35:28,2018-03-08 14:20:26
CUST000393,Loyal,Social,REP003,2017-05-14 04:30:40,2017-07-24 06:46:44
CUST000394,Loyal,Email,REP020,2017-03-23 12:33:13,2018-08-30 22:48:10
CUST000395,Regular,Social,REP002,2017-02-11 23:08:35,2017-07-21 14:46:35
CUST000396,Regular,Paid Search,REP027,2017-08-03 21:25:44,2018-01-11 20:01:31
CUST000397,Inactive,Referral,REP024,2017-12-17 00:00:00,2017-12-17 00:00:00
CUST000398,Inactive,Paid Search,REP001,2017-11-22 03:31:01,2017-11-22 03:31:01
CUST000399,Inactive,Organic,REP015,2017-09-11 17:24:14,2017-09-11 17:24:14
CUST000400,Regular,Email,REP022,2017-04-12 03:39:56,2018-01-30 01:10:07
CUST000401,Inactive,Email,REP023,2017-06-07 04:45:10,2017-06-07 04:45:10
CUST000402,Regular,Social,REP016,2017-08-15 19:23:07,2018-09-04 20:04:14
CUST000403,Loyal,Organic,REP029,2017-02-06 23:09:41,2018-08-14 16:53:42
CUST000404,Regular,Paid Search,REP030,2017-09-17 01:55:48,2018-03-16 15:27:43
CUST000405,Regular,Referral,REP018,2017-07-03 16:04:52,2017-12-14 15:34:08
CUST000406,VIP,Social,REP025,2017-07-28 21:06:57,2018-06-09 02:59:53
CUST000407,Loyal,Email,REP016,2017-01-25 06:32:05,2018-06-23 11:45:48
CUST000408,Inactive,Paid Search,REP024,2017-11-23 10:20:29,2017-11-23 10:20:29
CUST000409,Loyal,Marketplace,REP001,2017-03-28 01:33:23,2018-02-19 18:10:59
CUST000410,Loyal,Paid Search,REP019,2017-11-07 04:02:34,2018-07-05 05:34:37
CUST000411,New,Organic,REP012,2018-05-18 00:00:00,2018-05-18 00:00:00
CUST000412,Regular,Social,REP011,2018-05-27 14:43:56,2018-08-21 18:29:14
CUST000413,Regular,Social,REP006,2017-08-20 22:46:05,2018-08-24 15:04:09
CUST000414,Regular,Marketplace,REP021,2017-02-27 12:27:56,2018-08-01 13:42:54
CUST000415,Loyal,Referral,REP011,2017-10-31 05:16:37,2018-08-11 05:10:32
CUST000416,Inactive,Social,REP007,2018-01-23 00:00:00,2018-01-23 00:00:00
CUST000417,Loyal,Paid Search,REP001,2017-01-29 20:37:08,2018-05-11 12:40:12
CUST000418,Inactive,Marketplace,REP006,2017-09-07 03:28:56,2017-09-07 03:28:56
CUST000419,New,Email,REP016,2018-09-02 08:54:59,2018-09-02 08:54:59
CUST000420,Regular,Organic,REP002,2017-03-14 21:06:49,2018-09-06 02:47:28
CUST000421,Loyal,Marketplace,REP015,2017-03-03 02:14:08,2018-03-31 19:27:43
CUST000422,Regular,Email,REP015,2017-05-03 04:48:32,2017-06-15 11:48:41
CUST000423,Inactive,Organic,REP024,2017-03-23 06:05:42,2017-03-23 06:05:42
CUST000424,Loyal,Marketplace,REP020,2017-02-01 03:21:25,2018-06-27 10:38:19
CUST000425,Loyal,Referral,REP011,2017-06-26 12:20:53,2018-09-06 12:02:04
CUST000426,New,Marketplace,REP028,2018-05-04 01:12:02,2018-05-04 01:12:02
CUST000427,Regular,Social,REP008,2017-09-19 02:49:45,2018-02-20 00:12:50
CUST000428,Loyal,Paid Search,REP007,2017-05-12 20:13:28,2018-05-26 11:10:11
CUST000429,Inactive,Marketplace,REP020,2017-06-14 13:29:00,2017-06-14 13:29:00
CUST000430,Regular,Email,REP027,2017-01-08 02:36:47,2018-04-16 01:24:53
CUST000431,New,Marketplace,REP011,2018-06-20 14:57:35,2018-06-20 14:57:35
CUST000432,Regular,Email,REP006,2017-03-11 01:03:23,2017-07-20 19:26:56
CUST000433,Inactive,Paid Search,REP023,2018-01-09 14:03:40,2018-01-09 14:03:40
CUST000434,Regular,Organic,REP015,2017-04-13 19:44:03,2017-11-24 15:51:49
CUST000435,Loyal,Paid Search,REP020,2017-02-26 06:34:33,2018-09-12 18:48:57
CUST000436,New,Paid Search,REP005,2018-04-15 00:00:00,2018-04-15 00:00:00
CUST000437,Regular,Referral,REP005,2017-01-22 01:13:54,2017-01-31 09:16:00
CUST000438,Loyal,Referral,REP011,2017-05-17 03:09:47,2018-06-19 00:27:08
CUST000439,Loyal,Email,REP005,2017-02-03 00:59:09,2018-01-26 16:32:11
CUST000440,Regular,Paid Search,REP026,2017-02-22 05:17:58,2017-05-13 06:47:12
CUST000441,Regular,Paid Search,REP016,2017-05-22 16:35:12,2018-04-18 07:37:59
CUST000442,Loyal,Marketplace,REP018,2017-02-08 08:44:03,2018-04-17 23:30:06
CUST000443,Inactive,Email,REP008,2017-01-10 06:44:38,2017-01-10 06:44:38
CUST000444,Loyal,Paid Search,REP026,2017-09-22 22:55:16,2018-05-10 18:37:21
CUST000445,Loyal,Organic,REP019,2017-08-04 05:27:22,2018-07-24 17:53:40
CUST000446,Loyal,Paid Search,REP012,2017-03-14 13:38:01,2018-08-05 14:26:48
CUST000447,Regular,Paid Search,REP018,2017-02-04 06:12:46,2018-09-14 18:30:45
CUST000448,Loyal,Email,REP007,2017-05-25 22:41:02,2018-04-18 05:25:34
CUST000449,Loyal,Marketplace,REP030,2017-06-29 09:13:32,2018-08-17 20:17:27
CUST000450,Inactive,Referral,REP010,2017-04-21 16:47:21,2017-04-21 16:47:21
CUST000451,Loyal,Marketplace,REP006,2017-04-13 11:59:08,2018-03-04 15:00:40
CUST000452,Inactive,Marketplace,REP008,2018-01-22 20:36:26,2018-01-22 20:36:26
CUST000453,Loyal,Paid Search,REP027,2017-12-14 09:49:46,2018-08-31 05:26:17
CUST000454,Loyal,Paid Search,REP027,2017-09-09 11:18:23,2018-07-26 02:12:19
CUST000455,Inactive,Social,REP027,2018-03-10 00:00:00,2018-03-10 00:00:00
CUST000456,Loyal,Paid Search,REP001,2017-11-12 17:46:42,2018-08-29 05:19:55
CUST000457,Regular,Marketplace,REP002,2018-04-16 17:45:19,2018-07-09 05:04:40
CUST000458,Loyal,Marketplace,REP019,2017-01-11 02:11:33,2018-01-30 05:15:46
CUST000459,Regular,Social,REP003,2017-08-03 14:23:38,2017-11-25 07:32:45
CUST000460,Loyal,Marketplace,REP001,2018-04-09 01:38:35,2018-07-20 19:34:27
CUST000461,Loyal,Referral,REP025,2017-02-04 17:16:01,2018-08-11 10:48:37
CUST000462,Loyal,Referral,REP003,2017-02-16 10:46:19,2018-08-25 20:19:00
CUST000463,VIP,Social,REP027,2017-04-14 09:26:08,2018-08-04 15:09:37
CUST000464,Regular,Social,REP014,2017-05-13 22:09:40,2017-12-10 11:38:41
CUST000465,Regular,Marketplace,REP003,2017-05-04 08:19:19,2017-12-05 07:38:43
CUST000466,New,Referral,REP025,2018-05-14 00:00:00,2018-05-14 00:00:00
CUST000467,Inactive,Marketplace,REP009,2017-11-09 17:06:23,2017-11-09 17:06:23
CUST000468,Regular,Referral,REP014,2017-06-16 01:43:02,2017-09-07 19:00:17
CUST000469,Loyal,Email,REP015,2017-02-24 20:19:13,2018-02-14 08:36:02
CUST000470,Loyal,Social,REP024,2017-06-05 15:27:53,2018-04-11 04:10:35
CUST000471,Loyal,Email,REP022,2017-03-26 14:41:29,2018-03-21 17:13:00
CUST000472,Loyal,Social,REP005,2017-04-02 14:13:28,2018-07-01 08:04:50
CUST000473,Loyal,Paid Search,REP006,2017-01-20 06:01:44,2018-05-27 11:55:11
CUST000474,Loyal,Social,REP029,2017-05-13 21:42:29,2018-08-08 02:51:52
CUST000475,VIP,Paid Search,REP014,2017-05-18 02:04:26,2018-09-30 07:19:52
CUST000476,Loyal,Email,REP029,2017-11-06 04:28:17,2018-09-02 08:33:16
CUST000477,Loyal,Referral,REP004,2017-05-27 19:13:12,2018-04-12 14:01:49
CUST000478,Loyal,Paid Search,REP015,2017-06-29 07:03:50,2018-09-21 15:47:47
CUST000479,Inactive,Paid Search,REP006,2018-02-26 06:06:07,2018-02-26 06:06:07
CUST000480,Loyal,Referral,REP025,2017-01-26 00:20:58,2018-08-13 19:06:14
CUST000481,Loyal,Organic,REP028,2017-01-05 02:25:16,2017-12-10 15:37:52
CUST000482,Loyal,Social,REP012,2017-08-16 06:04:32,2018-07-02 22:03:45
CUST000483,Regular,Paid Search,REP017,2017-07-19 19:31:30,2018-02-08 04:58:38
CUST000484,Loyal,Paid Search,REP021,2017-03-30 23:06:56,2018-05-25 10:40:23
CUST000485,Regular,Marketplace,REP020,2017-12-03 11:04:14,2018-09-18 20:13:23
CUST000486,New,Referral,REP020,2018-05-27 20:59:41,2018-05-27 20:59:41
CUST000487,Regular,Paid Search,REP005,2017-02-22 21:04:36,2018-06-20 13:42:42
CUST000488,Regular,Marketplace,REP021,2017-01-14 20:01:35,2017-12-31 15:24:55
CUST000489,Loyal,Referral,REP020,2017-12-17 18:53:30,2018-09-09 14:05:37
CUST000490,Loyal,Marketplace,REP019,2017-06-07 23:08:50,2018-08-26 01:24:48
CUST000491,Loyal,Organic,REP019,2017-03-03 22:28:49,2018-08-08 23:46:18
CUST000492,Inactive,Marketplace,REP020,2017-01-14 00:50:06,2017-01-14 00:50:06
CUST000493,Inactive,Email,REP002,2017-03-08 21:07:51,2017-03-08 21:07:51
CUST000494,Loyal,Marketplace,REP016,2017-06-16 21:35:59,2018-07-09 06:40:26
CUST000495,Inactive,Marketplace,REP026,2017-07-06 16:40:02,2017-07-06 16:40:02
CUST000496,Regular,Social,REP028,2018-03-18 13:14:55,2018-04-29 00:31:40
CUST000497,Loyal,Email,REP025,2017-02-17 22:27:52,2017-09-12 21:23:45
CUST000498,New,Marketplace,REP004,2018-09-15 00:00:00,2018-09-15 00:00:00
CUST000499,Inactive,Referral,REP020,2018-03-12 15:47:28,2018-03-12 15:47:28
CUST000500,Inactive,Social,REP025,2017-04-15 00:00:00,2017-04-15 00:00:00
CUST000501,Loyal,Paid Search,REP001,2017-08-12 07:24:26,2018-07-12 01:40:14
CUST000502,Loyal,Referral,REP009,2017-04-15 13:42:15,2018-02-20 12:17:35
CUST000503,Loyal,Email,REP002,2017-01-20 15:09:14,2017-08-19 01:18:28
CUST000504,Inactive,Social,REP018,2018-01-21 09:22:01,2018-01-21 09:22:01
CUST000505,Regular,Referral,REP026,2017-12-13 14:25:40,2018-03-11 14:57:17
CUST000506,Loyal,Organic,REP029,2017-05-12 23:48:01,2018-07-08 17:57:12
CUST000507,Loyal,Organic,REP027,2017-05-10 04:16:07,2018-02-13 06:26:51
CUST000508,Regular,Marketplace,REP025,2017-01-26 06:08:05,2017-05-26 08:57:55
CUST000509,Loyal,Social,REP018,2017-04-21 20:53:23,2018-06-21 01:16:18
CUST000510,Loyal,Referral,REP001,2017-03-04 15:26:51,2017-09-11 07:47:33
CUST000511,Inactive,Organic,REP014,2017-03-12 06:42:44,2017-03-12 06:42:44
CUST000512,Regular,Referral,REP023,2018-08-17 11:31:24,2018-08-19 21:04:37
CUST000513,Regular,Social,REP014,2017-06-10 12:56:24,2018-01-15 23:49:05
CUST000514,Loyal,Organic,REP020,2017-11-30 03:10:53,2018-06-04 01:19:41
CUST000515,New,Marketplace,REP025,2018-07-15 00:00:00,2018-07-15 00:00:00
CUST000516,Regular,Email,REP007,2017-01-03 15:25:44,2018-01-20 14:25:02
CUST000517,Inactive,Social,REP017,2017-11-13 14:15:11,2017-11-13 14:15:11
CUST000518,Loyal,Email,REP005,2017-04-09 14:08:24,2018-03-17 04:20:15
CUST000519,New,Referral,REP019,2018-09-25 07:10:29,2018-09-25 07:10:29
CUST000520,Regular,Organic,REP006,2017-05-01 09:18:57,2018-08-19 21:01:01
CUST000521,New,Marketplace,REP029,2018-07-14 22:08:13,2018-07-14 22:08:13
CUST000522,Inactive,Organic,REP027,2017-11-30 11:58:35,2017-11-30 11:58:35
CUST000523,Loyal,Referral,REP017,2017-06-20 08:28:19,2018-09-08 06:09:21
CUST000524,Regular,Marketplace,REP017,2017-01-27 15:55:56,2017-05-03 02:51:49
CUST000525,VIP,Paid Search,REP011,2017-02-26 05:11:55,2018-09-22 11:50:58
CUST000526,Regular,Marketplace,REP006,2018-01-26 23:00:12,2018-06-05 05:19:16
CUST000527,Regular,Social,REP019,2017-03-12 15:29:02,2017-11-28 21:02:29
CUST000528,Regular,Marketplace,REP021,2017-08-22 22:11:36,2017-09-03 15:37:47
CUST000529,New,Referral,REP026,2018-08-11 06:13:49,2018-08-11 06:13:49
CUST000530,Regular,Paid Search,REP006,2017-04-07 23:52:22,2018-05-05 14:04:16
CUST000531,Loyal,Organic,REP020,2017-09-04 09:48:00,2018-06-10 04:10:50
CUST000532,Loyal,Paid Search,REP013,2017-09-13 08:35:51,2018-08-11 19:13:44
CUST000533,Loyal,Email,REP002,2017-02-21 18:41:19,2018-05-18 10:36:57
CUST000534,New,Email,REP025,2018-06-28 10:30:52,2018-06-28 10:30:52
CUST000535,Loyal,Referral,REP015,2017-03-28 05:41:36,2018-09-18 08:58:57
CUST000536,Loyal,Social,REP021,2017-06-06 23:06:22,2018-07-20 23:42:24
CUST000537,Loyal,Referral,REP021,2017-02-22 22:45:30,2018-01-02 04:37:23
CUST000538,Regular,Email,REP017,2017-01-29 20:07:04,2017-02-07 20:54:32
CUST000539,Regular,Paid Search,REP007,2017-10-01 09:30:08,2018-04-03 22:56:35
CUST000540,Loyal,Organic,REP026,2017-05-18 11:23:17,2018-08-08 22:39:05
CUST000541,Loyal,Email,REP007,2017-09-13 00:45:47,2018-03-11 12:07:29
CUST000542,Inactive,Social,REP007,2017-06-15 12:43:44,2017-06-15 12:43:44
CUST000543,Loyal,Organic,REP026,2017-02-07 04:16:47,2018-04-20 09:56:06
CUST000544,Inactive,Email,REP013,2017-06-29 22:08:55,2017-06-29 22:08:55
CUST000545,Inactive,Social,REP019,2017-11-06 19:54:34,2017-11-06 19:54:34
CUST000546,VIP,Paid Search,REP026,2017-06-21 01:17:00,2018-05-06 21:32:54
CUST000547,Loyal,Paid Search,REP022,2017-03-25 21:13:59,2018-09-29 23:22:52
CUST000548,Loyal,Referral,REP013,2017-05-07 10:58:50,2018-04-07 16:43:03
CUST000549,Loyal,Paid Search,REP009,2017-01-16 03:25:13,2018-09-06 12:41:56
CUST000550,Loyal,Organic,REP024,2017-03-02 20:27:17,2018-05-14 00:24:37
CUST000551,Loyal,Referral,REP006,2017-02-28 16:40:27,2017-11-27 10:09:34
CUST000552,New,Organic,REP022,2018-08-21 20:16:30,2018-08-21 20:16:30
CUST000553,Regular,Email,REP019,2017-02-21 21:31:25,2017-05-18 15:40:18
CUST000554,Loyal,Organic,REP021,2017-04-05 13:05:30,2018-06-08 09:12:49
CUST000555,Loyal,Marketplace,REP020,2017-01-01 18:58:08,2018-04-14 14:59:27
CUST000556,Inactive,Referral,REP005,2017-10-08 02:54:58,2017-10-08 02:54:58
CUST000557,Inactive,Social,REP025,2017-12-11 11:54:03,2017-12-11 11:54:03
CUST000558,Inactive,Referral,REP002,2017-09-27 11:36:58,2017-09-27 11:36:58
CUST000559,Loyal,Organic,REP023,2017-02-27 05:18:16,2018-07-21 07:09:04
CUST000560,Inactive,Paid Search,REP027,2017-04-08 14:44:24,2017-04-08 14:44:24
CUST000561,Regular,Email,REP007,2017-03-30 18:26:09,2018-04-15 04:12:47
CUST000562,Inactive,Paid Search,REP026,2017-02-20 00:00:00,2017-02-20 00:00:00
CUST000563,Inactive,Social,REP023,2017-11-21 04:26:09,2017-11-21 04:26:09
CUST000564,Regular,Marketplace,REP018,2017-04-24 00:00:18,2017-07-22 20:36:15
CUST000565,Regular,Organic,REP005,2018-05-08 10:45:36,2018-06-30 07:52:13
CUST000566,Loyal,Paid Search,REP024,2017-02-19 23:49:06,2017-07-05 03:04:38
CUST000567,Inactive,Paid Search,REP004,2017-07-23 00:00:00,2017-07-23 00:00:00
CUST000568,Regular,Paid Search,REP008,2017-10-13 03:59:31,2018-03-17 22:14:08
CUST000569,New,Paid Search,REP017,2018-07-04 00:00:00,2018-07-04 00:00:00
CUST000570,Loyal,Marketplace,REP024,2017-09-04 02:49:24,2018-05-20 06:06:50
CUST000571,Regular,Paid Search,REP006,2017-11-05 21:08:23,2018-07-16 11:18:27
CUST000572,Regular,Social,REP026,2017-03-22 05:00:31,2018-02-07 00:56:05
CUST000573,Loyal,Referral,REP029,2017-09-16 10:12:29,2018-06-25 03:58:08
CUST000574,Inactive,Organic,REP001,2018-03-29 18:02:39,2018-03-29 18:02:39
CUST000575,Inactive,Paid Search,REP023,2017-05-14 00:00:00,2017-05-14 00:00:00
CUST000576,New,Paid Search,REP025,2018-05-12 01:07:15,2018-05-12 01:07:15
CUST000577,Regular,Marketplace,REP011,2018-02-09 12:59:29,2018-05-05 17:18:39
CUST000578,Inactive,Organic,REP024,2017-03-20 12:33:54,2017-03-20 12:33:54
CUST000579,Regular,Paid Search,REP004,2017-03-29 09:40:48,2018-04-05 00:49:29
CUST000580,Loyal,Email,REP007,2017-04-29 21:47:27,2017-10-25 05:07:09
CUST000581,Inactive,Social,REP021,2017-07-22 12:03:34,2017-07-22 12:03:34
CUST000582,Inactive,Social,REP010,2017-11-17 00:00:00,2017-11-17 00:00:00
CUST000583,Loyal,Marketplace,REP017,2017-02-10 14:55:39,2018-06-04 15:35:13
CUST000584,Loyal,Social,REP017,2017-02-14 05:31:23,2017-12-16 15:49:12
CUST000585,VIP,Marketplace,REP014,2017-03-19 09:28:55,2018-07-17 17:37:57
CUST000586,Inactive,Marketplace,REP023,2017-06-27 16:42:26,2017-06-27 16:42:26
CUST000587,Loyal,Social,REP022,2017-07-05 15:23:52,2018-09-28 22:40:56
CUST000588,Inactive,Paid Search,REP011,2017-12-02 01:18:26,2017-12-02 01:18:26
CUST000589,Loyal,Organic,REP008,2017-02-06 10:11:03,2018-02-14 22:24:39
CUST000590,Loyal,Marketplace,REP011,2017-04-16 05:32:33,2018-08-10 03:14:01
CUST000591,Regular,Referral,REP012,2018-01-04 08:42:39,2018-02-10 20:45:11
CUST000592,Regular,Paid Search,REP029,2017-04-12 14:08:01,2018-05-22 23:09:38
CUST000593,Regular,Referral,REP006,2018-07-21 00:43:55,2018-08-12 11:53:55
CUST000594,Loyal,Organic,REP003,2017-06-16 06:48:48,2018-09-29 02:48:14
CUST000595,Regular,Referral,REP029,2018-02-01 06:01:08,2018-09-10 12:51:04
CUST000596,Loyal,Paid Search,REP029,2017-09-24 11:17:21,2018-08-23 15:47:57
CUST000597,Loyal,Paid Search,REP003,2018-01-12 14:58:01,2018-02-09 14:45:13
CUST000598,Inactive,Paid Search,REP019,2017-10-29 04:44:06,2017-10-29 04:44:06
CUST000599,Loyal,Paid Search,REP008,2017-01-09 14:28:22,2018-03-14 05:27:45
CUST000600,New,Referral,REP017,2018-05-26 01:16:43,2018-05-26 01:16:43
CUST000601,Regular,Referral,REP001,2017-11-08 19:11:54,2018-08-31 16:54:19
CUST000602,Loyal,Marketplace,REP014,2017-06-04 16:11:13,2018-05-15 10:11:51
CUST000603,Loyal,Organic,REP026,2017-03-06 16:26:36,2018-07-07 01:54:12
CUST000604,Inactive,Email,REP017,2018-02-18 00:00:00,2018-02-18 00:00:00
CUST000605,Inactive,Referral,REP009,2017-06-15 05:15:45,2017-06-15 05:15:45
CUST000606,Loyal,Marketplace,REP013,2017-04-03 10:57:55,2018-08-13 15:34:55
CUST000607,Inactive,Social,REP006,2017-09-23 09:41:55,2017-09-23 09:41:55
CUST000608,New,Email,REP005,2018-07-10 00:00:00,2018-07-10 00:00:00
CUST000609,Loyal,Email,REP022,2017-02-18 17:31:47,2017-12-17 07:35:02
CUST000610,Regular,Organic,REP025,2017-09-24 08:34:53,2018-02-21 20:04:36
CUST000611,Inactive,Organic,REP025,2017-03-01 12:17:07,2017-03-01 12:17:07
CUST000612,Inactive,Paid Search,REP004,2017-10-18 00:00:00,2017-10-18 00:00:00
CUST000613,Regular,Social,REP026,2017-02-12 05:22:13,2018-02-08 10:03:58
CUST000614,Loyal,Marketplace,REP029,2017-01-18 13:55:24,2018-08-20 23:15:37
CUST000615,Inactive,Email,REP006,2017-07-08 00:00:00,2017-07-08 00:00:00
CUST000616,Loyal,Email,REP007,2017-08-23 06:13:43,2018-04-27 07:52:48
CUST000617,Regular,Email,REP030,2017-02-15 09:39:34,2018-03-06 07:49:27
CUST000618,Loyal,Referral,REP008,2017-03-03 00:35:23,2017-10-08 18:04:23
CUST000619,Inactive,Social,REP010,2017-08-29 00:20:26,2017-08-29 00:20:26
CUST000620,Loyal,Marketplace,REP013,2017-05-30 23:30:17,2018-06-05 11:22:15
CUST000621,Regular,Email,REP024,2017-06-23 06:09:47,2018-09-26 23:04:44
CUST000622,Loyal,Organic,REP027,2017-09-01 21:46:30,2018-08-23 19:14:02
CUST000623,Loyal,Organic,REP008,2017-08-15 21:57:46,2018-09-19 05:11:47
CUST000624,Loyal,Marketplace,REP006,2018-01-29 21:56:06,2018-07-30 23:59:57
CUST000625,Loyal,Marketplace,REP025,2017-06-20 06:41:53,2017-10-09 10:36:09
CUST000626,Loyal,Marketplace,REP015,2017-01-02 15:03:01,2018-03-21 13:58:30
CUST000627,Regular,Email,REP020,2017-04-09 00:42:07,2017-10-15 14:13:34
CUST000628,New,Referral,REP004,2018-07-30 19:48:28,2018-07-30 19:48:28
CUST000629,Inactive,Paid Search,REP014,2017-07-16 12:55:40,2017-07-16 12:55:40
CUST000630,VIP,Organic,REP024,2017-07-16 12:14:51,2018-06-23 01:20:59
CUST000631,Loyal,Referral,REP022,2017-06-03 20:50:32,2018-04-16 07:35:44
CUST000632,Regular,Paid Search,REP023,2017-11-05 18:06:15,2018-08-23 18:42:03
CUST000633,Regular,Referral,REP009,2018-01-22 05:09:41,2018-03-19 03:59:25
CUST000634,Loyal,Organic,REP008,2017-03-30 01:13:21,2018-07-18 16:52:45
CUST000635,Loyal,Referral,REP008,2017-02-02 05:36:16,2018-05-27 21:36:04
CUST000636,Regular,Marketplace,REP017,2017-02-19 20:08:57,2018-07-27 21:48:55
CUST000637,Regular,Social,REP022,2017-02-07 00:07:18,2017-12-28 16:46:22
CUST000638,Loyal,Email,REP015,2017-10-12 05:06:41,2018-08-25 03:41:28
CUST000639,Loyal,Organic,REP009,2017-04-22 12:41:35,2018-06-05 06:51:03
CUST000640,New,Organic,REP007,2018-06-07 05:42:28,2018-06-07 05:42:28
CUST000641,Loyal,Email,REP027,2018-01-10 15:33:18,2018-06-21 11:28:17
CUST000642,Loyal,Organic,REP030,2017-03-03 23:37:41,2018-04-08 13:23:59
CUST000643,Loyal,Social,REP010,2017-02-19 10:55:59,2018-06-10 02:52:36
CUST000644,Regular,Referral,REP029,2018-05-02 12:30:44,2018-05-07 13:46:35
CUST000645,Inactive,Email,REP012,2018-01-22 18:30:58,2018-01-22 18:30:58
CUST000646,Inactive,Organic,REP008,2017-11-13 16:02:59,2017-11-13 16:02:59
CUST000647,Inactive,Paid Search,REP030,2017-10-12 00:00:00,2017-10-12 00:00:00
CUST000648,Loyal,Social,REP013,2017-03-16 06:51:02,2018-05-19 19:23:47
CUST000649,Regular,Social,REP022,2018-01-14 04:18:25,2018-04-06 12:18:24
CUST000650,Inactive,Paid Search,REP010,2018-03-30 00:00:00,2018-03-30 00:00:00
CUST000651,New,Social,REP025,2018-05-03 15:40:25,2018-05-03 15:40:25
CUST000652,Loyal,Social,REP004,2017-10-01 08:11:19,2018-08-11 07:11:45
CUST000653,Loyal,Social,REP007,2017-09-14 21:52:42,2018-07-04 22:46:09
CUST000654,New,Marketplace,REP006,2018-07-05 12:18:19,2018-07-05 12:18:19
CUST000655,Regular,Marketplace,REP009,2017-06-14 11:02:38,2018-03-27 08:41:53
CUST000656,Regular,Email,REP010,2017-05-08 12:28:47,2017-09-14 18:19:24
CUST000657,Regular,Marketplace,REP022,2017-05-01 23:06:40,2017-07-15 21:00:12
CUST000658,Loyal,Paid Search,REP024,2017-07-07 17:51:38,2018-09-20 04:10:37
CUST000659,Loyal,Marketplace,REP027,2017-02-22 08:51:31,2018-08-31 23:27:43
CUST000660,Loyal,Social,REP007,2017-01-04 20:10:13,2017-12-03 15:07:48
CUST000661,Loyal,Organic,REP005,2017-12-01 14:53:37,2018-04-04 15:15:48
CUST000662,Loyal,Email,REP018,2017-01-11 15:55:54,2018-04-01 22:06:35
CUST000663,Inactive,Marketplace,REP015,2017-12-11 23:10:25,2017-12-11 23:10:25
CUST000664,Inactive,Organic,REP016,2017-07-11 10:29:08,2017-07-11 10:29:08
CUST000665,Regular,Email,REP023,2017-01-16 15:50:27,2018-08-22 12:24:18
CUST000666,VIP,Referral,REP011,2017-04-27 20:33:30,2018-09-17 18:38:19
CUST000667,Loyal,Social,REP001,2017-08-11 19:45:33,2018-08-24 02:35:17
CUST000668,Loyal,Email,REP023,2017-02-05 04:21:23,2017-12-30 19:08:53
CUST000669,New,Organic,REP028,2018-08-10 00:00:00,2018-08-10 00:00:00
CUST000670,Inactive,Email,REP010,2018-03-27 00:00:00,2018-03-27 00:00:00
CUST000671,Loyal,Email,REP030,2017-07-13 12:20:26,2018-09-22 12:15:19
CUST000672,Inactive,Social,REP006,2017-12-14 06:51:47,2017-12-14 06:51:47
CUST000673,Loyal,Organic,REP021,2017-04-29 10:07:40,2018-01-23 15:57:36
CUST000674,New,Organic,REP004,2018-08-26 14:34:28,2018-08-26 14:34:28
CUST000675,Regular,Organic,REP026,2017-11-23 19:39:29,2018-04-20 00:49:44
CUST000676,New,Email,REP019,2018-04-06 16:28:14,2018-04-06 16:28:14
CUST000677,Regular,Email,REP013,2018-07-19 16:55:04,2018-07-25 02:16:04
CUST000678,Loyal,Marketplace,REP006,2017-02-13 03:13:19,2018-07-25 18:53:08
CUST000679,Loyal,Email,REP008,2017-06-02 10:50:42,2018-03-06 14:02:34
CUST000680,Inactive,Paid Search,REP015,2017-10-08 12:48:36,2017-10-08 12:48:36
CUST000681,Loyal,Paid Search,REP019,2017-06-27 18:38:57,2018-08-04 17:43:38
CUST000682,Loyal,Marketplace,REP028,2017-09-11 03:44:45,2018-03-28 19:53:31
CUST000683,Loyal,Social,REP027,2017-11-07 03:06:51,2018-02-01 03:53:09
CUST000684,Inactive,Paid Search,REP011,2017-02-27 06:29:54,2017-02-27 06:29:54
CUST000685,Regular,Social,REP008,2017-01-05 09:10:16,2018-03-19 06:46:20
CUST000686,Inactive,Paid Search,REP009,2017-11-15 00:00:00,2017-11-15 00:00:00
CUST000687,New,Referral,REP015,2018-05-27 21:55:06,2018-05-27 21:55:06
CUST000688,Inactive,Social,REP028,2018-03-24 00:00:00,2018-03-24 00:00:00
CUST000689,Inactive,Referral,REP025,2017-07-19 00:00:00,2017-07-19 00:00:00
CUST000690,Regular,Social,REP008,2018-01-11 02:19:40,2018-03-11 07:32:53
CUST000691,Regular,Social,REP017,2017-09-14 04:36:08,2018-08-02 17:13:28
CUST000692,Inactive,Referral,REP015,2017-12-06 00:00:00,2017-12-06 00:00:00
CUST000693,Loyal,Organic,REP006,2017-03-10 13:44:29,2018-07-26 00:05:09
CUST000694,New,Email,REP019,2018-05-07 15:15:02,2018-05-07 15:15:02
CUST000695,Regular,Referral,REP014,2017-01-13 21:44:34,2017-11-30 07:41:13
CUST000696,VIP,Social,REP026,2017-01-07 14:30:24,2018-04-17 22:57:18
CUST000697,Loyal,Marketplace,REP022,2018-04-14 18:58:48,2018-08-23 23:33:56
CUST000698,Loyal,Social,REP017,2017-02-05 01:09:36,2018-06-06 02:39:50
CUST000699,Inactive,Marketplace,REP002,2017-04-29 03:23:41,2017-04-29 03:23:41
CUST000700,Regular,Paid Search,REP017,2017-11-05 00:41:29,2018-05-31 11:53:24
CUST000701,Inactive,Marketplace,REP026,2017-07-06 00:01:08,2017-07-06 00:01:08
CUST000702,Regular,Social,REP015,2017-01-26 17:38:50,2017-06-11 03:22:59
CUST000703,Loyal,Paid Search,REP004,2017-02-24 12:10:24,2018-05-03 00:37:06
CUST000704,Regular,Organic,REP005,2017-01-15 09:35:11,2018-05-06 04:13:55
CUST000705,Inactive,Marketplace,REP017,2017-11-11 00:00:00,2017-11-11 00:00:00
CUST000706,Inactive,Email,REP021,2018-01-16 16:19:14,2018-01-16 16:19:14
CUST000707,Regular,Social,REP020,2017-06-20 11:57:59,2017-09-02 02:31:41
CUST000708,Loyal,Social,REP015,2017-05-12 17:37:07,2018-08-01 16:45:44
CUST000709,Regular,Social,REP016,2017-03-26 14:31:47,2018-02-07 17:37:12
CUST000710,Regular,Paid Search,REP007,2017-06-14 19:37:22,2017-08-18 08:55:34
CUST000711,New,Referral,REP021,2018-05-21 10:53:12,2018-05-21 10:53:12
CUST000712,Inactive,Paid Search,REP012,2017-12-25 01:27:31,2017-12-25 01:27:31
CUST000713,VIP,Marketplace,REP026,2017-07-20 12:15:34,2018-03-28 04:35:10
CUST000714,Inactive,Social,REP016,2017-01-19 12:50:38,2017-01-19 12:50:38
CUST000715,Loyal,Marketplace,REP011,2017-03-08 11:57:24,2018-06-18 01:50:23
CUST000716,Loyal,Marketplace,REP002,2017-10-21 03:16:38,2017-12-12 03:51:07
CUST000717,Regular,Organic,REP012,2017-06-04 01:46:13,2018-04-21 07:54:02
CUST000718,Regular,Social,REP029,2017-09-03 03:49:50,2018-02-10 18:10:22
CUST000719,Inactive,Email,REP018,2017-03-21 00:00:00,2017-03-21 00:00:00
CUST000720,VIP,Email,REP012,2017-01-22 13:20:58,2018-08-29 17:01:45
CUST000721,Loyal,Marketplace,REP006,2017-03-04 09:11:48,2018-08-04 07:07:12
CUST000722,Loyal,Paid Search,REP025,2017-02-18 06:21:41,2018-02-16 00:46:23
CUST000723,Regular,Marketplace,REP001,2017-02-06 02:58:51,2018-07-31 15:51:01
CUST000724,Regular,Referral,REP011,2017-05-19 11:32:26,2017-12-26 13:47:04
CUST000725,Loyal,Organic,REP020,2017-03-01 18:54:06,2017-07-23 09:07:25
CUST000726,Loyal,Paid Search,REP002,2017-05-29 04:39:30,2018-08-16 11:29:41
CUST000727,Loyal,Paid Search,REP015,2017-01-13 21:06:25,2018-05-30 03:12:21
CUST000728,Loyal,Organic,REP004,2017-04-27 12:50:47,2017-07-26 20:09:43
CUST000729,Inactive,Paid Search,REP007,2017-01-20 05:40:43,2017-01-20 05:40:43
CUST000730,Inactive,Email,REP030,2017-03-03 09:43:21,2017-03-03 09:43:21
CUST000731,VIP,Referral,REP028,2017-04-22 19:47:19,2018-05-24 12:52:33
CUST000732,Loyal,Paid Search,REP015,2017-03-04 07:12:05,2018-06-23 03:54:25
CUST000733,Loyal,Referral,REP004,2017-06-29 03:27:17,2018-05-17 02:58:39
CUST000734,Loyal,Organic,REP013,2017-04-30 00:32:33,2018-03-05 04:37:36
CUST000735,Regular,Referral,REP015,2017-07-29 15:52:06,2018-04-13 03:26:21
CUST000736,Regular,Paid Search,REP007,2017-09-29 01:29:52,2018-01-16 20:27:44
CUST000737,Regular,Social,REP009,2017-11-11 11:05:32,2018-02-15 14:17:00
CUST000738,Regular,Referral,REP025,2017-08-03 12:01:09,2017-10-30 09:12:43
CUST000739,Inactive,Referral,REP001,2018-03-05 03:28:00,2018-03-05 03:28:00
CUST000740,Regular,Organic,REP012,2017-10-07 08:07:12,2017-12-07 13:47:17
CUST000741,Regular,Marketplace,REP014,2018-06-23 22:15:09,2018-09-16 07:48:22
CUST000742,Loyal,Email,REP003,2017-02-26 18:02:57,2018-04-12 16:39:14
CUST000743,Loyal,Paid Search,REP018,2017-05-08 10:51:27,2018-04-12 03:06:34
CUST000744,Inactive,Organic,REP024,2017-11-25 00:00:00,2017-11-25 00:00:00
CUST000745,Loyal,Organic,REP006,2017-08-06 16:21:59,2018-05-02 21:33:09
CUST000746,Regular,Paid Search,REP012,2017-07-07 08:53:54,2018-05-11 19:29:52
CUST000747,New,Paid Search,REP010,2018-08-13 00:00:00,2018-08-13 00:00:00
CUST000748,Regular,Email,REP017,2017-05-15 06:57:56,2017-08-14 09:22:01
CUST000749,Inactive,Social,REP015,2017-09-14 08:07:33,2017-09-14 08:07:33
CUST000750,Inactive,Social,REP024,2017-05-12 00:00:00,2017-05-12 00:00:00
CUST000751,Inactive,Email,REP026,2017-03-02 20:40:50,2017-03-02 20:40:50
CUST000752,Loyal,Organic,REP028,2017-06-24 02:10:55,2018-06-10 00:19:12
CUST000753,New,Marketplace,REP017,2018-09-24 00:00:00,2018-09-24 00:00:00
CUST000754,Loyal,Social,REP017,2017-07-19 01:50:47,2018-07-15 18:22:29
CUST000755,Loyal,Marketplace,REP009,2017-01-22 19:04:26,2017-09-13 09:09:59
CUST000756,Inactive,Referral,REP025,2018-03-14 20:07:11,2018-03-14 20:07:11
CUST000757,Inactive,Marketplace,REP002,2017-02-27 17:32:49,2017-02-27 17:32:49
CUST000758,Regular,Social,REP016,2018-06-12 08:58:59,2018-06-21 01:56:46
CUST000759,Loyal,Paid Search,REP030,2017-09-18 12:55:23,2018-07-31 03:08:39
CUST000760,Loyal,Referral,REP025,2017-03-10 21:50:23,2018-09-16 21:35:33
CUST000761,Loyal,Email,REP026,2017-08-25 08:44:52,2017-12-01 06:32:02
CUST000762,Regular,Paid Search,REP003,2017-05-22 06:20:06,2017-10-10 11:19:46
CUST000763,VIP,Organic,REP010,2017-03-15 14:22:16,2018-09-14 12:22:31
CUST000764,Inactive,Email,REP001,2017-09-24 08:03:16,2017-09-24 08:03:16
CUST000765,Inactive,Marketplace,REP014,2018-01-01 05:33:08,2018-01-01 05:33:08
CUST000766,Inactive,Referral,REP008,2018-03-10 23:33:50,2018-03-10 23:33:50
CUST000767,Loyal,Email,REP003,2017-11-14 16:19:13,2018-09-23 07:37:08
CUST000768,Loyal,Organic,REP023,2017-04-28 16:08:19,2018-07-26 06:47:18
CUST000769,Regular,Email,REP019,2017-02-18 20:20:00,2017-12-23 13:30:57
CUST000770,VIP,Social,REP022,2017-03-12 03:37:04,2017-09-23 03:38:19
CUST000771,Loyal,Email,REP018,2017-01-05 02:32:11,2017-07-04 22:36:30
CUST000772,Regular,Email,REP006,2017-06-04 03:25:52,2017-07-03 20:29:51
CUST000773,Loyal,Paid Search,REP006,2017-02-05 07:57:06,2018-09-03 19:29:08
CUST000774,Loyal,Email,REP015,2017-07-18 13:38:55,2018-09-01 14:23:01
CUST000775,Loyal,Referral,REP022,2017-01-09 08:25:12,2018-02-24 18:40:29
CUST000776,Loyal,Organic,REP004,2017-02-09 06:13:19,2018-08-04 03:18:03
CUST000777,Loyal,Email,REP025,2018-01-31 17:40:48,2018-08-11 18:32:32
CUST000778,Loyal,Marketplace,REP002,2017-03-14 09:46:52,2018-07-10 02:36:44
CUST000779,Loyal,Organic,REP017,2017-07-29 02:52:01,2018-07-12 07:32:52
CUST000780,Loyal,Referral,REP020,2017-04-19 20:58:59,2018-09-02 17:59:02
CUST000781,Loyal,Email,REP009,2017-11-06 10:23:48,2018-09-08 14:25:04
CUST000782,New,Email,REP019,2018-05-30 08:46:51,2018-05-30 08:46:51
CUST000783,Inactive,Referral,REP030,2017-03-02 00:00:00,2017-03-02 00:00:00
CUST000784,Inactive,Organic,REP030,2017-12-14 00:00:00,2017-12-14 00:00:00
CUST000785,Inactive,Marketplace,REP027,2017-01-14 12:07:49,2017-01-14 12:07:49
CUST000786,Regular,Email,REP012,2018-05-23 02:41:46,2018-05-30 02:30:00
CUST000787,Loyal,Social,REP026,2017-03-09 04:13:57,2018-07-06 00:37:25
CUST000788,Loyal,Referral,REP004,2017-03-02 14:52:47,2018-04-16 14:50:36
CUST000789,New,Social,REP009,2018-06-04 01:51:10,2018-06-04 01:51:10
CUST000790,Loyal,Email,REP030,2017-01-23 05:34:14,2018-05-20 15:30:45
CUST000791,Regular,Organic,REP019,2017-02-18 21:58:50,2017-08-08 13:12:43
CUST000792,Inactive,Social,REP007,2018-03-25 00:00:00,2018-03-25 00:00:00
CUST000793,Loyal,Social,REP015,2017-01-15 16:49:36,2018-07-24 09:37:03
CUST000794,Inactive,Social,REP005,2017-05-13 00:00:00,2017-05-13 00:00:00
CUST000795,Loyal,Organic,REP019,2018-01-29 17:17:16,2018-08-25 05:03:33
CUST000796,Loyal,Paid Search,REP003,2017-07-13 07:35:08,2018-09-30 05:36:13
CUST000797,Loyal,Email,REP027,2017-05-06 12:04:34,2018-08-02 18:32:53
CUST000798,Regular,Paid Search,REP019,2017-02-21 10:14:37,2018-09-16 01:56:31
CUST000799,Inactive,Email,REP027,2017-03-28 18:23:57,2017-03-28 18:23:57
CUST000800,Loyal,Social,REP015,2017-05-21 04:52:32,2018-06-23 12:46:59
CUST000801,Inactive,Social,REP022,2018-03-01 00:00:00,2018-03-01 00:00:00
CUST000802,Inactive,Email,REP019,2017-07-28 00:00:00,2017-07-28 00:00:00
CUST000803,Loyal,Referral,REP016,2017-11-03 09:28:20,2018-06-15 10:38:16
CUST000804,Loyal,Referral,REP018,2017-04-22 15:10:51,2018-02-20 09:16:21
CUST000805,Loyal,Organic,REP015,2017-07-31 04:23:48,2018-07-18 14:39:21
CUST000806,New,Social,REP003,2018-04-05 00:00:00,2018-04-05 00:00:00
CUST000807,New,Organic,REP008,2018-08-18 15:39:36,2018-08-18 15:39:36
CUST000808,VIP,Paid Search,REP019,2017-01-20 10:06:16,2018-02-26 22:05:17
CUST000809,VIP,Referral,REP012,2017-05-12 22:23:04,2018-09-20 03:46:36
CUST000810,Loyal,Marketplace,REP003,2017-10-25 12:43:28,2018-08-08 17:24:44
CUST000811,Loyal,Referral,REP025,2017-09-04 05:47:01,2018-08-30 08:30:26
CUST000812,Loyal,Paid Search,REP028,2017-01-08 20:21:26,2018-02-14 18:54:18
CUST000813,Inactive,Organic,REP018,2018-01-04 20:14:57,2018-01-04 20:14:57
CUST000814,Regular,Social,REP021,2017-12-31 19:10:19,2018-02-11 07:28:53
CUST000815,Loyal,Organic,REP022,2017-02-03 23:47:05,2018-08-08 23:57:59
CUST000816,Regular,Social,REP027,2017-08-27 23:23:41,2018-04-18 14:27:48
CUST000817,Regular,Email,REP009,2017-05-31 11:02:32,2017-09-01 11:15:07
CUST000818,Loyal,Referral,REP019,2017-08-10 13:50:17,2018-02-27 13:56:28
CUST000819,Loyal,Paid Search,REP015,2017-01-02 05:06:26,2018-07-09 11:53:23
CUST000820,Regular,Social,REP027,2018-03-01 12:34:09,2018-08-23 11:33:45
CUST000821,Loyal,Referral,REP022,2017-04-27 12:10:53,2018-08-17 00:23:05
CUST000822,Loyal,Social,REP029,2017-05-13 15:54:30,2018-07-18 14:21:38
CUST000823,Loyal,Referral,REP029,2017-02-25 14:32:34,2018-03-27 20:18:12
CUST000824,Inactive,Referral,REP011,2017-03-22 00:00:00,2017-03-22 00:00:00
CUST000825,Loyal,Paid Search,REP009,2017-03-20 04:56:30,2018-06-04 08:06:30
CUST000826,Regular,Organic,REP021,2017-03-26 17:39:45,2018-09-19 08:48:49
CUST000827,Loyal,Paid Search,REP025,2017-09-13 01:26:48,2018-09-15 09:29:14
CUST000828,Regular,Paid Search,REP006,2018-03-07 05:48:23,2018-03-22 07:10:28
CUST000829,Regular,Social,REP007,2017-12-11 23:36:51,2018-04-22 16:30:41
CUST000830,Loyal,Paid Search,REP016,2017-05-19 10:25:03,2018-09-22 17:13:43
CUST000831,Loyal,Email,REP016,2017-03-04 01:33:58,2018-05-06 09:27:20
CUST000832,Regular,Organic,REP018,2017-03-11 23:58:56,2017-05-21 01:56:37
CUST000833,Inactive,Organic,REP024,2018-01-23 06:35:19,2018-01-23 06:35:19
CUST000834,Regular,Paid Search,REP012,2017-05-25 18:29:31,2018-07-17 22:21:19
CUST000835,Loyal,Social,REP029,2017-09-20 13:09:03,2018-03-30 08:46:21
CUST000836,Loyal,Marketplace,REP028,2017-07-07 18:38:30,2018-06-17 17:07:07
CUST000837,Loyal,Marketplace,REP017,2018-04-27 10:57:22,2018-07-31 01:24:29
CUST000838,Inactive,Email,REP029,2017-10-23 20:56:01,2017-10-23 20:56:01
CUST000839,Regular,Social,REP006,2017-10-19 23:28:47,2017-11-25 19:19:07
CUST000840,Regular,Social,REP002,2017-10-20 11:10:44,2018-05-16 02:17:11
CUST000841,Regular,Organic,REP004,2017-02-25 06:23:56,2018-01-04 19:59:25
CUST000842,Regular,Email,REP017,2017-09-16 17:23:36,2018-02-15 21:58:17
CUST000843,Regular,Organic,REP013,2017-06-19 13:49:22,2018-02-25 21:43:45
CUST000844,New,Email,REP018,2018-07-27 21:40:02,2018-07-27 21:40:02
CUST000845,Loyal,Referral,REP026,2017-09-12 07:38:41,2018-08-31 08:24:37
CUST000846,Loyal,Referral,REP023,2017-06-23 19:48:28,2018-09-27 01:16:23
CUST000847,Inactive,Email,REP010,2018-02-06 05:46:58,2018-02-06 05:46:58
CUST000848,VIP,Email,REP001,2017-04-19 11:28:34,2018-06-22 01:26:58
CUST000849,VIP,Referral,REP026,2017-03-21 02:59:33,2018-03-15 15:36:30
CUST000850,Loyal,Paid Search,REP023,2017-12-04 08:20:13,2018-05-24 17:50:50
CUST000851,Loyal,Organic,REP016,2017-10-06 05:38:49,2018-03-06 00:16:43
CUST000852,Inactive,Referral,REP018,2017-03-19 00:00:00,2017-03-19 00:00:00
CUST000853,Loyal,Paid Search,REP025,2017-04-07 19:48:36,2017-11-18 00:14:40
CUST000854,Loyal,Social,REP008,2017-01-13 05:33:58,2018-06-05 17:04:37
CUST000855,Regular,Paid Search,REP012,2017-06-18 01:29:47,2018-07-20 06:23:32
CUST000856,Loyal,Organic,REP027,2017-05-21 18:37:50,2018-07-22 20:31:14
CUST000857,Regular,Paid Search,REP010,2017-03-29 16:31:46,2018-05-25 19:54:58
CUST000858,Inactive,Social,REP017,2017-10-17 17:47:36,2017-10-17 17:47:36
CUST000859,Loyal,Organic,REP027,2017-03-28 21:50:05,2018-05-17 04:29:47
CUST000860,Loyal,Social,REP026,2017-06-29 17:21:35,2018-07-06 09:01:18
CUST000861,Regular,Social,REP012,2018-06-13 15:55:12,2018-09-05 19:12:49
CUST000862,Inactive,Referral,REP003,2017-04-04 21:06:28,2017-04-04 21:06:28
CUST000863,Loyal,Paid Search,REP002,2018-03-28 18:48:58,2018-09-08 16:45:15
CUST000864,Loyal,Referral,REP017,2017-10-28 08:16:15,2018-08-29 17:51:55
CUST000865,Loyal,Marketplace,REP023,2017-04-19 16:55:09,2017-09-08 15:32:20
CUST000866,Regular,Social,REP003,2017-06-26 18:45:51,2018-04-16 06:15:02
CUST000867,Regular,Email,REP012,2017-02-19 15:49:44,2017-02-25 20:02:03
CUST000868,Regular,Referral,REP008,2017-01-04 12:45:06,2017-01-11 14:26:29
CUST000869,Inactive,Organic,REP019,2018-01-25 05:10:37,2018-01-25 05:10:37
CUST000870,Loyal,Marketplace,REP017,2017-02-27 07:16:41,2018-07-12 21:16:29
CUST000871,Inactive,Referral,REP027,2017-06-27 18:07:07,2017-06-27 18:07:07
CUST000872,Loyal,Marketplace,REP028,2018-01-15 18:36:08,2018-06-20 23:13:30
CUST000873,Loyal,Marketplace,REP013,2017-11-26 07:15:46,2018-08-19 05:04:25
CUST000874,New,Paid Search,REP007,2018-09-19 09:14:14,2018-09-19 09:14:14
CUST000875,Loyal,Email,REP023,2017-03-09 21:58:33,2018-09-28 02:24:05
CUST000876,Regular,Organic,REP030,2017-09-23 15:23:31,2018-07-18 09:08:56
CUST000877,Loyal,Email,REP002,2017-03-02 04:05:59,2017-12-30 15:12:00
CUST000878,Inactive,Social,REP017,2018-02-19 00:00:00,2018-02-19 00:00:00
CUST000879,Loyal,Paid Search,REP010,2017-04-16 13:31:30,2018-09-28 17:45:32
CUST000880,Loyal,Referral,REP001,2017-05-14 04:12:32,2018-04-18 17:16:08
CUST000881,Inactive,Social,REP016,2017-11-05 11:33:14,2017-11-05 11:33:14
CUST000882,Inactive,Marketplace,REP008,2018-01-17 13:45:10,2018-01-17 13:45:10
CUST000883,Loyal,Email,REP006,2017-05-28 02:19:42,2018-07-30 01:19:44
CUST000884,Loyal,Social,REP026,2017-05-11 14:03:11,2018-06-23 16:30:25
CUST000885,Loyal,Email,REP002,2017-08-16 07:09:03,2018-05-15 07:59:01
CUST000886,Inactive,Marketplace,REP014,2018-02-11 06:47:05,2018-02-11 06:47:05
CUST000887,Inactive,Email,REP028,2017-05-08 13:09:56,2017-05-08 13:09:56
CUST000888,Regular,Paid Search,REP003,2017-05-19 06:00:21,2017-07-18 02:23:24
CUST000889,VIP,Organic,REP020,2017-02-01 15:27:04,2018-08-09 21:24:36
CUST000890,Regular,Marketplace,REP018,2017-07-02 09:10:18,2018-01-30 20:33:27
CUST000891,VIP,Referral,REP012,2017-05-23 21:37:10,2018-06-29 07:44:29
CUST000892,Loyal,Referral,REP027,2017-05-15 11:30:24,2018-09-06 05:40:57
CUST000893,New,Email,REP001,2018-06-05 09:35:57,2018-06-05 09:35:57
CUST000894,Loyal,Referral,REP018,2017-05-08 11:51:18,2018-07-21 10:38:10
CUST000895,New,Social,REP019,2018-04-08 11:21:29,2018-04-08 11:21:29
CUST000896,Loyal,Email,REP029,2017-05-18 12:32:20,2018-08-06 01:06:50
CUST000897,Inactive,Social,REP022,2017-06-07 07:28:59,2017-06-07 07:28:59
CUST000898,Loyal,Email,REP005,2017-03-11 04:37:51,2018-04-24 18:41:04
CUST000899,New,Social,REP001,2018-07-21 00:00:00,2018-07-21 00:00:00
CUST000900,Regular,Organic,REP009,2017-11-04 04:59:06,2018-03-14 20:38:39
CUST000901,Loyal,Marketplace,REP019,2017-06-24 22:38:52,2018-04-16 21:02:31
CUST000902,Inactive,Social,REP006,2017-07-14 00:52:50,2017-07-14 00:52:50
CUST000903,Loyal,Referral,REP026,2017-09-02 08:54:38,2018-08-16 19:25:59
CUST000904,Regular,Marketplace,REP020,2018-02-24 23:53:56,2018-06-25 01:30:56
CUST000905,New,Marketplace,REP024,2018-09-28 00:00:00,2018-09-28 00:00:00
CUST000906,Regular,Marketplace,REP011,2017-06-24 21:38:35,2017-11-14 07:01:36
CUST000907,Loyal,Referral,REP014,2018-05-10 03:25:48,2018-07-26 13:19:56
CUST000908,Loyal,Email,REP024,2017-02-19 12:52:20,2017-05-19 13:17:46
CUST000909,Regular,Referral,REP022,2017-01-27 04:22:48,2018-06-24 23:14:45
CUST000910,Inactive,Social,REP015,2017-03-31 17:57:07,2017-03-31 17:57:07
CUST000911,Loyal,Paid Search,REP023,2017-09-06 21:02:20,2018-02-19 18:40:37
CUST000912,New,Marketplace,REP022,2018-08-19 00:00:00,2018-08-19 00:00:00
CUST000913,Loyal,Referral,REP007,2017-01-26 16:50:27,2018-03-09 20:45:57
CUST000914,VIP,Social,REP019,2017-01-16 00:59:29,2017-12-01 13:28:01
CUST000915,Regular,Organic,REP005,2017-07-12 10:10:56,2018-02-02 06:04:35
CUST000916,Regular,Marketplace,REP014,2017-04-30 17:39:04,2018-02-20 00:07:49
CUST000917,Loyal,Paid Search,REP001,2017-04-08 07:11:56,2018-07-25 04:04:41
CUST000918,Loyal,Email,REP017,2017-01-10 15:37:22,2018-01-28 20:58:47
CUST000919,Loyal,Social,REP019,2017-05-28 02:15:00,2018-09-22 18:16:10
CUST000920,Inactive,Paid Search,REP017,2017-07-03 00:00:00,2017-07-03 00:00:00
CUST000921,Regular,Paid Search,REP005,2017-10-15 18:50:35,2018-07-03 15:48:57
CUST000922,Inactive,Email,REP013,2017-02-22 16:41:48,2017-02-22 16:41:48
CUST000923,Loyal,Organic,REP024,2017-01-11 10:25:12,2018-08-01 12:03:54
CUST000924,Regular,Organic,REP027,2017-04-20 19:28:25,2017-12-28 07:05:29
CUST000925,Loyal,Referral,REP017,2017-01-14 21:08:15,2018-08-08 09:43:21
CUST000926,Regular,Referral,REP004,2017-09-17 19:32:12,2018-05-15 11:11:30
CUST000927,Loyal,Marketplace,REP018,2017-03-12 09:16:21,2017-12-14 05:28:06
CUST000928,Regular,Referral,REP006,2018-07-07 23:28:21,2018-09-18 19:01:20
CUST000929,Loyal,Social,REP014,2018-01-20 09:50:32,2018-09-01 21:38:26
CUST000930,New,Social,REP010,2018-09-23 23:02:29,2018-09-23 23:02:29
CUST000931,Inactive,Marketplace,REP020,2017-06-08 00:47:25,2017-06-08 00:47:25
CUST000932,Loyal,Marketplace,REP002,2017-10-21 16:40:34,2018-08-05 21:30:27
CUST000933,Regular,Referral,REP010,2017-07-20 18:06:52,2018-01-11 03:49:02
CUST000934,Inactive,Referral,REP028,2017-12-11 18:21:01,2017-12-11 18:21:01
CUST000935,Regular,Paid Search,REP003,2017-05-31 00:09:00,2018-06-11 14:36:10
CUST000936,Regular,Social,REP016,2018-04-09 11:58:29,2018-07-29 18:23:57
CUST000937,Loyal,Marketplace,REP015,2017-06-19 12:23:22,2018-06-12 07:07:30
CUST000938,Regular,Marketplace,REP016,2017-04-29 21:44:24,2018-04-21 04:27:48
CUST000939,Loyal,Paid Search,REP012,2017-05-24 18:12:40,2017-08-24 07:05:18
CUST000940,Loyal,Paid Search,REP014,2017-10-07 09:47:38,2018-06-05 10:26:34
CUST000941,Regular,Email,REP003,2017-05-28 19:11:42,2017-08-30 00:33:25
CUST000942,Regular,Social,REP019,2017-05-12 18:04:46,2017-05-28 16:33:17
CUST000943,Loyal,Referral,REP026,2017-12-12 09:47:55,2018-08-21 19:32:03
CUST000944,Inactive,Referral,REP016,2017-01-10 08:38:40,2017-01-10 08:38:40
CUST000945,Inactive,Email,REP017,2018-02-07 22:28:45,2018-02-07 22:28:45
CUST000946,Inactive,Email,REP022,2017-03-12 00:00:00,2017-03-12 00:00:00
CUST000947,New,Marketplace,REP004,2018-07-10 00:00:00,2018-07-10 00:00:00
CUST000948,Inactive,Social,REP026,2017-07-16 05:22:27,2017-07-16 05:22:27
CUST000949,Loyal,Paid Search,REP025,2017-01-24 15:54:02,2018-08-22 15:40:05
CUST000950,Regular,Email,REP006,2017-01-05 16:54:06,2017-11-16 06:21:10
CUST000951,Loyal,Organic,REP030,2017-12-08 01:35:35,2018-09-15 11:57:55
CUST000952,Loyal,Referral,REP013,2017-05-10 08:51:28,2018-07-26 21:09:16
CUST000953,New,Referral,REP005,2018-04-29 10:06:55,2018-04-29 10:06:55
CUST000954,Regular,Paid Search,REP014,2017-05-09 00:43:51,2017-11-28 19:19:58
CUST000955,Inactive,Paid Search,REP026,2017-09-18 21:37:09,2017-09-18 21:37:09
CUST000956,Loyal,Email,REP022,2017-04-11 07:31:06,2018-09-24 09:40:40
CUST000957,Regular,Email,REP003,2018-03-21 11:29:43,2018-05-03 08:19:02
CUST000958,Loyal,Marketplace,REP015,2017-01-04 01:27:39,2018-08-12 02:05:38
CUST000959,Regular,Organic,REP007,2017-10-05 19:01:56,2018-04-14 18:08:22
CUST000960,Inactive,Social,REP021,2017-03-20 00:00:00,2017-03-20 00:00:00
CUST000961,Loyal,Email,REP007,2017-04-13 12:05:27,2018-01-11 03:46:43
CUST000962,Regular,Organic,REP027,2017-12-31 18:53:07,2018-07-07 16:07:44
CUST000963,Inactive,Marketplace,REP015,2017-11-19 00:00:00,2017-11-19 00:00:00
CUST000964,Inactive,Paid Search,REP005,2017-01-10 18:12:42,2017-01-10 18:12:42
CUST000965,Loyal,Organic,REP026,2017-02-12 21:49:34,2018-06-28 15:06:39
CUST000966,Regular,Paid Search,REP012,2017-09-18 17:11:52,2018-03-17 02:24:12
CUST000967,Loyal,Organic,REP001,2017-12-01 20:00:18,2018-08-25 13:15:57
CUST000968,VIP,Email,REP015,2017-01-13 07:13:11,2018-06-29 04:18:03
CUST000969,Regular,Referral,REP023,2018-09-16 09:03:11,2018-09-18 21:27:49
CUST000970,Inactive,Organic,REP021,2017-01-13 00:00:00,2017-01-13 00:00:00
CUST000971,Loyal,Marketplace,REP013,2017-02-19 08:22:34,2018-03-11 20:47:24
CUST000972,Loyal,Organic,REP019,2017-01-18 15:43:23,2018-01-06 05:57:53
CUST000973,Inactive,Paid Search,REP015,2017-04-27 22:30:27,2017-04-27 22:30:27
CUST000974,Inactive,Email,REP029,2017-04-20 13:44:19,2017-04-20 13:44:19
CUST000975,Regular,Social,REP004,2017-10-27 22:23:33,2018-01-07 04:08:26
CUST000976,Regular,Paid Search,REP020,2017-09-23 06:07:46,2018-06-23 22:44:37
CUST000977,Regular,Organic,REP001,2017-12-24 13:08:18,2018-06-27 20:58:14
CUST000978,Inactive,Paid Search,REP017,2017-10-15 04:58:11,2017-10-15 04:58:11
CUST000979,Regular,Organic,REP007,2017-10-05 11:38:59,2018-08-02 23:16:13
CUST000980,Loyal,Organic,REP010,2017-03-06 19:10:57,2018-06-28 02:49:10
CUST000981,Loyal,Referral,REP028,2017-03-02 02:16:47,2017-08-05 17:24:28
CUST000982,Loyal,Marketplace,REP025,2017-02-28 01:56:57,2018-09-04 05:12:53
CUST000983,VIP,Email,REP022,2017-04-28 11:59:15,2018-05-15 21:11:17
CUST000984,Inactive,Email,REP024,2017-10-03 00:00:00,2017-10-03 00:00:00
CUST000985,Loyal,Social,REP015,2017-09-28 01:30:22,2018-09-01 13:43:43
CUST000986,Loyal,Email,REP008,2017-06-29 06:40:14,2017-09-13 03:52:11
CUST000987,New,Organic,REP003,2018-07-12 11:57:46,2018-07-12 11:57:46
CUST000988,Regular,Social,REP005,2017-01-20 22:27:21,2018-07-25 06:29:45
CUST000989,Regular,Marketplace,REP023,2018-02-27 20:08:36,2018-03-15 03:52:15
CUST000990,Loyal,Social,REP002,2017-04-22 10:32:49,2017-07-05 19:18:31
CUST000991,Loyal,Social,REP030,2017-09-20 19:21:00,2018-04-25 21:51:28
CUST000992,Regular,Email,REP015,2017-04-15 16:38:24,2017-05-11 11:20:50
CUST000993,Loyal,Email,REP007,2017-01-23 08:48:09,2018-09-19 18:21:50
CUST000994,Regular,Paid Search,REP007,2017-03-18 01:02:24,2017-07-22 19:21:33
CUST000995,Loyal,Organic,REP022,2017-04-29 02:41:47,2017-09-11 22:49:09
CUST000996,Inactive,Social,REP029,2017-06-25 00:43:53,2017-06-25 00:43:53
CUST000997,Loyal,Organic,REP006,2017-07-11 07:16:43,2018-06-29 07:52:14
CUST000998,Loyal,Referral,REP018,2017-03-25 23:20:15,2018-07-13 12:50:49
CUST000999,Regular,Marketplace,REP017,2017-02-16 10:06:34,2018-08-20 18:23:16
CUST001000,Loyal,Social,REP012,2017-04-08 16:58:11,2017-12-06 04:12:13
CUST001001,Loyal,Social,REP023,2017-02-13 08:43:38,2017-06-21 12:27:17
CUST001002,Regular,Social,REP011,2017-01-31 21:35:48,2017-08-14 12:53:04
CUST001003,Loyal,Email,REP026,2017-01-19 19:49:10,2017-08-31 17:37:56
CUST001004,New,Referral,REP011,2018-06-19 18:09:35,2018-06-19 18:09:35
CUST001005,Loyal,Paid Search,REP008,2017-05-07 19:20:20,2017-12-01 19:31:26
CUST001006,Inactive,Paid Search,REP008,2017-04-17 00:00:00,2017-04-17 00:00:00
CUST001007,Loyal,Referral,REP027,2017-02-16 20:34:21,2017-12-25 05:49:41
CUST001008,Loyal,Referral,REP018,2017-03-01 04:54:25,2018-06-20 20:39:19
CUST001009,Inactive,Referral,REP009,2017-12-19 00:00:00,2017-12-19 00:00:00
CUST001010,Regular,Referral,REP023,2018-05-28 09:08:39,2018-06-14 11:27:21
CUST001011,New,Email,REP010,2018-06-12 05:27:35,2018-06-12 05:27:35
CUST001012,Inactive,Marketplace,REP005,2017-09-13 08:00:52,2017-09-13 08:00:52
CUST001013,Regular,Social,REP011,2017-03-06 17:23:31,2018-01-05 03:01:49
CUST001014,Inactive,Paid Search,REP027,2017-03-20 14:49:55,2017-03-20 14:49:55
CUST001015,Loyal,Paid Search,REP004,2017-05-29 17:23:11,2018-09-26 19:19:39
CUST001016,Loyal,Marketplace,REP026,2017-08-13 21:08:30,2018-05-14 22:53:44
CUST001017,Loyal,Organic,REP005,2017-10-30 22:52:56,2018-08-06 16:09:02
CUST001018,Loyal,Referral,REP025,2017-10-31 03:17:46,2018-05-27 11:56:30
CUST001019,Regular,Marketplace,REP021,2017-02-28 09:15:47,2017-04-16 13:33:54
CUST001020,Loyal,Organic,REP003,2017-04-14 19:58:15,2018-04-20 20:43:16
CUST001021,Loyal,Referral,REP019,2017-03-23 08:24:33,2018-03-22 04:45:32
CUST001022,Loyal,Referral,REP018,2017-01-22 03:38:58,2018-01-09 10:25:15
CUST001023,New,Email,REP028,2018-08-31 15:20:31,2018-08-31 15:20:31
CUST001024,Loyal,Referral,REP027,2017-12-15 22:53:49,2018-08-19 23:05:08
CUST001025,Loyal,Social,REP012,2017-04-23 10:48:51,2017-12-01 13:25:00
CUST001026,Loyal,Organic,REP017,2017-04-06 18:53:03,2018-06-27 15:37:09
CUST001027,New,Email,REP017,2018-05-03 00:00:00,2018-05-03 00:00:00
CUST001028,Regular,Email,REP003,2017-07-02 13:07:02,2018-06-11 03:09:40
CUST001029,Loyal,Social,REP005,2017-02-21 20:24:28,2017-12-04 08:58:37
CUST001030,Loyal,Referral,REP025,2017-01-15 06:50:25,2018-09-03 04:21:28
CUST001031,Loyal,Paid Search,REP016,2017-07-20 13:58:05,2018-07-28 03:14:30
CUST001032,Loyal,Organic,REP011,2018-01-13 09:02:48,2018-05-23 02:14:10
CUST001033,Loyal,Email,REP028,2017-03-31 22:52:50,2018-07-09 10:27:34
CUST001034,Loyal,Social,REP020,2017-06-16 03:38:26,2018-08-26 00:40:19
CUST001035,Loyal,Organic,REP030,2017-01-02 20:38:44,2018-06-21 16:06:15
CUST001036,Regular,Paid Search,REP020,2017-09-15 20:05:31,2018-04-21 11:00:08
CUST001037,Regular,Email,REP022,2017-07-29 03:14:30,2018-08-23 01:39:25
CUST001038,Regular,Organic,REP005,2018-04-21 14:55:32,2018-06-26 17:21:44
CUST001039,New,Email,REP022,2018-04-21 04:12:48,2018-04-21 04:12:48
CUST001040,Inactive,Paid Search,REP013,2018-02-22 01:52:10,2018-02-22 01:52:10
CUST001041,Loyal,Referral,REP029,2017-05-07 20:48:15,2017-11-20 00:06:49
CUST001042,Loyal,Social,REP026,2017-02-09 16:59:30,2018-09-11 08:11:28
CUST001043,Regular,Email,REP004,2017-11-22 02:36:40,2018-09-14 06:45:02
CUST001044,Inactive,Paid Search,REP014,2017-06-10 22:33:55,2017-06-10 22:33:55
CUST001045,Loyal,Email,REP001,2017-02-10 18:50:33,2018-02-22 01:21:29
CUST001046,Loyal,Referral,REP023,2018-02-04 14:28:03,2018-09-15 01:28:47
CUST001047,Loyal,Email,REP007,2017-02-13 00:52:40,2018-04-03 14:57:43
CUST001048,Loyal,Marketplace,REP019,2017-02-09 11:22:52,2018-03-07 16:29:17
CUST001049,Regular,Email,REP006,2017-06-27 09:56:46,2017-07-09 15:32:57
CUST001050,Loyal,Referral,REP017,2017-04-16 03:25:05,2018-07-07 22:28:22
CUST001051,Loyal,Social,REP028,2017-04-26 01:54:57,2018-01-22 11:53:47
CUST001052,Regular,Organic,REP012,2017-04-14 12:33:33,2017-07-08 04:21:29
CUST001053,Loyal,Email,REP027,2017-02-23 02:05:31,2018-09-18 19:40:59
CUST001054,New,Social,REP012,2018-06-01 11:17:09,2018-06-01 11:17:09
CUST001055,Inactive,Social,REP027,2017-03-30 00:00:00,2017-03-30 00:00:00
CUST001056,Inactive,Referral,REP028,2017-07-28 15:00:59,2017-07-28 15:00:59
CUST001057,Loyal,Organic,REP010,2017-05-27 09:27:46,2017-12-13 21:16:23
CUST001058,Loyal,Organic,REP010,2017-04-22 11:58:54,2018-09-17 12:26:19
CUST001059,Loyal,Paid Search,REP014,2017-05-29 04:05:07,2018-05-23 10:26:08
CUST001060,Regular,Marketplace,REP014,2017-07-08 21:39:41,2018-06-30 05:38:23
CUST001061,Loyal,Email,REP012,2017-06-14 21:30:57,2018-08-07 14:22:14
CUST001062,Inactive,Organic,REP023,2017-11-29 09:22:10,2017-11-29 09:22:10
CUST001063,Loyal,Organic,REP023,2017-06-16 22:22:32,2018-08-14 03:37:27
CUST001064,Loyal,Referral,REP019,2017-05-31 05:39:33,2018-08-21 03:46:23
CUST001065,New,Marketplace,REP014,2018-07-22 00:00:00,2018-07-22 00:00:00
CUST001066,Loyal,Referral,REP001,2017-05-11 02:15:26,2018-02-03 02:07:49
CUST001067,Regular,Organic,REP008,2017-01-09 12:46:16,2017-03-28 17:54:06
CUST001068,Loyal,Organic,REP003,2017-12-22 07:11:46,2018-09-23 03:50:56
CUST001069,Loyal,Social,REP004,2017-04-05 14:20:58,2018-05-02 00:49:07
CUST001070,Regular,Marketplace,REP013,2017-04-22 09:51:18,2018-08-08 03:49:59
CUST001071,Loyal,Social,REP007,2017-08-06 06:42:18,2018-05-12 03:56:34
CUST001072,Loyal,Social,REP020,2017-06-27 19:08:45,2018-03-16 02:12:35
CUST001073,Regular,Email,REP018,2017-03-09 02:30:06,2017-04-09 15:29:34
CUST001074,Loyal,Marketplace,REP011,2017-11-09 04:10:03,2018-09-25 22:26:38
CUST001075,Loyal,Social,REP013,2017-03-01 21:50:51,2018-07-01 14:23:18
CUST001076,Loyal,Referral,REP011,2017-06-07 23:53:24,2018-06-30 16:48:40
CUST001077,Loyal,Paid Search,REP002,2017-05-10 05:30:41,2018-06-19 03:52:19
CUST001078,Loyal,Paid Search,REP016,2017-07-18 08:20:51,2018-02-13 03:50:38
CUST001079,Regular,Organic,REP005,2018-02-06 01:45:14,2018-09-24 09:51:56
CUST001080,Loyal,Organic,REP021,2018-01-24 00:31:29,2018-09-13 18:08:11
CUST001081,Regular,Organic,REP021,2017-02-09 14:55:09,2017-03-28 10:46:52
CUST001082,VIP,Social,REP002,2017-02-21 17:09:10,2018-04-14 11:00:30
CUST001083,Regular,Marketplace,REP006,2018-03-27 00:58:13,2018-09-23 23:08:40
CUST001084,New,Email,REP004,2018-05-02 00:00:00,2018-05-02 00:00:00
CUST001085,New,Paid Search,REP004,2018-09-18 00:00:00,2018-09-18 00:00:00
CUST001086,Regular,Marketplace,REP022,2017-02-20 06:26:55,2018-06-04 16:44:10
CUST001087,VIP,Email,REP026,2017-03-26 08:21:34,2018-07-19 21:19:49
CUST001088,Regular,Referral,REP003,2017-07-02 01:50:22,2018-03-19 07:56:04
CUST001089,Inactive,Referral,REP002,2017-07-30 11:32:45,2017-07-30 11:32:45
CUST001090,Inactive,Marketplace,REP004,2017-11-22 00:00:00,2017-11-22 00:00:00
CUST001091,Loyal,Paid Search,REP028,2017-06-18 17:06:59,2018-08-18 13:16:49
CUST001092,Loyal,Marketplace,REP017,2017-01-12 17:57:20,2017-09-03 11:00:37
CUST001093,New,Social,REP011,2018-06-27 00:00:00,2018-06-27 00:00:00
CUST001094,Loyal,Email,REP025,2017-01-25 04:55:52,2017-09-24 15:52:44
CUST001095,Regular,Email,REP014,2018-03-27 05:52:35,2018-05-10 01:51:51
CUST001096,Loyal,Organic,REP016,2017-02-11 03:50:55,2017-09-08 04:42:44
CUST001097,Loyal,Referral,REP030,2017-05-10 06:53:33,2018-01-04 16:30:48
CUST001098,Loyal,Organic,REP001,2017-01-19 15:11:23,2018-07-16 13:25:03
CUST001099,Regular,Social,REP018,2017-01-06 11:21:13,2017-11-22 15:18:52
CUST001100,Regular,Marketplace,REP023,2017-09-17 01:59:42,2018-08-05 04:55:21
CUST001101,Loyal,Organic,REP028,2017-03-04 22:53:57,2018-09-12 10:49:36
CUST001102,Loyal,Organic,REP009,2017-05-08 01:15:47,2018-07-20 05:39:26
CUST001103,Inactive,Social,REP016,2017-05-03 00:00:00,2017-05-03 00:00:00
CUST001104,VIP,Email,REP010,2017-02-07 07:02:30,2018-04-21 15:57:13
CUST001105,Inactive,Social,REP028,2018-01-04 17:55:02,2018-01-04 17:55:02
CUST001106,Inactive,Paid Search,REP029,2018-01-26 00:00:00,2018-01-26 00:00:00
CUST001107,Loyal,Organic,REP014,2017-08-13 05:51:50,2018-05-17 14:32:10
CUST001108,Inactive,Email,REP019,2017-11-19 00:00:00,2017-11-19 00:00:00
CUST001109,Loyal,Organic,REP022,2017-01-16 16:53:44,2017-06-11 17:35:55
CUST001110,Loyal,Email,REP023,2017-04-03 09:38:48,2018-03-24 09:17:39
CUST001111,Regular,Social,REP011,2017-09-04 15:02:10,2017-12-24 21:25:58
CUST001112,New,Paid Search,REP015,2018-09-24 00:00:00,2018-09-24 00:00:00
CUST001113,Regular,Social,REP003,2017-06-19 19:17:20,2018-06-08 13:29:45
CUST001114,Loyal,Marketplace,REP006,2017-02-11 15:02:54,2017-06-15 19:20:28
CUST001115,Regular,Email,REP023,2017-09-20 01:17:56,2018-03-10 19:49:21
CUST001116,Loyal,Social,REP017,2017-07-04 10:05:47,2018-08-25 01:28:45
CUST001117,New,Social,REP023,2018-04-22 00:41:55,2018-04-22 00:41:55
CUST001118,Regular,Email,REP018,2017-08-19 20:16:05,2017-12-02 13:04:59
CUST001119,VIP,Marketplace,REP006,2017-02-11 17:02:27,2017-12-10 13:05:47
CUST001120,Inactive,Paid Search,REP028,2017-11-04 15:38:24,2017-11-04 15:38:24
CUST001121,Loyal,Email,REP010,2017-04-03 13:11:30,2018-03-23 07:43:07
CUST001122,Loyal,Marketplace,REP021,2017-03-26 10:50:48,2018-04-11 21:04:45
CUST001123,Inactive,Organic,REP028,2017-05-25 20:27:33,2017-05-25 20:27:33
CUST001124,Regular,Marketplace,REP024,2018-04-16 19:45:36,2018-07-07 01:18:01
CUST001125,Inactive,Paid Search,REP022,2017-04-21 21:22:01,2017-04-21 21:22:01
CUST001126,Loyal,Referral,REP023,2017-06-19 16:48:19,2018-09-07 22:44:12
CUST001127,Inactive,Paid Search,REP013,2018-03-07 16:09:21,2018-03-07 16:09:21
CUST001128,Regular,Email,REP026,2017-01-05 08:29:55,2018-09-10 02:00:44
CUST001129,Inactive,Organic,REP001,2017-11-20 09:18:01,2017-11-20 09:18:01
CUST001130,Loyal,Social,REP027,2017-03-30 15:34:42,2018-02-10 08:12:28
CUST001131,New,Organic,REP020,2018-04-29 01:09:19,2018-04-29 01:09:19
CUST001132,Inactive,Email,REP005,2017-08-22 00:00:00,2017-08-22 00:00:00
CUST001133,Inactive,Social,REP009,2018-03-15 00:00:00,2018-03-15 00:00:00
CUST001134,Loyal,Organic,REP021,2017-02-07 03:58:24,2018-05-05 15:04:22
CUST001135,Loyal,Paid Search,REP013,2017-02-17 14:11:22,2018-01-03 19:47:41
CUST001136,Loyal,Referral,REP008,2017-02-15 23:56:00,2018-05-15 19:58:42
CUST001137,VIP,Paid Search,REP019,2017-04-10 21:01:48,2018-07-29 09:29:54
CUST001138,Regular,Paid Search,REP007,2017-06-30 22:59:38,2018-06-07 06:08:51
CUST001139,Inactive,Referral,REP008,2017-02-25 00:00:00,2017-02-25 00:00:00
CUST001140,Loyal,Paid Search,REP017,2017-03-05 17:39:30,2017-11-18 06:11:33
CUST001141,Loyal,Paid Search,REP012,2017-01-10 10:54:23,2018-07-13 10:30:24
CUST001142,Inactive,Referral,REP004,2017-01-17 22:33:14,2017-01-17 22:33:14
CUST001143,Regular,Email,REP020,2017-02-07 11:41:08,2017-05-06 09:13:43
CUST001144,Loyal,Organic,REP011,2017-03-17 18:28:31,2018-08-31 13:15:28
CUST001145,Regular,Marketplace,REP018,2017-01-04 12:03:38,2018-06-01 19:16:11
CUST001146,Regular,Social,REP014,2017-01-05 16:15:19,2018-06-18 06:49:18
CUST001147,New,Marketplace,REP009,2018-05-30 16:41:32,2018-05-30 16:41:32
CUST001148,Regular,Referral,REP027,2017-08-02 06:57:00,2017-09-15 15:37:07
CUST001149,Loyal,Marketplace,REP003,2017-06-28 22:27:45,2018-04-15 10:02:22
CUST001150,Loyal,Social,REP029,2017-03-26 23:38:32,2018-02-14 07:44:01
CUST001151,New,Organic,REP012,2018-06-14 17:24:48,2018-06-14 17:24:48
CUST001152,Regular,Paid Search,REP008,2017-01-27 01:21:11,2017-10-29 21:20:39
CUST001153,Inactive,Organic,REP026,2017-01-14 03:56:12,2017-01-14 03:56:12
CUST001154,Loyal,Referral,REP027,2017-07-05 16:03:20,2018-05-01 17:48:12
CUST001155,Loyal,Marketplace,REP008,2017-04-15 19:26:51,2018-07-01 01:45:40
CUST001156,Regular,Referral,REP024,2017-05-02 09:46:20,2018-04-15 16:49:48
CUST001157,Loyal,Paid Search,REP014,2017-01-28 23:24:39,2018-06-11 06:26:09
CUST001158,Regular,Social,REP020,2017-05-09 13:16:32,2017-12-23 19:58:42
CUST001159,Inactive,Email,REP002,2017-01-11 00:00:00,2017-01-11 00:00:00
CUST001160,Loyal,Email,REP007,2017-08-12 03:38:30,2018-09-03 18:05:44
CUST001161,Loyal,Referral,REP006,2017-08-21 22:03:36,2018-04-12 14:11:06
CUST001162,Loyal,Email,REP024,2017-05-08 22:48:23,2018-02-25 06:22:08
CUST001163,Regular,Marketplace,REP024,2017-05-04 22:24:14,2018-07-13 04:55:34
CUST001164,Inactive,Referral,REP008,2017-05-09 00:00:00,2017-05-09 00:00:00
CUST001165,Inactive,Organic,REP002,2017-01-24 00:00:00,2017-01-24 00:00:00
CUST001166,Loyal,Email,REP011,2017-03-05 22:33:45,2018-02-03 12:52:16
CUST001167,Loyal,Organic,REP007,2017-03-22 21:37:01,2018-07-29 21:56:12
CUST001168,Regular,Referral,REP007,2017-07-31 11:27:14,2018-04-10 18:02:53
CUST001169,VIP,Marketplace,REP017,2017-02-17 20:42:29,2018-09-26 03:20:40
CUST001170,Loyal,Paid Search,REP016,2017-08-01 11:30:53,2018-09-16 23:07:07
CUST001171,Loyal,Social,REP019,2017-06-12 16:39:36,2018-05-25 23:51:27
CUST001172,Inactive,Referral,REP023,2017-09-23 12:41:07,2017-09-23 12:41:07
CUST001173,Loyal,Organic,REP001,2018-03-11 01:40:54,2018-08-14 13:42:05
CUST001174,Regular,Email,REP024,2017-11-30 03:02:02,2018-01-06 11:12:01
CUST001175,Loyal,Paid Search,REP017,2017-03-12 04:04:36,2017-12-09 17:37:00
CUST001176,Loyal,Marketplace,REP016,2017-04-17 16:47:01,2017-10-07 06:06:07
CUST001177,New,Social,REP018,2018-05-21 00:00:00,2018-05-21 00:00:00
CUST001178,Loyal,Marketplace,REP001,2017-06-10 06:49:01,2018-07-21 03:40:35
CUST001179,Loyal,Email,REP004,2017-05-11 03:00:34,2018-07-09 07:57:10
CUST001180,Loyal,Email,REP009,2017-01-21 10:18:11,2017-07-07 13:47:40
CUST001181,Loyal,Paid Search,REP007,2017-02-07 05:09:18,2018-02-20 13:01:10
CUST001182,Regular,Email,REP011,2017-06-30 19:37:03,2017-07-29 23:53:49
CUST001183,Inactive,Referral,REP014,2017-02-16 07:01:45,2017-02-16 07:01:45
CUST001184,Inactive,Email,REP004,2017-04-18 04:26:14,2017-04-18 04:26:14
CUST001185,Loyal,Social,REP020,2017-02-02 09:46:57,2017-11-18 21:49:59
CUST001186,Loyal,Email,REP026,2017-10-16 23:32:02,2018-02-28 13:59:54
CUST001187,Inactive,Organic,REP013,2017-04-03 00:00:00,2017-04-03 00:00:00
CUST001188,New,Organic,REP008,2018-05-19 00:00:00,2018-05-19 00:00:00
CUST001189,Regular,Marketplace,REP008,2017-01-10 16:41:08,2017-10-22 07:20:39
CUST001190,Inactive,Social,REP022,2017-07-04 01:58:13,2017-07-04 01:58:13
CUST001191,Loyal,Social,REP012,2017-06-14 09:47:09,2018-09-30 05:50:41
CUST001192,Regular,Referral,REP014,2017-11-17 10:21:53,2018-09-28 02:57:47
CUST001193,Loyal,Organic,REP002,2017-05-13 10:26:23,2018-07-15 19:50:54
CUST001194,Regular,Social,REP009,2018-04-12 15:05:21,2018-05-11 22:03:32
CUST001195,Loyal,Organic,REP018,2017-05-21 11:54:12,2018-06-12 21:01:11
CUST001196,Loyal,Email,REP001,2017-07-12 15:51:09,2018-04-18 17:01:50
CUST001197,Loyal,Marketplace,REP028,2017-07-02 05:47:12,2017-12-20 08:14:16
CUST001198,Loyal,Organic,REP030,2017-01-24 17:56:18,2018-02-18 00:24:28
CUST001199,Inactive,Social,REP007,2017-08-01 05:12:49,2017-08-01 05:12:49
CUST001200,Inactive,Social,REP024,2017-01-18 12:40:05,2017-01-18 12:40:05
CUST001201,Loyal,Referral,REP024,2017-04-29 20:10:39,2018-06-13 05:22:17
CUST001202,Loyal,Marketplace,REP013,2017-02-02 23:21:15,2018-05-10 11:28:33
CUST001203,Inactive,Referral,REP005,2017-05-05 00:00:00,2017-05-05 00:00:00
CUST001204,VIP,Referral,REP016,2017-05-11 17:13:08,2018-07-28 13:22:17
CUST001205,Regular,Paid Search,REP020,2017-04-13 12:22:05,2018-02-12 02:58:30
CUST001206,Regular,Paid Search,REP019,2017-09-29 04:06:23,2018-06-18 08:18:34
CUST001207,New,Marketplace,REP016,2018-07-22 02:35:31,2018-07-22 02:35:31
CUST001208,Loyal,Marketplace,REP004,2017-06-13 02:51:55,2018-08-11 19:05:44
CUST001209,New,Social,REP012,2018-05-27 22:34:21,2018-05-27 22:34:21
CUST001210,Loyal,Email,REP007,2017-04-02 18:32:43,2018-03-29 00:33:05
CUST001211,VIP,Social,REP024,2017-03-10 19:05:29,2018-08-24 12:13:54
CUST001212,Loyal,Marketplace,REP002,2017-04-14 13:25:47,2018-06-09 22:26:38
CUST001213,Loyal,Referral,REP003,2017-08-24 03:42:09,2018-06-28 03:23:46
CUST001214,Inactive,Referral,REP023,2017-08-22 00:00:00,2017-08-22 00:00:00
CUST001215,Regular,Email,REP008,2018-06-17 12:15:40,2018-06-25 01:09:07
CUST001216,New,Referral,REP010,2018-05-31 20:15:48,2018-05-31 20:15:48
CUST001217,Loyal,Marketplace,REP005,2017-07-18 00:09:39,2018-09-26 15:59:51
CUST001218,VIP,Marketplace,REP025,2017-02-19 00:13:56,2018-04-30 09:22:17
CUST001219,Loyal,Referral,REP004,2017-07-14 05:38:43,2018-03-18 14:47:10
CUST001220,Regular,Referral,REP012,2017-05-29 17:03:49,2017-12-30 16:24:03
CUST001221,Loyal,Organic,REP020,2017-10-09 00:43:57,2018-08-04 05:19:46
CUST001222,Inactive,Organic,REP002,2017-11-24 16:44:46,2017-11-24 16:44:46
CUST001223,Regular,Referral,REP028,2017-06-26 14:56:00,2017-09-25 21:18:00
CUST001224,Inactive,Paid Search,REP002,2017-06-20 00:00:00,2017-06-20 00:00:00
CUST001225,Regular,Paid Search,REP005,2017-07-22 17:34:11,2018-08-23 10:59:47
CUST001226,Inactive,Marketplace,REP001,2017-07-01 12:21:20,2017-07-01 12:21:20
CUST001227,Loyal,Email,REP015,2017-02-21 03:04:22,2018-05-17 14:48:50
CUST001228,Loyal,Email,REP022,2017-06-23 20:00:04,2018-08-16 17:49:19
CUST001229,Inactive,Paid Search,REP022,2017-01-23 02:20:50,2017-01-23 02:20:50
CUST001230,Loyal,Email,REP010,2017-02-10 16:20:27,2017-04-14 09:19:00
CUST001231,Loyal,Email,REP006,2017-02-28 02:37:20,2018-04-06 21:43:41
CUST001232,Regular,Email,REP030,2017-11-12 21:08:39,2018-09-16 20:40:46
CUST001233,Inactive,Marketplace,REP005,2017-01-12 00:00:00,2017-01-12 00:00:00
CUST001234,Inactive,Marketplace,REP025,2017-05-08 08:54:37,2017-05-08 08:54:37
CUST001235,Loyal,Marketplace,REP016,2018-02-21 14:13:49,2018-08-07 23:51:56
CUST001236,Loyal,Social,REP023,2017-02-09 03:01:59,2018-03-01 18:25:52
CUST001237,Inactive,Email,REP009,2017-11-21 07:33:05,2017-11-21 07:33:05
CUST001238,Loyal,Email,REP028,2017-04-01 10:38:11,2018-03-14 02:48:39
CUST001239,New,Referral,REP001,2018-04-04 00:00:00,2018-04-04 00:00:00
CUST001240,Loyal,Marketplace,REP025,2017-05-06 19:51:40,2018-08-05 18:10:33
CUST001241,Inactive,Marketplace,REP012,2017-10-04 15:23:14,2017-10-04 15:23:14
CUST001242,Inactive,Paid Search,REP022,2017-11-11 00:00:00,2017-11-11 00:00:00
CUST001243,Inactive,Organic,REP026,2017-11-13 13:15:53,2017-11-13 13:15:53
CUST001244,New,Marketplace,REP006,2018-06-18 10:05:44,2018-06-18 10:05:44
CUST001245,Loyal,Referral,REP013,2017-02-24 03:04:10,2018-04-18 08:56:11
CUST001246,Regular,Paid Search,REP014,2017-12-10 09:26:15,2017-12-30 16:49:56
CUST001247,Loyal,Social,REP025,2017-01-03 11:34:45,2018-04-17 13:07:43
CUST001248,Inactive,Paid Search,REP004,2017-06-01 00:00:00,2017-06-01 00:00:00
CUST001249,Inactive,Email,REP003,2017-11-16 12:28:14,2017-11-16 12:28:14
CUST001250,Loyal,Email,REP019,2017-05-22 08:30:05,2018-07-21 04:03:14
CUST001251,Loyal,Marketplace,REP029,2017-11-28 10:13:36,2018-08-01 13:29:35
CUST001252,Loyal,Marketplace,REP003,2017-04-23 18:57:38,2018-04-05 17:56:16
CUST001253,Loyal,Organic,REP010,2017-06-16 02:07:02,2018-08-12 04:22:40
CUST001254,Inactive,Social,REP004,2017-08-03 19:47:31,2017-08-03 19:47:31
CUST001255,Loyal,Paid Search,REP026,2017-06-17 07:54:23,2017-12-14 14:04:40
CUST001256,Regular,Paid Search,REP007,2018-05-31 12:40:31,2018-07-19 19:21:14
CUST001257,VIP,Organic,REP026,2017-02-21 01:55:27,2018-09-23 12:28:00
CUST001258,Regular,Marketplace,REP020,2018-04-06 14:15:53,2018-08-13 18:27:58
CUST001259,Loyal,Marketplace,REP025,2017-04-06 23:45:01,2018-01-19 13:00:33
CUST001260,Regular,Organic,REP022,2017-04-29 08:13:01,2018-07-11 09:38:59
CUST001261,Loyal,Marketplace,REP010,2017-02-08 15:59:00,2018-05-24 07:59:58
CUST001262,Inactive,Marketplace,REP024,2018-02-10 14:29:23,2018-02-10 14:29:23
CUST001263,Loyal,Referral,REP029,2017-07-21 02:33:31,2017-12-26 01:44:19
CUST001264,Regular,Organic,REP019,2017-05-02 23:10:07,2017-07-21 22:34:55
CUST001265,Loyal,Organic,REP030,2017-04-19 05:09:03,2018-06-20 19:31:28
CUST001266,New,Email,REP029,2018-07-25 16:48:52,2018-07-25 16:48:52
CUST001267,Regular,Organic,REP022,2017-05-04 18:31:26,2018-03-16 07:40:57
CUST001268,Loyal,Social,REP015,2017-02-10 16:35:23,2018-06-01 12:11:14
CUST001269,New,Social,REP017,2018-04-26 02:33:40,2018-04-26 02:33:40
CUST001270,Inactive,Paid Search,REP030,2017-09-10 01:44:59,2017-09-10 01:44:59
CUST001271,Regular,Social,REP017,2017-01-13 22:16:19,2018-07-06 01:07:36
CUST001272,Regular,Paid Search,REP001,2017-05-20 10:03:09,2018-09-07 15:44:27
CUST001273,Loyal,Organic,REP025,2017-01-04 17:18:06,2018-04-22 10:15:45
CUST001274,Regular,Paid Search,REP010,2017-08-06 09:34:35,2018-05-13 14:23:09
CUST001275,Regular,Organic,REP022,2017-03-03 04:41:23,2017-05-24 10:33:09
CUST001276,Loyal,Social,REP002,2017-03-24 12:49:37,2018-09-12 23:02:20
CUST001277,Inactive,Organic,REP022,2018-03-13 00:00:00,2018-03-13 00:00:00
CUST001278,Inactive,Social,REP019,2018-01-10 00:00:00,2018-01-10 00:00:00
CUST001279,Inactive,Marketplace,REP014,2018-01-22 00:00:00,2018-01-22 00:00:00
CUST001280,Regular,Marketplace,REP017,2017-01-22 12:55:06,2017-08-18 09:54:20
CUST001281,Inactive,Marketplace,REP024,2017-02-06 03:36:04,2017-02-06 03:36:04
CUST001282,Regular,Paid Search,REP001,2017-04-19 10:41:22,2017-05-27 10:52:19
CUST001283,Inactive,Marketplace,REP008,2017-08-06 21:02:04,2017-08-06 21:02:04
CUST001284,Loyal,Social,REP004,2017-03-02 08:57:16,2018-07-10 07:01:59
CUST001285,Loyal,Marketplace,REP011,2017-08-19 20:54:20,2018-02-27 00:15:39
CUST001286,Inactive,Social,REP011,2017-10-02 12:48:14,2017-10-02 12:48:14
CUST001287,Loyal,Email,REP002,2017-05-01 03:18:12,2018-04-15 06:40:07
CUST001288,Loyal,Referral,REP016,2017-02-04 06:29:37,2018-05-08 07:56:15
CUST001289,Regular,Social,REP028,2017-01-06 02:20:54,2017-05-30 07:36:23
CUST001290,Loyal,Social,REP018,2018-01-01 20:28:34,2018-09-23 04:16:09
CUST001291,Loyal,Social,REP026,2017-05-15 07:03:20,2018-09-10 01:30:13
CUST001292,Loyal,Marketplace,REP026,2017-03-17 15:24:58,2018-09-23 14:18:25
CUST001293,Inactive,Paid Search,REP016,2017-11-28 02:23:25,2017-11-28 02:23:25
CUST001294,Regular,Referral,REP028,2017-03-23 16:52:38,2018-02-03 06:28:46
CUST001295,Inactive,Paid Search,REP028,2018-01-18 14:46:58,2018-01-18 14:46:58
CUST001296,Regular,Referral,REP022,2017-04-08 11:41:08,2017-12-03 07:04:37
CUST001297,Loyal,Marketplace,REP030,2017-02-02 04:56:12,2018-08-25 17:41:09
CUST001298,Regular,Paid Search,REP001,2017-03-19 19:54:58,2018-02-11 04:00:21
CUST001299,Loyal,Organic,REP010,2017-02-06 11:32:18,2018-07-14 01:48:10
CUST001300,Loyal,Email,REP001,2017-01-01 14:29:11,2018-09-11 02:22:07
CUST001301,Loyal,Organic,REP002,2018-02-25 09:23:56,2018-07-24 08:24:12
CUST001302,New,Paid Search,REP021,2018-06-30 00:00:00,2018-06-30 00:00:00
CUST001303,Loyal,Marketplace,REP002,2017-03-04 10:45:02,2018-08-20 15:42:24
CUST001304,Loyal,Referral,REP026,2017-03-25 14:58:23,2018-08-27 15:21:09
CUST001305,Loyal,Referral,REP025,2017-01-25 05:38:34,2017-03-13 21:01:13
CUST001306,Loyal,Organic,REP005,2017-04-06 09:00:05,2018-06-01 06:18:10
CUST001307,Loyal,Paid Search,REP019,2017-04-08 19:21:43,2017-12-28 13:39:59
CUST001308,Loyal,Paid Search,REP028,2017-02-21 19:12:44,2018-03-18 23:53:52
CUST001309,Regular,Marketplace,REP024,2017-08-02 12:37:46,2018-08-01 00:01:10
CUST001310,Loyal,Organic,REP029,2018-05-31 07:23:45,2018-08-08 07:25:24
CUST001311,Loyal,Social,REP002,2017-11-22 13:57:03,2018-08-10 19:25:08
CUST001312,Regular,Paid Search,REP021,2017-01-13 08:58:39,2017-11-10 05:42:23
CUST001313,Loyal,Referral,REP021,2017-04-24 04:48:18,2017-07-10 02:29:41
CUST001314,Loyal,Social,REP011,2017-03-30 04:40:52,2017-12-14 21:54:41
CUST001315,Loyal,Marketplace,REP015,2017-06-28 04:19:56,2018-04-07 17:48:48
CUST001316,Regular,Paid Search,REP008,2017-09-16 18:12:18,2018-09-23 08:36:37
CUST001317,Loyal,Email,REP010,2017-03-14 23:08:21,2018-06-15 06:52:29
CUST001318,VIP,Paid Search,REP004,2017-01-08 12:12:04,2018-06-08 20:04:35
CUST001319,Regular,Social,REP006,2018-03-07 02:01:51,2018-08-05 17:06:19
CUST001320,Regular,Social,REP008,2018-01-11 23:39:54,2018-04-28 23:48:29
CUST001321,Inactive,Email,REP028,2017-09-11 00:00:00,2017-09-11 00:00:00
CUST001322,Regular,Email,REP011,2017-04-27 22:33:55,2018-05-18 15:31:27
CUST001323,Loyal,Organic,REP029,2017-01-07 00:15:46,2018-06-09 19:36:25
CUST001324,Regular,Marketplace,REP014,2017-01-07 19:37:22,2017-10-23 05:24:05
CUST001325,Regular,Social,REP005,2017-01-29 23:26:41,2018-04-15 09:17:21
CUST001326,Regular,Referral,REP029,2018-01-02 07:35:15,2018-08-26 22:35:08
CUST001327,Regular,Referral,REP023,2017-06-03 17:42:29,2017-11-03 17:10:02
CUST001328,Regular,Marketplace,REP008,2017-09-16 14:24:52,2018-08-31 05:19:07
CUST001329,Loyal,Email,REP022,2017-07-23 04:02:56,2018-05-10 10:16:31
CUST001330,New,Referral,REP005,2018-04-20 21:23:42,2018-04-20 21:23:42
CUST001331,Loyal,Social,REP024,2017-06-10 08:43:59,2018-03-06 23:29:54
CUST001332,New,Paid Search,REP030,2018-04-20 23:05:57,2018-04-20 23:05:57
CUST001333,Loyal,Email,REP026,2017-07-09 11:59:25,2018-04-12 05:41:20
CUST001334,Regular,Paid Search,REP021,2017-01-23 03:41:25,2017-12-23 15:34:47
CUST001335,Loyal,Email,REP012,2017-02-24 00:53:21,2018-07-13 00:26:19
CUST001336,Loyal,Referral,REP019,2017-01-30 05:02:08,2017-12-03 06:37:47
CUST001337,Regular,Referral,REP010,2017-07-26 06:50:10,2017-08-07 10:00:01
CUST001338,Regular,Paid Search,REP017,2017-07-16 05:05:53,2017-09-23 02:27:15
CUST001339,Regular,Social,REP012,2017-05-12 14:00:06,2018-04-25 16:08:31
CUST001340,New,Paid Search,REP028,2018-05-31 00:35:32,2018-05-31 00:35:32
CUST001341,Regular,Social,REP015,2017-10-08 20:33:37,2018-09-16 11:08:43
CUST001342,Loyal,Organic,REP016,2017-09-09 18:12:42,2018-09-07 00:31:23
CUST001343,New,Organic,REP021,2018-08-15 08:56:52,2018-08-15 08:56:52
CUST001344,Loyal,Paid Search,REP023,2017-10-15 05:05:50,2018-09-23 11:02:43
CUST001345,Loyal,Email,REP017,2017-02-09 05:19:27,2018-07-03 21:49:01
CUST001346,Regular,Paid Search,REP029,2017-05-12 10:17:56,2018-05-08 02:00:35
CUST001347,Regular,Organic,REP017,2017-02-28 10:14:23,2017-08-26 06:33:56
CUST001348,Inactive,Organic,REP024,2017-05-20 03:18:40,2017-05-20 03:18:40
CUST001349,Regular,Email,REP004,2017-10-09 15:03:01,2018-05-14 09:44:52
CUST001350,Loyal,Social,REP004,2017-08-09 17:47:03,2018-08-21 22:29:39
CUST001351,New,Social,REP023,2018-05-15 00:00:00,2018-05-15 00:00:00
CUST001352,Regular,Email,REP007,2018-06-06 13:56:06,2018-06-30 14:44:20
CUST001353,New,Paid Search,REP028,2018-04-16 00:00:00,2018-04-16 00:00:00
CUST001354,Loyal,Marketplace,REP030,2018-02-18 05:44:13,2018-08-11 16:01:25
CUST001355,Loyal,Email,REP003,2017-01-05 14:51:50,2018-03-14 10:12:00
CUST001356,Loyal,Marketplace,REP013,2017-11-17 18:26:25,2018-03-15 17:55:46
CUST001357,Inactive,Referral,REP014,2018-01-19 05:49:18,2018-01-19 05:49:18
CUST001358,Loyal,Paid Search,REP008,2017-04-14 02:59:20,2018-08-29 07:27:46
CUST001359,Inactive,Referral,REP025,2017-09-01 00:00:00,2017-09-01 00:00:00
CUST001360,Loyal,Social,REP004,2017-01-06 08:20:57,2018-06-04 23:58:02
CUST001361,Inactive,Organic,REP023,2018-02-23 13:39:18,2018-02-23 13:39:18
CUST001362,Loyal,Organic,REP009,2017-06-21 17:02:11,2018-05-18 14:55:17
CUST001363,Inactive,Social,REP026,2017-09-20 15:07:35,2017-09-20 15:07:35
CUST001364,Inactive,Marketplace,REP021,2017-10-19 09:00:56,2017-10-19 09:00:56
CUST001365,Inactive,Paid Search,REP018,2018-03-28 00:22:50,2018-03-28 00:22:50
CUST001366,Inactive,Social,REP010,2018-02-28 00:00:00,2018-02-28 00:00:00
CUST001367,VIP,Organic,REP004,2017-02-24 18:19:44,2018-07-31 21:16:28
CUST001368,Inactive,Social,REP028,2018-03-07 14:42:48,2018-03-07 14:42:48
CUST001369,New,Email,REP017,2018-07-10 01:06:54,2018-07-10 01:06:54
CUST001370,VIP,Social,REP005,2017-03-02 12:17:24,2018-08-28 20:48:26
CUST001371,Regular,Paid Search,REP004,2017-08-20 06:27:21,2018-03-25 07:14:30
CUST001372,Loyal,Referral,REP029,2017-04-11 16:09:29,2018-09-08 20:52:19
CUST001373,Inactive,Referral,REP010,2017-10-20 00:00:00,2017-10-20 00:00:00
CUST001374,Regular,Paid Search,REP004,2018-03-30 00:50:58,2018-04-26 06:06:34
CUST001375,VIP,Email,REP012,2017-11-01 04:24:20,2018-04-24 16:29:25
CUST001376,Regular,Referral,REP029,2017-08-28 10:06:22,2018-01-07 09:55:08
CUST001377,Inactive,Paid Search,REP026,2017-06-18 00:00:00,2017-06-18 00:00:00
CUST001378,Inactive,Organic,REP015,2017-08-31 06:56:42,2017-08-31 06:56:42
CUST001379,Loyal,Organic,REP029,2018-03-05 10:26:49,2018-04-15 22:16:37
CUST001380,Regular,Marketplace,REP027,2017-04-04 04:05:19,2018-08-17 14:52:29
CUST001381,Loyal,Email,REP026,2017-02-05 00:35:36,2018-06-05 10:14:56
CUST001382,Loyal,Marketplace,REP006,2017-02-27 08:52:41,2017-09-13 18:32:15
CUST001383,Loyal,Social,REP019,2017-01-04 03:41:59,2017-11-03 11:45:17
CUST001384,Loyal,Email,REP017,2017-12-17 18:56:04,2018-09-16 02:04:10
CUST001385,Regular,Organic,REP004,2017-04-27 17:24:23,2018-03-17 11:04:57
CUST001386,Regular,Social,REP015,2017-04-07 07:18:17,2018-08-25 20:28:50
CUST001387,Loyal,Paid Search,REP012,2017-03-04 04:45:34,2018-06-23 04:49:16
CUST001388,Regular,Email,REP017,2017-12-25 04:25:47,2018-05-02 10:27:13
CUST001389,Loyal,Social,REP018,2017-10-12 09:49:08,2018-09-11 02:14:59
CUST001390,Loyal,Referral,REP027,2017-02-08 23:18:47,2018-03-17 04:25:55
CUST001391,Regular,Organic,REP005,2017-10-05 22:32:35,2018-02-23 12:49:03
CUST001392,Regular,Marketplace,REP024,2017-12-27 17:28:52,2018-07-14 16:16:24
CUST001393,Loyal,Referral,REP025,2017-05-03 05:13:11,2018-09-09 11:01:47
CUST001394,Loyal,Email,REP024,2017-05-01 04:15:23,2018-02-01 12:26:03
CUST001395,Regular,Marketplace,REP016,2017-02-15 21:00:37,2018-08-01 01:44:29
CUST001396,New,Marketplace,REP005,2018-09-25 00:00:00,2018-09-25 00:00:00
CUST001397,Regular,Email,REP027,2017-10-22 00:05:29,2018-01-01 20:11:58
CUST001398,Loyal,Referral,REP022,2017-10-04 08:31:51,2018-09-08 16:58:39
CUST001399,Loyal,Referral,REP009,2017-01-20 10:28:10,2018-07-02 03:16:09
CUST001400,Inactive,Email,REP011,2017-05-09 00:30:01,2017-05-09 00:30:01
CUST001401,New,Referral,REP006,2018-05-26 23:32:10,2018-05-26 23:32:10
CUST001402,Regular,Email,REP019,2017-06-24 19:58:00,2018-09-17 17:31:57
CUST001403,Regular,Marketplace,REP007,2018-02-09 11:49:40,2018-07-31 23:35:52
CUST001404,New,Social,REP026,2018-07-25 01:38:38,2018-07-25 01:38:38
CUST001405,Loyal,Social,REP019,2017-03-26 02:24:54,2018-09-27 13:38:00
CUST001406,Inactive,Social,REP002,2017-04-20 10:25:36,2017-04-20 10:25:36
CUST001407,New,Referral,REP027,2018-09-26 00:00:00,2018-09-26 00:00:00
CUST001408,Loyal,Paid Search,REP029,2017-12-31 14:42:27,2018-06-26 12:13:30
CUST001409,Inactive,Social,REP007,2018-02-18 18:16:45,2018-02-18 18:16:45
CUST001410,Regular,Marketplace,REP030,2017-05-05 00:01:12,2017-06-19 00:29:59
CUST001411,VIP,Paid Search,REP009,2017-02-11 00:56:05,2018-03-09 13:34:41
CUST001412,Loyal,Referral,REP013,2017-03-17 09:10:28,2018-09-30 14:55:47
CUST001413,Loyal,Referral,REP016,2017-03-12 10:56:51,2017-10-05 16:23:48
CUST001414,Inactive,Marketplace,REP014,2017-05-02 00:00:00,2017-05-02 00:00:00
CUST001415,VIP,Social,REP022,2017-03-07 04:21:27,2018-05-28 12:32:36
CUST001416,Loyal,Social,REP016,2017-03-06 05:54:31,2018-05-20 05:02:14
CUST001417,Regular,Organic,REP010,2017-09-19 00:52:39,2018-02-15 10:20:20
CUST001418,VIP,Referral,REP025,2017-02-13 14:10:07,2018-09-03 15:24:29
CUST001419,Regular,Marketplace,REP018,2017-11-09 04:18:44,2018-03-15 07:38:26
CUST001420,Loyal,Email,REP018,2017-01-22 17:18:56,2017-11-02 00:46:51
CUST001421,Regular,Organic,REP019,2017-05-27 00:15:45,2017-06-05 04:39:00
CUST001422,Loyal,Social,REP016,2018-07-15 03:42:23,2018-08-18 21:52:36
CUST001423,Regular,Organic,REP003,2017-10-25 00:26:55,2018-07-07 08:07:22
CUST001424,New,Organic,REP008,2018-06-23 11:55:26,2018-06-23 11:55:26
CUST001425,Loyal,Social,REP018,2017-01-18 17:30:21,2018-07-23 04:53:14
CUST001426,Inactive,Paid Search,REP016,2018-01-29 00:00:00,2018-01-29 00:00:00
CUST001427,Loyal,Paid Search,REP006,2017-01-07 07:32:27,2018-06-05 08:11:04
CUST001428,Loyal,Paid Search,REP015,2017-01-22 10:48:20,2017-10-30 14:37:15
CUST001429,Inactive,Organic,REP016,2018-02-06 00:00:00,2018-02-06 00:00:00
CUST001430,VIP,Social,REP030,2017-04-11 01:10:58,2018-08-12 13:00:43
CUST001431,Loyal,Paid Search,REP016,2017-04-30 06:07:58,2017-09-29 04:03:00
CUST001432,Loyal,Referral,REP004,2017-01-23 04:46:59,2018-05-23 15:52:00
CUST001433,Regular,Email,REP006,2017-01-31 17:53:46,2018-05-13 10:18:52
CUST001434,Inactive,Referral,REP019,2018-02-09 17:06:58,2018-02-09 17:06:58
CUST001435,Loyal,Email,REP011,2017-04-13 01:11:15,2017-09-02 19:58:54
CUST001436,Loyal,Referral,REP008,2017-06-15 09:52:53,2018-02-28 13:19:18
CUST001437,Loyal,Marketplace,REP020,2017-04-03 18:52:37,2018-05-15 09:46:18
CUST001438,Loyal,Marketplace,REP007,2017-09-21 08:59:57,2018-08-11 17:03:20
CUST001439,Loyal,Organic,REP005,2017-01-04 14:47:27,2018-05-03 17:50:50
CUST001440,New,Marketplace,REP014,2018-08-17 04:50:57,2018-08-17 04:50:57
CUST001441,Loyal,Marketplace,REP020,2017-07-01 06:51:11,2017-09-29 03:30:20
CUST001442,Regular,Social,REP028,2017-02-04 13:25:07,2018-04-30 20:09:11
CUST001443,Loyal,Paid Search,REP014,2017-01-10 23:12:24,2018-08-23 22:57:14
CUST001444,Regular,Marketplace,REP022,2018-05-15 19:26:24,2018-08-27 07:19:01
CUST001445,Inactive,Email,REP022,2018-01-06 18:28:45,2018-01-06 18:28:45
CUST001446,Regular,Paid Search,REP029,2018-05-14 04:17:41,2018-07-25 08:23:49
CUST001447,Regular,Paid Search,REP023,2017-07-19 11:29:25,2018-09-07 03:02:19
CUST001448,Inactive,Marketplace,REP025,2017-01-18 00:00:00,2017-01-18 00:00:00
CUST001449,Regular,Paid Search,REP024,2017-04-10 00:20:25,2018-06-19 11:35:22
CUST001450,Inactive,Email,REP017,2017-01-07 14:54:28,2017-01-07 14:54:28
CUST001451,Loyal,Marketplace,REP014,2017-07-18 13:32:59,2018-07-19 01:24:43
CUST001452,Regular,Paid Search,REP001,2017-03-31 04:22:06,2017-04-12 02:44:18
CUST001453,Loyal,Paid Search,REP020,2017-05-02 01:06:40,2018-02-06 04:50:59
CUST001454,New,Email,REP014,2018-08-12 02:29:10,2018-08-12 02:29:10
CUST001455,Loyal,Marketplace,REP014,2017-09-18 09:57:58,2018-09-10 09:40:22
CUST001456,Loyal,Referral,REP005,2017-03-11 21:55:28,2018-08-03 04:28:28
CUST001457,Inactive,Paid Search,REP013,2018-01-17 00:00:00,2018-01-17 00:00:00
CUST001458,Regular,Marketplace,REP023,2017-01-02 16:13:11,2017-11-02 15:45:25
CUST001459,Regular,Social,REP013,2017-01-03 04:12:41,2017-12-15 03:08:08
CUST001460,Inactive,Social,REP012,2017-10-13 06:01:06,2017-10-13 06:01:06
CUST001461,Loyal,Social,REP012,2017-01-11 09:36:36,2018-08-31 10:29:25
CUST001462,Loyal,Referral,REP012,2017-02-07 16:17:24,2018-02-28 08:34:58
CUST001463,Regular,Organic,REP028,2017-07-18 13:45:16,2018-09-07 06:48:16
CUST001464,Loyal,Referral,REP029,2017-06-08 21:52:08,2017-09-01 17:22:08
CUST001465,Regular,Social,REP015,2017-06-22 22:29:24,2018-01-19 11:39:39
CUST001466,Loyal,Marketplace,REP020,2017-04-19 15:50:02,2018-07-12 20:02:04
CUST001467,Loyal,Email,REP026,2017-01-25 23:18:47,2018-09-26 08:12:00
CUST001468,Loyal,Organic,REP020,2017-07-26 16:15:44,2018-03-08 06:48:26
CUST001469,Loyal,Organic,REP021,2017-03-21 09:49:49,2018-09-22 12:53:27
CUST001470,Loyal,Email,REP026,2017-06-08 09:12:31,2018-05-14 15:57:09
CUST001471,Loyal,Paid Search,REP023,2017-02-26 12:26:44,2017-12-30 07:42:48
CUST001472,Regular,Email,REP021,2017-09-01 09:12:33,2018-01-14 12:00:02
CUST001473,New,Organic,REP019,2018-05-10 09:20:54,2018-05-10 09:20:54
CUST001474,Inactive,Paid Search,REP016,2017-05-25 22:50:43,2017-05-25 22:50:43
CUST001475,Loyal,Organic,REP018,2017-11-15 02:45:32,2018-07-11 21:25:11
CUST001476,Regular,Paid Search,REP010,2017-04-19 13:24:14,2018-02-10 00:34:31
CUST001477,Loyal,Paid Search,REP026,2017-08-17 10:12:16,2018-09-10 01:21:49
CUST001478,Loyal,Email,REP017,2017-01-24 09:53:45,2018-07-22 00:14:58
CUST001479,Inactive,Social,REP016,2018-01-28 00:00:00,2018-01-28 00:00:00
CUST001480,VIP,Email,REP015,2017-06-17 22:31:21,2018-09-29 21:52:11
CUST001481,New,Marketplace,REP011,2018-06-05 00:00:00,2018-06-05 00:00:00
CUST001482,Inactive,Marketplace,REP030,2017-04-01 00:00:00,2017-04-01 00:00:00
CUST001483,Inactive,Email,REP002,2018-01-12 14:50:19,2018-01-12 14:50:19
CUST001484,Loyal,Email,REP029,2017-02-23 07:07:25,2018-08-31 19:14:53
CUST001485,Loyal,Email,REP018,2017-01-19 16:42:34,2018-04-13 17:59:16
CUST001486,VIP,Referral,REP024,2017-03-25 20:45:17,2018-06-24 17:29:41
CUST001487,Loyal,Referral,REP013,2017-04-09 07:01:45,2018-05-29 04:17:13
CUST001488,Loyal,Social,REP016,2017-07-26 09:51:02,2018-06-04 13:06:07
CUST001489,New,Organic,REP004,2018-08-20 00:00:00,2018-08-20 00:00:00
CUST001490,New,Referral,REP002,2018-09-14 15:08:53,2018-09-14 15:08:53
CUST001491,Loyal,Paid Search,REP028,2017-10-09 11:08:42,2018-07-30 23:54:10
CUST001492,Loyal,Social,REP009,2017-01-11 22:43:56,2018-02-08 05:02:40
CUST001493,Loyal,Email,REP013,2017-01-28 23:00:44,2018-05-23 09:33:46
CUST001494,New,Paid Search,REP019,2018-07-03 02:44:45,2018-07-03 02:44:45
CUST001495,Loyal,Referral,REP018,2017-05-16 05:40:29,2018-04-21 06:02:03
CUST001496,Regular,Email,REP023,2017-11-19 17:43:21,2018-09-22 21:53:04
CUST001497,Inactive,Organic,REP001,2017-06-08 13:03:50,2017-06-08 13:03:50
CUST001498,Regular,Social,REP006,2017-08-09 17:06:35,2017-11-03 10:09:28
CUST001499,Inactive,Social,REP015,2018-01-04 04:33:37,2018-01-04 04:33:37
CUST001500,Loyal,Marketplace,REP012,2017-03-05 02:10:44,2018-07-01 20:33:05
CUST001501,Regular,Marketplace,REP015,2018-07-13 00:21:38,2018-08-13 23:46:58
CUST001502,New,Email,REP022,2018-06-01 16:17:47,2018-06-01 16:17:47
CUST001503,Inactive,Email,REP002,2018-03-31 08:55:31,2018-03-31 08:55:31
CUST001504,Regular,Marketplace,REP011,2017-06-16 05:55:40,2018-01-05 16:38:37
CUST001505,Loyal,Email,REP024,2017-07-23 01:52:34,2018-04-23 19:37:37
CUST001506,Loyal,Social,REP008,2017-02-18 20:53:10,2018-08-10 10:33:59
CUST001507,Regular,Email,REP007,2017-07-11 21:47:27,2018-04-23 13:43:21
CUST001508,Inactive,Marketplace,REP023,2017-07-02 20:21:08,2017-07-02 20:21:08
CUST001509,New,Email,REP009,2018-05-19 22:46:11,2018-05-19 22:46:11
CUST001510,Regular,Social,REP026,2017-04-04 14:34:24,2017-09-15 17:12:19
CUST001511,New,Organic,REP016,2018-06-23 11:15:24,2018-06-23 11:15:24
CUST001512,New,Email,REP021,2018-06-25 00:00:00,2018-06-25 00:00:00
CUST001513,Loyal,Social,REP002,2017-07-17 01:47:32,2018-03-19 15:38:58
CUST001514,Loyal,Organic,REP016,2017-02-03 12:11:47,2018-04-09 07:39:41
CUST001515,Loyal,Social,REP029,2017-02-21 22:06:46,2017-11-09 12:14:58
CUST001516,Loyal,Organic,REP012,2017-01-14 10:39:36,2018-05-29 20:40:30
CUST001517,Loyal,Marketplace,REP024,2017-05-26 09:18:01,2018-08-29 00:38:43
CUST001518,Loyal,Organic,REP014,2017-08-09 05:12:53,2018-08-14 01:01:43
CUST001519,Loyal,Organic,REP018,2018-01-30 08:16:46,2018-08-22 02:55:34
CUST001520,Regular,Referral,REP026,2017-09-04 23:35:48,2018-05-25 22:57:39
CUST001521,VIP,Marketplace,REP002,2017-06-05 21:22:20,2018-09-29 17:14:49
CUST001522,Regular,Social,REP024,2017-04-14 15:24:04,2017-08-05 06:39:23
CUST001523,Regular,Email,REP006,2018-02-20 04:15:34,2018-03-12 22:40:00
CUST001524,Loyal,Paid Search,REP010,2017-04-16 17:18:54,2018-04-22 11:45:06
CUST001525,Regular,Referral,REP027,2017-01-22 20:29:46,2017-12-07 16:00:27
CUST001526,Loyal,Marketplace,REP015,2017-02-24 23:07:27,2018-04-14 10:11:36
CUST001527,Inactive,Referral,REP019,2018-03-21 08:09:06,2018-03-21 08:09:06
CUST001528,Inactive,Organic,REP012,2017-01-28 01:52:47,2017-01-28 01:52:47
CUST001529,Regular,Social,REP030,2017-01-10 21:46:26,2017-12-08 01:03:39
CUST001530,Loyal,Marketplace,REP006,2017-05-02 05:17:31,2018-07-20 19:23:42
CUST001531,Loyal,Marketplace,REP024,2017-05-23 21:34:46,2018-09-12 08:39:04
CUST001532,Regular,Referral,REP007,2017-12-24 16:57:43,2018-03-13 09:48:47
CUST001533,Loyal,Paid Search,REP010,2017-05-13 00:17:47,2018-03-09 20:12:22
CUST001534,Regular,Email,REP016,2017-08-08 01:15:15,2017-09-06 06:56:49
CUST001535,Loyal,Email,REP019,2017-11-08 16:03:49,2017-12-09 08:40:29
CUST001536,Inactive,Referral,REP025,2018-01-26 18:16:16,2018-01-26 18:16:16
CUST001537,VIP,Email,REP030,2017-02-24 18:59:59,2018-07-08 07:25:19
CUST001538,Regular,Social,REP005,2017-06-03 22:35:41,2017-08-28 15:22:05
CUST001539,Loyal,Social,REP010,2017-11-20 15:24:35,2018-08-10 12:10:10
CUST001540,Inactive,Organic,REP025,2017-11-20 16:03:36,2017-11-20 16:03:36
CUST001541,Regular,Organic,REP017,2017-10-15 23:51:09,2018-02-19 20:33:15
CUST001542,Loyal,Organic,REP020,2017-03-16 04:18:02,2018-08-23 18:58:47
CUST001543,Loyal,Social,REP026,2017-04-10 06:23:50,2018-06-09 17:30:27
CUST001544,Inactive,Referral,REP025,2017-01-07 12:23:17,2017-01-07 12:23:17
CUST001545,New,Email,REP013,2018-08-30 16:00:59,2018-08-30 16:00:59
CUST001546,New,Email,REP009,2018-06-05 00:00:00,2018-06-05 00:00:00
CUST001547,New,Paid Search,REP030,2018-05-09 17:24:14,2018-05-09 17:24:14
CUST001548,Inactive,Organic,REP022,2017-05-19 00:00:00,2017-05-19 00:00:00
CUST001549,Loyal,Organic,REP006,2017-05-20 21:28:25,2018-09-06 06:05:06
CUST001550,Loyal,Marketplace,REP030,2018-01-15 20:02:38,2018-08-31 06:35:36
CUST001551,Loyal,Marketplace,REP018,2017-01-30 03:28:45,2018-09-11 16:49:53
CUST001552,Loyal,Referral,REP013,2017-02-25 06:17:25,2018-09-05 20:22:58
CUST001553,New,Social,REP006,2018-06-28 00:00:00,2018-06-28 00:00:00
CUST001554,Inactive,Referral,REP012,2017-01-19 04:06:17,2017-01-19 04:06:17
CUST001555,Regular,Email,REP001,2017-07-05 12:27:02,2018-06-08 01:13:41
CUST001556,Loyal,Referral,REP016,2017-01-11 04:40:27,2017-10-14 05:25:49
CUST001557,Loyal,Marketplace,REP029,2017-04-30 02:16:33,2017-11-28 08:02:47
CUST001558,New,Marketplace,REP014,2018-04-17 12:31:18,2018-04-17 12:31:18
CUST001559,Loyal,Paid Search,REP027,2017-09-18 11:58:38,2018-07-17 10:46:05
CUST001560,Loyal,Organic,REP019,2017-03-06 04:58:43,2017-08-12 17:19:15
CUST001561,Loyal,Referral,REP021,2017-04-06 18:24:35,2018-08-16 19:22:12
CUST001562,Regular,Paid Search,REP004,2017-12-10 14:34:59,2018-05-07 00:04:04
CUST001563,Loyal,Organic,REP001,2017-07-31 17:09:38,2018-07-09 20:52:34
CUST001564,Loyal,Email,REP020,2017-02-16 19:18:15,2018-03-02 01:05:10
CUST001565,Loyal,Social,REP002,2017-07-28 19:08:12,2018-09-10 07:20:59
CUST001566,Regular,Referral,REP019,2018-08-03 03:13:31,2018-08-28 10:08:07
CUST001567,Loyal,Paid Search,REP024,2017-03-08 14:36:47,2018-03-19 08:30:12
CUST001568,Regular,Social,REP022,2018-07-13 22:17:31,2018-08-10 22:13:06
CUST001569,Inactive,Paid Search,REP001,2017-07-07 11:11:48,2017-07-07 11:11:48
CUST001570,Loyal,Marketplace,REP026,2017-02-06 04:26:16,2018-05-29 13:21:51
CUST001571,Loyal,Social,REP029,2017-02-23 11:32:49,2018-09-14 13:02:20
CUST001572,Inactive,Marketplace,REP001,2018-01-16 00:00:00,2018-01-16 00:00:00
CUST001573,Inactive,Paid Search,REP022,2018-01-24 00:00:00,2018-01-24 00:00:00
CUST001574,Loyal,Email,REP001,2017-03-01 01:22:11,2018-07-22 06:11:38
CUST001575,Inactive,Marketplace,REP003,2017-11-30 10:38:50,2017-11-30 10:38:50
CUST001576,Loyal,Marketplace,REP025,2017-11-01 23:06:14,2018-08-29 03:51:44
CUST001577,Loyal,Social,REP021,2017-09-08 01:04:15,2018-07-21 20:10:04
CUST001578,Loyal,Organic,REP027,2017-06-28 20:05:50,2018-06-20 23:59:22
CUST001579,Inactive,Marketplace,REP008,2017-03-20 18:55:50,2017-03-20 18:55:50
CUST001580,Regular,Social,REP027,2017-06-18 06:28:31,2018-01-07 22:38:01
CUST001581,Loyal,Social,REP016,2017-08-31 08:21:46,2017-11-09 17:08:58
CUST001582,Loyal,Organic,REP008,2017-01-22 21:02:42,2018-03-04 21:42:39
CUST001583,Inactive,Referral,REP030,2017-09-29 00:00:00,2017-09-29 00:00:00
CUST001584,Inactive,Email,REP027,2017-07-05 00:00:00,2017-07-05 00:00:00
CUST001585,Regular,Referral,REP019,2018-06-03 20:51:55,2018-09-13 18:55:41
CUST001586,Loyal,Referral,REP021,2017-10-20 01:13:53,2018-08-31 23:47:24
CUST001587,Loyal,Social,REP008,2017-07-04 08:31:33,2018-09-27 13:26:08
CUST001588,Loyal,Social,REP016,2017-04-12 15:22:47,2018-09-12 22:29:25
CUST001589,Regular,Paid Search,REP008,2017-11-07 12:12:22,2018-09-11 12:06:54
CUST001590,New,Organic,REP016,2018-06-05 00:00:00,2018-06-05 00:00:00
CUST001591,Regular,Referral,REP005,2017-04-24 02:27:45,2018-05-24 20:42:21
CUST001592,Regular,Paid Search,REP007,2017-03-24 04:20:13,2017-10-11 14:02:29
CUST001593,Regular,Social,REP009,2017-05-03 03:48:18,2017-11-13 22:25:07
CUST001594,Loyal,Email,REP004,2017-06-07 20:06:47,2018-07-14 23:51:01
CUST001595,Inactive,Paid Search,REP002,2018-03-15 12:33:58,2018-03-15 12:33:58
CUST001596,Regular,Organic,REP003,2017-03-04 12:47:10,2018-02-06 07:48:42
CUST001597,Regular,Social,REP020,2017-08-16 00:04:47,2018-04-21 01:40:53
CUST001598,Loyal,Marketplace,REP026,2017-02-18 21:10:06,2018-06-27 11:09:51
CUST001599,Loyal,Organic,REP002,2017-05-15 21:44:58,2017-09-10 17:32:23
CUST001600,Loyal,Organic,REP028,2017-01-27 16:37:09,2018-09-28 22:12:23
CUST001601,Loyal,Organic,REP021,2017-05-31 09:40:56,2018-07-04 09:18:22
CUST001602,Loyal,Referral,REP008,2017-09-02 01:57:30,2018-09-20 15:27:09
CUST001603,Inactive,Email,REP029,2017-01-17 00:00:00,2017-01-17 00:00:00
CUST001604,New,Email,REP002,2018-05-21 11:43:20,2018-05-21 11:43:20
CUST001605,Inactive,Referral,REP018,2018-02-02 15:00:08,2018-02-02 15:00:08
CUST001606,Loyal,Organic,REP025,2017-01-20 06:35:15,2018-06-27 15:29:37
CUST001607,Loyal,Email,REP005,2017-04-12 16:24:08,2018-09-04 21:05:23
CUST001608,VIP,Social,REP022,2017-04-02 02:30:14,2018-09-30 14:50:20
CUST001609,Loyal,Referral,REP001,2017-06-12 07:17:58,2018-09-02 17:57:13
CUST001610,New,Email,REP027,2018-06-13 04:49:55,2018-06-13 04:49:55
CUST001611,Loyal,Marketplace,REP010,2017-08-06 03:09:51,2018-09-08 06:05:12
CUST001612,Loyal,Email,REP011,2017-07-02 19:22:44,2018-09-26 04:05:35
CUST001613,Loyal,Marketplace,REP005,2017-02-12 09:16:01,2017-12-08 21:50:44
CUST001614,Loyal,Marketplace,REP023,2017-09-29 16:02:20,2018-06-01 12:29:56
CUST001615,Regular,Marketplace,REP029,2017-08-29 19:29:38,2018-08-19 23:35:36
CUST001616,Loyal,Paid Search,REP022,2018-06-02 05:45:46,2018-07-28 03:46:45
CUST001617,VIP,Email,REP020,2017-07-14 16:30:01,2018-04-30 09:38:11
CUST001618,Regular,Organic,REP027,2017-08-16 12:50:19,2018-05-26 13:07:01
CUST001619,Regular,Email,REP017,2017-08-10 02:49:55,2018-08-01 03:55:07
CUST001620,New,Organic,REP027,2018-07-24 16:14:08,2018-07-24 16:14:08
CUST001621,Inactive,Referral,REP023,2017-06-25 16:26:15,2017-06-25 16:26:15
CUST001622,Regular,Social,REP023,2017-06-29 03:10:40,2018-07-01 01:49:01
CUST001623,Loyal,Organic,REP018,2017-07-06 13:29:22,2018-06-23 00:14:39
CUST001624,Inactive,Marketplace,REP021,2017-03-19 05:33:43,2017-03-19 05:33:43
CUST001625,Loyal,Social,REP019,2017-01-16 21:12:05,2018-09-07 00:59:38
CUST001626,Loyal,Referral,REP003,2017-03-31 03:46:46,2018-07-16 21:50:36
CUST001627,Loyal,Paid Search,REP028,2017-02-03 08:29:55,2018-03-30 23:27:46
CUST001628,Loyal,Organic,REP011,2017-01-19 01:22:34,2018-05-28 04:08:30
CUST001629,Regular,Referral,REP006,2018-09-14 10:49:29,2018-09-18 07:09:28
CUST001630,New,Social,REP006,2018-06-05 09:20:35,2018-06-05 09:20:35
CUST001631,Loyal,Referral,REP008,2017-05-20 08:51:50,2018-05-08 04:03:58
CUST001632,Regular,Email,REP019,2017-11-08 09:11:47,2017-12-16 21:24:00
CUST001633,Loyal,Organic,REP014,2018-07-04 00:21:37,2018-09-06 17:03:32
CUST001634,Loyal,Referral,REP002,2017-04-22 01:41:17,2018-09-26 13:15:42
CUST001635,Regular,Social,REP028,2017-10-21 17:12:21,2018-07-19 07:02:51
CUST001636,Loyal,Marketplace,REP013,2017-05-03 08:20:28,2018-03-15 13:11:59
CUST001637,Loyal,Social,REP007,2017-04-15 04:57:40,2018-07-03 17:29:30
CUST001638,Loyal,Social,REP030,2017-06-27 07:50:21,2018-04-12 17:01:14
CUST001639,Loyal,Social,REP016,2017-04-15 15:27:43,2018-08-26 17:56:53
CUST001640,Inactive,Social,REP002,2017-06-23 17:14:55,2017-06-23 17:14:55
CUST001641,Inactive,Marketplace,REP012,2017-05-28 12:07:22,2017-05-28 12:07:22
CUST001642,Regular,Marketplace,REP024,2017-04-19 20:29:12,2018-02-28 12:01:32
CUST001643,Regular,Referral,REP012,2017-08-26 21:03:19,2017-12-28 06:53:10
CUST001644,Regular,Email,REP030,2018-03-15 23:28:55,2018-06-03 02:18:37
CUST001645,Regular,Social,REP016,2017-05-27 07:37:48,2018-03-21 05:46:22
CUST001646,Loyal,Marketplace,REP026,2017-01-18 16:23:36,2017-08-30 16:31:12
CUST001647,Regular,Social,REP008,2017-04-28 00:42:47,2018-03-16 00:23:41
CUST001648,Regular,Email,REP005,2017-12-07 09:24:26,2018-09-17 09:50:52
CUST001649,Loyal,Social,REP019,2017-03-19 20:05:16,2018-08-17 22:53:54
CUST001650,Loyal,Paid Search,REP015,2017-03-02 21:41:46,2018-09-29 22:50:08
CUST001651,Loyal,Paid Search,REP010,2017-03-16 18:11:56,2018-07-06 01:28:58
CUST001652,Regular,Referral,REP011,2017-01-06 20:07:47,2017-02-11 03:02:23
CUST001653,Regular,Marketplace,REP024,2017-05-17 05:40:55,2017-06-17 22:48:34
CUST001654,Regular,Referral,REP005,2018-01-13 02:35:41,2018-02-12 06:04:58
CUST001655,Regular,Email,REP013,2017-10-19 02:33:03,2018-03-14 02:49:59
CUST001656,Loyal,Marketplace,REP003,2017-12-13 04:51:42,2018-09-28 01:12:38
CUST001657,Loyal,Social,REP003,2017-12-10 06:28:06,2018-08-25 17:58:13
CUST001658,Loyal,Social,REP019,2018-03-19 06:22:36,2018-08-02 19:23:22
CUST001659,Loyal,Organic,REP021,2017-02-09 15:36:55,2018-06-15 20:26:54
CUST001660,Loyal,Marketplace,REP020,2017-04-03 23:16:54,2018-07-12 12:40:23
CUST001661,Loyal,Social,REP029,2017-03-03 12:09:16,2018-03-27 00:32:20
CUST001662,Regular,Marketplace,REP019,2018-03-16 17:27:07,2018-04-19 03:22:47
CUST001663,Inactive,Social,REP010,2017-10-19 01:19:53,2017-10-19 01:19:53
CUST001664,Loyal,Referral,REP001,2017-03-30 03:18:31,2017-06-27 15:26:55
CUST001665,Regular,Organic,REP017,2017-07-19 01:41:06,2018-02-14 14:57:43
CUST001666,Loyal,Paid Search,REP014,2017-02-02 21:03:06,2018-01-28 06:31:20
CUST001667,Loyal,Email,REP030,2017-08-28 03:37:51,2018-09-02 13:51:51
CUST001668,Loyal,Email,REP008,2017-06-05 22:40:38,2018-08-15 10:07:49
CUST001669,Loyal,Paid Search,REP013,2017-01-23 22:45:15,2017-06-28 15:11:37
CUST001670,Regular,Referral,REP009,2017-08-21 05:24:50,2017-10-20 05:53:56
CUST001671,Loyal,Marketplace,REP017,2017-05-11 03:43:17,2018-09-23 09:28:02
CUST001672,Loyal,Social,REP019,2017-05-15 09:00:28,2018-07-08 17:16:02
CUST001673,Regular,Social,REP016,2017-07-17 03:29:24,2018-07-03 18:01:26
CUST001674,Regular,Referral,REP017,2017-01-13 17:44:33,2017-09-04 20:04:40
CUST001675,Regular,Email,REP023,2017-07-31 21:04:07,2018-01-15 06:20:04
CUST001676,Regular,Email,REP026,2018-01-19 06:45:22,2018-02-06 01:55:59
CUST001677,Loyal,Organic,REP003,2017-05-10 19:01:01,2018-09-30 09:30:12
CUST001678,Regular,Referral,REP008,2017-06-06 08:15:29,2018-04-24 23:52:31
CUST001679,Loyal,Email,REP022,2017-01-12 15:31:56,2018-09-16 07:49:33
CUST001680,Regular,Organic,REP003,2018-04-27 06:00:26,2018-09-23 20:27:27
CUST001681,Regular,Email,REP023,2017-03-23 11:56:21,2018-06-05 15:00:16
CUST001682,Regular,Email,REP024,2017-10-29 02:24:06,2018-05-17 14:44:16
CUST001683,Loyal,Referral,REP012,2018-02-19 22:04:30,2018-02-28 21:25:01
CUST001684,VIP,Paid Search,REP012,2017-04-06 00:19:55,2018-07-31 00:22:13
CUST001685,Loyal,Organic,REP019,2017-10-26 12:35:52,2018-05-04 16:59:17
CUST001686,Loyal,Organic,REP006,2018-03-25 19:57:45,2018-09-14 16:09:23
CUST001687,Regular,Paid Search,REP019,2017-04-10 08:03:48,2018-01-24 08:43:14
CUST001688,Loyal,Organic,REP006,2017-01-24 15:16:05,2018-07-02 20:21:35
CUST001689,Inactive,Referral,REP012,2017-04-24 03:31:42,2017-04-24 03:31:42
CUST001690,Loyal,Email,REP003,2017-02-03 06:47:50,2018-03-01 18:03:39
CUST001691,Loyal,Social,REP004,2017-11-30 12:49:58,2018-06-24 16:06:28
CUST001692,Inactive,Marketplace,REP010,2017-04-15 17:40:36,2017-04-15 17:40:36
CUST001693,Loyal,Referral,REP005,2017-02-05 02:39:17,2017-07-10 11:31:09
CUST001694,Loyal,Social,REP019,2017-09-13 00:25:57,2018-05-12 11:17:27
CUST001695,Regular,Email,REP026,2017-10-08 18:04:28,2018-07-19 06:09:45
CUST001696,Loyal,Marketplace,REP016,2017-04-17 02:07:05,2018-07-30 04:46:39
CUST001697,New,Social,REP020,2018-08-18 21:22:27,2018-08-18 21:22:27
CUST001698,Loyal,Marketplace,REP027,2017-05-01 19:21:13,2018-09-11 11:33:04
CUST001699,Loyal,Marketplace,REP001,2017-05-13 14:43:57,2018-04-05 04:06:40
CUST001700,Inactive,Marketplace,REP016,2018-03-10 00:00:00,2018-03-10 00:00:00
CUST001701,Loyal,Organic,REP017,2017-01-09 10:57:19,2018-09-05 18:53:11
CUST001702,Regular,Email,REP012,2017-03-17 18:37:09,2018-05-27 18:37:39
CUST001703,Regular,Paid Search,REP014,2017-11-19 17:18:43,2018-08-28 09:28:19
CUST001704,Loyal,Social,REP026,2017-01-04 08:21:20,2018-06-18 22:11:13
CUST001705,Inactive,Paid Search,REP013,2017-07-06 00:00:00,2017-07-06 00:00:00
CUST001706,Loyal,Referral,REP004,2017-06-20 06:34:04,2018-04-14 16:37:58
CUST001707,Regular,Organic,REP029,2017-01-10 23:37:05,2018-04-14 22:02:43
CUST001708,Inactive,Email,REP023,2017-02-23 00:00:00,2017-02-23 00:00:00
CUST001709,Loyal,Paid Search,REP010,2017-04-17 15:07:49,2018-08-26 07:47:35
CUST001710,Loyal,Organic,REP028,2017-02-06 18:40:39,2017-12-04 22:25:29
CUST001711,VIP,Paid Search,REP011,2017-03-06 04:23:58,2018-07-31 23:14:51
CUST001712,New,Organic,REP013,2018-06-20 07:55:19,2018-06-20 07:55:19
CUST001713,Loyal,Marketplace,REP007,2017-01-18 02:38:02,2018-08-07 00:54:36
CUST001714,Loyal,Email,REP019,2017-04-12 22:17:10,2018-09-05 04:12:08
CUST001715,Regular,Marketplace,REP020,2017-10-05 12:37:36,2018-07-23 21:12:45
CUST001716,Loyal,Referral,REP009,2017-04-14 05:55:20,2018-07-30 15:57:16
CUST001717,Inactive,Social,REP029,2018-03-23 08:28:40,2018-03-23 08:28:40
CUST001718,Loyal,Referral,REP011,2017-01-18 16:10:20,2018-09-15 00:19:17
CUST001719,Loyal,Social,REP029,2017-12-22 10:54:28,2018-07-26 08:50:23
CUST001720,Inactive,Social,REP007,2018-01-19 03:04:54,2018-01-19 03:04:54
CUST001721,Inactive,Organic,REP003,2018-01-19 21:18:04,2018-01-19 21:18:04
CUST001722,New,Social,REP002,2018-07-20 19:57:32,2018-07-20 19:57:32
CUST001723,Loyal,Email,REP005,2017-05-22 01:18:07,2018-09-23 19:43:46
CUST001724,Loyal,Paid Search,REP030,2017-01-05 16:46:11,2018-07-02 16:50:53
CUST001725,Regular,Referral,REP024,2018-04-02 09:16:30,2018-04-14 02:09:42
CUST001726,Inactive,Paid Search,REP006,2017-03-27 15:48:13,2017-03-27 15:48:13
CUST001727,Regular,Marketplace,REP020,2018-07-18 09:59:19,2018-08-14 17:27:01
CUST001728,Regular,Organic,REP024,2017-03-21 17:06:31,2018-05-11 10:09:37
CUST001729,Regular,Organic,REP014,2017-10-29 12:21:10,2018-06-08 03:31:06
CUST001730,Inactive,Social,REP004,2017-11-28 11:09:59,2017-11-28 11:09:59
CUST001731,Inactive,Marketplace,REP014,2017-12-27 09:42:55,2017-12-27 09:42:55
CUST001732,Loyal,Social,REP016,2017-06-18 16:22:05,2018-02-06 05:55:58
CUST001733,Regular,Marketplace,REP014,2017-05-04 23:56:03,2017-12-24 04:43:22
CUST001734,Loyal,Email,REP011,2017-01-20 07:38:37,2018-09-20 04:26:27
CUST001735,Regular,Social,REP005,2017-11-10 20:09:30,2018-02-11 21:27:13
CUST001736,New,Social,REP004,2018-09-06 09:31:23,2018-09-06 09:31:23
CUST001737,Loyal,Social,REP027,2018-08-19 02:41:09,2018-09-23 10:17:31
CUST001738,Regular,Social,REP020,2017-11-28 05:35:55,2018-07-23 19:58:59
CUST001739,Loyal,Marketplace,REP029,2017-11-02 21:34:36,2018-07-29 16:54:55
CUST001740,Loyal,Social,REP015,2017-03-20 20:29:49,2018-02-06 07:40:26
CUST001741,Inactive,Email,REP027,2017-10-25 08:14:52,2017-10-25 08:14:52
CUST001742,Loyal,Social,REP013,2017-05-21 12:56:02,2017-12-11 04:59:32
CUST001743,Regular,Paid Search,REP005,2017-03-04 14:32:45,2017-05-18 11:20:10
CUST001744,New,Referral,REP018,2018-04-22 03:00:31,2018-04-22 03:00:31
CUST001745,Inactive,Referral,REP014,2018-03-08 21:53:01,2018-03-08 21:53:01
CUST001746,Loyal,Social,REP018,2017-10-26 08:08:55,2018-07-28 21:30:59
CUST001747,New,Social,REP016,2018-09-14 23:08:01,2018-09-14 23:08:01
CUST001748,Inactive,Social,REP018,2017-12-09 17:22:15,2017-12-09 17:22:15
CUST001749,Regular,Social,REP030,2017-07-08 09:20:02,2017-08-26 02:42:46
CUST001750,Loyal,Referral,REP016,2018-03-30 05:45:40,2018-08-22 17:48:59
CUST001751,Loyal,Marketplace,REP007,2018-03-04 00:45:24,2018-08-03 15:44:20
CUST001752,Inactive,Social,REP025,2017-10-25 13:43:53,2017-10-25 13:43:53
CUST001753,VIP,Marketplace,REP016,2017-07-22 09:34:58,2018-09-09 00:01:11
CUST001754,Inactive,Referral,REP013,2017-01-21 08:58:56,2017-01-21 08:58:56
CUST001755,Inactive,Email,REP022,2017-11-16 23:28:12,2017-11-16 23:28:12
CUST001756,Loyal,Social,REP013,2018-01-31 08:03:21,2018-04-29 09:48:12
CUST001757,New,Email,REP001,2018-07-24 23:47:56,2018-07-24 23:47:56
CUST001758,Regular,Marketplace,REP011,2017-05-18 21:45:06,2017-06-05 04:16:05
CUST001759,Inactive,Organic,REP027,2017-02-25 00:00:00,2017-02-25 00:00:00
CUST001760,Loyal,Marketplace,REP018,2017-03-03 02:22:45,2018-09-18 12:13:58
CUST001761,Regular,Social,REP020,2018-06-15 21:23:32,2018-08-06 10:03:00
CUST001762,Inactive,Referral,REP025,2017-11-23 05:13:00,2017-11-23 05:13:00
CUST001763,New,Social,REP005,2018-04-18 00:00:00,2018-04-18 00:00:00
CUST001764,Regular,Paid Search,REP027,2017-01-18 14:07:13,2017-04-19 03:28:43
CUST001765,Inactive,Referral,REP030,2017-11-14 11:45:04,2017-11-14 11:45:04
CUST001766,Loyal,Paid Search,REP027,2017-12-10 22:40:35,2018-09-03 13:47:46
CUST001767,Inactive,Social,REP028,2017-02-26 23:43:15,2017-02-26 23:43:15
CUST001768,Loyal,Referral,REP023,2017-02-01 15:57:08,2018-07-01 22:38:28
CUST001769,Regular,Social,REP026,2017-05-13 20:38:22,2017-06-01 21:02:26
CUST001770,Loyal,Marketplace,REP014,2017-04-21 03:07:46,2018-06-15 12:05:33
CUST001771,VIP,Social,REP001,2017-02-03 06:51:08,2018-07-01 21:51:42
CUST001772,Loyal,Email,REP014,2017-01-21 01:45:22,2017-06-21 21:13:16
CUST001773,Loyal,Organic,REP014,2017-02-23 01:30:30,2017-09-28 03:16:07
CUST001774,Regular,Email,REP005,2017-10-08 10:08:32,2018-05-29 19:04:53
CUST001775,New,Referral,REP007,2018-04-18 00:00:00,2018-04-18 00:00:00
CUST001776,Loyal,Social,REP006,2017-07-05 09:46:00,2018-02-14 17:23:08
CUST001777,Regular,Social,REP009,2017-07-08 09:02:20,2017-09-16 03:58:42
CUST001778,Regular,Organic,REP027,2018-01-27 21:25:23,2018-06-12 09:32:33
CUST001779,Regular,Referral,REP003,2017-05-13 08:44:35,2018-06-28 16:08:59
CUST001780,Regular,Social,REP008,2017-06-20 22:04:05,2017-12-09 19:21:56
CUST001781,Inactive,Social,REP012,2018-03-26 23:53:39,2018-03-26 23:53:39
CUST001782,Loyal,Marketplace,REP016,2017-08-23 20:52:46,2018-01-09 18:30:53
CUST001783,Regular,Referral,REP005,2017-11-30 07:19:57,2018-09-01 04:13:14
CUST001784,Regular,Marketplace,REP010,2017-03-05 09:20:21,2018-06-07 11:02:35
CUST001785,Loyal,Organic,REP026,2017-03-06 20:46:04,2018-04-22 13:50:45
CUST001786,Regular,Email,REP024,2017-11-11 15:54:27,2017-11-15 12:06:12
CUST001787,Loyal,Marketplace,REP005,2018-01-21 22:39:37,2018-07-23 06:24:26
CUST001788,Loyal,Organic,REP018,2017-02-27 06:12:45,2018-03-06 13:05:26
CUST001789,Regular,Organic,REP015,2017-10-23 04:52:09,2018-03-14 15:24:32
CUST001790,Inactive,Referral,REP007,2017-07-03 14:27:03,2017-07-03 14:27:03
CUST001791,Loyal,Marketplace,REP008,2017-08-31 14:28:23,2018-03-09 04:58:36
CUST001792,Loyal,Email,REP014,2017-04-13 19:16:46,2018-02-01 12:00:09
CUST001793,Loyal,Organic,REP017,2017-02-19 17:16:21,2018-05-18 17:42:02
CUST001794,Inactive,Marketplace,REP003,2017-04-25 01:54:20,2017-04-25 01:54:20
CUST001795,Regular,Marketplace,REP028,2018-03-07 22:50:02,2018-04-16 15:05:06
CUST001796,Loyal,Email,REP023,2017-04-30 00:17:00,2018-09-21 22:32:30
CUST001797,Inactive,Referral,REP002,2018-01-12 07:12:33,2018-01-12 07:12:33
CUST001798,Loyal,Organic,REP003,2018-01-05 12:23:02,2018-06-30 07:41:29
CUST001799,Inactive,Paid Search,REP016,2017-08-01 13:29:01,2017-08-01 13:29:01
CUST001800,Loyal,Paid Search,REP029,2018-07-19 23:28:40,2018-08-17 17:04:36
CUST001801,Inactive,Marketplace,REP006,2017-12-09 13:55:14,2017-12-09 13:55:14
CUST001802,Inactive,Paid Search,REP026,2017-08-31 15:54:26,2017-08-31 15:54:26
CUST001803,Loyal,Email,REP005,2017-09-06 16:00:21,2018-01-19 15:18:50
CUST001804,Regular,Referral,REP025,2018-01-08 18:12:52,2018-08-13 15:52:21
CUST001805,Regular,Paid Search,REP002,2017-04-24 19:44:00,2018-02-10 01:04:38
CUST001806,Loyal,Email,REP019,2017-04-09 17:47:20,2018-05-15 16:34:14
CUST001807,Loyal,Referral,REP010,2017-11-20 09:11:23,2018-09-17 14:48:11
CUST001808,Inactive,Organic,REP022,2017-03-27 00:01:29,2017-03-27 00:01:29
CUST001809,Loyal,Organic,REP002,2017-05-29 14:01:07,2018-03-28 17:45:07
CUST001810,Loyal,Marketplace,REP016,2018-01-19 14:09:02,2018-06-02 07:41:43
CUST001811,Inactive,Organic,REP012,2017-10-04 20:07:21,2017-10-04 20:07:21
CUST001812,Loyal,Referral,REP028,2017-03-05 11:47:12,2018-07-06 15:47:56
CUST001813,Loyal,Organic,REP023,2017-02-06 00:52:38,2018-07-23 05:34:10
CUST001814,Loyal,Paid Search,REP005,2017-04-20 16:12:07,2018-06-10 18:00:12
CUST001815,Regular,Organic,REP018,2017-05-26 22:58:49,2018-07-03 21:18:07
CUST001816,Loyal,Email,REP008,2017-06-01 15:49:36,2017-10-28 11:45:40
CUST001817,Inactive,Social,REP005,2017-02-04 06:18:32,2017-02-04 06:18:32
CUST001818,Regular,Social,REP010,2018-05-18 08:09:52,2018-09-06 22:48:58
CUST001819,Inactive,Marketplace,REP019,2017-05-04 12:02:08,2017-05-04 12:02:08
CUST001820,Regular,Referral,REP020,2017-12-25 14:35:55,2018-07-02 12:47:14
CUST001821,Regular,Organic,REP010,2017-11-05 22:55:53,2018-05-24 14:43:54
CUST001822,Inactive,Paid Search,REP021,2017-06-10 01:52:09,2017-06-10 01:52:09
CUST001823,Loyal,Social,REP018,2018-03-14 09:40:54,2018-09-19 00:10:32
CUST001824,Loyal,Paid Search,REP014,2017-02-26 04:35:07,2018-09-03 14:11:56
CUST001825,Loyal,Organic,REP018,2017-01-26 10:00:48,2017-07-30 23:20:42
CUST001826,Loyal,Organic,REP016,2017-08-23 01:23:04,2018-07-13 05:51:41
CUST001827,Loyal,Marketplace,REP011,2017-11-19 04:39:07,2018-09-08 21:31:24
CUST001828,New,Marketplace,REP019,2018-09-13 11:34:08,2018-09-13 11:34:08
CUST001829,Regular,Email,REP030,2017-09-18 21:39:02,2018-03-11 20:09:59
CUST001830,Regular,Paid Search,REP014,2017-12-27 01:14:57,2018-01-28 08:36:03
CUST001831,Loyal,Referral,REP005,2017-09-11 23:29:28,2018-05-26 05:50:25
CUST001832,Inactive,Marketplace,REP024,2017-10-27 11:58:42,2017-10-27 11:58:42
CUST001833,New,Paid Search,REP024,2018-05-23 04:02:23,2018-05-23 04:02:23
CUST001834,Loyal,Marketplace,REP021,2017-02-14 15:14:31,2018-08-02 23:30:45
CUST001835,Loyal,Email,REP015,2017-07-22 09:47:17,2018-01-27 01:20:56
CUST001836,Loyal,Paid Search,REP021,2017-01-07 16:37:18,2018-09-02 20:15:01
CUST001837,VIP,Marketplace,REP026,2017-05-16 13:22:28,2018-08-25 20:17:25
CUST001838,Loyal,Social,REP003,2017-07-01 22:53:33,2018-06-20 03:16:32
CUST001839,New,Paid Search,REP011,2018-09-29 13:41:49,2018-09-29 13:41:49
CUST001840,Regular,Marketplace,REP010,2017-03-16 17:42:53,2017-07-21 03:14:37
CUST001841,Loyal,Social,REP015,2017-02-24 05:31:01,2018-08-30 18:42:16
CUST001842,Inactive,Email,REP003,2017-03-16 02:55:01,2017-03-16 02:55:01
CUST001843,Loyal,Social,REP006,2017-02-22 12:06:35,2018-02-27 19:54:41
CUST001844,Inactive,Paid Search,REP007,2017-08-07 00:00:00,2017-08-07 00:00:00
CUST001845,Loyal,Email,REP013,2017-03-30 08:32:56,2018-08-29 09:03:17
CUST001846,Inactive,Paid Search,REP012,2017-10-16 00:00:00,2017-10-16 00:00:00
CUST001847,Regular,Referral,REP016,2017-04-17 18:14:02,2017-12-26 06:43:53
CUST001848,New,Paid Search,REP029,2018-09-05 00:20:50,2018-09-05 00:20:50
CUST001849,New,Social,REP029,2018-08-02 00:00:00,2018-08-02 00:00:00
CUST001850,Regular,Marketplace,REP016,2017-12-17 08:01:06,2018-02-04 02:42:15
CUST001851,Loyal,Marketplace,REP005,2018-02-26 16:02:41,2018-08-24 09:02:23
CUST001852,Inactive,Referral,REP019,2017-07-30 00:00:00,2017-07-30 00:00:00
CUST001853,Loyal,Email,REP022,2018-01-09 20:55:07,2018-02-10 14:04:45
CUST001854,New,Email,REP015,2018-09-22 01:07:15,2018-09-22 01:07:15
CUST001855,Regular,Email,REP009,2017-01-11 06:22:43,2018-05-04 06:15:55
CUST001856,Loyal,Marketplace,REP010,2017-06-08 22:28:13,2018-09-30 00:59:37
CUST001857,Inactive,Marketplace,REP014,2017-04-07 02:16:59,2017-04-07 02:16:59
CUST001858,Loyal,Email,REP010,2017-01-19 22:46:37,2018-09-01 07:29:24
CUST001859,Regular,Social,REP012,2017-05-14 22:07:16,2018-06-08 05:14:32
CUST001860,Inactive,Marketplace,REP024,2017-12-10 19:41:51,2017-12-10 19:41:51
CUST001861,Regular,Paid Search,REP011,2017-04-28 00:06:26,2018-01-09 00:51:03
CUST001862,Inactive,Social,REP019,2017-04-28 04:34:52,2017-04-28 04:34:52
CUST001863,Loyal,Marketplace,REP006,2017-02-09 15:26:38,2017-12-22 23:00:50
CUST001864,Inactive,Email,REP007,2017-05-27 02:19:06,2017-05-27 02:19:06
CUST001865,Loyal,Email,REP020,2017-02-25 01:39:53,2018-05-22 23:27:12
CUST001866,Inactive,Email,REP014,2017-05-29 10:01:16,2017-05-29 10:01:16
CUST001867,Loyal,Referral,REP010,2017-07-29 21:26:43,2018-09-18 16:14:27
CUST001868,Regular,Paid Search,REP030,2017-01-15 19:08:31,2017-12-30 05:53:42
CUST001869,Loyal,Social,REP016,2017-03-28 00:21:03,2018-08-29 05:18:22
CUST001870,Loyal,Email,REP021,2017-04-29 18:26:44,2018-08-23 10:47:56
CUST001871,Regular,Email,REP014,2017-05-09 11:47:05,2017-10-29 01:32:15
CUST001872,Loyal,Paid Search,REP025,2017-05-14 11:28:46,2018-08-13 11:51:51
CUST001873,Regular,Social,REP008,2017-02-03 08:43:27,2017-08-17 08:28:14
CUST001874,New,Paid Search,REP004,2018-09-18 13:49:10,2018-09-18 13:49:10
CUST001875,Loyal,Marketplace,REP028,2017-01-02 06:15:07,2017-06-02 04:38:13
CUST001876,Regular,Organic,REP010,2017-09-24 21:25:17,2018-09-26 15:10:20
CUST001877,Loyal,Email,REP008,2017-04-04 12:32:01,2018-08-22 09:11:20
CUST001878,Inactive,Organic,REP016,2017-05-03 00:00:00,2017-05-03 00:00:00
CUST001879,Loyal,Social,REP004,2017-06-01 14:04:07,2018-07-24 09:17:24
CUST001880,Inactive,Marketplace,REP011,2018-01-10 11:31:10,2018-01-10 11:31:10
CUST001881,Regular,Social,REP028,2017-01-26 21:06:18,2017-12-09 17:22:17
CUST001882,Loyal,Referral,REP025,2017-11-28 10:22:44,2018-07-26 13:23:05
CUST001883,Loyal,Paid Search,REP006,2017-07-08 16:54:05,2018-08-03 04:31:36
CUST001884,New,Social,REP016,2018-08-24 00:00:00,2018-08-24 00:00:00
CUST001885,Loyal,Social,REP019,2017-09-16 03:43:16,2018-09-04 10:14:36
CUST001886,Regular,Paid Search,REP017,2017-03-11 21:46:38,2017-12-28 22:15:40
CUST001887,Loyal,Social,REP024,2017-04-27 11:46:50,2018-07-17 23:52:02
CUST001888,Loyal,Email,REP026,2017-05-26 10:34:46,2018-05-26 01:14:30
CUST001889,VIP,Organic,REP009,2017-05-09 12:20:48,2018-07-29 14:58:29
CUST001890,Loyal,Social,REP007,2017-05-10 01:57:30,2018-06-11 16:58:32
CUST001891,Inactive,Paid Search,REP004,2017-03-20 17:53:26,2017-03-20 17:53:26
CUST001892,Loyal,Organic,REP002,2018-02-21 10:51:24,2018-07-19 15:21:14
CUST001893,Inactive,Email,REP004,2018-03-21 10:34:32,2018-03-21 10:34:32
CUST001894,Loyal,Paid Search,REP027,2017-04-26 07:40:47,2017-09-28 12:29:47
CUST001895,Regular,Marketplace,REP010,2018-02-21 02:29:53,2018-04-13 21:30:27
CUST001896,Loyal,Social,REP027,2017-01-02 04:49:59,2018-07-27 02:56:15
CUST001897,Loyal,Organic,REP030,2017-02-25 00:40:20,2018-03-13 06:24:23
CUST001898,Regular,Email,REP019,2017-08-22 13:34:53,2018-04-01 21:22:51
CUST001899,Regular,Marketplace,REP011,2017-01-24 07:36:34,2017-12-11 17:11:09
CUST001900,Inactive,Email,REP005,2017-05-26 00:46:54,2017-05-26 00:46:54
CUST001901,Regular,Organic,REP007,2017-09-29 19:01:10,2017-11-26 06:38:14
CUST001902,Loyal,Referral,REP010,2017-01-17 08:41:37,2018-09-22 16:54:53
CUST001903,Loyal,Referral,REP001,2017-01-11 00:40:36,2017-12-12 07:26:01
CUST001904,Inactive,Paid Search,REP021,2017-05-30 14:21:32,2017-05-30 14:21:32
CUST001905,Loyal,Marketplace,REP010,2017-09-19 16:16:53,2018-07-16 00:15:23
CUST001906,VIP,Marketplace,REP008,2017-10-25 00:10:21,2018-08-15 04:24:44
CUST001907,Loyal,Referral,REP026,2017-07-23 10:10:56,2018-08-11 21:44:14
CUST001908,Loyal,Paid Search,REP013,2017-10-18 17:03:47,2018-07-10 05:59:11
CUST001909,New,Marketplace,REP004,2018-05-11 00:00:00,2018-05-11 00:00:00
CUST001910,Loyal,Marketplace,REP001,2017-03-29 01:36:14,2018-09-02 05:14:14
CUST001911,Loyal,Organic,REP009,2017-07-15 05:19:49,2018-08-26 00:37:18
CUST001912,Regular,Marketplace,REP001,2017-06-24 01:10:46,2017-06-26 18:19:25
CUST001913,Regular,Marketplace,REP022,2017-09-05 17:13:00,2018-04-11 13:22:03
CUST001914,Regular,Referral,REP003,2017-01-13 10:43:39,2017-04-21 19:27:44
CUST001915,Loyal,Referral,REP026,2017-12-30 23:57:43,2018-04-14 02:31:55
CUST001916,Regular,Marketplace,REP024,2017-08-06 16:11:06,2017-10-15 06:02:15
CUST001917,Loyal,Social,REP007,2018-02-12 01:42:26,2018-08-02 15:21:59
CUST001918,Inactive,Email,REP025,2017-01-27 19:11:14,2017-01-27 19:11:14
CUST001919,Regular,Email,REP017,2017-04-21 00:10:29,2018-08-21 23:35:02
CUST001920,Loyal,Marketplace,REP010,2017-06-02 10:49:31,2018-01-28 15:18:22
CUST001921,Loyal,Marketplace,REP018,2017-10-02 06:39:17,2018-03-20 08:50:21
CUST001922,VIP,Email,REP017,2017-02-27 01:51:10,2018-07-03 03:24:09
CUST001923,Loyal,Email,REP017,2017-03-08 19:17:24,2018-05-06 08:49:57
CUST001924,Regular,Paid Search,REP002,2017-08-31 07:38:29,2018-03-23 02:27:54
CUST001925,Loyal,Marketplace,REP001,2017-05-10 07:53:39,2018-01-16 00:58:22
CUST001926,Inactive,Marketplace,REP012,2017-06-20 00:00:00,2017-06-20 00:00:00
CUST001927,Loyal,Marketplace,REP015,2017-01-06 01:00:18,2018-03-20 10:49:16
CUST001928,Regular,Social,REP017,2017-01-26 03:38:14,2018-05-08 16:35:53
CUST001929,Loyal,Marketplace,REP013,2017-06-07 10:37:04,2018-02-12 15:52:19
CUST001930,New,Social,REP013,2018-04-17 17:43:07,2018-04-17 17:43:07
CUST001931,Loyal,Email,REP020,2017-05-26 20:37:01,2018-02-01 07:42:42
CUST001932,Loyal,Organic,REP013,2017-02-05 21:25:13,2018-09-18 04:01:01
CUST001933,New,Organic,REP015,2018-08-14 13:08:53,2018-08-14 13:08:53
CUST001934,New,Email,REP009,2018-05-06 00:00:00,2018-05-06 00:00:00
CUST001935,Loyal,Marketplace,REP013,2017-03-27 05:52:07,2017-09-01 00:53:19
CUST001936,Loyal,Marketplace,REP023,2017-08-26 04:04:20,2018-02-24 04:04:02
CUST001937,VIP,Organic,REP003,2017-02-16 06:35:53,2018-01-30 20:54:03
CUST001938,New,Marketplace,REP008,2018-05-04 00:00:00,2018-05-04 00:00:00
CUST001939,Regular,Referral,REP023,2018-01-24 14:15:39,2018-04-21 10:05:56
CUST001940,Regular,Organic,REP019,2017-05-29 16:49:05,2018-07-31 03:13:38
CUST001941,Inactive,Marketplace,REP016,2018-02-04 12:34:48,2018-02-04 12:34:48
CUST001942,Inactive,Social,REP017,2017-12-19 00:00:00,2017-12-19 00:00:00
CUST001943,Inactive,Marketplace,REP012,2017-09-11 00:00:00,2017-09-11 00:00:00
CUST001944,Inactive,Paid Search,REP020,2017-10-29 07:15:59,2017-10-29 07:15:59
CUST001945,Regular,Paid Search,REP022,2017-03-10 10:03:38,2018-09-10 06:44:24
CUST001946,Inactive,Marketplace,REP004,2017-11-07 03:05:52,2017-11-07 03:05:52
CUST001947,Regular,Paid Search,REP030,2017-05-03 01:17:49,2017-05-23 22:30:50
CUST001948,Regular,Email,REP002,2017-06-28 10:55:41,2017-12-27 20:45:05
CUST001949,VIP,Social,REP021,2017-07-22 08:29:12,2018-06-22 15:01:55
CUST001950,Regular,Marketplace,REP005,2018-04-10 17:24:54,2018-06-19 13:13:15
CUST001951,Loyal,Marketplace,REP017,2017-04-19 08:34:53,2018-07-05 20:52:16
CUST001952,Inactive,Marketplace,REP023,2017-02-24 00:20:55,2017-02-24 00:20:55
CUST001953,Inactive,Organic,REP024,2017-05-13 00:00:00,2017-05-13 00:00:00
CUST001954,Loyal,Marketplace,REP025,2017-07-29 15:28:08,2018-09-04 17:32:02
CUST001955,Regular,Referral,REP023,2017-03-09 09:17:34,2017-04-25 21:37:36
CUST001956,Loyal,Marketplace,REP007,2017-02-21 19:46:12,2017-06-19 15:25:55
CUST001957,Loyal,Paid Search,REP025,2017-10-07 16:23:00,2018-07-25 15:00:26
CUST001958,Loyal,Email,REP017,2017-07-13 19:33:47,2018-05-16 20:53:52
CUST001959,Regular,Social,REP001,2018-06-11 02:16:59,2018-07-06 19:04:45
CUST001960,Loyal,Referral,REP004,2017-11-09 19:04:19,2018-02-06 04:25:24
CUST001961,Loyal,Social,REP029,2017-09-29 04:10:17,2018-04-24 09:31:31
CUST001962,Regular,Paid Search,REP006,2017-02-10 01:27:02,2017-04-24 22:07:10
CUST001963,Loyal,Paid Search,REP019,2017-05-03 08:26:03,2018-04-27 08:30:31
CUST001964,Loyal,Referral,REP014,2017-01-27 06:43:31,2017-08-27 16:05:39
CUST001965,Loyal,Paid Search,REP010,2017-03-22 17:56:14,2018-01-25 17:31:30
CUST001966,Regular,Marketplace,REP008,2017-03-14 20:39:27,2017-10-13 08:07:12
CUST001967,Inactive,Referral,REP009,2017-06-23 00:00:00,2017-06-23 00:00:00
CUST001968,Loyal,Organic,REP003,2017-06-21 08:37:56,2018-06-07 01:26:28
CUST001969,Loyal,Organic,REP025,2017-02-01 22:41:19,2017-12-24 13:02:55
CUST001970,Loyal,Email,REP011,2017-12-23 14:07:15,2018-09-13 05:58:43
CUST001971,Loyal,Email,REP024,2018-04-08 12:57:48,2018-06-29 06:32:39
CUST001972,Loyal,Marketplace,REP023,2017-01-23 11:10:16,2018-04-23 18:59:14
CUST001973,Loyal,Marketplace,REP021,2017-10-10 14:44:40,2018-05-16 02:22:39
CUST001974,VIP,Social,REP001,2017-03-05 09:45:13,2018-08-10 14:47:48
CUST001975,VIP,Organic,REP011,2017-06-04 19:44:10,2018-09-25 21:34:45
CUST001976,New,Marketplace,REP022,2018-05-02 02:15:40,2018-05-02 02:15:40
CUST001977,Regular,Paid Search,REP027,2017-05-03 01:42:28,2017-12-12 18:07:25
CUST001978,Regular,Social,REP015,2017-02-18 14:02:07,2018-02-23 07:57:29
CUST001979,Loyal,Marketplace,REP026,2017-02-12 00:32:34,2018-03-12 03:12:31
CUST001980,Loyal,Paid Search,REP022,2017-02-11 14:11:30,2018-08-10 17:16:04
CUST001981,Regular,Paid Search,REP010,2017-07-25 12:49:37,2018-01-01 22:30:07
CUST001982,Regular,Social,REP003,2017-01-21 10:03:28,2017-07-04 01:25:45
CUST001983,Loyal,Paid Search,REP008,2017-06-08 16:57:10,2018-04-30 22:48:14
CUST001984,Regular,Social,REP022,2017-12-03 15:04:16,2018-05-14 04:34:57
CUST001985,Regular,Organic,REP018,2017-03-02 21:34:56,2018-06-10 21:50:35
CUST001986,Inactive,Email,REP024,2017-07-18 06:47:46,2017-07-18 06:47:46
CUST001987,Regular,Paid Search,REP021,2017-01-09 16:44:10,2018-06-24 17:18:04
CUST001988,Regular,Referral,REP019,2017-07-06 17:16:46,2017-10-01 17:05:47
CUST001989,Inactive,Organic,REP019,2017-03-19 00:00:00,2017-03-19 00:00:00
CUST001990,Loyal,Paid Search,REP004,2017-01-04 08:43:18,2018-02-02 04:57:38
CUST001991,Regular,Social,REP017,2017-05-12 20:41:17,2018-06-07 11:16:20
CUST001992,Loyal,Social,REP002,2017-08-06 18:45:57,2018-02-25 08:05:32
CUST001993,Regular,Referral,REP021,2018-04-06 08:04:21,2018-08-21 16:41:45
CUST001994,New,Marketplace,REP027,2018-04-22 05:53:05,2018-04-22 05:53:05
CUST001995,Loyal,Email,REP005,2017-04-23 00:57:28,2018-08-05 21:24:33
CUST001996,Inactive,Paid Search,REP002,2017-12-04 09:20:21,2017-12-04 09:20:21
CUST001997,Loyal,Marketplace,REP023,2017-03-12 21:17:39,2018-04-28 13:38:38
CUST001998,Regular,Email,REP010,2017-03-31 07:05:02,2018-06-19 13:52:23
CUST001999,Loyal,Social,REP004,2017-09-12 14:00:36,2018-07-13 05:03:44
CUST002000,Regular,Social,REP022,2017-11-11 13:51:58,2018-09-02 16:46:13
CUST002001,New,Organic,REP023,2018-08-18 00:49:42,2018-08-18 00:49:42
CUST002002,Loyal,Organic,REP012,2017-11-18 16:16:12,2018-09-05 21:00:39
CUST002003,Loyal,Email,REP015,2017-12-13 19:09:06,2018-04-08 08:24:05
CUST002004,Inactive,Organic,REP022,2018-01-30 04:27:41,2018-01-30 04:27:41
CUST002005,Loyal,Email,REP028,2017-02-14 08:16:51,2018-08-10 15:54:00
CUST002006,Loyal,Organic,REP020,2017-01-19 00:50:36,2017-11-07 11:25:26
CUST002007,Regular,Paid Search,REP011,2017-08-09 04:09:20,2017-12-17 05:50:14
CUST002008,Regular,Referral,REP011,2017-10-20 01:54:59,2018-05-29 08:40:22
CUST002009,Regular,Email,REP007,2017-04-24 11:41:54,2018-07-10 01:06:45
CUST002010,Regular,Paid Search,REP011,2017-05-16 12:39:26,2017-10-16 14:42:21
CUST002011,Loyal,Marketplace,REP021,2017-01-22 19:06:25,2018-03-26 03:54:53
CUST002012,Inactive,Referral,REP001,2017-06-01 04:34:39,2017-06-01 04:34:39
CUST002013,Loyal,Email,REP024,2017-01-20 08:12:51,2018-07-06 12:56:34
CUST002014,Regular,Referral,REP003,2018-04-08 03:45:55,2018-07-01 09:48:34
CUST002015,Loyal,Marketplace,REP006,2017-03-31 06:39:53,2018-05-24 11:12:16
CUST002016,Loyal,Email,REP016,2017-01-18 11:57:21,2018-05-07 11:58:14
CUST002017,Inactive,Paid Search,REP012,2017-02-08 10:33:19,2017-02-08 10:33:19
CUST002018,New,Organic,REP004,2018-04-14 02:27:33,2018-04-14 02:27:33
CUST002019,Regular,Marketplace,REP029,2017-06-09 01:32:10,2018-04-13 01:13:52
CUST002020,VIP,Social,REP024,2017-10-06 00:40:40,2018-03-22 22:39:20
CUST002021,New,Social,REP006,2018-05-05 16:17:50,2018-05-05 16:17:50
CUST002022,Inactive,Social,REP005,2017-04-16 13:30:35,2017-04-16 13:30:35
CUST002023,Loyal,Referral,REP001,2017-08-22 11:03:21,2018-07-28 02:28:44
CUST002024,Inactive,Email,REP018,2017-06-02 09:34:34,2017-06-02 09:34:34
CUST002025,Loyal,Referral,REP001,2017-04-19 15:04:22,2017-11-22 00:33:35
CUST002026,New,Marketplace,REP014,2018-06-05 00:00:00,2018-06-05 00:00:00
CUST002027,Regular,Email,REP001,2018-03-01 13:31:54,2018-07-22 03:06:45
CUST002028,Inactive,Referral,REP017,2017-06-30 19:15:11,2017-06-30 19:15:11
CUST002029,New,Marketplace,REP026,2018-08-26 13:37:24,2018-08-26 13:37:24
CUST002030,Loyal,Marketplace,REP027,2017-04-04 02:15:37,2017-12-16 02:20:53
CUST002031,Loyal,Paid Search,REP028,2017-09-16 13:54:07,2018-05-14 13:50:03
CUST002032,Regular,Organic,REP021,2017-12-05 15:44:05,2018-02-06 20:17:29
CUST002033,Loyal,Marketplace,REP011,2017-04-24 11:16:25,2017-11-13 08:36:24
CUST002034,Regular,Paid Search,REP007,2017-01-08 07:57:28,2017-09-02 17:25:56
CUST002035,Loyal,Referral,REP015,2017-03-27 20:46:50,2018-05-14 06:20:44
CUST002036,Loyal,Email,REP003,2018-05-17 02:10:53,2018-07-27 04:55:37
CUST002037,Inactive,Paid Search,REP019,2018-03-01 00:00:00,2018-03-01 00:00:00
CUST002038,Loyal,Referral,REP009,2017-03-24 15:47:33,2018-09-17 22:22:46
CUST002039,Regular,Organic,REP018,2017-02-03 20:37:47,2018-07-07 23:47:32
CUST002040,Loyal,Social,REP003,2017-05-12 02:58:47,2018-08-07 19:48:30
CUST002041,Loyal,Organic,REP013,2017-01-26 22:50:44,2018-09-15 18:57:31
CUST002042,Regular,Paid Search,REP024,2017-05-24 09:45:53,2017-07-01 02:19:39
CUST002043,Inactive,Marketplace,REP012,2017-10-19 03:03:13,2017-10-19 03:03:13
CUST002044,Regular,Organic,REP010,2017-08-05 13:29:13,2018-05-09 05:37:55
CUST002045,New,Organic,REP030,2018-05-03 04:08:09,2018-05-03 04:08:09
CUST002046,Loyal,Marketplace,REP026,2017-01-30 10:07:32,2018-09-07 01:52:13
CUST002047,Inactive,Organic,REP004,2017-06-11 23:31:35,2017-06-11 23:31:35
CUST002048,Loyal,Social,REP025,2017-07-18 05:35:37,2018-09-16 23:36:46
CUST002049,Inactive,Referral,REP001,2018-03-26 15:46:16,2018-03-26 15:46:16
CUST002050,Loyal,Social,REP007,2017-01-31 23:50:34,2018-01-02 14:59:36
CUST002051,Loyal,Email,REP001,2017-08-02 15:12:22,2018-06-29 21:47:06
CUST002052,Regular,Referral,REP014,2017-04-26 09:46:25,2018-03-04 13:01:07
CUST002053,Loyal,Marketplace,REP008,2017-04-10 11:25:39,2018-08-10 17:33:46
CUST002054,Inactive,Marketplace,REP001,2017-06-16 05:59:31,2017-06-16 05:59:31
CUST002055,Regular,Referral,REP006,2017-03-26 11:37:28,2018-05-10 00:22:33
CUST002056,Inactive,Referral,REP012,2017-09-16 17:55:59,2017-09-16 17:55:59
CUST002057,Loyal,Organic,REP007,2017-02-25 00:25:13,2018-04-01 16:20:08
CUST002058,Loyal,Social,REP009,2018-07-05 05:31:59,2018-09-24 12:06:38
CUST002059,Regular,Paid Search,REP030,2017-02-19 06:06:54,2018-03-20 00:08:08
CUST002060,Inactive,Paid Search,REP026,2017-03-12 07:37:47,2017-03-12 07:37:47
CUST002061,Loyal,Social,REP003,2017-04-04 10:10:06,2018-05-23 09:04:01
CUST002062,VIP,Social,REP017,2017-10-20 02:23:31,2018-09-12 12:56:28
CUST002063,Regular,Marketplace,REP018,2017-04-19 18:02:13,2018-04-08 12:34:01
CUST002064,Loyal,Paid Search,REP009,2017-04-13 22:51:19,2018-09-18 08:58:13
CUST002065,Regular,Paid Search,REP012,2018-08-09 05:42:01,2018-09-03 12:05:30
CUST002066,Loyal,Referral,REP015,2017-03-13 06:31:10,2018-09-18 17:12:06
CUST002067,Loyal,Paid Search,REP009,2017-01-13 16:22:07,2017-08-19 22:40:39
CUST002068,Loyal,Paid Search,REP002,2017-08-28 11:15:12,2018-02-14 21:44:30
CUST002069,Loyal,Organic,REP014,2017-03-12 12:54:23,2018-05-30 21:29:16
CUST002070,VIP,Referral,REP004,2017-01-14 14:18:41,2018-06-13 17:23:27
CUST002071,Regular,Referral,REP011,2017-07-01 13:24:56,2018-06-12 00:09:04
CUST002072,Loyal,Marketplace,REP019,2017-05-10 00:41:39,2017-09-04 01:50:52
CUST002073,Loyal,Marketplace,REP016,2017-09-17 00:57:09,2018-08-08 06:00:39
CUST002074,Regular,Social,REP013,2017-01-14 04:38:42,2018-02-09 00:43:38
CUST002075,Loyal,Marketplace,REP026,2017-12-30 13:39:10,2018-03-02 01:54:01
CUST002076,Inactive,Paid Search,REP017,2017-05-26 14:35:47,2017-05-26 14:35:47
CUST002077,Loyal,Marketplace,REP030,2018-03-26 06:34:30,2018-08-23 09:10:20
CUST002078,Inactive,Paid Search,REP030,2017-12-09 17:06:44,2017-12-09 17:06:44
CUST002079,Inactive,Social,REP009,2017-02-16 09:10:41,2017-02-16 09:10:41
CUST002080,Regular,Marketplace,REP018,2017-01-26 07:29:59,2018-09-10 02:58:05
CUST002081,Loyal,Marketplace,REP016,2017-04-27 20:01:25,2018-07-22 08:55:43
CUST002082,VIP,Referral,REP029,2017-04-08 15:36:56,2018-05-26 09:27:14
CUST002083,Regular,Referral,REP030,2017-10-30 22:30:32,2018-04-17 12:26:30
CUST002084,Loyal,Social,REP026,2017-01-29 10:01:33,2017-09-08 06:30:47
CUST002085,Loyal,Social,REP008,2017-01-10 06:50:24,2017-08-24 02:31:12
CUST002086,Inactive,Email,REP025,2017-04-20 19:26:05,2017-04-20 19:26:05
CUST002087,Loyal,Email,REP010,2017-01-29 19:31:26,2018-02-20 05:02:30
CUST002088,VIP,Marketplace,REP004,2017-03-10 10:30:52,2018-08-07 10:04:42
CUST002089,Regular,Paid Search,REP012,2017-02-26 02:50:27,2018-05-30 17:48:42
CUST002090,Loyal,Email,REP028,2017-03-25 04:59:45,2018-05-27 08:19:13
CUST002091,Regular,Referral,REP004,2017-10-31 16:31:14,2018-07-04 15:56:32
CUST002092,Inactive,Paid Search,REP018,2017-01-26 18:19:25,2017-01-26 18:19:25
CUST002093,Inactive,Referral,REP028,2018-01-19 04:08:35,2018-01-19 04:08:35
CUST002094,Loyal,Paid Search,REP010,2017-04-06 08:50:33,2018-06-24 03:24:09
CUST002095,Inactive,Paid Search,REP008,2017-07-22 11:52:14,2017-07-22 11:52:14
CUST002096,Inactive,Social,REP029,2017-11-30 03:22:14,2017-11-30 03:22:14
CUST002097,Inactive,Paid Search,REP026,2018-03-13 10:24:39,2018-03-13 10:24:39
CUST002098,Inactive,Referral,REP006,2017-07-10 00:00:00,2017-07-10 00:00:00
CUST002099,Loyal,Social,REP013,2017-05-16 01:10:03,2018-05-17 19:34:18
CUST002100,Regular,Email,REP022,2017-12-15 15:42:31,2017-12-19 03:58:39
CUST002101,Regular,Marketplace,REP017,2017-10-02 10:52:58,2017-12-04 05:54:53
CUST002102,Inactive,Email,REP008,2017-07-04 00:00:00,2017-07-04 00:00:00
CUST002103,Loyal,Email,REP010,2017-05-15 22:09:28,2018-07-19 23:17:39
CUST002104,Loyal,Marketplace,REP002,2017-01-30 06:01:17,2018-09-25 00:28:18
CUST002105,Regular,Marketplace,REP011,2017-02-26 23:38:11,2018-02-04 13:50:54
CUST002106,Loyal,Social,REP003,2017-05-17 18:31:30,2018-09-30 15:21:54
CUST002107,Inactive,Referral,REP008,2018-01-14 20:45:00,2018-01-14 20:45:00
CUST002108,Loyal,Social,REP023,2017-01-02 02:56:56,2018-06-22 23:45:43
CUST002109,Loyal,Marketplace,REP010,2017-05-27 14:33:12,2018-04-10 19:56:50
CUST002110,Regular,Referral,REP028,2017-02-18 08:12:22,2017-03-12 07:58:51
CUST002111,Regular,Paid Search,REP007,2017-04-30 11:05:47,2017-08-07 22:04:51
CUST002112,Loyal,Marketplace,REP016,2017-08-17 02:34:03,2018-07-18 01:19:32
CUST002113,New,Social,REP026,2018-07-19 14:17:08,2018-07-19 14:17:08
CUST002114,Regular,Referral,REP027,2017-09-22 05:25:28,2018-02-11 12:58:32
CUST002115,Regular,Email,REP024,2017-03-27 17:15:37,2018-04-09 18:11:37
CUST002116,Inactive,Referral,REP027,2017-05-30 12:38:52,2017-05-30 12:38:52
CUST002117,Regular,Marketplace,REP018,2017-02-25 05:58:39,2018-08-06 05:05:38
CUST002118,New,Email,REP005,2018-09-12 19:39:08,2018-09-12 19:39:08
CUST002119,VIP,Organic,REP007,2017-02-14 23:43:10,2018-03-18 02:34:18
CUST002120,New,Organic,REP004,2018-04-15 17:38:16,2018-04-15 17:38:16
CUST002121,Loyal,Email,REP021,2017-03-24 09:21:22,2018-06-27 10:15:48
CUST002122,Loyal,Email,REP006,2017-05-15 04:09:44,2017-11-24 18:47:28
CUST002123,Regular,Paid Search,REP007,2017-02-04 05:49:40,2017-09-17 13:54:27
CUST002124,Loyal,Referral,REP025,2017-04-09 20:10:14,2018-05-29 08:58:07
CUST002125,Loyal,Marketplace,REP023,2017-03-01 07:00:22,2018-07-28 10:53:49
CUST002126,Loyal,Social,REP025,2017-04-01 02:39:25,2017-09-17 00:51:22
CUST002127,New,Paid Search,REP022,2018-04-24 21:19:08,2018-04-24 21:19:08
CUST002128,Loyal,Paid Search,REP023,2017-04-06 01:01:02,2018-08-21 23:09:09
CUST002129,New,Organic,REP028,2018-04-08 16:43:07,2018-04-08 16:43:07
CUST002130,Loyal,Paid Search,REP016,2017-01-02 15:32:55,2018-03-20 00:59:57
CUST002131,VIP,Referral,REP030,2017-01-29 22:36:51,2017-12-05 02:01:40
CUST002132,Loyal,Marketplace,REP005,2017-01-30 17:08:20,2018-06-29 14:55:17
CUST002133,Loyal,Social,REP008,2017-10-03 01:06:14,2018-08-21 15:22:13
CUST002134,Inactive,Paid Search,REP003,2017-08-09 00:00:00,2017-08-09 00:00:00
CUST002135,Inactive,Referral,REP022,2018-03-06 00:00:00,2018-03-06 00:00:00
CUST002136,Regular,Social,REP029,2017-05-31 02:57:48,2017-08-17 04:15:25
CUST002137,New,Paid Search,REP015,2018-06-05 02:22:09,2018-06-05 02:22:09
CUST002138,Loyal,Paid Search,REP022,2017-06-13 20:13:29,2018-08-19 07:38:18
CUST002139,Regular,Marketplace,REP027,2017-06-09 20:10:32,2018-04-10 23:06:00
CUST002140,Inactive,Social,REP019,2017-03-15 00:00:00,2017-03-15 00:00:00
CUST002141,Regular,Paid Search,REP015,2017-03-16 09:19:09,2017-10-12 12:34:10
CUST002142,New,Email,REP030,2018-05-07 15:13:01,2018-05-07 15:13:01
CUST002143,Loyal,Organic,REP006,2017-05-05 01:39:02,2018-01-17 08:45:34
CUST002144,VIP,Marketplace,REP026,2017-05-11 13:09:09,2018-09-22 16:24:46
CUST002145,Regular,Email,REP025,2017-05-17 08:56:11,2018-07-25 19:47:13
CUST002146,Regular,Referral,REP028,2018-01-18 02:37:15,2018-04-26 23:57:58
CUST002147,Loyal,Organic,REP008,2017-01-28 10:59:48,2017-12-23 05:14:34
CUST002148,Loyal,Marketplace,REP013,2018-01-11 19:46:38,2018-09-13 01:33:18
CUST002149,Regular,Email,REP009,2017-02-02 17:58:23,2017-06-21 10:50:22
CUST002150,Inactive,Referral,REP029,2017-07-18 19:58:19,2017-07-18 19:58:19
CUST002151,New,Social,REP005,2018-09-01 17:46:07,2018-09-01 17:46:07
CUST002152,Regular,Paid Search,REP002,2017-05-14 16:21:58,2017-06-20 20:27:55
CUST002153,Loyal,Social,REP025,2017-01-30 14:41:14,2018-06-02 16:56:59
CUST002154,Loyal,Marketplace,REP006,2017-06-27 21:41:15,2018-09-13 15:48:11
CUST002155,Inactive,Social,REP007,2017-06-09 13:36:38,2017-06-09 13:36:38
CUST002156,Loyal,Referral,REP028,2017-07-27 00:07:43,2018-08-28 20:10:56
CUST002157,Loyal,Email,REP015,2017-01-02 17:36:51,2018-08-31 11:25:11
CUST002158,Loyal,Paid Search,REP016,2017-05-23 11:52:00,2018-03-06 11:24:17
CUST002159,Loyal,Marketplace,REP003,2017-07-26 17:00:57,2018-07-27 21:10:18
CUST002160,Loyal,Email,REP016,2017-02-17 04:37:33,2018-09-13 22:06:26
CUST002161,Loyal,Marketplace,REP027,2017-07-18 17:26:56,2018-06-15 15:05:47
CUST002162,Loyal,Referral,REP010,2017-08-13 17:30:51,2017-11-06 05:47:17
CUST002163,Loyal,Organic,REP010,2017-01-25 13:14:16,2018-05-24 11:14:41
CUST002164,Inactive,Paid Search,REP015,2017-04-23 00:00:00,2017-04-23 00:00:00
CUST002165,Regular,Referral,REP025,2017-12-16 02:05:40,2018-04-18 10:12:52
CUST002166,Inactive,Marketplace,REP029,2017-07-05 06:41:22,2017-07-05 06:41:22
CUST002167,Inactive,Organic,REP010,2017-11-10 00:00:00,2017-11-10 00:00:00
CUST002168,Loyal,Social,REP016,2017-01-20 07:57:02,2017-09-05 22:10:18
CUST002169,Loyal,Paid Search,REP016,2017-05-06 02:13:02,2018-06-19 09:54:37
CUST002170,Inactive,Paid Search,REP025,2017-01-16 20:17:48,2017-01-16 20:17:48
CUST002171,Loyal,Social,REP001,2017-04-04 12:53:34,2018-08-21 04:10:55
CUST002172,Loyal,Social,REP021,2017-03-26 21:44:49,2018-09-16 01:20:50
CUST002173,Inactive,Marketplace,REP017,2017-06-14 03:29:52,2017-06-14 03:29:52
CUST002174,Loyal,Email,REP021,2017-01-05 10:55:08,2018-08-13 09:38:30
CUST002175,Loyal,Paid Search,REP028,2017-01-04 16:02:40,2018-08-07 14:20:00
CUST002176,Loyal,Paid Search,REP007,2017-01-16 01:32:51,2017-12-24 19:26:00
CUST002177,Loyal,Marketplace,REP023,2017-04-12 03:19:28,2018-08-31 03:15:06
CUST002178,Regular,Email,REP004,2017-02-04 03:16:12,2017-12-13 09:01:47
CUST002179,Loyal,Organic,REP009,2017-07-19 15:13:57,2018-07-07 19:13:39
CUST002180,Regular,Social,REP027,2017-03-13 20:38:46,2018-04-05 19:13:16
CUST002181,New,Referral,REP017,2018-07-25 09:28:38,2018-07-25 09:28:38
CUST002182,Inactive,Social,REP021,2017-01-06 13:45:06,2017-01-06 13:45:06
CUST002183,VIP,Email,REP003,2017-03-27 16:45:55,2018-08-24 09:27:38
CUST002184,Regular,Email,REP017,2017-01-26 22:59:18,2018-09-20 22:46:26
CUST002185,Regular,Organic,REP002,2018-02-10 07:50:07,2018-09-20 23:33:28
CUST002186,Loyal,Referral,REP024,2018-03-20 09:45:11,2018-07-03 04:44:38
CUST002187,Regular,Marketplace,REP019,2017-06-24 16:39:48,2017-09-12 11:50:40
CUST002188,Inactive,Email,REP001,2017-06-27 12:49:49,2017-06-27 12:49:49
CUST002189,Loyal,Organic,REP003,2017-06-12 06:57:09,2018-06-16 20:03:13
CUST002190,Loyal,Social,REP024,2017-02-18 21:53:44,2018-06-24 08:25:19
CUST002191,Inactive,Paid Search,REP021,2017-01-13 03:44:48,2017-01-13 03:44:48
CUST002192,Loyal,Paid Search,REP005,2017-10-28 23:35:27,2018-07-05 22:22:00
CUST002193,Loyal,Email,REP010,2017-06-12 23:38:53,2018-09-27 05:32:32
CUST002194,Regular,Referral,REP018,2017-02-24 23:48:03,2017-02-27 04:17:33
CUST002195,Loyal,Organic,REP017,2017-04-06 16:22:51,2017-10-28 10:30:24
CUST002196,Loyal,Paid Search,REP013,2017-04-28 13:11:12,2017-12-05 11:49:25
CUST002197,Loyal,Paid Search,REP022,2018-01-05 15:22:14,2018-04-06 04:59:23
CUST002198,New,Marketplace,REP023,2018-09-20 11:01:53,2018-09-20 11:01:53
CUST002199,Regular,Email,REP021,2017-05-17 07:20:34,2018-03-10 22:42:48
CUST002200,New,Paid Search,REP012,2018-08-21 01:57:10,2018-08-21 01:57:10
CUST002201,VIP,Email,REP028,2017-07-22 17:42:42,2018-08-30 00:07:33
CUST002202,Loyal,Marketplace,REP023,2017-04-25 22:30:17,2018-06-12 13:35:16
CUST002203,Loyal,Email,REP012,2018-02-15 18:56:17,2018-08-08 10:29:54
CUST002204,Inactive,Email,REP021,2017-10-10 02:26:20,2017-10-10 02:26:20
CUST002205,Loyal,Paid Search,REP017,2017-11-20 16:08:48,2018-06-14 13:19:15
CUST002206,Loyal,Social,REP022,2017-02-26 21:02:51,2018-07-02 10:40:45
CUST002207,Regular,Organic,REP027,2017-04-17 11:20:45,2017-06-10 13:26:47
CUST002208,Loyal,Organic,REP020,2017-07-28 04:41:54,2018-06-11 18:33:24
CUST002209,New,Paid Search,REP016,2018-08-04 05:21:21,2018-08-04 05:21:21
CUST002210,Regular,Marketplace,REP018,2017-09-03 10:21:16,2018-02-02 15:02:58
CUST002211,Regular,Referral,REP021,2017-08-03 20:21:10,2018-07-06 11:40:00
CUST002212,New,Social,REP001,2018-06-07 00:22:18,2018-06-07 00:22:18
CUST002213,Loyal,Organic,REP027,2017-03-22 04:11:28,2018-09-16 01:25:24
CUST002214,Regular,Marketplace,REP003,2017-02-23 17:53:35,2017-11-24 06:28:58
CUST002215,Regular,Marketplace,REP023,2017-12-21 02:33:45,2018-06-25 13:57:07
CUST002216,Loyal,Marketplace,REP012,2018-01-23 06:55:56,2018-08-01 20:52:21
CUST002217,Inactive,Referral,REP017,2017-08-22 20:50:38,2017-08-22 20:50:38
CUST002218,Loyal,Referral,REP005,2017-08-21 23:12:39,2018-01-24 06:11:25
CUST002219,Loyal,Referral,REP029,2017-04-19 01:08:20,2018-07-19 22:07:10
CUST002220,New,Paid Search,REP016,2018-09-10 00:00:00,2018-09-10 00:00:00
CUST002221,New,Email,REP024,2018-08-07 18:15:13,2018-08-07 18:15:13
CUST002222,Regular,Marketplace,REP026,2017-11-15 18:14:34,2018-07-29 10:36:02
CUST002223,Loyal,Organic,REP027,2017-03-02 15:37:34,2017-07-26 02:06:44
CUST002224,Regular,Organic,REP030,2018-08-28 16:01:31,2018-09-05 00:15:25
CUST002225,Regular,Social,REP014,2017-06-21 07:30:30,2017-12-29 13:26:33
CUST002226,Loyal,Organic,REP011,2017-05-15 19:21:56,2018-06-17 06:37:27
CUST002227,Regular,Social,REP005,2018-06-23 13:25:01,2018-09-09 08:42:10
CUST002228,Loyal,Organic,REP018,2017-05-18 07:40:05,2018-01-24 14:58:15
CUST002229,New,Organic,REP023,2018-08-23 01:39:54,2018-08-23 01:39:54
CUST002230,Inactive,Referral,REP011,2017-05-16 08:44:16,2017-05-16 08:44:16
CUST002231,Inactive,Social,REP004,2017-01-02 10:56:40,2017-01-02 10:56:40
CUST002232,Regular,Organic,REP005,2018-04-23 20:44:14,2018-05-09 12:42:59
CUST002233,Inactive,Paid Search,REP012,2018-03-07 12:52:47,2018-03-07 12:52:47
CUST002234,Loyal,Email,REP010,2017-05-18 13:07:24,2018-06-15 08:49:29
CUST002235,Loyal,Organic,REP013,2017-04-12 21:50:04,2018-05-11 22:07:02
CUST002236,Inactive,Marketplace,REP009,2017-05-25 19:46:27,2017-05-25 19:46:27
CUST002237,Regular,Social,REP006,2017-05-22 08:04:41,2018-06-14 19:07:11
CUST002238,Inactive,Organic,REP002,2017-04-30 13:43:13,2017-04-30 13:43:13
CUST002239,Loyal,Email,REP024,2017-09-05 13:57:45,2018-09-06 07:30:12
CUST002240,Inactive,Marketplace,REP017,2017-07-05 08:54:35,2017-07-05 08:54:35
CUST002241,Loyal,Referral,REP019,2017-02-23 04:48:12,2018-02-10 22:07:32
CUST002242,Loyal,Social,REP029,2017-03-28 09:27:30,2018-08-09 14:11:42
CUST002243,Loyal,Email,REP029,2017-07-22 21:45:19,2018-05-15 14:55:31
CUST002244,Loyal,Social,REP024,2017-08-26 00:06:12,2018-07-23 05:47:05
CUST002245,Loyal,Social,REP005,2017-04-08 02:50:43,2017-09-05 10:41:58
CUST002246,Loyal,Paid Search,REP024,2017-03-23 08:47:30,2017-11-24 08:52:19
CUST002247,Inactive,Referral,REP014,2017-12-30 00:00:00,2017-12-30 00:00:00
CUST002248,Loyal,Social,REP014,2017-04-06 00:20:51,2018-08-11 23:24:48
CUST002249,Regular,Email,REP005,2017-05-25 16:49:17,2017-10-29 23:56:46
CUST002250,Regular,Marketplace,REP024,2017-01-13 21:57:54,2017-09-15 20:57:19
CUST002251,Loyal,Paid Search,REP011,2017-01-23 03:48:28,2017-12-31 09:54:42
CUST002252,Loyal,Social,REP012,2017-09-21 06:07:10,2018-08-26 23:49:33
CUST002253,Inactive,Organic,REP001,2018-02-04 17:18:54,2018-02-04 17:18:54
CUST002254,Loyal,Paid Search,REP027,2017-04-23 11:20:27,2018-06-24 05:21:12
CUST002255,Regular,Organic,REP008,2017-11-04 19:44:25,2018-09-02 22:14:35
CUST002256,New,Social,REP011,2018-07-23 20:34:10,2018-07-23 20:34:10
CUST002257,Inactive,Social,REP014,2017-07-12 02:02:03,2017-07-12 02:02:03
CUST002258,Regular,Email,REP005,2017-04-19 16:24:08,2017-11-12 20:18:12
CUST002259,Loyal,Paid Search,REP026,2017-06-12 05:58:44,2018-07-11 09:30:27
CUST002260,Inactive,Referral,REP007,2017-05-15 23:46:52,2017-05-15 23:46:52
CUST002261,Regular,Paid Search,REP009,2017-02-14 09:49:24,2017-02-26 16:12:07
CUST002262,Loyal,Marketplace,REP014,2017-08-12 11:16:33,2018-02-17 15:11:42
CUST002263,Regular,Referral,REP029,2017-05-17 17:25:07,2018-08-16 07:37:00
CUST002264,Loyal,Organic,REP008,2017-02-23 03:46:08,2018-09-13 09:28:35
CUST002265,Loyal,Email,REP005,2017-01-26 15:02:18,2018-07-03 04:05:28
CUST002266,Regular,Referral,REP019,2017-02-26 00:55:56,2018-08-16 09:29:14
CUST002267,Loyal,Organic,REP008,2017-04-16 12:42:55,2018-06-06 17:58:06
CUST002268,Inactive,Paid Search,REP016,2017-05-09 13:19:28,2017-05-09 13:19:28
CUST002269,Loyal,Email,REP015,2017-05-03 00:16:56,2018-03-06 16:52:43
CUST002270,Loyal,Paid Search,REP002,2017-07-26 09:48:32,2018-08-25 12:40:44
CUST002271,Regular,Organic,REP020,2017-02-11 08:29:02,2018-01-05 21:28:27
CUST002272,Inactive,Organic,REP017,2017-10-01 21:46:39,2017-10-01 21:46:39
CUST002273,Inactive,Marketplace,REP030,2018-01-21 15:49:42,2018-01-21 15:49:42
CUST002274,Loyal,Paid Search,REP026,2017-01-12 20:36:03,2018-03-01 23:12:48
CUST002275,Inactive,Paid Search,REP009,2017-09-08 13:36:54,2017-09-08 13:36:54
CUST002276,Loyal,Referral,REP005,2017-01-05 01:09:45,2018-09-10 22:35:19
CUST002277,New,Social,REP025,2018-07-19 00:00:00,2018-07-19 00:00:00
CUST002278,Loyal,Referral,REP030,2018-03-09 19:35:49,2018-09-08 21:45:49
CUST002279,Regular,Email,REP026,2017-01-29 06:25:52,2017-09-12 09:13:27
CUST002280,Inactive,Social,REP018,2017-03-23 12:20:15,2017-03-23 12:20:15
CUST002281,Loyal,Referral,REP027,2017-02-21 21:57:41,2017-10-31 23:58:06
CUST002282,New,Paid Search,REP022,2018-09-28 06:04:13,2018-09-28 06:04:13
CUST002283,Loyal,Paid Search,REP024,2017-10-29 15:43:50,2018-09-17 13:01:18
CUST002284,New,Social,REP014,2018-04-15 00:01:28,2018-04-15 00:01:28
CUST002285,Loyal,Organic,REP016,2017-02-16 20:31:58,2017-12-03 06:02:58
CUST002286,Inactive,Paid Search,REP023,2017-08-22 10:43:39,2017-08-22 10:43:39
CUST002287,Regular,Social,REP014,2017-01-25 06:07:25,2017-10-12 17:52:32
CUST002288,Loyal,Marketplace,REP009,2017-06-02 11:51:58,2018-03-03 19:25:30
CUST002289,Inactive,Paid Search,REP028,2018-03-09 12:32:09,2018-03-09 12:32:09
CUST002290,Regular,Referral,REP007,2017-01-31 11:56:49,2018-09-03 11:13:32
CUST002291,Loyal,Paid Search,REP027,2017-01-18 11:09:39,2018-09-12 15:50:27
CUST002292,Loyal,Social,REP022,2017-01-30 08:08:13,2018-02-23 03:56:45
CUST002293,Loyal,Marketplace,REP025,2017-04-22 14:36:59,2017-11-29 15:48:43
CUST002294,Inactive,Paid Search,REP025,2017-08-22 00:00:00,2017-08-22 00:00:00
CUST002295,Loyal,Social,REP017,2017-03-26 05:14:38,2017-06-03 05:23:04
CUST002296,Inactive,Paid Search,REP015,2017-03-30 11:36:53,2017-03-30 11:36:53
CUST002297,New,Email,REP024,2018-04-10 06:01:23,2018-04-10 06:01:23
CUST002298,Regular,Social,REP010,2017-10-27 17:37:39,2018-09-06 01:56:01
CUST002299,Regular,Referral,REP023,2017-08-22 09:43:03,2018-09-04 21:44:53
CUST002300,Regular,Social,REP027,2017-03-31 12:43:25,2017-04-05 18:42:36
CUST002301,Loyal,Organic,REP015,2017-03-09 16:01:14,2018-04-28 05:09:47
CUST002302,Inactive,Referral,REP005,2017-02-02 00:00:00,2017-02-02 00:00:00
CUST002303,Loyal,Paid Search,REP022,2017-07-18 13:20:41,2017-12-13 07:51:36
CUST002304,Loyal,Social,REP023,2017-07-08 21:36:19,2017-09-06 12:15:18
CUST002305,Regular,Email,REP018,2017-07-04 19:25:19,2017-12-21 07:21:08
CUST002306,Inactive,Paid Search,REP023,2017-01-14 00:00:00,2017-01-14 00:00:00
CUST002307,Loyal,Social,REP007,2017-02-18 04:26:43,2018-04-17 08:13:08
CUST002308,Loyal,Marketplace,REP025,2017-03-18 18:29:27,2018-09-24 00:22:46
CUST002309,Regular,Paid Search,REP007,2018-03-23 05:16:23,2018-06-14 17:31:55
CUST002310,Inactive,Email,REP014,2017-01-31 00:00:00,2017-01-31 00:00:00
CUST002311,New,Paid Search,REP018,2018-05-11 08:27:06,2018-05-11 08:27:06
CUST002312,Loyal,Social,REP006,2017-07-02 19:59:09,2018-09-09 00:52:05
CUST002313,Regular,Organic,REP020,2017-05-11 09:31:42,2018-04-15 19:42:40
CUST002314,Loyal,Email,REP006,2017-01-27 06:15:39,2018-07-17 15:19:01
CUST002315,Regular,Social,REP017,2017-01-22 19:52:58,2018-04-03 19:37:41
CUST002316,Loyal,Social,REP013,2017-05-09 06:08:58,2018-06-24 19:05:43
CUST002317,Inactive,Email,REP003,2017-10-13 10:02:03,2017-10-13 10:02:03
CUST002318,VIP,Organic,REP026,2017-05-23 13:25:01,2018-09-04 18:03:14
CUST002319,Regular,Email,REP028,2017-02-18 10:49:22,2018-02-24 03:19:56
CUST002320,Regular,Social,REP026,2017-08-02 01:49:55,2017-09-28 19:05:46
CUST002321,VIP,Referral,REP002,2017-07-30 10:27:17,2018-07-06 04:44:46
CUST002322,Regular,Social,REP008,2017-05-17 08:00:55,2017-06-19 12:44:17
CUST002323,Loyal,Paid Search,REP030,2017-03-31 16:37:50,2018-09-24 14:23:49
CUST002324,Loyal,Marketplace,REP001,2017-06-01 01:19:30,2018-05-04 14:48:37
CUST002325,Inactive,Social,REP021,2017-05-25 08:54:44,2017-05-25 08:54:44
CUST002326,Loyal,Email,REP008,2017-02-16 04:24:32,2017-11-30 09:35:21
CUST002327,Inactive,Social,REP024,2017-01-26 00:24:11,2017-01-26 00:24:11
CUST002328,Loyal,Organic,REP022,2017-01-19 19:29:37,2018-05-09 00:20:56
CUST002329,Inactive,Organic,REP027,2017-03-11 18:40:27,2017-03-11 18:40:27
CUST002330,Loyal,Organic,REP027,2017-04-05 12:37:45,2018-09-01 22:13:16
CUST002331,Loyal,Organic,REP028,2017-10-14 03:59:04,2018-06-15 13:18:03
CUST002332,Regular,Social,REP003,2017-09-27 04:26:34,2018-01-07 05:57:18
CUST002333,Loyal,Organic,REP020,2017-07-31 21:38:08,2017-12-28 01:50:56
CUST002334,Regular,Referral,REP030,2017-03-23 13:58:19,2017-06-14 06:41:56
CUST002335,Loyal,Organic,REP010,2017-01-14 11:41:42,2017-11-18 06:21:11
CUST002336,Inactive,Referral,REP008,2017-07-27 00:00:00,2017-07-27 00:00:00
CUST002337,Loyal,Organic,REP018,2017-08-19 02:59:32,2018-07-18 13:08:01
CUST002338,Loyal,Marketplace,REP027,2017-04-21 15:54:11,2018-08-19 02:09:25
CUST002339,Regular,Social,REP019,2017-03-28 03:58:21,2017-05-11 02:56:36
CUST002340,Loyal,Email,REP021,2017-03-06 08:53:37,2018-03-29 09:06:22
CUST002341,Loyal,Marketplace,REP027,2017-03-04 04:52:24,2018-06-23 07:34:16
CUST002342,Loyal,Paid Search,REP028,2017-09-09 15:46:48,2018-06-03 18:51:56
CUST002343,New,Marketplace,REP011,2018-07-14 06:41:54,2018-07-14 06:41:54
CUST002344,Loyal,Organic,REP029,2017-01-05 03:24:29,2017-11-16 12:13:50
CUST002345,Regular,Referral,REP002,2017-10-16 17:33:43,2018-05-12 13:16:28
CUST002346,Regular,Paid Search,REP019,2017-12-28 18:38:29,2018-08-24 18:16:31
CUST002347,Regular,Marketplace,REP008,2018-07-03 07:25:07,2018-09-10 18:33:31
CUST002348,Loyal,Social,REP013,2017-01-17 03:00:45,2017-07-31 09:57:57
CUST002349,Regular,Email,REP023,2017-04-11 11:18:49,2017-12-31 11:50:56
CUST002350,Loyal,Email,REP004,2017-03-29 23:38:41,2018-08-09 07:31:06
CUST002351,New,Social,REP001,2018-04-08 03:54:40,2018-04-08 03:54:40
CUST002352,Inactive,Email,REP018,2017-01-20 15:19:31,2017-01-20 15:19:31
CUST002353,Loyal,Organic,REP006,2017-07-04 05:50:23,2018-09-07 06:15:15
CUST002354,Regular,Email,REP004,2018-05-17 02:13:39,2018-09-28 06:53:49
CUST002355,Regular,Organic,REP017,2017-05-02 18:32:17,2018-01-14 13:30:45
CUST002356,Regular,Organic,REP024,2017-09-22 19:59:05,2017-12-21 18:36:10
CUST002357,Loyal,Social,REP004,2017-03-16 03:52:11,2018-06-22 02:23:42
CUST002358,Regular,Social,REP007,2017-12-14 18:06:01,2018-06-30 20:37:11
CUST002359,New,Social,REP001,2018-07-15 23:04:19,2018-07-15 23:04:19
CUST002360,Inactive,Marketplace,REP016,2017-09-06 07:01:45,2017-09-06 07:01:45
CUST002361,Regular,Social,REP006,2017-10-17 14:40:44,2018-01-29 11:44:50
CUST002362,Inactive,Social,REP020,2017-10-13 02:31:52,2017-10-13 02:31:52
CUST002363,Inactive,Organic,REP002,2017-12-15 06:01:18,2017-12-15 06:01:18
CUST002364,Loyal,Paid Search,REP014,2017-08-07 00:39:45,2018-07-29 21:29:13
CUST002365,Loyal,Social,REP024,2017-01-04 06:56:06,2018-02-22 01:41:34
CUST002366,Inactive,Marketplace,REP023,2017-04-17 22:50:40,2017-04-17 22:50:40
CUST002367,Regular,Organic,REP020,2018-03-11 16:03:39,2018-06-20 01:56:14
CUST002368,Inactive,Organic,REP007,2017-11-19 00:00:00,2017-11-19 00:00:00
CUST002369,Loyal,Social,REP009,2017-03-19 08:10:25,2018-09-23 00:50:49
CUST002370,Loyal,Email,REP025,2017-01-31 11:44:19,2017-10-12 12:18:23
CUST002371,VIP,Paid Search,REP028,2017-04-27 18:56:21,2018-06-15 01:48:17
CUST002372,Loyal,Marketplace,REP029,2017-01-06 06:29:36,2017-10-30 22:55:11
CUST002373,New,Referral,REP003,2018-09-15 13:21:14,2018-09-15 13:21:14
CUST002374,Loyal,Marketplace,REP025,2017-02-10 05:00:18,2018-08-23 04:08:19
CUST002375,Regular,Social,REP025,2017-07-05 10:48:29,2018-03-30 17:42:23
CUST002376,Loyal,Paid Search,REP007,2017-04-21 12:04:17,2018-05-03 15:55:39
CUST002377,Loyal,Referral,REP008,2017-05-10 22:24:10,2018-02-28 19:30:54
CUST002378,New,Paid Search,REP003,2018-07-23 00:00:00,2018-07-23 00:00:00
CUST002379,Inactive,Social,REP014,2017-09-05 15:51:59,2017-09-05 15:51:59
CUST002380,VIP,Referral,REP009,2017-12-18 09:40:00,2018-08-18 15:47:54
CUST002381,Regular,Referral,REP014,2017-03-04 07:38:51,2017-12-09 10:07:40
CUST002382,Loyal,Referral,REP005,2017-06-20 23:21:31,2018-07-07 19:39:08
CUST002383,Inactive,Organic,REP001,2017-12-29 21:54:31,2017-12-29 21:54:31
CUST002384,Regular,Organic,REP024,2017-07-08 08:49:43,2018-03-17 04:15:32
CUST002385,VIP,Paid Search,REP022,2017-01-31 11:36:11,2018-08-12 22:53:30
CUST002386,Regular,Organic,REP018,2017-09-25 22:37:58,2018-05-13 10:41:53
CUST002387,Inactive,Organic,REP013,2018-02-22 15:55:11,2018-02-22 15:55:11
CUST002388,Loyal,Marketplace,REP001,2017-03-13 22:00:53,2018-09-11 13:02:49
CUST002389,Loyal,Organic,REP007,2017-04-27 17:18:22,2018-03-22 00:14:31
CUST002390,Inactive,Paid Search,REP006,2017-04-22 02:17:26,2017-04-22 02:17:26
CUST002391,Loyal,Email,REP009,2017-01-17 22:06:31,2018-07-04 12:13:47
CUST002392,Loyal,Email,REP025,2017-01-30 10:33:56,2018-09-25 20:38:51
CUST002393,New,Email,REP007,2018-08-28 23:11:57,2018-08-28 23:11:57
CUST002394,Regular,Marketplace,REP011,2017-07-27 22:57:16,2018-05-20 08:58:58
CUST002395,Loyal,Email,REP002,2017-09-08 14:22:17,2018-08-31 01:12:03
CUST002396,Loyal,Referral,REP004,2017-01-02 13:58:58,2018-04-08 05:06:06
CUST002397,Loyal,Marketplace,REP015,2017-02-13 16:29:07,2017-11-26 09:04:32
CUST002398,New,Referral,REP015,2018-09-27 18:45:32,2018-09-27 18:45:32
CUST002399,Inactive,Social,REP014,2017-10-25 14:04:58,2017-10-25 14:04:58
CUST002400,Inactive,Social,REP011,2017-10-25 01:31:53,2017-10-25 01:31:53
CUST002401,New,Referral,REP008,2018-04-05 00:35:36,2018-04-05 00:35:36
CUST002402,Loyal,Marketplace,REP008,2017-07-16 23:46:40,2017-12-22 05:47:20
CUST002403,Regular,Organic,REP024,2018-04-01 03:32:03,2018-07-11 05:51:41
CUST002404,New,Paid Search,REP022,2018-04-16 06:23:44,2018-04-16 06:23:44
CUST002405,Inactive,Referral,REP002,2017-05-11 08:26:51,2017-05-11 08:26:51
CUST002406,Loyal,Referral,REP023,2017-02-09 13:12:40,2018-03-16 05:56:17
CUST002407,Loyal,Referral,REP025,2017-04-02 00:08:30,2018-06-02 16:37:51
CUST002408,Regular,Social,REP013,2017-11-23 07:56:31,2018-09-17 09:29:12
CUST002409,Regular,Paid Search,REP027,2017-02-20 05:36:23,2018-01-09 10:15:57
CUST002410,VIP,Referral,REP022,2017-03-13 22:09:19,2018-06-13 03:45:45
CUST002411,Loyal,Social,REP023,2017-05-08 10:21:24,2018-04-27 03:41:12
CUST002412,Loyal,Social,REP008,2017-09-05 02:30:49,2018-06-28 21:54:39
CUST002413,Regular,Paid Search,REP020,2017-03-10 12:01:26,2018-01-07 01:01:09
CUST002414,Loyal,Social,REP026,2017-10-07 19:34:17,2018-07-05 22:08:22
CUST002415,Regular,Email,REP030,2017-06-10 00:16:17,2017-09-02 19:21:55
CUST002416,Loyal,Referral,REP025,2017-02-02 08:14:27,2018-05-26 23:20:18
CUST002417,New,Marketplace,REP003,2018-05-20 16:01:02,2018-05-20 16:01:02
CUST002418,Inactive,Email,REP017,2017-02-13 05:58:19,2017-02-13 05:58:19
CUST002419,Loyal,Social,REP022,2017-08-03 20:07:20,2018-05-15 22:16:55
CUST002420,Regular,Marketplace,REP021,2017-02-24 16:50:04,2018-04-26 22:22:28
CUST002421,Regular,Organic,REP022,2018-01-18 07:25:15,2018-09-28 03:18:01
CUST002422,Regular,Email,REP021,2018-02-22 01:22:06,2018-09-10 03:58:40
CUST002423,Loyal,Email,REP013,2017-02-06 14:11:27,2018-05-02 08:03:17
CUST002424,Inactive,Social,REP013,2017-07-05 05:17:01,2017-07-05 05:17:01
CUST002425,Regular,Paid Search,REP027,2017-05-11 13:43:28,2018-05-24 09:51:50
CUST002426,Loyal,Social,REP016,2017-05-07 12:43:43,2018-04-20 17:30:56
CUST002427,Inactive,Marketplace,REP009,2017-06-25 21:34:05,2017-06-25 21:34:05
CUST002428,Loyal,Social,REP009,2017-01-16 05:16:00,2018-06-09 03:41:17
CUST002429,Inactive,Referral,REP009,2017-12-23 09:00:43,2017-12-23 09:00:43
CUST002430,Inactive,Email,REP013,2017-12-15 01:22:20,2017-12-15 01:22:20
CUST002431,Loyal,Email,REP019,2017-01-13 12:15:44,2017-09-12 02:06:59
CUST002432,Loyal,Paid Search,REP028,2017-08-22 05:24:49,2018-08-26 09:45:35
CUST002433,Loyal,Email,REP023,2018-02-14 17:11:17,2018-05-18 03:15:20
CUST002434,Loyal,Referral,REP001,2017-09-01 13:00:21,2018-06-12 23:38:45
CUST002435,Regular,Email,REP011,2017-11-15 06:55:28,2018-09-18 16:04:18
CUST002436,New,Referral,REP020,2018-07-06 00:00:00,2018-07-06 00:00:00
CUST002437,Loyal,Organic,REP014,2017-01-20 02:30:09,2018-08-29 17:26:21
CUST002438,Loyal,Email,REP029,2017-01-08 19:21:59,2017-12-13 04:16:32
CUST002439,Inactive,Social,REP023,2017-08-15 16:23:51,2017-08-15 16:23:51
CUST002440,Loyal,Paid Search,REP006,2017-03-22 12:51:39,2018-03-29 08:50:52
CUST002441,Regular,Marketplace,REP002,2017-09-04 21:23:39,2018-04-19 14:07:16
CUST002442,Loyal,Paid Search,REP027,2017-01-10 04:22:37,2017-04-29 05:05:45
CUST002443,Regular,Social,REP020,2017-01-18 01:49:36,2018-02-24 11:24:05
CUST002444,Regular,Marketplace,REP021,2017-05-29 15:29:57,2018-07-07 00:27:21
CUST002445,Loyal,Organic,REP011,2017-04-21 20:21:09,2018-04-21 19:31:36
CUST002446,Loyal,Marketplace,REP005,2017-02-14 20:25:23,2018-07-15 19:25:20
CUST002447,VIP,Email,REP022,2017-02-07 12:53:32,2018-08-07 05:49:09
CUST002448,Inactive,Organic,REP029,2017-09-12 00:00:00,2017-09-12 00:00:00
CUST002449,Loyal,Social,REP004,2017-03-02 18:09:10,2017-09-25 14:49:09
CUST002450,Loyal,Email,REP018,2017-05-10 10:16:45,2018-08-29 05:30:48
CUST002451,Inactive,Email,REP018,2017-12-20 00:00:00,2017-12-20 00:00:00
CUST002452,Loyal,Marketplace,REP001,2017-05-10 19:13:17,2018-08-06 10:51:11
CUST002453,Loyal,Paid Search,REP006,2017-06-20 07:09:45,2018-09-22 01:22:31
CUST002454,Loyal,Social,REP013,2017-03-03 00:04:04,2017-10-28 14:22:49
CUST002455,Regular,Referral,REP018,2017-09-28 01:08:22,2017-10-28 00:00:15
CUST002456,Regular,Referral,REP024,2018-01-23 09:29:37,2018-06-10 19:29:00
CUST002457,Loyal,Marketplace,REP010,2017-03-06 13:54:34,2018-07-30 12:36:56
CUST002458,Regular,Social,REP001,2018-08-28 00:12:54,2018-09-26 22:52:45
CUST002459,Loyal,Marketplace,REP024,2017-06-17 21:47:38,2018-07-27 03:22:44
CUST002460,Loyal,Social,REP012,2017-06-14 17:17:05,2018-07-30 18:34:47
CUST002461,Regular,Social,REP016,2018-03-16 10:06:53,2018-09-21 15:32:20
CUST002462,New,Social,REP014,2018-06-28 00:00:00,2018-06-28 00:00:00
CUST002463,Loyal,Organic,REP010,2017-01-24 17:28:36,2018-04-30 21:52:12
CUST002464,Loyal,Referral,REP002,2017-03-24 20:31:58,2018-01-04 19:11:20
CUST002465,Loyal,Organic,REP022,2017-04-13 17:57:34,2018-06-08 03:21:10
CUST002466,Inactive,Paid Search,REP014,2017-05-24 16:29:37,2017-05-24 16:29:37
CUST002467,New,Social,REP004,2018-07-18 00:00:00,2018-07-18 00:00:00
CUST002468,Regular,Paid Search,REP012,2017-02-07 11:42:12,2017-11-15 05:55:15
CUST002469,Inactive,Referral,REP008,2018-01-06 01:40:10,2018-01-06 01:40:10
CUST002470,Loyal,Email,REP026,2017-06-04 07:52:20,2018-06-22 00:30:16
CUST002471,Regular,Marketplace,REP020,2017-05-21 07:17:33,2017-10-27 07:30:48
CUST002472,Regular,Email,REP003,2017-09-19 23:46:40,2018-07-12 21:33:48
CUST002473,Regular,Referral,REP030,2018-03-26 09:43:21,2018-06-17 08:56:03
CUST002474,Loyal,Organic,REP007,2017-06-07 10:41:22,2018-09-03 03:53:06
CUST002475,Regular,Organic,REP011,2017-01-13 22:10:49,2017-12-08 19:10:48
CUST002476,Loyal,Paid Search,REP022,2017-01-15 00:15:25,2018-04-13 21:30:58
CUST002477,Loyal,Social,REP012,2017-11-13 08:34:11,2018-09-27 01:52:05
CUST002478,Inactive,Email,REP018,2017-08-24 13:32:37,2017-08-24 13:32:37
CUST002479,Inactive,Referral,REP022,2018-02-13 18:27:52,2018-02-13 18:27:52
CUST002480,Loyal,Referral,REP004,2017-02-28 09:29:08,2018-06-24 16:12:29
CUST002481,Loyal,Referral,REP019,2017-12-27 23:52:54,2018-09-19 10:33:00
CUST002482,Loyal,Marketplace,REP007,2017-02-14 19:47:34,2018-05-06 18:19:36
CUST002483,New,Email,REP006,2018-09-26 00:00:00,2018-09-26 00:00:00
CUST002484,Inactive,Paid Search,REP028,2017-08-20 00:00:00,2017-08-20 00:00:00
CUST002485,Regular,Referral,REP009,2017-07-29 22:34:43,2018-06-17 06:43:41
CUST002486,Loyal,Email,REP016,2017-01-11 10:09:14,2018-01-27 19:34:31
CUST002487,Loyal,Referral,REP021,2017-06-28 01:45:18,2017-11-04 02:49:15
CUST002488,Regular,Email,REP010,2018-05-06 15:24:00,2018-07-27 06:41:01
CUST002489,Loyal,Email,REP006,2017-04-13 22:46:32,2017-07-09 00:54:15
CUST002490,Loyal,Email,REP018,2017-03-22 02:15:32,2018-02-06 04:56:27
CUST002491,Regular,Referral,REP030,2018-05-11 06:29:14,2018-09-25 16:08:57
CUST002492,Loyal,Social,REP002,2017-09-06 02:17:20,2018-03-05 00:08:38
CUST002493,Loyal,Organic,REP023,2017-02-14 13:59:25,2018-03-03 23:53:01
CUST002494,New,Paid Search,REP028,2018-04-20 12:29:59,2018-04-20 12:29:59
CUST002495,Inactive,Marketplace,REP004,2017-06-16 07:48:50,2017-06-16 07:48:50
CUST002496,Inactive,Marketplace,REP030,2017-04-27 23:10:50,2017-04-27 23:10:50
CUST002497,Loyal,Organic,REP012,2017-07-20 11:29:17,2017-12-07 22:34:11
CUST002498,Loyal,Social,REP006,2017-02-14 09:59:52,2018-08-13 05:48:55
CUST002499,Inactive,Organic,REP014,2018-01-25 13:51:32,2018-01-25 13:51:32
CUST002500,Loyal,Social,REP011,2017-05-11 19:20:46,2017-11-05 05:15:18
CUST002501,Regular,Social,REP004,2017-07-13 05:23:55,2017-12-31 09:59:16
CUST002502,Loyal,Social,REP008,2017-03-27 05:56:04,2018-07-16 14:27:07
CUST002503,Loyal,Paid Search,REP001,2017-01-27 21:13:22,2018-03-13 11:22:24
CUST002504,Loyal,Paid Search,REP029,2017-05-17 19:11:34,2017-12-14 15:52:28
CUST002505,Inactive,Email,REP023,2017-01-03 17:31:37,2017-01-03 17:31:37
CUST002506,Regular,Marketplace,REP022,2017-06-06 06:01:41,2018-05-03 10:05:17
CUST002507,Regular,Referral,REP003,2018-07-20 08:21:24,2018-08-16 21:28:15
CUST002508,Regular,Marketplace,REP015,2018-08-10 03:08:15,2018-09-11 04:24:24
CUST002509,Loyal,Referral,REP025,2017-04-18 00:25:53,2018-08-24 09:17:38
CUST002510,Regular,Social,REP004,2017-07-01 04:47:35,2018-07-03 20:22:47
CUST002511,Loyal,Paid Search,REP005,2017-05-11 21:02:22,2018-07-04 19:48:30
CUST002512,Regular,Referral,REP015,2017-08-09 02:22:20,2018-06-25 21:04:31
CUST002513,Regular,Marketplace,REP004,2017-02-25 00:44:09,2017-11-19 22:17:04
CUST002514,VIP,Marketplace,REP005,2017-08-10 15:42:20,2018-07-25 18:13:23
CUST002515,Inactive,Referral,REP023,2017-03-26 18:04:04,2017-03-26 18:04:04
CUST002516,Inactive,Marketplace,REP006,2017-08-23 04:53:59,2017-08-23 04:53:59
CUST002517,Regular,Paid Search,REP020,2017-04-08 05:31:40,2018-04-20 21:46:50
CUST002518,Regular,Social,REP018,2017-06-28 01:40:25,2018-09-22 07:10:03
CUST002519,Loyal,Email,REP005,2017-02-18 21:56:51,2018-04-15 07:58:19
CUST002520,Loyal,Marketplace,REP002,2017-04-21 00:06:35,2018-09-02 23:36:24
CUST002521,New,Organic,REP017,2018-04-10 07:30:18,2018-04-10 07:30:18
CUST002522,Loyal,Organic,REP002,2017-02-22 15:11:13,2018-07-04 03:54:36
CUST002523,New,Referral,REP012,2018-09-09 00:00:00,2018-09-09 00:00:00
CUST002524,New,Paid Search,REP004,2018-08-12 00:00:00,2018-08-12 00:00:00
CUST002525,New,Organic,REP024,2018-08-05 12:25:46,2018-08-05 12:25:46
CUST002526,Inactive,Social,REP005,2017-11-09 07:36:30,2017-11-09 07:36:30
CUST002527,Loyal,Email,REP003,2018-01-25 05:33:58,2018-09-24 16:25:48
CUST002528,Regular,Email,REP014,2018-03-14 02:13:53,2018-09-03 12:25:55
CUST002529,Inactive,Email,REP014,2017-05-19 18:15:46,2017-05-19 18:15:46
CUST002530,Loyal,Organic,REP001,2017-03-18 17:05:37,2018-09-20 09:25:14
CUST002531,Loyal,Organic,REP030,2018-01-23 14:58:08,2018-06-27 17:25:47
CUST002532,Loyal,Referral,REP017,2017-01-31 14:19:49,2018-04-21 16:54:49
CUST002533,Loyal,Social,REP010,2017-02-22 06:56:26,2018-08-16 18:18:15
CUST002534,Regular,Social,REP030,2017-10-14 19:15:00,2018-08-18 22:31:02
CUST002535,Inactive,Email,REP012,2017-10-01 06:16:02,2017-10-01 06:16:02
CUST002536,Regular,Email,REP011,2018-01-21 23:16:59,2018-08-08 01:11:25
CUST002537,Regular,Social,REP004,2017-12-21 03:43:39,2018-07-09 03:42:07
CUST002538,New,Paid Search,REP023,2018-09-09 05:30:36,2018-09-09 05:30:36
CUST002539,Inactive,Email,REP014,2017-08-13 00:00:00,2017-08-13 00:00:00
CUST002540,New,Referral,REP017,2018-04-04 00:11:23,2018-04-04 00:11:23
CUST002541,Loyal,Email,REP007,2017-03-26 03:15:41,2018-08-04 10:46:19
CUST002542,Inactive,Marketplace,REP013,2017-12-10 00:00:00,2017-12-10 00:00:00
CUST002543,Loyal,Email,REP004,2018-01-05 13:51:09,2018-07-28 22:53:33
CUST002544,Inactive,Marketplace,REP029,2017-10-08 19:17:45,2017-10-08 19:17:45
CUST002545,Inactive,Marketplace,REP020,2018-03-07 00:00:00,2018-03-07 00:00:00
CUST002546,New,Email,REP001,2018-08-16 20:31:24,2018-08-16 20:31:24
CUST002547,Loyal,Email,REP015,2017-01-09 23:51:47,2017-08-07 06:56:59
CUST002548,Loyal,Marketplace,REP004,2017-03-02 09:10:25,2018-09-25 09:49:25
CUST002549,Loyal,Marketplace,REP011,2017-08-31 09:36:10,2018-04-30 09:03:47
CUST002550,Regular,Referral,REP006,2018-02-12 04:26:47,2018-05-13 16:09:25
CUST002551,Loyal,Email,REP026,2017-01-31 02:44:25,2018-03-30 17:29:03
CUST002552,Regular,Paid Search,REP020,2017-01-07 14:27:49,2018-05-28 17:13:04
CUST002553,Regular,Referral,REP009,2017-05-14 04:35:26,2017-05-19 13:38:03
CUST002554,Loyal,Email,REP022,2017-05-16 08:57:11,2018-04-05 02:57:50
CUST002555,Regular,Social,REP017,2017-11-30 20:53:08,2018-09-24 01:18:46
CUST002556,Loyal,Social,REP008,2017-01-21 13:47:36,2018-02-10 03:37:57
CUST002557,Regular,Social,REP028,2017-01-07 14:29:49,2017-02-28 01:59:11
CUST002558,Loyal,Referral,REP019,2017-03-08 12:28:46,2018-08-31 00:04:26
CUST002559,Inactive,Paid Search,REP002,2017-08-17 12:31:16,2017-08-17 12:31:16
CUST002560,Loyal,Referral,REP010,2018-01-25 01:00:27,2018-06-23 13:40:41
CUST002561,VIP,Email,REP012,2017-05-23 13:46:40,2018-06-03 02:01:45
CUST002562,Loyal,Social,REP002,2017-05-21 00:21:18,2018-06-30 10:25:59
CUST002563,Inactive,Email,REP010,2018-01-10 08:44:49,2018-01-10 08:44:49
CUST002564,Regular,Paid Search,REP002,2017-03-20 20:04:59,2018-09-30 13:35:52
CUST002565,Regular,Organic,REP029,2017-02-01 08:25:50,2017-07-09 17:17:27
CUST002566,Loyal,Organic,REP023,2017-03-21 01:43:45,2018-02-13 18:31:17
CUST002567,Loyal,Social,REP030,2017-02-05 01:42:29,2018-04-25 13:55:41
CUST002568,Loyal,Social,REP015,2017-11-23 09:35:16,2018-06-04 12:12:33
CUST002569,New,Organic,REP007,2018-08-23 17:36:53,2018-08-23 17:36:53
CUST002570,Loyal,Marketplace,REP029,2017-10-19 12:00:52,2018-08-26 22:03:08
CUST002571,Loyal,Paid Search,REP026,2017-05-12 14:40:14,2017-09-14 15:22:51
CUST002572,Regular,Paid Search,REP027,2017-10-12 05:08:42,2018-03-05 15:00:15
CUST002573,Regular,Social,REP013,2017-02-13 15:19:40,2018-03-02 15:29:18
CUST002574,Loyal,Organic,REP028,2017-10-02 10:15:02,2018-05-16 16:02:44
CUST002575,Loyal,Email,REP017,2018-05-04 00:03:55,2018-06-24 12:53:42
CUST002576,Loyal,Organic,REP009,2017-02-07 11:02:52,2018-05-30 07:46:46
CUST002577,Inactive,Paid Search,REP006,2018-03-12 23:40:05,2018-03-12 23:40:05
CUST002578,Regular,Organic,REP020,2017-09-19 03:44:47,2018-04-20 23:50:22
CUST002579,Loyal,Marketplace,REP017,2017-09-11 05:44:48,2018-09-19 13:34:40
CUST002580,Loyal,Marketplace,REP016,2017-06-15 19:43:49,2017-11-30 18:54:37
CUST002581,Inactive,Social,REP010,2017-09-13 15:24:52,2017-09-13 15:24:52
CUST002582,Inactive,Paid Search,REP012,2017-10-09 16:09:31,2017-10-09 16:09:31
CUST002583,Regular,Marketplace,REP010,2018-01-04 03:10:44,2018-07-08 14:57:44
CUST002584,Loyal,Organic,REP028,2017-08-09 22:05:04,2018-08-01 23:54:09
CUST002585,New,Social,REP013,2018-04-03 17:48:04,2018-04-03 17:48:04
CUST002586,Loyal,Social,REP013,2017-03-19 13:49:18,2017-05-21 21:58:36
CUST002587,Regular,Social,REP017,2017-04-29 15:40:46,2018-07-05 18:50:48
CUST002588,Loyal,Email,REP014,2017-05-30 01:06:38,2018-08-04 23:07:48
CUST002589,Inactive,Organic,REP002,2017-08-17 00:00:00,2017-08-17 00:00:00
CUST002590,New,Social,REP014,2018-04-27 00:00:00,2018-04-27 00:00:00
CUST002591,Loyal,Marketplace,REP026,2017-08-20 17:56:39,2018-04-09 01:18:36
CUST002592,Regular,Organic,REP019,2018-04-10 00:07:05,2018-05-12 11:13:29
CUST002593,Loyal,Social,REP010,2017-02-17 18:19:52,2018-05-29 00:03:21
CUST002594,Regular,Social,REP028,2017-01-17 18:20:35,2017-08-20 04:23:43
CUST002595,Loyal,Social,REP014,2017-07-29 19:53:51,2018-08-22 03:30:13
CUST002596,Loyal,Email,REP014,2018-02-13 21:15:46,2018-08-06 18:27:29
CUST002597,Loyal,Email,REP007,2017-02-27 20:05:58,2018-09-25 21:26:26
CUST002598,Loyal,Organic,REP030,2018-01-18 06:51:30,2018-06-02 05:29:07
CUST002599,Inactive,Organic,REP024,2017-01-08 08:04:36,2017-01-08 08:04:36
CUST002600,New,Paid Search,REP018,2018-07-12 00:00:00,2018-07-12 00:00:00
CUST002601,Inactive,Marketplace,REP026,2017-04-10 04:36:05,2017-04-10 04:36:05
CUST002602,Loyal,Social,REP025,2017-04-17 10:48:09,2018-05-15 03:50:23
CUST002603,New,Email,REP012,2018-04-21 15:52:03,2018-04-21 15:52:03
CUST002604,Loyal,Social,REP018,2017-03-21 11:19:41,2018-07-13 07:36:32
CUST002605,Inactive,Email,REP026,2017-07-07 07:44:12,2017-07-07 07:44:12
CUST002606,Inactive,Marketplace,REP018,2017-03-19 17:46:03,2017-03-19 17:46:03
CUST002607,New,Social,REP019,2018-04-08 23:12:44,2018-04-08 23:12:44
CUST002608,Inactive,Referral,REP001,2017-06-09 03:10:57,2017-06-09 03:10:57
CUST002609,Loyal,Paid Search,REP030,2017-03-31 02:53:36,2018-06-19 02:48:56
CUST002610,Loyal,Organic,REP003,2017-08-25 01:53:33,2018-05-08 03:01:49
CUST002611,VIP,Marketplace,REP030,2017-01-21 03:03:11,2018-05-02 08:57:39
CUST002612,Inactive,Social,REP023,2017-10-16 11:14:19,2017-10-16 11:14:19
CUST002613,Loyal,Email,REP008,2017-08-18 19:28:32,2018-09-27 05:33:40
CUST002614,Loyal,Organic,REP004,2017-01-31 11:00:07,2017-09-25 11:46:28
CUST002615,Inactive,Referral,REP011,2017-10-26 00:00:00,2017-10-26 00:00:00
CUST002616,Loyal,Email,REP005,2017-03-23 06:02:07,2018-09-13 19:25:11
CUST002617,Regular,Email,REP016,2017-12-14 17:25:03,2018-06-02 21:27:31
CUST002618,Loyal,Social,REP021,2017-02-24 16:21:50,2017-11-09 12:46:09
CUST002619,Inactive,Paid Search,REP009,2017-04-13 00:00:00,2017-04-13 00:00:00
CUST002620,Regular,Paid Search,REP025,2017-03-30 02:00:23,2017-09-29 08:26:53
CUST002621,Regular,Social,REP025,2017-01-26 19:23:48,2018-06-07 05:59:35
CUST002622,Regular,Email,REP024,2017-03-10 20:11:30,2018-08-11 03:42:03
CUST002623,Inactive,Organic,REP015,2017-11-29 16:20:45,2017-11-29 16:20:45
CUST002624,Loyal,Paid Search,REP002,2017-05-22 01:19:44,2018-05-02 15:06:54
CUST002625,New,Social,REP027,2018-08-07 07:29:13,2018-08-07 07:29:13
CUST002626,Regular,Paid Search,REP013,2017-07-21 08:44:06,2018-03-03 01:27:31
CUST002627,VIP,Paid Search,REP029,2017-01-03 00:56:56,2018-06-14 02:39:23
CUST002628,Loyal,Paid Search,REP002,2017-09-30 19:18:35,2018-06-22 00:14:47
CUST002629,Loyal,Paid Search,REP013,2017-08-10 01:50:06,2018-01-27 11:56:41
CUST002630,Loyal,Referral,REP013,2017-03-11 22:47:46,2017-08-07 08:01:14
CUST002631,Inactive,Social,REP006,2017-10-07 03:58:45,2017-10-07 03:58:45
CUST002632,Loyal,Paid Search,REP004,2018-02-07 19:25:54,2018-07-20 23:18:13
CUST002633,Inactive,Marketplace,REP021,2017-05-31 00:00:00,2017-05-31 00:00:00
CUST002634,New,Email,REP024,2018-05-18 03:43:21,2018-05-18 03:43:21
CUST002635,Inactive,Paid Search,REP024,2017-12-04 14:59:15,2017-12-04 14:59:15
CUST002636,New,Organic,REP010,2018-07-31 23:54:12,2018-07-31 23:54:12
CUST002637,Regular,Social,REP008,2018-06-13 13:36:23,2018-09-28 23:10:54
CUST002638,New,Marketplace,REP005,2018-05-12 10:40:40,2018-05-12 10:40:40
CUST002639,New,Email,REP001,2018-08-30 21:57:05,2018-08-30 21:57:05
CUST002640,Loyal,Organic,REP011,2017-04-05 01:07:55,2018-07-22 07:32:18
CUST002641,Loyal,Referral,REP001,2017-03-14 02:06:02,2018-05-08 14:39:43
CUST002642,VIP,Referral,REP021,2017-10-16 11:20:23,2018-09-12 08:45:30
CUST002643,Loyal,Organic,REP015,2017-02-07 21:12:21,2018-08-20 13:32:17
CUST002644,Regular,Referral,REP020,2018-06-03 16:38:08,2018-06-25 10:44:36
CUST002645,Loyal,Email,REP004,2017-10-03 14:53:42,2018-09-18 03:53:28
CUST002646,Inactive,Email,REP025,2017-01-02 06:59:23,2017-01-02 06:59:23
CUST002647,Regular,Social,REP021,2017-02-19 21:29:28,2018-09-08 14:37:10
CUST002648,Loyal,Organic,REP010,2017-03-21 21:52:47,2018-05-16 17:13:26
CUST002649,Loyal,Email,REP023,2017-01-14 02:21:05,2018-01-26 23:56:38
CUST002650,Inactive,Organic,REP011,2017-04-21 00:00:00,2017-04-21 00:00:00
CUST002651,Loyal,Marketplace,REP026,2017-10-31 20:08:01,2018-09-19 13:23:45
CUST002652,New,Paid Search,REP026,2018-04-27 13:34:08,2018-04-27 13:34:08
CUST002653,Inactive,Organic,REP025,2017-03-06 00:00:00,2017-03-06 00:00:00
CUST002654,Loyal,Organic,REP009,2017-02-09 13:17:13,2018-07-27 20:45:58
CUST002655,VIP,Marketplace,REP002,2017-07-31 23:16:35,2018-09-29 07:32:39
CUST002656,Regular,Paid Search,REP020,2017-08-17 23:13:17,2018-03-21 19:14:35
CUST002657,Inactive,Email,REP016,2017-04-16 00:00:00,2017-04-16 00:00:00
CUST002658,Loyal,Referral,REP004,2017-01-04 03:15:05,2018-06-19 22:15:25
CUST002659,Loyal,Organic,REP029,2017-01-21 21:27:01,2018-07-10 13:01:08
CUST002660,Regular,Social,REP026,2017-05-05 16:21:00,2018-05-15 08:21:43
CUST002661,Regular,Referral,REP008,2017-12-16 20:16:55,2017-12-24 23:00:31
CUST002662,Loyal,Referral,REP014,2017-06-14 07:32:52,2018-06-24 11:27:56
CUST002663,Loyal,Referral,REP015,2017-03-04 11:03:36,2018-03-23 05:16:15
CUST002664,Loyal,Marketplace,REP027,2017-12-01 03:48:30,2018-05-10 22:16:33
CUST002665,Loyal,Paid Search,REP012,2017-02-12 21:34:16,2017-06-28 08:29:58
CUST002666,Regular,Referral,REP029,2017-10-02 18:11:20,2018-03-06 06:20:55
CUST002667,Inactive,Social,REP009,2017-01-29 23:16:47,2017-01-29 23:16:47
CUST002668,Loyal,Social,REP006,2017-10-12 09:25:47,2018-04-30 16:28:31
CUST002669,Inactive,Social,REP015,2017-01-03 16:31:04,2017-01-03 16:31:04
CUST002670,Regular,Marketplace,REP025,2017-01-24 11:33:58,2017-03-25 11:04:39
CUST002671,Inactive,Social,REP007,2017-11-23 17:33:54,2017-11-23 17:33:54
CUST002672,Regular,Referral,REP006,2017-10-22 05:33:30,2018-01-07 00:49:25
CUST002673,Loyal,Organic,REP029,2017-09-02 13:35:46,2017-12-13 12:50:10
CUST002674,Loyal,Organic,REP010,2017-02-15 07:56:04,2018-03-30 03:47:14
CUST002675,Loyal,Organic,REP003,2017-04-05 04:08:10,2018-08-18 18:42:26
CUST002676,Inactive,Paid Search,REP012,2017-04-17 06:26:35,2017-04-17 06:26:35
CUST002677,Regular,Organic,REP021,2017-05-21 07:01:51,2017-12-01 06:41:41
CUST002678,Loyal,Organic,REP016,2017-02-08 09:40:00,2017-04-25 03:40:20
CUST002679,New,Organic,REP023,2018-06-20 04:59:59,2018-06-20 04:59:59
CUST002680,VIP,Marketplace,REP020,2017-06-16 15:34:46,2018-06-30 00:19:59
CUST002681,Inactive,Referral,REP022,2017-02-04 18:25:07,2017-02-04 18:25:07
CUST002682,Regular,Social,REP007,2018-02-18 18:58:37,2018-03-15 14:18:20
CUST002683,Loyal,Marketplace,REP027,2017-07-09 06:40:06,2018-07-27 22:45:49
CUST002684,Regular,Social,REP012,2018-03-13 00:29:19,2018-06-07 21:16:28
CUST002685,Regular,Organic,REP022,2017-05-25 03:20:12,2018-02-14 04:55:39
CUST002686,Loyal,Organic,REP009,2017-03-04 14:03:00,2018-07-27 03:41:50
CUST002687,Regular,Social,REP020,2017-08-24 10:40:39,2017-09-12 23:34:31
CUST002688,New,Referral,REP014,2018-06-18 00:00:00,2018-06-18 00:00:00
CUST002689,Regular,Social,REP013,2017-11-29 10:11:33,2018-01-22 17:29:59
CUST002690,Loyal,Referral,REP001,2017-10-28 05:04:37,2018-06-13 13:38:35
CUST002691,Inactive,Referral,REP018,2018-03-29 00:00:00,2018-03-29 00:00:00
CUST002692,Inactive,Social,REP012,2017-05-19 21:38:29,2017-05-19 21:38:29
CUST002693,Loyal,Social,REP010,2018-05-10 12:35:55,2018-07-10 16:28:34
CUST002694,Regular,Organic,REP021,2017-02-06 01:03:44,2017-10-12 08:42:04
CUST002695,Loyal,Paid Search,REP022,2017-03-09 16:27:25,2017-06-14 00:20:18
CUST002696,Inactive,Paid Search,REP013,2017-01-12 10:38:02,2017-01-12 10:38:02
CUST002697,Regular,Referral,REP018,2017-07-23 06:18:07,2018-07-09 18:18:25
CUST002698,Loyal,Social,REP022,2017-08-16 08:59:04,2018-08-07 05:09:04
CUST002699,Regular,Email,REP017,2017-08-11 15:48:23,2018-06-28 21:33:21
CUST002700,Loyal,Referral,REP013,2017-04-17 22:22:47,2018-04-22 12:14:42
CUST002701,Inactive,Social,REP026,2017-06-27 13:03:52,2017-06-27 13:03:52
CUST002702,Loyal,Organic,REP021,2017-01-01 19:31:58,2017-12-06 15:44:28
CUST002703,Regular,Social,REP008,2017-07-08 14:06:51,2017-08-14 02:26:25
CUST002704,Loyal,Social,REP010,2017-02-19 21:19:35,2017-11-20 17:53:12
CUST002705,Inactive,Marketplace,REP022,2018-03-23 13:56:50,2018-03-23 13:56:50
CUST002706,Regular,Marketplace,REP021,2017-03-04 15:31:19,2018-05-20 19:11:10
CUST002707,Regular,Social,REP001,2018-06-04 23:26:06,2018-09-29 02:18:59
CUST002708,Regular,Email,REP012,2017-06-24 00:15:23,2018-02-22 03:48:37
CUST002709,Inactive,Social,REP027,2017-06-29 23:56:36,2017-06-29 23:56:36
CUST002710,New,Social,REP029,2018-06-19 09:15:34,2018-06-19 09:15:34
CUST002711,Loyal,Paid Search,REP013,2017-01-23 22:51:34,2018-09-27 03:08:33
CUST002712,Inactive,Social,REP020,2017-07-12 03:01:55,2017-07-12 03:01:55
CUST002713,Loyal,Paid Search,REP016,2017-07-10 00:05:42,2018-03-20 18:28:57
CUST002714,Inactive,Social,REP014,2018-02-17 00:01:51,2018-02-17 00:01:51
CUST002715,Inactive,Organic,REP002,2018-03-11 09:33:05,2018-03-11 09:33:05
CUST002716,Regular,Referral,REP006,2018-03-23 06:55:19,2018-08-13 15:59:38
CUST002717,Loyal,Organic,REP017,2017-10-15 21:13:17,2018-07-05 10:38:20
CUST002718,Inactive,Social,REP004,2017-03-06 09:10:35,2017-03-06 09:10:35
CUST002719,Regular,Social,REP028,2018-05-14 19:33:34,2018-07-27 14:57:21
CUST002720,VIP,Email,REP016,2017-01-24 09:57:16,2018-09-13 00:19:03
CUST002721,Regular,Paid Search,REP005,2018-01-08 22:27:36,2018-09-26 01:23:22
CUST002722,Loyal,Organic,REP004,2017-06-06 16:12:41,2018-09-08 13:44:47
CUST002723,Inactive,Social,REP005,2017-01-21 15:58:41,2017-01-21 15:58:41
CUST002724,Loyal,Marketplace,REP020,2017-10-04 02:01:34,2018-08-07 20:40:05
CUST002725,Regular,Social,REP013,2017-06-15 13:50:27,2017-11-10 11:13:17
CUST002726,Inactive,Email,REP011,2017-02-14 01:14:59,2017-02-14 01:14:59
CUST002727,Loyal,Referral,REP008,2017-11-27 05:47:29,2018-09-15 12:21:17
CUST002728,Loyal,Referral,REP009,2017-06-15 11:36:34,2018-07-11 17:27:23
CUST002729,VIP,Paid Search,REP022,2017-06-14 04:27:37,2018-09-07 22:35:05
CUST002730,New,Paid Search,REP026,2018-09-06 09:56:47,2018-09-06 09:56:47
CUST002731,Regular,Paid Search,REP030,2017-03-05 23:44:40,2018-06-18 02:25:52
CUST002732,Loyal,Paid Search,REP011,2017-01-12 13:31:51,2018-04-28 12:59:20
CUST002733,Loyal,Marketplace,REP001,2017-02-27 13:21:28,2017-07-22 05:51:25
CUST002734,Inactive,Organic,REP005,2018-01-13 14:03:09,2018-01-13 14:03:09
CUST002735,Loyal,Referral,REP026,2017-03-17 22:40:13,2018-07-01 00:52:48
CUST002736,Loyal,Paid Search,REP018,2018-03-09 17:28:43,2018-09-30 16:30:52
CUST002737,Loyal,Social,REP019,2017-02-08 08:31:39,2018-02-19 03:24:28
CUST002738,Regular,Organic,REP026,2018-01-16 16:25:08,2018-07-20 00:00:59
CUST002739,Regular,Organic,REP005,2017-08-05 07:01:00,2018-04-21 05:33:46
CUST002740,Inactive,Paid Search,REP018,2017-12-09 05:08:34,2017-12-09 05:08:34
CUST002741,Inactive,Social,REP026,2017-02-13 00:00:00,2017-02-13 00:00:00
CUST002742,Regular,Paid Search,REP017,2018-01-05 16:04:13,2018-06-13 09:20:14
CUST002743,Regular,Referral,REP016,2018-04-26 19:57:11,2018-05-24 19:05:33
CUST002744,Inactive,Marketplace,REP011,2017-10-21 23:43:57,2017-10-21 23:43:57
CUST002745,New,Organic,REP015,2018-04-20 09:29:37,2018-04-20 09:29:37
CUST002746,Loyal,Referral,REP002,2017-01-23 09:52:16,2018-03-12 21:58:36
CUST002747,Inactive,Marketplace,REP025,2017-01-07 00:00:00,2017-01-07 00:00:00
CUST002748,New,Email,REP017,2018-04-14 16:40:36,2018-04-14 16:40:36
CUST002749,VIP,Social,REP026,2017-06-28 15:27:40,2018-07-26 09:55:48
CUST002750,Inactive,Referral,REP025,2017-05-01 11:52:06,2017-05-01 11:52:06
CUST002751,Loyal,Paid Search,REP008,2017-01-27 02:56:05,2018-06-20 12:45:21
CUST002752,Loyal,Marketplace,REP010,2017-03-14 17:43:57,2018-03-25 01:15:41
CUST002753,New,Marketplace,REP026,2018-09-18 04:31:53,2018-09-18 04:31:53
CUST002754,Loyal,Referral,REP014,2017-07-28 13:46:28,2018-07-10 12:47:49
CUST002755,Regular,Email,REP015,2017-01-03 02:16:17,2017-09-13 22:56:05
CUST002756,Regular,Email,REP007,2017-09-28 12:51:12,2017-09-29 18:21:22
CUST002757,Loyal,Referral,REP005,2017-03-15 15:09:27,2018-04-01 05:04:56
CUST002758,Regular,Social,REP026,2017-08-28 13:41:01,2018-05-08 19:31:04
CUST002759,Regular,Paid Search,REP026,2018-04-25 11:15:01,2018-05-26 21:26:44
CUST002760,Loyal,Email,REP010,2017-02-18 23:48:11,2017-08-09 02:13:32
CUST002761,New,Paid Search,REP004,2018-04-20 00:00:00,2018-04-20 00:00:00
CUST002762,Loyal,Email,REP019,2017-08-05 14:00:47,2018-06-21 08:11:40
CUST002763,Inactive,Social,REP017,2018-02-08 00:00:00,2018-02-08 00:00:00
CUST002764,Regular,Referral,REP021,2017-09-15 18:28:44,2017-12-28 16:55:09
CUST002765,Inactive,Marketplace,REP001,2018-03-05 02:48:17,2018-03-05 02:48:17
CUST002766,Regular,Marketplace,REP017,2017-01-05 15:15:34,2017-06-20 15:42:08
CUST002767,Inactive,Referral,REP013,2017-07-26 15:42:42,2017-07-26 15:42:42
CUST002768,Loyal,Social,REP019,2017-03-15 15:00:39,2017-06-14 21:24:14
CUST002769,Regular,Email,REP022,2017-02-25 20:24:15,2017-12-20 19:30:41
CUST002770,Loyal,Paid Search,REP019,2017-08-06 03:33:04,2018-05-11 05:57:30
CUST002771,Loyal,Organic,REP013,2017-08-27 11:12:58,2018-06-21 20:31:35
CUST002772,Loyal,Marketplace,REP007,2017-01-12 13:53:15,2018-09-20 09:09:33
CUST002773,Loyal,Email,REP015,2017-01-05 02:41:17,2017-11-18 12:55:08
CUST002774,VIP,Social,REP022,2017-02-03 11:38:00,2018-04-04 17:50:18
CUST002775,Loyal,Organic,REP014,2017-04-23 21:26:25,2018-04-22 23:05:08
CUST002776,Regular,Email,REP014,2017-08-22 23:46:57,2017-12-22 09:05:19
CUST002777,New,Social,REP004,2018-05-27 00:00:00,2018-05-27 00:00:00
CUST002778,Inactive,Social,REP016,2017-06-06 00:00:00,2017-06-06 00:00:00
CUST002779,Loyal,Organic,REP024,2017-06-26 01:02:35,2018-05-11 00:54:48
CUST002780,Regular,Email,REP017,2017-01-11 07:31:52,2018-07-02 18:40:50
CUST002781,Loyal,Email,REP016,2017-08-09 15:00:10,2018-09-18 21:33:26
CUST002782,Inactive,Social,REP010,2017-09-30 21:44:22,2017-09-30 21:44:22
CUST002783,Loyal,Social,REP001,2017-08-11 09:15:47,2018-06-17 19:44:19
CUST002784,Regular,Paid Search,REP006,2017-06-29 18:23:51,2017-10-02 19:01:49
CUST002785,Loyal,Paid Search,REP005,2017-09-21 11:53:09,2018-08-15 20:07:30
CUST002786,Loyal,Social,REP005,2017-02-02 21:03:36,2018-02-06 12:34:15
CUST002787,Inactive,Organic,REP025,2018-02-04 14:08:56,2018-02-04 14:08:56
CUST002788,Regular,Paid Search,REP001,2017-03-06 18:02:09,2017-12-21 19:00:51
CUST002789,Regular,Marketplace,REP027,2017-02-28 01:46:46,2018-01-31 17:39:52
CUST002790,Regular,Marketplace,REP004,2017-08-30 21:15:06,2018-06-02 12:00:40
CUST002791,Loyal,Marketplace,REP026,2017-02-26 21:08:27,2018-01-01 11:57:30
CUST002792,Regular,Social,REP029,2018-05-06 20:58:32,2018-08-29 23:54:04
CUST002793,Regular,Paid Search,REP010,2017-05-20 15:02:32,2018-08-03 02:10:04
CUST002794,Loyal,Social,REP001,2017-02-07 21:18:26,2018-03-19 02:23:18
CUST002795,Regular,Paid Search,REP029,2017-09-08 06:09:08,2018-02-11 13:04:10
CUST002796,VIP,Referral,REP025,2017-03-07 01:01:29,2018-09-05 05:17:02
CUST002797,Loyal,Organic,REP025,2017-04-07 09:45:09,2018-09-20 10:39:12
CUST002798,VIP,Organic,REP016,2017-03-30 04:58:41,2018-01-19 16:44:16
CUST002799,Loyal,Paid Search,REP023,2017-10-26 02:58:59,2018-09-19 12:53:06
CUST002800,Inactive,Social,REP013,2018-02-25 10:53:22,2018-02-25 10:53:22
CUST002801,Loyal,Social,REP024,2017-03-11 12:50:12,2018-08-02 22:15:45
CUST002802,Inactive,Referral,REP019,2017-02-26 00:00:00,2017-02-26 00:00:00
CUST002803,Loyal,Email,REP009,2017-02-20 22:59:11,2018-09-24 18:35:09
CUST002804,Inactive,Email,REP017,2017-09-07 17:02:37,2017-09-07 17:02:37
CUST002805,Loyal,Organic,REP022,2017-02-10 18:54:53,2018-03-08 20:42:10
CUST002806,Regular,Paid Search,REP020,2017-01-02 22:00:18,2017-11-25 17:46:35
CUST002807,Regular,Email,REP006,2017-04-24 01:25:53,2018-03-14 15:18:29
CUST002808,Loyal,Marketplace,REP005,2017-06-01 20:24:18,2018-06-22 23:51:05
CUST002809,Inactive,Marketplace,REP028,2017-02-07 00:00:00,2017-02-07 00:00:00
CUST002810,New,Email,REP020,2018-06-24 15:52:53,2018-06-24 15:52:53
CUST002811,New,Email,REP015,2018-08-02 12:52:59,2018-08-02 12:52:59
CUST002812,Regular,Marketplace,REP022,2017-06-11 03:29:13,2018-06-12 12:10:59
CUST002813,Inactive,Organic,REP003,2018-03-15 14:52:41,2018-03-15 14:52:41
CUST002814,Loyal,Marketplace,REP007,2017-04-17 00:28:04,2017-08-14 20:28:57
CUST002815,Loyal,Organic,REP025,2017-05-07 22:21:17,2017-09-25 19:58:14
CUST002816,Inactive,Referral,REP022,2018-03-13 00:00:00,2018-03-13 00:00:00
CUST002817,Loyal,Marketplace,REP015,2017-01-19 18:29:33,2018-09-26 00:59:55
CUST002818,Loyal,Organic,REP002,2017-02-23 18:08:01,2018-08-25 00:33:58
CUST002819,Regular,Marketplace,REP006,2017-03-06 00:23:45,2017-10-06 04:03:58
CUST002820,Loyal,Marketplace,REP029,2018-02-18 09:58:55,2018-09-09 00:38:23
CUST002821,Regular,Marketplace,REP010,2018-02-03 00:09:49,2018-05-10 23:10:23
CUST002822,Loyal,Organic,REP006,2017-05-22 05:43:29,2018-02-16 13:29:34
CUST002823,Inactive,Organic,REP007,2017-04-15 00:00:00,2017-04-15 00:00:00
CUST002824,Inactive,Social,REP028,2017-06-17 01:45:26,2017-06-17 01:45:26
CUST002825,Inactive,Referral,REP016,2017-02-01 01:33:38,2017-02-01 01:33:38
CUST002826,Loyal,Referral,REP012,2017-04-18 08:52:49,2018-01-05 02:55:18
CUST002827,Loyal,Paid Search,REP003,2017-06-14 18:29:36,2018-08-18 02:57:10
CUST002828,Loyal,Organic,REP015,2017-03-05 13:14:48,2018-09-25 07:06:16
CUST002829,Regular,Paid Search,REP017,2017-10-13 16:36:27,2018-07-07 14:50:48
CUST002830,Regular,Marketplace,REP021,2017-08-15 00:36:47,2018-06-07 15:16:50
CUST002831,Inactive,Organic,REP015,2017-08-31 02:41:45,2017-08-31 02:41:45
CUST002832,Loyal,Marketplace,REP011,2017-03-05 16:21:25,2018-06-17 22:21:35
CUST002833,Regular,Marketplace,REP022,2017-12-22 23:22:03,2018-08-15 21:40:56
CUST002834,Loyal,Marketplace,REP029,2017-04-10 06:48:49,2018-03-19 06:50:12
CUST002835,Inactive,Marketplace,REP004,2017-07-16 01:43:15,2017-07-16 01:43:15
CUST002836,Loyal,Email,REP019,2017-09-10 12:30:24,2018-09-17 01:19:49
CUST002837,Regular,Social,REP005,2017-01-20 07:31:04,2017-02-20 18:47:13
CUST002838,Loyal,Email,REP004,2017-01-23 22:24:25,2018-02-15 13:49:23
CUST002839,Inactive,Referral,REP017,2017-11-20 08:36:37,2017-11-20 08:36:37
CUST002840,Loyal,Email,REP011,2017-04-28 17:25:49,2018-07-10 10:15:18
CUST002841,Inactive,Paid Search,REP012,2017-10-02 04:23:34,2017-10-02 04:23:34
CUST002842,Regular,Organic,REP002,2017-08-24 15:41:39,2018-07-27 06:07:38
CUST002843,New,Social,REP004,2018-06-22 15:43:27,2018-06-22 15:43:27
CUST002844,Loyal,Email,REP017,2017-09-05 10:18:52,2018-09-22 18:41:20
CUST002845,Loyal,Social,REP008,2017-04-29 05:20:40,2018-06-07 06:53:47
CUST002846,Inactive,Paid Search,REP005,2017-06-15 17:28:52,2017-06-15 17:28:52
CUST002847,New,Paid Search,REP019,2018-09-07 04:41:29,2018-09-07 04:41:29
CUST002848,Loyal,Marketplace,REP008,2017-01-30 00:34:44,2018-08-03 20:47:01
CUST002849,Regular,Paid Search,REP003,2017-01-09 14:20:17,2018-05-16 03:47:05
CUST002850,Loyal,Referral,REP026,2017-02-04 15:13:59,2018-03-01 21:17:07
CUST002851,New,Paid Search,REP017,2018-09-13 07:03:16,2018-09-13 07:03:16
CUST002852,Loyal,Organic,REP022,2017-11-29 11:58:36,2018-07-11 03:22:39
CUST002853,Loyal,Email,REP024,2018-01-04 20:59:45,2018-06-21 13:02:02
CUST002854,Loyal,Referral,REP029,2017-05-19 01:50:18,2018-08-08 19:18:16
CUST002855,Inactive,Referral,REP013,2017-05-28 00:00:00,2017-05-28 00:00:00
CUST002856,Inactive,Paid Search,REP024,2018-03-05 00:00:00,2018-03-05 00:00:00
CUST002857,VIP,Referral,REP006,2017-02-13 15:58:17,2018-09-03 06:44:18
CUST002858,New,Email,REP007,2018-06-02 00:00:00,2018-06-02 00:00:00
CUST002859,Loyal,Referral,REP002,2017-04-23 00:56:19,2018-07-20 05:49:49
CUST002860,Loyal,Marketplace,REP015,2017-01-16 22:43:48,2018-05-07 16:20:59
CUST002861,Inactive,Organic,REP005,2017-05-11 01:40:45,2017-05-11 01:40:45
CUST002862,Inactive,Email,REP014,2017-11-14 21:40:58,2017-11-14 21:40:58
CUST002863,Loyal,Referral,REP010,2018-01-13 09:49:20,2018-06-07 07:35:56
CUST002864,New,Email,REP004,2018-04-14 04:22:56,2018-04-14 04:22:56
CUST002865,Regular,Social,REP010,2017-07-30 03:47:11,2018-03-27 01:15:19
CUST002866,Loyal,Email,REP027,2017-05-14 00:21:39,2017-09-07 08:53:26
CUST002867,Inactive,Email,REP019,2017-07-29 08:01:51,2017-07-29 08:01:51
CUST002868,Regular,Organic,REP028,2017-01-20 18:13:00,2017-09-28 02:59:53
CUST002869,Loyal,Paid Search,REP001,2017-03-13 16:34:52,2018-08-20 18:52:04
CUST002870,New,Social,REP015,2018-05-12 00:00:00,2018-05-12 00:00:00
CUST002871,Regular,Paid Search,REP006,2017-08-23 15:38:43,2018-01-01 00:30:18
CUST002872,Inactive,Email,REP030,2018-02-02 08:11:47,2018-02-02 08:11:47
CUST002873,Loyal,Marketplace,REP024,2017-11-30 17:51:20,2018-09-04 11:22:30
CUST002874,Inactive,Marketplace,REP030,2017-04-29 17:10:47,2017-04-29 17:10:47
CUST002875,Loyal,Email,REP005,2017-05-06 08:33:49,2018-07-07 16:12:11
CUST002876,Inactive,Organic,REP024,2018-02-16 17:29:22,2018-02-16 17:29:22
CUST002877,Regular,Email,REP008,2017-02-27 06:13:34,2017-06-21 17:23:39
CUST002878,Inactive,Email,REP022,2017-07-08 11:08:02,2017-07-08 11:08:02
CUST002879,Inactive,Organic,REP025,2017-02-09 03:17:26,2017-02-09 03:17:26
CUST002880,New,Paid Search,REP007,2018-08-30 13:57:06,2018-08-30 13:57:06
CUST002881,Inactive,Referral,REP021,2017-02-07 14:27:14,2017-02-07 14:27:14
CUST002882,Regular,Social,REP019,2017-09-18 01:16:05,2018-02-11 17:15:21
CUST002883,Regular,Social,REP012,2017-02-03 19:36:13,2018-04-25 19:53:47
CUST002884,Loyal,Referral,REP006,2017-02-03 19:35:52,2018-06-18 20:02:50
CUST002885,Loyal,Email,REP014,2017-10-27 19:57:58,2018-07-11 01:07:31
CUST002886,Loyal,Marketplace,REP023,2017-03-27 05:09:37,2018-06-19 23:40:56
CUST002887,Loyal,Referral,REP021,2017-02-05 02:30:42,2018-02-27 22:36:54
CUST002888,Loyal,Marketplace,REP006,2017-04-19 09:02:33,2018-08-12 14:22:26
CUST002889,VIP,Organic,REP026,2017-04-06 17:06:40,2018-02-25 03:35:43
CUST002890,New,Email,REP024,2018-07-24 17:04:18,2018-07-24 17:04:18
CUST002891,Inactive,Marketplace,REP023,2018-02-07 17:10:23,2018-02-07 17:10:23
CUST002892,Regular,Marketplace,REP016,2017-01-15 05:03:14,2018-08-20 18:24:23
CUST002893,Regular,Organic,REP023,2018-02-15 18:52:51,2018-03-20 18:40:34
CUST002894,Regular,Social,REP013,2017-04-24 17:01:25,2017-11-28 19:50:04
CUST002895,Regular,Marketplace,REP006,2017-05-02 01:01:00,2018-05-06 18:12:15
CUST002896,Loyal,Marketplace,REP022,2017-07-09 17:58:48,2018-07-28 19:42:22
CUST002897,Regular,Marketplace,REP001,2017-05-18 18:03:02,2018-01-27 21:55:08
CUST002898,Loyal,Email,REP012,2017-11-17 23:06:05,2018-06-12 22:55:28
CUST002899,Loyal,Paid Search,REP012,2017-08-19 23:15:04,2018-09-12 05:08:56
CUST002900,Inactive,Email,REP011,2017-01-10 00:00:00,2017-01-10 00:00:00
CUST002901,Regular,Organic,REP021,2017-10-25 22:11:55,2017-11-17 11:31:50
CUST002902,Inactive,Organic,REP014,2017-04-06 11:24:53,2017-04-06 11:24:53
CUST002903,New,Organic,REP017,2018-05-25 14:21:51,2018-05-25 14:21:51
CUST002904,Loyal,Social,REP008,2017-01-09 04:32:33,2018-08-16 06:19:20
CUST002905,Regular,Organic,REP003,2017-02-14 22:15:36,2017-05-12 12:33:51
CUST002906,Regular,Email,REP029,2018-07-24 07:31:46,2018-09-15 08:06:42
CUST002907,Loyal,Email,REP014,2017-06-28 19:43:28,2018-08-21 04:50:55
CUST002908,Loyal,Organic,REP020,2017-11-07 15:31:47,2017-12-30 11:07:09
CUST002909,Loyal,Marketplace,REP003,2017-03-03 01:56:52,2018-06-04 05:25:10
CUST002910,Loyal,Social,REP026,2017-01-07 04:46:01,2018-01-25 06:55:33
CUST002911,Loyal,Paid Search,REP021,2017-03-22 13:35:40,2018-06-14 09:41:07
CUST002912,New,Social,REP007,2018-09-14 00:00:00,2018-09-14 00:00:00
CUST002913,New,Social,REP026,2018-05-09 00:00:00,2018-05-09 00:00:00
CUST002914,Inactive,Referral,REP025,2018-03-19 20:54:23,2018-03-19 20:54:23
CUST002915,Regular,Referral,REP018,2017-02-20 08:59:58,2018-05-21 17:56:08
CUST002916,Loyal,Organic,REP010,2017-08-06 01:04:01,2018-06-04 06:30:35
CUST002917,Loyal,Marketplace,REP023,2017-03-10 17:21:17,2017-11-04 20:59:20
CUST002918,Inactive,Marketplace,REP003,2017-08-17 00:31:15,2017-08-17 00:31:15
CUST002919,Regular,Marketplace,REP023,2017-11-21 23:54:38,2018-07-16 19:43:30
CUST002920,New,Email,REP001,2018-09-05 00:00:00,2018-09-05 00:00:00
CUST002921,Loyal,Email,REP004,2017-01-22 17:43:47,2018-06-22 16:45:45
CUST002922,Loyal,Referral,REP016,2017-02-27 20:11:05,2018-04-19 04:18:52
CUST002923,Regular,Referral,REP011,2018-05-21 22:36:13,2018-06-03 07:42:30
CUST002924,New,Marketplace,REP019,2018-04-27 00:00:00,2018-04-27 00:00:00
CUST002925,Loyal,Referral,REP028,2017-10-07 23:55:27,2018-07-24 00:56:55
CUST002926,Regular,Marketplace,REP010,2017-03-16 10:17:33,2018-05-26 11:52:18
CUST002927,Loyal,Organic,REP023,2017-01-07 22:19:54,2018-07-03 06:45:11
CUST002928,New,Referral,REP014,2018-06-08 05:33:25,2018-06-08 05:33:25
CUST002929,Loyal,Paid Search,REP004,2017-12-11 02:34:28,2018-06-04 13:25:27
CUST002930,Inactive,Email,REP022,2018-03-28 00:00:00,2018-03-28 00:00:00
CUST002931,Regular,Organic,REP012,2017-03-14 04:08:42,2018-04-17 04:15:41
CUST002932,Regular,Social,REP019,2017-05-06 17:27:35,2017-09-07 09:45:21
CUST002933,Loyal,Social,REP005,2017-04-10 09:19:13,2018-02-22 04:43:07
CUST002934,Loyal,Paid Search,REP004,2017-01-27 05:21:58,2018-09-27 11:26:46
CUST002935,Regular,Referral,REP012,2017-04-03 17:16:13,2017-10-14 09:56:31
CUST002936,Loyal,Paid Search,REP006,2017-07-11 01:04:38,2018-09-25 06:24:03
CUST002937,Inactive,Social,REP007,2017-02-10 02:34:02,2017-02-10 02:34:02
CUST002938,Inactive,Email,REP019,2017-01-20 18:56:11,2017-01-20 18:56:11
CUST002939,Regular,Organic,REP028,2017-02-16 05:20:16,2017-06-18 06:26:24
CUST002940,VIP,Referral,REP026,2017-03-09 14:13:05,2018-04-12 02:50:32
CUST002941,Regular,Marketplace,REP010,2017-04-19 06:38:00,2018-03-29 00:25:42
CUST002942,Loyal,Email,REP019,2017-09-16 05:30:01,2018-02-12 13:54:50
CUST002943,Loyal,Referral,REP018,2017-03-25 00:47:27,2018-08-18 01:42:25
CUST002944,Loyal,Social,REP007,2017-02-26 15:48:35,2018-08-25 06:29:13
CUST002945,Loyal,Organic,REP007,2017-07-23 20:51:06,2018-08-14 06:53:28
CUST002946,Regular,Marketplace,REP007,2017-09-18 13:34:44,2018-02-23 18:57:36
CUST002947,Loyal,Paid Search,REP014,2017-11-15 02:01:50,2018-06-06 01:52:40
CUST002948,Loyal,Paid Search,REP030,2018-05-14 02:26:17,2018-08-11 05:00:00
CUST002949,Loyal,Referral,REP019,2017-05-04 14:35:04,2018-02-18 15:25:25
CUST002950,Loyal,Social,REP018,2017-05-27 16:16:16,2018-06-14 14:45:43
CUST002951,Loyal,Organic,REP008,2017-01-09 14:43:37,2018-02-22 10:35:09
CUST002952,Inactive,Referral,REP029,2017-10-09 02:44:20,2017-10-09 02:44:20
CUST002953,Loyal,Social,REP023,2017-01-13 20:20:29,2018-06-16 13:30:17
CUST002954,Loyal,Paid Search,REP010,2017-05-27 21:13:00,2018-03-31 16:44:58
CUST002955,Loyal,Referral,REP008,2017-04-01 03:14:15,2018-07-01 13:21:32
CUST002956,Loyal,Email,REP006,2017-08-02 18:41:21,2018-08-28 18:52:39
CUST002957,Regular,Referral,REP003,2017-07-08 03:15:20,2018-03-26 04:45:01
CUST002958,Loyal,Referral,REP003,2017-06-30 13:26:10,2018-01-10 02:17:57
CUST002959,Loyal,Referral,REP030,2017-01-20 22:51:32,2018-03-03 02:47:50
CUST002960,Regular,Social,REP018,2017-09-14 20:43:44,2018-09-03 03:02:13
CUST002961,New,Marketplace,REP025,2018-04-13 15:26:28,2018-04-13 15:26:28
CUST002962,Regular,Organic,REP003,2017-07-04 13:43:20,2017-12-31 04:50:55
CUST002963,Loyal,Email,REP030,2017-02-04 23:05:47,2018-09-28 05:32:44
CUST002964,Regular,Marketplace,REP026,2017-11-28 02:20:45,2018-09-10 01:08:26
CUST002965,Loyal,Social,REP021,2017-02-08 00:36:18,2018-08-22 11:06:52
CUST002966,Inactive,Referral,REP011,2017-03-02 12:25:54,2017-03-02 12:25:54
CUST002967,Loyal,Referral,REP009,2017-02-25 11:06:48,2018-04-05 16:45:23
CUST002968,Inactive,Social,REP007,2017-05-29 21:37:18,2017-05-29 21:37:18
CUST002969,Inactive,Organic,REP024,2017-02-20 21:03:29,2017-02-20 21:03:29
CUST002970,Regular,Email,REP022,2017-08-24 06:02:33,2018-03-11 08:16:29
CUST002971,Loyal,Email,REP010,2017-04-01 22:15:25,2018-01-28 21:04:55
CUST002972,Loyal,Social,REP012,2017-01-15 15:47:29,2017-10-13 08:03:30
CUST002973,Inactive,Marketplace,REP013,2017-09-01 06:08:18,2017-09-01 06:08:18
CUST002974,Regular,Paid Search,REP003,2017-05-18 10:23:36,2018-03-11 17:33:59
CUST002975,Loyal,Social,REP022,2017-02-09 02:49:39,2017-05-06 14:22:13
CUST002976,Regular,Paid Search,REP027,2017-05-19 16:43:31,2018-01-03 01:33:30
CUST002977,Loyal,Organic,REP006,2017-03-11 07:25:06,2018-06-25 23:14:32
CUST002978,Regular,Referral,REP029,2017-12-03 17:27:13,2018-05-19 06:11:34
CUST002979,New,Organic,REP020,2018-09-15 02:00:48,2018-09-15 02:00:48
CUST002980,Loyal,Email,REP005,2017-06-28 11:44:17,2018-04-04 00:43:22
CUST002981,VIP,Marketplace,REP010,2017-02-19 14:27:54,2018-02-25 13:47:25
CUST002982,Loyal,Email,REP027,2017-05-12 10:43:55,2018-07-30 19:48:22
CUST002983,Loyal,Referral,REP003,2017-11-22 13:22:47,2018-09-11 05:42:40
CUST002984,Inactive,Referral,REP027,2017-06-29 02:32:33,2017-06-29 02:32:33
CUST002985,Loyal,Referral,REP030,2017-11-25 09:01:53,2018-09-15 22:45:37
CUST002986,Loyal,Social,REP021,2017-01-24 20:19:47,2018-08-10 21:30:32
CUST002987,Loyal,Social,REP005,2017-06-29 05:35:17,2018-09-24 19:54:50
CUST002988,New,Social,REP014,2018-06-07 01:05:11,2018-06-07 01:05:11
CUST002989,Inactive,Marketplace,REP017,2017-09-24 22:55:05,2017-09-24 22:55:05
CUST002990,Inactive,Paid Search,REP017,2017-08-07 14:29:49,2017-08-07 14:29:49
CUST002991,Loyal,Paid Search,REP010,2017-06-18 19:09:53,2018-09-20 19:21:54
CUST002992,Inactive,Social,REP007,2017-11-05 20:59:17,2017-11-05 20:59:17
CUST002993,New,Organic,REP015,2018-09-14 04:29:06,2018-09-14 04:29:06
CUST002994,Loyal,Organic,REP025,2017-06-17 19:22:25,2018-09-21 06:06:55
CUST002995,Loyal,Social,REP008,2017-08-18 02:48:11,2018-07-09 20:16:08
CUST002996,Regular,Social,REP014,2017-09-17 16:38:09,2018-01-17 19:31:38
CUST002997,Regular,Email,REP018,2018-02-28 00:10:03,2018-06-13 04:00:02
CUST002998,Inactive,Referral,REP020,2017-05-29 13:52:55,2017-05-29 13:52:55
CUST002999,Inactive,Marketplace,REP007,2017-07-07 15:18:52,2017-07-07 15:18:52
CUST003000,VIP,Email,REP025,2017-01-13 02:24:55,2018-09-26 10:23:34
CUST003001,Loyal,Organic,REP022,2017-04-01 13:01:10,2018-09-18 13:14:58
CUST003002,Regular,Email,REP003,2017-02-17 23:13:04,2018-04-01 20:11:28
CUST003003,Regular,Marketplace,REP011,2017-01-01 15:54:03,2017-12-31 04:12:25
CUST003004,Loyal,Referral,REP020,2017-09-11 07:30:58,2018-07-24 08:07:00
CUST003005,Inactive,Organic,REP014,2017-04-22 09:39:21,2017-04-22 09:39:21
CUST003006,Loyal,Organic,REP012,2017-02-13 19:21:23,2018-08-06 03:28:41
CUST003007,Regular,Email,REP015,2017-09-05 19:02:30,2018-01-15 18:10:11
CUST003008,New,Paid Search,REP005,2018-08-28 10:06:12,2018-08-28 10:06:12
CUST003009,Loyal,Marketplace,REP006,2017-01-24 21:31:09,2018-09-16 17:52:10
CUST003010,Regular,Social,REP003,2018-08-06 19:53:24,2018-08-10 07:16:00
CUST003011,Regular,Social,REP006,2017-11-11 14:16:29,2018-03-31 02:32:23
CUST003012,Regular,Paid Search,REP002,2017-01-16 22:52:36,2018-01-10 01:54:32
CUST003013,Loyal,Marketplace,REP017,2017-09-22 06:59:13,2018-06-18 02:28:56
CUST003014,Loyal,Referral,REP028,2017-04-05 11:46:59,2018-02-12 02:58:55
CUST003015,Regular,Organic,REP018,2017-08-17 13:58:13,2017-10-02 18:24:38
CUST003016,VIP,Paid Search,REP016,2017-02-03 00:53:35,2018-06-04 14:31:35
CUST003017,Loyal,Marketplace,REP006,2017-02-22 19:43:14,2017-08-27 03:01:35
CUST003018,Inactive,Marketplace,REP017,2018-02-16 12:41:30,2018-02-16 12:41:30
CUST003019,Loyal,Social,REP002,2017-02-08 19:57:08,2018-02-26 12:37:19
CUST003020,Inactive,Social,REP005,2017-08-24 13:35:15,2017-08-24 13:35:15
CUST003021,Loyal,Email,REP026,2017-04-19 08:35:21,2018-09-26 07:42:53
CUST003022,Inactive,Email,REP012,2017-09-11 00:00:00,2017-09-11 00:00:00
CUST003023,Loyal,Social,REP022,2017-01-24 09:23:53,2018-09-03 00:59:16
CUST003024,Regular,Paid Search,REP005,2017-07-17 19:27:23,2017-10-30 08:48:31
CUST003025,Inactive,Paid Search,REP027,2017-11-12 00:00:00,2017-11-12 00:00:00
CUST003026,Loyal,Organic,REP017,2017-01-22 19:23:08,2017-11-29 13:05:25
CUST003027,Loyal,Organic,REP010,2017-08-12 14:51:15,2018-06-13 18:57:40
CUST003028,Inactive,Marketplace,REP017,2017-10-31 00:00:00,2017-10-31 00:00:00
CUST003029,Loyal,Email,REP020,2017-02-19 02:00:24,2018-04-15 21:06:43
CUST003030,Inactive,Referral,REP016,2017-04-23 00:00:00,2017-04-23 00:00:00
CUST003031,Regular,Marketplace,REP005,2018-04-09 18:07:54,2018-06-16 01:34:49
CUST003032,Loyal,Referral,REP005,2017-04-22 21:43:40,2017-07-30 10:11:05
CUST003033,Regular,Email,REP010,2017-02-03 17:02:43,2018-01-07 02:43:44
CUST003034,Inactive,Email,REP018,2018-03-27 03:54:27,2018-03-27 03:54:27
CUST003035,Loyal,Organic,REP024,2017-09-13 05:04:25,2018-03-26 20:07:31
CUST003036,Loyal,Referral,REP024,2017-10-22 02:14:23,2018-08-21 05:26:43
CUST003037,Loyal,Social,REP006,2017-03-23 17:30:26,2018-01-17 16:42:21
CUST003038,Loyal,Email,REP024,2017-12-30 12:21:00,2018-02-28 19:10:23
CUST003039,New,Marketplace,REP011,2018-05-10 00:00:00,2018-05-10 00:00:00
CUST003040,Loyal,Organic,REP009,2017-10-29 09:13:45,2018-07-05 10:23:41
CUST003041,Loyal,Social,REP018,2017-06-24 04:35:21,2018-09-27 01:43:36
CUST003042,Regular,Referral,REP029,2017-12-30 22:23:19,2018-02-09 01:19:28
CUST003043,Regular,Referral,REP021,2017-05-12 23:16:46,2017-08-15 11:39:43
CUST003044,Loyal,Email,REP020,2017-01-14 08:18:15,2018-06-02 02:45:17
CUST003045,Inactive,Email,REP017,2017-05-21 00:00:00,2017-05-21 00:00:00
CUST003046,Inactive,Referral,REP010,2017-03-30 16:55:29,2017-03-30 16:55:29
CUST003047,Regular,Paid Search,REP024,2017-02-07 09:04:37,2018-07-23 18:47:38
CUST003048,Inactive,Paid Search,REP020,2017-07-10 00:00:00,2017-07-10 00:00:00
CUST003049,Loyal,Email,REP025,2017-01-12 12:39:45,2018-07-29 04:51:21
CUST003050,Inactive,Paid Search,REP018,2017-09-18 17:23:21,2017-09-18 17:23:21
CUST003051,Regular,Social,REP024,2017-08-25 03:24:19,2017-11-27 03:57:11
CUST003052,New,Email,REP026,2018-09-14 00:00:00,2018-09-14 00:00:00
CUST003053,Inactive,Paid Search,REP005,2017-01-21 00:00:00,2017-01-21 00:00:00
CUST003054,Loyal,Email,REP019,2017-05-25 05:55:19,2018-03-07 16:33:41
CUST003055,New,Email,REP004,2018-06-18 05:01:18,2018-06-18 05:01:18
CUST003056,VIP,Social,REP023,2017-04-09 13:12:03,2018-04-21 16:04:12
CUST003057,Inactive,Marketplace,REP023,2017-05-15 13:28:17,2017-05-15 13:28:17
CUST003058,Loyal,Email,REP014,2017-05-11 05:27:49,2018-04-22 17:06:01
CUST003059,Regular,Social,REP028,2017-04-07 12:51:41,2018-02-13 20:49:17
CUST003060,Inactive,Social,REP002,2017-08-11 21:04:00,2017-08-11 21:04:00
CUST003061,Inactive,Organic,REP015,2017-10-12 09:11:10,2017-10-12 09:11:10
CUST003062,Regular,Referral,REP027,2017-03-21 19:08:18,2017-10-10 14:20:22
CUST003063,VIP,Organic,REP006,2017-02-09 19:36:02,2017-10-07 08:06:35
CUST003064,Regular,Organic,REP008,2018-07-31 15:11:02,2018-08-06 19:09:55
CUST003065,Inactive,Email,REP027,2017-09-10 00:00:00,2017-09-10 00:00:00
CUST003066,Inactive,Paid Search,REP009,2018-01-07 09:39:51,2018-01-07 09:39:51
CUST003067,Regular,Paid Search,REP023,2017-06-22 22:58:27,2017-09-12 19:57:20
CUST003068,Inactive,Social,REP003,2017-01-22 00:00:00,2017-01-22 00:00:00
CUST003069,Loyal,Paid Search,REP011,2017-03-29 19:03:34,2018-09-30 09:17:13
CUST003070,Loyal,Email,REP019,2017-02-01 02:10:32,2018-09-11 06:38:43
CUST003071,Loyal,Email,REP020,2017-01-26 18:51:10,2018-08-02 00:56:21
CUST003072,Regular,Paid Search,REP023,2017-09-29 05:35:30,2017-10-04 03:23:21
CUST003073,Loyal,Social,REP023,2017-02-09 06:51:17,2018-05-20 19:56:10
CUST003074,Loyal,Email,REP028,2017-04-15 05:40:09,2018-08-26 12:39:58
CUST003075,Inactive,Social,REP023,2017-05-27 11:46:57,2017-05-27 11:46:57
CUST003076,Loyal,Referral,REP013,2017-04-25 03:48:36,2018-08-05 06:58:30
CUST003077,Regular,Social,REP020,2017-03-05 01:45:27,2017-12-15 11:54:01
CUST003078,Inactive,Organic,REP005,2017-08-06 12:25:37,2017-08-06 12:25:37
CUST003079,Loyal,Email,REP030,2017-08-09 03:53:27,2018-07-19 04:07:57
CUST003080,New,Organic,REP025,2018-09-21 07:26:00,2018-09-21 07:26:00
CUST003081,Loyal,Social,REP011,2017-02-08 09:44:08,2017-10-27 10:09:57
CUST003082,Loyal,Marketplace,REP010,2017-04-17 10:12:16,2018-06-25 15:02:57
CUST003083,Regular,Referral,REP014,2017-05-22 16:26:59,2018-03-15 17:51:24
CUST003084,Inactive,Referral,REP005,2017-09-18 03:23:49,2017-09-18 03:23:49
CUST003085,Loyal,Email,REP021,2017-01-20 21:12:52,2017-10-10 02:22:17
CUST003086,Loyal,Email,REP027,2017-03-03 08:19:52,2018-06-02 06:39:55
CUST003087,Inactive,Social,REP021,2017-04-04 22:16:26,2017-04-04 22:16:26
CUST003088,Regular,Marketplace,REP015,2017-02-07 00:36:23,2017-06-18 14:41:13
CUST003089,Loyal,Email,REP023,2017-03-13 01:18:54,2018-09-28 18:08:20
CUST003090,Regular,Organic,REP006,2017-04-30 13:00:43,2017-10-03 12:19:23
CUST003091,Regular,Marketplace,REP005,2017-05-04 17:05:09,2017-07-12 17:46:30
CUST003092,Regular,Social,REP010,2017-06-22 21:49:16,2017-11-05 14:20:51
CUST003093,Loyal,Organic,REP006,2018-05-02 08:55:47,2018-08-18 17:43:11
CUST003094,New,Social,REP005,2018-05-17 06:45:29,2018-05-17 06:45:29
CUST003095,Inactive,Paid Search,REP026,2017-10-21 15:26:20,2017-10-21 15:26:20
CUST003096,Regular,Organic,REP029,2017-10-18 13:58:14,2017-11-14 14:12:52
CUST003097,Loyal,Email,REP005,2017-01-06 04:50:53,2018-07-01 18:04:20
CUST003098,Regular,Social,REP017,2017-05-09 21:25:10,2018-01-29 22:34:59
CUST003099,Loyal,Social,REP010,2017-04-07 00:00:01,2017-12-21 21:45:44
CUST003100,Regular,Referral,REP016,2017-10-07 12:36:12,2018-03-18 22:28:58
CUST003101,Loyal,Marketplace,REP014,2017-05-19 07:47:57,2018-04-29 00:40:43
CUST003102,Loyal,Organic,REP001,2017-06-02 09:59:23,2018-02-07 19:28:51
CUST003103,Inactive,Paid Search,REP008,2017-05-30 00:00:00,2017-05-30 00:00:00
CUST003104,Loyal,Social,REP025,2017-11-01 00:44:59,2018-09-23 18:13:40
CUST003105,Loyal,Email,REP002,2017-04-21 08:21:30,2017-10-27 10:26:57
CUST003106,Regular,Marketplace,REP028,2017-07-09 06:45:27,2018-01-23 09:58:05
CUST003107,New,Paid Search,REP003,2018-08-09 22:27:10,2018-08-09 22:27:10
CUST003108,Loyal,Referral,REP024,2017-05-02 02:24:47,2018-03-27 01:44:49
CUST003109,Loyal,Paid Search,REP030,2017-09-16 16:39:24,2018-09-23 02:37:54
CUST003110,Inactive,Organic,REP016,2018-03-14 00:00:00,2018-03-14 00:00:00
CUST003111,Loyal,Social,REP019,2017-04-02 15:27:40,2017-07-11 16:17:34
CUST003112,Regular,Referral,REP024,2018-07-07 23:26:20,2018-08-28 23:13:06
CUST003113,Loyal,Referral,REP003,2018-02-24 20:10:28,2018-09-11 13:00:18
CUST003114,Loyal,Social,REP016,2017-02-15 00:47:53,2018-08-24 16:04:09
CUST003115,New,Marketplace,REP015,2018-06-17 00:00:00,2018-06-17 00:00:00
CUST003116,Loyal,Social,REP019,2017-01-08 15:28:22,2018-07-22 14:56:35
CUST003117,New,Social,REP001,2018-08-22 10:44:31,2018-08-22 10:44:31
CUST003118,New,Referral,REP005,2018-04-02 16:44:13,2018-04-02 16:44:13
CUST003119,Regular,Paid Search,REP022,2017-02-27 12:49:06,2018-06-06 08:07:04
CUST003120,Inactive,Referral,REP015,2017-09-16 00:00:00,2017-09-16 00:00:00
CUST003121,Loyal,Organic,REP005,2017-06-07 10:19:59,2018-05-26 11:24:11
CUST003122,Loyal,Organic,REP029,2017-06-05 11:11:52,2018-07-28 02:58:24
CUST003123,New,Social,REP010,2018-09-11 17:58:55,2018-09-11 17:58:55
CUST003124,Regular,Social,REP022,2017-09-25 21:58:38,2018-06-05 10:00:20
CUST003125,Inactive,Marketplace,REP011,2017-08-06 00:00:00,2017-08-06 00:00:00
CUST003126,Loyal,Marketplace,REP010,2017-04-18 17:26:32,2017-12-10 08:28:54
CUST003127,Regular,Referral,REP015,2017-07-14 22:24:13,2018-09-28 21:26:30
CUST003128,Loyal,Referral,REP019,2017-05-16 19:31:02,2017-08-31 19:42:41
CUST003129,Loyal,Marketplace,REP014,2017-01-27 16:04:30,2018-07-10 11:36:29
CUST003130,Regular,Social,REP011,2017-03-25 15:07:16,2018-03-23 01:02:13
CUST003131,Loyal,Organic,REP030,2017-01-15 00:12:24,2017-10-06 00:30:56
CUST003132,Inactive,Organic,REP025,2017-05-23 09:05:35,2017-05-23 09:05:35
CUST003133,Inactive,Marketplace,REP026,2017-09-27 00:00:00,2017-09-27 00:00:00
CUST003134,Regular,Marketplace,REP017,2017-01-23 22:46:28,2018-06-09 12:45:31
CUST003135,Regular,Referral,REP016,2018-07-02 12:35:31,2018-09-22 05:26:36
CUST003136,VIP,Email,REP006,2017-01-12 14:50:53,2018-08-13 23:48:47
CUST003137,Loyal,Organic,REP002,2017-04-03 09:34:32,2018-09-07 07:45:04
CUST003138,Inactive,Email,REP029,2017-10-15 00:00:00,2017-10-15 00:00:00
CUST003139,Loyal,Paid Search,REP004,2017-05-10 06:25:28,2017-10-16 06:15:14
CUST003140,Loyal,Social,REP002,2017-10-08 03:37:53,2018-08-08 09:30:06
CUST003141,Inactive,Social,REP025,2017-02-27 03:45:07,2017-02-27 03:45:07
CUST003142,Loyal,Paid Search,REP021,2017-01-02 00:15:03,2018-03-26 20:01:13
CUST003143,Inactive,Social,REP022,2017-01-25 22:43:54,2017-01-25 22:43:54
CUST003144,Loyal,Referral,REP003,2017-01-16 22:50:54,2018-07-09 02:52:12
CUST003145,New,Paid Search,REP009,2018-06-03 06:44:29,2018-06-03 06:44:29
CUST003146,Loyal,Email,REP011,2017-11-30 06:59:43,2018-05-24 00:52:46
CUST003147,Loyal,Referral,REP002,2017-08-31 11:11:51,2017-12-14 09:40:46
CUST003148,Loyal,Social,REP012,2017-03-02 02:48:25,2018-03-26 11:43:12
CUST003149,Loyal,Marketplace,REP010,2017-01-13 05:05:43,2018-07-20 03:58:15
CUST003150,Regular,Organic,REP025,2017-06-07 04:43:56,2017-08-05 16:55:13
CUST003151,Regular,Email,REP030,2017-11-30 07:24:34,2017-12-16 09:03:43
CUST003152,Inactive,Email,REP020,2017-08-13 00:00:00,2017-08-13 00:00:00
CUST003153,Regular,Paid Search,REP030,2017-08-22 23:21:54,2017-09-11 07:30:38
CUST003154,New,Social,REP004,2018-04-20 10:06:00,2018-04-20 10:06:00
CUST003155,VIP,Social,REP014,2017-07-10 22:16:53,2018-08-15 00:36:23
CUST003156,Inactive,Organic,REP029,2017-02-13 00:00:00,2017-02-13 00:00:00
CUST003157,Loyal,Organic,REP020,2017-10-12 18:30:41,2018-09-24 23:27:47
CUST003158,Inactive,Email,REP028,2017-04-02 00:00:00,2017-04-02 00:00:00
CUST003159,Regular,Organic,REP012,2017-01-12 23:43:02,2018-05-12 05:21:59
CUST003160,Regular,Social,REP030,2017-05-30 22:38:10,2017-12-11 22:53:23
CUST003161,Inactive,Organic,REP003,2017-02-14 01:43:43,2017-02-14 01:43:43
CUST003162,Loyal,Organic,REP009,2017-02-04 02:20:19,2018-03-02 07:58:01
CUST003163,Loyal,Paid Search,REP013,2017-01-14 11:48:10,2018-05-31 02:25:58
CUST003164,Regular,Organic,REP011,2017-01-24 21:13:19,2017-06-23 19:21:44
CUST003165,Loyal,Organic,REP019,2017-04-29 03:28:04,2018-05-13 07:36:25
CUST003166,Regular,Organic,REP030,2017-03-01 20:42:12,2018-08-10 20:16:03
CUST003167,Loyal,Organic,REP030,2017-05-02 11:46:09,2018-05-25 22:01:47
CUST003168,Inactive,Email,REP008,2017-11-20 23:56:31,2017-11-20 23:56:31
CUST003169,Loyal,Social,REP021,2017-02-23 15:59:19,2018-08-16 06:24:24
CUST003170,Loyal,Social,REP015,2017-09-15 02:45:18,2018-05-17 04:24:15
CUST003171,New,Referral,REP010,2018-06-16 17:43:20,2018-06-16 17:43:20
CUST003172,Loyal,Email,REP025,2017-01-02 04:18:13,2017-11-26 10:18:08
CUST003173,Regular,Paid Search,REP015,2017-04-30 15:54:36,2018-08-10 04:35:12
CUST003174,New,Marketplace,REP014,2018-08-02 23:11:50,2018-08-02 23:11:50
CUST003175,Regular,Email,REP028,2017-08-30 01:37:23,2018-07-20 22:02:18
CUST003176,Loyal,Email,REP017,2017-02-02 09:47:58,2018-07-06 13:52:04
CUST003177,Loyal,Email,REP007,2017-05-17 18:58:34,2018-09-26 12:07:49
CUST003178,Inactive,Marketplace,REP013,2018-03-22 22:49:09,2018-03-22 22:49:09
CUST003179,New,Social,REP026,2018-08-03 18:12:04,2018-08-03 18:12:04
CUST003180,New,Organic,REP025,2018-04-04 08:04:24,2018-04-04 08:04:24
CUST003181,Inactive,Paid Search,REP019,2017-03-25 11:33:04,2017-03-25 11:33:04
CUST003182,Loyal,Social,REP025,2017-02-27 23:16:22,2018-06-27 11:52:29
CUST003183,Loyal,Social,REP018,2017-01-31 02:55:27,2018-01-23 22:27:49
CUST003184,Loyal,Marketplace,REP020,2017-04-15 18:35:58,2017-07-30 08:52:19
CUST003185,Inactive,Marketplace,REP029,2017-06-04 11:41:06,2017-06-04 11:41:06
CUST003186,VIP,Marketplace,REP026,2017-03-03 21:36:19,2018-09-12 08:23:29
CUST003187,Loyal,Referral,REP021,2018-03-08 04:23:18,2018-07-30 14:38:04
CUST003188,Loyal,Organic,REP007,2017-01-15 03:38:53,2018-02-25 09:58:08
CUST003189,Loyal,Paid Search,REP027,2017-02-10 17:21:38,2018-08-24 00:58:12
CUST003190,Loyal,Social,REP028,2018-05-16 06:37:56,2018-08-18 05:09:27
CUST003191,Loyal,Email,REP009,2017-02-21 20:28:08,2018-04-20 22:50:06
CUST003192,Loyal,Referral,REP002,2017-05-25 13:50:09,2018-06-22 17:08:57
CUST003193,Loyal,Social,REP019,2017-08-07 03:53:40,2018-05-03 20:27:37
CUST003194,Loyal,Email,REP006,2017-01-06 21:20:32,2018-07-14 12:05:45
CUST003195,Inactive,Social,REP009,2017-03-28 23:56:57,2017-03-28 23:56:57
CUST003196,Inactive,Paid Search,REP018,2017-05-07 12:48:22,2017-05-07 12:48:22
CUST003197,Loyal,Social,REP004,2017-01-03 08:58:06,2018-08-25 09:15:56
CUST003198,Loyal,Organic,REP005,2017-01-07 17:46:51,2017-09-27 02:54:55
CUST003199,Regular,Referral,REP010,2017-09-28 07:21:50,2017-10-22 04:25:23
CUST003200,Regular,Organic,REP028,2017-06-13 23:19:30,2018-09-22 02:14:57
CUST003201,Regular,Organic,REP025,2017-06-06 11:07:01,2017-11-01 02:38:05
CUST003202,Inactive,Social,REP017,2017-04-15 18:58:12,2017-04-15 18:58:12
CUST003203,Loyal,Social,REP007,2017-02-02 02:43:28,2018-03-14 18:34:29
CUST003204,Loyal,Referral,REP025,2017-05-05 21:16:34,2017-12-17 16:45:07
CUST003205,Loyal,Paid Search,REP020,2017-03-17 04:55:23,2017-06-10 09:30:18
CUST003206,Regular,Paid Search,REP029,2017-05-09 19:56:07,2017-11-16 08:39:10
CUST003207,Loyal,Social,REP018,2017-02-01 23:04:38,2018-01-08 12:34:44
CUST003208,Regular,Marketplace,REP004,2017-11-16 12:06:20,2018-02-02 09:03:48
CUST003209,Regular,Paid Search,REP028,2017-07-19 08:54:40,2017-09-01 07:46:55
CUST003210,Regular,Social,REP011,2017-10-27 17:57:54,2018-08-11 19:08:45
CUST003211,New,Referral,REP009,2018-05-16 00:00:00,2018-05-16 00:00:00
CUST003212,Loyal,Email,REP002,2017-01-23 06:24:38,2018-07-07 23:54:38
CUST003213,Regular,Social,REP005,2017-03-12 20:15:07,2018-01-29 08:27:12
CUST003214,Loyal,Paid Search,REP002,2017-07-02 13:29:16,2018-05-05 19:37:57
CUST003215,Regular,Referral,REP015,2017-06-20 18:47:18,2017-10-31 19:28:16
CUST003216,Regular,Email,REP023,2017-02-23 21:48:44,2017-12-11 11:36:33
CUST003217,Loyal,Paid Search,REP030,2017-01-24 07:40:37,2017-11-29 11:08:12
CUST003218,Loyal,Social,REP015,2017-05-02 00:04:07,2018-06-10 11:47:22
CUST003219,Loyal,Referral,REP016,2017-10-07 00:09:59,2018-06-09 08:34:58
CUST003220,Inactive,Marketplace,REP019,2017-05-28 00:00:00,2017-05-28 00:00:00
CUST003221,VIP,Social,REP010,2017-03-20 00:56:10,2018-02-22 08:41:42
CUST003222,Regular,Social,REP016,2017-05-07 23:01:11,2018-07-11 00:45:03
CUST003223,New,Email,REP003,2018-09-09 00:00:00,2018-09-09 00:00:00
CUST003224,Inactive,Referral,REP027,2017-07-19 07:06:24,2017-07-19 07:06:24
CUST003225,Loyal,Marketplace,REP026,2017-01-08 19:14:16,2018-05-15 04:04:03
CUST003226,New,Email,REP024,2018-08-25 02:25:22,2018-08-25 02:25:22
CUST003227,Loyal,Email,REP026,2017-01-10 01:55:42,2018-09-07 13:15:44
CUST003228,Inactive,Paid Search,REP028,2017-08-02 10:32:01,2017-08-02 10:32:01
CUST003229,New,Social,REP022,2018-09-07 21:29:40,2018-09-07 21:29:40
CUST003230,Inactive,Referral,REP024,2017-10-04 12:41:21,2017-10-04 12:41:21
CUST003231,Inactive,Paid Search,REP013,2018-02-24 00:00:00,2018-02-24 00:00:00
CUST003232,Inactive,Referral,REP007,2017-11-13 00:00:00,2017-11-13 00:00:00
CUST003233,Loyal,Social,REP001,2017-11-29 00:22:14,2018-06-06 03:49:11
CUST003234,Loyal,Referral,REP025,2018-01-13 14:00:18,2018-09-05 17:59:47
CUST003235,Inactive,Social,REP016,2017-11-19 07:19:45,2017-11-19 07:19:45
CUST003236,Loyal,Email,REP027,2017-02-27 18:10:14,2018-08-01 12:24:44
CUST003237,Inactive,Social,REP005,2018-02-10 15:59:43,2018-02-10 15:59:43
CUST003238,Inactive,Organic,REP022,2017-12-16 19:46:25,2017-12-16 19:46:25
CUST003239,Regular,Referral,REP015,2018-05-03 17:24:35,2018-09-13 20:59:43
CUST003240,Regular,Email,REP020,2017-06-19 15:52:43,2018-04-26 18:43:03
CUST003241,Regular,Marketplace,REP023,2017-01-12 20:10:54,2018-03-16 06:48:32
CUST003242,Regular,Organic,REP001,2017-11-05 13:02:55,2017-11-23 17:50:17
CUST003243,VIP,Email,REP020,2017-04-21 07:18:48,2018-05-29 05:00:32
CUST003244,Loyal,Referral,REP024,2017-03-17 04:43:31,2018-04-04 06:29:18
CUST003245,Loyal,Paid Search,REP018,2017-07-23 11:01:02,2018-09-26 23:23:58
CUST003246,VIP,Email,REP001,2017-07-04 16:31:55,2018-09-15 14:02:19
CUST003247,Loyal,Email,REP010,2017-03-18 08:11:53,2018-08-30 08:33:56
CUST003248,Loyal,Referral,REP009,2017-02-28 02:51:15,2018-03-31 02:49:25
CUST003249,Loyal,Email,REP020,2017-06-14 04:56:17,2017-09-26 06:08:39
CUST003250,Regular,Paid Search,REP025,2017-06-14 13:16:39,2018-03-30 07:54:38
CUST003251,Regular,Marketplace,REP007,2017-02-05 17:59:09,2018-07-09 20:11:26
CUST003252,VIP,Marketplace,REP024,2017-04-08 11:14:59,2018-09-03 13:15:27
CUST003253,Inactive,Social,REP028,2017-04-14 12:33:27,2017-04-14 12:33:27
CUST003254,Inactive,Paid Search,REP012,2017-03-23 04:21:03,2017-03-23 04:21:03
CUST003255,Inactive,Referral,REP025,2017-09-12 00:00:00,2017-09-12 00:00:00
CUST003256,Loyal,Email,REP024,2017-03-28 10:22:10,2018-02-28 23:34:11
CUST003257,Regular,Paid Search,REP020,2017-09-08 22:54:06,2018-06-29 08:21:27
CUST003258,New,Organic,REP013,2018-04-29 02:37:21,2018-04-29 02:37:21
CUST003259,New,Paid Search,REP026,2018-08-12 03:24:06,2018-08-12 03:24:06
CUST003260,New,Marketplace,REP021,2018-08-07 14:14:18,2018-08-07 14:14:18
CUST003261,New,Paid Search,REP003,2018-08-09 00:00:00,2018-08-09 00:00:00
CUST003262,Loyal,Paid Search,REP015,2017-02-26 18:27:15,2018-01-18 21:36:55
CUST003263,Loyal,Marketplace,REP021,2018-02-15 19:57:51,2018-04-09 22:48:39
CUST003264,Inactive,Referral,REP030,2017-01-09 15:53:08,2017-01-09 15:53:08
CUST003265,Loyal,Paid Search,REP006,2017-03-01 10:40:03,2018-08-13 21:22:28
CUST003266,New,Paid Search,REP001,2018-05-24 20:23:29,2018-05-24 20:23:29
CUST003267,Regular,Referral,REP025,2017-06-14 14:16:10,2018-09-07 05:14:56
CUST003268,Inactive,Referral,REP002,2017-10-01 00:00:00,2017-10-01 00:00:00
CUST003269,Loyal,Social,REP018,2017-01-02 14:01:05,2018-05-14 16:47:02
CUST003270,Regular,Paid Search,REP014,2017-04-04 08:55:24,2018-04-13 23:00:22
CUST003271,Regular,Email,REP016,2017-07-27 10:09:18,2018-02-15 16:00:04
CUST003272,Loyal,Marketplace,REP005,2017-03-14 03:33:16,2018-06-16 05:31:58
CUST003273,Inactive,Referral,REP004,2017-09-02 00:00:00,2017-09-02 00:00:00
CUST003274,Inactive,Social,REP016,2017-07-16 11:32:19,2017-07-16 11:32:19
CUST003275,New,Marketplace,REP024,2018-07-15 14:47:01,2018-07-15 14:47:01
CUST003276,New,Organic,REP024,2018-09-16 19:49:06,2018-09-16 19:49:06
CUST003277,New,Paid Search,REP022,2018-06-21 00:00:00,2018-06-21 00:00:00
CUST003278,Regular,Paid Search,REP030,2018-01-01 01:32:23,2018-09-23 07:05:10
CUST003279,Regular,Email,REP002,2017-05-30 08:17:48,2018-05-09 23:02:32
CUST003280,Loyal,Paid Search,REP004,2017-03-05 13:50:02,2018-09-07 07:53:55
CUST003281,Loyal,Marketplace,REP026,2017-10-05 03:17:23,2018-05-31 05:34:58
CUST003282,Loyal,Marketplace,REP022,2017-08-22 17:03:13,2018-09-08 02:36:04
CUST003283,Loyal,Paid Search,REP007,2017-04-27 06:05:43,2018-03-17 09:23:28
CUST003284,Inactive,Paid Search,REP014,2017-04-12 15:49:08,2017-04-12 15:49:08
CUST003285,Inactive,Email,REP002,2017-07-30 22:12:54,2017-07-30 22:12:54
CUST003286,Inactive,Paid Search,REP001,2017-01-13 15:42:20,2017-01-13 15:42:20
CUST003287,Loyal,Marketplace,REP012,2017-03-16 20:50:26,2018-05-07 21:01:22
CUST003288,Loyal,Email,REP030,2017-01-08 19:52:31,2018-09-17 14:17:43
CUST003289,Loyal,Email,REP010,2017-03-31 03:48:02,2018-09-10 04:55:47
CUST003290,Loyal,Referral,REP005,2017-06-09 17:44:53,2018-09-18 16:06:12
CUST003291,Loyal,Paid Search,REP022,2017-05-14 17:06:25,2017-10-20 05:46:06
CUST003292,Regular,Referral,REP009,2017-11-10 13:51:41,2018-09-17 00:24:24
CUST003293,Regular,Social,REP026,2017-04-02 17:32:41,2017-04-12 14:53:29
CUST003294,Loyal,Email,REP010,2017-08-21 22:05:23,2017-09-30 05:42:35
CUST003295,Inactive,Organic,REP008,2017-07-21 20:47:07,2017-07-21 20:47:07
CUST003296,Loyal,Referral,REP023,2017-03-20 08:43:59,2018-09-20 04:57:06
CUST003297,Regular,Email,REP008,2018-05-05 15:17:25,2018-05-23 19:31:26
CUST003298,New,Social,REP023,2018-07-22 20:08:20,2018-07-22 20:08:20
CUST003299,Regular,Paid Search,REP004,2018-01-13 07:22:56,2018-08-20 10:45:14
CUST003300,Loyal,Email,REP020,2017-04-02 04:28:07,2018-04-22 02:47:15
CUST003301,Regular,Referral,REP028,2018-03-08 22:33:29,2018-05-29 14:05:37
CUST003302,Loyal,Marketplace,REP027,2017-02-27 19:04:39,2018-09-11 22:33:34
CUST003303,Inactive,Paid Search,REP019,2017-02-08 00:00:00,2017-02-08 00:00:00
CUST003304,Loyal,Referral,REP002,2017-09-06 01:53:11,2018-09-03 06:59:01
CUST003305,Loyal,Organic,REP021,2017-02-05 17:06:50,2018-09-15 17:33:06
CUST003306,Inactive,Social,REP022,2017-04-04 08:32:27,2017-04-04 08:32:27
CUST003307,Loyal,Referral,REP022,2017-04-02 04:43:11,2018-01-19 13:45:07
CUST003308,Inactive,Organic,REP014,2018-01-16 00:00:00,2018-01-16 00:00:00
CUST003309,Inactive,Paid Search,REP014,2017-08-29 07:00:49,2017-08-29 07:00:49
CUST003310,Regular,Social,REP027,2018-04-02 20:53:58,2018-07-01 05:35:42
CUST003311,Inactive,Email,REP013,2017-03-19 12:31:01,2017-03-19 12:31:01
CUST003312,Regular,Marketplace,REP007,2018-02-25 10:27:28,2018-04-23 01:51:11
CUST003313,Regular,Social,REP018,2017-04-08 04:48:25,2017-07-05 01:49:00
CUST003314,Regular,Paid Search,REP009,2017-02-04 03:40:31,2017-08-14 22:04:51
CUST003315,Loyal,Marketplace,REP023,2017-05-12 06:10:29,2018-02-11 17:31:49
CUST003316,Regular,Email,REP022,2017-01-01 13:32:20,2018-08-26 07:07:43
CUST003317,Regular,Social,REP007,2017-05-20 18:32:24,2018-06-22 00:07:12
CUST003318,Inactive,Referral,REP030,2017-05-19 21:18:43,2017-05-19 21:18:43
CUST003319,Inactive,Email,REP006,2018-02-04 18:34:35,2018-02-04 18:34:35
CUST003320,Inactive,Marketplace,REP023,2017-11-07 21:56:31,2017-11-07 21:56:31
CUST003321,Regular,Paid Search,REP029,2017-07-13 17:52:14,2017-10-12 21:02:55
CUST003322,Loyal,Organic,REP017,2017-05-05 04:54:06,2018-09-23 16:30:37
CUST003323,Loyal,Email,REP027,2017-05-27 22:01:53,2017-12-28 04:51:44
CUST003324,Inactive,Organic,REP024,2017-03-26 14:52:58,2017-03-26 14:52:58
CUST003325,Inactive,Referral,REP007,2017-04-11 16:11:10,2017-04-11 16:11:10
CUST003326,New,Paid Search,REP030,2018-08-07 00:00:00,2018-08-07 00:00:00
CUST003327,Regular,Email,REP009,2017-09-13 03:05:56,2018-09-05 02:03:01
CUST003328,Loyal,Organic,REP018,2017-06-17 10:23:14,2018-06-18 08:22:15
CUST003329,Inactive,Social,REP018,2017-03-04 08:09:48,2017-03-04 08:09:48
CUST003330,Loyal,Paid Search,REP002,2017-06-09 19:31:45,2018-08-22 05:46:08
CUST003331,Regular,Social,REP009,2018-04-28 19:28:22,2018-09-01 01:00:41
CUST003332,Regular,Organic,REP026,2017-12-05 23:32:45,2018-07-10 20:56:28
CUST003333,Inactive,Paid Search,REP017,2017-11-28 00:00:00,2017-11-28 00:00:00
CUST003334,New,Social,REP029,2018-06-21 00:00:00,2018-06-21 00:00:00
CUST003335,Regular,Referral,REP005,2017-01-11 01:45:48,2017-03-20 06:21:37
CUST003336,Loyal,Marketplace,REP021,2017-03-07 12:23:08,2018-06-06 19:40:30
CUST003337,New,Organic,REP017,2018-04-30 00:00:00,2018-04-30 00:00:00
CUST003338,Inactive,Marketplace,REP009,2017-08-05 01:46:14,2017-08-05 01:46:14
CUST003339,Regular,Social,REP019,2017-10-03 08:20:49,2018-09-13 23:15:46
CUST003340,Loyal,Social,REP010,2017-04-05 20:11:46,2018-08-02 04:47:52
CUST003341,Loyal,Social,REP009,2017-05-27 09:07:49,2018-02-15 17:00:35
CUST003342,Regular,Organic,REP029,2017-06-21 03:34:51,2018-06-02 07:26:32
CUST003343,New,Marketplace,REP003,2018-09-01 21:57:34,2018-09-01 21:57:34
CUST003344,Loyal,Organic,REP018,2017-03-01 06:44:03,2018-04-05 03:45:30
CUST003345,New,Social,REP011,2018-05-11 06:44:06,2018-05-11 06:44:06
CUST003346,Loyal,Social,REP014,2017-05-19 17:35:03,2018-01-11 22:49:59
CUST003347,New,Paid Search,REP022,2018-05-27 01:32:30,2018-05-27 01:32:30
CUST003348,Loyal,Email,REP003,2017-03-14 12:37:19,2017-12-02 08:38:28
CUST003349,Loyal,Email,REP024,2017-06-09 16:36:17,2017-10-21 21:12:57
CUST003350,Loyal,Social,REP029,2017-01-08 08:34:07,2018-08-12 04:46:14
CUST003351,VIP,Paid Search,REP014,2017-03-13 12:51:30,2018-08-11 06:24:25
CUST003352,Inactive,Social,REP015,2017-12-10 00:00:00,2017-12-10 00:00:00
CUST003353,Regular,Organic,REP017,2017-03-12 03:41:20,2018-08-19 20:36:53
CUST003354,Loyal,Marketplace,REP008,2017-09-06 13:31:58,2018-09-24 14:55:36
CUST003355,Regular,Email,REP026,2018-02-17 19:13:32,2018-03-07 03:41:54
CUST003356,Loyal,Marketplace,REP016,2017-04-12 22:27:50,2018-09-19 21:53:49
CUST003357,Loyal,Email,REP018,2017-04-20 03:19:50,2018-06-19 15:28:50
CUST003358,Inactive,Marketplace,REP030,2018-03-17 21:56:52,2018-03-17 21:56:52
CUST003359,Loyal,Email,REP003,2017-01-28 21:07:36,2017-07-30 18:54:39
CUST003360,Loyal,Marketplace,REP020,2018-01-27 05:06:09,2018-08-23 02:30:36
CUST003361,Regular,Referral,REP018,2017-07-15 21:46:01,2017-10-08 19:25:24
CUST003362,New,Paid Search,REP005,2018-05-05 02:14:30,2018-05-05 02:14:30
CUST003363,Regular,Organic,REP017,2017-01-15 00:31:16,2017-03-12 20:10:41
CUST003364,Loyal,Organic,REP007,2017-04-30 03:40:42,2018-09-27 20:58:04
CUST003365,Inactive,Paid Search,REP029,2017-10-04 08:28:35,2017-10-04 08:28:35
CUST003366,Regular,Email,REP023,2018-04-06 03:13:58,2018-06-08 16:30:50
CUST003367,Loyal,Email,REP028,2017-05-24 16:55:34,2018-07-24 16:23:25
CUST003368,Regular,Referral,REP021,2017-06-04 02:54:50,2017-10-15 14:50:57
CUST003369,Regular,Referral,REP003,2017-07-30 06:46:24,2018-02-16 19:42:46
CUST003370,Loyal,Social,REP021,2017-01-06 02:41:41,2018-05-13 16:50:17
CUST003371,Inactive,Marketplace,REP025,2017-12-15 00:00:00,2017-12-15 00:00:00
CUST003372,Inactive,Paid Search,REP022,2017-05-20 00:00:00,2017-05-20 00:00:00
CUST003373,Loyal,Organic,REP021,2017-06-03 14:42:34,2018-02-10 02:58:34
CUST003374,Loyal,Social,REP011,2017-03-18 13:48:33,2018-01-27 23:59:40
CUST003375,Inactive,Paid Search,REP003,2017-05-26 01:18:55,2017-05-26 01:18:55
CUST003376,Loyal,Paid Search,REP017,2017-01-22 17:22:25,2018-01-06 14:29:52
CUST003377,Inactive,Social,REP006,2018-02-17 21:32:44,2018-02-17 21:32:44
CUST003378,Loyal,Email,REP019,2017-03-14 22:02:08,2018-09-04 18:38:43
CUST003379,Inactive,Marketplace,REP018,2018-01-19 00:00:00,2018-01-19 00:00:00
CUST003380,VIP,Social,REP029,2017-04-25 09:34:52,2018-09-07 15:29:45
CUST003381,New,Marketplace,REP017,2018-07-25 14:20:37,2018-07-25 14:20:37
CUST003382,Inactive,Social,REP006,2017-04-25 00:00:00,2017-04-25 00:00:00
CUST003383,Regular,Referral,REP015,2017-04-04 07:49:13,2018-04-07 15:05:46
CUST003384,Loyal,Referral,REP011,2017-07-04 07:01:58,2018-02-15 00:38:21
CUST003385,Loyal,Referral,REP007,2017-03-12 08:18:15,2018-05-21 15:01:57
CUST003386,Loyal,Email,REP008,2017-07-31 02:09:40,2018-09-16 03:09:34
CUST003387,Inactive,Email,REP019,2017-08-11 15:47:43,2017-08-11 15:47:43
CUST003388,Loyal,Paid Search,REP030,2017-10-03 23:43:24,2018-06-15 13:09:09
CUST003389,Inactive,Marketplace,REP021,2017-04-04 09:05:23,2017-04-04 09:05:23
CUST003390,Loyal,Social,REP001,2017-02-10 01:15:01,2018-09-01 12:01:08
CUST003391,VIP,Social,REP009,2017-04-25 08:14:20,2018-06-12 23:50:41
CUST003392,New,Social,REP010,2018-08-15 16:47:27,2018-08-15 16:47:27
CUST003393,Loyal,Marketplace,REP013,2017-01-06 21:38:44,2018-07-25 10:51:47
CUST003394,Inactive,Marketplace,REP013,2017-10-20 00:00:00,2017-10-20 00:00:00
CUST003395,New,Organic,REP024,2018-08-22 07:36:05,2018-08-22 07:36:05
CUST003396,Loyal,Email,REP014,2017-01-28 15:01:16,2018-09-15 23:32:26
CUST003397,New,Organic,REP012,2018-04-06 03:24:52,2018-04-06 03:24:52
CUST003398,Loyal,Marketplace,REP009,2017-02-02 14:19:17,2018-07-29 11:50:04
CUST003399,Regular,Social,REP025,2017-07-27 18:54:53,2018-01-28 06:57:43
CUST003400,Regular,Paid Search,REP026,2017-03-14 08:12:33,2017-12-22 17:51:15
CUST003401,Loyal,Email,REP010,2017-03-04 09:22:52,2018-01-12 23:47:58
CUST003402,Loyal,Marketplace,REP007,2017-02-20 06:43:47,2018-03-07 23:37:42
CUST003403,Loyal,Marketplace,REP019,2017-09-07 09:10:42,2018-07-05 21:46:17
CUST003404,Regular,Marketplace,REP013,2017-10-18 19:47:49,2018-05-05 02:35:31
CUST003405,Loyal,Marketplace,REP007,2017-03-18 01:50:42,2018-01-16 09:47:46
CUST003406,Loyal,Marketplace,REP009,2017-01-31 13:29:21,2018-01-10 00:14:01
CUST003407,Regular,Referral,REP008,2018-06-09 18:41:23,2018-07-23 09:09:49
CUST003408,Regular,Marketplace,REP018,2018-07-03 11:42:48,2018-08-09 11:14:30
CUST003409,Loyal,Referral,REP003,2017-06-10 06:33:27,2017-09-24 17:00:34
CUST003410,Loyal,Paid Search,REP012,2017-06-09 01:42:16,2017-10-11 01:55:55
CUST003411,Regular,Marketplace,REP001,2017-12-29 03:59:43,2018-01-27 14:12:11
CUST003412,Inactive,Email,REP018,2018-02-06 00:00:00,2018-02-06 00:00:00
CUST003413,VIP,Organic,REP022,2017-08-12 08:28:12,2018-09-18 17:58:55
CUST003414,Inactive,Marketplace,REP024,2018-01-28 20:18:44,2018-01-28 20:18:44
CUST003415,Loyal,Marketplace,REP028,2017-01-02 10:42:08,2018-09-07 08:28:27
CUST003416,New,Marketplace,REP004,2018-05-05 09:36:16,2018-05-05 09:36:16
CUST003417,Loyal,Email,REP016,2017-02-09 02:31:40,2017-09-01 04:31:24
CUST003418,Inactive,Email,REP007,2017-02-23 08:40:56,2017-02-23 08:40:56
CUST003419,Loyal,Social,REP025,2017-06-02 14:58:20,2018-09-03 16:58:34
CUST003420,Inactive,Organic,REP025,2018-01-17 11:35:37,2018-01-17 11:35:37
CUST003421,Regular,Social,REP015,2017-04-29 23:52:35,2017-12-01 06:45:25
CUST003422,Regular,Paid Search,REP027,2017-04-25 15:34:48,2017-06-22 04:52:49
CUST003423,Loyal,Social,REP013,2017-01-12 10:41:25,2018-04-09 01:06:22
CUST003424,Inactive,Organic,REP029,2017-05-08 00:00:00,2017-05-08 00:00:00
CUST003425,Loyal,Marketplace,REP007,2017-04-27 15:50:17,2018-03-19 00:39:54
CUST003426,Regular,Marketplace,REP007,2017-03-11 13:14:10,2018-02-25 03:37:53
CUST003427,Loyal,Organic,REP025,2017-03-12 21:00:37,2018-04-22 14:06:34
CUST003428,Loyal,Referral,REP021,2017-05-20 14:02:07,2018-07-31 20:34:38
CUST003429,VIP,Referral,REP001,2017-01-21 00:49:26,2018-08-22 05:12:23
CUST003430,Regular,Marketplace,REP018,2017-03-04 10:02:46,2017-08-16 23:35:45
CUST003431,Regular,Social,REP011,2017-03-14 17:00:32,2017-03-14 19:21:51
CUST003432,New,Email,REP022,2018-07-25 01:42:46,2018-07-25 01:42:46
CUST003433,Loyal,Email,REP028,2017-11-23 07:11:24,2018-06-16 01:31:41
CUST003434,Loyal,Organic,REP029,2017-07-05 13:41:10,2018-03-22 09:09:09
CUST003435,New,Social,REP003,2018-06-11 06:48:17,2018-06-11 06:48:17
CUST003436,Loyal,Email,REP018,2017-06-25 23:28:15,2018-05-12 04:40:10
CUST003437,Loyal,Organic,REP017,2017-08-12 07:07:24,2018-05-08 22:18:09
CUST003438,Loyal,Referral,REP029,2017-02-15 09:09:15,2018-09-24 05:05:20
CUST003439,Inactive,Paid Search,REP009,2017-04-12 01:37:43,2017-04-12 01:37:43
CUST003440,Regular,Organic,REP022,2018-03-10 00:55:36,2018-06-05 16:14:28
CUST003441,Regular,Organic,REP005,2018-03-13 02:50:37,2018-08-30 10:35:34
CUST003442,New,Email,REP005,2018-04-19 15:03:28,2018-04-19 15:03:28
CUST003443,Regular,Paid Search,REP023,2017-06-02 22:29:28,2018-09-28 11:03:13
CUST003444,Loyal,Social,REP011,2018-02-08 11:11:55,2018-05-09 18:14:30
CUST003445,Inactive,Email,REP012,2017-03-03 07:00:51,2017-03-03 07:00:51
CUST003446,Regular,Paid Search,REP005,2017-12-26 14:22:03,2018-06-21 19:15:44
CUST003447,New,Paid Search,REP001,2018-08-31 00:00:00,2018-08-31 00:00:00
CUST003448,Loyal,Email,REP026,2017-02-18 16:04:11,2018-06-23 19:05:41
CUST003449,Regular,Paid Search,REP014,2018-01-06 19:29:45,2018-05-29 07:22:38
CUST003450,Loyal,Email,REP008,2017-09-04 16:47:41,2018-05-06 10:17:08
CUST003451,Regular,Social,REP015,2017-12-03 04:06:01,2018-08-28 22:43:47
CUST003452,Loyal,Referral,REP003,2017-01-02 08:56:56,2018-03-17 18:54:04
CUST003453,Regular,Marketplace,REP013,2017-02-03 21:35:19,2018-09-04 08:26:47
CUST003454,Inactive,Referral,REP023,2017-02-08 20:01:08,2017-02-08 20:01:08
CUST003455,Inactive,Organic,REP003,2018-01-14 08:42:02,2018-01-14 08:42:02
CUST003456,Loyal,Paid Search,REP009,2017-04-30 01:30:38,2018-09-26 16:08:05
CUST003457,New,Email,REP029,2018-07-05 21:50:10,2018-07-05 21:50:10
CUST003458,Loyal,Social,REP013,2017-05-19 19:21:51,2018-08-31 02:58:53
CUST003459,New,Paid Search,REP001,2018-09-15 01:52:29,2018-09-15 01:52:29
CUST003460,Inactive,Email,REP005,2017-06-19 00:00:00,2017-06-19 00:00:00
CUST003461,Inactive,Organic,REP030,2017-11-02 00:00:00,2017-11-02 00:00:00
CUST003462,Loyal,Referral,REP011,2018-01-09 03:39:42,2018-09-02 09:23:58
CUST003463,Inactive,Marketplace,REP029,2017-11-26 00:00:00,2017-11-26 00:00:00
CUST003464,Loyal,Social,REP028,2017-02-14 11:43:45,2018-09-18 12:53:05
CUST003465,Inactive,Organic,REP013,2017-09-27 00:00:00,2017-09-27 00:00:00
CUST003466,Regular,Marketplace,REP018,2017-06-03 06:48:18,2018-03-04 13:30:42
CUST003467,Inactive,Social,REP004,2017-07-18 00:00:00,2017-07-18 00:00:00
CUST003468,Loyal,Marketplace,REP029,2017-04-29 22:28:26,2018-03-11 16:08:23
CUST003469,Inactive,Paid Search,REP016,2017-06-19 00:00:00,2017-06-19 00:00:00
CUST003470,Loyal,Organic,REP019,2017-05-29 07:38:01,2017-11-15 06:30:50
CUST003471,Inactive,Paid Search,REP030,2017-10-08 01:11:38,2017-10-08 01:11:38
CUST003472,Loyal,Social,REP015,2017-07-24 14:38:30,2018-04-11 13:17:14
CUST003473,Inactive,Social,REP020,2017-04-10 15:24:51,2017-04-10 15:24:51
CUST003474,Regular,Email,REP014,2017-01-26 09:36:08,2018-03-25 09:47:15
CUST003475,Regular,Social,REP018,2017-09-08 00:18:16,2017-11-16 12:58:29
CUST003476,Loyal,Email,REP012,2017-05-12 14:14:21,2018-09-08 11:03:37
CUST003477,Regular,Paid Search,REP022,2017-04-22 03:14:20,2017-08-31 19:32:00
CUST003478,Loyal,Organic,REP004,2017-01-19 21:35:26,2017-12-17 00:52:35
CUST003479,Loyal,Marketplace,REP016,2017-07-30 06:00:29,2018-06-06 19:11:53
CUST003480,Regular,Referral,REP015,2017-06-03 13:24:22,2017-06-15 13:33:01
CUST003481,Regular,Email,REP028,2017-09-07 19:48:35,2017-12-12 04:05:00
CUST003482,Loyal,Marketplace,REP014,2017-04-20 04:50:23,2018-04-09 18:43:04
CUST003483,Regular,Social,REP029,2017-07-15 03:37:32,2018-04-25 23:34:03
CUST003484,Regular,Social,REP011,2018-04-13 15:43:29,2018-09-16 15:27:26
CUST003485,Inactive,Paid Search,REP015,2017-12-11 18:20:14,2017-12-11 18:20:14
CUST003486,New,Organic,REP008,2018-09-10 19:33:26,2018-09-10 19:33:26
CUST003487,Regular,Social,REP008,2017-05-09 22:40:43,2018-08-17 10:30:49
CUST003488,Loyal,Email,REP013,2017-08-10 05:36:28,2018-09-04 17:03:52
CUST003489,Inactive,Organic,REP009,2017-06-19 14:09:53,2017-06-19 14:09:53
CUST003490,Regular,Social,REP005,2017-01-04 09:28:32,2017-11-29 11:09:55
CUST003491,Loyal,Paid Search,REP012,2017-11-03 21:38:47,2018-05-13 22:30:12
CUST003492,Regular,Organic,REP027,2017-09-04 20:29:18,2018-02-12 07:43:23
CUST003493,Regular,Social,REP020,2018-03-11 03:47:01,2018-04-19 22:50:19
CUST003494,VIP,Email,REP011,2017-02-01 22:33:07,2018-07-20 21:30:34
CUST003495,Regular,Marketplace,REP030,2017-02-27 23:31:15,2017-04-10 14:22:08
CUST003496,Inactive,Referral,REP020,2017-09-27 00:00:00,2017-09-27 00:00:00
CUST003497,Inactive,Organic,REP006,2018-01-30 23:19:21,2018-01-30 23:19:21
CUST003498,Regular,Email,REP028,2017-12-24 00:38:52,2018-02-07 07:37:18
CUST003499,Inactive,Organic,REP026,2018-02-26 02:53:41,2018-02-26 02:53:41
CUST003500,Inactive,Referral,REP003,2017-01-27 00:00:00,2017-01-27 00:00:00
CUST003501,Inactive,Organic,REP011,2017-08-25 12:34:33,2017-08-25 12:34:33
CUST003502,Inactive,Social,REP001,2017-05-27 00:00:00,2017-05-27 00:00:00
CUST003503,Loyal,Referral,REP006,2017-04-18 04:51:34,2018-03-07 03:55:37
CUST003504,Inactive,Social,REP014,2017-06-22 00:00:00,2017-06-22 00:00:00
CUST003505,Inactive,Social,REP002,2017-04-25 09:45:50,2017-04-25 09:45:50
CUST003506,Loyal,Email,REP022,2017-11-20 15:03:13,2018-09-17 04:59:23
CUST003507,Regular,Email,REP005,2017-07-06 22:48:37,2018-06-28 11:22:09
CUST003508,Loyal,Referral,REP026,2017-02-07 10:41:24,2018-07-29 12:16:47
CUST003509,Inactive,Email,REP012,2017-09-02 00:00:00,2017-09-02 00:00:00
CUST003510,Loyal,Email,REP007,2017-01-04 15:48:47,2017-05-04 08:00:47
CUST003511,New,Social,REP012,2018-06-20 00:00:00,2018-06-20 00:00:00
CUST003512,Loyal,Referral,REP007,2017-03-24 18:13:19,2018-08-16 18:32:23
CUST003513,Inactive,Email,REP009,2017-05-21 00:00:00,2017-05-21 00:00:00
CUST003514,Regular,Email,REP025,2017-12-24 11:02:39,2018-03-06 17:19:31
CUST003515,Loyal,Paid Search,REP017,2017-07-31 22:25:25,2018-06-12 09:38:39
CUST003516,Loyal,Referral,REP029,2017-05-30 12:35:34,2017-12-13 00:14:20
CUST003517,Inactive,Email,REP029,2017-09-20 13:40:03,2017-09-20 13:40:03
CUST003518,Loyal,Email,REP021,2017-07-02 09:39:33,2018-05-14 06:28:42
CUST003519,Inactive,Paid Search,REP010,2018-04-02 00:00:00,2018-04-02 00:00:00
CUST003520,Loyal,Paid Search,REP021,2017-12-22 05:09:44,2018-08-20 22:13:35
CUST003521,Inactive,Email,REP005,2017-06-06 02:27:31,2017-06-06 02:27:31
CUST003522,Loyal,Marketplace,REP014,2017-01-29 14:16:49,2018-05-26 01:40:22
CUST003523,Loyal,Paid Search,REP012,2017-08-15 15:11:21,2018-04-19 09:04:47
CUST003524,Loyal,Marketplace,REP026,2017-01-18 11:22:45,2017-11-04 03:28:31
CUST003525,Loyal,Marketplace,REP019,2017-06-21 14:03:50,2018-07-01 21:31:50
CUST003526,Loyal,Email,REP003,2017-01-22 06:26:24,2018-08-03 02:55:08
CUST003527,Loyal,Paid Search,REP019,2017-01-09 04:00:11,2018-01-11 23:30:29
CUST003528,Inactive,Paid Search,REP028,2017-01-12 05:57:57,2017-01-12 05:57:57
CUST003529,Inactive,Marketplace,REP023,2017-07-23 00:00:00,2017-07-23 00:00:00
CUST003530,Regular,Organic,REP003,2017-02-14 20:51:16,2017-10-18 05:12:57
CUST003531,Loyal,Organic,REP015,2017-03-19 20:43:21,2018-08-18 15:34:59
CUST003532,Regular,Email,REP006,2017-07-15 03:33:35,2018-02-15 21:17:22
CUST003533,Regular,Email,REP026,2018-02-02 02:08:49,2018-07-21 09:03:18
CUST003534,Inactive,Email,REP019,2017-12-25 21:17:34,2017-12-25 21:17:34
CUST003535,New,Marketplace,REP005,2018-08-14 22:20:39,2018-08-14 22:20:39
CUST003536,Inactive,Marketplace,REP002,2018-04-01 10:49:54,2018-04-01 10:49:54
CUST003537,New,Social,REP016,2018-08-14 19:31:27,2018-08-14 19:31:27
CUST003538,Loyal,Paid Search,REP014,2017-03-22 13:07:35,2017-12-20 16:34:32
CUST003539,Inactive,Organic,REP023,2017-05-29 00:27:07,2017-05-29 00:27:07
CUST003540,Loyal,Email,REP023,2018-04-20 10:25:08,2018-06-21 16:19:33
CUST003541,Inactive,Organic,REP027,2017-03-23 16:36:00,2017-03-23 16:36:00
CUST003542,Regular,Marketplace,REP001,2017-10-24 23:23:59,2018-07-04 08:33:47
CUST003543,Regular,Email,REP004,2017-11-24 12:25:28,2018-06-11 23:29:47
CUST003544,Regular,Marketplace,REP005,2017-06-26 17:06:26,2018-02-17 11:26:11
CUST003545,Loyal,Social,REP028,2017-06-28 23:33:36,2018-07-15 11:46:25
CUST003546,Loyal,Social,REP025,2017-07-28 22:49:35,2018-04-29 04:53:13
CUST003547,Inactive,Email,REP005,2017-12-17 18:30:23,2017-12-17 18:30:23
CUST003548,New,Social,REP024,2018-08-10 00:14:40,2018-08-10 00:14:40
CUST003549,New,Marketplace,REP030,2018-06-17 23:14:25,2018-06-17 23:14:25
CUST003550,Loyal,Organic,REP011,2017-02-22 04:00:24,2017-11-23 20:46:09
CUST003551,Inactive,Social,REP024,2018-01-24 01:40:38,2018-01-24 01:40:38
CUST003552,Inactive,Social,REP017,2017-09-05 05:08:40,2017-09-05 05:08:40
CUST003553,VIP,Marketplace,REP003,2017-01-01 11:19:38,2018-09-26 05:02:40
CUST003554,New,Email,REP014,2018-08-30 00:00:00,2018-08-30 00:00:00
CUST003555,Loyal,Referral,REP012,2017-04-26 10:14:44,2018-04-07 21:34:19
CUST003556,Loyal,Social,REP009,2017-04-08 00:35:48,2018-01-08 15:16:11
CUST003557,Loyal,Email,REP027,2017-01-27 12:28:08,2018-08-13 07:26:49
CUST003558,New,Referral,REP029,2018-09-04 21:06:09,2018-09-04 21:06:09
CUST003559,New,Referral,REP021,2018-07-07 06:41:55,2018-07-07 06:41:55
CUST003560,VIP,Organic,REP014,2017-03-30 03:39:28,2018-08-12 20:26:32
CUST003561,Loyal,Marketplace,REP014,2017-01-27 16:51:33,2018-04-18 13:11:11
CUST003562,Inactive,Referral,REP029,2017-03-24 08:04:48,2017-03-24 08:04:48
CUST003563,Loyal,Email,REP009,2017-04-15 06:46:07,2017-09-18 13:01:38
CUST003564,Regular,Referral,REP029,2017-12-07 20:55:21,2018-03-12 10:11:22
CUST003565,Inactive,Referral,REP029,2017-05-08 00:00:00,2017-05-08 00:00:00
CUST003566,Loyal,Social,REP019,2017-01-07 04:22:57,2018-06-30 12:17:59
CUST003567,Loyal,Paid Search,REP022,2017-01-22 23:16:02,2018-07-16 20:30:17
CUST003568,Loyal,Paid Search,REP003,2017-08-10 23:12:44,2018-04-19 19:15:11
CUST003569,Regular,Email,REP020,2017-06-21 04:27:56,2018-06-08 17:08:49
CUST003570,Loyal,Marketplace,REP026,2017-12-16 01:32:40,2018-04-03 06:15:36
CUST003571,Regular,Social,REP012,2017-08-17 13:50:31,2018-03-01 04:11:23
CUST003572,Loyal,Paid Search,REP015,2017-02-26 18:38:37,2018-09-06 05:54:36
CUST003573,Loyal,Organic,REP028,2017-03-17 02:14:02,2017-07-27 02:57:44
CUST003574,Regular,Paid Search,REP025,2017-09-19 07:17:16,2018-02-22 01:06:35
CUST003575,New,Organic,REP004,2018-09-26 10:38:02,2018-09-26 10:38:02
CUST003576,Inactive,Email,REP022,2017-02-14 00:08:37,2017-02-14 00:08:37
CUST003577,New,Referral,REP014,2018-04-07 00:00:00,2018-04-07 00:00:00
CUST003578,Regular,Social,REP029,2017-07-22 00:52:01,2018-03-10 18:49:36
CUST003579,Inactive,Organic,REP012,2017-08-22 22:31:45,2017-08-22 22:31:45
CUST003580,Regular,Social,REP026,2017-02-24 09:25:18,2017-08-22 20:40:36
CUST003581,New,Paid Search,REP013,2018-07-06 00:00:00,2018-07-06 00:00:00
CUST003582,New,Organic,REP005,2018-05-14 05:06:35,2018-05-14 05:06:35
CUST003583,Loyal,Referral,REP004,2017-01-21 01:56:20,2018-06-18 11:44:24
CUST003584,Loyal,Social,REP007,2017-11-22 14:26:00,2018-06-18 13:31:02
CUST003585,Loyal,Organic,REP017,2017-04-12 11:51:25,2018-08-14 21:18:27
CUST003586,Loyal,Organic,REP008,2017-04-30 01:19:46,2018-03-21 07:57:48
CUST003587,Loyal,Marketplace,REP022,2017-07-31 18:10:41,2018-02-06 13:50:18
CUST003588,Loyal,Email,REP008,2017-07-15 03:32:05,2018-09-12 08:11:13
CUST003589,Inactive,Organic,REP013,2017-05-04 05:41:45,2017-05-04 05:41:45
CUST003590,New,Paid Search,REP013,2018-06-18 06:16:48,2018-06-18 06:16:48
CUST003591,Loyal,Email,REP028,2017-03-16 13:19:44,2018-08-23 23:29:02
CUST003592,Regular,Organic,REP014,2017-03-21 02:15:08,2017-03-21 19:49:32
CUST003593,Loyal,Marketplace,REP015,2017-01-09 22:05:08,2018-01-03 07:08:18
CUST003594,Regular,Marketplace,REP009,2017-04-17 02:43:03,2018-01-02 12:51:31
CUST003595,Loyal,Paid Search,REP012,2017-01-14 08:17:40,2018-09-13 19:50:47
CUST003596,Regular,Paid Search,REP009,2017-02-08 19:19:50,2017-02-25 23:07:22
CUST003597,Regular,Email,REP011,2018-01-27 04:42:18,2018-02-17 05:10:04
CUST003598,Loyal,Email,REP015,2017-06-10 21:02:54,2018-03-03 07:55:25
CUST003599,Loyal,Referral,REP021,2017-12-25 16:05:58,2018-07-24 03:15:54
CUST003600,Inactive,Paid Search,REP014,2017-08-27 01:43:11,2017-08-27 01:43:11
CUST003601,Inactive,Paid Search,REP009,2017-09-15 11:09:24,2017-09-15 11:09:24
CUST003602,Inactive,Marketplace,REP006,2017-08-31 00:00:00,2017-08-31 00:00:00
CUST003603,Loyal,Email,REP028,2017-02-27 05:46:13,2017-12-21 06:39:39
CUST003604,Loyal,Paid Search,REP001,2017-03-22 19:27:26,2018-02-06 16:28:09
CUST003605,Loyal,Organic,REP008,2017-01-24 03:41:08,2018-05-16 11:46:47
CUST003606,Regular,Marketplace,REP011,2017-06-19 00:44:44,2018-04-02 03:01:56
CUST003607,Loyal,Email,REP020,2017-01-24 14:02:04,2018-04-05 11:10:04
CUST003608,Loyal,Marketplace,REP004,2017-09-29 05:12:20,2018-01-12 11:57:34
CUST003609,Loyal,Referral,REP025,2017-09-13 20:33:41,2018-09-23 15:53:45
CUST003610,Inactive,Email,REP026,2017-04-23 00:00:00,2017-04-23 00:00:00
CUST003611,VIP,Referral,REP018,2017-03-12 23:03:39,2018-08-17 00:07:59
CUST003612,Loyal,Organic,REP005,2017-01-05 00:34:36,2018-08-07 15:57:12
CUST003613,Inactive,Social,REP002,2017-07-21 00:00:00,2017-07-21 00:00:00
CUST003614,Inactive,Marketplace,REP015,2018-03-27 00:00:00,2018-03-27 00:00:00
CUST003615,Loyal,Referral,REP023,2017-03-15 07:12:26,2018-05-17 15:52:49
CUST003616,New,Organic,REP024,2018-08-17 01:49:48,2018-08-17 01:49:48
CUST003617,Regular,Referral,REP013,2017-03-06 13:45:28,2017-07-24 01:06:15
CUST003618,Inactive,Organic,REP019,2017-08-22 00:00:00,2017-08-22 00:00:00
CUST003619,Loyal,Social,REP008,2017-04-22 13:35:24,2018-05-17 02:40:24
CUST003620,Regular,Social,REP015,2017-04-25 08:15:03,2017-08-30 12:43:26
CUST003621,New,Social,REP028,2018-08-04 14:40:00,2018-08-04 14:40:00
CUST003622,Loyal,Referral,REP015,2017-07-05 02:16:47,2018-09-23 17:57:36
CUST003623,New,Organic,REP024,2018-05-07 16:45:01,2018-05-07 16:45:01
CUST003624,Loyal,Paid Search,REP015,2017-09-27 23:17:28,2018-04-29 20:35:00
CUST003625,Inactive,Referral,REP006,2017-10-21 15:38:40,2017-10-21 15:38:40
CUST003626,Loyal,Organic,REP030,2018-02-25 08:27:07,2018-09-09 09:22:07
CUST003627,Loyal,Organic,REP025,2017-06-21 00:21:26,2018-06-29 18:29:03
CUST003628,Regular,Marketplace,REP012,2017-03-09 13:52:51,2018-01-20 17:55:03
CUST003629,New,Social,REP012,2018-07-23 09:00:19,2018-07-23 09:00:19
CUST003630,Loyal,Email,REP028,2017-01-02 07:09:23,2018-09-17 03:28:20
CUST003631,Inactive,Organic,REP010,2017-04-15 04:02:04,2017-04-15 04:02:04
CUST003632,Loyal,Email,REP014,2017-07-07 09:35:13,2018-09-10 09:21:16
CUST003633,Regular,Social,REP020,2017-11-09 22:35:05,2017-12-11 20:54:05
CUST003634,New,Paid Search,REP003,2018-06-30 19:24:33,2018-06-30 19:24:33
CUST003635,Inactive,Email,REP001,2017-05-31 00:00:00,2017-05-31 00:00:00
CUST003636,Loyal,Social,REP012,2017-02-12 14:54:08,2018-07-30 03:31:11
CUST003637,Regular,Email,REP012,2017-01-18 02:10:48,2018-07-12 00:39:38
CUST003638,Inactive,Organic,REP001,2017-07-17 02:56:07,2017-07-17 02:56:07
CUST003639,VIP,Referral,REP023,2017-08-25 19:59:07,2018-09-28 06:44:24
CUST003640,Loyal,Email,REP021,2017-03-10 02:14:34,2018-09-29 15:20:52
CUST003641,VIP,Organic,REP017,2017-09-07 10:52:00,2018-08-26 15:18:24
CUST003642,Inactive,Paid Search,REP008,2017-03-02 00:00:00,2017-03-02 00:00:00
CUST003643,VIP,Email,REP025,2017-01-13 23:58:10,2018-09-14 12:57:27
CUST003644,Loyal,Email,REP005,2017-08-06 14:33:27,2018-09-17 04:16:32
CUST003645,Loyal,Referral,REP024,2017-04-24 23:17:48,2018-06-19 02:34:15
CUST003646,Regular,Email,REP023,2018-03-26 11:30:28,2018-04-09 05:07:46
CUST003647,Loyal,Marketplace,REP018,2017-08-15 01:41:12,2018-07-10 02:18:54
CUST003648,Regular,Organic,REP013,2017-10-24 01:38:55,2018-02-16 18:19:38
CUST003649,Inactive,Marketplace,REP018,2017-07-19 00:00:00,2017-07-19 00:00:00
CUST003650,Inactive,Email,REP004,2017-02-16 11:27:33,2017-02-16 11:27:33
CUST003651,Loyal,Organic,REP020,2017-06-22 21:12:03,2018-08-22 05:49:31
CUST003652,Inactive,Marketplace,REP026,2017-12-23 23:29:18,2017-12-23 23:29:18
CUST003653,Inactive,Organic,REP029,2018-02-10 07:42:21,2018-02-10 07:42:21
CUST003654,Inactive,Social,REP006,2017-12-09 00:00:00,2017-12-09 00:00:00
CUST003655,Loyal,Paid Search,REP015,2017-05-21 05:57:44,2018-04-29 02:36:06
CUST003656,Regular,Organic,REP013,2017-10-27 09:16:32,2018-02-13 12:37:15
CUST003657,Inactive,Paid Search,REP027,2017-05-24 19:39:59,2017-05-24 19:39:59
CUST003658,Regular,Social,REP020,2017-03-04 04:51:01,2017-11-02 16:38:51
CUST003659,VIP,Email,REP008,2017-05-01 08:37:06,2018-06-16 04:13:02
CUST003660,Regular,Social,REP010,2017-01-30 05:39:47,2018-01-23 10:18:15
CUST003661,Loyal,Social,REP002,2017-07-29 07:06:39,2018-06-12 11:25:29
CUST003662,Loyal,Referral,REP005,2017-08-12 23:06:23,2018-03-15 10:23:59
CUST003663,New,Email,REP016,2018-05-22 00:00:00,2018-05-22 00:00:00
CUST003664,Inactive,Email,REP029,2017-01-29 22:51:20,2017-01-29 22:51:20
CUST003665,New,Organic,REP028,2018-04-03 21:09:42,2018-04-03 21:09:42
CUST003666,Inactive,Paid Search,REP018,2018-03-23 13:55:00,2018-03-23 13:55:00
CUST003667,VIP,Email,REP007,2017-05-07 13:34:37,2018-03-02 05:23:57
CUST003668,Loyal,Referral,REP007,2017-04-17 04:24:42,2018-06-18 17:32:51
CUST003669,Loyal,Marketplace,REP004,2017-01-10 17:20:09,2017-10-13 05:46:19
CUST003670,New,Email,REP002,2018-04-05 14:54:10,2018-04-05 14:54:10
CUST003671,Loyal,Organic,REP009,2017-07-20 11:14:35,2018-08-11 19:12:57
CUST003672,Loyal,Organic,REP025,2017-01-21 16:31:53,2018-01-17 08:53:46
CUST003673,Inactive,Social,REP018,2017-06-22 01:56:50,2017-06-22 01:56:50
CUST003674,Regular,Social,REP022,2017-11-03 07:14:02,2018-03-19 09:22:21
CUST003675,Loyal,Marketplace,REP001,2017-08-20 05:35:37,2018-06-15 03:41:21
CUST003676,Inactive,Referral,REP028,2017-05-27 13:36:29,2017-05-27 13:36:29
CUST003677,New,Organic,REP025,2018-06-29 00:00:00,2018-06-29 00:00:00
CUST003678,Loyal,Referral,REP014,2017-02-24 12:49:10,2018-09-13 19:53:24
CUST003679,Inactive,Email,REP008,2017-09-01 15:27:23,2017-09-01 15:27:23
CUST003680,Loyal,Organic,REP005,2017-02-27 05:01:01,2018-05-28 03:01:58
CUST003681,Loyal,Social,REP014,2017-06-14 16:56:55,2017-10-06 08:12:06
CUST003682,Loyal,Organic,REP019,2017-05-06 11:27:13,2018-09-23 10:16:21
CUST003683,Regular,Social,REP030,2017-02-15 22:57:55,2018-03-12 18:42:49
CUST003684,Loyal,Social,REP006,2017-04-19 00:52:52,2018-01-08 20:34:22
CUST003685,Loyal,Paid Search,REP008,2017-12-28 14:59:16,2018-09-29 07:04:04
CUST003686,Loyal,Organic,REP016,2017-08-03 18:41:57,2018-02-13 22:52:49
CUST003687,Inactive,Organic,REP003,2018-01-22 16:06:07,2018-01-22 16:06:07
CUST003688,Loyal,Organic,REP008,2018-02-13 19:46:35,2018-09-15 16:32:23
CUST003689,Loyal,Organic,REP006,2017-01-15 07:26:19,2018-06-30 02:24:14
CUST003690,Inactive,Email,REP013,2017-04-16 04:00:58,2017-04-16 04:00:58
CUST003691,Regular,Referral,REP008,2018-01-20 09:41:52,2018-05-01 15:49:38
CUST003692,Loyal,Paid Search,REP025,2017-08-03 00:28:13,2018-08-09 07:09:39
CUST003693,Loyal,Marketplace,REP017,2017-07-21 13:55:07,2017-09-26 14:47:46
CUST003694,Loyal,Referral,REP023,2017-02-13 18:00:24,2017-06-20 22:46:56
CUST003695,Loyal,Social,REP010,2017-03-23 12:38:54,2018-09-23 23:15:24
CUST003696,Loyal,Email,REP016,2017-10-26 14:01:42,2018-09-09 16:34:33
CUST003697,Inactive,Referral,REP004,2018-03-10 02:42:37,2018-03-10 02:42:37
CUST003698,Loyal,Marketplace,REP004,2017-08-09 13:26:04,2017-12-15 17:00:18
CUST003699,Inactive,Social,REP012,2017-10-08 00:21:32,2017-10-08 00:21:32
CUST003700,Loyal,Email,REP013,2017-01-20 05:53:11,2017-12-30 05:33:12
CUST003701,Inactive,Referral,REP001,2017-08-08 05:51:25,2017-08-08 05:51:25
CUST003702,Inactive,Email,REP024,2018-01-03 00:00:00,2018-01-03 00:00:00
CUST003703,Loyal,Paid Search,REP022,2017-09-12 07:04:43,2018-07-24 04:08:54
CUST003704,Inactive,Email,REP004,2017-07-01 17:58:24,2017-07-01 17:58:24
CUST003705,Regular,Referral,REP029,2017-08-19 15:27:39,2018-04-09 05:59:50
CUST003706,New,Marketplace,REP010,2018-08-10 05:03:08,2018-08-10 05:03:08
CUST003707,VIP,Marketplace,REP013,2017-04-22 10:05:28,2018-09-22 21:20:19
CUST003708,Inactive,Referral,REP014,2017-01-14 04:31:08,2017-01-14 04:31:08
CUST003709,Loyal,Social,REP021,2017-10-28 00:24:28,2018-06-11 05:27:07
CUST003710,Regular,Paid Search,REP010,2017-01-29 18:07:48,2018-08-30 09:15:41
CUST003711,Inactive,Organic,REP021,2017-12-01 06:53:28,2017-12-01 06:53:28
CUST003712,Regular,Marketplace,REP021,2017-05-05 14:47:49,2017-12-17 14:24:27
CUST003713,Loyal,Social,REP024,2017-02-18 06:22:07,2017-06-18 17:19:32
CUST003714,Regular,Paid Search,REP022,2017-09-14 23:11:55,2018-01-14 05:04:57
CUST003715,Loyal,Referral,REP006,2017-04-02 09:35:27,2017-07-09 08:07:17
CUST003716,Loyal,Organic,REP014,2018-01-09 14:52:16,2018-05-11 13:32:25
CUST003717,Regular,Organic,REP007,2017-10-22 13:44:21,2018-01-05 20:17:17
CUST003718,Loyal,Marketplace,REP028,2017-10-10 05:19:59,2018-07-25 08:17:53
CUST003719,Inactive,Paid Search,REP011,2017-07-19 02:00:18,2017-07-19 02:00:18
CUST003720,Loyal,Organic,REP030,2017-04-06 09:12:52,2018-06-07 23:35:24
CUST003721,VIP,Paid Search,REP001,2017-01-26 19:45:57,2018-06-21 18:50:43
CUST003722,Inactive,Marketplace,REP026,2017-02-24 00:00:00,2017-02-24 00:00:00
CUST003723,Loyal,Email,REP008,2017-03-08 21:54:46,2018-05-07 19:00:48
CUST003724,Regular,Social,REP002,2017-10-02 16:40:27,2018-02-23 20:46:00
CUST003725,Loyal,Email,REP026,2017-04-30 03:35:54,2018-02-13 10:49:53
CUST003726,Inactive,Email,REP028,2017-10-30 19:38:26,2017-10-30 19:38:26
CUST003727,Loyal,Marketplace,REP008,2018-01-24 18:45:54,2018-07-23 21:08:20
CUST003728,Inactive,Email,REP029,2018-01-25 10:13:40,2018-01-25 10:13:40
CUST003729,Loyal,Organic,REP027,2017-07-09 08:29:50,2018-06-10 03:40:51
CUST003730,Inactive,Referral,REP029,2018-01-18 22:09:15,2018-01-18 22:09:15
CUST003731,Loyal,Referral,REP030,2017-02-16 16:00:27,2018-08-27 19:03:34
CUST003732,Regular,Social,REP009,2017-08-09 09:13:26,2018-03-27 14:20:09
CUST003733,Loyal,Organic,REP024,2017-07-06 04:49:26,2018-06-09 18:02:52
CUST003734,Loyal,Paid Search,REP001,2017-01-27 19:23:13,2017-06-22 02:56:12
CUST003735,Regular,Marketplace,REP018,2017-03-18 10:58:45,2017-06-16 15:23:06
CUST003736,Loyal,Referral,REP019,2017-05-20 10:08:31,2018-04-28 20:52:11
CUST003737,Regular,Organic,REP004,2017-03-13 12:49:38,2017-04-09 02:20:51
CUST003738,Loyal,Email,REP011,2017-03-23 18:01:42,2018-06-21 15:22:15
CUST003739,Regular,Marketplace,REP011,2017-03-18 02:15:28,2017-10-29 04:26:47
CUST003740,Loyal,Email,REP014,2017-03-13 11:07:59,2018-09-07 03:07:04
CUST003741,Regular,Marketplace,REP013,2017-10-24 01:28:20,2018-08-09 20:14:49
CUST003742,New,Paid Search,REP026,2018-08-27 10:51:51,2018-08-27 10:51:51
CUST003743,Inactive,Organic,REP009,2017-01-04 23:02:20,2017-01-04 23:02:20
CUST003744,Inactive,Referral,REP007,2018-03-29 06:25:57,2018-03-29 06:25:57
CUST003745,Regular,Email,REP008,2017-01-28 00:09:51,2018-01-24 18:35:03
CUST003746,Regular,Social,REP022,2017-04-02 16:46:17,2017-05-03 09:07:43
CUST003747,Regular,Organic,REP011,2017-01-05 11:37:58,2018-08-28 04:44:07
CUST003748,Loyal,Organic,REP017,2017-03-09 12:19:08,2018-04-12 07:47:33
CUST003749,Loyal,Organic,REP023,2017-03-09 04:52:30,2017-12-25 07:38:46
CUST003750,Inactive,Marketplace,REP009,2017-12-31 20:12:06,2017-12-31 20:12:06
CUST003751,VIP,Email,REP029,2017-07-14 15:32:25,2018-09-09 17:33:16
CUST003752,Loyal,Paid Search,REP003,2017-09-08 19:54:16,2018-09-24 12:35:04
CUST003753,Loyal,Organic,REP012,2017-03-11 17:51:14,2018-03-31 16:56:36
CUST003754,Inactive,Referral,REP023,2017-04-29 00:00:00,2017-04-29 00:00:00
CUST003755,Loyal,Marketplace,REP028,2017-01-16 07:10:43,2018-09-26 18:52:10
CUST003756,Loyal,Organic,REP020,2017-10-04 01:15:56,2018-05-19 04:37:11
CUST003757,Loyal,Marketplace,REP015,2017-03-14 22:28:47,2018-07-27 06:20:30
CUST003758,Loyal,Organic,REP014,2017-05-27 20:06:19,2018-08-08 07:16:36
CUST003759,Loyal,Organic,REP002,2017-01-24 06:48:58,2018-02-07 11:08:46
CUST003760,Loyal,Paid Search,REP025,2017-07-13 01:08:56,2018-09-01 08:50:43
CUST003761,Inactive,Organic,REP006,2017-11-29 19:51:16,2017-11-29 19:51:16
CUST003762,Inactive,Organic,REP018,2017-04-22 02:12:26,2017-04-22 02:12:26
CUST003763,VIP,Marketplace,REP016,2017-01-06 13:13:56,2018-09-25 06:23:39
CUST003764,New,Referral,REP004,2018-05-01 10:02:39,2018-05-01 10:02:39
CUST003765,Regular,Paid Search,REP009,2018-03-31 15:25:41,2018-06-13 21:48:10
CUST003766,Loyal,Organic,REP022,2017-05-13 22:37:30,2018-08-04 09:11:13
CUST003767,Regular,Social,REP017,2017-12-03 10:25:34,2018-03-15 22:08:22
CUST003768,Loyal,Paid Search,REP002,2017-10-23 05:26:23,2018-09-15 09:33:17
CUST003769,Inactive,Referral,REP006,2017-06-18 00:00:00,2017-06-18 00:00:00
CUST003770,Loyal,Organic,REP009,2017-02-02 00:20:14,2018-06-27 01:21:27
CUST003771,VIP,Organic,REP018,2017-02-20 09:33:27,2018-09-08 12:13:38
CUST003772,VIP,Marketplace,REP020,2017-01-19 05:04:21,2018-09-13 13:29:23
CUST003773,Loyal,Email,REP029,2017-01-21 12:11:14,2018-01-13 14:12:04
CUST003774,VIP,Marketplace,REP026,2017-08-16 12:17:20,2018-07-19 01:36:03
CUST003775,Inactive,Marketplace,REP005,2017-05-23 23:05:18,2017-05-23 23:05:18
CUST003776,Inactive,Organic,REP011,2017-02-10 06:59:12,2017-02-10 06:59:12
CUST003777,Loyal,Referral,REP017,2017-08-14 22:30:43,2017-12-03 20:18:50
CUST003778,Inactive,Social,REP023,2017-08-03 18:26:11,2017-08-03 18:26:11
CUST003779,Inactive,Marketplace,REP030,2018-01-24 21:52:06,2018-01-24 21:52:06
CUST003780,Loyal,Referral,REP012,2017-05-17 15:01:01,2018-09-16 00:44:38
CUST003781,Loyal,Referral,REP002,2017-02-13 08:35:31,2017-04-21 08:23:03
CUST003782,Loyal,Referral,REP016,2017-03-06 08:53:03,2018-03-15 01:23:58
CUST003783,Loyal,Email,REP013,2017-01-08 03:08:22,2017-11-07 14:12:17
CUST003784,Regular,Organic,REP023,2017-12-23 08:32:41,2018-08-13 02:52:14
CUST003785,Loyal,Paid Search,REP026,2018-06-03 06:19:53,2018-09-10 22:40:00
CUST003786,Loyal,Email,REP005,2018-03-29 22:06:57,2018-06-04 12:11:35
CUST003787,Loyal,Marketplace,REP011,2017-11-30 03:08:43,2018-06-25 11:58:32
CUST003788,Regular,Organic,REP010,2017-12-21 12:50:24,2018-02-08 09:19:24
CUST003789,Loyal,Referral,REP012,2017-01-28 03:57:09,2017-07-10 08:43:34
CUST003790,Inactive,Marketplace,REP004,2017-10-11 13:14:59,2017-10-11 13:14:59
CUST003791,Regular,Marketplace,REP030,2017-01-04 01:01:50,2017-01-18 22:55:28
CUST003792,Loyal,Paid Search,REP017,2017-02-03 03:21:54,2018-08-09 04:05:05
CUST003793,Loyal,Email,REP009,2017-07-26 05:04:46,2018-06-28 09:47:12
CUST003794,VIP,Paid Search,REP004,2017-03-18 03:10:04,2018-08-16 03:26:41
CUST003795,Regular,Email,REP011,2017-04-07 06:36:56,2018-02-10 11:22:31
CUST003796,Loyal,Referral,REP028,2017-06-23 12:05:50,2018-09-15 02:13:39
CUST003797,Loyal,Organic,REP028,2017-07-11 18:37:40,2018-07-05 13:58:15
CUST003798,Loyal,Paid Search,REP010,2017-03-03 11:34:26,2017-12-07 12:34:02
CUST003799,Loyal,Paid Search,REP026,2017-02-21 21:25:41,2018-09-02 06:03:46
CUST003800,Inactive,Paid Search,REP025,2017-08-06 02:26:06,2017-08-06 02:26:06
CUST003801,New,Marketplace,REP010,2018-09-08 21:18:55,2018-09-08 21:18:55
CUST003802,Loyal,Organic,REP005,2017-03-08 05:38:47,2017-12-31 14:44:13
CUST003803,Loyal,Referral,REP025,2018-06-04 07:59:56,2018-07-31 23:46:29
CUST003804,Inactive,Email,REP007,2017-09-28 01:27:22,2017-09-28 01:27:22
CUST003805,New,Marketplace,REP011,2018-04-15 18:26:09,2018-04-15 18:26:09
CUST003806,New,Paid Search,REP020,2018-08-01 00:00:00,2018-08-01 00:00:00
CUST003807,Loyal,Social,REP026,2017-03-29 18:50:46,2018-03-21 15:54:50
CUST003808,Loyal,Social,REP021,2017-08-06 04:07:45,2018-06-04 17:04:36
CUST003809,Inactive,Marketplace,REP009,2018-02-15 11:53:20,2018-02-15 11:53:20
CUST003810,New,Marketplace,REP013,2018-09-27 00:00:00,2018-09-27 00:00:00
CUST003811,Loyal,Marketplace,REP012,2017-10-17 20:53:48,2018-07-21 06:09:31
CUST003812,Loyal,Social,REP003,2017-03-15 00:57:45,2018-05-23 02:23:29
CUST003813,Inactive,Referral,REP028,2018-03-17 14:10:44,2018-03-17 14:10:44
CUST003814,Inactive,Organic,REP005,2017-02-01 00:00:00,2017-02-01 00:00:00
CUST003815,Loyal,Referral,REP024,2017-06-10 05:19:39,2018-02-01 23:46:22
CUST003816,Inactive,Social,REP008,2017-03-06 07:45:13,2017-03-06 07:45:13
CUST003817,Regular,Marketplace,REP017,2017-04-03 03:38:10,2018-05-15 02:15:54
CUST003818,Inactive,Marketplace,REP018,2017-01-15 23:09:15,2017-01-15 23:09:15
CUST003819,New,Social,REP009,2018-07-14 00:00:00,2018-07-14 00:00:00
CUST003820,Loyal,Paid Search,REP026,2017-06-09 19:51:09,2017-12-16 13:19:40
CUST003821,Inactive,Marketplace,REP008,2018-01-24 00:00:00,2018-01-24 00:00:00
CUST003822,Regular,Organic,REP012,2017-07-13 10:10:08,2017-09-26 18:17:22
CUST003823,Loyal,Social,REP010,2017-06-06 09:13:09,2018-02-04 09:47:29
CUST003824,Inactive,Referral,REP025,2017-08-26 08:25:09,2017-08-26 08:25:09
CUST003825,Regular,Email,REP027,2017-08-28 07:23:22,2018-08-07 16:31:09
CUST003826,Regular,Social,REP006,2017-05-06 10:47:24,2018-08-05 21:48:52
CUST003827,Regular,Paid Search,REP024,2017-11-09 00:56:45,2018-09-12 05:21:43
CUST003828,Loyal,Social,REP001,2017-01-14 10:51:40,2018-05-09 18:02:55
CUST003829,Inactive,Email,REP013,2017-08-02 23:44:42,2017-08-02 23:44:42
CUST003830,Loyal,Social,REP001,2017-01-20 09:47:59,2018-03-06 08:23:30
CUST003831,Regular,Organic,REP023,2017-06-29 05:54:20,2017-11-30 21:18:04
CUST003832,Loyal,Social,REP016,2017-03-01 17:29:15,2018-06-18 13:14:05
CUST003833,Inactive,Organic,REP019,2017-10-26 04:18:50,2017-10-26 04:18:50
CUST003834,Regular,Email,REP027,2018-04-01 05:24:49,2018-09-22 02:11:55
CUST003835,Regular,Social,REP010,2017-01-22 09:58:37,2018-08-19 02:14:15
CUST003836,Loyal,Organic,REP023,2017-08-14 02:19:37,2018-06-17 09:27:24
CUST003837,Regular,Email,REP025,2017-07-15 20:44:25,2017-08-17 03:21:18
CUST003838,Inactive,Marketplace,REP018,2017-07-04 00:00:00,2017-07-04 00:00:00
CUST003839,Loyal,Email,REP011,2017-02-03 08:45:53,2018-03-06 16:33:49
CUST003840,Loyal,Email,REP004,2017-01-20 00:26:59,2017-07-04 19:01:29
CUST003841,VIP,Referral,REP009,2017-02-21 12:17:27,2018-09-25 09:31:51
CUST003842,Inactive,Organic,REP006,2017-09-13 17:03:40,2017-09-13 17:03:40
CUST003843,Inactive,Marketplace,REP009,2017-09-29 13:50:32,2017-09-29 13:50:32
CUST003844,Loyal,Organic,REP005,2017-07-04 21:28:12,2018-04-15 22:51:33
CUST003845,Loyal,Social,REP019,2017-03-13 08:48:17,2017-09-05 23:51:01
CUST003846,Loyal,Email,REP011,2017-11-24 19:40:27,2018-09-16 23:13:28
CUST003847,Loyal,Paid Search,REP022,2017-06-04 03:57:35,2018-09-24 23:58:59
CUST003848,Loyal,Referral,REP022,2017-06-03 13:43:35,2018-06-19 15:55:15
CUST003849,Loyal,Social,REP018,2017-03-02 17:23:16,2018-02-13 13:37:13
CUST003850,Loyal,Social,REP010,2017-04-12 01:37:58,2018-07-13 00:15:01
CUST003851,VIP,Referral,REP026,2017-01-20 06:38:21,2018-08-13 13:05:02
CUST003852,Regular,Social,REP027,2017-03-24 11:45:52,2018-02-06 07:22:41
CUST003853,Loyal,Paid Search,REP026,2017-06-17 17:12:34,2018-06-22 13:04:18
CUST003854,Loyal,Referral,REP028,2017-08-23 12:13:18,2018-03-15 18:02:40
CUST003855,Inactive,Paid Search,REP022,2017-01-15 00:00:00,2017-01-15 00:00:00
CUST003856,Regular,Marketplace,REP020,2017-07-28 03:45:50,2018-09-02 01:50:10
CUST003857,Regular,Paid Search,REP009,2017-04-17 16:32:43,2018-02-02 13:09:26
CUST003858,Inactive,Marketplace,REP023,2017-05-06 00:00:00,2017-05-06 00:00:00
CUST003859,Loyal,Organic,REP014,2017-01-19 14:46:50,2018-09-14 13:51:30
CUST003860,Inactive,Marketplace,REP010,2018-01-01 19:01:27,2018-01-01 19:01:27
CUST003861,Loyal,Referral,REP021,2017-12-30 16:42:34,2018-02-06 05:33:57
CUST003862,Regular,Paid Search,REP029,2017-03-24 19:14:39,2017-11-24 14:53:13
CUST003863,Regular,Referral,REP004,2017-01-23 08:41:48,2017-08-02 00:12:22
CUST003864,Loyal,Social,REP016,2017-01-25 18:53:04,2018-05-26 12:32:08
CUST003865,Regular,Paid Search,REP010,2017-08-30 20:17:45,2017-12-20 16:29:21
CUST003866,Loyal,Marketplace,REP012,2017-03-07 22:35:20,2018-08-17 04:14:27
CUST003867,Loyal,Paid Search,REP029,2017-01-22 16:26:42,2018-05-26 09:23:45
CUST003868,Regular,Social,REP027,2017-01-23 15:33:02,2018-05-15 06:31:50
CUST003869,Regular,Referral,REP016,2017-05-03 21:57:28,2017-12-11 18:54:10
CUST003870,Loyal,Paid Search,REP011,2017-02-03 19:23:13,2018-01-08 14:59:48
CUST003871,Loyal,Social,REP017,2017-01-18 07:06:49,2018-08-24 09:56:29
CUST003872,Regular,Email,REP017,2017-01-07 17:40:44,2018-09-21 17:01:34
CUST003873,Loyal,Organic,REP002,2017-05-26 00:50:36,2018-06-15 10:08:02
CUST003874,Regular,Organic,REP003,2018-02-05 15:04:37,2018-03-27 20:31:58
CUST003875,Loyal,Marketplace,REP014,2017-01-24 15:45:46,2017-11-25 13:42:15
CUST003876,Regular,Referral,REP016,2017-01-15 05:26:19,2018-03-20 20:00:14
CUST003877,Regular,Social,REP029,2017-04-18 06:20:06,2018-05-01 18:51:15
CUST003878,Regular,Social,REP029,2017-06-13 23:54:55,2018-02-21 07:54:25
CUST003879,Loyal,Organic,REP028,2017-03-16 21:50:38,2018-05-21 00:57:25
CUST003880,Inactive,Organic,REP012,2017-02-12 00:00:00,2017-02-12 00:00:00
CUST003881,Loyal,Paid Search,REP019,2017-03-20 21:51:02,2018-05-04 21:52:49
CUST003882,New,Organic,REP028,2018-05-19 16:29:52,2018-05-19 16:29:52
CUST003883,Inactive,Paid Search,REP030,2017-08-12 23:48:37,2017-08-12 23:48:37
CUST003884,Inactive,Referral,REP030,2017-11-19 18:35:30,2017-11-19 18:35:30
CUST003885,Regular,Marketplace,REP004,2018-02-27 07:16:48,2018-08-27 19:57:49
CUST003886,Loyal,Organic,REP008,2017-10-03 17:09:40,2018-08-16 07:42:48
CUST003887,New,Marketplace,REP017,2018-06-06 01:20:29,2018-06-06 01:20:29
CUST003888,Inactive,Marketplace,REP023,2017-01-11 00:00:00,2017-01-11 00:00:00
CUST003889,Loyal,Referral,REP019,2017-05-21 09:05:13,2018-07-13 00:11:43
CUST003890,Loyal,Social,REP015,2017-04-03 07:05:17,2018-07-06 22:23:06
CUST003891,Loyal,Paid Search,REP006,2017-02-05 13:29:09,2018-03-06 00:15:37
CUST003892,Loyal,Marketplace,REP002,2018-01-02 08:35:42,2018-06-15 12:34:38
CUST003893,Loyal,Email,REP027,2017-01-09 01:48:50,2018-02-24 02:31:28
CUST003894,Loyal,Social,REP011,2017-03-17 07:30:01,2018-07-23 06:16:40
CUST003895,Regular,Paid Search,REP022,2017-01-18 23:51:25,2017-11-10 21:15:13
CUST003896,Regular,Organic,REP007,2017-03-13 06:28:26,2018-08-12 14:44:52
CUST003897,Loyal,Marketplace,REP010,2017-02-13 01:26:45,2018-06-10 03:38:50
CUST003898,VIP,Marketplace,REP022,2017-08-11 21:26:23,2018-08-06 13:54:30
CUST003899,Loyal,Marketplace,REP017,2017-02-08 11:06:47,2018-06-10 11:34:08
CUST003900,Regular,Social,REP008,2017-10-13 17:40:24,2017-11-03 20:20:18
CUST003901,Regular,Paid Search,REP015,2018-06-17 13:06:46,2018-09-07 04:27:07
CUST003902,Loyal,Email,REP025,2017-02-09 19:51:45,2017-06-27 15:13:18
CUST003903,VIP,Marketplace,REP014,2017-01-06 18:54:31,2018-09-23 19:02:30
CUST003904,New,Marketplace,REP011,2018-04-12 02:49:28,2018-04-12 02:49:28
CUST003905,Regular,Organic,REP025,2018-02-07 16:41:16,2018-09-08 09:59:45
CUST003906,Loyal,Marketplace,REP012,2017-06-18 17:12:56,2018-08-27 19:49:51
CUST003907,Inactive,Organic,REP013,2018-02-05 05:06:17,2018-02-05 05:06:17
CUST003908,Regular,Referral,REP013,2017-05-03 11:07:02,2017-05-13 06:38:53
CUST003909,New,Marketplace,REP018,2018-09-28 08:52:21,2018-09-28 08:52:21
CUST003910,Loyal,Referral,REP010,2017-04-25 15:27:01,2018-07-19 19:32:17
CUST003911,Regular,Email,REP024,2017-11-27 16:22:36,2018-05-06 23:01:53
CUST003912,Regular,Email,REP002,2017-02-15 07:56:40,2017-02-18 17:09:46
CUST003913,Inactive,Email,REP021,2017-03-15 04:08:31,2017-03-15 04:08:31
CUST003914,Inactive,Email,REP030,2017-04-14 21:01:53,2017-04-14 21:01:53
CUST003915,Loyal,Paid Search,REP010,2017-10-19 11:51:04,2018-06-28 17:23:32
CUST003916,Loyal,Email,REP004,2018-02-02 09:08:03,2018-06-29 04:06:08
CUST003917,Loyal,Referral,REP002,2018-04-12 19:49:51,2018-06-29 02:09:34
CUST003918,Loyal,Marketplace,REP030,2017-01-30 18:10:00,2018-07-07 16:24:13
CUST003919,Regular,Referral,REP020,2017-05-23 16:38:17,2017-06-30 16:20:32
CUST003920,Loyal,Email,REP017,2017-06-08 01:35:31,2018-05-04 12:51:46
CUST003921,Regular,Referral,REP020,2017-05-12 05:09:16,2018-09-11 16:14:14
CUST003922,Loyal,Referral,REP019,2017-07-30 20:36:49,2018-07-15 19:47:45
CUST003923,Loyal,Email,REP028,2017-04-08 05:06:57,2018-04-26 21:00:25
CUST003924,Loyal,Paid Search,REP026,2017-11-23 09:55:54,2018-05-29 08:58:50
CUST003925,Regular,Social,REP004,2017-01-14 16:30:01,2018-02-17 21:42:33
CUST003926,Loyal,Marketplace,REP021,2017-05-15 21:54:14,2018-09-25 08:58:22
CUST003927,Regular,Referral,REP021,2017-08-17 00:43:37,2017-09-17 20:07:27
CUST003928,Loyal,Organic,REP015,2017-05-16 00:49:01,2017-11-04 20:22:13
CUST003929,Regular,Social,REP013,2018-01-02 15:24:14,2018-09-20 17:36:45
CUST003930,Inactive,Organic,REP002,2017-02-17 04:41:12,2017-02-17 04:41:12
CUST003931,Inactive,Referral,REP014,2018-01-07 00:00:00,2018-01-07 00:00:00
CUST003932,Inactive,Social,REP022,2017-12-10 08:06:03,2017-12-10 08:06:03
CUST003933,Regular,Organic,REP008,2018-05-03 03:30:59,2018-07-06 04:18:27
CUST003934,New,Email,REP025,2018-09-17 23:24:13,2018-09-17 23:24:13
CUST003935,Loyal,Paid Search,REP018,2017-08-28 11:49:40,2018-06-15 05:31:28
CUST003936,Loyal,Paid Search,REP015,2017-02-01 00:06:01,2018-07-19 23:25:11
CUST003937,VIP,Organic,REP007,2017-07-09 14:00:49,2018-09-24 22:55:27
CUST003938,Loyal,Marketplace,REP019,2017-03-31 21:59:01,2017-12-17 18:52:04
CUST003939,Loyal,Social,REP001,2017-01-21 16:51:04,2018-08-26 21:35:59
CUST003940,Regular,Marketplace,REP024,2018-02-11 07:16:44,2018-08-04 14:10:07
CUST003941,Inactive,Email,REP007,2017-03-12 05:01:41,2017-03-12 05:01:41
CUST003942,Inactive,Email,REP027,2017-10-22 08:40:28,2017-10-22 08:40:28
CUST003943,New,Organic,REP013,2018-04-28 01:34:27,2018-04-28 01:34:27
CUST003944,Regular,Referral,REP027,2017-05-30 23:59:58,2017-06-22 04:26:13
CUST003945,Regular,Paid Search,REP010,2017-08-02 08:17:16,2018-07-10 18:05:05
CUST003946,Inactive,Marketplace,REP002,2017-10-10 17:56:37,2017-10-10 17:56:37
CUST003947,Inactive,Email,REP020,2018-01-02 03:48:17,2018-01-02 03:48:17
CUST003948,Inactive,Referral,REP030,2017-08-28 00:00:00,2017-08-28 00:00:00
CUST003949,Loyal,Email,REP008,2017-11-02 04:05:52,2018-07-31 17:37:22
CUST003950,Regular,Referral,REP017,2017-05-05 23:37:25,2017-06-29 06:18:21
CUST003951,Loyal,Social,REP006,2017-04-28 05:46:37,2018-09-30 19:29:28
CUST003952,Loyal,Organic,REP011,2017-08-06 01:39:45,2018-03-26 03:53:33
CUST003953,Regular,Organic,REP020,2017-11-24 12:44:24,2018-08-07 19:27:09
CUST003954,Inactive,Organic,REP010,2018-01-25 12:52:12,2018-01-25 12:52:12
CUST003955,Inactive,Referral,REP007,2017-03-05 16:12:38,2017-03-05 16:12:38
CUST003956,Inactive,Referral,REP022,2017-09-18 01:29:37,2017-09-18 01:29:37
CUST003957,Regular,Email,REP013,2017-01-13 21:45:51,2017-09-26 18:59:06
CUST003958,Regular,Referral,REP021,2017-06-22 19:49:24,2017-07-11 19:36:33
CUST003959,Loyal,Referral,REP002,2017-01-26 01:18:56,2018-05-06 18:14:21
CUST003960,Loyal,Organic,REP027,2017-07-30 23:05:09,2018-01-08 12:12:55
CUST003961,Loyal,Paid Search,REP004,2017-01-05 23:21:47,2018-06-23 16:02:58
CUST003962,Inactive,Email,REP021,2017-04-17 06:53:52,2017-04-17 06:53:52
CUST003963,Loyal,Marketplace,REP010,2017-03-05 19:37:55,2018-08-11 01:12:32
CUST003964,Regular,Marketplace,REP005,2017-06-15 21:58:45,2017-06-17 19:50:10
CUST003965,Loyal,Organic,REP021,2017-03-07 12:41:27,2017-11-25 17:33:34
CUST003966,Loyal,Organic,REP023,2017-04-20 15:01:42,2018-07-25 03:28:51
CUST003967,Loyal,Organic,REP027,2017-07-21 13:26:32,2018-03-03 10:59:08
CUST003968,Inactive,Referral,REP026,2017-10-30 03:52:11,2017-10-30 03:52:11
CUST003969,Loyal,Paid Search,REP023,2017-02-07 22:24:42,2018-06-04 18:13:37
CUST003970,Loyal,Paid Search,REP024,2017-01-02 22:18:53,2017-09-27 16:40:50
CUST003971,Regular,Social,REP009,2018-02-09 23:11:53,2018-03-03 13:49:02
CUST003972,Loyal,Organic,REP024,2017-04-26 05:03:11,2018-06-27 23:47:15
CUST003973,Regular,Marketplace,REP013,2017-05-30 11:39:50,2018-09-10 03:48:28
CUST003974,Loyal,Referral,REP012,2017-01-14 14:25:47,2018-09-06 00:32:14
CUST003975,Loyal,Email,REP026,2018-02-21 02:10:02,2018-06-07 10:56:40
CUST003976,Loyal,Referral,REP019,2017-06-11 14:29:12,2018-02-11 03:52:09
CUST003977,Loyal,Organic,REP015,2017-01-23 22:24:45,2018-06-18 21:10:03
CUST003978,New,Email,REP030,2018-05-17 17:48:02,2018-05-17 17:48:02
CUST003979,Regular,Social,REP017,2018-01-20 21:14:59,2018-08-29 16:09:39
CUST003980,Regular,Referral,REP016,2017-10-24 09:33:31,2018-08-12 12:40:07
CUST003981,New,Paid Search,REP004,2018-09-05 10:14:57,2018-09-05 10:14:57
CUST003982,New,Social,REP002,2018-07-19 00:00:00,2018-07-19 00:00:00
CUST003983,Inactive,Social,REP029,2017-06-14 12:45:57,2017-06-14 12:45:57
CUST003984,VIP,Social,REP018,2017-04-17 18:06:50,2017-10-19 00:11:39
CUST003985,Regular,Email,REP010,2017-07-14 09:40:14,2017-11-29 15:03:34
CUST003986,Loyal,Paid Search,REP014,2017-08-19 21:56:34,2017-12-27 01:34:25
CUST003987,Loyal,Social,REP017,2017-07-16 21:15:26,2018-03-09 01:51:22
CUST003988,Inactive,Paid Search,REP027,2017-08-18 00:00:00,2017-08-18 00:00:00
CUST003989,Inactive,Social,REP008,2017-02-05 01:04:21,2017-02-05 01:04:21
CUST003990,Regular,Paid Search,REP027,2017-04-18 05:13:26,2018-01-18 15:25:17
CUST003991,New,Referral,REP025,2018-08-26 00:00:00,2018-08-26 00:00:00
CUST003992,Loyal,Referral,REP028,2017-05-29 02:47:57,2018-06-01 08:25:12
CUST003993,Inactive,Organic,REP014,2017-01-06 07:56:43,2017-01-06 07:56:43
CUST003994,Loyal,Email,REP027,2017-05-05 14:07:05,2018-07-07 15:33:38
CUST003995,Loyal,Marketplace,REP027,2017-07-23 08:50:41,2018-03-09 21:18:04
CUST003996,Loyal,Referral,REP005,2018-01-09 16:14:42,2018-08-14 09:54:50
CUST003997,Regular,Organic,REP001,2017-11-23 02:50:39,2018-05-05 14:27:54
CUST003998,Loyal,Marketplace,REP008,2017-11-07 06:35:22,2018-08-27 19:15:00
CUST003999,Regular,Social,REP024,2017-10-18 17:13:00,2018-01-21 16:52:06
CUST004000,Loyal,Paid Search,REP015,2017-03-23 06:17:55,2018-06-21 20:43:08
CUST004001,Loyal,Social,REP030,2017-03-20 23:46:36,2018-02-18 04:25:19
CUST004002,Loyal,Referral,REP021,2017-04-20 10:35:43,2017-12-05 05:34:49
CUST004003,Loyal,Paid Search,REP027,2017-01-06 23:11:59,2018-04-18 08:32:43
CUST004004,Regular,Marketplace,REP020,2017-02-02 10:54:42,2018-02-15 20:04:18
CUST004005,Regular,Referral,REP003,2017-01-27 22:11:02,2017-11-22 17:07:00
CUST004006,Inactive,Referral,REP001,2018-03-24 08:48:21,2018-03-24 08:48:21
CUST004007,Inactive,Social,REP030,2017-07-19 05:24:20,2017-07-19 05:24:20
CUST004008,Loyal,Email,REP004,2017-01-24 03:33:51,2018-05-24 18:04:16
CUST004009,New,Marketplace,REP005,2018-07-24 13:25:57,2018-07-24 13:25:57
CUST004010,Regular,Paid Search,REP006,2017-03-13 06:54:27,2017-05-25 05:01:40
CUST004011,Loyal,Social,REP008,2017-01-21 11:32:42,2018-08-03 05:11:58
CUST004012,Inactive,Referral,REP029,2017-09-06 06:21:55,2017-09-06 06:21:55
CUST004013,Regular,Email,REP016,2017-04-11 16:37:14,2018-03-31 02:40:15
CUST004014,Inactive,Marketplace,REP030,2017-09-09 04:31:16,2017-09-09 04:31:16
CUST004015,Regular,Paid Search,REP006,2018-01-27 11:07:00,2018-07-14 22:34:15
CUST004016,Regular,Organic,REP003,2017-09-25 16:37:47,2018-06-30 03:53:05
CUST004017,Loyal,Email,REP009,2017-12-19 03:24:22,2018-04-07 04:03:03
CUST004018,Inactive,Referral,REP009,2017-11-17 12:45:54,2017-11-17 12:45:54
CUST004019,Regular,Social,REP010,2017-01-13 02:21:02,2017-03-03 05:08:14
CUST004020,Regular,Organic,REP012,2017-11-26 07:11:28,2017-12-25 02:16:53
CUST004021,Loyal,Marketplace,REP008,2017-08-18 23:26:51,2018-07-17 12:37:37
CUST004022,Inactive,Social,REP010,2017-12-25 00:00:00,2017-12-25 00:00:00
CUST004023,Loyal,Social,REP009,2017-07-12 07:31:50,2017-12-10 18:36:36
CUST004024,Loyal,Marketplace,REP018,2017-07-17 05:54:20,2018-09-29 13:14:15
CUST004025,Inactive,Marketplace,REP020,2017-05-04 11:46:31,2017-05-04 11:46:31
CUST004026,Loyal,Organic,REP017,2017-10-23 04:46:13,2018-04-25 11:15:59
CUST004027,Regular,Organic,REP026,2017-12-27 21:23:51,2018-06-15 19:25:54
CUST004028,Loyal,Marketplace,REP010,2017-07-05 12:00:18,2018-07-06 14:47:43
CUST004029,Loyal,Referral,REP015,2017-06-15 07:09:34,2018-07-16 05:38:37
CUST004030,Loyal,Email,REP006,2017-02-25 13:45:09,2018-07-24 01:55:56
CUST004031,Regular,Organic,REP012,2017-04-13 21:22:42,2017-12-09 07:51:50
CUST004032,Inactive,Paid Search,REP002,2017-05-03 18:43:16,2017-05-03 18:43:16
CUST004033,Inactive,Marketplace,REP030,2017-05-24 00:00:00,2017-05-24 00:00:00
CUST004034,Loyal,Organic,REP004,2017-05-06 14:21:15,2018-08-02 11:53:18
CUST004035,Regular,Marketplace,REP030,2018-02-10 18:15:34,2018-03-09 10:44:36
CUST004036,Loyal,Social,REP024,2017-02-26 02:00:19,2018-09-04 09:07:14
CUST004037,Loyal,Email,REP022,2017-10-12 05:16:33,2018-08-15 00:57:05
CUST004038,Loyal,Organic,REP011,2017-03-25 02:43:08,2017-10-26 05:15:24
CUST004039,Loyal,Referral,REP013,2017-04-29 18:19:30,2018-09-03 17:03:28
CUST004040,Inactive,Referral,REP020,2018-03-24 12:25:09,2018-03-24 12:25:09
CUST004041,Inactive,Paid Search,REP025,2018-02-12 21:51:29,2018-02-12 21:51:29
CUST004042,New,Referral,REP008,2018-04-02 23:35:36,2018-04-02 23:35:36
CUST004043,Loyal,Paid Search,REP003,2017-03-19 12:57:13,2017-04-13 04:01:44
CUST004044,Loyal,Social,REP021,2017-08-10 02:32:04,2018-09-06 14:08:26
CUST004045,Inactive,Social,REP004,2017-10-31 06:21:35,2017-10-31 06:21:35
CUST004046,Regular,Email,REP018,2018-07-22 14:21:55,2018-08-05 21:54:17
CUST004047,Regular,Social,REP030,2017-11-17 17:50:05,2018-07-20 19:59:08
CUST004048,Loyal,Email,REP025,2017-11-01 22:36:32,2018-09-08 15:09:58
CUST004049,Loyal,Paid Search,REP024,2017-05-30 18:14:07,2018-05-24 03:00:17
CUST004050,New,Social,REP025,2018-07-24 00:00:00,2018-07-24 00:00:00
CUST004051,Loyal,Marketplace,REP015,2017-03-29 18:19:04,2018-04-29 02:08:29
CUST004052,Loyal,Email,REP028,2017-02-04 09:55:11,2018-07-30 03:54:22
CUST004053,Regular,Referral,REP001,2017-01-14 17:24:44,2017-04-02 13:40:41
CUST004054,Loyal,Paid Search,REP022,2017-03-17 18:00:54,2018-01-02 12:53:57
CUST004055,Regular,Paid Search,REP024,2017-12-13 03:31:37,2018-04-16 01:54:55
CUST004056,Inactive,Organic,REP008,2017-09-10 09:17:13,2017-09-10 09:17:13
CUST004057,Loyal,Organic,REP026,2017-01-16 20:38:48,2018-03-17 11:37:30
CUST004058,Loyal,Referral,REP004,2017-02-22 14:37:22,2017-11-14 21:06:27
CUST004059,Regular,Social,REP001,2018-02-21 23:07:49,2018-07-21 14:09:57
CUST004060,Loyal,Email,REP027,2017-02-04 19:25:02,2017-10-12 14:54:08
CUST004061,Regular,Organic,REP026,2018-01-15 09:47:30,2018-08-10 02:23:30
CUST004062,Loyal,Marketplace,REP030,2017-05-15 00:03:42,2018-07-27 11:13:52
CUST004063,Inactive,Social,REP008,2017-04-20 12:39:51,2017-04-20 12:39:51
CUST004064,Loyal,Referral,REP029,2017-05-09 11:53:13,2017-11-02 12:01:47
CUST004065,Loyal,Paid Search,REP026,2017-01-07 09:29:41,2018-04-28 04:34:53
CUST004066,Inactive,Paid Search,REP029,2017-04-04 07:05:28,2017-04-04 07:05:28
CUST004067,New,Marketplace,REP025,2018-05-02 08:33:22,2018-05-02 08:33:22
CUST004068,Loyal,Organic,REP017,2017-02-14 03:48:59,2018-06-21 05:04:23
CUST004069,Inactive,Social,REP010,2018-01-20 08:08:19,2018-01-20 08:08:19
CUST004070,Regular,Social,REP026,2017-06-08 04:26:51,2018-03-23 21:47:40
CUST004071,Regular,Paid Search,REP021,2017-02-11 19:23:54,2017-03-22 20:29:09
CUST004072,Regular,Email,REP017,2017-11-15 22:24:08,2018-03-07 07:17:49
CUST004073,Loyal,Email,REP002,2017-04-22 13:29:21,2018-02-25 23:34:44
CUST004074,Regular,Referral,REP023,2017-02-14 09:15:59,2018-05-26 02:11:52
CUST004075,Inactive,Paid Search,REP016,2017-10-11 16:14:19,2017-10-11 16:14:19
CUST004076,VIP,Organic,REP023,2017-04-10 12:03:55,2018-09-01 21:43:04
CUST004077,New,Social,REP016,2018-09-12 23:21:28,2018-09-12 23:21:28
CUST004078,New,Social,REP026,2018-05-29 04:16:28,2018-05-29 04:16:28
CUST004079,Loyal,Email,REP029,2017-04-24 07:59:40,2018-02-09 17:13:51
CUST004080,Regular,Social,REP002,2017-07-01 20:33:20,2017-10-06 09:35:37
CUST004081,Loyal,Social,REP009,2017-01-06 14:06:04,2017-02-23 10:06:12
CUST004082,VIP,Referral,REP004,2017-02-13 02:14:33,2018-05-19 05:42:55
CUST004083,Regular,Marketplace,REP015,2018-01-12 15:56:31,2018-06-20 21:06:15
CUST004084,Inactive,Organic,REP022,2018-03-24 15:16:40,2018-03-24 15:16:40
CUST004085,Regular,Social,REP027,2017-02-18 09:53:19,2017-05-14 04:46:52
CUST004086,Loyal,Email,REP018,2017-04-27 09:46:17,2018-06-12 03:45:06
CUST004087,Inactive,Marketplace,REP003,2017-01-19 13:59:58,2017-01-19 13:59:58
CUST004088,Loyal,Social,REP007,2017-09-19 11:14:29,2018-02-17 19:37:19
CUST004089,Regular,Marketplace,REP012,2017-04-16 12:52:37,2017-07-02 19:08:56
CUST004090,Loyal,Marketplace,REP015,2017-05-18 12:59:12,2018-07-26 13:48:35
CUST004091,Loyal,Marketplace,REP014,2017-04-26 12:18:18,2018-08-07 01:09:00
CUST004092,Loyal,Marketplace,REP029,2017-01-06 04:37:38,2017-12-07 12:45:07
CUST004093,Inactive,Email,REP016,2017-08-14 20:18:00,2017-08-14 20:18:00
CUST004094,Loyal,Referral,REP017,2017-04-03 05:53:24,2018-07-13 13:50:03
CUST004095,Loyal,Marketplace,REP028,2017-03-02 22:55:15,2018-05-18 19:26:33
CUST004096,Inactive,Email,REP013,2017-05-17 00:00:00,2017-05-17 00:00:00
CUST004097,Regular,Social,REP012,2017-01-14 14:59:19,2018-09-09 12:43:40
CUST004098,Inactive,Marketplace,REP009,2017-03-07 15:50:07,2017-03-07 15:50:07
CUST004099,Regular,Social,REP019,2017-10-28 07:17:49,2018-02-27 23:39:25
CUST004100,Loyal,Paid Search,REP012,2017-12-22 18:51:39,2018-06-12 09:02:54
CUST004101,Loyal,Paid Search,REP020,2017-08-01 17:12:36,2018-02-02 11:24:10
CUST004102,VIP,Email,REP005,2017-04-22 12:08:15,2018-09-05 19:32:51
CUST004103,Loyal,Email,REP016,2017-01-25 13:52:40,2018-06-11 08:17:22
CUST004104,Regular,Marketplace,REP029,2017-10-23 01:59:52,2018-06-02 09:00:17
CUST004105,Loyal,Referral,REP009,2017-02-12 22:51:47,2018-04-10 11:51:51
CUST004106,Inactive,Paid Search,REP025,2017-01-27 00:00:00,2017-01-27 00:00:00
CUST004107,Regular,Paid Search,REP004,2017-02-26 01:47:35,2017-10-01 11:13:30
CUST004108,Regular,Paid Search,REP028,2017-01-13 04:33:54,2017-11-18 23:04:59
CUST004109,Inactive,Paid Search,REP020,2017-01-07 06:40:33,2017-01-07 06:40:33
CUST004110,Inactive,Organic,REP011,2017-01-26 00:00:00,2017-01-26 00:00:00
CUST004111,Loyal,Referral,REP017,2018-07-22 17:55:15,2018-08-04 20:58:55
CUST004112,Loyal,Paid Search,REP015,2017-01-03 17:23:11,2018-05-08 15:13:03
CUST004113,Inactive,Email,REP020,2017-03-04 17:43:29,2017-03-04 17:43:29
CUST004114,Loyal,Social,REP008,2017-04-07 08:28:00,2018-03-10 23:48:25
CUST004115,Loyal,Email,REP009,2017-02-18 17:04:34,2018-07-12 23:34:03
CUST004116,Regular,Referral,REP029,2017-08-23 15:22:24,2017-10-23 19:21:27
CUST004117,New,Paid Search,REP003,2018-05-07 03:52:29,2018-05-07 03:52:29
CUST004118,Inactive,Email,REP027,2017-02-08 02:39:29,2017-02-08 02:39:29
CUST004119,Inactive,Social,REP017,2017-03-20 00:00:00,2017-03-20 00:00:00
CUST004120,Regular,Marketplace,REP005,2018-05-26 22:53:36,2018-08-06 02:38:51
CUST004121,Loyal,Email,REP002,2017-04-10 13:29:33,2018-09-15 08:59:37
CUST004122,Loyal,Social,REP021,2017-03-27 21:59:09,2018-03-15 09:20:16
CUST004123,Inactive,Social,REP009,2017-06-17 00:00:00,2017-06-17 00:00:00
CUST004124,Loyal,Referral,REP016,2017-03-25 21:31:32,2017-10-16 05:52:17
CUST004125,Loyal,Paid Search,REP028,2017-02-15 08:14:01,2018-08-02 04:54:56
CUST004126,Inactive,Referral,REP023,2017-12-30 06:29:17,2017-12-30 06:29:17
CUST004127,Loyal,Paid Search,REP014,2017-05-22 15:15:10,2018-05-24 01:39:14
CUST004128,Loyal,Email,REP004,2017-03-03 10:03:18,2018-06-20 18:41:07
CUST004129,Inactive,Organic,REP023,2017-11-24 00:02:54,2017-11-24 00:02:54
CUST004130,New,Email,REP023,2018-07-30 10:06:53,2018-07-30 10:06:53
CUST004131,Regular,Social,REP001,2017-01-12 00:19:10,2017-07-01 18:17:16
CUST004132,Inactive,Paid Search,REP009,2017-06-02 00:00:00,2017-06-02 00:00:00
CUST004133,Regular,Social,REP024,2017-05-27 02:57:43,2017-09-29 10:55:01
CUST004134,Regular,Social,REP018,2018-04-04 12:16:57,2018-04-19 16:33:38
CUST004135,Regular,Email,REP014,2017-05-29 12:09:16,2017-10-13 07:31:17
CUST004136,New,Marketplace,REP029,2018-04-18 00:00:00,2018-04-18 00:00:00
CUST004137,Loyal,Organic,REP010,2017-03-15 06:52:30,2018-06-04 18:31:58
CUST004138,Regular,Social,REP013,2017-02-24 10:56:35,2017-08-05 22:20:35
CUST004139,Regular,Social,REP019,2017-12-24 14:37:48,2018-03-07 17:02:25
CUST004140,Loyal,Marketplace,REP021,2017-05-09 15:47:07,2018-05-24 12:17:38
CUST004141,Regular,Referral,REP002,2017-07-16 18:41:35,2018-06-18 03:21:45
CUST004142,Regular,Social,REP018,2017-12-15 23:52:12,2018-09-02 16:39:28
CUST004143,Loyal,Email,REP011,2017-01-01 23:16:38,2017-09-08 03:26:29
CUST004144,New,Marketplace,REP030,2018-04-25 01:07:53,2018-04-25 01:07:53
CUST004145,Loyal,Organic,REP020,2017-05-12 20:59:38,2018-09-14 12:56:26
CUST004146,Regular,Paid Search,REP024,2017-02-14 02:24:43,2018-03-08 12:17:04
CUST004147,Loyal,Social,REP008,2017-03-21 23:35:59,2018-04-18 07:31:38
CUST004148,Loyal,Email,REP008,2017-05-04 19:29:56,2018-06-12 07:48:30
CUST004149,Inactive,Social,REP026,2017-02-24 00:00:00,2017-02-24 00:00:00
CUST004150,Regular,Email,REP012,2017-09-15 04:10:26,2018-05-19 15:57:41
CUST004151,Inactive,Email,REP020,2017-10-29 17:00:04,2017-10-29 17:00:04
CUST004152,Inactive,Email,REP003,2018-02-11 22:54:14,2018-02-11 22:54:14
CUST004153,Inactive,Email,REP025,2017-06-12 10:37:38,2017-06-12 10:37:38
CUST004154,Regular,Organic,REP001,2018-03-17 16:07:57,2018-06-07 16:39:06
CUST004155,Regular,Organic,REP020,2017-06-09 04:58:37,2018-01-08 21:46:50
CUST004156,Inactive,Paid Search,REP008,2017-04-28 00:00:00,2017-04-28 00:00:00
CUST004157,Regular,Email,REP025,2017-05-11 15:15:57,2017-07-17 10:37:09
CUST004158,Regular,Email,REP030,2017-11-24 19:58:02,2018-04-16 13:46:00
CUST004159,Inactive,Email,REP006,2017-02-07 08:11:35,2017-02-07 08:11:35
CUST004160,Loyal,Referral,REP012,2017-04-09 15:23:25,2018-07-23 14:57:12
CUST004161,Regular,Paid Search,REP006,2017-04-01 12:40:36,2017-06-06 09:22:51
CUST004162,Loyal,Paid Search,REP015,2017-06-12 14:53:12,2018-09-06 15:43:52
CUST004163,Regular,Organic,REP001,2017-11-18 20:28:28,2018-07-05 07:05:46
CUST004164,New,Organic,REP020,2018-09-14 00:00:00,2018-09-14 00:00:00
CUST004165,Loyal,Organic,REP028,2017-12-10 14:59:25,2018-06-14 03:52:46
CUST004166,Inactive,Email,REP015,2017-04-16 17:20:45,2017-04-16 17:20:45
CUST004167,Loyal,Marketplace,REP001,2017-02-01 17:49:31,2017-12-16 02:21:25
CUST004168,Loyal,Marketplace,REP018,2017-02-06 16:41:57,2018-02-26 22:21:21
CUST004169,Loyal,Social,REP013,2017-01-01 19:00:54,2018-08-13 15:52:47
CUST004170,Regular,Organic,REP005,2017-07-26 17:53:59,2018-08-06 20:52:20
CUST004171,Loyal,Email,REP001,2017-02-12 05:32:54,2017-06-01 10:45:27
CUST004172,Loyal,Referral,REP001,2018-01-26 04:30:22,2018-07-30 10:17:04
CUST004173,Regular,Marketplace,REP021,2017-07-07 03:22:04,2018-07-03 10:08:22
CUST004174,Loyal,Organic,REP005,2017-04-08 04:06:48,2018-09-13 02:37:23
CUST004175,Inactive,Organic,REP006,2017-01-07 09:37:29,2017-01-07 09:37:29
CUST004176,Loyal,Social,REP001,2018-01-23 18:18:56,2018-07-11 11:34:49
CUST004177,Loyal,Marketplace,REP025,2017-03-26 03:49:46,2018-04-20 19:04:15
CUST004178,Loyal,Referral,REP007,2017-03-27 15:43:55,2017-10-16 23:25:25
CUST004179,Regular,Marketplace,REP014,2017-07-07 08:57:39,2018-06-08 17:11:05
CUST004180,VIP,Social,REP028,2017-01-27 05:36:07,2018-09-18 12:26:33
CUST004181,Inactive,Referral,REP023,2017-09-10 17:16:31,2017-09-10 17:16:31
CUST004182,Loyal,Social,REP023,2017-03-10 11:59:51,2018-08-16 03:57:33
CUST004183,New,Marketplace,REP006,2018-09-01 00:00:00,2018-09-01 00:00:00
CUST004184,Loyal,Organic,REP009,2017-06-21 20:09:07,2018-05-18 01:27:35
CUST004185,Regular,Social,REP017,2018-02-08 02:21:44,2018-02-23 17:51:57
CUST004186,VIP,Marketplace,REP010,2017-01-21 04:59:15,2018-05-03 22:39:49
CUST004187,Regular,Marketplace,REP030,2017-07-02 18:22:20,2017-10-24 11:56:47
CUST004188,Loyal,Email,REP024,2017-02-18 02:59:02,2018-09-07 07:39:50
CUST004189,Loyal,Social,REP012,2017-01-02 16:43:01,2017-07-04 07:49:55
CUST004190,Inactive,Marketplace,REP005,2017-09-24 18:31:52,2017-09-24 18:31:52
CUST004191,Loyal,Marketplace,REP020,2017-03-17 09:00:10,2017-10-06 06:28:09
CUST004192,Loyal,Paid Search,REP002,2017-01-07 05:56:01,2018-08-23 16:18:03
CUST004193,Loyal,Social,REP019,2017-03-23 12:54:14,2018-09-08 02:05:56
CUST004194,Inactive,Email,REP026,2017-04-25 17:40:29,2017-04-25 17:40:29
CUST004195,Inactive,Referral,REP029,2017-11-24 16:40:33,2017-11-24 16:40:33
CUST004196,Regular,Paid Search,REP005,2017-04-02 03:57:45,2017-10-29 03:34:16
CUST004197,Regular,Organic,REP012,2017-12-11 21:17:00,2018-05-08 09:38:36
CUST004198,Loyal,Marketplace,REP019,2017-03-09 14:39:04,2018-09-01 04:21:57
CUST004199,Inactive,Email,REP008,2018-01-04 00:00:00,2018-01-04 00:00:00
CUST004200,Inactive,Social,REP002,2017-01-23 10:49:15,2017-01-23 10:49:15
CUST004201,Loyal,Marketplace,REP024,2017-04-19 03:14:54,2018-06-21 23:36:27
CUST004202,Loyal,Social,REP019,2017-05-08 22:26:29,2018-05-08 01:07:48
CUST004203,Regular,Referral,REP030,2017-08-16 20:46:26,2018-04-24 06:13:07
CUST004204,Loyal,Email,REP010,2017-07-21 07:15:44,2018-07-01 21:38:39
CUST004205,VIP,Referral,REP001,2017-02-12 01:19:35,2018-07-21 13:41:06
CUST004206,Loyal,Social,REP001,2017-01-18 12:58:26,2018-09-02 05:49:28
CUST004207,Loyal,Organic,REP003,2017-03-08 21:05:49,2018-09-15 09:17:03
CUST004208,Regular,Organic,REP019,2017-03-02 17:26:27,2018-01-24 05:16:58
CUST004209,Loyal,Email,REP018,2017-05-12 11:45:20,2018-08-06 17:28:33
CUST004210,Loyal,Organic,REP004,2017-12-05 01:12:08,2018-08-03 14:59:17
CUST004211,Inactive,Social,REP028,2018-02-24 00:00:00,2018-02-24 00:00:00
CUST004212,Loyal,Email,REP029,2017-12-17 06:26:24,2018-06-28 00:03:43
CUST004213,VIP,Organic,REP010,2017-01-16 23:44:58,2018-08-26 20:09:37
CUST004214,New,Social,REP024,2018-07-27 00:00:00,2018-07-27 00:00:00
CUST004215,Loyal,Organic,REP020,2017-04-03 12:56:38,2018-05-07 05:23:38
CUST004216,Loyal,Social,REP008,2017-09-02 11:41:43,2018-07-20 08:02:20
CUST004217,Loyal,Referral,REP002,2017-10-24 15:44:34,2018-09-13 13:07:27
CUST004218,New,Marketplace,REP009,2018-06-29 08:32:24,2018-06-29 08:32:24
CUST004219,Regular,Paid Search,REP027,2017-03-17 20:17:04,2018-01-02 01:50:30
CUST004220,Regular,Organic,REP024,2017-01-19 14:46:58,2017-02-13 11:23:25
CUST004221,Regular,Marketplace,REP030,2017-09-18 20:20:49,2018-01-06 11:08:36
CUST004222,Loyal,Organic,REP012,2017-02-08 18:37:33,2018-09-08 15:24:43
CUST004223,Regular,Email,REP028,2018-06-20 04:19:39,2018-08-25 11:28:17
CUST004224,Inactive,Paid Search,REP023,2018-03-22 00:00:00,2018-03-22 00:00:00
CUST004225,Inactive,Paid Search,REP027,2017-04-04 00:00:00,2017-04-04 00:00:00
CUST004226,Regular,Email,REP002,2017-11-01 06:57:50,2018-07-06 10:49:01
CUST004227,New,Social,REP023,2018-05-07 14:54:49,2018-05-07 14:54:49
CUST004228,Loyal,Marketplace,REP025,2017-07-31 13:33:08,2018-02-20 17:46:23
CUST004229,Regular,Organic,REP014,2017-08-30 14:58:16,2018-01-21 07:53:14
CUST004230,Regular,Organic,REP029,2017-06-22 14:36:10,2017-12-03 13:00:04
CUST004231,New,Paid Search,REP008,2018-08-22 00:00:00,2018-08-22 00:00:00
CUST004232,Loyal,Referral,REP013,2017-05-08 03:35:32,2018-07-18 10:27:35
CUST004233,Inactive,Paid Search,REP005,2017-04-07 03:25:11,2017-04-07 03:25:11
CUST004234,Loyal,Referral,REP004,2017-05-10 03:43:26,2018-06-25 13:34:12
CUST004235,Loyal,Referral,REP003,2017-01-15 08:31:58,2018-09-14 19:18:53
CUST004236,New,Referral,REP006,2018-09-20 20:26:33,2018-09-20 20:26:33
CUST004237,Regular,Organic,REP029,2017-05-20 02:17:17,2017-10-11 21:07:40
CUST004238,Loyal,Social,REP016,2018-01-01 15:57:37,2018-07-26 20:02:33
CUST004239,Loyal,Referral,REP011,2017-12-28 00:35:39,2018-08-06 02:25:21
CUST004240,Loyal,Social,REP002,2017-05-13 04:22:20,2018-09-06 11:29:04
CUST004241,Regular,Referral,REP023,2017-12-31 12:43:20,2018-09-21 07:04:29
CUST004242,Inactive,Social,REP005,2017-08-29 22:28:03,2017-08-29 22:28:03
CUST004243,New,Marketplace,REP019,2018-05-20 05:07:20,2018-05-20 05:07:20
CUST004244,Regular,Social,REP019,2017-03-24 09:53:42,2017-10-17 03:23:29
CUST004245,Loyal,Paid Search,REP014,2017-01-10 18:41:54,2018-09-27 00:41:49
CUST004246,Regular,Paid Search,REP030,2017-05-04 23:53:34,2018-08-30 03:05:42
CUST004247,Regular,Marketplace,REP018,2018-04-24 14:54:36,2018-08-18 20:24:20
CUST004248,Regular,Social,REP028,2017-05-01 14:01:11,2018-02-20 21:53:52
CUST004249,Inactive,Social,REP024,2017-07-30 13:22:59,2017-07-30 13:22:59
CUST004250,Loyal,Paid Search,REP011,2017-08-17 03:49:29,2018-02-06 14:21:11
CUST004251,Inactive,Email,REP001,2017-07-03 16:36:39,2017-07-03 16:36:39
CUST004252,Inactive,Referral,REP008,2017-05-18 21:39:47,2017-05-18 21:39:47
CUST004253,Regular,Referral,REP020,2017-07-24 19:33:14,2018-07-03 00:16:11
CUST004254,Regular,Referral,REP023,2018-01-21 19:14:08,2018-08-29 23:26:05
CUST004255,Loyal,Marketplace,REP019,2017-03-05 09:16:27,2018-03-19 03:52:12
CUST004256,Loyal,Marketplace,REP013,2017-04-03 20:29:22,2017-09-20 19:43:11
CUST004257,Loyal,Organic,REP028,2017-04-17 08:17:20,2018-01-28 19:57:03
CUST004258,Loyal,Referral,REP005,2017-02-25 21:55:49,2018-08-12 17:53:36
CUST004259,Regular,Paid Search,REP024,2017-12-11 23:50:02,2018-02-09 20:02:44
CUST004260,Loyal,Marketplace,REP001,2017-02-05 02:47:21,2017-09-17 18:11:16
CUST004261,New,Marketplace,REP029,2018-07-19 13:57:32,2018-07-19 13:57:32
CUST004262,New,Paid Search,REP029,2018-05-16 05:26:16,2018-05-16 05:26:16
CUST004263,Inactive,Paid Search,REP012,2018-01-24 11:55:06,2018-01-24 11:55:06
CUST004264,Inactive,Email,REP019,2017-06-17 17:00:28,2017-06-17 17:00:28
CUST004265,Regular,Organic,REP001,2017-09-29 07:55:54,2018-09-02 04:41:07
CUST004266,Regular,Social,REP027,2018-02-07 04:20:19,2018-05-06 00:01:52
CUST004267,Inactive,Email,REP015,2017-02-23 04:08:33,2017-02-23 04:08:33
CUST004268,Loyal,Social,REP013,2017-01-05 21:02:13,2018-07-04 21:13:19
CUST004269,Inactive,Paid Search,REP002,2017-01-14 06:51:34,2017-01-14 06:51:34
CUST004270,Loyal,Marketplace,REP008,2017-06-18 22:53:46,2018-03-15 01:30:45
CUST004271,VIP,Organic,REP010,2017-01-25 02:12:44,2018-09-09 19:51:14
CUST004272,Regular,Organic,REP019,2017-04-17 13:47:56,2018-08-28 16:51:02
CUST004273,Inactive,Social,REP015,2017-02-01 03:05:18,2017-02-01 03:05:18
CUST004274,Regular,Marketplace,REP001,2017-06-03 14:00:44,2018-06-23 21:05:12
CUST004275,Loyal,Social,REP030,2017-02-09 00:18:50,2018-06-07 08:41:34
CUST004276,VIP,Paid Search,REP022,2017-02-25 12:05:56,2018-09-21 22:04:40
CUST004277,Inactive,Email,REP028,2017-05-29 20:38:45,2017-05-29 20:38:45
CUST004278,Inactive,Email,REP030,2017-11-03 00:00:00,2017-11-03 00:00:00
CUST004279,Inactive,Social,REP014,2017-02-02 17:48:44,2017-02-02 17:48:44
CUST004280,Inactive,Paid Search,REP014,2017-02-16 05:04:40,2017-02-16 05:04:40
CUST004281,Inactive,Marketplace,REP003,2018-01-29 00:00:00,2018-01-29 00:00:00
CUST004282,VIP,Referral,REP027,2017-04-09 00:21:35,2018-08-21 13:07:46
CUST004283,Loyal,Paid Search,REP017,2017-03-10 16:57:06,2017-11-19 00:46:36
CUST004284,Regular,Paid Search,REP019,2017-12-25 03:51:56,2018-07-16 08:02:17
CUST004285,Loyal,Email,REP024,2017-04-07 03:31:06,2017-10-30 03:22:16
CUST004286,Loyal,Referral,REP024,2017-03-10 23:34:09,2018-05-22 15:02:41
CUST004287,Loyal,Social,REP028,2017-03-20 23:45:42,2018-09-17 02:09:24
CUST004288,Regular,Marketplace,REP018,2017-09-23 18:27:58,2018-02-17 23:04:08
CUST004289,Inactive,Marketplace,REP028,2017-09-29 12:32:58,2017-09-29 12:32:58
CUST004290,Loyal,Marketplace,REP015,2017-03-06 11:51:26,2018-02-06 21:22:50
CUST004291,Regular,Email,REP013,2017-11-06 06:58:52,2018-03-04 19:59:51
CUST004292,Inactive,Paid Search,REP019,2017-05-27 12:08:10,2017-05-27 12:08:10
CUST004293,Regular,Social,REP007,2017-07-04 03:22:40,2017-10-22 21:51:19
CUST004294,Loyal,Organic,REP013,2017-02-27 14:19:37,2018-05-06 10:26:36
CUST004295,VIP,Paid Search,REP027,2018-04-19 14:59:19,2018-08-31 17:49:42
CUST004296,VIP,Social,REP006,2018-01-23 02:11:31,2018-08-22 13:52:21
CUST004297,New,Paid Search,REP014,2018-04-22 00:00:00,2018-04-22 00:00:00
CUST004298,Loyal,Marketplace,REP025,2017-11-19 19:18:09,2018-05-26 06:33:10
CUST004299,Loyal,Marketplace,REP009,2017-02-06 08:07:17,2017-10-12 10:39:46
CUST004300,Loyal,Paid Search,REP015,2017-02-15 21:39:48,2018-05-17 05:49:51
CUST004301,Regular,Organic,REP019,2017-12-01 15:08:57,2018-02-17 21:54:19
CUST004302,VIP,Marketplace,REP029,2017-04-08 02:13:07,2018-05-14 15:06:55
CUST004303,Loyal,Email,REP010,2017-09-15 16:02:55,2018-09-10 05:20:02
CUST004304,Loyal,Organic,REP027,2017-12-06 00:36:26,2018-08-23 08:35:26
CUST004305,Inactive,Paid Search,REP002,2018-03-15 06:01:13,2018-03-15 06:01:13
CUST004306,Inactive,Marketplace,REP011,2017-12-01 14:27:21,2017-12-01 14:27:21
CUST004307,Inactive,Paid Search,REP010,2018-01-31 20:20:27,2018-01-31 20:20:27
CUST004308,Inactive,Marketplace,REP007,2017-03-09 00:00:00,2017-03-09 00:00:00
CUST004309,Loyal,Organic,REP022,2017-02-08 09:07:01,2018-07-09 10:03:08
CUST004310,Loyal,Paid Search,REP022,2017-02-24 21:30:28,2018-08-28 15:36:29
CUST004311,Regular,Referral,REP024,2017-10-12 17:47:19,2018-09-22 00:52:10
CUST004312,Regular,Social,REP012,2017-10-02 02:33:36,2017-10-03 12:15:25
CUST004313,Loyal,Marketplace,REP019,2017-04-30 16:07:45,2018-08-13 01:00:27
CUST004314,Loyal,Marketplace,REP028,2017-05-22 23:11:16,2018-09-22 18:29:03
CUST004315,Loyal,Referral,REP007,2017-05-22 15:23:44,2017-09-12 10:27:35
CUST004316,Loyal,Email,REP007,2017-02-15 11:19:46,2017-10-21 06:57:02
CUST004317,Inactive,Email,REP010,2017-04-21 13:42:19,2017-04-21 13:42:19
CUST004318,Loyal,Referral,REP005,2017-08-27 16:24:52,2018-01-09 19:46:31
CUST004319,Loyal,Email,REP009,2017-08-24 05:50:18,2018-09-11 13:30:38
CUST004320,Regular,Referral,REP003,2017-07-15 18:56:54,2018-03-25 08:36:37
CUST004321,Loyal,Paid Search,REP022,2017-04-25 14:54:15,2018-06-14 10:42:22
CUST004322,Inactive,Organic,REP004,2017-09-01 10:28:38,2017-09-01 10:28:38
CUST004323,Loyal,Referral,REP013,2017-04-23 21:25:23,2018-01-26 17:53:22
CUST004324,Regular,Social,REP027,2017-04-08 00:17:41,2017-04-10 00:20:16
CUST004325,Loyal,Marketplace,REP018,2017-02-06 10:21:00,2017-05-15 23:29:21
CUST004326,Loyal,Social,REP003,2017-01-14 20:04:34,2018-07-13 22:42:32
CUST004327,New,Paid Search,REP013,2018-04-27 17:23:18,2018-04-27 17:23:18
CUST004328,Inactive,Marketplace,REP018,2017-11-04 11:19:01,2017-11-04 11:19:01
CUST004329,Regular,Organic,REP016,2017-02-28 10:05:14,2017-12-08 11:35:21
CUST004330,Regular,Social,REP023,2017-02-21 13:43:49,2017-12-28 09:59:03
CUST004331,Loyal,Referral,REP027,2017-05-05 18:59:00,2017-07-02 12:44:47
CUST004332,VIP,Social,REP010,2017-02-19 20:33:08,2018-09-17 17:37:42
CUST004333,Inactive,Paid Search,REP019,2017-11-28 01:54:18,2017-11-28 01:54:18
CUST004334,Regular,Referral,REP003,2018-01-26 06:32:53,2018-04-27 06:00:01
CUST004335,Inactive,Organic,REP026,2017-10-15 09:48:20,2017-10-15 09:48:20
CUST004336,Loyal,Paid Search,REP009,2017-01-29 21:23:20,2017-12-13 01:11:59
CUST004337,Loyal,Marketplace,REP026,2017-12-21 01:10:37,2018-08-27 16:56:58
CUST004338,New,Social,REP025,2018-04-08 07:13:44,2018-04-08 07:13:44
CUST004339,Loyal,Email,REP014,2017-02-15 09:36:20,2018-08-24 13:36:13
CUST004340,Regular,Referral,REP008,2018-05-16 13:04:05,2018-09-14 03:29:29
CUST004341,Loyal,Marketplace,REP014,2017-03-29 04:44:11,2018-05-17 12:13:32
CUST004342,Inactive,Marketplace,REP029,2017-10-28 20:40:00,2017-10-28 20:40:00
CUST004343,Regular,Referral,REP020,2017-12-11 14:53:08,2018-04-29 16:27:08
CUST004344,New,Social,REP020,2018-08-16 02:51:43,2018-08-16 02:51:43
CUST004345,Inactive,Referral,REP024,2017-04-02 00:00:00,2017-04-02 00:00:00
CUST004346,Inactive,Paid Search,REP030,2017-06-14 00:08:11,2017-06-14 00:08:11
CUST004347,Loyal,Paid Search,REP005,2017-02-02 22:57:20,2018-05-18 08:41:05
CUST004348,Regular,Email,REP012,2018-02-23 00:12:01,2018-05-16 23:20:00
CUST004349,Loyal,Paid Search,REP003,2017-07-08 21:33:03,2018-09-28 16:38:12
CUST004350,Loyal,Marketplace,REP001,2017-07-06 07:02:02,2018-09-19 00:09:26
CUST004351,Loyal,Organic,REP028,2017-02-16 02:37:13,2018-08-06 11:26:27
CUST004352,Loyal,Referral,REP018,2017-02-04 08:28:53,2018-02-02 05:30:33
CUST004353,Regular,Organic,REP028,2017-04-04 11:40:51,2017-05-26 02:35:59
CUST004354,Inactive,Marketplace,REP022,2017-01-10 01:17:17,2017-01-10 01:17:17
CUST004355,Loyal,Paid Search,REP018,2017-05-20 10:26:41,2018-05-26 03:15:21
CUST004356,Loyal,Email,REP016,2017-02-03 22:42:20,2017-09-11 07:10:35
CUST004357,Loyal,Organic,REP003,2017-11-22 09:01:41,2018-08-04 07:47:23
CUST004358,VIP,Organic,REP020,2017-01-09 22:42:48,2018-08-13 06:17:25
CUST004359,Loyal,Organic,REP013,2017-01-31 13:31:42,2017-09-17 03:41:52
CUST004360,Loyal,Marketplace,REP022,2017-01-15 12:02:51,2018-09-29 13:30:42
CUST004361,Loyal,Referral,REP008,2017-03-13 13:22:15,2018-05-07 15:19:22
CUST004362,Inactive,Paid Search,REP023,2017-07-22 04:57:35,2017-07-22 04:57:35
CUST004363,Loyal,Organic,REP018,2017-10-18 03:26:43,2018-09-03 07:45:41
CUST004364,Loyal,Social,REP008,2017-02-07 00:28:02,2018-04-03 09:33:45
CUST004365,New,Organic,REP009,2018-09-16 11:56:46,2018-09-16 11:56:46
CUST004366,New,Organic,REP023,2018-08-05 21:25:14,2018-08-05 21:25:14
CUST004367,VIP,Paid Search,REP013,2017-02-21 22:23:33,2018-09-20 14:14:28
CUST004368,Loyal,Email,REP001,2017-06-08 00:46:55,2018-08-16 01:40:46
CUST004369,Inactive,Referral,REP017,2017-02-12 07:17:54,2017-02-12 07:17:54
CUST004370,Loyal,Referral,REP020,2017-01-22 06:10:06,2018-09-28 04:36:05
CUST004371,New,Referral,REP022,2018-04-27 00:00:00,2018-04-27 00:00:00
CUST004372,Inactive,Email,REP019,2017-07-15 00:00:00,2017-07-15 00:00:00
CUST004373,Loyal,Organic,REP012,2017-08-20 16:15:32,2018-09-13 20:38:43
CUST004374,Loyal,Organic,REP006,2017-01-28 07:13:25,2018-07-22 13:05:41
CUST004375,Inactive,Social,REP008,2017-10-12 23:56:06,2017-10-12 23:56:06
CUST004376,Regular,Social,REP020,2018-02-11 09:32:35,2018-07-15 21:21:32
CUST004377,Loyal,Marketplace,REP021,2017-02-09 14:05:50,2018-09-13 18:59:06
CUST004378,Regular,Marketplace,REP023,2018-05-16 02:46:16,2018-07-22 00:48:24
CUST004379,Loyal,Social,REP005,2017-10-03 13:48:57,2018-07-05 17:03:43
CUST004380,Loyal,Marketplace,REP027,2017-03-27 08:29:33,2018-09-28 19:08:39
CUST004381,Loyal,Email,REP020,2017-04-22 03:07:39,2018-09-27 16:43:49
CUST004382,Regular,Organic,REP018,2017-05-31 09:19:39,2018-05-06 12:33:51
CUST004383,Loyal,Social,REP016,2017-10-18 09:03:19,2018-06-14 21:06:57
CUST004384,Loyal,Referral,REP016,2017-09-17 03:39:00,2018-07-02 15:13:36
CUST004385,Inactive,Marketplace,REP027,2017-08-24 17:22:00,2017-08-24 17:22:00
CUST004386,Regular,Organic,REP021,2018-06-16 20:46:53,2018-08-06 00:51:38
CUST004387,Inactive,Social,REP004,2017-05-05 08:57:03,2017-05-05 08:57:03
CUST004388,Regular,Email,REP007,2017-02-18 04:27:24,2017-11-13 08:09:44
CUST004389,Loyal,Referral,REP018,2017-01-11 16:38:27,2018-06-12 06:23:21
CUST004390,Loyal,Email,REP025,2017-05-16 22:38:45,2018-08-09 02:27:43
CUST004391,Loyal,Referral,REP017,2017-01-20 17:14:02,2017-12-15 20:26:22
CUST004392,Loyal,Marketplace,REP003,2017-02-01 18:30:25,2018-01-05 13:36:21
CUST004393,VIP,Email,REP025,2017-05-14 08:23:57,2018-05-20 03:56:54
CUST004394,Inactive,Email,REP030,2017-05-17 00:00:00,2017-05-17 00:00:00
CUST004395,New,Paid Search,REP019,2018-07-27 23:19:59,2018-07-27 23:19:59
CUST004396,Loyal,Marketplace,REP012,2017-01-19 02:31:37,2018-07-23 12:33:37
CUST004397,Regular,Email,REP018,2017-07-04 15:12:57,2017-12-10 11:57:08
CUST004398,Regular,Organic,REP007,2017-10-05 14:13:37,2018-04-15 22:56:31
CUST004399,Regular,Organic,REP017,2018-04-03 13:44:01,2018-05-04 12:29:21
CUST004400,Regular,Social,REP028,2017-09-27 05:35:40,2018-07-20 04:20:11
CUST004401,Regular,Organic,REP009,2017-08-06 02:32:02,2017-09-14 12:28:07
CUST004402,Loyal,Marketplace,REP016,2017-12-01 05:22:49,2018-08-13 23:23:36
CUST004403,Regular,Social,REP026,2018-03-01 13:39:34,2018-03-01 22:14:22
CUST004404,Inactive,Marketplace,REP017,2017-04-14 02:41:25,2017-04-14 02:41:25
CUST004405,Loyal,Referral,REP020,2017-03-21 00:07:38,2017-12-26 16:33:01
CUST004406,Loyal,Paid Search,REP027,2017-09-10 17:43:11,2018-06-26 00:10:57
CUST004407,Inactive,Social,REP007,2017-02-11 16:23:51,2017-02-11 16:23:51
CUST004408,Loyal,Email,REP023,2017-02-25 03:34:57,2018-06-21 21:05:45
CUST004409,New,Paid Search,REP029,2018-04-29 12:42:18,2018-04-29 12:42:18
CUST004410,Inactive,Referral,REP017,2017-03-12 12:41:05,2017-03-12 12:41:05
CUST004411,Loyal,Referral,REP014,2017-02-09 12:10:06,2018-06-05 08:37:40
CUST004412,Regular,Email,REP014,2017-11-24 16:04:36,2018-04-19 22:58:26
CUST004413,New,Paid Search,REP004,2018-08-04 14:05:01,2018-08-04 14:05:01
CUST004414,VIP,Referral,REP012,2017-03-04 04:08:19,2018-09-10 01:26:23
CUST004415,Loyal,Email,REP009,2017-07-30 15:50:57,2017-11-03 20:28:23
CUST004416,Loyal,Email,REP030,2017-03-09 17:15:44,2018-06-11 05:34:04
CUST004417,Loyal,Email,REP017,2017-08-15 19:47:17,2018-06-07 23:26:16
CUST004418,Regular,Marketplace,REP008,2018-01-24 12:45:58,2018-04-01 04:44:40
CUST004419,Loyal,Social,REP013,2017-03-27 16:13:41,2018-08-12 01:13:03
CUST004420,Inactive,Referral,REP015,2017-08-21 17:45:28,2017-08-21 17:45:28
CUST004421,Loyal,Paid Search,REP020,2017-02-04 13:01:01,2018-03-04 00:46:24
CUST004422,Loyal,Marketplace,REP005,2017-02-19 21:16:44,2018-03-02 09:02:35
CUST004423,Regular,Marketplace,REP023,2017-02-01 04:03:28,2017-05-18 03:33:12
CUST004424,Loyal,Social,REP015,2017-07-26 21:31:23,2018-07-11 21:52:24
CUST004425,Inactive,Marketplace,REP018,2017-03-16 00:00:00,2017-03-16 00:00:00
CUST004426,Regular,Social,REP024,2017-10-18 02:44:49,2018-03-07 18:57:43
CUST004427,Regular,Email,REP003,2018-04-11 19:27:07,2018-09-30 07:34:02
CUST004428,Regular,Email,REP003,2017-01-04 06:12:09,2018-08-20 11:32:46
CUST004429,Regular,Social,REP003,2017-06-20 12:39:57,2017-06-24 00:50:46
CUST004430,Regular,Referral,REP016,2017-08-23 16:41:16,2017-10-31 02:58:55
CUST004431,Loyal,Referral,REP022,2017-02-06 17:35:00,2018-04-17 14:58:23
CUST004432,Loyal,Email,REP002,2017-04-28 20:11:27,2018-07-20 15:51:31
CUST004433,Loyal,Marketplace,REP002,2017-04-25 15:27:21,2018-07-12 22:24:46
CUST004434,Loyal,Email,REP009,2017-02-07 00:19:38,2018-05-28 17:27:27
CUST004435,Loyal,Marketplace,REP029,2017-07-12 21:21:31,2018-08-11 15:48:08
CUST004436,Loyal,Referral,REP007,2017-04-21 08:22:49,2018-09-28 02:44:39
CUST004437,Inactive,Marketplace,REP001,2017-07-09 00:00:00,2017-07-09 00:00:00
CUST004438,Loyal,Social,REP018,2017-03-11 18:04:25,2018-05-29 05:37:48
CUST004439,Loyal,Social,REP027,2017-05-07 16:20:44,2018-08-06 11:40:41
CUST004440,Regular,Paid Search,REP004,2018-01-13 06:27:25,2018-06-20 16:23:57
CUST004441,Inactive,Organic,REP012,2017-02-23 11:31:20,2017-02-23 11:31:20
CUST004442,Regular,Referral,REP027,2017-01-17 11:57:05,2018-06-28 19:26:24
CUST004443,Loyal,Paid Search,REP021,2018-04-26 04:12:03,2018-07-06 09:10:49
CUST004444,Loyal,Referral,REP019,2017-05-09 19:32:54,2018-09-06 04:12:00
CUST004445,Regular,Social,REP019,2017-02-24 16:55:43,2018-07-07 15:15:35
CUST004446,Inactive,Marketplace,REP021,2017-06-29 05:49:20,2017-06-29 05:49:20
CUST004447,Inactive,Marketplace,REP026,2017-12-04 00:00:00,2017-12-04 00:00:00
CUST004448,Loyal,Referral,REP009,2017-05-13 14:07:16,2018-08-24 23:49:30
CUST004449,Regular,Social,REP027,2017-01-31 20:35:00,2017-07-08 00:07:02
CUST004450,Loyal,Organic,REP006,2017-02-13 10:03:22,2017-12-22 00:14:44
CUST004451,New,Marketplace,REP011,2018-06-01 07:44:53,2018-06-01 07:44:53
CUST004452,VIP,Referral,REP012,2017-07-04 17:33:22,2018-07-31 13:32:19
CUST004453,Loyal,Paid Search,REP018,2017-02-07 16:11:09,2018-05-31 13:24:24
CUST004454,Regular,Referral,REP011,2018-09-19 16:46:59,2018-09-29 15:31:48
CUST004455,Loyal,Marketplace,REP007,2017-06-01 23:03:55,2018-08-23 21:53:53
CUST004456,New,Email,REP022,2018-08-14 16:49:13,2018-08-14 16:49:13
CUST004457,Loyal,Organic,REP011,2017-08-03 17:45:59,2018-09-28 17:32:28
CUST004458,Inactive,Paid Search,REP011,2017-06-09 00:00:00,2017-06-09 00:00:00
CUST004459,Loyal,Organic,REP015,2017-01-31 03:42:09,2017-12-02 14:32:14
CUST004460,Regular,Email,REP024,2017-04-26 03:52:52,2018-08-20 01:40:50
CUST004461,Regular,Social,REP009,2017-02-26 16:44:34,2018-08-04 03:34:41
CUST004462,Regular,Marketplace,REP011,2018-02-16 13:38:37,2018-05-17 07:20:37
CUST004463,Loyal,Marketplace,REP003,2017-01-16 21:38:07,2018-03-27 01:29:09
CUST004464,Inactive,Social,REP004,2017-09-04 00:00:00,2017-09-04 00:00:00
CUST004465,New,Email,REP013,2018-04-08 03:42:59,2018-04-08 03:42:59
CUST004466,Inactive,Referral,REP004,2017-02-08 00:00:00,2017-02-08 00:00:00
CUST004467,Loyal,Paid Search,REP020,2017-06-05 11:21:44,2018-07-03 03:45:49
CUST004468,Regular,Organic,REP002,2017-12-30 20:23:49,2018-01-05 15:16:26
CUST004469,Loyal,Marketplace,REP025,2017-08-25 09:06:17,2018-01-01 11:35:36
CUST004470,Inactive,Paid Search,REP011,2017-10-25 22:44:05,2017-10-25 22:44:05
CUST004471,Regular,Referral,REP021,2017-05-01 07:31:44,2017-12-20 02:35:19
CUST004472,Inactive,Social,REP006,2017-04-23 10:15:10,2017-04-23 10:15:10
CUST004473,Regular,Organic,REP002,2017-05-26 16:56:37,2017-07-31 21:22:46
CUST004474,Regular,Social,REP019,2018-05-11 00:23:02,2018-09-25 07:34:29
CUST004475,Regular,Email,REP006,2017-12-10 01:33:04,2018-09-29 14:05:58
CUST004476,Regular,Paid Search,REP008,2017-10-22 15:08:52,2018-03-06 19:53:09
CUST004477,Loyal,Referral,REP003,2017-06-13 00:41:31,2017-12-03 22:40:22
CUST004478,Inactive,Paid Search,REP010,2017-12-18 03:46:19,2017-12-18 03:46:19
CUST004479,Loyal,Paid Search,REP026,2018-02-19 15:43:35,2018-05-07 06:57:06
CUST004480,Loyal,Email,REP010,2017-08-14 11:24:47,2018-03-02 17:34:02
CUST004481,Regular,Social,REP012,2017-07-31 21:36:29,2018-01-30 20:11:05
CUST004482,New,Paid Search,REP018,2018-09-08 04:25:07,2018-09-08 04:25:07
CUST004483,New,Organic,REP022,2018-05-27 03:10:12,2018-05-27 03:10:12
CUST004484,Loyal,Social,REP010,2017-03-29 18:55:55,2018-02-12 23:48:18
CUST004485,VIP,Marketplace,REP025,2017-03-10 11:57:27,2018-09-27 03:52:55
CUST004486,Inactive,Referral,REP026,2017-01-20 21:43:20,2017-01-20 21:43:20
CUST004487,Inactive,Referral,REP012,2017-02-07 00:00:00,2017-02-07 00:00:00
CUST004488,Inactive,Referral,REP013,2018-01-19 23:40:15,2018-01-19 23:40:15
CUST004489,Regular,Referral,REP005,2017-01-09 22:18:26,2018-06-17 19:25:22
CUST004490,Inactive,Marketplace,REP021,2017-08-11 00:00:00,2017-08-11 00:00:00
CUST004491,Loyal,Marketplace,REP027,2017-04-16 20:16:20,2018-03-19 06:21:37
CUST004492,Loyal,Marketplace,REP003,2017-07-10 20:30:05,2017-08-13 07:06:40
CUST004493,Inactive,Email,REP021,2017-08-13 20:03:55,2017-08-13 20:03:55
CUST004494,Loyal,Social,REP012,2018-01-06 09:47:05,2018-09-10 14:09:25
CUST004495,Loyal,Social,REP002,2017-04-19 01:54:06,2018-02-01 06:04:10
CUST004496,Loyal,Marketplace,REP007,2017-04-20 00:52:43,2018-01-14 21:03:31
CUST004497,Loyal,Email,REP008,2017-01-20 05:22:04,2018-04-08 06:48:12
CUST004498,Loyal,Paid Search,REP006,2018-01-15 22:01:15,2018-05-08 17:37:44
CUST004499,Regular,Email,REP005,2017-01-08 15:02:45,2018-05-19 04:19:02
CUST004500,Regular,Referral,REP014,2018-02-10 17:19:06,2018-05-08 10:24:22
CUST004501,Loyal,Email,REP004,2017-05-05 04:44:29,2018-08-21 02:21:37
CUST004502,Loyal,Referral,REP008,2017-01-09 18:57:08,2017-12-29 18:44:13
CUST004503,New,Paid Search,REP004,2018-08-28 00:00:00,2018-08-28 00:00:00
CUST004504,Loyal,Marketplace,REP006,2017-02-23 23:02:00,2018-09-02 00:30:28
CUST004505,Loyal,Social,REP013,2017-04-23 14:48:38,2018-07-23 22:20:41
CUST004506,New,Organic,REP009,2018-07-14 18:00:13,2018-07-14 18:00:13
CUST004507,Loyal,Marketplace,REP019,2017-01-04 20:05:29,2018-04-29 00:09:01
CUST004508,Regular,Email,REP014,2017-05-21 09:38:12,2017-07-22 23:11:35
CUST004509,New,Social,REP023,2018-04-25 00:00:00,2018-04-25 00:00:00
CUST004510,New,Marketplace,REP030,2018-08-04 06:56:16,2018-08-04 06:56:16
CUST004511,New,Referral,REP022,2018-05-18 01:49:59,2018-05-18 01:49:59
CUST004512,Loyal,Marketplace,REP005,2017-05-14 17:28:56,2018-09-02 09:33:23
CUST004513,Regular,Marketplace,REP025,2018-02-04 07:48:57,2018-06-27 18:08:31
CUST004514,Regular,Email,REP001,2017-03-05 16:14:28,2018-04-04 05:45:01
CUST004515,Regular,Referral,REP011,2017-07-26 17:20:15,2018-09-25 03:45:13
CUST004516,Inactive,Email,REP003,2017-06-13 22:46:14,2017-06-13 22:46:14
CUST004517,Inactive,Referral,REP020,2017-12-23 00:00:00,2017-12-23 00:00:00
CUST004518,New,Social,REP025,2018-05-15 18:12:42,2018-05-15 18:12:42
CUST004519,Loyal,Referral,REP027,2017-09-23 04:39:18,2018-05-30 17:32:02
CUST004520,Loyal,Social,REP024,2017-05-26 06:03:58,2018-01-14 04:02:06
CUST004521,New,Social,REP007,2018-08-03 11:50:04,2018-08-03 11:50:04
CUST004522,Loyal,Paid Search,REP025,2017-03-19 07:22:27,2018-09-13 05:24:15
CUST004523,Regular,Marketplace,REP028,2017-12-31 16:52:27,2018-03-26 04:36:09
CUST004524,Regular,Paid Search,REP009,2017-03-31 04:51:56,2017-09-15 06:54:09
CUST004525,New,Organic,REP015,2018-06-27 01:08:14,2018-06-27 01:08:14
CUST004526,Regular,Social,REP026,2018-03-27 23:45:24,2018-06-17 16:40:51
CUST004527,Regular,Email,REP017,2017-11-01 01:14:14,2018-07-08 14:10:06
CUST004528,Regular,Referral,REP022,2018-06-17 13:33:30,2018-07-16 09:37:26
CUST004529,Loyal,Paid Search,REP011,2017-07-24 03:18:55,2018-07-09 08:21:11
CUST004530,Loyal,Email,REP014,2017-02-02 18:51:42,2018-07-13 05:50:36
CUST004531,Regular,Email,REP018,2017-08-20 22:04:37,2018-08-27 19:06:05
CUST004532,Regular,Email,REP006,2018-01-31 10:27:50,2018-09-10 02:10:40
CUST004533,Loyal,Referral,REP006,2017-03-03 10:55:53,2017-11-09 18:22:45
CUST004534,Inactive,Organic,REP002,2017-09-27 00:00:00,2017-09-27 00:00:00
CUST004535,Loyal,Marketplace,REP024,2017-02-12 15:03:11,2018-07-17 17:52:31
CUST004536,Loyal,Referral,REP018,2017-02-14 14:08:26,2018-08-23 00:49:25
CUST004537,Inactive,Marketplace,REP014,2017-09-25 23:53:18,2017-09-25 23:53:18
CUST004538,Loyal,Marketplace,REP020,2017-06-20 10:57:57,2018-06-11 18:48:45
CUST004539,Loyal,Referral,REP025,2017-07-20 22:48:55,2018-03-15 09:31:32
CUST004540,Regular,Paid Search,REP004,2017-06-13 11:53:43,2018-06-25 06:10:19
CUST004541,Inactive,Email,REP003,2017-11-23 02:33:52,2017-11-23 02:33:52
CUST004542,New,Marketplace,REP025,2018-07-09 22:03:20,2018-07-09 22:03:20
CUST004543,Regular,Social,REP019,2017-05-01 10:47:42,2017-06-11 21:39:03
CUST004544,Inactive,Email,REP015,2017-08-18 00:00:00,2017-08-18 00:00:00
CUST004545,Loyal,Social,REP024,2017-04-21 19:58:11,2018-08-17 12:39:51
CUST004546,Loyal,Email,REP004,2017-03-27 03:57:40,2018-03-26 10:39:52
CUST004547,Inactive,Organic,REP026,2018-01-24 09:05:01,2018-01-24 09:05:01
CUST004548,Inactive,Social,REP004,2017-02-18 00:00:00,2017-02-18 00:00:00
CUST004549,New,Referral,REP027,2018-07-31 18:53:07,2018-07-31 18:53:07
CUST004550,Regular,Organic,REP029,2018-03-30 03:35:19,2018-08-13 19:10:54
CUST004551,Inactive,Email,REP005,2018-01-26 07:47:56,2018-01-26 07:47:56
CUST004552,Loyal,Social,REP004,2018-01-21 05:19:46,2018-08-29 02:53:19
CUST004553,Regular,Social,REP025,2018-07-13 09:35:10,2018-09-16 03:33:20
CUST004554,Regular,Organic,REP001,2017-02-06 17:21:30,2017-12-27 22:50:46
CUST004555,VIP,Referral,REP007,2017-03-12 07:44:24,2018-08-15 01:10:10
CUST004556,Inactive,Social,REP020,2017-09-14 05:18:37,2017-09-14 05:18:37
CUST004557,Regular,Email,REP017,2017-08-08 16:35:33,2018-02-23 20:48:58
CUST004558,Inactive,Email,REP026,2018-02-10 15:15:38,2018-02-10 15:15:38
CUST004559,Loyal,Social,REP013,2017-03-07 19:37:48,2018-08-25 21:09:25
CUST004560,Loyal,Social,REP003,2017-03-27 12:58:15,2018-09-28 14:50:48
CUST004561,Regular,Paid Search,REP005,2017-01-13 07:44:13,2018-04-26 17:47:39
CUST004562,Loyal,Email,REP024,2017-09-12 22:55:48,2018-07-01 01:42:17
CUST004563,Loyal,Paid Search,REP017,2017-02-01 02:24:39,2018-08-09 15:57:42
CUST004564,Regular,Marketplace,REP030,2017-04-18 06:28:21,2018-04-11 00:25:39
CUST004565,Loyal,Organic,REP025,2017-09-23 16:56:26,2018-09-18 13:48:31
CUST004566,Regular,Paid Search,REP004,2017-01-30 10:06:30,2017-05-25 07:02:37
CUST004567,Regular,Email,REP030,2017-04-13 20:25:04,2018-03-07 09:22:40
CUST004568,Loyal,Marketplace,REP018,2017-01-08 13:29:16,2018-09-01 10:33:27
CUST004569,Loyal,Marketplace,REP006,2017-07-10 16:40:36,2018-06-23 12:44:56
CUST004570,Regular,Email,REP024,2018-02-02 16:26:43,2018-05-12 14:38:05
CUST004571,Inactive,Marketplace,REP001,2017-03-26 06:47:23,2017-03-26 06:47:23
CUST004572,Regular,Email,REP019,2017-08-07 01:46:50,2017-10-12 17:42:10
CUST004573,Loyal,Organic,REP029,2017-10-17 11:20:38,2018-09-20 17:49:33
CUST004574,New,Email,REP009,2018-05-24 00:00:00,2018-05-24 00:00:00
CUST004575,Regular,Referral,REP019,2017-01-01 16:40:48,2017-04-29 11:55:45
CUST004576,Loyal,Paid Search,REP015,2017-12-22 06:33:11,2018-05-22 19:51:38
CUST004577,Regular,Organic,REP015,2017-03-30 22:54:28,2018-09-22 04:54:21
CUST004578,Regular,Marketplace,REP020,2017-02-23 20:40:39,2017-03-03 10:12:43
CUST004579,Regular,Marketplace,REP015,2017-11-11 13:10:55,2018-05-09 21:26:57
CUST004580,Regular,Social,REP023,2017-03-16 22:51:17,2017-11-02 06:06:06
CUST004581,Loyal,Paid Search,REP011,2017-03-23 09:15:30,2018-07-09 06:24:16
CUST004582,Loyal,Social,REP019,2017-08-14 11:05:00,2018-04-07 06:32:58
CUST004583,Regular,Organic,REP024,2017-04-22 14:57:32,2018-01-24 19:17:25
CUST004584,Inactive,Referral,REP009,2017-02-03 13:29:26,2017-02-03 13:29:26
CUST004585,New,Marketplace,REP002,2018-06-14 00:00:00,2018-06-14 00:00:00
CUST004586,Regular,Paid Search,REP030,2017-03-06 15:51:33,2018-07-14 15:09:36
CUST004587,Inactive,Social,REP010,2017-07-19 00:00:00,2017-07-19 00:00:00
CUST004588,Inactive,Social,REP029,2017-12-11 00:00:00,2017-12-11 00:00:00
CUST004589,Regular,Social,REP028,2017-09-30 12:45:40,2018-04-17 10:24:39
CUST004590,Regular,Email,REP006,2018-06-03 20:05:03,2018-07-19 22:04:54
CUST004591,Inactive,Marketplace,REP019,2017-02-03 00:00:00,2017-02-03 00:00:00
CUST004592,Inactive,Paid Search,REP017,2017-11-05 12:56:17,2017-11-05 12:56:17
CUST004593,Loyal,Paid Search,REP010,2017-09-02 09:46:57,2018-03-01 23:17:35
CUST004594,Loyal,Referral,REP028,2017-03-02 01:42:13,2018-03-13 08:38:29
CUST004595,Loyal,Marketplace,REP001,2017-02-11 16:32:30,2018-04-04 16:50:21
CUST004596,Inactive,Referral,REP030,2017-09-09 00:00:00,2017-09-09 00:00:00
CUST004597,Regular,Referral,REP009,2017-04-16 22:33:12,2017-10-09 09:04:11
CUST004598,Loyal,Social,REP024,2017-05-08 11:50:12,2018-09-19 14:38:27
CUST004599,Inactive,Marketplace,REP003,2017-07-29 00:00:00,2017-07-29 00:00:00
CUST004600,Loyal,Social,REP018,2017-02-15 16:23:33,2018-08-12 11:50:57
CUST004601,Loyal,Organic,REP017,2017-05-20 02:09:59,2018-01-04 12:29:49
CUST004602,Loyal,Referral,REP009,2017-03-07 14:16:35,2017-12-25 13:58:04
CUST004603,Regular,Paid Search,REP017,2017-01-24 20:22:56,2018-09-07 11:11:39
CUST004604,Loyal,Paid Search,REP024,2017-08-04 03:26:48,2017-11-27 05:21:01
CUST004605,VIP,Organic,REP026,2017-02-27 19:49:03,2018-04-06 17:36:15
CUST004606,Regular,Email,REP015,2017-09-28 17:04:54,2018-02-07 03:44:46
CUST004607,Regular,Marketplace,REP024,2017-03-14 04:33:04,2018-04-18 23:33:17
CUST004608,Loyal,Social,REP006,2017-06-24 08:06:58,2018-09-14 15:58:19
CUST004609,Regular,Paid Search,REP011,2017-06-18 08:33:17,2018-02-02 08:43:15
CUST004610,Loyal,Organic,REP028,2017-03-08 00:30:20,2018-08-10 14:29:31
CUST004611,Inactive,Referral,REP016,2017-02-14 00:00:00,2017-02-14 00:00:00
CUST004612,Inactive,Marketplace,REP025,2017-01-13 12:12:52,2017-01-13 12:12:52
CUST004613,Loyal,Social,REP022,2017-02-04 00:51:20,2017-12-22 17:24:39
CUST004614,Loyal,Social,REP008,2017-01-13 15:08:01,2018-06-25 23:02:51
CUST004615,Regular,Paid Search,REP002,2017-09-18 02:28:11,2017-11-12 23:39:22
CUST004616,Loyal,Social,REP010,2017-07-08 16:59:56,2018-07-23 19:50:02
CUST004617,Regular,Paid Search,REP030,2017-02-18 19:23:31,2017-06-16 23:37:01
CUST004618,Loyal,Email,REP018,2017-09-25 06:35:02,2018-07-07 16:59:41
CUST004619,Loyal,Email,REP011,2017-02-05 08:56:11,2017-10-21 17:45:10
CUST004620,Regular,Email,REP004,2018-01-08 19:55:30,2018-04-16 21:15:30
CUST004621,Loyal,Social,REP018,2017-08-16 17:21:10,2018-07-19 09:52:07
CUST004622,New,Organic,REP022,2018-04-14 18:47:58,2018-04-14 18:47:58
CUST004623,Regular,Referral,REP018,2017-01-04 10:13:18,2018-08-26 13:20:38
CUST004624,Loyal,Referral,REP019,2017-01-31 16:33:43,2018-09-23 13:47:16
CUST004625,Loyal,Email,REP012,2017-02-24 00:27:27,2018-07-15 16:28:19
CUST004626,New,Email,REP029,2018-07-18 06:11:28,2018-07-18 06:11:28
CUST004627,Loyal,Marketplace,REP023,2017-02-25 10:44:17,2017-11-26 05:47:49
CUST004628,Regular,Marketplace,REP029,2017-02-18 15:51:36,2018-09-23 14:04:54
CUST004629,Loyal,Organic,REP025,2017-10-16 20:39:07,2018-08-02 00:36:29
CUST004630,Inactive,Email,REP001,2017-09-07 00:00:00,2017-09-07 00:00:00
CUST004631,Inactive,Referral,REP018,2018-03-16 05:35:09,2018-03-16 05:35:09
CUST004632,Inactive,Organic,REP002,2017-08-15 00:00:00,2017-08-15 00:00:00
CUST004633,Loyal,Referral,REP013,2018-04-10 02:35:29,2018-08-11 12:58:00
CUST004634,New,Email,REP012,2018-06-10 20:01:01,2018-06-10 20:01:01
CUST004635,Regular,Social,REP017,2017-07-23 22:16:36,2017-12-28 01:56:54
CUST004636,VIP,Paid Search,REP005,2017-01-24 17:45:19,2018-09-11 07:38:42
CUST004637,Loyal,Email,REP017,2017-04-18 11:10:05,2018-03-26 14:26:33
CUST004638,Loyal,Organic,REP020,2017-01-05 19:48:24,2018-08-13 08:25:58
CUST004639,Inactive,Email,REP005,2017-07-11 18:01:08,2017-07-11 18:01:08
CUST004640,Loyal,Paid Search,REP030,2018-04-16 17:40:56,2018-07-11 16:45:45
CUST004641,Regular,Paid Search,REP023,2017-02-10 08:46:52,2017-05-25 07:19:21
CUST004642,New,Paid Search,REP028,2018-08-09 23:39:21,2018-08-09 23:39:21
CUST004643,Loyal,Social,REP002,2017-10-16 01:50:07,2018-08-31 20:48:25
CUST004644,New,Social,REP024,2018-04-10 18:11:37,2018-04-10 18:11:37
CUST004645,Loyal,Social,REP006,2017-01-30 07:20:52,2018-08-07 09:32:55
CUST004646,Inactive,Social,REP011,2017-11-01 13:54:24,2017-11-01 13:54:24
CUST004647,Regular,Email,REP005,2017-03-08 11:04:00,2017-04-24 19:19:03
CUST004648,Regular,Referral,REP022,2017-09-03 05:40:16,2018-02-17 13:27:34
CUST004649,VIP,Organic,REP001,2017-07-20 05:43:56,2018-09-04 17:19:10
CUST004650,Loyal,Organic,REP017,2017-03-13 03:28:20,2018-06-24 12:19:59
CUST004651,Loyal,Organic,REP016,2017-03-21 06:43:36,2018-01-14 02:13:43
CUST004652,Loyal,Paid Search,REP015,2017-08-07 03:22:46,2018-05-12 07:12:41
CUST004653,Loyal,Organic,REP004,2017-05-21 15:42:52,2018-06-20 15:55:45
CUST004654,Loyal,Paid Search,REP005,2017-08-11 03:11:34,2018-09-01 11:44:16
CUST004655,Regular,Paid Search,REP029,2017-06-10 15:43:03,2017-07-18 12:42:08
CUST004656,Regular,Organic,REP020,2017-07-07 03:31:32,2018-03-30 22:48:34
CUST004657,Inactive,Social,REP020,2017-03-08 00:00:00,2017-03-08 00:00:00
CUST004658,Loyal,Marketplace,REP010,2017-01-06 00:50:03,2017-09-09 02:16:05
CUST004659,Inactive,Email,REP027,2017-12-31 10:21:21,2017-12-31 10:21:21
CUST004660,Regular,Paid Search,REP006,2017-06-21 17:24:27,2018-07-24 14:48:23
CUST004661,Regular,Marketplace,REP018,2017-02-19 21:21:29,2018-08-30 08:41:49
CUST004662,Inactive,Marketplace,REP003,2017-01-18 10:01:49,2017-01-18 10:01:49
CUST004663,Regular,Marketplace,REP008,2017-01-27 21:05:46,2017-08-11 03:05:23
CUST004664,Loyal,Marketplace,REP021,2017-03-10 02:54:28,2018-06-17 04:43:53
CUST004665,New,Organic,REP021,2018-08-07 09:31:15,2018-08-07 09:31:15
CUST004666,Inactive,Paid Search,REP030,2017-09-16 01:25:50,2017-09-16 01:25:50
CUST004667,VIP,Email,REP008,2017-08-17 16:26:19,2018-09-18 23:29:08
CUST004668,Regular,Organic,REP027,2017-07-18 06:05:34,2018-04-16 00:07:08
CUST004669,Regular,Marketplace,REP010,2017-04-19 17:59:54,2018-09-10 23:08:08
CUST004670,Loyal,Marketplace,REP022,2017-02-25 20:20:03,2018-03-03 03:59:42
CUST004671,Loyal,Social,REP018,2017-12-19 02:12:12,2018-05-15 19:13:43
CUST004672,Loyal,Paid Search,REP021,2017-04-26 17:00:23,2017-11-21 01:06:24
CUST004673,Inactive,Referral,REP019,2018-01-17 00:00:00,2018-01-17 00:00:00
CUST004674,Inactive,Referral,REP002,2017-07-10 00:00:00,2017-07-10 00:00:00
CUST004675,Loyal,Email,REP006,2017-01-05 21:22:17,2018-08-28 21:53:46
CUST004676,Loyal,Referral,REP011,2017-02-01 20:11:20,2018-08-14 16:19:15
CUST004677,New,Social,REP008,2018-04-09 06:12:02,2018-04-09 06:12:02
CUST004678,Regular,Email,REP011,2017-06-02 08:39:58,2018-04-27 11:35:13
CUST004679,Regular,Social,REP020,2017-11-06 21:19:39,2018-09-14 19:30:36
CUST004680,Loyal,Referral,REP006,2017-04-16 13:23:04,2018-09-27 09:38:34
CUST004681,VIP,Email,REP024,2017-04-04 10:24:46,2018-09-29 21:16:15
CUST004682,Regular,Paid Search,REP004,2017-01-10 06:17:38,2017-06-21 16:03:48
CUST004683,Inactive,Marketplace,REP002,2017-04-26 00:00:00,2017-04-26 00:00:00
CUST004684,Loyal,Marketplace,REP020,2017-03-18 09:34:56,2018-07-22 17:56:38
CUST004685,Loyal,Email,REP028,2017-10-27 18:08:02,2018-08-06 07:44:08
CUST004686,Loyal,Marketplace,REP029,2017-09-24 13:42:04,2018-05-05 03:29:27
CUST004687,Loyal,Social,REP008,2017-01-24 01:53:11,2018-07-15 06:54:34
CUST004688,Regular,Organic,REP016,2017-05-03 10:33:01,2018-09-01 08:16:17
CUST004689,Regular,Referral,REP020,2017-02-26 21:14:23,2017-12-31 05:10:56
CUST004690,Loyal,Referral,REP022,2017-08-24 22:06:09,2018-06-29 21:33:58
CUST004691,New,Organic,REP018,2018-09-15 12:06:41,2018-09-15 12:06:41
CUST004692,Inactive,Organic,REP018,2017-06-12 00:00:00,2017-06-12 00:00:00
CUST004693,Loyal,Organic,REP005,2017-01-05 12:33:07,2018-04-28 00:29:56
CUST004694,Loyal,Marketplace,REP021,2017-01-05 11:48:29,2018-06-24 16:16:48
CUST004695,Inactive,Email,REP002,2018-03-27 00:00:00,2018-03-27 00:00:00
CUST004696,Loyal,Email,REP020,2017-07-16 15:03:51,2017-11-30 20:32:42
CUST004697,VIP,Marketplace,REP007,2017-03-05 16:36:47,2018-09-30 07:30:56
CUST004698,Loyal,Marketplace,REP004,2017-04-03 01:04:18,2018-09-03 05:54:13
CUST004699,Regular,Social,REP003,2017-01-01 22:12:25,2017-11-04 20:14:08
CUST004700,Regular,Marketplace,REP004,2017-06-05 04:51:00,2017-06-25 17:32:29
CUST004701,Regular,Marketplace,REP023,2018-04-29 05:03:11,2018-06-18 02:09:03
CUST004702,Inactive,Referral,REP013,2017-06-26 00:00:00,2017-06-26 00:00:00
CUST004703,Loyal,Social,REP008,2017-06-12 19:17:35,2018-04-04 08:03:46
CUST004704,Inactive,Marketplace,REP012,2017-06-10 22:13:41,2017-06-10 22:13:41
CUST004705,Inactive,Paid Search,REP010,2017-07-19 00:00:00,2017-07-19 00:00:00
CUST004706,Inactive,Email,REP014,2017-12-04 21:56:30,2017-12-04 21:56:30
CUST004707,Loyal,Referral,REP019,2017-07-30 03:12:58,2018-06-08 07:48:32
CUST004708,Loyal,Paid Search,REP018,2017-02-04 18:32:54,2018-09-02 10:57:44
CUST004709,Loyal,Paid Search,REP005,2017-08-07 07:23:53,2018-02-23 02:40:05
CUST004710,Loyal,Paid Search,REP027,2017-04-14 12:47:51,2018-09-13 11:44:05
CUST004711,Loyal,Organic,REP009,2017-01-09 19:51:58,2018-08-10 22:41:24
CUST004712,Regular,Marketplace,REP024,2017-09-01 09:57:18,2017-12-04 10:50:52
CUST004713,New,Marketplace,REP002,2018-06-15 20:15:19,2018-06-15 20:15:19
CUST004714,Loyal,Organic,REP005,2017-01-15 12:29:53,2017-08-17 10:08:56
CUST004715,VIP,Marketplace,REP002,2017-04-28 10:44:39,2018-06-26 01:40:11
CUST004716,Loyal,Social,REP004,2018-01-18 08:06:51,2018-03-25 21:33:53
CUST004717,Loyal,Marketplace,REP013,2017-05-28 15:59:59,2018-09-27 13:04:34
CUST004718,Loyal,Organic,REP021,2017-09-08 16:09:47,2018-02-14 19:10:54
CUST004719,Inactive,Marketplace,REP019,2017-02-03 18:41:40,2017-02-03 18:41:40
CUST004720,Regular,Social,REP024,2017-04-05 11:26:02,2017-10-06 04:10:35
CUST004721,Regular,Marketplace,REP029,2017-10-26 02:02:58,2017-11-10 14:19:17
CUST004722,Regular,Referral,REP010,2017-06-04 22:53:01,2017-11-21 04:38:31
CUST004723,Regular,Paid Search,REP013,2017-08-03 00:10:26,2017-11-20 07:13:16
CUST004724,Loyal,Organic,REP010,2017-06-21 10:04:25,2018-07-29 01:31:38
CUST004725,Loyal,Referral,REP014,2017-01-30 18:45:18,2018-08-11 07:33:56
CUST004726,Loyal,Social,REP003,2017-08-08 08:01:20,2018-08-06 23:53:33
CUST004727,Loyal,Social,REP007,2017-01-21 01:23:55,2018-08-21 01:38:22
CUST004728,Regular,Organic,REP007,2017-02-18 18:05:03,2017-03-29 06:52:43
CUST004729,Loyal,Social,REP024,2017-04-02 08:11:17,2018-06-24 23:53:24
CUST004730,Inactive,Marketplace,REP009,2017-01-07 02:52:41,2017-01-07 02:52:41
CUST004731,Regular,Social,REP011,2017-11-08 03:52:11,2018-07-05 20:33:36
CUST004732,Regular,Marketplace,REP028,2017-09-15 13:19:41,2018-03-10 23:50:54
CUST004733,Inactive,Organic,REP012,2018-01-25 00:00:00,2018-01-25 00:00:00
CUST004734,Loyal,Marketplace,REP005,2017-01-15 20:38:59,2017-09-26 21:07:23
CUST004735,New,Marketplace,REP014,2018-08-20 09:13:46,2018-08-20 09:13:46
CUST004736,New,Referral,REP028,2018-05-23 01:24:12,2018-05-23 01:24:12
CUST004737,Regular,Social,REP030,2017-05-30 16:15:19,2018-06-11 11:07:41
CUST004738,Regular,Email,REP005,2018-03-08 17:57:02,2018-07-30 15:32:54
CUST004739,Loyal,Email,REP013,2017-03-28 09:20:44,2018-08-06 03:56:38
CUST004740,Regular,Marketplace,REP018,2018-02-19 23:22:02,2018-08-17 09:53:10
CUST004741,New,Marketplace,REP030,2018-04-24 07:10:42,2018-04-24 07:10:42
CUST004742,Loyal,Referral,REP003,2017-03-23 08:28:32,2017-12-14 13:48:08
CUST004743,Loyal,Social,REP020,2017-07-06 01:32:02,2018-06-20 14:16:45
CUST004744,Inactive,Marketplace,REP019,2017-09-26 00:43:22,2017-09-26 00:43:22
CUST004745,Loyal,Email,REP016,2018-01-15 05:45:37,2018-07-18 03:58:11
CUST004746,Loyal,Marketplace,REP025,2017-07-27 14:08:09,2017-12-04 10:22:22
CUST004747,Loyal,Organic,REP003,2017-02-01 05:54:38,2018-07-22 12:01:17
CUST004748,Regular,Email,REP024,2017-05-30 11:54:29,2018-04-29 16:13:43
CUST004749,Regular,Email,REP002,2017-08-02 08:19:25,2017-10-24 18:20:43
CUST004750,VIP,Paid Search,REP028,2017-02-26 05:35:45,2018-07-16 06:12:44
CUST004751,Loyal,Paid Search,REP015,2017-07-22 07:16:07,2018-04-07 21:00:24
CUST004752,Inactive,Paid Search,REP004,2018-01-04 08:36:49,2018-01-04 08:36:49
CUST004753,Regular,Referral,REP015,2017-09-16 13:51:23,2018-06-08 22:39:34
CUST004754,Loyal,Social,REP020,2017-01-03 19:25:16,2018-09-03 05:55:57
CUST004755,Inactive,Social,REP004,2017-10-02 06:07:25,2017-10-02 06:07:25
CUST004756,Regular,Email,REP017,2017-10-20 14:03:35,2018-07-06 09:51:00
CUST004757,Inactive,Referral,REP018,2017-09-22 04:48:26,2017-09-22 04:48:26
CUST004758,Loyal,Marketplace,REP022,2017-04-20 12:07:44,2018-05-26 16:11:57
CUST004759,Loyal,Social,REP014,2017-05-30 11:15:35,2018-07-02 10:22:35
CUST004760,Inactive,Organic,REP014,2017-02-08 00:00:00,2017-02-08 00:00:00
CUST004761,Regular,Marketplace,REP013,2017-05-11 05:51:21,2018-08-03 17:31:46
CUST004762,VIP,Referral,REP025,2017-03-18 16:27:34,2018-07-12 12:42:15
CUST004763,Loyal,Organic,REP029,2017-03-10 09:07:38,2017-08-22 19:07:28
CUST004764,Regular,Social,REP028,2018-01-24 14:55:13,2018-08-06 04:02:11
CUST004765,Loyal,Marketplace,REP006,2017-06-02 14:55:44,2018-09-10 23:15:29
CUST004766,Inactive,Email,REP028,2017-05-24 00:35:49,2017-05-24 00:35:49
CUST004767,Regular,Social,REP028,2018-08-10 02:58:23,2018-08-29 04:28:27
CUST004768,Inactive,Social,REP008,2017-05-15 00:00:00,2017-05-15 00:00:00
CUST004769,Regular,Marketplace,REP003,2017-03-11 03:51:56,2017-04-27 23:26:44
CUST004770,VIP,Email,REP008,2017-01-28 16:19:02,2018-09-28 14:24:19
CUST004771,Loyal,Paid Search,REP007,2017-04-09 14:44:08,2018-04-26 15:11:43
CUST004772,Loyal,Paid Search,REP025,2017-07-19 00:24:24,2018-09-30 14:10:56
CUST004773,Loyal,Social,REP029,2017-06-19 08:08:56,2018-01-17 04:46:26
CUST004774,Loyal,Social,REP029,2017-01-24 04:23:44,2018-09-20 14:01:42
CUST004775,Loyal,Referral,REP029,2017-01-23 05:06:51,2018-04-09 19:14:31
CUST004776,Regular,Paid Search,REP025,2017-12-13 03:11:02,2018-06-24 18:03:56
CUST004777,Regular,Paid Search,REP030,2017-03-02 20:36:27,2017-04-02 08:49:34
CUST004778,Loyal,Paid Search,REP013,2017-09-16 19:05:59,2017-10-28 01:07:17
CUST004779,Regular,Email,REP024,2018-05-01 15:04:37,2018-08-04 04:54:51
CUST004780,Loyal,Social,REP022,2017-02-09 02:46:51,2017-08-04 22:24:57
CUST004781,Loyal,Paid Search,REP006,2017-03-30 04:53:42,2018-01-10 03:35:47
CUST004782,Regular,Email,REP005,2018-03-17 00:08:21,2018-05-23 10:38:29
CUST004783,Regular,Email,REP013,2018-04-22 18:24:48,2018-05-22 12:35:55
CUST004784,Inactive,Organic,REP021,2017-12-25 00:00:00,2017-12-25 00:00:00
CUST004785,Loyal,Paid Search,REP010,2017-02-14 05:58:34,2018-02-27 00:25:10
CUST004786,Loyal,Organic,REP005,2017-06-06 02:52:08,2017-11-27 07:14:35
CUST004787,Regular,Organic,REP017,2018-01-16 23:45:10,2018-09-08 22:48:56
CUST004788,Regular,Referral,REP013,2017-07-04 13:47:43,2018-07-01 23:37:22
CUST004789,Regular,Marketplace,REP021,2017-04-24 07:15:19,2018-07-03 15:28:17
CUST004790,Inactive,Email,REP012,2018-02-26 23:28:33,2018-02-26 23:28:33
CUST004791,New,Organic,REP004,2018-05-27 10:26:58,2018-05-27 10:26:58
CUST004792,Inactive,Organic,REP001,2017-05-06 11:15:12,2017-05-06 11:15:12
CUST004793,Loyal,Social,REP010,2017-07-10 18:39:55,2018-02-24 21:51:50
CUST004794,Regular,Paid Search,REP014,2017-04-09 03:09:24,2018-01-22 02:54:58
CUST004795,VIP,Email,REP015,2017-01-24 13:12:54,2018-09-17 13:39:06
CUST004796,Loyal,Email,REP003,2017-02-23 13:35:29,2018-07-19 00:40:56
CUST004797,Inactive,Social,REP009,2017-08-18 00:00:00,2017-08-18 00:00:00
CUST004798,Loyal,Social,REP023,2017-01-12 07:56:02,2018-05-16 12:14:06
CUST004799,Loyal,Marketplace,REP001,2017-10-09 19:21:50,2018-04-19 08:05:48
CUST004800,Inactive,Marketplace,REP004,2017-09-30 16:35:17,2017-09-30 16:35:17
CUST004801,Loyal,Email,REP008,2017-10-24 04:28:21,2018-07-02 04:25:52
CUST004802,Inactive,Organic,REP010,2017-06-18 19:41:15,2017-06-18 19:41:15
CUST004803,Regular,Organic,REP014,2017-03-05 03:17:36,2017-03-09 00:55:02
CUST004804,Regular,Paid Search,REP030,2017-03-07 16:57:11,2018-03-11 03:08:22
CUST004805,Inactive,Organic,REP007,2017-12-31 21:23:14,2017-12-31 21:23:14
CUST004806,Regular,Marketplace,REP024,2017-12-27 23:20:42,2018-06-23 23:38:57
CUST004807,Inactive,Paid Search,REP007,2017-06-07 00:00:00,2017-06-07 00:00:00
CUST004808,Loyal,Paid Search,REP012,2017-07-16 05:07:15,2018-08-07 06:17:53
CUST004809,New,Organic,REP006,2018-05-02 00:00:00,2018-05-02 00:00:00
CUST004810,Inactive,Paid Search,REP019,2017-07-12 00:00:00,2017-07-12 00:00:00
CUST004811,Loyal,Organic,REP028,2017-07-25 23:50:52,2018-08-18 23:58:44
CUST004812,Regular,Paid Search,REP010,2017-09-06 13:40:08,2018-01-17 17:41:54
CUST004813,Loyal,Marketplace,REP014,2017-05-10 11:02:12,2018-09-03 18:16:37
CUST004814,Loyal,Marketplace,REP027,2017-01-05 16:06:45,2017-06-26 02:05:56
CUST004815,New,Email,REP004,2018-08-16 15:29:51,2018-08-16 15:29:51
CUST004816,Loyal,Social,REP030,2017-03-23 17:52:22,2018-06-14 12:23:48
CUST004817,Loyal,Social,REP023,2017-01-16 22:57:41,2018-01-02 08:05:50
CUST004818,Loyal,Marketplace,REP021,2018-05-26 14:40:05,2018-09-29 01:08:03
CUST004819,Loyal,Marketplace,REP023,2017-11-03 16:56:02,2018-04-11 12:51:24
CUST004820,Inactive,Social,REP003,2017-07-10 23:14:23,2017-07-10 23:14:23
CUST004821,Loyal,Referral,REP020,2017-06-24 01:34:26,2018-08-21 05:29:58
CUST004822,Loyal,Email,REP025,2017-03-20 01:22:16,2018-08-09 06:43:29
CUST004823,Regular,Social,REP012,2017-05-10 21:45:09,2017-11-27 09:18:32
CUST004824,Loyal,Organic,REP024,2017-06-04 01:01:32,2018-09-22 23:25:28
CUST004825,VIP,Social,REP001,2017-05-26 15:39:49,2018-08-02 15:03:18
CUST004826,Inactive,Referral,REP001,2018-01-28 09:29:55,2018-01-28 09:29:55
CUST004827,Regular,Marketplace,REP027,2018-05-06 21:59:33,2018-06-25 18:47:44
CUST004828,Regular,Organic,REP026,2017-10-24 06:05:55,2018-05-14 13:02:38
CUST004829,Inactive,Email,REP007,2017-09-16 00:00:00,2017-09-16 00:00:00
CUST004830,Inactive,Email,REP009,2017-12-21 14:02:31,2017-12-21 14:02:31
CUST004831,Regular,Referral,REP016,2018-03-31 20:00:18,2018-08-30 17:19:27
CUST004832,Loyal,Social,REP016,2017-03-10 13:28:23,2017-11-29 02:05:05
CUST004833,Loyal,Social,REP021,2017-04-13 05:07:22,2018-04-01 14:09:55
CUST004834,Inactive,Organic,REP014,2017-06-11 12:08:29,2017-06-11 12:08:29
CUST004835,Loyal,Marketplace,REP008,2017-09-07 23:45:23,2018-03-25 16:39:10
CUST004836,Inactive,Paid Search,REP028,2017-06-24 18:59:43,2017-06-24 18:59:43
CUST004837,New,Organic,REP018,2018-05-18 19:34:58,2018-05-18 19:34:58
CUST004838,Loyal,Email,REP020,2017-06-06 12:23:17,2018-06-22 11:38:04
CUST004839,Loyal,Marketplace,REP024,2017-01-03 17:17:19,2018-09-13 16:54:27
CUST004840,Loyal,Marketplace,REP013,2017-01-25 10:30:08,2018-04-14 12:00:46
CUST004841,Inactive,Marketplace,REP003,2017-12-31 22:37:41,2017-12-31 22:37:41
CUST004842,Regular,Email,REP012,2017-10-13 11:27:03,2018-03-18 08:17:57
CUST004843,Loyal,Organic,REP025,2017-05-02 11:45:02,2018-07-29 06:11:16
CUST004844,Loyal,Paid Search,REP021,2017-07-04 18:23:54,2017-11-12 01:40:30
CUST004845,Loyal,Marketplace,REP007,2017-06-28 13:55:51,2018-07-22 04:38:03
CUST004846,Loyal,Referral,REP018,2017-02-22 09:39:51,2018-05-29 04:22:25
CUST004847,Regular,Paid Search,REP002,2017-04-06 01:05:18,2018-07-29 03:01:04
CUST004848,VIP,Paid Search,REP021,2017-02-18 04:35:13,2018-09-12 07:19:30
CUST004849,Inactive,Paid Search,REP002,2017-10-28 00:00:00,2017-10-28 00:00:00
CUST004850,Loyal,Paid Search,REP010,2017-01-05 16:43:48,2018-08-22 02:34:48
CUST004851,Regular,Referral,REP004,2018-06-08 04:06:05,2018-08-18 03:30:52
CUST004852,New,Social,REP012,2018-08-08 00:00:00,2018-08-08 00:00:00
CUST004853,Loyal,Marketplace,REP019,2018-01-07 00:38:43,2018-07-21 21:55:47
CUST004854,VIP,Paid Search,REP002,2017-03-26 12:51:09,2018-08-21 08:56:00
CUST004855,Loyal,Social,REP021,2017-01-11 07:58:25,2018-06-05 01:55:46
CUST004856,Loyal,Social,REP015,2017-02-23 21:51:36,2018-08-18 18:01:44
CUST004857,Loyal,Organic,REP005,2017-01-27 10:48:24,2018-07-09 04:51:00
CUST004858,New,Referral,REP026,2018-06-09 18:25:30,2018-06-09 18:25:30
CUST004859,Regular,Paid Search,REP005,2018-03-02 19:23:51,2018-09-01 22:15:21
CUST004860,Inactive,Organic,REP029,2017-12-31 14:37:43,2017-12-31 14:37:43
CUST004861,Loyal,Social,REP005,2017-06-08 03:07:21,2018-09-10 06:36:22
CUST004862,Loyal,Organic,REP030,2017-01-07 18:08:17,2018-08-30 09:03:33
CUST004863,Regular,Organic,REP012,2018-01-29 08:49:53,2018-06-16 19:54:25
CUST004864,Regular,Organic,REP025,2017-08-13 18:11:54,2018-01-15 11:16:54
CUST004865,Regular,Paid Search,REP015,2017-08-30 19:20:39,2017-11-18 11:56:46
CUST004866,Loyal,Referral,REP002,2017-01-01 00:53:12,2018-05-09 06:59:38
CUST004867,Inactive,Paid Search,REP014,2017-08-15 06:34:10,2017-08-15 06:34:10
CUST004868,Regular,Social,REP001,2017-01-18 14:49:53,2017-09-20 16:33:30
CUST004869,Loyal,Paid Search,REP007,2017-07-13 13:22:09,2018-07-27 01:20:40
CUST004870,Loyal,Paid Search,REP015,2017-01-31 18:25:27,2018-08-14 08:47:42
CUST004871,Loyal,Social,REP020,2017-02-28 02:06:02,2018-07-11 02:41:52
CUST004872,Loyal,Social,REP028,2017-02-25 00:01:50,2018-08-26 15:36:47
CUST004873,Regular,Marketplace,REP026,2017-12-03 14:35:08,2018-09-10 10:39:46
CUST004874,Inactive,Referral,REP009,2018-02-14 15:39:04,2018-02-14 15:39:04
CUST004875,Inactive,Social,REP030,2017-08-25 11:48:59,2017-08-25 11:48:59
CUST004876,New,Social,REP026,2018-05-09 02:52:05,2018-05-09 02:52:05
CUST004877,Regular,Paid Search,REP014,2018-06-17 18:46:49,2018-07-01 19:55:40
CUST004878,Loyal,Social,REP011,2017-06-21 15:53:15,2018-04-14 14:36:23
CUST004879,Inactive,Email,REP014,2017-07-19 00:00:00,2017-07-19 00:00:00
CUST004880,Loyal,Paid Search,REP019,2017-06-17 01:49:26,2018-07-15 13:33:08
CUST004881,New,Marketplace,REP003,2018-08-09 15:29:45,2018-08-09 15:29:45
CUST004882,Inactive,Paid Search,REP007,2017-05-06 04:32:01,2017-05-06 04:32:01
CUST004883,Loyal,Organic,REP024,2017-01-26 02:17:20,2018-08-28 15:14:56
CUST004884,Loyal,Referral,REP011,2017-09-19 12:18:56,2018-08-08 18:54:58
CUST004885,Regular,Referral,REP015,2017-04-22 20:17:16,2018-05-31 06:16:22
CUST004886,Regular,Social,REP008,2017-10-25 17:41:21,2017-10-26 09:27:41
CUST004887,Loyal,Organic,REP005,2017-04-14 04:17:36,2017-10-05 08:09:29
CUST004888,Loyal,Referral,REP017,2017-01-23 17:53:24,2018-09-21 22:26:06
CUST004889,Loyal,Organic,REP028,2017-05-14 12:14:38,2018-05-03 12:58:47
CUST004890,Regular,Social,REP011,2017-11-04 05:36:52,2017-11-04 14:29:26
CUST004891,Loyal,Email,REP024,2017-05-19 18:58:51,2018-05-26 08:04:12
CUST004892,Loyal,Organic,REP011,2017-02-01 10:11:17,2018-08-05 19:09:58
CUST004893,New,Social,REP014,2018-04-03 00:00:00,2018-04-03 00:00:00
CUST004894,Loyal,Paid Search,REP006,2017-08-01 13:35:41,2018-08-30 10:01:51
CUST004895,Regular,Paid Search,REP023,2017-01-31 21:09:23,2017-07-18 01:16:11
CUST004896,Regular,Marketplace,REP022,2017-05-08 19:42:23,2017-12-22 22:40:03
CUST004897,Loyal,Marketplace,REP011,2017-09-02 15:43:18,2018-07-28 03:05:23
CUST004898,Regular,Paid Search,REP004,2018-04-29 18:34:15,2018-05-04 15:03:25
CUST004899,Loyal,Organic,REP024,2018-04-23 23:17:41,2018-08-30 15:48:43
CUST004900,Regular,Email,REP024,2017-01-14 03:44:28,2017-08-29 03:19:17
CUST004901,Inactive,Referral,REP013,2017-11-26 11:42:01,2017-11-26 11:42:01
CUST004902,Regular,Organic,REP014,2017-05-13 03:29:17,2017-12-08 05:16:21
CUST004903,Loyal,Referral,REP009,2017-05-21 13:56:04,2018-08-31 12:14:49
CUST004904,Regular,Social,REP023,2017-01-26 03:00:20,2017-02-07 09:10:07
CUST004905,Inactive,Social,REP009,2017-03-21 00:00:00,2017-03-21 00:00:00
CUST004906,Inactive,Organic,REP017,2017-08-14 10:51:17,2017-08-14 10:51:17
CUST004907,Loyal,Paid Search,REP011,2017-01-30 01:40:28,2018-09-01 07:13:47
CUST004908,Loyal,Paid Search,REP020,2017-05-09 03:43:17,2017-08-12 20:09:32
CUST004909,Regular,Organic,REP024,2018-05-06 17:49:34,2018-07-09 18:19:39
CUST004910,Regular,Social,REP008,2017-02-04 11:22:48,2018-09-18 06:38:03
CUST004911,Regular,Organic,REP014,2017-01-13 19:42:17,2017-02-13 05:30:01
CUST004912,Loyal,Paid Search,REP015,2017-07-07 19:35:15,2018-07-10 15:01:31
CUST004913,Inactive,Email,REP004,2018-02-21 00:49:39,2018-02-21 00:49:39
CUST004914,VIP,Referral,REP030,2017-03-13 21:17:00,2018-09-21 03:24:53
CUST004915,Loyal,Paid Search,REP024,2017-04-15 03:21:27,2018-04-10 01:52:41
CUST004916,Inactive,Marketplace,REP013,2018-03-10 00:00:00,2018-03-10 00:00:00
CUST004917,Loyal,Paid Search,REP029,2017-03-07 20:53:10,2018-07-25 00:52:39
CUST004918,New,Referral,REP025,2018-04-29 04:31:16,2018-04-29 04:31:16
CUST004919,Regular,Referral,REP019,2017-02-28 13:43:01,2017-12-15 14:19:51
CUST004920,Regular,Paid Search,REP023,2017-11-27 13:11:44,2018-01-23 08:39:07
CUST004921,Loyal,Social,REP006,2017-09-21 03:52:38,2018-09-24 05:47:41
CUST004922,Inactive,Social,REP029,2017-02-05 05:51:11,2017-02-05 05:51:11
CUST004923,Loyal,Marketplace,REP015,2017-03-16 00:36:54,2018-06-03 10:52:51
CUST004924,Regular,Paid Search,REP017,2018-05-30 19:01:48,2018-06-02 15:22:56
CUST004925,Loyal,Organic,REP023,2017-01-18 06:09:16,2018-09-04 19:04:52
CUST004926,New,Marketplace,REP027,2018-05-25 02:09:31,2018-05-25 02:09:31
CUST004927,VIP,Paid Search,REP002,2017-06-12 13:59:24,2018-05-29 03:39:11
CUST004928,Inactive,Marketplace,REP018,2017-07-19 16:19:58,2017-07-19 16:19:58
CUST004929,New,Referral,REP002,2018-08-19 00:00:00,2018-08-19 00:00:00
CUST004930,Loyal,Email,REP005,2017-04-14 09:56:19,2017-10-23 07:48:31
CUST004931,Loyal,Social,REP019,2017-01-30 17:18:45,2018-02-07 08:59:54
CUST004932,Inactive,Email,REP027,2017-05-03 06:57:11,2017-05-03 06:57:11
CUST004933,Regular,Referral,REP024,2017-09-03 20:05:56,2017-11-05 12:26:24
CUST004934,Regular,Paid Search,REP025,2017-12-03 16:49:34,2018-09-12 06:32:38
CUST004935,Loyal,Social,REP006,2017-01-17 04:43:25,2018-04-30 22:21:32
CUST004936,Loyal,Referral,REP018,2018-01-20 06:01:34,2018-07-17 02:34:12
CUST004937,Inactive,Social,REP010,2017-05-22 00:00:00,2017-05-22 00:00:00
CUST004938,Regular,Organic,REP026,2018-05-22 13:47:28,2018-08-16 01:04:26
CUST004939,Regular,Marketplace,REP029,2017-05-14 07:39:15,2017-06-29 08:09:53
CUST004940,Regular,Paid Search,REP028,2018-06-18 03:46:22,2018-07-14 15:44:14
CUST004941,Regular,Social,REP017,2017-07-03 08:09:21,2018-03-09 03:13:22
CUST004942,Regular,Referral,REP016,2017-11-20 01:59:51,2018-04-06 21:26:29
CUST004943,Loyal,Organic,REP022,2017-01-01 08:51:59,2017-10-21 00:46:33
CUST004944,Loyal,Referral,REP006,2018-04-25 00:32:28,2018-08-22 15:53:14
CUST004945,Regular,Social,REP030,2017-07-29 15:30:23,2017-11-27 04:58:04
CUST004946,VIP,Marketplace,REP020,2017-07-30 18:11:20,2018-08-24 01:04:42
CUST004947,Regular,Paid Search,REP016,2017-01-08 15:05:46,2018-07-02 23:49:48
CUST004948,Loyal,Email,REP021,2017-01-08 01:22:53,2018-07-19 18:49:08
CUST004949,Loyal,Organic,REP020,2017-06-05 22:16:29,2018-07-22 23:35:19
CUST004950,Regular,Social,REP010,2017-08-30 14:07:16,2018-01-02 17:44:12
CUST004951,Regular,Referral,REP022,2017-10-08 16:42:29,2018-04-15 05:01:53
CUST004952,Regular,Paid Search,REP021,2017-08-02 11:22:15,2018-08-09 16:27:13
CUST004953,Regular,Referral,REP011,2017-02-06 12:27:11,2018-09-13 15:26:18
CUST004954,VIP,Paid Search,REP019,2017-08-14 20:34:16,2018-07-10 13:30:22
CUST004955,Inactive,Organic,REP019,2017-11-07 01:48:14,2017-11-07 01:48:14
CUST004956,Regular,Referral,REP020,2017-05-12 00:05:49,2017-07-27 22:25:31
CUST004957,Regular,Organic,REP004,2017-01-02 11:41:05,2017-09-24 02:30:06
CUST004958,Inactive,Marketplace,REP015,2017-02-27 00:00:00,2017-02-27 00:00:00
CUST004959,Loyal,Social,REP007,2017-02-11 04:25:32,2018-09-29 20:07:08
CUST004960,Loyal,Social,REP010,2017-02-19 15:39:22,2018-01-26 12:04:31
CUST004961,Loyal,Referral,REP013,2017-02-02 18:37:34,2018-02-28 19:38:33
CUST004962,Regular,Marketplace,REP023,2017-10-09 21:31:58,2018-06-30 18:22:14
CUST004963,Loyal,Social,REP028,2017-08-03 19:43:56,2017-12-11 10:56:53
CUST004964,Inactive,Paid Search,REP027,2017-04-25 09:28:39,2017-04-25 09:28:39
CUST004965,Loyal,Marketplace,REP021,2017-06-28 11:57:04,2018-02-18 07:30:59
CUST004966,Inactive,Paid Search,REP013,2017-09-30 08:23:04,2017-09-30 08:23:04
CUST004967,New,Email,REP012,2018-07-06 20:53:44,2018-07-06 20:53:44
CUST004968,Regular,Organic,REP003,2017-08-15 08:31:44,2017-10-21 11:14:34
CUST004969,Loyal,Social,REP022,2017-10-19 18:55:32,2018-08-22 13:44:18
CUST004970,Inactive,Paid Search,REP005,2017-03-12 02:17:11,2017-03-12 02:17:11
CUST004971,Loyal,Organic,REP024,2017-03-18 04:24:55,2018-04-05 02:08:26
CUST004972,Loyal,Organic,REP001,2017-01-10 00:07:00,2018-07-22 18:57:39
CUST004973,New,Referral,REP009,2018-04-04 08:43:36,2018-04-04 08:43:36
CUST004974,Inactive,Organic,REP007,2017-09-04 21:54:51,2017-09-04 21:54:51
CUST004975,Inactive,Email,REP030,2017-05-25 00:00:00,2017-05-25 00:00:00
CUST004976,Regular,Paid Search,REP001,2017-09-12 03:15:18,2018-07-03 22:23:33
CUST004977,Inactive,Social,REP006,2017-06-03 18:30:33,2017-06-03 18:30:33
CUST004978,New,Social,REP017,2018-05-18 18:52:36,2018-05-18 18:52:36
CUST004979,Regular,Marketplace,REP009,2017-03-29 09:02:10,2018-05-18 00:35:33
CUST004980,VIP,Social,REP012,2017-03-31 23:43:20,2018-09-30 08:49:55
CUST004981,Inactive,Referral,REP017,2017-04-06 15:06:48,2017-04-06 15:06:48
CUST004982,Regular,Organic,REP015,2017-03-29 22:01:24,2018-03-20 13:46:10
CUST004983,VIP,Paid Search,REP024,2017-01-19 01:57:36,2018-08-02 10:33:28
CUST004984,New,Paid Search,REP015,2018-06-23 17:32:21,2018-06-23 17:32:21
CUST004985,Loyal,Organic,REP013,2017-02-25 23:06:43,2017-11-10 01:15:40
CUST004986,Regular,Marketplace,REP018,2018-08-01 16:13:24,2018-08-23 03:51:14
CUST004987,Regular,Marketplace,REP027,2017-09-26 06:49:01,2018-08-28 07:11:29
CUST004988,Regular,Email,REP021,2017-04-01 14:45:10,2017-04-22 04:55:16
CUST004989,Inactive,Organic,REP018,2017-12-19 00:00:00,2017-12-19 00:00:00
CUST004990,Loyal,Social,REP009,2017-06-07 17:28:31,2018-07-23 07:56:06
CUST004991,Loyal,Paid Search,REP021,2017-10-11 14:14:51,2018-08-08 03:03:04
CUST004992,Loyal,Referral,REP016,2017-02-03 19:44:28,2018-05-26 07:30:07
CUST004993,Loyal,Marketplace,REP014,2017-04-20 23:35:33,2018-04-26 09:01:42
CUST004994,Regular,Social,REP018,2017-04-17 14:34:59,2018-08-14 20:46:26
CUST004995,Inactive,Email,REP016,2017-06-12 06:02:07,2017-06-12 06:02:07
CUST004996,Loyal,Referral,REP025,2017-04-28 06:17:25,2017-12-20 09:25:42
CUST004997,Loyal,Referral,REP024,2017-04-19 22:57:06,2018-09-05 13:13:33
CUST004998,Loyal,Social,REP011,2017-01-13 14:41:50,2018-05-04 10:59:18
CUST004999,New,Organic,REP003,2018-04-13 08:44:36,2018-04-13 08:44:36
CUST005000,Loyal,Email,REP021,2017-02-02 19:43:01,2018-09-01 10:32:43
CUST005001,New,Marketplace,REP011,2018-05-28 08:10:11,2018-05-28 08:10:11
CUST005002,Inactive,Marketplace,REP013,2017-01-22 07:51:15,2017-01-22 07:51:15
CUST005003,Inactive,Paid Search,REP013,2017-05-17 03:59:50,2017-05-17 03:59:50
CUST005004,Regular,Referral,REP030,2017-06-03 21:34:03,2017-12-15 00:34:06
CUST005005,Loyal,Marketplace,REP002,2017-03-04 17:08:59,2018-08-04 15:09:11
CUST005006,Loyal,Social,REP012,2017-07-12 12:25:53,2018-04-02 16:26:55
CUST005007,Regular,Organic,REP013,2017-01-10 18:11:49,2018-08-06 21:59:59
CUST005008,Inactive,Social,REP030,2018-01-07 04:51:56,2018-01-07 04:51:56
CUST005009,Loyal,Social,REP013,2017-05-02 13:42:54,2017-09-11 20:53:01
CUST005010,Regular,Marketplace,REP017,2017-03-16 20:39:15,2018-02-23 11:53:43
CUST005011,Loyal,Paid Search,REP012,2017-02-15 03:20:58,2018-08-09 12:14:44
CUST005012,Loyal,Organic,REP015,2017-04-24 22:52:20,2018-02-18 23:10:13
CUST005013,Loyal,Paid Search,REP007,2017-02-23 05:38:37,2018-01-29 05:55:58
CUST005014,Regular,Email,REP006,2017-01-01 02:56:53,2017-11-11 15:02:24
CUST005015,Regular,Marketplace,REP007,2017-02-02 05:34:04,2017-07-08 00:30:55
CUST005016,Loyal,Paid Search,REP011,2017-06-01 00:34:55,2018-03-05 07:07:37
CUST005017,Regular,Email,REP029,2017-02-02 03:59:31,2018-03-06 13:48:15
CUST005018,Inactive,Social,REP021,2017-04-02 17:28:39,2017-04-02 17:28:39
CUST005019,Loyal,Referral,REP008,2017-06-16 16:59:49,2018-05-25 17:03:39
CUST005020,Regular,Organic,REP010,2017-10-23 05:05:15,2018-01-08 15:03:55
CUST005021,Loyal,Social,REP009,2017-05-29 15:46:28,2018-08-04 13:24:20
CUST005022,Loyal,Marketplace,REP017,2017-08-10 00:23:30,2017-11-28 09:12:10
CUST005023,VIP,Marketplace,REP007,2017-01-25 20:37:33,2018-07-12 03:18:50
CUST005024,New,Referral,REP002,2018-08-27 00:13:22,2018-08-27 00:13:22
CUST005025,Inactive,Marketplace,REP011,2018-03-05 00:00:00,2018-03-05 00:00:00
CUST005026,Loyal,Social,REP013,2017-02-19 03:53:14,2018-09-10 21:20:05
CUST005027,VIP,Email,REP021,2017-01-20 00:43:31,2018-09-11 06:00:54
CUST005028,Loyal,Marketplace,REP003,2017-04-07 06:06:08,2018-09-02 22:09:07
CUST005029,Inactive,Marketplace,REP019,2018-03-11 00:00:00,2018-03-11 00:00:00
CUST005030,Regular,Referral,REP023,2017-08-09 15:53:01,2017-09-09 10:56:46
CUST005031,Inactive,Email,REP023,2017-09-07 11:59:44,2017-09-07 11:59:44
CUST005032,New,Marketplace,REP016,2018-06-25 22:11:01,2018-06-25 22:11:01
CUST005033,Loyal,Email,REP023,2017-01-12 00:18:08,2018-08-15 23:36:24
CUST005034,Inactive,Social,REP020,2018-03-30 11:39:23,2018-03-30 11:39:23
CUST005035,Inactive,Social,REP011,2017-05-05 09:25:52,2017-05-05 09:25:52
CUST005036,Loyal,Email,REP029,2017-06-16 05:58:54,2018-05-18 09:22:47
CUST005037,Loyal,Referral,REP021,2017-05-09 14:16:04,2018-09-04 13:25:25
CUST005038,Regular,Email,REP018,2018-08-10 21:28:32,2018-08-25 11:43:13
CUST005039,Inactive,Referral,REP001,2017-06-16 00:00:00,2017-06-16 00:00:00
CUST005040,Regular,Marketplace,REP020,2018-05-23 02:27:14,2018-05-31 12:00:17
CUST005041,New,Social,REP027,2018-07-31 15:17:12,2018-07-31 15:17:12
CUST005042,Regular,Referral,REP028,2018-02-12 07:19:03,2018-03-28 14:45:50
CUST005043,Inactive,Referral,REP022,2017-11-13 07:46:07,2017-11-13 07:46:07
CUST005044,Loyal,Referral,REP023,2017-03-07 06:29:27,2017-09-20 22:55:33
CUST005045,Loyal,Email,REP010,2017-02-06 19:48:26,2018-08-22 17:55:32
CUST005046,Loyal,Paid Search,REP020,2017-05-14 07:54:25,2018-08-14 10:09:26
CUST005047,Loyal,Marketplace,REP025,2018-03-28 04:13:09,2018-09-14 18:04:57
CUST005048,Loyal,Social,REP008,2017-01-07 15:38:26,2018-09-20 00:42:21
CUST005049,VIP,Referral,REP007,2017-01-01 15:50:19,2018-07-21 10:22:48
CUST005050,Loyal,Email,REP017,2017-03-26 02:34:57,2018-09-08 11:33:06
CUST005051,Loyal,Referral,REP005,2017-07-23 06:35:10,2018-02-21 19:00:21
CUST005052,Inactive,Paid Search,REP004,2017-01-01 00:58:37,2017-01-01 00:58:37
CUST005053,Regular,Marketplace,REP009,2017-01-31 22:07:08,2017-09-17 08:03:42
CUST005054,Loyal,Paid Search,REP005,2017-11-10 21:02:52,2018-08-24 11:11:34
CUST005055,Loyal,Social,REP017,2017-08-16 19:09:51,2018-08-24 08:32:49
CUST005056,Inactive,Social,REP007,2018-03-25 17:22:57,2018-03-25 17:22:57
CUST005057,Inactive,Marketplace,REP022,2017-03-06 01:42:36,2017-03-06 01:42:36
CUST005058,Regular,Marketplace,REP012,2017-07-20 06:49:47,2018-04-22 15:36:13
CUST005059,Loyal,Organic,REP013,2017-01-03 20:39:31,2018-03-13 05:41:04
CUST005060,Regular,Paid Search,REP005,2017-05-06 15:13:36,2017-08-23 18:40:11
CUST005061,Loyal,Social,REP012,2017-01-18 16:29:57,2017-11-16 09:19:35
CUST005062,Loyal,Referral,REP018,2017-02-08 06:57:56,2018-06-14 19:02:07
CUST005063,Regular,Social,REP010,2017-12-14 12:46:49,2018-09-14 20:33:59
CUST005064,Regular,Organic,REP019,2017-07-15 00:15:49,2018-05-24 10:18:20
CUST005065,Inactive,Email,REP021,2017-03-12 00:00:00,2017-03-12 00:00:00
CUST005066,Loyal,Email,REP012,2017-02-13 18:34:01,2017-06-10 18:34:30
CUST005067,New,Social,REP014,2018-05-30 00:00:00,2018-05-30 00:00:00
CUST005068,Regular,Paid Search,REP006,2018-04-03 14:12:13,2018-04-16 15:41:52
CUST005069,Regular,Organic,REP020,2017-08-22 21:41:50,2018-07-17 17:11:32
CUST005070,Regular,Marketplace,REP011,2017-01-20 04:53:02,2018-07-25 23:09:17
CUST005071,Regular,Marketplace,REP014,2017-04-17 16:11:06,2017-05-15 12:09:37
CUST005072,Inactive,Referral,REP001,2017-02-09 08:49:50,2017-02-09 08:49:50
CUST005073,Loyal,Referral,REP028,2018-03-05 18:33:40,2018-07-30 05:17:47
CUST005074,Regular,Paid Search,REP007,2018-01-29 18:54:22,2018-03-06 05:11:45
CUST005075,Loyal,Referral,REP029,2017-01-12 08:05:28,2018-08-10 00:45:53
CUST005076,VIP,Paid Search,REP013,2017-07-01 14:12:29,2018-09-22 08:15:15
CUST005077,New,Referral,REP007,2018-06-06 00:00:00,2018-06-06 00:00:00
CUST005078,Regular,Organic,REP016,2018-01-02 22:50:52,2018-04-21 06:57:28
CUST005079,Loyal,Referral,REP013,2017-04-05 10:48:39,2018-07-25 03:53:10
CUST005080,Regular,Social,REP022,2018-06-11 12:45:43,2018-09-12 02:53:53
CUST005081,Inactive,Marketplace,REP004,2018-01-15 16:01:34,2018-01-15 16:01:34
CUST005082,Loyal,Referral,REP001,2017-09-30 22:24:13,2018-04-17 13:43:58
CUST005083,Loyal,Organic,REP006,2017-01-01 00:21:02,2018-09-30 19:37:07
CUST005084,Loyal,Organic,REP028,2018-01-02 00:42:11,2018-04-09 03:50:46
CUST005085,Inactive,Email,REP002,2018-03-22 00:00:00,2018-03-22 00:00:00
CUST005086,Inactive,Organic,REP020,2018-03-10 11:02:43,2018-03-10 11:02:43
CUST005087,Inactive,Email,REP004,2017-07-12 00:00:00,2017-07-12 00:00:00
CUST005088,Loyal,Paid Search,REP014,2017-03-01 14:00:22,2018-04-17 10:21:23
CUST005089,Inactive,Referral,REP001,2017-06-16 00:00:00,2017-06-16 00:00:00
CUST005090,Regular,Social,REP028,2018-02-15 04:53:27,2018-04-05 05:29:47
CUST005091,Loyal,Referral,REP001,2017-06-08 00:57:10,2017-10-10 07:32:02
CUST005092,Loyal,Email,REP020,2017-06-06 17:37:20,2017-12-15 23:09:38
CUST005093,Regular,Referral,REP006,2017-09-28 05:48:44,2018-01-18 03:16:05
CUST005094,Loyal,Social,REP019,2017-04-04 23:10:42,2018-07-06 03:00:32
CUST005095,Inactive,Email,REP027,2017-11-06 23:01:31,2017-11-06 23:01:31
CUST005096,Loyal,Social,REP017,2017-03-11 19:14:30,2018-06-18 23:01:35
CUST005097,Regular,Referral,REP026,2017-09-13 20:59:03,2018-05-16 00:05:55
CUST005098,Inactive,Marketplace,REP013,2018-03-10 00:00:00,2018-03-10 00:00:00
CUST005099,Inactive,Email,REP008,2017-05-09 00:00:00,2017-05-09 00:00:00
CUST005100,Inactive,Social,REP002,2017-03-21 00:00:00,2017-03-21 00:00:00
CUST005101,New,Referral,REP020,2018-04-09 03:52:37,2018-04-09 03:52:37
CUST005102,Inactive,Referral,REP005,2017-04-16 15:27:25,2017-04-16 15:27:25
CUST005103,Loyal,Referral,REP023,2017-11-09 09:48:36,2018-08-15 11:50:16
CUST005104,Inactive,Referral,REP029,2017-05-30 04:19:27,2017-05-30 04:19:27
CUST005105,Regular,Marketplace,REP005,2017-05-20 08:51:08,2017-06-15 01:24:26
CUST005106,Inactive,Social,REP004,2017-06-07 17:53:12,2017-06-07 17:53:12
CUST005107,Regular,Email,REP003,2017-02-25 05:44:57,2018-07-26 02:29:39
CUST005108,Regular,Marketplace,REP024,2017-05-01 19:38:43,2018-01-30 10:01:46
CUST005109,Inactive,Marketplace,REP017,2017-03-27 03:38:50,2017-03-27 03:38:50
CUST005110,Loyal,Email,REP014,2017-01-19 10:54:50,2017-12-11 00:21:59
CUST005111,Loyal,Referral,REP024,2018-05-22 13:34:55,2018-09-13 21:39:44
CUST005112,Inactive,Organic,REP027,2017-11-10 17:07:34,2017-11-10 17:07:34
CUST005113,New,Referral,REP019,2018-07-16 00:00:00,2018-07-16 00:00:00
CUST005114,Loyal,Email,REP004,2017-06-09 04:10:56,2018-01-24 00:23:05
CUST005115,Inactive,Referral,REP019,2017-02-19 11:45:24,2017-02-19 11:45:24
CUST005116,Loyal,Social,REP018,2017-08-02 21:27:40,2018-05-26 00:22:05
CUST005117,Loyal,Marketplace,REP013,2017-08-09 21:33:06,2018-07-30 11:54:50
CUST005118,Regular,Referral,REP014,2017-11-16 18:36:23,2018-05-21 15:23:48
CUST005119,Loyal,Marketplace,REP006,2017-01-29 07:48:32,2018-07-02 16:44:04
CUST005120,Regular,Email,REP006,2017-03-05 07:45:15,2017-10-02 21:34:02
CUST005121,Regular,Marketplace,REP025,2018-05-03 09:18:00,2018-07-18 15:46:08
CUST005122,Loyal,Marketplace,REP008,2017-02-21 10:30:30,2018-08-06 07:15:13
CUST005123,Regular,Referral,REP003,2017-08-14 16:31:14,2018-07-20 01:57:31
CUST005124,Regular,Email,REP007,2017-08-08 17:10:21,2018-03-13 04:13:11
CUST005125,Regular,Paid Search,REP027,2017-08-26 00:34:46,2018-08-31 21:38:24
CUST005126,Loyal,Referral,REP002,2017-04-04 21:42:59,2018-07-17 01:55:56
CUST005127,Inactive,Social,REP015,2017-04-21 00:00:00,2017-04-21 00:00:00
CUST005128,Regular,Paid Search,REP027,2017-05-31 18:44:32,2018-06-29 22:32:17
CUST005129,Regular,Email,REP028,2017-06-28 00:44:00,2018-03-27 00:12:27
CUST005130,Loyal,Marketplace,REP016,2017-03-29 09:51:40,2018-09-17 20:52:09
CUST005131,Regular,Referral,REP024,2018-03-26 19:11:17,2018-08-14 09:43:09
CUST005132,Regular,Referral,REP002,2018-02-19 09:35:01,2018-02-19 13:51:08
CUST005133,Regular,Referral,REP020,2017-03-21 15:41:12,2018-02-17 23:50:38
CUST005134,Inactive,Referral,REP024,2017-04-08 12:29:25,2017-04-08 12:29:25
CUST005135,Regular,Paid Search,REP026,2018-01-09 13:30:02,2018-02-21 08:51:23
CUST005136,Loyal,Referral,REP007,2017-07-27 19:23:43,2018-05-03 17:51:49
CUST005137,Inactive,Social,REP001,2018-02-06 21:55:58,2018-02-06 21:55:58
CUST005138,Inactive,Paid Search,REP008,2017-01-06 00:00:00,2017-01-06 00:00:00
CUST005139,Loyal,Paid Search,REP013,2017-04-29 06:46:33,2018-09-25 12:15:10
CUST005140,Loyal,Social,REP016,2017-07-16 09:04:37,2018-03-23 22:04:17
CUST005141,Regular,Social,REP022,2017-05-13 23:51:52,2017-06-29 00:22:51
CUST005142,Inactive,Marketplace,REP027,2017-11-30 08:18:32,2017-11-30 08:18:32
CUST005143,Loyal,Paid Search,REP008,2017-07-27 21:36:11,2018-04-25 11:41:42
CUST005144,Loyal,Email,REP004,2018-01-19 05:20:53,2018-09-08 00:38:59
CUST005145,Regular,Referral,REP026,2018-07-26 02:18:42,2018-09-21 10:33:28
CUST005146,Regular,Social,REP025,2017-05-04 16:56:52,2017-11-18 07:22:26
CUST005147,Inactive,Social,REP012,2017-02-15 00:00:00,2017-02-15 00:00:00
CUST005148,New,Email,REP015,2018-09-12 19:31:35,2018-09-12 19:31:35
CUST005149,Regular,Marketplace,REP016,2017-01-12 17:21:23,2017-07-02 13:59:03
CUST005150,Loyal,Referral,REP030,2018-06-20 13:37:48,2018-07-23 10:00:30
CUST005151,Inactive,Email,REP017,2017-03-20 15:22:33,2017-03-20 15:22:33
CUST005152,Regular,Organic,REP009,2017-01-18 23:47:27,2018-08-17 12:21:13
CUST005153,New,Referral,REP009,2018-04-12 01:59:46,2018-04-12 01:59:46
CUST005154,Regular,Paid Search,REP003,2017-04-11 03:08:03,2017-12-03 04:46:42
CUST005155,Loyal,Marketplace,REP020,2017-05-20 20:07:21,2018-02-16 13:43:38
CUST005156,Loyal,Email,REP005,2018-01-11 14:48:45,2018-09-09 21:35:14
CUST005157,Regular,Email,REP029,2018-01-02 15:51:21,2018-06-23 19:49:21
CUST005158,Regular,Social,REP001,2017-06-07 06:38:19,2018-09-05 00:24:22
CUST005159,Regular,Organic,REP004,2017-02-18 22:39:12,2018-08-28 12:55:47
CUST005160,Loyal,Social,REP012,2017-06-01 00:21:14,2018-07-12 09:38:04
CUST005161,Inactive,Referral,REP010,2017-08-07 10:05:34,2017-08-07 10:05:34
CUST005162,Loyal,Email,REP019,2017-05-20 14:15:51,2017-12-07 13:06:14
CUST005163,Loyal,Referral,REP017,2017-01-03 08:29:11,2018-08-05 20:07:43
CUST005164,Regular,Paid Search,REP018,2017-06-06 13:04:27,2018-08-07 22:53:55
CUST005165,Loyal,Referral,REP001,2017-03-13 14:20:11,2018-07-30 20:06:05
CUST005166,Regular,Paid Search,REP001,2017-04-18 01:00:00,2018-08-19 11:20:43
CUST005167,Loyal,Marketplace,REP005,2017-08-24 23:57:47,2018-04-08 17:01:00
CUST005168,VIP,Email,REP027,2017-06-21 06:08:35,2018-06-23 03:05:59
CUST005169,Loyal,Social,REP018,2018-02-03 21:06:12,2018-04-20 14:38:10
CUST005170,Loyal,Email,REP026,2017-02-13 12:25:35,2018-06-11 02:22:50
CUST005171,Inactive,Marketplace,REP006,2017-03-16 16:45:33,2017-03-16 16:45:33
CUST005172,New,Email,REP018,2018-09-16 00:00:00,2018-09-16 00:00:00
CUST005173,Loyal,Organic,REP003,2017-05-15 14:16:45,2018-07-21 03:17:49
CUST005174,Regular,Marketplace,REP029,2017-01-22 02:31:06,2017-08-19 09:20:40
CUST005175,Loyal,Organic,REP030,2017-05-03 13:13:34,2018-08-19 14:38:40
CUST005176,Regular,Organic,REP014,2017-01-30 12:44:01,2018-03-20 12:43:09
CUST005177,Regular,Referral,REP019,2017-10-07 09:15:43,2017-12-20 08:01:55
CUST005178,Regular,Referral,REP027,2017-02-10 03:54:18,2018-08-01 17:21:26
CUST005179,Inactive,Organic,REP019,2018-01-27 20:54:02,2018-01-27 20:54:02
CUST005180,Inactive,Paid Search,REP005,2017-05-17 10:56:22,2017-05-17 10:56:22
CUST005181,Inactive,Marketplace,REP023,2017-09-15 01:07:55,2017-09-15 01:07:55
CUST005182,Inactive,Marketplace,REP012,2017-03-18 00:00:00,2017-03-18 00:00:00
CUST005183,Loyal,Referral,REP006,2017-02-15 08:43:37,2018-05-07 20:15:04
CUST005184,Regular,Paid Search,REP009,2017-06-04 12:41:18,2017-12-28 04:55:24
CUST005185,Loyal,Organic,REP029,2017-01-12 18:31:26,2018-08-15 15:01:20
CUST005186,Regular,Marketplace,REP003,2017-09-23 19:07:44,2017-12-28 16:34:07
CUST005187,Loyal,Social,REP027,2017-10-14 00:27:49,2018-09-05 18:56:46
CUST005188,Regular,Email,REP019,2017-01-07 15:46:40,2018-09-25 18:44:40
CUST005189,Regular,Organic,REP001,2017-05-29 11:04:03,2017-08-10 23:20:40
CUST005190,Regular,Paid Search,REP018,2018-01-26 23:01:02,2018-04-24 15:14:17
CUST005191,VIP,Paid Search,REP023,2017-03-31 09:16:13,2018-04-03 11:36:21
CUST005192,Inactive,Organic,REP027,2017-08-18 23:49:27,2017-08-18 23:49:27
CUST005193,Regular,Paid Search,REP004,2017-04-03 21:54:46,2018-05-14 23:20:20
CUST005194,Regular,Email,REP002,2018-02-05 00:52:03,2018-07-30 03:14:20
CUST005195,VIP,Social,REP018,2017-09-20 05:56:08,2018-08-03 23:34:22
CUST005196,Regular,Email,REP020,2017-12-17 09:28:58,2018-06-17 01:03:21
CUST005197,Regular,Organic,REP009,2018-01-21 07:14:25,2018-04-25 08:31:59
CUST005198,Regular,Marketplace,REP004,2017-04-12 11:55:35,2017-04-29 16:49:31
CUST005199,Loyal,Paid Search,REP017,2017-01-21 02:56:03,2017-09-07 15:14:40
CUST005200,Loyal,Organic,REP011,2017-01-02 07:24:41,2017-11-11 12:07:29
CUST005201,Inactive,Marketplace,REP007,2018-01-17 15:02:32,2018-01-17 15:02:32
CUST005202,New,Referral,REP019,2018-04-17 00:00:00,2018-04-17 00:00:00
CUST005203,Regular,Paid Search,REP015,2017-12-19 13:33:18,2018-04-16 16:10:29
CUST005204,Inactive,Paid Search,REP024,2017-01-18 00:00:00,2017-01-18 00:00:00
CUST005205,Inactive,Organic,REP015,2018-02-02 12:36:51,2018-02-02 12:36:51
CUST005206,Regular,Organic,REP029,2017-07-06 04:58:56,2017-11-16 01:02:13
CUST005207,Loyal,Paid Search,REP027,2017-01-14 23:00:21,2018-05-13 01:59:34
CUST005208,Inactive,Social,REP006,2017-05-12 07:52:39,2017-05-12 07:52:39
CUST005209,New,Social,REP024,2018-06-17 14:52:19,2018-06-17 14:52:19
CUST005210,Regular,Organic,REP013,2018-05-09 02:27:29,2018-06-12 10:52:07
CUST005211,VIP,Marketplace,REP013,2017-01-05 08:49:34,2018-02-16 02:18:19
CUST005212,Loyal,Marketplace,REP020,2017-02-24 17:46:23,2018-09-07 05:07:55
CUST005213,Inactive,Organic,REP015,2017-11-05 02:14:00,2017-11-05 02:14:00
CUST005214,New,Social,REP003,2018-09-18 02:50:14,2018-09-18 02:50:14
CUST005215,Loyal,Organic,REP023,2017-04-30 03:57:55,2018-06-20 00:19:26
CUST005216,Inactive,Marketplace,REP009,2017-12-01 09:03:57,2017-12-01 09:03:57
CUST005217,Regular,Organic,REP022,2017-11-18 19:38:16,2018-07-22 17:55:47
CUST005218,Inactive,Email,REP029,2017-05-15 13:34:43,2017-05-15 13:34:43
CUST005219,Regular,Referral,REP004,2017-06-22 22:54:21,2017-10-14 17:02:38
CUST005220,New,Organic,REP001,2018-06-14 04:06:01,2018-06-14 04:06:01
CUST005221,Loyal,Social,REP023,2017-05-17 03:03:04,2018-04-06 18:26:36
CUST005222,Inactive,Email,REP010,2017-10-19 00:00:00,2017-10-19 00:00:00
CUST005223,Loyal,Email,REP003,2018-02-16 11:48:45,2018-08-12 22:34:32
CUST005224,New,Organic,REP024,2018-09-06 12:56:56,2018-09-06 12:56:56
CUST005225,Loyal,Social,REP011,2017-04-27 12:39:17,2018-09-21 06:39:56
CUST005226,New,Organic,REP017,2018-06-15 00:00:00,2018-06-15 00:00:00
CUST005227,Loyal,Marketplace,REP016,2017-04-05 22:13:17,2018-07-23 16:28:51
CUST005228,Inactive,Marketplace,REP020,2017-12-12 09:14:27,2017-12-12 09:14:27
CUST005229,Loyal,Organic,REP012,2017-05-27 08:01:29,2017-08-29 19:04:01
CUST005230,Loyal,Marketplace,REP020,2017-01-21 06:33:45,2018-08-10 10:56:41
CUST005231,New,Marketplace,REP020,2018-04-06 03:32:34,2018-04-06 03:32:34
CUST005232,Loyal,Marketplace,REP002,2017-05-31 09:40:05,2017-11-10 12:55:24
CUST005233,Loyal,Referral,REP015,2017-01-26 01:32:26,2018-09-06 06:46:49
CUST005234,Regular,Email,REP022,2017-08-26 08:39:46,2018-04-08 17:25:00
CUST005235,New,Referral,REP004,2018-09-24 00:00:00,2018-09-24 00:00:00
CUST005236,Loyal,Marketplace,REP021,2018-01-31 16:09:36,2018-07-10 04:05:21
CUST005237,Regular,Email,REP023,2017-05-24 00:55:36,2018-03-13 04:52:48
CUST005238,Loyal,Paid Search,REP018,2017-05-08 15:27:42,2018-01-09 04:35:55
CUST005239,Regular,Paid Search,REP030,2017-03-30 14:37:03,2018-07-08 02:56:01
CUST005240,Inactive,Marketplace,REP021,2017-11-13 00:00:00,2017-11-13 00:00:00
CUST005241,Loyal,Organic,REP005,2017-01-13 13:14:54,2017-09-06 19:29:04
CUST005242,VIP,Paid Search,REP005,2017-06-17 19:56:34,2018-07-13 18:35:42
CUST005243,Regular,Referral,REP025,2017-06-05 18:23:13,2017-10-15 20:54:36
CUST005244,Loyal,Email,REP011,2017-04-26 23:20:54,2018-08-26 09:58:25
CUST005245,Inactive,Social,REP003,2017-02-11 00:00:00,2017-02-11 00:00:00
CUST005246,Loyal,Organic,REP006,2017-05-21 08:04:55,2018-02-13 07:59:05
CUST005247,Inactive,Social,REP023,2017-11-11 05:52:37,2017-11-11 05:52:37
CUST005248,Regular,Paid Search,REP003,2017-03-18 00:27:06,2017-10-01 07:58:52
CUST005249,New,Social,REP017,2018-09-14 03:44:00,2018-09-14 03:44:00
CUST005250,New,Email,REP006,2018-06-27 07:00:49,2018-06-27 07:00:49
CUST005251,Inactive,Organic,REP008,2017-05-15 07:51:03,2017-05-15 07:51:03
CUST005252,VIP,Paid Search,REP022,2017-03-26 18:48:04,2018-08-30 00:33:27
CUST005253,Regular,Social,REP007,2017-03-12 10:11:07,2017-09-16 22:12:50
CUST005254,Loyal,Email,REP030,2017-08-31 10:59:12,2018-07-20 17:13:29
CUST005255,Regular,Paid Search,REP023,2017-02-20 23:51:50,2018-09-09 21:57:19
CUST005256,Regular,Referral,REP023,2017-03-19 10:28:08,2017-11-04 08:17:30
CUST005257,Loyal,Social,REP015,2017-02-09 16:17:23,2017-12-01 18:03:20
CUST005258,VIP,Referral,REP028,2017-04-13 12:41:42,2018-09-22 18:28:15
CUST005259,New,Email,REP017,2018-05-06 00:00:00,2018-05-06 00:00:00
CUST005260,Loyal,Organic,REP026,2017-02-28 22:47:11,2017-07-25 12:00:47
CUST005261,Loyal,Marketplace,REP005,2017-04-10 12:30:54,2018-06-01 21:21:13
CUST005262,Loyal,Social,REP011,2017-06-27 03:49:25,2018-06-26 18:26:01
CUST005263,Loyal,Paid Search,REP012,2017-05-12 17:12:21,2018-07-13 16:21:25
CUST005264,Loyal,Marketplace,REP018,2017-02-21 09:59:09,2017-11-25 01:08:34
CUST005265,VIP,Social,REP021,2017-01-18 02:03:31,2018-04-07 14:24:00
CUST005266,Regular,Paid Search,REP008,2018-02-28 06:07:49,2018-03-13 01:17:15
CUST005267,Loyal,Organic,REP028,2017-03-01 11:43:58,2018-05-26 04:30:01
CUST005268,Loyal,Email,REP008,2017-02-05 19:03:47,2018-09-12 17:19:01
CUST005269,VIP,Referral,REP005,2017-02-10 16:18:47,2018-05-29 04:36:09
CUST005270,Loyal,Social,REP023,2017-03-25 19:16:07,2018-03-19 18:40:13
CUST005271,Loyal,Paid Search,REP017,2017-01-09 13:49:02,2018-01-28 03:52:55
CUST005272,Inactive,Marketplace,REP020,2017-02-05 00:00:00,2017-02-05 00:00:00
CUST005273,Loyal,Social,REP004,2017-04-10 05:07:59,2018-01-19 20:44:19
CUST005274,Regular,Paid Search,REP024,2017-10-06 16:53:37,2017-11-21 12:00:44
CUST005275,Inactive,Social,REP026,2017-10-05 22:14:13,2017-10-05 22:14:13
CUST005276,Inactive,Email,REP030,2018-01-08 17:03:40,2018-01-08 17:03:40
CUST005277,Regular,Referral,REP024,2018-04-27 13:14:08,2018-08-16 11:45:48
CUST005278,Regular,Organic,REP024,2017-05-05 11:16:52,2018-07-18 13:15:52
CUST005279,Regular,Social,REP029,2017-01-18 23:04:30,2018-07-01 13:24:45
CUST005280,Loyal,Referral,REP017,2017-04-28 06:39:53,2018-09-12 14:10:53
CUST005281,New,Email,REP027,2018-09-18 02:32:30,2018-09-18 02:32:30
CUST005282,VIP,Email,REP020,2017-03-13 21:15:14,2018-03-14 05:28:45
CUST005283,Loyal,Referral,REP017,2017-02-16 02:25:45,2017-11-04 07:47:42
CUST005284,Loyal,Email,REP005,2017-01-21 00:44:38,2017-06-18 23:11:38
CUST005285,Loyal,Email,REP012,2017-01-12 20:49:44,2018-05-08 15:07:17
CUST005286,Loyal,Marketplace,REP016,2017-04-13 09:53:19,2018-01-03 20:14:15
CUST005287,VIP,Referral,REP025,2017-08-19 12:35:53,2018-06-22 22:21:52
CUST005288,Regular,Marketplace,REP015,2017-10-12 23:15:19,2018-04-15 08:08:15
CUST005289,Inactive,Marketplace,REP030,2017-01-18 00:00:00,2017-01-18 00:00:00
CUST005290,Regular,Email,REP009,2017-07-26 05:19:19,2018-07-01 10:56:24
CUST005291,VIP,Marketplace,REP023,2017-04-10 11:34:29,2018-06-01 07:17:04
CUST005292,Loyal,Social,REP026,2017-10-19 09:21:00,2018-09-05 02:53:31
CUST005293,Regular,Referral,REP023,2017-01-24 14:38:45,2017-05-17 16:36:30
CUST005294,Regular,Referral,REP010,2017-06-25 16:16:07,2018-06-09 12:46:19
CUST005295,Loyal,Organic,REP018,2017-06-29 23:53:01,2018-05-26 23:35:11
CUST005296,New,Marketplace,REP001,2018-04-02 05:31:40,2018-04-02 05:31:40
CUST005297,Regular,Email,REP008,2017-11-06 01:51:09,2018-07-18 03:20:58
CUST005298,Loyal,Social,REP029,2017-05-27 09:23:36,2018-03-18 01:12:36
CUST005299,Regular,Social,REP022,2018-06-01 18:42:09,2018-08-13 03:15:43
CUST005300,Inactive,Referral,REP013,2017-11-22 22:28:58,2017-11-22 22:28:58
CUST005301,Loyal,Social,REP021,2017-07-03 02:07:36,2017-12-05 16:00:09
CUST005302,Loyal,Email,REP002,2017-06-26 19:28:27,2018-08-01 04:52:10
CUST005303,Regular,Organic,REP027,2018-03-23 18:17:19,2018-09-26 20:46:21
CUST005304,Inactive,Organic,REP010,2017-05-19 13:32:11,2017-05-19 13:32:11
CUST005305,Regular,Marketplace,REP030,2018-02-18 23:56:04,2018-08-31 09:54:28
CUST005306,Loyal,Marketplace,REP008,2017-04-15 23:19:00,2018-09-09 19:43:17
CUST005307,Loyal,Paid Search,REP013,2017-04-26 19:11:44,2018-09-11 00:28:39
CUST005308,Inactive,Paid Search,REP016,2018-03-12 00:00:00,2018-03-12 00:00:00
CUST005309,New,Marketplace,REP010,2018-06-13 00:00:00,2018-06-13 00:00:00
CUST005310,Regular,Paid Search,REP019,2017-05-21 09:51:27,2018-07-04 16:27:23
CUST005311,New,Social,REP018,2018-04-23 06:21:15,2018-04-23 06:21:15
CUST005312,VIP,Organic,REP018,2017-01-01 20:13:06,2017-09-22 14:40:09
CUST005313,Loyal,Marketplace,REP001,2017-01-18 17:07:23,2018-07-02 18:09:19
CUST005314,Regular,Email,REP006,2017-04-29 14:49:59,2018-03-09 03:30:44
CUST005315,Loyal,Marketplace,REP005,2017-06-18 10:59:21,2018-05-18 17:54:13
CUST005316,Regular,Referral,REP007,2018-01-03 17:36:12,2018-02-11 23:03:28
CUST005317,Regular,Organic,REP006,2018-09-07 11:58:34,2018-09-28 15:16:17
CUST005318,Inactive,Referral,REP020,2017-09-13 00:00:00,2017-09-13 00:00:00
CUST005319,Inactive,Paid Search,REP018,2017-07-17 06:18:19,2017-07-17 06:18:19
CUST005320,Loyal,Marketplace,REP003,2017-03-15 09:48:12,2018-07-26 06:59:08
CUST005321,Inactive,Referral,REP004,2017-10-25 13:41:26,2017-10-25 13:41:26
CUST005322,Loyal,Email,REP026,2017-04-20 19:57:40,2017-11-30 11:30:18
CUST005323,Regular,Email,REP006,2017-09-16 02:45:44,2018-09-25 07:26:05
CUST005324,Inactive,Social,REP011,2017-07-23 05:40:31,2017-07-23 05:40:31
CUST005325,New,Email,REP021,2018-05-25 07:14:19,2018-05-25 07:14:19
CUST005326,Inactive,Referral,REP021,2017-10-15 07:49:59,2017-10-15 07:49:59
CUST005327,Regular,Marketplace,REP018,2017-08-10 11:14:34,2018-05-02 02:37:26
CUST005328,Regular,Social,REP008,2017-11-28 10:16:46,2018-04-02 21:56:22
CUST005329,Regular,Marketplace,REP003,2018-01-18 08:56:32,2018-08-07 15:54:39
CUST005330,Regular,Social,REP003,2017-06-18 11:22:34,2017-10-15 15:22:16
CUST005331,Regular,Paid Search,REP023,2017-02-13 18:07:02,2018-08-29 07:17:39
CUST005332,Loyal,Referral,REP014,2017-01-24 16:42:20,2018-09-18 12:22:16
CUST005333,Inactive,Social,REP018,2017-04-08 16:34:21,2017-04-08 16:34:21
CUST005334,Loyal,Paid Search,REP018,2017-05-25 07:54:20,2018-09-20 19:03:02
CUST005335,Regular,Social,REP020,2018-02-11 19:47:58,2018-08-01 18:44:07
CUST005336,Regular,Marketplace,REP019,2017-10-24 16:15:33,2017-11-18 03:28:53
CUST005337,Loyal,Referral,REP024,2017-06-07 01:14:58,2018-09-26 07:15:05
CUST005338,Regular,Organic,REP003,2018-08-28 11:08:36,2018-09-09 13:10:22
CUST005339,Loyal,Paid Search,REP009,2017-08-13 08:26:48,2018-05-30 16:49:03
CUST005340,Loyal,Organic,REP001,2017-02-14 05:34:43,2018-03-24 06:02:09
CUST005341,Inactive,Organic,REP028,2017-08-11 00:00:00,2017-08-11 00:00:00
CUST005342,Inactive,Marketplace,REP030,2017-09-14 00:00:00,2017-09-14 00:00:00
CUST005343,Regular,Social,REP028,2017-12-28 00:47:18,2018-08-20 11:30:20
CUST005344,Loyal,Organic,REP019,2017-11-07 22:18:35,2018-08-18 01:39:34
CUST005345,Loyal,Marketplace,REP005,2017-01-25 15:20:57,2018-01-04 00:47:57
CUST005346,Loyal,Paid Search,REP006,2017-01-31 00:42:01,2018-08-30 04:51:47
CUST005347,Loyal,Referral,REP003,2017-10-13 15:37:17,2018-09-27 23:14:47
CUST005348,Loyal,Marketplace,REP008,2017-01-05 00:48:02,2018-05-01 10:28:44
CUST005349,Loyal,Referral,REP029,2017-01-07 16:06:28,2018-07-28 13:08:46
CUST005350,Inactive,Social,REP025,2018-03-31 00:00:00,2018-03-31 00:00:00
CUST005351,New,Email,REP001,2018-08-27 00:00:00,2018-08-27 00:00:00
CUST005352,Regular,Paid Search,REP018,2017-04-11 19:33:11,2017-09-03 17:09:44
CUST005353,Loyal,Paid Search,REP018,2017-04-28 19:47:45,2017-12-05 20:18:10
CUST005354,Loyal,Referral,REP025,2017-03-08 09:43:53,2018-09-22 00:44:18
CUST005355,Loyal,Marketplace,REP010,2017-08-05 20:10:24,2018-09-03 14:58:39
CUST005356,Regular,Referral,REP005,2017-03-15 05:24:59,2018-03-23 09:32:38
CUST005357,Regular,Organic,REP008,2017-10-01 04:25:51,2018-09-14 03:42:20
CUST005358,Loyal,Referral,REP009,2017-02-04 02:17:41,2018-06-04 20:15:16
CUST005359,Regular,Paid Search,REP002,2017-12-27 20:58:34,2018-08-14 02:07:33
CUST005360,New,Referral,REP016,2018-07-22 05:35:45,2018-07-22 05:35:45
CUST005361,Regular,Marketplace,REP020,2017-12-03 15:45:28,2017-12-24 07:36:42
CUST005362,Inactive,Referral,REP023,2017-05-15 11:29:53,2017-05-15 11:29:53
CUST005363,Loyal,Marketplace,REP001,2017-08-22 17:46:58,2018-09-22 10:14:13
CUST005364,Loyal,Social,REP001,2017-08-15 21:59:40,2018-07-04 01:28:43
CUST005365,Inactive,Organic,REP006,2017-06-19 10:55:54,2017-06-19 10:55:54
CUST005366,Loyal,Marketplace,REP028,2017-02-19 04:08:38,2018-07-01 04:49:46
CUST005367,Regular,Email,REP017,2017-09-07 09:45:03,2018-08-28 13:36:21
CUST005368,Inactive,Organic,REP025,2017-10-01 00:39:16,2017-10-01 00:39:16
CUST005369,Regular,Marketplace,REP015,2017-03-08 04:09:33,2017-10-13 09:29:28
CUST005370,Inactive,Social,REP008,2017-04-14 21:06:47,2017-04-14 21:06:47
CUST005371,Loyal,Referral,REP022,2017-10-03 20:31:06,2018-06-13 01:53:02
CUST005372,Loyal,Paid Search,REP022,2017-06-13 02:25:50,2018-09-28 22:42:47
CUST005373,Loyal,Social,REP015,2017-03-09 02:09:18,2017-04-30 16:48:10
CUST005374,Loyal,Email,REP029,2017-06-16 10:47:29,2018-07-07 02:01:22
CUST005375,Loyal,Marketplace,REP024,2017-07-02 15:09:56,2018-02-16 01:14:09
CUST005376,Regular,Referral,REP002,2017-01-05 10:07:08,2017-05-21 13:31:28
CUST005377,New,Social,REP011,2018-08-18 19:15:52,2018-08-18 19:15:52
CUST005378,Inactive,Social,REP020,2017-11-10 13:30:14,2017-11-10 13:30:14
CUST005379,Regular,Paid Search,REP022,2017-10-14 10:39:21,2018-06-02 20:32:43
CUST005380,Inactive,Organic,REP023,2018-03-01 20:42:18,2018-03-01 20:42:18
CUST005381,Regular,Social,REP017,2017-02-10 02:02:09,2017-05-03 05:45:53
CUST005382,Loyal,Organic,REP002,2018-04-01 19:51:41,2018-08-19 19:48:19
CUST005383,Loyal,Organic,REP022,2017-07-23 11:57:20,2017-08-01 13:31:38
CUST005384,New,Email,REP014,2018-06-30 00:00:00,2018-06-30 00:00:00
CUST005385,Loyal,Paid Search,REP016,2017-02-23 22:24:20,2017-06-16 03:49:02
CUST005386,Loyal,Social,REP010,2017-01-06 01:59:44,2018-05-30 22:20:03
CUST005387,Regular,Paid Search,REP015,2017-06-11 19:31:48,2018-05-14 22:01:24
CUST005388,Loyal,Social,REP023,2018-01-19 17:01:28,2018-09-22 03:11:11
CUST005389,Inactive,Social,REP029,2017-10-29 01:30:20,2017-10-29 01:30:20
CUST005390,Inactive,Marketplace,REP002,2018-01-08 00:00:00,2018-01-08 00:00:00
CUST005391,Inactive,Organic,REP021,2017-06-30 00:00:00,2017-06-30 00:00:00
CUST005392,Loyal,Paid Search,REP013,2017-06-07 20:54:30,2018-07-18 06:33:19
CUST005393,Inactive,Organic,REP002,2017-06-03 18:16:22,2017-06-03 18:16:22
CUST005394,Loyal,Email,REP009,2018-05-19 12:31:54,2018-08-25 08:38:55
CUST005395,New,Referral,REP027,2018-06-14 20:46:04,2018-06-14 20:46:04
CUST005396,Inactive,Email,REP006,2018-01-11 01:10:10,2018-01-11 01:10:10
CUST005397,Loyal,Social,REP030,2017-04-03 05:04:16,2017-08-19 18:42:24
CUST005398,Loyal,Paid Search,REP014,2017-03-08 06:14:43,2018-06-01 16:44:52
CUST005399,Loyal,Referral,REP014,2017-06-27 22:00:16,2018-09-28 23:37:41
CUST005400,Regular,Organic,REP011,2017-07-19 10:40:18,2018-06-01 13:05:55
CUST005401,Regular,Marketplace,REP019,2017-10-29 21:26:23,2018-08-02 10:01:22
CUST005402,Loyal,Social,REP020,2017-07-02 10:20:18,2018-08-06 21:01:26
CUST005403,Loyal,Marketplace,REP012,2017-02-04 21:18:18,2018-08-08 16:35:10
CUST005404,Loyal,Referral,REP013,2017-05-11 03:59:18,2018-02-10 23:02:29
CUST005405,Loyal,Social,REP024,2017-02-01 16:54:02,2018-05-10 11:06:32
CUST005406,Loyal,Social,REP026,2017-01-31 20:02:07,2018-03-05 06:45:51
CUST005407,Regular,Organic,REP028,2017-08-27 11:16:53,2018-09-17 16:15:08
CUST005408,Inactive,Paid Search,REP015,2017-10-15 00:00:00,2017-10-15 00:00:00
CUST005409,Loyal,Referral,REP013,2017-07-14 20:25:16,2018-01-31 19:10:58
CUST005410,Loyal,Organic,REP009,2017-06-28 05:33:31,2018-05-15 06:36:06
CUST005411,Loyal,Organic,REP016,2017-02-10 10:13:39,2018-05-08 15:44:53
CUST005412,Inactive,Referral,REP025,2017-05-07 00:00:00,2017-05-07 00:00:00
CUST005413,Loyal,Social,REP030,2017-08-28 17:36:39,2018-08-27 00:54:28
CUST005414,Loyal,Marketplace,REP027,2017-02-16 19:23:01,2018-01-01 08:46:56
CUST005415,Loyal,Marketplace,REP019,2017-01-10 04:21:36,2018-06-14 05:18:02
CUST005416,Regular,Paid Search,REP015,2017-10-07 07:34:37,2018-05-18 13:13:38
CUST005417,Loyal,Referral,REP025,2017-07-01 02:23:56,2018-09-23 04:23:51
CUST005418,Inactive,Marketplace,REP022,2017-03-14 21:25:50,2017-03-14 21:25:50
CUST005419,Inactive,Organic,REP015,2017-03-08 00:00:00,2017-03-08 00:00:00
CUST005420,New,Organic,REP014,2018-06-07 02:51:23,2018-06-07 02:51:23
CUST005421,Regular,Email,REP029,2017-04-22 19:03:17,2018-04-10 14:57:25
CUST005422,Regular,Paid Search,REP003,2017-04-09 06:15:05,2018-08-21 18:21:02
CUST005423,Loyal,Referral,REP029,2018-01-08 21:50:22,2018-09-01 20:47:35
CUST005424,Inactive,Paid Search,REP005,2018-02-01 05:00:35,2018-02-01 05:00:35
CUST005425,Inactive,Email,REP013,2017-05-15 00:00:00,2017-05-15 00:00:00
CUST005426,Inactive,Referral,REP030,2017-09-09 00:00:00,2017-09-09 00:00:00
CUST005427,Loyal,Paid Search,REP002,2017-07-06 00:59:27,2018-06-16 14:14:05
CUST005428,Inactive,Marketplace,REP002,2017-12-18 00:00:00,2017-12-18 00:00:00
CUST005429,Loyal,Referral,REP007,2018-02-22 18:20:05,2018-05-10 06:00:43
CUST005430,Loyal,Marketplace,REP021,2017-01-21 01:40:39,2018-05-11 17:03:00
CUST005431,Loyal,Email,REP018,2017-03-01 13:10:37,2018-09-29 21:54:39
CUST005432,Regular,Social,REP029,2017-02-07 06:17:24,2017-08-30 07:59:47
CUST005433,Regular,Social,REP029,2017-09-10 11:19:55,2017-12-25 00:06:14
CUST005434,Loyal,Paid Search,REP023,2017-12-30 22:50:59,2018-07-07 14:41:20
CUST005435,Loyal,Organic,REP003,2017-07-23 14:01:11,2018-08-28 08:10:34
CUST005436,Loyal,Organic,REP004,2017-09-29 23:13:54,2018-06-19 00:17:16
CUST005437,Regular,Email,REP002,2017-05-22 10:39:53,2017-10-26 16:14:54
CUST005438,Regular,Organic,REP016,2017-01-22 20:36:31,2018-04-02 23:11:27
CUST005439,Loyal,Paid Search,REP018,2017-01-24 18:27:24,2017-06-21 21:15:36
CUST005440,Inactive,Referral,REP028,2017-03-19 04:10:06,2017-03-19 04:10:06
CUST005441,Loyal,Paid Search,REP007,2017-03-10 19:08:54,2017-07-25 12:53:05
CUST005442,Regular,Email,REP027,2018-01-11 15:22:52,2018-02-07 23:57:16
CUST005443,Regular,Marketplace,REP003,2017-08-11 21:48:27,2018-02-26 09:02:07
CUST005444,Loyal,Organic,REP025,2017-09-04 07:54:22,2017-11-15 11:34:15
CUST005445,Inactive,Email,REP002,2017-04-22 00:04:44,2017-04-22 00:04:44
CUST005446,Regular,Email,REP004,2018-02-23 12:36:13,2018-04-28 12:28:50
CUST005447,Loyal,Email,REP015,2017-10-13 03:42:29,2018-07-20 19:47:08
CUST005448,New,Social,REP008,2018-08-15 00:00:00,2018-08-15 00:00:00
CUST005449,Loyal,Organic,REP027,2017-05-26 11:01:02,2018-08-23 12:11:07
CUST005450,Inactive,Social,REP004,2017-10-09 06:42:48,2017-10-09 06:42:48
CUST005451,Loyal,Marketplace,REP013,2017-10-03 11:02:41,2018-07-07 22:13:42
CUST005452,Inactive,Referral,REP016,2017-07-13 23:47:05,2017-07-13 23:47:05
CUST005453,Regular,Organic,REP013,2017-06-09 19:34:05,2018-07-20 22:54:18
CUST005454,Loyal,Social,REP026,2017-01-20 11:49:44,2018-08-21 15:51:20
CUST005455,VIP,Referral,REP023,2017-02-17 23:02:09,2017-09-03 05:49:51
CUST005456,New,Email,REP012,2018-07-22 01:07:46,2018-07-22 01:07:46
CUST005457,Loyal,Email,REP014,2017-09-24 05:40:25,2018-05-01 18:54:29
CUST005458,Loyal,Paid Search,REP019,2017-03-16 08:54:54,2018-07-27 22:15:52
CUST005459,Loyal,Referral,REP010,2017-03-21 04:29:05,2018-08-01 07:58:17
CUST005460,Regular,Marketplace,REP014,2018-05-27 02:49:56,2018-06-30 12:29:57
CUST005461,Loyal,Organic,REP008,2017-06-28 00:25:09,2018-05-21 20:43:06
CUST005462,Loyal,Paid Search,REP002,2017-02-09 08:02:22,2017-10-05 09:26:05
CUST005463,New,Paid Search,REP028,2018-06-18 05:22:47,2018-06-18 05:22:47
CUST005464,New,Paid Search,REP023,2018-04-04 09:29:59,2018-04-04 09:29:59
CUST005465,Loyal,Referral,REP016,2017-09-26 07:41:13,2018-03-27 04:52:19
CUST005466,Inactive,Paid Search,REP012,2017-05-30 00:00:00,2017-05-30 00:00:00
CUST005467,Loyal,Organic,REP012,2017-07-18 15:56:38,2018-07-23 12:56:36
CUST005468,Inactive,Organic,REP011,2017-12-29 11:28:53,2017-12-29 11:28:53
CUST005469,Regular,Social,REP001,2017-02-22 04:20:34,2017-08-24 21:48:51
CUST005470,Loyal,Referral,REP001,2017-04-23 05:12:22,2017-10-22 23:51:10
CUST005471,New,Referral,REP001,2018-05-14 20:19:08,2018-05-14 20:19:08
CUST005472,Inactive,Social,REP022,2017-01-06 10:50:48,2017-01-06 10:50:48
CUST005473,Regular,Referral,REP024,2017-03-18 14:10:55,2017-08-24 21:14:06
CUST005474,Loyal,Paid Search,REP017,2017-02-01 13:46:28,2018-08-08 07:22:39
CUST005475,Regular,Paid Search,REP027,2017-02-23 21:29:07,2018-09-28 14:30:48
CUST005476,Inactive,Organic,REP003,2017-06-27 00:00:00,2017-06-27 00:00:00
CUST005477,Loyal,Paid Search,REP013,2017-01-07 07:32:33,2018-09-04 21:17:26
CUST005478,VIP,Marketplace,REP030,2017-04-03 02:15:58,2017-12-05 04:01:06
CUST005479,Loyal,Social,REP010,2017-11-12 09:46:41,2018-09-25 15:53:31
CUST005480,Inactive,Social,REP017,2017-03-05 00:00:00,2017-03-05 00:00:00
CUST005481,Loyal,Email,REP013,2017-04-08 02:33:44,2017-07-15 10:37:12
CUST005482,Regular,Social,REP017,2018-01-24 00:59:29,2018-03-01 04:04:41
CUST005483,Loyal,Referral,REP017,2017-01-09 10:08:00,2017-10-08 07:48:10
CUST005484,Regular,Paid Search,REP025,2017-01-03 09:26:31,2017-01-09 11:01:24
CUST005485,Regular,Referral,REP021,2017-06-18 12:14:56,2017-09-08 19:37:07
CUST005486,New,Social,REP024,2018-04-10 06:15:03,2018-04-10 06:15:03
CUST005487,New,Marketplace,REP011,2018-05-14 00:00:00,2018-05-14 00:00:00
CUST005488,Loyal,Organic,REP020,2017-02-23 18:38:27,2018-09-30 19:12:59
CUST005489,Loyal,Organic,REP025,2017-11-10 10:20:02,2018-06-14 06:40:51
CUST005490,New,Paid Search,REP024,2018-08-04 04:18:40,2018-08-04 04:18:40
CUST005491,Inactive,Paid Search,REP018,2018-03-04 11:06:33,2018-03-04 11:06:33
CUST005492,Loyal,Marketplace,REP001,2017-10-12 06:33:04,2018-07-05 02:10:38
CUST005493,Inactive,Referral,REP014,2017-12-10 00:41:12,2017-12-10 00:41:12
CUST005494,Loyal,Organic,REP012,2017-01-10 13:45:34,2018-02-18 16:43:50
CUST005495,Regular,Marketplace,REP003,2018-04-19 22:45:39,2018-07-29 17:52:27
CUST005496,Inactive,Paid Search,REP016,2017-03-12 00:00:00,2017-03-12 00:00:00
CUST005497,Loyal,Email,REP006,2017-01-29 08:43:15,2018-04-24 11:14:01
CUST005498,Loyal,Email,REP022,2018-03-29 14:50:20,2018-07-27 21:22:32
CUST005499,Loyal,Organic,REP025,2017-09-12 19:14:33,2018-09-26 06:38:20
CUST005500,Loyal,Paid Search,REP014,2017-05-22 21:19:38,2018-09-08 01:45:03
CUST005501,Regular,Paid Search,REP001,2017-02-26 18:44:27,2018-04-03 00:24:53
CUST005502,New,Paid Search,REP007,2018-07-07 00:00:00,2018-07-07 00:00:00
CUST005503,Loyal,Email,REP006,2017-08-07 03:05:18,2018-01-11 15:12:54
CUST005504,Loyal,Email,REP019,2017-05-21 20:11:45,2018-07-15 13:29:16
CUST005505,Regular,Paid Search,REP012,2017-02-23 19:15:49,2018-08-11 23:05:43
CUST005506,Regular,Social,REP006,2017-05-29 09:48:17,2018-09-04 15:35:28
CUST005507,New,Social,REP005,2018-06-03 00:00:00,2018-06-03 00:00:00
CUST005508,Inactive,Email,REP030,2018-01-01 17:09:45,2018-01-01 17:09:45
CUST005509,Loyal,Email,REP005,2017-02-04 00:02:58,2017-10-11 18:15:04
CUST005510,Inactive,Email,REP029,2018-03-20 09:12:12,2018-03-20 09:12:12
CUST005511,Loyal,Referral,REP027,2017-01-16 19:11:40,2018-08-08 17:19:33
CUST005512,VIP,Social,REP028,2017-05-17 05:47:01,2018-08-01 05:51:17
CUST005513,Inactive,Paid Search,REP009,2017-05-10 07:22:51,2017-05-10 07:22:51
CUST005514,Loyal,Marketplace,REP014,2017-03-22 23:59:29,2018-01-08 21:35:54
CUST005515,Regular,Marketplace,REP001,2017-08-13 11:38:11,2018-03-31 14:18:32
CUST005516,Loyal,Organic,REP021,2017-08-28 11:13:03,2018-03-15 02:14:10
CUST005517,New,Marketplace,REP010,2018-06-20 02:12:35,2018-06-20 02:12:35
CUST005518,Regular,Email,REP006,2018-07-23 21:22:47,2018-09-23 08:05:23
CUST005519,Inactive,Social,REP030,2017-06-13 12:54:29,2017-06-13 12:54:29
CUST005520,Regular,Marketplace,REP009,2017-04-15 08:07:46,2018-02-07 14:35:46
CUST005521,Inactive,Social,REP024,2017-07-30 00:00:00,2017-07-30 00:00:00
CUST005522,New,Email,REP004,2018-09-11 15:38:09,2018-09-11 15:38:09
CUST005523,Regular,Referral,REP006,2017-12-31 07:37:52,2018-01-09 21:59:39
CUST005524,Loyal,Social,REP011,2017-01-09 20:59:13,2018-05-27 21:26:08
CUST005525,Inactive,Marketplace,REP007,2017-09-20 03:43:07,2017-09-20 03:43:07
CUST005526,Inactive,Email,REP018,2017-07-10 08:03:38,2017-07-10 08:03:38
CUST005527,Regular,Social,REP007,2017-06-23 06:07:14,2018-06-20 15:40:14
CUST005528,Loyal,Paid Search,REP010,2017-03-09 11:29:33,2018-08-14 19:20:59
CUST005529,Loyal,Paid Search,REP023,2018-03-09 17:14:12,2018-08-26 04:19:34
CUST005530,Loyal,Paid Search,REP017,2017-09-18 11:13:33,2017-12-04 20:00:08
CUST005531,Inactive,Organic,REP005,2017-09-04 14:24:45,2017-09-04 14:24:45
CUST005532,Loyal,Email,REP021,2017-01-29 02:59:28,2018-03-03 07:02:07
CUST005533,Inactive,Social,REP002,2017-10-08 12:57:50,2017-10-08 12:57:50
CUST005534,Loyal,Organic,REP021,2017-02-13 14:45:50,2018-06-16 08:47:11
CUST005535,Loyal,Referral,REP020,2017-06-10 09:41:34,2018-01-02 00:18:09
CUST005536,Regular,Social,REP019,2017-12-04 19:11:38,2018-01-24 21:22:24
CUST005537,New,Marketplace,REP005,2018-05-22 04:33:43,2018-05-22 04:33:43
CUST005538,Inactive,Paid Search,REP014,2017-01-15 18:21:17,2017-01-15 18:21:17
CUST005539,Loyal,Paid Search,REP012,2017-09-09 19:22:03,2018-08-03 15:15:08
CUST005540,Loyal,Email,REP007,2017-04-04 00:06:25,2018-08-27 10:47:51
CUST005541,Inactive,Marketplace,REP015,2018-03-05 12:05:20,2018-03-05 12:05:20
CUST005542,Regular,Email,REP023,2017-08-25 13:15:10,2018-01-15 04:49:03
CUST005543,Loyal,Email,REP025,2017-05-03 12:53:44,2018-09-24 19:42:12
CUST005544,Loyal,Organic,REP025,2017-08-21 20:00:49,2018-09-06 11:48:44
CUST005545,VIP,Social,REP006,2017-03-29 07:21:58,2018-07-10 04:02:43
CUST005546,Inactive,Organic,REP029,2017-02-18 09:13:55,2017-02-18 09:13:55
CUST005547,Inactive,Email,REP006,2017-10-22 00:00:00,2017-10-22 00:00:00
CUST005548,Loyal,Referral,REP027,2017-09-25 23:46:40,2018-08-19 04:56:15
CUST005549,New,Email,REP029,2018-04-06 23:20:54,2018-04-06 23:20:54
CUST005550,Inactive,Email,REP021,2017-04-13 07:17:34,2017-04-13 07:17:34
CUST005551,Inactive,Marketplace,REP010,2017-09-19 06:04:15,2017-09-19 06:04:15
CUST005552,Regular,Referral,REP002,2017-04-24 17:39:49,2017-06-13 22:19:23
CUST005553,Loyal,Referral,REP023,2017-04-27 19:43:31,2018-07-15 02:57:40
CUST005554,Regular,Email,REP025,2017-02-23 03:01:06,2017-03-29 21:08:34
CUST005555,Regular,Social,REP027,2017-10-25 13:07:07,2017-11-28 13:41:31
CUST005556,Regular,Referral,REP011,2017-02-24 06:49:31,2017-05-21 12:34:05
CUST005557,Inactive,Referral,REP002,2017-02-19 14:35:21,2017-02-19 14:35:21
CUST005558,Inactive,Paid Search,REP018,2017-12-06 02:57:26,2017-12-06 02:57:26
CUST005559,Inactive,Social,REP016,2017-01-03 11:22:40,2017-01-03 11:22:40
CUST005560,Inactive,Referral,REP001,2018-01-19 00:00:00,2018-01-19 00:00:00
CUST005561,New,Referral,REP012,2018-08-27 15:12:41,2018-08-27 15:12:41
CUST005562,Loyal,Paid Search,REP006,2017-07-08 06:21:46,2018-04-29 22:49:44
CUST005563,Inactive,Referral,REP028,2017-05-06 06:09:40,2017-05-06 06:09:40
CUST005564,Inactive,Paid Search,REP018,2018-01-07 04:01:52,2018-01-07 04:01:52
CUST005565,Regular,Organic,REP010,2017-10-31 09:16:52,2018-09-07 20:21:57
CUST005566,Loyal,Organic,REP014,2017-02-25 05:29:47,2018-09-12 11:39:19
CUST005567,New,Organic,REP011,2018-09-28 21:39:37,2018-09-28 21:39:37
CUST005568,Inactive,Referral,REP019,2017-02-02 15:56:57,2017-02-02 15:56:57
CUST005569,Regular,Paid Search,REP016,2018-03-03 19:44:03,2018-06-21 06:18:20
CUST005570,Inactive,Social,REP007,2017-02-04 20:07:45,2017-02-04 20:07:45
CUST005571,Inactive,Social,REP016,2017-09-28 12:00:08,2017-09-28 12:00:08
CUST005572,Loyal,Paid Search,REP030,2017-11-01 21:35:02,2018-07-10 10:11:48
CUST005573,Inactive,Marketplace,REP009,2017-11-08 00:00:00,2017-11-08 00:00:00
CUST005574,Inactive,Marketplace,REP028,2017-04-21 09:13:28,2017-04-21 09:13:28
CUST005575,Regular,Marketplace,REP019,2017-05-20 01:25:08,2017-10-12 05:39:39
CUST005576,Loyal,Referral,REP008,2017-08-10 15:09:32,2018-02-09 11:31:45
CUST005577,Inactive,Social,REP027,2017-06-17 03:27:58,2017-06-17 03:27:58
CUST005578,Inactive,Paid Search,REP003,2018-02-27 02:06:20,2018-02-27 02:06:20
CUST005579,Regular,Organic,REP025,2017-10-19 02:57:18,2018-01-21 10:13:21
CUST005580,Loyal,Email,REP008,2017-03-18 15:44:12,2017-09-23 17:11:43
CUST005581,Loyal,Paid Search,REP004,2017-03-23 09:53:16,2017-07-04 02:43:02
CUST005582,Loyal,Referral,REP001,2017-03-29 11:23:55,2018-06-04 04:54:47
CUST005583,Regular,Referral,REP029,2018-04-10 03:07:49,2018-07-09 03:08:32
CUST005584,Regular,Email,REP007,2017-09-02 12:32:53,2017-12-27 10:18:06
CUST005585,Loyal,Email,REP021,2017-01-04 17:35:09,2017-08-30 07:46:49
CUST005586,Regular,Email,REP014,2017-06-11 13:28:23,2018-09-17 22:49:07
CUST005587,New,Marketplace,REP030,2018-04-18 00:00:00,2018-04-18 00:00:00
CUST005588,Loyal,Referral,REP022,2017-08-29 22:20:17,2018-09-30 06:10:32
CUST005589,New,Email,REP008,2018-09-11 03:18:27,2018-09-11 03:18:27
CUST005590,Loyal,Email,REP024,2017-01-04 16:05:37,2018-09-14 03:06:29
CUST005591,New,Organic,REP005,2018-04-28 00:00:00,2018-04-28 00:00:00
CUST005592,Loyal,Marketplace,REP012,2017-07-25 22:20:44,2018-02-05 06:26:50
CUST005593,Regular,Organic,REP002,2017-03-25 10:38:51,2018-06-08 12:51:29
CUST005594,Loyal,Social,REP002,2017-01-11 16:15:41,2017-03-19 01:04:59
CUST005595,VIP,Marketplace,REP025,2017-01-19 19:01:26,2018-08-11 23:07:50
CUST005596,Loyal,Marketplace,REP019,2017-02-21 12:05:41,2018-09-04 09:49:07
CUST005597,Regular,Paid Search,REP014,2017-04-11 23:11:12,2017-04-13 04:54:35
CUST005598,Regular,Referral,REP011,2017-09-09 12:01:54,2018-01-29 10:11:33
CUST005599,Loyal,Referral,REP001,2017-07-09 14:31:50,2018-08-20 12:50:40
CUST005600,Inactive,Marketplace,REP008,2017-11-26 00:00:00,2017-11-26 00:00:00
CUST005601,Inactive,Social,REP020,2017-05-01 09:08:23,2017-05-01 09:08:23
CUST005602,New,Referral,REP004,2018-09-15 17:58:56,2018-09-15 17:58:56
CUST005603,Regular,Marketplace,REP017,2017-03-31 18:38:44,2018-05-06 14:00:36
CUST005604,Loyal,Social,REP030,2017-04-19 15:56:42,2018-03-04 02:43:50
CUST005605,Regular,Referral,REP018,2017-06-26 11:05:35,2018-06-21 06:58:38
CUST005606,Inactive,Social,REP002,2018-03-20 20:42:16,2018-03-20 20:42:16
CUST005607,Regular,Marketplace,REP015,2017-12-04 15:35:33,2018-07-24 02:02:29
CUST005608,Regular,Organic,REP005,2017-06-03 07:44:00,2017-11-03 22:10:27
CUST005609,Loyal,Referral,REP007,2017-02-05 14:28:17,2018-05-24 04:17:21
CUST005610,Regular,Organic,REP028,2018-06-16 09:34:14,2018-07-22 09:47:37
CUST005611,Loyal,Marketplace,REP006,2018-04-07 20:38:03,2018-09-11 02:08:05
CUST005612,Loyal,Organic,REP017,2017-02-08 03:47:55,2018-07-30 07:38:24
CUST005613,Regular,Social,REP003,2018-06-10 21:38:03,2018-07-08 02:02:46
CUST005614,Loyal,Social,REP021,2017-03-09 20:46:46,2018-09-25 16:20:57
CUST005615,Loyal,Email,REP019,2017-02-23 21:08:35,2018-08-12 21:45:48
CUST005616,VIP,Paid Search,REP004,2017-07-07 04:08:40,2018-09-24 13:32:54
CUST005617,Loyal,Paid Search,REP001,2017-03-22 06:22:12,2018-02-09 15:39:34
CUST005618,Regular,Marketplace,REP010,2017-07-17 22:47:12,2018-04-09 21:35:38
CUST005619,Inactive,Marketplace,REP026,2017-09-28 05:36:49,2017-09-28 05:36:49
CUST005620,Regular,Social,REP027,2017-11-29 14:02:49,2018-08-26 11:21:56
CUST005621,Loyal,Email,REP010,2017-12-05 07:47:26,2018-08-04 01:19:34
CUST005622,Regular,Referral,REP012,2018-01-03 09:19:07,2018-09-13 05:20:35
CUST005623,New,Paid Search,REP001,2018-06-24 23:45:39,2018-06-24 23:45:39
CUST005624,Loyal,Referral,REP028,2018-01-21 18:55:11,2018-06-28 18:03:56
CUST005625,Loyal,Email,REP014,2017-03-16 13:58:01,2017-12-11 06:08:10
CUST005626,Loyal,Email,REP030,2017-09-22 18:56:04,2018-04-23 04:38:35
CUST005627,Regular,Paid Search,REP022,2017-02-24 21:12:53,2018-06-24 00:19:19
CUST005628,Regular,Referral,REP003,2017-05-05 08:02:48,2017-07-25 17:05:36
CUST005629,Loyal,Social,REP020,2017-02-01 13:34:33,2018-07-23 11:40:16
CUST005630,Inactive,Organic,REP007,2017-08-15 00:00:00,2017-08-15 00:00:00
CUST005631,Loyal,Paid Search,REP030,2017-06-25 03:42:32,2018-05-22 22:56:02
CUST005632,Loyal,Organic,REP016,2017-02-15 04:40:00,2018-08-12 13:49:06
CUST005633,Loyal,Organic,REP022,2017-01-14 01:47:31,2018-09-09 13:07:28
CUST005634,New,Marketplace,REP022,2018-07-21 23:54:48,2018-07-21 23:54:48
CUST005635,Loyal,Referral,REP027,2017-09-29 04:18:44,2018-08-19 06:13:07
CUST005636,Loyal,Referral,REP008,2017-01-21 05:14:10,2018-07-25 11:50:46
CUST005637,Regular,Social,REP027,2017-03-02 10:39:05,2017-09-28 04:52:52
CUST005638,Regular,Referral,REP018,2018-03-22 10:28:18,2018-06-18 11:44:35
CUST005639,Loyal,Marketplace,REP007,2017-01-10 01:26:41,2018-06-22 22:02:01
CUST005640,Regular,Referral,REP015,2017-11-08 03:23:15,2018-01-21 08:11:19
CUST005641,Loyal,Email,REP014,2017-04-02 21:12:59,2017-09-18 05:46:52
CUST005642,Regular,Email,REP011,2017-11-22 07:03:45,2018-05-03 04:46:11
CUST005643,Loyal,Paid Search,REP028,2017-06-13 09:35:42,2018-09-28 00:28:49
CUST005644,Regular,Marketplace,REP024,2017-12-14 13:00:31,2018-02-01 00:42:40
CUST005645,Regular,Social,REP009,2017-10-12 06:33:02,2017-10-19 11:20:47
CUST005646,New,Marketplace,REP017,2018-06-04 00:00:00,2018-06-04 00:00:00
CUST005647,Inactive,Marketplace,REP017,2017-06-03 21:22:09,2017-06-03 21:22:09
CUST005648,Inactive,Organic,REP002,2018-01-23 00:00:00,2018-01-23 00:00:00
CUST005649,Regular,Email,REP017,2017-01-04 07:05:48,2017-03-22 20:27:37
CUST005650,Regular,Email,REP030,2017-04-15 01:03:42,2017-05-14 08:44:51
CUST005651,Inactive,Paid Search,REP002,2017-07-20 00:00:00,2017-07-20 00:00:00
CUST005652,Loyal,Organic,REP022,2017-04-25 09:04:38,2018-08-30 09:17:54
CUST005653,Regular,Referral,REP019,2018-02-06 18:36:48,2018-08-02 05:30:42
CUST005654,Inactive,Referral,REP016,2017-08-22 00:00:00,2017-08-22 00:00:00
CUST005655,Loyal,Social,REP018,2018-02-01 23:45:44,2018-06-17 20:02:34
CUST005656,Regular,Social,REP009,2017-08-30 15:28:00,2017-09-29 05:07:21
CUST005657,Loyal,Organic,REP016,2017-04-11 17:07:18,2018-03-29 15:28:23
CUST005658,Loyal,Marketplace,REP029,2017-05-23 02:50:09,2018-08-05 14:56:56
CUST005659,Loyal,Marketplace,REP005,2017-01-05 08:47:58,2018-02-13 04:45:39
CUST005660,Regular,Organic,REP028,2017-10-24 15:01:24,2018-04-19 22:59:16
CUST005661,Loyal,Organic,REP028,2017-06-19 20:49:30,2018-03-18 04:08:20
CUST005662,Regular,Paid Search,REP019,2017-07-06 07:51:12,2017-07-28 07:34:09
CUST005663,New,Paid Search,REP012,2018-05-14 18:36:30,2018-05-14 18:36:30
CUST005664,Loyal,Paid Search,REP004,2017-09-08 18:31:57,2018-05-29 00:56:15
CUST005665,Loyal,Email,REP023,2017-02-01 21:47:29,2017-07-21 20:53:30
CUST005666,Regular,Marketplace,REP014,2018-05-23 09:37:24,2018-06-10 09:06:33
CUST005667,Loyal,Marketplace,REP001,2017-01-18 07:41:11,2017-10-04 06:44:47
CUST005668,Inactive,Email,REP018,2017-10-06 00:01:01,2017-10-06 00:01:01
CUST005669,Loyal,Marketplace,REP014,2017-03-02 17:26:28,2018-09-14 14:08:50
CUST005670,Regular,Paid Search,REP024,2017-03-09 17:19:55,2017-08-14 20:13:17
CUST005671,Loyal,Marketplace,REP018,2017-08-22 03:26:28,2018-03-16 00:20:42
CUST005672,New,Email,REP025,2018-07-07 10:16:58,2018-07-07 10:16:58
CUST005673,VIP,Social,REP011,2017-01-23 18:34:24,2018-09-19 21:52:29
CUST005674,Loyal,Paid Search,REP022,2017-01-30 08:39:35,2018-09-02 22:31:40
CUST005675,Inactive,Email,REP005,2017-02-15 00:00:00,2017-02-15 00:00:00
CUST005676,New,Referral,REP021,2018-08-07 14:37:54,2018-08-07 14:37:54
CUST005677,Loyal,Social,REP030,2017-06-20 18:32:40,2018-04-10 18:03:23
CUST005678,Loyal,Email,REP013,2017-01-22 21:35:40,2018-05-25 06:19:00
CUST005679,Inactive,Referral,REP007,2017-01-05 00:00:00,2017-01-05 00:00:00
CUST005680,VIP,Organic,REP018,2017-02-16 04:32:55,2018-09-06 08:49:34
CUST005681,Loyal,Organic,REP024,2017-03-05 17:05:48,2018-09-21 18:33:57
CUST005682,Regular,Organic,REP024,2017-05-22 05:56:07,2018-05-11 22:21:18
CUST005683,Inactive,Marketplace,REP003,2017-06-29 15:16:26,2017-06-29 15:16:26
CUST005684,Inactive,Social,REP029,2017-12-23 00:00:00,2017-12-23 00:00:00
CUST005685,Inactive,Organic,REP018,2017-03-11 22:47:00,2017-03-11 22:47:00
CUST005686,Regular,Organic,REP013,2017-09-07 13:15:54,2018-08-19 07:47:43
CUST005687,Loyal,Paid Search,REP016,2017-06-22 08:59:25,2017-12-10 23:53:44
CUST005688,Loyal,Email,REP018,2017-02-20 13:49:39,2018-09-14 07:14:44
CUST005689,Loyal,Organic,REP030,2017-02-14 16:35:30,2018-08-08 13:58:54
CUST005690,Loyal,Social,REP023,2017-03-22 10:46:07,2018-03-07 20:42:34
CUST005691,Inactive,Referral,REP016,2017-03-21 05:37:24,2017-03-21 05:37:24
CUST005692,Regular,Social,REP017,2017-08-07 06:06:53,2018-06-17 23:32:35
CUST005693,Loyal,Organic,REP029,2017-02-14 23:21:45,2018-06-09 13:18:02
CUST005694,Regular,Email,REP009,2017-04-20 06:55:03,2017-09-04 18:16:03
CUST005695,Regular,Paid Search,REP017,2017-05-25 19:09:18,2017-08-06 22:30:57
CUST005696,Regular,Social,REP015,2018-07-07 02:00:49,2018-09-02 01:31:55
CUST005697,Loyal,Marketplace,REP023,2017-01-05 08:11:12,2018-06-01 19:08:36
CUST005698,VIP,Social,REP009,2017-02-22 21:31:39,2018-05-26 04:24:07
CUST005699,Loyal,Marketplace,REP024,2017-01-06 15:56:54,2018-06-26 05:33:32
CUST005700,Loyal,Paid Search,REP018,2017-04-14 16:44:16,2017-12-14 21:20:41
CUST005701,Loyal,Referral,REP006,2017-05-11 20:52:22,2018-03-22 23:47:28
CUST005702,Inactive,Paid Search,REP013,2017-12-24 00:00:00,2017-12-24 00:00:00
CUST005703,Loyal,Referral,REP001,2017-03-07 23:54:34,2018-05-25 13:53:30
CUST005704,Inactive,Email,REP002,2018-01-10 14:49:13,2018-01-10 14:49:13
CUST005705,Inactive,Email,REP024,2018-03-13 00:00:00,2018-03-13 00:00:00
CUST005706,Loyal,Social,REP026,2017-10-27 18:32:41,2018-04-10 05:25:24
CUST005707,Loyal,Organic,REP023,2017-05-26 04:43:57,2018-09-06 21:33:28
CUST005708,Regular,Marketplace,REP010,2017-04-17 09:52:12,2017-12-24 06:01:19
CUST005709,Loyal,Marketplace,REP006,2017-06-21 22:47:38,2018-09-13 15:15:26
CUST005710,Loyal,Organic,REP020,2017-02-05 10:10:40,2018-01-22 08:32:10
CUST005711,Loyal,Email,REP024,2017-06-26 18:11:54,2017-11-10 06:59:05
CUST005712,VIP,Paid Search,REP015,2017-02-01 14:24:49,2018-08-20 19:12:45
CUST005713,Regular,Referral,REP004,2017-03-11 01:37:36,2017-11-22 20:47:06
CUST005714,Loyal,Paid Search,REP013,2017-05-11 14:13:43,2018-04-13 03:11:30
CUST005715,VIP,Organic,REP018,2017-04-14 20:04:08,2018-08-30 16:32:30
CUST005716,Loyal,Referral,REP027,2018-01-28 13:56:51,2018-08-26 06:28:11
CUST005717,New,Organic,REP007,2018-04-27 00:04:42,2018-04-27 00:04:42
CUST005718,Loyal,Paid Search,REP022,2017-01-15 04:01:00,2018-06-23 13:41:38
CUST005719,Inactive,Social,REP010,2017-05-10 18:11:25,2017-05-10 18:11:25
CUST005720,Regular,Email,REP017,2018-05-10 14:02:41,2018-09-12 01:34:14
CUST005721,Loyal,Social,REP012,2017-01-30 22:42:59,2018-06-27 05:01:47
CUST005722,Inactive,Social,REP025,2017-09-20 19:31:49,2017-09-20 19:31:49
CUST005723,Loyal,Marketplace,REP016,2017-07-24 11:15:18,2018-03-27 03:29:33
CUST005724,Loyal,Email,REP013,2017-02-05 20:29:36,2018-05-29 02:56:39
CUST005725,Inactive,Marketplace,REP020,2017-12-26 23:29:59,2017-12-26 23:29:59
CUST005726,Regular,Social,REP025,2018-01-14 16:21:14,2018-08-08 02:48:44
CUST005727,Inactive,Organic,REP027,2018-02-20 00:00:00,2018-02-20 00:00:00
CUST005728,Inactive,Email,REP006,2017-01-25 06:03:31,2017-01-25 06:03:31
CUST005729,Inactive,Referral,REP018,2017-12-26 15:30:26,2017-12-26 15:30:26
CUST005730,Loyal,Organic,REP019,2017-04-11 06:41:08,2018-09-24 16:06:01
CUST005731,Regular,Paid Search,REP024,2017-09-11 18:18:36,2017-12-19 05:57:12
CUST005732,Loyal,Marketplace,REP009,2018-02-12 10:59:47,2018-08-23 19:46:43
CUST005733,Loyal,Marketplace,REP018,2018-02-25 08:59:11,2018-08-01 12:57:05
CUST005734,Loyal,Paid Search,REP002,2017-02-08 13:59:40,2018-08-17 20:49:13
CUST005735,Loyal,Email,REP020,2017-02-02 14:35:14,2018-03-30 20:51:32
CUST005736,Loyal,Email,REP014,2017-06-22 22:33:54,2018-07-13 10:58:15
CUST005737,Regular,Social,REP016,2017-01-04 05:47:09,2017-01-23 06:25:45
CUST005738,Inactive,Marketplace,REP013,2017-01-23 02:49:01,2017-01-23 02:49:01
CUST005739,Loyal,Organic,REP007,2017-03-07 06:23:36,2018-05-09 03:21:11
CUST005740,New,Paid Search,REP002,2018-08-15 05:13:44,2018-08-15 05:13:44
CUST005741,Loyal,Referral,REP011,2017-06-03 07:07:59,2017-12-20 22:44:50
CUST005742,Loyal,Social,REP018,2017-01-27 20:41:33,2018-07-27 08:13:46
CUST005743,Inactive,Referral,REP017,2017-03-10 08:09:19,2017-03-10 08:09:19
CUST005744,Loyal,Organic,REP022,2017-07-04 20:18:07,2018-04-07 13:00:45
CUST005745,Loyal,Organic,REP008,2017-07-07 09:09:08,2017-12-12 05:51:50
CUST005746,Loyal,Social,REP029,2017-02-23 08:54:42,2018-09-01 14:20:04
CUST005747,Loyal,Referral,REP022,2018-01-23 12:45:11,2018-07-09 18:27:55
CUST005748,Regular,Marketplace,REP015,2018-05-16 02:40:49,2018-09-03 19:42:42
CUST005749,Regular,Referral,REP012,2017-05-06 21:26:08,2018-07-04 13:01:42
CUST005750,Regular,Marketplace,REP010,2018-06-19 05:09:01,2018-08-21 13:24:52
CUST005751,Loyal,Email,REP006,2017-02-18 16:05:30,2018-09-24 02:34:11
CUST005752,Loyal,Referral,REP024,2017-05-04 23:10:27,2018-03-05 08:59:30
CUST005753,Loyal,Marketplace,REP012,2017-04-17 20:40:00,2018-03-05 12:25:50
CUST005754,Regular,Organic,REP017,2017-03-23 20:53:57,2018-01-26 21:04:30
CUST005755,Loyal,Organic,REP014,2017-08-27 19:39:50,2018-04-14 17:07:47
CUST005756,Regular,Paid Search,REP023,2018-03-03 05:28:36,2018-09-10 18:44:51
CUST005757,Inactive,Marketplace,REP021,2017-06-24 04:15:52,2017-06-24 04:15:52
CUST005758,VIP,Referral,REP008,2017-07-08 05:56:59,2018-09-04 10:52:45
CUST005759,Loyal,Email,REP025,2017-02-11 21:58:50,2018-08-25 06:23:11
CUST005760,Loyal,Referral,REP012,2017-05-29 02:48:49,2018-04-12 04:46:34
CUST005761,VIP,Paid Search,REP028,2017-01-31 21:48:09,2018-08-10 02:09:07
CUST005762,Loyal,Organic,REP015,2017-03-14 15:19:31,2017-09-10 21:38:37
CUST005763,Inactive,Social,REP030,2017-01-25 01:41:00,2017-01-25 01:41:00
CUST005764,Regular,Email,REP019,2018-07-18 07:22:35,2018-08-30 02:29:13
CUST005765,Loyal,Paid Search,REP027,2017-10-25 05:22:20,2018-09-02 10:04:55
CUST005766,Loyal,Paid Search,REP006,2017-12-18 15:57:13,2018-08-07 17:29:03
CUST005767,Loyal,Paid Search,REP026,2017-04-08 09:29:57,2017-11-09 08:06:58
CUST005768,Inactive,Social,REP024,2017-09-30 05:49:50,2017-09-30 05:49:50
CUST005769,Inactive,Organic,REP015,2017-06-21 21:56:25,2017-06-21 21:56:25
CUST005770,Loyal,Social,REP009,2017-10-25 01:39:41,2018-09-23 15:16:56
CUST005771,Loyal,Referral,REP027,2017-01-08 11:51:56,2018-09-05 17:00:34
CUST005772,Loyal,Paid Search,REP005,2017-01-28 05:02:03,2017-10-21 10:59:48
CUST005773,Loyal,Email,REP002,2017-04-01 19:12:12,2017-05-18 00:18:32
CUST005774,New,Organic,REP007,2018-04-25 00:00:00,2018-04-25 00:00:00
CUST005775,Loyal,Paid Search,REP021,2017-11-20 13:58:40,2018-09-18 22:19:29
CUST005776,Loyal,Organic,REP008,2017-04-04 15:46:45,2017-10-12 17:35:20
CUST005777,Loyal,Paid Search,REP018,2017-01-30 11:14:37,2018-09-22 15:50:08
CUST005778,Inactive,Social,REP005,2018-01-16 01:51:02,2018-01-16 01:51:02
CUST005779,Inactive,Marketplace,REP012,2017-09-24 14:53:15,2017-09-24 14:53:15
CUST005780,New,Social,REP011,2018-06-07 07:08:03,2018-06-07 07:08:03
CUST005781,Regular,Referral,REP004,2017-04-15 12:31:43,2017-05-09 00:18:23
CUST005782,Loyal,Email,REP002,2017-12-20 17:43:33,2018-08-14 21:07:45
CUST005783,New,Social,REP023,2018-09-13 03:39:22,2018-09-13 03:39:22
CUST005784,Inactive,Paid Search,REP026,2018-02-25 03:34:04,2018-02-25 03:34:04
CUST005785,Inactive,Referral,REP010,2017-10-24 12:10:55,2017-10-24 12:10:55
CUST005786,Regular,Email,REP013,2017-07-10 00:07:33,2018-07-01 15:09:29
CUST005787,Loyal,Paid Search,REP025,2017-06-12 05:49:17,2018-07-15 15:37:04
CUST005788,Loyal,Email,REP002,2017-06-24 04:33:07,2018-07-01 08:21:58
CUST005789,Inactive,Email,REP022,2017-08-28 18:28:57,2017-08-28 18:28:57
CUST005790,Loyal,Email,REP017,2018-03-29 15:01:48,2018-07-08 01:37:43
CUST005791,Inactive,Marketplace,REP010,2017-08-20 00:00:00,2017-08-20 00:00:00
CUST005792,Regular,Organic,REP027,2017-03-18 18:09:12,2017-12-06 00:21:13
CUST005793,Inactive,Social,REP027,2017-06-01 00:00:00,2017-06-01 00:00:00
CUST005794,Regular,Social,REP013,2017-01-13 23:50:59,2017-05-24 16:38:05
CUST005795,New,Social,REP020,2018-08-20 21:05:35,2018-08-20 21:05:35
CUST005796,Regular,Email,REP006,2017-05-22 01:18:47,2018-04-21 14:51:20
CUST005797,Inactive,Referral,REP015,2018-02-20 00:00:00,2018-02-20 00:00:00
CUST005798,Regular,Referral,REP003,2017-04-06 16:03:53,2017-08-24 12:04:58
CUST005799,Loyal,Email,REP004,2017-01-22 18:37:05,2018-07-11 15:35:52
CUST005800,Regular,Social,REP023,2017-02-11 18:53:46,2018-03-21 03:58:18
CUST005801,Loyal,Organic,REP022,2017-04-13 05:21:49,2017-11-21 23:00:42
CUST005802,Loyal,Referral,REP009,2017-09-23 10:13:10,2018-05-31 03:16:41
CUST005803,Loyal,Social,REP007,2017-03-15 14:27:24,2018-04-29 21:27:42
CUST005804,Regular,Paid Search,REP002,2017-01-29 12:48:27,2018-05-18 20:11:45
CUST005805,Loyal,Social,REP002,2017-05-03 12:48:49,2018-09-13 21:46:51
CUST005806,Regular,Paid Search,REP007,2017-05-27 02:13:09,2018-02-20 15:19:16
CUST005807,New,Social,REP002,2018-09-21 23:01:08,2018-09-21 23:01:08
CUST005808,Inactive,Paid Search,REP016,2017-08-18 03:39:34,2017-08-18 03:39:34
CUST005809,Regular,Referral,REP025,2017-10-08 12:30:56,2017-11-07 13:51:19
CUST005810,Regular,Paid Search,REP017,2017-09-04 00:34:00,2017-11-27 17:42:33
CUST005811,Regular,Marketplace,REP017,2017-11-28 17:13:39,2018-04-20 10:03:03
CUST005812,Loyal,Marketplace,REP007,2017-03-06 17:29:31,2018-03-28 08:01:12
CUST005813,Regular,Social,REP013,2017-09-21 07:39:48,2017-10-04 05:04:26
CUST005814,Loyal,Marketplace,REP029,2017-05-22 22:31:39,2018-08-26 10:50:03
CUST005815,Loyal,Marketplace,REP023,2017-08-16 09:52:01,2018-09-17 04:06:27
CUST005816,Inactive,Organic,REP026,2017-08-21 00:00:00,2017-08-21 00:00:00
CUST005817,Inactive,Paid Search,REP001,2017-06-20 23:33:23,2017-06-20 23:33:23
CUST005818,Loyal,Paid Search,REP029,2017-11-14 06:05:21,2018-04-12 10:47:35
CUST005819,Inactive,Social,REP003,2017-04-30 00:00:00,2017-04-30 00:00:00
CUST005820,Loyal,Email,REP020,2017-02-23 01:11:49,2018-08-21 09:22:08
CUST005821,New,Email,REP028,2018-08-18 00:00:00,2018-08-18 00:00:00
CUST005822,Loyal,Email,REP020,2017-02-17 01:21:27,2017-08-10 12:15:23
CUST005823,New,Referral,REP016,2018-08-07 01:02:25,2018-08-07 01:02:25
CUST005824,Loyal,Email,REP012,2017-01-30 15:03:29,2018-09-02 08:20:41
CUST005825,Loyal,Paid Search,REP011,2017-03-14 02:05:26,2018-09-12 00:21:26
CUST005826,Loyal,Referral,REP007,2017-04-27 06:30:27,2017-06-25 12:12:15
CUST005827,Regular,Marketplace,REP008,2017-09-15 22:19:56,2018-08-15 00:27:43
CUST005828,Loyal,Referral,REP026,2017-06-09 05:02:21,2018-04-28 04:04:53
CUST005829,Regular,Email,REP015,2017-01-01 02:40:46,2018-06-17 16:36:02
CUST005830,Regular,Referral,REP014,2017-03-05 22:26:47,2017-04-16 07:02:50
CUST005831,Loyal,Marketplace,REP001,2017-02-05 01:55:52,2018-09-15 16:26:59
CUST005832,Loyal,Social,REP012,2017-06-14 04:58:18,2018-06-23 05:38:34
CUST005833,Loyal,Social,REP008,2017-06-10 05:45:34,2018-09-01 13:10:02
CUST005834,Inactive,Paid Search,REP028,2018-01-22 11:26:05,2018-01-22 11:26:05
CUST005835,Loyal,Email,REP023,2017-10-07 14:37:20,2018-09-12 19:51:58
CUST005836,Regular,Marketplace,REP011,2017-09-13 19:48:47,2018-02-21 11:29:59
CUST005837,Inactive,Email,REP002,2017-01-02 15:38:33,2017-01-02 15:38:33
CUST005838,Regular,Paid Search,REP018,2017-08-22 21:44:24,2018-08-22 18:36:26
CUST005839,VIP,Email,REP021,2017-04-05 07:59:24,2018-07-14 06:31:31
CUST005840,Regular,Email,REP025,2017-09-10 11:14:57,2018-09-26 17:54:15
CUST005841,Inactive,Paid Search,REP022,2018-02-16 00:50:33,2018-02-16 00:50:33
CUST005842,Loyal,Referral,REP009,2017-04-15 18:21:56,2018-09-15 01:02:52
CUST005843,Regular,Social,REP025,2017-04-30 00:40:32,2018-01-21 21:21:24
CUST005844,Loyal,Marketplace,REP009,2017-12-04 14:40:59,2018-07-30 08:34:13
CUST005845,Loyal,Email,REP017,2017-07-27 05:28:59,2018-04-17 21:22:41
CUST005846,Loyal,Marketplace,REP029,2018-01-28 04:03:04,2018-08-16 16:01:14
CUST005847,Loyal,Referral,REP012,2017-02-20 01:05:30,2018-04-24 12:36:42
CUST005848,Regular,Paid Search,REP013,2017-07-05 19:59:31,2017-09-27 06:26:42
CUST005849,Inactive,Social,REP029,2017-03-30 16:35:11,2017-03-30 16:35:11
CUST005850,Loyal,Email,REP003,2017-08-01 22:54:01,2018-08-27 18:09:42
CUST005851,Loyal,Social,REP010,2017-09-06 00:47:19,2018-08-23 04:43:24
CUST005852,Loyal,Paid Search,REP005,2017-01-20 18:46:21,2018-02-16 13:45:40
CUST005853,Loyal,Organic,REP030,2017-01-02 17:20:46,2017-11-17 05:34:56
CUST005854,Regular,Referral,REP025,2017-07-06 19:03:59,2017-11-01 00:09:13
CUST005855,Regular,Organic,REP012,2017-09-23 21:08:42,2018-02-02 11:18:43
CUST005856,Loyal,Marketplace,REP001,2017-08-26 19:15:11,2018-05-05 07:32:44
CUST005857,Loyal,Organic,REP019,2017-01-13 18:47:29,2018-09-03 18:25:20
CUST005858,Inactive,Social,REP024,2017-12-10 20:44:47,2017-12-10 20:44:47
CUST005859,Loyal,Organic,REP030,2017-12-29 01:11:23,2018-04-24 22:08:51
CUST005860,Loyal,Email,REP020,2017-04-14 08:20:28,2018-08-30 14:54:19
CUST005861,Loyal,Email,REP009,2018-01-04 11:08:36,2018-05-21 09:32:19
CUST005862,Loyal,Marketplace,REP017,2017-07-27 05:25:58,2017-10-24 13:12:40
CUST005863,Regular,Paid Search,REP023,2017-05-20 18:59:06,2018-01-24 22:41:08
CUST005864,Regular,Referral,REP016,2017-03-11 05:44:51,2018-03-11 02:55:08
CUST005865,Loyal,Email,REP004,2018-03-31 16:14:37,2018-09-13 21:31:10
CUST005866,VIP,Referral,REP016,2017-01-25 13:30:15,2018-08-18 09:02:33
CUST005867,Loyal,Email,REP008,2017-03-04 02:17:08,2017-06-24 06:06:27
CUST005868,VIP,Organic,REP011,2017-01-21 21:56:25,2018-08-27 02:45:13
CUST005869,Regular,Organic,REP011,2017-03-25 05:10:22,2018-06-23 09:02:12
CUST005870,Loyal,Organic,REP007,2017-04-24 03:55:39,2018-07-24 00:13:22
CUST005871,Regular,Organic,REP010,2017-01-10 06:47:37,2017-06-10 05:38:47
CUST005872,Regular,Paid Search,REP008,2017-03-06 15:16:16,2018-02-11 17:28:39
CUST005873,Loyal,Paid Search,REP011,2018-02-22 19:25:47,2018-08-19 21:25:17
CUST005874,Loyal,Organic,REP012,2017-06-23 20:33:31,2018-05-21 12:49:05
CUST005875,Loyal,Marketplace,REP028,2017-05-21 13:09:59,2018-05-20 07:14:53
CUST005876,Inactive,Organic,REP022,2017-12-07 01:14:02,2017-12-07 01:14:02
CUST005877,Regular,Referral,REP029,2017-08-16 13:28:24,2017-10-03 19:14:27
CUST005878,Loyal,Referral,REP019,2017-04-23 17:16:39,2017-06-02 00:16:05
CUST005879,Inactive,Paid Search,REP019,2017-08-04 00:00:00,2017-08-04 00:00:00
CUST005880,Regular,Paid Search,REP021,2017-04-05 10:32:24,2018-09-15 12:11:57
CUST005881,Regular,Social,REP005,2017-09-28 23:09:57,2018-06-29 04:49:42
CUST005882,Loyal,Referral,REP004,2017-04-17 08:38:05,2018-06-22 16:09:12
CUST005883,Regular,Referral,REP021,2018-01-11 17:27:50,2018-05-13 14:19:38
CUST005884,Loyal,Organic,REP001,2017-08-26 02:49:22,2017-10-30 06:01:19
CUST005885,New,Email,REP017,2018-09-15 00:00:00,2018-09-15 00:00:00
CUST005886,Loyal,Email,REP022,2017-02-17 19:05:07,2018-02-23 07:53:21
CUST005887,Loyal,Social,REP025,2017-07-31 09:58:04,2018-06-24 19:18:41
CUST005888,Loyal,Paid Search,REP002,2017-05-16 23:48:16,2018-09-17 11:05:07
CUST005889,Regular,Social,REP025,2018-01-26 22:19:10,2018-07-30 15:45:40
CUST005890,Regular,Email,REP013,2017-02-14 18:06:02,2017-08-18 09:55:49
CUST005891,New,Social,REP023,2018-05-04 11:08:57,2018-05-04 11:08:57
CUST005892,Regular,Email,REP020,2017-05-22 10:09:15,2018-02-22 20:41:27
CUST005893,Inactive,Marketplace,REP013,2017-07-24 06:35:56,2017-07-24 06:35:56
CUST005894,Inactive,Referral,REP026,2017-09-19 20:20:59,2017-09-19 20:20:59
CUST005895,Inactive,Referral,REP005,2017-11-30 00:00:00,2017-11-30 00:00:00
CUST005896,New,Email,REP004,2018-08-21 05:53:18,2018-08-21 05:53:18
CUST005897,Loyal,Referral,REP008,2017-02-24 13:42:33,2018-09-26 07:58:51
CUST005898,Regular,Marketplace,REP023,2017-01-04 16:00:17,2018-02-04 02:33:05
CUST005899,Inactive,Email,REP007,2017-11-05 00:00:00,2017-11-05 00:00:00
CUST005900,New,Referral,REP020,2018-05-04 02:45:33,2018-05-04 02:45:33
CUST005901,Loyal,Marketplace,REP014,2017-08-18 05:15:27,2018-08-05 17:13:32
CUST005902,VIP,Social,REP011,2017-01-10 18:27:16,2018-08-31 05:57:27
CUST005903,Inactive,Social,REP021,2018-02-02 02:45:28,2018-02-02 02:45:28
CUST005904,Regular,Marketplace,REP017,2017-06-10 04:05:48,2018-01-09 00:56:39
CUST005905,Inactive,Referral,REP023,2017-12-14 00:23:21,2017-12-14 00:23:21
CUST005906,Loyal,Organic,REP014,2017-04-06 21:30:13,2018-01-30 05:46:29
CUST005907,Loyal,Referral,REP004,2017-02-01 13:22:19,2018-03-16 22:17:28
CUST005908,Loyal,Email,REP015,2017-01-04 08:24:23,2017-11-02 18:49:01
CUST005909,Loyal,Email,REP019,2017-04-16 22:39:21,2018-02-23 20:41:53
CUST005910,Regular,Email,REP006,2017-03-20 03:17:03,2018-07-03 01:12:58
CUST005911,Inactive,Email,REP028,2017-12-03 18:11:48,2017-12-03 18:11:48
CUST005912,Regular,Marketplace,REP030,2017-05-03 13:37:54,2017-10-28 07:57:12
CUST005913,Loyal,Social,REP025,2017-01-21 01:57:23,2017-12-16 23:29:40
CUST005914,Loyal,Marketplace,REP005,2017-08-16 02:24:23,2018-01-20 23:58:10
CUST005915,Inactive,Marketplace,REP002,2017-09-06 06:49:49,2017-09-06 06:49:49
CUST005916,Regular,Paid Search,REP021,2017-10-09 22:10:22,2018-05-02 06:40:12
CUST005917,Loyal,Referral,REP019,2017-03-24 02:21:17,2018-04-20 14:34:23
CUST005918,Loyal,Marketplace,REP023,2017-10-10 13:45:41,2018-06-18 17:50:54
CUST005919,Inactive,Referral,REP027,2018-01-31 09:54:05,2018-01-31 09:54:05
CUST005920,Regular,Email,REP017,2018-03-30 22:40:34,2018-09-04 19:29:35
CUST005921,New,Social,REP003,2018-08-27 19:15:19,2018-08-27 19:15:19
CUST005922,Loyal,Referral,REP023,2017-01-29 23:29:45,2018-09-05 02:41:40
CUST005923,VIP,Social,REP006,2017-02-14 05:56:30,2018-09-25 15:53:58
CUST005924,Regular,Paid Search,REP015,2017-01-19 08:38:56,2017-03-28 13:28:04
CUST005925,Loyal,Email,REP014,2017-01-13 10:42:33,2018-09-27 06:54:05
CUST005926,Loyal,Social,REP009,2017-02-01 20:11:57,2018-06-03 07:18:41
CUST005927,New,Email,REP002,2018-08-15 00:00:00,2018-08-15 00:00:00
CUST005928,VIP,Social,REP026,2017-03-21 20:32:26,2018-06-10 22:13:20
CUST005929,New,Paid Search,REP021,2018-09-21 05:53:47,2018-09-21 05:53:47
CUST005930,Inactive,Social,REP027,2017-07-05 15:14:50,2017-07-05 15:14:50
CUST005931,Loyal,Marketplace,REP003,2017-08-25 16:35:45,2018-04-22 01:54:42
CUST005932,Inactive,Social,REP001,2017-08-31 00:00:00,2017-08-31 00:00:00
CUST005933,Regular,Organic,REP017,2017-03-03 08:56:51,2018-04-02 12:20:43
CUST005934,Regular,Marketplace,REP019,2018-02-03 16:49:56,2018-02-08 13:15:57
CUST005935,Regular,Email,REP018,2017-02-14 22:01:12,2017-08-18 20:34:50
CUST005936,Loyal,Social,REP011,2017-05-16 14:38:12,2018-09-06 17:34:32
CUST005937,New,Organic,REP021,2018-06-13 06:43:02,2018-06-13 06:43:02
CUST005938,Loyal,Email,REP022,2017-08-21 08:16:04,2018-03-10 05:54:37
CUST005939,Inactive,Email,REP025,2018-01-28 19:27:30,2018-01-28 19:27:30
CUST005940,Regular,Referral,REP001,2017-06-11 10:24:40,2018-02-27 18:16:39
CUST005941,Inactive,Social,REP010,2018-01-10 00:00:00,2018-01-10 00:00:00
CUST005942,Loyal,Paid Search,REP015,2017-04-28 01:05:10,2018-08-11 12:02:06
CUST005943,Inactive,Marketplace,REP004,2017-12-22 13:59:41,2017-12-22 13:59:41
CUST005944,Loyal,Organic,REP016,2017-01-30 00:49:22,2018-09-25 09:39:02
CUST005945,Loyal,Paid Search,REP012,2017-07-26 22:46:31,2018-03-19 17:27:38
CUST005946,Inactive,Marketplace,REP019,2018-02-03 11:27:07,2018-02-03 11:27:07
CUST005947,Loyal,Paid Search,REP005,2017-01-11 02:02:21,2017-09-28 13:10:52
CUST005948,Loyal,Marketplace,REP019,2017-09-12 01:42:04,2018-04-21 13:26:26
CUST005949,Loyal,Organic,REP016,2017-06-08 09:04:28,2018-05-03 16:41:31
CUST005950,New,Email,REP001,2018-05-12 11:16:01,2018-05-12 11:16:01
CUST005951,VIP,Marketplace,REP001,2017-03-18 12:18:12,2018-08-17 10:13:55
CUST005952,Loyal,Social,REP008,2018-01-26 14:13:01,2018-05-03 02:03:39
CUST005953,Loyal,Marketplace,REP009,2017-09-08 16:03:01,2018-09-10 04:09:24
CUST005954,Loyal,Referral,REP015,2017-01-25 15:13:37,2018-02-27 00:47:24
CUST005955,Loyal,Organic,REP007,2017-03-14 20:53:39,2018-04-20 19:57:34
CUST005956,Inactive,Email,REP018,2017-08-06 02:43:38,2017-08-06 02:43:38
CUST005957,Inactive,Social,REP024,2017-07-24 10:46:27,2017-07-24 10:46:27
CUST005958,Loyal,Marketplace,REP007,2017-08-06 13:09:16,2018-06-05 05:43:54
CUST005959,Loyal,Email,REP015,2017-05-19 03:26:19,2017-11-03 04:22:34
CUST005960,Loyal,Social,REP027,2017-07-19 23:29:22,2018-03-16 11:12:16
CUST005961,Inactive,Social,REP012,2018-03-01 13:09:17,2018-03-01 13:09:17
CUST005962,Inactive,Email,REP030,2017-06-12 00:00:00,2017-06-12 00:00:00
CUST005963,Inactive,Organic,REP002,2017-02-22 00:00:00,2017-02-22 00:00:00
CUST005964,Loyal,Social,REP026,2017-03-07 14:07:57,2017-12-27 11:22:42
CUST005965,Loyal,Paid Search,REP025,2017-05-17 21:42:46,2018-05-30 07:22:02
CUST005966,Loyal,Marketplace,REP029,2017-05-21 14:59:45,2018-09-28 08:41:38
CUST005967,Loyal,Marketplace,REP015,2017-02-11 22:16:24,2018-03-19 21:48:46
CUST005968,Regular,Social,REP025,2017-06-01 03:31:05,2018-03-14 09:41:21
CUST005969,Regular,Marketplace,REP012,2017-03-15 05:37:28,2018-04-21 00:34:06
CUST005970,Regular,Referral,REP009,2017-06-22 05:17:49,2018-09-02 05:13:09
CUST005971,New,Social,REP002,2018-06-19 18:41:53,2018-06-19 18:41:53
CUST005972,Inactive,Referral,REP008,2017-11-06 13:21:09,2017-11-06 13:21:09
CUST005973,Loyal,Social,REP012,2017-06-11 03:30:42,2018-01-13 21:40:35
CUST005974,Inactive,Email,REP020,2017-11-07 00:00:00,2017-11-07 00:00:00
CUST005975,Inactive,Social,REP006,2017-04-02 06:13:22,2017-04-02 06:13:22
CUST005976,Loyal,Social,REP005,2017-02-25 14:04:52,2018-03-15 18:19:41
CUST005977,Loyal,Marketplace,REP014,2017-05-31 10:12:24,2018-09-25 21:04:44
CUST005978,Loyal,Marketplace,REP022,2017-05-19 00:50:54,2018-03-11 04:52:41
CUST005979,Regular,Referral,REP028,2017-09-21 19:32:10,2018-08-21 23:32:54
CUST005980,Regular,Paid Search,REP023,2018-03-01 21:01:42,2018-09-14 18:31:28
CUST005981,Regular,Email,REP012,2017-07-23 08:38:17,2018-04-11 02:53:48
CUST005982,Regular,Social,REP021,2018-08-28 10:40:18,2018-09-20 09:56:09
CUST005983,Loyal,Organic,REP024,2017-03-06 19:37:59,2018-05-15 14:54:19
CUST005984,Regular,Social,REP009,2017-03-04 14:42:30,2018-03-31 05:44:37
CUST005985,Regular,Marketplace,REP019,2017-08-24 15:43:07,2018-06-10 16:42:40
CUST005986,Regular,Paid Search,REP029,2017-01-21 11:08:54,2018-07-08 08:36:26
CUST005987,Loyal,Email,REP016,2017-02-13 10:21:13,2018-04-04 04:24:25
CUST005988,Regular,Social,REP007,2017-06-13 15:33:50,2017-09-01 09:05:57
CUST005989,Regular,Email,REP029,2017-01-17 16:33:41,2018-08-15 11:52:52
CUST005990,Inactive,Paid Search,REP004,2017-07-07 16:44:11,2017-07-07 16:44:11
CUST005991,Inactive,Paid Search,REP010,2017-01-05 23:34:32,2017-01-05 23:34:32
CUST005992,Inactive,Referral,REP012,2017-11-06 00:00:00,2017-11-06 00:00:00
CUST005993,Loyal,Paid Search,REP014,2017-03-05 19:56:15,2018-05-08 18:04:13
CUST005994,Loyal,Organic,REP018,2017-05-17 19:09:44,2018-04-22 19:24:54
CUST005995,New,Social,REP025,2018-09-10 00:00:00,2018-09-10 00:00:00
CUST005996,Regular,Email,REP010,2017-08-17 04:22:20,2017-11-19 11:57:52
CUST005997,Loyal,Email,REP003,2017-04-17 02:29:32,2017-07-25 13:52:58
CUST005998,VIP,Paid Search,REP004,2017-01-16 12:11:55,2018-06-06 16:20:58
CUST005999,Inactive,Marketplace,REP007,2017-03-26 00:00:00,2017-03-26 00:00:00
CUST006000,Regular,Paid Search,REP019,2017-01-29 08:23:45,2017-12-27 02:58:50
CUST006001,Inactive,Organic,REP012,2017-02-03 00:11:22,2017-02-03 00:11:22
CUST006002,Regular,Email,REP004,2017-05-11 03:51:58,2017-10-13 17:45:55
CUST006003,Regular,Paid Search,REP016,2017-10-17 03:17:48,2018-03-16 09:12:57
CUST006004,Loyal,Email,REP005,2017-06-29 23:35:57,2018-02-21 22:29:14
CUST006005,Regular,Referral,REP030,2017-11-21 09:55:43,2018-04-13 16:16:29
CUST006006,Inactive,Social,REP017,2018-03-14 03:26:02,2018-03-14 03:26:02
CUST006007,Inactive,Email,REP024,2017-11-15 18:30:24,2017-11-15 18:30:24
CUST006008,Loyal,Paid Search,REP025,2017-06-05 05:52:45,2018-08-25 18:32:50
CUST006009,New,Email,REP028,2018-07-28 01:49:54,2018-07-28 01:49:54
CUST006010,Loyal,Referral,REP013,2017-11-05 12:45:00,2018-09-14 11:32:51
CUST006011,New,Social,REP028,2018-04-27 16:44:24,2018-04-27 16:44:24
CUST006012,New,Social,REP022,2018-07-19 10:39:22,2018-07-19 10:39:22
CUST006013,Inactive,Marketplace,REP022,2017-05-09 22:53:47,2017-05-09 22:53:47
CUST006014,Loyal,Social,REP026,2017-01-05 03:43:15,2018-06-23 23:35:47
CUST006015,Regular,Paid Search,REP025,2017-08-01 14:52:22,2018-09-02 02:49:07
CUST006016,Regular,Email,REP015,2018-03-06 11:18:14,2018-05-24 00:00:07
CUST006017,Inactive,Referral,REP015,2017-01-08 22:22:57,2017-01-08 22:22:57
CUST006018,Inactive,Organic,REP002,2017-03-28 05:12:46,2017-03-28 05:12:46
CUST006019,Inactive,Marketplace,REP024,2017-01-07 12:28:19,2017-01-07 12:28:19
CUST006020,Inactive,Social,REP010,2018-02-06 00:00:00,2018-02-06 00:00:00
CUST006021,Loyal,Referral,REP008,2017-04-09 21:39:46,2018-09-25 05:06:57
CUST006022,Loyal,Referral,REP001,2017-06-03 17:31:29,2018-09-25 04:35:16
CUST006023,Loyal,Marketplace,REP026,2017-03-25 07:29:51,2018-06-11 19:10:50
CUST006024,Regular,Email,REP014,2017-05-30 23:50:18,2017-12-23 13:31:00
CUST006025,Loyal,Marketplace,REP011,2017-11-30 15:38:44,2017-12-21 13:55:44
CUST006026,New,Paid Search,REP011,2018-08-10 00:00:00,2018-08-10 00:00:00
CUST006027,Loyal,Marketplace,REP008,2017-01-08 21:52:44,2018-04-02 05:29:49
CUST006028,Inactive,Referral,REP030,2017-06-13 23:16:53,2017-06-13 23:16:53
CUST006029,Loyal,Email,REP007,2017-12-30 14:56:42,2018-09-18 23:17:21
CUST006030,Loyal,Marketplace,REP010,2017-03-24 07:34:36,2018-03-24 14:33:51
CUST006031,Loyal,Organic,REP020,2017-03-02 23:19:42,2018-09-24 00:02:31
CUST006032,Loyal,Social,REP002,2017-12-22 19:18:42,2018-09-18 12:34:57
CUST006033,Loyal,Email,REP021,2017-07-15 02:45:29,2018-04-10 00:18:49
CUST006034,Regular,Email,REP005,2017-05-28 21:07:22,2018-09-21 06:47:06
CUST006035,Loyal,Paid Search,REP015,2017-01-09 21:47:52,2018-07-11 03:52:16
CUST006036,Loyal,Referral,REP009,2017-09-05 20:14:47,2018-08-08 06:17:36
CUST006037,Regular,Email,REP023,2017-03-14 01:14:43,2018-04-08 19:13:36
CUST006038,Loyal,Paid Search,REP006,2017-08-20 13:35:50,2018-05-18 13:51:21
CUST006039,Inactive,Marketplace,REP005,2017-11-07 22:01:11,2017-11-07 22:01:11
CUST006040,Loyal,Email,REP005,2017-01-04 15:15:01,2017-06-24 13:13:34
CUST006041,New,Referral,REP013,2018-09-07 17:57:49,2018-09-07 17:57:49
CUST006042,Regular,Social,REP002,2017-05-17 14:45:45,2017-09-16 03:21:15
CUST006043,Loyal,Paid Search,REP030,2017-01-09 18:50:53,2017-12-05 00:10:24
CUST006044,Regular,Social,REP005,2018-07-05 00:10:47,2018-09-30 06:10:32
CUST006045,Loyal,Referral,REP026,2017-11-11 11:13:43,2018-07-21 15:05:03
CUST006046,Loyal,Paid Search,REP021,2017-02-22 03:17:17,2018-06-27 06:33:46
CUST006047,Inactive,Paid Search,REP019,2017-11-23 00:11:16,2017-11-23 00:11:16
CUST006048,Regular,Organic,REP019,2017-05-06 03:33:29,2018-04-21 04:55:02
CUST006049,Regular,Social,REP021,2018-02-10 04:05:44,2018-02-23 17:22:27
CUST006050,Regular,Paid Search,REP003,2017-03-12 18:26:04,2017-03-28 19:30:07
CUST006051,Inactive,Email,REP011,2017-08-27 05:28:53,2017-08-27 05:28:53
CUST006052,Loyal,Organic,REP029,2017-05-22 22:33:40,2018-05-07 20:42:34
CUST006053,New,Email,REP018,2018-05-03 13:50:44,2018-05-03 13:50:44
CUST006054,Loyal,Marketplace,REP012,2017-01-21 00:32:34,2018-09-25 10:44:46
CUST006055,Loyal,Paid Search,REP022,2017-09-19 03:47:06,2018-09-25 18:52:07
CUST006056,Loyal,Social,REP007,2017-01-26 13:56:32,2017-07-27 00:23:45
CUST006057,Loyal,Social,REP006,2017-04-02 13:07:18,2018-09-01 12:03:58
CUST006058,Loyal,Social,REP001,2017-08-06 11:54:07,2018-01-03 01:03:59
CUST006059,Regular,Marketplace,REP015,2017-01-06 16:28:18,2017-06-14 19:53:36
CUST006060,Loyal,Marketplace,REP026,2017-06-07 20:31:32,2018-06-08 07:57:44
CUST006061,Regular,Organic,REP027,2017-04-04 10:12:33,2018-07-21 06:00:27
CUST006062,Regular,Organic,REP017,2017-08-30 21:48:41,2018-08-12 16:52:07
CUST006063,Loyal,Social,REP020,2017-02-14 07:43:07,2018-02-16 19:26:25
CUST006064,Loyal,Referral,REP013,2017-04-10 04:04:16,2018-05-07 05:33:47
CUST006065,Inactive,Organic,REP003,2017-04-07 00:00:00,2017-04-07 00:00:00
CUST006066,Loyal,Paid Search,REP015,2017-01-25 14:13:51,2018-08-19 06:04:55
CUST006067,Loyal,Social,REP014,2017-06-27 00:48:03,2018-07-30 19:57:03
CUST006068,Loyal,Email,REP011,2017-01-02 18:37:53,2018-01-26 19:35:52
CUST006069,Regular,Organic,REP009,2017-07-15 12:38:16,2017-08-27 10:10:42
CUST006070,Regular,Organic,REP027,2018-01-14 07:02:14,2018-04-28 19:48:28
CUST006071,Inactive,Marketplace,REP028,2017-02-18 19:45:15,2017-02-18 19:45:15
CUST006072,Loyal,Marketplace,REP021,2017-03-17 15:37:52,2018-04-08 00:39:26
CUST006073,Loyal,Organic,REP006,2017-04-05 07:02:34,2018-06-12 06:47:09
CUST006074,New,Social,REP026,2018-08-16 09:47:56,2018-08-16 09:47:56
CUST006075,Inactive,Organic,REP023,2018-03-18 10:44:25,2018-03-18 10:44:25
CUST006076,Loyal,Social,REP014,2017-03-20 17:43:16,2018-03-09 23:04:33
CUST006077,Loyal,Referral,REP005,2017-08-12 17:04:54,2018-01-05 06:47:12
CUST006078,Regular,Email,REP007,2018-01-16 16:09:48,2018-07-27 15:53:53
CUST006079,Loyal,Social,REP007,2017-03-17 18:08:16,2017-08-24 17:04:46
CUST006080,New,Paid Search,REP003,2018-06-14 04:43:05,2018-06-14 04:43:05
CUST006081,Loyal,Marketplace,REP010,2017-09-07 05:19:26,2018-09-02 19:41:14
CUST006082,Loyal,Organic,REP008,2017-08-16 18:02:38,2018-06-10 07:46:53
CUST006083,Regular,Organic,REP010,2018-03-30 08:06:27,2018-05-16 12:13:53
CUST006084,Inactive,Social,REP013,2017-03-01 05:51:15,2017-03-01 05:51:15
CUST006085,Loyal,Social,REP007,2017-01-10 06:07:35,2018-09-06 12:50:30
CUST006086,Regular,Paid Search,REP007,2017-04-14 02:36:12,2017-11-03 08:40:20
CUST006087,Loyal,Paid Search,REP027,2017-03-27 13:20:38,2018-05-27 04:02:04
CUST006088,Loyal,Referral,REP020,2017-03-19 10:04:44,2018-01-01 05:55:10
CUST006089,Inactive,Social,REP009,2018-02-01 07:53:54,2018-02-01 07:53:54
CUST006090,Loyal,Organic,REP018,2017-01-26 18:40:26,2018-09-25 15:06:18
CUST006091,Inactive,Social,REP028,2017-03-02 23:37:56,2017-03-02 23:37:56
CUST006092,Loyal,Referral,REP013,2017-01-02 22:13:28,2018-04-19 21:34:17
CUST006093,Regular,Organic,REP010,2017-12-08 07:59:16,2018-09-13 13:39:15
CUST006094,Inactive,Referral,REP004,2017-09-04 15:00:03,2017-09-04 15:00:03
CUST006095,Inactive,Marketplace,REP020,2018-02-05 20:38:52,2018-02-05 20:38:52
CUST006096,Loyal,Marketplace,REP011,2017-01-27 14:49:38,2018-09-06 23:11:26
CUST006097,Loyal,Marketplace,REP030,2017-02-07 20:25:32,2018-09-12 03:32:35
CUST006098,Loyal,Referral,REP020,2017-08-12 01:26:16,2018-08-05 01:04:10
CUST006099,New,Paid Search,REP023,2018-06-11 13:00:40,2018-06-11 13:00:40
CUST006100,Loyal,Social,REP006,2017-05-17 14:52:57,2017-10-25 09:27:22
CUST006101,Loyal,Paid Search,REP026,2017-03-02 15:41:37,2018-02-15 17:11:55
CUST006102,Loyal,Paid Search,REP027,2017-04-25 07:37:37,2018-06-29 20:01:53
CUST006103,Loyal,Email,REP018,2017-02-25 14:50:34,2017-09-19 03:10:24
CUST006104,Loyal,Marketplace,REP019,2017-04-11 04:47:02,2018-04-07 04:06:36
CUST006105,Regular,Email,REP024,2018-07-27 18:05:26,2018-08-07 14:39:08
CUST006106,Regular,Marketplace,REP003,2017-03-21 18:00:35,2017-07-23 18:52:34
CUST006107,Loyal,Email,REP029,2017-04-15 17:53:25,2018-08-20 02:53:49
CUST006108,Loyal,Organic,REP019,2017-01-13 05:20:06,2018-06-17 10:16:34
CUST006109,Regular,Organic,REP006,2017-03-12 20:01:28,2018-02-26 18:20:32
CUST006110,Regular,Marketplace,REP025,2017-09-20 20:31:18,2018-01-29 17:43:14
CUST006111,Loyal,Marketplace,REP005,2017-02-15 06:29:06,2018-05-26 08:53:13
CUST006112,Loyal,Email,REP025,2017-11-27 06:06:21,2018-04-24 17:34:32
CUST006113,Loyal,Email,REP017,2017-04-30 04:03:52,2018-06-08 08:31:37
CUST006114,Loyal,Marketplace,REP009,2017-03-22 18:11:18,2018-09-14 23:15:42
CUST006115,Regular,Marketplace,REP014,2018-02-13 03:08:45,2018-06-09 20:56:40
CUST006116,Regular,Paid Search,REP009,2018-01-16 20:03:43,2018-03-01 15:38:33
CUST006117,Loyal,Marketplace,REP004,2017-05-08 01:21:51,2018-07-16 14:22:48
CUST006118,Regular,Referral,REP003,2017-02-14 18:25:20,2018-02-27 22:32:07
CUST006119,Regular,Organic,REP006,2017-11-03 13:01:17,2018-06-10 12:38:29
CUST006120,Regular,Organic,REP009,2017-12-22 22:59:25,2018-01-30 19:00:41
CUST006121,Loyal,Organic,REP019,2017-05-06 12:35:06,2018-05-03 15:55:10
CUST006122,Inactive,Social,REP004,2018-03-08 18:12:44,2018-03-08 18:12:44
CUST006123,Loyal,Organic,REP029,2017-04-02 22:51:53,2018-09-04 15:46:16
CUST006124,Inactive,Referral,REP013,2018-02-28 04:49:02,2018-02-28 04:49:02
CUST006125,Regular,Organic,REP007,2017-11-04 00:17:44,2018-02-13 15:58:00
CUST006126,Loyal,Referral,REP016,2017-02-07 03:11:51,2018-08-14 10:07:34
CUST006127,Regular,Marketplace,REP012,2017-08-30 14:03:35,2018-06-24 00:20:05
CUST006128,Regular,Email,REP015,2017-03-23 13:31:54,2018-02-08 04:37:56
CUST006129,VIP,Marketplace,REP009,2017-01-17 21:06:25,2017-12-21 05:09:07
CUST006130,Loyal,Social,REP013,2017-05-29 03:59:15,2018-08-19 15:18:49
CUST006131,Regular,Marketplace,REP021,2017-04-03 10:31:11,2018-02-21 00:38:29
CUST006132,Inactive,Paid Search,REP012,2017-08-29 00:00:00,2017-08-29 00:00:00
CUST006133,Inactive,Paid Search,REP029,2018-02-13 00:00:00,2018-02-13 00:00:00
CUST006134,Loyal,Social,REP010,2017-10-24 05:34:17,2018-08-02 03:25:30
CUST006135,Loyal,Email,REP004,2017-01-16 12:14:15,2017-10-13 16:45:01
CUST006136,Loyal,Marketplace,REP025,2017-09-20 13:09:35,2018-06-02 21:42:33
CUST006137,Loyal,Paid Search,REP005,2018-01-18 20:04:53,2018-09-14 06:09:55
CUST006138,VIP,Social,REP011,2017-01-09 23:45:12,2018-08-21 18:01:10
CUST006139,Regular,Marketplace,REP012,2018-02-18 08:39:13,2018-04-17 00:06:08
CUST006140,Regular,Organic,REP018,2017-01-14 17:58:32,2018-08-24 22:16:22
CUST006141,Regular,Paid Search,REP011,2017-03-06 13:15:31,2017-10-09 05:11:52
CUST006142,Regular,Paid Search,REP027,2018-03-09 18:31:03,2018-09-02 17:11:58
CUST006143,Inactive,Referral,REP014,2017-04-04 00:00:00,2017-04-04 00:00:00
CUST006144,New,Email,REP012,2018-08-19 16:39:15,2018-08-19 16:39:15
CUST006145,Regular,Social,REP006,2017-07-03 17:32:27,2018-06-12 08:14:12
CUST006146,Loyal,Referral,REP023,2017-05-20 19:51:18,2018-08-25 01:37:40
CUST006147,Loyal,Organic,REP015,2017-04-25 15:28:22,2018-04-25 17:24:36
CUST006148,Inactive,Organic,REP014,2017-04-14 04:53:47,2017-04-14 04:53:47
CUST006149,Loyal,Organic,REP018,2017-02-21 14:56:20,2018-04-10 15:16:41
CUST006150,Loyal,Social,REP003,2017-05-09 21:44:17,2017-06-27 04:33:51
CUST006151,Regular,Referral,REP001,2017-02-24 22:34:13,2017-07-04 23:46:49
CUST006152,Loyal,Referral,REP027,2017-12-02 14:52:12,2018-09-16 05:37:40
CUST006153,Inactive,Referral,REP027,2017-04-30 16:35:07,2017-04-30 16:35:07
CUST006154,Regular,Organic,REP005,2017-11-01 14:59:35,2018-01-12 17:50:58
CUST006155,Inactive,Paid Search,REP019,2017-07-30 10:48:22,2017-07-30 10:48:22
CUST006156,Inactive,Social,REP019,2017-07-12 00:00:00,2017-07-12 00:00:00
CUST006157,Regular,Marketplace,REP022,2017-10-22 23:25:55,2018-03-14 04:50:42
CUST006158,Loyal,Marketplace,REP003,2017-08-04 05:00:03,2018-06-22 09:49:38
CUST006159,Regular,Marketplace,REP007,2017-07-14 04:11:44,2018-09-08 14:32:25
CUST006160,Loyal,Referral,REP028,2017-05-04 07:57:45,2018-08-12 00:44:04
CUST006161,Inactive,Social,REP030,2018-02-04 17:56:32,2018-02-04 17:56:32
CUST006162,Loyal,Marketplace,REP012,2017-12-26 01:57:54,2018-07-29 10:35:05
CUST006163,Loyal,Email,REP014,2017-04-17 12:15:23,2017-11-04 21:40:04
CUST006164,Inactive,Paid Search,REP012,2017-11-02 17:12:40,2017-11-02 17:12:40
CUST006165,Loyal,Marketplace,REP002,2017-01-09 23:06:13,2018-01-12 14:47:55
CUST006166,Regular,Referral,REP015,2017-10-27 22:06:52,2017-11-09 06:22:56
CUST006167,Inactive,Marketplace,REP026,2017-03-10 00:00:00,2017-03-10 00:00:00
CUST006168,Inactive,Email,REP019,2017-07-30 18:05:19,2017-07-30 18:05:19
CUST006169,Inactive,Social,REP009,2018-03-12 00:00:00,2018-03-12 00:00:00
CUST006170,Loyal,Organic,REP023,2017-01-31 15:55:19,2018-06-01 20:11:29
CUST006171,Inactive,Paid Search,REP019,2017-11-09 00:00:00,2017-11-09 00:00:00
CUST006172,Regular,Paid Search,REP010,2017-06-15 11:57:29,2018-09-18 07:11:01
CUST006173,Loyal,Paid Search,REP010,2017-01-05 19:18:13,2017-10-23 22:51:41
CUST006174,Inactive,Social,REP021,2017-10-12 00:00:00,2017-10-12 00:00:00
CUST006175,VIP,Paid Search,REP009,2017-01-12 22:33:24,2018-04-10 09:34:03
CUST006176,Inactive,Referral,REP004,2017-07-13 00:00:00,2017-07-13 00:00:00
CUST006177,Regular,Marketplace,REP013,2017-11-15 20:01:49,2018-01-11 22:24:26
CUST006178,Regular,Organic,REP019,2017-05-16 13:00:34,2017-07-08 10:31:08
CUST006179,Inactive,Email,REP007,2017-02-08 11:00:19,2017-02-08 11:00:19
CUST006180,Loyal,Social,REP020,2017-01-16 06:44:34,2018-09-24 22:44:47
CUST006181,Inactive,Marketplace,REP026,2017-12-08 00:00:00,2017-12-08 00:00:00
CUST006182,Inactive,Organic,REP006,2017-11-12 14:58:15,2017-11-12 14:58:15
CUST006183,Loyal,Social,REP007,2017-03-02 17:10:58,2018-09-05 02:58:30
CUST006184,Loyal,Organic,REP023,2017-05-31 03:08:23,2018-07-01 00:02:19
CUST006185,Regular,Email,REP017,2017-10-01 04:39:06,2018-05-14 22:09:25
CUST006186,Regular,Email,REP023,2017-01-22 20:48:48,2018-06-09 17:20:16
CUST006187,Regular,Marketplace,REP006,2017-09-02 17:27:27,2018-04-24 04:54:32
CUST006188,Loyal,Social,REP009,2017-04-24 14:01:35,2017-09-21 04:21:06
CUST006189,Regular,Social,REP013,2017-03-14 21:11:19,2018-05-06 20:53:45
CUST006190,Inactive,Organic,REP015,2017-01-17 09:53:35,2017-01-17 09:53:35
CUST006191,Regular,Organic,REP018,2018-06-01 18:20:06,2018-07-30 07:01:07
CUST006192,Regular,Email,REP001,2017-06-26 04:38:41,2018-06-23 23:27:29
CUST006193,Regular,Paid Search,REP024,2017-05-29 02:44:51,2018-09-06 14:57:30
CUST006194,Inactive,Organic,REP011,2017-06-09 05:18:56,2017-06-09 05:18:56
CUST006195,Inactive,Referral,REP015,2017-09-24 01:53:02,2017-09-24 01:53:02
CUST006196,Loyal,Email,REP022,2017-07-19 07:38:30,2017-12-28 15:23:13
CUST006197,New,Email,REP026,2018-04-08 15:20:34,2018-04-08 15:20:34
CUST006198,Regular,Paid Search,REP004,2017-04-16 00:38:43,2017-12-03 22:47:46
CUST006199,Loyal,Marketplace,REP021,2017-02-23 03:43:31,2018-02-27 17:43:02
CUST006200,Loyal,Organic,REP011,2017-03-18 14:35:39,2018-05-20 16:08:49
CUST006201,Regular,Referral,REP027,2017-04-15 16:15:32,2017-07-14 19:20:31
CUST006202,New,Marketplace,REP003,2018-07-20 10:02:45,2018-07-20 10:02:45
CUST006203,New,Referral,REP018,2018-06-14 10:21:27,2018-06-14 10:21:27
CUST006204,New,Referral,REP014,2018-07-18 00:44:23,2018-07-18 00:44:23
CUST006205,New,Referral,REP003,2018-09-14 00:00:00,2018-09-14 00:00:00
CUST006206,Inactive,Social,REP027,2017-04-11 21:01:32,2017-04-11 21:01:32
CUST006207,Loyal,Organic,REP007,2017-06-10 03:02:13,2018-05-26 11:07:24
CUST006208,Regular,Marketplace,REP022,2017-12-23 06:34:23,2018-08-21 00:24:16
CUST006209,VIP,Organic,REP027,2017-03-02 00:28:36,2018-04-14 13:00:52
CUST006210,Loyal,Paid Search,REP017,2017-07-21 12:05:49,2018-05-18 03:05:10
CUST006211,Regular,Email,REP010,2017-11-06 06:54:08,2017-11-20 04:07:29
CUST006212,New,Marketplace,REP008,2018-06-24 22:40:41,2018-06-24 22:40:41
CUST006213,Loyal,Paid Search,REP005,2017-01-12 17:47:48,2018-06-05 10:00:19
CUST006214,Loyal,Marketplace,REP004,2017-06-08 12:33:37,2018-01-18 01:57:43
CUST006215,Loyal,Marketplace,REP017,2017-01-02 12:13:26,2018-05-07 00:10:02
CUST006216,Inactive,Marketplace,REP018,2017-12-01 00:38:41,2017-12-01 00:38:41
CUST006217,Loyal,Organic,REP024,2017-03-02 05:50:15,2018-04-19 06:32:28
CUST006218,Loyal,Paid Search,REP028,2017-11-17 09:17:16,2018-06-22 17:34:42
CUST006219,Regular,Social,REP016,2017-10-04 06:12:06,2018-03-16 18:45:14
CUST006220,Regular,Referral,REP013,2018-07-09 06:55:34,2018-07-09 15:37:01
CUST006221,Regular,Organic,REP016,2018-01-23 01:36:41,2018-01-28 06:06:42
CUST006222,Regular,Social,REP007,2017-02-26 19:01:41,2018-02-18 02:01:50
CUST006223,VIP,Referral,REP004,2017-03-26 23:32:01,2018-06-07 07:05:27
CUST006224,VIP,Marketplace,REP012,2017-07-02 03:28:14,2018-09-20 19:34:50
CUST006225,VIP,Paid Search,REP011,2017-01-13 08:32:47,2018-06-21 17:18:49
CUST006226,Regular,Email,REP017,2017-09-16 09:37:17,2018-04-13 02:48:31
CUST006227,Regular,Referral,REP002,2018-01-09 16:07:07,2018-05-18 16:37:43
CUST006228,Inactive,Paid Search,REP021,2017-01-04 07:58:57,2017-01-04 07:58:57
CUST006229,New,Email,REP021,2018-04-07 20:17:22,2018-04-07 20:17:22
CUST006230,Regular,Referral,REP022,2017-05-19 10:59:38,2018-02-10 03:26:03
CUST006231,Inactive,Marketplace,REP030,2017-07-07 12:31:21,2017-07-07 12:31:21
CUST006232,New,Social,REP011,2018-04-08 06:06:46,2018-04-08 06:06:46
CUST006233,Loyal,Marketplace,REP011,2017-03-13 18:16:00,2017-11-16 21:45:19
CUST006234,Inactive,Referral,REP004,2017-11-06 09:54:33,2017-11-06 09:54:33
CUST006235,Loyal,Paid Search,REP006,2017-02-14 06:20:50,2018-06-03 21:06:12
CUST006236,Regular,Social,REP025,2017-12-30 06:24:52,2018-03-21 21:59:10
CUST006237,Loyal,Paid Search,REP008,2017-04-30 23:09:50,2018-03-22 02:26:07
CUST006238,Regular,Paid Search,REP004,2017-01-03 16:12:47,2017-05-09 11:30:41
CUST006239,Regular,Organic,REP023,2017-03-03 23:46:38,2018-09-24 09:28:40
CUST006240,Regular,Organic,REP023,2017-06-29 02:43:27,2017-11-18 03:42:46
CUST006241,Loyal,Paid Search,REP009,2017-02-03 17:09:29,2017-07-20 05:18:36
CUST006242,Loyal,Social,REP028,2017-09-03 17:09:50,2018-09-22 05:54:41
CUST006243,Inactive,Paid Search,REP025,2017-09-16 11:51:05,2017-09-16 11:51:05
CUST006244,New,Organic,REP029,2018-05-06 00:00:00,2018-05-06 00:00:00
CUST006245,Loyal,Organic,REP009,2017-08-24 15:39:48,2018-08-04 12:09:34
CUST006246,Inactive,Organic,REP022,2018-03-16 09:48:27,2018-03-16 09:48:27
CUST006247,Loyal,Social,REP025,2017-05-14 23:03:58,2018-09-23 13:46:09
CUST006248,Inactive,Social,REP004,2018-02-14 08:01:27,2018-02-14 08:01:27
CUST006249,VIP,Organic,REP003,2017-04-07 17:30:46,2018-09-05 07:18:35
CUST006250,Loyal,Organic,REP014,2017-04-16 15:43:02,2018-01-14 06:47:35
CUST006251,Loyal,Organic,REP029,2017-08-27 09:52:46,2018-03-20 07:12:25
CUST006252,Regular,Organic,REP030,2017-05-23 11:23:29,2018-04-06 23:27:25
CUST006253,VIP,Referral,REP030,2017-09-06 06:27:48,2018-07-30 15:54:33
CUST006254,Inactive,Marketplace,REP014,2017-09-08 00:00:00,2017-09-08 00:00:00
CUST006255,Loyal,Referral,REP010,2017-04-28 23:33:50,2018-09-14 17:15:03
CUST006256,Loyal,Referral,REP020,2017-12-13 15:03:01,2018-08-08 10:58:29
CUST006257,Loyal,Email,REP011,2017-02-09 06:02:22,2018-06-21 05:53:48
CUST006258,New,Marketplace,REP003,2018-04-23 19:01:08,2018-04-23 19:01:08
CUST006259,Inactive,Organic,REP015,2017-12-14 23:22:19,2017-12-14 23:22:19
CUST006260,VIP,Organic,REP010,2017-04-08 19:57:27,2018-06-03 11:23:22
CUST006261,Inactive,Marketplace,REP014,2017-10-19 09:34:09,2017-10-19 09:34:09
CUST006262,Loyal,Email,REP021,2017-03-02 02:54:24,2017-11-26 23:49:32
CUST006263,New,Email,REP014,2018-09-30 05:59:32,2018-09-30 05:59:32
CUST006264,New,Social,REP003,2018-06-09 12:30:33,2018-06-09 12:30:33
CUST006265,Loyal,Social,REP016,2017-09-03 03:41:27,2018-08-21 16:08:04
CUST006266,Regular,Social,REP014,2017-11-30 20:19:07,2018-03-12 21:26:18
CUST006267,Loyal,Social,REP017,2017-02-07 14:54:06,2018-07-14 21:42:31
CUST006268,VIP,Email,REP011,2017-05-16 08:46:45,2018-06-30 00:19:34
CUST006269,Loyal,Social,REP001,2017-06-26 07:02:28,2018-07-02 21:53:37
CUST006270,Regular,Email,REP027,2017-02-26 00:44:29,2018-07-22 06:25:10
CUST006271,Loyal,Social,REP014,2017-07-11 06:06:18,2017-10-10 10:51:49
CUST006272,Regular,Email,REP003,2017-05-13 19:11:53,2018-07-29 05:24:38
CUST006273,VIP,Social,REP025,2017-01-03 21:11:15,2018-09-11 20:47:57
CUST006274,Regular,Referral,REP022,2017-01-22 00:38:22,2018-03-25 15:39:07
CUST006275,Inactive,Referral,REP030,2017-09-15 07:14:00,2017-09-15 07:14:00
CUST006276,Regular,Marketplace,REP025,2017-06-01 01:47:43,2017-06-04 10:43:09
CUST006277,New,Paid Search,REP028,2018-06-16 00:35:33,2018-06-16 00:35:33
CUST006278,Regular,Organic,REP013,2017-06-14 20:17:22,2017-09-21 01:07:34
CUST006279,Loyal,Organic,REP012,2017-01-18 14:15:32,2017-09-27 08:37:56
CUST006280,Regular,Marketplace,REP018,2017-07-28 19:43:23,2018-03-12 15:13:19
CUST006281,Regular,Marketplace,REP007,2017-07-29 10:53:35,2018-06-30 01:28:29
CUST006282,Loyal,Email,REP010,2017-12-10 22:28:46,2018-01-26 14:07:48
CUST006283,Loyal,Paid Search,REP005,2017-02-14 23:02:38,2018-06-10 11:53:07
CUST006284,Inactive,Social,REP014,2017-01-21 22:19:20,2017-01-21 22:19:20
CUST006285,Regular,Referral,REP027,2017-09-13 17:14:43,2018-08-10 23:49:39
CUST006286,Loyal,Paid Search,REP004,2017-04-07 16:26:03,2018-08-20 11:24:36
CUST006287,Regular,Email,REP015,2017-04-06 10:30:48,2017-08-05 18:55:20
CUST006288,Loyal,Organic,REP018,2017-09-10 17:49:34,2018-09-26 04:55:33
CUST006289,New,Paid Search,REP015,2018-06-14 19:46:12,2018-06-14 19:46:12
CUST006290,Regular,Social,REP025,2017-08-19 18:50:26,2017-09-14 04:17:08
CUST006291,Loyal,Email,REP022,2018-03-03 18:40:46,2018-09-27 14:19:05
CUST006292,New,Marketplace,REP017,2018-04-02 23:48:09,2018-04-02 23:48:09
CUST006293,Inactive,Marketplace,REP029,2017-08-21 19:30:09,2017-08-21 19:30:09
CUST006294,Loyal,Referral,REP025,2017-07-25 13:03:00,2018-02-26 07:52:23
CUST006295,Loyal,Organic,REP022,2017-09-10 10:05:30,2018-07-20 04:55:23
CUST006296,Inactive,Marketplace,REP018,2018-03-17 21:34:23,2018-03-17 21:34:23
CUST006297,New,Referral,REP004,2018-05-16 00:00:00,2018-05-16 00:00:00
CUST006298,Regular,Marketplace,REP021,2018-03-12 15:20:24,2018-03-24 17:45:12
CUST006299,Loyal,Marketplace,REP026,2017-06-14 10:12:07,2018-05-09 04:24:46
CUST006300,Inactive,Referral,REP016,2018-01-28 18:50:24,2018-01-28 18:50:24
CUST006301,Loyal,Email,REP022,2017-01-27 20:11:38,2018-04-18 10:50:22
CUST006302,Inactive,Social,REP012,2017-10-14 00:00:00,2017-10-14 00:00:00
CUST006303,Loyal,Organic,REP019,2017-05-08 00:54:27,2018-08-31 17:33:03
CUST006304,Regular,Referral,REP008,2017-01-19 18:15:58,2017-04-26 17:54:23
CUST006305,Inactive,Email,REP022,2017-05-23 00:00:00,2017-05-23 00:00:00
CUST006306,Regular,Referral,REP022,2018-07-09 16:36:13,2018-08-03 22:36:35
CUST006307,Loyal,Marketplace,REP004,2017-05-14 05:04:17,2018-05-20 01:12:10
CUST006308,Loyal,Organic,REP020,2017-08-13 04:38:11,2018-08-29 19:03:22
CUST006309,Loyal,Organic,REP020,2017-07-12 17:45:16,2018-05-11 18:47:16
CUST006310,Regular,Social,REP022,2017-12-04 06:19:46,2018-05-10 00:42:57
CUST006311,Regular,Organic,REP002,2017-05-10 08:41:42,2018-07-27 09:25:30
CUST006312,Loyal,Social,REP004,2017-03-13 00:27:26,2018-05-02 08:38:30
CUST006313,Loyal,Email,REP007,2017-01-18 08:09:39,2017-06-03 09:35:47
CUST006314,Loyal,Organic,REP014,2017-02-09 21:35:30,2017-11-22 13:35:46
CUST006315,New,Email,REP014,2018-08-02 21:56:51,2018-08-02 21:56:51
CUST006316,Regular,Referral,REP011,2017-03-14 18:48:39,2017-08-03 14:13:35
CUST006317,Loyal,Paid Search,REP023,2017-06-08 00:36:52,2018-09-20 01:16:00
CUST006318,Regular,Referral,REP008,2017-12-16 20:43:46,2018-08-08 10:16:25
CUST006319,Loyal,Referral,REP011,2017-09-04 20:39:11,2018-09-02 16:16:58
CUST006320,New,Referral,REP015,2018-06-17 00:00:00,2018-06-17 00:00:00
CUST006321,Inactive,Marketplace,REP025,2017-10-27 00:00:00,2017-10-27 00:00:00
CUST006322,Loyal,Social,REP025,2017-01-21 19:51:56,2018-09-27 12:07:36
CUST006323,Inactive,Referral,REP017,2017-10-18 07:29:46,2017-10-18 07:29:46
CUST006324,Loyal,Marketplace,REP028,2017-05-06 04:37:53,2018-02-24 21:43:41
CUST006325,Loyal,Organic,REP018,2018-03-05 21:25:25,2018-09-20 05:07:44
CUST006326,Loyal,Marketplace,REP013,2017-07-07 08:20:54,2018-08-27 20:23:44
CUST006327,Regular,Email,REP026,2017-05-05 11:59:29,2018-07-10 00:12:55
CUST006328,Loyal,Email,REP016,2017-03-26 08:17:58,2018-01-13 16:45:37
CUST006329,Loyal,Organic,REP019,2017-02-25 05:12:02,2018-04-11 00:35:18
CUST006330,Regular,Paid Search,REP005,2017-01-25 23:01:19,2017-08-12 06:25:57
CUST006331,Loyal,Marketplace,REP002,2017-11-29 18:07:13,2018-05-11 16:55:20
CUST006332,Regular,Social,REP027,2018-01-03 18:08:37,2018-06-26 05:02:11
CUST006333,Loyal,Social,REP004,2017-01-05 23:49:52,2017-08-25 13:51:39
CUST006334,Loyal,Paid Search,REP005,2017-01-05 05:17:08,2017-10-25 19:28:24
CUST006335,Regular,Social,REP016,2018-05-12 15:29:26,2018-09-07 21:09:59
CUST006336,Loyal,Organic,REP001,2017-09-10 07:29:48,2018-09-10 22:59:02
CUST006337,Loyal,Email,REP016,2017-08-04 21:08:09,2018-08-31 05:44:20
CUST006338,Loyal,Social,REP029,2017-03-11 09:28:55,2018-05-03 21:34:54
CUST006339,Loyal,Paid Search,REP023,2017-04-28 08:30:12,2017-11-25 12:22:36
CUST006340,Loyal,Paid Search,REP027,2017-02-27 06:38:02,2017-05-21 06:17:38
CUST006341,Inactive,Organic,REP010,2017-10-08 20:00:00,2017-10-08 20:00:00
CUST006342,Regular,Referral,REP027,2017-02-17 04:27:58,2018-03-04 19:28:22
CUST006343,Inactive,Organic,REP018,2017-04-19 14:07:03,2017-04-19 14:07:03
CUST006344,Inactive,Organic,REP004,2017-08-25 00:00:00,2017-08-25 00:00:00
CUST006345,Regular,Organic,REP028,2018-05-23 18:18:22,2018-07-02 09:58:57
CUST006346,Regular,Social,REP017,2018-01-07 11:44:37,2018-05-05 11:23:21
CUST006347,Regular,Marketplace,REP017,2017-06-17 00:35:17,2017-07-27 06:45:55
CUST006348,Loyal,Social,REP018,2017-02-02 04:55:11,2018-01-18 17:13:53
CUST006349,Regular,Referral,REP007,2017-10-06 10:42:51,2018-09-03 10:22:54
CUST006350,Loyal,Social,REP024,2017-06-23 07:06:00,2018-07-06 21:23:41
CUST006351,Regular,Organic,REP025,2017-08-09 05:17:58,2017-11-13 06:41:32
CUST006352,Loyal,Paid Search,REP007,2017-05-09 21:39:59,2018-09-16 22:39:26
CUST006353,Loyal,Referral,REP022,2017-02-16 20:26:42,2018-04-09 09:10:05
CUST006354,Loyal,Social,REP027,2017-03-15 00:33:06,2018-01-24 14:43:37
CUST006355,New,Organic,REP022,2018-04-20 15:45:52,2018-04-20 15:45:52
CUST006356,Loyal,Referral,REP002,2017-10-28 16:13:32,2018-08-03 23:45:41
CUST006357,Inactive,Marketplace,REP007,2017-05-26 20:16:48,2017-05-26 20:16:48
CUST006358,Inactive,Referral,REP004,2018-02-27 20:31:09,2018-02-27 20:31:09
CUST006359,Loyal,Organic,REP006,2017-06-03 12:25:45,2018-08-03 19:52:57
CUST006360,Regular,Paid Search,REP012,2018-07-15 08:49:22,2018-08-02 22:36:14
CUST006361,Loyal,Referral,REP020,2017-05-13 21:16:44,2017-12-02 00:44:23
CUST006362,Loyal,Paid Search,REP026,2017-04-14 00:42:09,2018-06-10 01:15:13
CUST006363,VIP,Email,REP015,2017-01-05 15:17:38,2018-06-04 10:19:55
CUST006364,Loyal,Paid Search,REP026,2017-09-08 22:50:32,2018-04-07 04:50:25
CUST006365,Regular,Organic,REP022,2017-12-28 09:20:03,2018-04-20 13:14:12
CUST006366,Regular,Email,REP003,2017-09-08 01:28:45,2018-06-01 10:34:57
CUST006367,Loyal,Marketplace,REP004,2017-12-02 16:40:15,2018-09-14 10:33:15
CUST006368,Loyal,Referral,REP018,2017-10-18 10:04:28,2018-08-01 23:02:17
CUST006369,New,Organic,REP013,2018-08-10 09:18:12,2018-08-10 09:18:12
CUST006370,Loyal,Email,REP017,2017-08-22 02:14:09,2018-05-02 05:19:44
CUST006371,Loyal,Paid Search,REP019,2017-09-23 02:03:23,2018-04-04 04:14:14
CUST006372,Regular,Email,REP018,2017-01-31 15:14:03,2017-06-06 20:56:11
CUST006373,Regular,Organic,REP013,2017-09-16 03:37:40,2018-01-06 10:56:01
CUST006374,VIP,Email,REP025,2017-02-28 16:06:47,2018-08-23 08:21:16
CUST006375,New,Paid Search,REP018,2018-07-12 02:49:55,2018-07-12 02:49:55
CUST006376,Inactive,Referral,REP002,2017-09-28 03:37:19,2017-09-28 03:37:19
CUST006377,Loyal,Organic,REP016,2018-05-18 12:46:25,2018-09-29 17:20:29
CUST006378,Loyal,Email,REP007,2017-02-04 16:14:24,2018-01-05 23:39:28
CUST006379,Inactive,Referral,REP003,2018-01-23 11:12:13,2018-01-23 11:12:13
CUST006380,Regular,Paid Search,REP023,2017-01-29 16:45:43,2017-09-05 10:48:59
CUST006381,Loyal,Marketplace,REP008,2017-04-30 10:04:11,2018-09-07 19:57:09
CUST006382,Inactive,Organic,REP018,2017-07-29 00:00:00,2017-07-29 00:00:00
CUST006383,Regular,Social,REP027,2017-02-07 20:32:47,2018-09-21 19:22:48
CUST006384,Inactive,Referral,REP015,2017-10-04 11:16:25,2017-10-04 11:16:25
CUST006385,New,Referral,REP029,2018-04-05 02:12:02,2018-04-05 02:12:02
CUST006386,Regular,Paid Search,REP023,2017-10-06 11:27:28,2018-09-22 15:16:33
CUST006387,Inactive,Paid Search,REP017,2017-08-01 14:21:46,2017-08-01 14:21:46
CUST006388,Regular,Marketplace,REP004,2017-11-13 08:27:45,2018-09-21 20:22:36
CUST006389,Loyal,Marketplace,REP017,2017-04-20 09:24:45,2018-05-24 23:19:02
CUST006390,Inactive,Marketplace,REP011,2017-03-30 00:00:00,2017-03-30 00:00:00
CUST006391,New,Social,REP010,2018-09-10 00:49:30,2018-09-10 00:49:30
CUST006392,Inactive,Social,REP016,2018-01-25 00:00:00,2018-01-25 00:00:00
CUST006393,Inactive,Social,REP030,2017-07-30 00:00:00,2017-07-30 00:00:00
CUST006394,Loyal,Email,REP020,2017-07-19 20:41:11,2018-07-31 23:35:53
CUST006395,Loyal,Paid Search,REP013,2017-05-13 03:41:13,2018-01-09 17:59:36
CUST006396,Inactive,Email,REP026,2017-08-16 02:30:46,2017-08-16 02:30:46
CUST006397,Loyal,Organic,REP009,2017-08-06 16:13:14,2018-08-01 09:46:41
CUST006398,Regular,Referral,REP028,2017-04-17 09:48:40,2018-03-14 13:43:04
CUST006399,Inactive,Organic,REP002,2017-10-27 06:00:11,2017-10-27 06:00:11
CUST006400,Inactive,Paid Search,REP012,2017-10-25 00:46:52,2017-10-25 00:46:52
CUST006401,Loyal,Referral,REP004,2017-05-25 18:10:56,2018-08-31 01:56:04
CUST006402,VIP,Referral,REP004,2017-02-14 20:09:40,2018-03-28 23:00:22
CUST006403,Regular,Paid Search,REP009,2017-01-17 06:54:26,2017-10-29 17:56:42
CUST006404,Inactive,Marketplace,REP008,2017-07-23 00:00:00,2017-07-23 00:00:00
CUST006405,Loyal,Social,REP014,2018-03-15 19:31:37,2018-04-14 15:15:33
CUST006406,Regular,Paid Search,REP024,2018-03-23 00:13:33,2018-07-24 13:58:14
CUST006407,Regular,Paid Search,REP017,2017-02-01 19:19:40,2017-04-22 07:46:14
CUST006408,VIP,Marketplace,REP004,2017-05-25 01:13:34,2018-08-29 19:25:14
CUST006409,Inactive,Marketplace,REP010,2017-06-05 00:00:00,2017-06-05 00:00:00
CUST006410,Regular,Marketplace,REP015,2017-11-01 11:23:08,2018-06-06 04:19:53
CUST006411,Loyal,Social,REP027,2017-05-19 18:28:57,2018-05-08 18:23:16
CUST006412,Loyal,Marketplace,REP020,2018-01-07 00:11:52,2018-06-28 16:14:46
CUST006413,Loyal,Referral,REP021,2017-01-13 06:46:34,2018-02-11 03:12:37
CUST006414,Loyal,Marketplace,REP009,2017-04-08 02:16:57,2018-05-31 20:04:48
CUST006415,Inactive,Paid Search,REP024,2017-03-25 11:00:36,2017-03-25 11:00:36
CUST006416,Inactive,Referral,REP018,2018-01-21 19:12:53,2018-01-21 19:12:53
CUST006417,Regular,Social,REP009,2017-04-16 05:17:22,2018-05-11 12:16:19
CUST006418,Loyal,Organic,REP012,2017-11-22 16:27:59,2018-09-07 01:59:35
CUST006419,Regular,Referral,REP013,2017-02-22 12:09:18,2017-07-11 13:03:37
CUST006420,Inactive,Organic,REP024,2017-11-27 05:07:05,2017-11-27 05:07:05
CUST006421,Loyal,Social,REP022,2017-06-16 05:29:30,2018-05-25 11:27:02
CUST006422,Loyal,Paid Search,REP015,2017-01-08 13:27:04,2018-06-11 09:06:18
CUST006423,New,Paid Search,REP024,2018-06-03 14:36:15,2018-06-03 14:36:15
CUST006424,Inactive,Organic,REP016,2017-05-22 00:00:00,2017-05-22 00:00:00
CUST006425,Loyal,Email,REP023,2017-10-05 16:55:40,2018-08-16 17:22:19
CUST006426,Regular,Referral,REP019,2017-08-19 14:42:28,2018-08-30 12:12:03
CUST006427,Inactive,Social,REP009,2017-07-31 04:17:03,2017-07-31 04:17:03
CUST006428,Regular,Referral,REP023,2018-03-09 14:39:27,2018-09-24 11:03:28
CUST006429,Loyal,Social,REP026,2017-08-10 03:48:41,2018-09-10 10:38:50
CUST006430,Regular,Social,REP013,2018-07-14 21:40:16,2018-07-20 04:15:49
CUST006431,Regular,Organic,REP003,2018-05-20 20:10:26,2018-09-05 09:23:45
CUST006432,Loyal,Social,REP004,2017-03-16 03:34:28,2018-08-25 04:09:32
CUST006433,Regular,Paid Search,REP030,2017-03-06 19:58:49,2018-05-18 16:41:33
CUST006434,Loyal,Social,REP016,2017-04-17 12:30:36,2017-08-30 00:31:19
CUST006435,VIP,Paid Search,REP001,2017-02-21 03:45:19,2018-09-24 17:57:49
CUST006436,Loyal,Organic,REP001,2017-03-23 00:26:41,2018-04-15 19:20:06
CUST006437,VIP,Social,REP017,2017-07-06 23:17:29,2018-09-11 13:53:16
CUST006438,Loyal,Marketplace,REP019,2017-01-01 09:23:27,2017-12-22 04:45:53
CUST006439,Loyal,Organic,REP001,2017-01-31 02:11:39,2018-06-22 20:34:14
CUST006440,Inactive,Social,REP022,2018-02-27 21:59:59,2018-02-27 21:59:59
CUST006441,Loyal,Social,REP009,2017-02-06 05:19:00,2017-08-30 02:39:07
CUST006442,Loyal,Email,REP023,2017-06-09 02:40:00,2018-09-26 12:46:09
CUST006443,Inactive,Social,REP016,2017-09-29 00:00:00,2017-09-29 00:00:00
CUST006444,Inactive,Social,REP026,2018-02-12 00:00:00,2018-02-12 00:00:00
CUST006445,Loyal,Paid Search,REP003,2017-06-28 00:51:05,2018-06-28 04:49:40
CUST006446,Inactive,Email,REP024,2017-03-06 00:00:00,2017-03-06 00:00:00
CUST006447,Inactive,Referral,REP014,2017-10-17 00:00:00,2017-10-17 00:00:00
CUST006448,Loyal,Social,REP025,2017-03-24 15:20:09,2018-09-15 08:23:02
CUST006449,VIP,Marketplace,REP013,2017-05-22 04:38:32,2018-05-26 11:30:13
CUST006450,Loyal,Organic,REP002,2017-08-11 11:05:53,2018-08-01 18:43:36
CUST006451,VIP,Marketplace,REP023,2017-02-04 02:38:36,2018-09-20 01:49:19
CUST006452,Loyal,Social,REP018,2017-01-11 16:16:10,2018-01-01 00:13:34
CUST006453,Inactive,Referral,REP019,2017-10-19 00:00:00,2017-10-19 00:00:00
CUST006454,Regular,Marketplace,REP012,2018-05-21 01:30:57,2018-07-04 12:25:26
CUST006455,Loyal,Email,REP013,2017-05-10 06:43:56,2017-09-17 21:47:05
CUST006456,Inactive,Referral,REP008,2017-01-27 14:27:28,2017-01-27 14:27:28
CUST006457,Loyal,Paid Search,REP014,2017-06-04 17:44:04,2018-08-21 06:31:27
CUST006458,Loyal,Social,REP030,2017-02-28 22:21:37,2018-04-07 06:58:55
CUST006459,Loyal,Email,REP029,2017-01-15 12:06:40,2018-03-15 18:56:43
CUST006460,Inactive,Organic,REP024,2017-06-23 14:51:36,2017-06-23 14:51:36
CUST006461,Loyal,Marketplace,REP019,2017-01-28 08:07:35,2018-08-28 06:57:45
CUST006462,Loyal,Referral,REP026,2017-05-21 07:16:50,2018-09-04 11:53:44
CUST006463,Loyal,Marketplace,REP003,2017-09-08 03:20:57,2018-08-10 13:16:03
CUST006464,Loyal,Organic,REP025,2017-01-11 11:53:36,2018-09-26 18:46:30
CUST006465,Regular,Referral,REP016,2017-05-06 22:32:15,2018-01-31 06:19:10
CUST006466,Regular,Organic,REP021,2017-10-30 12:13:59,2018-09-11 19:31:50
CUST006467,New,Paid Search,REP010,2018-04-18 00:00:00,2018-04-18 00:00:00
CUST006468,Loyal,Organic,REP009,2017-06-09 15:21:07,2018-08-26 23:22:47
CUST006469,Regular,Organic,REP009,2017-02-03 17:47:14,2018-04-13 08:40:27
CUST006470,Regular,Marketplace,REP012,2017-08-21 04:22:00,2018-04-20 07:24:33
CUST006471,Loyal,Email,REP029,2017-02-24 12:02:58,2018-09-17 00:35:40
CUST006472,Loyal,Paid Search,REP004,2017-01-27 14:27:16,2018-04-08 06:10:08
CUST006473,New,Paid Search,REP003,2018-08-17 06:56:24,2018-08-17 06:56:24
CUST006474,Loyal,Referral,REP015,2017-06-14 01:51:07,2018-09-23 03:33:48
CUST006475,Loyal,Organic,REP025,2017-01-27 03:33:28,2018-06-18 06:26:30
CUST006476,Regular,Referral,REP025,2017-01-26 14:11:40,2017-07-08 16:06:21
CUST006477,Inactive,Organic,REP021,2017-05-19 00:16:09,2017-05-19 00:16:09
CUST006478,Inactive,Social,REP025,2017-01-23 20:55:05,2017-01-23 20:55:05
CUST006479,Regular,Email,REP022,2017-07-12 18:52:52,2017-12-14 19:41:49
CUST006480,Regular,Email,REP010,2017-02-02 09:23:35,2018-03-15 15:51:04
CUST006481,Regular,Organic,REP004,2018-04-03 02:46:03,2018-08-10 00:47:32
CUST006482,Regular,Organic,REP027,2017-02-10 20:18:18,2017-09-27 16:42:24
CUST006483,Regular,Paid Search,REP023,2017-12-29 01:15:56,2018-04-15 05:12:06
CUST006484,Inactive,Referral,REP023,2017-08-07 00:00:00,2017-08-07 00:00:00
CUST006485,Regular,Paid Search,REP003,2017-01-08 13:38:25,2017-10-28 21:10:45
CUST006486,Loyal,Organic,REP014,2017-01-24 14:22:34,2018-09-26 20:00:30
CUST006487,Loyal,Referral,REP030,2017-02-05 15:43:00,2018-08-13 13:54:16
CUST006488,Inactive,Paid Search,REP008,2017-12-17 17:16:28,2017-12-17 17:16:28
CUST006489,Loyal,Organic,REP007,2017-03-16 02:35:33,2018-07-24 15:29:08
CUST006490,Loyal,Organic,REP004,2017-03-13 20:47:07,2018-03-12 18:33:09
CUST006491,Loyal,Marketplace,REP022,2017-05-22 03:47:52,2018-09-08 00:09:29
CUST006492,Loyal,Social,REP017,2017-06-25 05:45:01,2018-02-02 01:39:08
CUST006493,Inactive,Paid Search,REP019,2017-03-02 00:00:00,2017-03-02 00:00:00
CUST006494,Loyal,Organic,REP030,2017-10-28 01:09:09,2018-03-28 17:15:50
CUST006495,Loyal,Social,REP018,2017-07-15 06:57:09,2018-05-18 15:22:03
CUST006496,Loyal,Referral,REP023,2017-04-28 14:03:38,2018-06-22 19:07:12
CUST006497,Loyal,Email,REP016,2018-03-03 03:09:32,2018-07-18 10:25:17
CUST006498,Regular,Referral,REP023,2017-07-17 14:02:42,2017-09-05 03:11:20
CUST006499,Regular,Social,REP027,2017-03-24 19:11:01,2017-09-01 11:40:34
CUST006500,Inactive,Paid Search,REP012,2017-08-30 03:34:33,2017-08-30 03:34:33
CUST006501,Loyal,Marketplace,REP007,2017-04-07 13:51:54,2018-09-26 12:30:02
CUST006502,Regular,Paid Search,REP025,2017-09-23 10:27:46,2018-02-19 18:06:08
CUST006503,VIP,Organic,REP004,2017-01-28 05:51:47,2018-06-06 07:12:13
CUST006504,New,Marketplace,REP027,2018-05-31 01:26:52,2018-05-31 01:26:52
CUST006505,Loyal,Marketplace,REP025,2017-05-19 03:57:18,2018-09-10 09:04:43
CUST006506,New,Social,REP012,2018-06-08 00:00:00,2018-06-08 00:00:00
CUST006507,VIP,Marketplace,REP014,2017-07-13 18:45:56,2018-09-25 19:51:45
CUST006508,Regular,Email,REP029,2017-01-25 03:19:40,2018-09-10 10:22:10
CUST006509,Loyal,Organic,REP003,2018-01-08 02:47:36,2018-04-22 18:51:41
CUST006510,Loyal,Referral,REP030,2017-12-15 10:38:15,2018-09-11 01:59:14
CUST006511,Regular,Marketplace,REP007,2017-09-26 18:33:05,2017-11-10 21:57:49
CUST006512,Inactive,Marketplace,REP004,2017-08-08 09:20:17,2017-08-08 09:20:17
CUST006513,Loyal,Email,REP002,2017-01-18 11:24:15,2018-05-22 19:23:11
CUST006514,Regular,Paid Search,REP006,2017-03-17 11:15:08,2017-03-27 14:42:58
CUST006515,Loyal,Social,REP025,2018-03-15 21:05:53,2018-09-02 22:52:05
CUST006516,Loyal,Paid Search,REP016,2018-02-05 19:42:55,2018-08-19 02:48:58
CUST006517,Regular,Paid Search,REP030,2017-08-12 15:38:34,2017-09-13 05:55:43
CUST006518,Loyal,Social,REP010,2017-10-30 09:48:24,2018-07-10 18:45:42
CUST006519,Loyal,Social,REP030,2017-10-04 21:20:10,2018-08-22 03:29:36
CUST006520,Loyal,Marketplace,REP004,2017-08-15 17:31:38,2018-05-23 21:31:58
CUST006521,Loyal,Referral,REP017,2017-05-01 16:38:43,2018-09-26 02:45:52
CUST006522,Loyal,Paid Search,REP008,2017-03-22 00:21:05,2018-05-21 17:00:35
CUST006523,Regular,Referral,REP013,2017-04-14 03:35:56,2017-10-12 02:41:17
CUST006524,Loyal,Paid Search,REP008,2017-07-31 08:50:36,2018-03-11 16:20:27
CUST006525,Loyal,Paid Search,REP018,2017-02-26 17:31:22,2018-04-17 20:16:55
CUST006526,Loyal,Email,REP010,2017-03-15 18:47:00,2018-06-18 17:32:39
CUST006527,Loyal,Referral,REP024,2017-01-08 19:22:28,2018-09-24 23:45:05
CUST006528,Inactive,Referral,REP007,2017-03-21 02:32:51,2017-03-21 02:32:51
CUST006529,Inactive,Referral,REP016,2018-03-22 00:00:00,2018-03-22 00:00:00
CUST006530,New,Marketplace,REP005,2018-05-03 23:52:06,2018-05-03 23:52:06
CUST006531,Regular,Organic,REP004,2017-04-20 14:00:28,2018-02-05 02:16:34
CUST006532,Inactive,Organic,REP009,2017-03-03 04:01:22,2017-03-03 04:01:22
CUST006533,Regular,Email,REP005,2017-07-06 10:11:31,2018-04-11 07:29:45
CUST006534,Loyal,Email,REP012,2017-03-27 22:39:55,2018-01-16 14:23:02
CUST006535,Loyal,Organic,REP028,2017-02-28 15:56:08,2018-04-04 20:11:31
CUST006536,Loyal,Email,REP016,2017-06-19 18:08:22,2018-02-06 09:47:38
CUST006537,Loyal,Social,REP020,2017-04-06 07:15:18,2017-06-27 10:46:59
CUST006538,Inactive,Paid Search,REP014,2017-09-10 03:28:14,2017-09-10 03:28:14
CUST006539,Inactive,Referral,REP030,2018-03-22 00:00:00,2018-03-22 00:00:00
CUST006540,Loyal,Social,REP018,2017-02-02 03:59:13,2018-08-15 17:27:49
CUST006541,Regular,Email,REP003,2017-10-19 12:51:52,2018-04-29 16:42:47
CUST006542,Inactive,Social,REP028,2017-06-03 16:14:38,2017-06-03 16:14:38
CUST006543,New,Organic,REP028,2018-07-24 01:06:15,2018-07-24 01:06:15
CUST006544,Regular,Email,REP028,2017-08-28 02:02:47,2018-02-06 10:34:37
CUST006545,Inactive,Referral,REP012,2017-03-21 01:07:24,2017-03-21 01:07:24
CUST006546,Regular,Social,REP015,2017-01-06 11:30:44,2017-07-17 05:25:16
CUST006547,Loyal,Social,REP013,2017-12-28 09:38:19,2018-09-21 01:02:59
CUST006548,Loyal,Email,REP008,2017-02-08 04:26:08,2018-09-21 09:43:19
CUST006549,Regular,Organic,REP001,2017-02-22 23:43:15,2018-05-21 02:29:49
CUST006550,Inactive,Marketplace,REP005,2017-03-12 03:19:09,2017-03-12 03:19:09
CUST006551,Regular,Paid Search,REP005,2018-09-17 18:03:13,2018-09-18 23:38:26
CUST006552,Regular,Paid Search,REP028,2017-12-24 06:26:25,2018-01-28 19:56:09
CUST006553,Loyal,Paid Search,REP028,2017-03-05 21:42:03,2017-11-22 21:05:07
CUST006554,Loyal,Marketplace,REP021,2017-03-12 10:24:08,2017-05-19 13:33:31
CUST006555,Regular,Organic,REP030,2018-04-25 23:54:30,2018-05-13 23:00:46
CUST006556,Inactive,Referral,REP023,2018-02-03 23:56:40,2018-02-03 23:56:40
CUST006557,Loyal,Marketplace,REP008,2017-02-15 02:03:37,2018-06-25 23:42:52
CUST006558,Loyal,Organic,REP014,2017-05-09 02:06:00,2018-05-24 05:44:46
CUST006559,Inactive,Paid Search,REP012,2018-01-28 00:00:00,2018-01-28 00:00:00
CUST006560,Loyal,Referral,REP028,2017-03-23 20:15:35,2018-05-13 03:44:30
CUST006561,Loyal,Organic,REP012,2017-12-28 04:14:42,2018-07-01 11:26:55
CUST006562,New,Email,REP020,2018-04-20 04:39:32,2018-04-20 04:39:32
CUST006563,Loyal,Marketplace,REP021,2017-07-24 09:16:55,2018-09-14 16:09:29
CUST006564,Regular,Social,REP027,2017-05-06 20:53:57,2017-08-02 13:00:14
CUST006565,Inactive,Email,REP024,2017-07-24 22:52:32,2017-07-24 22:52:32
CUST006566,Loyal,Referral,REP001,2017-09-14 22:44:48,2018-09-01 05:29:09
CUST006567,VIP,Organic,REP029,2017-03-19 09:01:33,2018-09-10 12:38:28
CUST006568,Inactive,Paid Search,REP022,2017-10-31 14:11:28,2017-10-31 14:11:28
CUST006569,Inactive,Organic,REP023,2017-02-24 00:00:00,2017-02-24 00:00:00
CUST006570,Loyal,Marketplace,REP011,2017-03-26 23:41:53,2018-07-13 02:21:19
CUST006571,Regular,Social,REP027,2017-11-19 22:22:08,2018-04-14 22:19:37
CUST006572,Inactive,Social,REP026,2017-09-24 11:34:03,2017-09-24 11:34:03
CUST006573,Inactive,Paid Search,REP019,2017-07-01 23:21:42,2017-07-01 23:21:42
CUST006574,Inactive,Paid Search,REP009,2018-02-10 18:30:05,2018-02-10 18:30:05
CUST006575,Loyal,Referral,REP007,2017-02-09 09:58:15,2018-07-22 02:32:32
CUST006576,Loyal,Organic,REP020,2017-05-20 18:04:09,2018-05-19 04:22:39
CUST006577,VIP,Organic,REP009,2017-02-18 23:07:31,2017-11-23 09:20:11
CUST006578,Inactive,Organic,REP026,2018-01-04 16:04:00,2018-01-04 16:04:00
CUST006579,New,Organic,REP004,2018-06-06 13:31:07,2018-06-06 13:31:07
CUST006580,Regular,Marketplace,REP028,2017-02-10 07:59:10,2017-02-22 19:21:43
CUST006581,Inactive,Organic,REP023,2017-02-19 18:48:10,2017-02-19 18:48:10
CUST006582,Loyal,Organic,REP001,2017-02-09 14:24:37,2018-03-09 01:59:04
CUST006583,Loyal,Referral,REP022,2017-02-26 22:52:59,2017-08-31 01:39:26
CUST006584,Loyal,Referral,REP015,2017-09-03 18:32:11,2018-03-11 08:18:45
CUST006585,New,Organic,REP014,2018-09-17 20:34:43,2018-09-17 20:34:43
CUST006586,Loyal,Paid Search,REP004,2017-07-17 06:06:17,2018-08-14 02:57:04
CUST006587,Loyal,Social,REP021,2017-08-25 10:00:10,2017-11-12 21:04:22
CUST006588,New,Email,REP018,2018-09-29 18:56:13,2018-09-29 18:56:13
CUST006589,New,Paid Search,REP017,2018-08-01 00:00:00,2018-08-01 00:00:00
CUST006590,Regular,Organic,REP025,2017-05-26 12:39:04,2017-11-10 18:17:13
CUST006591,Inactive,Paid Search,REP012,2018-03-26 08:31:55,2018-03-26 08:31:55
CUST006592,Inactive,Social,REP006,2018-02-05 05:35:24,2018-02-05 05:35:24
CUST006593,Loyal,Paid Search,REP002,2017-07-24 15:45:43,2018-09-23 17:45:02
CUST006594,Loyal,Organic,REP027,2017-02-22 10:39:10,2017-08-25 17:14:11
CUST006595,New,Social,REP025,2018-07-08 00:00:00,2018-07-08 00:00:00
CUST006596,Regular,Social,REP019,2018-03-18 01:34:54,2018-03-26 15:02:52
CUST006597,Loyal,Paid Search,REP020,2017-08-23 21:05:06,2018-09-04 14:27:02
CUST006598,Regular,Social,REP010,2017-02-04 13:06:46,2017-03-12 05:59:49
CUST006599,Inactive,Referral,REP002,2017-09-22 16:21:42,2017-09-22 16:21:42
CUST006600,Loyal,Email,REP005,2017-05-07 20:34:54,2018-03-05 05:49:04
CUST006601,Loyal,Social,REP021,2017-12-06 13:38:07,2018-08-29 15:52:32
CUST006602,Loyal,Organic,REP012,2017-02-03 20:48:03,2018-09-22 23:30:31
CUST006603,Regular,Paid Search,REP017,2017-05-01 18:27:00,2017-07-28 21:49:26
CUST006604,Loyal,Email,REP023,2017-03-15 02:16:15,2018-07-27 19:29:31
CUST006605,Regular,Referral,REP022,2017-02-10 03:15:37,2017-10-30 05:17:36
CUST006606,Loyal,Organic,REP022,2017-06-22 15:03:56,2017-12-28 22:22:19
CUST006607,Regular,Email,REP001,2018-04-30 07:04:15,2018-06-03 19:11:27
CUST006608,Loyal,Referral,REP011,2017-01-03 00:11:51,2018-06-05 11:36:40
CUST006609,New,Organic,REP028,2018-08-05 01:32:47,2018-08-05 01:32:47
CUST006610,Inactive,Marketplace,REP006,2017-05-11 23:05:25,2017-05-11 23:05:25
CUST006611,Loyal,Organic,REP001,2017-03-29 12:21:02,2017-12-31 12:40:11
CUST006612,Loyal,Marketplace,REP017,2017-01-24 01:31:47,2018-08-11 14:06:23
CUST006613,New,Marketplace,REP027,2018-04-28 23:22:58,2018-04-28 23:22:58
CUST006614,VIP,Marketplace,REP001,2017-04-07 18:48:05,2018-07-04 23:53:25
CUST006615,New,Referral,REP026,2018-06-17 00:00:00,2018-06-17 00:00:00
CUST006616,Loyal,Paid Search,REP004,2017-03-11 01:38:08,2017-08-30 08:21:54
CUST006617,Loyal,Marketplace,REP030,2017-02-01 11:14:25,2018-03-29 07:03:18
CUST006618,Inactive,Organic,REP006,2017-07-17 05:28:28,2017-07-17 05:28:28
CUST006619,Loyal,Referral,REP014,2017-03-17 03:48:15,2018-04-25 00:50:04
CUST006620,Inactive,Organic,REP009,2017-02-24 17:55:22,2017-02-24 17:55:22
CUST006621,Loyal,Marketplace,REP003,2017-03-10 21:36:25,2018-07-08 21:49:38
CUST006622,Loyal,Social,REP013,2017-03-30 13:23:46,2017-12-26 06:23:49
CUST006623,Loyal,Referral,REP005,2017-08-02 01:26:45,2018-09-26 07:40:52
CUST006624,Loyal,Referral,REP008,2017-01-25 04:22:57,2017-11-30 15:41:53
CUST006625,Regular,Referral,REP019,2017-07-02 02:08:14,2017-10-03 08:26:35
CUST006626,Loyal,Social,REP005,2017-05-27 17:38:46,2018-09-28 08:57:08
CUST006627,Inactive,Email,REP002,2017-10-19 04:06:51,2017-10-19 04:06:51
CUST006628,Regular,Organic,REP021,2017-05-06 05:24:57,2018-04-18 20:19:10
CUST006629,Regular,Paid Search,REP027,2017-02-24 16:04:58,2018-02-06 14:18:16
CUST006630,Regular,Email,REP023,2017-11-29 14:24:32,2018-08-03 07:14:33
CUST006631,Inactive,Social,REP019,2017-04-20 00:00:00,2017-04-20 00:00:00
CUST006632,Loyal,Marketplace,REP027,2017-06-26 03:10:53,2018-02-22 04:42:16
CUST006633,Regular,Referral,REP005,2017-02-23 01:56:32,2018-06-21 02:00:58
CUST006634,Loyal,Social,REP020,2017-06-16 14:04:03,2017-12-06 13:49:50
CUST006635,New,Organic,REP020,2018-06-06 05:05:45,2018-06-06 05:05:45
CUST006636,Inactive,Organic,REP019,2017-08-18 00:00:00,2017-08-18 00:00:00
CUST006637,Loyal,Marketplace,REP004,2017-04-11 15:21:35,2018-09-22 00:24:55
CUST006638,Loyal,Marketplace,REP012,2017-07-08 04:30:22,2018-04-29 07:55:02
CUST006639,Regular,Email,REP016,2017-01-26 05:15:35,2018-04-30 07:03:52
CUST006640,Inactive,Organic,REP020,2018-02-26 15:31:26,2018-02-26 15:31:26
CUST006641,Regular,Referral,REP029,2017-12-27 17:20:23,2018-04-19 05:40:47
CUST006642,New,Marketplace,REP006,2018-06-22 11:39:13,2018-06-22 11:39:13
CUST006643,Regular,Paid Search,REP030,2018-05-30 11:19:20,2018-08-10 14:47:37
CUST006644,Loyal,Email,REP001,2017-02-26 07:45:24,2017-09-07 10:00:53
CUST006645,New,Social,REP014,2018-04-30 22:58:01,2018-04-30 22:58:01
CUST006646,Inactive,Paid Search,REP002,2018-01-17 03:16:18,2018-01-17 03:16:18
CUST006647,Regular,Marketplace,REP002,2017-05-06 13:02:38,2018-09-02 12:00:50
CUST006648,New,Social,REP010,2018-06-09 12:11:01,2018-06-09 12:11:01
CUST006649,VIP,Email,REP020,2017-04-11 07:19:32,2018-09-21 20:39:30
CUST006650,New,Social,REP029,2018-07-10 10:05:26,2018-07-10 10:05:26
CUST006651,Loyal,Social,REP002,2017-06-11 19:32:57,2018-07-14 16:35:33
CUST006652,Loyal,Referral,REP015,2017-02-04 04:06:40,2017-09-26 00:35:56
CUST006653,Inactive,Organic,REP029,2018-03-23 11:34:48,2018-03-23 11:34:48
CUST006654,Loyal,Social,REP020,2017-03-10 19:08:28,2018-02-09 11:05:54
CUST006655,Inactive,Marketplace,REP020,2017-01-03 09:13:14,2017-01-03 09:13:14
CUST006656,New,Social,REP021,2018-08-16 07:24:38,2018-08-16 07:24:38
CUST006657,Regular,Organic,REP011,2017-09-10 19:38:04,2017-12-31 11:35:19
CUST006658,Loyal,Email,REP001,2017-01-10 09:02:01,2017-12-30 15:57:06
CUST006659,Loyal,Organic,REP022,2017-01-27 10:41:17,2018-06-07 00:15:41
CUST006660,Loyal,Marketplace,REP018,2017-03-01 05:30:05,2018-06-04 12:54:47
CUST006661,Regular,Referral,REP026,2018-03-20 06:26:47,2018-08-10 20:40:43
CUST006662,Loyal,Email,REP017,2017-03-06 08:31:56,2017-12-06 19:53:10
CUST006663,VIP,Organic,REP010,2017-04-04 08:15:43,2018-05-14 20:33:06
CUST006664,Regular,Paid Search,REP006,2018-09-10 16:31:48,2018-09-29 16:36:21
CUST006665,Loyal,Marketplace,REP014,2017-08-26 17:17:48,2018-02-17 06:04:43
CUST006666,Inactive,Organic,REP020,2017-11-25 00:00:00,2017-11-25 00:00:00
CUST006667,Regular,Organic,REP027,2017-12-04 19:07:43,2018-03-16 04:19:00
CUST006668,VIP,Marketplace,REP014,2017-06-14 02:35:58,2018-07-10 18:18:01
CUST006669,Loyal,Organic,REP002,2017-12-20 02:51:22,2018-08-14 12:35:21
CUST006670,Loyal,Email,REP017,2017-06-28 04:59:34,2017-12-13 18:29:12
CUST006671,Loyal,Marketplace,REP010,2017-07-26 19:47:14,2018-06-30 23:03:55
CUST006672,Regular,Marketplace,REP025,2017-11-21 04:55:07,2018-05-12 18:48:18
CUST006673,Loyal,Organic,REP008,2018-01-05 22:21:06,2018-07-09 17:39:47
CUST006674,New,Marketplace,REP005,2018-07-03 00:00:00,2018-07-03 00:00:00
CUST006675,Loyal,Marketplace,REP024,2017-04-17 03:10:38,2018-07-10 12:16:18
CUST006676,Regular,Referral,REP015,2017-03-18 07:28:23,2017-10-31 18:52:38
CUST006677,VIP,Social,REP028,2017-01-14 10:34:25,2018-04-12 05:56:51
CUST006678,New,Social,REP008,2018-04-13 00:00:00,2018-04-13 00:00:00
CUST006679,Inactive,Social,REP026,2017-07-20 04:47:44,2017-07-20 04:47:44
CUST006680,Loyal,Social,REP010,2017-05-12 01:47:12,2018-02-25 04:32:19
CUST006681,Inactive,Social,REP030,2017-03-11 07:57:17,2017-03-11 07:57:17
CUST006682,Inactive,Marketplace,REP012,2017-04-11 22:36:32,2017-04-11 22:36:32
CUST006683,Loyal,Email,REP001,2017-01-01 19:48:16,2018-07-24 18:01:12
CUST006684,New,Referral,REP030,2018-04-15 04:38:58,2018-04-15 04:38:58
CUST006685,Loyal,Paid Search,REP026,2017-06-29 01:10:00,2018-03-13 15:10:13
CUST006686,Loyal,Marketplace,REP006,2017-02-18 06:26:35,2018-09-26 03:08:45
CUST006687,Inactive,Paid Search,REP029,2017-04-15 00:00:00,2017-04-15 00:00:00
CUST006688,Inactive,Marketplace,REP030,2017-03-14 00:00:00,2017-03-14 00:00:00
CUST006689,Inactive,Email,REP030,2017-08-08 21:14:03,2017-08-08 21:14:03
CUST006690,Inactive,Marketplace,REP020,2017-02-27 00:00:00,2017-02-27 00:00:00
CUST006691,Regular,Referral,REP006,2017-05-24 05:25:25,2018-01-29 19:13:59
CUST006692,Loyal,Social,REP027,2017-02-24 09:33:49,2018-04-27 01:15:53
CUST006693,Loyal,Marketplace,REP024,2017-06-22 20:00:06,2018-08-03 00:47:57
CUST006694,Regular,Email,REP022,2017-09-27 05:58:30,2018-07-16 02:55:34
CUST006695,New,Organic,REP006,2018-06-02 11:50:34,2018-06-02 11:50:34
CUST006696,Inactive,Marketplace,REP009,2017-07-16 00:00:00,2017-07-16 00:00:00
CUST006697,Loyal,Referral,REP012,2017-06-27 20:58:53,2018-08-28 07:31:49
CUST006698,Regular,Marketplace,REP009,2017-01-24 11:50:01,2018-03-28 22:49:20
CUST006699,Regular,Paid Search,REP015,2017-09-13 06:10:53,2018-08-10 22:23:12
CUST006700,Loyal,Paid Search,REP027,2017-01-26 05:51:28,2018-09-03 00:36:56
CUST006701,Loyal,Organic,REP030,2017-07-09 14:53:26,2018-08-22 14:35:13
CUST006702,Loyal,Email,REP020,2017-03-04 20:28:16,2017-06-06 23:35:36
CUST006703,Inactive,Paid Search,REP003,2017-06-18 01:26:01,2017-06-18 01:26:01
CUST006704,Inactive,Email,REP008,2018-01-03 06:39:47,2018-01-03 06:39:47
CUST006705,Inactive,Social,REP012,2017-04-20 09:15:30,2017-04-20 09:15:30
CUST006706,Inactive,Social,REP010,2017-07-31 18:41:39,2017-07-31 18:41:39
CUST006707,Regular,Social,REP004,2017-04-22 11:23:02,2018-01-26 09:43:19
CUST006708,Loyal,Paid Search,REP017,2017-02-21 14:35:47,2018-03-21 02:32:21
CUST006709,Inactive,Email,REP030,2017-02-20 02:08:50,2017-02-20 02:08:50
CUST006710,VIP,Marketplace,REP025,2017-02-14 19:04:09,2018-07-23 17:45:48
CUST006711,New,Paid Search,REP028,2018-05-28 19:24:26,2018-05-28 19:24:26
CUST006712,Loyal,Paid Search,REP024,2017-05-09 04:14:17,2017-12-02 18:21:17
CUST006713,Regular,Marketplace,REP002,2018-03-25 06:57:04,2018-05-07 06:09:55
CUST006714,Regular,Organic,REP025,2017-05-30 15:10:38,2018-03-10 22:12:50
CUST006715,Loyal,Referral,REP001,2017-11-14 22:08:37,2018-07-29 07:50:48
CUST006716,Loyal,Organic,REP013,2017-02-24 03:43:52,2017-10-16 20:14:03
CUST006717,Inactive,Email,REP025,2018-01-07 00:00:00,2018-01-07 00:00:00
CUST006718,Inactive,Referral,REP011,2017-03-04 01:45:32,2017-03-04 01:45:32
CUST006719,Inactive,Referral,REP003,2017-05-13 11:02:00,2017-05-13 11:02:00
CUST006720,Loyal,Organic,REP017,2017-01-25 17:49:12,2018-04-02 08:29:46
CUST006721,Loyal,Social,REP022,2017-07-06 00:44:07,2018-04-09 17:13:58
CUST006722,Loyal,Email,REP029,2018-03-14 02:38:48,2018-08-25 03:56:29
CUST006723,Regular,Marketplace,REP002,2017-04-18 15:28:25,2017-07-08 05:07:39
CUST006724,Regular,Paid Search,REP002,2017-04-17 06:45:46,2017-09-24 20:01:57
CUST006725,Loyal,Paid Search,REP024,2017-06-17 06:16:32,2017-12-20 20:37:40
CUST006726,Loyal,Organic,REP003,2017-03-23 19:09:30,2018-07-21 02:47:47
CUST006727,Loyal,Referral,REP030,2017-03-29 15:15:46,2018-08-01 06:21:41
CUST006728,Inactive,Marketplace,REP022,2017-11-23 03:38:25,2017-11-23 03:38:25
CUST006729,Inactive,Organic,REP019,2017-11-12 23:28:09,2017-11-12 23:28:09
CUST006730,Loyal,Marketplace,REP029,2017-05-09 23:30:57,2018-04-28 03:51:29
CUST006731,Regular,Paid Search,REP016,2017-04-03 05:51:32,2017-07-25 12:07:13
CUST006732,Loyal,Referral,REP013,2017-05-11 09:44:38,2018-09-29 17:42:08
CUST006733,Loyal,Email,REP023,2017-02-24 23:40:17,2017-10-12 09:08:01
CUST006734,Inactive,Paid Search,REP002,2017-12-19 00:00:00,2017-12-19 00:00:00
CUST006735,Loyal,Organic,REP009,2017-07-30 19:07:09,2018-05-15 05:00:27
CUST006736,Loyal,Marketplace,REP024,2017-01-25 06:46:43,2018-06-28 23:56:30
CUST006737,Regular,Social,REP017,2018-06-11 10:26:42,2018-06-17 23:12:04
CUST006738,Inactive,Social,REP027,2017-08-22 00:00:00,2017-08-22 00:00:00
CUST006739,Loyal,Social,REP006,2017-10-29 07:11:31,2018-07-01 09:00:34
CUST006740,Inactive,Email,REP017,2018-01-01 07:55:59,2018-01-01 07:55:59
CUST006741,Inactive,Social,REP028,2017-05-20 00:00:00,2017-05-20 00:00:00
CUST006742,Regular,Paid Search,REP014,2017-06-28 10:45:59,2017-09-02 18:09:36
CUST006743,Regular,Referral,REP023,2017-05-05 13:17:12,2018-05-19 11:00:07
CUST006744,Regular,Email,REP008,2017-01-26 01:17:48,2017-04-02 03:58:42
CUST006745,Regular,Marketplace,REP009,2017-11-11 10:58:45,2018-02-20 03:42:17
CUST006746,New,Referral,REP010,2018-07-29 15:54:52,2018-07-29 15:54:52
CUST006747,New,Paid Search,REP010,2018-08-01 11:28:43,2018-08-01 11:28:43
CUST006748,Loyal,Marketplace,REP001,2017-04-01 20:06:48,2018-02-23 19:42:54
CUST006749,Inactive,Paid Search,REP017,2017-12-20 00:00:00,2017-12-20 00:00:00
CUST006750,Inactive,Referral,REP030,2017-07-03 07:27:08,2017-07-03 07:27:08
CUST006751,VIP,Organic,REP028,2017-04-21 08:39:23,2018-07-18 17:26:27
CUST006752,Inactive,Social,REP007,2017-02-21 00:00:00,2017-02-21 00:00:00
CUST006753,Inactive,Organic,REP024,2017-10-12 14:14:27,2017-10-12 14:14:27
CUST006754,Loyal,Email,REP001,2017-03-16 04:38:26,2018-04-25 11:49:34
CUST006755,Loyal,Organic,REP003,2017-02-17 14:57:04,2017-08-19 08:25:10
CUST006756,Regular,Email,REP003,2018-04-06 06:38:48,2018-07-05 18:01:29
CUST006757,New,Marketplace,REP023,2018-06-22 10:49:20,2018-06-22 10:49:20
CUST006758,Loyal,Organic,REP020,2017-07-27 07:32:35,2018-07-29 13:53:48
CUST006759,Regular,Social,REP001,2017-08-24 07:01:08,2018-02-14 03:49:53
CUST006760,Regular,Email,REP005,2017-05-13 11:08:43,2017-05-14 17:36:46
CUST006761,Loyal,Email,REP024,2017-02-04 02:03:30,2018-07-12 13:19:11
CUST006762,Loyal,Paid Search,REP013,2017-04-16 21:11:04,2018-09-02 02:50:50
CUST006763,Regular,Referral,REP009,2017-04-05 05:40:52,2018-03-10 00:51:36
CUST006764,Loyal,Marketplace,REP009,2017-02-10 17:49:55,2018-03-22 03:44:34
CUST006765,Loyal,Social,REP011,2017-02-10 15:08:12,2018-07-17 12:30:03
CUST006766,Inactive,Referral,REP001,2017-06-04 00:00:00,2017-06-04 00:00:00
CUST006767,New,Social,REP021,2018-06-23 09:15:48,2018-06-23 09:15:48
CUST006768,Loyal,Marketplace,REP001,2017-07-14 15:34:38,2018-03-11 03:21:55
CUST006769,Regular,Social,REP025,2017-09-20 04:10:24,2017-10-14 03:02:13
CUST006770,Regular,Organic,REP009,2017-10-24 00:16:19,2018-06-05 23:08:23
CUST006771,VIP,Social,REP017,2017-02-08 17:15:01,2018-04-27 20:47:13
CUST006772,Inactive,Email,REP013,2017-04-08 05:05:14,2017-04-08 05:05:14
CUST006773,Loyal,Referral,REP029,2017-11-18 02:29:32,2018-09-23 09:41:47
CUST006774,Inactive,Organic,REP012,2017-04-11 08:35:52,2017-04-11 08:35:52
CUST006775,New,Organic,REP021,2018-06-13 00:58:22,2018-06-13 00:58:22
CUST006776,Regular,Email,REP005,2017-08-30 00:12:43,2018-03-16 05:14:42
CUST006777,Regular,Social,REP010,2017-01-09 22:05:38,2018-01-28 10:38:10
CUST006778,Loyal,Organic,REP018,2017-03-29 17:13:06,2018-06-23 17:57:51
CUST006779,New,Organic,REP028,2018-05-24 17:58:41,2018-05-24 17:58:41
CUST006780,Regular,Email,REP026,2018-02-02 03:05:01,2018-06-16 08:12:08
CUST006781,Inactive,Organic,REP006,2017-12-06 13:50:07,2017-12-06 13:50:07
CUST006782,Regular,Organic,REP013,2017-02-16 20:28:51,2017-04-19 22:39:25
CUST006783,Inactive,Social,REP007,2017-02-13 00:00:00,2017-02-13 00:00:00
CUST006784,VIP,Social,REP026,2017-02-14 00:29:13,2018-08-24 02:06:08
CUST006785,Regular,Social,REP011,2017-08-10 21:43:52,2018-09-03 10:24:21
CUST006786,Loyal,Email,REP014,2017-05-16 16:19:18,2018-08-10 03:01:21
CUST006787,Loyal,Referral,REP002,2017-05-14 21:00:03,2018-05-04 09:25:16
CUST006788,Regular,Email,REP014,2017-09-29 10:00:15,2017-11-27 11:21:29
CUST006789,Regular,Social,REP016,2017-10-28 15:48:29,2018-08-23 04:40:23
CUST006790,Loyal,Social,REP025,2017-02-16 15:50:40,2018-03-10 17:54:49
CUST006791,Inactive,Marketplace,REP010,2017-09-02 13:35:43,2017-09-02 13:35:43
CUST006792,Loyal,Social,REP005,2017-06-15 18:51:36,2018-07-28 02:29:37
CUST006793,Loyal,Organic,REP020,2017-01-09 16:06:40,2018-05-31 08:15:27
CUST006794,Loyal,Social,REP026,2017-03-23 15:02:14,2017-08-10 12:10:55
CUST006795,Regular,Email,REP010,2017-02-27 04:12:54,2017-05-03 17:05:10
CUST006796,Regular,Email,REP019,2017-06-05 20:42:36,2018-04-11 01:00:57
CUST006797,Loyal,Organic,REP021,2017-10-27 23:55:05,2018-03-28 17:47:20
CUST006798,Inactive,Social,REP005,2017-07-03 08:31:49,2017-07-03 08:31:49
CUST006799,Loyal,Referral,REP012,2017-03-27 07:28:23,2018-07-18 02:28:27
CUST006800,Inactive,Paid Search,REP010,2017-03-04 09:58:22,2017-03-04 09:58:22
CUST006801,Regular,Organic,REP028,2017-01-23 23:23:42,2018-01-28 03:51:43
CUST006802,Inactive,Marketplace,REP017,2017-07-14 00:00:00,2017-07-14 00:00:00
CUST006803,Loyal,Organic,REP006,2017-01-21 19:07:19,2018-02-19 08:52:20
CUST006804,Regular,Organic,REP020,2018-02-28 02:30:08,2018-03-11 20:35:16
CUST006805,Loyal,Social,REP018,2017-05-09 02:40:10,2018-06-17 19:32:44
CUST006806,Loyal,Referral,REP029,2017-01-21 00:32:12,2018-04-26 01:15:01
CUST006807,Inactive,Social,REP013,2017-05-13 15:12:29,2017-05-13 15:12:29
CUST006808,Regular,Referral,REP014,2017-10-23 07:19:31,2018-05-13 15:02:38
CUST006809,Regular,Referral,REP010,2018-02-10 08:03:01,2018-03-16 08:28:57
CUST006810,Inactive,Marketplace,REP011,2017-08-05 14:36:19,2017-08-05 14:36:19
CUST006811,Loyal,Social,REP010,2017-05-05 07:26:30,2017-12-13 16:52:56
CUST006812,Regular,Social,REP013,2018-03-12 13:04:34,2018-06-28 02:05:53
CUST006813,Loyal,Referral,REP014,2017-01-15 04:11:34,2018-06-15 20:14:26
CUST006814,Loyal,Marketplace,REP007,2017-08-02 10:04:25,2018-09-20 12:39:36
CUST006815,Regular,Referral,REP021,2017-09-07 23:33:33,2017-11-19 07:14:08
CUST006816,Loyal,Email,REP019,2017-05-18 04:58:27,2018-07-28 20:32:14
CUST006817,Loyal,Paid Search,REP021,2017-02-25 15:29:23,2018-08-06 14:39:30
CUST006818,Loyal,Email,REP005,2017-09-19 03:57:22,2018-09-13 06:25:34
CUST006819,Loyal,Email,REP016,2017-01-04 07:25:59,2018-04-20 18:37:34
CUST006820,Regular,Organic,REP019,2017-05-30 21:45:48,2018-09-09 04:50:35
CUST006821,Inactive,Referral,REP009,2017-03-16 00:00:00,2017-03-16 00:00:00
CUST006822,New,Social,REP002,2018-09-09 05:53:15,2018-09-09 05:53:15
CUST006823,Loyal,Email,REP030,2018-04-14 16:42:04,2018-08-24 11:51:52
CUST006824,Regular,Referral,REP015,2017-06-03 06:38:30,2018-08-14 16:42:16
CUST006825,Loyal,Marketplace,REP004,2017-09-22 17:56:46,2018-09-16 18:30:45
CUST006826,Loyal,Social,REP016,2017-07-14 07:55:52,2018-05-11 10:23:03
CUST006827,Loyal,Social,REP016,2017-03-30 02:40:16,2018-03-16 20:33:32
CUST006828,Inactive,Social,REP026,2017-07-12 00:00:00,2017-07-12 00:00:00
CUST006829,Inactive,Paid Search,REP005,2017-12-16 06:40:17,2017-12-16 06:40:17
CUST006830,Inactive,Social,REP007,2017-03-28 05:56:32,2017-03-28 05:56:32
CUST006831,New,Referral,REP009,2018-05-20 04:49:51,2018-05-20 04:49:51
CUST006832,Loyal,Referral,REP006,2017-09-07 13:42:49,2018-09-21 11:52:43
CUST006833,Regular,Paid Search,REP008,2017-07-27 21:10:13,2018-05-11 04:23:30
CUST006834,Regular,Referral,REP013,2017-03-30 08:21:27,2017-10-17 13:30:13
CUST006835,Regular,Paid Search,REP024,2018-04-30 04:15:27,2018-08-23 06:08:48
CUST006836,Regular,Referral,REP013,2017-02-12 20:34:20,2017-02-14 01:31:26
CUST006837,Loyal,Organic,REP016,2017-10-10 11:15:43,2018-06-19 12:46:25
CUST006838,Inactive,Social,REP018,2017-03-01 00:22:49,2017-03-01 00:22:49
CUST006839,Inactive,Marketplace,REP015,2017-08-16 00:00:00,2017-08-16 00:00:00
CUST006840,Inactive,Paid Search,REP013,2017-10-18 16:27:34,2017-10-18 16:27:34
CUST006841,Regular,Organic,REP019,2018-03-14 02:30:29,2018-08-12 16:57:00
CUST006842,Regular,Paid Search,REP020,2017-09-13 09:43:20,2018-04-27 17:25:27
CUST006843,Loyal,Referral,REP029,2017-04-19 14:41:00,2017-10-28 05:05:50
CUST006844,Loyal,Paid Search,REP022,2017-02-21 02:52:26,2018-04-21 05:57:27
CUST006845,Loyal,Paid Search,REP013,2017-01-31 00:12:27,2017-11-01 09:39:00
CUST006846,Loyal,Social,REP029,2017-02-10 19:54:02,2018-08-13 08:12:39
CUST006847,Loyal,Paid Search,REP008,2017-06-02 21:04:22,2018-05-27 06:34:41
CUST006848,Loyal,Organic,REP017,2017-08-09 05:35:16,2018-04-19 15:59:17
CUST006849,Inactive,Marketplace,REP026,2017-04-26 00:00:00,2017-04-26 00:00:00
CUST006850,Inactive,Paid Search,REP024,2017-02-05 11:29:16,2017-02-05 11:29:16
CUST006851,Loyal,Social,REP026,2017-04-15 09:16:17,2018-03-04 21:45:21
CUST006852,Regular,Referral,REP004,2017-01-16 16:46:02,2017-07-06 08:23:58
CUST006853,Regular,Organic,REP019,2018-06-12 21:42:16,2018-09-07 23:19:40
CUST006854,Regular,Referral,REP005,2018-07-05 19:14:55,2018-08-11 08:31:41
CUST006855,Loyal,Referral,REP014,2017-01-07 16:00:31,2018-07-03 23:51:45
CUST006856,Regular,Marketplace,REP022,2018-07-02 20:00:57,2018-09-24 18:04:08
CUST006857,Inactive,Referral,REP001,2017-10-29 14:43:24,2017-10-29 14:43:24
CUST006858,Regular,Social,REP024,2018-03-28 04:05:36,2018-07-23 18:05:00
CUST006859,Loyal,Paid Search,REP013,2017-03-11 15:41:51,2018-03-29 12:09:29
CUST006860,Regular,Paid Search,REP009,2017-09-26 17:25:56,2017-10-14 14:03:25
CUST006861,Loyal,Organic,REP016,2017-06-21 17:37:49,2018-06-17 12:10:09
CUST006862,Loyal,Email,REP014,2017-09-07 03:07:06,2018-06-04 10:48:53
CUST006863,Loyal,Marketplace,REP001,2017-12-29 18:43:05,2018-08-21 12:18:36
CUST006864,Inactive,Social,REP019,2017-08-09 11:50:11,2017-08-09 11:50:11
CUST006865,Loyal,Paid Search,REP012,2017-04-02 22:10:32,2018-07-11 01:31:43
CUST006866,Regular,Paid Search,REP010,2017-01-07 03:39:14,2018-02-05 21:31:58
CUST006867,Loyal,Organic,REP019,2017-07-19 16:44:21,2018-02-05 16:45:23
CUST006868,Regular,Organic,REP007,2017-02-15 22:41:50,2017-07-30 16:08:21
CUST006869,Regular,Social,REP001,2017-10-05 09:15:06,2018-09-22 00:34:10
CUST006870,New,Referral,REP021,2018-06-17 05:45:36,2018-06-17 05:45:36
CUST006871,Loyal,Referral,REP013,2017-07-20 07:23:01,2018-08-07 20:36:30
CUST006872,Regular,Paid Search,REP022,2017-11-16 15:05:52,2018-07-17 00:40:19
CUST006873,Inactive,Social,REP002,2017-01-01 14:28:39,2017-01-01 14:28:39
CUST006874,Loyal,Social,REP001,2017-07-07 08:50:34,2018-05-24 20:30:20
CUST006875,Loyal,Email,REP006,2018-03-05 16:35:12,2018-07-13 05:24:26
CUST006876,VIP,Email,REP005,2017-01-28 13:23:50,2018-08-25 02:57:37
CUST006877,Loyal,Marketplace,REP021,2017-03-16 14:10:50,2018-09-02 05:36:02
CUST006878,Loyal,Paid Search,REP030,2017-10-24 01:01:07,2018-09-16 06:36:26
CUST006879,Inactive,Organic,REP003,2017-07-17 15:15:38,2017-07-17 15:15:38
CUST006880,Regular,Social,REP004,2017-10-25 06:15:22,2018-01-20 11:25:02
CUST006881,Loyal,Marketplace,REP014,2017-07-26 12:00:25,2018-06-04 09:38:21
CUST006882,Loyal,Paid Search,REP021,2017-11-30 20:56:22,2018-09-02 16:12:58
CUST006883,Regular,Email,REP019,2017-06-28 23:30:30,2017-11-15 01:22:22
CUST006884,Loyal,Referral,REP005,2018-02-03 21:15:56,2018-08-29 20:04:24
CUST006885,New,Email,REP024,2018-09-27 00:00:00,2018-09-27 00:00:00
CUST006886,New,Referral,REP030,2018-09-17 00:00:00,2018-09-17 00:00:00
CUST006887,Inactive,Organic,REP006,2018-02-11 03:45:36,2018-02-11 03:45:36
CUST006888,Loyal,Organic,REP002,2017-06-19 12:47:50,2018-05-11 10:03:04
CUST006889,Regular,Organic,REP030,2017-06-20 04:45:31,2018-09-15 17:30:40
CUST006890,Regular,Marketplace,REP029,2017-05-03 04:02:54,2018-08-09 09:39:03
CUST006891,Inactive,Marketplace,REP030,2018-01-24 08:47:33,2018-01-24 08:47:33
CUST006892,Loyal,Social,REP018,2017-04-04 12:49:12,2018-04-29 12:28:36
CUST006893,Loyal,Paid Search,REP024,2017-07-10 02:51:24,2018-07-08 05:13:07
CUST006894,Loyal,Social,REP013,2017-10-30 08:28:10,2018-02-11 17:41:47
CUST006895,New,Email,REP003,2018-09-19 00:18:16,2018-09-19 00:18:16
CUST006896,Regular,Email,REP004,2017-07-08 20:07:13,2018-02-10 14:35:37
CUST006897,Inactive,Social,REP013,2017-01-30 07:56:48,2017-01-30 07:56:48
CUST006898,Regular,Organic,REP026,2017-01-21 00:46:32,2017-07-25 04:10:35
CUST006899,Loyal,Organic,REP021,2017-02-27 14:23:48,2018-03-12 04:45:02
CUST006900,Loyal,Paid Search,REP004,2017-08-29 21:45:41,2017-11-03 16:54:52
CUST006901,Loyal,Social,REP027,2017-01-11 19:49:19,2018-05-07 23:12:17
CUST006902,Loyal,Email,REP030,2017-05-16 11:50:58,2018-04-08 11:00:21
CUST006903,VIP,Referral,REP010,2017-01-26 05:43:23,2018-02-04 01:30:34
CUST006904,Regular,Referral,REP019,2018-01-25 05:38:02,2018-08-18 13:55:44
CUST006905,Inactive,Organic,REP006,2017-06-07 11:48:36,2017-06-07 11:48:36
CUST006906,Loyal,Referral,REP014,2017-05-12 20:54:43,2018-08-15 06:47:09
CUST006907,Regular,Organic,REP010,2017-08-02 01:01:22,2018-02-15 18:34:40
CUST006908,Loyal,Paid Search,REP010,2017-11-23 11:32:15,2018-08-31 20:15:37
CUST006909,Regular,Social,REP026,2017-10-15 10:50:16,2018-04-15 22:21:21
CUST006910,Loyal,Marketplace,REP013,2017-01-02 01:50:16,2018-03-14 17:39:29
CUST006911,New,Marketplace,REP016,2018-04-02 09:50:02,2018-04-02 09:50:02
CUST006912,New,Marketplace,REP004,2018-06-24 21:02:23,2018-06-24 21:02:23
CUST006913,New,Email,REP006,2018-05-30 14:07:39,2018-05-30 14:07:39
CUST006914,Inactive,Paid Search,REP002,2017-09-14 04:50:51,2017-09-14 04:50:51
CUST006915,Inactive,Email,REP022,2017-12-28 17:26:26,2017-12-28 17:26:26
CUST006916,Regular,Marketplace,REP010,2018-01-06 07:27:40,2018-04-29 19:16:48
CUST006917,Loyal,Marketplace,REP013,2017-07-22 00:08:49,2018-04-18 08:35:26
CUST006918,Inactive,Email,REP016,2017-05-18 18:32:10,2017-05-18 18:32:10
CUST006919,New,Marketplace,REP023,2018-05-12 00:00:00,2018-05-12 00:00:00
CUST006920,Inactive,Referral,REP005,2017-10-29 00:38:28,2017-10-29 00:38:28
CUST006921,Loyal,Email,REP022,2017-01-21 03:29:32,2018-05-14 03:44:03
CUST006922,Loyal,Email,REP024,2017-01-11 15:27:46,2018-03-27 09:25:40
CUST006923,Loyal,Email,REP023,2017-01-15 04:58:47,2018-07-22 15:35:19
CUST006924,Inactive,Email,REP024,2017-04-16 00:00:00,2017-04-16 00:00:00
CUST006925,Regular,Email,REP021,2017-03-06 15:27:34,2018-06-28 14:24:19
CUST006926,New,Paid Search,REP009,2018-08-08 06:58:42,2018-08-08 06:58:42
CUST006927,Loyal,Paid Search,REP018,2017-08-06 14:35:51,2018-08-31 17:59:04
CUST006928,Inactive,Referral,REP004,2017-07-18 01:36:42,2017-07-18 01:36:42
CUST006929,New,Paid Search,REP027,2018-08-14 02:31:04,2018-08-14 02:31:04
CUST006930,Loyal,Email,REP030,2017-10-09 06:57:46,2018-08-25 12:35:57
CUST006931,Inactive,Organic,REP024,2017-01-12 10:51:22,2017-01-12 10:51:22
CUST006932,Inactive,Email,REP017,2017-01-12 16:41:47,2017-01-12 16:41:47
CUST006933,Loyal,Paid Search,REP007,2018-02-03 16:04:02,2018-06-27 20:37:05
CUST006934,New,Paid Search,REP021,2018-05-31 01:21:06,2018-05-31 01:21:06
CUST006935,Regular,Organic,REP030,2017-11-29 13:37:17,2017-12-14 02:36:57
CUST006936,Regular,Referral,REP021,2017-06-02 06:06:21,2017-07-06 10:09:49
CUST006937,Loyal,Paid Search,REP021,2017-07-23 12:16:46,2018-08-02 21:28:48
CUST006938,New,Social,REP015,2018-07-19 08:21:53,2018-07-19 08:21:53
CUST006939,Regular,Marketplace,REP002,2017-04-26 12:54:39,2017-05-23 09:27:01
CUST006940,New,Marketplace,REP025,2018-08-02 13:18:45,2018-08-02 13:18:45
CUST006941,New,Referral,REP010,2018-04-17 00:59:59,2018-04-17 00:59:59
CUST006942,Inactive,Email,REP004,2017-12-28 00:00:00,2017-12-28 00:00:00
CUST006943,Loyal,Paid Search,REP008,2017-08-23 14:15:19,2018-08-24 15:36:02
CUST006944,Regular,Paid Search,REP011,2017-12-17 20:31:25,2018-03-25 09:07:51
CUST006945,Regular,Referral,REP020,2018-03-25 23:48:39,2018-05-23 13:40:49
CUST006946,Inactive,Marketplace,REP020,2017-03-06 00:00:00,2017-03-06 00:00:00
CUST006947,Regular,Email,REP025,2017-07-15 10:25:19,2017-12-29 00:18:06
CUST006948,VIP,Paid Search,REP026,2017-02-24 23:03:48,2018-06-29 13:57:42
CUST006949,Loyal,Paid Search,REP028,2017-04-13 08:08:56,2018-05-15 19:22:47
CUST006950,Inactive,Referral,REP013,2017-04-13 19:13:19,2017-04-13 19:13:19
CUST006951,Loyal,Referral,REP022,2017-05-06 08:13:44,2017-10-02 14:09:26
CUST006952,Regular,Social,REP025,2017-07-29 07:57:07,2018-02-18 08:35:37
CUST006953,Regular,Paid Search,REP002,2017-04-11 06:46:42,2017-11-08 17:40:30
CUST006954,Regular,Organic,REP005,2017-07-17 04:01:36,2017-09-05 07:42:47
CUST006955,Inactive,Referral,REP008,2017-01-22 04:39:58,2017-01-22 04:39:58
CUST006956,Inactive,Social,REP008,2018-01-25 15:41:34,2018-01-25 15:41:34
CUST006957,Loyal,Referral,REP020,2018-03-17 03:22:30,2018-09-04 14:20:22
CUST006958,Loyal,Marketplace,REP021,2017-03-31 03:06:10,2017-10-15 02:04:29
CUST006959,Inactive,Organic,REP012,2017-12-17 00:00:00,2017-12-17 00:00:00
CUST006960,Loyal,Email,REP012,2017-02-17 13:15:19,2018-05-16 06:16:14
CUST006961,Inactive,Email,REP015,2017-09-15 09:54:03,2017-09-15 09:54:03
CUST006962,Loyal,Email,REP025,2017-01-05 03:28:40,2017-09-11 01:43:33
CUST006963,Loyal,Email,REP025,2017-02-21 22:37:40,2018-02-09 06:57:31
CUST006964,Loyal,Marketplace,REP025,2017-03-11 18:27:42,2018-08-05 18:58:57
CUST006965,Inactive,Social,REP006,2017-11-21 00:00:00,2017-11-21 00:00:00
CUST006966,Regular,Social,REP001,2017-06-04 11:43:54,2018-01-28 23:11:17
CUST006967,Inactive,Email,REP015,2018-02-21 07:19:42,2018-02-21 07:19:42
CUST006968,Loyal,Organic,REP005,2017-08-18 22:53:34,2018-04-30 00:15:41
CUST006969,New,Social,REP012,2018-04-12 00:00:00,2018-04-12 00:00:00
CUST006970,Regular,Email,REP013,2017-04-25 06:10:27,2017-05-27 22:23:03
CUST006971,Loyal,Social,REP025,2017-07-02 06:42:28,2018-08-29 22:43:16
CUST006972,Inactive,Email,REP002,2017-06-14 06:47:56,2017-06-14 06:47:56
CUST006973,Loyal,Marketplace,REP008,2017-12-06 07:46:27,2018-08-28 06:08:49
CUST006974,Regular,Organic,REP017,2017-01-29 02:51:49,2018-07-24 16:17:31
CUST006975,VIP,Organic,REP013,2017-06-04 10:22:30,2018-09-03 18:06:46
CUST006976,Regular,Email,REP006,2017-02-14 05:15:09,2018-06-21 07:33:25
CUST006977,Inactive,Social,REP022,2017-04-10 10:22:56,2017-04-10 10:22:56
CUST006978,Inactive,Marketplace,REP028,2018-01-01 10:45:33,2018-01-01 10:45:33
CUST006979,Loyal,Marketplace,REP012,2017-02-15 06:37:38,2017-10-30 11:02:56
CUST006980,Loyal,Organic,REP003,2017-06-30 15:41:31,2018-06-27 14:28:22
CUST006981,Regular,Email,REP029,2017-11-10 23:39:16,2018-02-28 13:49:17
CUST006982,Inactive,Email,REP028,2017-07-16 20:37:13,2017-07-16 20:37:13
CUST006983,Regular,Social,REP023,2017-05-14 12:57:48,2018-01-29 09:44:05
CUST006984,VIP,Paid Search,REP030,2017-02-21 01:50:11,2018-08-16 00:05:59
CUST006985,Loyal,Paid Search,REP003,2017-01-13 18:12:30,2018-09-22 14:38:52
CUST006986,Loyal,Referral,REP027,2017-07-22 19:46:27,2018-09-15 04:29:51
CUST006987,Loyal,Organic,REP012,2017-04-07 07:07:51,2018-09-08 23:28:40
CUST006988,Loyal,Organic,REP029,2017-03-02 02:31:57,2018-06-13 00:46:37
CUST006989,Loyal,Referral,REP022,2017-05-06 14:51:26,2018-09-04 08:29:38
CUST006990,Loyal,Referral,REP012,2017-01-06 04:17:25,2018-05-31 21:16:14
CUST006991,Inactive,Marketplace,REP028,2017-06-10 05:26:41,2017-06-10 05:26:41
CUST006992,Regular,Social,REP026,2017-03-10 08:12:01,2018-04-27 02:13:56
CUST006993,Loyal,Marketplace,REP030,2017-04-18 01:19:33,2018-06-12 02:59:38
CUST006994,Loyal,Paid Search,REP026,2017-02-25 18:55:48,2018-08-05 23:49:56
CUST006995,Loyal,Referral,REP009,2017-05-14 12:37:42,2018-05-07 19:09:25
CUST006996,Inactive,Organic,REP019,2017-03-10 02:26:05,2017-03-10 02:26:05
CUST006997,New,Organic,REP006,2018-09-02 00:00:00,2018-09-02 00:00:00
CUST006998,Inactive,Social,REP013,2017-10-28 16:00:06,2017-10-28 16:00:06
CUST006999,Loyal,Referral,REP003,2017-01-14 18:12:17,2018-07-12 17:09:43
CUST007000,Regular,Marketplace,REP017,2018-07-09 18:17:08,2018-07-16 00:57:58
CUST007001,Inactive,Referral,REP008,2017-04-29 02:50:26,2017-04-29 02:50:26
CUST007002,Loyal,Social,REP017,2017-01-10 01:50:20,2018-09-21 08:47:28
CUST007003,Inactive,Social,REP029,2018-03-15 11:19:28,2018-03-15 11:19:28
CUST007004,Loyal,Paid Search,REP024,2017-12-18 22:58:43,2018-09-16 09:21:46
CUST007005,Inactive,Marketplace,REP024,2018-03-18 00:00:00,2018-03-18 00:00:00
CUST007006,Inactive,Referral,REP025,2017-10-06 00:00:00,2017-10-06 00:00:00
CUST007007,Inactive,Email,REP007,2018-01-14 14:03:28,2018-01-14 14:03:28
CUST007008,Loyal,Referral,REP018,2017-07-17 18:25:59,2018-05-17 21:40:23
CUST007009,Loyal,Social,REP003,2017-02-14 17:22:35,2017-04-24 02:22:35
CUST007010,Loyal,Marketplace,REP025,2017-02-02 15:50:42,2018-08-31 08:00:31
CUST007011,Inactive,Referral,REP019,2017-05-25 08:58:10,2017-05-25 08:58:10
CUST007012,Loyal,Social,REP011,2017-09-12 03:34:35,2018-03-21 23:41:15
CUST007013,Regular,Organic,REP028,2018-02-21 11:24:31,2018-04-10 15:18:02
CUST007014,Loyal,Paid Search,REP001,2017-08-05 22:07:24,2018-09-12 09:45:34
CUST007015,Regular,Social,REP008,2018-01-22 16:18:00,2018-09-28 22:32:43
CUST007016,Regular,Paid Search,REP005,2017-12-30 15:16:09,2018-04-24 09:33:30
CUST007017,Loyal,Email,REP022,2017-08-22 06:41:24,2018-05-07 19:27:55
CUST007018,Loyal,Email,REP026,2017-02-22 09:03:07,2018-09-20 22:40:23
CUST007019,Regular,Paid Search,REP020,2017-06-14 16:24:14,2018-02-22 09:15:54
CUST007020,Loyal,Email,REP015,2017-07-17 02:26:43,2018-07-07 00:18:05
CUST007021,Inactive,Email,REP021,2017-11-05 14:52:05,2017-11-05 14:52:05
CUST007022,Loyal,Referral,REP007,2017-02-18 02:19:07,2018-07-04 11:24:31
CUST007023,Loyal,Email,REP020,2017-09-12 21:42:25,2018-03-05 08:44:53
CUST007024,Regular,Organic,REP009,2017-01-08 10:30:50,2017-10-04 20:42:01
CUST007025,Loyal,Email,REP023,2017-02-19 07:24:18,2017-08-03 09:44:50
CUST007026,Regular,Marketplace,REP018,2017-07-24 12:37:55,2017-08-17 16:46:52
CUST007027,Loyal,Referral,REP030,2017-08-09 09:11:35,2018-03-08 17:37:13
CUST007028,Loyal,Marketplace,REP017,2017-05-07 15:27:35,2018-01-27 07:43:47
CUST007029,New,Social,REP010,2018-04-06 00:37:49,2018-04-06 00:37:49
CUST007030,Regular,Referral,REP007,2017-08-28 11:10:02,2018-03-04 19:06:43
CUST007031,New,Referral,REP014,2018-06-19 04:27:18,2018-06-19 04:27:18
CUST007032,Regular,Email,REP012,2017-06-20 09:50:05,2017-08-08 03:23:47
CUST007033,Inactive,Organic,REP011,2017-09-18 11:07:22,2017-09-18 11:07:22
CUST007034,New,Paid Search,REP018,2018-06-30 00:00:00,2018-06-30 00:00:00
CUST007035,Loyal,Social,REP024,2017-02-01 23:24:16,2018-03-29 13:06:34
CUST007036,Regular,Email,REP015,2017-12-01 06:59:58,2017-12-16 13:34:27
CUST007037,Loyal,Paid Search,REP005,2017-03-26 13:01:56,2018-05-28 10:21:52
CUST007038,Loyal,Paid Search,REP002,2017-09-03 21:15:05,2018-09-01 12:46:05
CUST007039,New,Referral,REP016,2018-04-21 00:00:00,2018-04-21 00:00:00
CUST007040,Regular,Organic,REP016,2018-03-15 16:35:29,2018-07-08 19:57:04
CUST007041,Loyal,Referral,REP004,2017-01-29 11:31:57,2017-06-10 01:49:09
CUST007042,Loyal,Marketplace,REP013,2017-05-09 19:24:14,2018-06-06 20:02:07
CUST007043,Loyal,Organic,REP008,2017-01-03 12:38:24,2018-06-07 06:26:37
CUST007044,Loyal,Marketplace,REP021,2018-03-27 23:34:48,2018-09-16 02:00:26
CUST007045,Inactive,Organic,REP027,2017-10-23 00:00:00,2017-10-23 00:00:00
CUST007046,Inactive,Paid Search,REP024,2017-09-11 00:00:00,2017-09-11 00:00:00
CUST007047,Loyal,Paid Search,REP007,2017-02-03 08:17:54,2018-01-10 18:33:49
CUST007048,Loyal,Email,REP018,2017-04-02 10:47:59,2018-09-07 05:25:04
CUST007049,Inactive,Email,REP014,2018-01-15 00:00:00,2018-01-15 00:00:00
CUST007050,Inactive,Organic,REP016,2017-03-22 20:53:11,2017-03-22 20:53:11
CUST007051,Regular,Organic,REP005,2018-06-03 10:43:27,2018-06-09 20:08:53
CUST007052,Regular,Organic,REP004,2017-09-16 18:11:34,2018-09-06 18:24:37
CUST007053,Loyal,Marketplace,REP017,2017-02-14 12:00:45,2018-03-06 16:28:38
CUST007054,Inactive,Email,REP007,2017-05-04 00:00:00,2017-05-04 00:00:00
CUST007055,Loyal,Organic,REP009,2017-07-03 03:53:46,2018-05-31 01:04:10
CUST007056,Loyal,Social,REP025,2017-04-22 15:17:16,2018-09-04 12:16:39
CUST007057,Regular,Social,REP022,2017-05-18 11:22:34,2017-11-12 13:16:42
CUST007058,Regular,Email,REP028,2017-02-22 15:58:04,2018-07-08 20:56:23
CUST007059,Regular,Referral,REP011,2017-03-22 03:59:49,2018-08-06 17:47:46
CUST007060,Loyal,Email,REP025,2017-01-25 20:58:55,2018-08-07 06:02:51
CUST007061,Inactive,Marketplace,REP006,2017-01-28 17:19:25,2017-01-28 17:19:25
CUST007062,New,Referral,REP010,2018-06-26 23:37:54,2018-06-26 23:37:54
CUST007063,Regular,Social,REP027,2018-03-13 03:25:18,2018-08-06 20:30:20
CUST007064,New,Paid Search,REP012,2018-05-08 06:36:04,2018-05-08 06:36:04
CUST007065,Inactive,Social,REP007,2017-04-07 19:22:38,2017-04-07 19:22:38
CUST007066,Inactive,Organic,REP002,2017-08-06 13:45:04,2017-08-06 13:45:04
CUST007067,Inactive,Marketplace,REP009,2017-04-23 04:01:47,2017-04-23 04:01:47
CUST007068,New,Social,REP015,2018-07-21 08:11:48,2018-07-21 08:11:48
CUST007069,VIP,Social,REP005,2017-01-25 06:04:40,2018-01-16 16:22:13
CUST007070,Regular,Social,REP030,2017-01-03 23:04:20,2017-10-03 22:53:34
CUST007071,Loyal,Referral,REP023,2017-07-22 18:51:35,2018-08-01 06:33:55
CUST007072,Regular,Social,REP004,2017-10-24 09:47:04,2018-09-19 00:04:18
CUST007073,Inactive,Social,REP014,2017-01-10 09:20:06,2017-01-10 09:20:06
CUST007074,Regular,Social,REP006,2017-09-18 19:15:16,2017-11-20 11:44:27
CUST007075,Regular,Social,REP021,2017-01-27 07:51:56,2017-11-06 17:27:56
CUST007076,Regular,Marketplace,REP012,2018-04-21 21:14:09,2018-05-06 01:43:14
CUST007077,Regular,Referral,REP013,2017-08-13 21:29:52,2018-05-03 23:25:50
CUST007078,Regular,Social,REP021,2018-03-06 05:07:39,2018-04-21 16:48:58
CUST007079,Regular,Referral,REP025,2017-02-14 17:37:04,2017-11-08 03:26:35
CUST007080,Loyal,Paid Search,REP022,2017-09-17 14:45:05,2017-11-19 17:54:32
CUST007081,Inactive,Social,REP013,2017-10-23 00:00:00,2017-10-23 00:00:00
CUST007082,New,Marketplace,REP004,2018-06-29 20:28:25,2018-06-29 20:28:25
CUST007083,Loyal,Organic,REP020,2017-01-15 00:37:56,2018-03-08 22:18:36
CUST007084,VIP,Paid Search,REP026,2017-04-11 00:16:58,2018-06-26 04:15:31
CUST007085,Regular,Social,REP014,2017-04-17 18:39:23,2018-01-10 19:36:47
CUST007086,Loyal,Social,REP007,2017-08-22 12:07:20,2018-07-12 19:08:59
CUST007087,Inactive,Organic,REP005,2017-12-27 17:55:34,2017-12-27 17:55:34
CUST007088,New,Email,REP010,2018-07-30 00:00:00,2018-07-30 00:00:00
CUST007089,Inactive,Email,REP016,2017-12-07 00:00:53,2017-12-07 00:00:53
CUST007090,Loyal,Marketplace,REP010,2017-03-08 08:56:11,2018-06-12 12:28:55
CUST007091,Loyal,Organic,REP023,2017-12-14 23:41:45,2018-08-25 06:14:03
CUST007092,Loyal,Social,REP019,2017-04-22 22:26:29,2017-10-25 08:19:51
CUST007093,Loyal,Email,REP029,2017-04-17 09:14:51,2018-08-07 05:36:06
CUST007094,New,Social,REP004,2018-08-04 00:00:00,2018-08-04 00:00:00
CUST007095,Inactive,Paid Search,REP017,2018-02-19 00:00:00,2018-02-19 00:00:00
CUST007096,Regular,Marketplace,REP021,2018-06-19 06:22:34,2018-07-23 15:56:46
CUST007097,Loyal,Referral,REP010,2017-04-12 12:47:02,2018-02-03 00:40:59
CUST007098,Inactive,Marketplace,REP009,2017-03-27 18:24:48,2017-03-27 18:24:48
CUST007099,Inactive,Referral,REP026,2017-09-09 19:00:00,2017-09-09 19:00:00
CUST007100,New,Referral,REP025,2018-06-10 08:05:51,2018-06-10 08:05:51
CUST007101,Loyal,Paid Search,REP004,2017-01-12 15:46:33,2018-06-11 01:18:59
CUST007102,Loyal,Social,REP028,2017-01-07 20:14:24,2018-07-08 18:10:40
CUST007103,Regular,Social,REP019,2018-05-07 07:45:43,2018-07-15 23:29:10
CUST007104,Inactive,Organic,REP025,2017-06-14 14:59:53,2017-06-14 14:59:53
CUST007105,New,Marketplace,REP012,2018-09-05 00:25:57,2018-09-05 00:25:57
CUST007106,New,Referral,REP004,2018-09-24 14:08:03,2018-09-24 14:08:03
CUST007107,Loyal,Email,REP026,2017-09-03 23:59:32,2018-08-03 22:49:10
CUST007108,Loyal,Marketplace,REP001,2017-06-29 06:59:02,2018-07-31 04:20:13
CUST007109,Regular,Paid Search,REP021,2017-01-13 15:46:35,2017-07-24 08:24:23
CUST007110,Regular,Paid Search,REP012,2017-07-09 19:27:51,2018-01-13 05:24:02
CUST007111,Loyal,Paid Search,REP011,2017-11-05 08:54:11,2018-05-26 20:28:33
CUST007112,Loyal,Organic,REP002,2017-03-16 01:20:26,2018-03-14 02:04:46
CUST007113,Regular,Paid Search,REP001,2018-02-21 08:43:27,2018-06-25 21:49:02
CUST007114,Loyal,Email,REP002,2017-09-30 03:24:14,2018-07-06 13:35:59
CUST007115,Loyal,Organic,REP011,2017-01-16 12:55:02,2018-07-11 11:15:39
CUST007116,New,Social,REP026,2018-05-13 15:33:01,2018-05-13 15:33:01
CUST007117,Loyal,Marketplace,REP022,2017-04-30 09:45:47,2018-09-16 00:55:02
CUST007118,Inactive,Social,REP025,2017-06-24 16:14:07,2017-06-24 16:14:07
CUST007119,Loyal,Referral,REP009,2017-04-29 16:30:24,2018-07-16 09:54:52
CUST007120,Regular,Paid Search,REP025,2017-10-08 00:32:39,2018-01-05 12:00:27
CUST007121,Regular,Organic,REP013,2017-08-28 05:51:35,2018-03-21 01:52:46
CUST007122,Loyal,Organic,REP007,2017-03-15 17:10:17,2018-09-22 19:16:20
CUST007123,Loyal,Referral,REP013,2017-03-08 05:33:27,2017-10-31 12:47:42
CUST007124,Loyal,Referral,REP011,2017-04-27 22:54:59,2017-12-25 12:39:21
CUST007125,New,Referral,REP019,2018-07-04 08:10:52,2018-07-04 08:10:52
CUST007126,Loyal,Paid Search,REP015,2018-03-30 06:29:32,2018-07-20 17:56:32
CUST007127,Regular,Referral,REP007,2017-02-06 16:30:48,2017-06-27 09:38:18
CUST007128,New,Paid Search,REP020,2018-09-19 00:00:00,2018-09-19 00:00:00
CUST007129,Loyal,Paid Search,REP009,2017-07-06 12:42:15,2018-06-10 05:26:38
CUST007130,VIP,Email,REP030,2017-12-23 22:46:53,2018-02-05 19:55:57
CUST007131,Regular,Paid Search,REP011,2017-06-07 19:36:34,2018-07-10 07:41:58
CUST007132,Regular,Paid Search,REP020,2017-04-05 20:43:30,2017-05-12 07:09:42
CUST007133,Loyal,Referral,REP021,2018-05-21 09:10:55,2018-09-05 13:26:49
CUST007134,Loyal,Marketplace,REP001,2017-02-04 11:12:34,2017-09-28 01:56:56
CUST007135,Loyal,Referral,REP025,2017-03-14 13:56:57,2017-09-04 04:03:31
CUST007136,Regular,Email,REP023,2017-04-20 07:23:36,2018-08-14 03:29:20
CUST007137,Inactive,Paid Search,REP022,2017-08-18 11:54:59,2017-08-18 11:54:59
CUST007138,Loyal,Paid Search,REP015,2017-04-15 07:02:43,2018-05-17 23:51:28
CUST007139,Inactive,Organic,REP013,2017-10-28 00:00:00,2017-10-28 00:00:00
CUST007140,Loyal,Referral,REP018,2017-03-06 21:04:15,2018-05-09 02:56:07
CUST007141,Loyal,Social,REP023,2017-04-08 17:53:25,2018-06-19 19:54:57
CUST007142,Loyal,Social,REP023,2017-10-01 22:01:31,2018-03-22 15:17:56
CUST007143,Loyal,Marketplace,REP011,2017-02-24 09:30:35,2018-02-24 21:44:48
CUST007144,Inactive,Social,REP027,2017-08-09 00:00:00,2017-08-09 00:00:00
CUST007145,Inactive,Paid Search,REP004,2017-04-15 00:00:00,2017-04-15 00:00:00
CUST007146,Loyal,Marketplace,REP019,2017-05-19 02:21:15,2018-07-18 09:39:19
CUST007147,VIP,Social,REP001,2017-02-25 06:45:31,2018-08-16 02:12:12
CUST007148,Loyal,Referral,REP010,2017-03-25 03:09:43,2018-09-04 03:11:46
CUST007149,Loyal,Paid Search,REP010,2017-09-11 20:44:32,2018-08-13 16:16:21
CUST007150,Regular,Marketplace,REP029,2017-04-22 09:49:30,2017-10-16 19:35:04
CUST007151,Inactive,Email,REP018,2017-03-10 00:00:00,2017-03-10 00:00:00
CUST007152,Inactive,Marketplace,REP003,2017-07-04 02:04:29,2017-07-04 02:04:29
CUST007153,Regular,Organic,REP012,2017-04-03 08:54:37,2017-12-01 04:46:32
CUST007154,Loyal,Organic,REP016,2017-01-08 17:09:00,2018-02-18 22:40:19
CUST007155,Regular,Social,REP029,2017-06-07 08:43:46,2018-04-25 14:16:19
CUST007156,New,Referral,REP009,2018-09-02 00:00:00,2018-09-02 00:00:00
CUST007157,Regular,Social,REP004,2017-08-07 17:49:56,2018-02-22 11:59:28
CUST007158,Regular,Marketplace,REP008,2017-11-05 03:15:07,2018-07-17 22:24:41
CUST007159,Inactive,Paid Search,REP026,2017-10-11 09:12:06,2017-10-11 09:12:06
CUST007160,Loyal,Organic,REP012,2017-04-16 20:34:21,2018-06-03 20:07:44
CUST007161,Loyal,Paid Search,REP021,2017-01-27 10:06:14,2018-09-22 16:40:14
CUST007162,Regular,Organic,REP002,2017-03-14 03:49:01,2018-09-06 17:37:52
CUST007163,Inactive,Email,REP017,2018-02-20 22:07:18,2018-02-20 22:07:18
CUST007164,Loyal,Email,REP017,2017-03-03 13:41:59,2018-02-13 07:44:09
CUST007165,Regular,Organic,REP009,2017-01-09 15:10:02,2018-02-11 01:52:09
CUST007166,Inactive,Email,REP025,2017-12-30 01:35:26,2017-12-30 01:35:26
CUST007167,Loyal,Paid Search,REP009,2017-04-25 07:50:20,2018-09-19 04:09:49
CUST007168,Loyal,Paid Search,REP021,2017-07-28 14:40:33,2018-09-03 15:35:28
CUST007169,Loyal,Organic,REP021,2017-01-04 09:54:39,2017-11-25 16:30:21
CUST007170,Inactive,Referral,REP027,2017-03-25 00:00:00,2017-03-25 00:00:00
CUST007171,Loyal,Social,REP024,2017-01-26 01:46:57,2018-01-09 17:59:06
CUST007172,New,Paid Search,REP010,2018-04-30 02:47:57,2018-04-30 02:47:57
CUST007173,Inactive,Organic,REP027,2018-01-02 20:24:37,2018-01-02 20:24:37
CUST007174,Loyal,Marketplace,REP016,2018-03-12 21:44:11,2018-08-01 22:47:31
CUST007175,Loyal,Referral,REP001,2017-04-16 00:50:26,2018-02-01 03:30:08
CUST007176,Loyal,Marketplace,REP025,2017-04-25 13:54:08,2018-08-20 17:59:26
CUST007177,Loyal,Social,REP028,2017-03-25 18:15:54,2018-09-19 18:39:59
CUST007178,Inactive,Referral,REP003,2017-05-19 23:54:19,2017-05-19 23:54:19
CUST007179,Regular,Marketplace,REP017,2018-01-25 20:19:00,2018-04-09 11:36:40
CUST007180,Inactive,Marketplace,REP016,2017-02-05 04:35:45,2017-02-05 04:35:45
CUST007181,Regular,Marketplace,REP023,2017-07-22 23:21:09,2017-11-16 21:13:23
CUST007182,Inactive,Social,REP018,2017-10-03 22:18:50,2017-10-03 22:18:50
CUST007183,Loyal,Organic,REP010,2017-11-27 14:02:08,2018-07-16 23:17:52
CUST007184,Inactive,Email,REP019,2017-01-10 19:47:57,2017-01-10 19:47:57
CUST007185,Loyal,Email,REP009,2017-03-27 14:32:43,2018-09-17 00:05:53
CUST007186,Loyal,Paid Search,REP029,2017-07-15 06:27:49,2018-07-14 00:31:52
CUST007187,Regular,Paid Search,REP001,2017-12-04 10:55:24,2018-01-27 08:34:53
CUST007188,Regular,Paid Search,REP025,2017-04-06 01:55:58,2018-04-17 00:00:37
CUST007189,Loyal,Email,REP030,2017-03-09 23:37:00,2017-12-15 09:49:34
CUST007190,Inactive,Marketplace,REP012,2017-06-14 19:31:29,2017-06-14 19:31:29
CUST007191,Loyal,Paid Search,REP004,2017-02-27 14:12:46,2017-11-22 04:16:19
CUST007192,Regular,Paid Search,REP010,2017-12-24 09:07:02,2018-05-23 02:25:02
CUST007193,VIP,Social,REP013,2017-01-11 07:20:38,2018-05-05 06:38:40
CUST007194,Inactive,Marketplace,REP026,2017-02-23 15:36:31,2017-02-23 15:36:31
CUST007195,Regular,Paid Search,REP021,2017-01-11 01:36:19,2017-07-24 15:50:19
CUST007196,New,Marketplace,REP029,2018-09-13 04:59:30,2018-09-13 04:59:30
CUST007197,New,Organic,REP001,2018-05-19 13:19:08,2018-05-19 13:19:08
CUST007198,VIP,Referral,REP024,2017-02-24 16:49:22,2018-08-20 15:38:34
CUST007199,VIP,Paid Search,REP006,2017-09-09 18:59:59,2018-06-16 18:01:01
CUST007200,Inactive,Social,REP009,2017-08-25 23:53:12,2017-08-25 23:53:12
CUST007201,Regular,Email,REP022,2018-01-04 01:42:13,2018-06-28 13:26:22
CUST007202,Inactive,Social,REP006,2018-01-12 19:14:03,2018-01-12 19:14:03
CUST007203,New,Paid Search,REP016,2018-05-19 07:02:44,2018-05-19 07:02:44
CUST007204,Loyal,Email,REP002,2017-05-07 13:39:26,2017-11-13 00:14:06
CUST007205,Loyal,Paid Search,REP010,2017-01-07 09:10:51,2018-06-20 23:00:43
CUST007206,Regular,Paid Search,REP025,2018-06-16 08:37:45,2018-06-30 19:07:04
CUST007207,Loyal,Paid Search,REP026,2017-04-28 03:42:59,2018-09-03 08:29:32
CUST007208,Inactive,Paid Search,REP009,2017-11-06 18:15:21,2017-11-06 18:15:21
CUST007209,New,Email,REP023,2018-07-03 00:00:00,2018-07-03 00:00:00
CUST007210,Loyal,Paid Search,REP010,2017-11-17 02:48:31,2018-04-11 13:00:59
CUST007211,Loyal,Organic,REP010,2017-01-06 06:01:47,2018-06-29 10:45:59
CUST007212,Loyal,Marketplace,REP021,2017-06-21 07:40:37,2018-05-18 03:02:18
CUST007213,Inactive,Referral,REP006,2017-12-28 05:55:56,2017-12-28 05:55:56
CUST007214,Loyal,Referral,REP005,2017-05-16 07:36:50,2018-04-10 04:09:33
CUST007215,Loyal,Paid Search,REP022,2017-04-06 13:07:10,2017-09-24 17:56:45
CUST007216,Regular,Paid Search,REP029,2017-06-05 15:34:44,2018-02-05 23:37:11
CUST007217,Loyal,Email,REP021,2017-03-17 08:45:41,2018-04-28 02:52:03
CUST007218,Loyal,Referral,REP028,2017-11-17 07:48:29,2018-07-08 11:00:24
CUST007219,New,Paid Search,REP002,2018-05-30 22:09:36,2018-05-30 22:09:36
CUST007220,VIP,Email,REP006,2017-06-09 23:59:53,2018-07-11 07:57:53
CUST007221,Inactive,Social,REP003,2017-07-21 22:41:48,2017-07-21 22:41:48
CUST007222,Loyal,Marketplace,REP011,2017-01-28 23:21:38,2018-07-18 12:08:22
CUST007223,Loyal,Paid Search,REP030,2017-11-07 01:57:34,2018-05-03 19:54:34
CUST007224,Inactive,Referral,REP017,2017-03-02 22:23:54,2017-03-02 22:23:54
CUST007225,Inactive,Referral,REP022,2017-08-28 00:00:00,2017-08-28 00:00:00
CUST007226,New,Marketplace,REP027,2018-04-13 03:02:56,2018-04-13 03:02:56
CUST007227,Loyal,Marketplace,REP012,2017-10-27 23:24:58,2018-05-27 03:13:17
CUST007228,Loyal,Social,REP004,2017-07-19 18:31:11,2018-05-30 18:46:29
CUST007229,Loyal,Referral,REP013,2017-08-26 13:45:11,2018-06-26 19:11:35
CUST007230,Loyal,Email,REP015,2017-03-11 16:16:01,2018-01-13 06:41:15
CUST007231,VIP,Email,REP023,2017-01-10 11:18:21,2018-06-15 17:47:32
CUST007232,Loyal,Social,REP002,2017-08-11 02:11:40,2018-06-17 06:17:47
CUST007233,Inactive,Paid Search,REP026,2017-12-05 20:29:24,2017-12-05 20:29:24
CUST007234,Loyal,Social,REP024,2017-02-02 05:08:01,2018-06-27 04:25:49
CUST007235,Regular,Referral,REP001,2017-02-23 07:27:02,2017-05-29 03:52:55
CUST007236,Loyal,Social,REP001,2017-12-02 18:17:58,2018-01-29 22:56:44
CUST007237,Inactive,Paid Search,REP004,2017-10-01 01:52:12,2017-10-01 01:52:12
CUST007238,Regular,Marketplace,REP018,2017-11-18 18:34:16,2018-02-26 18:39:24
CUST007239,Inactive,Referral,REP023,2017-07-05 07:21:11,2017-07-05 07:21:11
CUST007240,Loyal,Email,REP001,2017-02-07 09:27:01,2018-09-14 22:43:14
CUST007241,Inactive,Email,REP011,2017-03-27 17:19:54,2017-03-27 17:19:54
CUST007242,Regular,Referral,REP025,2017-09-20 12:03:47,2018-01-16 15:30:57
CUST007243,Loyal,Paid Search,REP021,2017-06-03 04:39:03,2018-09-04 01:29:40
CUST007244,Inactive,Social,REP020,2017-03-06 13:50:52,2017-03-06 13:50:52
CUST007245,Loyal,Paid Search,REP030,2017-04-01 19:36:53,2018-01-29 10:43:30
CUST007246,Loyal,Marketplace,REP018,2017-08-14 02:58:04,2018-08-17 11:06:54
CUST007247,Regular,Organic,REP027,2017-03-02 22:41:18,2018-08-03 14:44:29
CUST007248,Loyal,Email,REP006,2017-06-04 07:10:48,2017-11-20 01:47:07
CUST007249,Regular,Paid Search,REP014,2018-02-12 14:08:31,2018-07-27 10:27:27
CUST007250,Regular,Paid Search,REP002,2017-10-23 05:57:48,2018-01-01 02:24:49
CUST007251,Loyal,Marketplace,REP011,2017-02-12 20:00:34,2018-04-27 10:38:00
CUST007252,Loyal,Organic,REP020,2017-05-21 05:31:55,2018-04-29 08:54:18
CUST007253,Inactive,Paid Search,REP007,2017-07-19 21:26:33,2017-07-19 21:26:33
CUST007254,Loyal,Marketplace,REP023,2017-07-28 13:42:35,2018-09-22 10:24:21
CUST007255,Inactive,Organic,REP024,2017-12-07 22:22:32,2017-12-07 22:22:32
CUST007256,New,Referral,REP024,2018-08-28 00:00:00,2018-08-28 00:00:00
CUST007257,Regular,Referral,REP003,2017-09-26 13:48:00,2017-10-16 10:29:11
CUST007258,Loyal,Email,REP003,2017-04-20 12:42:47,2018-05-09 10:28:58
CUST007259,Regular,Marketplace,REP017,2017-01-23 04:49:31,2017-09-28 21:18:43
CUST007260,Loyal,Organic,REP015,2017-12-25 04:02:36,2018-03-18 06:31:20
CUST007261,Regular,Marketplace,REP013,2017-07-08 06:46:21,2018-01-10 07:42:28
CUST007262,Inactive,Marketplace,REP014,2017-12-04 07:47:37,2017-12-04 07:47:37
CUST007263,Regular,Email,REP002,2017-12-14 18:33:49,2018-02-08 17:30:51
CUST007264,New,Email,REP002,2018-07-29 06:08:14,2018-07-29 06:08:14
CUST007265,Regular,Referral,REP018,2017-09-15 19:52:49,2018-06-18 16:05:06
CUST007266,Inactive,Referral,REP006,2017-07-17 00:05:26,2017-07-17 00:05:26
CUST007267,Regular,Social,REP016,2018-08-21 22:38:35,2018-08-26 08:15:41
CUST007268,Loyal,Social,REP018,2017-11-10 13:22:22,2018-05-05 13:53:16
CUST007269,Inactive,Email,REP021,2017-08-05 09:08:40,2017-08-05 09:08:40
CUST007270,Regular,Referral,REP015,2017-10-17 06:30:43,2018-09-19 20:32:38
CUST007271,Regular,Marketplace,REP010,2018-03-27 07:40:02,2018-06-03 00:54:28
CUST007272,Loyal,Social,REP012,2017-01-01 11:11:37,2018-04-25 04:45:14
CUST007273,Loyal,Organic,REP021,2017-07-25 06:12:49,2018-01-20 21:39:26
CUST007274,Loyal,Organic,REP007,2018-02-23 01:05:48,2018-08-19 07:51:37
CUST007275,Regular,Organic,REP027,2018-02-19 20:33:23,2018-08-21 00:13:47
CUST007276,New,Referral,REP010,2018-05-01 00:00:00,2018-05-01 00:00:00
CUST007277,Inactive,Social,REP030,2018-03-29 20:02:30,2018-03-29 20:02:30
CUST007278,Inactive,Social,REP029,2017-01-17 06:55:51,2017-01-17 06:55:51
CUST007279,Loyal,Organic,REP019,2017-02-14 10:40:45,2018-09-25 01:42:06
CUST007280,New,Organic,REP020,2018-08-01 02:33:16,2018-08-01 02:33:16
CUST007281,Regular,Referral,REP012,2017-12-15 13:51:29,2018-05-12 06:21:38
CUST007282,Loyal,Referral,REP013,2017-01-16 03:07:33,2018-07-14 07:48:40
CUST007283,Regular,Paid Search,REP011,2017-11-05 03:46:10,2017-11-08 13:52:10
CUST007284,Loyal,Paid Search,REP022,2017-03-06 11:36:26,2018-02-21 12:12:06
CUST007285,Inactive,Marketplace,REP024,2018-01-31 10:52:45,2018-01-31 10:52:45
CUST007286,Loyal,Referral,REP013,2017-04-23 02:55:59,2018-03-12 23:59:41
CUST007287,Inactive,Marketplace,REP010,2017-11-30 13:03:58,2017-11-30 13:03:58
CUST007288,Inactive,Marketplace,REP021,2017-09-19 09:26:44,2017-09-19 09:26:44
CUST007289,New,Social,REP022,2018-04-24 23:29:52,2018-04-24 23:29:52
CUST007290,Regular,Organic,REP026,2017-06-24 18:37:54,2018-07-24 00:29:08
CUST007291,Regular,Organic,REP014,2018-04-21 20:28:38,2018-06-29 16:34:34
CUST007292,Loyal,Organic,REP028,2017-04-22 04:19:14,2018-08-09 00:07:39
CUST007293,Loyal,Organic,REP005,2017-10-13 11:29:43,2018-07-30 01:50:21
CUST007294,Inactive,Organic,REP023,2018-01-07 09:44:21,2018-01-07 09:44:21
CUST007295,Loyal,Marketplace,REP029,2017-04-15 22:00:56,2018-04-16 14:09:14
CUST007296,Loyal,Paid Search,REP022,2017-01-13 14:23:49,2017-11-12 09:42:24
CUST007297,Regular,Paid Search,REP027,2017-07-02 18:15:59,2018-04-04 16:19:12
CUST007298,Regular,Referral,REP019,2017-04-20 02:40:30,2018-04-18 05:09:16
CUST007299,Loyal,Organic,REP013,2017-03-31 18:38:01,2018-06-09 04:16:02
CUST007300,Loyal,Social,REP022,2017-05-16 09:21:57,2018-03-01 00:51:30
CUST007301,Loyal,Referral,REP016,2017-04-11 22:52:11,2018-05-19 06:31:18
CUST007302,Inactive,Organic,REP020,2017-09-04 23:23:02,2017-09-04 23:23:02
CUST007303,Inactive,Marketplace,REP008,2017-03-21 06:26:28,2017-03-21 06:26:28
CUST007304,Loyal,Organic,REP027,2017-03-16 18:03:24,2018-05-30 05:49:40
CUST007305,Inactive,Referral,REP008,2017-10-14 00:00:00,2017-10-14 00:00:00
CUST007306,Loyal,Email,REP021,2017-05-12 08:27:43,2018-08-03 02:31:49
CUST007307,Loyal,Marketplace,REP009,2017-01-13 03:12:44,2017-06-20 11:03:51
CUST007308,Inactive,Referral,REP021,2017-07-30 00:00:00,2017-07-30 00:00:00
CUST007309,New,Referral,REP016,2018-09-22 00:00:00,2018-09-22 00:00:00
CUST007310,Inactive,Social,REP020,2017-05-12 22:26:17,2017-05-12 22:26:17
CUST007311,Regular,Paid Search,REP018,2017-05-13 09:21:12,2017-11-11 15:52:53
CUST007312,Inactive,Social,REP010,2017-10-15 00:00:00,2017-10-15 00:00:00
CUST007313,Loyal,Referral,REP012,2017-07-30 19:43:00,2018-09-28 20:24:58
CUST007314,Loyal,Email,REP023,2017-06-26 02:36:34,2018-06-28 02:15:18
CUST007315,Loyal,Marketplace,REP012,2017-01-22 07:18:35,2018-09-23 10:05:18
CUST007316,Regular,Organic,REP001,2017-03-25 10:51:21,2018-07-18 12:33:02
CUST007317,Loyal,Social,REP024,2018-04-08 12:21:54,2018-05-25 19:17:09
CUST007318,Inactive,Organic,REP009,2017-04-25 00:00:00,2017-04-25 00:00:00
CUST007319,Inactive,Organic,REP015,2017-08-11 00:00:00,2017-08-11 00:00:00
CUST007320,Regular,Marketplace,REP015,2017-07-05 13:58:03,2018-03-16 13:30:51
CUST007321,Loyal,Social,REP029,2017-03-26 20:07:27,2018-06-05 23:26:41
CUST007322,Inactive,Organic,REP026,2017-10-20 00:00:00,2017-10-20 00:00:00
CUST007323,Regular,Referral,REP024,2017-04-28 21:18:27,2018-07-05 19:29:03
CUST007324,Loyal,Social,REP022,2017-04-05 23:31:55,2017-08-26 17:20:02
CUST007325,Regular,Referral,REP021,2018-01-18 14:20:30,2018-08-01 01:19:15
CUST007326,Regular,Paid Search,REP022,2017-06-10 03:36:10,2017-08-24 14:14:35
CUST007327,Inactive,Organic,REP013,2018-03-08 00:00:00,2018-03-08 00:00:00
CUST007328,Loyal,Paid Search,REP011,2017-01-09 06:04:05,2018-04-03 12:07:19
CUST007329,New,Email,REP026,2018-09-13 22:03:54,2018-09-13 22:03:54
CUST007330,Inactive,Social,REP022,2017-02-04 18:09:37,2017-02-04 18:09:37
CUST007331,Regular,Paid Search,REP026,2017-02-06 03:17:34,2017-12-09 12:10:50
CUST007332,New,Referral,REP021,2018-05-11 18:07:15,2018-05-11 18:07:15
CUST007333,Inactive,Paid Search,REP009,2017-09-08 19:37:13,2017-09-08 19:37:13
CUST007334,Inactive,Referral,REP013,2017-08-05 06:03:52,2017-08-05 06:03:52
CUST007335,Regular,Paid Search,REP011,2017-01-26 01:02:57,2018-08-11 09:32:00
CUST007336,Regular,Organic,REP009,2017-05-09 12:01:24,2018-04-23 00:04:51
CUST007337,Regular,Social,REP011,2017-08-10 03:37:47,2018-05-13 11:51:36
CUST007338,Inactive,Marketplace,REP004,2018-02-12 11:51:17,2018-02-12 11:51:17
CUST007339,Loyal,Marketplace,REP020,2017-02-03 21:19:39,2018-09-03 12:54:48
CUST007340,Loyal,Organic,REP013,2017-04-05 20:00:47,2018-07-29 08:20:00
CUST007341,Loyal,Email,REP013,2017-04-16 12:15:34,2018-06-21 15:54:16
CUST007342,Inactive,Email,REP023,2017-06-21 01:49:03,2017-06-21 01:49:03
CUST007343,Regular,Social,REP023,2018-08-08 15:07:02,2018-08-16 03:07:09
CUST007344,Regular,Marketplace,REP018,2017-07-27 03:54:24,2018-05-24 09:22:15
CUST007345,Inactive,Email,REP019,2017-08-01 12:12:50,2017-08-01 12:12:50
CUST007346,Regular,Referral,REP017,2017-09-19 10:40:46,2018-05-31 05:16:41
CUST007347,Inactive,Organic,REP020,2018-01-13 09:31:56,2018-01-13 09:31:56
CUST007348,New,Marketplace,REP016,2018-09-30 00:00:00,2018-09-30 00:00:00
CUST007349,Inactive,Social,REP015,2018-03-03 14:11:19,2018-03-03 14:11:19
CUST007350,Regular,Referral,REP026,2017-04-10 11:34:35,2017-07-12 09:46:34
CUST007351,Inactive,Paid Search,REP018,2017-10-07 06:55:10,2017-10-07 06:55:10
CUST007352,Inactive,Email,REP008,2017-01-09 14:03:12,2017-01-09 14:03:12
CUST007353,Loyal,Marketplace,REP023,2017-05-10 18:21:29,2018-07-10 16:05:01
CUST007354,New,Marketplace,REP008,2018-06-09 06:21:38,2018-06-09 06:21:38
CUST007355,Regular,Referral,REP018,2017-11-26 05:56:35,2018-01-10 03:18:59
CUST007356,Loyal,Paid Search,REP012,2017-06-17 00:09:03,2018-09-06 00:40:18
CUST007357,Inactive,Organic,REP009,2017-04-27 00:00:00,2017-04-27 00:00:00
CUST007358,Regular,Social,REP029,2017-02-04 05:10:15,2017-07-11 22:12:55
CUST007359,Loyal,Paid Search,REP018,2017-12-29 03:22:48,2018-09-14 17:02:08
CUST007360,Regular,Email,REP011,2017-07-10 00:17:50,2018-02-21 22:06:15
CUST007361,Loyal,Social,REP018,2017-03-15 03:10:32,2018-05-02 23:17:07
CUST007362,Loyal,Organic,REP030,2017-01-02 22:32:17,2018-06-11 20:44:35
CUST007363,Loyal,Paid Search,REP003,2017-01-10 17:18:32,2018-03-05 07:11:00
CUST007364,Loyal,Paid Search,REP030,2017-04-19 16:29:27,2017-06-27 22:46:09
CUST007365,Loyal,Organic,REP028,2017-07-29 22:01:32,2018-05-10 23:03:28
CUST007366,Loyal,Paid Search,REP030,2017-01-25 04:25:53,2018-07-04 00:24:16
CUST007367,Regular,Social,REP012,2017-07-18 18:48:15,2018-07-14 11:13:03
CUST007368,Inactive,Referral,REP021,2017-11-26 00:00:00,2017-11-26 00:00:00
CUST007369,Loyal,Social,REP020,2017-02-07 00:37:29,2018-04-01 02:44:51
CUST007370,Loyal,Social,REP020,2018-02-04 17:16:11,2018-06-17 03:37:00
CUST007371,Regular,Paid Search,REP025,2017-10-25 19:24:48,2018-05-18 06:01:58
CUST007372,Loyal,Organic,REP022,2017-02-04 04:04:10,2017-09-14 06:12:46
CUST007373,Loyal,Referral,REP014,2017-07-02 03:49:47,2018-04-23 18:09:57
CUST007374,Regular,Social,REP001,2017-09-23 09:00:06,2018-03-05 04:23:58
CUST007375,New,Organic,REP014,2018-09-05 04:06:23,2018-09-05 04:06:23
CUST007376,New,Email,REP029,2018-04-19 17:48:29,2018-04-19 17:48:29
CUST007377,VIP,Organic,REP009,2017-03-16 21:59:58,2018-09-11 11:38:04
CUST007378,Loyal,Referral,REP013,2017-05-08 14:27:56,2018-05-04 06:27:32
CUST007379,Inactive,Email,REP028,2018-02-18 18:45:34,2018-02-18 18:45:34
CUST007380,Loyal,Organic,REP021,2017-02-23 15:48:14,2018-08-14 16:42:23
CUST007381,Loyal,Paid Search,REP009,2017-01-27 19:00:54,2017-06-09 09:33:24
CUST007382,Regular,Marketplace,REP015,2017-05-16 18:17:20,2018-05-18 08:18:22
CUST007383,Loyal,Organic,REP014,2017-01-15 14:30:13,2018-02-25 06:05:10
CUST007384,Inactive,Paid Search,REP001,2017-09-26 09:04:35,2017-09-26 09:04:35
CUST007385,Regular,Email,REP007,2018-05-16 17:04:16,2018-08-28 06:58:10
CUST007386,Inactive,Paid Search,REP025,2017-12-19 19:41:28,2017-12-19 19:41:28
CUST007387,Loyal,Social,REP006,2017-03-09 08:01:29,2018-09-28 16:13:46
CUST007388,Loyal,Referral,REP028,2017-01-26 06:30:45,2017-10-16 09:52:54
CUST007389,Loyal,Paid Search,REP006,2017-03-25 08:29:11,2018-09-27 14:34:36
CUST007390,Regular,Paid Search,REP018,2017-10-07 13:19:38,2018-09-02 04:07:23
CUST007391,New,Paid Search,REP002,2018-08-11 14:26:03,2018-08-11 14:26:03
CUST007392,Inactive,Email,REP011,2018-03-21 20:35:57,2018-03-21 20:35:57
CUST007393,Regular,Referral,REP017,2018-02-19 09:05:03,2018-07-27 09:32:48
CUST007394,Loyal,Paid Search,REP021,2017-03-03 09:52:55,2018-02-04 01:01:35
CUST007395,Loyal,Email,REP011,2017-04-17 20:45:42,2018-07-17 11:42:44
CUST007396,Loyal,Marketplace,REP021,2017-02-05 13:23:07,2018-09-22 20:25:58
CUST007397,Regular,Social,REP010,2018-01-13 15:24:28,2018-09-13 05:48:29
CUST007398,Loyal,Organic,REP021,2017-01-03 13:56:38,2018-05-15 06:31:36
CUST007399,Regular,Paid Search,REP004,2017-02-06 18:30:51,2018-08-10 03:51:52
CUST007400,Loyal,Social,REP004,2017-04-08 07:19:38,2018-07-10 08:47:01
CUST007401,Inactive,Social,REP007,2017-05-09 10:24:18,2017-05-09 10:24:18
CUST007402,Inactive,Marketplace,REP001,2017-08-04 18:50:54,2017-08-04 18:50:54
CUST007403,Regular,Paid Search,REP009,2017-08-27 13:34:54,2018-08-07 15:22:32
CUST007404,Loyal,Email,REP001,2017-07-05 15:33:49,2017-12-24 23:37:50
CUST007405,Loyal,Marketplace,REP003,2017-03-06 21:30:35,2018-04-16 12:47:46
CUST007406,Regular,Social,REP008,2017-01-07 14:22:45,2017-08-13 17:43:16
CUST007407,Inactive,Referral,REP001,2018-01-09 04:33:31,2018-01-09 04:33:31
CUST007408,Loyal,Referral,REP005,2017-07-11 19:06:33,2018-05-30 02:37:16
CUST007409,Loyal,Social,REP010,2017-01-12 04:51:21,2018-09-15 20:45:07
CUST007410,New,Marketplace,REP018,2018-04-28 23:39:02,2018-04-28 23:39:02
CUST007411,Loyal,Social,REP003,2017-02-11 05:43:09,2017-11-04 22:42:15
CUST007412,Loyal,Paid Search,REP016,2017-07-20 11:32:51,2018-09-22 02:37:39
CUST007413,Inactive,Marketplace,REP011,2018-03-06 05:04:30,2018-03-06 05:04:30
CUST007414,Regular,Paid Search,REP020,2017-07-16 03:16:45,2018-09-06 19:41:37
CUST007415,Loyal,Marketplace,REP012,2017-11-22 10:29:15,2018-07-22 01:14:22
CUST007416,Loyal,Social,REP006,2017-09-11 18:43:26,2018-09-09 16:15:45
CUST007417,Inactive,Marketplace,REP017,2018-01-15 18:08:44,2018-01-15 18:08:44
CUST007418,VIP,Paid Search,REP012,2017-01-10 02:53:21,2018-05-17 23:15:20
CUST007419,Regular,Marketplace,REP014,2017-04-09 15:09:13,2017-08-08 04:48:19
CUST007420,Regular,Paid Search,REP022,2017-01-12 03:16:29,2017-07-22 05:44:53
CUST007421,Loyal,Email,REP005,2017-01-21 20:39:58,2018-06-25 06:38:22
CUST007422,Regular,Social,REP014,2017-11-25 03:54:23,2018-06-29 10:36:47
CUST007423,Regular,Referral,REP009,2017-04-02 00:21:15,2017-12-31 05:34:39
CUST007424,Loyal,Organic,REP008,2017-03-08 06:40:16,2018-08-09 19:53:12
CUST007425,Loyal,Marketplace,REP020,2017-12-01 21:46:33,2018-08-08 08:19:11
CUST007426,New,Marketplace,REP018,2018-05-08 23:22:32,2018-05-08 23:22:32
CUST007427,Inactive,Referral,REP024,2017-01-28 22:45:00,2017-01-28 22:45:00
CUST007428,New,Email,REP016,2018-05-28 06:41:52,2018-05-28 06:41:52
CUST007429,New,Organic,REP022,2018-05-03 05:42:10,2018-05-03 05:42:10
CUST007430,Loyal,Email,REP029,2017-06-08 07:02:17,2018-01-17 14:49:31
CUST007431,Regular,Paid Search,REP029,2017-08-25 08:00:04,2018-01-24 11:40:00
CUST007432,Regular,Marketplace,REP002,2017-08-22 17:47:42,2017-09-25 21:11:19
CUST007433,Loyal,Referral,REP021,2017-05-12 08:44:01,2018-08-28 12:30:14
CUST007434,Inactive,Marketplace,REP020,2017-07-11 05:28:14,2017-07-11 05:28:14
CUST007435,Inactive,Organic,REP025,2017-03-02 22:51:18,2017-03-02 22:51:18
CUST007436,Regular,Referral,REP008,2017-10-30 03:59:27,2018-04-30 22:45:33
CUST007437,VIP,Paid Search,REP004,2017-04-02 06:55:31,2018-08-24 13:21:01
CUST007438,Regular,Organic,REP009,2017-01-03 15:33:02,2018-08-03 13:26:19
CUST007439,Regular,Marketplace,REP019,2018-01-23 22:01:55,2018-04-03 04:51:56
CUST007440,Loyal,Marketplace,REP012,2017-04-08 23:26:46,2018-08-26 20:15:51
CUST007441,Loyal,Social,REP023,2018-01-01 16:31:38,2018-09-12 15:12:06
CUST007442,Inactive,Organic,REP027,2017-03-30 00:00:00,2017-03-30 00:00:00
CUST007443,Loyal,Referral,REP028,2017-01-30 22:47:54,2018-09-13 16:34:36
CUST007444,Loyal,Paid Search,REP020,2017-04-04 20:32:17,2018-07-22 09:23:43
CUST007445,Loyal,Paid Search,REP003,2017-06-03 16:08:29,2017-12-31 03:28:39
CUST007446,Regular,Social,REP015,2017-12-23 11:02:20,2018-07-05 21:57:07
CUST007447,New,Organic,REP015,2018-07-14 01:53:50,2018-07-14 01:53:50
CUST007448,Loyal,Email,REP021,2017-01-25 08:21:25,2018-03-22 23:43:44
CUST007449,Regular,Marketplace,REP028,2017-05-19 16:39:06,2018-05-15 08:51:12
CUST007450,New,Marketplace,REP011,2018-05-02 00:00:00,2018-05-02 00:00:00
CUST007451,Loyal,Paid Search,REP029,2017-04-18 01:21:03,2018-06-23 16:58:58
CUST007452,Inactive,Social,REP004,2017-05-08 23:12:30,2017-05-08 23:12:30
CUST007453,Regular,Paid Search,REP013,2017-06-10 15:15:08,2018-03-07 05:33:53
CUST007454,Regular,Marketplace,REP013,2018-06-01 08:41:53,2018-09-04 18:20:38
CUST007455,Loyal,Social,REP023,2017-07-02 14:06:08,2018-05-06 12:06:19
CUST007456,Regular,Paid Search,REP008,2017-05-27 06:09:04,2018-06-25 07:27:47
CUST007457,Regular,Marketplace,REP005,2017-05-30 04:09:26,2018-04-03 11:55:06
CUST007458,Inactive,Email,REP018,2017-12-29 13:10:55,2017-12-29 13:10:55
CUST007459,Loyal,Paid Search,REP018,2017-05-15 04:02:52,2018-07-17 22:03:12
CUST007460,Loyal,Email,REP023,2017-05-11 15:36:47,2018-09-02 07:21:28
CUST007461,New,Marketplace,REP004,2018-08-27 00:00:00,2018-08-27 00:00:00
CUST007462,Regular,Referral,REP010,2017-06-05 09:33:42,2018-04-28 04:14:53
CUST007463,Loyal,Email,REP014,2017-10-26 10:43:07,2018-05-28 02:21:48
CUST007464,Regular,Social,REP001,2017-02-01 03:24:00,2017-09-23 04:13:20
CUST007465,Regular,Organic,REP028,2017-04-30 16:36:51,2017-05-11 20:15:24
CUST007466,Loyal,Organic,REP020,2017-03-16 11:39:52,2018-06-28 00:41:19
CUST007467,Loyal,Referral,REP022,2017-04-30 05:40:27,2018-08-22 17:49:42
CUST007468,Loyal,Social,REP025,2017-01-26 05:16:57,2018-05-25 19:31:53
CUST007469,Inactive,Social,REP022,2017-06-01 00:00:00,2017-06-01 00:00:00
CUST007470,Regular,Social,REP018,2017-04-21 15:23:07,2018-07-03 21:26:03
CUST007471,Inactive,Social,REP024,2018-01-15 00:57:17,2018-01-15 00:57:17
CUST007472,Loyal,Organic,REP024,2017-07-01 06:34:40,2018-04-25 00:08:34
CUST007473,Inactive,Marketplace,REP011,2017-07-01 01:27:53,2017-07-01 01:27:53
CUST007474,Regular,Marketplace,REP015,2017-04-10 09:47:53,2018-02-14 10:35:41
CUST007475,Loyal,Social,REP022,2017-10-16 03:38:31,2018-05-03 19:17:43
CUST007476,Loyal,Referral,REP003,2017-04-18 07:01:49,2018-02-14 21:13:26
CUST007477,Regular,Referral,REP023,2017-12-22 10:49:47,2018-06-04 05:00:04
CUST007478,Loyal,Social,REP014,2018-02-03 00:00:15,2018-09-02 12:02:59
CUST007479,Loyal,Organic,REP022,2017-07-02 13:03:26,2018-02-02 23:30:14
CUST007480,Inactive,Email,REP014,2017-04-30 04:45:13,2017-04-30 04:45:13
CUST007481,Loyal,Marketplace,REP002,2018-01-17 02:19:46,2018-07-27 15:01:10
CUST007482,Regular,Referral,REP009,2018-01-17 12:25:07,2018-08-30 05:57:35
CUST007483,Loyal,Social,REP015,2017-04-30 16:17:36,2017-12-20 14:16:37
CUST007484,Inactive,Marketplace,REP022,2017-07-23 06:30:10,2017-07-23 06:30:10
CUST007485,Inactive,Referral,REP010,2017-02-15 05:11:59,2017-02-15 05:11:59
CUST007486,Regular,Email,REP014,2018-03-06 13:04:28,2018-03-18 17:31:46
CUST007487,Inactive,Social,REP026,2017-10-27 16:18:44,2017-10-27 16:18:44
CUST007488,Inactive,Paid Search,REP019,2017-11-17 11:39:46,2017-11-17 11:39:46
CUST007489,Loyal,Social,REP023,2017-03-03 13:02:51,2018-01-18 08:06:34
CUST007490,Regular,Referral,REP024,2017-10-15 19:53:57,2018-03-28 19:00:48
CUST007491,Regular,Social,REP012,2017-03-29 21:09:41,2017-07-28 12:50:13
CUST007492,Regular,Email,REP003,2017-04-03 10:33:21,2017-10-25 01:32:07
CUST007493,Inactive,Referral,REP007,2017-08-21 14:48:22,2017-08-21 14:48:22
CUST007494,New,Social,REP030,2018-05-26 00:00:00,2018-05-26 00:00:00
CUST007495,Inactive,Paid Search,REP013,2017-10-31 14:13:55,2017-10-31 14:13:55
CUST007496,Inactive,Organic,REP030,2018-01-07 11:02:51,2018-01-07 11:02:51
CUST007497,Inactive,Marketplace,REP004,2017-02-10 13:50:04,2017-02-10 13:50:04
CUST007498,New,Referral,REP028,2018-04-04 12:41:46,2018-04-04 12:41:46
CUST007499,Inactive,Organic,REP002,2017-07-21 15:41:06,2017-07-21 15:41:06
CUST007500,Inactive,Social,REP020,2017-08-09 14:30:43,2017-08-09 14:30:43
CUST007501,Loyal,Social,REP016,2017-01-16 23:33:22,2018-06-11 20:28:34
CUST007502,Loyal,Referral,REP022,2017-10-31 10:51:36,2018-04-01 07:41:51
CUST007503,Loyal,Paid Search,REP012,2017-05-21 17:54:57,2018-08-29 10:49:42
CUST007504,Loyal,Organic,REP010,2017-01-04 12:39:05,2018-09-08 14:25:46
CUST007505,Loyal,Referral,REP006,2017-04-13 13:51:31,2018-09-05 14:22:45
CUST007506,Loyal,Paid Search,REP006,2017-02-06 20:52:41,2018-02-23 06:29:16
CUST007507,Loyal,Marketplace,REP019,2017-03-12 18:57:26,2018-04-02 05:31:31
CUST007508,New,Organic,REP018,2018-04-27 11:11:38,2018-04-27 11:11:38
CUST007509,Regular,Referral,REP010,2017-06-23 23:27:43,2017-11-22 03:06:41
CUST007510,Loyal,Organic,REP014,2017-03-08 06:40:32,2018-06-24 22:05:02
CUST007511,Loyal,Email,REP021,2017-01-25 04:58:58,2017-04-25 03:01:37
CUST007512,Loyal,Social,REP013,2017-09-16 08:13:14,2018-05-19 05:49:31
CUST007513,Loyal,Paid Search,REP017,2017-07-09 19:04:41,2018-08-29 07:50:04
CUST007514,Loyal,Referral,REP003,2017-04-06 14:08:18,2018-09-17 09:21:52
CUST007515,Inactive,Referral,REP011,2017-10-11 00:00:00,2017-10-11 00:00:00
CUST007516,Regular,Paid Search,REP018,2017-07-11 15:55:37,2018-02-10 06:01:11
CUST007517,Regular,Organic,REP027,2017-01-07 19:15:48,2017-12-12 09:18:58
CUST007518,Regular,Paid Search,REP014,2017-05-31 03:18:58,2018-08-16 16:28:15
CUST007519,Loyal,Organic,REP013,2017-02-19 05:53:45,2017-12-25 19:13:43
CUST007520,Loyal,Referral,REP001,2017-06-26 13:58:46,2018-06-19 05:36:43
CUST007521,New,Paid Search,REP017,2018-06-09 16:13:24,2018-06-09 16:13:24
CUST007522,Loyal,Paid Search,REP003,2017-10-31 05:39:13,2018-09-03 11:58:58
CUST007523,Loyal,Paid Search,REP025,2017-01-16 19:13:20,2018-09-15 14:10:40
CUST007524,Regular,Marketplace,REP012,2017-05-11 11:10:36,2017-12-03 04:32:22
CUST007525,Loyal,Referral,REP015,2017-05-08 00:50:55,2017-12-23 10:50:06
CUST007526,Inactive,Social,REP008,2018-02-01 08:20:28,2018-02-01 08:20:28
CUST007527,Loyal,Organic,REP007,2017-03-14 17:33:49,2018-07-07 03:09:44
CUST007528,Loyal,Marketplace,REP027,2017-03-24 04:58:02,2018-06-23 21:39:36
CUST007529,Regular,Email,REP009,2017-11-06 04:01:49,2018-01-30 18:40:06
CUST007530,Regular,Marketplace,REP027,2017-03-12 16:21:10,2017-10-25 05:08:10
CUST007531,Loyal,Social,REP003,2017-05-06 14:18:37,2018-03-10 17:45:56
CUST007532,Regular,Referral,REP007,2017-03-19 16:35:16,2017-12-30 15:22:53
CUST007533,Regular,Marketplace,REP027,2017-03-09 09:32:25,2018-08-10 07:03:14
CUST007534,Inactive,Marketplace,REP018,2017-02-24 06:52:16,2017-02-24 06:52:16
CUST007535,Loyal,Referral,REP007,2017-01-21 21:21:45,2018-02-08 22:14:48
CUST007536,Regular,Email,REP021,2017-07-12 15:38:41,2018-07-25 20:52:11
CUST007537,VIP,Organic,REP020,2017-05-26 07:07:54,2018-08-04 17:08:16
CUST007538,Inactive,Organic,REP004,2017-06-28 00:00:00,2017-06-28 00:00:00
CUST007539,New,Email,REP023,2018-05-01 00:00:00,2018-05-01 00:00:00
CUST007540,Loyal,Email,REP028,2017-09-18 02:09:45,2018-02-27 16:49:20
CUST007541,Loyal,Organic,REP006,2017-04-17 19:08:17,2018-04-19 03:10:19
CUST007542,Loyal,Marketplace,REP030,2017-03-18 07:04:13,2017-04-12 08:55:03
CUST007543,Loyal,Referral,REP001,2017-04-25 00:21:38,2018-09-01 12:20:34
CUST007544,Regular,Paid Search,REP021,2017-05-05 23:52:17,2018-08-27 19:53:17
CUST007545,Loyal,Referral,REP028,2017-02-18 01:50:51,2018-03-22 17:37:24
CUST007546,Loyal,Social,REP003,2017-02-18 09:38:23,2018-05-05 21:08:19
CUST007547,Loyal,Social,REP005,2017-12-01 17:45:10,2018-05-11 22:29:48
CUST007548,Regular,Organic,REP007,2017-02-18 08:11:13,2017-07-26 12:59:20
CUST007549,Loyal,Paid Search,REP009,2017-12-24 12:31:09,2018-07-08 06:14:42
CUST007550,VIP,Organic,REP013,2017-08-15 04:42:59,2018-09-03 21:07:29
CUST007551,Loyal,Social,REP029,2017-10-29 14:27:35,2018-06-22 23:25:55
CUST007552,Loyal,Social,REP010,2017-01-09 17:57:18,2018-07-22 03:07:20
CUST007553,Loyal,Paid Search,REP004,2017-03-22 13:30:23,2018-05-01 21:55:52
CUST007554,Loyal,Marketplace,REP022,2017-07-19 03:20:31,2018-09-28 09:40:27
CUST007555,Loyal,Paid Search,REP010,2017-05-20 20:29:03,2018-03-23 21:18:32
CUST007556,Regular,Email,REP019,2018-05-01 11:47:54,2018-07-13 06:40:34
CUST007557,Loyal,Email,REP025,2017-06-23 00:50:55,2018-07-19 05:53:42
CUST007558,Loyal,Paid Search,REP006,2017-03-28 04:08:44,2017-08-14 18:52:16
CUST007559,Regular,Organic,REP008,2018-03-06 01:42:53,2018-07-31 10:40:38
CUST007560,Loyal,Referral,REP008,2018-05-02 07:01:25,2018-05-22 22:13:30
CUST007561,Loyal,Email,REP026,2017-04-02 06:53:59,2018-08-24 04:47:04
CUST007562,Loyal,Paid Search,REP018,2017-06-09 18:34:05,2017-12-10 17:00:58
CUST007563,New,Referral,REP025,2018-07-06 08:25:05,2018-07-06 08:25:05
CUST007564,Regular,Email,REP002,2017-03-27 12:41:20,2017-06-05 20:38:31
CUST007565,Regular,Referral,REP014,2017-06-04 18:57:04,2018-03-14 19:54:38
CUST007566,New,Social,REP011,2018-06-22 00:00:00,2018-06-22 00:00:00
CUST007567,Inactive,Marketplace,REP007,2017-11-07 11:48:50,2017-11-07 11:48:50
CUST007568,VIP,Email,REP001,2017-01-04 04:15:56,2018-07-15 16:09:31
CUST007569,Inactive,Social,REP004,2017-12-26 00:00:00,2017-12-26 00:00:00
CUST007570,Inactive,Organic,REP016,2017-10-04 12:19:08,2017-10-04 12:19:08
CUST007571,VIP,Marketplace,REP015,2017-12-17 00:59:40,2018-09-26 14:22:57
CUST007572,VIP,Referral,REP018,2017-02-10 21:33:18,2018-09-29 14:22:07
CUST007573,Inactive,Social,REP004,2017-09-15 23:48:12,2017-09-15 23:48:12
CUST007574,Regular,Marketplace,REP007,2017-08-06 10:52:55,2018-06-24 13:29:36
CUST007575,Inactive,Organic,REP001,2018-02-25 09:16:13,2018-02-25 09:16:13
CUST007576,VIP,Email,REP007,2017-01-19 05:57:21,2018-09-14 01:16:28
CUST007577,Loyal,Organic,REP012,2017-05-21 09:25:45,2017-10-08 02:10:17
CUST007578,Regular,Referral,REP014,2017-07-11 08:56:08,2017-10-13 03:31:56
CUST007579,Regular,Organic,REP008,2018-02-12 20:49:43,2018-04-21 22:11:10
CUST007580,Inactive,Marketplace,REP002,2017-10-09 00:00:00,2017-10-09 00:00:00
CUST007581,Loyal,Social,REP010,2017-02-22 05:03:17,2018-07-20 15:25:29
CUST007582,Loyal,Marketplace,REP015,2017-04-27 00:31:54,2018-07-06 22:10:49
CUST007583,New,Social,REP018,2018-04-09 04:48:28,2018-04-09 04:48:28
CUST007584,Regular,Organic,REP017,2017-04-23 17:15:26,2017-08-14 00:27:43
CUST007585,Loyal,Marketplace,REP017,2017-01-19 08:50:20,2018-07-26 01:37:17
CUST007586,Inactive,Social,REP007,2017-07-30 22:51:56,2017-07-30 22:51:56
CUST007587,Loyal,Marketplace,REP001,2017-03-07 08:37:34,2018-05-20 07:58:07
CUST007588,Regular,Referral,REP020,2017-03-22 22:47:24,2017-05-06 06:28:42
CUST007589,Regular,Email,REP001,2018-03-28 03:46:17,2018-06-15 00:56:26
CUST007590,Inactive,Paid Search,REP024,2017-01-19 00:00:00,2017-01-19 00:00:00
CUST007591,Regular,Organic,REP027,2018-05-22 05:43:05,2018-05-30 15:59:36
CUST007592,Loyal,Referral,REP021,2017-10-12 12:00:42,2018-09-17 23:54:59
CUST007593,New,Paid Search,REP002,2018-05-09 00:00:00,2018-05-09 00:00:00
CUST007594,Loyal,Paid Search,REP010,2017-01-25 06:47:59,2018-05-07 04:48:54
CUST007595,Regular,Paid Search,REP014,2017-05-16 03:17:55,2018-03-29 13:50:27
CUST007596,Inactive,Email,REP004,2018-02-06 00:00:00,2018-02-06 00:00:00
CUST007597,Regular,Marketplace,REP009,2017-10-23 21:24:46,2018-08-07 22:03:33
CUST007598,Regular,Organic,REP029,2017-12-02 01:16:11,2018-06-05 16:54:07
CUST007599,Loyal,Email,REP001,2017-05-16 05:16:00,2018-02-01 05:15:06
CUST007600,Regular,Referral,REP004,2017-06-14 00:05:10,2017-12-20 19:42:48
CUST007601,Inactive,Social,REP007,2018-01-25 01:31:46,2018-01-25 01:31:46
CUST007602,Regular,Referral,REP010,2018-05-18 15:47:23,2018-07-23 15:14:37
CUST007603,Loyal,Email,REP001,2018-05-23 16:25:05,2018-06-16 20:09:59
CUST007604,Regular,Social,REP022,2017-10-08 10:56:46,2018-06-17 22:23:57
CUST007605,Inactive,Email,REP017,2017-07-31 03:58:19,2017-07-31 03:58:19
CUST007606,Loyal,Email,REP006,2017-06-23 06:28:31,2018-09-03 18:29:47
CUST007607,Loyal,Marketplace,REP004,2017-08-09 05:18:59,2018-09-28 21:51:38
CUST007608,Loyal,Social,REP008,2017-05-18 19:49:26,2018-05-22 18:26:10
CUST007609,Inactive,Social,REP015,2017-10-09 00:00:00,2017-10-09 00:00:00
CUST007610,Loyal,Paid Search,REP011,2018-04-26 01:18:18,2018-08-31 22:06:25
CUST007611,New,Email,REP004,2018-08-11 16:22:46,2018-08-11 16:22:46
CUST007612,Loyal,Marketplace,REP028,2017-01-18 15:20:35,2018-05-29 21:17:53
CUST007613,Loyal,Social,REP025,2018-01-24 14:13:15,2018-06-28 20:20:59
CUST007614,Loyal,Referral,REP014,2017-05-27 06:58:08,2018-03-09 15:01:02
CUST007615,Inactive,Marketplace,REP014,2017-01-20 12:17:44,2017-01-20 12:17:44
CUST007616,Regular,Social,REP025,2017-01-22 01:14:30,2017-04-19 16:54:49
CUST007617,Inactive,Referral,REP025,2018-02-16 00:00:00,2018-02-16 00:00:00
CUST007618,Regular,Email,REP016,2017-01-10 09:31:29,2017-05-14 09:03:34
CUST007619,Regular,Paid Search,REP030,2017-06-01 23:10:02,2018-02-19 06:15:42
CUST007620,Inactive,Marketplace,REP006,2017-01-10 00:00:00,2017-01-10 00:00:00
CUST007621,Loyal,Paid Search,REP004,2017-05-21 23:03:09,2018-01-31 23:47:26
CUST007622,Loyal,Email,REP007,2017-11-15 03:33:04,2018-09-24 05:55:50
CUST007623,Regular,Paid Search,REP028,2017-10-22 19:54:03,2018-03-31 18:44:44
CUST007624,Loyal,Marketplace,REP012,2017-04-27 23:56:51,2018-08-23 03:56:09
CUST007625,Loyal,Email,REP024,2017-05-29 20:01:28,2018-08-05 11:42:27
CUST007626,Inactive,Paid Search,REP028,2017-01-29 20:46:19,2017-01-29 20:46:19
CUST007627,Loyal,Organic,REP024,2017-12-03 03:59:12,2018-09-19 07:23:36
CUST007628,Regular,Marketplace,REP014,2017-05-04 13:27:18,2017-06-21 07:16:04
CUST007629,Loyal,Email,REP019,2017-05-04 20:14:15,2018-06-28 01:38:33
CUST007630,New,Social,REP023,2018-07-24 11:16:37,2018-07-24 11:16:37
CUST007631,Inactive,Social,REP026,2017-03-09 14:58:52,2017-03-09 14:58:52
CUST007632,Inactive,Referral,REP028,2018-02-26 16:29:09,2018-02-26 16:29:09
CUST007633,Regular,Marketplace,REP015,2017-04-01 18:23:38,2017-12-18 21:52:21
CUST007634,Inactive,Referral,REP019,2018-03-27 00:00:00,2018-03-27 00:00:00
CUST007635,Inactive,Social,REP001,2017-03-16 16:57:17,2017-03-16 16:57:17
CUST007636,Loyal,Referral,REP024,2017-05-09 13:47:08,2018-06-01 18:56:34
CUST007637,Regular,Email,REP019,2018-03-14 17:26:19,2018-05-08 16:51:22
CUST007638,Loyal,Social,REP020,2017-01-19 09:26:17,2017-12-04 04:59:19
CUST007639,Loyal,Social,REP027,2018-04-09 03:08:04,2018-08-20 19:04:01
CUST007640,Inactive,Marketplace,REP023,2017-02-27 13:40:02,2017-02-27 13:40:02
CUST007641,Loyal,Paid Search,REP025,2017-07-06 21:25:10,2018-06-21 08:41:00
CUST007642,Regular,Marketplace,REP023,2017-02-11 03:28:17,2017-08-23 18:12:10
CUST007643,Loyal,Marketplace,REP014,2017-02-28 14:35:18,2018-02-14 03:51:11
CUST007644,Loyal,Social,REP014,2017-01-12 21:38:04,2018-09-25 20:51:27
CUST007645,Inactive,Email,REP005,2017-05-20 00:00:00,2017-05-20 00:00:00
CUST007646,Regular,Social,REP010,2018-03-02 15:56:52,2018-04-08 05:43:07
CUST007647,Inactive,Email,REP009,2018-02-11 02:39:57,2018-02-11 02:39:57
CUST007648,Inactive,Paid Search,REP029,2017-03-20 23:55:38,2017-03-20 23:55:38
CUST007649,New,Paid Search,REP021,2018-06-11 20:21:31,2018-06-11 20:21:31
CUST007650,New,Social,REP017,2018-07-04 00:46:13,2018-07-04 00:46:13
CUST007651,Regular,Paid Search,REP025,2017-02-22 14:45:47,2018-04-12 08:02:51
CUST007652,Regular,Social,REP020,2017-02-25 23:47:29,2018-07-02 17:43:55
CUST007653,Loyal,Organic,REP007,2018-02-07 03:05:58,2018-08-08 12:40:02
CUST007654,Regular,Organic,REP028,2017-08-22 05:42:32,2018-07-10 01:32:27
CUST007655,Loyal,Marketplace,REP026,2017-04-11 19:51:44,2017-04-30 17:30:52
CUST007656,Loyal,Organic,REP019,2017-03-16 11:18:08,2018-09-26 13:55:18
CUST007657,Loyal,Marketplace,REP012,2017-08-06 11:46:37,2018-01-07 06:47:41
CUST007658,Regular,Marketplace,REP016,2017-01-28 18:43:05,2017-05-11 22:39:20
CUST007659,Inactive,Referral,REP028,2018-02-02 08:30:31,2018-02-02 08:30:31
CUST007660,Loyal,Paid Search,REP019,2017-04-26 15:47:23,2018-02-05 14:58:05
CUST007661,Loyal,Organic,REP001,2017-02-28 12:36:14,2018-08-21 01:58:52
CUST007662,Loyal,Organic,REP020,2017-07-10 09:30:39,2018-08-11 17:24:18
CUST007663,Regular,Paid Search,REP004,2017-07-28 20:09:14,2018-02-09 04:06:33
CUST007664,Inactive,Organic,REP017,2017-06-10 18:35:10,2017-06-10 18:35:10
CUST007665,Inactive,Social,REP004,2017-11-15 00:09:30,2017-11-15 00:09:30
CUST007666,Regular,Referral,REP004,2017-08-16 13:06:01,2018-04-16 13:10:19
CUST007667,Loyal,Referral,REP011,2017-10-16 16:44:45,2018-07-28 18:04:11
CUST007668,Loyal,Paid Search,REP021,2018-07-21 05:32:57,2018-09-06 02:02:51
CUST007669,Loyal,Marketplace,REP003,2017-01-13 15:38:42,2018-06-26 09:09:13
CUST007670,Inactive,Paid Search,REP011,2017-12-15 17:20:31,2017-12-15 17:20:31
CUST007671,Loyal,Organic,REP009,2017-02-14 23:29:13,2018-06-27 22:59:21
CUST007672,Inactive,Email,REP015,2017-03-18 12:55:45,2017-03-18 12:55:45
CUST007673,Regular,Organic,REP009,2017-04-10 16:35:14,2018-03-22 00:42:27
CUST007674,Regular,Paid Search,REP016,2018-01-01 16:02:20,2018-08-26 07:22:36
CUST007675,New,Paid Search,REP018,2018-06-19 23:17:07,2018-06-19 23:17:07
CUST007676,Loyal,Referral,REP027,2017-10-02 10:46:24,2018-08-26 04:55:28
CUST007677,Loyal,Marketplace,REP016,2017-08-01 09:41:33,2018-07-29 08:35:38
CUST007678,Loyal,Email,REP020,2017-04-22 17:48:09,2017-12-30 00:55:13
CUST007679,Loyal,Referral,REP025,2018-02-04 00:36:14,2018-08-10 23:11:52
CUST007680,Inactive,Referral,REP025,2017-08-24 00:00:00,2017-08-24 00:00:00
CUST007681,Loyal,Marketplace,REP017,2017-02-13 14:44:52,2018-03-10 08:54:06
CUST007682,Loyal,Social,REP030,2017-02-22 18:17:24,2018-08-20 04:13:29
CUST007683,Inactive,Referral,REP030,2017-05-11 02:20:50,2017-05-11 02:20:50
CUST007684,Loyal,Paid Search,REP017,2017-02-12 21:49:50,2018-05-15 20:36:01
CUST007685,Regular,Paid Search,REP026,2018-04-04 14:04:39,2018-05-30 11:17:22
CUST007686,Regular,Paid Search,REP026,2017-10-07 17:16:49,2018-04-09 20:30:17
CUST007687,Loyal,Social,REP002,2017-09-19 23:37:14,2018-09-26 08:59:00
CUST007688,Loyal,Referral,REP021,2017-01-30 02:07:37,2017-12-16 23:38:37
CUST007689,Loyal,Social,REP020,2017-06-06 08:11:16,2018-08-08 09:10:06
CUST007690,VIP,Referral,REP006,2017-01-20 16:08:56,2018-05-13 12:52:53
CUST007691,Inactive,Marketplace,REP005,2017-06-22 14:08:00,2017-06-22 14:08:00
CUST007692,Regular,Paid Search,REP011,2017-02-04 21:19:53,2018-01-11 13:27:05
CUST007693,Loyal,Organic,REP028,2017-08-07 06:58:31,2018-07-25 17:47:18
CUST007694,Regular,Paid Search,REP018,2017-05-02 15:10:14,2018-07-16 19:59:14
CUST007695,Regular,Organic,REP012,2017-04-07 22:32:19,2018-04-02 19:00:59
CUST007696,VIP,Organic,REP013,2017-01-20 11:02:00,2018-09-04 18:47:38
CUST007697,VIP,Email,REP026,2017-02-24 14:48:31,2018-07-19 11:58:22
CUST007698,Inactive,Paid Search,REP011,2017-01-24 07:30:51,2017-01-24 07:30:51
CUST007699,Regular,Social,REP014,2017-11-06 15:23:58,2018-09-19 12:36:50
CUST007700,Loyal,Email,REP005,2017-05-19 20:49:44,2018-04-05 09:05:16
CUST007701,Loyal,Social,REP025,2017-02-01 03:56:23,2018-08-27 20:46:09
CUST007702,Inactive,Referral,REP029,2017-09-14 01:10:40,2017-09-14 01:10:40
CUST007703,Loyal,Organic,REP026,2017-03-12 03:22:14,2018-03-14 03:57:47
CUST007704,Loyal,Social,REP005,2017-04-13 17:15:39,2018-05-10 03:16:43
CUST007705,Loyal,Email,REP022,2017-03-15 08:36:58,2018-02-16 19:22:23
CUST007706,Loyal,Organic,REP016,2017-06-27 19:13:13,2018-07-29 01:11:28
CUST007707,Regular,Paid Search,REP028,2017-04-27 13:11:02,2017-05-14 06:49:35
CUST007708,Loyal,Referral,REP011,2017-06-21 03:25:46,2018-08-18 00:50:29
CUST007709,New,Referral,REP030,2018-06-01 06:28:57,2018-06-01 06:28:57
CUST007710,Regular,Marketplace,REP030,2018-01-09 07:25:45,2018-09-11 06:54:20
CUST007711,Regular,Referral,REP011,2017-02-09 06:38:49,2017-06-09 23:30:27
CUST007712,Regular,Marketplace,REP010,2017-08-14 21:23:49,2018-09-22 02:21:43
CUST007713,Loyal,Email,REP028,2017-02-23 05:48:32,2018-09-26 16:44:13
CUST007714,Inactive,Email,REP019,2017-08-08 09:30:34,2017-08-08 09:30:34
CUST007715,Loyal,Referral,REP008,2017-04-09 09:19:21,2018-08-29 09:37:37
CUST007716,Inactive,Organic,REP004,2017-03-03 14:03:45,2017-03-03 14:03:45
CUST007717,Loyal,Paid Search,REP017,2017-03-31 15:07:39,2018-03-06 14:06:38
CUST007718,Regular,Paid Search,REP007,2017-05-17 21:02:49,2018-08-09 06:49:42
CUST007719,Loyal,Email,REP027,2017-03-28 07:11:57,2017-08-22 23:50:43
CUST007720,Loyal,Paid Search,REP027,2017-02-27 03:24:00,2018-03-16 22:57:27
CUST007721,Inactive,Referral,REP010,2017-01-06 00:00:00,2017-01-06 00:00:00
CUST007722,Loyal,Paid Search,REP013,2017-05-05 21:04:02,2018-01-12 01:04:42
CUST007723,Loyal,Marketplace,REP028,2017-07-06 01:16:44,2018-04-16 22:01:16
CUST007724,Regular,Marketplace,REP013,2018-05-21 06:24:03,2018-07-24 16:49:33
CUST007725,New,Organic,REP020,2018-08-10 14:31:53,2018-08-10 14:31:53
CUST007726,Inactive,Organic,REP016,2017-01-06 02:24:35,2017-01-06 02:24:35
CUST007727,Regular,Paid Search,REP005,2017-01-27 09:55:55,2018-09-10 19:54:54
CUST007728,Loyal,Email,REP025,2017-01-14 08:11:14,2018-03-23 20:58:31
CUST007729,Regular,Paid Search,REP025,2017-06-17 13:50:51,2017-10-14 06:51:14
CUST007730,Loyal,Marketplace,REP003,2017-07-01 20:54:57,2018-05-13 00:52:12
CUST007731,Regular,Social,REP002,2017-11-17 22:16:20,2018-08-10 02:25:45
CUST007732,VIP,Social,REP005,2017-02-17 19:50:50,2017-09-25 09:45:26
CUST007733,Loyal,Paid Search,REP014,2017-04-30 04:04:07,2018-06-06 15:21:35
CUST007734,Inactive,Marketplace,REP006,2017-09-03 00:00:00,2017-09-03 00:00:00
CUST007735,Loyal,Social,REP029,2017-01-02 15:42:39,2018-04-14 03:08:03
CUST007736,Loyal,Paid Search,REP008,2017-11-05 08:16:33,2018-04-19 07:40:06
CUST007737,VIP,Organic,REP025,2018-01-16 11:09:01,2018-08-14 15:20:41
CUST007738,Regular,Paid Search,REP011,2017-02-20 13:33:38,2017-12-03 13:39:09
CUST007739,Loyal,Paid Search,REP001,2017-11-18 21:18:38,2018-08-04 13:29:16
CUST007740,Inactive,Marketplace,REP011,2017-02-24 15:52:41,2017-02-24 15:52:41
CUST007741,Loyal,Marketplace,REP022,2017-04-18 19:13:45,2018-07-14 02:56:41
CUST007742,Loyal,Paid Search,REP011,2017-10-13 16:50:40,2018-06-16 15:16:40
CUST007743,Regular,Paid Search,REP015,2017-08-21 16:37:15,2018-04-19 23:29:28
CUST007744,Loyal,Paid Search,REP001,2017-10-28 03:40:26,2018-07-27 08:18:51
CUST007745,Inactive,Referral,REP019,2017-04-11 17:26:54,2017-04-11 17:26:54
CUST007746,Regular,Email,REP010,2017-12-05 02:47:25,2018-03-17 11:06:44
CUST007747,New,Paid Search,REP006,2018-09-04 13:17:34,2018-09-04 13:17:34
CUST007748,New,Marketplace,REP029,2018-07-29 02:11:22,2018-07-29 02:11:22
CUST007749,Loyal,Organic,REP001,2017-02-24 13:03:10,2018-02-22 06:04:40
CUST007750,Inactive,Marketplace,REP023,2017-02-21 09:01:20,2017-02-21 09:01:20
CUST007751,Loyal,Social,REP029,2017-01-20 06:33:37,2018-02-24 12:41:07
CUST007752,Loyal,Social,REP024,2017-04-17 00:52:40,2018-05-09 23:41:44
CUST007753,Loyal,Referral,REP028,2017-07-13 07:50:09,2017-12-30 09:03:21
CUST007754,Loyal,Marketplace,REP005,2017-02-04 13:15:37,2018-01-03 18:50:17
CUST007755,Loyal,Email,REP028,2017-11-18 19:35:51,2017-12-10 19:38:44
CUST007756,Loyal,Social,REP008,2017-02-03 05:42:37,2018-05-20 17:47:29
CUST007757,Loyal,Email,REP025,2017-06-02 13:07:43,2018-07-22 21:21:19
CUST007758,Inactive,Paid Search,REP025,2017-07-10 00:00:00,2017-07-10 00:00:00
CUST007759,Regular,Email,REP008,2017-02-05 04:45:13,2017-09-04 08:12:16
CUST007760,Inactive,Organic,REP002,2017-10-10 11:19:56,2017-10-10 11:19:56
CUST007761,Loyal,Marketplace,REP012,2017-04-01 13:29:29,2018-05-26 09:03:58
CUST007762,Regular,Email,REP015,2017-07-26 00:52:55,2017-09-08 07:36:55
CUST007763,Loyal,Referral,REP030,2017-04-15 07:37:34,2018-06-22 11:03:27
CUST007764,Loyal,Referral,REP004,2017-02-11 08:04:11,2018-06-12 19:18:40
CUST007765,Regular,Referral,REP007,2017-10-24 20:53:19,2018-05-30 00:09:25
CUST007766,Regular,Marketplace,REP029,2017-05-14 13:49:07,2017-08-17 05:12:12
CUST007767,Regular,Email,REP002,2017-03-31 18:34:50,2018-04-13 18:37:48
CUST007768,Inactive,Referral,REP006,2017-09-23 04:30:49,2017-09-23 04:30:49
CUST007769,Inactive,Email,REP004,2018-01-29 18:50:47,2018-01-29 18:50:47
CUST007770,Inactive,Social,REP030,2017-05-20 04:24:46,2017-05-20 04:24:46
CUST007771,Inactive,Paid Search,REP016,2017-10-17 00:47:50,2017-10-17 00:47:50
CUST007772,Regular,Referral,REP011,2018-01-19 05:00:46,2018-06-02 00:40:29
CUST007773,Regular,Social,REP020,2017-07-20 09:12:51,2017-08-30 15:43:48
CUST007774,Loyal,Email,REP024,2017-04-30 02:15:21,2017-10-06 19:18:16
CUST007775,Regular,Email,REP025,2017-07-12 12:32:59,2017-10-22 00:40:20
CUST007776,Loyal,Marketplace,REP028,2017-02-03 07:20:59,2018-04-14 09:32:27
CUST007777,Loyal,Marketplace,REP028,2017-02-28 00:47:07,2018-08-03 08:10:39
CUST007778,Loyal,Email,REP016,2017-01-08 22:46:25,2018-09-13 18:44:38
CUST007779,Loyal,Paid Search,REP014,2017-01-17 16:06:32,2017-07-18 06:34:43
CUST007780,VIP,Social,REP006,2017-02-19 07:52:22,2018-09-04 21:44:26
CUST007781,Regular,Social,REP022,2017-12-20 22:41:03,2018-09-30 23:53:00
CUST007782,Inactive,Organic,REP019,2017-10-24 02:22:59,2017-10-24 02:22:59
CUST007783,Regular,Organic,REP027,2017-08-26 00:20:21,2018-03-22 15:46:35
CUST007784,Loyal,Marketplace,REP004,2017-04-28 18:41:43,2018-08-15 12:26:43
CUST007785,Regular,Social,REP002,2017-09-24 19:35:06,2018-02-04 09:36:41
CUST007786,Loyal,Marketplace,REP025,2017-01-18 16:01:38,2018-06-02 04:14:13
CUST007787,Loyal,Organic,REP001,2017-11-27 00:56:26,2018-09-03 05:38:35
CUST007788,Loyal,Email,REP010,2017-04-22 01:41:25,2018-05-31 23:03:57
CUST007789,Loyal,Marketplace,REP030,2017-06-20 21:00:10,2018-08-09 05:06:14
CUST007790,Loyal,Organic,REP014,2017-05-02 20:51:30,2018-06-14 16:42:42
CUST007791,Loyal,Paid Search,REP020,2017-07-27 06:00:36,2018-05-14 21:14:45
CUST007792,Loyal,Organic,REP017,2017-03-08 08:19:56,2018-07-13 17:05:42
CUST007793,Inactive,Paid Search,REP022,2018-01-12 21:47:58,2018-01-12 21:47:58
CUST007794,Regular,Paid Search,REP021,2017-09-01 10:08:24,2017-09-17 00:47:16
CUST007795,Loyal,Email,REP022,2017-06-16 22:08:42,2018-07-01 11:32:37
CUST007796,Regular,Social,REP025,2017-07-08 13:42:45,2018-05-12 08:22:33
CUST007797,Loyal,Paid Search,REP023,2017-01-11 17:15:30,2018-07-28 07:58:11
CUST007798,Loyal,Social,REP014,2017-01-24 02:19:01,2018-08-25 18:22:54
CUST007799,Regular,Marketplace,REP023,2017-04-11 13:16:09,2017-12-29 15:50:32
CUST007800,Loyal,Email,REP003,2017-08-13 00:08:20,2018-03-04 14:03:54
CUST007801,Loyal,Email,REP012,2017-03-23 14:22:50,2018-09-17 07:12:35
CUST007802,Regular,Paid Search,REP011,2017-04-19 09:16:29,2018-03-29 13:20:32
CUST007803,Inactive,Paid Search,REP007,2018-03-28 16:13:45,2018-03-28 16:13:45
CUST007804,Loyal,Organic,REP020,2017-05-04 05:57:00,2018-09-21 21:24:01
CUST007805,Loyal,Paid Search,REP028,2017-01-02 22:59:42,2018-07-07 13:58:25
CUST007806,Loyal,Organic,REP018,2017-04-24 14:50:24,2018-08-31 14:52:31
CUST007807,Regular,Email,REP018,2017-02-12 11:40:54,2017-12-18 21:13:47
CUST007808,Inactive,Referral,REP022,2017-08-19 01:24:50,2017-08-19 01:24:50
CUST007809,Loyal,Social,REP025,2017-01-16 01:01:22,2018-01-10 13:09:13
CUST007810,Inactive,Paid Search,REP011,2018-02-12 23:58:43,2018-02-12 23:58:43
CUST007811,New,Organic,REP026,2018-05-20 21:11:28,2018-05-20 21:11:28
CUST007812,Regular,Paid Search,REP024,2017-06-16 00:02:39,2018-05-30 21:49:08
CUST007813,Inactive,Organic,REP011,2017-01-10 12:21:38,2017-01-10 12:21:38
CUST007814,Regular,Social,REP023,2018-08-02 03:16:22,2018-08-25 09:12:58
CUST007815,Regular,Referral,REP020,2017-07-09 20:09:38,2017-12-30 12:45:49
CUST007816,Inactive,Email,REP021,2018-03-17 06:52:42,2018-03-17 06:52:42
CUST007817,Inactive,Social,REP006,2017-08-02 14:41:43,2017-08-02 14:41:43
CUST007818,Loyal,Email,REP020,2017-04-08 05:36:23,2017-10-12 21:00:08
CUST007819,Loyal,Email,REP009,2017-11-04 06:33:59,2018-07-17 08:16:30
CUST007820,Loyal,Email,REP011,2017-06-16 10:44:11,2017-10-19 18:40:53
CUST007821,Regular,Social,REP028,2017-01-04 13:57:04,2018-03-01 03:11:31
CUST007822,Loyal,Email,REP030,2017-03-01 16:28:36,2018-05-04 14:55:39
CUST007823,Loyal,Email,REP017,2017-01-04 09:21:49,2018-06-20 18:12:29
CUST007824,Loyal,Organic,REP029,2017-02-28 00:11:38,2018-03-08 20:48:10
CUST007825,Loyal,Referral,REP029,2017-08-27 16:05:28,2018-06-06 08:45:43
CUST007826,Regular,Referral,REP001,2017-01-01 09:59:03,2017-07-31 02:38:29
CUST007827,Regular,Social,REP009,2017-09-23 00:54:42,2018-07-09 03:28:42
CUST007828,Loyal,Organic,REP030,2017-09-08 04:26:28,2018-09-24 14:06:11
CUST007829,Regular,Paid Search,REP017,2017-10-29 02:21:52,2018-03-14 07:26:43
CUST007830,Loyal,Referral,REP022,2017-07-31 07:31:23,2018-05-12 03:40:13
CUST007831,Regular,Referral,REP029,2017-09-13 23:37:22,2018-01-06 06:50:45
CUST007832,Regular,Referral,REP003,2017-01-09 20:36:14,2018-01-30 08:44:25
CUST007833,Regular,Social,REP029,2017-09-28 20:52:48,2018-01-25 21:32:29
CUST007834,Inactive,Marketplace,REP018,2017-01-11 18:41:58,2017-01-11 18:41:58
CUST007835,Regular,Paid Search,REP030,2017-01-27 17:55:52,2018-09-24 11:56:07
CUST007836,Loyal,Marketplace,REP010,2017-07-06 03:54:21,2017-09-30 16:22:14
CUST007837,New,Marketplace,REP026,2018-07-05 16:35:42,2018-07-05 16:35:42
CUST007838,Inactive,Email,REP003,2017-04-04 06:54:12,2017-04-04 06:54:12
CUST007839,VIP,Paid Search,REP013,2017-04-03 19:19:20,2018-09-22 21:36:09
CUST007840,Regular,Email,REP011,2017-09-06 18:35:13,2018-09-10 04:35:58
CUST007841,Regular,Marketplace,REP025,2017-02-08 10:53:12,2017-09-06 15:59:16
CUST007842,Loyal,Social,REP020,2017-01-12 08:03:14,2018-07-24 10:28:21
CUST007843,Loyal,Marketplace,REP006,2017-02-20 04:47:12,2018-07-24 12:56:59
CUST007844,VIP,Email,REP024,2017-03-13 14:59:59,2017-12-17 15:39:20
CUST007845,Loyal,Referral,REP024,2017-01-17 09:34:09,2017-11-10 14:11:40
CUST007846,Inactive,Paid Search,REP022,2017-07-10 07:32:38,2017-07-10 07:32:38
CUST007847,Loyal,Email,REP019,2017-03-04 22:25:01,2018-05-17 02:30:16
CUST007848,New,Paid Search,REP016,2018-08-13 01:53:46,2018-08-13 01:53:46
CUST007849,Inactive,Referral,REP020,2017-03-09 20:49:50,2017-03-09 20:49:50
CUST007850,Regular,Paid Search,REP012,2017-02-10 21:28:49,2017-03-21 03:22:44
CUST007851,Regular,Organic,REP002,2017-09-30 03:33:46,2018-09-24 05:08:12
CUST007852,Regular,Paid Search,REP003,2017-04-03 15:36:15,2018-03-09 06:31:31
CUST007853,Loyal,Paid Search,REP012,2017-05-22 18:58:33,2018-02-24 23:20:00
CUST007854,Loyal,Paid Search,REP017,2017-08-04 00:47:44,2018-09-22 18:33:07
CUST007855,Regular,Email,REP012,2017-06-14 20:45:50,2017-11-10 00:11:09
CUST007856,Inactive,Paid Search,REP007,2017-09-16 00:00:00,2017-09-16 00:00:00
CUST007857,VIP,Marketplace,REP019,2017-09-05 16:59:42,2018-08-15 05:23:05
CUST007858,Loyal,Paid Search,REP016,2017-01-02 01:31:31,2018-05-27 05:18:39
CUST007859,Regular,Social,REP015,2017-08-28 00:37:27,2017-10-17 16:29:29
CUST007860,Loyal,Email,REP006,2017-03-10 10:19:21,2018-08-31 17:06:27
CUST007861,Loyal,Organic,REP027,2017-07-18 15:12:51,2018-02-08 22:21:45
CUST007862,VIP,Referral,REP003,2017-02-15 06:12:57,2018-06-15 03:28:14
CUST007863,Loyal,Marketplace,REP007,2017-11-16 19:53:31,2018-07-11 17:18:07
CUST007864,Inactive,Social,REP002,2017-08-05 00:00:00,2017-08-05 00:00:00
CUST007865,Inactive,Social,REP015,2017-08-15 00:00:00,2017-08-15 00:00:00
CUST007866,Inactive,Paid Search,REP010,2017-04-25 14:46:46,2017-04-25 14:46:46
CUST007867,New,Paid Search,REP029,2018-08-30 06:12:23,2018-08-30 06:12:23
CUST007868,Inactive,Social,REP006,2017-09-10 17:20:49,2017-09-10 17:20:49
CUST007869,Regular,Email,REP004,2017-11-10 20:55:58,2018-09-20 13:49:51
CUST007870,Inactive,Social,REP005,2017-10-17 00:00:00,2017-10-17 00:00:00
CUST007871,Loyal,Referral,REP017,2017-02-07 03:45:13,2017-08-16 15:45:58
CUST007872,VIP,Social,REP015,2017-02-12 05:06:48,2018-07-16 23:18:32
CUST007873,Loyal,Paid Search,REP013,2017-02-12 02:46:32,2018-04-25 11:24:57
CUST007874,Loyal,Email,REP001,2017-03-31 06:46:53,2018-07-13 14:10:13
CUST007875,Loyal,Email,REP021,2017-01-17 22:44:33,2018-06-10 18:52:09
CUST007876,Inactive,Paid Search,REP016,2018-01-15 07:29:49,2018-01-15 07:29:49
CUST007877,Loyal,Email,REP011,2018-01-16 12:13:53,2018-06-01 14:11:49
CUST007878,Loyal,Marketplace,REP020,2017-04-27 12:17:45,2018-08-29 21:15:33
CUST007879,Loyal,Referral,REP025,2017-06-14 22:02:46,2018-06-20 20:49:23
CUST007880,Loyal,Referral,REP009,2017-07-12 02:03:45,2018-09-11 18:21:59
CUST007881,Loyal,Social,REP023,2017-01-02 12:23:37,2018-09-30 01:17:21
CUST007882,Inactive,Referral,REP013,2017-08-27 00:00:00,2017-08-27 00:00:00
CUST007883,Loyal,Paid Search,REP016,2017-03-20 13:48:49,2018-09-28 08:37:36
CUST007884,Inactive,Marketplace,REP022,2017-09-04 07:48:42,2017-09-04 07:48:42
CUST007885,Inactive,Referral,REP029,2018-03-17 03:13:50,2018-03-17 03:13:50
CUST007886,VIP,Social,REP012,2017-02-05 10:34:09,2017-12-15 08:17:53
CUST007887,New,Paid Search,REP029,2018-07-02 15:01:14,2018-07-02 15:01:14
CUST007888,Loyal,Marketplace,REP021,2017-08-27 10:05:37,2018-07-21 07:29:11
CUST007889,Loyal,Organic,REP021,2017-02-06 13:35:37,2018-03-04 22:12:47
CUST007890,New,Referral,REP011,2018-07-19 00:00:00,2018-07-19 00:00:00
CUST007891,Loyal,Social,REP023,2017-06-08 19:41:14,2018-08-05 09:16:48
CUST007892,Regular,Social,REP003,2017-10-11 04:18:06,2018-05-23 19:05:57
CUST007893,Regular,Social,REP018,2017-08-13 09:52:38,2018-01-08 03:57:40
CUST007894,Inactive,Referral,REP006,2017-12-13 08:43:53,2017-12-13 08:43:53
CUST007895,Loyal,Organic,REP001,2017-09-25 09:42:12,2018-07-07 02:54:13
CUST007896,Regular,Paid Search,REP022,2017-05-21 13:07:38,2017-06-21 04:20:19
CUST007897,Inactive,Organic,REP015,2017-02-27 00:00:00,2017-02-27 00:00:00
CUST007898,Loyal,Email,REP014,2017-03-27 04:55:48,2018-09-02 19:24:59
CUST007899,VIP,Paid Search,REP011,2017-03-08 03:27:05,2018-02-07 08:39:02
CUST007900,Regular,Marketplace,REP021,2017-07-06 11:55:17,2017-11-18 12:35:22
CUST007901,Regular,Marketplace,REP027,2017-09-17 06:16:12,2018-08-19 20:50:43
CUST007902,New,Social,REP003,2018-07-28 19:59:45,2018-07-28 19:59:45
CUST007903,Loyal,Marketplace,REP012,2017-02-22 23:36:44,2018-06-16 22:04:30
CUST007904,Regular,Referral,REP008,2017-02-01 01:59:23,2017-03-14 12:52:21
CUST007905,Inactive,Marketplace,REP014,2017-06-07 00:00:00,2017-06-07 00:00:00
CUST007906,Inactive,Paid Search,REP013,2017-02-22 19:56:40,2017-02-22 19:56:40
CUST007907,Inactive,Marketplace,REP022,2017-04-14 00:33:57,2017-04-14 00:33:57
CUST007908,Loyal,Social,REP006,2017-03-14 02:51:09,2018-06-24 14:32:22
CUST007909,Loyal,Organic,REP021,2017-04-17 03:01:45,2018-09-18 06:12:05
CUST007910,Regular,Referral,REP019,2017-04-18 10:45:22,2018-05-20 06:09:58
CUST007911,Regular,Referral,REP028,2017-06-03 08:27:48,2018-05-19 14:14:43
CUST007912,Regular,Organic,REP019,2017-01-27 05:04:19,2018-08-10 02:06:48
CUST007913,Loyal,Paid Search,REP029,2018-02-11 07:13:59,2018-05-11 23:09:51
CUST007914,Loyal,Referral,REP019,2017-06-06 14:54:24,2018-02-01 20:01:46
CUST007915,Inactive,Social,REP014,2017-07-27 00:00:00,2017-07-27 00:00:00
CUST007916,Loyal,Paid Search,REP026,2017-05-06 18:41:09,2018-09-06 09:42:28
CUST007917,Regular,Marketplace,REP027,2017-03-12 20:34:24,2018-05-15 00:34:21
CUST007918,Loyal,Social,REP002,2017-11-07 19:13:24,2018-03-07 19:50:56
CUST007919,Inactive,Referral,REP025,2017-07-23 00:00:00,2017-07-23 00:00:00
CUST007920,Loyal,Social,REP030,2017-07-23 08:03:28,2017-10-19 19:24:48
CUST007921,VIP,Organic,REP011,2017-02-08 23:14:14,2018-08-31 23:59:31
CUST007922,New,Paid Search,REP030,2018-09-15 00:00:00,2018-09-15 00:00:00
CUST007923,Regular,Organic,REP012,2017-01-05 04:50:36,2017-09-27 10:51:12
CUST007924,Loyal,Email,REP011,2017-11-26 12:38:10,2018-09-10 19:59:40
CUST007925,Inactive,Email,REP012,2017-03-04 20:16:45,2017-03-04 20:16:45
CUST007926,Regular,Paid Search,REP021,2017-07-08 08:33:12,2018-01-21 17:10:33
CUST007927,Inactive,Referral,REP008,2018-03-23 00:00:00,2018-03-23 00:00:00
CUST007928,Inactive,Marketplace,REP006,2017-11-09 00:00:00,2017-11-09 00:00:00
CUST007929,Inactive,Organic,REP016,2017-04-29 00:00:00,2017-04-29 00:00:00
CUST007930,Inactive,Paid Search,REP014,2018-02-28 15:05:26,2018-02-28 15:05:26
CUST007931,Loyal,Email,REP003,2017-03-04 22:55:37,2018-04-29 04:37:38
CUST007932,Regular,Paid Search,REP022,2017-01-14 20:14:39,2017-08-04 10:16:23
CUST007933,Inactive,Organic,REP029,2018-03-06 02:24:27,2018-03-06 02:24:27
CUST007934,Loyal,Marketplace,REP007,2017-06-21 00:55:08,2018-01-21 18:05:06
CUST007935,Loyal,Organic,REP002,2017-09-06 03:31:57,2018-09-22 05:27:15
CUST007936,Regular,Email,REP010,2017-07-03 06:44:56,2018-04-02 13:00:00
CUST007937,Inactive,Social,REP008,2017-12-22 00:00:00,2017-12-22 00:00:00
CUST007938,Regular,Organic,REP024,2017-05-12 17:56:18,2017-09-18 13:42:27
CUST007939,Inactive,Organic,REP002,2017-01-29 22:32:27,2017-01-29 22:32:27
CUST007940,Regular,Marketplace,REP009,2017-06-14 17:49:36,2018-04-11 21:43:26
CUST007941,Inactive,Organic,REP006,2017-09-10 12:31:24,2017-09-10 12:31:24
CUST007942,Regular,Referral,REP004,2017-03-12 20:35:40,2018-02-26 13:35:16
CUST007943,New,Social,REP006,2018-09-18 00:00:00,2018-09-18 00:00:00
CUST007944,Loyal,Referral,REP009,2017-01-26 12:15:09,2018-08-02 05:43:19
CUST007945,Loyal,Marketplace,REP018,2017-02-20 19:21:13,2018-09-12 07:34:25
CUST007946,Inactive,Referral,REP023,2017-02-14 19:15:18,2017-02-14 19:15:18
CUST007947,Loyal,Marketplace,REP020,2017-04-20 13:49:29,2018-07-30 22:45:54
CUST007948,Regular,Referral,REP024,2018-08-27 03:02:52,2018-09-13 23:08:17
CUST007949,Loyal,Referral,REP014,2017-03-10 11:57:05,2018-01-28 05:05:32
CUST007950,Regular,Paid Search,REP014,2017-12-27 22:28:29,2018-08-30 09:00:41
CUST007951,Regular,Email,REP001,2017-09-05 07:28:08,2017-10-30 15:11:25
CUST007952,Loyal,Organic,REP004,2017-04-26 04:08:12,2018-09-22 02:38:42
CUST007953,Loyal,Paid Search,REP012,2017-01-13 16:17:27,2018-04-05 20:49:29
CUST007954,Loyal,Email,REP026,2017-03-15 16:39:45,2018-09-07 16:16:38
CUST007955,Regular,Marketplace,REP005,2017-05-06 20:17:08,2018-06-17 23:44:12
CUST007956,New,Marketplace,REP019,2018-08-06 02:02:33,2018-08-06 02:02:33
CUST007957,New,Organic,REP029,2018-04-08 00:00:00,2018-04-08 00:00:00
CUST007958,Inactive,Social,REP016,2018-02-06 01:41:26,2018-02-06 01:41:26
CUST007959,Loyal,Email,REP014,2017-05-15 02:35:11,2018-05-19 10:47:41
CUST007960,Loyal,Social,REP026,2017-07-30 06:42:05,2018-08-11 01:46:30
CUST007961,Loyal,Paid Search,REP014,2017-01-02 18:29:09,2018-06-21 02:26:17
CUST007962,Regular,Social,REP017,2017-05-02 04:55:42,2018-04-12 16:53:37
CUST007963,Loyal,Referral,REP012,2017-04-17 12:35:40,2017-11-11 21:41:14
CUST007964,Loyal,Referral,REP021,2017-01-18 14:46:50,2018-09-25 23:52:47
CUST007965,Loyal,Referral,REP011,2017-03-15 02:04:28,2018-06-10 21:31:08
CUST007966,Regular,Organic,REP021,2018-04-19 00:17:41,2018-08-15 16:20:26
CUST007967,Loyal,Social,REP008,2017-05-27 13:52:49,2018-06-01 13:09:42
CUST007968,Loyal,Paid Search,REP018,2017-04-05 03:27:20,2018-08-28 18:55:32
CUST007969,VIP,Email,REP003,2017-02-19 19:14:18,2018-01-29 01:30:36
CUST007970,Inactive,Organic,REP023,2017-03-18 01:42:09,2017-03-18 01:42:09
CUST007971,Regular,Social,REP009,2017-09-17 16:22:59,2018-01-13 18:53:55
CUST007972,Regular,Referral,REP008,2017-02-01 16:41:44,2018-07-06 15:01:54
CUST007973,Inactive,Paid Search,REP022,2017-12-24 01:10:39,2017-12-24 01:10:39
CUST007974,New,Referral,REP002,2018-09-16 19:48:53,2018-09-16 19:48:53
CUST007975,Regular,Marketplace,REP002,2017-06-07 06:21:39,2018-07-31 10:08:21
CUST007976,Loyal,Social,REP013,2017-02-05 21:06:11,2017-08-02 17:26:05
CUST007977,Loyal,Social,REP015,2017-11-13 19:54:35,2018-07-15 22:47:22
CUST007978,Regular,Referral,REP025,2017-02-26 01:56:05,2017-12-09 05:23:40
CUST007979,Loyal,Marketplace,REP003,2017-04-24 20:53:35,2017-11-18 17:37:55
CUST007980,Regular,Email,REP020,2017-06-03 15:46:31,2018-06-08 16:19:57
CUST007981,Inactive,Marketplace,REP017,2017-09-22 05:09:27,2017-09-22 05:09:27
CUST007982,Loyal,Organic,REP016,2017-05-15 11:37:50,2018-04-17 06:51:06
CUST007983,Regular,Social,REP023,2017-11-19 02:21:52,2017-11-24 09:29:10
CUST007984,Inactive,Social,REP029,2017-02-16 00:00:00,2017-02-16 00:00:00
CUST007985,Regular,Organic,REP028,2018-05-09 04:09:37,2018-07-25 14:07:42
CUST007986,Loyal,Email,REP007,2017-01-08 05:39:58,2018-08-11 15:40:39
CUST007987,Inactive,Marketplace,REP030,2017-12-02 00:00:00,2017-12-02 00:00:00
CUST007988,Inactive,Marketplace,REP009,2017-04-25 18:31:25,2017-04-25 18:31:25
CUST007989,Loyal,Paid Search,REP013,2017-03-27 17:52:40,2018-08-29 11:43:47
CUST007990,Regular,Paid Search,REP013,2018-02-07 01:35:03,2018-06-16 03:22:31
CUST007991,Regular,Marketplace,REP003,2017-12-25 21:59:32,2018-02-22 20:00:49
CUST007992,Regular,Social,REP027,2017-04-28 04:04:40,2018-02-04 04:51:47
CUST007993,Loyal,Marketplace,REP019,2017-01-11 15:45:25,2018-05-27 22:48:28
CUST007994,New,Social,REP029,2018-08-18 09:58:10,2018-08-18 09:58:10
CUST007995,Loyal,Referral,REP017,2018-03-16 16:30:47,2018-09-19 19:12:09
CUST007996,Loyal,Marketplace,REP014,2017-03-01 12:15:36,2017-12-01 23:23:28
CUST007997,Inactive,Email,REP007,2017-11-07 22:58:48,2017-11-07 22:58:48
CUST007998,Regular,Paid Search,REP008,2017-03-29 18:29:58,2018-03-25 19:41:07
CUST007999,Inactive,Social,REP025,2018-03-02 06:30:24,2018-03-02 06:30:24
CUST008000,VIP,Organic,REP008,2017-02-10 13:14:01,2017-08-02 17:10:45
CUST008001,Loyal,Social,REP021,2017-01-17 19:00:16,2018-06-07 19:27:13
CUST008002,New,Email,REP028,2018-08-05 08:38:01,2018-08-05 08:38:01
CUST008003,Loyal,Organic,REP023,2017-07-28 06:50:54,2018-09-17 19:29:39
CUST008004,Loyal,Email,REP011,2017-05-04 12:32:35,2018-03-06 15:15:28
CUST008005,Loyal,Email,REP011,2017-08-25 15:02:41,2018-04-06 21:37:59
CUST008006,Regular,Social,REP015,2017-03-08 17:24:26,2017-11-06 21:42:19
CUST008007,Inactive,Email,REP023,2017-05-03 00:00:00,2017-05-03 00:00:00
CUST008008,Regular,Organic,REP013,2017-02-27 10:07:55,2018-06-07 16:06:22
CUST008009,Loyal,Marketplace,REP005,2017-08-05 13:45:56,2018-08-22 00:01:59
CUST008010,Inactive,Marketplace,REP007,2017-11-14 00:00:00,2017-11-14 00:00:00
CUST008011,Regular,Social,REP024,2017-04-13 18:04:22,2018-04-24 00:15:32
CUST008012,Regular,Referral,REP030,2018-01-17 00:21:24,2018-01-28 05:18:22
CUST008013,Loyal,Paid Search,REP004,2017-03-02 09:03:03,2018-09-04 12:32:25
CUST008014,Loyal,Email,REP025,2017-10-20 15:12:54,2018-07-12 09:40:34
CUST008015,Regular,Organic,REP010,2017-04-16 08:25:08,2018-07-15 22:18:18
CUST008016,Inactive,Email,REP022,2018-02-23 06:47:19,2018-02-23 06:47:19
CUST008017,Loyal,Social,REP025,2017-07-10 13:45:02,2018-09-03 19:03:16
CUST008018,Inactive,Paid Search,REP029,2017-04-10 00:00:00,2017-04-10 00:00:00
CUST008019,Regular,Organic,REP007,2017-11-12 23:40:12,2017-11-20 19:40:26
CUST008020,Loyal,Social,REP030,2017-08-02 14:40:40,2018-07-27 11:23:03
CUST008021,Inactive,Referral,REP007,2017-05-02 16:14:00,2017-05-02 16:14:00
CUST008022,Loyal,Referral,REP030,2018-01-22 21:09:32,2018-07-28 00:29:42
CUST008023,Loyal,Marketplace,REP008,2017-09-15 04:57:16,2018-05-31 21:27:52
CUST008024,Loyal,Social,REP006,2017-02-26 00:50:01,2018-08-23 14:22:27
CUST008025,Regular,Social,REP011,2017-04-25 12:45:34,2017-07-10 11:45:21
CUST008026,Inactive,Organic,REP029,2017-01-06 17:23:38,2017-01-06 17:23:38
CUST008027,Regular,Organic,REP028,2018-03-02 05:39:13,2018-08-18 04:45:31
CUST008028,Loyal,Paid Search,REP019,2017-12-15 11:29:01,2018-05-10 08:00:32
CUST008029,Loyal,Referral,REP009,2017-05-03 16:24:38,2017-10-21 02:36:12
CUST008030,VIP,Referral,REP018,2017-06-03 04:29:45,2018-06-13 11:24:55
CUST008031,Loyal,Marketplace,REP013,2017-08-07 17:29:04,2018-09-07 10:43:18
CUST008032,Loyal,Marketplace,REP021,2017-06-09 06:26:05,2018-07-16 02:04:43
CUST008033,Loyal,Marketplace,REP029,2017-01-05 01:11:19,2018-07-04 18:41:50
CUST008034,New,Marketplace,REP001,2018-04-11 13:36:23,2018-04-11 13:36:23
CUST008035,New,Social,REP021,2018-05-04 00:00:00,2018-05-04 00:00:00
CUST008036,Loyal,Marketplace,REP009,2017-02-07 21:50:16,2017-04-05 15:37:14
CUST008037,Loyal,Referral,REP023,2017-03-30 10:20:55,2017-10-22 16:01:41
CUST008038,Loyal,Social,REP010,2017-07-10 18:43:56,2018-04-17 06:07:30
CUST008039,Loyal,Paid Search,REP020,2017-05-09 06:30:07,2018-04-01 04:28:43
CUST008040,Regular,Social,REP013,2017-12-21 12:23:28,2018-05-08 16:27:09
CUST008041,Loyal,Social,REP020,2017-01-26 08:07:36,2017-08-29 13:39:49
CUST008042,Loyal,Email,REP010,2017-06-28 05:19:32,2018-04-04 00:37:40
CUST008043,Inactive,Social,REP003,2017-11-07 21:10:15,2017-11-07 21:10:15
CUST008044,Loyal,Marketplace,REP004,2017-06-07 01:59:04,2018-03-23 16:12:49
CUST008045,Regular,Social,REP005,2017-12-07 19:15:21,2018-08-13 08:49:35
CUST008046,Regular,Email,REP021,2017-10-30 01:37:52,2018-04-08 03:24:53
CUST008047,Regular,Marketplace,REP001,2017-06-19 02:54:25,2018-02-14 13:32:05
CUST008048,Inactive,Marketplace,REP020,2017-07-24 04:27:54,2017-07-24 04:27:54
CUST008049,Inactive,Social,REP026,2017-02-23 00:00:00,2017-02-23 00:00:00
CUST008050,Inactive,Paid Search,REP012,2017-05-30 00:00:00,2017-05-30 00:00:00
CUST008051,Loyal,Paid Search,REP018,2017-11-27 10:25:45,2018-09-18 01:47:35
CUST008052,Inactive,Paid Search,REP022,2017-03-30 00:00:00,2017-03-30 00:00:00
CUST008053,Loyal,Referral,REP018,2017-01-24 12:22:38,2018-05-17 04:39:40
CUST008054,VIP,Referral,REP013,2017-05-15 10:08:09,2018-09-04 08:32:08
CUST008055,Loyal,Marketplace,REP015,2017-04-11 08:17:58,2018-01-20 23:22:47
CUST008056,Loyal,Social,REP004,2017-06-01 00:31:46,2018-08-15 19:24:36
CUST008057,Regular,Email,REP019,2017-01-02 03:31:37,2017-09-22 16:59:12
CUST008058,Loyal,Referral,REP030,2017-04-04 06:09:47,2018-07-21 15:57:16
CUST008059,Loyal,Marketplace,REP003,2017-03-11 15:32:30,2018-03-01 09:25:08
CUST008060,Loyal,Paid Search,REP029,2017-11-05 18:57:45,2018-01-01 02:15:05
CUST008061,Loyal,Email,REP012,2017-06-12 09:07:23,2018-07-05 01:37:11
CUST008062,Loyal,Referral,REP022,2017-01-20 00:54:31,2018-03-13 03:14:23
CUST008063,Regular,Organic,REP008,2017-08-30 02:28:11,2018-09-30 20:36:07
CUST008064,Loyal,Marketplace,REP017,2017-03-02 11:00:05,2017-11-03 18:32:53
CUST008065,New,Organic,REP022,2018-06-04 03:26:57,2018-06-04 03:26:57
CUST008066,Loyal,Social,REP009,2017-01-18 14:25:59,2017-08-23 13:13:55
CUST008067,New,Paid Search,REP001,2018-06-11 01:10:49,2018-06-11 01:10:49
CUST008068,Regular,Referral,REP025,2017-11-17 16:50:14,2018-05-03 17:46:18
CUST008069,Regular,Paid Search,REP004,2018-04-10 08:42:00,2018-07-17 01:24:35
CUST008070,Loyal,Organic,REP014,2017-07-04 11:33:01,2018-04-05 22:51:08
CUST008071,Regular,Organic,REP022,2017-02-03 02:26:46,2017-08-10 04:54:16
CUST008072,Inactive,Social,REP019,2017-04-27 13:16:11,2017-04-27 13:16:11
CUST008073,Loyal,Social,REP010,2017-09-30 12:35:33,2018-07-03 19:51:59
CUST008074,Regular,Organic,REP028,2017-04-15 23:50:39,2018-01-29 10:19:57
CUST008075,Regular,Marketplace,REP019,2017-02-05 22:37:01,2018-09-14 11:03:34
CUST008076,Regular,Social,REP011,2017-10-12 08:58:26,2018-09-08 18:31:16
CUST008077,VIP,Social,REP013,2017-11-18 09:27:51,2018-06-05 18:21:55
CUST008078,Loyal,Organic,REP027,2017-03-10 08:40:37,2018-09-07 14:00:12
CUST008079,Loyal,Email,REP018,2017-03-10 21:48:17,2018-07-28 07:16:32
CUST008080,Inactive,Marketplace,REP024,2017-05-30 02:18:12,2017-05-30 02:18:12
CUST008081,Loyal,Email,REP016,2017-05-09 13:37:07,2018-05-22 22:58:19
CUST008082,New,Paid Search,REP008,2018-05-25 11:48:54,2018-05-25 11:48:54
CUST008083,Inactive,Paid Search,REP009,2018-01-14 00:28:13,2018-01-14 00:28:13
CUST008084,Regular,Referral,REP005,2017-05-31 16:14:10,2018-03-30 12:46:21
CUST008085,Loyal,Social,REP002,2017-01-05 04:56:51,2017-12-04 03:45:21
CUST008086,Regular,Email,REP021,2018-03-17 15:21:43,2018-05-21 14:40:58
CUST008087,Loyal,Referral,REP028,2017-05-10 18:01:36,2018-06-01 09:04:26
CUST008088,Inactive,Marketplace,REP001,2017-02-11 00:00:00,2017-02-11 00:00:00
CUST008089,Loyal,Email,REP016,2017-02-02 01:35:29,2017-05-30 16:51:36
CUST008090,Loyal,Referral,REP011,2018-03-12 02:50:47,2018-06-10 08:53:09
CUST008091,Loyal,Marketplace,REP029,2017-01-10 14:43:23,2018-06-25 09:10:35
CUST008092,Regular,Email,REP003,2017-06-15 17:10:15,2018-08-25 20:08:10
CUST008093,Inactive,Social,REP003,2017-10-01 06:59:44,2017-10-01 06:59:44
CUST008094,New,Marketplace,REP019,2018-06-19 00:00:00,2018-06-19 00:00:00
CUST008095,Inactive,Marketplace,REP012,2017-03-02 11:18:52,2017-03-02 11:18:52
CUST008096,Loyal,Email,REP029,2017-07-17 23:02:20,2018-04-21 20:31:29
CUST008097,Loyal,Organic,REP008,2017-12-03 20:19:25,2018-06-11 08:08:14
CUST008098,Loyal,Email,REP017,2017-08-10 15:09:31,2018-04-07 09:41:42
CUST008099,Loyal,Social,REP002,2017-01-30 13:04:36,2018-03-19 00:30:22
CUST008100,Loyal,Marketplace,REP019,2017-01-11 06:56:26,2018-07-25 16:40:11
CUST008101,Regular,Social,REP029,2017-06-28 01:26:30,2017-10-28 21:51:22
CUST008102,New,Referral,REP017,2018-07-20 23:16:07,2018-07-20 23:16:07
CUST008103,Loyal,Marketplace,REP017,2017-02-06 15:21:00,2018-07-10 14:50:54
CUST008104,Regular,Organic,REP006,2017-02-20 04:59:13,2017-08-04 06:47:26
CUST008105,Inactive,Marketplace,REP003,2017-05-30 10:45:18,2017-05-30 10:45:18
CUST008106,Loyal,Organic,REP027,2017-01-13 00:13:05,2018-09-22 06:27:44
CUST008107,Inactive,Social,REP022,2018-03-17 18:12:57,2018-03-17 18:12:57
CUST008108,Loyal,Social,REP009,2017-04-05 23:22:28,2017-08-15 13:53:42
CUST008109,Regular,Organic,REP024,2017-06-10 14:40:59,2017-12-28 10:39:51
CUST008110,Loyal,Organic,REP018,2017-12-02 17:16:33,2018-05-19 21:43:56
CUST008111,Inactive,Organic,REP025,2017-05-20 18:02:56,2017-05-20 18:02:56
CUST008112,Regular,Referral,REP009,2017-02-04 00:39:07,2018-02-24 15:00:08
CUST008113,Inactive,Paid Search,REP004,2017-08-13 12:19:15,2017-08-13 12:19:15
CUST008114,Loyal,Referral,REP008,2017-01-27 21:59:44,2018-08-17 07:00:50
CUST008115,Loyal,Referral,REP030,2018-01-30 09:32:45,2018-06-29 15:11:32
CUST008116,Regular,Referral,REP023,2017-05-20 08:08:20,2017-10-31 20:35:08
CUST008117,New,Organic,REP005,2018-07-11 15:39:49,2018-07-11 15:39:49
CUST008118,Regular,Referral,REP027,2017-02-14 09:38:18,2017-12-10 23:31:06
CUST008119,Loyal,Email,REP007,2017-04-22 20:12:58,2018-05-04 04:39:57
CUST008120,New,Paid Search,REP014,2018-05-21 22:41:55,2018-05-21 22:41:55
CUST008121,Inactive,Organic,REP007,2017-11-16 16:17:35,2017-11-16 16:17:35
CUST008122,Loyal,Social,REP016,2017-02-02 06:59:04,2018-05-01 23:24:08
CUST008123,Loyal,Email,REP005,2017-11-10 14:25:59,2018-07-21 18:23:40
CUST008124,Inactive,Email,REP002,2017-10-15 14:12:52,2017-10-15 14:12:52
CUST008125,Regular,Marketplace,REP001,2017-10-12 01:11:18,2018-06-14 15:42:41
CUST008126,Loyal,Email,REP026,2017-04-01 22:13:57,2018-07-10 09:40:30
CUST008127,Regular,Paid Search,REP003,2017-05-27 22:24:13,2018-01-01 03:51:12
CUST008128,Loyal,Social,REP010,2017-01-31 05:43:37,2018-02-18 23:44:25
CUST008129,Loyal,Referral,REP008,2017-01-02 11:15:14,2018-04-23 11:56:19
CUST008130,Loyal,Email,REP024,2017-05-10 12:07:40,2018-02-07 04:41:57
CUST008131,Inactive,Referral,REP007,2017-11-30 00:00:00,2017-11-30 00:00:00
CUST008132,Regular,Email,REP014,2017-03-16 20:15:21,2018-04-05 18:20:32
CUST008133,Loyal,Social,REP009,2017-01-10 10:37:04,2018-09-10 01:16:18
CUST008134,Loyal,Marketplace,REP008,2017-05-11 16:02:02,2018-07-12 23:52:42
CUST008135,Regular,Paid Search,REP017,2017-03-17 08:08:26,2017-08-24 23:37:02
CUST008136,Inactive,Email,REP003,2017-07-19 13:04:44,2017-07-19 13:04:44
CUST008137,Regular,Paid Search,REP010,2017-09-18 03:13:17,2018-08-18 07:46:12
CUST008138,Regular,Email,REP028,2017-05-28 08:19:45,2017-12-02 14:10:31
CUST008139,Loyal,Referral,REP027,2017-02-14 07:37:30,2018-03-03 11:14:19
CUST008140,Regular,Email,REP005,2017-03-20 18:27:26,2018-01-21 18:26:28
CUST008141,Loyal,Organic,REP018,2017-03-19 14:48:19,2017-03-27 18:57:42
CUST008142,VIP,Email,REP012,2017-01-04 02:42:34,2018-07-28 08:33:41
CUST008143,VIP,Marketplace,REP012,2017-06-13 15:33:23,2018-09-06 02:40:08
CUST008144,Loyal,Referral,REP030,2017-04-26 21:27:35,2018-05-10 10:38:44
CUST008145,Inactive,Paid Search,REP020,2017-03-14 22:44:49,2017-03-14 22:44:49
CUST008146,Loyal,Organic,REP020,2017-05-13 17:39:59,2018-08-29 15:52:51
CUST008147,Regular,Organic,REP022,2017-04-01 18:23:46,2017-11-18 13:01:56
CUST008148,Regular,Organic,REP020,2017-05-25 02:36:44,2018-01-10 16:24:15
CUST008149,Loyal,Referral,REP019,2017-01-19 03:44:13,2018-05-09 03:30:28
CUST008150,Regular,Marketplace,REP016,2018-07-20 11:14:30,2018-08-02 00:45:26
CUST008151,Inactive,Paid Search,REP015,2017-05-17 00:00:00,2017-05-17 00:00:00
CUST008152,Regular,Referral,REP026,2017-04-11 07:44:13,2017-04-28 20:28:59
CUST008153,Loyal,Referral,REP015,2017-02-14 22:56:22,2018-08-07 14:16:00
CUST008154,Regular,Paid Search,REP005,2017-05-10 16:55:52,2018-01-18 02:23:57
CUST008155,Loyal,Referral,REP002,2017-03-14 06:43:12,2018-06-26 09:23:58
CUST008156,Loyal,Marketplace,REP018,2017-04-02 03:28:24,2018-03-08 14:08:00
CUST008157,Inactive,Email,REP016,2018-02-02 00:00:00,2018-02-02 00:00:00
CUST008158,Inactive,Paid Search,REP028,2017-03-15 12:49:45,2017-03-15 12:49:45
CUST008159,Regular,Marketplace,REP021,2017-04-18 07:09:33,2017-09-02 11:33:45
CUST008160,Loyal,Email,REP009,2017-08-11 02:33:38,2018-09-01 04:44:31
CUST008161,Loyal,Referral,REP010,2017-02-14 21:17:13,2017-12-28 22:49:45
CUST008162,Loyal,Social,REP012,2017-01-01 02:27:10,2018-09-18 04:14:27
CUST008163,Loyal,Organic,REP015,2018-01-10 16:29:36,2018-08-01 11:53:18
CUST008164,Loyal,Marketplace,REP011,2018-06-04 16:12:44,2018-07-07 07:46:50
CUST008165,Regular,Marketplace,REP011,2017-08-08 11:53:36,2018-07-09 07:01:04
CUST008166,New,Marketplace,REP008,2018-09-30 17:00:11,2018-09-30 17:00:11
CUST008167,Regular,Marketplace,REP018,2018-01-09 07:34:28,2018-05-10 07:19:17
CUST008168,New,Marketplace,REP006,2018-04-11 00:00:00,2018-04-11 00:00:00
CUST008169,Inactive,Marketplace,REP005,2017-09-25 00:00:00,2017-09-25 00:00:00
CUST008170,Inactive,Paid Search,REP005,2017-07-12 00:00:00,2017-07-12 00:00:00
CUST008171,Inactive,Referral,REP016,2017-02-17 00:00:00,2017-02-17 00:00:00
CUST008172,Loyal,Email,REP023,2017-09-08 10:29:47,2018-04-06 22:40:34
CUST008173,Loyal,Marketplace,REP005,2017-05-01 19:03:28,2018-08-06 08:17:21
CUST008174,New,Organic,REP030,2018-07-01 07:12:12,2018-07-01 07:12:12
CUST008175,Loyal,Marketplace,REP001,2017-04-11 10:11:05,2018-03-15 15:19:04
CUST008176,Inactive,Referral,REP013,2017-09-24 07:38:13,2017-09-24 07:38:13
CUST008177,Loyal,Paid Search,REP028,2017-03-23 10:06:05,2018-06-24 04:23:54
CUST008178,New,Paid Search,REP006,2018-09-02 00:00:00,2018-09-02 00:00:00
CUST008179,Regular,Email,REP012,2018-02-13 08:05:07,2018-04-17 00:22:48
CUST008180,Loyal,Marketplace,REP029,2017-06-30 19:01:37,2017-11-21 23:22:29
CUST008181,Loyal,Email,REP015,2017-11-05 22:22:45,2018-05-31 03:09:46
CUST008182,New,Organic,REP015,2018-06-03 20:23:37,2018-06-03 20:23:37
CUST008183,Regular,Email,REP023,2017-11-20 11:08:33,2018-03-25 20:55:43
CUST008184,Loyal,Organic,REP023,2017-02-08 06:52:07,2017-11-11 02:26:30
CUST008185,Regular,Marketplace,REP012,2017-11-20 22:57:32,2018-04-15 11:44:50
CUST008186,Loyal,Referral,REP010,2017-09-20 05:14:57,2018-03-17 22:59:38
CUST008187,New,Social,REP021,2018-04-04 00:00:00,2018-04-04 00:00:00
CUST008188,Loyal,Email,REP002,2017-01-16 04:32:02,2018-02-10 20:42:44
CUST008189,Loyal,Referral,REP005,2017-05-12 14:57:30,2018-08-16 19:46:00
CUST008190,Loyal,Email,REP019,2017-01-02 13:10:51,2018-09-04 19:31:01
CUST008191,Regular,Referral,REP002,2017-01-08 20:38:28,2018-01-13 14:22:06
CUST008192,Loyal,Marketplace,REP026,2017-01-31 14:16:06,2018-06-02 17:25:50
CUST008193,Loyal,Social,REP027,2017-10-18 09:03:56,2018-04-20 04:27:36
CUST008194,Loyal,Paid Search,REP016,2017-07-16 04:50:00,2018-08-13 18:21:32
CUST008195,New,Marketplace,REP004,2018-05-08 11:34:33,2018-05-08 11:34:33
CUST008196,Loyal,Email,REP003,2017-02-23 04:28:14,2017-05-10 10:35:17
CUST008197,Regular,Email,REP024,2017-03-14 23:16:00,2017-11-18 13:04:05
CUST008198,New,Social,REP015,2018-08-06 22:50:24,2018-08-06 22:50:24
CUST008199,Loyal,Marketplace,REP015,2017-04-05 14:47:51,2018-02-06 18:54:52
CUST008200,Loyal,Social,REP018,2017-01-21 11:33:04,2018-05-12 18:15:12
CUST008201,VIP,Organic,REP003,2017-02-02 00:32:10,2018-07-21 23:29:15
CUST008202,Inactive,Paid Search,REP026,2017-08-11 14:07:35,2017-08-11 14:07:35
CUST008203,Loyal,Marketplace,REP002,2017-01-06 09:32:48,2017-07-21 22:19:21
CUST008204,VIP,Email,REP027,2017-08-10 11:20:19,2018-08-16 21:05:49
CUST008205,Regular,Social,REP015,2017-07-29 15:05:27,2017-11-16 13:15:44
CUST008206,Loyal,Social,REP017,2018-04-30 02:54:03,2018-08-16 22:35:06
CUST008207,Inactive,Social,REP018,2017-10-04 00:00:00,2017-10-04 00:00:00
CUST008208,Regular,Social,REP010,2017-04-09 17:14:56,2017-05-01 17:27:16
CUST008209,Inactive,Organic,REP026,2017-02-01 09:46:14,2017-02-01 09:46:14
CUST008210,Loyal,Organic,REP021,2017-11-26 10:17:10,2018-03-27 15:10:18
CUST008211,Inactive,Social,REP026,2018-04-01 16:58:45,2018-04-01 16:58:45
CUST008212,Regular,Marketplace,REP018,2017-10-14 11:45:19,2018-06-23 05:08:46
CUST008213,Loyal,Marketplace,REP008,2017-07-29 20:52:21,2018-09-26 05:49:25
CUST008214,Regular,Email,REP006,2017-05-01 01:18:49,2018-07-04 21:35:11
CUST008215,Inactive,Email,REP016,2018-01-11 07:57:25,2018-01-11 07:57:25
CUST008216,VIP,Marketplace,REP010,2017-01-02 22:13:48,2018-04-23 00:24:36
CUST008217,Loyal,Organic,REP011,2017-05-26 05:49:46,2018-03-04 13:58:17
CUST008218,Inactive,Email,REP003,2018-04-01 02:27:27,2018-04-01 02:27:27
CUST008219,Loyal,Email,REP026,2017-02-03 09:09:58,2018-05-20 04:08:05
CUST008220,Loyal,Organic,REP029,2017-06-14 13:00:53,2018-07-01 22:51:08
CUST008221,Regular,Social,REP001,2017-01-09 06:39:52,2017-06-24 03:19:02
CUST008222,Loyal,Marketplace,REP005,2017-06-28 07:46:47,2018-05-11 22:42:06
CUST008223,Inactive,Marketplace,REP008,2017-03-30 06:34:31,2017-03-30 06:34:31
CUST008224,Loyal,Paid Search,REP022,2017-06-01 01:00:01,2018-09-14 00:45:17
CUST008225,VIP,Organic,REP020,2017-02-16 01:57:36,2018-07-29 05:38:41
CUST008226,Regular,Social,REP017,2017-02-23 06:31:47,2017-05-28 23:51:19
CUST008227,Loyal,Organic,REP027,2017-03-11 06:16:35,2018-05-16 04:04:12
CUST008228,Loyal,Marketplace,REP012,2017-09-10 05:17:30,2018-05-15 23:52:56
CUST008229,Inactive,Referral,REP023,2018-03-03 11:32:29,2018-03-03 11:32:29
CUST008230,Inactive,Referral,REP003,2017-07-09 13:05:09,2017-07-09 13:05:09
CUST008231,Loyal,Organic,REP025,2017-03-05 22:08:45,2017-10-31 13:28:36
CUST008232,VIP,Marketplace,REP014,2017-02-10 10:37:14,2018-02-13 16:46:42
CUST008233,Loyal,Referral,REP025,2017-03-11 09:13:06,2018-07-09 21:26:42
CUST008234,Loyal,Marketplace,REP002,2017-01-05 13:23:12,2018-08-30 16:31:16
CUST008235,Inactive,Referral,REP026,2017-02-12 00:00:00,2017-02-12 00:00:00
CUST008236,Loyal,Marketplace,REP014,2017-07-09 05:01:40,2018-08-22 18:23:19
CUST008237,Regular,Paid Search,REP018,2017-09-23 18:24:02,2017-12-26 20:02:55
CUST008238,Loyal,Organic,REP006,2017-02-15 00:43:32,2018-06-26 16:51:38
CUST008239,Regular,Paid Search,REP001,2017-01-01 15:08:19,2017-05-30 21:17:06
CUST008240,New,Email,REP018,2018-06-25 15:14:34,2018-06-25 15:14:34
CUST008241,Inactive,Organic,REP003,2017-09-11 00:00:00,2017-09-11 00:00:00
CUST008242,Loyal,Paid Search,REP002,2017-01-03 06:03:21,2018-06-14 03:10:27
CUST008243,Loyal,Referral,REP014,2017-02-24 12:21:11,2017-12-19 17:13:45
CUST008244,Loyal,Marketplace,REP022,2017-03-01 09:09:10,2018-05-28 17:07:00
CUST008245,Regular,Social,REP019,2017-05-10 20:04:05,2017-11-19 14:06:41
CUST008246,Regular,Referral,REP015,2017-12-16 07:31:34,2018-05-16 09:04:51
CUST008247,Loyal,Social,REP026,2017-03-05 18:35:19,2018-07-24 05:28:23
CUST008248,Inactive,Email,REP029,2017-09-15 19:25:14,2017-09-15 19:25:14
CUST008249,Loyal,Social,REP005,2017-01-30 12:59:42,2018-05-28 18:23:17
CUST008250,Regular,Paid Search,REP015,2017-05-21 01:04:40,2018-05-11 18:04:14
CUST008251,Regular,Email,REP029,2018-03-24 11:29:50,2018-09-05 20:00:13
CUST008252,Loyal,Paid Search,REP028,2017-05-05 23:57:22,2018-03-12 00:52:43
CUST008253,Inactive,Organic,REP016,2017-08-11 00:00:00,2017-08-11 00:00:00
CUST008254,Regular,Marketplace,REP007,2018-07-19 09:47:31,2018-09-23 10:24:56
CUST008255,Regular,Social,REP017,2017-04-06 08:12:20,2017-10-13 12:19:38
CUST008256,Regular,Social,REP013,2017-06-23 01:34:40,2018-08-23 05:30:29
CUST008257,Inactive,Social,REP018,2017-05-25 09:28:37,2017-05-25 09:28:37
CUST008258,New,Social,REP016,2018-05-14 00:00:00,2018-05-14 00:00:00
CUST008259,Inactive,Email,REP019,2018-01-04 01:09:12,2018-01-04 01:09:12
CUST008260,Loyal,Paid Search,REP012,2017-01-31 10:29:52,2018-01-24 14:02:35
CUST008261,Loyal,Paid Search,REP017,2017-02-18 16:47:19,2018-01-09 06:08:48
CUST008262,Regular,Marketplace,REP030,2017-08-08 06:21:15,2018-04-13 19:53:44
CUST008263,Inactive,Social,REP009,2017-05-27 21:27:00,2017-05-27 21:27:00
CUST008264,Loyal,Email,REP007,2017-03-23 01:34:16,2018-03-26 21:01:03
CUST008265,Loyal,Paid Search,REP020,2017-01-12 08:02:24,2018-03-13 21:00:08
CUST008266,Inactive,Organic,REP010,2017-01-10 18:16:38,2017-01-10 18:16:38
CUST008267,Loyal,Email,REP028,2017-01-17 12:39:08,2018-09-20 02:54:19
CUST008268,New,Referral,REP022,2018-09-11 00:00:00,2018-09-11 00:00:00
CUST008269,New,Marketplace,REP010,2018-08-18 08:44:05,2018-08-18 08:44:05
CUST008270,Regular,Paid Search,REP023,2017-04-17 19:53:38,2017-09-16 09:00:45
CUST008271,Regular,Social,REP012,2017-01-29 10:55:47,2017-06-16 16:02:07
CUST008272,Loyal,Paid Search,REP019,2017-10-16 18:04:10,2018-07-22 06:48:11
CUST008273,Loyal,Email,REP029,2017-06-16 06:49:14,2018-08-11 07:49:31
CUST008274,Regular,Social,REP026,2017-10-08 19:19:42,2018-09-02 18:30:36
CUST008275,Loyal,Marketplace,REP001,2017-03-16 05:39:23,2017-12-10 06:12:42
CUST008276,Regular,Organic,REP021,2017-06-01 22:32:32,2018-06-07 23:43:51
CUST008277,Regular,Referral,REP024,2017-11-09 22:01:27,2018-08-21 13:48:05
CUST008278,Loyal,Email,REP024,2017-09-19 08:56:27,2018-06-22 09:17:36
CUST008279,New,Referral,REP012,2018-06-30 00:00:00,2018-06-30 00:00:00
CUST008280,Inactive,Social,REP029,2017-03-27 00:00:00,2017-03-27 00:00:00
CUST008281,Loyal,Paid Search,REP010,2017-02-06 17:30:59,2018-03-28 21:01:57
CUST008282,Inactive,Marketplace,REP027,2017-11-14 21:07:48,2017-11-14 21:07:48
CUST008283,Regular,Paid Search,REP014,2018-01-20 22:30:01,2018-06-18 21:44:19
CUST008284,Loyal,Email,REP001,2017-05-24 22:07:55,2018-04-30 09:22:12
CUST008285,Regular,Social,REP023,2017-05-11 02:21:14,2018-07-04 10:07:46
CUST008286,Loyal,Marketplace,REP018,2018-01-04 10:51:32,2018-06-27 10:59:38
CUST008287,Loyal,Marketplace,REP004,2017-03-07 06:32:57,2018-04-14 16:26:52
CUST008288,Loyal,Referral,REP003,2017-01-31 21:32:44,2017-05-31 13:20:11
CUST008289,Loyal,Marketplace,REP029,2017-02-08 18:08:45,2018-01-24 13:21:18
CUST008290,Inactive,Paid Search,REP008,2018-02-25 01:36:09,2018-02-25 01:36:09
CUST008291,New,Referral,REP025,2018-07-20 02:39:36,2018-07-20 02:39:36
CUST008292,Loyal,Organic,REP025,2017-03-14 21:47:50,2018-08-14 10:42:24
CUST008293,New,Referral,REP005,2018-04-06 03:54:16,2018-04-06 03:54:16
CUST008294,Regular,Organic,REP028,2017-09-14 06:12:52,2018-05-11 10:41:24
CUST008295,Loyal,Social,REP022,2017-04-03 02:25:04,2018-04-13 16:31:36
CUST008296,Regular,Organic,REP030,2017-03-09 12:48:38,2017-12-17 20:12:33
CUST008297,Regular,Paid Search,REP027,2017-09-17 13:47:12,2018-08-30 01:09:47
CUST008298,Loyal,Marketplace,REP001,2017-05-24 10:27:33,2018-09-13 16:35:48
CUST008299,Loyal,Organic,REP009,2017-03-05 12:06:01,2017-08-13 13:46:53
CUST008300,Regular,Paid Search,REP024,2017-01-21 12:54:40,2017-01-26 21:32:20
CUST008301,Loyal,Social,REP020,2017-03-17 01:12:24,2018-04-30 22:55:02
CUST008302,Regular,Organic,REP020,2018-04-09 02:39:19,2018-04-18 22:24:02
CUST008303,VIP,Marketplace,REP001,2017-01-25 17:48:40,2018-09-21 02:50:49
CUST008304,Regular,Paid Search,REP008,2017-09-04 11:10:13,2018-03-02 13:23:24
CUST008305,Inactive,Social,REP010,2018-03-15 09:21:51,2018-03-15 09:21:51
CUST008306,Regular,Email,REP021,2017-01-16 11:51:03,2017-07-26 04:05:00
CUST008307,Loyal,Organic,REP013,2017-05-27 02:42:54,2018-07-08 08:50:16
CUST008308,Loyal,Referral,REP005,2017-01-30 09:38:05,2018-02-26 09:46:41
CUST008309,Regular,Email,REP013,2018-01-05 05:04:36,2018-01-23 12:13:38
CUST008310,Inactive,Paid Search,REP001,2018-02-14 09:09:58,2018-02-14 09:09:58
CUST008311,Loyal,Email,REP019,2017-03-10 11:24:41,2017-08-18 11:15:47
CUST008312,Inactive,Marketplace,REP030,2017-01-24 08:10:55,2017-01-24 08:10:55
CUST008313,VIP,Organic,REP028,2017-03-11 13:40:49,2018-01-10 01:35:09
CUST008314,Regular,Email,REP023,2017-11-24 16:40:05,2017-12-28 02:25:56
CUST008315,New,Social,REP003,2018-05-03 19:29:30,2018-05-03 19:29:30
CUST008316,Regular,Organic,REP021,2017-05-13 22:13:26,2017-07-15 11:21:42
CUST008317,Loyal,Paid Search,REP010,2017-02-12 10:26:38,2018-03-04 06:36:06
CUST008318,Loyal,Organic,REP018,2017-08-01 04:13:26,2018-09-22 01:42:07
CUST008319,Regular,Paid Search,REP025,2017-03-24 11:30:51,2017-08-07 06:08:19
CUST008320,Regular,Referral,REP029,2018-04-07 13:43:37,2018-09-13 09:45:25
CUST008321,Inactive,Social,REP030,2018-03-07 00:00:00,2018-03-07 00:00:00
CUST008322,New,Marketplace,REP010,2018-09-06 03:12:34,2018-09-06 03:12:34
CUST008323,Loyal,Social,REP026,2017-02-24 22:40:31,2018-07-04 16:58:07
CUST008324,Inactive,Referral,REP020,2018-02-18 00:00:00,2018-02-18 00:00:00
CUST008325,Loyal,Social,REP028,2017-07-15 11:23:05,2018-01-21 22:26:49
CUST008326,Loyal,Social,REP007,2017-03-08 17:09:35,2018-08-24 06:34:35
CUST008327,Regular,Organic,REP005,2017-06-18 20:11:22,2017-11-05 16:52:29
CUST008328,Inactive,Organic,REP030,2017-05-27 22:37:32,2017-05-27 22:37:32
CUST008329,Regular,Paid Search,REP008,2017-01-18 23:06:36,2018-05-13 04:44:14
CUST008330,Loyal,Referral,REP022,2017-06-13 23:08:41,2018-09-21 01:09:15
CUST008331,Loyal,Referral,REP020,2017-01-02 20:30:47,2018-07-04 06:51:12
CUST008332,Inactive,Marketplace,REP008,2017-06-06 00:00:00,2017-06-06 00:00:00
CUST008333,Loyal,Organic,REP027,2017-07-07 21:13:02,2018-06-21 16:27:05
CUST008334,Loyal,Referral,REP006,2017-01-03 17:05:54,2018-03-12 22:10:26
CUST008335,Regular,Email,REP007,2017-07-09 20:41:20,2017-10-21 10:28:46
CUST008336,Loyal,Email,REP024,2017-11-06 15:47:52,2018-05-24 09:45:55
CUST008337,Regular,Email,REP019,2017-04-27 00:50:15,2018-07-24 16:39:29
CUST008338,Inactive,Paid Search,REP004,2017-08-29 00:00:00,2017-08-29 00:00:00
CUST008339,Inactive,Social,REP017,2018-03-05 02:30:13,2018-03-05 02:30:13
CUST008340,Inactive,Social,REP014,2017-08-20 07:09:23,2017-08-20 07:09:23
CUST008341,Inactive,Social,REP013,2017-07-18 22:08:46,2017-07-18 22:08:46
CUST008342,Loyal,Marketplace,REP024,2017-02-20 00:57:23,2018-09-20 01:46:45
CUST008343,Loyal,Organic,REP024,2017-01-28 01:01:21,2018-06-27 23:16:49
CUST008344,Inactive,Paid Search,REP023,2017-12-02 17:52:27,2017-12-02 17:52:27
CUST008345,Loyal,Social,REP003,2017-05-31 12:40:59,2018-07-12 20:04:36
CUST008346,Loyal,Email,REP028,2017-03-19 04:23:11,2018-02-13 20:34:17
CUST008347,Inactive,Organic,REP019,2017-04-17 12:02:07,2017-04-17 12:02:07
CUST008348,Inactive,Social,REP014,2017-12-03 00:00:00,2017-12-03 00:00:00
CUST008349,Inactive,Referral,REP007,2018-02-17 00:00:00,2018-02-17 00:00:00
CUST008350,Inactive,Referral,REP014,2017-10-14 14:07:57,2017-10-14 14:07:57
CUST008351,New,Email,REP008,2018-07-05 00:00:00,2018-07-05 00:00:00
CUST008352,New,Marketplace,REP024,2018-08-06 15:52:23,2018-08-06 15:52:23
CUST008353,Loyal,Organic,REP017,2017-01-21 03:11:48,2018-01-02 14:18:57
CUST008354,Regular,Social,REP001,2017-03-12 00:46:12,2018-06-12 23:05:06
CUST008355,Regular,Paid Search,REP002,2017-05-07 06:30:44,2018-05-12 22:26:17
CUST008356,New,Marketplace,REP014,2018-07-22 17:54:31,2018-07-22 17:54:31
CUST008357,Loyal,Social,REP021,2017-04-16 11:37:38,2018-04-07 18:57:14
CUST008358,Regular,Marketplace,REP008,2018-03-18 16:07:54,2018-07-27 07:38:53
CUST008359,Loyal,Marketplace,REP015,2017-03-18 17:39:10,2017-06-06 20:27:27
CUST008360,Loyal,Marketplace,REP029,2017-02-10 01:22:37,2018-07-24 14:45:54
CUST008361,Loyal,Marketplace,REP010,2017-03-13 13:50:22,2017-11-13 15:19:42
CUST008362,Regular,Paid Search,REP028,2017-07-20 18:20:08,2018-06-20 15:13:56
CUST008363,VIP,Organic,REP017,2017-01-01 14:15:48,2018-09-21 01:24:16
CUST008364,Inactive,Paid Search,REP018,2017-03-15 13:27:17,2017-03-15 13:27:17
CUST008365,VIP,Organic,REP020,2017-05-13 20:54:17,2018-09-21 01:35:39
CUST008366,Loyal,Email,REP013,2017-04-08 14:44:51,2018-03-06 23:31:19
CUST008367,Loyal,Email,REP014,2017-10-22 08:10:45,2018-02-03 12:12:34
CUST008368,Loyal,Email,REP002,2017-10-08 15:59:10,2018-03-31 06:47:36
CUST008369,New,Organic,REP020,2018-05-11 00:00:00,2018-05-11 00:00:00
CUST008370,New,Social,REP024,2018-09-14 02:51:42,2018-09-14 02:51:42
CUST008371,Loyal,Email,REP007,2017-02-13 23:50:30,2018-05-20 11:16:42
CUST008372,Loyal,Email,REP018,2017-01-05 06:25:52,2017-10-26 01:17:50
CUST008373,Loyal,Organic,REP015,2017-04-17 15:51:23,2018-09-15 15:00:52
CUST008374,Loyal,Organic,REP014,2017-08-26 00:14:24,2018-08-16 01:22:58
CUST008375,Regular,Marketplace,REP006,2017-10-14 14:29:10,2018-09-11 20:19:21
CUST008376,Loyal,Organic,REP001,2017-01-29 20:13:18,2018-02-07 13:27:37
CUST008377,Inactive,Social,REP008,2017-05-25 14:01:26,2017-05-25 14:01:26
CUST008378,Loyal,Email,REP017,2017-01-07 17:50:19,2018-09-06 14:36:49
CUST008379,Regular,Marketplace,REP007,2017-08-22 15:25:40,2018-03-24 11:03:38
CUST008380,Regular,Email,REP004,2017-08-31 12:19:30,2018-07-08 12:03:25
CUST008381,Loyal,Marketplace,REP006,2018-01-19 20:26:31,2018-07-26 12:27:05
CUST008382,Inactive,Marketplace,REP016,2018-01-10 00:00:00,2018-01-10 00:00:00
CUST008383,Loyal,Referral,REP017,2017-01-18 06:11:12,2017-06-10 18:14:33
CUST008384,Loyal,Referral,REP003,2017-07-27 14:00:35,2018-09-17 20:10:01
CUST008385,Loyal,Organic,REP022,2017-01-24 05:22:02,2017-10-11 19:37:20
CUST008386,Regular,Paid Search,REP014,2017-05-19 11:37:17,2017-05-27 10:08:11
CUST008387,Inactive,Organic,REP030,2017-08-15 14:36:43,2017-08-15 14:36:43
CUST008388,Regular,Social,REP018,2017-02-06 17:17:24,2017-10-03 21:33:48
CUST008389,Regular,Organic,REP007,2017-10-01 10:30:23,2018-03-18 16:10:44
CUST008390,Regular,Referral,REP010,2017-03-08 17:39:28,2017-03-29 16:15:03
CUST008391,Regular,Social,REP016,2017-02-03 01:37:13,2017-11-04 20:47:44
CUST008392,Inactive,Paid Search,REP020,2017-09-22 23:52:03,2017-09-22 23:52:03
CUST008393,VIP,Email,REP005,2017-04-07 21:17:15,2018-06-15 16:51:19
CUST008394,New,Referral,REP002,2018-08-14 02:42:46,2018-08-14 02:42:46
CUST008395,Loyal,Paid Search,REP003,2017-04-02 10:51:50,2018-07-10 18:58:18
CUST008396,Regular,Paid Search,REP002,2017-01-27 07:30:28,2017-03-08 04:48:30
CUST008397,New,Paid Search,REP029,2018-08-08 18:58:55,2018-08-08 18:58:55
CUST008398,Loyal,Organic,REP002,2017-06-11 23:52:34,2018-02-01 08:38:55
CUST008399,Loyal,Email,REP025,2017-09-27 11:19:29,2018-04-17 20:33:10
CUST008400,Regular,Social,REP012,2017-02-12 14:09:53,2017-06-16 06:43:14
CUST008401,Loyal,Email,REP026,2017-02-28 09:08:06,2018-06-05 08:17:45
CUST008402,Loyal,Organic,REP017,2017-03-13 18:53:41,2018-03-16 01:28:58
CUST008403,Regular,Marketplace,REP026,2018-06-14 11:26:44,2018-07-28 22:36:14
CUST008404,Regular,Email,REP004,2017-11-30 01:25:18,2018-07-15 05:09:06
CUST008405,Loyal,Organic,REP002,2017-02-19 15:28:42,2018-05-15 06:01:58
CUST008406,Regular,Marketplace,REP010,2017-05-02 22:09:03,2017-07-16 16:00:46
CUST008407,Loyal,Referral,REP001,2017-02-04 12:33:44,2018-04-14 06:47:56
CUST008408,Inactive,Social,REP024,2017-03-23 03:28:56,2017-03-23 03:28:56
CUST008409,New,Social,REP022,2018-07-14 15:24:29,2018-07-14 15:24:29
CUST008410,Regular,Marketplace,REP004,2018-06-03 23:51:43,2018-08-26 17:29:31
CUST008411,Loyal,Email,REP016,2017-02-05 21:21:52,2018-09-23 16:57:32
CUST008412,Loyal,Organic,REP025,2017-03-11 09:22:34,2018-07-11 08:11:17
CUST008413,New,Marketplace,REP016,2018-04-12 00:00:00,2018-04-12 00:00:00
CUST008414,Loyal,Organic,REP004,2017-01-27 15:58:03,2018-05-18 07:54:28
CUST008415,Regular,Marketplace,REP019,2017-05-23 05:36:10,2018-01-20 03:01:10
CUST008416,Regular,Paid Search,REP029,2017-10-19 07:50:55,2018-04-29 15:41:22
CUST008417,Loyal,Paid Search,REP019,2017-08-19 20:44:24,2018-08-06 22:19:14
CUST008418,Loyal,Social,REP014,2017-02-04 02:22:04,2018-08-02 07:26:05
CUST008419,Loyal,Organic,REP030,2017-01-04 01:06:41,2018-05-01 12:52:20
CUST008420,Loyal,Social,REP030,2017-03-20 19:15:39,2018-04-23 12:48:57
CUST008421,Regular,Marketplace,REP014,2018-01-30 15:05:34,2018-04-09 17:55:23
CUST008422,Loyal,Marketplace,REP012,2017-05-10 02:36:42,2017-10-25 12:09:59
CUST008423,Loyal,Referral,REP015,2017-05-05 19:50:54,2018-07-28 16:04:58
CUST008424,VIP,Social,REP001,2017-01-10 01:09:19,2018-07-19 10:16:08
CUST008425,New,Organic,REP016,2018-07-30 01:35:39,2018-07-30 01:35:39
CUST008426,Regular,Email,REP009,2017-03-29 15:33:16,2018-08-27 05:25:25
CUST008427,Regular,Email,REP029,2017-09-26 23:15:56,2017-12-11 23:35:25
CUST008428,Loyal,Referral,REP030,2017-01-07 17:36:16,2018-04-19 08:29:44
CUST008429,Regular,Organic,REP005,2017-04-08 04:56:11,2017-04-23 00:53:43
CUST008430,Loyal,Paid Search,REP012,2017-01-25 13:40:32,2018-04-17 06:17:07
CUST008431,Inactive,Social,REP024,2017-03-28 11:07:59,2017-03-28 11:07:59
CUST008432,Regular,Referral,REP008,2017-01-11 00:34:27,2018-07-24 19:53:44
CUST008433,New,Marketplace,REP020,2018-08-27 12:51:25,2018-08-27 12:51:25
CUST008434,Inactive,Paid Search,REP015,2017-07-29 17:44:30,2017-07-29 17:44:30
CUST008435,Regular,Organic,REP024,2017-10-07 04:48:57,2018-09-24 00:50:59
CUST008436,Loyal,Email,REP008,2017-03-14 15:30:27,2018-05-25 08:39:08
CUST008437,Inactive,Email,REP006,2018-01-30 10:08:16,2018-01-30 10:08:16
CUST008438,New,Paid Search,REP014,2018-08-29 00:00:00,2018-08-29 00:00:00
CUST008439,Loyal,Marketplace,REP011,2017-01-05 04:51:53,2018-09-03 12:06:57
CUST008440,Loyal,Organic,REP025,2017-04-28 22:35:59,2018-02-08 21:23:15
CUST008441,VIP,Referral,REP030,2017-03-09 07:43:57,2018-08-14 22:33:53
CUST008442,Regular,Marketplace,REP028,2017-03-28 13:34:25,2017-11-28 22:45:39
CUST008443,New,Marketplace,REP018,2018-04-16 00:00:00,2018-04-16 00:00:00
CUST008444,Regular,Social,REP029,2017-07-27 08:57:43,2018-06-16 09:02:27
CUST008445,Regular,Email,REP010,2017-02-14 03:37:31,2018-02-12 19:46:16
CUST008446,Loyal,Social,REP022,2017-01-07 18:08:32,2018-09-27 12:12:13
CUST008447,Regular,Referral,REP028,2017-08-12 02:58:51,2018-03-16 02:52:44
CUST008448,New,Email,REP008,2018-09-18 17:19:14,2018-09-18 17:19:14
CUST008449,Regular,Paid Search,REP009,2017-04-17 04:02:11,2018-04-16 20:55:12
CUST008450,Loyal,Email,REP022,2017-04-22 07:21:26,2018-09-26 19:25:11
CUST008451,Regular,Marketplace,REP018,2017-05-02 08:51:52,2017-08-19 12:35:34
CUST008452,Loyal,Social,REP021,2017-08-03 17:40:11,2018-05-14 16:18:02
CUST008453,Regular,Marketplace,REP011,2017-03-11 22:16:52,2017-05-07 15:24:53
CUST008454,Regular,Paid Search,REP002,2017-02-28 04:17:57,2018-06-17 02:31:46
CUST008455,Loyal,Marketplace,REP020,2017-05-16 16:34:14,2017-10-15 07:50:52
CUST008456,Inactive,Marketplace,REP011,2017-07-26 00:00:00,2017-07-26 00:00:00
CUST008457,Loyal,Marketplace,REP015,2017-02-06 08:08:44,2018-05-27 19:45:16
CUST008458,Regular,Paid Search,REP026,2017-07-13 01:12:14,2018-03-22 06:19:38
CUST008459,New,Paid Search,REP016,2018-09-13 02:20:35,2018-09-13 02:20:35
CUST008460,Regular,Paid Search,REP023,2017-03-13 06:25:14,2018-06-20 17:52:52
CUST008461,Inactive,Referral,REP015,2017-09-14 15:49:53,2017-09-14 15:49:53
CUST008462,Inactive,Paid Search,REP012,2017-02-27 00:00:00,2017-02-27 00:00:00
CUST008463,Loyal,Organic,REP013,2017-07-28 00:08:42,2018-09-27 22:59:20
CUST008464,New,Paid Search,REP021,2018-08-28 00:00:00,2018-08-28 00:00:00
CUST008465,Loyal,Social,REP020,2017-05-09 12:29:33,2017-10-25 02:08:16
CUST008466,Regular,Organic,REP003,2018-05-20 23:00:51,2018-06-23 08:55:31
CUST008467,VIP,Referral,REP028,2017-03-30 13:46:34,2018-08-22 06:48:43
CUST008468,Inactive,Social,REP002,2017-09-25 04:57:52,2017-09-25 04:57:52
CUST008469,Loyal,Organic,REP002,2017-04-09 09:58:19,2017-10-09 01:23:55
CUST008470,Inactive,Social,REP011,2018-03-23 00:00:00,2018-03-23 00:00:00
CUST008471,Loyal,Paid Search,REP011,2017-03-11 15:16:18,2018-08-01 03:03:11
CUST008472,Regular,Organic,REP024,2017-07-26 04:45:28,2017-09-06 17:23:01
CUST008473,New,Email,REP013,2018-09-19 00:00:00,2018-09-19 00:00:00
CUST008474,New,Email,REP009,2018-04-04 10:51:23,2018-04-04 10:51:23
CUST008475,Inactive,Organic,REP028,2017-01-15 00:00:00,2017-01-15 00:00:00
CUST008476,Regular,Social,REP020,2017-06-12 15:55:31,2017-09-09 14:17:09
CUST008477,Regular,Paid Search,REP016,2018-03-09 04:06:27,2018-05-29 21:47:37
CUST008478,Inactive,Social,REP001,2018-01-27 00:20:58,2018-01-27 00:20:58
CUST008479,Loyal,Email,REP029,2017-02-20 19:28:56,2018-07-19 14:26:10
CUST008480,Inactive,Email,REP007,2017-12-26 16:50:12,2017-12-26 16:50:12
CUST008481,Loyal,Social,REP026,2017-01-30 15:32:37,2017-02-08 13:15:13
CUST008482,Inactive,Referral,REP004,2018-02-26 05:08:25,2018-02-26 05:08:25
CUST008483,Loyal,Email,REP016,2017-03-12 02:28:04,2018-09-01 21:32:23
CUST008484,Loyal,Organic,REP005,2017-01-16 17:44:37,2018-05-21 20:31:28
CUST008485,Loyal,Organic,REP025,2018-01-15 10:54:58,2018-07-17 21:56:39
CUST008486,Loyal,Referral,REP005,2017-07-28 21:23:11,2018-08-07 05:51:09
CUST008487,Regular,Social,REP030,2017-11-03 23:55:35,2018-01-30 19:42:18
CUST008488,Regular,Referral,REP014,2017-12-14 05:23:04,2018-02-27 03:51:38
CUST008489,New,Social,REP007,2018-07-29 12:55:45,2018-07-29 12:55:45
CUST008490,Loyal,Paid Search,REP006,2017-01-20 05:33:39,2017-10-16 13:34:51
CUST008491,Loyal,Organic,REP004,2017-06-13 18:09:18,2018-06-29 05:19:24
CUST008492,Loyal,Paid Search,REP023,2017-01-19 17:00:05,2017-09-30 05:31:51
CUST008493,Loyal,Organic,REP023,2017-10-30 17:21:15,2018-09-22 08:11:10
CUST008494,Loyal,Paid Search,REP007,2017-02-17 16:05:02,2017-10-17 02:45:43
CUST008495,New,Organic,REP005,2018-09-26 16:33:57,2018-09-26 16:33:57
CUST008496,Inactive,Referral,REP006,2018-02-27 09:50:37,2018-02-27 09:50:37
CUST008497,Regular,Social,REP003,2018-07-07 08:39:16,2018-08-18 14:32:58
CUST008498,Inactive,Organic,REP005,2017-02-20 00:00:00,2017-02-20 00:00:00
CUST008499,New,Marketplace,REP016,2018-08-02 17:47:17,2018-08-02 17:47:17
CUST008500,Regular,Marketplace,REP005,2017-07-09 21:13:57,2018-07-26 21:08:09
CUST008501,Regular,Organic,REP016,2018-03-15 22:02:21,2018-08-29 09:53:22
CUST008502,Regular,Email,REP009,2018-03-18 09:29:50,2018-04-09 16:13:24
CUST008503,Inactive,Paid Search,REP014,2017-06-26 00:00:00,2017-06-26 00:00:00
CUST008504,Inactive,Marketplace,REP014,2017-01-07 11:42:54,2017-01-07 11:42:54
CUST008505,Regular,Social,REP016,2017-12-28 05:17:55,2018-06-20 22:30:33
CUST008506,Loyal,Email,REP002,2017-09-21 00:12:08,2018-07-22 18:12:44
CUST008507,Regular,Email,REP012,2017-04-13 06:50:20,2017-08-21 06:23:05
CUST008508,Loyal,Email,REP015,2017-05-27 23:33:36,2018-06-12 17:20:53
CUST008509,VIP,Social,REP012,2017-01-22 05:23:05,2018-03-08 06:31:32
CUST008510,Regular,Paid Search,REP028,2018-05-06 18:52:03,2018-08-28 10:27:46
CUST008511,VIP,Organic,REP025,2017-01-18 18:47:51,2018-09-17 01:33:01
CUST008512,Loyal,Social,REP020,2017-12-07 18:19:54,2018-04-24 03:53:18
CUST008513,Regular,Marketplace,REP009,2018-02-07 23:32:06,2018-03-01 03:21:32
CUST008514,New,Social,REP008,2018-08-20 12:58:05,2018-08-20 12:58:05
CUST008515,Loyal,Paid Search,REP010,2017-02-18 03:45:53,2018-07-18 22:02:27
CUST008516,Loyal,Marketplace,REP010,2017-01-08 13:39:15,2018-02-27 13:33:43
CUST008517,Loyal,Paid Search,REP018,2017-08-01 09:31:44,2018-08-03 19:34:09
CUST008518,Loyal,Email,REP028,2017-09-06 12:09:05,2018-03-02 14:30:50
CUST008519,Loyal,Email,REP024,2017-12-13 17:45:35,2018-05-01 00:25:16
CUST008520,Regular,Social,REP006,2017-11-02 20:17:56,2018-08-25 09:50:53
CUST008521,Regular,Marketplace,REP028,2017-03-02 06:36:06,2017-05-31 07:08:19
CUST008522,New,Social,REP014,2018-07-22 00:00:00,2018-07-22 00:00:00
CUST008523,Regular,Marketplace,REP008,2017-01-27 04:39:36,2017-12-11 17:06:02
CUST008524,Regular,Email,REP014,2017-09-05 12:41:25,2017-09-14 03:33:52
CUST008525,Loyal,Organic,REP022,2017-06-06 22:42:17,2017-08-26 10:53:42
CUST008526,Inactive,Marketplace,REP011,2017-01-07 15:04:48,2017-01-07 15:04:48
CUST008527,Regular,Social,REP009,2017-08-15 17:11:49,2018-09-25 08:31:37
CUST008528,Regular,Marketplace,REP009,2017-08-30 15:52:27,2017-09-04 02:08:13
CUST008529,Inactive,Social,REP022,2017-08-24 23:14:37,2017-08-24 23:14:37
CUST008530,Loyal,Email,REP012,2017-06-04 18:11:24,2018-08-07 21:23:40
CUST008531,Inactive,Marketplace,REP006,2017-11-07 00:00:00,2017-11-07 00:00:00
CUST008532,Inactive,Paid Search,REP010,2017-11-27 00:46:37,2017-11-27 00:46:37
CUST008533,Loyal,Paid Search,REP014,2017-03-02 10:36:22,2018-02-22 07:24:31
CUST008534,New,Organic,REP008,2018-08-09 05:37:45,2018-08-09 05:37:45
CUST008535,Loyal,Social,REP018,2017-01-24 23:37:46,2018-05-10 17:27:03
CUST008536,New,Email,REP029,2018-09-10 22:35:51,2018-09-10 22:35:51
CUST008537,Loyal,Email,REP002,2017-04-27 00:07:45,2018-03-01 19:19:53
CUST008538,Regular,Marketplace,REP027,2017-10-02 11:06:25,2018-09-21 21:55:16
CUST008539,Loyal,Social,REP029,2017-01-09 12:19:52,2018-09-08 06:38:03
CUST008540,Regular,Social,REP021,2017-01-19 11:46:58,2018-05-30 10:48:38
CUST008541,Loyal,Referral,REP026,2017-05-14 02:28:52,2017-11-22 06:55:55
CUST008542,VIP,Marketplace,REP002,2017-02-24 10:20:23,2018-08-23 10:12:26
CUST008543,Loyal,Marketplace,REP017,2017-11-25 07:12:23,2018-08-15 06:20:34
CUST008544,Regular,Social,REP005,2017-11-05 16:40:36,2017-11-26 06:40:57
CUST008545,Loyal,Referral,REP023,2017-06-01 16:07:55,2018-01-26 05:37:42
CUST008546,Regular,Paid Search,REP024,2018-03-06 18:56:23,2018-06-22 19:12:07
CUST008547,Loyal,Social,REP007,2017-11-25 19:22:33,2018-03-24 01:53:26
CUST008548,Loyal,Social,REP004,2017-01-19 21:47:13,2017-09-04 15:24:49
CUST008549,Loyal,Marketplace,REP003,2017-08-24 11:28:44,2018-07-04 02:57:57
CUST008550,Regular,Paid Search,REP028,2017-10-20 16:07:45,2017-11-16 22:05:58
CUST008551,Loyal,Organic,REP025,2017-01-05 08:27:31,2017-12-24 08:21:53
CUST008552,Inactive,Social,REP012,2017-07-15 22:23:01,2017-07-15 22:23:01
CUST008553,Inactive,Social,REP019,2017-05-13 22:04:38,2017-05-13 22:04:38
CUST008554,Inactive,Social,REP018,2018-03-07 13:29:06,2018-03-07 13:29:06
CUST008555,Regular,Marketplace,REP026,2018-05-24 03:18:56,2018-07-30 20:23:59
CUST008556,New,Email,REP021,2018-07-10 08:12:35,2018-07-10 08:12:35
CUST008557,Inactive,Organic,REP002,2017-07-08 07:31:13,2017-07-08 07:31:13
CUST008558,Inactive,Marketplace,REP020,2017-10-09 08:42:30,2017-10-09 08:42:30
CUST008559,New,Email,REP020,2018-08-23 09:05:43,2018-08-23 09:05:43
CUST008560,Loyal,Email,REP013,2017-09-29 02:42:40,2018-05-26 23:36:21
CUST008561,Loyal,Paid Search,REP021,2017-02-24 20:52:33,2017-12-03 13:13:18
CUST008562,Regular,Email,REP012,2017-02-18 05:39:04,2018-08-29 15:41:24
CUST008563,Regular,Referral,REP018,2017-10-02 12:52:44,2018-01-19 18:09:06
CUST008564,Inactive,Social,REP016,2017-09-22 05:41:58,2017-09-22 05:41:58
CUST008565,Loyal,Organic,REP005,2017-05-23 07:46:35,2018-02-14 17:45:15
CUST008566,Inactive,Social,REP003,2017-01-07 16:16:31,2017-01-07 16:16:31
CUST008567,Regular,Marketplace,REP008,2018-04-28 01:17:48,2018-07-24 01:43:19
CUST008568,Loyal,Paid Search,REP016,2017-03-10 17:25:51,2017-09-30 01:32:45
CUST008569,Loyal,Organic,REP024,2017-03-18 20:29:18,2018-03-28 08:05:07
CUST008570,Loyal,Email,REP004,2017-01-09 09:19:14,2018-05-12 20:28:16
CUST008571,Regular,Social,REP014,2017-07-13 03:47:49,2018-02-07 20:46:17
CUST008572,Regular,Email,REP023,2017-02-12 15:37:23,2017-05-01 20:08:22
CUST008573,Loyal,Paid Search,REP011,2017-03-13 16:44:44,2018-07-27 21:35:36
CUST008574,Loyal,Referral,REP009,2017-04-25 03:55:15,2018-08-04 01:17:44
CUST008575,VIP,Referral,REP007,2017-04-18 03:01:18,2018-02-07 21:31:45
CUST008576,Loyal,Referral,REP002,2017-04-21 03:59:11,2017-12-18 13:48:31
CUST008577,Inactive,Organic,REP008,2017-06-29 20:13:10,2017-06-29 20:13:10
CUST008578,Loyal,Email,REP021,2017-01-21 23:33:09,2018-06-30 08:42:14
CUST008579,Loyal,Paid Search,REP004,2017-02-21 21:37:26,2018-03-17 07:14:30
CUST008580,Loyal,Paid Search,REP005,2017-06-25 19:47:40,2018-02-05 10:17:53
CUST008581,Regular,Email,REP002,2017-09-26 22:52:33,2018-05-30 12:11:44
CUST008582,Loyal,Email,REP016,2017-05-03 22:01:19,2018-08-26 03:42:07
CUST008583,Loyal,Referral,REP018,2017-05-19 15:39:29,2018-07-06 06:21:56
CUST008584,Regular,Email,REP023,2017-03-21 06:59:33,2017-09-21 00:44:33
CUST008585,Loyal,Email,REP014,2017-12-17 11:43:35,2018-09-25 19:02:07
CUST008586,Loyal,Email,REP002,2017-02-05 00:26:16,2018-03-02 16:22:11
CUST008587,Inactive,Organic,REP014,2017-02-19 16:38:31,2017-02-19 16:38:31
CUST008588,Inactive,Referral,REP008,2017-08-17 00:08:18,2017-08-17 00:08:18
CUST008589,Regular,Paid Search,REP001,2017-09-12 01:53:49,2018-09-18 14:30:14
CUST008590,Loyal,Email,REP003,2017-03-10 13:16:53,2018-08-06 01:03:14
CUST008591,New,Referral,REP020,2018-06-14 05:38:23,2018-06-14 05:38:23
CUST008592,Inactive,Referral,REP020,2017-12-01 00:00:00,2017-12-01 00:00:00
CUST008593,New,Organic,REP022,2018-06-10 00:00:00,2018-06-10 00:00:00
CUST008594,Regular,Marketplace,REP003,2017-05-03 05:35:05,2017-09-28 10:34:23
CUST008595,Regular,Organic,REP005,2017-04-06 17:43:39,2018-06-11 15:01:59
CUST008596,VIP,Email,REP009,2017-03-08 23:12:29,2018-09-28 22:27:19
CUST008597,Loyal,Organic,REP004,2017-03-27 10:35:03,2017-08-15 08:31:37
CUST008598,Inactive,Organic,REP022,2017-11-20 00:00:00,2017-11-20 00:00:00
CUST008599,New,Referral,REP007,2018-05-08 00:00:00,2018-05-08 00:00:00
CUST008600,Loyal,Email,REP016,2017-12-17 01:15:36,2018-02-02 07:57:04
CUST008601,Loyal,Marketplace,REP014,2017-07-04 19:56:17,2018-02-09 16:01:06
CUST008602,Loyal,Organic,REP024,2017-11-14 14:59:19,2018-09-29 05:16:26
CUST008603,Regular,Email,REP024,2018-05-30 20:26:23,2018-07-29 06:29:10
CUST008604,New,Email,REP009,2018-05-06 03:15:50,2018-05-06 03:15:50
CUST008605,Loyal,Marketplace,REP001,2018-04-02 05:53:06,2018-09-12 00:56:57
CUST008606,Loyal,Referral,REP029,2017-05-04 16:54:08,2018-04-27 07:57:50
CUST008607,Loyal,Referral,REP021,2017-02-19 18:44:39,2018-01-07 22:37:16
CUST008608,Inactive,Social,REP024,2017-02-22 22:52:28,2017-02-22 22:52:28
CUST008609,New,Social,REP005,2018-08-22 00:00:00,2018-08-22 00:00:00
CUST008610,Regular,Social,REP027,2017-02-22 06:37:16,2017-11-09 21:11:04
CUST008611,Regular,Email,REP007,2017-08-10 00:01:42,2017-12-10 19:29:02
CUST008612,Loyal,Social,REP021,2017-05-10 13:12:00,2018-07-04 11:11:38
CUST008613,Loyal,Email,REP007,2017-02-26 04:21:37,2017-09-29 04:35:50
CUST008614,New,Email,REP002,2018-09-29 12:46:58,2018-09-29 12:46:58
CUST008615,Inactive,Social,REP011,2017-11-13 17:31:12,2017-11-13 17:31:12
CUST008616,Loyal,Marketplace,REP017,2017-02-17 06:02:06,2018-07-29 06:14:17
CUST008617,Regular,Referral,REP001,2017-05-19 16:06:20,2018-04-05 05:21:51
CUST008618,Loyal,Referral,REP020,2017-07-03 19:30:14,2018-03-17 21:25:49
CUST008619,Inactive,Marketplace,REP029,2018-03-17 00:00:00,2018-03-17 00:00:00
CUST008620,Loyal,Social,REP010,2017-11-17 08:43:05,2018-07-23 12:39:36
CUST008621,Regular,Email,REP028,2017-02-02 23:53:02,2017-04-28 12:08:17
CUST008622,Loyal,Organic,REP030,2017-04-04 10:48:32,2018-08-12 20:01:12
CUST008623,Regular,Marketplace,REP020,2018-06-12 14:14:05,2018-07-21 08:12:35
CUST008624,Regular,Referral,REP018,2017-10-11 18:56:38,2017-11-23 21:07:32
CUST008625,VIP,Referral,REP007,2017-01-22 05:34:03,2018-03-16 02:36:21
CUST008626,Loyal,Referral,REP028,2017-07-09 14:56:41,2018-08-04 06:58:54
CUST008627,Regular,Organic,REP008,2017-11-17 15:49:25,2018-04-25 23:09:42
CUST008628,Loyal,Social,REP020,2017-03-17 02:35:49,2018-07-14 18:00:31
CUST008629,Regular,Paid Search,REP027,2017-08-29 05:27:29,2017-12-23 03:58:46
CUST008630,VIP,Organic,REP004,2017-01-15 15:00:42,2018-07-02 17:36:22
CUST008631,New,Organic,REP023,2018-07-09 15:46:21,2018-07-09 15:46:21
CUST008632,Regular,Social,REP027,2017-07-31 18:04:55,2017-08-10 16:30:07
CUST008633,Regular,Email,REP013,2017-07-22 16:05:41,2018-06-14 15:24:07
CUST008634,Inactive,Paid Search,REP022,2018-02-24 01:36:28,2018-02-24 01:36:28
CUST008635,New,Marketplace,REP013,2018-08-29 12:25:55,2018-08-29 12:25:55
CUST008636,VIP,Referral,REP014,2017-04-08 06:05:02,2018-07-13 04:43:34
CUST008637,Inactive,Social,REP008,2018-01-20 05:20:16,2018-01-20 05:20:16
CUST008638,Regular,Marketplace,REP002,2018-05-09 01:09:49,2018-05-12 15:55:37
CUST008639,Loyal,Marketplace,REP002,2017-06-19 00:41:41,2018-08-21 02:45:55
CUST008640,Loyal,Organic,REP021,2017-01-23 01:00:44,2018-07-31 20:56:17
CUST008641,New,Organic,REP009,2018-08-30 00:00:00,2018-08-30 00:00:00
CUST008642,Inactive,Marketplace,REP008,2017-06-07 15:56:29,2017-06-07 15:56:29
CUST008643,Loyal,Referral,REP030,2017-04-16 09:46:11,2018-04-07 15:05:36
CUST008644,VIP,Marketplace,REP002,2017-06-05 03:23:57,2018-07-03 22:09:41
CUST008645,Regular,Social,REP016,2017-02-11 11:33:55,2017-11-10 01:08:53
CUST008646,Regular,Email,REP012,2018-08-02 21:11:05,2018-08-17 01:53:10
CUST008647,Regular,Organic,REP024,2017-02-22 22:06:14,2017-12-12 04:37:28
CUST008648,Inactive,Email,REP010,2017-08-28 00:00:00,2017-08-28 00:00:00
CUST008649,Loyal,Email,REP019,2017-03-14 14:58:09,2018-07-03 16:36:39
CUST008650,Regular,Email,REP013,2017-06-22 10:26:04,2018-03-07 06:57:23
CUST008651,Regular,Email,REP022,2017-01-29 17:21:11,2018-03-09 04:03:53
CUST008652,Inactive,Referral,REP014,2018-03-10 00:00:00,2018-03-10 00:00:00
CUST008653,Loyal,Email,REP024,2017-05-31 14:23:55,2018-03-11 19:59:09
CUST008654,VIP,Paid Search,REP018,2017-01-09 07:32:59,2018-09-23 17:50:23
CUST008655,Loyal,Organic,REP025,2017-01-29 03:52:33,2018-09-25 23:58:08
CUST008656,Loyal,Referral,REP010,2017-01-06 19:10:30,2018-07-24 00:44:18
CUST008657,VIP,Paid Search,REP007,2017-01-04 05:25:42,2018-07-06 23:45:43
CUST008658,Inactive,Email,REP015,2017-10-13 19:43:49,2017-10-13 19:43:49
CUST008659,New,Marketplace,REP001,2018-06-10 01:39:36,2018-06-10 01:39:36
CUST008660,Regular,Paid Search,REP007,2017-07-29 20:47:44,2017-11-29 04:06:30
CUST008661,New,Social,REP022,2018-05-22 07:34:59,2018-05-22 07:34:59
CUST008662,Inactive,Marketplace,REP009,2017-06-10 06:29:13,2017-06-10 06:29:13
CUST008663,Regular,Paid Search,REP027,2017-09-26 21:14:33,2018-03-17 12:57:38
CUST008664,Loyal,Social,REP020,2017-03-02 14:52:49,2018-07-11 19:49:14
CUST008665,Loyal,Marketplace,REP005,2017-01-13 16:39:32,2018-08-15 20:08:46
CUST008666,Regular,Social,REP028,2017-11-28 02:33:30,2017-12-11 08:30:31
CUST008667,Loyal,Marketplace,REP025,2018-01-31 10:49:32,2018-08-21 17:21:50
CUST008668,Regular,Paid Search,REP029,2017-04-08 03:01:40,2018-08-16 00:25:49
CUST008669,Regular,Organic,REP027,2017-02-06 12:42:09,2017-09-30 13:28:02
CUST008670,Loyal,Organic,REP018,2017-01-20 03:51:53,2017-11-21 15:12:36
CUST008671,Loyal,Referral,REP027,2017-05-15 16:06:09,2018-06-18 08:11:24
CUST008672,Regular,Organic,REP029,2017-07-08 01:10:08,2017-09-09 16:03:19
CUST008673,Regular,Organic,REP007,2017-05-22 14:04:08,2018-09-14 09:09:02
CUST008674,Loyal,Organic,REP024,2017-06-18 08:18:58,2018-08-03 02:16:20
CUST008675,Loyal,Email,REP029,2017-03-17 02:06:08,2018-05-02 12:07:53
CUST008676,New,Social,REP011,2018-05-06 14:29:53,2018-05-06 14:29:53
CUST008677,Loyal,Referral,REP008,2017-12-28 13:55:44,2018-05-28 05:58:19
CUST008678,Regular,Referral,REP023,2017-04-03 17:03:58,2017-12-13 15:58:59
CUST008679,Regular,Email,REP029,2017-02-09 13:17:03,2018-06-05 06:16:30
CUST008680,Loyal,Marketplace,REP001,2017-02-12 01:23:27,2018-04-20 08:31:20
CUST008681,Loyal,Social,REP015,2017-08-29 08:15:59,2018-04-21 00:14:14
CUST008682,Loyal,Email,REP005,2017-03-29 09:37:33,2018-04-18 03:20:44
CUST008683,Regular,Email,REP027,2017-09-06 18:42:29,2017-11-28 22:49:52
CUST008684,Loyal,Social,REP021,2017-01-25 11:45:17,2018-06-10 18:22:35
CUST008685,Regular,Social,REP019,2017-07-19 09:27:48,2017-08-17 07:09:54
CUST008686,Loyal,Paid Search,REP029,2017-01-26 00:55:54,2018-05-28 02:00:25
CUST008687,VIP,Organic,REP013,2017-05-07 21:46:56,2018-08-31 21:38:53
CUST008688,Loyal,Social,REP019,2017-02-12 03:32:41,2018-07-27 10:56:51
CUST008689,Inactive,Paid Search,REP028,2017-10-06 12:14:03,2017-10-06 12:14:03
CUST008690,New,Marketplace,REP028,2018-04-14 00:00:00,2018-04-14 00:00:00
CUST008691,Inactive,Paid Search,REP004,2017-08-12 00:00:00,2017-08-12 00:00:00
CUST008692,Inactive,Organic,REP005,2017-12-29 10:07:16,2017-12-29 10:07:16
CUST008693,Regular,Social,REP014,2017-11-20 02:13:10,2018-04-15 12:20:17
CUST008694,Loyal,Referral,REP015,2017-02-06 03:32:02,2017-06-03 08:59:55
CUST008695,Loyal,Social,REP015,2017-01-08 03:53:07,2018-08-31 01:57:52
CUST008696,VIP,Paid Search,REP025,2017-01-12 06:37:34,2018-07-26 17:56:18
CUST008697,Inactive,Marketplace,REP001,2017-10-14 16:45:50,2017-10-14 16:45:50
CUST008698,VIP,Marketplace,REP005,2017-06-20 13:38:02,2018-07-15 15:18:38
CUST008699,Regular,Email,REP029,2017-09-26 22:52:02,2018-01-13 21:42:16
CUST008700,Inactive,Organic,REP024,2017-03-27 00:00:00,2017-03-27 00:00:00
CUST008701,New,Marketplace,REP002,2018-04-24 20:36:08,2018-04-24 20:36:08
CUST008702,Loyal,Social,REP024,2017-01-22 19:38:27,2018-06-03 01:44:24
CUST008703,Inactive,Referral,REP014,2017-01-21 00:00:00,2017-01-21 00:00:00
CUST008704,Loyal,Organic,REP019,2017-05-16 15:40:46,2018-03-10 13:37:38
CUST008705,VIP,Paid Search,REP026,2017-08-27 08:13:49,2018-07-09 22:09:26
CUST008706,Inactive,Referral,REP029,2017-04-23 00:00:00,2017-04-23 00:00:00
CUST008707,Loyal,Email,REP001,2017-05-09 14:57:46,2018-03-23 07:54:54
CUST008708,Regular,Marketplace,REP010,2017-05-13 23:17:06,2018-08-26 10:25:42
CUST008709,Inactive,Organic,REP009,2017-11-28 20:29:08,2017-11-28 20:29:08
CUST008710,Regular,Paid Search,REP017,2018-04-16 09:30:43,2018-08-04 04:37:00
CUST008711,Loyal,Social,REP024,2017-09-25 01:25:52,2018-09-25 11:46:44
CUST008712,Regular,Social,REP004,2017-01-21 04:41:34,2017-08-04 19:28:54
CUST008713,Inactive,Paid Search,REP015,2017-09-29 00:00:00,2017-09-29 00:00:00
CUST008714,Regular,Social,REP019,2018-05-09 18:38:11,2018-08-30 07:33:00
CUST008715,Inactive,Paid Search,REP006,2017-10-21 00:00:00,2017-10-21 00:00:00
CUST008716,Regular,Organic,REP028,2017-10-03 15:02:00,2018-08-04 23:33:58
CUST008717,Regular,Referral,REP012,2017-12-21 15:09:25,2018-09-11 06:22:19
CUST008718,Loyal,Organic,REP028,2017-07-26 11:40:18,2018-07-27 14:47:36
CUST008719,Loyal,Email,REP007,2017-04-19 15:34:29,2018-02-28 04:11:11
CUST008720,Loyal,Paid Search,REP009,2017-12-05 04:28:44,2018-06-21 01:44:45
CUST008721,Loyal,Social,REP015,2017-07-19 01:59:48,2018-01-28 23:41:18
CUST008722,New,Organic,REP027,2018-06-02 15:39:31,2018-06-02 15:39:31
CUST008723,Inactive,Email,REP013,2017-02-12 23:12:15,2017-02-12 23:12:15
CUST008724,Regular,Social,REP005,2017-11-11 08:06:04,2018-03-24 12:57:54
CUST008725,Regular,Paid Search,REP024,2017-01-30 22:32:54,2017-08-28 13:49:41
CUST008726,Regular,Organic,REP020,2018-08-05 23:58:23,2018-08-30 20:35:40
CUST008727,Regular,Referral,REP018,2017-01-11 16:51:08,2017-10-21 18:21:53
CUST008728,Regular,Referral,REP007,2018-07-28 15:25:42,2018-08-27 03:38:06
CUST008729,Inactive,Email,REP010,2017-08-10 20:21:31,2017-08-10 20:21:31
CUST008730,Regular,Paid Search,REP007,2017-12-29 14:26:43,2018-01-04 23:41:34
CUST008731,Loyal,Email,REP014,2017-08-22 18:18:48,2018-05-24 21:22:43
CUST008732,Inactive,Referral,REP001,2018-02-20 23:04:45,2018-02-20 23:04:45
CUST008733,Inactive,Social,REP019,2017-06-29 05:27:19,2017-06-29 05:27:19
CUST008734,Loyal,Paid Search,REP028,2017-04-19 19:04:51,2018-07-21 07:50:48
CUST008735,Inactive,Paid Search,REP024,2017-04-22 18:02:58,2017-04-22 18:02:58
CUST008736,Regular,Email,REP024,2017-05-21 11:09:39,2018-08-26 22:59:11
CUST008737,New,Marketplace,REP006,2018-09-26 01:13:31,2018-09-26 01:13:31
CUST008738,Regular,Marketplace,REP004,2017-12-18 11:33:39,2018-07-29 03:44:14
CUST008739,Inactive,Paid Search,REP002,2017-05-15 17:20:09,2017-05-15 17:20:09
CUST008740,Inactive,Marketplace,REP024,2017-09-26 13:31:13,2017-09-26 13:31:13
CUST008741,Inactive,Referral,REP015,2018-02-03 00:00:00,2018-02-03 00:00:00
CUST008742,Loyal,Organic,REP016,2017-04-04 05:43:07,2018-03-05 13:31:38
CUST008743,Loyal,Social,REP003,2017-05-23 12:29:19,2018-09-03 13:52:36
CUST008744,Loyal,Referral,REP015,2017-06-17 11:12:34,2018-01-26 05:37:21
CUST008745,Regular,Email,REP004,2017-05-06 20:22:00,2018-09-15 17:15:16
CUST008746,Loyal,Email,REP004,2017-02-06 19:06:42,2018-07-03 15:48:11
CUST008747,Regular,Paid Search,REP004,2017-09-12 23:51:05,2018-02-22 01:50:20
CUST008748,Loyal,Organic,REP001,2017-04-29 06:25:15,2018-05-30 04:42:45
CUST008749,VIP,Social,REP015,2017-01-20 23:19:38,2018-03-24 22:46:52
CUST008750,Regular,Paid Search,REP029,2017-08-15 06:53:46,2017-11-29 17:58:37
CUST008751,Regular,Email,REP024,2018-01-01 20:36:15,2018-03-20 18:31:33
CUST008752,Loyal,Organic,REP006,2017-02-01 02:39:27,2017-12-16 20:21:57
CUST008753,Inactive,Email,REP017,2017-05-30 05:47:40,2017-05-30 05:47:40
CUST008754,Loyal,Marketplace,REP020,2017-10-16 11:10:18,2018-06-04 16:17:02
CUST008755,Loyal,Marketplace,REP002,2017-05-18 23:13:14,2018-05-19 12:48:50
CUST008756,Loyal,Organic,REP021,2017-04-24 09:46:29,2018-03-13 00:37:06
CUST008757,Loyal,Paid Search,REP012,2017-08-18 05:43:02,2018-07-13 23:08:18
CUST008758,New,Email,REP029,2018-04-21 00:00:00,2018-04-21 00:00:00
CUST008759,Loyal,Organic,REP002,2017-03-08 12:23:11,2018-02-18 03:15:26
CUST008760,Loyal,Referral,REP024,2017-01-06 19:27:07,2018-01-18 19:17:25
CUST008761,Inactive,Organic,REP001,2018-03-26 07:13:06,2018-03-26 07:13:06
CUST008762,Inactive,Email,REP016,2017-03-12 00:00:00,2017-03-12 00:00:00
CUST008763,New,Paid Search,REP011,2018-09-10 01:22:54,2018-09-10 01:22:54
CUST008764,New,Organic,REP027,2018-07-06 00:00:00,2018-07-06 00:00:00
CUST008765,New,Social,REP025,2018-07-02 08:47:06,2018-07-02 08:47:06
CUST008766,Regular,Marketplace,REP008,2017-04-14 18:17:15,2018-08-06 13:03:58
CUST008767,Regular,Email,REP008,2018-05-07 17:02:05,2018-07-12 19:07:12
CUST008768,Regular,Marketplace,REP022,2017-06-08 16:10:23,2018-08-08 17:16:28
CUST008769,VIP,Organic,REP003,2017-01-07 06:22:45,2018-05-21 21:19:44
CUST008770,Inactive,Organic,REP007,2017-10-24 09:37:53,2017-10-24 09:37:53
CUST008771,Inactive,Referral,REP020,2017-03-24 19:59:00,2017-03-24 19:59:00
CUST008772,Regular,Referral,REP014,2017-01-24 15:23:36,2018-06-12 09:42:38
CUST008773,Inactive,Organic,REP003,2017-10-20 16:34:43,2017-10-20 16:34:43
CUST008774,VIP,Marketplace,REP021,2017-04-12 10:21:47,2018-03-06 11:32:20
CUST008775,Inactive,Social,REP010,2017-11-20 23:11:47,2017-11-20 23:11:47
CUST008776,Loyal,Paid Search,REP025,2017-02-06 12:44:12,2018-07-28 06:15:01
CUST008777,Loyal,Referral,REP017,2017-05-22 09:28:55,2018-06-19 23:37:58
CUST008778,New,Marketplace,REP012,2018-07-26 00:00:00,2018-07-26 00:00:00
CUST008779,Regular,Email,REP005,2017-08-15 17:43:02,2018-01-29 08:34:09
CUST008780,Loyal,Organic,REP024,2017-12-30 02:01:05,2018-07-09 10:52:28
CUST008781,Regular,Marketplace,REP030,2018-01-10 01:09:22,2018-04-05 00:18:34
CUST008782,New,Email,REP026,2018-04-07 00:07:10,2018-04-07 00:07:10
CUST008783,New,Paid Search,REP018,2018-06-25 00:00:00,2018-06-25 00:00:00
CUST008784,Regular,Paid Search,REP003,2017-06-20 20:21:34,2017-08-17 08:45:53
CUST008785,Regular,Social,REP029,2018-01-01 20:58:29,2018-02-08 16:00:59
CUST008786,Loyal,Marketplace,REP015,2017-05-08 13:46:55,2018-01-05 02:39:23
CUST008787,Loyal,Organic,REP029,2017-04-14 23:41:29,2018-04-05 05:06:13
CUST008788,Inactive,Paid Search,REP013,2017-01-25 11:51:40,2017-01-25 11:51:40
CUST008789,Loyal,Organic,REP022,2017-12-28 03:16:10,2018-03-29 01:27:53
CUST008790,Regular,Email,REP021,2017-05-21 08:29:21,2017-08-08 13:19:20
CUST008791,Loyal,Organic,REP012,2017-06-13 17:51:35,2018-09-09 09:00:57
CUST008792,Inactive,Social,REP014,2018-01-11 01:42:31,2018-01-11 01:42:31
CUST008793,Inactive,Organic,REP012,2017-11-08 06:51:00,2017-11-08 06:51:00
CUST008794,Regular,Paid Search,REP029,2017-10-15 18:02:56,2017-10-28 05:51:44
CUST008795,New,Email,REP028,2018-05-01 08:23:21,2018-05-01 08:23:21
CUST008796,Loyal,Email,REP001,2017-01-24 14:45:04,2018-06-22 06:01:21
CUST008797,Regular,Paid Search,REP022,2017-07-11 13:19:05,2018-03-26 06:31:09
CUST008798,Loyal,Social,REP020,2017-11-10 19:12:15,2018-07-01 12:28:57
CUST008799,Inactive,Referral,REP013,2018-02-17 00:00:00,2018-02-17 00:00:00
CUST008800,Loyal,Paid Search,REP025,2017-03-22 13:10:46,2018-08-31 09:51:17
CUST008801,Loyal,Email,REP018,2017-01-25 22:18:39,2018-05-29 18:04:13
CUST008802,Regular,Email,REP028,2017-01-22 18:17:51,2017-02-15 09:12:22
CUST008803,Loyal,Email,REP014,2017-02-01 03:18:31,2018-07-19 14:38:14
CUST008804,Loyal,Referral,REP001,2017-05-04 22:05:57,2018-03-06 12:23:59
CUST008805,Regular,Marketplace,REP009,2017-06-27 20:12:13,2018-09-26 04:55:33
CUST008806,Loyal,Marketplace,REP009,2017-01-26 16:29:02,2018-02-08 06:29:42
CUST008807,VIP,Marketplace,REP004,2017-02-09 11:37:15,2018-05-20 04:39:53
CUST008808,Regular,Referral,REP005,2017-05-19 14:09:00,2017-10-07 07:47:06
CUST008809,Inactive,Organic,REP009,2018-01-21 21:45:00,2018-01-21 21:45:00
CUST008810,Loyal,Marketplace,REP016,2017-04-06 09:05:28,2018-05-01 15:49:55
CUST008811,Loyal,Referral,REP017,2017-02-23 15:47:39,2018-05-05 12:27:37
CUST008812,Inactive,Social,REP026,2018-03-09 17:05:49,2018-03-09 17:05:49
CUST008813,Regular,Referral,REP023,2017-09-15 06:51:34,2018-03-18 06:26:35
CUST008814,Loyal,Organic,REP022,2017-11-14 07:42:40,2018-09-20 23:23:34
CUST008815,Loyal,Email,REP011,2017-01-18 21:09:59,2018-04-23 03:22:44
CUST008816,Regular,Social,REP014,2017-06-15 03:53:11,2017-07-30 03:32:07
CUST008817,Regular,Social,REP027,2017-06-13 17:38:08,2017-06-20 20:08:49
CUST008818,Loyal,Social,REP018,2017-01-21 12:08:41,2018-07-14 11:09:44
CUST008819,Regular,Organic,REP001,2017-02-03 21:01:19,2018-06-23 13:25:26
CUST008820,New,Referral,REP006,2018-08-25 15:29:35,2018-08-25 15:29:35
CUST008821,Loyal,Referral,REP030,2017-09-06 06:23:13,2018-05-14 15:08:06
CUST008822,Inactive,Email,REP007,2017-07-21 13:15:39,2017-07-21 13:15:39
CUST008823,Loyal,Organic,REP017,2017-05-28 14:29:27,2018-09-10 07:43:54
CUST008824,Inactive,Social,REP003,2018-03-28 00:00:00,2018-03-28 00:00:00
CUST008825,Loyal,Marketplace,REP018,2017-10-05 20:27:44,2018-02-22 16:40:40
CUST008826,Loyal,Paid Search,REP012,2017-01-31 09:11:39,2018-09-27 11:44:16
CUST008827,Inactive,Marketplace,REP008,2017-09-06 23:34:13,2017-09-06 23:34:13
CUST008828,Loyal,Referral,REP005,2017-06-10 04:22:02,2018-09-12 08:22:36
CUST008829,Loyal,Social,REP028,2017-06-22 23:24:45,2018-08-29 22:07:40
CUST008830,Loyal,Organic,REP012,2017-08-10 09:18:13,2018-03-17 02:23:19
CUST008831,New,Social,REP009,2018-09-27 07:50:39,2018-09-27 07:50:39
CUST008832,Loyal,Email,REP021,2017-02-18 14:22:23,2018-03-08 15:54:50
CUST008833,Loyal,Social,REP017,2017-01-08 13:37:31,2018-03-15 02:44:33
CUST008834,Inactive,Referral,REP023,2017-12-10 00:00:00,2017-12-10 00:00:00
CUST008835,VIP,Email,REP026,2017-06-18 01:33:24,2018-07-13 00:39:09
CUST008836,Inactive,Email,REP025,2017-05-17 23:47:40,2017-05-17 23:47:40
CUST008837,Regular,Marketplace,REP012,2017-11-05 18:22:33,2018-08-17 04:03:06
CUST008838,VIP,Email,REP010,2017-02-23 12:44:30,2018-01-10 19:19:39
CUST008839,New,Referral,REP028,2018-07-14 16:00:44,2018-07-14 16:00:44
CUST008840,Loyal,Organic,REP011,2018-01-20 17:12:15,2018-03-06 20:09:49
CUST008841,New,Social,REP009,2018-04-13 00:47:36,2018-04-13 00:47:36
CUST008842,VIP,Email,REP021,2017-01-10 03:17:31,2018-08-21 20:03:08
CUST008843,New,Referral,REP018,2018-05-08 13:57:33,2018-05-08 13:57:33
CUST008844,Regular,Social,REP024,2017-11-11 02:20:25,2018-03-28 19:08:55
CUST008845,Loyal,Email,REP002,2017-01-01 06:54:30,2018-03-25 11:16:44
CUST008846,Loyal,Organic,REP007,2017-10-07 12:01:00,2018-08-03 14:12:00
CUST008847,Regular,Social,REP021,2017-01-31 10:02:46,2018-07-13 18:53:41
CUST008848,Loyal,Organic,REP023,2017-08-08 07:01:01,2018-06-29 15:02:39
CUST008849,Loyal,Organic,REP030,2017-01-04 15:37:44,2018-02-02 06:38:32
CUST008850,Loyal,Email,REP030,2017-02-09 22:08:09,2018-03-22 23:27:46
CUST008851,Loyal,Social,REP014,2017-02-18 12:02:44,2018-09-02 11:23:42
CUST008852,Loyal,Paid Search,REP019,2017-05-14 18:00:57,2018-07-31 06:43:35
CUST008853,Loyal,Organic,REP011,2017-03-18 00:48:19,2018-01-26 15:45:26
CUST008854,Regular,Marketplace,REP009,2017-12-15 23:28:02,2018-04-04 21:13:11
CUST008855,Loyal,Social,REP007,2017-08-04 03:06:15,2018-06-23 06:57:46
CUST008856,Loyal,Email,REP009,2017-01-03 17:44:39,2018-07-16 14:28:38
CUST008857,Loyal,Social,REP014,2017-01-16 03:23:44,2018-09-16 05:48:13
CUST008858,Loyal,Marketplace,REP010,2017-03-26 14:45:27,2017-11-14 07:42:52
CUST008859,New,Paid Search,REP021,2018-06-14 00:00:00,2018-06-14 00:00:00
CUST008860,Loyal,Email,REP030,2017-09-18 20:16:40,2018-08-25 22:57:07
CUST008861,Loyal,Referral,REP018,2017-02-18 11:41:28,2018-03-27 14:54:16
CUST008862,Loyal,Marketplace,REP017,2017-08-09 13:44:14,2018-09-17 03:57:34
CUST008863,Regular,Marketplace,REP011,2017-01-08 14:09:02,2018-07-23 08:07:36
CUST008864,Loyal,Social,REP001,2017-03-02 14:12:16,2018-07-09 21:08:01
CUST008865,New,Email,REP028,2018-04-20 00:00:00,2018-04-20 00:00:00
CUST008866,Regular,Marketplace,REP019,2018-06-05 19:09:15,2018-07-16 02:04:57
CUST008867,Loyal,Paid Search,REP021,2017-01-17 20:07:10,2018-01-17 07:11:09
CUST008868,Inactive,Organic,REP007,2017-06-05 00:00:00,2017-06-05 00:00:00
CUST008869,Loyal,Organic,REP004,2017-04-24 03:03:25,2017-08-18 02:40:38
CUST008870,VIP,Referral,REP029,2017-02-10 07:55:56,2018-07-12 14:25:28
CUST008871,Loyal,Organic,REP015,2017-01-31 19:43:39,2018-08-19 20:10:57
CUST008872,Loyal,Paid Search,REP012,2017-08-21 14:38:41,2018-02-12 15:48:25
CUST008873,Inactive,Marketplace,REP020,2018-03-23 04:06:31,2018-03-23 04:06:31
CUST008874,New,Paid Search,REP007,2018-06-01 00:00:00,2018-06-01 00:00:00
CUST008875,Regular,Marketplace,REP001,2017-10-15 14:58:37,2018-01-17 03:11:13
CUST008876,New,Paid Search,REP008,2018-06-05 00:00:00,2018-06-05 00:00:00
CUST008877,Loyal,Paid Search,REP009,2017-03-04 16:37:44,2017-12-29 19:23:36
CUST008878,Regular,Social,REP006,2017-11-25 23:45:45,2018-01-28 13:21:12
CUST008879,Inactive,Marketplace,REP011,2017-09-03 00:00:00,2017-09-03 00:00:00
CUST008880,Loyal,Social,REP026,2017-06-18 20:22:09,2018-08-22 13:30:08
CUST008881,Loyal,Organic,REP023,2018-07-18 13:30:25,2018-08-23 05:58:06
CUST008882,Regular,Marketplace,REP008,2017-04-01 11:21:14,2017-12-24 05:19:39
CUST008883,Loyal,Referral,REP003,2017-02-24 13:17:19,2018-07-02 04:06:13
CUST008884,Inactive,Social,REP015,2017-09-17 05:22:56,2017-09-17 05:22:56
CUST008885,Loyal,Referral,REP008,2017-08-22 06:44:37,2018-02-19 15:36:00
CUST008886,New,Social,REP021,2018-08-23 00:00:00,2018-08-23 00:00:00
CUST008887,New,Marketplace,REP013,2018-05-22 00:00:00,2018-05-22 00:00:00
CUST008888,New,Paid Search,REP015,2018-06-12 16:43:17,2018-06-12 16:43:17
CUST008889,Loyal,Referral,REP024,2018-05-17 18:48:53,2018-09-21 09:59:49
CUST008890,Inactive,Email,REP015,2017-06-17 02:14:28,2017-06-17 02:14:28
CUST008891,Loyal,Email,REP001,2017-04-08 00:43:58,2018-09-23 10:44:46
CUST008892,Loyal,Email,REP023,2017-02-06 16:40:06,2018-07-03 00:00:44
CUST008893,Loyal,Marketplace,REP020,2017-02-23 07:43:04,2018-08-11 20:56:07
CUST008894,Regular,Marketplace,REP016,2018-05-21 07:08:41,2018-09-04 22:20:23
CUST008895,New,Organic,REP016,2018-06-17 14:58:24,2018-06-17 14:58:24
CUST008896,Loyal,Paid Search,REP005,2018-02-09 21:55:32,2018-05-23 21:38:45
CUST008897,Regular,Referral,REP002,2017-03-24 08:58:23,2018-03-31 06:27:07
CUST008898,Regular,Marketplace,REP029,2017-11-08 03:47:48,2018-01-02 04:40:16
CUST008899,Inactive,Social,REP023,2017-08-28 20:34:05,2017-08-28 20:34:05
CUST008900,New,Organic,REP005,2018-07-06 00:00:00,2018-07-06 00:00:00
CUST008901,Regular,Organic,REP002,2018-02-12 06:44:02,2018-03-16 00:32:16
CUST008902,Inactive,Social,REP012,2017-10-03 04:32:34,2017-10-03 04:32:34
CUST008903,Loyal,Organic,REP012,2017-09-04 22:41:58,2018-05-21 03:35:57
CUST008904,Regular,Marketplace,REP022,2017-01-23 19:01:10,2018-04-17 04:59:54
CUST008905,Loyal,Email,REP017,2017-01-30 05:32:21,2018-09-05 00:42:06
CUST008906,Inactive,Social,REP008,2017-07-23 07:48:21,2017-07-23 07:48:21
CUST008907,Regular,Marketplace,REP014,2017-10-02 12:04:00,2018-09-23 18:57:23
CUST008908,Regular,Marketplace,REP009,2017-01-20 13:55:34,2017-08-02 00:45:34
CUST008909,Loyal,Referral,REP023,2017-04-05 03:01:14,2018-06-01 18:53:40
CUST008910,Inactive,Email,REP030,2017-11-05 00:00:00,2017-11-05 00:00:00
CUST008911,Regular,Social,REP023,2018-01-05 22:58:30,2018-08-18 00:46:57
CUST008912,Inactive,Paid Search,REP007,2017-01-08 23:17:44,2017-01-08 23:17:44
CUST008913,Regular,Email,REP027,2017-05-27 15:07:32,2018-09-13 17:52:41
CUST008914,Loyal,Paid Search,REP017,2017-04-10 02:03:28,2018-03-18 16:05:50
CUST008915,New,Social,REP018,2018-05-08 17:38:43,2018-05-08 17:38:43
CUST008916,Regular,Organic,REP028,2017-10-17 10:19:25,2017-12-17 23:30:49
CUST008917,Loyal,Marketplace,REP016,2017-02-19 07:32:55,2018-03-04 02:29:53
CUST008918,Inactive,Email,REP027,2017-04-29 20:18:18,2017-04-29 20:18:18
CUST008919,New,Paid Search,REP014,2018-08-07 06:19:46,2018-08-07 06:19:46
CUST008920,Loyal,Paid Search,REP015,2017-09-19 14:45:07,2018-09-13 12:30:08
CUST008921,New,Social,REP006,2018-08-11 02:33:53,2018-08-11 02:33:53
CUST008922,Loyal,Referral,REP016,2017-01-11 16:29:59,2018-08-09 05:07:27
CUST008923,Regular,Referral,REP013,2017-04-26 05:15:08,2018-05-26 11:18:31
CUST008924,Regular,Email,REP008,2017-05-31 10:33:42,2018-09-04 06:06:47
CUST008925,Inactive,Social,REP002,2017-11-08 10:11:34,2017-11-08 10:11:34
CUST008926,Loyal,Marketplace,REP015,2017-01-30 08:04:00,2018-04-27 09:13:31
CUST008927,Loyal,Referral,REP012,2017-03-17 03:51:03,2018-06-04 08:39:21
CUST008928,New,Social,REP024,2018-04-15 00:00:00,2018-04-15 00:00:00
CUST008929,Regular,Email,REP029,2017-01-14 12:07:26,2017-03-14 07:15:09
CUST008930,New,Referral,REP018,2018-09-09 00:16:06,2018-09-09 00:16:06
CUST008931,Loyal,Referral,REP019,2017-05-26 00:10:26,2018-03-16 02:32:37
CUST008932,Loyal,Social,REP014,2017-01-28 14:52:54,2018-05-29 21:29:41
CUST008933,Regular,Email,REP022,2017-05-14 22:53:01,2017-10-31 11:10:51
CUST008934,Loyal,Marketplace,REP019,2017-04-01 09:34:31,2018-04-12 09:50:44
CUST008935,Loyal,Referral,REP029,2017-08-29 01:44:27,2018-09-27 21:13:38
CUST008936,New,Paid Search,REP009,2018-04-09 00:00:00,2018-04-09 00:00:00
CUST008937,Regular,Social,REP015,2018-01-01 19:00:09,2018-01-14 08:59:23
CUST008938,Loyal,Referral,REP026,2017-08-24 22:55:36,2018-05-18 09:42:09
CUST008939,Regular,Social,REP022,2017-09-23 07:21:07,2018-04-30 18:28:42
CUST008940,Loyal,Marketplace,REP022,2017-10-10 12:33:39,2018-03-01 10:14:08
CUST008941,VIP,Marketplace,REP004,2017-09-21 17:42:45,2018-06-04 16:40:15
CUST008942,Loyal,Marketplace,REP009,2017-04-05 10:17:48,2018-01-11 17:01:11
CUST008943,Inactive,Referral,REP028,2017-03-28 00:00:00,2017-03-28 00:00:00
CUST008944,Loyal,Email,REP023,2017-05-16 12:01:31,2018-06-12 03:29:46
CUST008945,Loyal,Marketplace,REP028,2017-01-14 20:43:49,2018-01-18 20:17:35
CUST008946,Loyal,Referral,REP025,2017-12-04 03:28:58,2018-07-24 12:19:32
CUST008947,Loyal,Referral,REP016,2017-02-27 10:41:09,2018-08-20 07:41:00
CUST008948,Loyal,Email,REP028,2017-04-09 21:44:28,2018-09-10 08:01:46
CUST008949,Inactive,Email,REP024,2017-10-08 05:52:58,2017-10-08 05:52:58
CUST008950,Regular,Social,REP028,2018-06-02 10:28:09,2018-08-17 07:08:09
CUST008951,Loyal,Referral,REP001,2017-05-27 23:46:38,2018-09-22 21:12:20
CUST008952,Loyal,Email,REP027,2017-03-08 11:57:51,2018-02-11 14:13:15
CUST008953,New,Social,REP028,2018-05-02 02:59:47,2018-05-02 02:59:47
CUST008954,Loyal,Paid Search,REP011,2018-07-22 12:27:59,2018-08-21 21:26:42
CUST008955,Loyal,Paid Search,REP016,2017-01-23 16:12:55,2017-07-10 18:04:32
CUST008956,New,Referral,REP006,2018-05-10 22:06:30,2018-05-10 22:06:30
CUST008957,Loyal,Paid Search,REP020,2017-04-16 09:04:10,2017-10-25 02:27:13
CUST008958,Regular,Email,REP003,2017-12-03 17:29:57,2018-01-11 15:25:19
CUST008959,Loyal,Referral,REP025,2017-07-29 18:30:08,2018-07-09 00:39:08
CUST008960,Inactive,Organic,REP018,2017-07-22 00:00:00,2017-07-22 00:00:00
CUST008961,Loyal,Social,REP029,2017-04-15 15:29:54,2018-07-27 10:02:52
CUST008962,Inactive,Organic,REP001,2017-09-09 00:00:00,2017-09-09 00:00:00
CUST008963,Regular,Organic,REP025,2017-04-24 14:12:08,2018-04-04 19:19:58
CUST008964,Regular,Marketplace,REP001,2017-01-19 04:21:11,2017-12-04 02:16:09
CUST008965,Regular,Marketplace,REP030,2017-02-18 13:53:23,2018-05-24 13:01:31
CUST008966,Inactive,Marketplace,REP009,2017-02-03 00:00:00,2017-02-03 00:00:00
CUST008967,Regular,Organic,REP024,2018-05-16 03:08:50,2018-09-27 11:36:15
CUST008968,Regular,Social,REP007,2018-01-17 11:58:56,2018-09-07 15:45:39
CUST008969,Regular,Organic,REP016,2018-05-19 17:59:58,2018-08-16 03:29:53
CUST008970,Inactive,Email,REP013,2017-11-05 00:00:00,2017-11-05 00:00:00
CUST008971,Loyal,Referral,REP029,2017-06-29 18:47:58,2018-07-12 03:36:14
CUST008972,Inactive,Paid Search,REP018,2018-01-20 01:11:33,2018-01-20 01:11:33
CUST008973,Regular,Social,REP022,2017-09-23 16:06:22,2018-04-15 21:26:55
CUST008974,New,Marketplace,REP028,2018-04-07 17:15:21,2018-04-07 17:15:21
CUST008975,Loyal,Marketplace,REP001,2018-04-06 23:44:18,2018-06-19 18:05:05
CUST008976,Loyal,Email,REP008,2017-04-10 07:16:56,2018-04-15 07:25:16
CUST008977,Regular,Referral,REP015,2017-03-30 15:50:57,2017-04-01 03:47:32
CUST008978,Regular,Email,REP026,2017-02-11 15:07:08,2017-04-09 00:03:24
CUST008979,Inactive,Email,REP002,2018-01-02 22:46:01,2018-01-02 22:46:01
CUST008980,Regular,Social,REP021,2018-03-27 12:51:42,2018-07-17 03:43:03
CUST008981,Regular,Email,REP027,2017-07-25 18:42:17,2017-08-09 01:53:28
CUST008982,Regular,Referral,REP001,2017-03-25 22:04:11,2018-04-25 17:02:24
CUST008983,Inactive,Paid Search,REP008,2018-02-14 07:47:57,2018-02-14 07:47:57
CUST008984,Regular,Email,REP002,2017-11-21 12:26:53,2018-02-03 07:26:20
CUST008985,Loyal,Marketplace,REP017,2017-12-10 18:21:48,2018-08-17 17:39:50
CUST008986,Loyal,Social,REP029,2017-04-10 00:35:53,2018-08-12 01:55:04
CUST008987,Regular,Email,REP012,2017-08-15 05:24:14,2018-08-23 06:19:40
CUST008988,Inactive,Paid Search,REP010,2017-06-02 20:11:48,2017-06-02 20:11:48
CUST008989,Inactive,Paid Search,REP016,2018-03-09 22:59:24,2018-03-09 22:59:24
CUST008990,Regular,Referral,REP002,2017-12-06 07:17:21,2018-08-03 10:00:49
CUST008991,Loyal,Email,REP006,2017-07-14 23:24:04,2018-09-12 00:49:34
CUST008992,New,Referral,REP021,2018-06-14 15:54:32,2018-06-14 15:54:32
CUST008993,Regular,Paid Search,REP011,2017-02-26 21:56:03,2017-04-10 09:03:22
CUST008994,Inactive,Email,REP024,2017-09-29 02:19:18,2017-09-29 02:19:18
CUST008995,Regular,Referral,REP026,2017-01-25 07:56:55,2018-02-04 01:54:02
CUST008996,Regular,Organic,REP023,2017-01-18 10:29:02,2017-05-23 03:15:10
CUST008997,Regular,Social,REP015,2017-03-20 10:29:56,2017-08-18 10:51:06
CUST008998,Loyal,Marketplace,REP012,2017-05-18 22:15:28,2018-08-03 04:51:04
CUST008999,Inactive,Referral,REP023,2017-10-17 07:59:31,2017-10-17 07:59:31
CUST009000,Loyal,Organic,REP016,2017-03-27 14:16:11,2018-03-12 04:57:09
CUST009001,Loyal,Referral,REP002,2017-06-05 04:29:16,2018-06-07 20:29:05
CUST009002,Loyal,Paid Search,REP004,2017-05-10 11:17:54,2018-07-21 07:04:18
CUST009003,Regular,Paid Search,REP008,2018-06-20 07:19:59,2018-07-19 12:52:46
CUST009004,Loyal,Social,REP016,2017-05-22 04:12:29,2018-08-09 06:39:23
CUST009005,VIP,Organic,REP003,2017-02-16 01:30:14,2018-07-03 11:49:25
CUST009006,Loyal,Paid Search,REP027,2017-05-15 14:23:57,2018-04-01 17:04:23
CUST009007,Loyal,Email,REP006,2017-11-15 01:11:49,2018-08-02 14:44:38
CUST009008,Loyal,Email,REP007,2017-07-12 14:32:06,2018-09-17 09:21:48
CUST009009,Loyal,Referral,REP015,2017-10-14 22:41:29,2018-09-14 01:19:46
CUST009010,Loyal,Paid Search,REP005,2017-01-29 09:33:32,2018-04-13 07:02:46
CUST009011,Loyal,Paid Search,REP011,2017-01-15 14:47:51,2018-03-26 10:12:48
CUST009012,Regular,Social,REP012,2017-02-09 04:47:12,2018-08-22 15:56:33
CUST009013,VIP,Marketplace,REP001,2017-04-27 07:49:54,2018-08-28 11:12:53
CUST009014,Regular,Referral,REP009,2018-05-23 04:38:23,2018-07-11 15:11:12
CUST009015,Regular,Social,REP026,2017-10-09 11:24:29,2018-07-09 02:54:01
CUST009016,Inactive,Marketplace,REP017,2017-01-14 09:08:31,2017-01-14 09:08:31
CUST009017,Regular,Email,REP025,2017-03-28 12:54:15,2017-05-22 07:05:57
CUST009018,VIP,Marketplace,REP025,2017-02-15 05:42:34,2018-08-01 12:29:44
CUST009019,New,Social,REP001,2018-05-24 00:00:00,2018-05-24 00:00:00
CUST009020,VIP,Paid Search,REP017,2017-03-09 23:59:55,2018-07-16 01:10:00
CUST009021,Inactive,Marketplace,REP013,2017-12-15 16:18:37,2017-12-15 16:18:37
CUST009022,Inactive,Referral,REP022,2017-06-28 20:48:16,2017-06-28 20:48:16
CUST009023,Loyal,Paid Search,REP023,2017-03-31 23:04:24,2017-07-19 00:46:17
CUST009024,Regular,Marketplace,REP005,2018-04-02 03:34:09,2018-07-05 14:01:10
CUST009025,Loyal,Referral,REP007,2017-01-15 20:06:24,2018-05-20 01:14:48
CUST009026,New,Marketplace,REP006,2018-06-10 04:43:29,2018-06-10 04:43:29
CUST009027,Loyal,Social,REP017,2017-07-20 23:39:19,2018-08-22 05:41:59
CUST009028,Loyal,Social,REP027,2017-01-11 20:31:54,2017-05-24 01:23:39
CUST009029,Loyal,Organic,REP014,2017-05-23 20:56:07,2017-12-19 12:27:45
CUST009030,Loyal,Paid Search,REP008,2017-02-26 04:38:52,2017-11-25 22:42:56
CUST009031,Loyal,Social,REP015,2017-02-27 09:33:54,2018-09-04 13:54:33
CUST009032,Loyal,Marketplace,REP021,2017-03-21 06:52:35,2018-06-01 06:22:18
CUST009033,Regular,Organic,REP024,2017-09-07 13:56:47,2018-01-01 16:15:00
CUST009034,Loyal,Organic,REP027,2017-05-13 16:29:35,2018-01-10 16:36:45
CUST009035,Loyal,Organic,REP024,2017-02-22 06:38:44,2017-10-02 09:20:19
CUST009036,Regular,Email,REP015,2017-10-29 17:00:16,2018-07-27 16:57:31
CUST009037,Regular,Referral,REP027,2017-03-28 15:48:33,2018-01-27 00:22:56
CUST009038,Loyal,Organic,REP011,2017-01-25 06:09:19,2018-03-11 08:30:33
CUST009039,Loyal,Referral,REP016,2018-03-14 20:25:19,2018-07-08 00:00:35
CUST009040,Regular,Organic,REP018,2018-02-13 19:00:20,2018-03-20 16:16:34
CUST009041,Loyal,Organic,REP020,2017-07-01 05:45:02,2018-07-23 14:54:35
CUST009042,Loyal,Social,REP011,2017-03-01 05:05:51,2018-09-13 16:48:41
CUST009043,New,Marketplace,REP009,2018-06-30 02:43:57,2018-06-30 02:43:57
CUST009044,Loyal,Organic,REP020,2017-08-14 20:35:29,2018-09-22 14:20:52
CUST009045,Loyal,Marketplace,REP017,2017-04-12 01:01:22,2018-05-22 21:03:41
CUST009046,Regular,Email,REP008,2017-01-04 22:20:36,2017-05-06 11:19:55
CUST009047,Loyal,Paid Search,REP019,2017-03-15 13:46:39,2018-08-24 04:55:26
CUST009048,Loyal,Social,REP029,2017-08-26 11:57:06,2018-08-12 14:36:15
CUST009049,New,Referral,REP009,2018-08-22 00:00:00,2018-08-22 00:00:00
CUST009050,Loyal,Paid Search,REP024,2017-02-26 14:15:19,2018-07-10 22:16:04
CUST009051,Loyal,Referral,REP030,2017-12-23 08:53:15,2018-05-17 03:21:58
CUST009052,Loyal,Paid Search,REP025,2017-07-30 21:09:18,2018-07-01 16:42:28
CUST009053,Inactive,Social,REP024,2017-02-20 10:48:52,2017-02-20 10:48:52
CUST009054,Inactive,Paid Search,REP016,2017-04-01 07:43:49,2017-04-01 07:43:49
CUST009055,Loyal,Email,REP003,2017-04-29 12:45:47,2018-06-06 04:45:05
CUST009056,VIP,Marketplace,REP021,2017-01-27 17:32:13,2018-09-12 21:51:23
CUST009057,Loyal,Email,REP028,2017-02-09 14:30:59,2018-06-15 00:01:51
CUST009058,Loyal,Referral,REP013,2017-01-04 21:23:25,2017-06-29 09:22:03
CUST009059,Regular,Referral,REP001,2017-12-02 06:51:00,2018-06-07 17:15:25
CUST009060,Inactive,Referral,REP003,2017-11-15 00:00:00,2017-11-15 00:00:00
CUST009061,Inactive,Paid Search,REP014,2017-06-18 00:00:00,2017-06-18 00:00:00
CUST009062,Inactive,Social,REP029,2017-09-30 07:42:30,2017-09-30 07:42:30
CUST009063,Loyal,Organic,REP012,2017-01-23 18:04:24,2017-09-16 15:43:14
CUST009064,Loyal,Referral,REP029,2017-10-09 21:41:54,2018-04-12 22:57:49
CUST009065,Regular,Referral,REP015,2018-06-15 13:45:13,2018-09-02 16:38:57
CUST009066,Loyal,Organic,REP009,2017-01-31 02:40:26,2018-01-26 04:04:07
CUST009067,Inactive,Marketplace,REP026,2017-05-05 10:40:53,2017-05-05 10:40:53
CUST009068,Regular,Paid Search,REP002,2017-05-28 04:36:13,2017-07-10 10:37:00
CUST009069,Inactive,Social,REP030,2018-01-19 14:50:00,2018-01-19 14:50:00
CUST009070,Inactive,Organic,REP020,2017-02-16 14:49:50,2017-02-16 14:49:50
CUST009071,Loyal,Email,REP020,2017-02-01 16:52:47,2018-08-25 03:18:30
CUST009072,Loyal,Organic,REP024,2017-01-13 04:45:46,2017-08-07 04:11:28
CUST009073,Loyal,Email,REP003,2017-07-26 18:05:33,2018-08-25 05:00:58
CUST009074,Loyal,Social,REP006,2017-05-27 04:22:27,2018-09-26 15:47:50
CUST009075,VIP,Organic,REP030,2017-01-30 21:55:23,2017-12-23 23:20:20
CUST009076,Inactive,Paid Search,REP004,2017-09-07 13:35:33,2017-09-07 13:35:33
CUST009077,Loyal,Email,REP017,2017-01-12 13:24:14,2018-06-01 06:27:16
CUST009078,VIP,Marketplace,REP005,2017-01-30 21:44:05,2018-08-21 07:42:30
CUST009079,Inactive,Social,REP010,2017-11-19 21:50:06,2017-11-19 21:50:06
CUST009080,Regular,Paid Search,REP028,2017-05-13 08:59:22,2017-10-27 08:54:08
CUST009081,Regular,Social,REP001,2017-08-04 21:47:10,2017-11-10 21:30:44
CUST009082,VIP,Paid Search,REP016,2017-03-06 00:16:52,2018-09-12 17:46:53
CUST009083,Inactive,Organic,REP023,2017-09-20 00:00:00,2017-09-20 00:00:00
CUST009084,Inactive,Organic,REP007,2017-09-22 03:17:08,2017-09-22 03:17:08
CUST009085,Loyal,Paid Search,REP027,2017-11-12 02:15:20,2018-05-09 19:10:55
CUST009086,Loyal,Paid Search,REP003,2017-06-09 16:31:47,2018-06-18 18:22:24
CUST009087,Inactive,Email,REP002,2018-01-25 09:13:46,2018-01-25 09:13:46
CUST009088,Loyal,Email,REP022,2017-01-10 21:18:49,2017-08-09 19:34:34
CUST009089,Loyal,Social,REP001,2017-02-08 12:53:19,2018-06-14 05:50:47
CUST009090,VIP,Marketplace,REP028,2017-03-25 03:49:28,2018-08-01 17:18:27
CUST009091,Loyal,Email,REP011,2017-02-22 01:39:20,2017-10-03 04:58:31
CUST009092,Inactive,Paid Search,REP023,2018-01-18 10:47:13,2018-01-18 10:47:13
CUST009093,Regular,Email,REP022,2017-06-03 01:52:22,2018-03-21 13:43:51
CUST009094,Loyal,Referral,REP016,2017-02-23 01:12:08,2017-12-31 13:55:23
CUST009095,Regular,Organic,REP026,2018-06-21 22:03:50,2018-07-04 18:34:26
CUST009096,New,Referral,REP011,2018-06-04 21:04:46,2018-06-04 21:04:46
CUST009097,Inactive,Paid Search,REP022,2018-02-21 13:55:05,2018-02-21 13:55:05
CUST009098,Loyal,Referral,REP010,2017-01-29 11:22:06,2018-05-18 19:43:19
CUST009099,Regular,Paid Search,REP019,2017-01-16 18:06:14,2017-03-04 11:39:32
CUST009100,VIP,Organic,REP029,2017-04-25 13:18:05,2017-12-24 19:49:17
CUST009101,Regular,Social,REP007,2017-02-12 22:12:01,2018-05-05 07:34:11
CUST009102,Loyal,Organic,REP002,2017-01-19 08:08:03,2017-12-11 00:06:23
CUST009103,Regular,Paid Search,REP008,2017-09-25 16:01:59,2018-08-19 02:46:31
CUST009104,Inactive,Marketplace,REP003,2017-08-28 03:41:57,2017-08-28 03:41:57
CUST009105,Inactive,Paid Search,REP017,2017-07-28 00:00:00,2017-07-28 00:00:00
CUST009106,Loyal,Paid Search,REP013,2017-01-14 16:50:47,2018-07-31 14:02:13
CUST009107,Loyal,Paid Search,REP024,2017-06-25 20:18:48,2018-05-22 14:23:34
CUST009108,Regular,Organic,REP014,2017-08-26 17:16:14,2018-05-23 01:42:25
CUST009109,Regular,Organic,REP004,2017-02-10 19:26:02,2018-09-07 05:35:45
CUST009110,Loyal,Paid Search,REP011,2017-08-15 08:34:21,2018-08-12 16:27:58
CUST009111,New,Social,REP012,2018-06-05 15:34:09,2018-06-05 15:34:09
CUST009112,Regular,Marketplace,REP013,2017-04-08 11:12:25,2018-06-09 02:07:42
CUST009113,Regular,Social,REP018,2017-08-08 14:17:57,2018-06-22 23:27:26
CUST009114,Inactive,Social,REP003,2018-02-04 00:00:00,2018-02-04 00:00:00
CUST009115,Loyal,Organic,REP013,2017-06-18 00:58:45,2018-07-23 13:07:29
CUST009116,Regular,Organic,REP013,2017-08-31 08:41:52,2018-05-28 12:12:26
CUST009117,Loyal,Organic,REP012,2017-04-18 13:50:26,2018-05-07 13:13:41
CUST009118,Loyal,Organic,REP007,2017-06-28 18:42:01,2018-08-25 14:20:10
CUST009119,Inactive,Paid Search,REP004,2017-02-11 00:00:00,2017-02-11 00:00:00
CUST009120,New,Paid Search,REP010,2018-09-18 22:30:00,2018-09-18 22:30:00
CUST009121,Loyal,Email,REP009,2017-01-25 19:15:23,2017-08-11 16:43:25
CUST009122,Regular,Social,REP003,2017-06-09 04:03:52,2017-08-20 21:34:06
CUST009123,Regular,Email,REP017,2017-01-13 08:46:10,2018-06-20 12:37:18
CUST009124,Inactive,Email,REP002,2017-10-11 16:18:53,2017-10-11 16:18:53
CUST009125,Regular,Email,REP008,2017-09-05 10:40:55,2018-05-12 11:29:47
CUST009126,Loyal,Marketplace,REP023,2017-01-15 14:58:40,2018-07-25 17:45:49
CUST009127,Inactive,Paid Search,REP010,2017-11-30 14:47:33,2017-11-30 14:47:33
CUST009128,Inactive,Social,REP024,2018-01-15 22:09:41,2018-01-15 22:09:41
CUST009129,Inactive,Referral,REP023,2017-05-30 10:43:15,2017-05-30 10:43:15
CUST009130,Regular,Marketplace,REP003,2018-05-08 03:56:30,2018-07-13 21:03:07
CUST009131,Loyal,Marketplace,REP030,2017-06-21 12:39:46,2017-09-24 07:23:33
CUST009132,Loyal,Social,REP026,2017-01-25 09:28:25,2018-08-06 21:11:40
CUST009133,Regular,Social,REP023,2017-02-27 05:24:31,2018-04-02 00:08:38
CUST009134,Inactive,Social,REP005,2017-02-19 00:00:00,2017-02-19 00:00:00
CUST009135,Loyal,Referral,REP005,2017-02-24 17:01:15,2018-07-14 08:44:16
CUST009136,Regular,Referral,REP003,2017-06-17 05:58:23,2017-11-19 03:37:53
CUST009137,Regular,Social,REP007,2017-04-05 08:29:25,2018-02-06 17:24:39
CUST009138,VIP,Referral,REP017,2017-01-09 15:58:37,2018-05-11 09:04:32
CUST009139,Regular,Email,REP025,2017-03-11 11:22:47,2017-08-06 11:27:19
CUST009140,Inactive,Marketplace,REP017,2018-01-27 00:00:00,2018-01-27 00:00:00
CUST009141,Regular,Email,REP004,2018-01-20 22:50:05,2018-03-03 16:33:56
CUST009142,Inactive,Referral,REP003,2017-02-28 20:33:32,2017-02-28 20:33:32
CUST009143,Loyal,Paid Search,REP001,2017-05-23 12:33:19,2018-06-14 11:36:26
CUST009144,New,Referral,REP009,2018-06-24 21:09:10,2018-06-24 21:09:10
CUST009145,Regular,Referral,REP019,2017-12-05 09:49:00,2018-03-02 15:23:24
CUST009146,Regular,Email,REP027,2017-02-02 06:28:39,2017-05-01 11:49:01
CUST009147,Inactive,Social,REP004,2017-10-23 19:01:53,2017-10-23 19:01:53
CUST009148,Loyal,Email,REP010,2017-05-01 08:02:03,2018-09-20 01:59:12
CUST009149,Loyal,Email,REP004,2017-08-30 02:05:08,2018-06-02 13:39:50
CUST009150,Loyal,Paid Search,REP018,2017-01-15 00:08:57,2018-08-18 01:05:57
CUST009151,Regular,Social,REP029,2017-01-13 14:48:16,2017-08-12 19:01:07
CUST009152,Loyal,Paid Search,REP020,2017-03-07 09:42:44,2017-08-31 02:05:50
CUST009153,Regular,Paid Search,REP013,2017-06-03 05:31:37,2018-05-11 11:51:58
CUST009154,Loyal,Referral,REP024,2017-05-11 14:21:23,2018-07-20 22:05:31
CUST009155,Loyal,Organic,REP021,2017-09-21 20:12:10,2018-08-13 15:31:43
CUST009156,Loyal,Organic,REP002,2017-01-16 06:17:15,2018-08-25 11:22:12
CUST009157,Loyal,Social,REP029,2017-10-04 17:24:36,2018-03-04 23:37:30
CUST009158,Loyal,Organic,REP019,2018-04-03 12:56:18,2018-06-18 05:03:56
CUST009159,Loyal,Social,REP024,2017-09-05 01:04:15,2018-03-20 03:37:19
CUST009160,Loyal,Paid Search,REP009,2017-03-02 07:16:02,2017-11-06 07:11:21
CUST009161,Inactive,Social,REP020,2017-12-24 19:54:17,2017-12-24 19:54:17
CUST009162,Loyal,Email,REP023,2017-02-21 16:30:11,2018-08-04 05:35:14
CUST009163,Regular,Social,REP026,2017-05-09 05:17:27,2018-07-09 18:39:37
CUST009164,Loyal,Marketplace,REP023,2017-04-20 03:50:27,2018-01-10 15:00:52
CUST009165,Loyal,Email,REP024,2017-02-16 12:27:55,2018-09-10 03:04:52
CUST009166,Regular,Marketplace,REP022,2017-05-02 05:02:45,2018-06-20 22:37:36
CUST009167,Loyal,Social,REP014,2017-03-26 00:57:06,2018-05-17 16:08:27
CUST009168,Loyal,Social,REP020,2017-02-12 21:08:05,2018-06-19 15:24:42
CUST009169,Regular,Social,REP010,2017-03-14 15:54:22,2017-05-24 18:06:31
CUST009170,Regular,Paid Search,REP007,2017-02-28 03:53:36,2017-11-28 17:52:35
CUST009171,Loyal,Social,REP019,2017-12-13 08:43:01,2018-08-02 00:38:56
CUST009172,Inactive,Email,REP024,2017-04-14 10:27:50,2017-04-14 10:27:50
CUST009173,Regular,Email,REP004,2017-03-29 07:11:21,2018-01-14 07:14:28
CUST009174,Loyal,Marketplace,REP005,2017-03-26 13:10:54,2018-08-03 19:36:08
CUST009175,New,Organic,REP017,2018-04-25 18:00:47,2018-04-25 18:00:47
CUST009176,New,Paid Search,REP028,2018-07-22 17:39:47,2018-07-22 17:39:47
CUST009177,Inactive,Paid Search,REP013,2017-04-06 11:24:26,2017-04-06 11:24:26
CUST009178,Regular,Email,REP028,2017-08-07 01:22:19,2017-10-09 12:30:49
CUST009179,Regular,Organic,REP022,2017-02-07 20:51:53,2017-07-21 22:19:11
CUST009180,Loyal,Organic,REP012,2017-10-12 17:46:29,2018-03-13 12:30:10
CUST009181,Loyal,Organic,REP010,2017-10-06 13:01:41,2017-12-03 18:28:09
CUST009182,Regular,Organic,REP015,2017-07-28 09:51:04,2018-04-22 14:19:17
CUST009183,Loyal,Referral,REP002,2017-02-05 05:55:33,2018-08-21 06:05:48
CUST009184,Loyal,Paid Search,REP026,2017-08-14 15:21:28,2018-09-20 12:57:57
CUST009185,Loyal,Paid Search,REP026,2017-11-14 09:39:02,2018-04-04 06:03:37
CUST009186,Loyal,Organic,REP016,2017-04-07 22:12:10,2018-07-10 05:52:21
CUST009187,VIP,Email,REP011,2017-01-19 06:57:30,2018-07-11 00:17:18
CUST009188,Inactive,Social,REP005,2017-04-16 18:41:06,2017-04-16 18:41:06
CUST009189,Loyal,Paid Search,REP025,2017-01-09 05:37:38,2018-06-18 02:30:24
CUST009190,Loyal,Email,REP008,2017-08-11 23:39:46,2018-02-21 20:12:22
CUST009191,Loyal,Marketplace,REP028,2017-08-06 15:27:45,2018-08-16 00:31:22
CUST009192,VIP,Marketplace,REP007,2017-01-27 05:16:12,2018-03-09 02:49:50
CUST009193,New,Paid Search,REP025,2018-07-09 01:55:15,2018-07-09 01:55:15
CUST009194,Inactive,Referral,REP004,2018-02-09 00:00:00,2018-02-09 00:00:00
CUST009195,Loyal,Paid Search,REP003,2017-07-01 06:07:36,2017-12-12 17:53:31
CUST009196,Regular,Marketplace,REP021,2017-02-09 00:04:56,2018-05-31 11:14:35
CUST009197,Inactive,Social,REP001,2018-01-21 00:00:00,2018-01-21 00:00:00
CUST009198,Inactive,Organic,REP003,2017-07-26 00:00:00,2017-07-26 00:00:00
CUST009199,Regular,Email,REP023,2017-01-28 08:59:32,2017-05-20 13:08:52
CUST009200,Regular,Email,REP002,2017-08-08 17:00:32,2018-03-09 12:14:21
CUST009201,Loyal,Social,REP008,2017-05-22 15:54:45,2018-09-11 18:30:22
CUST009202,Loyal,Organic,REP025,2017-01-24 23:49:10,2017-12-01 14:16:23
CUST009203,Regular,Referral,REP019,2017-04-11 04:23:21,2017-09-26 12:19:51
CUST009204,Loyal,Organic,REP025,2017-08-05 18:59:54,2018-05-24 00:06:14
CUST009205,Loyal,Email,REP014,2017-02-01 07:18:15,2018-07-22 06:30:48
CUST009206,Loyal,Paid Search,REP026,2017-06-13 05:32:05,2018-06-26 06:12:19
CUST009207,Inactive,Paid Search,REP028,2017-11-15 00:00:00,2017-11-15 00:00:00
CUST009208,Loyal,Email,REP028,2017-06-08 07:33:55,2018-06-26 14:05:41
CUST009209,Regular,Organic,REP005,2017-08-05 14:13:58,2017-09-08 14:57:28
CUST009210,Loyal,Email,REP015,2017-01-13 13:34:13,2018-08-09 10:14:23
CUST009211,Regular,Referral,REP022,2017-03-11 20:04:48,2017-10-21 04:24:43
CUST009212,Inactive,Social,REP020,2018-03-05 21:21:04,2018-03-05 21:21:04
CUST009213,Regular,Referral,REP010,2017-06-04 11:00:03,2018-01-10 19:50:33
CUST009214,Inactive,Marketplace,REP002,2017-06-08 20:00:51,2017-06-08 20:00:51
CUST009215,Loyal,Organic,REP026,2017-02-26 21:15:57,2018-04-20 07:17:57
CUST009216,Loyal,Marketplace,REP014,2017-07-15 23:40:56,2018-06-21 18:53:15
CUST009217,Regular,Paid Search,REP023,2017-01-20 17:57:49,2018-05-15 00:05:54
CUST009218,Loyal,Paid Search,REP023,2017-07-19 11:43:38,2018-08-07 03:38:34
CUST009219,Inactive,Social,REP006,2018-01-09 23:05:00,2018-01-09 23:05:00
CUST009220,Regular,Paid Search,REP020,2017-03-09 09:44:23,2018-02-09 01:03:32
CUST009221,Regular,Marketplace,REP014,2017-08-27 11:23:09,2018-07-20 23:54:21
CUST009222,New,Marketplace,REP026,2018-08-08 00:35:24,2018-08-08 00:35:24
CUST009223,Loyal,Paid Search,REP003,2017-06-23 09:41:43,2017-12-23 11:39:53
CUST009224,Loyal,Organic,REP008,2017-12-07 17:12:20,2018-08-16 17:29:48
CUST009225,Inactive,Social,REP011,2017-11-17 00:00:00,2017-11-17 00:00:00
CUST009226,Loyal,Paid Search,REP022,2017-04-18 10:52:51,2018-08-10 17:55:32
CUST009227,Inactive,Social,REP023,2017-06-30 04:31:36,2017-06-30 04:31:36
CUST009228,Inactive,Referral,REP021,2017-07-03 00:00:00,2017-07-03 00:00:00
CUST009229,Loyal,Social,REP023,2017-07-29 02:14:07,2018-08-20 15:41:36
CUST009230,Loyal,Organic,REP007,2017-02-18 03:10:12,2017-03-30 07:22:33
CUST009231,Loyal,Paid Search,REP009,2017-02-18 13:10:07,2017-05-23 01:31:55
CUST009232,Loyal,Email,REP012,2017-03-26 19:10:27,2018-01-13 14:37:03
CUST009233,Inactive,Email,REP007,2017-08-18 23:37:00,2017-08-18 23:37:00
CUST009234,Loyal,Paid Search,REP026,2017-08-25 00:59:40,2018-07-11 20:51:08
CUST009235,Loyal,Marketplace,REP020,2017-08-24 09:57:36,2018-09-23 10:07:01
CUST009236,Loyal,Social,REP021,2017-03-04 11:49:09,2018-07-06 14:20:54
CUST009237,Inactive,Paid Search,REP016,2017-09-11 00:00:00,2017-09-11 00:00:00
CUST009238,Regular,Organic,REP001,2017-09-21 05:09:55,2018-04-05 09:44:03
CUST009239,Loyal,Referral,REP014,2017-02-14 09:33:12,2018-09-26 04:15:31
CUST009240,Loyal,Paid Search,REP014,2017-12-27 06:49:57,2018-07-24 21:28:00
CUST009241,VIP,Marketplace,REP028,2017-03-14 07:55:37,2018-07-10 16:13:05
CUST009242,Loyal,Organic,REP030,2017-09-12 23:18:29,2018-07-23 17:16:07
CUST009243,Regular,Marketplace,REP021,2017-08-19 19:14:42,2018-06-15 19:07:18
CUST009244,VIP,Email,REP003,2017-07-10 22:07:27,2018-09-19 17:07:34
CUST009245,Regular,Referral,REP025,2017-01-18 05:49:51,2018-03-09 00:04:00
CUST009246,Regular,Organic,REP019,2018-07-25 08:54:15,2018-09-24 02:42:34
CUST009247,Inactive,Organic,REP028,2017-10-20 00:34:11,2017-10-20 00:34:11
CUST009248,Inactive,Paid Search,REP017,2018-03-27 05:50:19,2018-03-27 05:50:19
CUST009249,Inactive,Social,REP013,2017-07-19 12:35:42,2017-07-19 12:35:42
CUST009250,New,Referral,REP015,2018-04-13 12:21:05,2018-04-13 12:21:05
CUST009251,New,Paid Search,REP021,2018-08-17 18:16:33,2018-08-17 18:16:33
CUST009252,Regular,Organic,REP029,2017-08-12 20:39:25,2018-06-30 03:41:30
CUST009253,Loyal,Organic,REP010,2017-03-08 11:05:28,2018-05-13 13:20:40
CUST009254,New,Referral,REP014,2018-06-09 01:53:32,2018-06-09 01:53:32
CUST009255,Loyal,Email,REP007,2017-08-31 10:05:27,2018-09-24 21:37:22
CUST009256,Loyal,Organic,REP020,2017-02-26 08:35:45,2018-08-03 09:00:23
CUST009257,Loyal,Referral,REP027,2018-02-04 09:29:24,2018-07-24 17:01:35
CUST009258,New,Paid Search,REP027,2018-09-15 16:57:11,2018-09-15 16:57:11
CUST009259,Inactive,Paid Search,REP009,2018-03-26 00:00:00,2018-03-26 00:00:00
CUST009260,Regular,Email,REP027,2017-01-23 00:20:15,2018-05-10 09:27:51
CUST009261,Loyal,Organic,REP018,2017-04-27 18:29:11,2018-06-07 09:03:06
CUST009262,Loyal,Email,REP009,2018-01-13 04:18:48,2018-07-23 21:20:10
CUST009263,VIP,Referral,REP020,2017-02-01 03:14:00,2018-05-23 18:23:15
CUST009264,Loyal,Social,REP017,2017-12-28 03:13:00,2018-07-01 01:21:54
CUST009265,Loyal,Email,REP010,2017-05-07 01:08:05,2018-07-04 22:27:19
CUST009266,Loyal,Referral,REP023,2017-03-18 16:49:42,2018-07-18 00:14:55
CUST009267,Loyal,Marketplace,REP018,2018-01-25 13:55:39,2018-09-18 15:14:19
CUST009268,Loyal,Paid Search,REP026,2017-03-06 19:58:05,2018-01-20 22:05:11
CUST009269,Loyal,Marketplace,REP030,2017-01-12 10:32:43,2018-03-01 06:27:56
CUST009270,Regular,Organic,REP015,2017-08-12 04:29:25,2018-07-26 11:28:11
CUST009271,Regular,Referral,REP016,2017-10-16 09:25:44,2018-08-05 08:49:53
CUST009272,Loyal,Social,REP014,2017-02-02 12:36:42,2018-06-22 17:37:23
CUST009273,Loyal,Organic,REP017,2017-01-19 14:38:11,2018-09-23 17:55:08
CUST009274,Loyal,Social,REP010,2017-07-17 17:06:37,2018-02-09 17:44:23
CUST009275,New,Marketplace,REP008,2018-06-02 00:00:00,2018-06-02 00:00:00
CUST009276,Regular,Marketplace,REP023,2017-04-02 22:23:26,2018-09-10 13:29:24
CUST009277,Regular,Email,REP019,2017-08-11 19:06:01,2017-10-16 13:40:08
CUST009278,Regular,Paid Search,REP028,2017-05-16 21:37:11,2017-05-24 19:45:01
CUST009279,Regular,Organic,REP014,2018-02-16 21:16:55,2018-06-23 09:22:39
CUST009280,New,Email,REP017,2018-08-03 05:19:22,2018-08-03 05:19:22
CUST009281,Inactive,Organic,REP003,2018-02-19 19:33:56,2018-02-19 19:33:56
CUST009282,Loyal,Referral,REP012,2017-03-15 18:50:04,2018-06-26 03:47:08
CUST009283,Regular,Paid Search,REP010,2017-01-13 19:02:52,2018-04-27 19:28:03
CUST009284,Regular,Paid Search,REP023,2018-03-29 01:58:14,2018-07-02 10:15:55
CUST009285,Regular,Email,REP030,2017-03-26 00:23:32,2017-04-04 19:03:33
CUST009286,Inactive,Social,REP026,2017-04-06 00:00:00,2017-04-06 00:00:00
CUST009287,Inactive,Marketplace,REP005,2017-05-05 16:48:57,2017-05-05 16:48:57
CUST009288,Loyal,Paid Search,REP026,2017-01-02 03:57:12,2018-09-22 07:47:42
CUST009289,Loyal,Paid Search,REP015,2017-10-20 03:20:27,2018-08-25 10:37:05
CUST009290,Loyal,Organic,REP022,2017-01-03 11:22:09,2018-08-21 13:23:25
CUST009291,Inactive,Paid Search,REP007,2017-12-11 00:00:00,2017-12-11 00:00:00
CUST009292,VIP,Organic,REP022,2017-08-21 19:42:29,2018-09-13 03:15:32
CUST009293,Inactive,Social,REP015,2017-09-17 10:28:13,2017-09-17 10:28:13
CUST009294,Inactive,Marketplace,REP005,2017-10-27 01:27:18,2017-10-27 01:27:18
CUST009295,Regular,Social,REP019,2017-07-18 00:29:00,2018-02-18 11:42:02
CUST009296,Loyal,Email,REP020,2017-03-22 03:07:06,2018-07-26 22:52:05
CUST009297,VIP,Organic,REP006,2017-01-17 10:10:30,2018-06-29 22:27:29
CUST009298,Inactive,Marketplace,REP027,2017-12-21 00:00:00,2017-12-21 00:00:00
CUST009299,Loyal,Social,REP010,2017-01-19 00:43:54,2017-07-28 01:00:00
CUST009300,Loyal,Organic,REP002,2017-02-02 05:03:56,2018-08-03 15:58:38
CUST009301,Loyal,Marketplace,REP007,2017-10-01 21:24:42,2018-05-21 23:37:06
CUST009302,Loyal,Organic,REP013,2017-02-25 16:49:23,2018-07-11 00:32:58
CUST009303,Loyal,Email,REP005,2017-02-25 11:57:40,2018-09-16 02:18:03
CUST009304,Loyal,Organic,REP005,2017-07-25 11:27:26,2018-09-05 06:53:34
CUST009305,Loyal,Organic,REP012,2017-04-27 06:30:25,2018-03-05 07:04:09
CUST009306,Regular,Organic,REP019,2017-09-05 23:37:08,2018-01-19 15:34:24
CUST009307,Regular,Marketplace,REP030,2017-04-20 02:36:40,2018-07-21 20:52:37
CUST009308,Regular,Paid Search,REP026,2018-02-06 23:41:11,2018-07-18 10:34:20
CUST009309,Regular,Marketplace,REP010,2017-12-08 15:29:03,2018-03-30 11:40:22
CUST009310,New,Social,REP010,2018-08-16 04:13:15,2018-08-16 04:13:15
CUST009311,Inactive,Referral,REP008,2018-01-13 13:42:42,2018-01-13 13:42:42
CUST009312,New,Paid Search,REP029,2018-06-08 00:00:00,2018-06-08 00:00:00
CUST009313,Loyal,Marketplace,REP016,2017-02-15 20:56:27,2018-04-18 01:03:14
CUST009314,Inactive,Organic,REP002,2018-02-11 07:40:48,2018-02-11 07:40:48
CUST009315,Loyal,Email,REP001,2017-01-05 19:42:36,2018-05-28 10:11:27
CUST009316,Inactive,Paid Search,REP002,2017-09-08 00:00:00,2017-09-08 00:00:00
CUST009317,Regular,Paid Search,REP008,2017-05-17 04:46:12,2018-09-05 19:29:17
CUST009318,VIP,Email,REP008,2017-01-18 22:33:14,2018-06-16 10:43:50
CUST009319,Regular,Referral,REP001,2017-02-17 02:09:47,2017-09-12 05:20:58
CUST009320,Inactive,Paid Search,REP002,2017-12-23 02:13:30,2017-12-23 02:13:30
CUST009321,Loyal,Email,REP007,2017-01-28 08:12:13,2018-04-30 10:51:06
CUST009322,Regular,Email,REP030,2017-05-24 07:37:42,2017-05-25 12:30:12
CUST009323,Inactive,Email,REP012,2017-05-12 00:39:28,2017-05-12 00:39:28
CUST009324,Loyal,Organic,REP010,2017-05-04 13:46:30,2018-07-24 14:55:52
CUST009325,Loyal,Social,REP017,2017-06-27 16:08:14,2018-09-17 11:39:17
CUST009326,Loyal,Paid Search,REP028,2017-01-12 16:37:52,2018-05-14 16:45:13
CUST009327,Loyal,Referral,REP025,2017-02-04 07:46:31,2018-09-17 17:06:35
CUST009328,Regular,Marketplace,REP025,2017-07-23 21:08:23,2017-09-30 02:38:16
CUST009329,VIP,Paid Search,REP002,2017-02-21 15:53:54,2018-09-10 21:26:52
CUST009330,Loyal,Referral,REP014,2017-01-13 19:04:57,2018-08-23 19:16:12
CUST009331,Inactive,Referral,REP014,2017-10-17 05:38:09,2017-10-17 05:38:09
CUST009332,Regular,Social,REP007,2017-04-17 22:02:42,2018-07-13 11:50:09
CUST009333,Regular,Email,REP007,2017-10-19 00:08:39,2018-09-25 08:42:14
CUST009334,Inactive,Email,REP012,2017-01-13 05:53:40,2017-01-13 05:53:40
CUST009335,New,Paid Search,REP007,2018-08-11 06:22:18,2018-08-11 06:22:18
CUST009336,Loyal,Email,REP014,2017-10-15 15:31:19,2018-03-19 18:25:25
CUST009337,Regular,Referral,REP027,2017-05-13 01:26:36,2018-09-23 21:41:45
CUST009338,Loyal,Marketplace,REP021,2017-05-02 13:06:43,2018-07-22 23:41:21
CUST009339,Inactive,Email,REP016,2017-08-07 07:58:17,2017-08-07 07:58:17
CUST009340,Loyal,Social,REP027,2017-01-23 08:20:38,2018-02-23 23:15:13
CUST009341,Loyal,Referral,REP024,2017-01-09 19:35:15,2018-02-08 11:18:28
CUST009342,Loyal,Organic,REP027,2017-05-15 20:52:56,2018-09-20 07:00:51
CUST009343,Inactive,Organic,REP022,2017-03-31 23:10:58,2017-03-31 23:10:58
CUST009344,Inactive,Organic,REP022,2017-03-23 01:41:30,2017-03-23 01:41:30
CUST009345,Loyal,Email,REP022,2017-05-04 07:47:40,2018-09-15 17:47:08
CUST009346,Loyal,Email,REP003,2017-01-11 01:51:06,2018-08-20 22:07:19
CUST009347,Loyal,Marketplace,REP013,2017-03-29 17:39:16,2018-03-23 06:58:05
CUST009348,Loyal,Social,REP001,2017-04-06 00:49:53,2017-11-03 06:33:02
CUST009349,Loyal,Organic,REP006,2017-03-03 05:18:35,2018-09-17 11:28:49
CUST009350,Regular,Marketplace,REP013,2017-07-24 13:45:30,2018-08-29 14:11:49
CUST009351,Loyal,Marketplace,REP020,2017-06-05 23:49:54,2018-06-27 16:25:04
CUST009352,Regular,Paid Search,REP024,2017-04-18 07:23:03,2017-10-24 06:30:12
CUST009353,Regular,Marketplace,REP009,2017-10-20 19:53:27,2018-07-29 09:32:12
CUST009354,Regular,Marketplace,REP019,2017-07-14 09:44:47,2017-09-24 10:58:34
CUST009355,Loyal,Referral,REP009,2017-01-08 06:53:03,2018-07-23 02:58:40
CUST009356,Regular,Organic,REP007,2017-05-11 19:32:36,2017-12-23 18:55:44
CUST009357,Loyal,Social,REP013,2017-01-18 12:46:57,2018-07-30 05:11:18
CUST009358,Regular,Marketplace,REP021,2017-08-08 08:53:44,2017-09-29 16:23:47
CUST009359,VIP,Referral,REP028,2017-01-03 05:12:30,2018-09-25 13:10:16
CUST009360,Inactive,Social,REP003,2017-07-20 21:54:18,2017-07-20 21:54:18
CUST009361,Inactive,Marketplace,REP018,2017-05-18 02:22:32,2017-05-18 02:22:32
CUST009362,Loyal,Paid Search,REP020,2017-05-27 10:29:59,2018-07-19 00:15:43
CUST009363,Loyal,Referral,REP019,2017-07-21 07:19:48,2018-03-01 01:29:52
CUST009364,VIP,Referral,REP008,2017-02-20 08:56:09,2018-09-28 02:53:36
CUST009365,Inactive,Email,REP029,2017-06-04 00:00:00,2017-06-04 00:00:00
CUST009366,VIP,Referral,REP004,2017-06-21 08:49:47,2018-08-17 06:58:46
CUST009367,Loyal,Social,REP012,2017-02-12 02:33:07,2018-08-09 04:17:32
CUST009368,Loyal,Marketplace,REP025,2017-11-02 15:21:45,2018-06-03 17:02:18
CUST009369,Regular,Paid Search,REP006,2017-10-22 06:26:36,2018-05-02 21:39:33
CUST009370,Loyal,Email,REP004,2017-03-21 00:50:24,2018-08-01 03:58:29
CUST009371,Regular,Paid Search,REP024,2017-06-06 01:13:22,2018-09-01 19:31:15
CUST009372,Loyal,Referral,REP015,2017-10-15 11:28:33,2018-05-17 04:36:49
CUST009373,New,Email,REP011,2018-04-14 19:15:24,2018-04-14 19:15:24
CUST009374,Regular,Paid Search,REP025,2017-05-20 23:49:34,2018-03-03 22:30:16
CUST009375,Loyal,Social,REP013,2017-02-01 17:08:29,2018-09-24 22:17:38
CUST009376,Inactive,Social,REP004,2017-07-30 02:31:52,2017-07-30 02:31:52
CUST009377,Loyal,Paid Search,REP001,2017-08-23 21:35:04,2018-05-11 20:19:04
CUST009378,Inactive,Organic,REP016,2017-07-23 06:06:32,2017-07-23 06:06:32
CUST009379,Loyal,Organic,REP022,2018-01-27 02:26:27,2018-08-23 07:48:26
CUST009380,Regular,Organic,REP003,2017-01-19 22:17:41,2017-09-03 22:58:54
CUST009381,Loyal,Organic,REP010,2017-04-24 03:39:22,2018-01-18 03:13:11
CUST009382,VIP,Marketplace,REP018,2017-01-31 12:04:43,2018-09-24 15:19:38
CUST009383,Loyal,Marketplace,REP020,2017-03-19 06:24:17,2017-06-03 07:58:03
CUST009384,Loyal,Referral,REP021,2017-06-11 05:29:39,2018-09-03 14:20:53
CUST009385,Regular,Organic,REP030,2017-10-04 22:06:35,2018-07-19 12:13:21
CUST009386,Loyal,Social,REP003,2017-06-20 03:50:10,2018-04-12 21:16:06
CUST009387,Regular,Paid Search,REP017,2017-09-12 09:33:41,2017-09-17 00:32:58
CUST009388,Loyal,Organic,REP021,2017-12-17 14:11:21,2018-07-02 06:43:56
CUST009389,Inactive,Social,REP005,2017-05-11 00:00:00,2017-05-11 00:00:00
CUST009390,New,Paid Search,REP027,2018-08-24 08:51:29,2018-08-24 08:51:29
CUST009391,New,Paid Search,REP026,2018-06-22 18:57:04,2018-06-22 18:57:04
CUST009392,Regular,Referral,REP014,2017-05-23 17:00:25,2017-12-06 21:10:38
CUST009393,Inactive,Organic,REP029,2018-03-30 12:28:45,2018-03-30 12:28:45
CUST009394,Loyal,Social,REP009,2017-11-22 19:42:28,2018-09-19 13:48:11
CUST009395,Regular,Marketplace,REP007,2017-11-14 11:11:38,2018-07-01 07:39:56
CUST009396,Inactive,Paid Search,REP018,2017-10-05 17:07:26,2017-10-05 17:07:26
CUST009397,Loyal,Email,REP002,2017-03-24 22:27:51,2018-05-01 11:11:28
CUST009398,Inactive,Organic,REP002,2017-03-23 10:25:29,2017-03-23 10:25:29
CUST009399,Loyal,Paid Search,REP023,2017-01-20 11:01:16,2018-07-30 03:29:11
CUST009400,New,Email,REP023,2018-07-18 23:42:08,2018-07-18 23:42:08
CUST009401,Inactive,Social,REP011,2017-03-06 14:39:31,2017-03-06 14:39:31
CUST009402,Regular,Social,REP023,2017-07-24 05:53:01,2018-08-05 18:23:04
CUST009403,Regular,Organic,REP015,2017-08-16 09:40:54,2017-08-27 19:37:16
CUST009404,Loyal,Email,REP005,2018-02-01 14:59:35,2018-09-02 01:17:03
CUST009405,Loyal,Paid Search,REP005,2018-01-12 05:30:42,2018-06-21 03:43:08
CUST009406,Regular,Email,REP015,2017-07-06 20:09:57,2018-01-08 02:19:22
CUST009407,Loyal,Social,REP027,2017-07-13 04:01:43,2018-05-27 13:46:28
CUST009408,Loyal,Social,REP016,2018-03-03 08:36:44,2018-08-06 08:17:21
CUST009409,Loyal,Email,REP030,2017-07-10 18:04:21,2018-03-27 01:12:57
CUST009410,Loyal,Referral,REP028,2018-03-16 22:56:14,2018-06-02 12:00:08
CUST009411,Loyal,Organic,REP026,2017-12-23 03:41:29,2018-06-28 11:34:35
CUST009412,Loyal,Social,REP026,2017-03-25 19:31:43,2018-07-15 07:56:55
CUST009413,VIP,Organic,REP012,2017-03-20 10:39:23,2018-09-11 16:05:13
CUST009414,Regular,Organic,REP019,2017-04-22 16:02:32,2018-04-21 06:13:03
CUST009415,Inactive,Paid Search,REP030,2017-11-28 14:07:03,2017-11-28 14:07:03
CUST009416,Loyal,Organic,REP014,2017-12-20 02:05:15,2018-06-20 04:46:59
CUST009417,Loyal,Referral,REP008,2018-03-14 09:10:09,2018-09-09 10:33:40
CUST009418,Loyal,Organic,REP019,2017-10-26 14:04:50,2018-06-22 05:07:50
CUST009419,VIP,Marketplace,REP006,2017-07-16 02:45:32,2018-07-22 00:24:01
CUST009420,Inactive,Email,REP021,2018-03-06 01:52:01,2018-03-06 01:52:01
CUST009421,Loyal,Email,REP029,2017-12-07 03:07:31,2018-09-06 19:31:57
CUST009422,Loyal,Social,REP014,2017-03-13 02:17:32,2018-09-22 00:42:10
CUST009423,Loyal,Organic,REP025,2017-06-29 19:06:36,2018-07-20 14:00:35
CUST009424,Loyal,Social,REP016,2017-06-16 04:00:02,2018-05-08 08:28:15
CUST009425,VIP,Organic,REP012,2017-01-10 11:51:45,2018-08-08 03:11:37
CUST009426,Loyal,Email,REP013,2017-02-25 14:37:06,2018-06-23 15:39:42
CUST009427,Loyal,Social,REP014,2017-05-18 07:57:08,2018-02-27 12:48:53
CUST009428,Loyal,Email,REP017,2017-10-04 14:25:32,2018-06-18 10:51:15
CUST009429,Loyal,Referral,REP029,2017-05-06 09:07:41,2018-07-19 23:37:03
CUST009430,Regular,Referral,REP022,2017-12-30 00:37:18,2018-01-02 04:42:15
CUST009431,VIP,Referral,REP006,2017-06-10 04:46:16,2018-06-30 23:23:39
CUST009432,New,Paid Search,REP020,2018-05-02 19:01:04,2018-05-02 19:01:04
CUST009433,Inactive,Email,REP026,2017-03-30 08:20:47,2017-03-30 08:20:47
CUST009434,Regular,Referral,REP021,2017-01-05 16:48:45,2017-12-08 03:00:29
CUST009435,Loyal,Organic,REP022,2018-03-01 11:14:47,2018-08-23 01:02:10
CUST009436,Inactive,Email,REP022,2017-03-15 00:00:00,2017-03-15 00:00:00
CUST009437,New,Email,REP015,2018-07-13 05:00:00,2018-07-13 05:00:00
CUST009438,Regular,Social,REP009,2018-08-23 10:52:21,2018-09-30 23:05:59
CUST009439,New,Referral,REP003,2018-07-18 11:50:59,2018-07-18 11:50:59
CUST009440,Loyal,Email,REP002,2017-04-11 15:29:29,2018-06-20 00:19:57
CUST009441,Inactive,Email,REP017,2017-03-30 00:00:00,2017-03-30 00:00:00
CUST009442,Loyal,Organic,REP013,2017-02-11 06:22:42,2018-06-25 19:13:57
CUST009443,Loyal,Email,REP001,2017-10-23 13:53:54,2018-08-11 14:37:33
CUST009444,Inactive,Social,REP027,2017-06-19 07:46:01,2017-06-19 07:46:01
CUST009445,Loyal,Organic,REP016,2017-12-08 19:33:10,2018-09-21 04:58:54
CUST009446,Inactive,Referral,REP026,2018-01-08 12:51:56,2018-01-08 12:51:56
CUST009447,Regular,Paid Search,REP028,2017-02-01 13:31:38,2017-08-25 08:59:16
CUST009448,Regular,Organic,REP002,2018-01-24 22:26:38,2018-03-31 23:05:38
CUST009449,New,Paid Search,REP005,2018-05-30 07:52:16,2018-05-30 07:52:16
CUST009450,Loyal,Referral,REP025,2017-06-17 06:16:55,2018-08-14 09:08:00
CUST009451,VIP,Social,REP001,2017-08-23 02:24:48,2018-08-22 00:07:12
CUST009452,Loyal,Paid Search,REP027,2017-01-06 10:47:03,2017-12-10 10:22:45
CUST009453,Regular,Marketplace,REP004,2017-03-16 11:13:01,2018-09-01 10:31:06
CUST009454,Regular,Email,REP023,2018-06-24 23:39:58,2018-08-28 00:57:17
CUST009455,New,Email,REP004,2018-04-04 00:00:00,2018-04-04 00:00:00
CUST009456,Regular,Email,REP009,2017-11-04 12:16:12,2018-09-18 14:50:12
CUST009457,Regular,Social,REP004,2017-05-25 05:07:59,2017-12-29 02:35:18
CUST009458,Loyal,Marketplace,REP007,2017-10-10 09:26:00,2018-08-19 06:54:06
CUST009459,Inactive,Paid Search,REP023,2017-07-13 06:58:07,2017-07-13 06:58:07
CUST009460,Inactive,Referral,REP012,2018-02-02 00:00:00,2018-02-02 00:00:00
CUST009461,Inactive,Social,REP023,2017-10-20 15:44:50,2017-10-20 15:44:50
CUST009462,Regular,Marketplace,REP004,2017-04-04 23:26:01,2018-04-08 23:21:07
CUST009463,Loyal,Paid Search,REP018,2017-05-05 05:53:30,2017-07-16 22:51:37
CUST009464,Inactive,Marketplace,REP027,2017-08-09 04:53:13,2017-08-09 04:53:13
CUST009465,Loyal,Social,REP010,2017-03-16 02:34:40,2018-08-24 21:05:32
CUST009466,Loyal,Organic,REP015,2017-06-22 11:22:50,2018-07-31 10:15:08
CUST009467,Loyal,Organic,REP017,2017-10-01 18:11:43,2018-05-13 11:15:52
CUST009468,VIP,Marketplace,REP024,2017-07-20 15:11:19,2018-09-25 15:32:37
CUST009469,Loyal,Referral,REP026,2018-05-26 08:37:11,2018-09-05 02:26:56
CUST009470,Inactive,Referral,REP015,2017-07-24 00:00:00,2017-07-24 00:00:00
CUST009471,Loyal,Organic,REP018,2017-02-20 23:37:32,2018-06-04 14:13:09
CUST009472,Inactive,Email,REP001,2017-12-01 00:00:00,2017-12-01 00:00:00
CUST009473,Regular,Paid Search,REP013,2017-07-24 00:24:43,2017-11-12 00:39:33
CUST009474,Inactive,Marketplace,REP026,2017-08-02 18:56:14,2017-08-02 18:56:14
CUST009475,Inactive,Email,REP029,2017-09-29 10:44:13,2017-09-29 10:44:13
CUST009476,New,Marketplace,REP012,2018-04-20 00:00:00,2018-04-20 00:00:00
CUST009477,Inactive,Organic,REP010,2018-03-20 00:00:00,2018-03-20 00:00:00
CUST009478,Loyal,Marketplace,REP018,2017-07-11 02:54:21,2018-09-24 05:15:55
CUST009479,Inactive,Referral,REP028,2017-04-15 00:00:00,2017-04-15 00:00:00
CUST009480,Regular,Paid Search,REP028,2017-03-11 15:54:20,2017-04-25 12:28:02
CUST009481,Regular,Referral,REP027,2018-04-22 04:37:37,2018-06-17 00:21:25
CUST009482,Regular,Email,REP020,2017-09-29 16:08:29,2018-01-07 18:06:51
CUST009483,Regular,Organic,REP019,2017-04-12 04:08:55,2018-06-23 11:59:17
CUST009484,Loyal,Social,REP018,2017-05-22 13:34:34,2018-08-02 20:35:57
CUST009485,Loyal,Referral,REP009,2017-08-16 00:01:57,2018-03-22 19:53:49
CUST009486,Regular,Paid Search,REP020,2017-01-18 15:26:25,2017-10-18 08:20:44
CUST009487,New,Marketplace,REP014,2018-09-25 03:02:01,2018-09-25 03:02:01
CUST009488,Regular,Email,REP009,2017-05-16 03:47:38,2018-09-06 09:39:48
CUST009489,Inactive,Organic,REP011,2017-03-17 14:26:03,2017-03-17 14:26:03
CUST009490,Inactive,Social,REP007,2017-06-26 16:41:40,2017-06-26 16:41:40
CUST009491,Inactive,Marketplace,REP002,2017-02-19 02:35:12,2017-02-19 02:35:12
CUST009492,Loyal,Organic,REP003,2017-05-04 03:37:41,2017-12-14 12:31:46
CUST009493,Loyal,Paid Search,REP027,2017-08-13 05:43:56,2018-05-24 00:33:51
CUST009494,Regular,Email,REP009,2017-03-19 09:24:25,2017-10-21 20:22:46
CUST009495,Loyal,Social,REP011,2017-01-16 06:56:05,2017-07-20 15:14:03
CUST009496,Regular,Paid Search,REP015,2017-09-18 14:22:28,2017-10-02 18:01:41
CUST009497,Inactive,Paid Search,REP028,2017-11-16 22:19:12,2017-11-16 22:19:12
CUST009498,Loyal,Organic,REP010,2017-01-18 15:48:58,2018-09-11 22:37:24
CUST009499,Inactive,Social,REP002,2017-01-02 00:05:06,2017-01-02 00:05:06
CUST009500,Loyal,Referral,REP003,2017-08-26 08:16:45,2018-05-19 16:35:02
CUST009501,New,Paid Search,REP030,2018-05-18 05:41:05,2018-05-18 05:41:05
CUST009502,Regular,Organic,REP029,2017-10-27 12:21:00,2018-01-01 04:46:20
CUST009503,Inactive,Social,REP030,2017-05-27 09:29:25,2017-05-27 09:29:25
CUST009504,Loyal,Organic,REP021,2017-01-26 19:15:43,2018-09-16 02:17:27
CUST009505,Regular,Referral,REP029,2017-08-03 08:12:28,2018-02-28 00:02:23
CUST009506,Regular,Referral,REP010,2017-11-15 15:29:18,2017-12-05 08:23:43
CUST009507,Loyal,Organic,REP001,2017-01-24 00:57:31,2017-12-09 03:59:22
CUST009508,Inactive,Paid Search,REP002,2017-03-21 13:12:28,2017-03-21 13:12:28
CUST009509,Regular,Email,REP017,2017-03-08 02:17:38,2017-08-24 18:37:08
CUST009510,Regular,Email,REP027,2017-04-22 20:49:16,2017-05-26 16:31:03
CUST009511,Regular,Paid Search,REP027,2017-07-19 21:09:43,2018-08-12 03:37:50
CUST009512,VIP,Email,REP029,2017-06-14 15:29:25,2018-09-06 12:27:04
CUST009513,New,Email,REP008,2018-08-01 07:36:48,2018-08-01 07:36:48
CUST009514,Loyal,Organic,REP029,2017-03-12 12:23:29,2018-05-25 16:25:47
CUST009515,Regular,Marketplace,REP016,2017-01-28 12:00:20,2017-10-09 05:44:22
CUST009516,New,Social,REP029,2018-05-04 06:53:24,2018-05-04 06:53:24
CUST009517,Regular,Marketplace,REP007,2017-03-29 19:51:55,2017-10-16 09:39:53
CUST009518,Regular,Paid Search,REP001,2018-07-07 06:37:10,2018-07-10 04:35:34
CUST009519,Regular,Referral,REP009,2017-06-24 02:36:51,2018-01-01 05:22:27
CUST009520,New,Referral,REP014,2018-07-09 09:54:47,2018-07-09 09:54:47
CUST009521,Loyal,Organic,REP008,2017-05-29 22:53:04,2017-10-22 13:29:41
CUST009522,Inactive,Referral,REP030,2017-11-20 22:22:29,2017-11-20 22:22:29
CUST009523,Regular,Social,REP024,2017-07-10 14:04:29,2018-04-15 20:50:29
CUST009524,Loyal,Email,REP014,2017-03-12 02:35:31,2018-04-08 07:59:04
CUST009525,Inactive,Marketplace,REP002,2018-01-19 18:54:22,2018-01-19 18:54:22
CUST009526,Inactive,Social,REP026,2017-04-04 03:43:48,2017-04-04 03:43:48
CUST009527,Loyal,Marketplace,REP020,2017-06-26 11:36:35,2018-06-04 02:23:00
CUST009528,Regular,Paid Search,REP029,2018-07-04 19:24:49,2018-09-11 05:28:01
CUST009529,Regular,Paid Search,REP025,2017-01-31 12:30:22,2018-06-29 06:15:55
CUST009530,Regular,Marketplace,REP024,2017-03-18 07:31:52,2017-07-18 17:59:10
CUST009531,VIP,Email,REP024,2017-01-02 07:07:10,2018-09-30 04:07:53
CUST009532,Regular,Social,REP019,2017-04-22 07:14:06,2018-05-15 06:41:39
CUST009533,Loyal,Referral,REP016,2017-07-14 03:02:49,2018-09-02 17:20:57
CUST009534,New,Paid Search,REP008,2018-05-29 12:27:46,2018-05-29 12:27:46
CUST009535,Loyal,Organic,REP017,2018-01-11 20:48:09,2018-08-27 21:49:49
CUST009536,Loyal,Paid Search,REP023,2017-08-13 04:29:42,2018-08-12 02:44:03
CUST009537,Loyal,Referral,REP022,2017-10-30 11:31:15,2018-05-13 23:03:37
CUST009538,Inactive,Paid Search,REP015,2017-09-19 12:21:19,2017-09-19 12:21:19
CUST009539,Inactive,Referral,REP007,2017-11-12 09:12:57,2017-11-12 09:12:57
CUST009540,Inactive,Marketplace,REP013,2018-03-18 00:00:00,2018-03-18 00:00:00
CUST009541,Inactive,Social,REP006,2018-02-21 16:52:32,2018-02-21 16:52:32
CUST009542,Loyal,Social,REP001,2017-02-11 21:59:07,2018-06-01 16:08:33
CUST009543,Inactive,Referral,REP023,2017-03-30 04:21:15,2017-03-30 04:21:15
CUST009544,Regular,Referral,REP002,2018-02-01 11:13:01,2018-09-19 16:40:02
CUST009545,Inactive,Social,REP003,2017-06-03 00:00:00,2017-06-03 00:00:00
CUST009546,VIP,Marketplace,REP005,2017-01-17 14:50:41,2018-09-26 16:39:08
CUST009547,Loyal,Paid Search,REP001,2017-02-03 23:55:22,2018-07-05 11:09:38
CUST009548,Regular,Email,REP011,2017-01-29 19:58:39,2018-09-21 22:13:06
CUST009549,Loyal,Paid Search,REP006,2017-06-05 07:34:44,2018-05-29 02:48:39
CUST009550,Loyal,Email,REP023,2017-03-26 01:26:19,2018-01-03 11:33:38
CUST009551,Regular,Email,REP008,2017-10-07 11:20:24,2018-07-05 12:26:25
CUST009552,Loyal,Email,REP004,2017-10-24 09:43:17,2018-06-25 04:30:45
CUST009553,Loyal,Paid Search,REP029,2017-04-16 17:08:27,2018-04-07 21:43:51
CUST009554,Inactive,Social,REP001,2017-09-04 16:04:11,2017-09-04 16:04:11
CUST009555,Regular,Organic,REP007,2017-03-26 22:15:42,2018-05-16 03:18:39
CUST009556,Loyal,Social,REP003,2017-06-20 19:18:42,2018-09-20 20:09:35
CUST009557,Loyal,Email,REP005,2017-01-16 13:00:18,2017-07-08 06:33:28
CUST009558,Loyal,Organic,REP011,2017-09-29 16:06:54,2018-06-24 00:19:23
CUST009559,Loyal,Email,REP003,2017-02-17 02:45:44,2018-03-26 19:28:39
CUST009560,Loyal,Organic,REP012,2017-02-03 06:59:17,2018-09-27 20:29:52
CUST009561,Inactive,Organic,REP023,2018-03-15 08:59:23,2018-03-15 08:59:23
CUST009562,Loyal,Social,REP027,2018-01-02 22:24:52,2018-08-18 22:35:50
CUST009563,Loyal,Referral,REP010,2017-10-28 09:56:08,2018-08-02 19:02:02
CUST009564,Regular,Social,REP007,2017-09-05 11:34:39,2017-12-28 03:44:40
CUST009565,Regular,Organic,REP023,2017-05-14 18:27:19,2018-08-26 23:10:52
CUST009566,Inactive,Organic,REP022,2017-05-02 00:00:00,2017-05-02 00:00:00
CUST009567,Loyal,Email,REP006,2017-08-29 23:13:06,2018-09-24 21:45:37
CUST009568,Regular,Social,REP010,2017-02-12 16:56:21,2017-08-11 17:35:18
CUST009569,Regular,Paid Search,REP010,2017-09-29 12:28:26,2017-12-30 18:08:16
CUST009570,Inactive,Referral,REP022,2017-11-16 05:11:27,2017-11-16 05:11:27
CUST009571,Regular,Social,REP028,2017-11-23 19:32:45,2018-08-14 05:02:47
CUST009572,Loyal,Marketplace,REP015,2017-01-24 11:31:05,2018-09-15 01:05:11
CUST009573,Regular,Email,REP026,2017-02-11 23:06:17,2017-09-04 23:22:53
CUST009574,Inactive,Social,REP010,2017-03-12 00:00:00,2017-03-12 00:00:00
CUST009575,Regular,Marketplace,REP002,2017-05-06 08:17:04,2017-08-17 03:10:11
CUST009576,Regular,Paid Search,REP007,2017-05-13 15:38:35,2018-01-01 04:39:33
CUST009577,Loyal,Email,REP012,2017-01-20 20:09:06,2018-02-11 17:07:52
CUST009578,Inactive,Social,REP024,2018-01-10 00:08:51,2018-01-10 00:08:51
CUST009579,Inactive,Paid Search,REP016,2017-05-30 13:20:27,2017-05-30 13:20:27
CUST009580,Inactive,Paid Search,REP016,2017-11-25 06:40:25,2017-11-25 06:40:25
CUST009581,Inactive,Referral,REP004,2017-11-17 00:00:00,2017-11-17 00:00:00
CUST009582,New,Paid Search,REP010,2018-08-01 22:26:53,2018-08-01 22:26:53
CUST009583,Regular,Email,REP004,2018-01-18 02:03:19,2018-02-18 17:59:12
CUST009584,Inactive,Marketplace,REP027,2017-12-02 15:55:46,2017-12-02 15:55:46
CUST009585,Inactive,Paid Search,REP004,2017-11-24 03:14:25,2017-11-24 03:14:25
CUST009586,Regular,Organic,REP022,2017-02-08 14:15:26,2018-02-22 07:36:06
CUST009587,Regular,Marketplace,REP014,2017-05-15 02:15:37,2018-02-10 20:26:54
CUST009588,Inactive,Email,REP018,2017-05-16 10:07:52,2017-05-16 10:07:52
CUST009589,Inactive,Organic,REP018,2017-08-06 00:00:00,2017-08-06 00:00:00
CUST009590,Loyal,Organic,REP010,2017-04-10 06:16:30,2017-10-17 10:37:03
CUST009591,New,Email,REP013,2018-07-16 11:50:22,2018-07-16 11:50:22
CUST009592,Regular,Marketplace,REP021,2017-06-10 05:13:48,2018-08-24 11:47:52
CUST009593,Inactive,Referral,REP015,2017-11-23 15:39:18,2017-11-23 15:39:18
CUST009594,Regular,Marketplace,REP016,2017-04-16 09:00:14,2018-06-22 13:28:05
CUST009595,Loyal,Marketplace,REP003,2018-01-25 02:07:14,2018-04-23 21:39:47
CUST009596,Loyal,Organic,REP014,2017-03-23 03:25:13,2018-08-21 06:33:27
CUST009597,Inactive,Marketplace,REP009,2017-03-23 18:20:28,2017-03-23 18:20:28
CUST009598,Loyal,Paid Search,REP030,2017-06-13 19:35:16,2018-08-08 14:55:41
CUST009599,Loyal,Paid Search,REP017,2017-05-26 08:35:04,2018-03-18 21:09:19
CUST009600,Loyal,Social,REP022,2017-06-05 07:29:38,2018-08-05 03:49:07
CUST009601,Loyal,Paid Search,REP001,2017-05-15 19:10:50,2018-07-20 23:56:25
CUST009602,Loyal,Paid Search,REP019,2017-06-22 18:31:42,2017-09-26 23:25:47
CUST009603,Inactive,Social,REP010,2017-07-29 00:00:00,2017-07-29 00:00:00
CUST009604,VIP,Referral,REP020,2017-05-21 16:56:46,2018-09-28 14:18:32
CUST009605,Loyal,Paid Search,REP002,2017-06-22 21:38:03,2018-09-12 10:27:36
CUST009606,New,Email,REP016,2018-04-18 00:00:00,2018-04-18 00:00:00
CUST009607,Regular,Organic,REP020,2018-03-03 21:34:17,2018-04-21 05:39:13
CUST009608,Loyal,Organic,REP028,2017-11-21 01:50:38,2018-06-13 11:17:10
CUST009609,Loyal,Email,REP001,2017-04-02 13:05:28,2018-07-30 20:27:00
CUST009610,Loyal,Social,REP008,2017-05-04 13:04:17,2018-05-29 09:08:12
CUST009611,Regular,Social,REP006,2017-02-20 16:27:09,2017-09-16 14:30:55
CUST009612,Loyal,Email,REP015,2017-07-19 22:41:46,2018-08-05 07:08:32
CUST009613,Loyal,Social,REP030,2017-12-27 20:52:34,2018-08-20 19:53:06
CUST009614,Inactive,Marketplace,REP026,2017-03-11 12:34:19,2017-03-11 12:34:19
CUST009615,Loyal,Marketplace,REP024,2017-01-29 17:32:52,2018-03-10 13:00:23
CUST009616,Loyal,Paid Search,REP015,2017-01-18 02:28:39,2018-07-21 09:41:47
CUST009617,Regular,Organic,REP008,2017-11-22 09:47:13,2018-09-01 16:51:22
CUST009618,Loyal,Social,REP018,2017-02-15 09:39:18,2018-03-28 00:18:05
CUST009619,Loyal,Marketplace,REP001,2017-06-19 17:07:33,2018-08-15 23:18:04
CUST009620,Loyal,Organic,REP016,2018-03-09 14:24:41,2018-09-21 06:57:42
CUST009621,Loyal,Marketplace,REP021,2017-10-24 19:13:40,2018-04-11 16:22:55
CUST009622,Regular,Social,REP026,2018-07-07 05:30:46,2018-08-11 05:59:04
CUST009623,New,Organic,REP007,2018-07-07 11:46:52,2018-07-07 11:46:52
CUST009624,Loyal,Email,REP014,2018-01-06 21:56:02,2018-09-05 08:18:26
CUST009625,Inactive,Social,REP029,2017-11-29 00:00:00,2017-11-29 00:00:00
CUST009626,New,Email,REP017,2018-07-26 19:07:23,2018-07-26 19:07:23
CUST009627,Loyal,Organic,REP002,2017-04-19 23:45:56,2018-08-29 13:08:12
CUST009628,Inactive,Paid Search,REP004,2017-01-23 06:44:05,2017-01-23 06:44:05
CUST009629,Inactive,Organic,REP020,2017-10-27 00:00:00,2017-10-27 00:00:00
CUST009630,Loyal,Email,REP012,2017-03-16 23:34:34,2018-06-02 00:25:15
CUST009631,Loyal,Email,REP028,2017-02-06 11:27:51,2018-07-30 08:35:12
CUST009632,Inactive,Referral,REP014,2017-06-03 00:57:55,2017-06-03 00:57:55
CUST009633,Loyal,Social,REP009,2017-03-01 15:54:31,2018-01-07 13:33:21
CUST009634,Regular,Marketplace,REP023,2018-03-14 22:48:18,2018-03-21 10:59:49
CUST009635,Regular,Organic,REP018,2017-02-16 02:55:35,2017-12-21 12:19:30
CUST009636,Regular,Paid Search,REP029,2018-04-05 23:35:32,2018-05-01 00:41:13
CUST009637,Regular,Referral,REP016,2017-02-13 17:58:52,2017-11-16 08:30:49
CUST009638,Regular,Social,REP013,2017-01-29 09:04:18,2017-05-04 16:31:59
CUST009639,Loyal,Referral,REP010,2017-01-03 11:44:58,2018-03-28 13:03:06
CUST009640,New,Marketplace,REP016,2018-05-31 17:47:49,2018-05-31 17:47:49
CUST009641,Loyal,Social,REP028,2017-02-16 03:34:47,2018-09-16 12:55:59
CUST009642,New,Marketplace,REP022,2018-07-05 00:00:00,2018-07-05 00:00:00
CUST009643,Inactive,Email,REP022,2018-01-17 00:00:00,2018-01-17 00:00:00
CUST009644,Loyal,Paid Search,REP025,2018-01-27 15:31:45,2018-04-09 15:02:00
CUST009645,Loyal,Marketplace,REP004,2017-08-02 18:30:53,2018-04-03 00:18:38
CUST009646,Regular,Email,REP026,2017-07-01 21:21:23,2017-11-29 01:31:26
CUST009647,Inactive,Paid Search,REP023,2017-03-24 04:23:12,2017-03-24 04:23:12
CUST009648,Loyal,Organic,REP020,2017-03-08 11:18:03,2018-06-08 02:35:36
CUST009649,Inactive,Organic,REP030,2017-11-25 03:00:17,2017-11-25 03:00:17
CUST009650,Loyal,Social,REP030,2017-05-25 21:37:39,2018-08-28 10:01:19
CUST009651,New,Referral,REP004,2018-06-02 00:00:00,2018-06-02 00:00:00
CUST009652,Loyal,Referral,REP022,2017-06-22 14:10:33,2018-09-03 17:55:03
CUST009653,Loyal,Paid Search,REP020,2017-04-23 23:29:37,2018-06-25 09:19:35
CUST009654,Regular,Marketplace,REP010,2017-04-27 07:30:53,2018-03-09 20:23:34
CUST009655,Inactive,Organic,REP009,2017-08-14 05:50:33,2017-08-14 05:50:33
CUST009656,Loyal,Organic,REP001,2017-07-09 23:13:10,2018-09-02 01:28:43
CUST009657,Inactive,Organic,REP003,2017-11-27 17:37:40,2017-11-27 17:37:40
CUST009658,Loyal,Social,REP021,2017-01-17 22:41:01,2017-08-18 19:12:40
CUST009659,Loyal,Organic,REP006,2017-01-05 06:36:03,2018-07-26 22:10:04
CUST009660,Loyal,Email,REP001,2017-03-18 23:29:08,2018-08-08 21:06:39
CUST009661,Loyal,Organic,REP027,2017-02-07 08:18:39,2018-07-08 18:31:45
CUST009662,Inactive,Paid Search,REP028,2017-03-31 00:00:00,2017-03-31 00:00:00
CUST009663,Loyal,Referral,REP008,2017-01-27 01:57:25,2018-06-24 06:37:00
CUST009664,Loyal,Social,REP003,2017-08-07 12:59:16,2018-06-25 05:04:24
CUST009665,Inactive,Organic,REP026,2017-01-08 12:19:20,2017-01-08 12:19:20
CUST009666,Inactive,Marketplace,REP010,2017-01-15 01:11:27,2017-01-15 01:11:27
CUST009667,VIP,Social,REP023,2017-01-08 23:20:05,2018-08-27 03:08:48
CUST009668,Loyal,Organic,REP014,2017-02-02 22:17:07,2018-07-03 17:58:03
CUST009669,Inactive,Organic,REP001,2017-06-11 07:37:52,2017-06-11 07:37:52
CUST009670,Loyal,Paid Search,REP012,2017-06-20 16:20:23,2018-01-02 09:23:11
CUST009671,Loyal,Marketplace,REP018,2017-05-08 03:22:50,2018-07-02 21:47:11
CUST009672,Inactive,Organic,REP008,2017-04-23 00:00:00,2017-04-23 00:00:00
CUST009673,Loyal,Organic,REP023,2017-07-21 08:49:18,2017-11-14 20:33:43
CUST009674,Loyal,Referral,REP019,2017-04-14 07:32:52,2017-11-29 22:15:42
CUST009675,Inactive,Paid Search,REP019,2017-01-26 04:49:08,2017-01-26 04:49:08
CUST009676,Inactive,Referral,REP020,2017-10-20 02:16:30,2017-10-20 02:16:30
CUST009677,New,Organic,REP020,2018-06-19 08:41:03,2018-06-19 08:41:03
CUST009678,Inactive,Marketplace,REP012,2017-05-20 13:35:39,2017-05-20 13:35:39
CUST009679,VIP,Marketplace,REP027,2017-03-04 05:49:49,2018-05-10 20:42:52
CUST009680,Loyal,Organic,REP012,2017-06-24 20:12:36,2018-06-06 19:44:38
CUST009681,Loyal,Email,REP018,2017-01-02 03:30:22,2018-04-09 03:47:02
CUST009682,Inactive,Marketplace,REP023,2017-01-18 16:19:36,2017-01-18 16:19:36
CUST009683,New,Marketplace,REP007,2018-07-15 10:33:56,2018-07-15 10:33:56
CUST009684,Loyal,Referral,REP005,2017-03-07 03:52:17,2018-07-09 21:32:16
CUST009685,Regular,Referral,REP002,2017-01-13 05:45:54,2018-02-25 16:38:59
CUST009686,Inactive,Social,REP027,2017-05-13 12:53:58,2017-05-13 12:53:58
CUST009687,Regular,Paid Search,REP017,2017-05-10 08:57:47,2018-03-02 17:39:21
CUST009688,Inactive,Paid Search,REP018,2017-05-02 00:00:00,2017-05-02 00:00:00
CUST009689,New,Paid Search,REP019,2018-07-03 08:32:05,2018-07-03 08:32:05
CUST009690,Loyal,Organic,REP019,2017-07-11 20:11:26,2018-06-12 17:32:48
CUST009691,Loyal,Marketplace,REP025,2017-01-05 15:06:44,2018-08-16 18:33:13
CUST009692,Regular,Organic,REP011,2017-12-23 12:10:07,2018-06-22 12:36:02
CUST009693,Loyal,Marketplace,REP025,2017-01-29 12:48:15,2018-06-13 06:31:18
CUST009694,Inactive,Referral,REP026,2017-09-02 00:53:10,2017-09-02 00:53:10
CUST009695,Loyal,Organic,REP022,2017-02-09 02:00:18,2018-01-12 00:54:34
CUST009696,Loyal,Email,REP021,2017-01-29 15:30:38,2018-09-11 10:18:44
CUST009697,Regular,Referral,REP023,2017-12-18 23:12:19,2018-08-18 05:36:50
CUST009698,Regular,Referral,REP013,2017-06-04 04:01:55,2018-08-29 17:31:36
CUST009699,Regular,Email,REP010,2017-07-14 08:04:31,2018-06-19 13:55:31
CUST009700,Inactive,Referral,REP009,2017-05-10 14:10:32,2017-05-10 14:10:32
CUST009701,New,Paid Search,REP005,2018-08-27 12:40:15,2018-08-27 12:40:15
CUST009702,VIP,Marketplace,REP023,2017-03-15 00:03:51,2018-06-06 08:56:37
CUST009703,Loyal,Paid Search,REP027,2017-07-25 12:20:16,2018-09-03 12:57:27
CUST009704,Inactive,Marketplace,REP017,2017-02-11 00:00:00,2017-02-11 00:00:00
CUST009705,Inactive,Social,REP011,2017-10-31 21:54:06,2017-10-31 21:54:06
CUST009706,Loyal,Paid Search,REP020,2017-04-20 04:37:25,2018-02-20 07:12:38
CUST009707,Loyal,Organic,REP009,2017-09-23 00:01:48,2017-10-11 07:49:49
CUST009708,Inactive,Organic,REP015,2018-01-17 22:30:02,2018-01-17 22:30:02
CUST009709,Loyal,Social,REP001,2017-07-07 19:36:51,2018-07-02 21:41:54
CUST009710,Loyal,Social,REP011,2017-10-04 07:41:42,2018-06-20 06:46:12
CUST009711,Regular,Referral,REP016,2017-09-30 00:09:45,2017-10-07 11:30:35
CUST009712,Loyal,Email,REP008,2017-04-04 16:47:49,2018-08-06 07:12:48
CUST009713,Loyal,Paid Search,REP028,2017-02-18 02:58:41,2018-08-09 05:16:58
CUST009714,Loyal,Referral,REP030,2017-02-08 03:58:46,2017-11-27 11:14:48
CUST009715,Loyal,Referral,REP021,2017-03-18 01:16:33,2018-06-09 20:46:09
CUST009716,Regular,Referral,REP014,2017-08-25 10:56:35,2018-07-23 16:34:37
CUST009717,Loyal,Social,REP013,2017-04-14 01:29:06,2017-05-10 14:07:35
CUST009718,VIP,Paid Search,REP023,2017-06-08 21:03:01,2018-05-16 03:38:00
CUST009719,Loyal,Organic,REP001,2017-02-02 14:43:51,2018-03-20 12:14:43
CUST009720,Regular,Organic,REP011,2017-04-03 19:05:33,2018-06-01 14:55:01
CUST009721,Regular,Social,REP028,2017-01-23 14:32:14,2018-09-28 02:23:30
CUST009722,Regular,Marketplace,REP030,2017-03-07 19:44:09,2017-10-23 08:32:59
CUST009723,Loyal,Referral,REP004,2017-01-01 18:39:34,2018-06-02 04:41:19
CUST009724,VIP,Referral,REP029,2017-02-01 14:18:03,2018-05-27 03:23:00
CUST009725,Inactive,Social,REP011,2017-08-01 13:52:16,2017-08-01 13:52:16
CUST009726,Regular,Email,REP020,2017-02-08 16:04:36,2018-06-06 08:07:13
CUST009727,Regular,Organic,REP016,2017-10-07 23:26:28,2018-01-09 00:02:46
CUST009728,Loyal,Social,REP011,2017-01-20 05:09:53,2018-03-06 10:17:54
CUST009729,Regular,Email,REP003,2018-05-21 20:37:24,2018-09-24 07:07:10
CUST009730,Regular,Social,REP005,2017-11-17 12:21:57,2018-04-16 19:56:22
CUST009731,Regular,Marketplace,REP009,2017-03-22 21:29:37,2017-12-30 09:17:14
CUST009732,VIP,Organic,REP027,2017-03-10 02:09:22,2018-05-06 17:41:48
CUST009733,Regular,Paid Search,REP015,2017-06-22 17:14:49,2018-09-01 17:46:57
CUST009734,Loyal,Paid Search,REP010,2017-10-27 23:01:13,2018-07-10 19:39:44
CUST009735,Loyal,Referral,REP019,2017-02-12 20:28:48,2018-08-10 10:57:50
CUST009736,Inactive,Organic,REP009,2017-02-18 22:40:10,2017-02-18 22:40:10
CUST009737,Loyal,Paid Search,REP022,2017-03-31 12:08:04,2018-03-03 19:04:22
CUST009738,Loyal,Email,REP018,2017-02-18 08:34:09,2018-07-09 17:06:13
CUST009739,Loyal,Paid Search,REP011,2017-01-06 15:50:46,2017-05-10 16:59:10
CUST009740,New,Organic,REP025,2018-08-10 20:08:40,2018-08-10 20:08:40
CUST009741,Loyal,Referral,REP015,2017-02-22 10:07:03,2017-11-21 05:29:39
CUST009742,Loyal,Organic,REP027,2017-03-22 01:07:23,2018-07-16 06:28:09
CUST009743,Regular,Paid Search,REP003,2017-02-11 23:16:27,2017-08-09 09:19:03
CUST009744,Loyal,Referral,REP017,2017-08-31 04:36:21,2018-09-16 06:01:30
CUST009745,Loyal,Referral,REP016,2017-05-23 21:31:52,2018-09-24 04:08:52
CUST009746,Regular,Organic,REP003,2017-05-22 20:42:37,2017-11-06 00:00:53
CUST009747,Loyal,Email,REP023,2017-11-30 00:15:04,2018-01-11 11:15:51
CUST009748,Loyal,Marketplace,REP022,2017-07-16 05:23:25,2018-09-30 11:08:53
CUST009749,Loyal,Paid Search,REP013,2017-05-22 22:05:57,2018-06-26 19:05:56
CUST009750,Loyal,Email,REP020,2017-07-14 06:55:17,2018-09-18 18:23:20
CUST009751,Loyal,Social,REP009,2017-07-08 19:53:09,2018-06-10 12:46:01
CUST009752,Loyal,Organic,REP001,2017-02-24 07:30:40,2018-05-29 01:40:18
CUST009753,Inactive,Organic,REP003,2017-02-03 07:20:33,2017-02-03 07:20:33
CUST009754,Regular,Organic,REP026,2017-10-25 09:39:47,2018-02-26 03:27:42
CUST009755,Loyal,Paid Search,REP015,2017-03-29 19:32:56,2018-04-07 07:19:12
CUST009756,Loyal,Email,REP026,2017-05-05 01:32:30,2018-08-23 16:41:50
CUST009757,Regular,Marketplace,REP028,2017-03-31 17:51:52,2017-11-29 03:21:59
CUST009758,Regular,Social,REP012,2017-04-23 04:45:31,2018-09-06 15:53:36
CUST009759,Regular,Social,REP011,2017-08-19 13:48:06,2017-10-27 10:12:17
CUST009760,Regular,Email,REP018,2017-06-10 21:03:15,2018-02-17 03:19:53
CUST009761,Loyal,Email,REP029,2017-03-12 10:38:23,2018-08-26 23:04:25
CUST009762,Loyal,Referral,REP001,2017-02-11 03:49:03,2017-07-15 06:42:44
CUST009763,Loyal,Organic,REP024,2017-01-13 02:11:57,2017-07-24 07:44:07
CUST009764,Regular,Marketplace,REP027,2017-02-27 00:07:15,2018-06-24 13:30:50
CUST009765,Regular,Paid Search,REP019,2017-04-11 08:08:55,2018-04-09 22:38:55
CUST009766,Loyal,Social,REP007,2017-09-26 20:28:15,2018-09-21 19:56:48
CUST009767,Regular,Paid Search,REP028,2017-09-11 23:01:58,2017-11-11 01:45:53
CUST009768,Regular,Paid Search,REP007,2017-04-23 16:35:37,2018-09-08 20:22:27
CUST009769,Regular,Social,REP017,2017-10-30 14:40:12,2018-08-09 10:06:45
CUST009770,Regular,Email,REP029,2017-04-03 21:58:17,2017-10-22 00:06:47
CUST009771,New,Marketplace,REP002,2018-06-01 00:00:00,2018-06-01 00:00:00
CUST009772,Loyal,Marketplace,REP012,2017-03-05 17:31:16,2018-05-20 18:53:49
CUST009773,Loyal,Organic,REP026,2017-04-15 06:34:11,2018-06-03 09:09:30
CUST009774,New,Email,REP029,2018-09-21 20:39:04,2018-09-21 20:39:04
CUST009775,Inactive,Social,REP010,2017-09-14 04:37:01,2017-09-14 04:37:01
CUST009776,Regular,Marketplace,REP001,2017-09-29 08:27:59,2018-09-01 12:25:11
CUST009777,Regular,Marketplace,REP006,2018-03-17 06:42:59,2018-05-31 17:19:16
CUST009778,Regular,Email,REP004,2017-07-28 23:08:06,2017-09-07 03:05:43
CUST009779,Regular,Social,REP006,2017-03-31 23:58:55,2017-10-26 05:04:59
CUST009780,Loyal,Referral,REP026,2017-02-22 22:46:08,2018-03-20 04:36:30
CUST009781,Inactive,Referral,REP029,2018-03-28 22:03:35,2018-03-28 22:03:35
CUST009782,Regular,Organic,REP006,2017-11-02 13:22:51,2018-06-06 14:37:04
CUST009783,Loyal,Email,REP017,2017-01-23 11:08:09,2018-01-31 15:53:42
CUST009784,New,Social,REP023,2018-04-27 00:00:00,2018-04-27 00:00:00
CUST009785,Inactive,Social,REP006,2017-04-11 03:26:02,2017-04-11 03:26:02
CUST009786,Loyal,Social,REP026,2017-07-01 20:01:39,2018-07-12 01:12:39
CUST009787,Regular,Social,REP007,2018-02-09 06:18:39,2018-04-29 08:10:47
CUST009788,New,Social,REP025,2018-05-06 16:24:41,2018-05-06 16:24:41
CUST009789,Regular,Organic,REP011,2017-01-08 14:59:14,2017-07-28 05:55:56
CUST009790,Inactive,Organic,REP007,2018-02-15 04:17:29,2018-02-15 04:17:29
CUST009791,Inactive,Organic,REP018,2017-10-21 00:00:00,2017-10-21 00:00:00
CUST009792,VIP,Marketplace,REP016,2017-04-09 02:09:32,2018-05-30 02:00:30
CUST009793,Regular,Paid Search,REP030,2017-07-27 01:09:00,2018-08-30 19:20:53
CUST009794,Regular,Referral,REP024,2017-02-07 14:02:42,2017-09-20 12:19:46
CUST009795,Loyal,Referral,REP017,2018-01-09 03:43:08,2018-04-05 03:40:14
CUST009796,Loyal,Marketplace,REP030,2017-12-11 05:27:24,2018-04-12 20:15:16
CUST009797,Inactive,Social,REP016,2017-08-15 06:20:46,2017-08-15 06:20:46
CUST009798,Inactive,Email,REP016,2017-01-12 00:12:24,2017-01-12 00:12:24
CUST009799,Regular,Referral,REP011,2017-05-10 02:17:39,2018-01-20 23:27:54
CUST009800,Loyal,Social,REP022,2017-07-01 23:38:20,2018-05-17 00:56:18
CUST009801,New,Marketplace,REP008,2018-05-05 16:11:48,2018-05-05 16:11:48
CUST009802,Loyal,Social,REP019,2017-09-06 08:49:09,2018-07-30 03:48:19
CUST009803,Inactive,Marketplace,REP028,2017-08-08 19:09:03,2017-08-08 19:09:03
CUST009804,Regular,Organic,REP024,2018-05-20 05:15:58,2018-09-16 11:35:34
CUST009805,Regular,Marketplace,REP015,2017-03-08 15:30:47,2018-03-08 17:17:23
CUST009806,Inactive,Marketplace,REP009,2018-01-28 03:56:48,2018-01-28 03:56:48
CUST009807,Inactive,Organic,REP004,2017-09-06 00:00:00,2017-09-06 00:00:00
CUST009808,Loyal,Organic,REP022,2018-02-08 14:07:44,2018-04-25 22:02:50
CUST009809,Inactive,Referral,REP004,2017-03-08 19:06:01,2017-03-08 19:06:01
CUST009810,Loyal,Marketplace,REP024,2017-08-24 12:22:51,2017-12-30 17:21:21
CUST009811,Loyal,Marketplace,REP024,2017-03-21 16:34:21,2017-06-27 13:31:13
CUST009812,Loyal,Organic,REP013,2018-03-02 07:52:04,2018-05-26 19:08:08
CUST009813,Regular,Marketplace,REP008,2017-06-01 22:12:54,2018-01-09 09:31:03
CUST009814,New,Email,REP019,2018-08-11 00:00:00,2018-08-11 00:00:00
CUST009815,VIP,Email,REP012,2017-04-06 12:22:59,2018-05-01 02:55:15
CUST009816,Loyal,Email,REP025,2017-02-06 22:45:14,2018-03-21 21:32:34
CUST009817,Loyal,Referral,REP011,2017-05-21 17:14:38,2018-05-11 19:58:34
CUST009818,Regular,Organic,REP016,2018-04-16 08:45:25,2018-04-26 18:11:56
CUST009819,New,Referral,REP028,2018-09-18 00:00:00,2018-09-18 00:00:00
CUST009820,Loyal,Social,REP024,2017-03-28 10:21:11,2018-06-19 17:47:41
CUST009821,Loyal,Paid Search,REP028,2017-01-04 15:47:07,2017-11-14 19:32:35
CUST009822,Inactive,Organic,REP001,2018-01-26 00:13:06,2018-01-26 00:13:06
CUST009823,VIP,Email,REP010,2017-02-02 22:56:50,2018-05-17 18:44:28
CUST009824,Inactive,Email,REP014,2017-01-07 07:43:55,2017-01-07 07:43:55
CUST009825,Loyal,Social,REP019,2017-04-09 06:50:11,2018-07-06 22:21:50
CUST009826,Regular,Referral,REP013,2017-05-02 15:24:32,2017-10-08 20:02:09
CUST009827,Regular,Marketplace,REP009,2017-03-17 05:11:20,2017-10-26 13:03:53
CUST009828,Inactive,Referral,REP002,2017-09-11 00:00:00,2017-09-11 00:00:00
CUST009829,Loyal,Email,REP007,2017-03-05 13:47:28,2018-09-12 15:11:53
CUST009830,Loyal,Social,REP018,2017-09-12 11:28:27,2018-05-19 04:59:50
CUST009831,Loyal,Referral,REP014,2017-01-26 12:21:48,2018-09-15 10:22:25
CUST009832,Loyal,Social,REP023,2017-02-05 01:40:47,2018-08-11 12:53:49
CUST009833,New,Organic,REP026,2018-08-19 00:00:00,2018-08-19 00:00:00
CUST009834,Inactive,Paid Search,REP001,2017-06-25 13:36:44,2017-06-25 13:36:44
CUST009835,VIP,Marketplace,REP020,2017-01-13 16:57:40,2018-08-30 12:28:52
CUST009836,Regular,Paid Search,REP009,2017-07-31 07:25:02,2018-08-06 06:24:42
CUST009837,Loyal,Paid Search,REP008,2017-04-07 17:31:48,2018-08-24 13:39:02
CUST009838,Loyal,Social,REP003,2018-01-16 10:21:41,2018-09-17 04:18:54
CUST009839,Inactive,Social,REP009,2018-03-13 04:36:08,2018-03-13 04:36:08
CUST009840,Loyal,Marketplace,REP015,2017-05-25 05:58:45,2018-03-18 05:59:03
CUST009841,Inactive,Marketplace,REP002,2017-07-09 13:32:15,2017-07-09 13:32:15
CUST009842,Inactive,Organic,REP012,2017-04-01 16:40:35,2017-04-01 16:40:35
CUST009843,Loyal,Marketplace,REP009,2017-05-11 09:35:09,2018-02-11 20:58:47
CUST009844,Loyal,Organic,REP017,2017-05-06 06:56:55,2018-07-02 07:36:30
CUST009845,Loyal,Paid Search,REP021,2017-01-14 05:12:07,2018-04-12 09:37:53
CUST009846,Inactive,Marketplace,REP012,2017-12-12 17:34:09,2017-12-12 17:34:09
CUST009847,Regular,Paid Search,REP024,2017-04-30 03:10:48,2017-11-12 15:52:14
CUST009848,Inactive,Email,REP005,2017-03-14 17:59:07,2017-03-14 17:59:07
CUST009849,Loyal,Social,REP023,2017-03-20 02:06:16,2018-06-14 23:09:20
CUST009850,Loyal,Paid Search,REP018,2017-01-28 22:40:27,2018-05-07 03:34:05
CUST009851,Inactive,Social,REP002,2017-03-28 00:00:00,2017-03-28 00:00:00
CUST009852,Inactive,Social,REP017,2017-03-07 00:00:00,2017-03-07 00:00:00
CUST009853,Inactive,Organic,REP009,2017-01-19 04:44:46,2017-01-19 04:44:46
CUST009854,VIP,Social,REP027,2017-03-09 15:15:12,2018-08-22 19:31:07
CUST009855,New,Email,REP022,2018-06-27 10:00:51,2018-06-27 10:00:51
CUST009856,New,Social,REP006,2018-08-24 06:07:04,2018-08-24 06:07:04
CUST009857,Loyal,Organic,REP002,2017-04-28 10:55:31,2018-07-02 23:02:33
CUST009858,Loyal,Referral,REP007,2017-01-21 16:15:53,2018-06-27 11:32:31
CUST009859,Regular,Organic,REP027,2017-12-16 10:14:43,2018-07-08 11:58:34
CUST009860,Regular,Marketplace,REP022,2017-10-06 12:40:39,2018-05-21 06:46:49
CUST009861,Loyal,Email,REP013,2017-05-04 01:29:39,2018-04-06 21:03:22
CUST009862,VIP,Organic,REP012,2017-02-05 04:10:18,2018-09-28 18:09:45
CUST009863,Inactive,Paid Search,REP008,2017-07-25 04:00:46,2017-07-25 04:00:46
CUST009864,Regular,Organic,REP014,2017-06-15 16:31:09,2018-01-08 05:46:51
CUST009865,Regular,Paid Search,REP020,2017-02-27 08:50:07,2018-05-20 05:54:34
CUST009866,Loyal,Email,REP022,2017-01-07 00:36:27,2017-06-21 06:54:59
CUST009867,Loyal,Social,REP009,2017-05-29 09:42:49,2018-08-14 20:10:16
CUST009868,Inactive,Referral,REP022,2018-01-29 05:28:31,2018-01-29 05:28:31
CUST009869,Regular,Referral,REP023,2017-10-07 15:50:36,2018-04-04 02:54:09
CUST009870,Regular,Marketplace,REP021,2017-01-25 14:37:21,2017-11-22 22:15:34
CUST009871,Loyal,Marketplace,REP013,2017-08-16 05:46:47,2018-01-05 04:07:50
CUST009872,Regular,Email,REP003,2017-06-26 18:17:59,2018-03-15 19:01:11
CUST009873,New,Paid Search,REP004,2018-04-15 00:00:00,2018-04-15 00:00:00
CUST009874,Loyal,Social,REP020,2017-01-29 23:00:42,2017-09-08 20:49:43
CUST009875,Loyal,Marketplace,REP028,2017-06-03 12:08:14,2018-01-09 09:06:28
CUST009876,Inactive,Organic,REP015,2017-11-05 16:32:11,2017-11-05 16:32:11
CUST009877,Inactive,Social,REP002,2017-09-25 02:21:45,2017-09-25 02:21:45
CUST009878,Regular,Social,REP003,2017-05-21 03:27:27,2018-04-10 03:38:22
CUST009879,Loyal,Marketplace,REP009,2017-03-20 17:42:00,2018-03-11 06:50:39
CUST009880,New,Referral,REP007,2018-05-05 01:15:12,2018-05-05 01:15:12
CUST009881,Inactive,Marketplace,REP004,2017-05-29 03:37:17,2017-05-29 03:37:17
CUST009882,Inactive,Email,REP024,2017-11-18 23:16:15,2017-11-18 23:16:15
CUST009883,Regular,Paid Search,REP011,2017-10-23 23:40:31,2017-11-14 13:16:28
CUST009884,Loyal,Paid Search,REP006,2017-01-22 16:42:15,2018-05-23 13:50:31
CUST009885,Loyal,Organic,REP013,2017-12-08 13:59:26,2018-05-11 15:00:19
CUST009886,Loyal,Email,REP007,2017-02-16 17:07:54,2017-12-09 23:37:14
CUST009887,Loyal,Referral,REP014,2017-01-31 17:38:11,2018-06-25 21:02:48
CUST009888,Inactive,Paid Search,REP022,2017-07-20 20:38:56,2017-07-20 20:38:56
CUST009889,Regular,Organic,REP010,2018-05-26 18:56:35,2018-09-01 08:57:42
CUST009890,Loyal,Paid Search,REP011,2017-09-11 02:49:21,2018-07-28 21:21:35
CUST009891,Regular,Social,REP015,2017-10-31 13:14:06,2018-01-16 12:14:21
CUST009892,Loyal,Email,REP021,2017-01-16 02:26:47,2018-06-27 15:28:56
CUST009893,Regular,Social,REP008,2017-06-19 21:47:19,2018-03-31 12:50:48
CUST009894,Loyal,Referral,REP007,2017-06-02 13:49:09,2018-09-16 19:38:17
CUST009895,Inactive,Social,REP017,2017-05-12 03:30:25,2017-05-12 03:30:25
CUST009896,VIP,Referral,REP012,2017-01-29 14:40:39,2018-07-29 12:14:38
CUST009897,Inactive,Organic,REP028,2017-12-16 01:23:10,2017-12-16 01:23:10
CUST009898,Inactive,Social,REP004,2017-08-12 21:00:06,2017-08-12 21:00:06
CUST009899,Loyal,Referral,REP014,2017-06-16 09:56:08,2018-03-05 22:34:40
CUST009900,Loyal,Social,REP002,2017-03-21 15:38:04,2018-04-26 14:46:09
CUST009901,New,Email,REP011,2018-08-28 00:00:00,2018-08-28 00:00:00
CUST009902,Loyal,Social,REP010,2017-01-02 07:48:52,2018-09-20 11:02:39
CUST009903,VIP,Email,REP028,2017-01-03 10:18:00,2018-03-12 22:41:30
CUST009904,Loyal,Social,REP006,2017-04-17 14:11:42,2018-09-28 12:49:22
CUST009905,Loyal,Social,REP017,2017-05-18 18:50:04,2018-09-25 14:16:18
CUST009906,Loyal,Social,REP015,2017-02-24 12:26:24,2017-11-08 03:17:23
CUST009907,Loyal,Referral,REP027,2017-07-13 08:10:54,2018-08-29 19:07:28
CUST009908,Loyal,Referral,REP029,2017-01-19 03:39:46,2018-04-26 23:39:00
CUST009909,Inactive,Paid Search,REP023,2017-08-23 12:38:00,2017-08-23 12:38:00
CUST009910,Inactive,Marketplace,REP016,2017-10-04 06:08:52,2017-10-04 06:08:52
CUST009911,Loyal,Email,REP005,2017-01-27 05:27:11,2017-12-26 20:23:42
CUST009912,Loyal,Referral,REP010,2017-05-10 14:11:35,2018-07-10 11:51:15
CUST009913,Loyal,Marketplace,REP012,2017-03-29 16:59:24,2018-08-02 21:29:45
CUST009914,Regular,Email,REP013,2018-02-08 03:02:38,2018-03-09 10:19:03
CUST009915,Inactive,Email,REP026,2018-03-24 06:41:20,2018-03-24 06:41:20
CUST009916,Loyal,Organic,REP010,2017-04-22 04:14:38,2018-04-01 16:37:17
CUST009917,Loyal,Marketplace,REP013,2018-03-13 04:22:55,2018-08-28 21:05:30
CUST009918,Regular,Email,REP003,2017-05-30 23:22:24,2017-12-07 20:42:34
CUST009919,Loyal,Marketplace,REP016,2017-06-30 03:55:04,2018-08-10 15:02:14
CUST009920,Regular,Referral,REP017,2017-05-18 16:32:08,2017-11-21 18:45:00
CUST009921,Loyal,Paid Search,REP004,2017-04-23 15:30:17,2018-04-21 11:06:32
CUST009922,VIP,Email,REP027,2017-07-23 21:00:09,2018-09-18 03:45:11
CUST009923,Inactive,Paid Search,REP015,2017-04-17 00:00:00,2017-04-17 00:00:00
CUST009924,Inactive,Marketplace,REP011,2018-01-16 06:30:03,2018-01-16 06:30:03
CUST009925,Regular,Organic,REP023,2018-01-18 15:08:25,2018-07-27 20:00:32
CUST009926,Regular,Email,REP018,2017-07-19 16:02:47,2018-06-22 14:12:34
CUST009927,Regular,Marketplace,REP027,2017-12-08 20:15:07,2018-08-15 17:21:00
CUST009928,Regular,Marketplace,REP007,2017-03-14 00:28:35,2018-05-24 18:31:18
CUST009929,VIP,Email,REP021,2017-01-08 22:22:25,2018-03-05 20:54:26
CUST009930,Inactive,Social,REP004,2017-01-09 05:33:49,2017-01-09 05:33:49
CUST009931,Loyal,Organic,REP005,2017-06-30 22:14:45,2018-05-28 04:29:58
CUST009932,Loyal,Referral,REP005,2017-03-01 16:04:23,2017-11-29 00:30:13
CUST009933,Regular,Social,REP026,2017-02-19 03:17:36,2017-04-14 19:23:43
CUST009934,Inactive,Social,REP006,2017-08-07 00:00:00,2017-08-07 00:00:00
CUST009935,Regular,Social,REP010,2017-04-23 01:06:33,2017-10-21 21:53:46
CUST009936,Loyal,Email,REP011,2018-05-24 18:16:23,2018-09-22 06:23:54
CUST009937,Regular,Paid Search,REP005,2017-06-02 07:04:42,2018-03-25 08:30:53
CUST009938,Loyal,Social,REP015,2017-04-14 15:41:19,2018-04-28 17:32:13
CUST009939,Loyal,Paid Search,REP004,2017-05-27 23:29:20,2018-04-27 23:27:11
CUST009940,New,Email,REP004,2018-05-09 02:11:55,2018-05-09 02:11:55
CUST009941,Regular,Referral,REP009,2017-02-15 07:25:45,2018-04-01 14:55:06
CUST009942,Inactive,Email,REP030,2017-12-08 00:00:00,2017-12-08 00:00:00
CUST009943,Inactive,Marketplace,REP022,2017-07-28 00:00:00,2017-07-28 00:00:00
CUST009944,Regular,Referral,REP028,2017-04-21 12:01:53,2018-02-10 12:56:30
CUST009945,Regular,Paid Search,REP023,2017-06-22 14:29:05,2017-11-12 22:42:44
CUST009946,Inactive,Marketplace,REP028,2017-01-19 22:52:20,2017-01-19 22:52:20
CUST009947,Regular,Referral,REP007,2017-02-26 16:51:55,2018-06-06 00:44:23
CUST009948,New,Paid Search,REP021,2018-05-29 07:16:33,2018-05-29 07:16:33
CUST009949,Regular,Email,REP006,2017-06-04 17:17:01,2018-03-23 10:43:42
CUST009950,Loyal,Marketplace,REP017,2017-05-29 11:47:00,2018-09-03 13:33:31
CUST009951,Loyal,Email,REP023,2017-02-26 20:53:00,2017-08-02 00:48:06
CUST009952,Loyal,Paid Search,REP009,2017-08-28 08:09:10,2018-08-07 22:50:50
CUST009953,Loyal,Email,REP009,2017-02-06 01:28:45,2018-04-22 23:48:10
CUST009954,Loyal,Email,REP023,2017-01-25 10:42:29,2018-08-11 04:06:11
CUST009955,Loyal,Paid Search,REP024,2018-03-09 03:28:03,2018-09-10 17:14:50
CUST009956,New,Email,REP003,2018-09-11 14:48:36,2018-09-11 14:48:36
CUST009957,Inactive,Paid Search,REP020,2017-04-18 04:30:10,2017-04-18 04:30:10
CUST009958,New,Referral,REP009,2018-05-20 07:33:27,2018-05-20 07:33:27
CUST009959,New,Organic,REP003,2018-09-14 00:28:22,2018-09-14 00:28:22
CUST009960,Inactive,Organic,REP027,2017-03-18 20:53:48,2017-03-18 20:53:48
CUST009961,New,Marketplace,REP024,2018-08-02 00:00:00,2018-08-02 00:00:00
CUST009962,Loyal,Email,REP009,2017-04-04 02:26:09,2018-08-25 07:04:23
CUST009963,Loyal,Organic,REP014,2017-01-27 18:20:31,2018-04-21 17:13:02
CUST009964,Loyal,Marketplace,REP023,2017-02-11 05:47:36,2018-01-21 08:45:30
CUST009965,Regular,Organic,REP029,2017-02-25 18:33:05,2018-09-27 04:36:59
CUST009966,Regular,Referral,REP004,2017-12-22 03:00:43,2018-05-09 00:28:36
CUST009967,Loyal,Referral,REP009,2017-03-10 22:47:03,2017-12-25 17:44:15
CUST009968,Loyal,Email,REP001,2017-06-05 04:00:14,2018-09-25 17:15:07
CUST009969,Loyal,Referral,REP014,2017-01-10 22:25:00,2018-05-15 21:41:53
CUST009970,Loyal,Referral,REP024,2017-07-16 17:42:00,2018-09-25 20:24:37
CUST009971,Loyal,Organic,REP005,2017-01-02 10:47:32,2018-03-29 21:51:48
CUST009972,Loyal,Organic,REP012,2017-03-12 10:49:42,2018-06-19 03:42:04
CUST009973,Regular,Social,REP012,2018-03-05 16:40:03,2018-09-02 13:32:59
CUST009974,Regular,Organic,REP007,2018-02-13 00:06:59,2018-07-23 18:15:00
CUST009975,Loyal,Email,REP013,2017-03-23 12:23:05,2018-05-03 00:09:20
CUST009976,Regular,Organic,REP008,2018-06-25 15:24:36,2018-09-08 20:57:51
CUST009977,Regular,Social,REP006,2018-03-29 15:51:08,2018-07-15 04:41:53
CUST009978,Regular,Marketplace,REP024,2017-07-15 14:06:37,2018-05-26 10:55:29
CUST009979,Loyal,Email,REP029,2017-02-08 13:59:34,2018-01-12 15:19:36
CUST009980,Loyal,Email,REP027,2017-03-10 19:17:25,2018-01-10 14:38:56
CUST009981,Regular,Marketplace,REP028,2017-05-16 18:17:44,2018-08-16 14:35:05
CUST009982,New,Referral,REP023,2018-05-24 01:23:20,2018-05-24 01:23:20
CUST009983,Loyal,Social,REP011,2017-01-30 03:57:39,2018-01-09 15:05:33
CUST009984,Loyal,Social,REP027,2017-03-26 01:46:31,2018-04-18 02:03:11
CUST009985,Loyal,Organic,REP013,2017-03-18 05:57:29,2017-06-30 23:37:02
CUST009986,Inactive,Marketplace,REP010,2018-02-01 05:47:23,2018-02-01 05:47:23
CUST009987,Inactive,Email,REP012,2018-02-07 19:06:29,2018-02-07 19:06:29
CUST009988,Loyal,Organic,REP022,2017-08-09 22:04:03,2017-10-25 04:51:29
CUST009989,Regular,Email,REP009,2018-06-23 16:59:25,2018-09-09 01:10:17
CUST009990,VIP,Social,REP029,2017-01-30 04:39:27,2018-05-21 02:54:53
CUST009991,Loyal,Organic,REP013,2017-05-25 02:20:19,2018-02-15 09:54:52
CUST009992,Regular,Email,REP011,2017-03-10 10:15:40,2018-08-16 15:27:51
CUST009993,Inactive,Paid Search,REP026,2017-02-03 07:29:26,2017-02-03 07:29:26
CUST009994,Loyal,Paid Search,REP024,2017-03-30 01:58:47,2018-09-05 02:33:04
CUST009995,Loyal,Organic,REP027,2017-02-14 00:28:15,2018-02-19 07:48:25
CUST009996,New,Email,REP006,2018-07-31 00:00:00,2018-07-31 00:00:00
CUST009997,Regular,Marketplace,REP029,2018-04-25 10:56:03,2018-08-10 21:47:37
CUST009998,Regular,Marketplace,REP017,2017-03-14 10:35:28,2017-06-08 03:43:03
CUST009999,Inactive,Organic,REP010,2017-06-29 16:20:45,2017-06-29 16:20:45
CUST010000,Regular,Referral,REP016,2018-02-23 06:56:27,2018-06-20 14:48:06
CUST009954,Loyal,Email,REP023,2017-01-25 10:42:29,2018-08-11 04:06:11
CUST003851,VIP,Referral,REP026,2017-01-20 06:38:21,2018-08-13 13:05:02
CUST004963,Loyal,Social,REP028,2017-08-03 19:43:56,2017-12-11 10:56:53
CUST003887,New,Marketplace,REP017,2018-06-06 01:20:29,2018-06-06 01:20:29
CUST005438,Regular,Organic,REP016,2017-01-22 20:36:31,2018-04-02 23:11:27
CUST008518,Loyal,Email,REP028,2017-09-06 12:09:05,2018-03-02 14:30:50
CUST002042,Regular,Paid Search,REP024,2017-05-24 09:45:53,2017-07-01 02:19:39
CUST001990,Loyal,Paid Search,REP004,2017-01-04 08:43:18,2018-02-02 04:57:38
CUST001934,New,Email,REP009,2018-05-06 00:00:00,2018-05-06 00:00:00
CUST009985,Loyal,Organic,REP013,2017-03-18 05:57:29,2017-06-30 23:37:02
CUST008419,Loyal,Organic,REP030,2017-01-04 01:06:41,2018-05-01 12:52:20
CUST002419,Loyal,Social,REP022,2017-08-03 20:07:20,2018-05-15 22:16:55
CUST006812,Regular,Social,REP013,2018-03-12 13:04:34,2018-06-28 02:05:53
CUST001218,VIP,Marketplace,REP025,2017-02-19 00:13:56,2018-04-30 09:22:17
CUST006979,Loyal,Marketplace,REP012,2017-02-15 06:37:38,2017-10-30 11:02:56
CUST006112,Loyal,Email,REP025,2017-11-27 06:06:21,2018-04-24 17:34:32
CUST007866,Inactive,Paid Search,REP010,2017-04-25 14:46:46,2017-04-25 14:46:46
CUST007782,Inactive,Organic,REP019,2017-10-24 02:22:59,2017-10-24 02:22:59
CUST007776,Loyal,Marketplace,REP028,2017-02-03 07:20:59,2018-04-14 09:32:27
CUST007040,Regular,Organic,REP016,2018-03-15 16:35:29,2018-07-08 19:57:04
