lead_id,customer_id,lead_date,lead_source,is_qualified,is_converted
LEAD000001,CUST000102,2017-05-10,Email,1,1
LEAD000002,CUST009088,2017-02-13,Social,0,0
LEAD000003,CUST001722,2017-07-26,Social,0,0
LEAD000004,CUST009291,2017-06-22,Marketplace,1,0
LEAD000005,CUST005988,2018-01-14,Marketplace,0,0
LEAD000006,CUST000926,2017-12-18,Referral,0,0
LEAD000007,CUST006890,2018-08-09,Paid Search,0,0
LEAD000008,CUST004217,2018-01-03,Social,1,1
LEAD000009,CUST008781,2017-06-11,Paid Search,1,0
LEAD000010,CUST000643,2018-04-29,Social,1,1
LEAD000011,CUST004682,2017-03-08,Paid Search,1,0
LEAD000012,CUST008383,2018-01-06,Marketplace,0,0
LEAD000013,CUST002497,2017-07-05,Email,1,0
LEAD000014,CUST000671,2018-05-20,Organic,0,0
LEAD000015,CUST006551,2017-08-14,Organic,1,0
LEAD000016,CUST002642,2017-12-22,Email,1,1
LEAD000017,CUST006282,2017-11-19,Email,0,0
LEAD000018,CUST009177,2017-08-19,Social,0,0
LEAD000019,CUST006416,2017-05-01,Organic,0,0
LEAD000020,CUST006494,2017-12-16,Social,1,1
LEAD000021,CUST000338,2017-05-02,Social,1,0
LEAD000022,CUST000354,2017-03-11,Referral,0,0
LEAD000023,CUST006393,2018-03-08,Referral,1,0
LEAD000024,CUST001786,2017-11-28,Referral,0,0
LEAD000025,CUST005803,2018-07-10,Organic,1,0
LEAD000026,CUST003839,2017-11-06,Paid Search,0,0
LEAD000027,CUST003376,2017-01-05,Marketplace,0,0
LEAD000028,CUST008525,2017-08-01,Email,0,0
LEAD000029,CUST009940,2017-05-19,Organic,0,0
LEAD000030,CUST004058,2018-02-03,Social,0,0
LEAD000031,CUST003633,2017-11-05,Referral,1,0
LEAD000032,CUST001177,2018-06-03,Marketplace,1,0
LEAD000033,CUST000423,2017-06-08,Organic,0,0
LEAD000034,CUST008718,2018-06-29,Marketplace,0,0
LEAD000035,CUST007080,2018-08-28,Marketplace,0,0
LEAD000036,CUST006062,2017-08-08,Referral,0,0
LEAD000037,CUST001954,2018-03-16,Paid Search,0,0
LEAD000038,CUST003095,2018-09-06,Paid Search,1,0
LEAD000039,CUST004248,2017-06-24,Marketplace,0,0
LEAD000040,CUST003810,2018-06-06,Organic,0,0
LEAD000041,CUST009668,2017-01-30,Referral,0,0
LEAD000042,CUST009107,2017-12-08,Referral,1,0
LEAD000043,CUST005204,2017-01-31,Email,0,0
LEAD000044,CUST003087,2018-08-20,Marketplace,1,0
LEAD000045,CUST005132,2018-03-15,Referral,1,0
LEAD000046,CUST009285,2017-06-01,Email,0,0
LEAD000047,CUST009164,2018-07-03,Marketplace,1,1
LEAD000048,CUST004733,2017-06-07,Social,0,0
LEAD000049,CUST006663,2018-06-29,Referral,0,0
LEAD000050,CUST004834,2017-09-25,Email,1,0
LEAD000051,CUST003190,2017-10-30,Email,0,0
LEAD000052,CUST000292,2018-09-30,Paid Search,0,0
LEAD000053,CUST005207,2017-10-04,Marketplace,1,1
LEAD000054,CUST003368,2017-09-14,Social,1,0
LEAD000055,CUST003817,2017-07-03,Email,1,1
LEAD000056,CUST000878,2018-06-03,Social,0,0
LEAD000057,CUST003473,2018-03-16,Paid Search,1,1
LEAD000058,CUST002689,2017-03-01,Paid Search,1,1
LEAD000059,CUST007601,2018-03-11,Referral,1,1
LEAD000060,CUST009293,2018-01-23,Email,0,0
LEAD000061,CUST009148,2017-06-16,Social,1,1
LEAD000062,CUST005323,2017-03-05,Email,0,0
LEAD000063,CUST009483,2018-09-06,Marketplace,0,0
LEAD000064,CUST000585,2018-06-18,Organic,1,0
LEAD000065,CUST006532,2017-12-06,Email,0,0
LEAD000066,CUST000915,2018-09-11,Social,0,0
LEAD000067,CUST004958,2017-11-06,Paid Search,0,0
LEAD000068,CUST009800,2017-01-06,Marketplace,0,0
LEAD000069,CUST007912,2018-05-02,Paid Search,0,0
LEAD000070,CUST004129,2017-12-04,Email,1,0
LEAD000071,CUST004806,2018-04-11,Marketplace,1,1
LEAD000072,CUST001224,2018-08-05,Email,0,0
LEAD000073,CUST007752,2017-05-10,Marketplace,1,0
LEAD000074,CUST001437,2018-07-24,Social,0,0
LEAD000075,CUST003690,2018-07-29,Email,0,0
LEAD000076,CUST005854,2017-09-29,Social,1,0
LEAD000077,CUST001525,2017-08-10,Marketplace,1,0
LEAD000078,CUST006522,2017-11-29,Marketplace,0,0
LEAD000079,CUST005920,2018-03-29,Marketplace,1,0
LEAD000080,CUST008352,2017-03-17,Social,0,0
LEAD000081,CUST008327,2017-05-24,Social,1,1
LEAD000082,CUST005731,2017-01-27,Social,0,0
LEAD000083,CUST009727,2017-11-09,Email,0,0
LEAD000084,CUST005175,2017-09-11,Referral,0,0
LEAD000085,CUST007841,2018-04-21,Social,0,0
LEAD000086,CUST006694,2017-05-25,Email,1,0
LEAD000087,CUST009710,2018-09-07,Social,1,0
LEAD000088,CUST004305,2018-06-01,Referral,1,0
LEAD000089,CUST000358,2018-08-21,Email,1,0
LEAD000090,CUST007352,2018-09-18,Referral,1,1
LEAD000091,CUST005679,2017-08-08,Social,1,0
LEAD000092,CUST006098,2017-07-17,Social,0,0
LEAD000093,CUST003736,2018-09-01,Referral,0,0
LEAD000094,CUST009010,2018-07-31,Marketplace,0,0
LEAD000095,CUST006930,2018-01-17,Organic,0,0
LEAD000096,CUST005804,2018-04-06,Paid Search,0,0
LEAD000097,CUST006532,2017-12-13,Marketplace,1,0
LEAD000098,CUST008936,2017-04-30,Email,0,0
LEAD000099,CUST002051,2017-08-24,Email,0,0
LEAD000100,CUST005892,2018-05-03,Email,0,0
LEAD000101,CUST006198,2018-07-04,Referral,1,1
LEAD000102,CUST005102,2018-01-20,Social,1,1
LEAD000103,CUST004893,2017-07-16,Organic,1,1
LEAD000104,CUST002051,2018-07-11,Paid Search,0,0
LEAD000105,CUST006393,2017-12-23,Social,1,0
LEAD000106,CUST008268,2017-12-25,Referral,1,0
LEAD000107,CUST006408,2017-07-06,Referral,1,0
LEAD000108,CUST008128,2017-03-22,Organic,0,0
LEAD000109,CUST003479,2017-04-26,Marketplace,0,0
LEAD000110,CUST001322,2018-01-17,Organic,0,0
LEAD000111,CUST009624,2018-04-24,Referral,1,0
LEAD000112,CUST007217,2017-11-16,Organic,1,0
LEAD000113,CUST003270,2018-07-11,Referral,1,0
LEAD000114,CUST006597,2018-02-17,Referral,1,0
LEAD000115,CUST008440,2018-05-30,Referral,0,0
LEAD000116,CUST009456,2017-12-16,Email,0,0
LEAD000117,CUST007112,2017-09-24,Organic,0,0
LEAD000118,CUST009634,2017-10-16,Organic,0,0
LEAD000119,CUST003617,2018-07-10,Organic,1,0
LEAD000120,CUST005925,2018-01-03,Referral,1,0
LEAD000121,CUST006422,2018-09-21,Organic,0,0
LEAD000122,CUST006946,2017-04-19,Social,1,0
LEAD000123,CUST004231,2017-12-05,Social,0,0
LEAD000124,CUST009843,2017-10-23,Marketplace,1,0
LEAD000125,CUST006110,2018-02-19,Referral,0,0
LEAD000126,CUST000047,2018-03-12,Referral,1,0
LEAD000127,CUST008697,2018-07-10,Social,1,0
LEAD000128,CUST001884,2017-02-08,Marketplace,1,0
LEAD000129,CUST005838,2017-09-16,Social,1,0
LEAD000130,CUST005279,2017-03-10,Referral,0,0
LEAD000131,CUST001930,2018-08-16,Marketplace,0,0
LEAD000132,CUST000137,2018-09-04,Referral,1,0
LEAD000133,CUST004385,2018-03-10,Referral,0,0
LEAD000134,CUST006457,2017-08-21,Referral,1,0
LEAD000135,CUST004630,2018-06-28,Marketplace,1,0
LEAD000136,CUST004387,2017-07-13,Email,1,1
LEAD000137,CUST005737,2018-05-30,Organic,1,0
LEAD000138,CUST002178,2018-01-31,Social,1,1
LEAD000139,CUST004481,2018-04-27,Organic,0,0
LEAD000140,CUST009655,2018-06-21,Marketplace,0,0
LEAD000141,CUST008360,2018-02-12,Social,0,0
LEAD000142,CUST008548,2018-06-07,Organic,1,1
LEAD000143,CUST000853,2018-05-05,Marketplace,0,0
LEAD000144,CUST005317,2017-10-17,Organic,1,0
LEAD000145,CUST007770,2018-01-19,Marketplace,1,0
LEAD000146,CUST008969,2017-12-12,Marketplace,1,0
LEAD000147,CUST000720,2018-09-22,Social,1,1
LEAD000148,CUST005073,2017-05-28,Referral,0,0
LEAD000149,CUST000282,2017-12-26,Email,0,0
LEAD000150,CUST000333,2017-12-10,Marketplace,1,0
LEAD000151,CUST009031,2018-02-05,Organic,0,0
LEAD000152,CUST003669,2017-01-10,Paid Search,0,0
LEAD000153,CUST005050,2018-06-13,Marketplace,0,0
LEAD000154,CUST009843,2017-03-23,Paid Search,0,0
LEAD000155,CUST001032,2018-03-06,Social,1,0
LEAD000156,CUST006256,2018-06-04,Marketplace,0,0
LEAD000157,CUST001396,2017-02-23,Email,1,0
LEAD000158,CUST002835,2017-07-08,Referral,1,1
LEAD000159,CUST003650,2018-04-30,Social,0,0
LEAD000160,CUST008356,2017-10-12,Referral,1,1
LEAD000161,CUST009760,2018-05-24,Referral,0,0
LEAD000162,CUST006673,2018-09-11,Paid Search,1,1
LEAD000163,CUST004056,2018-01-11,Email,1,0
LEAD000164,CUST004571,2017-11-07,Referral,1,0
LEAD000165,CUST001536,2018-04-20,Referral,0,0
LEAD000166,CUST007959,2018-08-19,Social,1,0
LEAD000167,CUST007442,2017-07-17,Social,0,0
LEAD000168,CUST008178,2017-09-04,Referral,1,0
LEAD000169,CUST008086,2018-09-22,Email,0,0
LEAD000170,CUST001156,2018-01-27,Email,1,1
LEAD000171,CUST001640,2018-09-17,Social,1,0
LEAD000172,CUST003771,2018-01-04,Email,1,1
LEAD000173,CUST002831,2018-05-23,Referral,1,0
LEAD000174,CUST009104,2017-07-26,Marketplace,0,0
LEAD000175,CUST008768,2017-08-04,Email,0,0
LEAD000176,CUST001823,2017-08-26,Organic,1,1
LEAD000177,CUST009319,2018-08-31,Email,0,0
LEAD000178,CUST000898,2017-04-13,Social,0,0
LEAD000179,CUST008030,2018-07-05,Email,0,0
LEAD000180,CUST006653,2018-09-03,Paid Search,0,0
LEAD000181,CUST009394,2017-07-30,Social,1,1
LEAD000182,CUST003576,2018-09-28,Email,1,1
LEAD000183,CUST005943,2018-01-26,Paid Search,1,1
LEAD000184,CUST000127,2018-04-28,Marketplace,1,0
LEAD000185,CUST002023,2017-08-17,Referral,0,0
LEAD000186,CUST004532,2018-02-20,Marketplace,1,1
LEAD000187,CUST004305,2017-01-03,Social,1,0
LEAD000188,CUST008085,2018-02-20,Paid Search,0,0
LEAD000189,CUST009125,2017-01-15,Marketplace,1,1
LEAD000190,CUST009634,2018-06-18,Referral,1,0
LEAD000191,CUST005986,2018-03-05,Organic,1,0
LEAD000192,CUST009170,2018-06-15,Referral,1,0
LEAD000193,CUST003296,2017-08-02,Marketplace,1,0
LEAD000194,CUST001457,2018-09-19,Email,0,0
LEAD000195,CUST001537,2018-09-02,Referral,0,0
LEAD000196,CUST003222,2017-04-24,Paid Search,1,0
LEAD000197,CUST007391,2017-12-30,Email,1,0
LEAD000198,CUST005937,2018-02-04,Marketplace,0,0
LEAD000199,CUST001965,2018-01-18,Referral,1,1
LEAD000200,CUST008503,2017-04-09,Social,0,0
LEAD000201,CUST008945,2017-08-27,Email,1,1
LEAD000202,CUST003203,2018-06-03,Paid Search,0,0
LEAD000203,CUST006086,2017-10-24,Referral,0,0
LEAD000204,CUST005023,2018-03-11,Referral,1,0
LEAD000205,CUST001505,2018-01-01,Organic,0,0
LEAD000206,CUST008482,2017-05-11,Organic,1,0
LEAD000207,CUST008169,2018-04-06,Social,0,0
LEAD000208,CUST009069,2018-01-19,Referral,0,0
LEAD000209,CUST002905,2018-03-30,Organic,0,0
LEAD000210,CUST001597,2017-01-17,Referral,0,0
LEAD000211,CUST008690,2017-01-21,Social,0,0
LEAD000212,CUST001983,2017-08-13,Organic,0,0
LEAD000213,CUST004929,2017-03-16,Marketplace,0,0
LEAD000214,CUST006933,2017-10-12,Marketplace,1,0
LEAD000215,CUST007243,2017-10-12,Email,0,0
LEAD000216,CUST005766,2018-01-02,Social,0,0
LEAD000217,CUST003291,2017-06-27,Email,0,0
LEAD000218,CUST005538,2017-06-16,Paid Search,1,0
LEAD000219,CUST004426,2018-07-29,Organic,1,1
LEAD000220,CUST006033,2017-10-04,Referral,0,0
LEAD000221,CUST003401,2018-06-03,Marketplace,1,1
LEAD000222,CUST003170,2017-05-03,Organic,0,0
LEAD000223,CUST007691,2017-06-30,Email,0,0
LEAD000224,CUST000445,2018-09-26,Email,0,0
LEAD000225,CUST002534,2018-09-10,Referral,0,0
LEAD000226,CUST005977,2018-03-27,Email,0,0
LEAD000227,CUST007331,2017-12-19,Referral,0,0
LEAD000228,CUST000267,2018-05-07,Organic,0,0
LEAD000229,CUST007375,2017-09-04,Organic,1,0
LEAD000230,CUST005390,2018-01-25,Referral,1,0
LEAD000231,CUST004914,2018-08-01,Referral,1,0
LEAD000232,CUST008639,2018-02-27,Email,1,0
LEAD000233,CUST004128,2018-09-02,Paid Search,0,0
LEAD000234,CUST004784,2017-05-01,Referral,0,0
LEAD000235,CUST008174,2018-08-14,Social,1,1
LEAD000236,CUST003808,2017-01-15,Social,1,0
LEAD000237,CUST006815,2017-10-01,Email,1,1
LEAD000238,CUST007449,2017-12-25,Referral,1,0
LEAD000239,CUST000210,2018-04-17,Referral,1,0
LEAD000240,CUST003219,2018-02-28,Marketplace,1,1
LEAD000241,CUST001671,2017-06-28,Marketplace,1,0
LEAD000242,CUST001276,2018-08-08,Marketplace,1,1
LEAD000243,CUST008437,2017-09-18,Paid Search,0,0
LEAD000244,CUST002817,2018-06-27,Referral,0,0
LEAD000245,CUST009450,2018-08-31,Paid Search,1,1
LEAD000246,CUST002055,2017-10-31,Social,1,1
LEAD000247,CUST005382,2017-03-31,Referral,1,0
LEAD000248,CUST007945,2017-12-14,Email,1,0
LEAD000249,CUST001108,2017-10-29,Email,1,0
LEAD000250,CUST008427,2017-09-03,Referral,1,1
LEAD000251,CUST003135,2017-07-21,Paid Search,1,0
LEAD000252,CUST005614,2017-11-06,Email,1,0
LEAD000253,CUST006443,2017-01-07,Paid Search,1,0
LEAD000254,CUST000537,2017-10-30,Organic,1,0
LEAD000255,CUST004486,2017-09-26,Email,0,0
LEAD000256,CUST000792,2018-09-07,Social,0,0
LEAD000257,CUST008232,2017-01-02,Email,1,0
LEAD000258,CUST006738,2017-05-15,Email,0,0
LEAD000259,CUST004611,2017-04-05,Email,0,0
LEAD000260,CUST005402,2017-08-04,Social,0,0
LEAD000261,CUST009452,2018-08-18,Organic,1,0
LEAD000262,CUST003189,2017-03-31,Organic,1,1
LEAD000263,CUST002300,2017-11-26,Marketplace,1,0
LEAD000264,CUST005906,2018-07-17,Marketplace,0,0
LEAD000265,CUST005700,2017-04-05,Social,0,0
LEAD000266,CUST004865,2017-12-31,Social,0,0
LEAD000267,CUST006939,2017-09-05,Paid Search,1,1
LEAD000268,CUST005652,2017-02-12,Organic,1,0
LEAD000269,CUST009324,2018-04-23,Email,0,0
LEAD000270,CUST009302,2017-07-07,Paid Search,1,1
LEAD000271,CUST005420,2017-08-20,Organic,1,1
LEAD000272,CUST007264,2017-11-18,Paid Search,0,0
LEAD000273,CUST002998,2017-10-06,Marketplace,1,0
LEAD000274,CUST008369,2017-02-17,Email,1,1
LEAD000275,CUST006602,2017-10-15,Organic,0,0
LEAD000276,CUST001954,2017-01-23,Paid Search,0,0
LEAD000277,CUST000821,2017-11-30,Social,1,0
LEAD000278,CUST009884,2017-04-15,Marketplace,1,0
LEAD000279,CUST006142,2017-08-25,Organic,0,0
LEAD000280,CUST005929,2017-01-19,Email,1,1
LEAD000281,CUST009959,2017-04-14,Organic,0,0
LEAD000282,CUST007114,2017-10-14,Marketplace,1,0
LEAD000283,CUST008873,2018-05-10,Social,1,1
LEAD000284,CUST002621,2018-03-16,Referral,1,0
LEAD000285,CUST004333,2018-07-31,Social,1,1
LEAD000286,CUST002431,2018-03-25,Referral,1,0
LEAD000287,CUST002063,2018-02-24,Paid Search,1,0
LEAD000288,CUST004637,2017-01-04,Paid Search,1,0
LEAD000289,CUST008588,2017-11-01,Paid Search,1,1
LEAD000290,CUST002532,2018-09-29,Social,1,0
LEAD000291,CUST007799,2018-08-20,Social,1,0
LEAD000292,CUST003216,2017-01-04,Email,1,0
LEAD000293,CUST002075,2018-05-21,Referral,1,0
LEAD000294,CUST005564,2018-08-11,Referral,1,1
LEAD000295,CUST001990,2017-04-09,Marketplace,1,0
LEAD000296,CUST009884,2018-08-03,Social,1,1
LEAD000297,CUST006334,2017-10-18,Marketplace,1,1
LEAD000298,CUST008918,2017-01-26,Referral,1,0
LEAD000299,CUST009050,2018-08-18,Social,0,0
LEAD000300,CUST007678,2017-08-18,Social,0,0
LEAD000301,CUST005397,2017-08-25,Email,1,0
LEAD000302,CUST000251,2018-07-25,Marketplace,1,0
LEAD000303,CUST002050,2018-06-08,Social,1,0
LEAD000304,CUST000918,2018-02-05,Social,0,0
LEAD000305,CUST004220,2018-07-25,Marketplace,1,0
LEAD000306,CUST008681,2018-04-17,Email,1,1
LEAD000307,CUST001770,2017-05-27,Organic,1,1
LEAD000308,CUST007455,2018-07-11,Organic,1,1
LEAD000309,CUST007820,2018-09-19,Referral,0,0
LEAD000310,CUST006511,2017-10-17,Referral,1,1
LEAD000311,CUST004794,2018-05-31,Organic,1,1
LEAD000312,CUST007180,2017-05-01,Paid Search,0,0
LEAD000313,CUST001569,2018-06-06,Email,1,0
LEAD000314,CUST006076,2018-02-10,Referral,1,0
LEAD000315,CUST001778,2018-03-05,Email,1,0
LEAD000316,CUST009467,2018-03-01,Organic,1,0
LEAD000317,CUST000569,2017-03-03,Email,0,0
LEAD000318,CUST000852,2018-04-05,Paid Search,0,0
LEAD000319,CUST002603,2017-07-04,Organic,0,0
LEAD000320,CUST007367,2017-10-11,Marketplace,1,0
LEAD000321,CUST001174,2017-11-17,Referral,1,1
LEAD000322,CUST002664,2018-04-01,Paid Search,1,0
LEAD000323,CUST008255,2017-03-07,Paid Search,1,1
LEAD000324,CUST005435,2018-05-09,Referral,1,0
LEAD000325,CUST003456,2018-01-26,Social,1,0
LEAD000326,CUST004393,2017-09-08,Referral,1,0
LEAD000327,CUST004710,2017-07-24,Social,0,0
LEAD000328,CUST004066,2017-08-14,Social,0,0
LEAD000329,CUST002578,2017-08-10,Paid Search,1,1
LEAD000330,CUST007533,2018-07-25,Email,0,0
LEAD000331,CUST000148,2017-01-14,Referral,1,1
LEAD000332,CUST007211,2017-12-19,Marketplace,0,0
LEAD000333,CUST008458,2018-02-21,Referral,1,0
LEAD000334,CUST004344,2018-02-11,Email,0,0
LEAD000335,CUST001110,2017-11-15,Marketplace,0,0
LEAD000336,CUST007116,2018-09-17,Marketplace,0,0
LEAD000337,CUST003567,2017-08-09,Email,0,0
LEAD000338,CUST008504,2018-07-28,Marketplace,1,1
LEAD000339,CUST008062,2017-11-09,Marketplace,1,0
LEAD000340,CUST005711,2017-11-03,Email,1,0
LEAD000341,CUST000396,2017-01-01,Social,0,0
LEAD000342,CUST003485,2018-07-10,Email,0,0
LEAD000343,CUST001668,2018-09-25,Marketplace,0,0
LEAD000344,CUST000542,2017-11-18,Social,0,0
LEAD000345,CUST004021,2018-05-30,Organic,1,0
LEAD000346,CUST008914,2017-03-16,Email,1,0
LEAD000347,CUST008826,2018-07-22,Social,0,0
LEAD000348,CUST004509,2018-05-10,Referral,0,0
LEAD000349,CUST007981,2018-07-18,Paid Search,1,0
LEAD000350,CUST000354,2018-05-19,Marketplace,0,0
LEAD000351,CUST002424,2017-02-11,Paid Search,1,0
LEAD000352,CUST008153,2018-07-07,Social,1,0
LEAD000353,CUST001051,2017-06-26,Organic,1,0
LEAD000354,CUST005507,2018-01-14,Email,1,0
LEAD000355,CUST000280,2017-09-21,Email,0,0
LEAD000356,CUST005693,2018-09-30,Email,1,0
LEAD000357,CUST003316,2017-09-30,Social,0,0
LEAD000358,CUST006071,2017-09-19,Social,1,1
LEAD000359,CUST007144,2017-07-12,Referral,0,0
LEAD000360,CUST009295,2018-07-17,Marketplace,0,0
LEAD000361,CUST006154,2018-06-12,Social,0,0
LEAD000362,CUST005331,2018-09-26,Email,1,0
LEAD000363,CUST006386,2017-07-27,Marketplace,0,0
LEAD000364,CUST007081,2017-11-12,Paid Search,1,1
LEAD000365,CUST005063,2017-01-07,Email,0,0
LEAD000366,CUST009887,2017-04-23,Organic,0,0
LEAD000367,CUST008294,2018-04-23,Social,0,0
LEAD000368,CUST001550,2018-05-04,Organic,1,1
LEAD000369,CUST006372,2018-07-09,Paid Search,0,0
LEAD000370,CUST009469,2018-03-20,Marketplace,1,0
LEAD000371,CUST004402,2018-06-23,Marketplace,0,0
LEAD000372,CUST000196,2017-10-09,Referral,0,0
LEAD000373,CUST003516,2017-06-27,Paid Search,0,0
LEAD000374,CUST009669,2018-02-11,Referral,1,1
LEAD000375,CUST008577,2017-06-01,Social,0,0
LEAD000376,CUST004192,2017-06-22,Organic,1,0
LEAD000377,CUST004305,2017-04-28,Organic,1,0
LEAD000378,CUST000813,2017-01-01,Organic,1,1
LEAD000379,CUST006287,2017-04-18,Marketplace,0,0
LEAD000380,CUST005552,2017-02-02,Organic,1,1
LEAD000381,CUST009304,2017-07-04,Referral,1,0
LEAD000382,CUST002421,2017-01-05,Referral,0,0
LEAD000383,CUST002189,2017-12-24,Paid Search,0,0
LEAD000384,CUST000718,2017-01-04,Referral,0,0
LEAD000385,CUST002067,2018-05-14,Referral,0,0
LEAD000386,CUST009675,2018-09-27,Organic,1,1
LEAD000387,CUST009320,2017-02-19,Referral,0,0
LEAD000388,CUST007406,2018-08-14,Marketplace,1,0
LEAD000389,CUST003177,2018-08-11,Social,1,1
LEAD000390,CUST000559,2018-05-28,Marketplace,1,0
LEAD000391,CUST006896,2017-05-14,Social,1,0
LEAD000392,CUST002950,2018-03-27,Organic,1,0
LEAD000393,CUST008793,2018-01-20,Organic,0,0
LEAD000394,CUST003400,2018-09-20,Marketplace,0,0
LEAD000395,CUST009596,2017-05-27,Social,1,1
LEAD000396,CUST005565,2017-05-31,Social,0,0
LEAD000397,CUST007151,2017-10-07,Paid Search,1,1
LEAD000398,CUST002352,2017-10-21,Marketplace,0,0
LEAD000399,CUST004535,2018-05-16,Social,0,0
LEAD000400,CUST003406,2018-08-15,Email,1,0
LEAD000401,CUST009765,2018-09-16,Email,0,0
LEAD000402,CUST004196,2018-08-17,Email,1,0
LEAD000403,CUST004416,2018-08-04,Email,1,1
LEAD000404,CUST007654,2017-10-13,Referral,1,0
LEAD000405,CUST003478,2017-11-13,Referral,1,0
LEAD000406,CUST008991,2017-11-07,Referral,0,0
LEAD000407,CUST005845,2018-02-04,Referral,1,0
LEAD000408,CUST001219,2017-06-10,Paid Search,0,0
LEAD000409,CUST000968,2018-06-30,Social,1,0
LEAD000410,CUST004559,2017-12-03,Email,1,0
LEAD000411,CUST005456,2018-04-25,Organic,0,0
LEAD000412,CUST000012,2018-08-09,Social,0,0
LEAD000413,CUST005994,2018-02-22,Email,1,1
LEAD000414,CUST000758,2017-05-04,Referral,1,0
LEAD000415,CUST005547,2017-01-14,Paid Search,0,0
LEAD000416,CUST009813,2018-03-28,Email,0,0
LEAD000417,CUST005405,2017-05-23,Paid Search,1,0
LEAD000418,CUST004024,2018-01-13,Organic,1,0
LEAD000419,CUST009077,2017-12-27,Email,0,0
LEAD000420,CUST005406,2017-01-18,Organic,1,0
LEAD000421,CUST007056,2018-03-29,Marketplace,0,0
LEAD000422,CUST009744,2018-04-29,Referral,0,0
LEAD000423,CUST003542,2017-09-29,Social,0,0
LEAD000424,CUST009279,2017-08-04,Marketplace,1,1
LEAD000425,CUST006478,2018-02-23,Organic,0,0
LEAD000426,CUST009437,2018-04-24,Organic,0,0
LEAD000427,CUST001569,2017-10-21,Organic,0,0
LEAD000428,CUST003812,2018-09-13,Email,1,0
LEAD000429,CUST000655,2018-03-24,Marketplace,0,0
LEAD000430,CUST002764,2018-03-01,Email,0,0
LEAD000431,CUST004685,2017-06-26,Social,0,0
LEAD000432,CUST007583,2018-05-30,Marketplace,0,0
LEAD000433,CUST006257,2017-09-27,Referral,1,0
LEAD000434,CUST001735,2017-12-24,Email,0,0
LEAD000435,CUST001497,2017-09-11,Paid Search,1,0
LEAD000436,CUST009538,2017-10-18,Social,0,0
LEAD000437,CUST000842,2017-06-30,Social,1,1
LEAD000438,CUST004341,2017-01-20,Referral,1,0
LEAD000439,CUST008209,2018-01-08,Marketplace,1,1
LEAD000440,CUST006509,2018-05-14,Organic,0,0
LEAD000441,CUST004219,2017-09-05,Marketplace,1,1
LEAD000442,CUST004058,2017-09-16,Marketplace,0,0
LEAD000443,CUST009113,2017-04-08,Marketplace,1,0
LEAD000444,CUST008301,2018-04-09,Email,1,0
LEAD000445,CUST007029,2018-09-06,Email,1,0
LEAD000446,CUST007836,2017-05-12,Paid Search,0,0
LEAD000447,CUST003060,2017-09-29,Marketplace,1,1
LEAD000448,CUST003778,2018-02-11,Social,0,0
LEAD000449,CUST005889,2017-04-24,Paid Search,0,0
LEAD000450,CUST006061,2017-09-26,Email,1,0
LEAD000451,CUST006333,2017-12-03,Marketplace,1,0
LEAD000452,CUST003803,2017-07-08,Referral,0,0
LEAD000453,CUST000293,2018-02-17,Email,0,0
LEAD000454,CUST001186,2018-09-06,Referral,0,0
LEAD000455,CUST009579,2018-07-18,Social,0,0
LEAD000456,CUST002625,2017-05-18,Marketplace,0,0
LEAD000457,CUST004452,2018-05-01,Email,0,0
LEAD000458,CUST006414,2017-05-18,Social,1,1
LEAD000459,CUST009853,2018-02-14,Social,1,0
LEAD000460,CUST004122,2017-06-09,Organic,1,0
LEAD000461,CUST009216,2017-02-23,Referral,0,0
LEAD000462,CUST000042,2017-09-08,Organic,1,1
LEAD000463,CUST006001,2018-03-02,Organic,0,0
LEAD000464,CUST009302,2017-05-08,Social,0,0
LEAD000465,CUST001000,2017-06-09,Organic,1,0
LEAD000466,CUST002038,2017-04-19,Referral,1,0
LEAD000467,CUST007789,2018-03-07,Email,1,0
LEAD000468,CUST003944,2017-05-03,Social,1,1
LEAD000469,CUST003584,2018-07-13,Social,0,0
LEAD000470,CUST001696,2017-08-01,Referral,1,0
LEAD000471,CUST007222,2017-05-05,Marketplace,0,0
LEAD000472,CUST009486,2018-03-07,Paid Search,0,0
LEAD000473,CUST008692,2017-01-29,Social,1,0
LEAD000474,CUST006105,2018-03-06,Paid Search,1,0
LEAD000475,CUST000045,2017-12-02,Email,0,0
LEAD000476,CUST009911,2017-08-07,Social,1,0
LEAD000477,CUST003152,2017-04-28,Marketplace,1,0
LEAD000478,CUST009982,2017-03-19,Marketplace,0,0
LEAD000479,CUST006288,2018-08-04,Email,1,0
LEAD000480,CUST003601,2017-05-09,Social,0,0
LEAD000481,CUST000602,2017-03-21,Referral,0,0
LEAD000482,CUST007727,2018-03-02,Organic,1,0
LEAD000483,CUST004128,2018-08-13,Paid Search,1,0
LEAD000484,CUST008421,2018-01-26,Marketplace,1,0
LEAD000485,CUST007466,2018-02-26,Email,0,0
LEAD000486,CUST000686,2017-01-18,Organic,1,0
LEAD000487,CUST003416,2017-03-28,Paid Search,0,0
LEAD000488,CUST007506,2018-04-22,Social,1,1
LEAD000489,CUST007932,2017-03-27,Marketplace,0,0
LEAD000490,CUST008746,2017-06-15,Organic,1,0
LEAD000491,CUST007636,2018-03-12,Paid Search,0,0
LEAD000492,CUST003715,2017-04-14,Marketplace,1,0
LEAD000493,CUST008884,2017-09-10,Paid Search,1,0
LEAD000494,CUST003989,2018-08-11,Referral,0,0
LEAD000495,CUST000216,2018-04-23,Marketplace,0,0
LEAD000496,CUST002078,2017-10-18,Organic,0,0
LEAD000497,CUST003877,2018-03-23,Referral,1,0
LEAD000498,CUST002173,2017-07-14,Social,0,0
LEAD000499,CUST007013,2017-05-24,Social,0,0
LEAD000500,CUST004136,2018-01-31,Organic,1,1
LEAD000501,CUST003920,2017-11-29,Paid Search,0,0
LEAD000502,CUST007730,2017-08-17,Organic,0,0
LEAD000503,CUST006793,2017-06-28,Referral,0,0
LEAD000504,CUST004387,2017-05-29,Referral,0,0
LEAD000505,CUST006293,2017-10-08,Social,1,1
LEAD000506,CUST002134,2017-08-22,Social,1,0
LEAD000507,CUST005893,2017-09-06,Social,1,1
LEAD000508,CUST008118,2017-10-20,Paid Search,0,0
LEAD000509,CUST001542,2017-11-30,Referral,0,0
LEAD000510,CUST007553,2017-04-27,Referral,1,0
LEAD000511,CUST006780,2017-05-04,Marketplace,0,0
LEAD000512,CUST006762,2018-02-02,Social,1,0
LEAD000513,CUST006583,2017-11-22,Organic,1,0
LEAD000514,CUST000992,2017-08-31,Organic,1,1
LEAD000515,CUST000176,2017-07-23,Marketplace,0,0
LEAD000516,CUST007344,2018-03-15,Referral,0,0
LEAD000517,CUST001303,2018-07-23,Referral,1,0
LEAD000518,CUST005200,2018-01-17,Social,1,0
LEAD000519,CUST003242,2017-01-12,Social,1,0
LEAD000520,CUST009147,2017-03-07,Social,0,0
LEAD000521,CUST005036,2017-10-14,Organic,1,0
LEAD000522,CUST005314,2018-04-26,Paid Search,1,1
LEAD000523,CUST000512,2018-07-02,Social,0,0
LEAD000524,CUST009373,2018-02-15,Paid Search,1,1
LEAD000525,CUST009039,2017-12-15,Organic,0,0
LEAD000526,CUST009491,2018-02-17,Email,0,0
LEAD000527,CUST004867,2018-09-03,Email,1,0
LEAD000528,CUST000695,2017-01-08,Paid Search,1,0
LEAD000529,CUST009817,2017-05-02,Referral,0,0
LEAD000530,CUST006972,2017-12-28,Marketplace,1,0
LEAD000531,CUST000148,2018-08-19,Social,1,0
LEAD000532,CUST008154,2017-08-12,Paid Search,0,0
LEAD000533,CUST005998,2017-12-28,Referral,1,0
LEAD000534,CUST006414,2017-04-12,Email,0,0
LEAD000535,CUST003863,2018-08-23,Marketplace,1,0
LEAD000536,CUST001060,2017-10-17,Marketplace,1,1
LEAD000537,CUST001834,2017-05-12,Organic,0,0
LEAD000538,CUST003957,2018-01-23,Referral,0,0
LEAD000539,CUST001890,2018-08-19,Referral,0,0
LEAD000540,CUST002894,2017-01-09,Marketplace,1,0
LEAD000541,CUST001223,2018-08-01,Social,1,1
LEAD000542,CUST009112,2018-01-25,Organic,1,1
LEAD000543,CUST007501,2017-09-15,Organic,0,0
LEAD000544,CUST002415,2018-04-10,Referral,0,0
LEAD000545,CUST000634,2017-07-17,Email,1,1
LEAD000546,CUST008303,2017-06-07,Social,0,0
LEAD000547,CUST005406,2018-07-10,Social,1,0
LEAD000548,CUST000162,2017-10-20,Paid Search,1,1
LEAD000549,CUST002247,2017-01-17,Organic,0,0
LEAD000550,CUST009665,2017-02-14,Paid Search,0,0
LEAD000551,CUST003274,2018-09-19,Organic,1,0
LEAD000552,CUST006084,2018-07-10,Referral,0,0
LEAD000553,CUST000128,2017-04-01,Paid Search,0,0
LEAD000554,CUST006462,2018-02-25,Referral,0,0
LEAD000555,CUST009888,2017-10-11,Referral,1,1
LEAD000556,CUST007216,2018-01-31,Paid Search,1,1
LEAD000557,CUST005008,2017-03-20,Social,1,1
LEAD000558,CUST003931,2018-04-19,Marketplace,1,0
LEAD000559,CUST009583,2017-11-22,Paid Search,1,0
LEAD000560,CUST005503,2017-12-26,Social,1,0
LEAD000561,CUST000523,2017-09-08,Email,0,0
LEAD000562,CUST008200,2017-12-26,Email,0,0
LEAD000563,CUST001561,2017-04-06,Social,1,0
LEAD000564,CUST007775,2017-09-13,Email,0,0
LEAD000565,CUST007896,2017-07-11,Social,1,0
LEAD000566,CUST000198,2018-07-23,Social,0,0
LEAD000567,CUST008893,2017-12-25,Paid Search,1,0
LEAD000568,CUST005549,2017-03-19,Referral,1,1
LEAD000569,CUST001712,2017-06-30,Social,1,0
LEAD000570,CUST005122,2017-06-09,Email,1,0
LEAD000571,CUST009978,2018-08-12,Social,1,0
LEAD000572,CUST004382,2018-07-22,Marketplace,1,1
LEAD000573,CUST005337,2017-10-11,Email,0,0
LEAD000574,CUST001950,2017-04-28,Social,0,0
LEAD000575,CUST009238,2018-06-24,Email,0,0
LEAD000576,CUST004637,2018-01-29,Organic,1,0
LEAD000577,CUST005602,2017-04-21,Marketplace,1,0
LEAD000578,CUST005717,2017-11-30,Paid Search,1,1
LEAD000579,CUST002569,2018-01-17,Referral,0,0
LEAD000580,CUST005080,2017-01-25,Organic,1,0
LEAD000581,CUST006546,2017-05-31,Social,1,1
LEAD000582,CUST000117,2017-10-17,Paid Search,0,0
LEAD000583,CUST000011,2017-12-23,Organic,1,1
LEAD000584,CUST007143,2017-07-06,Referral,1,0
LEAD000585,CUST003945,2018-01-14,Paid Search,0,0
LEAD000586,CUST003793,2018-02-21,Marketplace,0,0
LEAD000587,CUST002752,2017-07-21,Organic,0,0
LEAD000588,CUST007672,2017-12-11,Marketplace,0,0
LEAD000589,CUST002817,2018-06-04,Marketplace,0,0
LEAD000590,CUST005945,2017-07-02,Paid Search,0,0
LEAD000591,CUST005815,2018-04-25,Organic,0,0
LEAD000592,CUST000397,2018-05-12,Marketplace,1,1
LEAD000593,CUST009056,2017-09-27,Email,0,0
LEAD000594,CUST009901,2018-04-30,Paid Search,0,0
LEAD000595,CUST001825,2017-03-29,Organic,1,0
LEAD000596,CUST002528,2018-03-25,Organic,0,0
LEAD000597,CUST000616,2018-05-09,Social,1,0
LEAD000598,CUST004507,2018-04-12,Paid Search,1,0
LEAD000599,CUST006774,2017-12-30,Organic,1,0
LEAD000600,CUST005438,2018-01-19,Organic,0,0
LEAD000601,CUST004015,2017-09-02,Paid Search,1,0
LEAD000602,CUST009127,2018-06-28,Referral,0,0
LEAD000603,CUST003135,2018-04-06,Email,1,0
LEAD000604,CUST002937,2018-03-19,Referral,1,0
LEAD000605,CUST006922,2017-01-14,Social,1,0
LEAD000606,CUST009226,2017-02-03,Marketplace,0,0
LEAD000607,CUST006146,2018-03-20,Marketplace,0,0
LEAD000608,CUST001164,2018-01-07,Social,1,1
LEAD000609,CUST008001,2017-04-10,Marketplace,0,0
LEAD000610,CUST002777,2018-04-24,Referral,1,0
LEAD000611,CUST008298,2018-07-30,Referral,0,0
LEAD000612,CUST003173,2018-07-26,Marketplace,1,0
LEAD000613,CUST003794,2018-05-12,Organic,1,0
LEAD000614,CUST001279,2018-06-24,Paid Search,1,1
LEAD000615,CUST008174,2018-04-07,Marketplace,1,0
LEAD000616,CUST005949,2017-11-25,Paid Search,1,0
LEAD000617,CUST007515,2017-07-04,Organic,0,0
LEAD000618,CUST006078,2018-01-17,Organic,0,0
LEAD000619,CUST009820,2018-04-05,Paid Search,1,0
LEAD000620,CUST004829,2017-04-11,Marketplace,0,0
LEAD000621,CUST009685,2017-09-16,Paid Search,0,0
LEAD000622,CUST008024,2017-12-23,Organic,0,0
LEAD000623,CUST005760,2017-06-04,Marketplace,1,0
LEAD000624,CUST008444,2017-05-03,Social,1,0
LEAD000625,CUST003009,2017-09-03,Paid Search,0,0
LEAD000626,CUST005215,2017-01-25,Organic,0,0
LEAD000627,CUST000326,2018-01-11,Marketplace,1,0
LEAD000628,CUST008656,2017-09-23,Social,1,0
LEAD000629,CUST000372,2017-11-09,Organic,0,0
LEAD000630,CUST005813,2017-07-27,Email,1,0
LEAD000631,CUST005459,2018-08-03,Referral,0,0
LEAD000632,CUST002755,2017-01-04,Referral,0,0
LEAD000633,CUST000256,2017-05-16,Organic,0,0
LEAD000634,CUST003530,2018-02-09,Email,0,0
LEAD000635,CUST008469,2018-04-15,Referral,1,0
LEAD000636,CUST000949,2017-06-23,Marketplace,0,0
LEAD000637,CUST009401,2017-04-10,Paid Search,1,0
LEAD000638,CUST000576,2017-08-15,Email,0,0
LEAD000639,CUST008630,2017-03-08,Organic,1,1
LEAD000640,CUST008519,2018-05-24,Organic,1,1
LEAD000641,CUST002474,2017-09-05,Social,0,0
LEAD000642,CUST006825,2017-11-18,Organic,1,0
LEAD000643,CUST004029,2017-10-21,Paid Search,0,0
LEAD000644,CUST002402,2018-05-17,Organic,0,0
LEAD000645,CUST007388,2017-02-07,Paid Search,1,1
LEAD000646,CUST007594,2017-08-09,Paid Search,1,1
LEAD000647,CUST006128,2017-08-20,Paid Search,0,0
LEAD000648,CUST001514,2017-11-27,Email,1,1
LEAD000649,CUST002693,2018-05-28,Paid Search,0,0
LEAD000650,CUST000582,2018-04-03,Social,0,0
LEAD000651,CUST004513,2017-08-02,Referral,1,0
LEAD000652,CUST005906,2017-06-29,Marketplace,1,1
LEAD000653,CUST008202,2017-01-30,Referral,0,0
LEAD000654,CUST004540,2018-05-10,Paid Search,0,0
LEAD000655,CUST001437,2017-06-29,Organic,0,0
LEAD000656,CUST002832,2017-04-06,Paid Search,1,0
LEAD000657,CUST002355,2017-08-25,Organic,0,0
LEAD000658,CUST002302,2017-05-07,Email,1,1
LEAD000659,CUST003124,2017-05-27,Marketplace,0,0
LEAD000660,CUST000152,2018-06-28,Paid Search,0,0
LEAD000661,CUST008558,2018-01-24,Referral,0,0
LEAD000662,CUST009511,2017-06-20,Paid Search,0,0
LEAD000663,CUST000241,2017-06-24,Paid Search,0,0
LEAD000664,CUST008661,2017-06-13,Organic,0,0
LEAD000665,CUST000813,2018-06-13,Marketplace,1,1
LEAD000666,CUST002658,2018-01-08,Marketplace,0,0
LEAD000667,CUST002722,2017-06-10,Paid Search,1,1
LEAD000668,CUST008814,2018-01-05,Email,1,0
LEAD000669,CUST004655,2017-11-29,Marketplace,1,1
LEAD000670,CUST005833,2018-04-06,Email,1,1
LEAD000671,CUST000324,2017-08-09,Social,0,0
LEAD000672,CUST004451,2018-01-18,Paid Search,0,0
LEAD000673,CUST007790,2017-10-14,Organic,0,0
LEAD000674,CUST000049,2018-08-04,Paid Search,0,0
LEAD000675,CUST000039,2017-01-01,Organic,0,0
LEAD000676,CUST005148,2017-08-04,Marketplace,1,0
LEAD000677,CUST009099,2017-05-28,Email,1,0
LEAD000678,CUST005221,2018-09-12,Email,0,0
LEAD000679,CUST009836,2017-11-04,Marketplace,1,1
LEAD000680,CUST007899,2017-01-06,Organic,0,0
LEAD000681,CUST007079,2018-05-25,Marketplace,0,0
LEAD000682,CUST002637,2018-02-07,Organic,1,0
LEAD000683,CUST007142,2017-07-27,Referral,0,0
LEAD000684,CUST007622,2017-10-29,Email,0,0
LEAD000685,CUST005818,2017-11-16,Marketplace,1,1
LEAD000686,CUST001281,2018-05-27,Referral,0,0
LEAD000687,CUST003122,2017-11-29,Organic,1,1
LEAD000688,CUST005533,2017-10-29,Social,0,0
LEAD000689,CUST005077,2018-05-25,Marketplace,1,1
LEAD000690,CUST007038,2017-06-06,Referral,0,0
LEAD000691,CUST008433,2017-12-31,Paid Search,0,0
LEAD000692,CUST003573,2017-01-02,Social,1,1
LEAD000693,CUST008906,2018-03-12,Paid Search,0,0
LEAD000694,CUST003084,2017-07-07,Marketplace,1,1
LEAD000695,CUST000517,2018-01-25,Email,1,1
LEAD000696,CUST004566,2018-04-16,Organic,1,1
LEAD000697,CUST001715,2017-06-10,Marketplace,1,1
LEAD000698,CUST000396,2018-02-04,Social,1,0
LEAD000699,CUST004235,2017-07-07,Organic,0,0
LEAD000700,CUST001421,2017-04-20,Referral,1,1
LEAD000701,CUST005965,2017-05-27,Marketplace,0,0
LEAD000702,CUST006059,2018-04-05,Marketplace,0,0
LEAD000703,CUST006106,2017-01-05,Email,0,0
LEAD000704,CUST000462,2017-10-18,Social,1,1
LEAD000705,CUST003569,2017-09-13,Social,0,0
LEAD000706,CUST009265,2017-11-26,Referral,0,0
LEAD000707,CUST001555,2017-06-02,Email,0,0
LEAD000708,CUST005130,2017-09-14,Marketplace,0,0
LEAD000709,CUST007392,2017-01-12,Paid Search,1,1
LEAD000710,CUST008685,2017-04-27,Paid Search,1,0
LEAD000711,CUST008343,2017-03-06,Email,0,0
LEAD000712,CUST007652,2018-03-20,Organic,0,0
LEAD000713,CUST000598,2017-03-26,Social,0,0
LEAD000714,CUST002883,2017-04-05,Email,0,0
LEAD000715,CUST003397,2017-05-15,Referral,0,0
LEAD000716,CUST008957,2018-09-02,Paid Search,0,0
LEAD000717,CUST005012,2018-06-21,Referral,0,0
LEAD000718,CUST001159,2018-05-11,Organic,1,0
LEAD000719,CUST007032,2018-08-17,Organic,1,1
LEAD000720,CUST000316,2017-05-01,Organic,1,0
LEAD000721,CUST008334,2018-03-01,Email,0,0
LEAD000722,CUST008887,2018-08-09,Paid Search,0,0
LEAD000723,CUST003769,2017-11-17,Marketplace,0,0
LEAD000724,CUST008751,2018-05-17,Paid Search,0,0
LEAD000725,CUST006383,2017-07-13,Marketplace,1,0
LEAD000726,CUST007830,2017-12-23,Social,0,0
LEAD000727,CUST001341,2017-07-22,Organic,1,1
LEAD000728,CUST000454,2017-01-30,Marketplace,1,0
LEAD000729,CUST008817,2017-10-04,Paid Search,0,0
LEAD000730,CUST005861,2017-06-22,Social,0,0
LEAD000731,CUST005211,2018-09-25,Organic,1,1
LEAD000732,CUST000714,2017-08-11,Paid Search,0,0
LEAD000733,CUST002347,2017-10-04,Paid Search,0,0
LEAD000734,CUST007440,2017-04-11,Paid Search,0,0
LEAD000735,CUST008197,2018-02-01,Marketplace,0,0
LEAD000736,CUST001695,2017-03-18,Paid Search,0,0
LEAD000737,CUST001896,2017-05-12,Marketplace,1,0
LEAD000738,CUST002642,2017-04-19,Paid Search,0,0
LEAD000739,CUST001623,2017-10-22,Paid Search,1,0
LEAD000740,CUST001060,2018-03-10,Social,0,0
LEAD000741,CUST008329,2017-02-12,Email,0,0
LEAD000742,CUST004104,2017-03-13,Paid Search,0,0
LEAD000743,CUST002549,2017-08-20,Organic,1,1
LEAD000744,CUST005679,2017-07-10,Paid Search,1,0
LEAD000745,CUST001011,2017-12-22,Paid Search,0,0
LEAD000746,CUST009644,2018-06-16,Organic,0,0
LEAD000747,CUST002274,2018-07-29,Paid Search,1,0
LEAD000748,CUST009126,2017-01-10,Paid Search,0,0
LEAD000749,CUST009248,2017-12-22,Paid Search,0,0
LEAD000750,CUST007448,2017-11-16,Organic,0,0
LEAD000751,CUST006896,2017-02-16,Paid Search,0,0
LEAD000752,CUST005408,2018-08-14,Organic,1,1
LEAD000753,CUST009467,2017-06-09,Referral,0,0
LEAD000754,CUST005218,2017-03-10,Organic,0,0
LEAD000755,CUST008482,2018-05-18,Social,1,0
LEAD000756,CUST000864,2018-02-27,Referral,0,0
LEAD000757,CUST001668,2018-06-17,Organic,0,0
LEAD000758,CUST006935,2017-01-10,Email,1,1
LEAD000759,CUST004630,2018-03-05,Organic,1,1
LEAD000760,CUST006727,2017-09-17,Referral,0,0
LEAD000761,CUST009500,2017-12-18,Email,0,0
LEAD000762,CUST006110,2018-02-20,Referral,0,0
LEAD000763,CUST008298,2017-05-27,Referral,1,1
LEAD000764,CUST003729,2017-01-20,Referral,1,1
LEAD000765,CUST007693,2018-09-23,Referral,0,0
LEAD000766,CUST006907,2017-10-10,Social,1,0
LEAD000767,CUST005560,2017-12-18,Organic,1,0
LEAD000768,CUST004277,2017-11-29,Paid Search,1,0
LEAD000769,CUST000644,2017-07-20,Paid Search,1,0
LEAD000770,CUST000859,2017-08-27,Marketplace,1,0
LEAD000771,CUST003011,2018-03-08,Organic,0,0
LEAD000772,CUST002261,2017-10-26,Social,0,0
LEAD000773,CUST008592,2017-10-14,Social,1,1
LEAD000774,CUST004993,2017-03-21,Marketplace,0,0
LEAD000775,CUST003634,2017-01-28,Marketplace,0,0
LEAD000776,CUST002468,2017-10-15,Organic,0,0
LEAD000777,CUST000476,2017-02-05,Organic,1,0
LEAD000778,CUST000746,2017-04-19,Paid Search,1,0
LEAD000779,CUST000942,2018-08-07,Email,0,0
LEAD000780,CUST003691,2018-08-05,Marketplace,1,1
LEAD000781,CUST004662,2017-09-23,Email,0,0
LEAD000782,CUST001858,2018-01-10,Paid Search,1,0
LEAD000783,CUST004778,2017-03-08,Referral,1,0
LEAD000784,CUST008008,2018-03-10,Marketplace,0,0
LEAD000785,CUST009548,2018-02-20,Referral,0,0
LEAD000786,CUST004091,2017-08-12,Social,0,0
LEAD000787,CUST006161,2017-10-06,Email,0,0
LEAD000788,CUST006203,2018-05-01,Marketplace,0,0
LEAD000789,CUST004770,2017-07-08,Paid Search,1,0
LEAD000790,CUST000519,2017-12-10,Email,1,1
LEAD000791,CUST007599,2017-03-05,Paid Search,1,0
LEAD000792,CUST004597,2018-01-31,Organic,0,0
LEAD000793,CUST000655,2017-05-19,Referral,0,0
LEAD000794,CUST006063,2018-09-29,Marketplace,1,1
LEAD000795,CUST008485,2017-05-22,Email,0,0
LEAD000796,CUST005645,2018-06-13,Email,0,0
LEAD000797,CUST003067,2018-06-04,Paid Search,1,0
LEAD000798,CUST001598,2017-05-14,Social,0,0
LEAD000799,CUST008265,2018-08-29,Email,0,0
LEAD000800,CUST007703,2018-04-30,Organic,1,1
LEAD000801,CUST002591,2017-11-14,Marketplace,1,1
LEAD000802,CUST005644,2017-01-11,Email,1,0
LEAD000803,CUST008140,2018-07-12,Referral,1,1
LEAD000804,CUST006384,2017-12-12,Email,1,1
LEAD000805,CUST000762,2018-06-17,Email,1,0
LEAD000806,CUST005493,2017-08-17,Paid Search,0,0
LEAD000807,CUST008161,2017-12-04,Email,1,0
LEAD000808,CUST009444,2017-01-18,Email,0,0
LEAD000809,CUST006697,2017-04-01,Referral,1,0
LEAD000810,CUST009714,2018-05-02,Social,0,0
LEAD000811,CUST001273,2018-09-02,Social,0,0
LEAD000812,CUST005168,2018-06-02,Paid Search,1,1
LEAD000813,CUST000116,2018-08-16,Referral,0,0
LEAD000814,CUST004438,2018-08-23,Social,0,0
LEAD000815,CUST007494,2017-04-20,Email,0,0
LEAD000816,CUST009299,2017-05-23,Marketplace,1,0
LEAD000817,CUST006039,2017-12-11,Organic,1,0
LEAD000818,CUST008717,2018-07-03,Social,1,1
LEAD000819,CUST007511,2017-10-04,Social,1,0
LEAD000820,CUST001925,2018-03-07,Paid Search,1,0
LEAD000821,CUST000891,2017-05-15,Referral,0,0
LEAD000822,CUST009331,2017-12-02,Email,1,0
LEAD000823,CUST009723,2017-12-05,Organic,1,1
LEAD000824,CUST008476,2017-04-23,Marketplace,0,0
LEAD000825,CUST002025,2017-07-12,Social,0,0
LEAD000826,CUST001094,2017-02-16,Marketplace,1,0
LEAD000827,CUST008044,2017-06-06,Marketplace,1,0
LEAD000828,CUST003644,2018-01-25,Paid Search,1,0
LEAD000829,CUST005870,2018-05-17,Social,1,0
LEAD000830,CUST006758,2018-04-29,Marketplace,0,0
LEAD000831,CUST003744,2018-08-01,Organic,0,0
LEAD000832,CUST008110,2017-10-22,Social,0,0
LEAD000833,CUST001841,2017-05-02,Email,0,0
LEAD000834,CUST003020,2018-06-22,Organic,1,0
LEAD000835,CUST008357,2018-05-24,Social,1,0
LEAD000836,CUST000144,2018-06-08,Social,1,1
LEAD000837,CUST001769,2017-11-14,Email,0,0
LEAD000838,CUST002242,2018-07-16,Email,1,1
LEAD000839,CUST008414,2018-01-04,Social,0,0
LEAD000840,CUST000529,2018-08-25,Paid Search,0,0
LEAD000841,CUST000613,2017-08-10,Social,0,0
LEAD000842,CUST007793,2017-09-19,Social,1,1
LEAD000843,CUST004798,2017-02-20,Marketplace,0,0
LEAD000844,CUST009252,2018-06-04,Referral,1,0
LEAD000845,CUST009867,2018-06-12,Paid Search,1,1
LEAD000846,CUST000506,2018-07-04,Email,0,0
LEAD000847,CUST009935,2017-06-29,Paid Search,0,0
LEAD000848,CUST008090,2017-07-26,Organic,1,0
LEAD000849,CUST005998,2018-07-17,Email,1,0
LEAD000850,CUST005839,2018-09-29,Organic,0,0
LEAD000851,CUST009962,2018-06-11,Referral,0,0
LEAD000852,CUST004914,2017-10-17,Paid Search,1,0
LEAD000853,CUST002453,2017-10-24,Social,1,1
LEAD000854,CUST008078,2017-10-23,Email,1,0
LEAD000855,CUST005195,2018-02-24,Organic,0,0
LEAD000856,CUST009240,2017-09-23,Organic,0,0
LEAD000857,CUST006708,2017-08-07,Paid Search,0,0
LEAD000858,CUST009936,2017-05-22,Organic,1,0
LEAD000859,CUST004274,2018-07-17,Marketplace,1,1
LEAD000860,CUST009553,2017-11-04,Referral,0,0
LEAD000861,CUST007047,2018-07-14,Marketplace,0,0
LEAD000862,CUST009728,2017-09-30,Paid Search,0,0
LEAD000863,CUST001443,2017-10-22,Organic,1,1
LEAD000864,CUST008615,2018-04-26,Email,1,1
LEAD000865,CUST003947,2017-11-10,Referral,0,0
LEAD000866,CUST007144,2017-10-24,Social,0,0
LEAD000867,CUST005138,2018-08-10,Referral,1,1
LEAD000868,CUST007892,2017-11-10,Email,0,0
LEAD000869,CUST001138,2017-04-30,Referral,1,1
LEAD000870,CUST003622,2017-05-03,Referral,0,0
LEAD000871,CUST007076,2017-07-16,Email,1,0
LEAD000872,CUST000187,2018-06-09,Social,0,0
LEAD000873,CUST002396,2017-12-19,Paid Search,0,0
LEAD000874,CUST004227,2017-10-20,Organic,0,0
LEAD000875,CUST004209,2018-08-30,Referral,0,0
LEAD000876,CUST005844,2018-02-25,Paid Search,0,0
LEAD000877,CUST004301,2018-05-04,Marketplace,0,0
LEAD000878,CUST007677,2017-06-23,Social,1,0
LEAD000879,CUST004458,2018-06-22,Paid Search,1,0
LEAD000880,CUST004920,2017-02-10,Paid Search,1,0
LEAD000881,CUST002581,2017-05-11,Referral,1,1
LEAD000882,CUST000184,2017-07-11,Referral,1,1
LEAD000883,CUST003307,2018-01-25,Social,1,1
LEAD000884,CUST009798,2018-04-09,Paid Search,0,0
LEAD000885,CUST000151,2018-08-15,Organic,1,0
LEAD000886,CUST000468,2017-02-16,Email,0,0
LEAD000887,CUST009005,2018-03-15,Marketplace,1,0
LEAD000888,CUST009837,2017-04-06,Marketplace,1,0
LEAD000889,CUST006917,2018-03-19,Paid Search,0,0
LEAD000890,CUST001186,2018-08-26,Paid Search,1,1
LEAD000891,CUST006330,2017-10-21,Paid Search,1,0
LEAD000892,CUST009417,2017-09-22,Email,1,1
LEAD000893,CUST001459,2018-02-09,Social,1,0
LEAD000894,CUST004251,2018-06-15,Email,0,0
LEAD000895,CUST005980,2017-12-03,Social,0,0
LEAD000896,CUST005569,2018-07-29,Email,0,0
LEAD000897,CUST005507,2017-09-17,Organic,0,0
LEAD000898,CUST000053,2017-11-12,Paid Search,1,0
LEAD000899,CUST000872,2017-05-24,Social,1,0
LEAD000900,CUST007489,2017-02-26,Referral,1,0
LEAD000901,CUST001548,2018-09-21,Social,1,0
LEAD000902,CUST005019,2017-10-02,Referral,1,0
LEAD000903,CUST004011,2018-06-26,Referral,0,0
LEAD000904,CUST009943,2017-05-03,Email,0,0
LEAD000905,CUST007107,2017-11-23,Organic,0,0
LEAD000906,CUST008348,2017-03-17,Social,0,0
LEAD000907,CUST003011,2018-04-07,Marketplace,0,0
LEAD000908,CUST002956,2017-02-18,Email,1,0
LEAD000909,CUST005701,2017-06-16,Paid Search,1,1
LEAD000910,CUST002061,2017-02-17,Marketplace,0,0
LEAD000911,CUST004379,2017-04-08,Email,0,0
LEAD000912,CUST004037,2018-06-30,Email,0,0
LEAD000913,CUST008352,2018-09-04,Social,1,1
LEAD000914,CUST000705,2017-04-25,Paid Search,1,0
LEAD000915,CUST002719,2018-06-21,Paid Search,1,0
LEAD000916,CUST000434,2018-05-17,Marketplace,1,0
LEAD000917,CUST009773,2017-12-05,Organic,1,0
LEAD000918,CUST006271,2018-03-26,Social,1,0
LEAD000919,CUST002884,2017-06-17,Social,0,0
LEAD000920,CUST007896,2017-12-17,Organic,1,1
LEAD000921,CUST005741,2018-03-05,Organic,1,0
LEAD000922,CUST003276,2018-02-03,Referral,1,1
LEAD000923,CUST004323,2017-06-09,Social,1,0
LEAD000924,CUST001034,2017-10-05,Referral,1,1
LEAD000925,CUST009403,2017-12-17,Social,0,0
LEAD000926,CUST006137,2018-08-20,Referral,1,1
LEAD000927,CUST008525,2018-07-23,Email,1,0
LEAD000928,CUST001150,2017-09-17,Marketplace,1,0
LEAD000929,CUST005250,2018-06-05,Marketplace,0,0
LEAD000930,CUST007418,2017-12-27,Organic,0,0
LEAD000931,CUST005100,2018-07-03,Marketplace,0,0
LEAD000932,CUST007592,2017-06-02,Organic,0,0
LEAD000933,CUST001962,2017-02-22,Organic,1,0
LEAD000934,CUST003421,2017-07-23,Paid Search,1,1
LEAD000935,CUST000713,2018-08-10,Referral,1,0
LEAD000936,CUST003127,2018-03-28,Marketplace,1,0
LEAD000937,CUST005055,2018-03-23,Social,1,1
LEAD000938,CUST008642,2017-11-22,Social,0,0
LEAD000939,CUST005493,2018-05-26,Social,0,0
LEAD000940,CUST000385,2017-10-02,Marketplace,0,0
LEAD000941,CUST001562,2018-05-15,Paid Search,0,0
LEAD000942,CUST001497,2017-03-20,Paid Search,1,1
LEAD000943,CUST000754,2017-01-19,Email,0,0
LEAD000944,CUST003337,2018-06-04,Marketplace,0,0
LEAD000945,CUST003428,2017-05-25,Paid Search,1,0
LEAD000946,CUST002088,2018-05-07,Paid Search,1,1
LEAD000947,CUST002011,2017-04-28,Organic,1,0
LEAD000948,CUST001841,2018-09-14,Marketplace,0,0
LEAD000949,CUST008454,2017-12-29,Marketplace,0,0
LEAD000950,CUST003552,2018-01-17,Social,0,0
LEAD000951,CUST008645,2018-07-19,Email,0,0
LEAD000952,CUST000290,2017-05-15,Paid Search,1,0
LEAD000953,CUST001399,2018-01-20,Paid Search,1,0
LEAD000954,CUST004135,2017-09-23,Referral,1,1
LEAD000955,CUST008477,2018-05-23,Referral,0,0
LEAD000956,CUST000028,2018-02-10,Organic,0,0
LEAD000957,CUST002522,2017-08-22,Social,0,0
LEAD000958,CUST005229,2017-03-23,Referral,1,0
LEAD000959,CUST001567,2018-03-15,Paid Search,0,0
LEAD000960,CUST005375,2018-02-12,Paid Search,1,0
LEAD000961,CUST000418,2018-09-11,Email,1,1
LEAD000962,CUST005241,2017-02-20,Referral,1,1
LEAD000963,CUST002671,2017-02-21,Social,1,0
LEAD000964,CUST004816,2017-10-21,Email,1,0
LEAD000965,CUST000808,2017-07-02,Social,1,1
LEAD000966,CUST007706,2018-04-03,Social,0,0
LEAD000967,CUST004437,2017-05-26,Social,0,0
LEAD000968,CUST004558,2017-10-02,Marketplace,0,0
LEAD000969,CUST001810,2018-08-25,Organic,1,0
LEAD000970,CUST000071,2017-11-21,Marketplace,0,0
LEAD000971,CUST001301,2017-11-25,Organic,1,0
LEAD000972,CUST007655,2017-08-04,Paid Search,0,0
LEAD000973,CUST006199,2018-09-13,Email,0,0
LEAD000974,CUST004510,2017-07-30,Referral,0,0
LEAD000975,CUST002799,2018-05-02,Paid Search,1,0
LEAD000976,CUST008869,2018-02-04,Email,1,0
LEAD000977,CUST006535,2017-10-31,Paid Search,0,0
LEAD000978,CUST003162,2018-07-29,Email,0,0
LEAD000979,CUST003193,2018-08-03,Email,0,0
LEAD000980,CUST002810,2017-12-16,Marketplace,1,1
LEAD000981,CUST000407,2017-10-16,Email,0,0
LEAD000982,CUST000689,2017-01-01,Social,0,0
LEAD000983,CUST000989,2018-03-06,Paid Search,1,0
LEAD000984,CUST004119,2018-01-12,Organic,0,0
LEAD000985,CUST000673,2017-03-27,Email,1,1
LEAD000986,CUST000354,2017-09-30,Paid Search,1,0
LEAD000987,CUST005282,2017-05-22,Email,1,1
LEAD000988,CUST000235,2017-12-14,Marketplace,0,0
LEAD000989,CUST008821,2017-03-12,Social,1,0
LEAD000990,CUST000683,2018-03-15,Email,0,0
LEAD000991,CUST002447,2017-11-07,Referral,1,0
LEAD000992,CUST005640,2018-02-07,Email,0,0
LEAD000993,CUST004036,2017-04-06,Marketplace,0,0
LEAD000994,CUST004198,2018-02-19,Social,1,0
LEAD000995,CUST003300,2018-02-24,Referral,0,0
LEAD000996,CUST005587,2018-03-28,Email,1,0
LEAD000997,CUST002952,2017-06-26,Organic,0,0
LEAD000998,CUST008362,2018-05-30,Email,0,0
LEAD000999,CUST008329,2017-10-30,Paid Search,0,0
LEAD001000,CUST005059,2018-02-13,Social,0,0
LEAD001001,CUST000852,2017-12-04,Social,1,1
LEAD001002,CUST008890,2018-05-04,Social,1,1
LEAD001003,CUST002199,2017-06-02,Marketplace,0,0
LEAD001004,CUST007942,2017-08-24,Marketplace,0,0
LEAD001005,CUST009633,2018-07-26,Email,1,1
LEAD001006,CUST007781,2018-08-02,Social,1,1
LEAD001007,CUST008893,2017-08-26,Organic,1,0
LEAD001008,CUST008579,2017-05-10,Marketplace,1,0
LEAD001009,CUST005610,2017-07-06,Referral,0,0
LEAD001010,CUST001303,2017-05-04,Email,1,1
LEAD001011,CUST005679,2017-08-10,Referral,0,0
LEAD001012,CUST006232,2018-04-11,Paid Search,1,0
LEAD001013,CUST002502,2018-02-12,Email,0,0
LEAD001014,CUST004469,2017-07-29,Organic,1,0
LEAD001015,CUST003542,2017-05-07,Social,1,1
LEAD001016,CUST005797,2018-02-28,Social,0,0
LEAD001017,CUST008479,2017-06-03,Social,1,1
LEAD001018,CUST004532,2018-03-01,Email,1,1
LEAD001019,CUST005752,2017-07-18,Organic,0,0
LEAD001020,CUST007655,2017-09-23,Marketplace,1,0
LEAD001021,CUST006385,2017-10-14,Email,0,0
LEAD001022,CUST006556,2017-05-09,Email,0,0
LEAD001023,CUST001990,2017-09-25,Marketplace,0,0
LEAD001024,CUST007574,2017-05-30,Marketplace,0,0
LEAD001025,CUST006361,2017-02-05,Organic,1,1
LEAD001026,CUST008141,2017-07-12,Social,1,1
LEAD001027,CUST002640,2018-03-12,Email,0,0
LEAD001028,CUST004265,2018-08-23,Email,0,0
LEAD001029,CUST009909,2017-03-12,Email,1,1
LEAD001030,CUST007312,2018-06-20,Referral,1,1
LEAD001031,CUST004154,2017-12-28,Marketplace,1,0
LEAD001032,CUST009340,2017-03-02,Referral,0,0
LEAD001033,CUST001005,2018-08-28,Social,0,0
LEAD001034,CUST002332,2017-09-18,Marketplace,0,0
LEAD001035,CUST007905,2017-12-24,Social,1,0
LEAD001036,CUST008759,2017-10-22,Social,1,1
LEAD001037,CUST004022,2017-09-04,Paid Search,0,0
LEAD001038,CUST007752,2018-03-26,Referral,1,1
LEAD001039,CUST002907,2018-05-02,Paid Search,0,0
LEAD001040,CUST006411,2017-03-03,Referral,1,0
LEAD001041,CUST007420,2017-02-07,Paid Search,0,0
LEAD001042,CUST000147,2018-02-23,Social,1,1
LEAD001043,CUST001632,2018-03-14,Marketplace,1,0
LEAD001044,CUST005177,2018-03-31,Social,0,0
LEAD001045,CUST003782,2018-02-05,Marketplace,0,0
LEAD001046,CUST008261,2017-09-03,Marketplace,0,0
LEAD001047,CUST005481,2018-08-23,Referral,1,0
LEAD001048,CUST004516,2017-01-13,Email,1,0
LEAD001049,CUST003517,2018-07-01,Email,0,0
LEAD001050,CUST007080,2017-04-07,Email,1,0
LEAD001051,CUST003838,2017-03-27,Marketplace,1,1
LEAD001052,CUST009471,2018-01-08,Social,1,1
LEAD001053,CUST001498,2018-05-15,Email,1,0
LEAD001054,CUST005299,2017-04-28,Paid Search,1,1
LEAD001055,CUST003776,2017-09-25,Email,1,0
LEAD001056,CUST001001,2017-12-23,Referral,0,0
LEAD001057,CUST005897,2017-04-04,Organic,1,0
LEAD001058,CUST007060,2018-05-31,Paid Search,0,0
LEAD001059,CUST002057,2017-02-13,Paid Search,0,0
LEAD001060,CUST008889,2017-07-31,Referral,0,0
LEAD001061,CUST007338,2017-07-15,Organic,0,0
LEAD001062,CUST009812,2018-09-21,Referral,0,0
LEAD001063,CUST008871,2018-01-19,Organic,0,0
LEAD001064,CUST009890,2018-06-14,Email,0,0
LEAD001065,CUST005270,2017-03-18,Marketplace,0,0
LEAD001066,CUST004118,2018-09-25,Referral,1,1
LEAD001067,CUST002712,2018-05-06,Email,1,1
LEAD001068,CUST000425,2018-07-17,Email,1,0
LEAD001069,CUST007424,2017-02-19,Organic,1,1
LEAD001070,CUST004019,2017-11-22,Paid Search,1,1
LEAD001071,CUST002111,2018-05-07,Marketplace,0,0
LEAD001072,CUST007665,2017-07-14,Social,0,0
LEAD001073,CUST004417,2018-04-21,Organic,1,1
LEAD001074,CUST003250,2017-01-16,Email,0,0
LEAD001075,CUST003039,2018-05-04,Organic,1,0
LEAD001076,CUST001593,2017-02-18,Referral,0,0
LEAD001077,CUST000848,2018-03-06,Referral,1,0
LEAD001078,CUST007280,2018-06-14,Marketplace,0,0
LEAD001079,CUST003466,2017-04-05,Organic,0,0
LEAD001080,CUST003908,2017-02-12,Social,0,0
LEAD001081,CUST009842,2018-01-18,Organic,1,1
LEAD001082,CUST007902,2018-08-25,Marketplace,0,0
LEAD001083,CUST006671,2017-07-11,Referral,0,0
LEAD001084,CUST001889,2018-07-19,Marketplace,1,0
LEAD001085,CUST004900,2017-10-27,Paid Search,0,0
LEAD001086,CUST004938,2018-01-21,Paid Search,0,0
LEAD001087,CUST008317,2017-10-15,Email,0,0
LEAD001088,CUST001179,2018-01-15,Paid Search,0,0
LEAD001089,CUST003969,2018-02-18,Marketplace,1,0
LEAD001090,CUST006906,2017-05-29,Referral,0,0
LEAD001091,CUST004282,2018-06-30,Referral,1,0
LEAD001092,CUST001893,2017-02-03,Social,1,1
LEAD001093,CUST001519,2017-01-24,Paid Search,0,0
LEAD001094,CUST008737,2018-04-09,Marketplace,0,0
LEAD001095,CUST000762,2018-07-08,Email,0,0
LEAD001096,CUST004655,2018-09-15,Social,1,1
LEAD001097,CUST000484,2017-01-18,Email,0,0
LEAD001098,CUST003915,2018-07-12,Organic,1,0
LEAD001099,CUST005558,2018-08-28,Organic,0,0
LEAD001100,CUST005253,2017-01-06,Organic,1,0
LEAD001101,CUST000208,2018-05-14,Paid Search,1,0
LEAD001102,CUST000109,2017-01-27,Organic,1,0
LEAD001103,CUST004615,2018-03-30,Referral,0,0
LEAD001104,CUST004660,2017-12-13,Social,0,0
LEAD001105,CUST003956,2017-12-21,Email,0,0
LEAD001106,CUST001134,2017-03-16,Social,0,0
LEAD001107,CUST002074,2018-02-13,Social,0,0
LEAD001108,CUST007100,2018-07-25,Referral,1,0
LEAD001109,CUST001987,2018-09-15,Organic,0,0
LEAD001110,CUST006834,2017-03-02,Social,0,0
LEAD001111,CUST005878,2017-11-24,Referral,0,0
LEAD001112,CUST008480,2018-02-01,Organic,0,0
LEAD001113,CUST000993,2018-01-18,Referral,0,0
LEAD001114,CUST008893,2017-08-22,Email,0,0
LEAD001115,CUST001197,2017-11-27,Email,0,0
LEAD001116,CUST004072,2018-02-08,Social,0,0
LEAD001117,CUST001061,2018-06-08,Email,1,1
LEAD001118,CUST005993,2018-06-17,Organic,0,0
LEAD001119,CUST004856,2017-05-30,Referral,0,0
LEAD001120,CUST002551,2017-07-07,Organic,0,0
LEAD001121,CUST006741,2017-12-03,Paid Search,0,0
LEAD001122,CUST006587,2017-08-12,Email,0,0
LEAD001123,CUST009135,2018-07-06,Referral,0,0
LEAD001124,CUST006821,2018-09-06,Email,1,0
LEAD001125,CUST005694,2018-01-10,Organic,0,0
LEAD001126,CUST008109,2018-06-28,Marketplace,1,0
LEAD001127,CUST000495,2018-06-14,Referral,0,0
LEAD001128,CUST005518,2017-10-27,Referral,0,0
LEAD001129,CUST008688,2018-09-26,Email,1,0
LEAD001130,CUST003833,2017-10-16,Marketplace,1,0
LEAD001131,CUST007410,2017-09-05,Email,0,0
LEAD001132,CUST000478,2018-04-19,Organic,0,0
LEAD001133,CUST005217,2017-10-04,Paid Search,1,1
LEAD001134,CUST006160,2018-01-18,Paid Search,0,0
LEAD001135,CUST008851,2018-01-20,Referral,1,0
LEAD001136,CUST007749,2017-06-16,Referral,1,1
LEAD001137,CUST002799,2018-09-03,Social,0,0
LEAD001138,CUST002949,2018-03-23,Email,0,0
LEAD001139,CUST005966,2018-09-01,Referral,0,0
LEAD001140,CUST006098,2017-04-28,Email,0,0
LEAD001141,CUST002041,2018-05-10,Organic,1,0
LEAD001142,CUST005398,2018-08-18,Paid Search,0,0
LEAD001143,CUST002840,2017-04-03,Email,1,0
LEAD001144,CUST006988,2017-11-25,Organic,0,0
LEAD001145,CUST008482,2018-01-04,Paid Search,0,0
LEAD001146,CUST003424,2018-09-24,Marketplace,1,0
LEAD001147,CUST001014,2018-01-20,Social,0,0
LEAD001148,CUST008250,2018-05-10,Social,0,0
LEAD001149,CUST007831,2017-11-19,Marketplace,1,1
LEAD001150,CUST007333,2018-01-06,Paid Search,1,0
LEAD001151,CUST008345,2018-05-16,Marketplace,1,0
LEAD001152,CUST002855,2017-06-02,Marketplace,0,0
LEAD001153,CUST000896,2017-11-22,Social,1,1
LEAD001154,CUST004111,2018-03-20,Referral,0,0
LEAD001155,CUST007898,2018-09-25,Social,1,1
LEAD001156,CUST004408,2017-02-22,Referral,1,1
LEAD001157,CUST004697,2018-06-12,Organic,1,0
LEAD001158,CUST004387,2017-09-09,Marketplace,1,0
LEAD001159,CUST005032,2018-07-27,Referral,0,0
LEAD001160,CUST005992,2017-11-06,Social,0,0
LEAD001161,CUST004564,2017-02-02,Referral,0,0
LEAD001162,CUST008289,2017-08-01,Organic,1,0
LEAD001163,CUST002669,2017-09-26,Email,0,0
LEAD001164,CUST004030,2018-05-18,Paid Search,0,0
LEAD001165,CUST009915,2017-12-08,Referral,0,0
LEAD001166,CUST005132,2018-06-09,Marketplace,1,0
LEAD001167,CUST007319,2017-05-19,Organic,0,0
LEAD001168,CUST001419,2018-02-02,Marketplace,1,0
LEAD001169,CUST002916,2017-02-14,Referral,1,1
LEAD001170,CUST004348,2018-08-01,Email,1,1
LEAD001171,CUST002635,2018-07-26,Social,0,0
LEAD001172,CUST001238,2018-06-25,Email,0,0
LEAD001173,CUST004395,2018-04-22,Referral,0,0
LEAD001174,CUST002624,2018-03-08,Paid Search,0,0
LEAD001175,CUST002856,2018-05-26,Social,0,0
LEAD001176,CUST004591,2018-06-13,Email,0,0
LEAD001177,CUST004488,2017-05-22,Referral,1,0
LEAD001178,CUST009817,2018-08-02,Organic,0,0
LEAD001179,CUST009292,2018-05-13,Email,1,0
LEAD001180,CUST004117,2018-08-09,Marketplace,0,0
LEAD001181,CUST003316,2017-04-23,Paid Search,0,0
LEAD001182,CUST003760,2017-03-08,Referral,0,0
LEAD001183,CUST000921,2018-03-04,Paid Search,0,0
LEAD001184,CUST003272,2017-10-24,Paid Search,0,0
LEAD001185,CUST003207,2017-08-06,Marketplace,0,0
LEAD001186,CUST006397,2017-04-17,Email,0,0
LEAD001187,CUST007715,2018-01-29,Referral,1,0
LEAD001188,CUST001075,2017-12-10,Referral,1,0
LEAD001189,CUST000979,2018-09-08,Email,0,0
LEAD001190,CUST007471,2018-05-01,Email,0,0
LEAD001191,CUST001957,2017-07-14,Paid Search,1,0
LEAD001192,CUST006375,2018-06-30,Social,0,0
LEAD001193,CUST005332,2018-04-09,Social,0,0
LEAD001194,CUST007844,2017-11-17,Referral,0,0
LEAD001195,CUST002540,2017-10-28,Paid Search,1,0
LEAD001196,CUST001221,2018-08-17,Organic,0,0
LEAD001197,CUST000685,2018-04-01,Organic,1,0
LEAD001198,CUST002481,2017-04-14,Marketplace,1,0
LEAD001199,CUST000815,2017-03-07,Organic,1,1
LEAD001200,CUST009681,2018-03-11,Email,0,0
LEAD001201,CUST007836,2018-07-13,Referral,0,0
LEAD001202,CUST009303,2017-07-21,Paid Search,1,1
LEAD001203,CUST002085,2018-09-12,Organic,0,0
LEAD001204,CUST004463,2018-01-11,Paid Search,1,0
LEAD001205,CUST001167,2017-01-02,Email,0,0
LEAD001206,CUST003797,2017-03-23,Paid Search,0,0
LEAD001207,CUST007570,2017-05-29,Social,1,0
LEAD001208,CUST003366,2017-07-23,Organic,0,0
LEAD001209,CUST006058,2017-07-28,Email,0,0
LEAD001210,CUST008608,2018-01-05,Social,0,0
LEAD001211,CUST003907,2017-03-20,Marketplace,0,0
LEAD001212,CUST000841,2017-07-28,Marketplace,0,0
LEAD001213,CUST004375,2017-04-01,Marketplace,1,1
LEAD001214,CUST007548,2018-08-26,Email,0,0
LEAD001215,CUST001095,2017-05-10,Referral,0,0
LEAD001216,CUST002205,2017-09-11,Referral,1,1
LEAD001217,CUST004601,2018-06-24,Social,1,1
LEAD001218,CUST006057,2018-03-15,Email,0,0
LEAD001219,CUST007597,2018-09-27,Social,0,0
LEAD001220,CUST006366,2018-06-28,Organic,1,1
LEAD001221,CUST004326,2017-07-27,Referral,1,1
LEAD001222,CUST001585,2018-05-24,Organic,0,0
LEAD001223,CUST000065,2017-03-14,Marketplace,0,0
LEAD001224,CUST006299,2017-01-29,Marketplace,1,1
LEAD001225,CUST006428,2017-07-30,Referral,1,0
LEAD001226,CUST005794,2018-01-09,Referral,1,0
LEAD001227,CUST008997,2017-07-04,Marketplace,0,0
LEAD001228,CUST006982,2018-08-29,Social,1,1
LEAD001229,CUST001516,2017-09-16,Referral,0,0
LEAD001230,CUST002211,2017-06-26,Referral,1,0
LEAD001231,CUST004561,2017-03-16,Email,0,0
LEAD001232,CUST001523,2018-09-12,Social,1,1
LEAD001233,CUST001484,2017-12-31,Social,0,0
LEAD001234,CUST007207,2017-04-20,Email,1,0
LEAD001235,CUST001461,2018-07-22,Paid Search,1,1
LEAD001236,CUST000439,2017-06-05,Paid Search,1,0
LEAD001237,CUST000192,2018-05-08,Marketplace,1,0
LEAD001238,CUST004783,2018-01-25,Referral,0,0
LEAD001239,CUST007757,2018-02-07,Social,1,0
LEAD001240,CUST000218,2017-12-05,Email,1,1
LEAD001241,CUST002247,2018-08-16,Marketplace,1,1
LEAD001242,CUST005121,2018-04-16,Referral,0,0
LEAD001243,CUST004332,2017-09-27,Organic,0,0
LEAD001244,CUST001774,2017-04-18,Marketplace,0,0
LEAD001245,CUST007122,2017-07-04,Paid Search,1,0
LEAD001246,CUST005118,2018-09-01,Organic,0,0
LEAD001247,CUST001764,2017-10-28,Organic,1,1
LEAD001248,CUST001991,2017-06-07,Organic,1,0
LEAD001249,CUST000653,2017-05-29,Paid Search,1,0
LEAD001250,CUST009539,2017-06-01,Email,0,0
LEAD001251,CUST005941,2018-07-25,Email,0,0
LEAD001252,CUST007251,2017-08-28,Paid Search,0,0
LEAD001253,CUST001843,2017-01-24,Paid Search,0,0
LEAD001254,CUST000037,2018-07-31,Referral,1,1
LEAD001255,CUST003145,2018-05-04,Email,1,0
LEAD001256,CUST000428,2018-03-26,Referral,0,0
LEAD001257,CUST000123,2017-06-25,Email,1,0
LEAD001258,CUST005140,2017-09-10,Paid Search,0,0
LEAD001259,CUST000016,2018-07-15,Referral,1,1
LEAD001260,CUST009332,2017-05-17,Organic,0,0
LEAD001261,CUST008808,2018-01-31,Email,0,0
LEAD001262,CUST008734,2018-07-18,Marketplace,1,1
LEAD001263,CUST006359,2017-05-03,Marketplace,0,0
LEAD001264,CUST000682,2017-08-31,Marketplace,1,0
LEAD001265,CUST004659,2017-04-07,Email,1,0
LEAD001266,CUST008007,2017-01-27,Social,0,0
LEAD001267,CUST006841,2017-05-24,Referral,0,0
LEAD001268,CUST006370,2017-02-25,Referral,1,0
LEAD001269,CUST007789,2018-03-02,Paid Search,0,0
LEAD001270,CUST009668,2018-06-22,Paid Search,0,0
LEAD001271,CUST000458,2018-05-14,Email,0,0
LEAD001272,CUST008169,2017-01-30,Social,1,0
LEAD001273,CUST002675,2018-07-06,Paid Search,1,0
LEAD001274,CUST008443,2018-03-08,Organic,0,0
LEAD001275,CUST001740,2017-03-15,Social,0,0
LEAD001276,CUST009520,2017-05-23,Email,1,0
LEAD001277,CUST008051,2017-03-08,Social,1,0
LEAD001278,CUST004850,2018-01-18,Referral,1,0
LEAD001279,CUST005310,2017-07-29,Paid Search,0,0
LEAD001280,CUST002780,2017-03-02,Marketplace,0,0
LEAD001281,CUST007288,2018-06-11,Organic,1,0
LEAD001282,CUST001261,2017-03-04,Email,0,0
LEAD001283,CUST005399,2017-04-14,Organic,1,0
LEAD001284,CUST005923,2017-07-19,Social,1,1
LEAD001285,CUST005358,2017-04-27,Referral,0,0
LEAD001286,CUST004371,2017-01-26,Organic,1,1
LEAD001287,CUST002207,2017-01-09,Social,1,1
LEAD001288,CUST006802,2017-01-21,Email,1,1
LEAD001289,CUST004324,2018-02-07,Email,1,1
LEAD001290,CUST005833,2018-07-18,Referral,1,0
LEAD001291,CUST003713,2017-04-15,Paid Search,0,0
LEAD001292,CUST000917,2017-02-21,Email,0,0
LEAD001293,CUST001887,2017-02-07,Referral,0,0
LEAD001294,CUST008626,2017-08-27,Marketplace,0,0
LEAD001295,CUST000094,2017-10-22,Marketplace,0,0
LEAD001296,CUST006444,2017-09-24,Organic,0,0
LEAD001297,CUST007959,2017-06-19,Paid Search,1,0
LEAD001298,CUST007199,2017-11-26,Referral,1,1
LEAD001299,CUST005617,2018-04-02,Referral,0,0
LEAD001300,CUST003535,2018-04-10,Email,1,0
LEAD001301,CUST003240,2018-06-24,Organic,0,0
LEAD001302,CUST007513,2017-08-25,Organic,1,1
LEAD001303,CUST003034,2018-03-21,Referral,0,0
LEAD001304,CUST006104,2017-02-27,Organic,1,1
LEAD001305,CUST002899,2018-01-06,Paid Search,1,1
LEAD001306,CUST002677,2018-03-11,Email,0,0
LEAD001307,CUST002583,2018-01-31,Referral,1,1
LEAD001308,CUST001533,2017-08-08,Referral,0,0
LEAD001309,CUST004989,2017-03-10,Marketplace,0,0
LEAD001310,CUST007643,2018-04-22,Marketplace,1,0
LEAD001311,CUST007767,2018-05-07,Social,0,0
LEAD001312,CUST009428,2017-01-05,Social,0,0
LEAD001313,CUST006643,2017-07-27,Social,1,1
LEAD001314,CUST009767,2017-06-04,Organic,1,0
LEAD001315,CUST009010,2017-05-31,Paid Search,1,0
LEAD001316,CUST005826,2018-05-16,Paid Search,1,0
LEAD001317,CUST000794,2017-07-28,Paid Search,0,0
LEAD001318,CUST006829,2018-03-20,Email,0,0
LEAD001319,CUST006898,2017-10-05,Organic,0,0
LEAD001320,CUST000882,2018-03-17,Organic,0,0
LEAD001321,CUST009039,2017-03-26,Marketplace,1,0
LEAD001322,CUST002058,2018-07-22,Social,0,0
LEAD001323,CUST008846,2017-08-30,Marketplace,1,0
LEAD001324,CUST001966,2017-05-06,Email,1,1
LEAD001325,CUST009056,2018-09-24,Email,0,0
LEAD001326,CUST001603,2017-12-11,Referral,1,1
LEAD001327,CUST000279,2017-06-08,Social,0,0
LEAD001328,CUST008596,2017-02-11,Paid Search,1,1
LEAD001329,CUST002902,2018-02-06,Paid Search,1,0
LEAD001330,CUST003273,2017-08-16,Referral,1,0
LEAD001331,CUST005020,2018-01-05,Email,0,0
LEAD001332,CUST008633,2017-11-22,Marketplace,1,0
LEAD001333,CUST008869,2018-07-08,Paid Search,1,1
LEAD001334,CUST007952,2017-02-10,Social,0,0
LEAD001335,CUST006852,2017-04-01,Social,0,0
LEAD001336,CUST000597,2017-10-08,Marketplace,0,0
LEAD001337,CUST009868,2017-07-16,Organic,0,0
LEAD001338,CUST002133,2017-12-18,Organic,1,0
LEAD001339,CUST005533,2017-12-22,Social,1,0
LEAD001340,CUST008618,2018-07-05,Social,1,0
LEAD001341,CUST006244,2017-08-30,Paid Search,0,0
LEAD001342,CUST008095,2018-03-16,Referral,0,0
LEAD001343,CUST001096,2017-03-01,Paid Search,1,0
LEAD001344,CUST002578,2017-09-23,Marketplace,0,0
LEAD001345,CUST004450,2017-10-21,Referral,0,0
LEAD001346,CUST006194,2017-07-30,Social,1,1
LEAD001347,CUST007310,2018-09-15,Marketplace,1,1
LEAD001348,CUST007470,2017-09-06,Marketplace,0,0
LEAD001349,CUST003364,2017-07-15,Social,1,0
LEAD001350,CUST002079,2017-11-09,Social,0,0
LEAD001351,CUST008617,2017-04-30,Social,1,0
LEAD001352,CUST009265,2017-04-12,Social,0,0
LEAD001353,CUST007284,2018-06-10,Marketplace,1,0
LEAD001354,CUST004918,2017-06-22,Paid Search,0,0
LEAD001355,CUST008656,2018-04-22,Organic,1,0
LEAD001356,CUST006094,2017-05-22,Paid Search,0,0
LEAD001357,CUST006889,2017-01-13,Email,0,0
LEAD001358,CUST000836,2018-01-25,Organic,0,0
LEAD001359,CUST000897,2018-02-05,Paid Search,1,0
LEAD001360,CUST004364,2017-09-14,Marketplace,0,0
LEAD001361,CUST009269,2017-02-04,Social,1,0
LEAD001362,CUST009851,2017-04-06,Referral,1,0
LEAD001363,CUST004917,2018-08-26,Social,0,0
LEAD001364,CUST004536,2017-05-27,Social,0,0
LEAD001365,CUST002802,2017-12-08,Marketplace,1,1
LEAD001366,CUST001348,2018-03-13,Organic,1,0
LEAD001367,CUST009853,2017-09-09,Social,0,0
LEAD001368,CUST001709,2018-01-30,Social,1,0
LEAD001369,CUST001546,2017-11-25,Email,0,0
LEAD001370,CUST007724,2018-04-09,Referral,1,0
LEAD001371,CUST007792,2018-01-06,Email,1,0
LEAD001372,CUST009959,2017-01-28,Paid Search,1,0
LEAD001373,CUST001391,2018-08-29,Social,0,0
LEAD001374,CUST003839,2018-07-26,Organic,1,0
LEAD001375,CUST000479,2017-10-23,Organic,0,0
LEAD001376,CUST000589,2017-11-24,Referral,0,0
LEAD001377,CUST008399,2017-03-20,Social,1,0
LEAD001378,CUST009468,2018-02-02,Social,0,0
LEAD001379,CUST009481,2018-03-26,Marketplace,0,0
LEAD001380,CUST008880,2018-04-23,Email,1,0
LEAD001381,CUST007886,2017-07-27,Paid Search,0,0
LEAD001382,CUST000164,2018-01-20,Social,1,0
LEAD001383,CUST004959,2017-02-13,Email,1,1
LEAD001384,CUST002953,2018-08-13,Email,0,0
LEAD001385,CUST004992,2017-07-23,Referral,1,1
LEAD001386,CUST004328,2018-09-11,Organic,0,0
LEAD001387,CUST001507,2018-01-13,Marketplace,0,0
LEAD001388,CUST009368,2017-03-29,Marketplace,0,0
LEAD001389,CUST003098,2017-10-11,Marketplace,1,0
LEAD001390,CUST007593,2017-03-27,Email,0,0
LEAD001391,CUST000625,2017-05-17,Email,1,1
LEAD001392,CUST001287,2018-09-27,Organic,1,1
LEAD001393,CUST001934,2017-07-04,Marketplace,0,0
LEAD001394,CUST003037,2017-06-27,Email,1,0
LEAD001395,CUST005868,2017-06-20,Organic,1,1
LEAD001396,CUST001384,2017-07-10,Paid Search,0,0
LEAD001397,CUST004731,2017-03-11,Marketplace,0,0
LEAD001398,CUST002996,2018-09-18,Paid Search,0,0
LEAD001399,CUST001573,2018-07-03,Marketplace,1,1
LEAD001400,CUST006381,2017-10-14,Paid Search,0,0
LEAD001401,CUST004128,2017-05-22,Email,0,0
LEAD001402,CUST001051,2017-04-22,Email,0,0
LEAD001403,CUST002800,2018-01-07,Social,1,0
LEAD001404,CUST001714,2017-04-01,Social,0,0
LEAD001405,CUST005432,2018-07-25,Email,0,0
LEAD001406,CUST009789,2017-10-13,Organic,1,0
LEAD001407,CUST009504,2017-04-16,Paid Search,0,0
LEAD001408,CUST005076,2018-04-16,Organic,1,0
LEAD001409,CUST004289,2018-05-07,Organic,1,1
LEAD001410,CUST007530,2017-01-21,Email,1,0
LEAD001411,CUST005399,2017-09-21,Social,1,0
LEAD001412,CUST006219,2017-06-13,Referral,0,0
LEAD001413,CUST008388,2017-01-11,Marketplace,0,0
LEAD001414,CUST000247,2018-07-14,Email,0,0
LEAD001415,CUST006335,2018-02-01,Email,1,0
LEAD001416,CUST005968,2018-09-09,Email,0,0
LEAD001417,CUST009420,2017-07-22,Organic,0,0
LEAD001418,CUST002045,2017-09-23,Social,1,1
LEAD001419,CUST002066,2017-11-03,Referral,0,0
LEAD001420,CUST002020,2017-04-16,Organic,1,0
LEAD001421,CUST001550,2017-10-11,Organic,1,0
LEAD001422,CUST001241,2017-05-21,Email,0,0
LEAD001423,CUST009757,2017-12-01,Organic,0,0
LEAD001424,CUST000206,2018-09-30,Organic,0,0
LEAD001425,CUST006167,2017-09-07,Email,1,1
LEAD001426,CUST003514,2018-07-17,Email,0,0
LEAD001427,CUST007061,2018-02-19,Email,1,0
LEAD001428,CUST000477,2017-12-16,Email,0,0
LEAD001429,CUST004668,2018-09-22,Social,0,0
LEAD001430,CUST006150,2017-09-20,Email,1,0
LEAD001431,CUST009773,2017-09-22,Marketplace,0,0
LEAD001432,CUST008416,2017-05-28,Organic,0,0
LEAD001433,CUST001288,2018-04-20,Social,0,0
LEAD001434,CUST001703,2018-03-26,Referral,1,0
LEAD001435,CUST001407,2018-06-22,Referral,0,0
LEAD001436,CUST002612,2018-01-06,Paid Search,0,0
LEAD001437,CUST003700,2018-03-12,Email,0,0
LEAD001438,CUST002180,2017-01-24,Email,0,0
LEAD001439,CUST001477,2018-04-09,Marketplace,0,0
LEAD001440,CUST005436,2017-07-05,Social,0,0
LEAD001441,CUST002611,2017-09-02,Referral,1,0
LEAD001442,CUST006458,2017-06-23,Organic,0,0
LEAD001443,CUST002093,2017-12-11,Email,0,0
LEAD001444,CUST001409,2017-06-25,Email,1,0
LEAD001445,CUST001208,2018-05-27,Marketplace,1,0
LEAD001446,CUST009017,2018-06-07,Marketplace,0,0
LEAD001447,CUST007514,2017-10-20,Marketplace,0,0
LEAD001448,CUST004150,2018-01-01,Social,1,0
LEAD001449,CUST005932,2017-02-25,Paid Search,1,1
LEAD001450,CUST009674,2018-07-19,Social,0,0
LEAD001451,CUST009250,2017-06-23,Email,1,1
LEAD001452,CUST007428,2017-12-29,Paid Search,0,0
LEAD001453,CUST006259,2017-10-23,Referral,1,0
LEAD001454,CUST002018,2017-09-08,Paid Search,0,0
LEAD001455,CUST000738,2018-02-04,Email,1,1
LEAD001456,CUST006126,2017-08-20,Organic,0,0
LEAD001457,CUST003323,2018-01-17,Marketplace,0,0
LEAD001458,CUST003174,2017-12-22,Email,1,0
LEAD001459,CUST004304,2017-02-04,Marketplace,0,0
LEAD001460,CUST003528,2018-02-22,Email,1,0
LEAD001461,CUST007036,2018-03-03,Referral,0,0
LEAD001462,CUST001487,2017-10-25,Email,1,0
LEAD001463,CUST005919,2018-09-06,Email,1,0
LEAD001464,CUST005096,2017-10-05,Organic,1,0
LEAD001465,CUST004454,2018-09-14,Organic,1,0
LEAD001466,CUST008785,2018-03-30,Referral,0,0
LEAD001467,CUST006217,2018-03-28,Marketplace,1,1
LEAD001468,CUST002502,2017-10-22,Email,1,0
LEAD001469,CUST003207,2017-02-12,Referral,1,0
LEAD001470,CUST006297,2018-03-03,Referral,0,0
LEAD001471,CUST005183,2018-09-15,Paid Search,0,0
LEAD001472,CUST002410,2018-06-10,Referral,0,0
LEAD001473,CUST006774,2018-01-25,Referral,0,0
LEAD001474,CUST008217,2017-09-11,Referral,0,0
LEAD001475,CUST002161,2018-02-11,Email,1,0
LEAD001476,CUST004300,2018-09-05,Social,1,1
LEAD001477,CUST003822,2018-03-26,Organic,0,0
LEAD001478,CUST001955,2017-06-03,Referral,1,0
LEAD001479,CUST002777,2017-08-04,Email,0,0
LEAD001480,CUST002000,2018-04-14,Paid Search,0,0
LEAD001481,CUST001879,2018-09-30,Marketplace,0,0
LEAD001482,CUST002636,2017-12-13,Organic,0,0
LEAD001483,CUST001693,2018-02-22,Marketplace,1,1
LEAD001484,CUST007875,2018-01-10,Organic,0,0
LEAD001485,CUST003596,2017-05-30,Organic,0,0
LEAD001486,CUST004053,2017-04-14,Paid Search,1,0
LEAD001487,CUST003393,2018-09-30,Referral,0,0
LEAD001488,CUST002968,2017-06-15,Email,1,0
LEAD001489,CUST008971,2018-05-26,Email,1,1
LEAD001490,CUST002517,2017-03-16,Paid Search,1,0
LEAD001491,CUST008250,2017-03-28,Marketplace,0,0
LEAD001492,CUST009572,2018-03-26,Organic,1,0
LEAD001493,CUST001859,2017-11-04,Social,0,0
LEAD001494,CUST004235,2018-09-14,Email,1,1
LEAD001495,CUST009149,2018-07-06,Email,1,0
LEAD001496,CUST006337,2017-07-22,Social,1,0
LEAD001497,CUST000175,2018-09-19,Referral,1,1
LEAD001498,CUST001931,2018-08-30,Paid Search,0,0
LEAD001499,CUST005120,2018-01-24,Referral,0,0
LEAD001500,CUST003615,2017-07-30,Organic,0,0
LEAD001501,CUST004298,2017-12-04,Email,0,0
LEAD001502,CUST001686,2017-03-13,Marketplace,0,0
LEAD001503,CUST005129,2018-08-08,Social,1,0
LEAD001504,CUST005905,2017-11-27,Marketplace,1,1
LEAD001505,CUST002317,2018-04-21,Organic,1,1
LEAD001506,CUST007623,2017-09-27,Paid Search,1,0
LEAD001507,CUST001090,2017-11-18,Email,1,0
LEAD001508,CUST003089,2018-01-18,Marketplace,1,0
LEAD001509,CUST003649,2017-04-29,Paid Search,0,0
LEAD001510,CUST003308,2017-02-04,Referral,0,0
LEAD001511,CUST007297,2017-10-30,Referral,1,0
LEAD001512,CUST001710,2017-08-11,Paid Search,1,1
LEAD001513,CUST004161,2017-08-23,Social,0,0
LEAD001514,CUST009519,2017-04-04,Marketplace,0,0
LEAD001515,CUST005322,2017-10-25,Organic,1,0
LEAD001516,CUST004848,2017-02-15,Paid Search,0,0
LEAD001517,CUST005331,2018-09-23,Email,0,0
LEAD001518,CUST004076,2018-09-08,Referral,0,0
LEAD001519,CUST007248,2018-07-17,Paid Search,1,0
LEAD001520,CUST001568,2017-11-07,Organic,0,0
LEAD001521,CUST008952,2017-10-13,Organic,1,0
LEAD001522,CUST009358,2018-08-19,Organic,0,0
LEAD001523,CUST003690,2017-01-14,Social,1,1
LEAD001524,CUST007900,2017-10-28,Paid Search,1,0
LEAD001525,CUST001593,2017-07-21,Organic,0,0
LEAD001526,CUST008951,2018-08-27,Paid Search,1,1
LEAD001527,CUST003727,2018-01-08,Paid Search,1,0
LEAD001528,CUST008494,2017-02-19,Social,1,1
LEAD001529,CUST000644,2018-06-01,Organic,0,0
LEAD001530,CUST004324,2017-05-09,Referral,0,0
LEAD001531,CUST009822,2018-06-03,Marketplace,0,0
LEAD001532,CUST003997,2018-05-24,Marketplace,1,1
LEAD001533,CUST008464,2017-07-20,Marketplace,1,1
LEAD001534,CUST000306,2018-06-16,Referral,0,0
LEAD001535,CUST007849,2018-09-22,Email,0,0
LEAD001536,CUST002756,2018-09-22,Social,1,0
LEAD001537,CUST005569,2018-07-16,Email,0,0
LEAD001538,CUST004089,2017-12-17,Marketplace,0,0
LEAD001539,CUST001766,2018-05-12,Paid Search,0,0
LEAD001540,CUST001894,2018-06-23,Marketplace,1,0
LEAD001541,CUST002906,2017-08-28,Paid Search,0,0
LEAD001542,CUST004813,2017-08-16,Email,0,0
LEAD001543,CUST000220,2018-05-11,Paid Search,1,0
LEAD001544,CUST008699,2018-07-29,Referral,0,0
LEAD001545,CUST003392,2018-02-24,Email,1,1
LEAD001546,CUST008027,2018-03-07,Marketplace,0,0
LEAD001547,CUST005976,2017-08-13,Organic,1,0
LEAD001548,CUST005012,2018-01-27,Email,1,0
LEAD001549,CUST007966,2017-06-13,Paid Search,0,0
LEAD001550,CUST003981,2017-09-07,Email,0,0
LEAD001551,CUST005976,2017-07-05,Organic,0,0
LEAD001552,CUST001562,2018-04-05,Email,1,0
LEAD001553,CUST007616,2017-07-23,Social,0,0
LEAD001554,CUST001346,2018-05-13,Organic,1,1
LEAD001555,CUST000210,2017-05-14,Referral,0,0
LEAD001556,CUST002705,2017-10-18,Marketplace,0,0
LEAD001557,CUST006839,2017-08-21,Social,0,0
LEAD001558,CUST001912,2018-08-09,Marketplace,1,0
LEAD001559,CUST004308,2017-02-15,Referral,0,0
LEAD001560,CUST006922,2017-08-09,Email,1,0
LEAD001561,CUST001478,2018-02-25,Referral,0,0
LEAD001562,CUST009076,2018-04-13,Paid Search,1,1
LEAD001563,CUST001945,2018-03-06,Marketplace,0,0
LEAD001564,CUST001225,2017-02-05,Marketplace,1,0
LEAD001565,CUST003988,2017-05-19,Marketplace,1,0
LEAD001566,CUST003703,2017-06-27,Referral,0,0
LEAD001567,CUST006026,2017-01-18,Marketplace,0,0
LEAD001568,CUST003829,2017-07-31,Paid Search,1,0
LEAD001569,CUST007492,2018-07-15,Organic,0,0
LEAD001570,CUST006731,2017-09-29,Marketplace,0,0
LEAD001571,CUST007391,2018-09-27,Marketplace,1,0
LEAD001572,CUST009961,2017-02-25,Social,0,0
LEAD001573,CUST005248,2017-02-08,Marketplace,0,0
LEAD001574,CUST002994,2017-02-02,Organic,1,0
LEAD001575,CUST009000,2017-07-02,Referral,0,0
LEAD001576,CUST002213,2017-08-25,Paid Search,1,0
LEAD001577,CUST007652,2018-02-28,Social,1,1
LEAD001578,CUST008367,2017-02-02,Marketplace,1,0
LEAD001579,CUST000926,2017-10-03,Organic,1,0
LEAD001580,CUST004423,2017-03-29,Paid Search,0,0
LEAD001581,CUST000220,2017-06-05,Referral,1,1
LEAD001582,CUST008890,2017-07-09,Referral,1,1
LEAD001583,CUST003567,2017-10-20,Referral,0,0
LEAD001584,CUST002763,2017-02-08,Organic,1,0
LEAD001585,CUST002860,2017-07-05,Paid Search,0,0
LEAD001586,CUST005524,2018-04-02,Referral,0,0
LEAD001587,CUST005272,2017-05-06,Paid Search,0,0
LEAD001588,CUST008655,2018-01-10,Social,1,0
LEAD001589,CUST000317,2018-02-11,Social,1,0
LEAD001590,CUST002520,2017-03-27,Referral,0,0
LEAD001591,CUST003092,2018-01-03,Marketplace,1,1
LEAD001592,CUST006492,2017-05-03,Organic,0,0
LEAD001593,CUST008587,2018-05-05,Referral,1,0
LEAD001594,CUST008917,2017-04-22,Referral,1,0
LEAD001595,CUST000262,2017-11-12,Organic,0,0
LEAD001596,CUST005275,2017-05-10,Email,1,0
LEAD001597,CUST007837,2017-11-13,Email,1,0
LEAD001598,CUST004107,2018-01-03,Organic,1,0
LEAD001599,CUST003303,2017-12-11,Organic,0,0
LEAD001600,CUST003749,2018-08-21,Email,1,0
LEAD001601,CUST009989,2017-02-24,Paid Search,0,0
LEAD001602,CUST008253,2018-01-09,Social,1,0
LEAD001603,CUST007323,2017-03-13,Referral,1,0
LEAD001604,CUST006537,2017-06-29,Referral,1,0
LEAD001605,CUST001206,2018-06-26,Marketplace,1,1
LEAD001606,CUST005993,2017-06-22,Email,0,0
LEAD001607,CUST006049,2018-08-30,Referral,1,0
LEAD001608,CUST009105,2018-06-16,Email,1,0
LEAD001609,CUST008317,2018-07-04,Marketplace,0,0
LEAD001610,CUST004287,2017-12-20,Paid Search,1,0
LEAD001611,CUST005027,2017-03-14,Referral,1,0
LEAD001612,CUST002478,2018-01-07,Referral,1,0
LEAD001613,CUST004013,2018-03-21,Paid Search,0,0
LEAD001614,CUST006277,2018-01-08,Referral,1,1
LEAD001615,CUST001710,2018-09-04,Paid Search,1,1
LEAD001616,CUST007234,2017-05-31,Organic,1,1
LEAD001617,CUST004943,2018-03-01,Organic,0,0
LEAD001618,CUST005051,2018-08-26,Paid Search,1,0
LEAD001619,CUST004142,2017-05-09,Paid Search,0,0
LEAD001620,CUST008297,2018-06-11,Paid Search,1,0
LEAD001621,CUST008691,2017-11-09,Marketplace,1,0
LEAD001622,CUST008383,2017-07-19,Email,1,0
LEAD001623,CUST007005,2018-02-15,Paid Search,0,0
LEAD001624,CUST002490,2017-04-13,Email,0,0
LEAD001625,CUST000860,2017-04-11,Email,0,0
LEAD001626,CUST005673,2017-12-18,Organic,1,1
LEAD001627,CUST008267,2018-03-06,Marketplace,1,0
LEAD001628,CUST000102,2018-05-30,Social,0,0
LEAD001629,CUST006966,2017-09-14,Social,1,1
LEAD001630,CUST001223,2018-03-08,Marketplace,0,0
LEAD001631,CUST007786,2017-10-25,Social,0,0
LEAD001632,CUST004859,2017-10-11,Marketplace,1,0
LEAD001633,CUST007259,2017-03-15,Marketplace,0,0
LEAD001634,CUST001142,2017-09-15,Paid Search,0,0
LEAD001635,CUST004097,2017-08-27,Email,0,0
LEAD001636,CUST006281,2018-04-11,Organic,0,0
LEAD001637,CUST003650,2017-09-06,Email,1,1
LEAD001638,CUST009916,2018-02-22,Paid Search,1,1
LEAD001639,CUST003792,2017-07-03,Organic,0,0
LEAD001640,CUST000343,2018-05-17,Paid Search,0,0
LEAD001641,CUST003882,2017-04-15,Marketplace,0,0
LEAD001642,CUST004282,2018-03-16,Referral,0,0
LEAD001643,CUST005085,2017-12-21,Organic,0,0
LEAD001644,CUST000224,2017-12-17,Marketplace,0,0
LEAD001645,CUST000988,2018-01-31,Referral,0,0
LEAD001646,CUST000476,2017-06-15,Referral,0,0
LEAD001647,CUST004480,2018-08-21,Referral,0,0
LEAD001648,CUST002939,2017-11-30,Organic,0,0
LEAD001649,CUST007015,2017-08-18,Marketplace,1,0
LEAD001650,CUST000549,2017-12-21,Email,0,0
LEAD001651,CUST000801,2017-04-29,Social,1,1
LEAD001652,CUST005635,2017-03-14,Paid Search,0,0
LEAD001653,CUST003519,2017-11-13,Marketplace,0,0
LEAD001654,CUST003185,2017-08-18,Referral,0,0
LEAD001655,CUST007070,2018-06-28,Social,1,1
LEAD001656,CUST008124,2018-05-14,Social,1,0
LEAD001657,CUST003294,2018-05-30,Marketplace,0,0
LEAD001658,CUST009540,2017-03-07,Paid Search,1,0
LEAD001659,CUST003038,2018-02-11,Social,0,0
LEAD001660,CUST003056,2018-06-25,Social,1,1
LEAD001661,CUST005846,2017-08-28,Social,0,0
LEAD001662,CUST007498,2017-10-26,Paid Search,0,0
LEAD001663,CUST004978,2017-03-30,Email,0,0
LEAD001664,CUST000016,2017-05-09,Paid Search,0,0
LEAD001665,CUST004240,2017-10-27,Paid Search,0,0
LEAD001666,CUST003628,2018-06-07,Social,1,1
LEAD001667,CUST001050,2017-09-11,Marketplace,1,0
LEAD001668,CUST000796,2017-09-11,Paid Search,0,0
LEAD001669,CUST006188,2017-04-24,Social,1,0
LEAD001670,CUST004237,2018-07-07,Paid Search,1,0
LEAD001671,CUST005346,2017-04-09,Social,1,1
LEAD001672,CUST006172,2018-09-24,Social,0,0
LEAD001673,CUST007083,2018-04-11,Organic,1,1
LEAD001674,CUST003753,2018-01-20,Organic,1,0
LEAD001675,CUST002734,2017-03-06,Referral,1,0
LEAD001676,CUST005177,2018-08-08,Social,0,0
LEAD001677,CUST001161,2017-10-27,Email,0,0
LEAD001678,CUST006788,2017-03-02,Referral,0,0
LEAD001679,CUST001353,2017-02-26,Paid Search,1,0
LEAD001680,CUST000864,2017-09-05,Social,0,0
LEAD001681,CUST005466,2017-01-16,Email,1,0
LEAD001682,CUST004681,2018-02-12,Organic,0,0
LEAD001683,CUST000451,2017-04-30,Social,0,0
LEAD001684,CUST004183,2018-06-20,Social,1,1
LEAD001685,CUST005998,2017-10-09,Marketplace,1,0
LEAD001686,CUST001477,2017-04-13,Email,0,0
LEAD001687,CUST009308,2017-11-24,Email,1,1
LEAD001688,CUST000916,2018-01-09,Email,1,0
LEAD001689,CUST006079,2017-07-24,Marketplace,1,1
LEAD001690,CUST008117,2018-01-31,Social,0,0
LEAD001691,CUST003860,2018-03-08,Marketplace,1,0
LEAD001692,CUST008917,2017-06-16,Email,0,0
LEAD001693,CUST008830,2017-02-25,Email,0,0
LEAD001694,CUST001889,2018-05-21,Social,0,0
LEAD001695,CUST007229,2017-08-26,Email,0,0
LEAD001696,CUST006747,2018-09-12,Social,0,0
LEAD001697,CUST005851,2017-05-23,Paid Search,0,0
LEAD001698,CUST006514,2017-04-24,Marketplace,0,0
LEAD001699,CUST003199,2018-04-14,Organic,1,0
LEAD001700,CUST009565,2018-06-08,Organic,1,1
LEAD001701,CUST009359,2018-08-24,Organic,0,0
LEAD001702,CUST003814,2018-02-14,Paid Search,1,0
LEAD001703,CUST000898,2017-11-19,Social,0,0
LEAD001704,CUST003964,2017-10-29,Paid Search,0,0
LEAD001705,CUST009668,2017-09-27,Social,1,0
LEAD001706,CUST009835,2017-06-28,Email,1,1
LEAD001707,CUST004123,2017-09-14,Referral,0,0
LEAD001708,CUST002706,2017-11-04,Social,1,0
LEAD001709,CUST000420,2018-07-15,Paid Search,0,0
LEAD001710,CUST008829,2017-09-13,Social,1,0
LEAD001711,CUST004815,2018-05-17,Email,0,0
LEAD001712,CUST007265,2018-07-26,Referral,1,0
LEAD001713,CUST000734,2017-07-18,Social,1,0
LEAD001714,CUST003947,2017-07-24,Paid Search,0,0
LEAD001715,CUST009729,2017-05-27,Paid Search,0,0
LEAD001716,CUST007353,2018-02-27,Referral,1,0
LEAD001717,CUST005436,2017-10-02,Email,0,0
LEAD001718,CUST003578,2018-05-27,Marketplace,0,0
LEAD001719,CUST002142,2017-03-07,Referral,0,0
LEAD001720,CUST006236,2017-05-19,Email,1,0
LEAD001721,CUST006931,2018-08-17,Marketplace,0,0
LEAD001722,CUST008424,2018-09-14,Social,1,0
LEAD001723,CUST001494,2018-08-18,Organic,1,0
LEAD001724,CUST000271,2017-10-20,Organic,1,1
LEAD001725,CUST005888,2018-01-24,Referral,0,0
LEAD001726,CUST003567,2018-01-11,Organic,0,0
LEAD001727,CUST002297,2017-11-04,Organic,0,0
LEAD001728,CUST009312,2017-02-13,Email,0,0
LEAD001729,CUST002824,2017-09-28,Social,1,1
LEAD001730,CUST000070,2017-11-03,Organic,0,0
LEAD001731,CUST004070,2018-03-06,Paid Search,1,1
LEAD001732,CUST005092,2018-04-07,Email,0,0
LEAD001733,CUST003133,2018-05-12,Marketplace,0,0
LEAD001734,CUST004343,2018-04-01,Social,1,0
LEAD001735,CUST000874,2018-09-18,Marketplace,1,1
LEAD001736,CUST007782,2018-07-12,Marketplace,1,0
LEAD001737,CUST003315,2017-12-03,Social,0,0
LEAD001738,CUST000682,2018-04-08,Organic,1,0
LEAD001739,CUST004846,2018-05-03,Organic,0,0
LEAD001740,CUST004577,2018-06-30,Social,0,0
LEAD001741,CUST006852,2018-04-06,Paid Search,0,0
LEAD001742,CUST007620,2018-07-23,Marketplace,1,1
LEAD001743,CUST003739,2017-12-19,Paid Search,1,1
LEAD001744,CUST000396,2017-02-14,Organic,1,0
LEAD001745,CUST000246,2018-01-31,Marketplace,1,1
LEAD001746,CUST008664,2018-09-28,Social,0,0
LEAD001747,CUST007105,2017-05-02,Social,1,1
LEAD001748,CUST000490,2017-04-11,Email,1,1
LEAD001749,CUST004995,2017-10-03,Paid Search,1,1
LEAD001750,CUST005523,2018-03-26,Referral,0,0
LEAD001751,CUST006352,2017-07-17,Organic,1,1
LEAD001752,CUST007103,2017-06-22,Email,0,0
LEAD001753,CUST001910,2017-08-12,Email,1,0
LEAD001754,CUST008640,2017-10-06,Paid Search,1,0
LEAD001755,CUST005064,2017-05-10,Paid Search,1,0
LEAD001756,CUST009665,2017-10-22,Marketplace,1,1
LEAD001757,CUST000091,2018-09-26,Marketplace,0,0
LEAD001758,CUST004369,2017-07-20,Organic,1,1
LEAD001759,CUST003015,2017-12-31,Marketplace,1,1
LEAD001760,CUST002666,2017-12-26,Referral,1,0
LEAD001761,CUST008088,2017-08-21,Social,1,0
LEAD001762,CUST005220,2018-07-12,Marketplace,1,0
LEAD001763,CUST003655,2017-02-27,Email,0,0
LEAD001764,CUST004490,2017-03-11,Marketplace,1,0
LEAD001765,CUST002013,2017-08-31,Marketplace,1,0
LEAD001766,CUST008802,2017-11-12,Email,0,0
LEAD001767,CUST004914,2017-06-30,Referral,0,0
LEAD001768,CUST002965,2017-06-25,Marketplace,1,0
LEAD001769,CUST000072,2018-04-24,Social,1,0
LEAD001770,CUST006062,2017-11-16,Social,1,0
LEAD001771,CUST002202,2018-06-02,Marketplace,1,1
LEAD001772,CUST006013,2017-01-09,Paid Search,1,1
LEAD001773,CUST008972,2018-06-04,Organic,0,0
LEAD001774,CUST007615,2018-03-24,Paid Search,0,0
LEAD001775,CUST004836,2017-04-05,Organic,0,0
LEAD001776,CUST008177,2018-07-20,Referral,0,0
LEAD001777,CUST005802,2018-08-10,Email,0,0
LEAD001778,CUST004183,2017-12-11,Social,0,0
LEAD001779,CUST002898,2017-05-28,Paid Search,1,0
LEAD001780,CUST008617,2017-06-02,Marketplace,1,1
LEAD001781,CUST001603,2017-05-31,Social,1,0
LEAD001782,CUST009520,2018-09-03,Organic,1,1
LEAD001783,CUST006072,2018-01-11,Email,1,1
LEAD001784,CUST005996,2017-06-30,Organic,1,1
LEAD001785,CUST009158,2018-06-26,Referral,0,0
LEAD001786,CUST008515,2017-07-31,Referral,0,0
LEAD001787,CUST007294,2017-06-13,Paid Search,0,0
LEAD001788,CUST004347,2017-11-23,Social,0,0
LEAD001789,CUST002823,2018-02-15,Social,1,0
LEAD001790,CUST002799,2018-03-15,Marketplace,1,0
LEAD001791,CUST001992,2017-02-13,Marketplace,0,0
LEAD001792,CUST004911,2017-04-17,Email,0,0
LEAD001793,CUST002752,2017-10-21,Social,1,1
LEAD001794,CUST008281,2017-09-07,Paid Search,1,0
LEAD001795,CUST006060,2017-05-07,Social,1,1
LEAD001796,CUST005552,2018-08-04,Email,0,0
LEAD001797,CUST007734,2017-04-25,Paid Search,0,0
LEAD001798,CUST003505,2018-07-26,Paid Search,1,0
LEAD001799,CUST009140,2017-07-13,Social,1,1
LEAD001800,CUST004265,2017-05-02,Social,0,0
LEAD001801,CUST008994,2017-01-02,Paid Search,0,0
LEAD001802,CUST009332,2018-03-08,Marketplace,0,0
LEAD001803,CUST009764,2018-03-09,Marketplace,0,0
LEAD001804,CUST009941,2018-09-29,Paid Search,0,0
LEAD001805,CUST003585,2017-04-30,Referral,1,1
LEAD001806,CUST003711,2017-04-16,Marketplace,1,0
LEAD001807,CUST006368,2018-01-26,Organic,0,0
LEAD001808,CUST007485,2018-01-04,Organic,0,0
LEAD001809,CUST009359,2018-08-08,Referral,1,0
LEAD001810,CUST006355,2017-11-06,Referral,1,0
LEAD001811,CUST001228,2018-04-05,Email,1,0
LEAD001812,CUST000789,2018-06-26,Organic,1,0
LEAD001813,CUST007245,2018-07-29,Paid Search,0,0
LEAD001814,CUST003940,2017-08-15,Social,0,0
LEAD001815,CUST002360,2018-01-01,Referral,1,0
LEAD001816,CUST003486,2017-05-05,Paid Search,0,0
LEAD001817,CUST002118,2017-10-22,Email,1,0
LEAD001818,CUST002872,2017-04-16,Organic,1,0
LEAD001819,CUST005308,2017-02-26,Organic,0,0
LEAD001820,CUST000945,2018-03-19,Organic,1,0
LEAD001821,CUST003819,2017-12-21,Email,0,0
LEAD001822,CUST008381,2018-05-12,Social,1,0
LEAD001823,CUST001521,2017-11-16,Email,1,0
LEAD001824,CUST001553,2017-08-27,Email,1,1
LEAD001825,CUST002948,2017-08-21,Referral,0,0
LEAD001826,CUST005173,2018-01-28,Email,0,0
LEAD001827,CUST002185,2018-06-01,Social,1,1
LEAD001828,CUST003029,2018-06-11,Paid Search,0,0
LEAD001829,CUST002175,2017-01-23,Paid Search,1,0
LEAD001830,CUST008871,2018-08-29,Social,0,0
LEAD001831,CUST002956,2018-09-21,Email,0,0
LEAD001832,CUST005014,2018-06-12,Referral,0,0
LEAD001833,CUST008337,2017-09-13,Paid Search,0,0
LEAD001834,CUST008032,2017-10-05,Referral,0,0
LEAD001835,CUST004048,2018-01-27,Organic,0,0
LEAD001836,CUST001992,2017-05-25,Social,0,0
LEAD001837,CUST000798,2017-08-30,Paid Search,0,0
LEAD001838,CUST000627,2017-08-11,Referral,0,0
LEAD001839,CUST007693,2017-12-31,Paid Search,1,1
LEAD001840,CUST001027,2017-06-30,Marketplace,0,0
LEAD001841,CUST000239,2017-06-25,Email,0,0
LEAD001842,CUST003200,2018-04-06,Marketplace,1,0
LEAD001843,CUST009660,2018-06-22,Paid Search,1,0
LEAD001844,CUST006837,2017-02-03,Paid Search,0,0
LEAD001845,CUST004806,2017-07-10,Paid Search,1,0
LEAD001846,CUST005203,2018-03-29,Email,1,1
LEAD001847,CUST005270,2017-03-05,Referral,1,0
LEAD001848,CUST008412,2018-01-23,Marketplace,1,0
LEAD001849,CUST002981,2017-01-23,Referral,1,0
LEAD001850,CUST002694,2018-07-30,Marketplace,1,1
LEAD001851,CUST005216,2017-03-13,Social,0,0
LEAD001852,CUST008100,2018-05-04,Email,0,0
LEAD001853,CUST008961,2017-06-05,Marketplace,1,0
LEAD001854,CUST002393,2018-01-12,Social,1,0
LEAD001855,CUST004295,2017-04-27,Organic,1,0
LEAD001856,CUST001468,2017-09-10,Email,0,0
LEAD001857,CUST008442,2017-04-29,Marketplace,1,0
LEAD001858,CUST008871,2017-05-20,Organic,0,0
LEAD001859,CUST009681,2018-09-06,Referral,1,0
LEAD001860,CUST004391,2018-07-31,Social,1,0
LEAD001861,CUST001094,2018-09-11,Paid Search,0,0
LEAD001862,CUST007681,2018-09-19,Organic,1,0
LEAD001863,CUST005053,2018-06-26,Organic,1,1
LEAD001864,CUST008017,2017-07-01,Email,1,0
LEAD001865,CUST000568,2017-03-14,Email,1,1
LEAD001866,CUST009312,2017-03-21,Organic,1,0
LEAD001867,CUST000450,2017-08-01,Paid Search,1,0
LEAD001868,CUST007697,2018-09-19,Social,1,0
LEAD001869,CUST004748,2017-11-10,Email,1,0
LEAD001870,CUST005898,2018-02-12,Referral,1,0
LEAD001871,CUST009629,2018-05-25,Social,0,0
LEAD001872,CUST006449,2017-10-24,Marketplace,0,0
LEAD001873,CUST000868,2018-05-15,Paid Search,0,0
LEAD001874,CUST004528,2017-07-05,Organic,1,0
LEAD001875,CUST005745,2017-09-18,Referral,0,0
LEAD001876,CUST005158,2018-03-22,Paid Search,0,0
LEAD001877,CUST004710,2018-02-23,Social,1,0
LEAD001878,CUST007255,2017-04-12,Paid Search,1,1
LEAD001879,CUST008185,2017-03-22,Social,0,0
LEAD001880,CUST003843,2018-02-14,Paid Search,0,0
LEAD001881,CUST000217,2017-12-02,Marketplace,1,1
LEAD001882,CUST002172,2018-05-29,Paid Search,1,1
LEAD001883,CUST006714,2017-01-05,Email,1,0
LEAD001884,CUST004422,2018-09-05,Referral,1,1
LEAD001885,CUST006955,2018-03-18,Social,1,1
LEAD001886,CUST001187,2018-01-16,Marketplace,1,0
LEAD001887,CUST004188,2017-11-13,Organic,1,1
LEAD001888,CUST007302,2017-07-19,Social,0,0
LEAD001889,CUST007641,2017-09-14,Email,0,0
LEAD001890,CUST008390,2018-08-05,Referral,0,0
LEAD001891,CUST002354,2017-07-23,Organic,1,0
LEAD001892,CUST004960,2017-11-05,Paid Search,0,0
LEAD001893,CUST001187,2018-01-03,Marketplace,0,0
LEAD001894,CUST008406,2017-11-05,Organic,1,1
LEAD001895,CUST003444,2017-01-07,Social,0,0
LEAD001896,CUST000384,2018-03-25,Marketplace,0,0
LEAD001897,CUST002645,2017-12-06,Referral,1,0
LEAD001898,CUST003640,2017-08-07,Social,0,0
LEAD001899,CUST007121,2018-08-25,Paid Search,1,1
LEAD001900,CUST001636,2017-11-10,Referral,1,0
LEAD001901,CUST009395,2017-05-25,Referral,1,1
LEAD001902,CUST009170,2018-02-03,Marketplace,0,0
LEAD001903,CUST008187,2017-02-17,Social,1,0
LEAD001904,CUST009605,2018-09-28,Referral,0,0
LEAD001905,CUST003715,2017-06-06,Organic,0,0
LEAD001906,CUST005397,2018-08-27,Social,0,0
LEAD001907,CUST000890,2018-01-18,Marketplace,0,0
LEAD001908,CUST000056,2017-10-05,Referral,0,0
LEAD001909,CUST009796,2018-09-20,Referral,0,0
LEAD001910,CUST001256,2017-02-09,Marketplace,0,0
LEAD001911,CUST008593,2018-07-07,Referral,0,0
LEAD001912,CUST009481,2017-02-20,Marketplace,1,0
LEAD001913,CUST005491,2018-05-05,Marketplace,1,1
LEAD001914,CUST000509,2017-09-30,Social,1,1
LEAD001915,CUST000760,2017-07-05,Marketplace,0,0
LEAD001916,CUST009028,2017-12-31,Email,0,0
LEAD001917,CUST003405,2018-03-19,Paid Search,0,0
LEAD001918,CUST002661,2017-01-25,Referral,0,0
LEAD001919,CUST001119,2018-04-15,Social,0,0
LEAD001920,CUST000754,2017-01-21,Marketplace,0,0
LEAD001921,CUST007690,2017-05-09,Organic,1,0
LEAD001922,CUST004506,2018-06-06,Email,0,0
LEAD001923,CUST002745,2017-03-08,Marketplace,0,0
LEAD001924,CUST009841,2018-08-05,Paid Search,1,1
LEAD001925,CUST002271,2018-05-13,Marketplace,1,0
LEAD001926,CUST008497,2017-02-27,Referral,1,1
LEAD001927,CUST005857,2017-10-19,Email,0,0
LEAD001928,CUST005672,2017-07-13,Social,1,1
LEAD001929,CUST002368,2017-03-19,Paid Search,0,0
LEAD001930,CUST007364,2017-12-09,Organic,0,0
LEAD001931,CUST008078,2018-05-30,Social,1,0
LEAD001932,CUST001925,2017-02-09,Organic,0,0
LEAD001933,CUST006651,2017-12-23,Email,0,0
LEAD001934,CUST004604,2017-03-20,Social,0,0
LEAD001935,CUST002836,2018-06-10,Paid Search,1,0
LEAD001936,CUST002987,2017-07-27,Organic,0,0
LEAD001937,CUST001851,2017-02-01,Organic,1,0
LEAD001938,CUST005439,2018-03-19,Organic,1,1
LEAD001939,CUST009260,2018-04-28,Organic,0,0
LEAD001940,CUST005817,2018-07-18,Email,0,0
LEAD001941,CUST007785,2017-05-28,Email,1,0
LEAD001942,CUST007429,2017-11-09,Marketplace,0,0
LEAD001943,CUST007006,2017-09-03,Organic,0,0
LEAD001944,CUST006630,2017-09-10,Marketplace,1,1
LEAD001945,CUST003887,2018-09-10,Email,0,0
LEAD001946,CUST004844,2018-08-18,Marketplace,0,0
LEAD001947,CUST005710,2017-11-17,Paid Search,0,0
LEAD001948,CUST008465,2017-01-13,Marketplace,0,0
LEAD001949,CUST008693,2017-01-22,Referral,1,1
LEAD001950,CUST007498,2018-09-03,Email,0,0
LEAD001951,CUST004618,2017-04-21,Email,0,0
LEAD001952,CUST006330,2017-01-01,Referral,0,0
LEAD001953,CUST003859,2018-07-05,Marketplace,1,0
LEAD001954,CUST003900,2018-04-16,Social,0,0
LEAD001955,CUST006201,2018-03-24,Paid Search,0,0
LEAD001956,CUST009823,2018-07-16,Email,1,0
LEAD001957,CUST008142,2018-03-14,Email,1,0
LEAD001958,CUST008633,2018-07-05,Organic,0,0
LEAD001959,CUST001296,2017-09-25,Marketplace,1,0
LEAD001960,CUST006735,2017-04-13,Social,1,1
LEAD001961,CUST004816,2017-10-24,Organic,0,0
LEAD001962,CUST003750,2017-08-27,Organic,1,1
LEAD001963,CUST008211,2017-12-30,Organic,1,0
LEAD001964,CUST001596,2017-02-22,Marketplace,1,0
LEAD001965,CUST000646,2017-01-12,Email,0,0
LEAD001966,CUST008664,2018-02-24,Social,1,0
LEAD001967,CUST003882,2018-06-12,Organic,1,0
LEAD001968,CUST001219,2018-07-11,Paid Search,1,0
LEAD001969,CUST003577,2017-01-10,Social,0,0
LEAD001970,CUST004059,2017-01-26,Marketplace,0,0
LEAD001971,CUST003039,2018-05-03,Organic,0,0
LEAD001972,CUST009342,2017-09-12,Social,1,1
LEAD001973,CUST007546,2017-09-18,Referral,0,0
LEAD001974,CUST009970,2018-03-10,Referral,0,0
LEAD001975,CUST007095,2017-08-19,Paid Search,0,0
LEAD001976,CUST009482,2018-03-24,Referral,1,1
LEAD001977,CUST002465,2018-01-25,Marketplace,0,0
LEAD001978,CUST006749,2018-02-26,Paid Search,1,1
LEAD001979,CUST005222,2018-02-16,Referral,0,0
LEAD001980,CUST002605,2017-04-17,Organic,0,0
LEAD001981,CUST007658,2018-09-12,Social,0,0
LEAD001982,CUST005073,2018-05-11,Email,0,0
LEAD001983,CUST002716,2017-06-12,Email,1,1
LEAD001984,CUST005441,2018-02-25,Social,0,0
LEAD001985,CUST007370,2018-02-06,Email,1,1
LEAD001986,CUST006999,2018-08-05,Email,0,0
LEAD001987,CUST009983,2017-07-05,Paid Search,0,0
LEAD001988,CUST004203,2018-04-19,Paid Search,0,0
LEAD001989,CUST002436,2018-03-23,Referral,0,0
LEAD001990,CUST004617,2017-08-04,Email,1,0
LEAD001991,CUST003434,2018-01-13,Organic,1,0
LEAD001992,CUST001444,2018-04-16,Email,0,0
LEAD001993,CUST000013,2017-12-03,Email,0,0
LEAD001994,CUST009362,2018-04-11,Social,0,0
LEAD001995,CUST007274,2017-02-18,Social,1,1
LEAD001996,CUST004471,2018-03-31,Social,1,1
LEAD001997,CUST004486,2018-01-16,Referral,0,0
LEAD001998,CUST009825,2018-08-09,Social,1,1
LEAD001999,CUST006988,2018-07-08,Paid Search,1,0
LEAD002000,CUST008297,2018-09-08,Email,0,0
LEAD002001,CUST004354,2018-07-15,Paid Search,1,1
LEAD002002,CUST002391,2017-10-04,Email,1,1
LEAD002003,CUST002014,2018-04-09,Referral,0,0
LEAD002004,CUST008990,2017-01-20,Marketplace,1,0
LEAD002005,CUST002248,2018-08-06,Referral,0,0
LEAD002006,CUST001459,2017-06-15,Email,0,0
LEAD002007,CUST007529,2018-01-14,Organic,0,0
LEAD002008,CUST004466,2017-06-11,Email,0,0
LEAD002009,CUST005893,2018-01-21,Paid Search,1,0
LEAD002010,CUST005938,2018-05-24,Organic,1,0
LEAD002011,CUST001279,2017-06-12,Marketplace,0,0
LEAD002012,CUST007480,2018-07-02,Organic,1,0
LEAD002013,CUST002457,2018-09-02,Marketplace,1,0
LEAD002014,CUST004773,2018-08-04,Organic,0,0
LEAD002015,CUST001725,2017-11-29,Organic,1,1
LEAD002016,CUST006199,2017-11-30,Paid Search,0,0
LEAD002017,CUST004885,2017-01-28,Referral,1,0
LEAD002018,CUST002551,2018-03-08,Referral,1,0
LEAD002019,CUST000908,2017-12-24,Paid Search,1,0
LEAD002020,CUST003258,2018-03-05,Marketplace,0,0
LEAD002021,CUST002163,2017-03-31,Referral,0,0
LEAD002022,CUST007098,2018-07-15,Marketplace,1,0
LEAD002023,CUST006160,2017-04-14,Marketplace,1,0
LEAD002024,CUST009895,2018-08-04,Email,0,0
LEAD002025,CUST003808,2018-07-12,Organic,0,0
LEAD002026,CUST005377,2018-08-21,Referral,0,0
LEAD002027,CUST008182,2018-08-12,Email,1,0
LEAD002028,CUST005828,2017-02-28,Email,0,0
LEAD002029,CUST002076,2017-12-07,Marketplace,0,0
LEAD002030,CUST008442,2018-05-18,Paid Search,0,0
LEAD002031,CUST008426,2018-09-14,Social,1,1
LEAD002032,CUST001660,2018-09-29,Marketplace,1,0
LEAD002033,CUST009023,2018-04-29,Email,0,0
LEAD002034,CUST009837,2017-06-09,Social,1,0
LEAD002035,CUST002146,2017-06-06,Marketplace,1,1
LEAD002036,CUST003754,2018-03-11,Social,1,0
LEAD002037,CUST002113,2018-05-17,Referral,1,0
LEAD002038,CUST007564,2017-12-10,Paid Search,1,0
LEAD002039,CUST001566,2018-07-27,Social,1,1
LEAD002040,CUST000986,2017-03-24,Referral,1,0
LEAD002041,CUST009439,2018-09-29,Email,1,1
LEAD002042,CUST005714,2017-11-19,Email,1,1
LEAD002043,CUST006058,2017-06-01,Marketplace,0,0
LEAD002044,CUST002728,2018-04-02,Marketplace,1,0
LEAD002045,CUST000477,2017-08-31,Referral,0,0
LEAD002046,CUST005368,2017-01-30,Marketplace,1,0
LEAD002047,CUST007375,2017-10-17,Referral,0,0
LEAD002048,CUST005821,2018-02-28,Referral,0,0
LEAD002049,CUST005781,2017-03-29,Marketplace,1,1
LEAD002050,CUST002317,2018-03-24,Marketplace,0,0
LEAD002051,CUST008350,2018-05-17,Email,1,0
LEAD002052,CUST003192,2017-12-30,Marketplace,0,0
LEAD002053,CUST009470,2018-02-22,Referral,0,0
LEAD002054,CUST004070,2017-09-04,Social,0,0
LEAD002055,CUST007397,2018-02-19,Email,0,0
LEAD002056,CUST005030,2017-12-20,Paid Search,1,1
LEAD002057,CUST009304,2017-04-26,Paid Search,0,0
LEAD002058,CUST000501,2017-05-11,Organic,1,0
LEAD002059,CUST009665,2018-02-10,Social,0,0
LEAD002060,CUST004975,2018-04-23,Marketplace,1,1
LEAD002061,CUST008113,2018-02-12,Social,0,0
LEAD002062,CUST003904,2017-05-26,Organic,1,0
LEAD002063,CUST005261,2018-01-12,Organic,1,0
LEAD002064,CUST004897,2017-11-29,Email,1,0
LEAD002065,CUST002260,2018-05-05,Email,0,0
LEAD002066,CUST002892,2017-04-06,Social,1,0
LEAD002067,CUST002306,2018-01-25,Marketplace,0,0
LEAD002068,CUST001815,2018-07-26,Email,1,0
LEAD002069,CUST009522,2017-04-29,Email,1,0
LEAD002070,CUST004625,2017-07-09,Organic,0,0
LEAD002071,CUST009332,2017-10-02,Referral,1,0
LEAD002072,CUST005403,2018-04-23,Referral,0,0
LEAD002073,CUST006761,2017-02-27,Organic,0,0
LEAD002074,CUST005645,2017-05-18,Paid Search,0,0
LEAD002075,CUST006214,2017-09-26,Social,0,0
LEAD002076,CUST002246,2017-01-19,Marketplace,1,1
LEAD002077,CUST003136,2017-04-21,Organic,1,1
LEAD002078,CUST009127,2017-07-19,Social,1,0
LEAD002079,CUST006411,2017-04-21,Marketplace,0,0
LEAD002080,CUST001804,2017-08-15,Marketplace,0,0
LEAD002081,CUST004270,2017-11-06,Marketplace,1,1
LEAD002082,CUST007507,2017-08-27,Paid Search,0,0
LEAD002083,CUST005443,2017-11-30,Marketplace,0,0
LEAD002084,CUST002048,2018-08-03,Email,1,0
LEAD002085,CUST001675,2017-05-31,Paid Search,1,0
LEAD002086,CUST009220,2018-03-01,Marketplace,1,0
LEAD002087,CUST004707,2017-05-03,Organic,0,0
LEAD002088,CUST003516,2018-05-24,Marketplace,1,0
LEAD002089,CUST007846,2018-05-09,Organic,0,0
LEAD002090,CUST006363,2017-09-27,Social,1,0
LEAD002091,CUST005232,2017-09-06,Referral,0,0
LEAD002092,CUST007404,2018-07-19,Referral,1,1
LEAD002093,CUST005276,2018-09-02,Paid Search,0,0
LEAD002094,CUST003400,2018-07-03,Email,0,0
LEAD002095,CUST001974,2017-10-11,Referral,1,0
LEAD002096,CUST004411,2018-08-02,Email,1,1
LEAD002097,CUST007202,2017-11-29,Email,1,0
LEAD002098,CUST008909,2017-07-26,Email,0,0
LEAD002099,CUST002232,2018-04-07,Marketplace,0,0
LEAD002100,CUST005768,2017-05-23,Marketplace,1,0
LEAD002101,CUST006164,2018-08-16,Email,1,1
LEAD002102,CUST001929,2018-09-08,Organic,1,1
LEAD002103,CUST001666,2017-11-04,Organic,1,0
LEAD002104,CUST008494,2018-05-20,Marketplace,1,0
LEAD002105,CUST005076,2018-05-06,Social,0,0
LEAD002106,CUST007480,2017-02-22,Social,0,0
LEAD002107,CUST002736,2017-12-07,Marketplace,1,1
LEAD002108,CUST000638,2017-04-14,Organic,0,0
LEAD002109,CUST001073,2017-02-18,Marketplace,1,0
LEAD002110,CUST000343,2018-09-20,Email,0,0
LEAD002111,CUST007374,2018-03-21,Marketplace,1,0
LEAD002112,CUST009956,2018-03-06,Email,0,0
LEAD002113,CUST000024,2018-04-06,Organic,1,1
LEAD002114,CUST008994,2018-02-09,Marketplace,0,0
LEAD002115,CUST001118,2017-01-25,Referral,1,1
LEAD002116,CUST005323,2018-02-28,Social,0,0
LEAD002117,CUST008177,2018-01-15,Organic,0,0
LEAD002118,CUST007623,2017-05-02,Social,1,0
LEAD002119,CUST000564,2018-07-30,Social,1,0
LEAD002120,CUST009532,2017-11-09,Marketplace,1,1
LEAD002121,CUST006064,2018-05-18,Email,0,0
LEAD002122,CUST002423,2018-09-20,Marketplace,1,1
LEAD002123,CUST001829,2018-07-24,Paid Search,0,0
LEAD002124,CUST001928,2018-09-29,Marketplace,0,0
LEAD002125,CUST003509,2017-10-07,Email,0,0
LEAD002126,CUST004817,2018-08-15,Paid Search,0,0
LEAD002127,CUST003270,2017-01-23,Email,1,1
LEAD002128,CUST004828,2017-06-29,Organic,1,0
LEAD002129,CUST005259,2017-10-22,Organic,0,0
LEAD002130,CUST006090,2017-01-29,Organic,1,1
LEAD002131,CUST005361,2017-06-03,Organic,0,0
LEAD002132,CUST007901,2018-05-29,Email,1,1
LEAD002133,CUST009993,2018-09-29,Marketplace,0,0
LEAD002134,CUST003157,2017-06-01,Referral,0,0
LEAD002135,CUST006288,2017-11-20,Organic,0,0
LEAD002136,CUST009681,2018-09-08,Organic,1,0
LEAD002137,CUST001220,2018-08-09,Paid Search,1,0
LEAD002138,CUST009742,2017-12-13,Paid Search,0,0
LEAD002139,CUST009927,2017-01-06,Organic,0,0
LEAD002140,CUST003921,2018-06-26,Email,1,0
LEAD002141,CUST003911,2018-07-23,Marketplace,1,1
LEAD002142,CUST008759,2017-03-15,Paid Search,0,0
LEAD002143,CUST002669,2018-08-17,Email,0,0
LEAD002144,CUST003412,2017-12-11,Social,1,0
LEAD002145,CUST009693,2017-07-29,Referral,1,0
LEAD002146,CUST008770,2018-02-04,Paid Search,1,0
LEAD002147,CUST000595,2018-07-19,Social,1,0
LEAD002148,CUST008592,2017-01-15,Paid Search,1,1
LEAD002149,CUST007072,2017-04-03,Organic,0,0
LEAD002150,CUST006267,2017-03-30,Referral,0,0
LEAD002151,CUST000445,2017-12-02,Referral,0,0
LEAD002152,CUST006906,2018-07-19,Organic,1,0
LEAD002153,CUST004756,2017-11-14,Email,1,0
LEAD002154,CUST007219,2017-02-04,Organic,0,0
LEAD002155,CUST005204,2017-01-28,Email,1,0
LEAD002156,CUST003906,2017-01-22,Paid Search,1,0
LEAD002157,CUST005730,2017-08-18,Social,1,0
LEAD002158,CUST007000,2017-04-16,Paid Search,0,0
LEAD002159,CUST001582,2017-05-09,Referral,0,0
LEAD002160,CUST009651,2018-03-31,Marketplace,1,1
LEAD002161,CUST003391,2017-12-07,Organic,1,0
LEAD002162,CUST008369,2018-05-14,Organic,1,0
LEAD002163,CUST005745,2018-08-19,Social,1,0
LEAD002164,CUST002358,2018-09-07,Referral,1,0
LEAD002165,CUST003901,2018-04-07,Paid Search,0,0
LEAD002166,CUST009721,2018-04-16,Organic,1,1
LEAD002167,CUST005132,2018-04-02,Organic,1,0
LEAD002168,CUST002483,2017-01-01,Social,0,0
LEAD002169,CUST004952,2018-01-01,Social,1,1
LEAD002170,CUST007110,2018-06-21,Organic,1,0
LEAD002171,CUST008303,2017-10-26,Marketplace,1,1
LEAD002172,CUST006976,2017-07-24,Paid Search,0,0
LEAD002173,CUST002930,2017-06-29,Email,0,0
LEAD002174,CUST000873,2018-06-23,Organic,0,0
LEAD002175,CUST006707,2018-07-08,Referral,0,0
LEAD002176,CUST000657,2017-12-01,Referral,1,0
LEAD002177,CUST009350,2018-09-18,Referral,1,1
LEAD002178,CUST003923,2017-05-10,Paid Search,1,0
LEAD002179,CUST007032,2018-04-20,Organic,1,0
LEAD002180,CUST004752,2017-12-27,Email,0,0
LEAD002181,CUST003481,2017-07-27,Organic,1,1
LEAD002182,CUST003644,2017-06-20,Organic,1,1
LEAD002183,CUST001469,2018-05-23,Social,1,1
LEAD002184,CUST007313,2018-02-11,Marketplace,1,1
LEAD002185,CUST005360,2017-03-04,Email,1,0
LEAD002186,CUST008563,2017-02-09,Referral,0,0
LEAD002187,CUST008051,2018-08-04,Social,1,0
LEAD002188,CUST009729,2018-08-08,Referral,0,0
LEAD002189,CUST000193,2017-06-24,Referral,1,0
LEAD002190,CUST003315,2017-09-20,Marketplace,0,0
LEAD002191,CUST009395,2017-10-02,Social,0,0
LEAD002192,CUST007432,2017-08-22,Paid Search,0,0
LEAD002193,CUST008542,2017-09-30,Email,1,0
LEAD002194,CUST001332,2018-09-21,Marketplace,1,0
LEAD002195,CUST009527,2017-04-27,Referral,1,1
LEAD002196,CUST007991,2018-04-11,Social,1,1
LEAD002197,CUST005855,2018-04-01,Marketplace,1,0
LEAD002198,CUST008867,2017-10-01,Paid Search,0,0
LEAD002199,CUST001245,2017-05-24,Email,0,0
LEAD002200,CUST002720,2018-04-21,Marketplace,1,1
LEAD002201,CUST001239,2018-06-22,Marketplace,1,0
LEAD002202,CUST007086,2018-03-31,Organic,0,0
LEAD002203,CUST005097,2017-06-02,Referral,0,0
LEAD002204,CUST007402,2017-05-29,Marketplace,0,0
LEAD002205,CUST000370,2018-08-30,Referral,0,0
LEAD002206,CUST000835,2017-09-08,Marketplace,1,0
LEAD002207,CUST001115,2017-12-30,Marketplace,1,0
LEAD002208,CUST004685,2018-08-27,Paid Search,0,0
LEAD002209,CUST002402,2018-03-31,Paid Search,1,1
LEAD002210,CUST001069,2017-06-21,Email,0,0
LEAD002211,CUST005487,2017-06-18,Email,1,0
LEAD002212,CUST003455,2018-02-16,Email,1,0
LEAD002213,CUST006528,2017-09-16,Paid Search,1,0
LEAD002214,CUST007981,2018-06-15,Paid Search,1,1
LEAD002215,CUST001698,2018-03-03,Organic,0,0
LEAD002216,CUST001662,2018-07-24,Marketplace,1,0
LEAD002217,CUST006515,2018-04-08,Marketplace,0,0
LEAD002218,CUST000381,2018-06-20,Email,1,1
LEAD002219,CUST006828,2018-02-09,Referral,0,0
LEAD002220,CUST004721,2018-03-24,Organic,1,1
LEAD002221,CUST006466,2017-10-15,Social,1,1
LEAD002222,CUST005263,2018-01-12,Marketplace,0,0
LEAD002223,CUST000003,2018-07-16,Social,0,0
LEAD002224,CUST004029,2017-12-16,Email,0,0
LEAD002225,CUST009590,2017-09-15,Referral,1,0
LEAD002226,CUST007150,2017-11-27,Paid Search,0,0
LEAD002227,CUST004878,2018-09-01,Marketplace,0,0
LEAD002228,CUST004042,2018-08-04,Social,0,0
LEAD002229,CUST004249,2017-06-13,Social,0,0
LEAD002230,CUST002374,2018-09-24,Paid Search,1,0
LEAD002231,CUST000663,2018-01-13,Referral,1,0
LEAD002232,CUST003776,2017-11-22,Organic,1,0
LEAD002233,CUST002470,2018-01-20,Social,0,0
LEAD002234,CUST006432,2017-06-16,Organic,1,0
LEAD002235,CUST008841,2017-09-03,Paid Search,0,0
LEAD002236,CUST006176,2017-12-07,Paid Search,0,0
LEAD002237,CUST008190,2017-08-13,Marketplace,1,0
LEAD002238,CUST000223,2017-05-26,Organic,0,0
LEAD002239,CUST001553,2018-08-12,Organic,0,0
LEAD002240,CUST000096,2017-01-10,Marketplace,0,0
LEAD002241,CUST007914,2017-04-30,Referral,0,0
LEAD002242,CUST005825,2018-02-09,Social,0,0
LEAD002243,CUST006835,2017-01-15,Marketplace,0,0
LEAD002244,CUST005395,2017-06-07,Email,1,0
LEAD002245,CUST005507,2017-03-06,Email,1,1
LEAD002246,CUST007650,2017-09-11,Email,1,1
LEAD002247,CUST002928,2017-09-26,Paid Search,0,0
LEAD002248,CUST007056,2018-06-29,Email,0,0
LEAD002249,CUST000291,2018-09-15,Email,0,0
LEAD002250,CUST001930,2017-08-25,Social,0,0
LEAD002251,CUST005891,2018-09-06,Email,1,0
LEAD002252,CUST007850,2017-08-08,Marketplace,1,1
LEAD002253,CUST001546,2017-03-06,Marketplace,1,0
LEAD002254,CUST004371,2017-10-16,Email,1,0
LEAD002255,CUST000107,2018-02-20,Social,1,0
LEAD002256,CUST003813,2017-07-20,Social,0,0
LEAD002257,CUST002932,2017-09-01,Referral,1,0
LEAD002258,CUST009550,2017-01-16,Referral,1,0
LEAD002259,CUST003979,2017-10-16,Marketplace,1,0
LEAD002260,CUST008962,2017-04-30,Social,0,0
LEAD002261,CUST003574,2017-11-26,Organic,0,0
LEAD002262,CUST004203,2017-10-26,Organic,0,0
LEAD002263,CUST009293,2018-04-25,Referral,1,0
LEAD002264,CUST004978,2018-04-27,Marketplace,0,0
LEAD002265,CUST009089,2018-09-01,Marketplace,0,0
LEAD002266,CUST005728,2017-11-16,Social,1,0
LEAD002267,CUST008894,2017-03-20,Social,1,0
LEAD002268,CUST005096,2017-10-07,Organic,0,0
LEAD002269,CUST006484,2017-04-14,Referral,1,1
LEAD002270,CUST005289,2017-10-23,Marketplace,1,0
LEAD002271,CUST003013,2018-01-07,Marketplace,0,0
LEAD002272,CUST005811,2018-03-07,Referral,1,0
LEAD002273,CUST004886,2018-05-28,Marketplace,0,0
LEAD002274,CUST009235,2018-05-03,Email,0,0
LEAD002275,CUST002376,2018-01-17,Marketplace,0,0
LEAD002276,CUST007563,2017-09-20,Social,0,0
LEAD002277,CUST008266,2017-03-17,Referral,1,1
LEAD002278,CUST005272,2017-11-16,Marketplace,0,0
LEAD002279,CUST005935,2017-01-28,Paid Search,0,0
LEAD002280,CUST000418,2017-08-22,Marketplace,0,0
LEAD002281,CUST004839,2017-06-06,Email,1,1
LEAD002282,CUST009334,2017-08-24,Paid Search,0,0
LEAD002283,CUST008881,2018-08-17,Organic,1,0
LEAD002284,CUST005426,2017-10-15,Organic,1,0
LEAD002285,CUST004762,2017-09-13,Organic,0,0
LEAD002286,CUST004067,2017-12-18,Email,0,0
LEAD002287,CUST004708,2017-10-11,Social,0,0
LEAD002288,CUST001380,2017-04-02,Referral,0,0
LEAD002289,CUST006058,2018-05-15,Marketplace,0,0
LEAD002290,CUST003567,2018-04-08,Paid Search,0,0
LEAD002291,CUST008304,2017-03-26,Paid Search,0,0
LEAD002292,CUST000623,2018-01-07,Referral,0,0
LEAD002293,CUST003879,2018-02-07,Marketplace,0,0
LEAD002294,CUST009860,2018-02-26,Paid Search,0,0
LEAD002295,CUST005142,2017-06-08,Marketplace,1,0
LEAD002296,CUST001812,2017-07-29,Email,1,1
LEAD002297,CUST008020,2017-09-12,Referral,1,0
LEAD002298,CUST000016,2017-03-07,Social,0,0
LEAD002299,CUST001854,2018-03-22,Referral,1,0
LEAD002300,CUST006995,2018-01-18,Referral,0,0
LEAD002301,CUST005712,2018-08-01,Paid Search,0,0
LEAD002302,CUST003348,2018-07-27,Social,0,0
LEAD002303,CUST007998,2017-05-26,Email,1,1
LEAD002304,CUST006813,2017-04-11,Email,1,0
LEAD002305,CUST006919,2018-04-04,Referral,1,0
LEAD002306,CUST002977,2018-06-24,Marketplace,1,0
LEAD002307,CUST004303,2017-06-04,Organic,1,0
LEAD002308,CUST000815,2017-02-13,Referral,0,0
LEAD002309,CUST008638,2017-06-22,Paid Search,0,0
LEAD002310,CUST001849,2018-08-02,Email,0,0
LEAD002311,CUST007655,2018-01-30,Referral,0,0
LEAD002312,CUST007997,2018-02-14,Organic,1,0
LEAD002313,CUST007854,2017-11-24,Paid Search,1,1
LEAD002314,CUST004208,2017-11-12,Organic,0,0
LEAD002315,CUST000219,2018-06-21,Email,1,1
LEAD002316,CUST001867,2017-08-15,Paid Search,1,1
LEAD002317,CUST000044,2017-12-14,Email,1,0
LEAD002318,CUST007208,2018-05-27,Social,1,1
LEAD002319,CUST001183,2018-02-03,Social,1,0
LEAD002320,CUST005653,2017-09-26,Organic,0,0
LEAD002321,CUST008985,2017-02-17,Email,1,1
LEAD002322,CUST004539,2017-11-15,Paid Search,1,0
LEAD002323,CUST004289,2018-03-10,Email,1,0
LEAD002324,CUST006843,2017-08-04,Email,1,0
LEAD002325,CUST003206,2017-10-08,Referral,0,0
LEAD002326,CUST007957,2017-04-30,Organic,1,0
LEAD002327,CUST000888,2017-08-19,Email,0,0
LEAD002328,CUST001589,2017-03-18,Marketplace,1,0
LEAD002329,CUST003350,2017-08-22,Social,1,0
LEAD002330,CUST007864,2017-03-20,Email,0,0
LEAD002331,CUST007774,2017-06-04,Email,0,0
LEAD002332,CUST007154,2018-04-01,Marketplace,1,1
LEAD002333,CUST008528,2017-01-25,Marketplace,0,0
LEAD002334,CUST000847,2017-03-29,Marketplace,1,0
LEAD002335,CUST003379,2018-05-28,Referral,0,0
LEAD002336,CUST001797,2017-12-19,Social,1,0
LEAD002337,CUST000534,2018-01-28,Marketplace,0,0
LEAD002338,CUST008621,2017-09-30,Marketplace,1,0
LEAD002339,CUST008550,2017-11-21,Marketplace,0,0
LEAD002340,CUST003197,2018-01-17,Email,0,0
LEAD002341,CUST001190,2018-02-13,Paid Search,0,0
LEAD002342,CUST004433,2017-11-27,Email,0,0
LEAD002343,CUST001329,2017-12-04,Paid Search,1,1
LEAD002344,CUST002012,2018-07-12,Paid Search,0,0
LEAD002345,CUST008961,2017-05-23,Organic,0,0
LEAD002346,CUST008588,2017-05-08,Referral,1,1
LEAD002347,CUST007972,2017-08-05,Organic,0,0
LEAD002348,CUST002010,2018-06-16,Referral,1,0
LEAD002349,CUST009984,2017-05-11,Email,1,0
LEAD002350,CUST002588,2017-11-08,Social,0,0
LEAD002351,CUST005582,2017-01-22,Referral,1,0
LEAD002352,CUST000538,2018-01-22,Paid Search,0,0
LEAD002353,CUST000905,2017-06-19,Referral,0,0
LEAD002354,CUST002292,2017-02-27,Referral,1,1
LEAD002355,CUST004384,2018-06-13,Marketplace,0,0
LEAD002356,CUST001764,2017-05-17,Paid Search,1,0
LEAD002357,CUST006921,2017-05-27,Paid Search,1,1
LEAD002358,CUST006374,2018-07-21,Referral,1,0
LEAD002359,CUST008047,2018-04-11,Referral,0,0
LEAD002360,CUST003022,2017-02-18,Marketplace,1,0
LEAD002361,CUST002659,2017-05-31,Referral,1,0
LEAD002362,CUST005332,2017-02-21,Paid Search,1,0
LEAD002363,CUST000105,2017-03-06,Marketplace,0,0
LEAD002364,CUST001478,2018-05-28,Paid Search,0,0
LEAD002365,CUST006589,2017-06-13,Social,0,0
LEAD002366,CUST004333,2017-05-01,Paid Search,0,0
LEAD002367,CUST008353,2017-01-20,Marketplace,0,0
LEAD002368,CUST001301,2018-01-14,Referral,1,1
LEAD002369,CUST001025,2018-04-01,Email,0,0
LEAD002370,CUST001677,2017-11-07,Organic,1,1
LEAD002371,CUST004766,2017-10-19,Social,1,1
LEAD002372,CUST009306,2018-05-04,Marketplace,1,0
LEAD002373,CUST004797,2018-04-12,Organic,1,0
LEAD002374,CUST005838,2017-05-23,Social,1,1
LEAD002375,CUST006698,2017-05-20,Email,0,0
LEAD002376,CUST003854,2018-05-11,Social,1,0
LEAD002377,CUST005974,2018-08-08,Paid Search,0,0
LEAD002378,CUST006383,2017-02-22,Email,1,0
LEAD002379,CUST000749,2018-09-10,Organic,1,0
LEAD002380,CUST004835,2017-12-09,Referral,0,0
LEAD002381,CUST002736,2017-03-13,Organic,0,0
LEAD002382,CUST007339,2017-05-25,Paid Search,1,1
LEAD002383,CUST002566,2018-09-05,Referral,1,0
LEAD002384,CUST006714,2017-06-21,Organic,1,1
LEAD002385,CUST000867,2018-08-16,Paid Search,0,0
LEAD002386,CUST001305,2017-03-07,Organic,1,1
LEAD002387,CUST001401,2018-02-11,Email,1,0
LEAD002388,CUST001447,2018-01-17,Referral,1,1
LEAD002389,CUST008540,2018-02-03,Referral,0,0
LEAD002390,CUST002048,2018-01-11,Referral,1,0
LEAD002391,CUST003009,2018-01-28,Email,1,0
LEAD002392,CUST000119,2017-07-13,Email,1,0
LEAD002393,CUST008486,2018-03-29,Social,0,0
LEAD002394,CUST008738,2018-02-07,Marketplace,0,0
LEAD002395,CUST009139,2018-05-23,Social,1,1
LEAD002396,CUST003135,2017-02-21,Marketplace,0,0
LEAD002397,CUST000030,2017-09-21,Organic,0,0
LEAD002398,CUST009173,2018-06-04,Marketplace,0,0
LEAD002399,CUST008951,2018-09-22,Paid Search,1,1
LEAD002400,CUST002318,2017-08-13,Paid Search,0,0
LEAD002401,CUST003059,2017-03-07,Organic,1,0
LEAD002402,CUST005598,2017-10-23,Referral,1,1
LEAD002403,CUST002673,2018-04-22,Paid Search,1,1
LEAD002404,CUST008713,2017-05-28,Email,1,1
LEAD002405,CUST009952,2017-09-27,Organic,0,0
LEAD002406,CUST008665,2017-03-22,Email,0,0
LEAD002407,CUST003669,2018-08-15,Organic,1,0
LEAD002408,CUST008381,2018-02-24,Paid Search,0,0
LEAD002409,CUST009525,2018-06-09,Social,1,1
LEAD002410,CUST001590,2017-09-17,Social,0,0
LEAD002411,CUST003433,2018-06-20,Organic,0,0
LEAD002412,CUST002645,2017-02-02,Social,0,0
LEAD002413,CUST005969,2017-06-18,Social,0,0
LEAD002414,CUST007239,2017-12-10,Email,1,1
LEAD002415,CUST003244,2018-05-15,Referral,1,0
LEAD002416,CUST006961,2017-02-06,Social,1,1
LEAD002417,CUST002728,2018-07-16,Referral,1,0
LEAD002418,CUST002194,2018-02-10,Email,0,0
LEAD002419,CUST008965,2017-04-16,Social,1,0
LEAD002420,CUST006209,2017-05-14,Social,0,0
LEAD002421,CUST003743,2017-06-03,Marketplace,1,0
LEAD002422,CUST006338,2018-02-13,Email,0,0
LEAD002423,CUST005243,2017-11-09,Email,0,0
LEAD002424,CUST007674,2018-09-06,Paid Search,1,1
LEAD002425,CUST000621,2017-03-29,Marketplace,1,0
LEAD002426,CUST008467,2017-11-14,Social,1,0
LEAD002427,CUST005459,2017-11-19,Email,1,1
LEAD002428,CUST007919,2017-03-29,Marketplace,0,0
LEAD002429,CUST003157,2018-01-13,Email,0,0
LEAD002430,CUST001618,2017-06-03,Referral,1,0
LEAD002431,CUST005842,2018-06-18,Paid Search,1,0
LEAD002432,CUST000053,2017-04-26,Paid Search,1,0
LEAD002433,CUST006427,2018-08-15,Marketplace,0,0
LEAD002434,CUST004426,2018-04-19,Paid Search,1,1
LEAD002435,CUST004629,2018-04-08,Referral,0,0
LEAD002436,CUST005215,2017-10-05,Organic,0,0
LEAD002437,CUST003368,2017-06-18,Social,1,0
LEAD002438,CUST000262,2018-07-06,Paid Search,1,0
LEAD002439,CUST005744,2017-02-06,Email,1,0
LEAD002440,CUST009486,2017-12-10,Marketplace,0,0
LEAD002441,CUST003834,2017-02-25,Organic,0,0
LEAD002442,CUST003204,2018-06-26,Email,1,1
LEAD002443,CUST005327,2018-09-11,Marketplace,0,0
LEAD002444,CUST002558,2018-04-06,Paid Search,0,0
LEAD002445,CUST004592,2017-02-22,Referral,1,0
LEAD002446,CUST009535,2017-08-14,Social,1,0
LEAD002447,CUST000470,2017-06-06,Organic,0,0
LEAD002448,CUST002253,2017-04-03,Email,1,0
LEAD002449,CUST001683,2017-04-30,Referral,1,0
LEAD002450,CUST003092,2018-06-21,Email,0,0
LEAD002451,CUST003675,2017-12-25,Social,0,0
LEAD002452,CUST007297,2018-07-09,Paid Search,0,0
LEAD002453,CUST004765,2018-08-10,Marketplace,1,1
LEAD002454,CUST002728,2017-07-14,Marketplace,1,1
LEAD002455,CUST001904,2017-07-22,Email,0,0
LEAD002456,CUST003577,2017-12-15,Email,0,0
LEAD002457,CUST007880,2017-05-10,Social,1,1
LEAD002458,CUST007946,2017-06-29,Email,0,0
LEAD002459,CUST000955,2017-11-28,Social,0,0
LEAD002460,CUST009753,2017-09-16,Social,1,0
LEAD002461,CUST003703,2017-07-20,Organic,1,1
LEAD002462,CUST005441,2018-04-25,Social,1,0
LEAD002463,CUST008504,2018-09-29,Paid Search,1,0
LEAD002464,CUST001433,2017-04-12,Referral,0,0
LEAD002465,CUST005467,2017-09-04,Referral,0,0
LEAD002466,CUST004175,2018-03-13,Referral,0,0
LEAD002467,CUST006873,2018-02-25,Organic,1,0
LEAD002468,CUST003355,2018-07-15,Marketplace,1,1
LEAD002469,CUST008518,2018-02-04,Social,0,0
LEAD002470,CUST007370,2018-09-16,Organic,1,0
LEAD002471,CUST002952,2017-12-30,Paid Search,0,0
LEAD002472,CUST000010,2018-01-13,Social,1,0
LEAD002473,CUST005671,2018-02-09,Referral,1,0
LEAD002474,CUST004940,2018-05-28,Social,1,1
LEAD002475,CUST002624,2017-12-06,Paid Search,0,0
LEAD002476,CUST004859,2017-05-30,Referral,0,0
LEAD002477,CUST002856,2017-01-03,Email,1,0
LEAD002478,CUST000346,2017-05-22,Referral,1,1
LEAD002479,CUST009822,2017-09-03,Email,1,1
LEAD002480,CUST005238,2018-01-18,Paid Search,1,0
LEAD002481,CUST006862,2018-09-08,Organic,1,0
LEAD002482,CUST000898,2018-02-15,Marketplace,0,0
LEAD002483,CUST002439,2017-07-23,Organic,0,0
LEAD002484,CUST002879,2018-07-07,Social,1,0
LEAD002485,CUST004187,2017-12-03,Organic,1,1
LEAD002486,CUST002836,2017-08-31,Paid Search,0,0
LEAD002487,CUST002421,2018-08-17,Social,1,0
LEAD002488,CUST006564,2017-05-30,Paid Search,0,0
LEAD002489,CUST006203,2017-07-13,Paid Search,0,0
LEAD002490,CUST002956,2018-04-01,Referral,1,0
LEAD002491,CUST007521,2017-11-10,Paid Search,0,0
LEAD002492,CUST006236,2017-11-15,Marketplace,0,0
LEAD002493,CUST008751,2017-09-18,Social,0,0
LEAD002494,CUST001082,2018-08-17,Social,0,0
LEAD002495,CUST005512,2017-05-25,Referral,0,0
LEAD002496,CUST002045,2017-01-17,Email,1,0
LEAD002497,CUST008656,2018-09-01,Email,0,0
LEAD002498,CUST001724,2017-05-30,Referral,1,1
LEAD002499,CUST001266,2017-08-13,Marketplace,1,0
LEAD002500,CUST002622,2018-04-21,Email,0,0
LEAD002501,CUST000128,2017-10-03,Social,0,0
LEAD002502,CUST003388,2018-01-28,Organic,0,0
LEAD002503,CUST006634,2017-04-06,Organic,0,0
LEAD002504,CUST005398,2018-08-06,Organic,1,0
LEAD002505,CUST009288,2017-04-13,Organic,1,0
LEAD002506,CUST001048,2018-07-25,Referral,1,0
LEAD002507,CUST005493,2018-09-25,Paid Search,0,0
LEAD002508,CUST008595,2017-09-27,Marketplace,1,0
LEAD002509,CUST008186,2018-02-25,Marketplace,0,0
LEAD002510,CUST009816,2018-03-11,Email,0,0
LEAD002511,CUST005538,2018-02-11,Organic,0,0
LEAD002512,CUST008315,2018-06-29,Paid Search,0,0
LEAD002513,CUST005783,2018-04-23,Email,1,1
LEAD002514,CUST002469,2017-04-02,Marketplace,0,0
LEAD002515,CUST003126,2018-01-31,Social,0,0
LEAD002516,CUST008752,2017-08-09,Referral,0,0
LEAD002517,CUST006564,2017-09-07,Social,0,0
LEAD002518,CUST001205,2017-10-08,Organic,1,1
LEAD002519,CUST007338,2017-04-09,Marketplace,1,1
LEAD002520,CUST000709,2017-06-04,Paid Search,0,0
LEAD002521,CUST002537,2018-06-12,Social,0,0
LEAD002522,CUST008241,2018-09-25,Social,0,0
LEAD002523,CUST003549,2018-03-24,Organic,1,0
LEAD002524,CUST009621,2017-02-10,Referral,1,1
LEAD002525,CUST006966,2017-05-23,Email,0,0
LEAD002526,CUST006382,2017-12-12,Referral,1,0
LEAD002527,CUST008878,2017-09-02,Referral,0,0
LEAD002528,CUST000454,2018-03-13,Social,0,0
LEAD002529,CUST000567,2018-04-14,Organic,0,0
LEAD002530,CUST008372,2017-08-12,Organic,0,0
LEAD002531,CUST008610,2018-03-11,Referral,1,0
LEAD002532,CUST002719,2018-02-10,Marketplace,0,0
LEAD002533,CUST009614,2018-07-31,Paid Search,1,1
LEAD002534,CUST001259,2018-01-24,Referral,0,0
LEAD002535,CUST008886,2018-09-16,Organic,0,0
LEAD002536,CUST002779,2017-05-10,Organic,1,0
LEAD002537,CUST004228,2017-09-28,Referral,0,0
LEAD002538,CUST003887,2017-07-14,Referral,1,0
LEAD002539,CUST002946,2017-11-05,Email,0,0
LEAD002540,CUST008037,2018-06-07,Email,1,0
LEAD002541,CUST005695,2018-05-08,Paid Search,1,1
LEAD002542,CUST002284,2017-08-17,Email,0,0
LEAD002543,CUST002448,2017-04-05,Referral,0,0
LEAD002544,CUST001272,2017-05-05,Referral,1,0
LEAD002545,CUST007746,2018-06-09,Email,1,0
LEAD002546,CUST001186,2017-11-03,Referral,0,0
LEAD002547,CUST004626,2017-07-30,Email,1,0
LEAD002548,CUST002556,2018-09-20,Organic,0,0
LEAD002549,CUST008490,2018-02-10,Paid Search,1,1
LEAD002550,CUST008721,2017-11-17,Paid Search,0,0
LEAD002551,CUST002516,2017-04-01,Email,0,0
LEAD002552,CUST007308,2018-04-07,Social,0,0
LEAD002553,CUST008063,2017-01-05,Referral,1,0
LEAD002554,CUST003503,2018-05-12,Email,1,0
LEAD002555,CUST006220,2017-06-09,Email,1,1
LEAD002556,CUST006133,2017-02-17,Marketplace,1,1
LEAD002557,CUST003752,2017-05-01,Referral,0,0
LEAD002558,CUST009900,2017-12-20,Organic,0,0
LEAD002559,CUST008234,2017-02-05,Marketplace,1,0
LEAD002560,CUST002270,2017-10-28,Marketplace,0,0
LEAD002561,CUST005284,2017-09-13,Marketplace,1,0
LEAD002562,CUST001401,2017-10-08,Email,1,0
LEAD002563,CUST005424,2017-01-12,Organic,0,0
LEAD002564,CUST004117,2018-05-12,Paid Search,0,0
LEAD002565,CUST006182,2017-10-19,Referral,0,0
LEAD002566,CUST007472,2017-03-10,Paid Search,0,0
LEAD002567,CUST004643,2018-09-29,Email,1,0
LEAD002568,CUST001058,2018-09-13,Referral,1,1
LEAD002569,CUST008676,2017-07-12,Email,1,0
LEAD002570,CUST008596,2018-02-04,Email,1,1
LEAD002571,CUST000106,2017-08-20,Paid Search,1,0
LEAD002572,CUST007678,2017-11-18,Paid Search,0,0
LEAD002573,CUST000029,2017-07-13,Referral,0,0
LEAD002574,CUST007144,2018-08-22,Email,0,0
LEAD002575,CUST001574,2018-01-10,Social,1,0
LEAD002576,CUST009844,2017-02-20,Email,0,0
LEAD002577,CUST005561,2018-06-14,Email,0,0
LEAD002578,CUST006153,2018-09-20,Organic,0,0
LEAD002579,CUST007008,2017-01-17,Referral,1,0
LEAD002580,CUST001825,2018-03-03,Organic,1,1
LEAD002581,CUST003235,2018-03-06,Paid Search,0,0
LEAD002582,CUST005669,2018-05-27,Organic,0,0
LEAD002583,CUST002411,2017-08-28,Marketplace,0,0
LEAD002584,CUST006377,2017-07-24,Paid Search,1,1
LEAD002585,CUST009264,2018-07-13,Paid Search,0,0
LEAD002586,CUST000293,2018-08-31,Email,1,0
LEAD002587,CUST007182,2017-08-04,Marketplace,1,0
LEAD002588,CUST008060,2017-08-28,Organic,1,0
LEAD002589,CUST000144,2017-01-10,Organic,0,0
LEAD002590,CUST004853,2018-07-29,Referral,0,0
LEAD002591,CUST001426,2018-01-02,Marketplace,1,1
LEAD002592,CUST002448,2018-09-01,Paid Search,0,0
LEAD002593,CUST007394,2017-05-11,Marketplace,0,0
LEAD002594,CUST007619,2017-06-03,Organic,0,0
LEAD002595,CUST006180,2017-10-29,Paid Search,1,0
LEAD002596,CUST001718,2017-10-09,Organic,0,0
LEAD002597,CUST003722,2017-11-16,Marketplace,0,0
LEAD002598,CUST000773,2017-07-06,Paid Search,1,0
LEAD002599,CUST008470,2017-12-07,Referral,0,0
LEAD002600,CUST009410,2018-04-03,Paid Search,1,1
LEAD002601,CUST002564,2017-08-22,Social,0,0
LEAD002602,CUST008434,2018-02-08,Paid Search,0,0
LEAD002603,CUST001158,2018-03-23,Social,0,0
LEAD002604,CUST006938,2018-02-16,Social,0,0
LEAD002605,CUST005564,2017-10-19,Referral,1,0
LEAD002606,CUST000394,2017-05-15,Marketplace,1,1
LEAD002607,CUST007860,2018-03-13,Social,1,0
LEAD002608,CUST003753,2017-02-19,Social,0,0
LEAD002609,CUST008226,2017-02-16,Paid Search,1,0
LEAD002610,CUST006927,2017-10-30,Organic,0,0
LEAD002611,CUST008254,2017-02-28,Social,0,0
LEAD002612,CUST008351,2018-06-07,Email,1,0
LEAD002613,CUST006499,2018-02-11,Organic,0,0
LEAD002614,CUST009393,2017-05-02,Organic,1,1
LEAD002615,CUST006324,2017-09-30,Paid Search,1,1
LEAD002616,CUST008284,2018-08-12,Paid Search,1,0
LEAD002617,CUST004313,2017-09-02,Paid Search,0,0
LEAD002618,CUST004606,2017-02-09,Marketplace,0,0
LEAD002619,CUST001550,2018-02-10,Organic,0,0
LEAD002620,CUST009432,2018-08-26,Email,1,0
LEAD002621,CUST003893,2018-05-20,Referral,1,0
LEAD002622,CUST008494,2018-09-10,Organic,0,0
LEAD002623,CUST005807,2018-04-18,Paid Search,0,0
LEAD002624,CUST008129,2017-09-15,Referral,1,0
LEAD002625,CUST007900,2017-04-13,Organic,0,0
LEAD002626,CUST008350,2017-11-14,Paid Search,0,0
LEAD002627,CUST002872,2018-02-20,Email,0,0
LEAD002628,CUST007092,2017-12-24,Email,0,0
LEAD002629,CUST004239,2017-07-23,Social,1,0
LEAD002630,CUST009482,2018-04-23,Email,0,0
LEAD002631,CUST004273,2018-06-24,Referral,1,0
LEAD002632,CUST008690,2017-08-17,Email,1,0
LEAD002633,CUST003736,2018-03-06,Marketplace,1,0
LEAD002634,CUST009961,2017-06-21,Social,0,0
LEAD002635,CUST006272,2017-06-25,Referral,0,0
LEAD002636,CUST004535,2018-05-27,Referral,0,0
LEAD002637,CUST001356,2017-05-06,Email,1,0
LEAD002638,CUST007126,2018-05-21,Referral,0,0
LEAD002639,CUST005934,2017-11-05,Social,0,0
LEAD002640,CUST008780,2017-11-12,Paid Search,1,0
LEAD002641,CUST007930,2017-10-30,Organic,0,0
LEAD002642,CUST009897,2018-02-16,Referral,1,0
LEAD002643,CUST007225,2018-01-27,Referral,0,0
LEAD002644,CUST002265,2018-03-26,Marketplace,1,0
LEAD002645,CUST000860,2017-04-09,Social,1,0
LEAD002646,CUST006285,2018-03-18,Social,0,0
LEAD002647,CUST008067,2017-02-25,Paid Search,0,0
LEAD002648,CUST001854,2018-09-02,Email,0,0
LEAD002649,CUST005033,2017-03-04,Organic,1,0
LEAD002650,CUST004798,2017-07-14,Social,0,0
LEAD002651,CUST008536,2018-03-20,Email,0,0
LEAD002652,CUST005499,2017-09-19,Organic,0,0
LEAD002653,CUST004849,2018-02-07,Social,1,1
LEAD002654,CUST007793,2017-03-14,Organic,1,0
LEAD002655,CUST007065,2018-08-03,Email,0,0
LEAD002656,CUST005655,2018-06-27,Organic,0,0
LEAD002657,CUST001088,2017-01-07,Email,0,0
LEAD002658,CUST006524,2017-02-07,Social,0,0
LEAD002659,CUST000366,2017-06-14,Email,1,0
LEAD002660,CUST000539,2018-05-12,Referral,1,0
LEAD002661,CUST000777,2018-06-23,Organic,1,0
LEAD002662,CUST006660,2018-03-31,Marketplace,1,0
LEAD002663,CUST007559,2018-05-21,Social,1,0
LEAD002664,CUST008325,2017-04-08,Social,0,0
LEAD002665,CUST000845,2017-01-19,Organic,1,0
LEAD002666,CUST002248,2018-06-04,Email,1,0
LEAD002667,CUST008736,2017-01-25,Referral,0,0
LEAD002668,CUST009181,2017-10-10,Marketplace,1,0
LEAD002669,CUST003631,2017-07-08,Marketplace,0,0
LEAD002670,CUST005294,2017-07-27,Organic,0,0
LEAD002671,CUST009685,2018-05-19,Referral,1,1
LEAD002672,CUST002337,2017-11-14,Marketplace,0,0
LEAD002673,CUST006395,2018-02-10,Marketplace,1,1
LEAD002674,CUST000138,2017-01-15,Organic,0,0
LEAD002675,CUST007199,2017-07-02,Paid Search,0,0
LEAD002676,CUST008174,2017-01-03,Email,1,0
LEAD002677,CUST005908,2018-03-28,Email,1,1
LEAD002678,CUST002023,2017-02-14,Social,1,0
LEAD002679,CUST005085,2018-01-02,Marketplace,1,1
LEAD002680,CUST001909,2017-10-08,Social,0,0
LEAD002681,CUST000531,2018-07-29,Marketplace,1,0
LEAD002682,CUST000321,2017-05-10,Organic,1,0
LEAD002683,CUST007340,2018-04-17,Organic,0,0
LEAD002684,CUST002637,2017-12-15,Email,1,0
LEAD002685,CUST000912,2018-07-06,Social,1,0
LEAD002686,CUST004507,2018-05-31,Organic,1,0
LEAD002687,CUST008552,2018-04-10,Email,0,0
LEAD002688,CUST005186,2017-12-13,Organic,0,0
LEAD002689,CUST007026,2018-03-16,Social,0,0
LEAD002690,CUST006166,2017-03-29,Paid Search,1,1
LEAD002691,CUST000765,2017-07-24,Email,1,1
LEAD002692,CUST001619,2017-05-24,Marketplace,0,0
LEAD002693,CUST005732,2017-04-25,Marketplace,0,0
LEAD002694,CUST008491,2017-05-23,Referral,0,0
LEAD002695,CUST000090,2018-06-07,Referral,0,0
LEAD002696,CUST003107,2017-06-08,Email,1,0
LEAD002697,CUST000821,2018-03-27,Marketplace,1,0
LEAD002698,CUST002180,2018-01-07,Email,0,0
LEAD002699,CUST001821,2017-05-24,Referral,1,0
LEAD002700,CUST007502,2018-04-16,Paid Search,0,0
LEAD002701,CUST002148,2018-02-07,Social,0,0
LEAD002702,CUST001296,2017-12-12,Paid Search,1,1
LEAD002703,CUST002836,2017-02-12,Email,0,0
LEAD002704,CUST008720,2017-05-03,Paid Search,1,0
LEAD002705,CUST006370,2017-03-31,Referral,0,0
LEAD002706,CUST001873,2017-05-16,Paid Search,0,0
LEAD002707,CUST007574,2017-07-02,Organic,0,0
LEAD002708,CUST008703,2018-05-12,Referral,1,0
LEAD002709,CUST007488,2018-06-16,Email,1,0
LEAD002710,CUST004843,2017-03-16,Marketplace,1,1
LEAD002711,CUST009444,2017-09-01,Referral,0,0
LEAD002712,CUST007160,2018-05-24,Referral,1,0
LEAD002713,CUST005608,2017-08-18,Paid Search,0,0
LEAD002714,CUST003420,2018-06-18,Paid Search,0,0
LEAD002715,CUST006258,2017-08-15,Marketplace,1,0
LEAD002716,CUST006584,2018-05-16,Referral,0,0
LEAD002717,CUST000276,2017-06-05,Marketplace,1,1
LEAD002718,CUST001226,2017-03-22,Organic,1,0
LEAD002719,CUST002912,2018-05-15,Email,0,0
LEAD002720,CUST003964,2017-08-20,Organic,1,0
LEAD002721,CUST002962,2017-02-20,Referral,1,0
LEAD002722,CUST005038,2017-03-17,Email,1,0
LEAD002723,CUST006873,2017-05-07,Referral,0,0
LEAD002724,CUST000490,2018-01-21,Marketplace,0,0
LEAD002725,CUST009073,2017-09-30,Paid Search,1,1
LEAD002726,CUST003296,2017-09-17,Paid Search,1,1
LEAD002727,CUST000691,2018-05-20,Organic,0,0
LEAD002728,CUST004264,2017-11-15,Organic,1,1
LEAD002729,CUST000911,2017-09-15,Paid Search,0,0
LEAD002730,CUST000909,2017-11-09,Referral,0,0
LEAD002731,CUST006149,2017-06-24,Social,1,1
LEAD002732,CUST001989,2017-10-20,Social,1,1
LEAD002733,CUST004708,2018-06-18,Social,0,0
LEAD002734,CUST004997,2017-06-22,Paid Search,0,0
LEAD002735,CUST005347,2018-07-06,Referral,0,0
LEAD002736,CUST009309,2018-06-04,Paid Search,0,0
LEAD002737,CUST007219,2018-08-08,Email,1,1
LEAD002738,CUST007123,2017-09-01,Referral,0,0
LEAD002739,CUST004527,2018-09-17,Social,0,0
LEAD002740,CUST003511,2018-07-20,Social,1,0
LEAD002741,CUST000747,2018-05-31,Referral,0,0
LEAD002742,CUST006244,2017-05-18,Organic,0,0
LEAD002743,CUST008687,2018-09-14,Marketplace,0,0
LEAD002744,CUST007544,2018-09-21,Marketplace,1,0
LEAD002745,CUST007322,2017-03-07,Social,1,1
LEAD002746,CUST007998,2017-10-26,Paid Search,1,0
LEAD002747,CUST006658,2018-03-17,Referral,1,0
LEAD002748,CUST000649,2017-01-31,Referral,0,0
LEAD002749,CUST006759,2017-11-20,Email,1,1
LEAD002750,CUST009304,2017-05-04,Email,0,0
LEAD002751,CUST004049,2018-05-19,Paid Search,1,0
LEAD002752,CUST001146,2017-09-04,Email,1,0
LEAD002753,CUST009714,2018-05-17,Social,0,0
LEAD002754,CUST008830,2018-02-22,Referral,0,0
LEAD002755,CUST003826,2018-04-21,Email,0,0
LEAD002756,CUST009715,2017-11-12,Referral,0,0
LEAD002757,CUST005170,2017-10-30,Social,1,0
LEAD002758,CUST002104,2017-10-08,Referral,1,0
LEAD002759,CUST003916,2018-05-07,Social,1,1
LEAD002760,CUST004979,2017-12-27,Email,1,0
LEAD002761,CUST000098,2018-07-23,Paid Search,1,0
LEAD002762,CUST008082,2017-09-02,Marketplace,1,0
LEAD002763,CUST008651,2018-09-02,Organic,1,1
LEAD002764,CUST006642,2017-01-30,Social,1,0
LEAD002765,CUST002180,2017-03-30,Organic,1,1
LEAD002766,CUST005474,2018-01-20,Marketplace,1,0
LEAD002767,CUST002654,2017-08-18,Referral,0,0
LEAD002768,CUST001957,2018-03-17,Referral,1,0
LEAD002769,CUST003623,2017-05-13,Paid Search,0,0
LEAD002770,CUST008573,2017-02-17,Marketplace,1,0
LEAD002771,CUST004182,2017-05-27,Email,1,0
LEAD002772,CUST006700,2017-07-13,Marketplace,1,0
LEAD002773,CUST002177,2017-04-13,Referral,1,1
LEAD002774,CUST007856,2018-07-06,Marketplace,0,0
LEAD002775,CUST000124,2017-11-26,Referral,0,0
LEAD002776,CUST005662,2017-02-16,Email,0,0
LEAD002777,CUST000550,2017-08-07,Organic,0,0
LEAD002778,CUST005778,2018-02-22,Paid Search,1,0
LEAD002779,CUST002067,2017-05-01,Paid Search,1,0
LEAD002780,CUST002998,2017-04-24,Paid Search,0,0
LEAD002781,CUST008105,2018-02-09,Referral,1,0
LEAD002782,CUST005224,2018-07-10,Referral,1,1
LEAD002783,CUST006581,2018-05-29,Referral,0,0
LEAD002784,CUST003718,2018-06-17,Email,0,0
LEAD002785,CUST005096,2018-02-01,Social,0,0
LEAD002786,CUST006026,2018-09-28,Social,1,0
LEAD002787,CUST008997,2018-06-21,Paid Search,0,0
LEAD002788,CUST006111,2017-04-12,Marketplace,0,0
LEAD002789,CUST006878,2017-08-24,Email,0,0
LEAD002790,CUST003027,2017-11-03,Paid Search,0,0
LEAD002791,CUST005223,2018-08-15,Email,1,1
LEAD002792,CUST005789,2017-01-28,Marketplace,0,0
LEAD002793,CUST003016,2018-07-15,Marketplace,0,0
LEAD002794,CUST000132,2017-03-26,Marketplace,0,0
LEAD002795,CUST002963,2017-05-22,Organic,0,0
LEAD002796,CUST009785,2017-05-12,Paid Search,1,0
LEAD002797,CUST007702,2017-05-23,Social,0,0
LEAD002798,CUST000923,2018-09-06,Email,0,0
LEAD002799,CUST005533,2018-05-17,Referral,1,0
LEAD002800,CUST002744,2018-09-19,Marketplace,1,0
LEAD002801,CUST002270,2017-04-12,Social,1,0
LEAD002802,CUST005865,2017-03-14,Paid Search,0,0
LEAD002803,CUST007490,2018-08-02,Email,0,0
LEAD002804,CUST007685,2018-04-01,Organic,1,0
LEAD002805,CUST000157,2018-09-26,Email,1,1
LEAD002806,CUST008114,2017-12-06,Paid Search,1,0
LEAD002807,CUST007833,2017-05-07,Paid Search,0,0
LEAD002808,CUST009292,2017-06-15,Paid Search,0,0
LEAD002809,CUST009424,2018-01-02,Marketplace,0,0
LEAD002810,CUST008263,2017-12-12,Paid Search,0,0
LEAD002811,CUST000263,2017-07-03,Referral,0,0
LEAD002812,CUST002487,2018-06-13,Marketplace,0,0
LEAD002813,CUST003391,2018-04-12,Email,1,1
LEAD002814,CUST004264,2017-02-19,Paid Search,0,0
LEAD002815,CUST001269,2018-01-09,Email,0,0
LEAD002816,CUST005729,2018-06-20,Email,0,0
LEAD002817,CUST006269,2018-05-29,Referral,1,0
LEAD002818,CUST006556,2017-02-26,Paid Search,0,0
LEAD002819,CUST007938,2017-10-10,Marketplace,0,0
LEAD002820,CUST006642,2018-07-03,Email,1,1
LEAD002821,CUST000934,2017-01-15,Marketplace,1,0
LEAD002822,CUST002920,2017-10-20,Referral,0,0
LEAD002823,CUST006912,2018-09-19,Social,1,0
LEAD002824,CUST002403,2017-01-15,Marketplace,0,0
LEAD002825,CUST009901,2017-04-28,Organic,0,0
LEAD002826,CUST000672,2017-07-28,Paid Search,1,0
LEAD002827,CUST008829,2017-01-26,Social,1,1
LEAD002828,CUST004516,2017-02-21,Organic,1,0
LEAD002829,CUST008225,2018-06-22,Marketplace,1,0
LEAD002830,CUST006892,2017-01-04,Social,1,0
LEAD002831,CUST000521,2017-02-09,Marketplace,0,0
LEAD002832,CUST007734,2018-01-15,Social,1,0
LEAD002833,CUST002697,2018-07-02,Email,1,0
LEAD002834,CUST001303,2018-04-19,Referral,0,0
LEAD002835,CUST003414,2018-07-14,Referral,1,0
LEAD002836,CUST000842,2017-10-29,Organic,0,0
LEAD002837,CUST000583,2017-11-16,Organic,1,0
LEAD002838,CUST009083,2017-11-17,Social,1,1
LEAD002839,CUST004297,2018-03-10,Social,0,0
LEAD002840,CUST007483,2017-12-22,Referral,1,0
LEAD002841,CUST008532,2017-06-28,Paid Search,0,0
LEAD002842,CUST008671,2018-02-17,Paid Search,0,0
LEAD002843,CUST002023,2018-03-27,Referral,0,0
LEAD002844,CUST006785,2017-08-08,Referral,0,0
LEAD002845,CUST004877,2018-02-19,Referral,1,0
LEAD002846,CUST006839,2018-08-21,Social,1,1
LEAD002847,CUST005471,2018-07-13,Social,0,0
LEAD002848,CUST009027,2017-04-15,Email,0,0
LEAD002849,CUST008506,2018-08-18,Organic,0,0
LEAD002850,CUST004984,2017-09-07,Paid Search,1,0
LEAD002851,CUST000787,2018-06-21,Marketplace,1,1
LEAD002852,CUST003379,2018-07-01,Organic,0,0
LEAD002853,CUST002967,2018-08-29,Referral,1,0
LEAD002854,CUST004461,2017-04-06,Marketplace,0,0
LEAD002855,CUST008927,2018-01-23,Organic,0,0
LEAD002856,CUST005872,2017-01-08,Referral,1,1
LEAD002857,CUST004237,2017-12-12,Organic,1,1
LEAD002858,CUST000437,2018-09-06,Marketplace,0,0
LEAD002859,CUST007206,2017-01-23,Organic,0,0
LEAD002860,CUST007721,2018-01-31,Email,0,0
LEAD002861,CUST008079,2018-02-22,Referral,1,0
LEAD002862,CUST009755,2017-06-06,Referral,0,0
LEAD002863,CUST007691,2017-09-16,Paid Search,0,0
LEAD002864,CUST008406,2018-07-04,Organic,1,0
LEAD002865,CUST005798,2018-06-28,Organic,0,0
LEAD002866,CUST002034,2018-03-29,Email,1,0
LEAD002867,CUST003332,2017-01-23,Referral,1,0
LEAD002868,CUST003351,2018-06-28,Email,0,0
LEAD002869,CUST008649,2018-06-15,Organic,0,0
LEAD002870,CUST006841,2018-09-29,Social,0,0
LEAD002871,CUST000271,2018-03-11,Email,1,1
LEAD002872,CUST000538,2017-11-24,Paid Search,1,0
LEAD002873,CUST006404,2018-06-29,Marketplace,0,0
LEAD002874,CUST000788,2017-11-08,Email,1,0
LEAD002875,CUST009502,2018-07-16,Email,1,0
LEAD002876,CUST006953,2017-01-03,Social,1,0
LEAD002877,CUST005771,2018-06-22,Email,1,0
LEAD002878,CUST003004,2018-04-16,Social,0,0
LEAD002879,CUST003468,2017-05-11,Organic,0,0
LEAD002880,CUST009455,2017-10-09,Social,0,0
LEAD002881,CUST001685,2018-07-22,Organic,1,1
LEAD002882,CUST003932,2018-04-02,Email,0,0
LEAD002883,CUST009711,2017-02-15,Referral,1,1
LEAD002884,CUST004879,2017-10-25,Social,0,0
LEAD002885,CUST001902,2018-08-29,Social,0,0
LEAD002886,CUST004704,2018-02-17,Social,0,0
LEAD002887,CUST006737,2017-09-29,Paid Search,1,0
LEAD002888,CUST003272,2017-09-04,Social,1,0
LEAD002889,CUST002905,2017-07-10,Email,1,0
LEAD002890,CUST007086,2017-09-08,Paid Search,1,0
LEAD002891,CUST001546,2017-11-23,Paid Search,0,0
LEAD002892,CUST007263,2018-09-12,Social,0,0
LEAD002893,CUST001112,2018-03-25,Referral,0,0
LEAD002894,CUST005344,2017-01-18,Social,1,1
LEAD002895,CUST009484,2017-12-02,Social,1,0
LEAD002896,CUST008371,2018-06-29,Organic,1,1
LEAD002897,CUST009742,2018-04-22,Social,0,0
LEAD002898,CUST009938,2018-05-07,Referral,0,0
LEAD002899,CUST004765,2018-01-07,Organic,1,0
LEAD002900,CUST008583,2018-09-21,Email,1,1
LEAD002901,CUST004644,2017-06-07,Social,1,0
LEAD002902,CUST009346,2017-04-23,Social,0,0
LEAD002903,CUST002305,2017-09-27,Referral,0,0
LEAD002904,CUST006878,2017-02-26,Paid Search,1,0
LEAD002905,CUST008288,2018-06-01,Paid Search,1,0
LEAD002906,CUST002006,2017-05-04,Social,1,1
LEAD002907,CUST006495,2017-11-27,Email,1,1
LEAD002908,CUST000479,2018-03-25,Referral,0,0
LEAD002909,CUST001453,2017-10-05,Marketplace,0,0
LEAD002910,CUST007234,2018-06-30,Social,0,0
LEAD002911,CUST007388,2017-01-15,Email,0,0
LEAD002912,CUST006084,2017-01-28,Paid Search,0,0
LEAD002913,CUST001217,2018-07-15,Social,1,1
LEAD002914,CUST001546,2018-02-20,Referral,1,1
LEAD002915,CUST004982,2017-06-27,Paid Search,0,0
LEAD002916,CUST005777,2017-02-07,Social,0,0
LEAD002917,CUST007822,2018-05-18,Marketplace,0,0
LEAD002918,CUST000017,2017-01-31,Referral,0,0
LEAD002919,CUST000601,2018-04-21,Email,1,0
LEAD002920,CUST001218,2017-01-04,Marketplace,0,0
LEAD002921,CUST007430,2017-06-12,Organic,0,0
LEAD002922,CUST007446,2018-04-23,Email,1,0
LEAD002923,CUST003099,2017-01-27,Paid Search,1,1
LEAD002924,CUST008227,2017-10-01,Paid Search,1,0
LEAD002925,CUST000782,2018-02-19,Paid Search,0,0
LEAD002926,CUST000913,2017-11-19,Email,0,0
LEAD002927,CUST003397,2018-07-13,Organic,0,0
LEAD002928,CUST004399,2017-05-14,Organic,0,0
LEAD002929,CUST005921,2017-10-08,Social,1,0
LEAD002930,CUST002556,2018-02-27,Social,1,0
LEAD002931,CUST008742,2018-03-12,Organic,1,1
LEAD002932,CUST006549,2018-09-10,Organic,0,0
LEAD002933,CUST001857,2018-04-23,Paid Search,1,0
LEAD002934,CUST004338,2018-06-27,Email,0,0
LEAD002935,CUST005565,2018-02-25,Marketplace,1,0
LEAD002936,CUST000046,2018-05-31,Referral,0,0
LEAD002937,CUST009303,2017-12-02,Referral,0,0
LEAD002938,CUST009762,2018-02-05,Paid Search,1,0
LEAD002939,CUST006853,2017-07-03,Social,0,0
LEAD002940,CUST003016,2017-01-23,Referral,1,0
LEAD002941,CUST002685,2017-03-20,Referral,0,0
LEAD002942,CUST003663,2018-09-29,Referral,1,1
LEAD002943,CUST007410,2017-01-03,Social,0,0
LEAD002944,CUST000991,2018-07-09,Referral,1,1
LEAD002945,CUST002376,2018-04-09,Social,0,0
LEAD002946,CUST002504,2017-05-06,Organic,0,0
LEAD002947,CUST003848,2018-06-24,Email,0,0
LEAD002948,CUST003103,2017-10-14,Paid Search,1,1
LEAD002949,CUST005282,2018-04-15,Paid Search,1,0
LEAD002950,CUST005371,2017-04-06,Marketplace,1,0
LEAD002951,CUST000294,2017-06-15,Email,0,0
LEAD002952,CUST009513,2017-07-08,Social,0,0
LEAD002953,CUST006462,2018-08-19,Organic,0,0
LEAD002954,CUST005501,2017-09-20,Marketplace,1,0
LEAD002955,CUST005763,2017-10-16,Marketplace,1,0
LEAD002956,CUST002294,2017-05-30,Marketplace,1,1
LEAD002957,CUST008203,2017-06-15,Marketplace,0,0
LEAD002958,CUST006814,2017-12-09,Organic,0,0
LEAD002959,CUST009561,2017-11-11,Referral,0,0
LEAD002960,CUST009474,2018-01-06,Organic,0,0
LEAD002961,CUST000906,2017-11-17,Marketplace,1,1
LEAD002962,CUST009686,2018-08-22,Email,1,0
LEAD002963,CUST000895,2017-09-25,Social,0,0
LEAD002964,CUST004623,2017-03-16,Organic,1,1
LEAD002965,CUST009533,2018-06-26,Organic,0,0
LEAD002966,CUST004648,2017-07-04,Organic,0,0
LEAD002967,CUST007167,2018-01-18,Email,1,0
LEAD002968,CUST002223,2017-07-08,Referral,0,0
LEAD002969,CUST002214,2018-02-03,Paid Search,1,0
LEAD002970,CUST005564,2018-08-27,Social,1,1
LEAD002971,CUST001436,2018-06-24,Marketplace,0,0
LEAD002972,CUST009439,2017-07-31,Marketplace,0,0
LEAD002973,CUST008993,2018-03-12,Social,1,0
LEAD002974,CUST002798,2018-04-22,Organic,0,0
LEAD002975,CUST007943,2017-12-06,Social,0,0
LEAD002976,CUST007086,2017-12-05,Referral,1,0
LEAD002977,CUST001512,2017-09-07,Organic,0,0
LEAD002978,CUST007607,2017-09-03,Social,0,0
LEAD002979,CUST004119,2018-03-16,Organic,0,0
LEAD002980,CUST001173,2017-01-27,Social,1,0
LEAD002981,CUST005476,2017-12-24,Organic,0,0
LEAD002982,CUST000335,2017-07-03,Referral,1,1
LEAD002983,CUST009488,2017-06-19,Social,0,0
LEAD002984,CUST009585,2017-12-15,Marketplace,0,0
LEAD002985,CUST009873,2017-05-28,Marketplace,0,0
LEAD002986,CUST000437,2018-08-05,Organic,1,0
LEAD002987,CUST001927,2017-08-08,Referral,0,0
LEAD002988,CUST009819,2017-03-10,Email,0,0
LEAD002989,CUST000781,2017-07-28,Marketplace,0,0
LEAD002990,CUST001646,2018-05-02,Email,0,0
LEAD002991,CUST000982,2018-01-01,Marketplace,1,1
LEAD002992,CUST008652,2018-03-19,Social,1,0
LEAD002993,CUST001461,2018-06-19,Email,1,0
LEAD002994,CUST000096,2017-05-07,Organic,0,0
LEAD002995,CUST009220,2018-03-05,Social,1,1
LEAD002996,CUST004968,2018-05-22,Referral,0,0
LEAD002997,CUST004336,2018-04-22,Paid Search,1,0
LEAD002998,CUST002972,2017-12-15,Referral,0,0
LEAD002999,CUST002747,2018-07-05,Marketplace,1,0
LEAD003000,CUST008532,2017-01-20,Marketplace,1,1
LEAD003001,CUST005702,2017-05-15,Email,1,0
LEAD003002,CUST009353,2018-02-16,Referral,1,1
LEAD003003,CUST008867,2017-07-15,Paid Search,1,1
LEAD003004,CUST004248,2018-05-08,Organic,0,0
LEAD003005,CUST004727,2017-12-26,Organic,1,1
LEAD003006,CUST006324,2018-05-13,Paid Search,1,1
LEAD003007,CUST004871,2017-03-12,Email,1,0
LEAD003008,CUST000326,2018-09-01,Referral,0,0
LEAD003009,CUST009548,2018-01-27,Email,1,0
LEAD003010,CUST006278,2017-12-17,Organic,1,1
LEAD003011,CUST006032,2017-09-27,Referral,0,0
LEAD003012,CUST006838,2017-07-16,Marketplace,0,0
LEAD003013,CUST003838,2017-08-18,Paid Search,1,1
LEAD003014,CUST003134,2017-01-08,Referral,0,0
LEAD003015,CUST002613,2017-08-20,Organic,1,1
LEAD003016,CUST004894,2017-11-15,Email,0,0
LEAD003017,CUST009148,2017-05-11,Marketplace,0,0
LEAD003018,CUST006504,2018-09-01,Email,0,0
LEAD003019,CUST002385,2018-06-21,Organic,0,0
LEAD003020,CUST008370,2017-08-23,Organic,0,0
LEAD003021,CUST002929,2017-12-13,Referral,0,0
LEAD003022,CUST006421,2017-07-10,Marketplace,1,0
LEAD003023,CUST008847,2017-06-27,Paid Search,0,0
LEAD003024,CUST000443,2018-04-25,Social,1,0
LEAD003025,CUST001157,2017-09-14,Paid Search,1,1
LEAD003026,CUST000991,2017-12-13,Paid Search,1,0
LEAD003027,CUST007852,2018-02-27,Marketplace,0,0
LEAD003028,CUST004910,2017-10-20,Email,0,0
LEAD003029,CUST005684,2017-01-18,Paid Search,1,0
LEAD003030,CUST000650,2017-10-13,Email,0,0
LEAD003031,CUST000692,2018-01-21,Email,1,1
LEAD003032,CUST006954,2017-05-14,Paid Search,0,0
LEAD003033,CUST009949,2017-09-07,Paid Search,0,0
LEAD003034,CUST002373,2017-08-02,Organic,1,0
LEAD003035,CUST004216,2018-02-21,Organic,0,0
LEAD003036,CUST007802,2017-07-10,Paid Search,0,0
LEAD003037,CUST003689,2018-03-04,Marketplace,1,0
LEAD003038,CUST001985,2018-06-17,Organic,1,0
LEAD003039,CUST001601,2017-11-02,Marketplace,0,0
LEAD003040,CUST007180,2017-08-21,Paid Search,0,0
LEAD003041,CUST004967,2017-01-31,Organic,0,0
LEAD003042,CUST007115,2017-08-29,Marketplace,0,0
LEAD003043,CUST005442,2017-11-25,Organic,0,0
LEAD003044,CUST003164,2017-11-13,Paid Search,1,0
LEAD003045,CUST004640,2018-03-26,Social,0,0
LEAD003046,CUST002165,2017-05-02,Social,0,0
LEAD003047,CUST005862,2018-04-22,Paid Search,1,0
LEAD003048,CUST008668,2017-07-28,Marketplace,0,0
LEAD003049,CUST007964,2017-01-04,Email,0,0
LEAD003050,CUST005470,2017-12-15,Referral,1,0
LEAD003051,CUST000073,2018-03-14,Email,1,0
LEAD003052,CUST001590,2018-07-12,Paid Search,1,1
LEAD003053,CUST005811,2017-04-15,Email,0,0
LEAD003054,CUST007842,2018-05-13,Referral,1,0
LEAD003055,CUST008698,2017-12-21,Marketplace,1,0
LEAD003056,CUST001649,2017-04-14,Paid Search,0,0
LEAD003057,CUST008322,2018-02-24,Referral,0,0
LEAD003058,CUST005067,2018-01-08,Organic,0,0
LEAD003059,CUST009738,2017-05-05,Email,1,1
LEAD003060,CUST005915,2017-01-11,Organic,1,0
LEAD003061,CUST000274,2017-06-09,Organic,1,0
LEAD003062,CUST001470,2017-07-17,Email,1,0
LEAD003063,CUST000340,2018-04-05,Organic,0,0
LEAD003064,CUST007649,2017-03-30,Email,0,0
LEAD003065,CUST009451,2017-03-12,Organic,0,0
LEAD003066,CUST009231,2017-07-24,Email,0,0
LEAD003067,CUST009850,2017-08-03,Marketplace,1,0
LEAD003068,CUST004263,2018-04-15,Organic,1,0
LEAD003069,CUST000507,2018-04-14,Referral,0,0
LEAD003070,CUST003849,2017-06-16,Email,1,0
LEAD003071,CUST002544,2018-08-14,Referral,0,0
LEAD003072,CUST006444,2017-11-21,Paid Search,1,1
LEAD003073,CUST000616,2018-04-10,Organic,0,0
LEAD003074,CUST009587,2017-10-19,Marketplace,0,0
LEAD003075,CUST004368,2017-08-11,Organic,0,0
LEAD003076,CUST000450,2017-09-30,Paid Search,0,0
LEAD003077,CUST007360,2017-06-28,Organic,0,0
LEAD003078,CUST003213,2017-06-28,Referral,1,0
LEAD003079,CUST007933,2018-07-05,Organic,0,0
LEAD003080,CUST003915,2017-01-28,Referral,0,0
LEAD003081,CUST008178,2018-01-21,Organic,1,1
LEAD003082,CUST005543,2017-09-09,Paid Search,0,0
LEAD003083,CUST007596,2018-08-14,Email,0,0
LEAD003084,CUST004960,2018-03-08,Referral,0,0
LEAD003085,CUST003777,2018-04-20,Paid Search,1,1
LEAD003086,CUST003228,2017-02-15,Paid Search,0,0
LEAD003087,CUST008795,2017-03-31,Marketplace,1,1
LEAD003088,CUST004773,2017-05-02,Paid Search,0,0
LEAD003089,CUST006945,2017-05-03,Social,1,0
LEAD003090,CUST003836,2018-08-15,Referral,0,0
LEAD003091,CUST006200,2018-07-27,Marketplace,1,0
LEAD003092,CUST001779,2018-05-26,Email,0,0
LEAD003093,CUST008292,2017-10-06,Organic,0,0
LEAD003094,CUST006563,2018-02-21,Referral,0,0
LEAD003095,CUST008466,2018-02-24,Organic,1,1
LEAD003096,CUST002402,2018-05-26,Social,1,0
LEAD003097,CUST009609,2018-04-29,Paid Search,1,1
LEAD003098,CUST003127,2017-07-16,Organic,1,0
LEAD003099,CUST000159,2018-05-30,Referral,0,0
LEAD003100,CUST001527,2018-02-28,Paid Search,1,0
LEAD003101,CUST006154,2017-02-01,Email,1,0
LEAD003102,CUST006579,2018-05-03,Organic,0,0
LEAD003103,CUST005581,2017-03-14,Email,1,1
LEAD003104,CUST001086,2017-01-05,Paid Search,0,0
LEAD003105,CUST002921,2018-07-03,Referral,0,0
LEAD003106,CUST002129,2017-07-20,Referral,1,1
LEAD003107,CUST007167,2017-02-06,Referral,1,0
LEAD003108,CUST005922,2017-01-01,Organic,1,1
LEAD003109,CUST009283,2017-01-22,Social,0,0
LEAD003110,CUST002005,2018-04-12,Marketplace,1,0
LEAD003111,CUST009547,2018-03-05,Paid Search,1,0
LEAD003112,CUST006752,2017-08-28,Organic,0,0
LEAD003113,CUST003811,2017-05-13,Referral,1,0
LEAD003114,CUST009178,2018-09-25,Email,0,0
LEAD003115,CUST008121,2018-08-02,Organic,1,1
LEAD003116,CUST006570,2018-06-08,Referral,0,0
LEAD003117,CUST009175,2018-06-29,Referral,0,0
LEAD003118,CUST007039,2017-06-01,Referral,1,0
LEAD003119,CUST005230,2018-09-17,Referral,1,1
LEAD003120,CUST009474,2017-04-29,Marketplace,0,0
LEAD003121,CUST005893,2017-08-01,Referral,0,0
LEAD003122,CUST009249,2018-08-27,Email,0,0
LEAD003123,CUST002489,2017-10-27,Email,1,1
LEAD003124,CUST003351,2018-01-31,Organic,1,0
LEAD003125,CUST007796,2018-04-08,Email,0,0
LEAD003126,CUST005638,2017-11-06,Paid Search,1,0
LEAD003127,CUST008409,2018-05-13,Email,1,0
LEAD003128,CUST006308,2017-10-28,Email,0,0
LEAD003129,CUST002856,2017-04-26,Social,0,0
LEAD003130,CUST000450,2017-10-08,Email,1,0
LEAD003131,CUST002159,2017-08-29,Social,1,0
LEAD003132,CUST002551,2017-11-05,Referral,0,0
LEAD003133,CUST007105,2018-02-27,Email,0,0
LEAD003134,CUST005799,2017-06-21,Paid Search,1,0
LEAD003135,CUST003619,2017-08-24,Email,0,0
LEAD003136,CUST005767,2017-11-19,Marketplace,0,0
LEAD003137,CUST003458,2017-01-17,Email,1,0
LEAD003138,CUST003323,2018-04-07,Organic,0,0
LEAD003139,CUST002749,2018-05-10,Organic,1,0
LEAD003140,CUST002553,2018-02-13,Email,1,1
LEAD003141,CUST007726,2018-04-25,Paid Search,0,0
LEAD003142,CUST001640,2017-06-14,Email,0,0
LEAD003143,CUST008412,2017-12-05,Social,0,0
LEAD003144,CUST008427,2017-03-06,Paid Search,0,0
LEAD003145,CUST000008,2017-09-27,Organic,0,0
LEAD003146,CUST002312,2017-07-24,Paid Search,0,0
LEAD003147,CUST001646,2018-09-07,Organic,1,1
LEAD003148,CUST007045,2018-06-23,Referral,0,0
LEAD003149,CUST005823,2017-11-08,Marketplace,0,0
LEAD003150,CUST000110,2017-01-29,Referral,1,0
LEAD003151,CUST008639,2017-02-07,Paid Search,1,0
LEAD003152,CUST009984,2018-05-20,Organic,0,0
LEAD003153,CUST007745,2018-08-01,Email,0,0
LEAD003154,CUST001191,2018-02-02,Paid Search,1,1
LEAD003155,CUST003923,2017-06-11,Email,0,0
LEAD003156,CUST003273,2017-02-03,Marketplace,1,0
LEAD003157,CUST003298,2017-08-03,Organic,0,0
LEAD003158,CUST007909,2018-06-05,Email,0,0
LEAD003159,CUST001080,2017-04-16,Paid Search,1,0
LEAD003160,CUST002386,2017-07-26,Organic,0,0
LEAD003161,CUST000501,2017-04-03,Social,1,0
LEAD003162,CUST004124,2018-09-25,Referral,1,0
LEAD003163,CUST007866,2017-08-21,Referral,1,0
LEAD003164,CUST009417,2018-03-06,Email,0,0
LEAD003165,CUST004255,2017-04-18,Paid Search,0,0
LEAD003166,CUST000793,2017-09-26,Referral,0,0
LEAD003167,CUST004198,2017-02-16,Email,1,1
LEAD003168,CUST006432,2017-06-06,Marketplace,0,0
LEAD003169,CUST007377,2018-05-27,Marketplace,1,1
LEAD003170,CUST009064,2018-02-13,Organic,0,0
LEAD003171,CUST004655,2018-03-07,Paid Search,1,0
LEAD003172,CUST002788,2018-06-23,Organic,1,1
LEAD003173,CUST009541,2017-11-27,Organic,0,0
LEAD003174,CUST002239,2017-07-22,Referral,1,1
LEAD003175,CUST004321,2017-04-18,Referral,1,0
LEAD003176,CUST005725,2018-03-30,Paid Search,1,1
LEAD003177,CUST003595,2017-02-07,Organic,0,0
LEAD003178,CUST009827,2018-02-21,Referral,0,0
LEAD003179,CUST002489,2018-06-30,Marketplace,0,0
LEAD003180,CUST007395,2018-07-11,Organic,1,0
LEAD003181,CUST004466,2018-01-17,Marketplace,1,1
LEAD003182,CUST004253,2017-04-13,Email,0,0
LEAD003183,CUST000536,2017-11-10,Email,1,0
LEAD003184,CUST006129,2017-03-08,Paid Search,1,0
LEAD003185,CUST008693,2017-11-21,Marketplace,0,0
LEAD003186,CUST007789,2018-06-22,Marketplace,0,0
LEAD003187,CUST006392,2018-04-09,Email,0,0
LEAD003188,CUST000969,2017-01-08,Referral,1,1
LEAD003189,CUST001603,2018-01-11,Social,1,1
LEAD003190,CUST005396,2017-10-30,Marketplace,0,0
LEAD003191,CUST005963,2017-10-31,Paid Search,1,1
LEAD003192,CUST009551,2018-01-11,Paid Search,0,0
LEAD003193,CUST005983,2017-08-04,Email,1,0
LEAD003194,CUST003994,2017-06-04,Referral,0,0
LEAD003195,CUST000203,2018-02-28,Marketplace,0,0
LEAD003196,CUST003701,2017-11-30,Marketplace,1,1
LEAD003197,CUST005365,2018-04-21,Organic,1,0
LEAD003198,CUST008120,2017-02-28,Social,1,0
LEAD003199,CUST006978,2017-07-11,Social,1,0
LEAD003200,CUST001514,2017-09-10,Referral,1,1
LEAD003201,CUST007887,2017-01-24,Referral,0,0
LEAD003202,CUST008007,2017-08-23,Referral,0,0
LEAD003203,CUST007953,2017-03-27,Organic,0,0
LEAD003204,CUST005421,2017-03-20,Paid Search,0,0
LEAD003205,CUST007277,2017-04-03,Referral,1,0
LEAD003206,CUST003431,2017-06-09,Social,1,0
LEAD003207,CUST008304,2017-09-17,Referral,0,0
LEAD003208,CUST004544,2017-10-23,Paid Search,1,0
LEAD003209,CUST004578,2017-10-07,Paid Search,0,0
LEAD003210,CUST004355,2018-04-14,Marketplace,1,0
LEAD003211,CUST002777,2017-11-27,Social,0,0
LEAD003212,CUST008827,2017-04-19,Social,1,0
LEAD003213,CUST009850,2017-03-31,Paid Search,1,1
LEAD003214,CUST002825,2017-04-04,Social,1,0
LEAD003215,CUST007976,2017-03-01,Referral,0,0
LEAD003216,CUST007245,2017-11-02,Email,0,0
LEAD003217,CUST009143,2017-12-06,Email,1,0
LEAD003218,CUST006401,2017-11-14,Organic,1,0
LEAD003219,CUST000986,2018-05-01,Organic,0,0
LEAD003220,CUST002695,2018-01-24,Email,1,1
LEAD003221,CUST001919,2018-08-30,Email,1,0
LEAD003222,CUST000531,2018-01-02,Paid Search,1,0
LEAD003223,CUST000881,2018-03-03,Referral,0,0
LEAD003224,CUST005806,2018-09-04,Organic,1,1
LEAD003225,CUST006695,2017-09-01,Paid Search,0,0
LEAD003226,CUST004297,2017-12-21,Marketplace,1,0
LEAD003227,CUST004616,2017-12-17,Organic,1,0
LEAD003228,CUST005624,2017-06-04,Marketplace,1,0
LEAD003229,CUST004100,2017-01-22,Paid Search,1,1
LEAD003230,CUST000579,2018-06-02,Organic,1,1
LEAD003231,CUST001436,2018-06-17,Email,1,1
LEAD003232,CUST007648,2018-07-11,Email,1,0
LEAD003233,CUST003325,2018-07-03,Marketplace,1,0
LEAD003234,CUST002914,2017-11-17,Organic,1,0
LEAD003235,CUST007731,2018-02-07,Social,1,1
LEAD003236,CUST005890,2017-01-18,Referral,0,0
LEAD003237,CUST007811,2018-04-18,Paid Search,0,0
LEAD003238,CUST004014,2017-08-16,Organic,0,0
LEAD003239,CUST005776,2017-01-31,Marketplace,1,0
LEAD003240,CUST006654,2018-02-05,Email,0,0
LEAD003241,CUST001003,2018-04-13,Social,0,0
LEAD003242,CUST004456,2017-01-17,Organic,1,1
LEAD003243,CUST006516,2017-07-24,Paid Search,1,1
LEAD003244,CUST001311,2017-08-16,Referral,0,0
LEAD003245,CUST001062,2017-06-27,Referral,1,1
LEAD003246,CUST008981,2018-01-09,Organic,0,0
LEAD003247,CUST005098,2017-10-24,Referral,0,0
LEAD003248,CUST008143,2018-02-18,Referral,0,0
LEAD003249,CUST000401,2017-06-03,Social,0,0
LEAD003250,CUST009953,2017-03-15,Referral,0,0
LEAD003251,CUST007020,2018-01-06,Email,0,0
LEAD003252,CUST009465,2017-12-27,Paid Search,1,0
LEAD003253,CUST002084,2018-05-21,Organic,1,0
LEAD003254,CUST001235,2017-03-13,Marketplace,0,0
LEAD003255,CUST005386,2018-09-05,Paid Search,1,1
LEAD003256,CUST001412,2017-09-18,Marketplace,1,0
LEAD003257,CUST009259,2018-04-22,Paid Search,1,1
LEAD003258,CUST005379,2017-06-04,Paid Search,1,1
LEAD003259,CUST004389,2018-03-30,Organic,0,0
LEAD003260,CUST009913,2017-03-05,Email,0,0
LEAD003261,CUST005682,2017-12-17,Paid Search,0,0
LEAD003262,CUST005084,2018-06-10,Paid Search,0,0
LEAD003263,CUST006647,2017-06-13,Email,0,0
LEAD003264,CUST007672,2017-03-14,Social,1,0
LEAD003265,CUST000649,2017-02-10,Referral,0,0
LEAD003266,CUST008245,2017-07-30,Paid Search,1,0
LEAD003267,CUST000429,2017-07-11,Email,1,0
LEAD003268,CUST005691,2018-03-21,Referral,0,0
LEAD003269,CUST004076,2017-12-30,Social,1,1
LEAD003270,CUST002317,2018-02-06,Organic,0,0
LEAD003271,CUST002808,2018-07-12,Social,0,0
LEAD003272,CUST000414,2017-10-05,Referral,0,0
LEAD003273,CUST007934,2017-02-11,Email,0,0
LEAD003274,CUST009578,2017-12-08,Social,0,0
LEAD003275,CUST001341,2017-10-10,Email,1,0
LEAD003276,CUST001809,2018-02-09,Organic,1,0
LEAD003277,CUST006989,2017-08-12,Social,1,0
LEAD003278,CUST003787,2017-12-02,Paid Search,0,0
LEAD003279,CUST008431,2018-09-12,Paid Search,0,0
LEAD003280,CUST005269,2018-01-28,Referral,1,0
LEAD003281,CUST002498,2018-08-31,Social,1,0
LEAD003282,CUST004700,2017-01-21,Social,1,0
LEAD003283,CUST009686,2017-06-17,Referral,0,0
LEAD003284,CUST005295,2018-08-19,Marketplace,0,0
LEAD003285,CUST007130,2017-08-17,Paid Search,1,0
LEAD003286,CUST006596,2017-04-26,Marketplace,1,1
LEAD003287,CUST006791,2017-02-12,Social,1,0
LEAD003288,CUST009371,2017-09-04,Social,0,0
LEAD003289,CUST000572,2017-06-20,Email,0,0
LEAD003290,CUST005814,2017-03-29,Organic,0,0
LEAD003291,CUST000564,2017-09-10,Social,0,0
LEAD003292,CUST002951,2017-06-14,Paid Search,0,0
LEAD003293,CUST001860,2017-01-03,Social,1,0
LEAD003294,CUST002808,2018-04-21,Marketplace,0,0
LEAD003295,CUST001996,2018-02-16,Organic,1,0
LEAD003296,CUST003295,2018-06-22,Marketplace,1,0
LEAD003297,CUST009342,2017-01-31,Email,1,0
LEAD003298,CUST005448,2018-09-10,Social,0,0
LEAD003299,CUST004058,2018-08-24,Social,1,1
LEAD003300,CUST004208,2018-02-16,Organic,0,0
LEAD003301,CUST006551,2017-11-14,Referral,0,0
LEAD003302,CUST004689,2017-06-10,Email,0,0
LEAD003303,CUST008604,2018-03-02,Organic,0,0
LEAD003304,CUST002653,2017-07-18,Referral,1,1
LEAD003305,CUST003114,2017-02-22,Email,1,0
LEAD003306,CUST006944,2018-06-13,Referral,1,1
LEAD003307,CUST008804,2018-01-18,Paid Search,1,0
LEAD003308,CUST008896,2018-02-25,Organic,0,0
LEAD003309,CUST002340,2017-06-05,Social,1,0
LEAD003310,CUST000761,2018-08-02,Email,1,1
LEAD003311,CUST006799,2017-10-01,Referral,0,0
LEAD003312,CUST000020,2017-04-23,Marketplace,0,0
LEAD003313,CUST002825,2018-04-04,Marketplace,0,0
LEAD003314,CUST002935,2017-04-16,Social,0,0
LEAD003315,CUST006720,2017-01-26,Organic,1,0
LEAD003316,CUST008156,2018-07-20,Email,0,0
LEAD003317,CUST001231,2018-01-14,Email,1,0
LEAD003318,CUST004295,2018-02-14,Organic,0,0
LEAD003319,CUST008620,2017-09-18,Paid Search,0,0
LEAD003320,CUST008674,2017-02-26,Email,0,0
LEAD003321,CUST006179,2018-02-07,Social,1,1
LEAD003322,CUST004280,2018-09-29,Email,1,0
LEAD003323,CUST001331,2017-12-14,Organic,1,0
LEAD003324,CUST003209,2017-07-10,Marketplace,0,0
LEAD003325,CUST004744,2018-02-13,Organic,1,1
LEAD003326,CUST002739,2017-10-27,Email,1,0
LEAD003327,CUST006231,2017-05-04,Referral,0,0
LEAD003328,CUST003100,2018-02-06,Referral,0,0
LEAD003329,CUST007101,2017-04-05,Marketplace,1,0
LEAD003330,CUST009699,2018-08-11,Organic,1,0
LEAD003331,CUST003988,2018-07-30,Email,1,0
LEAD003332,CUST008809,2018-09-20,Social,0,0
LEAD003333,CUST007149,2018-03-31,Organic,0,0
LEAD003334,CUST004609,2017-03-23,Email,0,0
LEAD003335,CUST009378,2017-09-24,Email,0,0
LEAD003336,CUST006949,2017-03-12,Organic,0,0
LEAD003337,CUST005983,2018-06-14,Organic,0,0
LEAD003338,CUST000908,2017-04-12,Marketplace,1,0
LEAD003339,CUST002773,2017-08-18,Email,0,0
LEAD003340,CUST005265,2017-01-05,Email,0,0
LEAD003341,CUST000655,2017-01-12,Organic,0,0
LEAD003342,CUST000796,2017-01-20,Social,0,0
LEAD003343,CUST000208,2018-09-30,Referral,1,0
LEAD003344,CUST007147,2017-10-27,Referral,0,0
LEAD003345,CUST006704,2017-01-04,Referral,1,1
LEAD003346,CUST009427,2017-03-02,Social,1,1
LEAD003347,CUST000502,2018-04-15,Marketplace,0,0
LEAD003348,CUST008455,2017-06-19,Referral,0,0
LEAD003349,CUST003671,2018-02-05,Paid Search,1,0
LEAD003350,CUST007910,2017-12-12,Paid Search,0,0
LEAD003351,CUST002950,2017-06-30,Social,1,0
LEAD003352,CUST009222,2017-03-26,Email,0,0
LEAD003353,CUST008005,2018-04-10,Referral,1,0
LEAD003354,CUST003798,2018-09-24,Organic,1,0
LEAD003355,CUST006792,2018-07-19,Marketplace,1,0
LEAD003356,CUST006110,2018-08-22,Social,1,1
LEAD003357,CUST006574,2017-01-27,Marketplace,0,0
LEAD003358,CUST004852,2018-01-12,Paid Search,0,0
LEAD003359,CUST002413,2017-03-05,Email,1,1
LEAD003360,CUST009835,2017-06-24,Email,1,0
LEAD003361,CUST007436,2017-07-28,Social,1,0
LEAD003362,CUST002925,2017-12-23,Email,0,0
LEAD003363,CUST007398,2017-04-14,Paid Search,0,0
LEAD003364,CUST005801,2017-09-01,Social,1,0
LEAD003365,CUST001045,2017-12-10,Organic,0,0
LEAD003366,CUST005936,2018-05-06,Email,0,0
LEAD003367,CUST008808,2018-07-23,Social,1,0
LEAD003368,CUST007427,2018-01-07,Paid Search,1,1
LEAD003369,CUST004304,2018-01-01,Referral,1,0
LEAD003370,CUST003293,2018-07-14,Paid Search,1,1
LEAD003371,CUST000682,2018-07-05,Marketplace,0,0
LEAD003372,CUST003600,2017-03-25,Paid Search,0,0
LEAD003373,CUST009757,2018-05-14,Email,0,0
LEAD003374,CUST006767,2018-08-08,Social,1,0
LEAD003375,CUST009815,2017-05-01,Organic,1,0
LEAD003376,CUST005043,2018-09-26,Marketplace,0,0
LEAD003377,CUST005516,2018-05-07,Social,1,0
LEAD003378,CUST000859,2017-06-16,Email,1,1
LEAD003379,CUST004984,2017-12-02,Social,1,0
LEAD003380,CUST006638,2017-03-13,Marketplace,0,0
LEAD003381,CUST005124,2017-03-25,Social,0,0
LEAD003382,CUST007522,2018-04-01,Paid Search,1,0
LEAD003383,CUST007388,2017-08-02,Social,0,0
LEAD003384,CUST000471,2018-03-20,Referral,1,0
LEAD003385,CUST003414,2017-09-02,Referral,1,0
LEAD003386,CUST000345,2017-06-20,Referral,0,0
LEAD003387,CUST005723,2018-04-30,Social,1,0
LEAD003388,CUST000938,2018-02-01,Social,0,0
LEAD003389,CUST008590,2017-12-29,Paid Search,1,1
LEAD003390,CUST006881,2018-02-13,Social,0,0
LEAD003391,CUST008018,2018-03-22,Social,1,1
LEAD003392,CUST005332,2018-06-19,Social,1,0
LEAD003393,CUST001534,2017-06-01,Marketplace,1,1
LEAD003394,CUST000474,2018-01-02,Organic,1,0
LEAD003395,CUST003484,2017-04-28,Social,1,1
LEAD003396,CUST007079,2017-06-02,Paid Search,1,0
LEAD003397,CUST006549,2017-11-01,Paid Search,1,1
LEAD003398,CUST004198,2017-02-17,Referral,0,0
LEAD003399,CUST001089,2017-11-21,Referral,1,0
LEAD003400,CUST000627,2018-05-23,Paid Search,0,0
LEAD003401,CUST003367,2017-12-20,Marketplace,0,0
LEAD003402,CUST002147,2017-12-22,Marketplace,1,0
LEAD003403,CUST009356,2017-07-05,Email,0,0
LEAD003404,CUST000290,2017-02-26,Email,0,0
LEAD003405,CUST009025,2018-01-14,Marketplace,1,0
LEAD003406,CUST003522,2018-06-28,Referral,1,1
LEAD003407,CUST007183,2017-08-28,Social,1,0
LEAD003408,CUST002135,2018-07-16,Social,1,0
LEAD003409,CUST004304,2017-01-06,Organic,1,0
LEAD003410,CUST006955,2017-04-29,Referral,1,0
LEAD003411,CUST007872,2017-02-13,Organic,1,0
LEAD003412,CUST009578,2018-09-05,Referral,1,0
LEAD003413,CUST009814,2017-10-23,Social,0,0
LEAD003414,CUST008428,2018-02-01,Marketplace,0,0
LEAD003415,CUST007777,2018-04-30,Social,1,0
LEAD003416,CUST009671,2017-09-28,Referral,1,0
LEAD003417,CUST003389,2017-09-06,Organic,1,1
LEAD003418,CUST002963,2017-03-09,Organic,0,0
LEAD003419,CUST007906,2017-08-01,Email,0,0
LEAD003420,CUST001606,2018-02-24,Marketplace,1,1
LEAD003421,CUST008484,2017-11-19,Email,0,0
LEAD003422,CUST000154,2017-08-25,Referral,1,0
LEAD003423,CUST007625,2017-04-13,Marketplace,0,0
LEAD003424,CUST009643,2017-07-04,Organic,0,0
LEAD003425,CUST006962,2017-06-17,Organic,0,0
LEAD003426,CUST008914,2017-01-09,Marketplace,1,1
LEAD003427,CUST004733,2017-12-06,Referral,1,1
LEAD003428,CUST003366,2017-12-30,Social,1,0
LEAD003429,CUST003717,2017-11-23,Organic,0,0
LEAD003430,CUST002588,2018-01-08,Organic,1,1
LEAD003431,CUST001793,2018-04-23,Social,1,0
LEAD003432,CUST009168,2017-12-09,Social,1,0
LEAD003433,CUST009124,2018-06-06,Paid Search,0,0
LEAD003434,CUST006582,2018-03-26,Paid Search,0,0
LEAD003435,CUST003984,2018-07-31,Organic,0,0
LEAD003436,CUST001886,2017-12-27,Referral,0,0
LEAD003437,CUST006587,2017-08-24,Social,0,0
LEAD003438,CUST007543,2017-11-05,Email,1,1
LEAD003439,CUST008944,2018-03-23,Marketplace,0,0
LEAD003440,CUST008231,2018-03-14,Organic,0,0
LEAD003441,CUST000708,2017-05-24,Paid Search,1,0
LEAD003442,CUST000941,2017-12-16,Marketplace,0,0
LEAD003443,CUST002755,2018-05-15,Social,0,0
LEAD003444,CUST000810,2017-09-20,Social,1,1
LEAD003445,CUST005906,2018-01-19,Referral,0,0
LEAD003446,CUST000296,2018-07-26,Organic,0,0
LEAD003447,CUST009980,2018-04-25,Paid Search,0,0
LEAD003448,CUST006582,2018-08-22,Organic,0,0
LEAD003449,CUST007472,2018-07-27,Marketplace,0,0
LEAD003450,CUST001773,2017-08-28,Organic,0,0
LEAD003451,CUST002806,2018-09-03,Email,1,1
LEAD003452,CUST007922,2017-09-06,Email,1,1
LEAD003453,CUST006647,2018-04-25,Referral,1,0
LEAD003454,CUST001533,2018-06-26,Organic,1,0
LEAD003455,CUST003296,2018-09-24,Paid Search,1,1
LEAD003456,CUST005762,2017-11-02,Email,1,1
LEAD003457,CUST008199,2017-03-26,Social,1,0
LEAD003458,CUST008845,2017-09-15,Organic,1,0
LEAD003459,CUST006185,2018-09-26,Organic,0,0
LEAD003460,CUST002210,2018-08-19,Social,0,0
LEAD003461,CUST002555,2017-12-01,Referral,1,1
LEAD003462,CUST004505,2017-06-05,Marketplace,0,0
LEAD003463,CUST000679,2017-04-01,Paid Search,1,0
LEAD003464,CUST005827,2018-04-18,Referral,1,1
LEAD003465,CUST005276,2017-06-06,Email,0,0
LEAD003466,CUST008882,2017-05-08,Email,1,1
LEAD003467,CUST004720,2018-04-18,Marketplace,0,0
LEAD003468,CUST007652,2017-04-22,Marketplace,1,0
LEAD003469,CUST009267,2017-09-14,Email,1,0
LEAD003470,CUST002717,2017-07-02,Marketplace,0,0
LEAD003471,CUST002318,2018-09-03,Social,0,0
LEAD003472,CUST009924,2017-04-05,Email,0,0
LEAD003473,CUST005645,2018-03-25,Marketplace,0,0
LEAD003474,CUST000571,2017-02-21,Social,0,0
LEAD003475,CUST004635,2017-03-06,Referral,0,0
LEAD003476,CUST001670,2018-07-01,Email,1,1
LEAD003477,CUST006382,2017-06-02,Marketplace,1,1
LEAD003478,CUST005724,2018-06-01,Marketplace,1,0
LEAD003479,CUST005553,2017-03-17,Marketplace,0,0
LEAD003480,CUST001488,2018-08-20,Marketplace,0,0
LEAD003481,CUST003066,2017-07-07,Email,0,0
LEAD003482,CUST000443,2017-03-19,Social,1,1
LEAD003483,CUST005527,2017-03-16,Email,0,0
LEAD003484,CUST003425,2018-08-13,Social,0,0
LEAD003485,CUST001767,2017-10-16,Email,0,0
LEAD003486,CUST008806,2018-05-22,Email,0,0
LEAD003487,CUST002547,2017-02-06,Organic,0,0
LEAD003488,CUST004957,2017-09-13,Organic,1,0
LEAD003489,CUST004984,2017-12-16,Email,0,0
LEAD003490,CUST007903,2018-08-06,Organic,0,0
LEAD003491,CUST005015,2018-04-17,Organic,0,0
LEAD003492,CUST001193,2018-05-01,Social,0,0
LEAD003493,CUST003200,2018-03-13,Organic,0,0
LEAD003494,CUST001868,2017-12-29,Email,0,0
LEAD003495,CUST005629,2017-10-27,Email,1,1
LEAD003496,CUST002362,2018-03-28,Marketplace,1,0
LEAD003497,CUST006962,2017-01-23,Referral,0,0
LEAD003498,CUST009210,2017-09-24,Paid Search,1,0
LEAD003499,CUST000238,2018-08-09,Social,0,0
LEAD003500,CUST006805,2018-02-21,Email,1,0
LEAD003501,CUST009897,2017-08-13,Social,1,0
LEAD003502,CUST005182,2017-02-27,Referral,1,0
LEAD003503,CUST009983,2018-03-01,Paid Search,0,0
LEAD003504,CUST006121,2017-02-17,Marketplace,0,0
LEAD003505,CUST005146,2018-06-04,Paid Search,0,0
LEAD003506,CUST009949,2017-03-02,Referral,0,0
LEAD003507,CUST006497,2017-08-11,Referral,1,0
LEAD003508,CUST003282,2018-01-30,Referral,1,0
LEAD003509,CUST007329,2018-03-03,Paid Search,0,0
LEAD003510,CUST008196,2017-08-29,Referral,0,0
LEAD003511,CUST005914,2017-10-11,Marketplace,1,1
LEAD003512,CUST003589,2018-05-26,Email,1,1
LEAD003513,CUST008612,2017-11-22,Email,0,0
LEAD003514,CUST007022,2017-01-25,Social,1,1
LEAD003515,CUST003818,2017-05-23,Social,1,0
LEAD003516,CUST005388,2018-03-26,Organic,1,0
LEAD003517,CUST002378,2018-05-23,Email,0,0
LEAD003518,CUST009390,2017-04-26,Paid Search,1,1
LEAD003519,CUST005028,2017-07-27,Paid Search,0,0
LEAD003520,CUST000607,2017-06-14,Social,0,0
LEAD003521,CUST002947,2017-01-22,Referral,1,1
LEAD003522,CUST007184,2018-04-12,Paid Search,0,0
LEAD003523,CUST006174,2018-03-19,Marketplace,0,0
LEAD003524,CUST008595,2018-03-19,Organic,1,1
LEAD003525,CUST000879,2017-04-11,Organic,1,0
LEAD003526,CUST007807,2017-03-18,Organic,0,0
LEAD003527,CUST006993,2017-04-21,Paid Search,1,0
LEAD003528,CUST000689,2018-08-17,Email,1,1
LEAD003529,CUST004162,2018-02-22,Referral,0,0
LEAD003530,CUST001103,2018-08-26,Marketplace,1,0
LEAD003531,CUST004734,2018-02-01,Marketplace,0,0
LEAD003532,CUST009418,2017-06-27,Paid Search,1,0
LEAD003533,CUST007606,2018-09-14,Marketplace,0,0
LEAD003534,CUST003702,2018-09-24,Referral,1,1
LEAD003535,CUST005799,2018-01-25,Marketplace,0,0
LEAD003536,CUST002488,2018-05-20,Referral,1,1
LEAD003537,CUST008659,2017-03-29,Marketplace,0,0
LEAD003538,CUST000193,2018-08-11,Organic,1,0
LEAD003539,CUST008106,2017-01-06,Marketplace,0,0
LEAD003540,CUST001648,2018-05-11,Social,0,0
LEAD003541,CUST005755,2017-04-30,Referral,0,0
LEAD003542,CUST007019,2018-04-23,Email,1,0
LEAD003543,CUST009003,2017-01-05,Referral,0,0
LEAD003544,CUST009641,2017-05-31,Paid Search,0,0
LEAD003545,CUST003392,2018-05-19,Social,1,0
LEAD003546,CUST004583,2017-11-23,Social,0,0
LEAD003547,CUST001137,2017-10-07,Marketplace,1,1
LEAD003548,CUST007475,2018-08-16,Paid Search,0,0
LEAD003549,CUST001180,2018-04-04,Referral,0,0
LEAD003550,CUST007625,2017-11-02,Email,0,0
LEAD003551,CUST007000,2017-04-23,Referral,0,0
LEAD003552,CUST001195,2018-01-26,Organic,1,0
LEAD003553,CUST004595,2017-04-24,Social,0,0
LEAD003554,CUST002932,2017-08-15,Organic,1,0
LEAD003555,CUST000312,2017-02-01,Organic,1,0
LEAD003556,CUST007275,2017-03-10,Marketplace,1,1
LEAD003557,CUST003403,2017-01-16,Email,1,1
LEAD003558,CUST004961,2017-02-11,Marketplace,0,0
LEAD003559,CUST001676,2017-02-18,Marketplace,0,0
LEAD003560,CUST009615,2018-02-14,Referral,0,0
LEAD003561,CUST009994,2017-04-16,Organic,0,0
LEAD003562,CUST000683,2018-06-05,Organic,0,0
LEAD003563,CUST001500,2018-02-27,Social,1,1
LEAD003564,CUST007114,2017-12-21,Paid Search,0,0
LEAD003565,CUST008081,2018-04-11,Referral,1,0
LEAD003566,CUST008685,2018-06-08,Marketplace,0,0
LEAD003567,CUST004078,2017-05-16,Social,1,1
LEAD003568,CUST004462,2018-06-22,Social,1,0
LEAD003569,CUST009091,2018-09-04,Organic,0,0
LEAD003570,CUST008285,2018-07-26,Marketplace,0,0
LEAD003571,CUST003131,2017-08-26,Email,1,0
LEAD003572,CUST006281,2017-08-16,Paid Search,1,1
LEAD003573,CUST006974,2018-03-20,Paid Search,1,0
LEAD003574,CUST009404,2018-02-12,Social,1,0
LEAD003575,CUST008516,2018-07-21,Email,1,0
LEAD003576,CUST009195,2018-09-24,Email,0,0
LEAD003577,CUST002653,2017-02-01,Organic,0,0
LEAD003578,CUST005939,2018-07-24,Organic,1,0
LEAD003579,CUST007941,2018-07-18,Marketplace,0,0
LEAD003580,CUST008041,2017-06-26,Referral,0,0
LEAD003581,CUST003297,2018-07-21,Email,0,0
LEAD003582,CUST009743,2017-12-01,Organic,0,0
LEAD003583,CUST009389,2018-03-19,Organic,1,1
LEAD003584,CUST003295,2018-01-07,Paid Search,1,1
LEAD003585,CUST002799,2017-10-02,Organic,1,0
LEAD003586,CUST008874,2018-02-20,Email,0,0
LEAD003587,CUST001297,2017-05-10,Social,0,0
LEAD003588,CUST004070,2017-06-13,Paid Search,0,0
LEAD003589,CUST007961,2018-04-05,Paid Search,0,0
LEAD003590,CUST002355,2017-05-31,Email,1,0
LEAD003591,CUST001894,2017-08-30,Referral,0,0
LEAD003592,CUST006013,2018-02-21,Paid Search,1,0
LEAD003593,CUST007701,2018-04-24,Marketplace,1,1
LEAD003594,CUST003176,2017-02-25,Email,0,0
LEAD003595,CUST007958,2017-08-20,Organic,0,0
LEAD003596,CUST004535,2017-12-24,Paid Search,1,0
LEAD003597,CUST004665,2017-09-13,Marketplace,1,1
LEAD003598,CUST003807,2018-03-21,Marketplace,0,0
LEAD003599,CUST000068,2018-03-04,Paid Search,0,0
LEAD003600,CUST001174,2018-07-09,Email,0,0
LEAD003601,CUST006377,2017-02-17,Email,1,0
LEAD003602,CUST007109,2017-10-08,Marketplace,0,0
LEAD003603,CUST008165,2017-09-17,Organic,1,0
LEAD003604,CUST001501,2017-12-26,Email,1,1
LEAD003605,CUST006699,2017-10-04,Email,1,1
LEAD003606,CUST009707,2018-04-15,Marketplace,0,0
LEAD003607,CUST003098,2017-04-22,Email,1,0
LEAD003608,CUST005204,2018-07-04,Referral,1,1
LEAD003609,CUST009414,2018-04-06,Organic,0,0
LEAD003610,CUST007226,2017-06-01,Organic,1,1
LEAD003611,CUST009088,2017-06-28,Marketplace,1,0
LEAD003612,CUST000741,2017-09-05,Email,1,0
LEAD003613,CUST003787,2018-06-13,Email,0,0
LEAD003614,CUST002113,2017-11-03,Marketplace,0,0
LEAD003615,CUST006074,2017-04-03,Referral,1,0
LEAD003616,CUST007549,2017-05-06,Organic,1,0
LEAD003617,CUST006477,2018-01-21,Email,1,1
LEAD003618,CUST006120,2018-05-01,Marketplace,0,0
LEAD003619,CUST009348,2017-10-20,Email,1,0
LEAD003620,CUST009963,2017-12-12,Referral,1,1
LEAD003621,CUST003739,2018-02-10,Marketplace,1,1
LEAD003622,CUST001914,2017-02-25,Email,0,0
LEAD003623,CUST005625,2017-11-28,Referral,1,0
LEAD003624,CUST002090,2018-06-27,Email,1,0
LEAD003625,CUST004522,2018-01-22,Paid Search,0,0
LEAD003626,CUST008378,2017-06-03,Social,0,0
LEAD003627,CUST001300,2017-10-05,Email,1,1
LEAD003628,CUST009452,2018-05-03,Email,1,0
LEAD003629,CUST006934,2017-09-26,Email,1,1
LEAD003630,CUST009220,2017-05-12,Email,0,0
LEAD003631,CUST000943,2017-11-09,Organic,1,0
LEAD003632,CUST003997,2018-07-14,Paid Search,0,0
LEAD003633,CUST006335,2018-06-28,Marketplace,1,1
LEAD003634,CUST003916,2017-04-01,Marketplace,0,0
LEAD003635,CUST004572,2017-07-27,Referral,1,0
LEAD003636,CUST005451,2018-02-21,Paid Search,0,0
LEAD003637,CUST000083,2018-03-24,Paid Search,0,0
LEAD003638,CUST009493,2017-08-05,Email,1,1
LEAD003639,CUST001900,2017-08-03,Email,1,1
LEAD003640,CUST005434,2018-04-01,Organic,0,0
LEAD003641,CUST003163,2017-08-08,Email,0,0
LEAD003642,CUST002142,2017-03-06,Referral,1,0
LEAD003643,CUST003546,2017-07-08,Marketplace,1,1
LEAD003644,CUST007084,2017-06-08,Social,1,0
LEAD003645,CUST001521,2017-01-21,Social,1,1
LEAD003646,CUST002008,2017-04-28,Paid Search,0,0
LEAD003647,CUST005524,2018-01-25,Email,1,0
LEAD003648,CUST008028,2018-03-07,Social,1,0
LEAD003649,CUST007142,2017-09-11,Organic,0,0
LEAD003650,CUST004117,2017-08-01,Paid Search,1,0
LEAD003651,CUST006018,2018-01-31,Referral,1,0
LEAD003652,CUST009933,2017-05-03,Organic,0,0
LEAD003653,CUST005562,2018-04-18,Marketplace,1,1
LEAD003654,CUST003984,2017-09-07,Email,1,0
LEAD003655,CUST006786,2017-01-21,Social,0,0
LEAD003656,CUST002305,2017-02-20,Paid Search,0,0
LEAD003657,CUST000998,2017-04-01,Organic,1,0
LEAD003658,CUST008452,2017-04-16,Email,1,1
LEAD003659,CUST002497,2018-04-09,Social,0,0
LEAD003660,CUST004860,2017-09-09,Marketplace,0,0
LEAD003661,CUST004123,2017-07-17,Email,0,0
LEAD003662,CUST006889,2018-08-01,Organic,0,0
LEAD003663,CUST009215,2017-07-31,Social,1,0
LEAD003664,CUST004105,2017-01-15,Paid Search,0,0
LEAD003665,CUST009125,2017-09-15,Email,0,0
LEAD003666,CUST005929,2017-09-19,Marketplace,0,0
LEAD003667,CUST004125,2018-09-12,Referral,1,1
LEAD003668,CUST006226,2017-12-13,Email,0,0
LEAD003669,CUST009903,2017-10-22,Organic,1,1
LEAD003670,CUST003865,2017-02-05,Social,1,0
LEAD003671,CUST002529,2018-01-24,Email,1,0
LEAD003672,CUST009519,2017-08-14,Organic,0,0
LEAD003673,CUST003908,2018-09-18,Email,0,0
LEAD003674,CUST002665,2017-05-04,Email,1,0
LEAD003675,CUST006039,2017-03-18,Email,0,0
LEAD003676,CUST003492,2017-06-04,Organic,1,1
LEAD003677,CUST006928,2018-06-15,Marketplace,0,0
LEAD003678,CUST000327,2017-03-29,Marketplace,1,0
LEAD003679,CUST007012,2018-03-15,Referral,1,0
LEAD003680,CUST006365,2017-12-01,Email,1,1
LEAD003681,CUST001246,2018-02-22,Organic,1,0
LEAD003682,CUST002214,2018-09-15,Social,0,0
LEAD003683,CUST006752,2017-05-27,Email,0,0
LEAD003684,CUST006747,2018-08-04,Organic,1,0
LEAD003685,CUST001116,2017-05-05,Organic,1,0
LEAD003686,CUST000513,2017-04-15,Paid Search,1,1
LEAD003687,CUST006459,2018-04-28,Marketplace,1,0
LEAD003688,CUST003853,2017-09-22,Social,1,1
LEAD003689,CUST002078,2017-08-10,Referral,0,0
LEAD003690,CUST008084,2017-06-26,Email,1,0
LEAD003691,CUST001739,2018-08-04,Email,1,1
LEAD003692,CUST000573,2018-06-20,Referral,0,0
LEAD003693,CUST009858,2017-04-09,Marketplace,1,0
LEAD003694,CUST005140,2018-08-20,Paid Search,0,0
LEAD003695,CUST000857,2017-07-05,Referral,0,0
LEAD003696,CUST005962,2017-04-15,Paid Search,1,0
LEAD003697,CUST004625,2017-11-15,Email,0,0
LEAD003698,CUST006656,2018-09-27,Paid Search,0,0
LEAD003699,CUST001162,2018-02-06,Referral,0,0
LEAD003700,CUST007195,2017-09-28,Paid Search,1,1
LEAD003701,CUST003431,2018-07-24,Marketplace,0,0
LEAD003702,CUST009379,2018-08-30,Social,1,1
LEAD003703,CUST006558,2017-06-14,Email,0,0
LEAD003704,CUST005823,2017-09-24,Email,1,1
LEAD003705,CUST001260,2017-11-15,Social,1,0
LEAD003706,CUST001078,2018-04-18,Referral,0,0
LEAD003707,CUST005539,2018-03-31,Social,0,0
LEAD003708,CUST006286,2018-06-04,Paid Search,0,0
LEAD003709,CUST007109,2018-08-17,Social,0,0
LEAD003710,CUST003610,2017-03-29,Organic,0,0
LEAD003711,CUST005244,2018-05-04,Referral,1,0
LEAD003712,CUST008831,2017-04-17,Social,1,0
LEAD003713,CUST000697,2017-05-06,Marketplace,0,0
LEAD003714,CUST004878,2018-04-19,Social,1,1
LEAD003715,CUST001606,2017-07-23,Social,1,1
LEAD003716,CUST004618,2018-05-05,Marketplace,1,1
LEAD003717,CUST000247,2017-10-02,Social,1,0
LEAD003718,CUST000488,2017-01-10,Social,0,0
LEAD003719,CUST007067,2018-07-30,Marketplace,0,0
LEAD003720,CUST004622,2018-06-21,Paid Search,0,0
LEAD003721,CUST006931,2018-08-28,Paid Search,1,1
LEAD003722,CUST005964,2018-02-12,Referral,1,1
LEAD003723,CUST006707,2017-10-17,Social,0,0
LEAD003724,CUST007476,2017-06-09,Social,0,0
LEAD003725,CUST002803,2017-05-19,Paid Search,1,1
LEAD003726,CUST009298,2017-03-28,Social,1,1
LEAD003727,CUST007450,2018-01-22,Marketplace,0,0
LEAD003728,CUST005975,2017-10-29,Referral,0,0
LEAD003729,CUST009243,2017-01-10,Social,0,0
LEAD003730,CUST005161,2017-03-21,Organic,0,0
LEAD003731,CUST006796,2017-10-12,Paid Search,0,0
LEAD003732,CUST009515,2017-03-31,Organic,1,1
LEAD003733,CUST004135,2018-06-22,Referral,0,0
LEAD003734,CUST001214,2018-09-02,Email,0,0
LEAD003735,CUST008493,2018-08-27,Paid Search,1,1
LEAD003736,CUST008450,2017-05-14,Paid Search,0,0
LEAD003737,CUST008789,2017-05-04,Social,1,0
LEAD003738,CUST000426,2017-11-15,Email,1,0
LEAD003739,CUST009489,2017-08-30,Referral,0,0
LEAD003740,CUST005940,2018-08-31,Marketplace,1,1
LEAD003741,CUST008130,2017-07-30,Email,0,0
LEAD003742,CUST002132,2018-07-19,Referral,0,0
LEAD003743,CUST000766,2018-09-23,Email,0,0
LEAD003744,CUST000241,2017-03-29,Paid Search,1,0
LEAD003745,CUST009975,2017-04-29,Organic,0,0
LEAD003746,CUST004281,2017-04-03,Social,1,1
LEAD003747,CUST002479,2017-10-06,Email,0,0
LEAD003748,CUST008821,2018-08-13,Referral,1,1
LEAD003749,CUST002291,2018-08-31,Organic,1,0
LEAD003750,CUST008714,2017-01-07,Marketplace,1,1
LEAD003751,CUST002448,2018-06-06,Paid Search,1,0
LEAD003752,CUST008643,2017-09-18,Social,1,1
LEAD003753,CUST007816,2017-04-26,Marketplace,1,1
LEAD003754,CUST003150,2017-01-06,Email,0,0
LEAD003755,CUST003796,2018-07-24,Referral,1,0
LEAD003756,CUST005415,2017-01-03,Email,0,0
LEAD003757,CUST009371,2017-01-27,Marketplace,1,0
LEAD003758,CUST001923,2017-04-16,Social,0,0
LEAD003759,CUST003269,2017-12-05,Social,1,0
LEAD003760,CUST004393,2018-05-01,Marketplace,1,1
LEAD003761,CUST007921,2017-03-08,Email,1,0
LEAD003762,CUST009381,2017-02-03,Referral,1,1
LEAD003763,CUST008663,2017-01-12,Organic,0,0
LEAD003764,CUST005583,2018-08-13,Organic,1,0
LEAD003765,CUST000994,2018-06-26,Referral,1,0
LEAD003766,CUST000911,2018-03-22,Email,0,0
LEAD003767,CUST006400,2017-08-17,Social,0,0
LEAD003768,CUST004154,2017-03-06,Email,0,0
LEAD003769,CUST008635,2017-12-11,Organic,1,1
LEAD003770,CUST001848,2018-05-02,Email,1,0
LEAD003771,CUST005689,2018-07-17,Marketplace,0,0
LEAD003772,CUST007181,2017-08-12,Marketplace,0,0
LEAD003773,CUST003949,2017-12-11,Paid Search,0,0
LEAD003774,CUST008472,2018-04-02,Organic,1,0
LEAD003775,CUST006600,2017-02-21,Organic,0,0
LEAD003776,CUST000571,2017-02-09,Email,0,0
LEAD003777,CUST008517,2018-06-06,Marketplace,1,1
LEAD003778,CUST004233,2018-06-24,Social,0,0
LEAD003779,CUST003637,2018-02-15,Email,1,0
LEAD003780,CUST006390,2017-07-22,Organic,0,0
LEAD003781,CUST000771,2017-02-10,Organic,1,1
LEAD003782,CUST004837,2017-10-18,Referral,0,0
LEAD003783,CUST007914,2018-04-11,Paid Search,0,0
LEAD003784,CUST009380,2017-09-03,Referral,1,1
LEAD003785,CUST004659,2017-12-04,Email,0,0
LEAD003786,CUST001261,2018-08-16,Marketplace,0,0
LEAD003787,CUST002536,2017-11-05,Organic,1,0
LEAD003788,CUST003092,2018-01-04,Marketplace,1,1
LEAD003789,CUST008284,2018-03-12,Organic,1,0
LEAD003790,CUST005627,2018-06-14,Marketplace,0,0
LEAD003791,CUST002367,2018-05-11,Referral,0,0
LEAD003792,CUST007867,2017-05-06,Marketplace,0,0
LEAD003793,CUST007651,2018-04-16,Referral,1,0
LEAD003794,CUST001622,2018-08-17,Social,0,0
LEAD003795,CUST005136,2017-12-13,Paid Search,1,0
LEAD003796,CUST003543,2018-05-01,Social,0,0
LEAD003797,CUST004361,2018-09-08,Social,1,0
LEAD003798,CUST006010,2018-08-31,Social,1,1
LEAD003799,CUST001199,2017-10-07,Marketplace,1,0
LEAD003800,CUST005740,2017-09-16,Marketplace,0,0
LEAD003801,CUST008494,2017-01-20,Referral,1,0
LEAD003802,CUST008475,2017-05-18,Email,1,1
LEAD003803,CUST002892,2017-07-12,Email,0,0
LEAD003804,CUST003000,2017-08-13,Marketplace,1,0
LEAD003805,CUST001821,2018-03-28,Organic,1,1
LEAD003806,CUST005232,2017-04-22,Referral,1,0
LEAD003807,CUST006479,2017-04-29,Email,1,1
LEAD003808,CUST005026,2017-05-21,Social,0,0
LEAD003809,CUST004366,2018-07-22,Referral,0,0
LEAD003810,CUST000641,2017-03-21,Marketplace,0,0
LEAD003811,CUST001065,2017-06-17,Referral,1,0
LEAD003812,CUST003039,2018-04-30,Marketplace,0,0
LEAD003813,CUST006348,2017-11-08,Organic,1,0
LEAD003814,CUST007592,2018-06-25,Email,1,1
LEAD003815,CUST002306,2018-04-18,Social,1,0
LEAD003816,CUST006374,2017-01-07,Email,0,0
LEAD003817,CUST002133,2018-03-28,Paid Search,1,0
LEAD003818,CUST004557,2018-07-15,Social,0,0
LEAD003819,CUST001335,2017-02-25,Referral,0,0
LEAD003820,CUST006668,2018-01-17,Organic,1,1
LEAD003821,CUST001558,2017-08-20,Referral,0,0
LEAD003822,CUST003399,2017-11-14,Referral,0,0
LEAD003823,CUST006827,2018-09-15,Referral,1,0
LEAD003824,CUST006343,2017-08-29,Paid Search,1,0
LEAD003825,CUST008226,2018-01-27,Marketplace,1,0
LEAD003826,CUST003274,2017-01-08,Organic,0,0
LEAD003827,CUST002260,2017-12-26,Paid Search,1,1
LEAD003828,CUST005472,2017-07-10,Paid Search,0,0
LEAD003829,CUST003084,2017-06-25,Email,0,0
LEAD003830,CUST008111,2017-12-08,Marketplace,0,0
LEAD003831,CUST001427,2018-05-15,Marketplace,1,0
LEAD003832,CUST007506,2018-02-26,Social,0,0
LEAD003833,CUST001299,2017-02-19,Paid Search,0,0
LEAD003834,CUST007850,2018-05-18,Marketplace,0,0
LEAD003835,CUST003835,2017-04-21,Referral,0,0
LEAD003836,CUST002187,2018-04-24,Paid Search,1,1
LEAD003837,CUST007612,2018-05-19,Marketplace,0,0
LEAD003838,CUST004916,2018-04-18,Referral,1,1
LEAD003839,CUST008592,2017-10-20,Email,1,1
LEAD003840,CUST000769,2018-03-01,Paid Search,0,0
LEAD003841,CUST005862,2017-07-18,Organic,1,0
LEAD003842,CUST009892,2018-08-27,Social,0,0
LEAD003843,CUST008164,2018-06-02,Paid Search,0,0
LEAD003844,CUST008507,2018-07-01,Social,0,0
LEAD003845,CUST002277,2017-10-25,Paid Search,1,0
LEAD003846,CUST008563,2017-04-25,Organic,0,0
LEAD003847,CUST009606,2017-06-09,Referral,1,1
LEAD003848,CUST009630,2018-03-25,Marketplace,1,1
LEAD003849,CUST007143,2017-08-07,Referral,1,1
LEAD003850,CUST004200,2018-01-11,Organic,1,1
LEAD003851,CUST003478,2017-12-19,Email,0,0
LEAD003852,CUST006949,2017-11-27,Organic,1,0
LEAD003853,CUST004812,2018-04-12,Paid Search,0,0
LEAD003854,CUST007744,2018-06-02,Email,1,1
LEAD003855,CUST001374,2018-08-21,Email,0,0
LEAD003856,CUST009315,2017-12-03,Email,1,0
LEAD003857,CUST006046,2017-12-08,Social,0,0
LEAD003858,CUST001631,2017-01-08,Social,0,0
LEAD003859,CUST001231,2017-09-01,Marketplace,1,1
LEAD003860,CUST009550,2018-07-31,Marketplace,1,1
LEAD003861,CUST001376,2017-05-05,Marketplace,0,0
LEAD003862,CUST002994,2018-04-19,Email,0,0
LEAD003863,CUST004315,2018-07-02,Email,1,0
LEAD003864,CUST003885,2018-04-23,Email,0,0
LEAD003865,CUST000588,2018-03-14,Marketplace,0,0
LEAD003866,CUST005131,2017-05-09,Email,0,0
LEAD003867,CUST008753,2017-11-06,Marketplace,1,0
LEAD003868,CUST009917,2017-04-30,Paid Search,1,0
LEAD003869,CUST003699,2017-03-18,Paid Search,1,0
LEAD003870,CUST005728,2018-08-31,Marketplace,1,0
LEAD003871,CUST006612,2017-12-27,Marketplace,1,1
LEAD003872,CUST008293,2017-03-28,Referral,0,0
LEAD003873,CUST000597,2017-05-02,Social,0,0
LEAD003874,CUST009649,2018-04-26,Organic,0,0
LEAD003875,CUST002968,2018-06-06,Referral,0,0
LEAD003876,CUST005540,2017-01-07,Marketplace,0,0
LEAD003877,CUST007139,2018-01-19,Organic,0,0
LEAD003878,CUST009110,2017-05-03,Organic,1,0
LEAD003879,CUST005794,2018-02-13,Marketplace,1,1
LEAD003880,CUST000300,2017-10-02,Organic,0,0
LEAD003881,CUST003691,2017-03-08,Email,0,0
LEAD003882,CUST000705,2017-02-28,Social,1,0
LEAD003883,CUST003098,2018-06-03,Paid Search,0,0
LEAD003884,CUST002607,2017-06-03,Social,0,0
LEAD003885,CUST002370,2017-12-06,Referral,1,0
LEAD003886,CUST001374,2017-12-24,Marketplace,1,0
LEAD003887,CUST008891,2018-04-12,Marketplace,0,0
LEAD003888,CUST005450,2017-08-11,Email,0,0
LEAD003889,CUST000679,2017-12-01,Email,1,0
LEAD003890,CUST002974,2018-09-11,Social,0,0
LEAD003891,CUST007634,2017-09-09,Social,0,0
LEAD003892,CUST005268,2018-09-05,Email,0,0
LEAD003893,CUST007376,2018-07-27,Social,0,0
LEAD003894,CUST005109,2018-03-30,Social,1,0
LEAD003895,CUST004300,2017-12-11,Organic,1,1
LEAD003896,CUST005359,2017-03-18,Email,0,0
LEAD003897,CUST008911,2017-10-01,Paid Search,0,0
LEAD003898,CUST002733,2018-03-04,Organic,1,1
LEAD003899,CUST007410,2017-05-22,Referral,1,1
LEAD003900,CUST001863,2017-12-11,Organic,1,0
LEAD003901,CUST008085,2018-07-01,Marketplace,0,0
LEAD003902,CUST000384,2017-08-02,Social,0,0
LEAD003903,CUST001510,2017-04-07,Paid Search,0,0
LEAD003904,CUST006038,2017-08-06,Social,0,0
LEAD003905,CUST001206,2017-08-24,Paid Search,0,0
LEAD003906,CUST003304,2017-03-12,Email,0,0
LEAD003907,CUST009203,2018-09-10,Paid Search,0,0
LEAD003908,CUST004860,2018-08-12,Email,1,0
LEAD003909,CUST000019,2018-01-12,Organic,0,0
LEAD003910,CUST004742,2017-07-01,Email,1,0
LEAD003911,CUST000793,2017-11-08,Organic,0,0
LEAD003912,CUST003007,2018-01-28,Email,0,0
LEAD003913,CUST008096,2017-03-09,Email,1,0
LEAD003914,CUST009799,2017-06-16,Marketplace,0,0
LEAD003915,CUST001647,2018-02-16,Social,1,0
LEAD003916,CUST008284,2018-06-29,Paid Search,1,0
LEAD003917,CUST002638,2017-10-28,Social,0,0
LEAD003918,CUST000718,2017-08-01,Paid Search,0,0
LEAD003919,CUST005246,2018-01-27,Referral,1,0
LEAD003920,CUST007178,2017-02-26,Organic,0,0
LEAD003921,CUST002441,2017-04-15,Email,0,0
LEAD003922,CUST009767,2018-09-05,Email,1,0
LEAD003923,CUST008730,2017-03-10,Marketplace,1,0
LEAD003924,CUST002282,2017-08-01,Marketplace,0,0
LEAD003925,CUST002453,2018-05-25,Organic,0,0
LEAD003926,CUST002955,2018-03-31,Paid Search,1,0
LEAD003927,CUST005996,2017-05-01,Social,0,0
LEAD003928,CUST007387,2017-01-30,Marketplace,1,0
LEAD003929,CUST001253,2017-06-07,Social,1,1
LEAD003930,CUST002694,2018-01-02,Social,1,1
LEAD003931,CUST006229,2017-04-22,Paid Search,0,0
LEAD003932,CUST003868,2018-08-19,Referral,1,1
LEAD003933,CUST006690,2017-07-19,Referral,0,0
LEAD003934,CUST001933,2017-09-08,Organic,0,0
LEAD003935,CUST007550,2018-08-15,Paid Search,0,0
LEAD003936,CUST003847,2018-05-22,Marketplace,0,0
LEAD003937,CUST001994,2018-03-28,Referral,0,0
LEAD003938,CUST009162,2017-07-05,Paid Search,1,0
LEAD003939,CUST003970,2017-09-03,Referral,1,1
LEAD003940,CUST001479,2018-02-05,Email,1,0
LEAD003941,CUST002066,2018-05-21,Organic,1,0
LEAD003942,CUST006399,2017-05-18,Paid Search,0,0
LEAD003943,CUST000021,2018-04-23,Organic,1,1
LEAD003944,CUST002605,2017-11-18,Paid Search,1,0
LEAD003945,CUST003819,2017-01-16,Social,1,0
LEAD003946,CUST003801,2017-11-02,Marketplace,1,0
LEAD003947,CUST000854,2018-08-27,Social,1,0
LEAD003948,CUST003946,2018-04-30,Marketplace,1,0
LEAD003949,CUST006702,2017-07-26,Referral,1,1
LEAD003950,CUST002745,2018-03-26,Referral,0,0
LEAD003951,CUST003212,2018-08-16,Referral,0,0
LEAD003952,CUST006092,2017-12-11,Marketplace,1,1
LEAD003953,CUST003909,2018-09-11,Referral,0,0
LEAD003954,CUST001780,2017-08-31,Referral,0,0
LEAD003955,CUST005205,2017-10-18,Paid Search,0,0
LEAD003956,CUST002916,2018-01-26,Organic,1,0
LEAD003957,CUST001029,2017-01-25,Referral,1,0
LEAD003958,CUST003126,2017-05-29,Referral,1,0
LEAD003959,CUST000336,2018-06-27,Marketplace,1,0
LEAD003960,CUST003960,2017-03-15,Marketplace,1,0
LEAD003961,CUST000042,2018-07-17,Social,1,1
LEAD003962,CUST007733,2017-01-11,Social,1,1
LEAD003963,CUST007378,2018-03-27,Marketplace,0,0
LEAD003964,CUST000834,2018-01-11,Referral,0,0
LEAD003965,CUST000424,2017-01-01,Referral,1,0
LEAD003966,CUST005488,2017-10-01,Organic,1,0
LEAD003967,CUST003542,2018-08-20,Email,0,0
LEAD003968,CUST001749,2018-01-10,Email,1,1
LEAD003969,CUST002903,2017-06-16,Social,0,0
LEAD003970,CUST001298,2017-11-05,Social,1,0
LEAD003971,CUST008804,2017-03-24,Email,1,1
LEAD003972,CUST009993,2017-10-01,Marketplace,0,0
LEAD003973,CUST001991,2018-05-29,Marketplace,0,0
LEAD003974,CUST002176,2017-08-07,Marketplace,1,0
LEAD003975,CUST008607,2018-01-31,Organic,1,1
LEAD003976,CUST002810,2018-03-20,Social,1,0
LEAD003977,CUST004597,2017-04-19,Social,1,1
LEAD003978,CUST008326,2017-04-21,Paid Search,0,0
LEAD003979,CUST002943,2018-07-30,Referral,0,0
LEAD003980,CUST003706,2017-01-21,Email,1,0
LEAD003981,CUST005904,2018-04-03,Email,0,0
LEAD003982,CUST007160,2018-01-17,Social,0,0
LEAD003983,CUST002936,2018-01-07,Email,0,0
LEAD003984,CUST005127,2018-01-02,Social,1,1
LEAD003985,CUST007714,2018-01-31,Email,1,0
LEAD003986,CUST004818,2017-02-14,Email,0,0
LEAD003987,CUST009756,2017-09-29,Referral,1,0
LEAD003988,CUST001162,2018-05-04,Social,1,1
LEAD003989,CUST001506,2018-03-15,Social,0,0
LEAD003990,CUST008131,2018-01-23,Paid Search,0,0
LEAD003991,CUST007742,2018-01-04,Paid Search,1,1
LEAD003992,CUST000395,2017-11-08,Organic,1,0
LEAD003993,CUST000084,2017-02-04,Social,0,0
LEAD003994,CUST006630,2018-05-06,Paid Search,0,0
LEAD003995,CUST003425,2017-05-15,Referral,1,1
LEAD003996,CUST002788,2017-12-17,Email,1,1
LEAD003997,CUST001874,2018-08-16,Organic,1,0
LEAD003998,CUST005555,2018-05-06,Marketplace,1,0
LEAD003999,CUST002424,2017-11-24,Referral,1,0
LEAD004000,CUST009548,2017-06-13,Marketplace,0,0
LEAD004001,CUST001096,2017-02-14,Marketplace,0,0
LEAD004002,CUST004093,2017-01-21,Social,1,0
LEAD004003,CUST004420,2017-02-28,Paid Search,1,0
LEAD004004,CUST007400,2017-01-31,Marketplace,1,1
LEAD004005,CUST002731,2018-04-29,Email,1,1
LEAD004006,CUST004319,2017-04-10,Organic,1,1
LEAD004007,CUST002243,2018-09-27,Email,0,0
LEAD004008,CUST009072,2018-07-06,Marketplace,0,0
LEAD004009,CUST000580,2018-09-21,Referral,0,0
LEAD004010,CUST003925,2018-04-19,Paid Search,0,0
LEAD004011,CUST007442,2017-04-23,Paid Search,1,0
LEAD004012,CUST001740,2018-09-18,Referral,0,0
LEAD004013,CUST008049,2017-04-23,Organic,1,0
LEAD004014,CUST006873,2018-03-16,Paid Search,0,0
LEAD004015,CUST006064,2018-04-14,Paid Search,1,1
LEAD004016,CUST009768,2018-06-06,Email,1,0
LEAD004017,CUST006303,2017-05-01,Organic,1,0
LEAD004018,CUST007911,2018-05-29,Organic,0,0
LEAD004019,CUST000815,2017-11-16,Social,0,0
LEAD004020,CUST000443,2018-06-28,Email,1,0
LEAD004021,CUST002167,2017-07-24,Marketplace,0,0
LEAD004022,CUST002012,2017-03-10,Social,1,0
LEAD004023,CUST006106,2018-06-15,Email,1,0
LEAD004024,CUST004215,2017-12-23,Email,0,0
LEAD004025,CUST003013,2018-03-17,Referral,0,0
LEAD004026,CUST004270,2018-04-30,Email,0,0
LEAD004027,CUST003780,2017-05-12,Organic,1,0
LEAD004028,CUST006177,2017-10-20,Social,1,1
LEAD004029,CUST009931,2017-02-16,Marketplace,0,0
LEAD004030,CUST008145,2017-02-11,Paid Search,1,0
LEAD004031,CUST009024,2017-12-17,Email,0,0
LEAD004032,CUST001465,2018-06-13,Email,1,1
LEAD004033,CUST003097,2017-03-14,Marketplace,0,0
LEAD004034,CUST003175,2017-12-29,Email,1,0
LEAD004035,CUST009385,2018-05-28,Paid Search,0,0
LEAD004036,CUST008627,2017-12-26,Organic,0,0
LEAD004037,CUST005673,2017-06-03,Social,0,0
LEAD004038,CUST006064,2017-03-01,Social,0,0
LEAD004039,CUST004229,2017-01-23,Organic,1,0
LEAD004040,CUST006522,2017-07-04,Marketplace,1,0
LEAD004041,CUST009884,2017-12-06,Referral,0,0
LEAD004042,CUST008505,2017-01-21,Referral,0,0
LEAD004043,CUST005343,2018-05-25,Organic,0,0
LEAD004044,CUST001483,2018-01-11,Marketplace,1,1
LEAD004045,CUST004454,2018-04-21,Paid Search,1,1
LEAD004046,CUST003235,2017-12-06,Paid Search,1,1
LEAD004047,CUST002646,2017-01-21,Social,1,1
LEAD004048,CUST008364,2018-04-15,Organic,1,0
LEAD004049,CUST007153,2018-05-29,Organic,0,0
LEAD004050,CUST000306,2017-12-19,Marketplace,0,0
LEAD004051,CUST005493,2018-06-09,Social,0,0
LEAD004052,CUST008538,2018-07-27,Marketplace,1,0
LEAD004053,CUST004978,2018-05-06,Social,1,1
LEAD004054,CUST001143,2018-09-01,Referral,0,0
LEAD004055,CUST005416,2018-08-04,Paid Search,0,0
LEAD004056,CUST007899,2017-05-02,Marketplace,1,0
LEAD004057,CUST002591,2018-09-05,Organic,1,0
LEAD004058,CUST007526,2018-05-27,Paid Search,1,0
LEAD004059,CUST000448,2018-04-11,Referral,1,0
LEAD004060,CUST008980,2018-09-08,Referral,1,0
LEAD004061,CUST001011,2018-04-23,Email,0,0
LEAD004062,CUST008118,2017-08-10,Social,0,0
LEAD004063,CUST007267,2018-03-18,Marketplace,1,0
LEAD004064,CUST009027,2017-07-06,Referral,0,0
LEAD004065,CUST002906,2017-02-22,Social,1,0
LEAD004066,CUST009369,2017-01-20,Marketplace,1,1
LEAD004067,CUST000943,2017-03-05,Marketplace,1,0
LEAD004068,CUST001771,2017-03-25,Organic,0,0
LEAD004069,CUST005934,2017-03-30,Organic,1,1
LEAD004070,CUST008671,2017-10-09,Marketplace,1,0
LEAD004071,CUST005028,2017-08-15,Email,1,0
LEAD004072,CUST003267,2018-04-29,Social,1,0
LEAD004073,CUST005112,2018-04-17,Email,0,0
LEAD004074,CUST000092,2017-03-17,Social,1,0
LEAD004075,CUST003187,2018-06-08,Referral,0,0
LEAD004076,CUST002262,2017-09-24,Organic,1,0
LEAD004077,CUST009972,2017-01-28,Organic,0,0
LEAD004078,CUST000072,2017-06-29,Marketplace,1,0
LEAD004079,CUST007196,2017-06-17,Social,0,0
LEAD004080,CUST000793,2018-02-08,Paid Search,0,0
LEAD004081,CUST007130,2017-12-23,Email,0,0
LEAD004082,CUST003350,2018-04-11,Referral,1,0
LEAD004083,CUST009480,2018-01-08,Email,1,1
LEAD004084,CUST005096,2018-04-12,Paid Search,1,0
LEAD004085,CUST005977,2018-09-04,Referral,1,0
LEAD004086,CUST007200,2018-08-27,Referral,1,1
LEAD004087,CUST009733,2017-05-15,Social,0,0
LEAD004088,CUST000906,2017-04-05,Paid Search,0,0
LEAD004089,CUST001386,2017-10-03,Paid Search,0,0
LEAD004090,CUST006293,2017-02-20,Email,0,0
LEAD004091,CUST007037,2018-07-14,Social,1,0
LEAD004092,CUST007389,2017-07-17,Email,1,1
LEAD004093,CUST004088,2017-06-20,Referral,0,0
LEAD004094,CUST006605,2018-08-26,Paid Search,1,1
LEAD004095,CUST001411,2018-06-03,Referral,0,0
LEAD004096,CUST001135,2018-08-26,Email,0,0
LEAD004097,CUST005986,2017-04-02,Social,1,0
LEAD004098,CUST002462,2018-01-24,Organic,0,0
LEAD004099,CUST005604,2018-09-02,Referral,1,0
LEAD004100,CUST004253,2017-01-11,Organic,0,0
LEAD004101,CUST002401,2018-02-26,Organic,0,0
LEAD004102,CUST002463,2017-02-26,Paid Search,1,0
LEAD004103,CUST004848,2017-12-26,Social,1,1
LEAD004104,CUST008950,2017-08-15,Social,0,0
LEAD004105,CUST008229,2017-08-05,Email,0,0
LEAD004106,CUST006763,2018-06-29,Paid Search,0,0
LEAD004107,CUST000401,2018-02-23,Referral,0,0
LEAD004108,CUST002621,2018-02-01,Marketplace,1,0
LEAD004109,CUST001191,2018-06-03,Paid Search,0,0
LEAD004110,CUST001664,2018-03-01,Social,1,1
LEAD004111,CUST004200,2018-05-05,Organic,0,0
LEAD004112,CUST007088,2017-07-23,Paid Search,1,1
LEAD004113,CUST008294,2017-02-20,Email,1,1
LEAD004114,CUST002838,2017-10-18,Social,1,0
LEAD004115,CUST009350,2018-04-02,Social,0,0
LEAD004116,CUST001779,2017-10-24,Paid Search,1,1
LEAD004117,CUST002295,2017-12-31,Referral,1,1
LEAD004118,CUST007310,2017-04-29,Referral,0,0
LEAD004119,CUST004131,2017-11-09,Social,1,0
LEAD004120,CUST006854,2017-11-26,Email,0,0
LEAD004121,CUST001236,2018-06-25,Email,0,0
LEAD004122,CUST002105,2017-07-24,Paid Search,1,1
LEAD004123,CUST009606,2017-05-26,Organic,1,0
LEAD004124,CUST002593,2018-03-05,Email,1,0
LEAD004125,CUST005034,2017-03-21,Referral,0,0
LEAD004126,CUST001867,2017-05-18,Referral,1,0
LEAD004127,CUST001477,2018-09-30,Referral,0,0
LEAD004128,CUST003936,2017-08-15,Social,0,0
LEAD004129,CUST003463,2018-03-22,Organic,0,0
LEAD004130,CUST009975,2018-08-27,Organic,0,0
LEAD004131,CUST000020,2018-09-16,Marketplace,1,0
LEAD004132,CUST003211,2017-01-01,Marketplace,1,0
LEAD004133,CUST007631,2017-01-07,Marketplace,1,0
LEAD004134,CUST009898,2017-12-03,Social,0,0
LEAD004135,CUST004073,2018-06-05,Email,0,0
LEAD004136,CUST001632,2018-05-25,Marketplace,1,1
LEAD004137,CUST005153,2017-01-14,Marketplace,0,0
LEAD004138,CUST004978,2017-01-26,Email,0,0
LEAD004139,CUST009956,2018-04-21,Social,1,1
LEAD004140,CUST005720,2017-08-01,Referral,1,1
LEAD004141,CUST005343,2017-04-27,Organic,0,0
LEAD004142,CUST002470,2017-03-29,Organic,0,0
LEAD004143,CUST006616,2017-06-22,Email,1,0
LEAD004144,CUST002140,2018-06-24,Paid Search,0,0
LEAD004145,CUST008815,2018-05-23,Paid Search,1,0
LEAD004146,CUST000909,2018-06-12,Social,1,1
LEAD004147,CUST007916,2017-01-04,Referral,1,0
LEAD004148,CUST000948,2018-03-09,Organic,1,1
LEAD004149,CUST001505,2017-12-31,Social,0,0
LEAD004150,CUST005228,2017-12-12,Paid Search,1,0
LEAD004151,CUST007988,2018-04-06,Organic,1,1
LEAD004152,CUST006443,2017-07-03,Referral,1,1
LEAD004153,CUST000442,2018-01-27,Email,0,0
LEAD004154,CUST008758,2018-07-23,Paid Search,0,0
LEAD004155,CUST000783,2018-07-25,Social,0,0
LEAD004156,CUST003116,2018-09-04,Organic,1,0
LEAD004157,CUST009589,2017-01-02,Organic,0,0
LEAD004158,CUST005537,2017-05-14,Organic,0,0
LEAD004159,CUST003366,2017-07-17,Email,0,0
LEAD004160,CUST004234,2017-08-15,Email,1,1
LEAD004161,CUST009896,2018-04-18,Organic,0,0
LEAD004162,CUST008325,2017-04-15,Organic,1,1
LEAD004163,CUST004909,2017-09-05,Paid Search,1,1
LEAD004164,CUST004059,2017-11-02,Marketplace,0,0
LEAD004165,CUST007979,2017-11-24,Social,0,0
LEAD004166,CUST004292,2017-07-17,Referral,1,0
LEAD004167,CUST004442,2017-05-12,Marketplace,1,0
LEAD004168,CUST002554,2017-06-06,Organic,1,0
LEAD004169,CUST000695,2017-11-01,Referral,0,0
LEAD004170,CUST008888,2017-08-19,Paid Search,1,0
LEAD004171,CUST006335,2018-01-18,Organic,0,0
LEAD004172,CUST000827,2017-07-30,Organic,1,0
LEAD004173,CUST007827,2017-08-06,Marketplace,0,0
LEAD004174,CUST004400,2018-08-31,Referral,1,1
LEAD004175,CUST009949,2018-05-09,Paid Search,0,0
LEAD004176,CUST000430,2018-06-11,Email,0,0
LEAD004177,CUST005121,2017-06-30,Paid Search,1,0
LEAD004178,CUST002452,2018-01-10,Email,1,1
LEAD004179,CUST002861,2017-12-07,Paid Search,0,0
LEAD004180,CUST003140,2017-07-18,Organic,1,0
LEAD004181,CUST003656,2017-11-03,Email,0,0
LEAD004182,CUST006943,2018-08-03,Paid Search,0,0
LEAD004183,CUST003778,2018-01-24,Paid Search,1,0
LEAD004184,CUST002244,2018-06-17,Social,1,1
LEAD004185,CUST005645,2017-11-09,Organic,0,0
LEAD004186,CUST005316,2018-06-03,Referral,1,0
LEAD004187,CUST005926,2017-01-28,Organic,1,1
LEAD004188,CUST009093,2017-06-30,Email,0,0
LEAD004189,CUST007249,2017-01-25,Paid Search,0,0
LEAD004190,CUST001858,2017-04-10,Social,0,0
LEAD004191,CUST004419,2018-07-02,Referral,1,0
LEAD004192,CUST008581,2018-01-05,Organic,1,1
LEAD004193,CUST001364,2017-01-02,Organic,0,0
LEAD004194,CUST007582,2017-09-26,Organic,0,0
LEAD004195,CUST004952,2018-02-02,Paid Search,0,0
LEAD004196,CUST001023,2017-09-28,Paid Search,1,0
LEAD004197,CUST007844,2018-08-26,Marketplace,1,0
LEAD004198,CUST007144,2017-11-29,Paid Search,0,0
LEAD004199,CUST003883,2018-05-25,Paid Search,1,0
LEAD004200,CUST001196,2017-10-01,Organic,0,0
LEAD004201,CUST000214,2018-05-17,Marketplace,1,0
LEAD004202,CUST009279,2018-06-07,Organic,0,0
LEAD004203,CUST004464,2018-03-21,Social,1,0
LEAD004204,CUST003047,2017-05-16,Paid Search,1,0
LEAD004205,CUST009533,2017-02-15,Organic,1,0
LEAD004206,CUST002453,2018-09-21,Email,1,1
LEAD004207,CUST003161,2018-05-13,Social,0,0
LEAD004208,CUST001046,2018-06-11,Marketplace,0,0
LEAD004209,CUST007491,2018-08-26,Organic,1,0
LEAD004210,CUST000979,2018-04-13,Organic,1,0
LEAD004211,CUST006646,2017-10-24,Referral,0,0
LEAD004212,CUST002284,2018-02-19,Organic,1,1
LEAD004213,CUST000333,2017-11-11,Email,1,0
LEAD004214,CUST003825,2017-03-18,Paid Search,0,0
LEAD004215,CUST003654,2017-10-25,Marketplace,0,0
LEAD004216,CUST006608,2018-07-16,Email,0,0
LEAD004217,CUST000399,2017-09-30,Referral,1,0
LEAD004218,CUST006257,2017-07-04,Email,1,0
LEAD004219,CUST002805,2017-10-29,Email,0,0
LEAD004220,CUST005490,2017-02-24,Email,0,0
LEAD004221,CUST007664,2017-01-07,Referral,1,1
LEAD004222,CUST005687,2017-07-27,Paid Search,1,1
LEAD004223,CUST000982,2018-07-15,Social,0,0
LEAD004224,CUST003937,2017-05-06,Referral,1,0
LEAD004225,CUST005922,2017-11-27,Marketplace,0,0
LEAD004226,CUST002153,2018-03-01,Referral,0,0
LEAD004227,CUST007389,2018-03-09,Paid Search,1,0
LEAD004228,CUST002969,2018-04-13,Paid Search,1,0
LEAD004229,CUST006357,2018-01-05,Email,0,0
LEAD004230,CUST007817,2017-04-25,Email,1,0
LEAD004231,CUST008126,2018-06-27,Paid Search,0,0
LEAD004232,CUST000696,2018-07-08,Paid Search,0,0
LEAD004233,CUST001872,2017-11-23,Referral,1,0
LEAD004234,CUST002543,2017-04-04,Email,0,0
LEAD004235,CUST005781,2017-07-07,Referral,1,0
LEAD004236,CUST004030,2018-03-11,Paid Search,1,0
LEAD004237,CUST002532,2018-01-20,Organic,1,0
LEAD004238,CUST008787,2017-05-20,Email,0,0
LEAD004239,CUST001271,2018-02-24,Marketplace,1,0
LEAD004240,CUST005005,2018-01-11,Social,1,0
LEAD004241,CUST009746,2017-01-18,Paid Search,0,0
LEAD004242,CUST008086,2017-10-08,Organic,1,1
LEAD004243,CUST009490,2017-05-05,Paid Search,0,0
LEAD004244,CUST007140,2017-02-12,Social,1,0
LEAD004245,CUST007787,2017-09-24,Email,0,0
LEAD004246,CUST006365,2018-07-31,Referral,1,0
LEAD004247,CUST005076,2017-05-10,Marketplace,0,0
LEAD004248,CUST009194,2018-07-10,Marketplace,1,0
LEAD004249,CUST002899,2017-10-05,Email,1,1
LEAD004250,CUST008899,2017-03-02,Paid Search,1,0
LEAD004251,CUST001106,2017-05-29,Email,0,0
LEAD004252,CUST000553,2017-08-26,Email,1,0
LEAD004253,CUST005326,2017-06-29,Organic,0,0
LEAD004254,CUST006760,2017-01-25,Referral,0,0
LEAD004255,CUST008506,2017-05-06,Referral,0,0
LEAD004256,CUST008138,2017-12-21,Organic,0,0
LEAD004257,CUST005189,2018-01-21,Referral,0,0
LEAD004258,CUST008951,2017-09-17,Social,0,0
LEAD004259,CUST002466,2018-08-11,Referral,1,0
LEAD004260,CUST006682,2017-03-24,Paid Search,1,1
LEAD004261,CUST002378,2018-06-12,Email,0,0
LEAD004262,CUST001883,2017-08-17,Paid Search,1,0
LEAD004263,CUST000473,2017-12-27,Organic,0,0
LEAD004264,CUST008903,2018-08-26,Email,1,1
LEAD004265,CUST005612,2018-01-21,Referral,0,0
LEAD004266,CUST007049,2017-08-23,Organic,1,1
LEAD004267,CUST001657,2018-09-18,Email,1,1
LEAD004268,CUST001332,2018-07-08,Organic,0,0
LEAD004269,CUST001485,2018-04-25,Social,0,0
LEAD004270,CUST008592,2018-09-14,Email,1,1
LEAD004271,CUST006915,2018-09-02,Paid Search,0,0
LEAD004272,CUST008329,2018-04-23,Marketplace,0,0
LEAD004273,CUST004823,2017-02-01,Email,1,0
LEAD004274,CUST005551,2017-10-11,Organic,1,1
LEAD004275,CUST005877,2018-07-15,Organic,0,0
LEAD004276,CUST000734,2017-08-23,Referral,1,0
LEAD004277,CUST004901,2017-07-01,Referral,1,0
LEAD004278,CUST002189,2018-01-23,Referral,1,0
LEAD004279,CUST001846,2018-07-15,Marketplace,0,0
LEAD004280,CUST008173,2018-08-29,Email,0,0
LEAD004281,CUST004439,2018-07-15,Paid Search,0,0
LEAD004282,CUST000044,2017-05-29,Social,1,0
LEAD004283,CUST003060,2017-04-22,Organic,1,0
LEAD004284,CUST003786,2017-02-18,Email,1,0
LEAD004285,CUST001294,2017-08-05,Referral,1,1
LEAD004286,CUST006578,2017-07-01,Referral,0,0
LEAD004287,CUST009604,2018-01-01,Email,0,0
LEAD004288,CUST002879,2017-09-28,Paid Search,1,0
LEAD004289,CUST007929,2017-08-12,Social,0,0
LEAD004290,CUST003434,2017-09-11,Paid Search,0,0
LEAD004291,CUST005583,2018-02-14,Paid Search,1,1
LEAD004292,CUST005895,2018-01-09,Organic,0,0
LEAD004293,CUST005335,2017-04-08,Paid Search,1,0
LEAD004294,CUST008278,2017-05-03,Paid Search,1,1
LEAD004295,CUST004325,2017-08-21,Organic,1,0
LEAD004296,CUST008680,2018-04-26,Social,1,1
LEAD004297,CUST009480,2018-06-19,Organic,0,0
LEAD004298,CUST008911,2017-03-19,Organic,0,0
LEAD004299,CUST005163,2018-02-01,Marketplace,0,0
LEAD004300,CUST004680,2017-11-15,Paid Search,0,0
LEAD004301,CUST006879,2017-03-17,Paid Search,1,1
LEAD004302,CUST000337,2017-11-25,Organic,1,0
LEAD004303,CUST008793,2017-07-03,Marketplace,1,1
LEAD004304,CUST002332,2017-05-30,Paid Search,0,0
LEAD004305,CUST004318,2017-09-22,Social,1,0
LEAD004306,CUST007225,2018-07-20,Organic,1,0
LEAD004307,CUST008899,2018-09-24,Social,1,0
LEAD004308,CUST003741,2017-11-24,Email,1,0
LEAD004309,CUST008500,2017-01-10,Marketplace,0,0
LEAD004310,CUST009822,2018-09-05,Organic,1,0
LEAD004311,CUST002754,2017-03-10,Marketplace,0,0
LEAD004312,CUST002014,2017-10-08,Referral,0,0
LEAD004313,CUST009037,2018-01-29,Organic,0,0
LEAD004314,CUST009944,2017-10-11,Paid Search,1,1
LEAD004315,CUST003713,2017-01-01,Referral,0,0
LEAD004316,CUST007923,2017-07-13,Social,1,1
LEAD004317,CUST001931,2018-01-13,Social,1,0
LEAD004318,CUST003439,2018-01-26,Referral,0,0
LEAD004319,CUST001771,2018-03-23,Referral,0,0
LEAD004320,CUST002209,2017-06-03,Paid Search,1,1
LEAD004321,CUST005747,2017-10-13,Referral,0,0
LEAD004322,CUST006698,2017-06-30,Email,0,0
LEAD004323,CUST003161,2018-05-10,Email,0,0
LEAD004324,CUST004094,2017-04-24,Paid Search,1,1
LEAD004325,CUST007085,2018-09-15,Referral,1,0
LEAD004326,CUST009910,2018-09-27,Social,0,0
LEAD004327,CUST001796,2018-07-01,Social,1,0
LEAD004328,CUST003005,2018-01-22,Marketplace,0,0
LEAD004329,CUST008850,2017-08-18,Social,1,1
LEAD004330,CUST005590,2018-01-05,Referral,0,0
LEAD004331,CUST006728,2017-10-18,Marketplace,1,0
LEAD004332,CUST004201,2017-05-29,Email,1,1
LEAD004333,CUST004736,2017-01-02,Paid Search,1,0
LEAD004334,CUST004851,2017-05-17,Referral,1,0
LEAD004335,CUST004051,2017-09-15,Social,0,0
LEAD004336,CUST007651,2018-06-04,Organic,0,0
LEAD004337,CUST007722,2017-09-14,Email,0,0
LEAD004338,CUST006757,2017-12-23,Referral,1,1
LEAD004339,CUST007760,2017-02-03,Marketplace,1,1
LEAD004340,CUST007568,2018-04-07,Social,1,1
LEAD004341,CUST001795,2017-07-13,Email,1,0
LEAD004342,CUST008872,2018-01-03,Referral,0,0
LEAD004343,CUST006377,2017-11-22,Email,0,0
LEAD004344,CUST003009,2017-03-15,Marketplace,0,0
LEAD004345,CUST006588,2017-06-24,Email,1,1
LEAD004346,CUST004493,2018-01-11,Social,1,0
LEAD004347,CUST002385,2018-04-09,Email,0,0
LEAD004348,CUST006813,2018-06-20,Email,1,0
LEAD004349,CUST008037,2017-06-11,Email,1,0
LEAD004350,CUST006169,2017-08-23,Social,0,0
LEAD004351,CUST002099,2017-04-13,Social,1,1
LEAD004352,CUST008211,2017-04-30,Marketplace,1,0
LEAD004353,CUST001110,2018-06-04,Email,1,0
LEAD004354,CUST004738,2018-08-22,Paid Search,0,0
LEAD004355,CUST006182,2018-03-08,Email,1,0
LEAD004356,CUST007462,2017-08-23,Marketplace,1,1
LEAD004357,CUST005718,2017-02-10,Email,0,0
LEAD004358,CUST009629,2018-01-11,Email,1,1
LEAD004359,CUST000139,2018-08-14,Social,1,0
LEAD004360,CUST002238,2018-06-15,Social,0,0
LEAD004361,CUST009475,2018-04-10,Social,0,0
LEAD004362,CUST001342,2018-06-26,Referral,1,0
LEAD004363,CUST001264,2017-08-21,Email,0,0
LEAD004364,CUST008420,2017-02-18,Organic,1,0
LEAD004365,CUST009872,2017-08-01,Paid Search,1,1
LEAD004366,CUST002477,2017-10-22,Social,0,0
LEAD004367,CUST005003,2018-06-12,Organic,1,1
LEAD004368,CUST001509,2017-04-23,Social,0,0
LEAD004369,CUST007708,2017-06-18,Referral,1,0
LEAD004370,CUST004074,2018-08-02,Email,0,0
LEAD004371,CUST005193,2018-08-17,Marketplace,1,0
LEAD004372,CUST002884,2017-09-29,Social,1,1
LEAD004373,CUST007314,2018-01-25,Marketplace,1,0
LEAD004374,CUST002883,2018-07-11,Marketplace,1,1
LEAD004375,CUST001276,2017-08-12,Organic,0,0
LEAD004376,CUST002390,2018-09-17,Social,1,0
LEAD004377,CUST003470,2018-09-03,Social,1,1
LEAD004378,CUST004709,2017-02-05,Marketplace,1,1
LEAD004379,CUST009431,2017-01-01,Paid Search,0,0
LEAD004380,CUST009372,2018-08-05,Referral,1,0
LEAD004381,CUST007616,2018-01-19,Referral,0,0
LEAD004382,CUST004205,2017-01-10,Marketplace,0,0
LEAD004383,CUST008112,2017-10-22,Marketplace,1,1
LEAD004384,CUST009749,2017-06-07,Email,1,0
LEAD004385,CUST000338,2017-07-11,Social,0,0
LEAD004386,CUST005504,2017-05-19,Social,1,0
LEAD004387,CUST008110,2018-01-17,Paid Search,1,0
LEAD004388,CUST002182,2018-01-09,Organic,0,0
LEAD004389,CUST009094,2017-08-19,Email,1,1
LEAD004390,CUST004234,2017-09-20,Paid Search,1,0
LEAD004391,CUST002492,2017-09-04,Organic,1,0
LEAD004392,CUST001530,2017-11-02,Organic,1,0
LEAD004393,CUST009895,2017-08-14,Referral,0,0
LEAD004394,CUST005180,2017-10-14,Email,1,0
LEAD004395,CUST000181,2017-06-22,Email,0,0
LEAD004396,CUST006812,2017-02-09,Referral,1,0
LEAD004397,CUST006450,2018-08-16,Referral,0,0
LEAD004398,CUST009325,2017-09-16,Organic,0,0
LEAD004399,CUST004437,2017-11-04,Organic,0,0
LEAD004400,CUST005771,2017-12-02,Email,0,0
LEAD004401,CUST003331,2017-01-05,Organic,1,0
LEAD004402,CUST003115,2018-08-25,Organic,1,0
LEAD004403,CUST003002,2017-03-22,Email,0,0
LEAD004404,CUST006452,2017-10-28,Referral,1,0
LEAD004405,CUST003733,2017-12-10,Social,0,0
LEAD004406,CUST000705,2017-12-02,Email,1,0
LEAD004407,CUST000223,2017-05-22,Email,1,1
LEAD004408,CUST008241,2017-06-23,Paid Search,1,0
LEAD004409,CUST004490,2017-03-21,Referral,1,0
LEAD004410,CUST006717,2018-02-02,Organic,1,1
LEAD004411,CUST003723,2017-02-20,Referral,0,0
LEAD004412,CUST004084,2017-05-20,Email,1,1
LEAD004413,CUST005872,2017-01-21,Marketplace,0,0
LEAD004414,CUST002130,2017-12-11,Paid Search,0,0
LEAD004415,CUST003544,2017-02-14,Organic,0,0
LEAD004416,CUST002343,2017-12-09,Social,0,0
LEAD004417,CUST007078,2018-04-03,Paid Search,1,1
LEAD004418,CUST003659,2017-08-01,Paid Search,1,0
LEAD004419,CUST009897,2018-08-16,Paid Search,1,1
LEAD004420,CUST008890,2017-09-14,Social,1,0
LEAD004421,CUST001908,2018-09-19,Social,0,0
LEAD004422,CUST007435,2018-03-10,Organic,0,0
LEAD004423,CUST005786,2017-02-08,Organic,0,0
LEAD004424,CUST008247,2017-10-30,Organic,1,1
LEAD004425,CUST005365,2018-03-07,Social,1,0
LEAD004426,CUST006217,2017-10-18,Social,1,0
LEAD004427,CUST004272,2018-09-11,Paid Search,0,0
LEAD004428,CUST008085,2017-09-08,Marketplace,1,0
LEAD004429,CUST000850,2018-03-23,Email,1,0
LEAD004430,CUST002876,2018-01-06,Email,1,1
LEAD004431,CUST005113,2017-08-03,Email,1,0
LEAD004432,CUST008116,2017-02-06,Email,1,0
LEAD004433,CUST008377,2017-09-16,Paid Search,0,0
LEAD004434,CUST000156,2017-01-27,Social,1,1
LEAD004435,CUST004435,2018-08-23,Social,1,1
LEAD004436,CUST002800,2017-02-10,Paid Search,0,0
LEAD004437,CUST001310,2018-07-10,Organic,0,0
LEAD004438,CUST006928,2017-10-01,Organic,1,0
LEAD004439,CUST005308,2018-06-08,Email,0,0
LEAD004440,CUST008903,2017-09-07,Marketplace,0,0
LEAD004441,CUST004545,2018-07-07,Social,1,0
LEAD004442,CUST006272,2017-12-14,Marketplace,0,0
LEAD004443,CUST005967,2018-02-04,Referral,1,1
LEAD004444,CUST005918,2017-08-24,Email,0,0
LEAD004445,CUST003057,2018-08-11,Organic,1,0
LEAD004446,CUST008317,2017-12-30,Referral,0,0
LEAD004447,CUST006295,2017-02-08,Paid Search,0,0
LEAD004448,CUST002234,2017-06-01,Email,0,0
LEAD004449,CUST006508,2017-08-30,Social,0,0
LEAD004450,CUST000482,2018-01-16,Social,1,0
LEAD004451,CUST008573,2017-02-07,Organic,1,1
LEAD004452,CUST003465,2018-01-25,Marketplace,0,0
LEAD004453,CUST002847,2018-08-04,Paid Search,1,0
LEAD004454,CUST007115,2017-11-09,Referral,1,0
LEAD004455,CUST009960,2018-07-17,Paid Search,0,0
LEAD004456,CUST002543,2018-07-06,Email,1,0
LEAD004457,CUST002523,2018-04-17,Marketplace,1,1
LEAD004458,CUST006180,2018-08-23,Social,0,0
LEAD004459,CUST004075,2018-08-07,Email,0,0
LEAD004460,CUST005776,2017-01-19,Referral,1,1
LEAD004461,CUST001915,2017-05-06,Referral,1,1
LEAD004462,CUST004764,2018-02-21,Organic,0,0
LEAD004463,CUST004287,2018-06-24,Marketplace,0,0
LEAD004464,CUST000564,2018-04-21,Social,0,0
LEAD004465,CUST004874,2017-11-11,Social,0,0
LEAD004466,CUST008465,2017-04-23,Referral,0,0
LEAD004467,CUST007777,2017-05-20,Social,1,1
LEAD004468,CUST006272,2017-12-10,Organic,0,0
LEAD004469,CUST004985,2017-01-18,Marketplace,1,1
LEAD004470,CUST006964,2017-09-13,Organic,0,0
LEAD004471,CUST009362,2017-10-07,Email,0,0
LEAD004472,CUST009626,2018-09-15,Social,1,0
LEAD004473,CUST006500,2018-01-01,Social,0,0
LEAD004474,CUST002979,2017-10-28,Referral,0,0
LEAD004475,CUST001045,2018-08-06,Organic,1,1
LEAD004476,CUST008913,2018-01-31,Social,0,0
LEAD004477,CUST001202,2018-07-11,Email,0,0
LEAD004478,CUST007415,2018-09-01,Organic,0,0
LEAD004479,CUST009609,2017-04-25,Paid Search,0,0
LEAD004480,CUST009305,2017-08-27,Social,0,0
LEAD004481,CUST007440,2018-02-19,Email,0,0
LEAD004482,CUST000928,2018-08-05,Social,1,0
LEAD004483,CUST003147,2017-04-30,Email,0,0
LEAD004484,CUST008825,2017-11-16,Email,0,0
LEAD004485,CUST004080,2018-01-19,Referral,1,1
LEAD004486,CUST006872,2017-09-19,Marketplace,1,0
LEAD004487,CUST006400,2017-12-10,Organic,0,0
LEAD004488,CUST005174,2017-07-22,Referral,1,0
LEAD004489,CUST005587,2017-01-18,Referral,1,0
LEAD004490,CUST004754,2018-08-24,Marketplace,0,0
LEAD004491,CUST002447,2017-02-19,Organic,0,0
LEAD004492,CUST002276,2017-03-28,Social,1,1
LEAD004493,CUST002643,2018-06-16,Organic,1,0
LEAD004494,CUST006753,2017-01-08,Organic,0,0
LEAD004495,CUST003460,2018-04-06,Social,0,0
LEAD004496,CUST004360,2018-08-26,Marketplace,1,1
LEAD004497,CUST008246,2017-12-22,Email,1,0
LEAD004498,CUST000876,2017-05-18,Paid Search,1,1
LEAD004499,CUST009346,2017-02-19,Email,0,0
LEAD004500,CUST009904,2018-03-15,Organic,1,1
LEAD004501,CUST006189,2017-03-24,Organic,1,1
LEAD004502,CUST000861,2017-02-01,Paid Search,1,0
LEAD004503,CUST003729,2017-03-25,Referral,1,0
LEAD004504,CUST005125,2017-10-20,Email,0,0
LEAD004505,CUST007744,2018-09-27,Referral,1,1
LEAD004506,CUST008311,2018-06-29,Paid Search,1,0
LEAD004507,CUST006997,2017-08-02,Email,1,0
LEAD004508,CUST002634,2017-08-11,Referral,1,0
LEAD004509,CUST001901,2017-11-12,Paid Search,0,0
LEAD004510,CUST001945,2018-07-22,Paid Search,1,0
LEAD004511,CUST008162,2017-08-14,Email,0,0
LEAD004512,CUST001569,2018-07-16,Marketplace,1,0
LEAD004513,CUST005549,2017-08-09,Social,1,1
LEAD004514,CUST003487,2018-03-09,Social,0,0
LEAD004515,CUST004714,2017-03-16,Social,1,0
LEAD004516,CUST005835,2017-03-29,Marketplace,0,0
LEAD004517,CUST008382,2017-09-01,Social,1,0
LEAD004518,CUST000713,2017-07-25,Email,1,1
LEAD004519,CUST009866,2017-11-12,Social,0,0
LEAD004520,CUST002229,2017-09-16,Organic,0,0
LEAD004521,CUST006446,2017-05-08,Marketplace,1,1
LEAD004522,CUST006017,2017-08-20,Marketplace,1,0
LEAD004523,CUST000123,2017-08-14,Social,0,0
LEAD004524,CUST005760,2018-07-07,Organic,1,1
LEAD004525,CUST004415,2017-08-11,Paid Search,0,0
LEAD004526,CUST005676,2017-03-10,Email,0,0
LEAD004527,CUST001122,2017-10-06,Marketplace,1,0
LEAD004528,CUST006756,2018-06-16,Email,0,0
LEAD004529,CUST002427,2018-01-03,Email,1,0
LEAD004530,CUST000994,2018-08-31,Email,1,0
LEAD004531,CUST005244,2018-05-09,Social,0,0
LEAD004532,CUST004875,2018-04-30,Referral,0,0
LEAD004533,CUST009189,2018-05-11,Marketplace,0,0
LEAD004534,CUST003625,2018-03-09,Marketplace,1,0
LEAD004535,CUST003981,2018-05-26,Marketplace,0,0
LEAD004536,CUST009840,2017-01-03,Referral,1,1
LEAD004537,CUST006922,2017-02-01,Email,1,0
LEAD004538,CUST001512,2017-02-18,Marketplace,0,0
LEAD004539,CUST006756,2017-05-25,Marketplace,0,0
LEAD004540,CUST008894,2017-09-10,Organic,1,0
LEAD004541,CUST006835,2017-08-07,Organic,1,0
LEAD004542,CUST004926,2018-05-04,Referral,0,0
LEAD004543,CUST003279,2018-04-12,Paid Search,0,0
LEAD004544,CUST001917,2018-08-06,Referral,0,0
LEAD004545,CUST001149,2017-04-18,Email,0,0
LEAD004546,CUST008732,2018-06-20,Email,1,1
LEAD004547,CUST006493,2017-09-07,Organic,0,0
LEAD004548,CUST009351,2017-09-11,Email,0,0
LEAD004549,CUST009646,2018-04-20,Paid Search,0,0
LEAD004550,CUST005589,2017-05-28,Social,1,0
LEAD004551,CUST001963,2017-10-18,Paid Search,1,0
LEAD004552,CUST002004,2017-09-06,Marketplace,0,0
LEAD004553,CUST000945,2017-03-16,Marketplace,0,0
LEAD004554,CUST004074,2018-04-30,Social,1,0
LEAD004555,CUST003126,2017-07-22,Organic,0,0
LEAD004556,CUST001770,2018-04-09,Social,0,0
LEAD004557,CUST009095,2018-05-11,Organic,1,0
LEAD004558,CUST001792,2017-03-18,Referral,0,0
LEAD004559,CUST009550,2017-07-07,Marketplace,1,0
LEAD004560,CUST003494,2017-11-15,Social,1,0
LEAD004561,CUST002899,2017-04-07,Social,0,0
LEAD004562,CUST003864,2017-09-13,Email,1,0
LEAD004563,CUST007826,2018-03-17,Organic,1,0
LEAD004564,CUST000188,2018-01-26,Email,0,0
LEAD004565,CUST008199,2017-03-24,Organic,1,1
LEAD004566,CUST004547,2017-11-21,Referral,0,0
LEAD004567,CUST002744,2017-05-07,Organic,0,0
LEAD004568,CUST009201,2017-12-18,Referral,0,0
LEAD004569,CUST004298,2017-01-01,Organic,1,0
LEAD004570,CUST003180,2017-12-19,Marketplace,1,1
LEAD004571,CUST000447,2017-01-08,Organic,0,0
LEAD004572,CUST006230,2018-05-31,Referral,1,0
LEAD004573,CUST001968,2018-03-20,Marketplace,0,0
LEAD004574,CUST005180,2017-02-10,Paid Search,0,0
LEAD004575,CUST000028,2017-06-12,Paid Search,0,0
LEAD004576,CUST000693,2018-09-06,Social,0,0
LEAD004577,CUST003466,2017-06-29,Paid Search,1,0
LEAD004578,CUST008563,2018-07-16,Paid Search,1,0
LEAD004579,CUST001687,2018-07-13,Organic,0,0
LEAD004580,CUST003588,2017-05-17,Social,1,0
LEAD004581,CUST002799,2017-12-14,Marketplace,1,1
LEAD004582,CUST006515,2017-09-29,Referral,0,0
LEAD004583,CUST006966,2017-12-29,Social,0,0
LEAD004584,CUST005434,2018-09-04,Referral,1,0
LEAD004585,CUST004844,2017-07-31,Marketplace,0,0
LEAD004586,CUST002374,2018-09-26,Email,1,1
LEAD004587,CUST008708,2018-05-05,Social,1,1
LEAD004588,CUST001592,2017-12-07,Email,0,0
LEAD004589,CUST006719,2018-06-12,Social,0,0
LEAD004590,CUST001267,2018-07-03,Paid Search,1,0
LEAD004591,CUST005124,2018-05-10,Social,1,1
LEAD004592,CUST005415,2017-09-12,Social,0,0
LEAD004593,CUST004055,2018-07-10,Social,0,0
LEAD004594,CUST003062,2017-06-23,Referral,1,1
LEAD004595,CUST005902,2018-08-11,Paid Search,1,0
LEAD004596,CUST008014,2017-07-21,Email,0,0
LEAD004597,CUST008436,2017-07-21,Organic,0,0
LEAD004598,CUST007502,2018-06-18,Organic,1,0
LEAD004599,CUST003530,2017-01-01,Email,0,0
LEAD004600,CUST006106,2018-07-30,Organic,1,0
LEAD004601,CUST007047,2018-08-14,Referral,0,0
LEAD004602,CUST007555,2017-08-19,Organic,0,0
LEAD004603,CUST004546,2018-07-14,Email,0,0
LEAD004604,CUST009383,2018-03-23,Marketplace,1,0
LEAD004605,CUST001258,2018-05-27,Marketplace,1,0
LEAD004606,CUST001209,2018-02-04,Social,0,0
LEAD004607,CUST000757,2018-08-22,Paid Search,1,0
LEAD004608,CUST002584,2018-03-23,Referral,1,0
LEAD004609,CUST009618,2017-09-16,Email,1,1
LEAD004610,CUST003666,2017-05-01,Email,1,0
LEAD004611,CUST004021,2017-07-27,Referral,1,0
LEAD004612,CUST009509,2017-07-19,Organic,1,0
LEAD004613,CUST007270,2018-06-14,Paid Search,1,1
LEAD004614,CUST007294,2017-01-23,Organic,1,0
LEAD004615,CUST008791,2017-06-29,Email,0,0
LEAD004616,CUST004646,2018-01-04,Organic,0,0
LEAD004617,CUST008513,2018-09-10,Email,0,0
LEAD004618,CUST004180,2017-06-27,Marketplace,1,1
LEAD004619,CUST009475,2017-12-29,Social,0,0
LEAD004620,CUST009123,2017-07-21,Email,1,0
LEAD004621,CUST001586,2018-04-24,Marketplace,1,1
LEAD004622,CUST002755,2018-03-09,Social,1,1
LEAD004623,CUST001039,2017-03-17,Referral,1,0
LEAD004624,CUST006270,2017-11-15,Referral,0,0
LEAD004625,CUST007875,2018-05-25,Referral,1,0
LEAD004626,CUST008539,2017-10-18,Referral,0,0
LEAD004627,CUST001858,2017-07-04,Marketplace,0,0
LEAD004628,CUST007632,2018-06-10,Paid Search,1,0
LEAD004629,CUST001603,2017-11-06,Organic,0,0
LEAD004630,CUST005685,2017-01-11,Social,0,0
LEAD004631,CUST007684,2017-06-20,Referral,1,0
LEAD004632,CUST009399,2018-09-14,Email,0,0
LEAD004633,CUST000844,2017-09-03,Marketplace,0,0
LEAD004634,CUST006626,2017-02-13,Marketplace,1,1
LEAD004635,CUST009736,2018-07-20,Marketplace,1,0
LEAD004636,CUST004827,2018-09-25,Social,1,0
LEAD004637,CUST001442,2017-07-24,Email,0,0
LEAD004638,CUST006510,2018-06-14,Social,1,1
LEAD004639,CUST008210,2017-02-25,Email,0,0
LEAD004640,CUST005503,2018-05-17,Marketplace,0,0
LEAD004641,CUST005703,2017-01-04,Social,0,0
LEAD004642,CUST009767,2017-06-15,Organic,1,0
LEAD004643,CUST007559,2018-04-19,Social,0,0
LEAD004644,CUST005073,2018-07-24,Email,1,0
LEAD004645,CUST000130,2017-11-19,Social,0,0
LEAD004646,CUST006086,2017-10-13,Referral,1,1
LEAD004647,CUST000757,2017-09-27,Organic,1,0
LEAD004648,CUST007033,2017-03-08,Referral,0,0
LEAD004649,CUST006194,2018-01-20,Marketplace,0,0
LEAD004650,CUST002467,2018-01-06,Referral,0,0
LEAD004651,CUST002235,2018-08-25,Marketplace,0,0
LEAD004652,CUST001536,2018-05-08,Email,0,0
LEAD004653,CUST005254,2018-07-05,Social,0,0
LEAD004654,CUST006957,2017-04-12,Organic,1,1
LEAD004655,CUST004383,2018-08-22,Referral,1,0
LEAD004656,CUST002322,2017-08-06,Email,0,0
LEAD004657,CUST000354,2018-03-24,Organic,1,1
LEAD004658,CUST002556,2018-02-16,Social,0,0
LEAD004659,CUST003178,2018-02-01,Organic,1,1
LEAD004660,CUST002830,2018-03-06,Organic,1,1
LEAD004661,CUST009622,2017-06-17,Organic,1,1
LEAD004662,CUST009968,2017-08-08,Organic,1,0
LEAD004663,CUST004709,2018-02-12,Paid Search,0,0
LEAD004664,CUST000230,2018-01-23,Marketplace,1,0
LEAD004665,CUST007716,2017-12-08,Social,1,0
LEAD004666,CUST007371,2018-03-15,Social,1,1
LEAD004667,CUST000334,2017-08-14,Referral,0,0
LEAD004668,CUST008531,2017-12-16,Organic,0,0
LEAD004669,CUST007165,2017-08-22,Email,1,1
LEAD004670,CUST007459,2017-04-02,Organic,1,0
LEAD004671,CUST000490,2017-04-18,Social,1,0
LEAD004672,CUST000738,2018-08-09,Organic,1,0
LEAD004673,CUST009107,2017-09-30,Marketplace,1,0
LEAD004674,CUST008860,2018-07-02,Email,0,0
LEAD004675,CUST007088,2018-06-17,Organic,0,0
LEAD004676,CUST002575,2017-03-08,Marketplace,0,0
LEAD004677,CUST007399,2018-06-03,Organic,0,0
LEAD004678,CUST001795,2017-05-28,Social,1,0
LEAD004679,CUST005050,2017-11-13,Email,1,0
LEAD004680,CUST002293,2018-06-19,Email,1,1
LEAD004681,CUST004292,2017-06-01,Social,1,0
LEAD004682,CUST001493,2018-07-20,Email,0,0
LEAD004683,CUST009028,2017-06-30,Email,0,0
LEAD004684,CUST001745,2017-11-13,Referral,0,0
LEAD004685,CUST003983,2018-02-19,Paid Search,0,0
LEAD004686,CUST007500,2017-12-09,Organic,0,0
LEAD004687,CUST000970,2017-11-29,Email,0,0
LEAD004688,CUST002744,2017-09-29,Organic,1,1
LEAD004689,CUST001566,2018-02-22,Paid Search,1,1
LEAD004690,CUST001686,2017-09-28,Marketplace,1,0
LEAD004691,CUST005174,2018-05-10,Referral,0,0
LEAD004692,CUST008455,2017-03-08,Email,0,0
LEAD004693,CUST005415,2017-11-21,Email,1,1
LEAD004694,CUST003313,2017-10-01,Organic,1,1
LEAD004695,CUST003255,2017-04-28,Paid Search,1,1
LEAD004696,CUST001296,2017-12-23,Marketplace,0,0
LEAD004697,CUST009981,2018-01-11,Organic,1,1
LEAD004698,CUST000685,2018-04-17,Organic,1,0
LEAD004699,CUST003824,2018-05-02,Organic,1,0
LEAD004700,CUST003431,2018-08-27,Marketplace,0,0
LEAD004701,CUST008378,2018-03-07,Paid Search,1,0
LEAD004702,CUST006737,2018-08-25,Social,1,0
LEAD004703,CUST002463,2017-03-26,Social,0,0
LEAD004704,CUST008121,2018-06-19,Organic,1,0
LEAD004705,CUST008709,2018-01-16,Marketplace,1,0
LEAD004706,CUST002813,2017-05-03,Paid Search,0,0
LEAD004707,CUST007668,2017-10-25,Referral,1,0
LEAD004708,CUST006422,2018-01-15,Marketplace,1,0
LEAD004709,CUST004433,2017-06-02,Referral,1,0
LEAD004710,CUST004103,2018-01-02,Email,0,0
LEAD004711,CUST003250,2018-04-14,Social,1,0
LEAD004712,CUST001157,2017-10-14,Marketplace,0,0
LEAD004713,CUST002518,2018-06-21,Organic,0,0
LEAD004714,CUST004252,2017-04-19,Referral,0,0
LEAD004715,CUST007882,2018-03-28,Email,0,0
LEAD004716,CUST001369,2017-05-31,Referral,0,0
LEAD004717,CUST000966,2018-06-15,Marketplace,1,1
LEAD004718,CUST009326,2017-11-19,Referral,1,0
LEAD004719,CUST007703,2018-07-27,Referral,1,0
LEAD004720,CUST001326,2017-08-06,Marketplace,0,0
LEAD004721,CUST005759,2017-03-04,Marketplace,0,0
LEAD004722,CUST000026,2017-07-01,Organic,1,1
LEAD004723,CUST003045,2017-05-09,Social,0,0
LEAD004724,CUST009592,2017-10-12,Referral,1,1
LEAD004725,CUST002489,2018-09-18,Marketplace,0,0
LEAD004726,CUST000690,2017-11-07,Marketplace,0,0
LEAD004727,CUST004197,2017-02-08,Marketplace,1,1
LEAD004728,CUST000361,2018-08-19,Paid Search,0,0
LEAD004729,CUST003955,2018-04-07,Organic,0,0
LEAD004730,CUST009192,2018-08-11,Email,0,0
LEAD004731,CUST003473,2018-01-16,Paid Search,1,1
LEAD004732,CUST004723,2018-09-25,Marketplace,0,0
LEAD004733,CUST005740,2018-03-15,Referral,1,0
LEAD004734,CUST009488,2018-09-02,Marketplace,0,0
LEAD004735,CUST006452,2018-04-28,Referral,0,0
LEAD004736,CUST001745,2017-11-11,Paid Search,1,1
LEAD004737,CUST002765,2018-03-14,Paid Search,1,0
LEAD004738,CUST003050,2017-10-11,Social,1,0
LEAD004739,CUST000007,2017-08-28,Organic,0,0
LEAD004740,CUST006228,2017-06-15,Organic,0,0
LEAD004741,CUST001136,2018-09-13,Marketplace,0,0
LEAD004742,CUST003268,2017-04-22,Email,1,0
LEAD004743,CUST002563,2018-01-11,Social,1,0
LEAD004744,CUST006249,2018-03-25,Social,0,0
LEAD004745,CUST000253,2018-03-11,Organic,0,0
LEAD004746,CUST006093,2017-08-18,Email,1,1
LEAD004747,CUST001945,2017-10-02,Email,1,0
LEAD004748,CUST000525,2017-11-11,Paid Search,1,0
LEAD004749,CUST001325,2018-09-19,Organic,0,0
LEAD004750,CUST003124,2018-05-03,Paid Search,0,0
LEAD004751,CUST003613,2018-07-22,Paid Search,1,0
LEAD004752,CUST007534,2018-05-31,Paid Search,0,0
LEAD004753,CUST009654,2018-09-04,Organic,1,0
LEAD004754,CUST000860,2018-06-29,Social,0,0
LEAD004755,CUST007699,2017-06-25,Social,1,1
LEAD004756,CUST006700,2017-11-12,Paid Search,0,0
LEAD004757,CUST009520,2018-03-03,Paid Search,0,0
LEAD004758,CUST000293,2017-07-20,Marketplace,1,1
LEAD004759,CUST007537,2017-12-02,Organic,0,0
LEAD004760,CUST004124,2017-04-07,Email,1,0
LEAD004761,CUST007068,2018-08-08,Referral,1,0
LEAD004762,CUST004380,2017-06-15,Referral,1,0
LEAD004763,CUST002593,2017-09-18,Social,0,0
LEAD004764,CUST002140,2018-06-03,Organic,1,1
LEAD004765,CUST002737,2018-02-11,Marketplace,1,0
LEAD004766,CUST001684,2018-03-29,Organic,0,0
LEAD004767,CUST005221,2017-11-25,Referral,1,1
LEAD004768,CUST001794,2017-03-15,Email,0,0
LEAD004769,CUST003061,2017-06-25,Social,0,0
LEAD004770,CUST005879,2017-01-23,Referral,0,0
LEAD004771,CUST003583,2018-08-07,Organic,1,1
LEAD004772,CUST002695,2017-04-26,Email,0,0
LEAD004773,CUST006230,2017-03-27,Organic,1,0
LEAD004774,CUST008218,2017-10-23,Social,0,0
LEAD004775,CUST002903,2018-07-17,Social,0,0
LEAD004776,CUST004929,2018-05-14,Email,1,0
LEAD004777,CUST003322,2018-01-02,Email,0,0
LEAD004778,CUST004968,2017-04-13,Organic,0,0
LEAD004779,CUST009073,2018-05-10,Marketplace,1,0
LEAD004780,CUST006581,2018-08-26,Marketplace,0,0
LEAD004781,CUST006873,2017-06-17,Marketplace,1,1
LEAD004782,CUST000711,2017-06-05,Referral,1,1
LEAD004783,CUST004654,2018-05-10,Email,0,0
LEAD004784,CUST002079,2017-05-18,Paid Search,1,0
LEAD004785,CUST008601,2017-10-19,Marketplace,1,0
LEAD004786,CUST009857,2017-12-25,Referral,0,0
LEAD004787,CUST004188,2017-04-29,Paid Search,1,0
LEAD004788,CUST007736,2017-11-11,Referral,0,0
LEAD004789,CUST000926,2017-08-12,Organic,0,0
LEAD004790,CUST000728,2017-09-20,Referral,1,0
LEAD004791,CUST009951,2018-05-24,Social,1,1
LEAD004792,CUST001949,2017-05-28,Email,1,1
LEAD004793,CUST002953,2017-10-10,Referral,0,0
LEAD004794,CUST009925,2017-07-11,Paid Search,0,0
LEAD004795,CUST008404,2017-09-10,Marketplace,1,0
LEAD004796,CUST003852,2018-02-23,Paid Search,0,0
LEAD004797,CUST000599,2017-12-27,Email,1,1
LEAD004798,CUST000719,2018-09-11,Social,0,0
LEAD004799,CUST001003,2018-08-17,Email,0,0
LEAD004800,CUST001823,2017-01-17,Referral,1,0
LEAD004801,CUST009087,2017-11-13,Email,0,0
LEAD004802,CUST000527,2018-01-01,Marketplace,0,0
LEAD004803,CUST009748,2018-03-23,Paid Search,1,0
LEAD004804,CUST001335,2017-04-01,Organic,0,0
LEAD004805,CUST007868,2017-05-10,Paid Search,1,0
LEAD004806,CUST008577,2018-08-06,Email,0,0
LEAD004807,CUST004643,2017-05-08,Organic,0,0
LEAD004808,CUST008450,2017-04-08,Marketplace,0,0
LEAD004809,CUST007821,2017-03-21,Marketplace,1,0
LEAD004810,CUST003975,2017-11-22,Marketplace,0,0
LEAD004811,CUST006312,2017-10-17,Marketplace,1,1
LEAD004812,CUST008100,2018-02-05,Organic,1,0
LEAD004813,CUST004045,2018-02-08,Paid Search,1,0
LEAD004814,CUST005463,2018-04-21,Paid Search,0,0
LEAD004815,CUST005105,2017-07-30,Organic,0,0
LEAD004816,CUST001879,2017-08-04,Email,1,1
LEAD004817,CUST004108,2017-07-28,Social,1,1
LEAD004818,CUST003961,2017-10-15,Social,0,0
LEAD004819,CUST000578,2018-03-24,Social,1,0
LEAD004820,CUST003125,2017-11-09,Marketplace,0,0
LEAD004821,CUST007113,2018-01-16,Social,0,0
LEAD004822,CUST001273,2017-01-16,Paid Search,1,1
LEAD004823,CUST006879,2018-08-20,Email,0,0
LEAD004824,CUST009374,2018-06-23,Paid Search,0,0
LEAD004825,CUST007584,2017-10-21,Organic,0,0
LEAD004826,CUST002816,2018-04-22,Referral,0,0
LEAD004827,CUST003843,2018-07-07,Referral,0,0
LEAD004828,CUST001588,2018-02-03,Referral,1,0
LEAD004829,CUST003360,2017-03-23,Social,0,0
LEAD004830,CUST006081,2017-04-25,Paid Search,0,0
LEAD004831,CUST005771,2017-12-05,Paid Search,0,0
LEAD004832,CUST005190,2018-07-16,Paid Search,0,0
LEAD004833,CUST001095,2018-05-09,Referral,0,0
LEAD004834,CUST004743,2017-11-09,Paid Search,0,0
LEAD004835,CUST006522,2017-07-30,Paid Search,1,1
LEAD004836,CUST006927,2018-04-27,Social,1,1
LEAD004837,CUST001940,2018-09-24,Marketplace,0,0
LEAD004838,CUST000452,2018-09-26,Email,0,0
LEAD004839,CUST009400,2017-08-17,Marketplace,1,0
LEAD004840,CUST000504,2017-08-31,Referral,1,1
LEAD004841,CUST003972,2017-06-21,Marketplace,1,0
LEAD004842,CUST002046,2018-05-29,Marketplace,0,0
LEAD004843,CUST002793,2017-08-30,Email,1,1
LEAD004844,CUST006257,2017-11-18,Organic,1,1
LEAD004845,CUST004135,2018-05-24,Organic,1,0
LEAD004846,CUST004821,2017-08-31,Paid Search,1,0
LEAD004847,CUST005045,2018-03-11,Email,1,1
LEAD004848,CUST008796,2018-06-05,Referral,1,1
LEAD004849,CUST005405,2017-08-23,Referral,1,1
LEAD004850,CUST007239,2018-01-30,Marketplace,0,0
LEAD004851,CUST001854,2018-06-14,Email,1,1
LEAD004852,CUST004914,2017-01-25,Marketplace,1,0
LEAD004853,CUST006555,2018-06-12,Marketplace,0,0
LEAD004854,CUST007683,2017-07-31,Social,0,0
LEAD004855,CUST002623,2018-03-14,Referral,0,0
LEAD004856,CUST008231,2018-09-22,Referral,1,1
LEAD004857,CUST006434,2018-02-12,Referral,0,0
LEAD004858,CUST001209,2018-01-02,Social,1,1
LEAD004859,CUST002431,2017-09-11,Email,1,1
LEAD004860,CUST001363,2017-02-21,Organic,0,0
LEAD004861,CUST003411,2018-06-08,Organic,1,0
LEAD004862,CUST006724,2017-08-13,Organic,1,0
LEAD004863,CUST008820,2017-07-27,Marketplace,1,0
LEAD004864,CUST009589,2018-01-10,Social,1,0
LEAD004865,CUST009760,2018-07-20,Referral,1,0
LEAD004866,CUST004266,2017-05-08,Email,0,0
LEAD004867,CUST005032,2017-09-27,Organic,0,0
LEAD004868,CUST007735,2018-09-25,Marketplace,0,0
LEAD004869,CUST007060,2017-01-14,Referral,1,0
LEAD004870,CUST001134,2017-10-31,Email,1,0
LEAD004871,CUST009213,2017-03-10,Social,0,0
LEAD004872,CUST002272,2017-09-01,Referral,1,1
LEAD004873,CUST003983,2017-10-25,Social,0,0
LEAD004874,CUST005548,2017-06-11,Referral,0,0
LEAD004875,CUST007657,2018-09-27,Social,1,1
LEAD004876,CUST001207,2017-01-06,Referral,1,0
LEAD004877,CUST009784,2017-12-17,Referral,0,0
LEAD004878,CUST004515,2018-09-04,Organic,0,0
LEAD004879,CUST006880,2018-06-25,Organic,0,0
LEAD004880,CUST001658,2017-05-06,Social,0,0
LEAD004881,CUST007679,2018-03-13,Referral,1,0
LEAD004882,CUST003565,2018-05-02,Email,0,0
LEAD004883,CUST002853,2017-06-18,Social,0,0
LEAD004884,CUST009607,2017-10-16,Social,0,0
LEAD004885,CUST005343,2017-07-27,Marketplace,1,0
LEAD004886,CUST009856,2017-03-12,Social,1,1
LEAD004887,CUST006179,2017-09-12,Referral,0,0
LEAD004888,CUST004063,2018-03-13,Paid Search,0,0
LEAD004889,CUST003980,2018-05-30,Referral,1,0
LEAD004890,CUST000755,2018-06-13,Email,0,0
LEAD004891,CUST001101,2017-10-23,Paid Search,1,0
LEAD004892,CUST008805,2017-01-06,Organic,0,0
LEAD004893,CUST000241,2017-12-02,Social,0,0
LEAD004894,CUST003116,2018-05-12,Organic,0,0
LEAD004895,CUST008335,2017-07-29,Marketplace,0,0
LEAD004896,CUST005864,2017-07-11,Marketplace,0,0
LEAD004897,CUST001700,2017-04-04,Marketplace,0,0
LEAD004898,CUST005579,2017-07-31,Referral,0,0
LEAD004899,CUST002805,2018-06-27,Email,0,0
LEAD004900,CUST005208,2017-12-24,Organic,0,0
LEAD004901,CUST000919,2017-06-05,Referral,0,0
LEAD004902,CUST000945,2017-11-12,Social,1,0
LEAD004903,CUST002263,2018-08-06,Paid Search,1,0
LEAD004904,CUST005077,2017-03-20,Marketplace,1,1
LEAD004905,CUST009257,2017-07-22,Paid Search,1,1
LEAD004906,CUST003454,2017-03-13,Marketplace,0,0
LEAD004907,CUST000663,2017-10-13,Marketplace,0,0
LEAD004908,CUST006237,2017-04-04,Email,1,1
LEAD004909,CUST003051,2017-05-12,Email,1,0
LEAD004910,CUST009967,2018-07-16,Email,0,0
LEAD004911,CUST007182,2018-02-15,Email,0,0
LEAD004912,CUST003471,2018-06-15,Email,0,0
LEAD004913,CUST009134,2018-05-13,Referral,1,0
LEAD004914,CUST002635,2018-05-14,Email,1,0
LEAD004915,CUST003020,2017-02-04,Email,1,0
LEAD004916,CUST004097,2018-09-11,Marketplace,0,0
LEAD004917,CUST002612,2017-11-24,Paid Search,1,0
LEAD004918,CUST005843,2018-04-16,Marketplace,0,0
LEAD004919,CUST004352,2018-03-13,Marketplace,0,0
LEAD004920,CUST003268,2018-01-23,Referral,1,0
LEAD004921,CUST007588,2017-03-20,Paid Search,1,1
LEAD004922,CUST009160,2017-12-23,Paid Search,1,1
LEAD004923,CUST001031,2018-01-07,Marketplace,0,0
LEAD004924,CUST002452,2018-04-26,Paid Search,1,0
LEAD004925,CUST003579,2018-07-14,Referral,0,0
LEAD004926,CUST007794,2018-01-28,Organic,1,0
LEAD004927,CUST001291,2017-09-23,Social,1,1
LEAD004928,CUST006188,2018-07-06,Social,0,0
LEAD004929,CUST006696,2017-12-22,Referral,1,0
LEAD004930,CUST003540,2017-04-26,Referral,1,1
LEAD004931,CUST009533,2017-02-27,Referral,1,0
LEAD004932,CUST008089,2018-03-03,Email,1,0
LEAD004933,CUST006786,2018-01-29,Paid Search,1,0
LEAD004934,CUST002373,2017-07-10,Social,1,0
LEAD004935,CUST006463,2017-04-12,Social,1,1
LEAD004936,CUST000275,2017-03-16,Email,0,0
LEAD004937,CUST009574,2017-02-04,Social,1,1
LEAD004938,CUST003595,2018-07-26,Marketplace,1,0
LEAD004939,CUST000361,2017-07-10,Marketplace,1,1
LEAD004940,CUST005402,2017-10-31,Social,1,0
LEAD004941,CUST000736,2018-09-27,Organic,0,0
LEAD004942,CUST000969,2017-10-23,Referral,0,0
LEAD004943,CUST006296,2017-11-23,Paid Search,0,0
LEAD004944,CUST009742,2017-04-12,Email,0,0
LEAD004945,CUST000560,2017-07-18,Email,1,1
LEAD004946,CUST001656,2017-09-27,Referral,0,0
LEAD004947,CUST004508,2017-03-20,Organic,0,0
LEAD004948,CUST002649,2018-07-22,Marketplace,1,1
LEAD004949,CUST002249,2017-02-27,Paid Search,0,0
LEAD004950,CUST008248,2017-03-21,Email,1,1
LEAD004951,CUST006282,2017-12-23,Paid Search,1,0
LEAD004952,CUST008073,2017-11-03,Paid Search,1,0
LEAD004953,CUST007519,2018-09-17,Paid Search,1,0
LEAD004954,CUST001989,2018-07-07,Referral,1,0
LEAD004955,CUST002658,2017-12-28,Paid Search,0,0
LEAD004956,CUST003134,2017-11-14,Social,1,1
LEAD004957,CUST000093,2018-09-29,Marketplace,1,1
LEAD004958,CUST005523,2018-02-27,Organic,0,0
LEAD004959,CUST002391,2018-02-05,Paid Search,0,0
LEAD004960,CUST005206,2018-01-13,Social,1,1
LEAD004961,CUST003824,2017-04-30,Paid Search,1,1
LEAD004962,CUST000900,2017-03-12,Paid Search,1,0
LEAD004963,CUST005520,2017-12-10,Social,0,0
LEAD004964,CUST007357,2017-05-13,Organic,1,1
LEAD004965,CUST007721,2018-01-24,Social,1,1
LEAD004966,CUST005029,2018-03-20,Marketplace,0,0
LEAD004967,CUST000419,2018-09-25,Organic,0,0
LEAD004968,CUST003002,2018-01-01,Email,1,0
LEAD004969,CUST005068,2018-09-25,Marketplace,1,1
LEAD004970,CUST003436,2017-09-04,Referral,1,1
LEAD004971,CUST007442,2018-02-10,Referral,1,0
LEAD004972,CUST008216,2018-02-16,Social,0,0
LEAD004973,CUST002330,2018-05-11,Paid Search,1,0
LEAD004974,CUST000099,2017-05-12,Organic,0,0
LEAD004975,CUST000727,2017-09-10,Marketplace,0,0
LEAD004976,CUST009358,2017-06-08,Organic,1,0
LEAD004977,CUST005642,2018-07-23,Paid Search,1,0
LEAD004978,CUST002674,2018-06-30,Marketplace,1,1
LEAD004979,CUST006234,2017-10-18,Email,0,0
LEAD004980,CUST004445,2017-03-08,Email,1,1
LEAD004981,CUST003907,2018-02-25,Organic,1,0
LEAD004982,CUST003504,2018-09-24,Paid Search,1,0
LEAD004983,CUST008210,2018-09-23,Email,0,0
LEAD004984,CUST002683,2017-11-09,Paid Search,1,1
LEAD004985,CUST004208,2017-07-20,Email,1,0
LEAD004986,CUST003049,2017-05-08,Marketplace,1,0
LEAD004987,CUST000469,2018-08-22,Referral,0,0
LEAD004988,CUST006125,2017-01-15,Organic,0,0
LEAD004989,CUST006346,2017-02-09,Organic,0,0
LEAD004990,CUST003593,2017-07-03,Organic,0,0
LEAD004991,CUST005439,2018-02-02,Referral,0,0
LEAD004992,CUST005006,2017-12-15,Email,1,0
LEAD004993,CUST007413,2018-05-22,Email,0,0
LEAD004994,CUST007997,2018-02-16,Email,1,0
LEAD004995,CUST004209,2017-07-23,Marketplace,1,0
LEAD004996,CUST004848,2017-02-10,Referral,1,0
LEAD004997,CUST005441,2017-06-28,Marketplace,1,1
LEAD004998,CUST000161,2017-03-26,Email,0,0
LEAD004999,CUST000198,2018-04-17,Referral,0,0
LEAD005000,CUST006646,2017-02-24,Marketplace,1,1
LEAD005001,CUST005175,2017-07-25,Organic,1,0
LEAD005002,CUST002488,2018-03-18,Email,0,0
LEAD005003,CUST003988,2017-06-03,Social,1,0
LEAD005004,CUST002025,2018-06-07,Email,0,0
LEAD005005,CUST004565,2018-04-15,Social,0,0
LEAD005006,CUST000123,2017-12-09,Organic,0,0
LEAD005007,CUST002037,2018-05-06,Social,1,0
LEAD005008,CUST001115,2018-03-27,Email,1,1
LEAD005009,CUST009254,2017-09-30,Email,0,0
LEAD005010,CUST005224,2018-03-09,Marketplace,1,0
LEAD005011,CUST008965,2017-03-30,Social,1,0
LEAD005012,CUST008466,2018-07-13,Marketplace,1,1
LEAD005013,CUST006973,2017-05-19,Referral,0,0
LEAD005014,CUST004345,2018-07-08,Email,1,0
LEAD005015,CUST001460,2017-05-28,Paid Search,1,1
LEAD005016,CUST002048,2018-09-19,Paid Search,0,0
LEAD005017,CUST006818,2017-06-01,Social,1,0
LEAD005018,CUST009014,2018-05-14,Paid Search,0,0
LEAD005019,CUST001936,2017-04-13,Email,0,0
LEAD005020,CUST004751,2018-03-30,Social,1,0
LEAD005021,CUST007169,2018-05-20,Paid Search,1,1
LEAD005022,CUST002892,2018-03-02,Email,0,0
LEAD005023,CUST007368,2017-07-14,Organic,1,0
LEAD005024,CUST000675,2018-04-11,Social,0,0
LEAD005025,CUST007023,2017-09-07,Marketplace,1,0
LEAD005026,CUST007194,2017-03-17,Marketplace,1,0
LEAD005027,CUST001236,2017-05-31,Social,0,0
LEAD005028,CUST001481,2018-08-05,Marketplace,0,0
LEAD005029,CUST001360,2018-06-03,Organic,0,0
LEAD005030,CUST002369,2018-07-22,Paid Search,1,1
LEAD005031,CUST005218,2018-05-11,Referral,0,0
LEAD005032,CUST009213,2018-03-25,Referral,0,0
LEAD005033,CUST008164,2017-09-01,Email,1,0
LEAD005034,CUST005067,2017-05-26,Marketplace,0,0
LEAD005035,CUST003469,2017-04-14,Paid Search,0,0
LEAD005036,CUST002127,2018-02-28,Marketplace,0,0
LEAD005037,CUST004708,2018-05-09,Social,0,0
LEAD005038,CUST000355,2017-11-30,Email,0,0
LEAD005039,CUST004594,2017-12-26,Paid Search,0,0
LEAD005040,CUST007304,2018-05-19,Marketplace,1,1
LEAD005041,CUST001534,2018-03-12,Referral,0,0
LEAD005042,CUST000106,2017-09-08,Social,1,0
LEAD005043,CUST000291,2017-10-06,Paid Search,0,0
LEAD005044,CUST001675,2017-04-14,Social,1,0
LEAD005045,CUST006408,2017-10-13,Paid Search,1,0
LEAD005046,CUST005230,2017-07-20,Marketplace,0,0
LEAD005047,CUST009475,2018-01-27,Email,1,1
LEAD005048,CUST005025,2018-09-26,Organic,0,0
LEAD005049,CUST008271,2017-11-21,Organic,1,0
LEAD005050,CUST002476,2017-01-16,Paid Search,1,0
LEAD005051,CUST001502,2017-08-14,Organic,1,1
LEAD005052,CUST000393,2017-03-09,Email,1,0
LEAD005053,CUST008713,2017-11-23,Referral,0,0
LEAD005054,CUST009178,2017-05-11,Paid Search,0,0
LEAD005055,CUST009962,2017-08-03,Marketplace,0,0
LEAD005056,CUST000988,2018-01-16,Referral,1,0
LEAD005057,CUST009600,2018-05-08,Marketplace,0,0
LEAD005058,CUST000358,2018-06-10,Marketplace,0,0
LEAD005059,CUST000944,2017-07-25,Referral,1,0
LEAD005060,CUST004656,2018-03-01,Organic,1,1
LEAD005061,CUST001248,2017-07-20,Paid Search,1,0
LEAD005062,CUST006746,2018-01-07,Paid Search,1,0
LEAD005063,CUST004084,2017-02-03,Paid Search,0,0
LEAD005064,CUST001250,2018-08-28,Marketplace,1,0
LEAD005065,CUST002053,2018-01-12,Social,0,0
LEAD005066,CUST006596,2017-08-19,Email,1,0
LEAD005067,CUST003585,2017-06-08,Social,1,0
LEAD005068,CUST007821,2018-01-30,Social,1,0
LEAD005069,CUST008099,2017-08-03,Email,1,0
LEAD005070,CUST004403,2018-06-07,Email,0,0
LEAD005071,CUST004490,2018-04-19,Referral,0,0
LEAD005072,CUST007075,2017-07-11,Marketplace,0,0
LEAD005073,CUST000215,2017-01-23,Social,0,0
LEAD005074,CUST009384,2018-03-18,Paid Search,0,0
LEAD005075,CUST002165,2018-07-07,Referral,1,0
LEAD005076,CUST004496,2017-06-15,Social,1,0
LEAD005077,CUST006319,2018-07-08,Social,0,0
LEAD005078,CUST008602,2018-07-07,Social,0,0
LEAD005079,CUST003009,2017-01-25,Marketplace,1,0
LEAD005080,CUST000297,2018-08-05,Social,1,1
LEAD005081,CUST002471,2018-02-14,Marketplace,1,1
LEAD005082,CUST007894,2017-12-12,Referral,0,0
LEAD005083,CUST006937,2017-04-01,Organic,1,1
LEAD005084,CUST003248,2018-02-14,Paid Search,1,0
LEAD005085,CUST005777,2018-07-20,Email,1,0
LEAD005086,CUST004956,2018-08-11,Marketplace,0,0
LEAD005087,CUST002196,2018-07-30,Referral,1,0
LEAD005088,CUST007568,2018-03-20,Social,1,0
LEAD005089,CUST002839,2018-09-29,Email,1,0
LEAD005090,CUST005244,2018-07-19,Social,0,0
LEAD005091,CUST005068,2017-08-05,Email,1,1
LEAD005092,CUST002873,2018-06-01,Email,0,0
LEAD005093,CUST006949,2017-04-10,Email,1,0
LEAD005094,CUST002547,2018-08-28,Referral,1,1
LEAD005095,CUST003717,2017-09-29,Organic,0,0
LEAD005096,CUST001493,2018-05-03,Social,1,0
LEAD005097,CUST006176,2017-04-20,Email,0,0
LEAD005098,CUST006555,2018-09-26,Paid Search,1,0
LEAD005099,CUST006905,2018-05-01,Referral,0,0
LEAD005100,CUST003485,2017-05-09,Marketplace,1,0
LEAD005101,CUST005528,2017-07-07,Paid Search,0,0
LEAD005102,CUST002155,2017-08-11,Email,1,0
LEAD005103,CUST004008,2017-04-27,Referral,1,0
LEAD005104,CUST006152,2018-01-20,Marketplace,1,1
LEAD005105,CUST007512,2017-06-16,Social,0,0
LEAD005106,CUST002630,2017-05-30,Organic,1,0
LEAD005107,CUST004672,2017-06-29,Organic,0,0
LEAD005108,CUST003999,2018-07-17,Marketplace,0,0
LEAD005109,CUST002049,2017-09-28,Paid Search,1,1
LEAD005110,CUST000367,2017-09-03,Paid Search,0,0
LEAD005111,CUST007622,2018-02-01,Referral,0,0
LEAD005112,CUST002807,2018-01-12,Social,1,0
LEAD005113,CUST006979,2017-03-01,Marketplace,1,1
LEAD005114,CUST005623,2018-04-27,Referral,1,0
LEAD005115,CUST003757,2017-06-17,Paid Search,0,0
LEAD005116,CUST007672,2018-06-06,Social,0,0
LEAD005117,CUST002948,2018-07-11,Email,0,0
LEAD005118,CUST001584,2017-05-30,Organic,1,0
LEAD005119,CUST001512,2018-08-25,Marketplace,0,0
LEAD005120,CUST005369,2018-05-01,Organic,0,0
LEAD005121,CUST005547,2017-10-22,Referral,1,0
LEAD005122,CUST008326,2018-08-07,Referral,1,0
LEAD005123,CUST000536,2018-09-26,Paid Search,0,0
LEAD005124,CUST009832,2017-01-19,Social,0,0
LEAD005125,CUST005634,2017-05-10,Paid Search,0,0
LEAD005126,CUST001499,2017-05-27,Marketplace,0,0
LEAD005127,CUST008124,2017-01-12,Marketplace,0,0
LEAD005128,CUST007938,2018-07-24,Organic,0,0
LEAD005129,CUST001484,2018-08-06,Organic,0,0
LEAD005130,CUST002416,2017-08-30,Marketplace,1,0
LEAD005131,CUST003166,2017-04-10,Marketplace,0,0
LEAD005132,CUST006405,2017-08-03,Organic,1,1
LEAD005133,CUST002660,2018-01-04,Social,0,0
LEAD005134,CUST004508,2018-05-09,Referral,0,0
LEAD005135,CUST000892,2017-02-15,Marketplace,0,0
LEAD005136,CUST004438,2017-10-27,Marketplace,0,0
LEAD005137,CUST001837,2018-05-31,Paid Search,0,0
LEAD005138,CUST007173,2017-10-19,Paid Search,1,0
LEAD005139,CUST006846,2017-10-10,Referral,1,0
LEAD005140,CUST001991,2017-10-02,Organic,1,0
LEAD005141,CUST003823,2018-08-23,Organic,1,0
LEAD005142,CUST008921,2017-03-02,Organic,0,0
LEAD005143,CUST000820,2017-07-09,Social,1,1
LEAD005144,CUST009328,2018-08-24,Email,0,0
LEAD005145,CUST007142,2017-11-20,Email,1,0
LEAD005146,CUST004527,2017-09-26,Organic,0,0
LEAD005147,CUST006935,2017-03-10,Marketplace,0,0
LEAD005148,CUST000138,2018-02-06,Paid Search,0,0
LEAD005149,CUST007829,2017-12-05,Referral,1,0
LEAD005150,CUST000883,2017-05-02,Referral,1,0
LEAD005151,CUST009989,2018-02-14,Social,1,1
LEAD005152,CUST002840,2017-02-04,Paid Search,1,0
LEAD005153,CUST003653,2017-02-12,Marketplace,0,0
LEAD005154,CUST007054,2017-07-23,Referral,0,0
LEAD005155,CUST002981,2018-01-08,Email,0,0
LEAD005156,CUST000762,2018-03-01,Organic,0,0
LEAD005157,CUST009129,2017-01-29,Paid Search,1,1
LEAD005158,CUST009047,2017-12-23,Referral,0,0
LEAD005159,CUST000725,2017-12-08,Organic,1,0
LEAD005160,CUST003525,2017-04-13,Organic,1,1
LEAD005161,CUST009345,2017-06-05,Referral,1,0
LEAD005162,CUST003790,2017-06-21,Organic,0,0
LEAD005163,CUST008092,2018-09-27,Marketplace,0,0
LEAD005164,CUST004742,2018-07-07,Email,1,0
LEAD005165,CUST008732,2017-06-19,Paid Search,1,0
LEAD005166,CUST009383,2018-06-29,Marketplace,0,0
LEAD005167,CUST002155,2018-04-19,Paid Search,0,0
LEAD005168,CUST006967,2018-06-22,Paid Search,1,1
LEAD005169,CUST004443,2017-12-27,Referral,0,0
LEAD005170,CUST005439,2018-05-14,Marketplace,1,0
LEAD005171,CUST003981,2018-04-20,Organic,1,0
LEAD005172,CUST005609,2018-09-11,Social,0,0
LEAD005173,CUST006961,2017-02-09,Organic,1,0
LEAD005174,CUST009956,2018-04-22,Social,0,0
LEAD005175,CUST003868,2017-06-27,Organic,0,0
LEAD005176,CUST006966,2018-09-14,Email,0,0
LEAD005177,CUST002382,2017-07-20,Email,1,0
LEAD005178,CUST006786,2017-09-20,Organic,0,0
LEAD005179,CUST003942,2018-05-16,Social,0,0
LEAD005180,CUST006424,2017-02-19,Organic,0,0
LEAD005181,CUST001349,2018-01-19,Organic,0,0
LEAD005182,CUST007520,2018-04-02,Paid Search,1,0
LEAD005183,CUST002506,2018-09-05,Paid Search,1,0
LEAD005184,CUST008612,2017-11-27,Referral,1,0
LEAD005185,CUST000609,2018-06-18,Social,0,0
LEAD005186,CUST001385,2017-08-05,Marketplace,0,0
LEAD005187,CUST004246,2017-06-02,Organic,0,0
LEAD005188,CUST006896,2017-11-25,Marketplace,1,1
LEAD005189,CUST001552,2018-09-09,Referral,1,0
LEAD005190,CUST001537,2017-09-08,Social,0,0
LEAD005191,CUST006464,2018-06-03,Email,0,0
LEAD005192,CUST002152,2017-06-01,Social,0,0
LEAD005193,CUST000143,2018-01-31,Marketplace,0,0
LEAD005194,CUST009108,2017-04-13,Marketplace,0,0
LEAD005195,CUST005747,2018-03-13,Paid Search,0,0
LEAD005196,CUST005887,2017-10-23,Social,0,0
LEAD005197,CUST005340,2018-05-30,Marketplace,0,0
LEAD005198,CUST008979,2018-07-16,Paid Search,1,1
LEAD005199,CUST006267,2018-05-28,Social,0,0
LEAD005200,CUST008958,2017-04-20,Referral,1,0
LEAD005201,CUST009479,2018-08-19,Paid Search,1,0
LEAD005202,CUST002250,2017-11-10,Marketplace,1,0
LEAD005203,CUST001519,2017-02-24,Marketplace,0,0
LEAD005204,CUST005366,2017-08-20,Email,1,0
LEAD005205,CUST008319,2017-07-03,Marketplace,0,0
LEAD005206,CUST007251,2018-06-20,Paid Search,0,0
LEAD005207,CUST008815,2017-05-06,Social,0,0
LEAD005208,CUST000742,2017-10-10,Organic,0,0
LEAD005209,CUST001854,2018-05-10,Referral,0,0
LEAD005210,CUST002938,2018-08-17,Social,0,0
LEAD005211,CUST007205,2018-07-15,Referral,1,0
LEAD005212,CUST001033,2018-08-06,Organic,0,0
LEAD005213,CUST004371,2017-04-04,Email,0,0
LEAD005214,CUST000637,2017-12-10,Email,1,0
LEAD005215,CUST000889,2018-01-19,Social,1,0
LEAD005216,CUST005936,2017-07-14,Email,0,0
LEAD005217,CUST007878,2017-05-10,Paid Search,0,0
LEAD005218,CUST003524,2017-09-18,Email,0,0
LEAD005219,CUST007762,2017-09-17,Organic,1,0
LEAD005220,CUST007895,2017-07-02,Organic,1,1
LEAD005221,CUST006261,2017-12-28,Social,0,0
LEAD005222,CUST006153,2018-01-18,Referral,1,1
LEAD005223,CUST000623,2018-04-18,Paid Search,0,0
LEAD005224,CUST003843,2018-06-01,Email,1,0
LEAD005225,CUST001982,2017-11-12,Email,0,0
LEAD005226,CUST003780,2017-03-23,Email,1,0
LEAD005227,CUST008675,2018-04-05,Organic,1,0
LEAD005228,CUST008311,2018-09-04,Social,1,0
LEAD005229,CUST008555,2017-08-06,Paid Search,1,0
LEAD005230,CUST000577,2018-08-27,Social,0,0
LEAD005231,CUST000679,2018-07-22,Paid Search,0,0
LEAD005232,CUST003749,2018-09-17,Paid Search,0,0
LEAD005233,CUST001848,2018-01-27,Paid Search,0,0
LEAD005234,CUST004747,2017-04-20,Organic,1,0
LEAD005235,CUST009393,2018-07-13,Paid Search,0,0
LEAD005236,CUST002447,2017-02-06,Paid Search,0,0
LEAD005237,CUST006418,2018-03-30,Marketplace,0,0
LEAD005238,CUST009330,2017-10-16,Referral,0,0
LEAD005239,CUST002239,2017-11-14,Marketplace,0,0
LEAD005240,CUST000865,2017-01-03,Paid Search,1,0
LEAD005241,CUST000492,2018-06-13,Paid Search,1,0
LEAD005242,CUST001717,2018-06-19,Marketplace,1,1
LEAD005243,CUST004631,2017-07-01,Paid Search,1,0
LEAD005244,CUST007465,2018-09-22,Social,1,0
LEAD005245,CUST003751,2017-05-08,Referral,1,0
LEAD005246,CUST009728,2017-11-23,Organic,0,0
LEAD005247,CUST006418,2017-05-15,Marketplace,1,1
LEAD005248,CUST009699,2018-07-08,Marketplace,1,0
LEAD005249,CUST001893,2018-08-27,Paid Search,0,0
LEAD005250,CUST004358,2017-02-28,Organic,1,1
LEAD005251,CUST002208,2017-01-28,Organic,1,0
LEAD005252,CUST003269,2017-04-05,Email,0,0
LEAD005253,CUST005488,2018-01-15,Paid Search,1,0
LEAD005254,CUST002386,2018-02-17,Social,1,0
LEAD005255,CUST001803,2017-12-31,Marketplace,0,0
LEAD005256,CUST009221,2018-06-22,Organic,0,0
LEAD005257,CUST000805,2017-09-30,Marketplace,1,0
LEAD005258,CUST005336,2017-07-18,Referral,0,0
LEAD005259,CUST002917,2018-03-14,Organic,1,0
LEAD005260,CUST004228,2017-06-27,Marketplace,0,0
LEAD005261,CUST004300,2017-12-15,Social,1,0
LEAD005262,CUST006043,2017-10-20,Paid Search,0,0
LEAD005263,CUST006253,2017-06-20,Organic,0,0
LEAD005264,CUST000522,2018-04-14,Organic,1,0
LEAD005265,CUST005160,2017-08-09,Referral,0,0
LEAD005266,CUST003520,2017-08-23,Referral,1,1
LEAD005267,CUST006589,2017-06-09,Social,0,0
LEAD005268,CUST006670,2017-06-24,Organic,0,0
LEAD005269,CUST003279,2018-04-28,Marketplace,1,0
LEAD005270,CUST007795,2017-10-16,Paid Search,1,1
LEAD005271,CUST002331,2017-04-09,Email,0,0
LEAD005272,CUST006427,2018-09-01,Referral,1,0
LEAD005273,CUST007974,2017-08-24,Social,1,0
LEAD005274,CUST003656,2017-07-15,Email,0,0
LEAD005275,CUST009929,2017-08-02,Social,1,1
LEAD005276,CUST004016,2018-03-20,Social,1,0
LEAD005277,CUST003425,2017-10-09,Email,1,0
LEAD005278,CUST005964,2018-09-08,Email,0,0
LEAD005279,CUST008610,2017-01-28,Referral,0,0
LEAD005280,CUST001872,2017-11-14,Paid Search,0,0
LEAD005281,CUST006590,2018-08-15,Email,1,0
LEAD005282,CUST000517,2018-09-24,Email,0,0
LEAD005283,CUST005365,2017-06-11,Referral,0,0
LEAD005284,CUST002726,2018-05-22,Email,0,0
LEAD005285,CUST009433,2018-06-22,Paid Search,1,0
LEAD005286,CUST003168,2018-02-09,Referral,1,1
LEAD005287,CUST005982,2017-12-01,Paid Search,0,0
LEAD005288,CUST005699,2017-08-20,Marketplace,0,0
LEAD005289,CUST004727,2017-10-19,Marketplace,1,0
LEAD005290,CUST002962,2017-09-16,Social,1,0
LEAD005291,CUST004172,2018-01-01,Email,1,0
LEAD005292,CUST000374,2018-02-09,Referral,1,0
LEAD005293,CUST009918,2017-07-26,Organic,0,0
LEAD005294,CUST001987,2017-11-20,Referral,1,0
LEAD005295,CUST009404,2017-09-02,Paid Search,1,0
LEAD005296,CUST006307,2017-03-22,Organic,1,0
LEAD005297,CUST009512,2018-06-21,Paid Search,1,0
LEAD005298,CUST009158,2018-08-20,Email,0,0
LEAD005299,CUST002866,2017-09-30,Social,0,0
LEAD005300,CUST005598,2017-02-07,Organic,1,0
LEAD005301,CUST004443,2017-10-06,Marketplace,0,0
LEAD005302,CUST004321,2017-04-04,Organic,0,0
LEAD005303,CUST007205,2017-09-12,Paid Search,0,0
LEAD005304,CUST009080,2017-01-03,Referral,0,0
LEAD005305,CUST003671,2018-05-30,Referral,0,0
LEAD005306,CUST002521,2017-09-15,Social,0,0
LEAD005307,CUST005963,2017-03-31,Referral,1,0
LEAD005308,CUST007698,2017-08-29,Referral,0,0
LEAD005309,CUST001452,2018-04-11,Paid Search,0,0
LEAD005310,CUST007051,2018-01-09,Email,1,0
LEAD005311,CUST006799,2018-07-17,Email,1,0
LEAD005312,CUST000065,2017-08-10,Social,1,0
LEAD005313,CUST008632,2017-11-09,Organic,1,1
LEAD005314,CUST007780,2017-08-03,Email,0,0
LEAD005315,CUST009375,2017-09-20,Social,0,0
LEAD005316,CUST004887,2017-08-28,Paid Search,1,1
LEAD005317,CUST000821,2018-03-10,Referral,1,0
LEAD005318,CUST006715,2018-02-10,Paid Search,1,0
LEAD005319,CUST007990,2018-01-15,Referral,1,0
LEAD005320,CUST009737,2017-12-19,Email,1,1
LEAD005321,CUST002881,2017-09-02,Social,0,0
LEAD005322,CUST000307,2017-12-08,Social,1,1
LEAD005323,CUST008987,2018-09-14,Email,1,0
LEAD005324,CUST002055,2017-06-11,Referral,0,0
LEAD005325,CUST003636,2018-05-23,Email,1,1
LEAD005326,CUST005240,2017-09-29,Marketplace,1,0
LEAD005327,CUST002287,2018-06-14,Organic,0,0
LEAD005328,CUST003500,2017-01-04,Social,1,0
LEAD005329,CUST005672,2017-11-04,Referral,1,1
LEAD005330,CUST002864,2018-07-14,Email,1,0
LEAD005331,CUST005688,2017-12-29,Social,1,0
LEAD005332,CUST004977,2017-07-03,Paid Search,1,0
LEAD005333,CUST006848,2017-02-10,Email,1,0
LEAD005334,CUST007058,2018-04-20,Marketplace,1,0
LEAD005335,CUST007665,2017-12-29,Email,1,1
LEAD005336,CUST007323,2017-11-17,Paid Search,0,0
LEAD005337,CUST002142,2017-04-27,Organic,0,0
LEAD005338,CUST005204,2017-05-09,Social,0,0
LEAD005339,CUST003144,2018-01-14,Social,1,1
LEAD005340,CUST001605,2017-02-14,Referral,0,0
LEAD005341,CUST008888,2018-06-07,Paid Search,1,0
LEAD005342,CUST004451,2017-06-30,Paid Search,0,0
LEAD005343,CUST006863,2017-06-06,Email,0,0
LEAD005344,CUST008481,2018-06-21,Paid Search,1,0
LEAD005345,CUST003064,2017-11-22,Email,1,1
LEAD005346,CUST003270,2017-12-02,Referral,1,0
LEAD005347,CUST004195,2018-05-18,Referral,1,0
LEAD005348,CUST000836,2017-05-28,Social,1,0
LEAD005349,CUST009741,2017-12-20,Referral,1,0
LEAD005350,CUST001343,2017-12-09,Referral,0,0
LEAD005351,CUST007950,2017-06-05,Social,1,0
LEAD005352,CUST005916,2018-01-26,Email,0,0
LEAD005353,CUST000722,2017-08-29,Paid Search,1,0
LEAD005354,CUST007620,2017-07-26,Paid Search,0,0
LEAD005355,CUST002050,2017-08-31,Paid Search,1,1
LEAD005356,CUST006183,2017-02-06,Referral,0,0
LEAD005357,CUST006465,2017-02-09,Paid Search,1,1
LEAD005358,CUST003269,2018-04-08,Referral,1,0
LEAD005359,CUST003196,2017-08-05,Organic,0,0
LEAD005360,CUST009703,2018-04-23,Paid Search,1,0
LEAD005361,CUST006638,2018-08-29,Organic,0,0
LEAD005362,CUST005287,2018-02-25,Marketplace,1,1
LEAD005363,CUST003903,2017-12-09,Social,0,0
LEAD005364,CUST009625,2017-11-29,Social,1,0
LEAD005365,CUST009447,2017-06-25,Organic,0,0
LEAD005366,CUST004835,2018-08-16,Social,1,0
LEAD005367,CUST004133,2018-07-10,Organic,0,0
LEAD005368,CUST007928,2018-01-30,Referral,1,0
LEAD005369,CUST000012,2017-01-14,Marketplace,1,0
LEAD005370,CUST009804,2017-01-17,Referral,0,0
LEAD005371,CUST007439,2017-05-31,Marketplace,1,0
LEAD005372,CUST002511,2017-10-03,Paid Search,1,0
LEAD005373,CUST003732,2018-03-04,Paid Search,1,1
LEAD005374,CUST009687,2018-07-20,Organic,0,0
LEAD005375,CUST008530,2017-09-06,Marketplace,0,0
LEAD005376,CUST004949,2018-05-23,Social,0,0
LEAD005377,CUST006586,2017-12-09,Paid Search,0,0
LEAD005378,CUST005867,2017-12-10,Organic,0,0
LEAD005379,CUST005402,2018-04-12,Email,0,0
LEAD005380,CUST003350,2017-01-16,Marketplace,0,0
LEAD005381,CUST006533,2017-03-09,Organic,0,0
LEAD005382,CUST009665,2018-03-06,Paid Search,0,0
LEAD005383,CUST005622,2017-12-12,Referral,1,1
LEAD005384,CUST003896,2017-04-14,Organic,1,1
LEAD005385,CUST006579,2017-09-28,Social,0,0
LEAD005386,CUST004584,2018-01-17,Marketplace,1,1
LEAD005387,CUST001728,2018-05-06,Email,0,0
LEAD005388,CUST001642,2018-07-31,Email,0,0
LEAD005389,CUST002308,2017-10-29,Organic,0,0
LEAD005390,CUST001566,2018-03-04,Email,0,0
LEAD005391,CUST002473,2017-01-24,Marketplace,0,0
LEAD005392,CUST008752,2017-11-23,Social,0,0
LEAD005393,CUST006501,2018-06-16,Referral,1,0
LEAD005394,CUST002464,2018-05-29,Social,0,0
LEAD005395,CUST009870,2017-12-04,Social,1,0
LEAD005396,CUST008681,2017-08-26,Social,1,0
LEAD005397,CUST006048,2017-02-18,Organic,1,1
LEAD005398,CUST007761,2017-03-21,Paid Search,0,0
LEAD005399,CUST000692,2018-02-17,Paid Search,0,0
LEAD005400,CUST006724,2018-09-11,Social,1,0
LEAD005401,CUST004131,2017-12-08,Organic,0,0
LEAD005402,CUST008569,2018-07-12,Email,1,0
LEAD005403,CUST000848,2017-08-18,Email,0,0
LEAD005404,CUST001609,2018-04-13,Paid Search,0,0
LEAD005405,CUST008950,2017-03-16,Referral,1,0
LEAD005406,CUST008496,2018-06-26,Organic,1,0
LEAD005407,CUST007836,2018-04-01,Marketplace,0,0
LEAD005408,CUST003404,2017-11-13,Referral,1,0
LEAD005409,CUST006111,2018-04-25,Referral,1,0
LEAD005410,CUST001024,2017-02-15,Email,0,0
LEAD005411,CUST009025,2018-05-01,Paid Search,0,0
LEAD005412,CUST004192,2017-06-25,Paid Search,1,0
LEAD005413,CUST003536,2018-09-06,Email,1,0
LEAD005414,CUST002839,2017-02-01,Paid Search,0,0
LEAD005415,CUST003264,2018-03-19,Marketplace,1,0
LEAD005416,CUST007320,2017-03-07,Organic,1,1
LEAD005417,CUST001714,2017-03-11,Paid Search,1,1
LEAD005418,CUST003185,2017-08-17,Email,1,0
LEAD005419,CUST007387,2017-07-26,Organic,1,0
LEAD005420,CUST006547,2017-03-09,Organic,0,0
LEAD005421,CUST006442,2017-01-27,Social,1,1
LEAD005422,CUST001382,2017-07-01,Social,1,0
LEAD005423,CUST007180,2018-02-09,Paid Search,1,0
LEAD005424,CUST002945,2017-10-24,Social,1,0
LEAD005425,CUST005994,2018-08-29,Paid Search,0,0
LEAD005426,CUST007482,2018-06-25,Social,1,0
LEAD005427,CUST003989,2017-04-23,Paid Search,1,1
LEAD005428,CUST005986,2017-11-22,Email,0,0
LEAD005429,CUST008843,2017-10-12,Referral,0,0
LEAD005430,CUST007133,2017-03-14,Email,1,1
LEAD005431,CUST008183,2017-02-05,Marketplace,1,0
LEAD005432,CUST001234,2017-08-05,Referral,1,1
LEAD005433,CUST000439,2017-12-27,Social,1,1
LEAD005434,CUST009598,2018-03-21,Email,0,0
LEAD005435,CUST001022,2017-11-22,Email,1,0
LEAD005436,CUST009593,2018-09-18,Paid Search,1,0
LEAD005437,CUST004883,2018-03-23,Referral,1,0
LEAD005438,CUST006757,2018-05-03,Social,0,0
LEAD005439,CUST006735,2017-12-30,Paid Search,0,0
LEAD005440,CUST001173,2018-01-21,Referral,1,0
LEAD005441,CUST003820,2018-07-26,Marketplace,0,0
LEAD005442,CUST002439,2018-03-20,Paid Search,0,0
LEAD005443,CUST000804,2018-03-12,Email,1,0
LEAD005444,CUST009044,2017-05-03,Social,1,0
LEAD005445,CUST009806,2017-10-22,Paid Search,0,0
LEAD005446,CUST008261,2017-10-31,Organic,0,0
LEAD005447,CUST009009,2017-09-09,Organic,1,1
LEAD005448,CUST001770,2018-01-25,Social,0,0
LEAD005449,CUST000350,2017-06-27,Referral,1,1
LEAD005450,CUST002544,2018-05-12,Organic,1,0
LEAD005451,CUST000039,2018-06-28,Email,1,0
LEAD005452,CUST001195,2017-04-09,Email,0,0
LEAD005453,CUST007659,2017-10-11,Referral,1,0
LEAD005454,CUST004494,2017-06-20,Paid Search,1,0
LEAD005455,CUST001436,2018-09-05,Organic,0,0
LEAD005456,CUST001561,2017-01-04,Organic,1,0
LEAD005457,CUST009772,2018-09-29,Paid Search,1,0
LEAD005458,CUST002802,2017-07-08,Marketplace,0,0
LEAD005459,CUST009590,2018-05-06,Organic,0,0
LEAD005460,CUST005077,2017-05-23,Social,0,0
LEAD005461,CUST000475,2017-04-03,Referral,1,0
LEAD005462,CUST003483,2017-08-13,Paid Search,0,0
LEAD005463,CUST000894,2018-03-03,Referral,1,0
LEAD005464,CUST009668,2017-06-09,Paid Search,0,0
LEAD005465,CUST005280,2017-08-21,Marketplace,1,1
LEAD005466,CUST005033,2017-07-17,Marketplace,0,0
LEAD005467,CUST000733,2018-05-27,Paid Search,1,1
LEAD005468,CUST001579,2017-05-05,Paid Search,0,0
LEAD005469,CUST001267,2017-06-07,Referral,0,0
LEAD005470,CUST007882,2017-01-26,Organic,1,0
LEAD005471,CUST004278,2018-03-26,Paid Search,1,0
LEAD005472,CUST000172,2017-09-21,Paid Search,0,0
LEAD005473,CUST002296,2018-06-26,Social,1,0
LEAD005474,CUST005190,2017-02-08,Organic,0,0
LEAD005475,CUST006390,2018-07-05,Email,0,0
LEAD005476,CUST001583,2017-04-10,Marketplace,0,0
LEAD005477,CUST000668,2018-07-14,Marketplace,1,0
LEAD005478,CUST008186,2018-03-21,Email,0,0
LEAD005479,CUST002079,2018-03-20,Referral,0,0
LEAD005480,CUST002791,2018-02-16,Referral,1,0
LEAD005481,CUST004352,2017-09-29,Paid Search,1,0
LEAD005482,CUST007223,2017-11-30,Social,0,0
LEAD005483,CUST004725,2017-11-04,Referral,1,1
LEAD005484,CUST005756,2017-11-16,Organic,1,0
LEAD005485,CUST007602,2017-11-13,Social,0,0
LEAD005486,CUST002127,2017-11-20,Marketplace,1,0
LEAD005487,CUST006899,2018-07-09,Organic,1,1
LEAD005488,CUST001445,2017-03-09,Marketplace,1,1
LEAD005489,CUST004218,2017-08-31,Marketplace,0,0
LEAD005490,CUST008332,2018-07-26,Referral,0,0
LEAD005491,CUST008905,2017-05-17,Email,1,0
LEAD005492,CUST009394,2017-01-26,Referral,1,0
LEAD005493,CUST009519,2018-02-08,Social,1,1
LEAD005494,CUST004232,2017-06-18,Organic,1,0
LEAD005495,CUST000448,2018-04-04,Marketplace,1,0
LEAD005496,CUST009648,2017-01-14,Marketplace,0,0
LEAD005497,CUST005220,2018-09-29,Organic,0,0
LEAD005498,CUST009422,2018-07-30,Marketplace,0,0
LEAD005499,CUST003461,2018-08-07,Email,0,0
LEAD005500,CUST007705,2018-06-09,Referral,0,0
LEAD005501,CUST007319,2018-03-29,Social,1,0
LEAD005502,CUST005487,2017-03-08,Organic,0,0
LEAD005503,CUST005281,2018-01-31,Organic,0,0
LEAD005504,CUST004937,2018-04-21,Email,1,0
LEAD005505,CUST004678,2018-02-18,Social,0,0
LEAD005506,CUST005204,2017-05-05,Paid Search,1,1
LEAD005507,CUST001546,2017-04-17,Organic,0,0
LEAD005508,CUST000243,2018-06-30,Referral,1,1
LEAD005509,CUST003092,2018-05-21,Organic,0,0
LEAD005510,CUST009173,2017-04-30,Referral,1,1
LEAD005511,CUST008388,2017-06-28,Organic,1,0
LEAD005512,CUST002094,2017-10-15,Social,1,1
LEAD005513,CUST005082,2017-11-03,Referral,0,0
LEAD005514,CUST005943,2017-10-17,Organic,0,0
LEAD005515,CUST006346,2017-07-29,Referral,0,0
LEAD005516,CUST000192,2017-11-17,Referral,1,0
LEAD005517,CUST004068,2018-08-25,Referral,1,0
LEAD005518,CUST004537,2017-11-26,Paid Search,0,0
LEAD005519,CUST007559,2017-11-02,Referral,1,1
LEAD005520,CUST000932,2018-03-19,Marketplace,1,0
LEAD005521,CUST004106,2017-09-06,Marketplace,0,0
LEAD005522,CUST001847,2017-11-03,Social,0,0
LEAD005523,CUST009508,2017-03-24,Marketplace,0,0
LEAD005524,CUST002070,2017-11-06,Social,1,0
LEAD005525,CUST009009,2018-06-13,Paid Search,0,0
LEAD005526,CUST007821,2017-05-29,Email,0,0
LEAD005527,CUST005344,2017-01-16,Organic,1,0
LEAD005528,CUST007050,2018-07-20,Referral,0,0
LEAD005529,CUST006249,2018-05-11,Marketplace,1,0
LEAD005530,CUST000428,2018-01-12,Marketplace,0,0
LEAD005531,CUST009166,2017-08-15,Referral,0,0
LEAD005532,CUST005986,2017-11-07,Email,1,0
LEAD005533,CUST004487,2018-07-27,Social,0,0
LEAD005534,CUST002927,2018-09-20,Marketplace,0,0
LEAD005535,CUST001513,2018-08-03,Social,1,0
LEAD005536,CUST007869,2018-06-09,Organic,1,1
LEAD005537,CUST007534,2017-01-09,Marketplace,1,0
LEAD005538,CUST001259,2017-10-10,Email,1,0
LEAD005539,CUST001047,2018-03-25,Referral,1,0
LEAD005540,CUST004918,2017-11-19,Organic,1,1
LEAD005541,CUST008377,2017-11-08,Paid Search,0,0
LEAD005542,CUST000223,2017-12-03,Organic,1,0
LEAD005543,CUST008712,2017-03-10,Referral,1,1
LEAD005544,CUST002747,2017-09-06,Referral,1,0
LEAD005545,CUST005355,2018-03-04,Email,1,0
LEAD005546,CUST005487,2017-12-17,Referral,0,0
LEAD005547,CUST005469,2018-09-27,Organic,1,0
LEAD005548,CUST006137,2017-12-16,Social,1,1
LEAD005549,CUST008124,2018-09-22,Email,1,0
LEAD005550,CUST009464,2017-03-24,Marketplace,0,0
LEAD005551,CUST005963,2017-10-08,Marketplace,1,0
LEAD005552,CUST003296,2017-10-11,Marketplace,0,0
LEAD005553,CUST007597,2018-01-27,Referral,1,1
LEAD005554,CUST005298,2017-05-28,Referral,0,0
LEAD005555,CUST001898,2017-08-21,Paid Search,0,0
LEAD005556,CUST006248,2017-07-25,Marketplace,1,0
LEAD005557,CUST009978,2017-02-23,Social,1,1
LEAD005558,CUST008027,2017-12-11,Social,1,0
LEAD005559,CUST005863,2017-12-24,Email,1,0
LEAD005560,CUST004658,2018-09-22,Marketplace,0,0
LEAD005561,CUST000040,2018-04-19,Paid Search,1,1
LEAD005562,CUST004820,2018-05-30,Paid Search,0,0
LEAD005563,CUST005612,2018-05-15,Organic,0,0
LEAD005564,CUST008420,2017-08-03,Referral,0,0
LEAD005565,CUST003930,2018-02-19,Paid Search,0,0
LEAD005566,CUST003459,2017-03-30,Social,1,1
LEAD005567,CUST008139,2018-05-19,Marketplace,0,0
LEAD005568,CUST005262,2017-05-13,Social,1,0
LEAD005569,CUST009232,2017-02-14,Social,1,1
LEAD005570,CUST007631,2018-08-12,Email,0,0
LEAD005571,CUST003487,2018-09-24,Email,0,0
LEAD005572,CUST004970,2018-02-08,Email,1,0
LEAD005573,CUST007171,2017-04-16,Organic,0,0
LEAD005574,CUST006514,2017-04-09,Email,0,0
LEAD005575,CUST006935,2018-07-18,Social,0,0
LEAD005576,CUST000994,2018-03-20,Marketplace,1,0
LEAD005577,CUST004927,2017-03-15,Paid Search,0,0
LEAD005578,CUST000799,2017-08-01,Referral,1,0
LEAD005579,CUST008681,2017-06-24,Email,0,0
LEAD005580,CUST005601,2017-12-09,Email,1,1
LEAD005581,CUST001564,2018-09-20,Paid Search,0,0
LEAD005582,CUST005171,2017-07-06,Email,0,0
LEAD005583,CUST006896,2017-12-13,Paid Search,1,0
LEAD005584,CUST007108,2017-04-16,Social,0,0
LEAD005585,CUST006771,2018-05-26,Email,1,1
LEAD005586,CUST004489,2017-06-20,Referral,1,0
LEAD005587,CUST006794,2018-06-07,Social,1,0
LEAD005588,CUST005562,2017-10-08,Referral,1,1
LEAD005589,CUST009686,2017-10-01,Organic,0,0
LEAD005590,CUST007029,2017-02-05,Paid Search,1,0
LEAD005591,CUST006532,2017-09-03,Referral,1,1
LEAD005592,CUST003029,2017-07-13,Marketplace,0,0
LEAD005593,CUST007824,2018-06-07,Email,0,0
LEAD005594,CUST009842,2018-03-12,Marketplace,1,1
LEAD005595,CUST001323,2017-05-01,Email,1,1
LEAD005596,CUST003646,2017-10-13,Email,1,1
LEAD005597,CUST005596,2017-04-09,Paid Search,1,1
LEAD005598,CUST005412,2017-12-05,Organic,0,0
LEAD005599,CUST000147,2017-02-27,Paid Search,1,0
LEAD005600,CUST001026,2017-07-12,Referral,0,0
LEAD005601,CUST008841,2018-02-01,Referral,0,0
LEAD005602,CUST004064,2017-12-29,Social,1,0
LEAD005603,CUST000472,2018-08-07,Organic,1,1
LEAD005604,CUST002268,2018-04-30,Organic,0,0
LEAD005605,CUST007248,2017-08-10,Marketplace,1,1
LEAD005606,CUST000475,2017-02-12,Marketplace,0,0
LEAD005607,CUST005817,2017-05-12,Social,0,0
LEAD005608,CUST008145,2018-03-11,Organic,0,0
LEAD005609,CUST003628,2018-05-29,Marketplace,0,0
LEAD005610,CUST005565,2017-12-30,Organic,1,0
LEAD005611,CUST006685,2017-10-23,Paid Search,0,0
LEAD005612,CUST005268,2017-09-09,Email,1,0
LEAD005613,CUST002410,2017-10-09,Email,1,1
LEAD005614,CUST000666,2018-02-21,Social,0,0
LEAD005615,CUST004882,2017-10-05,Organic,1,1
LEAD005616,CUST009936,2017-04-08,Organic,1,1
LEAD005617,CUST000527,2017-08-18,Email,0,0
LEAD005618,CUST004600,2017-08-21,Referral,1,1
LEAD005619,CUST000381,2018-08-08,Organic,1,0
LEAD005620,CUST005134,2017-03-01,Organic,1,0
LEAD005621,CUST005188,2017-12-20,Referral,1,1
LEAD005622,CUST007689,2017-04-10,Marketplace,1,0
LEAD005623,CUST001620,2018-03-15,Paid Search,1,1
LEAD005624,CUST001664,2017-05-11,Paid Search,0,0
LEAD005625,CUST000717,2018-05-01,Referral,0,0
LEAD005626,CUST003720,2018-08-06,Marketplace,1,1
LEAD005627,CUST008404,2017-07-20,Paid Search,0,0
LEAD005628,CUST006042,2017-06-20,Referral,0,0
LEAD005629,CUST005073,2017-03-03,Paid Search,0,0
LEAD005630,CUST001342,2018-03-31,Marketplace,1,0
LEAD005631,CUST009025,2017-11-24,Social,1,0
LEAD005632,CUST002929,2018-01-01,Email,1,0
LEAD005633,CUST005648,2018-08-02,Marketplace,1,1
LEAD005634,CUST004759,2018-01-19,Organic,1,0
LEAD005635,CUST003012,2017-08-06,Email,1,1
LEAD005636,CUST004197,2017-10-11,Social,0,0
LEAD005637,CUST006004,2017-05-26,Email,1,0
LEAD005638,CUST000267,2018-09-15,Organic,0,0
LEAD005639,CUST007532,2017-10-05,Referral,1,0
LEAD005640,CUST001472,2017-05-07,Organic,0,0
LEAD005641,CUST002223,2018-03-06,Social,0,0
LEAD005642,CUST009408,2018-02-21,Email,1,1
LEAD005643,CUST001121,2018-06-22,Organic,0,0
LEAD005644,CUST006416,2017-10-14,Email,0,0
LEAD005645,CUST000074,2018-05-19,Organic,1,1
LEAD005646,CUST009798,2017-05-11,Social,1,1
LEAD005647,CUST007973,2018-08-16,Marketplace,1,0
LEAD005648,CUST007770,2018-09-03,Paid Search,0,0
LEAD005649,CUST008009,2018-09-22,Organic,1,1
LEAD005650,CUST001000,2018-07-07,Social,0,0
LEAD005651,CUST006146,2018-04-27,Referral,1,0
LEAD005652,CUST005531,2017-11-11,Email,1,0
LEAD005653,CUST007591,2018-08-21,Referral,1,0
LEAD005654,CUST003643,2017-09-23,Social,0,0
LEAD005655,CUST001350,2018-05-31,Organic,0,0
LEAD005656,CUST009249,2018-02-16,Social,1,0
LEAD005657,CUST006459,2018-02-28,Social,1,0
LEAD005658,CUST004748,2017-08-15,Social,0,0
LEAD005659,CUST005209,2018-04-30,Social,1,0
LEAD005660,CUST000283,2018-05-25,Social,1,0
LEAD005661,CUST005996,2017-08-18,Organic,1,1
LEAD005662,CUST003677,2017-08-07,Marketplace,1,0
LEAD005663,CUST004917,2018-02-07,Paid Search,1,0
LEAD005664,CUST006153,2018-04-19,Marketplace,1,0
LEAD005665,CUST002646,2017-03-18,Marketplace,0,0
LEAD005666,CUST001072,2017-06-10,Referral,1,1
LEAD005667,CUST003575,2017-02-11,Social,1,0
LEAD005668,CUST001239,2017-11-09,Marketplace,1,1
LEAD005669,CUST001834,2018-07-10,Marketplace,0,0
LEAD005670,CUST005279,2018-04-28,Paid Search,1,0
LEAD005671,CUST009366,2017-10-08,Paid Search,1,0
LEAD005672,CUST007933,2017-11-26,Paid Search,0,0
LEAD005673,CUST001080,2018-03-10,Social,0,0
LEAD005674,CUST006966,2017-03-19,Organic,0,0
LEAD005675,CUST002865,2018-01-19,Organic,0,0
LEAD005676,CUST005462,2017-08-13,Paid Search,1,1
LEAD005677,CUST009946,2018-01-20,Marketplace,0,0
LEAD005678,CUST000066,2017-03-01,Email,1,1
LEAD005679,CUST009709,2018-06-12,Referral,1,0
LEAD005680,CUST000541,2017-08-12,Marketplace,0,0
LEAD005681,CUST003286,2017-07-04,Referral,0,0
LEAD005682,CUST009783,2018-01-05,Social,1,0
LEAD005683,CUST009541,2017-09-04,Referral,0,0
LEAD005684,CUST009146,2017-08-05,Paid Search,1,0
LEAD005685,CUST001122,2017-08-04,Organic,0,0
LEAD005686,CUST000301,2017-08-25,Email,0,0
LEAD005687,CUST001494,2017-09-25,Marketplace,1,0
LEAD005688,CUST005035,2018-09-15,Referral,1,1
LEAD005689,CUST007817,2018-05-05,Email,1,1
LEAD005690,CUST000974,2018-09-14,Marketplace,1,0
LEAD005691,CUST008855,2017-09-03,Social,1,1
LEAD005692,CUST001548,2017-01-30,Paid Search,1,0
LEAD005693,CUST003129,2018-06-24,Marketplace,1,1
LEAD005694,CUST001455,2017-06-25,Email,1,0
LEAD005695,CUST004027,2017-09-16,Marketplace,0,0
LEAD005696,CUST003341,2018-03-10,Social,1,0
LEAD005697,CUST003317,2017-01-26,Referral,0,0
LEAD005698,CUST005616,2017-05-11,Marketplace,1,0
LEAD005699,CUST008134,2018-05-02,Marketplace,1,1
LEAD005700,CUST008105,2018-08-24,Marketplace,0,0
LEAD005701,CUST004896,2017-10-17,Email,1,0
LEAD005702,CUST005081,2018-06-13,Paid Search,0,0
LEAD005703,CUST002757,2017-10-21,Email,0,0
LEAD005704,CUST006270,2017-01-15,Organic,1,1
LEAD005705,CUST005505,2018-04-16,Referral,1,1
LEAD005706,CUST009402,2018-03-26,Social,0,0
LEAD005707,CUST008186,2018-03-28,Social,0,0
LEAD005708,CUST006465,2017-09-17,Referral,1,0
LEAD005709,CUST001362,2017-08-10,Organic,0,0
LEAD005710,CUST004780,2018-04-17,Email,0,0
LEAD005711,CUST000060,2017-08-15,Social,0,0
LEAD005712,CUST008520,2017-12-12,Paid Search,1,1
LEAD005713,CUST005641,2017-03-10,Referral,1,0
LEAD005714,CUST005423,2017-11-12,Social,1,0
LEAD005715,CUST001142,2017-01-27,Referral,1,0
LEAD005716,CUST003665,2017-10-18,Organic,0,0
LEAD005717,CUST009286,2018-08-28,Referral,1,0
LEAD005718,CUST004031,2018-08-07,Social,1,0
LEAD005719,CUST007976,2017-03-29,Marketplace,1,0
LEAD005720,CUST007712,2017-01-02,Organic,0,0
LEAD005721,CUST002935,2017-12-04,Referral,0,0
LEAD005722,CUST004661,2017-11-12,Social,1,1
LEAD005723,CUST002845,2018-02-07,Email,0,0
LEAD005724,CUST009660,2017-06-21,Organic,0,0
LEAD005725,CUST008636,2018-03-07,Social,0,0
LEAD005726,CUST004956,2017-04-22,Paid Search,1,1
LEAD005727,CUST001393,2018-05-24,Paid Search,0,0
LEAD005728,CUST007444,2017-10-27,Organic,0,0
LEAD005729,CUST003812,2018-05-31,Email,0,0
LEAD005730,CUST000895,2017-01-13,Organic,0,0
LEAD005731,CUST003012,2018-09-21,Referral,0,0
LEAD005732,CUST001902,2018-08-24,Email,1,1
LEAD005733,CUST004424,2018-04-09,Referral,1,0
LEAD005734,CUST003926,2017-04-02,Referral,0,0
LEAD005735,CUST003233,2017-06-02,Social,0,0
LEAD005736,CUST005069,2017-06-28,Referral,1,0
LEAD005737,CUST005930,2017-09-12,Marketplace,0,0
LEAD005738,CUST009304,2017-03-26,Paid Search,0,0
LEAD005739,CUST006670,2018-06-24,Email,0,0
LEAD005740,CUST000851,2017-06-30,Marketplace,1,0
LEAD005741,CUST003066,2018-02-11,Organic,1,0
LEAD005742,CUST005040,2017-07-13,Email,1,1
LEAD005743,CUST001130,2017-11-23,Referral,1,1
LEAD005744,CUST005378,2017-08-22,Paid Search,0,0
LEAD005745,CUST009050,2018-04-19,Organic,1,1
LEAD005746,CUST008519,2017-04-12,Social,0,0
LEAD005747,CUST001105,2017-03-01,Referral,0,0
LEAD005748,CUST007285,2018-07-22,Social,1,0
LEAD005749,CUST009776,2018-03-23,Email,1,0
LEAD005750,CUST002226,2017-05-01,Referral,0,0
LEAD005751,CUST008087,2017-05-12,Organic,1,1
LEAD005752,CUST008824,2018-07-24,Referral,0,0
LEAD005753,CUST000313,2018-05-20,Paid Search,1,0
LEAD005754,CUST009472,2017-04-24,Marketplace,0,0
LEAD005755,CUST004034,2017-09-28,Marketplace,0,0
LEAD005756,CUST006468,2017-10-31,Social,1,0
LEAD005757,CUST001107,2018-06-24,Paid Search,1,0
LEAD005758,CUST002644,2017-07-31,Referral,0,0
LEAD005759,CUST000200,2017-03-04,Marketplace,1,0
LEAD005760,CUST001453,2018-05-29,Marketplace,1,0
LEAD005761,CUST003575,2017-11-07,Email,1,0
LEAD005762,CUST008820,2017-05-18,Marketplace,0,0
LEAD005763,CUST001819,2018-08-08,Marketplace,1,1
LEAD005764,CUST009105,2018-02-04,Marketplace,0,0
LEAD005765,CUST005749,2017-08-16,Referral,0,0
LEAD005766,CUST007354,2018-06-26,Marketplace,0,0
LEAD005767,CUST004650,2018-06-23,Marketplace,1,0
LEAD005768,CUST008360,2018-08-21,Organic,0,0
LEAD005769,CUST009813,2018-03-28,Organic,1,0
LEAD005770,CUST006402,2018-09-05,Referral,1,1
LEAD005771,CUST004308,2017-08-18,Social,1,0
LEAD005772,CUST003370,2018-04-19,Organic,1,0
LEAD005773,CUST008602,2017-04-23,Organic,1,0
LEAD005774,CUST009379,2018-08-28,Organic,0,0
LEAD005775,CUST003398,2017-11-23,Marketplace,0,0
LEAD005776,CUST003255,2017-06-01,Organic,0,0
LEAD005777,CUST004076,2017-10-23,Social,0,0
LEAD005778,CUST006724,2018-08-18,Email,0,0
LEAD005779,CUST003963,2018-02-13,Marketplace,0,0
LEAD005780,CUST007190,2018-08-08,Organic,0,0
LEAD005781,CUST008229,2018-02-21,Email,0,0
LEAD005782,CUST000241,2017-12-30,Organic,1,1
LEAD005783,CUST007749,2018-07-16,Marketplace,0,0
LEAD005784,CUST009889,2017-08-17,Organic,0,0
LEAD005785,CUST009833,2017-03-06,Paid Search,0,0
LEAD005786,CUST002252,2017-10-20,Paid Search,0,0
LEAD005787,CUST000031,2018-02-24,Paid Search,0,0
LEAD005788,CUST002208,2017-01-27,Social,1,1
LEAD005789,CUST009288,2017-07-25,Social,1,0
LEAD005790,CUST009426,2018-02-20,Referral,1,1
LEAD005791,CUST004975,2018-04-16,Paid Search,1,0
LEAD005792,CUST008877,2018-06-25,Paid Search,1,0
LEAD005793,CUST005961,2017-01-28,Referral,0,0
LEAD005794,CUST004256,2018-07-24,Marketplace,0,0
LEAD005795,CUST007689,2017-02-11,Email,1,0
LEAD005796,CUST009990,2018-05-02,Referral,0,0
LEAD005797,CUST003665,2018-06-04,Organic,0,0
LEAD005798,CUST007484,2018-07-16,Organic,0,0
LEAD005799,CUST008330,2018-01-08,Social,1,1
LEAD005800,CUST000745,2017-07-20,Marketplace,0,0
LEAD005801,CUST009765,2018-06-28,Referral,0,0
LEAD005802,CUST002305,2017-11-14,Organic,0,0
LEAD005803,CUST007475,2017-02-25,Social,0,0
LEAD005804,CUST002716,2018-06-24,Social,0,0
LEAD005805,CUST003866,2017-05-24,Email,1,0
LEAD005806,CUST009751,2018-05-24,Organic,0,0
LEAD005807,CUST000684,2018-02-16,Paid Search,0,0
LEAD005808,CUST007648,2017-11-22,Organic,0,0
LEAD005809,CUST000842,2018-02-17,Marketplace,0,0
LEAD005810,CUST005925,2017-06-18,Social,1,1
LEAD005811,CUST002357,2017-12-13,Paid Search,0,0
LEAD005812,CUST001602,2017-10-18,Email,1,1
LEAD005813,CUST001374,2018-05-14,Social,1,0
LEAD005814,CUST008717,2018-05-05,Social,1,1
LEAD005815,CUST009449,2017-06-09,Referral,1,1
LEAD005816,CUST006988,2017-01-13,Marketplace,1,0
LEAD005817,CUST008681,2017-12-20,Organic,0,0
LEAD005818,CUST009889,2017-07-19,Organic,0,0
LEAD005819,CUST000888,2017-08-12,Paid Search,0,0
LEAD005820,CUST004338,2018-07-20,Organic,0,0
LEAD005821,CUST002485,2017-04-16,Referral,0,0
LEAD005822,CUST008714,2017-08-28,Paid Search,1,0
LEAD005823,CUST009475,2018-03-09,Email,0,0
LEAD005824,CUST000317,2017-03-05,Paid Search,1,1
LEAD005825,CUST000066,2018-07-17,Referral,0,0
LEAD005826,CUST001088,2018-06-06,Email,0,0
LEAD005827,CUST007475,2018-02-13,Referral,0,0
LEAD005828,CUST002844,2018-07-11,Marketplace,1,1
LEAD005829,CUST003320,2018-07-03,Paid Search,1,1
LEAD005830,CUST009854,2017-11-06,Organic,0,0
LEAD005831,CUST001100,2017-03-11,Organic,1,1
LEAD005832,CUST009827,2017-04-12,Referral,0,0
LEAD005833,CUST006520,2018-09-14,Social,0,0
LEAD005834,CUST007353,2017-02-08,Referral,0,0
LEAD005835,CUST002173,2018-02-06,Paid Search,0,0
LEAD005836,CUST004776,2017-11-28,Social,1,1
LEAD005837,CUST001003,2018-01-09,Organic,0,0
LEAD005838,CUST009404,2017-03-13,Referral,1,1
LEAD005839,CUST003329,2017-12-01,Referral,0,0
LEAD005840,CUST003866,2017-01-16,Email,0,0
LEAD005841,CUST005849,2017-10-24,Paid Search,1,1
LEAD005842,CUST007280,2017-02-03,Paid Search,0,0
LEAD005843,CUST004484,2018-09-10,Paid Search,0,0
LEAD005844,CUST009294,2018-06-13,Referral,1,0
LEAD005845,CUST009301,2017-02-06,Social,0,0
LEAD005846,CUST003664,2017-10-15,Paid Search,1,0
LEAD005847,CUST009064,2018-07-14,Marketplace,1,0
LEAD005848,CUST006375,2017-08-06,Referral,0,0
LEAD005849,CUST000520,2018-02-24,Marketplace,1,1
LEAD005850,CUST002999,2017-10-13,Referral,1,0
LEAD005851,CUST005495,2018-08-21,Organic,0,0
LEAD005852,CUST002015,2018-03-11,Organic,1,0
LEAD005853,CUST005417,2018-07-07,Marketplace,1,0
LEAD005854,CUST000980,2018-02-23,Marketplace,1,0
LEAD005855,CUST000833,2017-06-06,Social,0,0
LEAD005856,CUST003286,2017-12-22,Social,0,0
LEAD005857,CUST000089,2017-10-12,Organic,0,0
LEAD005858,CUST002604,2018-01-11,Social,0,0
LEAD005859,CUST003049,2018-08-22,Paid Search,0,0
LEAD005860,CUST004113,2018-01-27,Paid Search,0,0
LEAD005861,CUST001174,2018-09-26,Paid Search,1,0
LEAD005862,CUST007049,2018-07-04,Social,1,1
LEAD005863,CUST000564,2017-04-13,Social,1,0
LEAD005864,CUST003139,2018-04-23,Referral,0,0
LEAD005865,CUST005745,2017-03-20,Paid Search,0,0
LEAD005866,CUST007404,2017-08-14,Email,0,0
LEAD005867,CUST004202,2018-01-01,Referral,1,1
LEAD005868,CUST007636,2017-12-16,Marketplace,1,0
LEAD005869,CUST009527,2018-06-18,Referral,1,1
LEAD005870,CUST003081,2017-08-03,Social,0,0
LEAD005871,CUST000584,2017-07-20,Organic,1,0
LEAD005872,CUST004444,2017-10-03,Referral,0,0
LEAD005873,CUST004817,2017-06-15,Paid Search,0,0
LEAD005874,CUST009528,2017-05-21,Organic,1,0
LEAD005875,CUST007757,2018-04-05,Email,0,0
LEAD005876,CUST005582,2017-06-01,Referral,0,0
LEAD005877,CUST006568,2018-03-21,Email,0,0
LEAD005878,CUST000661,2017-11-19,Social,0,0
LEAD005879,CUST002672,2017-08-06,Social,1,0
LEAD005880,CUST002503,2018-07-25,Email,0,0
LEAD005881,CUST002949,2018-06-13,Social,1,0
LEAD005882,CUST003263,2017-02-05,Paid Search,0,0
LEAD005883,CUST001768,2018-08-10,Marketplace,1,1
LEAD005884,CUST009787,2017-06-11,Referral,0,0
LEAD005885,CUST006532,2017-10-24,Social,1,0
LEAD005886,CUST009118,2018-05-18,Email,0,0
LEAD005887,CUST003145,2017-03-04,Organic,0,0
LEAD005888,CUST008171,2017-11-24,Marketplace,1,0
LEAD005889,CUST003227,2018-06-25,Organic,1,1
LEAD005890,CUST008215,2017-03-15,Marketplace,0,0
LEAD005891,CUST004457,2018-05-09,Organic,0,0
LEAD005892,CUST000422,2017-07-20,Paid Search,1,0
LEAD005893,CUST000490,2017-09-30,Email,1,1
LEAD005894,CUST004301,2017-12-07,Referral,1,1
LEAD005895,CUST008750,2018-09-05,Social,0,0
LEAD005896,CUST007475,2017-02-22,Referral,0,0
LEAD005897,CUST003643,2018-07-12,Social,0,0
LEAD005898,CUST009563,2017-02-23,Marketplace,0,0
LEAD005899,CUST002862,2018-06-05,Email,0,0
LEAD005900,CUST003768,2018-02-19,Marketplace,0,0
LEAD005901,CUST005956,2017-10-29,Marketplace,1,0
LEAD005902,CUST003449,2017-12-18,Paid Search,0,0
LEAD005903,CUST004359,2017-02-08,Referral,1,1
LEAD005904,CUST005305,2018-06-18,Marketplace,1,0
LEAD005905,CUST002692,2017-10-26,Organic,0,0
LEAD005906,CUST008701,2017-10-19,Organic,0,0
LEAD005907,CUST002687,2017-02-25,Paid Search,1,1
LEAD005908,CUST009810,2017-02-05,Marketplace,0,0
LEAD005909,CUST008714,2018-07-02,Paid Search,1,0
LEAD005910,CUST006762,2017-12-24,Organic,0,0
LEAD005911,CUST004136,2018-08-15,Social,0,0
LEAD005912,CUST001807,2018-02-13,Referral,0,0
LEAD005913,CUST001052,2017-01-18,Email,0,0
LEAD005914,CUST008800,2018-03-21,Paid Search,0,0
LEAD005915,CUST009558,2018-01-21,Email,1,0
LEAD005916,CUST001590,2018-01-14,Email,0,0
LEAD005917,CUST004634,2017-05-02,Marketplace,1,1
LEAD005918,CUST009739,2018-09-03,Social,1,0
LEAD005919,CUST001160,2017-11-28,Organic,0,0
LEAD005920,CUST000255,2018-06-15,Marketplace,1,0
LEAD005921,CUST003407,2017-12-05,Referral,1,0
LEAD005922,CUST006651,2017-05-11,Paid Search,1,0
LEAD005923,CUST005212,2018-04-17,Referral,1,0
LEAD005924,CUST005506,2018-04-11,Email,1,0
LEAD005925,CUST009260,2017-11-07,Marketplace,0,0
LEAD005926,CUST000188,2017-05-24,Email,1,0
LEAD005927,CUST003335,2017-06-05,Email,1,0
LEAD005928,CUST006091,2017-12-26,Email,1,1
LEAD005929,CUST007753,2017-10-02,Referral,0,0
LEAD005930,CUST001001,2018-08-29,Email,0,0
LEAD005931,CUST001351,2017-04-03,Paid Search,0,0
LEAD005932,CUST006152,2018-04-13,Marketplace,0,0
LEAD005933,CUST007784,2018-03-10,Referral,0,0
LEAD005934,CUST003796,2017-04-14,Organic,0,0
LEAD005935,CUST002075,2018-03-20,Social,0,0
LEAD005936,CUST006686,2018-09-13,Marketplace,1,0
LEAD005937,CUST003573,2018-09-17,Organic,1,0
LEAD005938,CUST004036,2018-03-14,Marketplace,1,0
LEAD005939,CUST003916,2017-09-23,Paid Search,0,0
LEAD005940,CUST002057,2018-06-14,Marketplace,0,0
LEAD005941,CUST000885,2018-03-19,Email,0,0
LEAD005942,CUST006479,2018-04-19,Email,0,0
LEAD005943,CUST005358,2018-08-23,Social,0,0
LEAD005944,CUST001809,2017-10-26,Social,1,1
LEAD005945,CUST006707,2017-09-25,Paid Search,0,0
LEAD005946,CUST004715,2017-11-26,Social,1,1
LEAD005947,CUST007033,2017-08-06,Referral,0,0
LEAD005948,CUST004458,2018-01-29,Organic,1,0
LEAD005949,CUST002693,2018-02-21,Social,0,0
LEAD005950,CUST001845,2018-08-25,Social,1,0
LEAD005951,CUST009934,2018-07-06,Marketplace,0,0
LEAD005952,CUST004572,2018-01-19,Paid Search,1,1
LEAD005953,CUST007135,2017-12-07,Marketplace,1,0
LEAD005954,CUST000259,2018-03-22,Social,0,0
LEAD005955,CUST007504,2018-02-26,Paid Search,0,0
LEAD005956,CUST001804,2017-01-17,Marketplace,0,0
LEAD005957,CUST006545,2018-07-04,Marketplace,1,0
LEAD005958,CUST004908,2017-08-23,Organic,0,0
LEAD005959,CUST000018,2017-10-21,Email,0,0
LEAD005960,CUST008264,2017-03-26,Organic,1,1
LEAD005961,CUST002846,2018-08-12,Marketplace,0,0
LEAD005962,CUST004038,2018-07-30,Email,1,0
LEAD005963,CUST006200,2017-05-05,Paid Search,0,0
LEAD005964,CUST005459,2018-04-02,Paid Search,0,0
LEAD005965,CUST001770,2018-04-25,Email,1,1
LEAD005966,CUST004689,2017-06-01,Email,0,0
LEAD005967,CUST007812,2018-06-07,Organic,0,0
LEAD005968,CUST002365,2017-06-04,Paid Search,1,0
LEAD005969,CUST008580,2018-07-04,Email,1,0
LEAD005970,CUST001985,2018-06-17,Organic,0,0
LEAD005971,CUST003585,2017-01-10,Social,1,0
LEAD005972,CUST003900,2017-05-20,Organic,0,0
LEAD005973,CUST009046,2017-09-12,Email,0,0
LEAD005974,CUST003653,2017-04-30,Paid Search,1,1
LEAD005975,CUST001580,2017-12-07,Marketplace,1,1
LEAD005976,CUST008717,2017-12-06,Referral,0,0
LEAD005977,CUST007968,2018-06-19,Paid Search,0,0
LEAD005978,CUST005825,2018-08-04,Paid Search,1,1
LEAD005979,CUST005613,2017-12-07,Paid Search,0,0
LEAD005980,CUST007251,2017-12-28,Social,0,0
LEAD005981,CUST006267,2018-06-25,Marketplace,1,0
LEAD005982,CUST000948,2017-06-02,Marketplace,1,1
LEAD005983,CUST002673,2017-04-28,Marketplace,1,0
LEAD005984,CUST001310,2017-09-06,Referral,1,0
LEAD005985,CUST005010,2018-09-13,Email,1,0
LEAD005986,CUST007266,2017-02-13,Marketplace,1,0
LEAD005987,CUST004559,2018-06-09,Marketplace,0,0
LEAD005988,CUST003140,2018-05-13,Organic,0,0
LEAD005989,CUST004628,2017-03-13,Social,1,0
LEAD005990,CUST006858,2018-02-23,Organic,0,0
LEAD005991,CUST000177,2017-03-05,Referral,0,0
LEAD005992,CUST007381,2018-07-21,Social,1,1
LEAD005993,CUST002084,2018-02-23,Marketplace,0,0
LEAD005994,CUST001857,2018-09-20,Paid Search,1,0
LEAD005995,CUST003867,2018-04-30,Social,1,0
LEAD005996,CUST008038,2017-12-04,Organic,1,0
LEAD005997,CUST007848,2018-09-27,Marketplace,0,0
LEAD005998,CUST004660,2018-02-14,Referral,0,0
LEAD005999,CUST000758,2018-09-27,Paid Search,1,1
LEAD006000,CUST006293,2018-02-01,Paid Search,0,0
LEAD006001,CUST008898,2018-05-23,Marketplace,0,0
LEAD006002,CUST005950,2018-02-28,Marketplace,0,0
LEAD006003,CUST007830,2017-02-05,Organic,1,0
LEAD006004,CUST000241,2017-05-07,Email,0,0
LEAD006005,CUST006276,2018-07-18,Email,0,0
LEAD006006,CUST004876,2017-09-10,Social,0,0
LEAD006007,CUST008791,2018-03-10,Social,0,0
LEAD006008,CUST008663,2018-07-23,Organic,1,0
LEAD006009,CUST006082,2018-09-13,Social,1,0
LEAD006010,CUST002868,2017-10-08,Referral,0,0
LEAD006011,CUST001095,2018-06-24,Marketplace,1,1
LEAD006012,CUST001455,2017-03-20,Paid Search,0,0
LEAD006013,CUST003631,2017-04-06,Marketplace,1,0
LEAD006014,CUST001299,2018-01-18,Referral,1,1
LEAD006015,CUST009681,2017-06-15,Social,0,0
LEAD006016,CUST009980,2017-10-19,Organic,0,0
LEAD006017,CUST003715,2017-08-04,Email,0,0
LEAD006018,CUST002279,2017-08-14,Organic,0,0
LEAD006019,CUST004076,2018-08-09,Social,0,0
LEAD006020,CUST002047,2018-05-22,Referral,1,1
LEAD006021,CUST004717,2017-12-18,Organic,0,0
LEAD006022,CUST007682,2018-04-03,Paid Search,0,0
LEAD006023,CUST007826,2018-05-21,Paid Search,1,0
LEAD006024,CUST004938,2017-06-09,Email,1,0
LEAD006025,CUST009058,2017-11-23,Referral,1,0
LEAD006026,CUST002217,2018-07-25,Email,1,0
LEAD006027,CUST002590,2017-06-08,Paid Search,0,0
LEAD006028,CUST005845,2017-12-22,Email,1,0
LEAD006029,CUST003890,2017-06-01,Referral,0,0
LEAD006030,CUST001152,2018-09-16,Paid Search,1,1
LEAD006031,CUST007815,2018-01-15,Social,1,1
LEAD006032,CUST001044,2018-06-15,Social,1,1
LEAD006033,CUST003982,2017-01-16,Referral,0,0
LEAD006034,CUST007046,2017-02-24,Paid Search,0,0
LEAD006035,CUST006127,2017-12-11,Email,0,0
LEAD006036,CUST005552,2017-02-11,Social,1,0
LEAD006037,CUST001725,2017-06-05,Email,0,0
LEAD006038,CUST005208,2017-04-18,Social,1,1
LEAD006039,CUST008072,2018-03-17,Email,1,0
LEAD006040,CUST005673,2018-04-22,Referral,0,0
LEAD006041,CUST005137,2018-06-11,Organic,0,0
LEAD006042,CUST002245,2017-08-13,Paid Search,0,0
LEAD006043,CUST004702,2017-05-07,Referral,1,1
LEAD006044,CUST002058,2017-07-09,Marketplace,0,0
LEAD006045,CUST006412,2018-08-06,Referral,1,0
LEAD006046,CUST001423,2017-11-21,Paid Search,0,0
LEAD006047,CUST002328,2017-07-12,Social,0,0
LEAD006048,CUST000513,2017-10-13,Paid Search,0,0
LEAD006049,CUST000628,2018-06-24,Email,0,0
LEAD006050,CUST009954,2018-01-14,Email,0,0
LEAD006051,CUST004929,2017-05-09,Referral,1,0
LEAD006052,CUST003906,2017-06-19,Marketplace,1,0
LEAD006053,CUST000384,2017-03-29,Marketplace,1,0
LEAD006054,CUST009219,2017-03-12,Social,1,0
LEAD006055,CUST002430,2018-09-18,Email,1,0
LEAD006056,CUST006322,2018-07-12,Marketplace,0,0
LEAD006057,CUST008051,2018-09-19,Referral,0,0
LEAD006058,CUST001429,2018-01-18,Email,1,0
LEAD006059,CUST009788,2018-01-23,Referral,0,0
LEAD006060,CUST006194,2018-04-28,Paid Search,0,0
LEAD006061,CUST005018,2017-06-18,Marketplace,0,0
LEAD006062,CUST005995,2017-04-02,Organic,1,0
LEAD006063,CUST005276,2018-09-15,Social,0,0
LEAD006064,CUST001403,2018-04-05,Social,1,0
LEAD006065,CUST001112,2018-09-10,Organic,0,0
LEAD006066,CUST005299,2018-06-13,Referral,0,0
LEAD006067,CUST001128,2017-01-08,Paid Search,0,0
LEAD006068,CUST009858,2017-10-04,Referral,0,0
LEAD006069,CUST007104,2017-09-22,Paid Search,1,1
LEAD006070,CUST005939,2017-10-29,Referral,0,0
LEAD006071,CUST007816,2018-07-01,Email,0,0
LEAD006072,CUST005114,2018-08-11,Social,1,1
LEAD006073,CUST002509,2017-12-18,Organic,0,0
LEAD006074,CUST005850,2017-05-07,Marketplace,0,0
LEAD006075,CUST003656,2017-01-05,Email,0,0
LEAD006076,CUST007154,2018-02-08,Email,0,0
LEAD006077,CUST007973,2017-12-30,Paid Search,0,0
LEAD006078,CUST009389,2017-05-06,Organic,1,0
LEAD006079,CUST001022,2017-05-06,Email,1,0
LEAD006080,CUST002533,2018-03-28,Referral,0,0
LEAD006081,CUST002275,2017-03-07,Marketplace,0,0
LEAD006082,CUST009903,2018-08-22,Marketplace,0,0
LEAD006083,CUST007106,2017-08-31,Organic,0,0
LEAD006084,CUST009424,2018-04-29,Marketplace,1,1
LEAD006085,CUST005802,2017-04-03,Email,1,0
LEAD006086,CUST006580,2017-10-27,Referral,1,1
LEAD006087,CUST001505,2017-04-08,Email,0,0
LEAD006088,CUST000963,2018-07-26,Referral,0,0
LEAD006089,CUST002766,2018-01-07,Marketplace,1,0
LEAD006090,CUST004624,2018-06-30,Referral,1,0
LEAD006091,CUST006786,2017-08-25,Organic,1,0
LEAD006092,CUST004413,2017-01-06,Paid Search,1,0
LEAD006093,CUST006667,2017-12-22,Email,1,0
LEAD006094,CUST004071,2018-09-24,Referral,0,0
LEAD006095,CUST002746,2017-05-20,Social,0,0
LEAD006096,CUST006555,2017-06-11,Email,0,0
LEAD006097,CUST006591,2017-03-07,Referral,1,1
LEAD006098,CUST004601,2017-10-29,Email,1,0
LEAD006099,CUST008349,2017-04-14,Marketplace,1,1
LEAD006100,CUST003983,2018-03-02,Referral,1,0
LEAD006101,CUST000513,2017-02-06,Referral,1,0
LEAD006102,CUST003237,2018-07-27,Organic,0,0
LEAD006103,CUST005353,2018-03-13,Marketplace,0,0
LEAD006104,CUST008850,2017-07-10,Organic,0,0
LEAD006105,CUST004902,2017-06-06,Referral,0,0
LEAD006106,CUST000215,2017-11-04,Paid Search,1,0
LEAD006107,CUST000350,2017-05-01,Organic,1,0
LEAD006108,CUST000195,2018-08-02,Organic,0,0
LEAD006109,CUST005155,2017-09-05,Social,0,0
LEAD006110,CUST003965,2017-05-19,Marketplace,1,0
LEAD006111,CUST002812,2017-07-04,Referral,1,0
LEAD006112,CUST000376,2018-03-24,Paid Search,0,0
LEAD006113,CUST005808,2017-01-18,Paid Search,0,0
LEAD006114,CUST005957,2018-07-08,Referral,0,0
LEAD006115,CUST007314,2018-04-20,Email,1,1
LEAD006116,CUST009484,2017-03-10,Paid Search,1,0
LEAD006117,CUST007222,2018-02-27,Organic,1,0
LEAD006118,CUST004118,2018-07-28,Organic,1,1
LEAD006119,CUST006573,2017-06-20,Social,1,1
LEAD006120,CUST009735,2017-06-29,Paid Search,1,0
LEAD006121,CUST003139,2017-11-28,Social,1,0
LEAD006122,CUST006959,2017-07-27,Marketplace,0,0
LEAD006123,CUST004524,2017-03-04,Organic,1,1
LEAD006124,CUST004567,2018-04-05,Paid Search,0,0
LEAD006125,CUST005069,2017-07-29,Referral,0,0
LEAD006126,CUST006278,2017-08-26,Marketplace,1,0
LEAD006127,CUST009042,2017-02-04,Email,0,0
LEAD006128,CUST003529,2017-01-20,Organic,1,1
LEAD006129,CUST007491,2017-09-17,Paid Search,1,0
LEAD006130,CUST000681,2017-12-19,Social,1,0
LEAD006131,CUST008659,2018-01-11,Marketplace,1,0
LEAD006132,CUST004761,2018-02-26,Social,1,1
LEAD006133,CUST004545,2017-11-21,Paid Search,1,1
LEAD006134,CUST003219,2018-09-07,Marketplace,1,0
LEAD006135,CUST003383,2017-04-14,Paid Search,1,1
LEAD006136,CUST007080,2018-08-10,Organic,1,1
LEAD006137,CUST006036,2018-04-06,Referral,0,0
LEAD006138,CUST008350,2018-01-08,Organic,0,0
LEAD006139,CUST003413,2018-03-01,Organic,0,0
LEAD006140,CUST009890,2017-02-05,Organic,1,0
LEAD006141,CUST005519,2017-05-27,Organic,0,0
LEAD006142,CUST000121,2017-02-19,Email,0,0
LEAD006143,CUST006319,2017-11-29,Marketplace,1,1
LEAD006144,CUST008107,2018-01-03,Organic,1,0
LEAD006145,CUST006297,2017-05-24,Organic,0,0
LEAD006146,CUST003876,2017-10-09,Referral,0,0
LEAD006147,CUST000109,2018-06-18,Referral,0,0
LEAD006148,CUST005940,2018-09-13,Social,1,1
LEAD006149,CUST001348,2018-02-04,Social,0,0
LEAD006150,CUST005386,2017-12-23,Email,0,0
LEAD006151,CUST006259,2017-01-10,Social,1,0
LEAD006152,CUST006737,2017-01-16,Marketplace,1,1
LEAD006153,CUST001045,2018-03-05,Email,0,0
LEAD006154,CUST004015,2018-07-21,Email,0,0
LEAD006155,CUST009808,2017-10-14,Marketplace,0,0
LEAD006156,CUST008784,2017-01-24,Referral,1,0
LEAD006157,CUST008239,2017-09-30,Email,0,0
LEAD006158,CUST000333,2017-01-16,Paid Search,0,0
LEAD006159,CUST000280,2017-11-12,Email,1,1
LEAD006160,CUST008038,2017-07-04,Marketplace,1,0
LEAD006161,CUST006160,2018-07-18,Organic,0,0
LEAD006162,CUST000769,2018-06-17,Referral,1,1
LEAD006163,CUST004698,2017-11-21,Social,1,0
LEAD006164,CUST001411,2017-03-16,Paid Search,0,0
LEAD006165,CUST001585,2017-08-02,Marketplace,1,0
LEAD006166,CUST004641,2017-03-09,Social,0,0
LEAD006167,CUST003633,2017-12-20,Email,0,0
LEAD006168,CUST002656,2017-11-11,Marketplace,0,0
LEAD006169,CUST006852,2017-06-18,Marketplace,0,0
LEAD006170,CUST007302,2017-02-09,Referral,0,0
LEAD006171,CUST002924,2018-02-14,Paid Search,0,0
LEAD006172,CUST006574,2018-03-30,Organic,1,0
LEAD006173,CUST005394,2017-03-29,Social,1,1
LEAD006174,CUST005625,2018-07-25,Email,1,0
LEAD006175,CUST000755,2018-03-29,Organic,0,0
LEAD006176,CUST002260,2017-09-21,Paid Search,1,0
LEAD006177,CUST004339,2018-09-26,Email,0,0
LEAD006178,CUST002981,2017-12-18,Marketplace,1,0
LEAD006179,CUST008064,2018-05-08,Paid Search,1,1
LEAD006180,CUST003086,2017-06-18,Organic,1,1
LEAD006181,CUST000624,2017-06-27,Social,0,0
LEAD006182,CUST007234,2017-12-19,Email,1,0
LEAD006183,CUST007691,2018-07-27,Paid Search,1,0
LEAD006184,CUST009720,2017-07-20,Social,1,0
LEAD006185,CUST005757,2017-11-17,Email,0,0
LEAD006186,CUST009525,2017-03-31,Organic,1,0
LEAD006187,CUST007801,2018-04-13,Marketplace,0,0
LEAD006188,CUST008899,2017-12-22,Referral,0,0
LEAD006189,CUST001264,2018-09-02,Organic,1,0
LEAD006190,CUST007271,2017-02-13,Organic,1,1
LEAD006191,CUST008309,2018-08-29,Marketplace,1,0
LEAD006192,CUST006187,2017-10-27,Marketplace,1,0
LEAD006193,CUST001841,2017-12-16,Paid Search,1,1
LEAD006194,CUST002160,2017-04-18,Organic,0,0
LEAD006195,CUST004715,2018-01-04,Organic,1,0
LEAD006196,CUST007598,2017-01-14,Social,0,0
LEAD006197,CUST003041,2017-02-08,Referral,1,0
LEAD006198,CUST005937,2017-04-20,Marketplace,1,1
LEAD006199,CUST003360,2017-02-26,Referral,0,0
LEAD006200,CUST007061,2017-01-17,Organic,1,0
LEAD006201,CUST004798,2017-08-24,Email,0,0
LEAD006202,CUST005201,2018-07-01,Paid Search,1,0
LEAD006203,CUST007992,2017-04-16,Organic,0,0
LEAD006204,CUST001472,2018-01-14,Social,1,1
LEAD006205,CUST006212,2018-08-05,Paid Search,0,0
LEAD006206,CUST001187,2018-09-26,Referral,0,0
LEAD006207,CUST003537,2018-08-08,Referral,0,0
LEAD006208,CUST002704,2017-05-25,Paid Search,1,0
LEAD006209,CUST007274,2018-06-28,Paid Search,1,1
LEAD006210,CUST001768,2017-02-06,Marketplace,1,0
LEAD006211,CUST006313,2018-01-21,Referral,0,0
LEAD006212,CUST007892,2017-04-05,Email,0,0
LEAD006213,CUST008955,2018-05-19,Paid Search,1,0
LEAD006214,CUST002168,2018-05-16,Marketplace,1,1
LEAD006215,CUST000667,2017-02-16,Referral,0,0
LEAD006216,CUST003103,2017-04-19,Paid Search,1,0
LEAD006217,CUST003487,2018-05-04,Referral,0,0
LEAD006218,CUST006717,2018-06-08,Marketplace,0,0
LEAD006219,CUST002427,2018-01-20,Social,1,0
LEAD006220,CUST002870,2018-01-22,Referral,1,0
LEAD006221,CUST007674,2018-09-25,Organic,0,0
LEAD006222,CUST009316,2018-08-10,Email,0,0
LEAD006223,CUST000993,2018-08-24,Email,0,0
LEAD006224,CUST006994,2017-03-13,Paid Search,0,0
LEAD006225,CUST006255,2017-10-21,Referral,0,0
LEAD006226,CUST001265,2017-01-15,Social,1,1
LEAD006227,CUST005442,2017-01-28,Email,0,0
LEAD006228,CUST001966,2017-04-25,Marketplace,1,0
LEAD006229,CUST007859,2017-02-20,Marketplace,0,0
LEAD006230,CUST008619,2018-04-24,Marketplace,1,1
LEAD006231,CUST005258,2017-04-07,Marketplace,0,0
LEAD006232,CUST008724,2018-01-21,Email,1,0
LEAD006233,CUST001667,2017-08-27,Referral,1,1
LEAD006234,CUST002822,2018-09-26,Marketplace,1,1
LEAD006235,CUST009966,2017-07-20,Paid Search,0,0
LEAD006236,CUST008081,2017-09-02,Organic,0,0
LEAD006237,CUST009537,2018-07-17,Paid Search,0,0
LEAD006238,CUST004445,2017-04-22,Social,1,0
LEAD006239,CUST002074,2018-04-22,Paid Search,1,0
LEAD006240,CUST002310,2017-10-16,Marketplace,0,0
LEAD006241,CUST000364,2017-04-26,Email,1,1
LEAD006242,CUST006074,2018-07-29,Referral,0,0
LEAD006243,CUST000448,2017-07-31,Email,0,0
LEAD006244,CUST003657,2017-10-05,Marketplace,0,0
LEAD006245,CUST009172,2018-01-24,Marketplace,1,1
LEAD006246,CUST003337,2017-10-20,Social,1,0
LEAD006247,CUST002013,2018-04-04,Organic,1,0
LEAD006248,CUST006716,2017-06-27,Organic,1,0
LEAD006249,CUST003547,2018-09-21,Organic,1,0
LEAD006250,CUST001667,2017-02-26,Referral,0,0
LEAD006251,CUST000260,2017-05-21,Organic,1,1
LEAD006252,CUST007392,2018-01-02,Referral,0,0
LEAD006253,CUST005326,2018-06-06,Paid Search,0,0
LEAD006254,CUST003511,2017-11-28,Marketplace,0,0
LEAD006255,CUST004459,2018-07-03,Organic,1,0
LEAD006256,CUST006054,2018-01-23,Social,1,1
LEAD006257,CUST005593,2017-07-23,Paid Search,1,0
LEAD006258,CUST000492,2017-05-02,Social,0,0
LEAD006259,CUST004871,2017-06-08,Social,0,0
LEAD006260,CUST006647,2017-04-12,Organic,0,0
LEAD006261,CUST006384,2018-07-30,Marketplace,0,0
LEAD006262,CUST006312,2018-06-08,Email,0,0
LEAD006263,CUST006125,2017-10-27,Paid Search,1,0
LEAD006264,CUST000355,2017-08-22,Organic,0,0
LEAD006265,CUST000298,2018-09-22,Email,1,1
LEAD006266,CUST007084,2017-09-12,Social,1,0
LEAD006267,CUST005358,2017-02-22,Email,0,0
LEAD006268,CUST006964,2018-04-24,Social,0,0
LEAD006269,CUST004328,2017-04-17,Marketplace,0,0
LEAD006270,CUST008315,2018-09-21,Marketplace,1,1
LEAD006271,CUST001960,2017-09-13,Organic,0,0
LEAD006272,CUST002601,2017-11-14,Social,1,1
LEAD006273,CUST003754,2017-11-01,Referral,1,0
LEAD006274,CUST003473,2018-05-02,Email,0,0
LEAD006275,CUST003548,2017-04-09,Social,1,1
LEAD006276,CUST009057,2017-11-24,Paid Search,0,0
LEAD006277,CUST006115,2017-02-23,Referral,0,0
LEAD006278,CUST008433,2017-08-14,Organic,0,0
LEAD006279,CUST000199,2017-05-18,Email,0,0
LEAD006280,CUST004996,2018-02-02,Social,0,0
LEAD006281,CUST000600,2017-07-09,Paid Search,0,0
LEAD006282,CUST007423,2017-01-28,Social,1,0
LEAD006283,CUST000462,2018-06-20,Social,0,0
LEAD006284,CUST009518,2017-10-24,Paid Search,1,1
LEAD006285,CUST006843,2017-04-14,Referral,0,0
LEAD006286,CUST006879,2018-09-15,Organic,1,1
LEAD006287,CUST005976,2018-05-05,Paid Search,0,0
LEAD006288,CUST003159,2018-03-17,Referral,0,0
LEAD006289,CUST004222,2018-07-26,Email,1,1
LEAD006290,CUST003581,2017-07-01,Paid Search,0,0
LEAD006291,CUST006780,2017-01-20,Email,1,0
LEAD006292,CUST008700,2017-04-20,Email,1,0
LEAD006293,CUST004329,2018-03-16,Marketplace,1,1
LEAD006294,CUST000213,2017-01-22,Social,0,0
LEAD006295,CUST007784,2018-05-14,Organic,1,0
LEAD006296,CUST005747,2017-03-14,Organic,0,0
LEAD006297,CUST008097,2017-04-02,Marketplace,1,0
LEAD006298,CUST000072,2017-03-15,Marketplace,1,0
LEAD006299,CUST009636,2018-01-23,Organic,1,0
LEAD006300,CUST006718,2018-08-25,Paid Search,1,0
LEAD006301,CUST000169,2018-02-07,Organic,0,0
LEAD006302,CUST006090,2017-03-23,Social,0,0
LEAD006303,CUST001079,2017-08-19,Organic,1,0
LEAD006304,CUST004967,2017-03-17,Social,0,0
LEAD006305,CUST007260,2017-03-18,Referral,0,0
LEAD006306,CUST003944,2017-12-19,Organic,1,1
LEAD006307,CUST003393,2017-10-09,Email,1,0
LEAD006308,CUST006744,2017-12-29,Organic,0,0
LEAD006309,CUST006125,2018-09-22,Email,1,0
LEAD006310,CUST002694,2018-08-12,Organic,1,0
LEAD006311,CUST003927,2017-06-07,Email,0,0
LEAD006312,CUST008688,2017-09-21,Marketplace,1,1
LEAD006313,CUST004275,2018-02-06,Referral,1,0
LEAD006314,CUST007864,2017-12-07,Paid Search,1,1
LEAD006315,CUST004773,2017-08-25,Referral,1,1
LEAD006316,CUST009663,2017-01-22,Paid Search,1,0
LEAD006317,CUST005293,2017-12-27,Social,1,1
LEAD006318,CUST007961,2017-09-23,Marketplace,0,0
LEAD006319,CUST002653,2017-01-01,Referral,1,1
LEAD006320,CUST005181,2018-09-22,Email,1,0
LEAD006321,CUST002552,2018-09-22,Social,1,0
LEAD006322,CUST004134,2017-02-14,Social,0,0
LEAD006323,CUST007246,2017-08-12,Referral,0,0
LEAD006324,CUST003825,2017-07-19,Paid Search,1,0
LEAD006325,CUST003770,2018-03-24,Organic,0,0
LEAD006326,CUST004662,2017-01-27,Paid Search,0,0
LEAD006327,CUST009362,2018-08-31,Email,0,0
LEAD006328,CUST000911,2018-02-26,Email,0,0
LEAD006329,CUST007399,2018-04-27,Social,0,0
LEAD006330,CUST005412,2017-10-06,Organic,1,1
LEAD006331,CUST006582,2017-08-24,Referral,0,0
LEAD006332,CUST007395,2018-01-27,Paid Search,0,0
LEAD006333,CUST000644,2017-12-08,Organic,1,0
LEAD006334,CUST003467,2018-01-23,Paid Search,0,0
LEAD006335,CUST005428,2017-12-03,Marketplace,1,0
LEAD006336,CUST004055,2017-01-02,Paid Search,0,0
LEAD006337,CUST002977,2018-09-03,Organic,0,0
LEAD006338,CUST001260,2017-09-09,Paid Search,0,0
LEAD006339,CUST000318,2018-05-13,Referral,0,0
LEAD006340,CUST004671,2017-11-01,Organic,0,0
LEAD006341,CUST004559,2017-03-11,Organic,1,1
LEAD006342,CUST002503,2017-01-22,Email,0,0
LEAD006343,CUST007199,2017-10-09,Social,0,0
LEAD006344,CUST005381,2018-02-27,Organic,0,0
LEAD006345,CUST001790,2017-12-02,Referral,0,0
LEAD006346,CUST004220,2018-08-26,Paid Search,0,0
LEAD006347,CUST000467,2018-07-14,Social,1,0
LEAD006348,CUST009468,2018-09-28,Social,0,0
LEAD006349,CUST006273,2017-05-16,Referral,1,1
LEAD006350,CUST006622,2018-02-10,Social,1,0
LEAD006351,CUST007677,2017-03-09,Marketplace,0,0
LEAD006352,CUST009864,2017-09-24,Referral,0,0
LEAD006353,CUST007871,2017-08-03,Social,0,0
LEAD006354,CUST002394,2018-05-01,Organic,0,0
LEAD006355,CUST009603,2018-02-16,Referral,1,1
LEAD006356,CUST001731,2017-07-16,Marketplace,1,1
LEAD006357,CUST005658,2018-02-27,Referral,0,0
LEAD006358,CUST003940,2017-05-28,Social,0,0
LEAD006359,CUST003984,2018-06-04,Organic,0,0
LEAD006360,CUST003850,2017-01-14,Social,1,0
LEAD006361,CUST002813,2017-10-28,Referral,0,0
LEAD006362,CUST002179,2017-10-31,Social,1,0
LEAD006363,CUST003581,2017-09-30,Organic,1,0
LEAD006364,CUST003313,2018-03-04,Email,1,0
LEAD006365,CUST003263,2018-08-08,Organic,0,0
LEAD006366,CUST005564,2018-01-01,Referral,0,0
LEAD006367,CUST005334,2018-05-01,Referral,0,0
LEAD006368,CUST007739,2017-07-09,Organic,0,0
LEAD006369,CUST002063,2018-01-29,Email,0,0
LEAD006370,CUST000810,2017-02-09,Paid Search,1,0
LEAD006371,CUST000540,2018-04-04,Organic,1,0
LEAD006372,CUST003084,2018-05-06,Referral,0,0
LEAD006373,CUST007076,2018-01-03,Referral,1,0
LEAD006374,CUST008843,2017-07-04,Paid Search,1,0
LEAD006375,CUST005900,2017-01-31,Marketplace,0,0
LEAD006376,CUST006514,2018-06-06,Social,0,0
LEAD006377,CUST007098,2017-12-28,Social,0,0
LEAD006378,CUST006687,2017-06-19,Email,1,1
LEAD006379,CUST002790,2018-05-18,Marketplace,1,0
LEAD006380,CUST003540,2017-04-27,Marketplace,0,0
LEAD006381,CUST001346,2017-02-20,Marketplace,0,0
LEAD006382,CUST007332,2017-04-21,Referral,1,0
LEAD006383,CUST003692,2017-07-13,Referral,0,0
LEAD006384,CUST004876,2017-06-02,Organic,1,0
LEAD006385,CUST008019,2018-08-05,Email,1,0
LEAD006386,CUST008975,2017-03-31,Organic,1,1
LEAD006387,CUST009277,2017-08-10,Email,1,1
LEAD006388,CUST004311,2017-02-21,Referral,0,0
LEAD006389,CUST005274,2018-05-31,Social,1,1
LEAD006390,CUST005808,2017-05-22,Paid Search,0,0
LEAD006391,CUST003531,2018-01-08,Marketplace,1,1
LEAD006392,CUST000061,2018-02-27,Paid Search,1,0
LEAD006393,CUST009045,2017-10-12,Marketplace,0,0
LEAD006394,CUST003621,2017-04-05,Paid Search,1,0
LEAD006395,CUST001076,2018-09-10,Marketplace,0,0
LEAD006396,CUST000535,2017-07-17,Paid Search,1,0
LEAD006397,CUST004434,2017-08-07,Email,0,0
LEAD006398,CUST002406,2017-07-01,Paid Search,1,0
LEAD006399,CUST008510,2017-01-09,Email,0,0
LEAD006400,CUST002548,2018-08-31,Social,0,0
LEAD006401,CUST007735,2018-02-01,Paid Search,1,0
LEAD006402,CUST007310,2017-08-25,Paid Search,1,1
LEAD006403,CUST007352,2017-10-05,Social,1,0
LEAD006404,CUST003984,2017-11-03,Paid Search,1,0
LEAD006405,CUST000304,2018-09-22,Marketplace,1,1
LEAD006406,CUST007199,2017-07-19,Referral,0,0
LEAD006407,CUST004981,2017-11-26,Marketplace,0,0
LEAD006408,CUST003231,2018-09-22,Paid Search,0,0
LEAD006409,CUST009271,2017-12-27,Paid Search,0,0
LEAD006410,CUST000034,2017-01-02,Paid Search,1,0
LEAD006411,CUST002367,2017-12-08,Paid Search,1,0
LEAD006412,CUST003836,2017-12-30,Email,1,0
LEAD006413,CUST009417,2018-04-06,Marketplace,1,1
LEAD006414,CUST004473,2017-10-09,Social,0,0
LEAD006415,CUST008437,2018-04-24,Paid Search,1,0
LEAD006416,CUST007111,2017-06-09,Social,0,0
LEAD006417,CUST007529,2017-01-01,Organic,0,0
LEAD006418,CUST000739,2017-10-29,Social,1,0
LEAD006419,CUST006936,2017-07-30,Email,0,0
LEAD006420,CUST002562,2017-07-22,Referral,1,0
LEAD006421,CUST001467,2018-08-28,Organic,0,0
LEAD006422,CUST008087,2017-04-13,Marketplace,0,0
LEAD006423,CUST002315,2017-07-16,Email,0,0
LEAD006424,CUST009035,2018-09-27,Email,1,0
LEAD006425,CUST005533,2017-01-09,Email,0,0
LEAD006426,CUST009459,2017-09-21,Organic,0,0
LEAD006427,CUST008328,2017-03-07,Email,0,0
LEAD006428,CUST008195,2017-07-19,Organic,1,0
LEAD006429,CUST003306,2017-11-29,Paid Search,1,0
LEAD006430,CUST004386,2018-03-17,Email,1,1
LEAD006431,CUST006839,2017-11-17,Marketplace,0,0
LEAD006432,CUST007778,2018-03-27,Email,0,0
LEAD006433,CUST003032,2017-11-05,Social,1,1
LEAD006434,CUST005913,2017-01-07,Social,0,0
LEAD006435,CUST009362,2018-04-18,Organic,1,1
LEAD006436,CUST007139,2017-09-03,Social,0,0
LEAD006437,CUST001927,2018-04-19,Organic,0,0
LEAD006438,CUST006637,2017-04-20,Referral,1,0
LEAD006439,CUST004496,2017-09-30,Paid Search,0,0
LEAD006440,CUST006171,2018-08-13,Paid Search,1,0
LEAD006441,CUST001172,2018-03-08,Marketplace,1,0
LEAD006442,CUST008811,2017-12-16,Organic,0,0
LEAD006443,CUST006171,2018-04-28,Marketplace,1,1
LEAD006444,CUST008475,2018-01-25,Paid Search,0,0
LEAD006445,CUST008937,2018-05-07,Organic,0,0
LEAD006446,CUST000577,2017-09-29,Referral,0,0
LEAD006447,CUST006465,2018-08-03,Paid Search,0,0
LEAD006448,CUST003436,2017-09-22,Social,1,1
LEAD006449,CUST006156,2018-08-21,Marketplace,0,0
LEAD006450,CUST003452,2017-10-02,Organic,1,1
LEAD006451,CUST005869,2017-12-09,Email,1,0
LEAD006452,CUST006714,2018-01-18,Referral,1,0
LEAD006453,CUST007569,2018-08-19,Social,1,0
LEAD006454,CUST003886,2017-07-14,Organic,1,0
LEAD006455,CUST008222,2017-01-17,Social,1,1
LEAD006456,CUST005793,2018-09-14,Email,1,0
LEAD006457,CUST006722,2017-11-23,Social,0,0
LEAD006458,CUST004375,2017-12-29,Referral,0,0
LEAD006459,CUST001465,2017-05-23,Referral,0,0
LEAD006460,CUST007237,2017-03-08,Referral,0,0
LEAD006461,CUST005778,2017-10-09,Referral,0,0
LEAD006462,CUST002769,2018-08-02,Organic,1,0
LEAD006463,CUST005041,2017-08-06,Marketplace,1,0
LEAD006464,CUST004447,2017-05-19,Organic,1,1
LEAD006465,CUST008582,2017-12-26,Organic,1,0
LEAD006466,CUST006234,2017-06-21,Email,1,1
LEAD006467,CUST006381,2017-03-02,Email,1,0
LEAD006468,CUST008037,2017-07-18,Marketplace,1,0
LEAD006469,CUST009075,2018-09-26,Email,0,0
LEAD006470,CUST002502,2018-01-25,Organic,1,0
LEAD006471,CUST002010,2018-08-30,Paid Search,1,1
LEAD006472,CUST001017,2017-07-19,Marketplace,0,0
LEAD006473,CUST000296,2017-08-19,Email,1,0
LEAD006474,CUST009707,2017-04-26,Organic,1,0
LEAD006475,CUST007606,2018-02-15,Referral,1,0
LEAD006476,CUST004918,2017-07-06,Social,0,0
LEAD006477,CUST009466,2017-12-24,Marketplace,0,0
LEAD006478,CUST000209,2017-06-06,Email,0,0
LEAD006479,CUST004034,2017-04-02,Paid Search,1,1
LEAD006480,CUST009066,2018-06-04,Marketplace,0,0
LEAD006481,CUST000287,2017-04-01,Organic,1,1
LEAD006482,CUST004565,2018-04-03,Referral,0,0
LEAD006483,CUST007870,2018-08-07,Organic,0,0
LEAD006484,CUST008417,2017-09-01,Paid Search,0,0
LEAD006485,CUST002369,2018-02-13,Organic,0,0
LEAD006486,CUST006397,2018-04-07,Paid Search,0,0
LEAD006487,CUST005321,2018-07-29,Email,0,0
LEAD006488,CUST008470,2018-05-26,Referral,0,0
LEAD006489,CUST008145,2017-05-16,Social,1,1
LEAD006490,CUST003959,2018-02-07,Marketplace,1,0
LEAD006491,CUST004002,2017-07-16,Organic,1,0
LEAD006492,CUST000523,2017-09-17,Referral,0,0
LEAD006493,CUST007486,2017-11-05,Social,0,0
LEAD006494,CUST008593,2017-04-24,Marketplace,1,1
LEAD006495,CUST005869,2018-01-18,Paid Search,0,0
LEAD006496,CUST005073,2018-08-16,Social,1,0
LEAD006497,CUST008672,2018-02-13,Organic,1,0
LEAD006498,CUST005641,2018-03-11,Marketplace,1,1
LEAD006499,CUST004344,2018-05-22,Paid Search,1,1
LEAD006500,CUST008404,2017-09-03,Marketplace,1,0
LEAD006501,CUST005743,2017-06-26,Referral,0,0
LEAD006502,CUST001348,2017-10-10,Paid Search,0,0
LEAD006503,CUST009060,2017-07-09,Referral,1,0
LEAD006504,CUST009630,2018-02-23,Marketplace,1,0
LEAD006505,CUST001684,2017-02-20,Email,0,0
LEAD006506,CUST008436,2017-07-11,Organic,1,0
LEAD006507,CUST000008,2018-02-26,Organic,0,0
LEAD006508,CUST009986,2017-02-18,Paid Search,1,0
LEAD006509,CUST004908,2018-08-15,Marketplace,1,0
LEAD006510,CUST002524,2017-06-30,Email,1,0
LEAD006511,CUST008905,2018-04-25,Marketplace,1,0
LEAD006512,CUST002116,2017-04-20,Email,0,0
LEAD006513,CUST001403,2017-09-15,Email,0,0
LEAD006514,CUST005063,2018-06-19,Referral,1,0
LEAD006515,CUST007510,2017-03-10,Email,0,0
LEAD006516,CUST008742,2017-06-26,Paid Search,0,0
LEAD006517,CUST000614,2018-04-29,Paid Search,0,0
LEAD006518,CUST008655,2018-09-24,Email,0,0
LEAD006519,CUST003053,2018-07-20,Marketplace,0,0
LEAD006520,CUST004063,2017-03-07,Marketplace,1,0
LEAD006521,CUST003517,2018-01-24,Social,0,0
LEAD006522,CUST003768,2018-04-25,Social,1,0
LEAD006523,CUST001072,2017-02-23,Email,0,0
LEAD006524,CUST006630,2018-02-14,Email,0,0
LEAD006525,CUST002834,2017-01-06,Referral,0,0
LEAD006526,CUST004818,2018-07-14,Paid Search,1,1
LEAD006527,CUST003878,2017-04-01,Marketplace,1,0
LEAD006528,CUST007612,2018-01-11,Referral,0,0
LEAD006529,CUST007160,2017-12-09,Referral,0,0
LEAD006530,CUST006043,2017-10-26,Paid Search,1,0
LEAD006531,CUST006602,2017-05-27,Social,0,0
LEAD006532,CUST004277,2017-05-25,Organic,1,1
LEAD006533,CUST000973,2018-02-13,Referral,1,0
LEAD006534,CUST001720,2018-06-26,Paid Search,1,1
LEAD006535,CUST001822,2017-05-06,Paid Search,0,0
LEAD006536,CUST008194,2018-06-01,Paid Search,1,0
LEAD006537,CUST001565,2017-06-25,Organic,0,0
LEAD006538,CUST003148,2017-12-07,Organic,0,0
LEAD006539,CUST009413,2018-01-28,Organic,1,0
LEAD006540,CUST005531,2017-11-24,Referral,1,0
LEAD006541,CUST009883,2018-07-15,Referral,0,0
LEAD006542,CUST005585,2017-06-28,Referral,0,0
LEAD006543,CUST005359,2017-11-08,Organic,1,0
LEAD006544,CUST005974,2018-07-19,Email,0,0
LEAD006545,CUST004242,2018-03-17,Social,1,0
LEAD006546,CUST000990,2017-02-27,Referral,0,0
LEAD006547,CUST001463,2018-01-17,Marketplace,1,0
LEAD006548,CUST000183,2017-07-07,Referral,1,0
LEAD006549,CUST008327,2017-09-29,Social,1,1
LEAD006550,CUST007681,2017-07-09,Referral,0,0
LEAD006551,CUST004984,2017-04-27,Email,0,0
LEAD006552,CUST001288,2018-09-06,Paid Search,1,0
LEAD006553,CUST007344,2018-05-05,Email,1,0
LEAD006554,CUST008804,2018-03-30,Organic,1,0
LEAD006555,CUST003988,2017-12-09,Paid Search,1,0
LEAD006556,CUST007106,2018-03-01,Referral,1,0
LEAD006557,CUST006348,2017-01-30,Social,0,0
LEAD006558,CUST000150,2018-09-20,Referral,1,0
LEAD006559,CUST000245,2018-01-21,Paid Search,1,1
LEAD006560,CUST002816,2017-08-16,Referral,0,0
LEAD006561,CUST008815,2018-05-08,Marketplace,1,0
LEAD006562,CUST004297,2017-08-26,Marketplace,1,0
LEAD006563,CUST005274,2017-07-04,Organic,0,0
LEAD006564,CUST003360,2017-05-09,Social,0,0
LEAD006565,CUST001941,2017-11-05,Paid Search,0,0
LEAD006566,CUST004632,2018-06-26,Referral,0,0
LEAD006567,CUST008970,2017-10-19,Email,1,1
LEAD006568,CUST000053,2017-10-19,Email,0,0
LEAD006569,CUST000087,2017-01-24,Paid Search,0,0
LEAD006570,CUST008950,2018-04-24,Email,1,0
LEAD006571,CUST006419,2018-01-26,Email,1,0
LEAD006572,CUST009886,2017-12-22,Social,1,0
LEAD006573,CUST004419,2017-12-29,Organic,1,1
LEAD006574,CUST009321,2017-07-05,Email,1,1
LEAD006575,CUST002707,2017-07-07,Marketplace,0,0
LEAD006576,CUST003652,2017-12-28,Marketplace,1,0
LEAD006577,CUST007135,2017-05-31,Social,0,0
LEAD006578,CUST009512,2018-04-14,Social,1,1
LEAD006579,CUST006323,2017-05-08,Organic,0,0
LEAD006580,CUST009838,2017-10-03,Referral,0,0
LEAD006581,CUST001506,2017-05-25,Email,1,0
LEAD006582,CUST005878,2017-07-29,Paid Search,0,0
LEAD006583,CUST000007,2017-01-24,Marketplace,0,0
LEAD006584,CUST009012,2017-11-06,Paid Search,0,0
LEAD006585,CUST002742,2018-09-18,Referral,1,1
LEAD006586,CUST000934,2018-01-31,Social,1,1
LEAD006587,CUST006730,2017-04-12,Marketplace,1,1
LEAD006588,CUST008885,2018-07-30,Organic,0,0
LEAD006589,CUST009479,2017-06-04,Social,1,0
LEAD006590,CUST004891,2017-04-20,Paid Search,0,0
LEAD006591,CUST003068,2017-10-19,Social,0,0
LEAD006592,CUST006871,2017-03-28,Referral,0,0
LEAD006593,CUST008587,2018-06-03,Organic,0,0
LEAD006594,CUST005535,2017-11-19,Social,0,0
LEAD006595,CUST008979,2018-06-07,Organic,1,1
LEAD006596,CUST001858,2017-08-03,Marketplace,0,0
LEAD006597,CUST002027,2017-01-13,Referral,1,0
LEAD006598,CUST003024,2017-12-16,Referral,0,0
LEAD006599,CUST007908,2017-12-15,Email,1,0
LEAD006600,CUST005476,2018-07-22,Paid Search,0,0
LEAD006601,CUST009717,2017-03-02,Organic,1,0
LEAD006602,CUST004407,2017-11-12,Social,1,1
LEAD006603,CUST002691,2018-09-30,Referral,1,1
LEAD006604,CUST008872,2017-03-13,Email,0,0
LEAD006605,CUST002753,2018-02-10,Paid Search,0,0
LEAD006606,CUST006337,2017-03-05,Email,0,0
LEAD006607,CUST003113,2018-05-27,Referral,0,0
LEAD006608,CUST009812,2018-02-17,Social,0,0
LEAD006609,CUST006752,2018-06-04,Email,0,0
LEAD006610,CUST002931,2017-02-16,Organic,1,1
LEAD006611,CUST000569,2017-08-05,Organic,1,0
LEAD006612,CUST000529,2018-07-30,Referral,0,0
LEAD006613,CUST007222,2018-08-04,Email,0,0
LEAD006614,CUST002665,2018-07-30,Referral,1,0
LEAD006615,CUST008462,2017-06-12,Paid Search,0,0
LEAD006616,CUST003289,2017-01-17,Organic,1,0
LEAD006617,CUST006972,2018-05-29,Social,0,0
LEAD006618,CUST007091,2018-07-14,Referral,0,0
LEAD006619,CUST005323,2017-04-13,Marketplace,1,1
LEAD006620,CUST006740,2018-04-02,Marketplace,1,1
LEAD006621,CUST005891,2018-09-18,Referral,0,0
LEAD006622,CUST001920,2017-05-26,Organic,0,0
LEAD006623,CUST000449,2017-03-22,Organic,1,1
LEAD006624,CUST000628,2018-01-05,Referral,1,0
LEAD006625,CUST007136,2017-12-31,Social,1,0
LEAD006626,CUST005897,2017-04-28,Social,0,0
LEAD006627,CUST005072,2018-09-01,Marketplace,0,0
LEAD006628,CUST001796,2018-05-08,Email,0,0
LEAD006629,CUST004162,2017-01-06,Email,1,0
LEAD006630,CUST007160,2017-01-12,Referral,1,1
LEAD006631,CUST008912,2017-06-03,Referral,1,0
LEAD006632,CUST003137,2017-09-02,Referral,1,0
LEAD006633,CUST001572,2017-06-04,Organic,1,1
LEAD006634,CUST005329,2017-05-30,Email,0,0
LEAD006635,CUST008163,2018-01-16,Social,1,0
LEAD006636,CUST007849,2017-02-23,Paid Search,1,0
LEAD006637,CUST003209,2018-08-08,Referral,1,0
LEAD006638,CUST006714,2018-01-30,Paid Search,1,1
LEAD006639,CUST006692,2017-09-15,Email,0,0
LEAD006640,CUST004428,2018-04-12,Email,0,0
LEAD006641,CUST006377,2017-11-09,Email,1,1
LEAD006642,CUST009323,2017-01-11,Paid Search,0,0
LEAD006643,CUST000691,2018-06-08,Social,1,1
LEAD006644,CUST001005,2017-10-02,Organic,0,0
LEAD006645,CUST005147,2018-02-16,Email,1,0
LEAD006646,CUST005414,2017-12-06,Paid Search,0,0
LEAD006647,CUST009223,2017-01-19,Social,1,0
LEAD006648,CUST006736,2018-02-04,Email,1,0
LEAD006649,CUST002957,2017-08-21,Paid Search,1,1
LEAD006650,CUST008150,2018-05-31,Organic,0,0
LEAD006651,CUST003041,2018-03-20,Organic,1,1
LEAD006652,CUST005365,2017-11-06,Social,1,0
LEAD006653,CUST005194,2018-06-28,Paid Search,1,1
LEAD006654,CUST000374,2017-01-09,Social,1,0
LEAD006655,CUST003257,2017-07-22,Social,0,0
LEAD006656,CUST009376,2017-03-15,Referral,0,0
LEAD006657,CUST001226,2017-08-30,Paid Search,0,0
LEAD006658,CUST005225,2017-07-17,Marketplace,0,0
LEAD006659,CUST006691,2017-08-17,Organic,1,0
LEAD006660,CUST002852,2017-02-16,Referral,1,1
LEAD006661,CUST004169,2017-02-07,Referral,1,0
LEAD006662,CUST005676,2017-09-08,Email,1,1
LEAD006663,CUST003935,2018-02-12,Email,0,0
LEAD006664,CUST002762,2017-05-13,Social,1,0
LEAD006665,CUST005816,2017-02-17,Marketplace,1,0
LEAD006666,CUST005489,2017-04-27,Marketplace,0,0
LEAD006667,CUST003292,2017-12-07,Social,1,1
LEAD006668,CUST000518,2017-11-17,Referral,1,0
LEAD006669,CUST008463,2017-12-24,Referral,0,0
LEAD006670,CUST000423,2017-11-25,Marketplace,0,0
LEAD006671,CUST008188,2017-09-14,Paid Search,1,0
LEAD006672,CUST006782,2017-05-23,Paid Search,1,0
LEAD006673,CUST001667,2017-12-29,Paid Search,1,0
LEAD006674,CUST005769,2017-01-26,Organic,1,0
LEAD006675,CUST006439,2017-09-18,Referral,1,0
LEAD006676,CUST003715,2018-09-30,Social,0,0
LEAD006677,CUST005381,2018-08-28,Organic,0,0
LEAD006678,CUST005005,2018-01-23,Referral,1,1
LEAD006679,CUST000578,2017-12-31,Referral,1,0
LEAD006680,CUST007173,2017-03-05,Referral,0,0
LEAD006681,CUST001138,2017-06-14,Marketplace,0,0
LEAD006682,CUST005860,2017-10-26,Email,0,0
LEAD006683,CUST009565,2018-03-07,Social,1,0
LEAD006684,CUST004562,2017-04-18,Referral,0,0
LEAD006685,CUST003442,2018-04-19,Marketplace,1,1
LEAD006686,CUST008241,2018-03-01,Marketplace,1,1
LEAD006687,CUST004795,2018-08-08,Referral,0,0
LEAD006688,CUST009508,2017-06-25,Social,0,0
LEAD006689,CUST008945,2018-02-08,Organic,0,0
LEAD006690,CUST004150,2018-03-06,Marketplace,0,0
LEAD006691,CUST009413,2018-09-26,Social,0,0
LEAD006692,CUST005019,2018-05-29,Social,0,0
LEAD006693,CUST000109,2018-02-11,Email,0,0
LEAD006694,CUST007522,2018-04-21,Paid Search,0,0
LEAD006695,CUST003473,2018-07-26,Organic,0,0
LEAD006696,CUST000017,2018-08-02,Paid Search,0,0
LEAD006697,CUST007129,2017-09-21,Email,1,0
LEAD006698,CUST002082,2017-05-08,Marketplace,0,0
LEAD006699,CUST005701,2017-04-01,Email,1,1
LEAD006700,CUST005479,2018-03-27,Organic,1,1
LEAD006701,CUST004812,2017-02-11,Paid Search,1,0
LEAD006702,CUST003373,2018-04-23,Organic,1,1
LEAD006703,CUST009179,2017-09-22,Marketplace,0,0
LEAD006704,CUST004183,2018-04-27,Referral,0,0
LEAD006705,CUST007043,2018-02-28,Organic,1,0
LEAD006706,CUST004459,2017-06-11,Paid Search,0,0
LEAD006707,CUST006184,2018-06-11,Social,0,0
LEAD006708,CUST003289,2017-04-17,Paid Search,1,1
LEAD006709,CUST002461,2017-02-27,Organic,0,0
LEAD006710,CUST003004,2018-08-19,Marketplace,0,0
LEAD006711,CUST001643,2018-07-29,Email,0,0
LEAD006712,CUST006841,2018-08-13,Social,1,0
LEAD006713,CUST004177,2018-07-12,Paid Search,0,0
LEAD006714,CUST000120,2018-03-29,Marketplace,0,0
LEAD006715,CUST000556,2017-07-05,Marketplace,1,0
LEAD006716,CUST009155,2018-09-19,Social,0,0
LEAD006717,CUST009028,2017-01-21,Referral,1,1
LEAD006718,CUST004869,2018-04-06,Organic,1,1
LEAD006719,CUST009117,2017-06-28,Referral,1,0
LEAD006720,CUST009695,2017-04-27,Social,0,0
LEAD006721,CUST008221,2017-03-22,Paid Search,0,0
LEAD006722,CUST006625,2017-08-27,Organic,0,0
LEAD006723,CUST003635,2017-09-13,Paid Search,0,0
LEAD006724,CUST006896,2017-08-08,Organic,1,0
LEAD006725,CUST003970,2018-07-25,Email,0,0
LEAD006726,CUST000388,2018-02-20,Marketplace,0,0
LEAD006727,CUST003443,2017-02-15,Referral,0,0
LEAD006728,CUST009286,2017-01-12,Referral,1,1
LEAD006729,CUST007426,2018-04-30,Email,0,0
LEAD006730,CUST000163,2018-01-05,Email,0,0
LEAD006731,CUST000276,2017-07-01,Organic,0,0
LEAD006732,CUST004375,2017-08-07,Email,0,0
LEAD006733,CUST005338,2017-10-08,Organic,1,0
LEAD006734,CUST006259,2017-07-10,Referral,0,0
LEAD006735,CUST007164,2017-12-21,Paid Search,1,0
LEAD006736,CUST002104,2017-01-14,Social,0,0
LEAD006737,CUST000383,2017-05-04,Paid Search,0,0
LEAD006738,CUST003286,2017-08-13,Marketplace,1,1
LEAD006739,CUST001325,2018-07-20,Email,1,0
LEAD006740,CUST009118,2018-06-04,Paid Search,0,0
LEAD006741,CUST004790,2017-04-06,Paid Search,0,0
LEAD006742,CUST002970,2017-10-18,Social,1,1
LEAD006743,CUST006842,2017-09-07,Email,0,0
LEAD006744,CUST005722,2018-09-03,Referral,0,0
LEAD006745,CUST008812,2018-01-16,Referral,1,0
LEAD006746,CUST009174,2018-05-13,Email,0,0
LEAD006747,CUST004853,2017-04-29,Marketplace,1,1
LEAD006748,CUST006092,2017-12-21,Social,1,1
LEAD006749,CUST009306,2017-08-06,Social,0,0
LEAD006750,CUST004840,2018-04-29,Email,0,0
LEAD006751,CUST007707,2018-01-03,Paid Search,1,0
LEAD006752,CUST002781,2017-07-27,Organic,0,0
LEAD006753,CUST008533,2017-04-13,Organic,1,0
LEAD006754,CUST000811,2018-04-02,Email,0,0
LEAD006755,CUST003432,2017-04-20,Organic,0,0
LEAD006756,CUST005396,2017-12-03,Referral,1,1
LEAD006757,CUST001628,2017-07-10,Social,1,0
LEAD006758,CUST000891,2017-05-26,Marketplace,1,0
LEAD006759,CUST003232,2017-01-13,Email,1,0
LEAD006760,CUST006860,2018-07-10,Marketplace,1,1
LEAD006761,CUST008938,2018-08-22,Marketplace,1,0
LEAD006762,CUST004288,2018-02-15,Paid Search,1,0
LEAD006763,CUST006440,2018-07-24,Social,0,0
LEAD006764,CUST000013,2017-01-27,Marketplace,0,0
LEAD006765,CUST000842,2017-04-19,Referral,1,0
LEAD006766,CUST005276,2018-09-25,Referral,1,1
LEAD006767,CUST004589,2017-10-23,Social,1,0
LEAD006768,CUST006191,2017-01-01,Referral,0,0
LEAD006769,CUST009744,2018-02-13,Referral,0,0
LEAD006770,CUST000176,2017-12-27,Referral,1,1
LEAD006771,CUST006501,2017-11-04,Organic,0,0
LEAD006772,CUST001365,2017-06-23,Marketplace,0,0
LEAD006773,CUST009660,2018-01-31,Social,0,0
LEAD006774,CUST002974,2018-04-06,Referral,0,0
LEAD006775,CUST001143,2018-06-26,Email,0,0
LEAD006776,CUST004460,2018-04-08,Social,1,1
LEAD006777,CUST006672,2018-02-03,Organic,1,0
LEAD006778,CUST003310,2017-04-30,Organic,0,0
LEAD006779,CUST007688,2018-02-22,Organic,0,0
LEAD006780,CUST002252,2017-11-02,Social,1,1
LEAD006781,CUST003885,2017-10-17,Referral,0,0
LEAD006782,CUST008811,2017-12-18,Marketplace,0,0
LEAD006783,CUST003640,2018-01-31,Organic,0,0
LEAD006784,CUST001359,2017-02-03,Email,0,0
LEAD006785,CUST007132,2018-02-16,Email,1,1
LEAD006786,CUST001713,2017-02-15,Referral,0,0
LEAD006787,CUST001275,2018-01-31,Organic,0,0
LEAD006788,CUST005806,2017-05-30,Email,1,1
LEAD006789,CUST002221,2018-01-30,Paid Search,0,0
LEAD006790,CUST001241,2017-09-04,Referral,0,0
LEAD006791,CUST004439,2017-06-13,Organic,1,0
LEAD006792,CUST000819,2017-05-28,Marketplace,0,0
LEAD006793,CUST000193,2018-03-23,Organic,0,0
LEAD006794,CUST007371,2018-03-08,Marketplace,1,0
LEAD006795,CUST007397,2017-06-02,Social,0,0
LEAD006796,CUST001690,2018-09-29,Social,0,0
LEAD006797,CUST008711,2017-12-24,Email,0,0
LEAD006798,CUST004857,2017-11-10,Paid Search,1,0
LEAD006799,CUST005987,2017-02-23,Organic,1,0
LEAD006800,CUST004742,2017-06-08,Organic,0,0
LEAD006801,CUST006465,2018-01-14,Paid Search,1,0
LEAD006802,CUST008807,2018-06-17,Marketplace,1,0
LEAD006803,CUST007985,2018-03-24,Referral,0,0
LEAD006804,CUST007244,2017-11-04,Marketplace,1,1
LEAD006805,CUST001781,2018-02-12,Paid Search,1,0
LEAD006806,CUST002952,2017-07-16,Social,1,0
LEAD006807,CUST000107,2017-12-21,Organic,0,0
LEAD006808,CUST005003,2017-06-28,Paid Search,1,0
LEAD006809,CUST006155,2018-03-21,Email,0,0
LEAD006810,CUST001788,2017-02-16,Marketplace,0,0
LEAD006811,CUST007781,2017-02-25,Email,1,0
LEAD006812,CUST003429,2017-07-14,Organic,0,0
LEAD006813,CUST005327,2018-06-16,Organic,0,0
LEAD006814,CUST007530,2017-12-14,Organic,0,0
LEAD006815,CUST008193,2018-04-02,Organic,0,0
LEAD006816,CUST006754,2018-07-29,Paid Search,0,0
LEAD006817,CUST006641,2018-01-29,Organic,1,0
LEAD006818,CUST004115,2017-02-11,Marketplace,0,0
LEAD006819,CUST003347,2017-08-05,Marketplace,1,0
LEAD006820,CUST000771,2017-06-15,Paid Search,0,0
LEAD006821,CUST006594,2017-08-29,Marketplace,1,1
LEAD006822,CUST000697,2018-09-22,Paid Search,1,0
LEAD006823,CUST003120,2017-07-11,Paid Search,1,0
LEAD006824,CUST006562,2017-03-14,Referral,0,0
LEAD006825,CUST002676,2017-08-10,Social,0,0
LEAD006826,CUST007995,2017-09-03,Paid Search,0,0
LEAD006827,CUST009521,2018-03-24,Marketplace,1,1
LEAD006828,CUST009893,2017-04-30,Paid Search,0,0
LEAD006829,CUST001643,2017-07-08,Social,1,1
LEAD006830,CUST003421,2017-02-12,Paid Search,1,1
LEAD006831,CUST004969,2018-04-12,Social,1,0
LEAD006832,CUST005621,2018-09-21,Marketplace,1,0
LEAD006833,CUST002742,2017-04-19,Email,0,0
LEAD006834,CUST008450,2018-03-16,Organic,1,0
LEAD006835,CUST001318,2017-04-21,Marketplace,1,1
LEAD006836,CUST002858,2017-10-15,Organic,0,0
LEAD006837,CUST008534,2017-10-12,Marketplace,0,0
LEAD006838,CUST009900,2017-02-02,Referral,0,0
LEAD006839,CUST009433,2017-08-18,Referral,1,1
LEAD006840,CUST007716,2017-02-11,Email,0,0
LEAD006841,CUST008926,2018-05-15,Email,0,0
LEAD006842,CUST009539,2018-04-27,Social,0,0
LEAD006843,CUST005391,2018-04-06,Referral,1,0
LEAD006844,CUST001812,2017-11-06,Email,0,0
LEAD006845,CUST009431,2017-01-19,Paid Search,0,0
LEAD006846,CUST007746,2017-03-03,Social,0,0
LEAD006847,CUST001642,2018-08-14,Organic,0,0
LEAD006848,CUST006015,2017-09-06,Paid Search,1,0
LEAD006849,CUST009270,2018-08-25,Organic,1,0
LEAD006850,CUST009010,2018-03-14,Marketplace,0,0
LEAD006851,CUST009962,2018-03-07,Social,1,0
LEAD006852,CUST009063,2018-05-03,Marketplace,0,0
LEAD006853,CUST000092,2017-06-24,Paid Search,0,0
LEAD006854,CUST003282,2017-07-24,Email,0,0
LEAD006855,CUST004539,2017-08-22,Social,1,1
LEAD006856,CUST001875,2017-06-30,Social,1,0
LEAD006857,CUST001797,2018-05-29,Referral,0,0
LEAD006858,CUST002686,2017-08-20,Referral,0,0
LEAD006859,CUST000681,2018-01-03,Social,1,1
LEAD006860,CUST005734,2018-09-29,Paid Search,1,0
LEAD006861,CUST008508,2018-09-29,Marketplace,0,0
LEAD006862,CUST006630,2018-02-03,Email,1,1
LEAD006863,CUST005529,2018-04-24,Organic,0,0
LEAD006864,CUST009500,2017-05-06,Social,1,0
LEAD006865,CUST006481,2018-08-25,Social,1,1
LEAD006866,CUST004236,2017-06-24,Referral,0,0
LEAD006867,CUST006086,2017-11-21,Marketplace,1,0
LEAD006868,CUST007060,2018-07-28,Paid Search,0,0
LEAD006869,CUST008004,2018-05-28,Referral,1,0
LEAD006870,CUST001068,2017-01-01,Referral,1,0
LEAD006871,CUST001161,2017-01-31,Social,1,1
LEAD006872,CUST005705,2018-06-05,Referral,0,0
LEAD006873,CUST003198,2017-11-29,Social,1,0
LEAD006874,CUST003440,2018-02-10,Email,1,0
LEAD006875,CUST006697,2018-03-09,Marketplace,0,0
LEAD006876,CUST006838,2018-01-15,Organic,0,0
LEAD006877,CUST004687,2017-01-21,Paid Search,0,0
LEAD006878,CUST008347,2018-05-18,Referral,1,0
LEAD006879,CUST005936,2017-11-22,Social,0,0
LEAD006880,CUST009458,2017-07-27,Organic,1,1
LEAD006881,CUST004130,2018-09-30,Marketplace,0,0
LEAD006882,CUST001163,2018-02-13,Referral,1,0
LEAD006883,CUST000372,2017-05-27,Marketplace,0,0
LEAD006884,CUST004843,2018-04-10,Referral,0,0
LEAD006885,CUST008149,2018-05-05,Social,0,0
LEAD006886,CUST005614,2017-08-29,Marketplace,0,0
LEAD006887,CUST008208,2018-05-10,Organic,1,0
LEAD006888,CUST009422,2018-02-24,Email,0,0
LEAD006889,CUST007245,2017-04-25,Referral,1,0
LEAD006890,CUST005279,2017-09-03,Paid Search,1,1
LEAD006891,CUST002877,2017-10-04,Referral,1,1
LEAD006892,CUST001828,2017-08-27,Email,0,0
LEAD006893,CUST004431,2017-08-30,Email,0,0
LEAD006894,CUST006591,2018-07-09,Organic,0,0
LEAD006895,CUST009526,2018-07-12,Social,1,0
LEAD006896,CUST002117,2018-09-25,Referral,0,0
LEAD006897,CUST003377,2018-03-03,Marketplace,0,0
LEAD006898,CUST007065,2017-03-03,Social,0,0
LEAD006899,CUST008122,2017-05-19,Organic,0,0
LEAD006900,CUST008507,2017-12-15,Email,1,0
LEAD006901,CUST000293,2017-06-23,Marketplace,1,0
LEAD006902,CUST009323,2017-04-18,Email,1,0
LEAD006903,CUST003423,2017-12-25,Email,1,0
LEAD006904,CUST002958,2017-05-12,Paid Search,0,0
LEAD006905,CUST007952,2017-03-24,Referral,1,1
LEAD006906,CUST008830,2017-08-10,Email,0,0
LEAD006907,CUST008001,2017-05-31,Social,0,0
LEAD006908,CUST005027,2017-08-29,Email,1,0
LEAD006909,CUST001913,2018-06-02,Social,0,0
LEAD006910,CUST009869,2018-02-23,Organic,0,0
LEAD006911,CUST004659,2017-10-19,Referral,0,0
LEAD006912,CUST004829,2017-05-21,Organic,0,0
LEAD006913,CUST004701,2018-09-06,Email,1,1
LEAD006914,CUST007459,2017-03-11,Email,1,0
LEAD006915,CUST002736,2017-06-23,Referral,0,0
LEAD006916,CUST000942,2017-11-22,Organic,1,1
LEAD006917,CUST007701,2018-06-05,Social,0,0
LEAD006918,CUST008931,2017-05-26,Marketplace,1,1
LEAD006919,CUST006345,2017-01-29,Marketplace,1,1
LEAD006920,CUST003660,2017-07-16,Email,0,0
LEAD006921,CUST005634,2017-08-11,Referral,1,0
LEAD006922,CUST003724,2017-04-27,Marketplace,1,0
LEAD006923,CUST009142,2017-05-31,Organic,1,1
LEAD006924,CUST000176,2018-02-14,Email,0,0
LEAD006925,CUST007814,2018-01-27,Paid Search,0,0
LEAD006926,CUST001520,2018-01-27,Social,0,0
LEAD006927,CUST005179,2018-09-14,Paid Search,1,0
LEAD006928,CUST005339,2018-03-25,Paid Search,1,0
LEAD006929,CUST009391,2018-01-16,Marketplace,0,0
LEAD006930,CUST003406,2017-07-31,Social,0,0
LEAD006931,CUST009443,2017-09-14,Organic,0,0
LEAD006932,CUST006634,2018-01-08,Paid Search,0,0
LEAD006933,CUST001770,2018-08-16,Social,0,0
LEAD006934,CUST003640,2017-01-12,Email,1,1
LEAD006935,CUST006859,2017-12-15,Paid Search,0,0
LEAD006936,CUST003449,2017-10-11,Referral,1,0
LEAD006937,CUST004106,2018-03-02,Email,0,0
LEAD006938,CUST002956,2017-10-28,Social,1,0
LEAD006939,CUST007129,2017-09-29,Organic,1,1
LEAD006940,CUST007355,2018-08-23,Social,0,0
LEAD006941,CUST003789,2017-03-11,Email,1,0
LEAD006942,CUST008247,2017-09-28,Paid Search,0,0
LEAD006943,CUST002850,2018-02-04,Email,1,0
LEAD006944,CUST005179,2017-07-15,Organic,1,0
LEAD006945,CUST008462,2017-10-04,Email,0,0
LEAD006946,CUST006479,2017-10-22,Paid Search,1,1
LEAD006947,CUST009904,2017-06-27,Marketplace,1,1
LEAD006948,CUST006323,2018-05-09,Organic,0,0
LEAD006949,CUST009930,2018-07-09,Email,0,0
LEAD006950,CUST002701,2018-04-28,Email,0,0
LEAD006951,CUST000037,2018-09-09,Marketplace,0,0
LEAD006952,CUST006315,2018-05-05,Marketplace,0,0
LEAD006953,CUST005099,2018-08-14,Referral,1,1
LEAD006954,CUST001642,2017-10-31,Organic,1,0
LEAD006955,CUST009707,2017-03-08,Organic,1,1
LEAD006956,CUST007399,2017-07-23,Marketplace,0,0
LEAD006957,CUST005869,2018-06-10,Email,1,0
LEAD006958,CUST004373,2017-02-16,Referral,1,0
LEAD006959,CUST009393,2017-01-06,Marketplace,1,1
LEAD006960,CUST002302,2018-05-13,Organic,1,0
LEAD006961,CUST005499,2018-09-04,Organic,1,0
LEAD006962,CUST009374,2017-04-16,Marketplace,1,0
LEAD006963,CUST004804,2017-11-12,Marketplace,1,1
LEAD006964,CUST002193,2017-04-09,Referral,0,0
LEAD006965,CUST004730,2018-08-21,Marketplace,0,0
LEAD006966,CUST004591,2018-07-02,Referral,1,0
LEAD006967,CUST008154,2017-11-28,Paid Search,0,0
LEAD006968,CUST000414,2017-03-21,Email,1,0
LEAD006969,CUST004381,2017-06-03,Paid Search,0,0
LEAD006970,CUST009313,2018-01-22,Paid Search,0,0
LEAD006971,CUST002817,2017-12-07,Social,0,0
LEAD006972,CUST002751,2017-12-16,Marketplace,1,1
LEAD006973,CUST005920,2017-10-09,Email,1,1
LEAD006974,CUST005395,2018-08-18,Paid Search,0,0
LEAD006975,CUST002191,2017-10-06,Organic,1,0
LEAD006976,CUST005657,2017-10-03,Email,0,0
LEAD006977,CUST003841,2017-05-16,Referral,0,0
LEAD006978,CUST002953,2017-08-17,Referral,1,1
LEAD006979,CUST007056,2018-02-01,Referral,0,0
LEAD006980,CUST003138,2017-06-02,Organic,0,0
LEAD006981,CUST009010,2017-02-11,Organic,1,0
LEAD006982,CUST003795,2017-02-23,Social,0,0
LEAD006983,CUST005172,2017-01-21,Referral,0,0
LEAD006984,CUST007085,2017-04-29,Marketplace,1,0
LEAD006985,CUST006838,2017-04-19,Marketplace,0,0
LEAD006986,CUST002081,2018-01-31,Paid Search,1,1
LEAD006987,CUST002535,2018-04-11,Referral,1,0
LEAD006988,CUST004545,2017-09-18,Marketplace,1,1
LEAD006989,CUST001783,2017-03-18,Social,0,0
LEAD006990,CUST005887,2018-03-13,Marketplace,0,0
LEAD006991,CUST007474,2018-07-10,Organic,0,0
LEAD006992,CUST002528,2018-09-09,Paid Search,0,0
LEAD006993,CUST008639,2018-06-20,Marketplace,1,0
LEAD006994,CUST008339,2017-09-22,Marketplace,1,0
LEAD006995,CUST009350,2017-10-15,Organic,0,0
LEAD006996,CUST004113,2017-09-19,Referral,0,0
LEAD006997,CUST007566,2018-01-08,Social,1,0
LEAD006998,CUST001193,2017-01-01,Organic,0,0
LEAD006999,CUST003001,2018-03-13,Marketplace,1,0
LEAD007000,CUST004109,2017-05-16,Organic,1,0
LEAD007001,CUST008113,2017-02-04,Paid Search,0,0
LEAD007002,CUST002821,2017-02-16,Paid Search,1,0
LEAD007003,CUST005859,2017-04-04,Marketplace,1,1
LEAD007004,CUST004730,2018-08-22,Social,0,0
LEAD007005,CUST001637,2018-03-07,Organic,0,0
LEAD007006,CUST007320,2017-12-25,Paid Search,1,0
LEAD007007,CUST001142,2017-06-21,Organic,0,0
LEAD007008,CUST009280,2017-01-15,Organic,1,0
LEAD007009,CUST006821,2017-04-29,Marketplace,0,0
LEAD007010,CUST006911,2018-02-20,Referral,0,0
LEAD007011,CUST001751,2018-02-02,Email,0,0
LEAD007012,CUST004183,2017-06-20,Paid Search,0,0
LEAD007013,CUST000870,2018-05-07,Social,1,0
LEAD007014,CUST006800,2018-05-04,Paid Search,0,0
LEAD007015,CUST009036,2017-03-10,Paid Search,0,0
LEAD007016,CUST009978,2018-05-12,Marketplace,0,0
LEAD007017,CUST009195,2018-08-21,Organic,0,0
LEAD007018,CUST001732,2017-06-02,Marketplace,1,1
LEAD007019,CUST004925,2018-09-18,Social,0,0
LEAD007020,CUST002935,2018-09-17,Social,1,0
LEAD007021,CUST006760,2017-04-09,Referral,1,0
LEAD007022,CUST007468,2017-06-21,Social,1,0
LEAD007023,CUST009426,2018-09-03,Social,1,1
LEAD007024,CUST002871,2017-12-01,Email,1,0
LEAD007025,CUST008893,2017-11-11,Organic,1,1
LEAD007026,CUST009916,2018-03-05,Social,0,0
LEAD007027,CUST000636,2018-07-15,Email,1,1
LEAD007028,CUST000762,2018-09-10,Social,0,0
LEAD007029,CUST005743,2018-03-26,Social,0,0
LEAD007030,CUST002499,2018-09-20,Email,1,0
LEAD007031,CUST003961,2017-09-30,Organic,0,0
LEAD007032,CUST003526,2017-04-03,Paid Search,1,1
LEAD007033,CUST009752,2018-07-13,Marketplace,0,0
LEAD007034,CUST000029,2018-07-22,Email,1,1
LEAD007035,CUST004679,2018-06-14,Organic,1,0
LEAD007036,CUST007618,2017-09-09,Referral,1,1
LEAD007037,CUST000309,2017-06-28,Email,0,0
LEAD007038,CUST001420,2018-06-23,Social,0,0
LEAD007039,CUST003754,2018-01-21,Paid Search,1,0
LEAD007040,CUST000118,2017-10-26,Email,0,0
LEAD007041,CUST003626,2017-12-05,Marketplace,1,0
LEAD007042,CUST003174,2017-12-30,Paid Search,1,0
LEAD007043,CUST001071,2017-04-19,Marketplace,1,1
LEAD007044,CUST005680,2018-09-11,Email,1,0
LEAD007045,CUST000386,2017-06-27,Social,0,0
LEAD007046,CUST007921,2017-09-17,Paid Search,0,0
LEAD007047,CUST005121,2018-07-27,Paid Search,1,1
LEAD007048,CUST008773,2017-06-02,Marketplace,0,0
LEAD007049,CUST009990,2018-06-13,Referral,1,0
LEAD007050,CUST008496,2018-05-01,Email,0,0
LEAD007051,CUST008726,2018-01-13,Email,0,0
LEAD007052,CUST000301,2017-03-14,Organic,1,0
LEAD007053,CUST007675,2017-09-15,Paid Search,1,0
LEAD007054,CUST000320,2017-05-31,Social,1,1
LEAD007055,CUST009000,2018-04-02,Referral,1,0
LEAD007056,CUST001023,2017-04-11,Organic,0,0
LEAD007057,CUST000797,2018-06-30,Referral,1,0
LEAD007058,CUST007511,2017-02-20,Social,0,0
LEAD007059,CUST006600,2018-01-25,Marketplace,1,1
LEAD007060,CUST005852,2017-05-21,Paid Search,1,1
LEAD007061,CUST006398,2017-10-03,Email,0,0
LEAD007062,CUST009843,2018-04-15,Marketplace,0,0
LEAD007063,CUST006716,2017-03-20,Organic,1,0
LEAD007064,CUST001798,2018-02-04,Paid Search,1,0
LEAD007065,CUST000226,2018-09-14,Organic,1,1
LEAD007066,CUST000877,2017-02-02,Organic,1,0
LEAD007067,CUST002797,2017-07-12,Paid Search,1,1
LEAD007068,CUST001585,2017-06-14,Organic,1,0
LEAD007069,CUST000558,2018-02-10,Social,1,0
LEAD007070,CUST009003,2018-04-14,Social,1,0
LEAD007071,CUST008167,2018-01-19,Organic,1,1
LEAD007072,CUST006561,2017-08-07,Marketplace,0,0
LEAD007073,CUST008008,2018-02-09,Email,0,0
LEAD007074,CUST004523,2017-11-17,Referral,1,1
LEAD007075,CUST001803,2018-08-06,Social,1,1
LEAD007076,CUST000726,2017-03-31,Referral,1,1
LEAD007077,CUST004021,2017-01-09,Marketplace,1,1
LEAD007078,CUST008301,2017-03-27,Referral,1,0
LEAD007079,CUST004602,2018-07-24,Paid Search,0,0
LEAD007080,CUST005328,2018-08-12,Social,1,0
LEAD007081,CUST005606,2017-12-17,Social,1,0
LEAD007082,CUST008616,2018-04-29,Email,0,0
LEAD007083,CUST003822,2017-03-04,Email,1,0
LEAD007084,CUST005190,2017-10-17,Marketplace,1,1
LEAD007085,CUST006660,2017-11-21,Referral,1,1
LEAD007086,CUST003542,2018-07-08,Paid Search,0,0
LEAD007087,CUST004262,2017-09-22,Paid Search,0,0
LEAD007088,CUST009876,2017-02-04,Marketplace,1,0
LEAD007089,CUST003668,2018-05-10,Email,1,0
LEAD007090,CUST007478,2018-07-29,Paid Search,1,1
LEAD007091,CUST002204,2017-01-30,Social,0,0
LEAD007092,CUST004362,2018-03-20,Paid Search,0,0
LEAD007093,CUST000521,2018-06-24,Email,1,0
LEAD007094,CUST009182,2017-10-27,Paid Search,0,0
LEAD007095,CUST000280,2018-02-17,Referral,1,1
LEAD007096,CUST008286,2017-07-06,Paid Search,0,0
LEAD007097,CUST005266,2017-11-17,Paid Search,1,1
LEAD007098,CUST003304,2017-07-28,Paid Search,1,1
LEAD007099,CUST002671,2018-02-13,Organic,1,0
LEAD007100,CUST000957,2017-08-31,Email,1,0
LEAD007101,CUST007699,2017-04-24,Referral,0,0
LEAD007102,CUST005442,2017-11-27,Social,1,0
LEAD007103,CUST008481,2018-04-02,Marketplace,0,0
LEAD007104,CUST005938,2017-10-18,Referral,1,0
LEAD007105,CUST006476,2018-01-04,Paid Search,0,0
LEAD007106,CUST007290,2018-09-30,Marketplace,0,0
LEAD007107,CUST003831,2017-09-26,Marketplace,0,0
LEAD007108,CUST009107,2018-06-08,Paid Search,0,0
LEAD007109,CUST008510,2017-07-25,Paid Search,1,1
LEAD007110,CUST009132,2018-09-28,Organic,0,0
LEAD007111,CUST009913,2017-06-15,Social,1,0
LEAD007112,CUST005419,2017-01-11,Organic,1,1
LEAD007113,CUST004019,2017-12-12,Email,1,1
LEAD007114,CUST001359,2017-11-17,Organic,1,0
LEAD007115,CUST008242,2018-01-14,Social,0,0
LEAD007116,CUST009833,2017-03-08,Email,0,0
LEAD007117,CUST008578,2017-05-01,Marketplace,1,1
LEAD007118,CUST006120,2017-07-03,Referral,0,0
LEAD007119,CUST006650,2017-01-25,Email,1,1
LEAD007120,CUST003983,2018-01-13,Organic,1,0
LEAD007121,CUST000021,2017-08-23,Paid Search,1,0
LEAD007122,CUST003407,2018-09-23,Paid Search,1,0
LEAD007123,CUST009068,2017-05-12,Social,0,0
LEAD007124,CUST005136,2017-08-29,Organic,0,0
LEAD007125,CUST009714,2018-09-25,Organic,0,0
LEAD007126,CUST003417,2018-03-25,Referral,1,0
LEAD007127,CUST001461,2017-06-23,Organic,0,0
LEAD007128,CUST008151,2018-07-19,Organic,1,1
LEAD007129,CUST005928,2018-02-03,Email,1,0
LEAD007130,CUST009011,2018-02-27,Paid Search,0,0
LEAD007131,CUST004036,2017-04-14,Email,0,0
LEAD007132,CUST002058,2017-03-10,Organic,1,0
LEAD007133,CUST005642,2018-02-23,Social,0,0
LEAD007134,CUST006007,2018-05-19,Social,0,0
LEAD007135,CUST001092,2017-12-11,Paid Search,0,0
LEAD007136,CUST005629,2017-08-16,Organic,1,0
LEAD007137,CUST003402,2018-04-08,Referral,0,0
LEAD007138,CUST009652,2018-07-01,Email,1,0
LEAD007139,CUST005628,2017-01-13,Paid Search,1,0
LEAD007140,CUST003901,2017-02-22,Paid Search,1,0
LEAD007141,CUST007904,2017-07-15,Email,0,0
LEAD007142,CUST000145,2018-09-19,Marketplace,1,0
LEAD007143,CUST007373,2018-05-17,Marketplace,0,0
LEAD007144,CUST006200,2017-12-22,Social,1,0
LEAD007145,CUST008219,2018-03-19,Paid Search,1,0
LEAD007146,CUST000113,2018-03-25,Referral,1,0
LEAD007147,CUST003681,2018-05-28,Organic,1,0
LEAD007148,CUST008739,2017-07-14,Email,0,0
LEAD007149,CUST005374,2018-09-10,Organic,0,0
LEAD007150,CUST009558,2017-05-26,Marketplace,0,0
LEAD007151,CUST001253,2017-05-27,Email,1,0
LEAD007152,CUST007011,2017-02-10,Paid Search,1,0
LEAD007153,CUST001941,2017-12-14,Organic,1,1
LEAD007154,CUST007146,2017-08-07,Organic,1,0
LEAD007155,CUST008548,2018-08-17,Social,1,0
LEAD007156,CUST006316,2018-03-30,Social,0,0
LEAD007157,CUST008831,2017-04-06,Email,0,0
LEAD007158,CUST003195,2017-12-02,Marketplace,0,0
LEAD007159,CUST004087,2018-05-08,Marketplace,1,1
LEAD007160,CUST003893,2018-06-02,Marketplace,1,0
LEAD007161,CUST005409,2017-01-03,Paid Search,1,0
LEAD007162,CUST001207,2017-06-18,Email,1,1
LEAD007163,CUST001749,2018-04-21,Referral,1,0
LEAD007164,CUST001893,2017-04-02,Social,1,1
LEAD007165,CUST002466,2018-01-18,Email,0,0
LEAD007166,CUST006707,2017-02-11,Marketplace,0,0
LEAD007167,CUST003084,2017-03-30,Marketplace,0,0
LEAD007168,CUST009814,2017-11-11,Organic,0,0
LEAD007169,CUST005287,2017-11-26,Email,1,0
LEAD007170,CUST000466,2017-09-13,Organic,1,1
LEAD007171,CUST002768,2017-03-26,Paid Search,1,0
LEAD007172,CUST007010,2017-10-04,Paid Search,0,0
LEAD007173,CUST001228,2017-09-15,Referral,1,0
LEAD007174,CUST005680,2017-10-16,Social,1,0
LEAD007175,CUST000291,2018-08-25,Email,0,0
LEAD007176,CUST005360,2017-10-26,Marketplace,0,0
LEAD007177,CUST001984,2018-04-11,Social,1,0
LEAD007178,CUST009847,2018-01-08,Paid Search,0,0
LEAD007179,CUST008598,2018-03-06,Organic,0,0
LEAD007180,CUST000248,2017-03-15,Referral,1,0
LEAD007181,CUST001874,2018-09-09,Marketplace,1,1
LEAD007182,CUST002179,2018-09-17,Social,0,0
LEAD007183,CUST002532,2017-10-13,Marketplace,0,0
LEAD007184,CUST006395,2017-03-24,Referral,1,0
LEAD007185,CUST006183,2018-02-27,Referral,0,0
LEAD007186,CUST001065,2017-02-10,Referral,1,0
LEAD007187,CUST009824,2018-03-15,Referral,1,1
LEAD007188,CUST008608,2017-06-13,Social,0,0
LEAD007189,CUST002452,2018-03-05,Email,0,0
LEAD007190,CUST006774,2018-03-05,Referral,1,1
LEAD007191,CUST001123,2017-12-13,Paid Search,0,0
LEAD007192,CUST000793,2017-10-27,Email,1,1
LEAD007193,CUST001041,2018-06-05,Referral,0,0
LEAD007194,CUST002738,2017-08-12,Referral,1,0
LEAD007195,CUST000574,2017-01-26,Social,0,0
LEAD007196,CUST004808,2018-02-26,Marketplace,1,0
LEAD007197,CUST003516,2017-09-30,Paid Search,1,1
LEAD007198,CUST008073,2017-05-04,Paid Search,0,0
LEAD007199,CUST009645,2017-02-25,Referral,1,0
LEAD007200,CUST006756,2017-11-23,Marketplace,0,0
LEAD007201,CUST002458,2017-03-27,Email,0,0
LEAD007202,CUST008292,2017-09-01,Email,0,0
LEAD007203,CUST008248,2017-05-01,Referral,0,0
LEAD007204,CUST008169,2017-02-07,Organic,1,1
LEAD007205,CUST009448,2017-08-24,Paid Search,1,0
LEAD007206,CUST000563,2017-06-09,Marketplace,1,0
LEAD007207,CUST003837,2018-08-12,Email,0,0
LEAD007208,CUST001358,2018-08-30,Organic,0,0
LEAD007209,CUST003598,2017-01-27,Organic,0,0
LEAD007210,CUST002356,2018-08-20,Social,0,0
LEAD007211,CUST008961,2018-04-17,Email,0,0
LEAD007212,CUST004712,2017-01-10,Referral,1,1
LEAD007213,CUST000287,2017-03-04,Referral,0,0
LEAD007214,CUST004211,2017-05-06,Organic,0,0
LEAD007215,CUST003372,2017-11-08,Paid Search,1,1
LEAD007216,CUST007301,2017-12-02,Organic,1,0
LEAD007217,CUST009247,2017-03-07,Social,1,0
LEAD007218,CUST008334,2017-06-22,Paid Search,0,0
LEAD007219,CUST003673,2017-04-03,Marketplace,1,0
LEAD007220,CUST005302,2018-08-09,Referral,0,0
LEAD007221,CUST002031,2018-04-26,Email,1,0
LEAD007222,CUST001399,2018-03-19,Social,1,0
LEAD007223,CUST007667,2018-01-06,Marketplace,1,0
LEAD007224,CUST002454,2017-09-12,Social,0,0
LEAD007225,CUST005963,2018-03-24,Social,1,1
LEAD007226,CUST002002,2017-08-19,Email,1,1
LEAD007227,CUST005091,2018-06-19,Email,1,0
LEAD007228,CUST006715,2017-02-06,Organic,0,0
LEAD007229,CUST008782,2018-01-25,Organic,1,1
LEAD007230,CUST000933,2017-05-05,Email,0,0
LEAD007231,CUST009473,2018-03-28,Email,0,0
LEAD007232,CUST004381,2018-03-02,Organic,1,0
LEAD007233,CUST000713,2017-04-02,Paid Search,0,0
LEAD007234,CUST008782,2018-01-02,Paid Search,0,0
LEAD007235,CUST009939,2017-11-26,Organic,0,0
LEAD007236,CUST008741,2017-02-24,Social,0,0
LEAD007237,CUST004793,2017-10-29,Marketplace,0,0
LEAD007238,CUST000980,2017-11-16,Referral,0,0
LEAD007239,CUST001209,2018-05-05,Referral,1,0
LEAD007240,CUST007440,2017-10-09,Organic,1,0
LEAD007241,CUST007691,2018-02-03,Marketplace,1,1
LEAD007242,CUST007596,2018-07-27,Paid Search,0,0
LEAD007243,CUST004995,2017-06-26,Email,0,0
LEAD007244,CUST003037,2017-12-31,Social,0,0
LEAD007245,CUST001583,2018-09-06,Marketplace,1,1
LEAD007246,CUST003098,2018-05-22,Organic,1,0
LEAD007247,CUST005919,2018-03-17,Organic,1,1
LEAD007248,CUST005882,2017-11-12,Organic,0,0
LEAD007249,CUST002640,2018-05-18,Referral,0,0
LEAD007250,CUST006085,2017-03-11,Organic,1,0
LEAD007251,CUST009064,2017-11-01,Paid Search,1,0
LEAD007252,CUST009804,2017-05-26,Paid Search,0,0
LEAD007253,CUST004548,2017-07-07,Email,1,0
LEAD007254,CUST002511,2017-09-30,Email,1,0
LEAD007255,CUST000396,2017-11-16,Social,1,1
LEAD007256,CUST009859,2018-04-28,Email,1,1
LEAD007257,CUST002539,2018-08-14,Referral,1,1
LEAD007258,CUST008978,2017-04-09,Organic,1,0
LEAD007259,CUST002649,2018-02-22,Referral,1,0
LEAD007260,CUST000038,2017-12-15,Organic,0,0
LEAD007261,CUST006754,2018-01-22,Organic,1,1
LEAD007262,CUST002616,2018-06-23,Paid Search,0,0
LEAD007263,CUST007710,2018-08-12,Marketplace,0,0
LEAD007264,CUST003661,2018-02-09,Marketplace,1,1
LEAD007265,CUST004300,2017-02-13,Paid Search,1,1
LEAD007266,CUST003420,2018-08-09,Referral,1,1
LEAD007267,CUST004272,2017-07-31,Referral,0,0
LEAD007268,CUST001467,2018-07-25,Social,1,1
LEAD007269,CUST003361,2017-12-20,Referral,0,0
LEAD007270,CUST004547,2017-07-13,Email,0,0
LEAD007271,CUST002330,2017-07-26,Email,0,0
LEAD007272,CUST008075,2017-02-21,Social,1,0
LEAD007273,CUST003570,2017-03-20,Paid Search,1,0
LEAD007274,CUST009133,2017-10-09,Marketplace,0,0
LEAD007275,CUST008556,2018-06-19,Paid Search,1,1
LEAD007276,CUST007570,2018-08-01,Organic,1,0
LEAD007277,CUST001190,2018-06-02,Marketplace,0,0
LEAD007278,CUST008466,2017-04-29,Marketplace,1,1
LEAD007279,CUST007862,2018-04-12,Marketplace,1,0
LEAD007280,CUST005700,2017-07-22,Organic,1,0
LEAD007281,CUST005976,2018-08-19,Marketplace,0,0
LEAD007282,CUST002478,2017-07-15,Organic,1,1
LEAD007283,CUST000685,2017-11-28,Marketplace,1,1
LEAD007284,CUST000620,2017-04-03,Paid Search,1,1
LEAD007285,CUST006846,2017-06-07,Organic,1,1
LEAD007286,CUST008063,2018-05-22,Social,1,1
LEAD007287,CUST006938,2018-05-15,Referral,1,0
LEAD007288,CUST007143,2017-06-15,Marketplace,1,1
LEAD007289,CUST007923,2018-02-10,Referral,1,0
LEAD007290,CUST005875,2018-06-18,Referral,1,1
LEAD007291,CUST009574,2018-09-16,Email,0,0
LEAD007292,CUST007797,2017-04-14,Marketplace,0,0
LEAD007293,CUST006154,2018-04-15,Referral,0,0
LEAD007294,CUST001111,2018-05-21,Paid Search,1,1
LEAD007295,CUST009664,2017-10-18,Organic,0,0
LEAD007296,CUST003717,2018-04-29,Marketplace,1,1
LEAD007297,CUST007232,2017-07-29,Email,1,0
LEAD007298,CUST004096,2017-03-10,Email,0,0
LEAD007299,CUST006371,2018-01-18,Social,0,0
LEAD007300,CUST006177,2017-04-29,Social,1,1
LEAD007301,CUST000297,2017-11-19,Email,0,0
LEAD007302,CUST007417,2017-12-06,Social,0,0
LEAD007303,CUST006482,2017-05-10,Organic,1,1
LEAD007304,CUST008074,2018-07-22,Organic,0,0
LEAD007305,CUST002121,2018-05-21,Email,0,0
LEAD007306,CUST008660,2017-03-22,Email,0,0
LEAD007307,CUST007269,2018-09-28,Organic,0,0
LEAD007308,CUST006172,2017-06-25,Paid Search,0,0
LEAD007309,CUST004347,2018-06-01,Referral,0,0
LEAD007310,CUST004802,2018-07-21,Paid Search,0,0
LEAD007311,CUST000829,2017-07-16,Referral,1,0
LEAD007312,CUST007871,2017-04-07,Marketplace,0,0
LEAD007313,CUST004792,2017-12-10,Social,0,0
LEAD007314,CUST006399,2017-08-26,Organic,0,0
LEAD007315,CUST004449,2017-03-05,Organic,1,0
LEAD007316,CUST004398,2017-08-06,Social,1,0
LEAD007317,CUST009644,2018-08-22,Marketplace,0,0
LEAD007318,CUST004646,2018-08-16,Referral,0,0
LEAD007319,CUST004296,2018-06-29,Email,0,0
LEAD007320,CUST002284,2018-08-06,Marketplace,1,1
LEAD007321,CUST004012,2018-07-19,Email,0,0
LEAD007322,CUST006335,2018-05-31,Email,1,0
LEAD007323,CUST002965,2018-01-15,Paid Search,0,0
LEAD007324,CUST003726,2018-06-24,Referral,1,0
LEAD007325,CUST008017,2017-07-15,Marketplace,0,0
LEAD007326,CUST007167,2017-12-15,Organic,0,0
LEAD007327,CUST004217,2017-12-27,Paid Search,1,1
LEAD007328,CUST005356,2017-03-18,Paid Search,0,0
LEAD007329,CUST000407,2018-05-27,Marketplace,0,0
LEAD007330,CUST009676,2017-01-11,Organic,0,0
LEAD007331,CUST007691,2018-04-19,Organic,0,0
LEAD007332,CUST006315,2017-03-31,Organic,0,0
LEAD007333,CUST009291,2017-09-16,Paid Search,1,1
LEAD007334,CUST006262,2018-06-04,Organic,1,0
LEAD007335,CUST002187,2017-03-03,Paid Search,1,0
LEAD007336,CUST006030,2018-02-26,Referral,0,0
LEAD007337,CUST001917,2017-10-07,Paid Search,1,1
LEAD007338,CUST007478,2018-05-11,Paid Search,0,0
LEAD007339,CUST009069,2018-05-12,Social,0,0
LEAD007340,CUST005032,2018-06-23,Email,0,0
LEAD007341,CUST009396,2017-06-10,Referral,1,0
LEAD007342,CUST008238,2018-05-13,Marketplace,1,1
LEAD007343,CUST004546,2017-02-07,Organic,0,0
LEAD007344,CUST009124,2017-08-20,Marketplace,1,0
LEAD007345,CUST009568,2017-03-06,Organic,0,0
LEAD007346,CUST002002,2018-08-20,Social,1,1
LEAD007347,CUST009799,2018-03-29,Organic,0,0
LEAD007348,CUST000608,2018-01-29,Paid Search,0,0
LEAD007349,CUST006429,2017-08-05,Marketplace,1,0
LEAD007350,CUST004307,2018-04-23,Marketplace,0,0
LEAD007351,CUST005925,2018-01-18,Referral,1,0
LEAD007352,CUST006473,2017-08-04,Email,1,0
LEAD007353,CUST001033,2017-02-17,Marketplace,0,0
LEAD007354,CUST008669,2017-02-26,Social,0,0
LEAD007355,CUST001839,2018-08-11,Organic,0,0
LEAD007356,CUST008463,2018-01-04,Referral,0,0
LEAD007357,CUST005507,2017-04-02,Referral,1,0
LEAD007358,CUST008875,2018-04-02,Marketplace,0,0
LEAD007359,CUST003076,2018-04-13,Email,0,0
LEAD007360,CUST002894,2017-11-09,Referral,1,0
LEAD007361,CUST008820,2018-06-02,Marketplace,0,0
LEAD007362,CUST006329,2017-12-13,Paid Search,1,1
LEAD007363,CUST007133,2018-07-22,Organic,1,0
LEAD007364,CUST008475,2017-08-23,Paid Search,1,0
LEAD007365,CUST007128,2018-01-31,Organic,1,0
LEAD007366,CUST006819,2018-08-11,Social,0,0
LEAD007367,CUST002007,2018-03-15,Paid Search,1,0
LEAD007368,CUST008859,2017-10-17,Organic,1,0
LEAD007369,CUST003365,2017-09-21,Social,0,0
LEAD007370,CUST008082,2018-03-16,Referral,1,0
LEAD007371,CUST001678,2017-09-15,Paid Search,1,0
LEAD007372,CUST000560,2018-05-04,Organic,1,0
LEAD007373,CUST008373,2018-03-20,Email,0,0
LEAD007374,CUST008716,2017-09-22,Marketplace,0,0
LEAD007375,CUST002896,2017-04-05,Marketplace,0,0
LEAD007376,CUST005078,2018-07-24,Paid Search,0,0
LEAD007377,CUST005443,2017-02-27,Referral,1,1
LEAD007378,CUST007540,2018-01-23,Organic,0,0
LEAD007379,CUST008075,2017-08-08,Email,1,0
LEAD007380,CUST009751,2017-12-08,Email,1,0
LEAD007381,CUST008376,2017-05-05,Social,1,1
LEAD007382,CUST006987,2018-01-19,Referral,1,0
LEAD007383,CUST002713,2017-11-10,Email,1,0
LEAD007384,CUST007775,2017-05-25,Paid Search,1,0
LEAD007385,CUST005697,2018-02-28,Organic,1,0
LEAD007386,CUST000339,2017-04-09,Social,0,0
LEAD007387,CUST002219,2017-02-14,Paid Search,1,0
LEAD007388,CUST000405,2017-03-07,Social,0,0
LEAD007389,CUST000668,2017-05-06,Referral,0,0
LEAD007390,CUST009691,2017-02-07,Paid Search,0,0
LEAD007391,CUST007628,2018-06-16,Organic,1,0
LEAD007392,CUST007881,2018-05-17,Email,1,1
LEAD007393,CUST002094,2017-08-10,Referral,0,0
LEAD007394,CUST008644,2018-09-06,Referral,0,0
LEAD007395,CUST001107,2018-03-03,Social,1,0
LEAD007396,CUST002522,2017-05-15,Paid Search,1,0
LEAD007397,CUST004857,2018-04-19,Email,0,0
LEAD007398,CUST009735,2018-01-08,Paid Search,0,0
LEAD007399,CUST006722,2018-06-13,Social,0,0
LEAD007400,CUST003814,2017-04-20,Marketplace,1,0
LEAD007401,CUST006606,2017-08-17,Marketplace,0,0
LEAD007402,CUST000686,2017-01-02,Social,0,0
LEAD007403,CUST005183,2017-03-12,Marketplace,0,0
LEAD007404,CUST009998,2017-08-28,Organic,0,0
LEAD007405,CUST006549,2018-07-04,Email,1,0
LEAD007406,CUST004615,2017-01-02,Marketplace,1,1
LEAD007407,CUST000008,2017-05-05,Referral,1,0
LEAD007408,CUST009848,2017-02-01,Organic,0,0
LEAD007409,CUST005571,2018-01-13,Social,0,0
LEAD007410,CUST008975,2018-06-02,Marketplace,1,0
LEAD007411,CUST006941,2017-09-22,Referral,1,1
LEAD007412,CUST009312,2017-05-24,Social,1,0
LEAD007413,CUST007439,2017-04-10,Email,0,0
LEAD007414,CUST005400,2018-06-03,Email,1,0
LEAD007415,CUST002748,2017-09-30,Organic,1,0
LEAD007416,CUST001739,2017-01-24,Referral,1,0
LEAD007417,CUST003114,2018-09-29,Email,0,0
LEAD007418,CUST004841,2018-09-02,Organic,1,0
LEAD007419,CUST006387,2018-08-18,Social,0,0
LEAD007420,CUST006108,2018-05-05,Social,1,0
LEAD007421,CUST005467,2017-04-11,Referral,1,1
LEAD007422,CUST006459,2017-04-15,Paid Search,0,0
LEAD007423,CUST007059,2017-06-05,Organic,1,1
LEAD007424,CUST000558,2017-05-26,Referral,0,0
LEAD007425,CUST004824,2017-06-13,Paid Search,0,0
LEAD007426,CUST005820,2017-05-23,Organic,0,0
LEAD007427,CUST006761,2017-04-02,Marketplace,1,1
LEAD007428,CUST001256,2018-01-28,Organic,0,0
LEAD007429,CUST007544,2018-08-30,Organic,1,0
LEAD007430,CUST001184,2017-02-08,Referral,0,0
LEAD007431,CUST003632,2017-06-07,Organic,1,1
LEAD007432,CUST004862,2018-09-28,Referral,1,1
LEAD007433,CUST003250,2017-04-16,Organic,0,0
LEAD007434,CUST007317,2018-03-03,Email,0,0
LEAD007435,CUST005062,2017-12-21,Marketplace,0,0
LEAD007436,CUST005415,2017-04-25,Paid Search,0,0
LEAD007437,CUST007216,2017-08-31,Organic,1,1
LEAD007438,CUST005596,2018-02-03,Paid Search,0,0
LEAD007439,CUST008203,2017-02-25,Marketplace,1,0
LEAD007440,CUST006658,2018-06-20,Marketplace,1,0
LEAD007441,CUST000631,2018-02-08,Organic,0,0
LEAD007442,CUST007081,2018-01-27,Marketplace,0,0
LEAD007443,CUST009070,2018-03-23,Email,0,0
LEAD007444,CUST002250,2018-04-13,Paid Search,0,0
LEAD007445,CUST006636,2017-01-21,Email,0,0
LEAD007446,CUST002622,2017-09-16,Marketplace,0,0
LEAD007447,CUST006856,2017-10-15,Social,1,1
LEAD007448,CUST004328,2017-07-28,Email,0,0
LEAD007449,CUST003538,2017-05-16,Social,0,0
LEAD007450,CUST003409,2017-05-24,Marketplace,1,0
LEAD007451,CUST006498,2017-11-27,Organic,1,0
LEAD007452,CUST005139,2018-03-11,Organic,0,0
LEAD007453,CUST000114,2018-03-24,Email,1,1
LEAD007454,CUST004098,2017-01-21,Paid Search,1,0
LEAD007455,CUST000519,2018-01-07,Organic,0,0
LEAD007456,CUST007407,2017-06-30,Organic,1,0
LEAD007457,CUST006811,2017-07-25,Email,0,0
LEAD007458,CUST006931,2018-05-16,Marketplace,1,0
LEAD007459,CUST009089,2018-02-16,Marketplace,1,0
LEAD007460,CUST004352,2018-03-28,Organic,1,0
LEAD007461,CUST009458,2018-06-25,Organic,1,1
LEAD007462,CUST008096,2017-09-02,Social,0,0
LEAD007463,CUST008244,2018-09-07,Email,0,0
LEAD007464,CUST008917,2018-04-08,Organic,1,1
LEAD007465,CUST007818,2017-10-27,Email,1,1
LEAD007466,CUST009688,2017-01-02,Paid Search,1,1
LEAD007467,CUST002537,2017-01-02,Referral,1,0
LEAD007468,CUST006861,2018-02-11,Social,1,1
LEAD007469,CUST002502,2017-11-24,Email,0,0
LEAD007470,CUST007696,2018-02-07,Marketplace,1,1
LEAD007471,CUST001416,2017-05-25,Marketplace,0,0
LEAD007472,CUST007252,2017-06-03,Marketplace,1,0
LEAD007473,CUST001912,2017-11-21,Marketplace,1,0
LEAD007474,CUST005198,2018-02-16,Social,0,0
LEAD007475,CUST000257,2017-10-24,Referral,0,0
LEAD007476,CUST007445,2018-09-13,Marketplace,0,0
LEAD007477,CUST002091,2017-06-27,Marketplace,0,0
LEAD007478,CUST000868,2017-08-22,Referral,0,0
LEAD007479,CUST003669,2018-07-14,Social,1,1
LEAD007480,CUST003600,2017-09-16,Referral,1,0
LEAD007481,CUST005531,2017-04-05,Organic,0,0
LEAD007482,CUST009468,2018-05-15,Email,1,1
LEAD007483,CUST008433,2017-11-16,Marketplace,0,0
LEAD007484,CUST006110,2017-12-22,Organic,1,1
LEAD007485,CUST000091,2018-04-24,Referral,0,0
LEAD007486,CUST009139,2017-02-15,Organic,0,0
LEAD007487,CUST003778,2018-08-06,Organic,0,0
LEAD007488,CUST001688,2017-02-09,Social,1,1
LEAD007489,CUST005865,2017-01-09,Social,0,0
LEAD007490,CUST004914,2018-04-13,Paid Search,1,1
LEAD007491,CUST004730,2017-09-11,Social,0,0
LEAD007492,CUST002202,2017-07-15,Paid Search,0,0
LEAD007493,CUST000621,2017-05-19,Referral,1,0
LEAD007494,CUST002047,2017-07-06,Social,0,0
LEAD007495,CUST006124,2017-05-03,Marketplace,1,0
LEAD007496,CUST006886,2018-07-28,Organic,1,0
LEAD007497,CUST003881,2017-11-17,Referral,1,1
LEAD007498,CUST001451,2017-02-16,Referral,0,0
LEAD007499,CUST006493,2017-05-02,Marketplace,0,0
LEAD007500,CUST001169,2017-10-04,Organic,1,0
LEAD007501,CUST005726,2018-07-24,Paid Search,1,1
LEAD007502,CUST007193,2018-08-23,Email,0,0
LEAD007503,CUST003241,2018-02-26,Referral,1,0
LEAD007504,CUST008931,2018-04-10,Social,1,1
LEAD007505,CUST005803,2018-06-03,Email,0,0
LEAD007506,CUST009650,2018-04-14,Email,1,1
LEAD007507,CUST006276,2018-05-08,Paid Search,1,1
LEAD007508,CUST003097,2017-02-25,Paid Search,1,1
LEAD007509,CUST008159,2018-09-07,Organic,0,0
LEAD007510,CUST004736,2017-01-20,Marketplace,0,0
LEAD007511,CUST006702,2018-07-27,Organic,0,0
LEAD007512,CUST009480,2017-07-26,Paid Search,1,0
LEAD007513,CUST002155,2017-08-16,Paid Search,0,0
LEAD007514,CUST005079,2018-08-03,Email,0,0
LEAD007515,CUST002358,2018-05-16,Social,0,0
LEAD007516,CUST006825,2017-01-23,Social,0,0
LEAD007517,CUST008473,2017-02-15,Marketplace,1,1
LEAD007518,CUST002892,2018-06-10,Paid Search,0,0
LEAD007519,CUST003159,2018-01-09,Referral,0,0
LEAD007520,CUST000883,2018-09-12,Marketplace,1,0
LEAD007521,CUST007888,2018-04-20,Paid Search,1,0
LEAD007522,CUST001657,2017-03-06,Marketplace,0,0
LEAD007523,CUST003672,2017-10-27,Paid Search,1,1
LEAD007524,CUST001272,2017-04-17,Social,1,1
LEAD007525,CUST005451,2018-08-28,Email,1,1
LEAD007526,CUST000463,2018-04-10,Marketplace,1,0
LEAD007527,CUST005028,2017-08-13,Social,0,0
LEAD007528,CUST007909,2017-04-30,Referral,1,0
LEAD007529,CUST003175,2018-03-24,Organic,0,0
LEAD007530,CUST008193,2018-07-08,Social,0,0
LEAD007531,CUST000674,2017-05-03,Referral,1,0
LEAD007532,CUST008020,2017-05-16,Email,0,0
LEAD007533,CUST006654,2018-06-04,Email,1,1
LEAD007534,CUST002914,2017-04-08,Marketplace,0,0
LEAD007535,CUST000268,2018-02-14,Referral,1,0
LEAD007536,CUST004730,2018-09-14,Social,0,0
LEAD007537,CUST007518,2017-02-08,Paid Search,1,0
LEAD007538,CUST006781,2018-09-05,Email,1,0
LEAD007539,CUST004232,2017-01-06,Marketplace,0,0
LEAD007540,CUST004993,2017-12-26,Referral,1,0
LEAD007541,CUST005621,2018-06-11,Email,1,0
LEAD007542,CUST002790,2017-11-22,Email,0,0
LEAD007543,CUST006024,2017-04-30,Referral,1,0
LEAD007544,CUST007992,2018-09-12,Paid Search,1,0
LEAD007545,CUST003173,2017-04-26,Paid Search,1,0
LEAD007546,CUST002344,2018-03-07,Paid Search,0,0
LEAD007547,CUST009437,2018-09-08,Email,0,0
LEAD007548,CUST001376,2017-08-31,Paid Search,1,0
LEAD007549,CUST002188,2018-07-23,Marketplace,0,0
LEAD007550,CUST007775,2017-01-05,Social,0,0
LEAD007551,CUST003266,2017-01-05,Organic,0,0
LEAD007552,CUST007978,2018-09-14,Referral,1,0
LEAD007553,CUST000295,2017-08-05,Social,1,1
LEAD007554,CUST004757,2018-07-27,Paid Search,1,1
LEAD007555,CUST004513,2018-07-31,Organic,0,0
LEAD007556,CUST005592,2018-07-08,Organic,0,0
LEAD007557,CUST007808,2018-07-08,Marketplace,0,0
LEAD007558,CUST004682,2017-06-29,Marketplace,0,0
LEAD007559,CUST007913,2018-03-24,Organic,1,1
LEAD007560,CUST004862,2017-02-09,Organic,0,0
LEAD007561,CUST003673,2017-12-06,Email,0,0
LEAD007562,CUST004979,2018-03-08,Referral,1,0
LEAD007563,CUST006078,2017-04-23,Paid Search,0,0
LEAD007564,CUST008761,2018-04-01,Referral,0,0
LEAD007565,CUST005856,2018-09-19,Marketplace,0,0
LEAD007566,CUST008695,2018-09-28,Marketplace,1,0
LEAD007567,CUST009489,2017-09-18,Paid Search,1,1
LEAD007568,CUST006473,2017-03-02,Referral,0,0
LEAD007569,CUST007543,2018-05-06,Social,0,0
LEAD007570,CUST000183,2018-08-18,Paid Search,1,1
LEAD007571,CUST001660,2017-02-06,Email,0,0
LEAD007572,CUST002748,2017-02-15,Email,1,1
LEAD007573,CUST005938,2017-03-27,Marketplace,0,0
LEAD007574,CUST006320,2017-06-30,Organic,0,0
LEAD007575,CUST002237,2017-07-14,Marketplace,1,1
LEAD007576,CUST006880,2018-09-16,Marketplace,0,0
LEAD007577,CUST001567,2017-11-02,Email,1,0
LEAD007578,CUST002136,2017-07-04,Organic,0,0
LEAD007579,CUST001264,2018-08-31,Social,0,0
LEAD007580,CUST001036,2017-12-18,Organic,1,1
LEAD007581,CUST000782,2018-08-29,Organic,0,0
LEAD007582,CUST008975,2018-07-28,Social,0,0
LEAD007583,CUST008072,2018-08-21,Social,1,0
LEAD007584,CUST004380,2017-11-06,Referral,1,0
LEAD007585,CUST005423,2017-04-07,Paid Search,1,1
LEAD007586,CUST001969,2018-07-12,Paid Search,1,1
LEAD007587,CUST006664,2017-03-06,Organic,1,0
LEAD007588,CUST004667,2018-03-29,Social,1,1
LEAD007589,CUST002007,2018-03-28,Marketplace,0,0
LEAD007590,CUST007776,2017-01-08,Paid Search,1,0
LEAD007591,CUST003418,2017-06-08,Paid Search,0,0
LEAD007592,CUST006124,2017-08-04,Paid Search,1,0
LEAD007593,CUST006992,2017-04-22,Marketplace,1,1
LEAD007594,CUST006367,2017-07-02,Marketplace,1,1
LEAD007595,CUST007660,2018-04-17,Marketplace,1,0
LEAD007596,CUST006332,2018-01-17,Referral,0,0
LEAD007597,CUST004773,2018-06-05,Email,1,0
LEAD007598,CUST009751,2018-04-19,Marketplace,0,0
LEAD007599,CUST004568,2017-04-18,Social,1,1
LEAD007600,CUST003696,2018-01-18,Paid Search,1,0
LEAD007601,CUST003227,2018-01-02,Email,0,0
LEAD007602,CUST009979,2017-04-18,Organic,0,0
LEAD007603,CUST000443,2017-02-18,Email,0,0
LEAD007604,CUST001270,2017-10-10,Social,0,0
LEAD007605,CUST004323,2017-01-31,Marketplace,0,0
LEAD007606,CUST004461,2017-02-25,Paid Search,0,0
LEAD007607,CUST001606,2017-10-04,Social,1,0
LEAD007608,CUST008774,2017-07-07,Marketplace,1,0
LEAD007609,CUST000733,2018-07-02,Paid Search,1,0
LEAD007610,CUST000626,2017-07-29,Organic,0,0
LEAD007611,CUST000051,2017-01-28,Referral,0,0
LEAD007612,CUST008839,2017-07-19,Marketplace,1,1
LEAD007613,CUST006450,2018-01-22,Marketplace,0,0
LEAD007614,CUST000564,2017-06-21,Organic,1,0
LEAD007615,CUST001260,2017-03-04,Marketplace,0,0
LEAD007616,CUST004194,2018-03-18,Referral,0,0
LEAD007617,CUST001532,2018-07-17,Paid Search,1,0
LEAD007618,CUST009364,2018-07-28,Marketplace,1,0
LEAD007619,CUST002035,2018-09-03,Referral,0,0
LEAD007620,CUST000981,2018-09-26,Organic,0,0
LEAD007621,CUST004682,2017-07-28,Marketplace,0,0
LEAD007622,CUST004965,2017-08-15,Paid Search,1,1
LEAD007623,CUST000505,2018-03-10,Social,0,0
LEAD007624,CUST000652,2017-05-21,Social,0,0
LEAD007625,CUST006121,2018-03-08,Marketplace,1,0
LEAD007626,CUST001381,2017-03-08,Marketplace,0,0
LEAD007627,CUST008304,2017-11-30,Paid Search,0,0
LEAD007628,CUST001827,2018-09-20,Social,1,1
LEAD007629,CUST001602,2018-08-30,Social,0,0
LEAD007630,CUST008593,2018-06-12,Email,1,1
LEAD007631,CUST004165,2017-05-21,Email,0,0
LEAD007632,CUST007677,2018-08-14,Paid Search,0,0
LEAD007633,CUST006749,2018-03-10,Paid Search,0,0
LEAD007634,CUST008162,2017-08-24,Email,1,1
LEAD007635,CUST002536,2017-05-12,Referral,0,0
LEAD007636,CUST000898,2017-06-11,Organic,0,0
LEAD007637,CUST009442,2017-04-09,Paid Search,1,1
LEAD007638,CUST007385,2018-02-06,Referral,0,0
LEAD007639,CUST009854,2018-02-20,Email,1,0
LEAD007640,CUST004309,2017-09-11,Email,0,0
LEAD007641,CUST008190,2018-06-25,Referral,0,0
LEAD007642,CUST000409,2018-01-12,Marketplace,0,0
LEAD007643,CUST005246,2017-10-08,Social,1,1
LEAD007644,CUST004458,2017-02-23,Marketplace,1,0
LEAD007645,CUST006433,2017-05-03,Paid Search,1,1
LEAD007646,CUST000510,2018-07-04,Referral,0,0
LEAD007647,CUST001672,2017-05-12,Organic,0,0
LEAD007648,CUST003769,2017-09-10,Email,0,0
LEAD007649,CUST005391,2017-12-12,Paid Search,0,0
LEAD007650,CUST005362,2017-03-20,Paid Search,0,0
LEAD007651,CUST006619,2018-07-29,Marketplace,0,0
LEAD007652,CUST001406,2018-07-01,Email,1,0
LEAD007653,CUST008060,2018-06-20,Organic,1,0
LEAD007654,CUST002852,2018-08-21,Marketplace,0,0
LEAD007655,CUST009667,2017-12-04,Email,1,0
LEAD007656,CUST008106,2017-02-05,Email,1,0
LEAD007657,CUST008257,2017-05-06,Marketplace,0,0
LEAD007658,CUST008801,2018-05-12,Referral,0,0
LEAD007659,CUST006129,2017-06-22,Email,1,0
LEAD007660,CUST009481,2018-05-30,Email,1,1
LEAD007661,CUST006995,2017-09-04,Email,0,0
LEAD007662,CUST002143,2018-05-30,Organic,1,1
LEAD007663,CUST003594,2018-04-02,Social,1,1
LEAD007664,CUST005408,2017-01-13,Social,0,0
LEAD007665,CUST008849,2017-10-13,Organic,0,0
LEAD007666,CUST006483,2017-07-30,Marketplace,0,0
LEAD007667,CUST000970,2018-01-14,Paid Search,0,0
LEAD007668,CUST002223,2017-09-29,Marketplace,1,0
LEAD007669,CUST003742,2017-07-26,Paid Search,0,0
LEAD007670,CUST002188,2018-05-10,Marketplace,0,0
LEAD007671,CUST001815,2017-05-14,Paid Search,1,1
LEAD007672,CUST001897,2017-09-27,Paid Search,1,0
LEAD007673,CUST003435,2017-04-18,Referral,1,1
LEAD007674,CUST004716,2018-09-09,Email,1,1
LEAD007675,CUST003138,2017-01-13,Marketplace,0,0
LEAD007676,CUST004990,2017-08-17,Paid Search,1,0
LEAD007677,CUST000669,2018-02-09,Social,0,0
LEAD007678,CUST004490,2018-08-05,Email,1,1
LEAD007679,CUST004670,2017-01-17,Social,1,1
LEAD007680,CUST000316,2017-12-23,Organic,1,1
LEAD007681,CUST000338,2018-03-06,Email,1,0
LEAD007682,CUST002856,2018-03-23,Email,0,0
LEAD007683,CUST004369,2017-08-16,Organic,0,0
LEAD007684,CUST005634,2018-07-08,Referral,1,0
LEAD007685,CUST004678,2017-10-15,Social,1,0
LEAD007686,CUST005986,2018-07-25,Organic,1,1
LEAD007687,CUST005843,2017-06-18,Paid Search,1,0
LEAD007688,CUST003276,2018-09-26,Marketplace,0,0
LEAD007689,CUST008911,2017-09-27,Referral,0,0
LEAD007690,CUST005002,2018-01-15,Referral,1,1
LEAD007691,CUST005160,2017-03-18,Referral,0,0
LEAD007692,CUST007633,2017-08-03,Paid Search,1,1
LEAD007693,CUST004185,2018-08-16,Email,0,0
LEAD007694,CUST009345,2018-03-02,Marketplace,0,0
LEAD007695,CUST004034,2017-04-13,Marketplace,1,1
LEAD007696,CUST000902,2017-10-03,Marketplace,1,0
LEAD007697,CUST007968,2017-04-30,Referral,0,0
LEAD007698,CUST004777,2018-04-15,Email,0,0
LEAD007699,CUST001643,2018-07-18,Marketplace,1,0
LEAD007700,CUST008465,2017-10-18,Email,0,0
LEAD007701,CUST000767,2018-05-07,Referral,0,0
LEAD007702,CUST005004,2018-08-27,Referral,1,0
LEAD007703,CUST004717,2018-06-12,Organic,1,0
LEAD007704,CUST006544,2017-06-21,Referral,1,0
LEAD007705,CUST000900,2017-03-07,Paid Search,1,0
LEAD007706,CUST003863,2018-03-20,Marketplace,1,0
LEAD007707,CUST002609,2017-02-02,Marketplace,1,0
LEAD007708,CUST001089,2018-03-30,Organic,0,0
LEAD007709,CUST009920,2018-04-13,Social,1,0
LEAD007710,CUST004394,2017-01-09,Paid Search,1,0
LEAD007711,CUST009966,2017-06-22,Organic,0,0
LEAD007712,CUST000552,2017-12-01,Marketplace,1,0
LEAD007713,CUST003391,2017-11-13,Paid Search,0,0
LEAD007714,CUST003849,2017-01-14,Referral,0,0
LEAD007715,CUST002627,2018-07-24,Organic,1,0
LEAD007716,CUST004067,2017-11-23,Social,0,0
LEAD007717,CUST008629,2017-05-18,Organic,0,0
LEAD007718,CUST000853,2017-07-03,Marketplace,0,0
LEAD007719,CUST009015,2018-09-23,Paid Search,1,0
LEAD007720,CUST003667,2017-06-10,Marketplace,1,0
LEAD007721,CUST006711,2017-05-04,Marketplace,1,0
LEAD007722,CUST007086,2018-03-19,Referral,1,0
LEAD007723,CUST005999,2017-05-10,Organic,0,0
LEAD007724,CUST008523,2018-01-31,Referral,1,1
LEAD007725,CUST006784,2017-06-12,Social,1,1
LEAD007726,CUST000748,2018-04-23,Social,0,0
LEAD007727,CUST005641,2018-04-13,Marketplace,1,0
LEAD007728,CUST000076,2017-08-27,Marketplace,0,0
LEAD007729,CUST002245,2017-04-12,Paid Search,0,0
LEAD007730,CUST002822,2017-08-14,Email,1,0
LEAD007731,CUST003114,2017-09-22,Paid Search,0,0
LEAD007732,CUST006497,2017-06-18,Email,1,0
LEAD007733,CUST003549,2017-03-15,Marketplace,0,0
LEAD007734,CUST002080,2017-03-07,Paid Search,0,0
LEAD007735,CUST000406,2018-09-27,Email,1,0
LEAD007736,CUST004881,2018-02-04,Social,1,0
LEAD007737,CUST003678,2018-03-22,Marketplace,1,0
LEAD007738,CUST008411,2017-02-26,Organic,1,1
LEAD007739,CUST001518,2018-03-21,Organic,1,1
LEAD007740,CUST000748,2017-08-09,Organic,1,1
LEAD007741,CUST002871,2017-04-04,Organic,0,0
LEAD007742,CUST005591,2018-08-28,Organic,0,0
LEAD007743,CUST005044,2018-09-01,Email,0,0
LEAD007744,CUST003938,2018-09-20,Marketplace,1,0
LEAD007745,CUST005735,2017-02-16,Social,1,0
LEAD007746,CUST005021,2018-02-16,Marketplace,1,0
LEAD007747,CUST004686,2017-04-21,Social,0,0
LEAD007748,CUST003831,2018-09-05,Social,1,0
LEAD007749,CUST000200,2017-11-22,Email,0,0
LEAD007750,CUST007182,2018-04-04,Social,1,1
LEAD007751,CUST002983,2017-07-04,Marketplace,0,0
LEAD007752,CUST004951,2018-03-23,Paid Search,1,0
LEAD007753,CUST009619,2017-04-23,Paid Search,0,0
LEAD007754,CUST002193,2017-12-03,Paid Search,0,0
LEAD007755,CUST001179,2018-02-01,Email,1,0
LEAD007756,CUST009582,2017-08-01,Social,1,0
LEAD007757,CUST002686,2017-11-05,Email,1,0
LEAD007758,CUST004684,2018-05-13,Marketplace,1,1
LEAD007759,CUST004000,2017-09-26,Organic,1,0
LEAD007760,CUST003764,2018-08-19,Referral,1,0
LEAD007761,CUST000451,2017-09-17,Social,1,0
LEAD007762,CUST008167,2017-03-15,Social,1,0
LEAD007763,CUST005418,2018-03-04,Organic,1,0
LEAD007764,CUST004505,2018-04-16,Paid Search,0,0
LEAD007765,CUST009978,2017-01-09,Organic,1,1
LEAD007766,CUST003757,2017-06-27,Organic,0,0
LEAD007767,CUST003656,2017-02-12,Email,0,0
LEAD007768,CUST005120,2018-05-23,Marketplace,0,0
LEAD007769,CUST001922,2018-03-28,Organic,1,0
LEAD007770,CUST001804,2017-09-19,Email,0,0
LEAD007771,CUST003371,2018-02-23,Social,1,1
LEAD007772,CUST003518,2018-06-24,Paid Search,0,0
LEAD007773,CUST005104,2017-05-29,Email,1,0
LEAD007774,CUST008287,2018-05-21,Organic,0,0
LEAD007775,CUST001082,2018-04-12,Marketplace,1,1
LEAD007776,CUST007926,2018-03-12,Marketplace,0,0
LEAD007777,CUST008035,2017-08-11,Paid Search,0,0
LEAD007778,CUST005782,2017-06-07,Referral,1,0
LEAD007779,CUST006633,2017-07-08,Marketplace,0,0
LEAD007780,CUST001845,2017-02-19,Organic,1,1
LEAD007781,CUST006108,2017-02-13,Social,1,0
LEAD007782,CUST009285,2018-04-10,Social,1,1
LEAD007783,CUST005235,2017-06-16,Social,1,1
LEAD007784,CUST009992,2017-09-18,Social,0,0
LEAD007785,CUST005840,2017-09-22,Email,1,0
LEAD007786,CUST006901,2017-09-13,Email,0,0
LEAD007787,CUST000896,2017-08-04,Referral,0,0
LEAD007788,CUST005464,2018-09-26,Social,0,0
LEAD007789,CUST000439,2017-02-08,Email,1,0
LEAD007790,CUST007885,2018-01-09,Marketplace,1,1
LEAD007791,CUST005391,2017-08-13,Paid Search,0,0
LEAD007792,CUST001922,2017-10-09,Social,0,0
LEAD007793,CUST000718,2018-02-23,Paid Search,0,0
LEAD007794,CUST009512,2018-01-04,Email,0,0
LEAD007795,CUST000166,2018-02-03,Paid Search,1,0
LEAD007796,CUST008364,2017-04-30,Social,0,0
LEAD007797,CUST004243,2018-04-10,Email,0,0
LEAD007798,CUST006062,2018-08-24,Marketplace,0,0
LEAD007799,CUST002773,2017-09-12,Paid Search,0,0
LEAD007800,CUST004577,2017-03-09,Email,0,0
LEAD007801,CUST005111,2017-01-04,Email,0,0
LEAD007802,CUST007663,2018-05-05,Email,1,0
LEAD007803,CUST004857,2018-07-04,Referral,0,0
LEAD007804,CUST002214,2018-06-17,Organic,1,0
LEAD007805,CUST003007,2018-05-12,Organic,1,0
LEAD007806,CUST005825,2017-12-09,Social,0,0
LEAD007807,CUST002540,2017-12-04,Organic,0,0
LEAD007808,CUST007641,2017-04-28,Email,0,0
LEAD007809,CUST006197,2017-03-01,Social,1,0
LEAD007810,CUST007790,2018-07-14,Referral,0,0
LEAD007811,CUST005473,2018-06-18,Organic,1,1
LEAD007812,CUST001208,2017-03-14,Email,1,1
LEAD007813,CUST000320,2018-05-30,Paid Search,1,0
LEAD007814,CUST007937,2018-01-09,Social,1,0
LEAD007815,CUST006151,2018-04-06,Email,0,0
LEAD007816,CUST007296,2017-11-24,Email,1,1
LEAD007817,CUST005340,2018-06-03,Marketplace,1,0
LEAD007818,CUST002782,2017-05-31,Referral,1,1
LEAD007819,CUST009042,2018-01-06,Referral,0,0
LEAD007820,CUST006390,2017-05-26,Marketplace,1,0
LEAD007821,CUST007695,2018-08-29,Social,0,0
LEAD007822,CUST000989,2017-03-12,Social,0,0
LEAD007823,CUST003884,2018-09-16,Organic,1,1
LEAD007824,CUST008366,2017-09-06,Referral,1,0
LEAD007825,CUST008801,2017-09-11,Social,0,0
LEAD007826,CUST001895,2018-02-22,Organic,0,0
LEAD007827,CUST002319,2017-04-25,Referral,0,0
LEAD007828,CUST008723,2017-10-30,Social,0,0
LEAD007829,CUST001370,2018-07-26,Social,1,0
LEAD007830,CUST007030,2018-03-07,Social,0,0
LEAD007831,CUST005114,2017-07-03,Paid Search,0,0
LEAD007832,CUST000721,2018-03-15,Marketplace,1,0
LEAD007833,CUST000022,2017-03-25,Referral,1,0
LEAD007834,CUST008926,2017-09-03,Referral,1,1
LEAD007835,CUST000231,2017-06-01,Email,0,0
LEAD007836,CUST000511,2018-08-07,Email,0,0
LEAD007837,CUST004649,2017-12-05,Organic,0,0
LEAD007838,CUST005245,2017-08-25,Paid Search,0,0
LEAD007839,CUST006549,2018-08-07,Referral,0,0
LEAD007840,CUST001653,2017-02-07,Marketplace,0,0
LEAD007841,CUST000473,2017-08-24,Social,1,1
LEAD007842,CUST004889,2017-01-04,Email,1,0
LEAD007843,CUST001896,2017-01-05,Organic,0,0
LEAD007844,CUST009064,2017-09-30,Marketplace,1,1
LEAD007845,CUST009821,2018-02-20,Email,0,0
LEAD007846,CUST007455,2018-04-18,Paid Search,1,1
LEAD007847,CUST004454,2017-10-01,Email,0,0
LEAD007848,CUST006954,2017-01-25,Referral,0,0
LEAD007849,CUST005923,2018-07-08,Email,1,0
LEAD007850,CUST002998,2018-03-09,Referral,1,0
LEAD007851,CUST009441,2018-06-25,Organic,1,0
LEAD007852,CUST002447,2017-10-26,Paid Search,1,0
LEAD007853,CUST004867,2017-11-26,Referral,1,0
LEAD007854,CUST000137,2018-06-21,Marketplace,0,0
LEAD007855,CUST009494,2017-05-31,Paid Search,1,0
LEAD007856,CUST008545,2018-03-14,Social,0,0
LEAD007857,CUST005953,2018-08-14,Marketplace,1,0
LEAD007858,CUST002267,2018-09-28,Email,1,1
LEAD007859,CUST003133,2018-08-03,Referral,1,0
LEAD007860,CUST008589,2018-01-07,Social,1,0
LEAD007861,CUST003825,2018-08-28,Referral,1,0
LEAD007862,CUST004718,2018-04-07,Organic,1,0
LEAD007863,CUST008085,2017-04-29,Paid Search,0,0
LEAD007864,CUST005356,2017-06-04,Email,1,1
LEAD007865,CUST004894,2018-08-18,Referral,0,0
LEAD007866,CUST008957,2018-01-16,Referral,1,0
LEAD007867,CUST003482,2018-03-25,Paid Search,0,0
LEAD007868,CUST000265,2018-03-07,Organic,0,0
LEAD007869,CUST000196,2017-05-12,Referral,0,0
LEAD007870,CUST004763,2017-10-03,Social,0,0
LEAD007871,CUST002943,2017-09-05,Referral,0,0
LEAD007872,CUST000746,2018-08-09,Organic,1,0
LEAD007873,CUST006929,2017-07-09,Organic,1,1
LEAD007874,CUST006509,2018-06-08,Marketplace,1,1
LEAD007875,CUST005215,2017-12-12,Social,1,0
LEAD007876,CUST005733,2018-03-02,Social,0,0
LEAD007877,CUST001746,2017-07-26,Marketplace,0,0
LEAD007878,CUST002619,2017-08-17,Marketplace,0,0
LEAD007879,CUST008650,2017-05-30,Email,0,0
LEAD007880,CUST003375,2018-07-02,Organic,1,1
LEAD007881,CUST009886,2017-06-01,Email,1,1
LEAD007882,CUST004886,2018-09-30,Social,1,0
LEAD007883,CUST003820,2017-02-15,Referral,1,0
LEAD007884,CUST004985,2017-10-10,Marketplace,1,0
LEAD007885,CUST009897,2018-04-23,Email,0,0
LEAD007886,CUST005461,2018-08-05,Email,0,0
LEAD007887,CUST003986,2017-11-24,Marketplace,0,0
LEAD007888,CUST003384,2018-08-23,Paid Search,1,1
LEAD007889,CUST004543,2018-05-09,Email,1,0
LEAD007890,CUST004867,2018-08-27,Marketplace,1,1
LEAD007891,CUST001610,2017-01-28,Paid Search,0,0
LEAD007892,CUST004666,2017-07-15,Referral,0,0
LEAD007893,CUST009476,2017-10-09,Referral,0,0
LEAD007894,CUST006321,2017-03-13,Referral,1,0
LEAD007895,CUST009296,2018-09-05,Social,1,0
LEAD007896,CUST004237,2018-09-27,Organic,1,1
LEAD007897,CUST000041,2017-12-16,Paid Search,1,1
LEAD007898,CUST008552,2017-01-26,Email,0,0
LEAD007899,CUST007655,2017-02-21,Marketplace,1,0
LEAD007900,CUST001153,2018-06-05,Paid Search,0,0
LEAD007901,CUST008841,2017-04-19,Referral,1,0
LEAD007902,CUST004588,2018-02-28,Email,1,0
LEAD007903,CUST004986,2018-03-18,Email,0,0
LEAD007904,CUST000571,2018-04-08,Marketplace,0,0
LEAD007905,CUST003432,2017-10-10,Referral,0,0
LEAD007906,CUST004287,2017-12-03,Referral,1,0
LEAD007907,CUST009410,2017-07-19,Email,0,0
LEAD007908,CUST000123,2018-04-04,Social,0,0
LEAD007909,CUST006836,2017-10-05,Marketplace,1,1
LEAD007910,CUST009469,2017-05-17,Social,1,1
LEAD007911,CUST007684,2017-11-09,Referral,0,0
LEAD007912,CUST004856,2017-04-08,Organic,0,0
LEAD007913,CUST005962,2018-04-09,Organic,0,0
LEAD007914,CUST002714,2017-01-21,Marketplace,0,0
LEAD007915,CUST000270,2017-04-16,Social,0,0
LEAD007916,CUST002535,2017-02-14,Email,1,0
LEAD007917,CUST005433,2018-06-25,Organic,0,0
LEAD007918,CUST009520,2018-03-10,Marketplace,0,0
LEAD007919,CUST007631,2017-02-27,Referral,1,0
LEAD007920,CUST004534,2018-08-21,Social,1,0
LEAD007921,CUST006810,2017-12-18,Paid Search,0,0
LEAD007922,CUST006071,2018-06-29,Referral,0,0
LEAD007923,CUST004478,2018-08-28,Referral,1,0
LEAD007924,CUST008886,2017-11-11,Referral,1,0
LEAD007925,CUST002012,2018-05-09,Referral,0,0
LEAD007926,CUST008781,2018-02-24,Paid Search,1,1
LEAD007927,CUST000183,2017-12-04,Marketplace,0,0
LEAD007928,CUST007900,2017-07-10,Organic,0,0
LEAD007929,CUST007457,2018-06-24,Referral,1,0
LEAD007930,CUST002002,2017-10-10,Paid Search,1,0
LEAD007931,CUST002274,2017-07-19,Social,0,0
LEAD007932,CUST002648,2017-08-13,Paid Search,1,0
LEAD007933,CUST004950,2018-03-30,Referral,1,1
LEAD007934,CUST000991,2018-08-13,Social,1,1
LEAD007935,CUST004600,2017-12-09,Marketplace,1,1
LEAD007936,CUST002400,2017-06-17,Social,0,0
LEAD007937,CUST000514,2017-08-19,Paid Search,1,0
LEAD007938,CUST007064,2018-08-09,Marketplace,0,0
LEAD007939,CUST003551,2018-05-08,Referral,1,0
LEAD007940,CUST001333,2017-05-17,Organic,1,1
LEAD007941,CUST002908,2017-07-30,Marketplace,0,0
LEAD007942,CUST009432,2017-05-16,Social,1,0
LEAD007943,CUST008761,2018-03-29,Organic,0,0
LEAD007944,CUST005276,2018-05-20,Email,0,0
LEAD007945,CUST007939,2017-05-29,Referral,0,0
LEAD007946,CUST007206,2017-02-25,Referral,1,1
LEAD007947,CUST006171,2018-02-13,Marketplace,0,0
LEAD007948,CUST004996,2017-07-12,Organic,0,0
LEAD007949,CUST007894,2018-03-10,Organic,1,0
LEAD007950,CUST002686,2017-01-04,Paid Search,0,0
LEAD007951,CUST001161,2017-02-20,Email,1,1
LEAD007952,CUST002116,2018-04-11,Email,0,0
LEAD007953,CUST005741,2018-01-09,Marketplace,1,0
LEAD007954,CUST003371,2018-02-22,Organic,0,0
LEAD007955,CUST007295,2017-08-23,Paid Search,0,0
LEAD007956,CUST007563,2017-09-02,Referral,0,0
LEAD007957,CUST007432,2017-04-18,Marketplace,1,0
LEAD007958,CUST006287,2018-03-07,Email,0,0
LEAD007959,CUST007388,2017-04-09,Email,1,0
LEAD007960,CUST001993,2018-06-06,Organic,1,0
LEAD007961,CUST005979,2017-11-15,Referral,0,0
LEAD007962,CUST000235,2017-10-12,Social,0,0
LEAD007963,CUST003980,2017-01-20,Referral,1,0
LEAD007964,CUST001394,2017-09-18,Organic,1,1
LEAD007965,CUST005431,2018-03-09,Paid Search,0,0
LEAD007966,CUST005727,2017-12-31,Paid Search,0,0
LEAD007967,CUST003845,2017-08-07,Social,1,0
LEAD007968,CUST001419,2017-06-12,Referral,0,0
LEAD007969,CUST001814,2017-09-11,Referral,0,0
LEAD007970,CUST005718,2018-02-12,Email,1,1
LEAD007971,CUST002176,2018-09-28,Organic,0,0
LEAD007972,CUST008777,2017-12-28,Email,0,0
LEAD007973,CUST006038,2018-08-21,Paid Search,0,0
LEAD007974,CUST008972,2018-09-23,Marketplace,1,0
LEAD007975,CUST008820,2017-05-06,Social,1,1
LEAD007976,CUST004403,2018-08-05,Organic,0,0
LEAD007977,CUST007107,2018-08-08,Organic,0,0
LEAD007978,CUST007972,2017-07-19,Email,1,0
LEAD007979,CUST000978,2017-07-10,Marketplace,0,0
LEAD007980,CUST007533,2017-06-28,Marketplace,0,0
LEAD007981,CUST006547,2018-03-01,Social,1,0
LEAD007982,CUST000875,2017-04-25,Marketplace,0,0
LEAD007983,CUST007721,2018-04-26,Referral,0,0
LEAD007984,CUST000369,2018-09-13,Paid Search,1,1
LEAD007985,CUST008926,2017-07-01,Social,0,0
LEAD007986,CUST008536,2018-04-16,Marketplace,0,0
LEAD007987,CUST009171,2017-02-10,Social,0,0
LEAD007988,CUST006549,2018-04-16,Marketplace,1,1
LEAD007989,CUST001206,2018-06-11,Referral,0,0
LEAD007990,CUST006932,2018-08-11,Organic,1,1
LEAD007991,CUST008338,2018-08-31,Social,0,0
LEAD007992,CUST007074,2017-01-30,Organic,1,0
LEAD007993,CUST005408,2018-03-06,Referral,1,0
LEAD007994,CUST008650,2018-09-07,Marketplace,1,1
LEAD007995,CUST000310,2017-05-14,Referral,1,1
LEAD007996,CUST007060,2018-02-19,Social,0,0
LEAD007997,CUST008990,2018-02-23,Email,0,0
LEAD007998,CUST005653,2018-09-24,Paid Search,0,0
LEAD007999,CUST001200,2017-09-02,Social,1,0
LEAD008000,CUST006957,2017-12-06,Social,1,1
LEAD008001,CUST009206,2018-03-19,Marketplace,0,0
LEAD008002,CUST004260,2018-08-08,Referral,0,0
LEAD008003,CUST003874,2018-09-18,Marketplace,1,0
LEAD008004,CUST002654,2017-07-18,Referral,1,0
LEAD008005,CUST006146,2017-06-30,Email,0,0
LEAD008006,CUST000506,2018-05-08,Marketplace,1,0
LEAD008007,CUST009024,2017-06-08,Organic,1,0
LEAD008008,CUST001131,2017-12-13,Email,1,1
LEAD008009,CUST007614,2017-09-03,Marketplace,0,0
LEAD008010,CUST004759,2018-06-19,Marketplace,1,0
LEAD008011,CUST004343,2017-01-09,Email,1,0
LEAD008012,CUST003573,2018-04-14,Social,0,0
LEAD008013,CUST007806,2018-06-28,Referral,0,0
LEAD008014,CUST004549,2018-01-12,Social,0,0
LEAD008015,CUST009830,2018-01-31,Email,1,1
LEAD008016,CUST003068,2018-06-27,Referral,0,0
LEAD008017,CUST003693,2017-07-11,Email,1,0
LEAD008018,CUST004366,2018-01-04,Email,1,1
LEAD008019,CUST000051,2017-10-02,Paid Search,1,1
LEAD008020,CUST003723,2018-04-22,Marketplace,1,1
LEAD008021,CUST006531,2017-03-10,Paid Search,1,0
LEAD008022,CUST008863,2018-08-09,Marketplace,1,1
LEAD008023,CUST008565,2018-01-21,Paid Search,1,1
LEAD008024,CUST002888,2018-09-19,Email,0,0
LEAD008025,CUST001961,2018-04-27,Organic,1,0
LEAD008026,CUST003815,2017-12-11,Email,0,0
LEAD008027,CUST006335,2017-05-13,Marketplace,0,0
LEAD008028,CUST002654,2018-02-09,Email,0,0
LEAD008029,CUST007437,2017-03-25,Email,0,0
LEAD008030,CUST002539,2018-01-06,Referral,1,1
LEAD008031,CUST003438,2018-03-04,Organic,0,0
LEAD008032,CUST003949,2017-12-04,Referral,1,0
LEAD008033,CUST002492,2018-06-26,Email,1,0
LEAD008034,CUST007042,2017-05-06,Marketplace,1,1
LEAD008035,CUST005677,2017-11-10,Paid Search,1,0
LEAD008036,CUST004516,2018-03-03,Marketplace,1,0
LEAD008037,CUST002586,2018-01-16,Marketplace,0,0
LEAD008038,CUST003636,2017-02-04,Organic,1,0
LEAD008039,CUST008361,2017-05-19,Referral,1,0
LEAD008040,CUST003603,2017-06-29,Social,0,0
LEAD008041,CUST009796,2017-02-28,Marketplace,0,0
LEAD008042,CUST003827,2017-03-13,Referral,1,0
LEAD008043,CUST005084,2018-08-12,Email,0,0
LEAD008044,CUST005459,2017-11-17,Referral,1,0
LEAD008045,CUST005849,2017-12-18,Paid Search,1,0
LEAD008046,CUST009729,2017-09-25,Email,1,1
LEAD008047,CUST002421,2017-12-05,Social,0,0
LEAD008048,CUST006087,2017-06-17,Paid Search,1,0
LEAD008049,CUST005474,2017-02-18,Email,1,0
LEAD008050,CUST002821,2017-03-18,Email,0,0
LEAD008051,CUST006087,2017-04-10,Referral,1,0
LEAD008052,CUST006140,2018-01-20,Paid Search,0,0
LEAD008053,CUST007257,2017-12-15,Social,1,0
LEAD008054,CUST000246,2017-09-01,Referral,1,1
LEAD008055,CUST000188,2017-08-26,Marketplace,0,0
LEAD008056,CUST004636,2017-03-22,Social,0,0
LEAD008057,CUST000449,2017-01-07,Marketplace,0,0
LEAD008058,CUST002868,2017-06-09,Social,0,0
LEAD008059,CUST000727,2018-01-23,Email,1,0
LEAD008060,CUST001186,2018-01-31,Marketplace,0,0
LEAD008061,CUST008587,2018-01-05,Paid Search,0,0
LEAD008062,CUST000913,2017-07-14,Organic,0,0
LEAD008063,CUST008011,2018-04-03,Referral,1,1
LEAD008064,CUST007611,2017-05-01,Email,1,1
LEAD008065,CUST004301,2017-12-30,Social,0,0
LEAD008066,CUST008870,2018-08-14,Email,0,0
LEAD008067,CUST006413,2018-06-08,Paid Search,0,0
LEAD008068,CUST008996,2018-05-23,Referral,0,0
LEAD008069,CUST008088,2017-04-10,Paid Search,0,0
LEAD008070,CUST004854,2017-11-09,Referral,0,0
LEAD008071,CUST006283,2018-08-01,Social,1,0
LEAD008072,CUST004045,2018-09-16,Email,0,0
LEAD008073,CUST006278,2017-11-24,Referral,0,0
LEAD008074,CUST008793,2017-10-31,Email,0,0
LEAD008075,CUST006301,2018-08-25,Marketplace,1,1
LEAD008076,CUST009781,2017-12-17,Paid Search,1,0
LEAD008077,CUST004265,2017-11-14,Email,1,0
LEAD008078,CUST009033,2018-05-04,Paid Search,0,0
LEAD008079,CUST005322,2017-08-26,Referral,1,0
LEAD008080,CUST009506,2017-10-29,Paid Search,0,0
LEAD008081,CUST001011,2017-12-13,Marketplace,1,0
LEAD008082,CUST000678,2018-06-25,Organic,0,0
LEAD008083,CUST005997,2018-07-23,Paid Search,0,0
LEAD008084,CUST004100,2017-04-23,Social,1,0
LEAD008085,CUST002549,2017-11-05,Paid Search,0,0
LEAD008086,CUST006830,2017-04-13,Paid Search,1,1
LEAD008087,CUST005084,2018-05-25,Email,0,0
LEAD008088,CUST006135,2017-06-25,Email,1,1
LEAD008089,CUST000280,2017-11-11,Social,0,0
LEAD008090,CUST002890,2017-09-02,Marketplace,1,0
LEAD008091,CUST003621,2017-04-18,Marketplace,1,0
LEAD008092,CUST009783,2017-09-15,Social,1,0
LEAD008093,CUST005283,2017-11-19,Referral,1,1
LEAD008094,CUST000480,2018-08-04,Social,1,1
LEAD008095,CUST007548,2018-07-22,Organic,0,0
LEAD008096,CUST003708,2017-10-06,Referral,0,0
LEAD008097,CUST003123,2018-01-01,Email,1,1
LEAD008098,CUST000045,2018-06-24,Marketplace,0,0
LEAD008099,CUST004948,2018-07-11,Organic,1,0
LEAD008100,CUST009409,2018-04-27,Organic,0,0
LEAD008101,CUST009100,2017-05-26,Referral,0,0
LEAD008102,CUST002365,2018-06-05,Organic,0,0
LEAD008103,CUST006484,2017-10-06,Referral,1,1
LEAD008104,CUST003082,2018-03-23,Paid Search,0,0
LEAD008105,CUST005050,2017-03-04,Email,1,0
LEAD008106,CUST005203,2018-04-23,Marketplace,1,0
LEAD008107,CUST004393,2017-08-07,Paid Search,0,0
LEAD008108,CUST005129,2017-06-27,Social,1,0
LEAD008109,CUST006535,2018-02-25,Email,1,0
LEAD008110,CUST002508,2018-06-22,Paid Search,0,0
LEAD008111,CUST004469,2017-08-03,Marketplace,0,0
LEAD008112,CUST008466,2018-08-10,Social,0,0
LEAD008113,CUST006660,2018-06-06,Organic,0,0
LEAD008114,CUST009315,2018-08-03,Organic,0,0
LEAD008115,CUST005224,2018-08-03,Organic,0,0
LEAD008116,CUST007810,2017-06-10,Email,1,1
LEAD008117,CUST002299,2017-06-28,Email,1,0
LEAD008118,CUST003955,2017-04-21,Marketplace,0,0
LEAD008119,CUST002305,2018-01-31,Paid Search,1,0
LEAD008120,CUST000541,2017-08-12,Organic,1,0
LEAD008121,CUST006120,2017-01-21,Organic,0,0
LEAD008122,CUST001266,2018-01-09,Referral,1,0
LEAD008123,CUST008432,2018-06-29,Email,0,0
LEAD008124,CUST005983,2018-03-27,Paid Search,1,0
LEAD008125,CUST007356,2017-11-03,Social,0,0
LEAD008126,CUST000684,2018-08-11,Social,1,0
LEAD008127,CUST005281,2018-01-31,Marketplace,1,1
LEAD008128,CUST005337,2018-02-01,Marketplace,0,0
LEAD008129,CUST009884,2017-08-19,Email,1,0
LEAD008130,CUST005796,2018-03-25,Email,1,0
LEAD008131,CUST009478,2018-09-03,Referral,0,0
LEAD008132,CUST002619,2017-05-25,Paid Search,1,0
LEAD008133,CUST008964,2018-04-17,Email,0,0
LEAD008134,CUST003971,2017-02-12,Social,0,0
LEAD008135,CUST004802,2017-04-09,Social,1,1
LEAD008136,CUST009143,2017-11-06,Social,0,0
LEAD008137,CUST003156,2018-03-15,Organic,0,0
LEAD008138,CUST001438,2017-04-11,Referral,0,0
LEAD008139,CUST002828,2017-11-13,Referral,1,0
LEAD008140,CUST000020,2017-05-29,Referral,0,0
LEAD008141,CUST007423,2017-06-02,Referral,0,0
LEAD008142,CUST007408,2017-05-23,Marketplace,0,0
LEAD008143,CUST001359,2018-07-19,Email,1,0
LEAD008144,CUST007058,2017-09-22,Email,1,0
LEAD008145,CUST006024,2017-11-09,Social,0,0
LEAD008146,CUST002382,2017-01-23,Referral,1,1
LEAD008147,CUST003564,2017-10-28,Social,0,0
LEAD008148,CUST006455,2018-05-22,Paid Search,0,0
LEAD008149,CUST006776,2017-02-06,Organic,0,0
LEAD008150,CUST001916,2017-06-14,Paid Search,1,1
LEAD008151,CUST005618,2017-01-10,Social,1,1
LEAD008152,CUST004422,2017-06-30,Social,1,1
LEAD008153,CUST000504,2017-04-27,Paid Search,1,0
LEAD008154,CUST005132,2018-08-19,Email,1,0
LEAD008155,CUST001816,2017-10-24,Organic,1,1
LEAD008156,CUST001828,2017-12-17,Email,0,0
LEAD008157,CUST002724,2017-05-29,Email,0,0
LEAD008158,CUST008273,2017-04-24,Paid Search,1,1
LEAD008159,CUST006100,2017-09-09,Paid Search,1,0
LEAD008160,CUST003499,2018-01-08,Organic,1,1
LEAD008161,CUST004927,2017-07-06,Organic,1,0
LEAD008162,CUST006794,2018-09-02,Marketplace,1,0
LEAD008163,CUST009863,2017-02-14,Marketplace,1,0
LEAD008164,CUST001159,2018-05-28,Paid Search,0,0
LEAD008165,CUST004599,2018-07-16,Paid Search,0,0
LEAD008166,CUST004743,2017-06-11,Paid Search,1,1
LEAD008167,CUST003596,2017-12-17,Marketplace,0,0
LEAD008168,CUST003608,2017-07-26,Email,1,1
LEAD008169,CUST007356,2018-09-29,Email,1,0
LEAD008170,CUST004356,2017-07-21,Email,0,0
LEAD008171,CUST003745,2018-08-04,Marketplace,1,0
LEAD008172,CUST009828,2017-07-29,Email,1,0
LEAD008173,CUST002266,2018-08-19,Email,1,0
LEAD008174,CUST000702,2017-09-27,Social,1,0
LEAD008175,CUST002840,2017-04-14,Paid Search,1,0
LEAD008176,CUST008125,2018-05-21,Email,0,0
LEAD008177,CUST006709,2017-06-13,Referral,1,0
LEAD008178,CUST000763,2018-05-02,Organic,0,0
LEAD008179,CUST006257,2018-06-26,Email,1,0
LEAD008180,CUST007649,2017-07-17,Marketplace,1,1
LEAD008181,CUST005157,2017-03-09,Paid Search,1,0
LEAD008182,CUST003398,2017-02-21,Organic,0,0
LEAD008183,CUST006326,2018-07-13,Marketplace,1,0
LEAD008184,CUST005899,2018-09-13,Paid Search,1,0
LEAD008185,CUST007137,2017-06-15,Referral,1,0
LEAD008186,CUST006629,2018-02-07,Paid Search,1,1
LEAD008187,CUST001545,2017-02-27,Social,1,1
LEAD008188,CUST007122,2017-05-31,Email,0,0
LEAD008189,CUST005277,2017-10-31,Marketplace,1,1
LEAD008190,CUST005375,2018-02-28,Organic,1,0
LEAD008191,CUST000661,2018-01-14,Paid Search,1,1
LEAD008192,CUST000772,2017-05-04,Referral,1,0
LEAD008193,CUST002353,2017-06-04,Organic,1,0
LEAD008194,CUST004724,2017-10-08,Marketplace,1,0
LEAD008195,CUST002748,2017-02-01,Paid Search,1,1
LEAD008196,CUST009519,2018-05-26,Email,0,0
LEAD008197,CUST001791,2018-01-19,Paid Search,0,0
LEAD008198,CUST007474,2017-07-10,Marketplace,1,0
LEAD008199,CUST008732,2017-04-24,Referral,0,0
LEAD008200,CUST006712,2017-01-02,Organic,0,0
LEAD008201,CUST000505,2018-09-17,Marketplace,1,0
LEAD008202,CUST007870,2017-08-24,Referral,0,0
LEAD008203,CUST007329,2018-08-27,Organic,1,0
LEAD008204,CUST001512,2018-01-28,Paid Search,1,0
LEAD008205,CUST002011,2017-07-04,Paid Search,0,0
LEAD008206,CUST002442,2018-07-13,Organic,0,0
LEAD008207,CUST004072,2018-05-07,Social,1,0
LEAD008208,CUST000219,2018-06-16,Paid Search,1,0
LEAD008209,CUST001552,2017-11-10,Email,1,1
LEAD008210,CUST003658,2017-08-25,Marketplace,0,0
LEAD008211,CUST001942,2017-10-04,Email,0,0
LEAD008212,CUST002382,2017-10-21,Marketplace,1,1
LEAD008213,CUST005779,2017-04-10,Email,1,1
LEAD008214,CUST000289,2017-12-10,Email,1,1
LEAD008215,CUST002872,2018-07-22,Marketplace,0,0
LEAD008216,CUST004487,2018-01-02,Email,0,0
LEAD008217,CUST004571,2018-02-18,Referral,1,1
LEAD008218,CUST000116,2018-08-20,Paid Search,0,0
LEAD008219,CUST009043,2017-12-11,Organic,1,0
LEAD008220,CUST009449,2018-05-17,Email,1,0
LEAD008221,CUST000800,2017-11-27,Paid Search,0,0
LEAD008222,CUST009632,2018-02-17,Marketplace,1,1
LEAD008223,CUST001580,2017-01-24,Referral,1,0
LEAD008224,CUST009145,2017-03-13,Paid Search,1,0
LEAD008225,CUST002534,2018-08-11,Referral,1,0
LEAD008226,CUST001434,2017-11-08,Referral,1,1
LEAD008227,CUST006999,2017-01-25,Referral,0,0
LEAD008228,CUST006581,2018-05-09,Social,0,0
LEAD008229,CUST004076,2018-08-19,Referral,1,0
LEAD008230,CUST007399,2018-08-28,Marketplace,1,0
LEAD008231,CUST001908,2017-11-07,Marketplace,0,0
LEAD008232,CUST007319,2017-08-04,Email,1,1
LEAD008233,CUST008139,2018-08-30,Paid Search,0,0
LEAD008234,CUST004141,2017-11-04,Marketplace,0,0
LEAD008235,CUST009852,2017-11-07,Marketplace,0,0
LEAD008236,CUST002799,2017-06-29,Email,1,0
LEAD008237,CUST009071,2018-04-17,Social,0,0
LEAD008238,CUST000541,2018-02-02,Email,1,0
LEAD008239,CUST005992,2018-08-17,Organic,0,0
LEAD008240,CUST000186,2018-03-09,Social,0,0
LEAD008241,CUST006351,2018-05-24,Marketplace,1,1
LEAD008242,CUST008037,2017-04-19,Organic,0,0
LEAD008243,CUST009887,2018-05-14,Paid Search,1,0
LEAD008244,CUST004441,2018-09-24,Paid Search,0,0
LEAD008245,CUST000203,2017-06-23,Email,1,1
LEAD008246,CUST009138,2017-07-04,Marketplace,0,0
LEAD008247,CUST004840,2018-06-02,Marketplace,1,1
LEAD008248,CUST007276,2017-11-16,Referral,0,0
LEAD008249,CUST000255,2017-03-29,Marketplace,1,0
LEAD008250,CUST008093,2017-07-24,Email,1,1
LEAD008251,CUST003317,2018-09-09,Referral,0,0
LEAD008252,CUST005083,2017-08-10,Social,0,0
LEAD008253,CUST008851,2017-03-27,Marketplace,1,0
LEAD008254,CUST009388,2018-08-28,Paid Search,0,0
LEAD008255,CUST006868,2017-03-09,Referral,0,0
LEAD008256,CUST006035,2017-04-08,Social,1,0
LEAD008257,CUST004189,2018-05-08,Paid Search,1,1
LEAD008258,CUST009108,2017-09-24,Referral,1,0
LEAD008259,CUST000669,2017-09-09,Email,1,0
LEAD008260,CUST009509,2017-08-30,Marketplace,1,0
LEAD008261,CUST000176,2017-03-15,Paid Search,1,0
LEAD008262,CUST006125,2017-08-20,Social,1,1
LEAD008263,CUST008298,2017-04-24,Email,1,0
LEAD008264,CUST007060,2017-08-29,Marketplace,0,0
LEAD008265,CUST003500,2018-09-13,Organic,1,0
LEAD008266,CUST004081,2018-07-02,Organic,1,0
LEAD008267,CUST003517,2017-11-27,Referral,0,0
LEAD008268,CUST009376,2017-04-06,Email,1,0
LEAD008269,CUST000279,2018-03-27,Referral,1,1
LEAD008270,CUST003477,2017-06-20,Paid Search,0,0
LEAD008271,CUST006441,2017-04-24,Email,0,0
LEAD008272,CUST005155,2018-07-30,Paid Search,0,0
LEAD008273,CUST009356,2018-07-08,Social,1,0
LEAD008274,CUST000197,2017-01-08,Referral,0,0
LEAD008275,CUST007375,2018-08-12,Paid Search,0,0
LEAD008276,CUST006987,2017-04-18,Social,1,0
LEAD008277,CUST003276,2017-09-02,Organic,0,0
LEAD008278,CUST004192,2018-03-11,Social,0,0
LEAD008279,CUST003713,2017-09-01,Referral,1,1
LEAD008280,CUST007081,2018-03-25,Referral,0,0
LEAD008281,CUST009275,2018-05-18,Organic,1,1
LEAD008282,CUST000563,2018-09-24,Organic,1,0
LEAD008283,CUST009911,2017-11-12,Paid Search,1,1
LEAD008284,CUST008596,2017-11-02,Organic,1,1
LEAD008285,CUST008009,2017-06-06,Marketplace,1,1
LEAD008286,CUST002525,2018-02-20,Paid Search,0,0
LEAD008287,CUST000211,2018-03-13,Email,0,0
LEAD008288,CUST005127,2017-06-14,Paid Search,0,0
LEAD008289,CUST008802,2017-02-10,Marketplace,1,1
LEAD008290,CUST005259,2018-02-16,Referral,0,0
LEAD008291,CUST001483,2017-03-10,Marketplace,0,0
LEAD008292,CUST003942,2018-03-18,Organic,0,0
LEAD008293,CUST004724,2018-03-31,Marketplace,0,0
LEAD008294,CUST009344,2018-08-29,Marketplace,1,0
LEAD008295,CUST001182,2017-01-11,Email,1,0
LEAD008296,CUST007964,2017-10-12,Social,0,0
LEAD008297,CUST002290,2017-07-09,Organic,1,1
LEAD008298,CUST002213,2018-07-03,Social,1,0
LEAD008299,CUST009160,2018-09-10,Marketplace,1,0
LEAD008300,CUST005884,2018-05-30,Marketplace,1,0
LEAD008301,CUST007712,2018-08-28,Organic,1,0
LEAD008302,CUST005662,2018-09-06,Paid Search,1,1
LEAD008303,CUST009379,2017-10-02,Paid Search,0,0
LEAD008304,CUST004302,2018-07-20,Marketplace,0,0
LEAD008305,CUST007380,2017-11-23,Paid Search,0,0
LEAD008306,CUST003081,2018-09-05,Referral,0,0
LEAD008307,CUST000590,2018-07-16,Social,1,1
LEAD008308,CUST006555,2017-07-07,Referral,1,1
LEAD008309,CUST001862,2018-02-26,Paid Search,0,0
LEAD008310,CUST000722,2017-01-10,Paid Search,1,0
LEAD008311,CUST008946,2018-04-09,Referral,1,1
LEAD008312,CUST003768,2017-09-19,Organic,1,0
LEAD008313,CUST005051,2017-12-12,Organic,0,0
LEAD008314,CUST000243,2017-01-17,Organic,0,0
LEAD008315,CUST000860,2017-01-09,Marketplace,1,1
LEAD008316,CUST001239,2018-08-01,Organic,0,0
LEAD008317,CUST002137,2018-07-27,Referral,0,0
LEAD008318,CUST000398,2017-05-11,Paid Search,0,0
LEAD008319,CUST000049,2017-09-17,Marketplace,0,0
LEAD008320,CUST009101,2018-02-10,Marketplace,0,0
LEAD008321,CUST003932,2017-03-31,Referral,0,0
LEAD008322,CUST006851,2018-06-24,Email,0,0
LEAD008323,CUST009129,2017-09-05,Referral,0,0
LEAD008324,CUST009277,2018-01-05,Email,1,0
LEAD008325,CUST008611,2017-11-07,Paid Search,1,0
LEAD008326,CUST005359,2017-03-24,Marketplace,1,1
LEAD008327,CUST006087,2017-08-03,Paid Search,0,0
LEAD008328,CUST001897,2018-03-18,Organic,1,1
LEAD008329,CUST002155,2017-05-08,Email,1,0
LEAD008330,CUST009163,2018-07-09,Marketplace,0,0
LEAD008331,CUST008043,2018-06-22,Referral,1,1
LEAD008332,CUST007710,2018-05-17,Paid Search,0,0
LEAD008333,CUST004059,2018-09-26,Social,0,0
LEAD008334,CUST009074,2018-04-29,Organic,1,0
LEAD008335,CUST002544,2017-11-08,Paid Search,0,0
LEAD008336,CUST009726,2017-11-27,Email,1,1
LEAD008337,CUST002559,2017-05-26,Paid Search,0,0
LEAD008338,CUST005768,2017-07-18,Paid Search,0,0
LEAD008339,CUST000741,2018-07-25,Referral,1,0
LEAD008340,CUST007776,2018-07-14,Marketplace,1,0
LEAD008341,CUST008527,2017-11-27,Referral,0,0
LEAD008342,CUST003420,2017-04-28,Email,1,1
LEAD008343,CUST004055,2017-09-28,Social,0,0
LEAD008344,CUST005503,2018-06-23,Email,0,0
LEAD008345,CUST001206,2017-01-22,Marketplace,0,0
LEAD008346,CUST003288,2018-09-14,Organic,0,0
LEAD008347,CUST001988,2017-01-26,Marketplace,0,0
LEAD008348,CUST003374,2017-04-18,Social,0,0
LEAD008349,CUST001166,2018-03-14,Referral,1,0
LEAD008350,CUST004168,2018-05-05,Paid Search,1,1
LEAD008351,CUST002673,2017-12-04,Social,0,0
LEAD008352,CUST004633,2017-06-22,Email,1,0
LEAD008353,CUST006925,2018-02-27,Email,1,1
LEAD008354,CUST007671,2017-05-07,Marketplace,0,0
LEAD008355,CUST006802,2017-07-14,Organic,1,0
LEAD008356,CUST005326,2017-10-14,Email,0,0
LEAD008357,CUST003987,2018-02-27,Email,0,0
LEAD008358,CUST009739,2017-10-06,Marketplace,0,0
LEAD008359,CUST005990,2018-03-16,Paid Search,1,0
LEAD008360,CUST005603,2017-05-15,Social,1,0
LEAD008361,CUST005960,2017-05-24,Referral,0,0
LEAD008362,CUST007112,2017-03-28,Paid Search,0,0
LEAD008363,CUST007288,2017-09-12,Marketplace,1,1
LEAD008364,CUST008908,2018-02-08,Email,1,1
LEAD008365,CUST000101,2017-07-22,Social,1,0
LEAD008366,CUST006925,2018-08-26,Referral,1,0
LEAD008367,CUST002267,2017-06-08,Paid Search,1,0
LEAD008368,CUST005050,2018-02-19,Marketplace,0,0
LEAD008369,CUST000837,2018-04-05,Referral,0,0
LEAD008370,CUST007478,2017-02-07,Marketplace,0,0
LEAD008371,CUST003164,2018-07-04,Email,1,0
LEAD008372,CUST009098,2018-01-02,Social,0,0
LEAD008373,CUST007433,2018-07-19,Organic,0,0
LEAD008374,CUST009381,2017-05-24,Referral,0,0
LEAD008375,CUST005626,2017-03-10,Referral,1,1
LEAD008376,CUST004096,2017-08-20,Paid Search,1,0
LEAD008377,CUST003376,2017-08-28,Marketplace,0,0
LEAD008378,CUST009080,2017-02-02,Marketplace,0,0
LEAD008379,CUST006655,2017-12-20,Organic,0,0
LEAD008380,CUST002900,2017-12-24,Referral,0,0
LEAD008381,CUST009151,2017-05-30,Marketplace,1,1
LEAD008382,CUST009745,2017-05-18,Social,0,0
LEAD008383,CUST004762,2018-09-23,Marketplace,0,0
LEAD008384,CUST003503,2017-10-17,Marketplace,0,0
LEAD008385,CUST006651,2018-09-12,Social,0,0
LEAD008386,CUST009186,2018-04-25,Social,0,0
LEAD008387,CUST007718,2017-02-08,Organic,0,0
LEAD008388,CUST003403,2017-07-25,Referral,0,0
LEAD008389,CUST000437,2018-04-05,Marketplace,1,0
LEAD008390,CUST002371,2017-02-20,Email,1,0
LEAD008391,CUST003182,2018-04-27,Email,1,1
LEAD008392,CUST008193,2018-03-06,Organic,0,0
LEAD008393,CUST002207,2017-03-03,Email,1,0
LEAD008394,CUST007114,2017-07-23,Paid Search,1,0
LEAD008395,CUST009270,2018-08-02,Referral,1,1
LEAD008396,CUST002996,2017-06-02,Social,0,0
LEAD008397,CUST007756,2017-02-04,Paid Search,0,0
LEAD008398,CUST002775,2018-08-01,Paid Search,1,1
LEAD008399,CUST007965,2018-03-16,Organic,1,1
LEAD008400,CUST006796,2017-02-23,Organic,0,0
LEAD008401,CUST003545,2017-09-21,Email,1,0
LEAD008402,CUST006781,2017-08-15,Marketplace,0,0
LEAD008403,CUST003977,2017-05-22,Referral,1,1
LEAD008404,CUST003680,2017-11-13,Marketplace,0,0
LEAD008405,CUST006791,2017-12-08,Email,0,0
LEAD008406,CUST002775,2017-08-09,Social,0,0
LEAD008407,CUST008718,2018-02-07,Referral,0,0
LEAD008408,CUST005518,2018-06-25,Social,1,0
LEAD008409,CUST007205,2018-03-23,Paid Search,0,0
LEAD008410,CUST009565,2017-10-19,Social,0,0
LEAD008411,CUST002076,2018-09-14,Social,1,0
LEAD008412,CUST003789,2017-08-05,Email,1,0
LEAD008413,CUST004827,2018-03-10,Organic,0,0
LEAD008414,CUST003571,2018-07-31,Organic,0,0
LEAD008415,CUST001929,2017-02-15,Marketplace,0,0
LEAD008416,CUST006776,2017-03-03,Marketplace,1,0
LEAD008417,CUST009625,2017-06-20,Email,1,0
LEAD008418,CUST007894,2018-09-30,Paid Search,0,0
LEAD008419,CUST001114,2017-02-06,Social,0,0
LEAD008420,CUST008334,2017-02-20,Organic,0,0
LEAD008421,CUST001668,2017-09-11,Marketplace,1,0
LEAD008422,CUST001430,2018-08-02,Referral,1,0
LEAD008423,CUST002285,2017-02-07,Referral,1,1
LEAD008424,CUST005458,2018-04-28,Referral,0,0
LEAD008425,CUST000929,2018-05-11,Organic,1,1
LEAD008426,CUST008558,2017-12-20,Organic,1,0
LEAD008427,CUST004780,2018-03-22,Marketplace,0,0
LEAD008428,CUST009627,2017-03-22,Email,0,0
LEAD008429,CUST006734,2017-12-25,Paid Search,0,0
LEAD008430,CUST009775,2017-03-28,Marketplace,1,0
LEAD008431,CUST009234,2018-05-22,Email,0,0
LEAD008432,CUST005543,2018-04-02,Organic,0,0
LEAD008433,CUST001467,2017-02-07,Referral,1,1
LEAD008434,CUST002070,2018-05-29,Paid Search,1,0
LEAD008435,CUST008641,2017-01-20,Email,1,1
LEAD008436,CUST004950,2017-12-27,Social,1,0
LEAD008437,CUST002208,2018-07-04,Referral,0,0
LEAD008438,CUST005590,2018-07-25,Organic,1,0
LEAD008439,CUST001012,2018-08-10,Organic,0,0
LEAD008440,CUST006664,2017-03-01,Social,1,1
LEAD008441,CUST001601,2018-02-19,Marketplace,0,0
LEAD008442,CUST009769,2017-12-23,Paid Search,0,0
LEAD008443,CUST007250,2018-02-05,Marketplace,1,1
LEAD008444,CUST008133,2018-06-30,Referral,0,0
LEAD008445,CUST003693,2018-01-15,Social,1,0
LEAD008446,CUST001458,2017-09-21,Referral,1,0
LEAD008447,CUST008562,2017-05-22,Marketplace,1,0
LEAD008448,CUST001307,2017-05-26,Paid Search,1,1
LEAD008449,CUST009868,2017-11-27,Referral,1,0
LEAD008450,CUST008565,2017-10-01,Paid Search,1,1
LEAD008451,CUST005269,2018-02-14,Paid Search,0,0
LEAD008452,CUST002944,2018-05-20,Email,1,1
LEAD008453,CUST002382,2017-04-09,Email,1,0
LEAD008454,CUST005204,2018-01-31,Organic,0,0
LEAD008455,CUST009039,2017-01-26,Paid Search,1,0
LEAD008456,CUST009482,2018-09-30,Organic,0,0
LEAD008457,CUST002057,2018-02-26,Marketplace,0,0
LEAD008458,CUST005428,2018-07-05,Email,1,0
LEAD008459,CUST003201,2018-06-27,Social,0,0
LEAD008460,CUST006648,2017-11-30,Paid Search,1,0
LEAD008461,CUST005083,2018-05-24,Social,0,0
LEAD008462,CUST005284,2017-09-07,Marketplace,1,1
LEAD008463,CUST008791,2017-10-05,Marketplace,1,0
LEAD008464,CUST000869,2017-08-31,Referral,1,1
LEAD008465,CUST005302,2017-06-14,Email,0,0
LEAD008466,CUST008378,2017-12-26,Email,1,0
LEAD008467,CUST006241,2017-05-06,Paid Search,1,1
LEAD008468,CUST005483,2017-04-11,Referral,1,0
LEAD008469,CUST003018,2017-05-16,Organic,0,0
LEAD008470,CUST004918,2017-09-22,Marketplace,1,0
LEAD008471,CUST007402,2017-01-02,Paid Search,1,1
LEAD008472,CUST007235,2017-06-14,Organic,0,0
LEAD008473,CUST002890,2017-03-27,Paid Search,1,0
LEAD008474,CUST006572,2018-08-28,Paid Search,1,1
LEAD008475,CUST003184,2018-03-31,Marketplace,0,0
LEAD008476,CUST006900,2017-07-16,Referral,1,1
LEAD008477,CUST008807,2017-11-18,Paid Search,0,0
LEAD008478,CUST002021,2017-02-25,Email,1,1
LEAD008479,CUST001601,2018-09-18,Organic,0,0
LEAD008480,CUST009895,2017-04-20,Social,0,0
LEAD008481,CUST003480,2017-10-15,Marketplace,1,0
LEAD008482,CUST005143,2017-06-27,Referral,1,0
LEAD008483,CUST009807,2018-03-09,Marketplace,1,1
LEAD008484,CUST001259,2018-04-14,Email,0,0
LEAD008485,CUST002951,2018-03-24,Organic,1,0
LEAD008486,CUST008726,2017-05-03,Organic,1,0
LEAD008487,CUST001805,2018-04-12,Paid Search,1,0
LEAD008488,CUST002554,2018-05-27,Paid Search,1,1
LEAD008489,CUST001403,2017-07-30,Social,0,0
LEAD008490,CUST008801,2017-08-24,Email,1,1
LEAD008491,CUST001385,2017-07-01,Social,1,0
LEAD008492,CUST009985,2018-05-22,Organic,0,0
LEAD008493,CUST005231,2017-08-29,Email,0,0
LEAD008494,CUST002557,2017-05-02,Referral,1,1
LEAD008495,CUST003043,2017-01-24,Organic,0,0
LEAD008496,CUST001371,2017-04-16,Organic,0,0
LEAD008497,CUST007984,2017-07-14,Paid Search,1,0
LEAD008498,CUST003717,2018-03-30,Marketplace,1,0
LEAD008499,CUST006438,2018-04-03,Email,1,0
LEAD008500,CUST009118,2017-03-10,Marketplace,1,0
LEAD008501,CUST002950,2018-01-03,Organic,1,0
LEAD008502,CUST005371,2017-04-08,Organic,0,0
LEAD008503,CUST007476,2017-09-20,Social,0,0
LEAD008504,CUST003398,2017-06-07,Paid Search,1,1
LEAD008505,CUST003415,2018-04-05,Paid Search,1,1
LEAD008506,CUST000807,2017-11-05,Organic,0,0
LEAD008507,CUST003478,2017-07-30,Referral,1,0
LEAD008508,CUST000318,2017-06-13,Email,1,1
LEAD008509,CUST005461,2017-06-23,Referral,1,1
LEAD008510,CUST003105,2017-01-11,Email,1,0
LEAD008511,CUST005174,2017-02-04,Organic,1,0
LEAD008512,CUST002990,2017-11-21,Social,1,0
LEAD008513,CUST001678,2017-12-20,Referral,1,0
LEAD008514,CUST005584,2017-11-07,Marketplace,1,0
LEAD008515,CUST008700,2017-04-12,Email,0,0
LEAD008516,CUST005986,2018-09-02,Email,1,0
LEAD008517,CUST005927,2018-02-26,Paid Search,1,0
LEAD008518,CUST007475,2017-12-01,Email,0,0
LEAD008519,CUST007179,2017-01-22,Organic,0,0
LEAD008520,CUST009266,2017-04-09,Organic,1,1
LEAD008521,CUST009902,2018-06-01,Email,1,1
LEAD008522,CUST002293,2018-01-15,Paid Search,0,0
LEAD008523,CUST006417,2018-08-24,Marketplace,0,0
LEAD008524,CUST000518,2017-09-12,Organic,0,0
LEAD008525,CUST006231,2017-08-19,Marketplace,0,0
LEAD008526,CUST008334,2017-07-07,Email,1,0
LEAD008527,CUST009181,2017-11-03,Social,1,0
LEAD008528,CUST009286,2018-01-04,Referral,1,0
LEAD008529,CUST005799,2017-03-27,Email,0,0
LEAD008530,CUST005075,2017-04-04,Referral,0,0
LEAD008531,CUST009206,2018-06-26,Referral,0,0
LEAD008532,CUST008892,2017-05-04,Referral,0,0
LEAD008533,CUST009864,2018-04-26,Marketplace,0,0
LEAD008534,CUST006167,2017-04-09,Marketplace,0,0
LEAD008535,CUST003855,2017-04-29,Organic,0,0
LEAD008536,CUST008389,2017-01-03,Paid Search,0,0
LEAD008537,CUST001039,2017-02-27,Paid Search,1,0
LEAD008538,CUST005989,2017-11-30,Paid Search,0,0
LEAD008539,CUST000241,2017-02-17,Organic,0,0
LEAD008540,CUST007876,2018-09-01,Email,1,0
LEAD008541,CUST003536,2017-02-18,Referral,0,0
LEAD008542,CUST007145,2017-11-19,Social,1,1
LEAD008543,CUST001295,2017-08-24,Paid Search,0,0
LEAD008544,CUST000302,2018-04-02,Social,1,1
LEAD008545,CUST001558,2017-10-13,Email,1,1
LEAD008546,CUST003570,2017-12-19,Paid Search,1,0
LEAD008547,CUST005228,2017-04-21,Social,1,0
LEAD008548,CUST002907,2017-05-27,Social,0,0
LEAD008549,CUST009371,2017-02-20,Paid Search,1,0
LEAD008550,CUST008360,2017-03-03,Social,1,1
LEAD008551,CUST002571,2017-04-28,Email,1,0
LEAD008552,CUST003797,2017-10-02,Referral,0,0
LEAD008553,CUST008792,2017-04-26,Marketplace,1,1
LEAD008554,CUST007230,2017-06-17,Paid Search,0,0
LEAD008555,CUST007218,2017-07-25,Marketplace,0,0
LEAD008556,CUST008023,2018-08-30,Marketplace,1,0
LEAD008557,CUST008571,2017-03-26,Social,0,0
LEAD008558,CUST004874,2018-01-09,Marketplace,1,1
LEAD008559,CUST001411,2017-08-23,Paid Search,1,0
LEAD008560,CUST004993,2017-09-21,Marketplace,0,0
LEAD008561,CUST003149,2017-03-29,Marketplace,0,0
LEAD008562,CUST006155,2017-02-14,Referral,0,0
LEAD008563,CUST006474,2017-08-03,Marketplace,1,0
LEAD008564,CUST008561,2017-06-27,Marketplace,1,1
LEAD008565,CUST005007,2018-03-13,Social,0,0
LEAD008566,CUST008286,2017-03-26,Referral,0,0
LEAD008567,CUST001825,2017-02-17,Marketplace,0,0
LEAD008568,CUST002640,2017-07-22,Paid Search,1,0
LEAD008569,CUST005119,2017-02-28,Marketplace,0,0
LEAD008570,CUST006529,2018-09-02,Marketplace,0,0
LEAD008571,CUST004613,2017-07-18,Paid Search,1,1
LEAD008572,CUST002773,2018-05-04,Marketplace,1,0
LEAD008573,CUST005991,2018-07-04,Referral,0,0
LEAD008574,CUST004787,2018-08-11,Marketplace,0,0
LEAD008575,CUST001384,2017-11-06,Email,0,0
LEAD008576,CUST002587,2018-03-21,Organic,0,0
LEAD008577,CUST001951,2017-01-17,Paid Search,0,0
LEAD008578,CUST006308,2018-04-20,Organic,0,0
LEAD008579,CUST001121,2017-04-05,Social,0,0
LEAD008580,CUST006932,2017-03-02,Social,0,0
LEAD008581,CUST003368,2017-11-06,Email,0,0
LEAD008582,CUST001089,2017-04-25,Social,0,0
LEAD008583,CUST002478,2017-11-22,Email,0,0
LEAD008584,CUST003538,2017-03-19,Paid Search,0,0
LEAD008585,CUST007690,2017-07-16,Social,0,0
LEAD008586,CUST007488,2017-05-15,Marketplace,0,0
LEAD008587,CUST002945,2017-02-08,Social,0,0
LEAD008588,CUST006849,2017-08-13,Organic,0,0
LEAD008589,CUST001924,2018-03-21,Paid Search,0,0
LEAD008590,CUST007077,2018-01-09,Marketplace,0,0
LEAD008591,CUST008246,2017-04-04,Referral,1,0
LEAD008592,CUST007237,2018-07-26,Social,0,0
LEAD008593,CUST001081,2018-09-05,Referral,1,1
LEAD008594,CUST006372,2017-12-28,Marketplace,0,0
LEAD008595,CUST005132,2018-04-29,Social,1,1
LEAD008596,CUST002880,2018-03-15,Organic,0,0
LEAD008597,CUST006947,2017-12-08,Paid Search,0,0
LEAD008598,CUST008001,2017-06-19,Social,1,0
LEAD008599,CUST009346,2018-02-14,Organic,1,1
LEAD008600,CUST006711,2017-11-15,Referral,1,0
LEAD008601,CUST008984,2018-01-04,Social,1,1
LEAD008602,CUST009168,2017-12-17,Paid Search,1,1
LEAD008603,CUST000638,2018-04-09,Email,1,0
LEAD008604,CUST002132,2017-12-27,Organic,1,0
LEAD008605,CUST008846,2017-02-01,Organic,1,0
LEAD008606,CUST001758,2018-02-04,Referral,0,0
LEAD008607,CUST000748,2017-09-19,Paid Search,1,1
LEAD008608,CUST004523,2018-02-10,Social,0,0
LEAD008609,CUST007358,2017-11-19,Organic,0,0
LEAD008610,CUST009282,2018-08-17,Paid Search,1,0
LEAD008611,CUST001178,2017-09-05,Email,0,0
LEAD008612,CUST005472,2018-05-28,Social,1,0
LEAD008613,CUST007016,2018-07-02,Social,1,1
LEAD008614,CUST004534,2017-05-05,Paid Search,0,0
LEAD008615,CUST002592,2017-08-03,Marketplace,0,0
LEAD008616,CUST001154,2018-03-13,Paid Search,1,1
LEAD008617,CUST008948,2018-07-16,Email,1,0
LEAD008618,CUST000841,2018-05-16,Email,0,0
LEAD008619,CUST001855,2018-07-20,Organic,0,0
LEAD008620,CUST006252,2017-02-10,Email,1,1
LEAD008621,CUST008701,2017-12-14,Paid Search,0,0
LEAD008622,CUST008706,2017-11-27,Paid Search,1,1
LEAD008623,CUST000965,2017-06-24,Referral,0,0
LEAD008624,CUST003833,2018-08-13,Referral,1,0
LEAD008625,CUST004103,2017-05-28,Marketplace,0,0
LEAD008626,CUST007934,2017-06-15,Email,1,1
LEAD008627,CUST009027,2017-10-31,Paid Search,0,0
LEAD008628,CUST003997,2017-04-17,Social,1,1
LEAD008629,CUST003794,2017-04-15,Referral,0,0
LEAD008630,CUST001164,2017-01-23,Referral,0,0
LEAD008631,CUST005825,2018-01-29,Email,0,0
LEAD008632,CUST007013,2017-12-04,Paid Search,0,0
LEAD008633,CUST009160,2017-04-05,Email,0,0
LEAD008634,CUST004711,2017-10-11,Email,1,0
LEAD008635,CUST006057,2017-01-15,Marketplace,1,1
LEAD008636,CUST002932,2017-06-17,Social,0,0
LEAD008637,CUST006419,2018-02-02,Marketplace,0,0
LEAD008638,CUST006585,2018-05-29,Organic,0,0
LEAD008639,CUST002172,2017-09-12,Organic,0,0
LEAD008640,CUST005171,2018-04-24,Marketplace,0,0
LEAD008641,CUST001680,2017-04-14,Email,1,0
LEAD008642,CUST009705,2017-11-14,Organic,1,0
LEAD008643,CUST007510,2017-08-10,Organic,0,0
LEAD008644,CUST001974,2018-07-10,Referral,0,0
LEAD008645,CUST006074,2017-08-25,Marketplace,0,0
LEAD008646,CUST009994,2018-09-18,Email,1,1
LEAD008647,CUST001373,2017-05-15,Marketplace,1,0
LEAD008648,CUST002755,2017-05-15,Marketplace,0,0
LEAD008649,CUST002699,2017-10-07,Paid Search,1,0
LEAD008650,CUST003825,2018-01-21,Email,0,0
LEAD008651,CUST004103,2017-02-26,Referral,0,0
LEAD008652,CUST002909,2017-02-14,Referral,0,0
LEAD008653,CUST000184,2017-07-31,Paid Search,1,0
LEAD008654,CUST007033,2017-01-09,Marketplace,0,0
LEAD008655,CUST007803,2017-03-12,Marketplace,0,0
LEAD008656,CUST005706,2017-01-12,Organic,1,1
LEAD008657,CUST002261,2018-05-21,Organic,1,0
LEAD008658,CUST003710,2017-11-10,Referral,1,1
LEAD008659,CUST001108,2017-02-01,Paid Search,1,1
LEAD008660,CUST004228,2018-08-11,Referral,0,0
LEAD008661,CUST004264,2018-03-11,Organic,0,0
LEAD008662,CUST007456,2017-12-05,Organic,1,0
LEAD008663,CUST002210,2018-06-06,Social,1,0
LEAD008664,CUST009517,2018-03-22,Paid Search,1,0
LEAD008665,CUST008358,2018-05-30,Organic,1,0
LEAD008666,CUST002019,2017-04-28,Paid Search,1,1
LEAD008667,CUST000972,2017-10-10,Marketplace,0,0
LEAD008668,CUST001732,2017-10-16,Referral,0,0
LEAD008669,CUST009973,2018-07-29,Email,0,0
LEAD008670,CUST009215,2017-05-29,Referral,0,0
LEAD008671,CUST004049,2017-03-19,Referral,1,0
LEAD008672,CUST000765,2017-09-06,Paid Search,0,0
LEAD008673,CUST007966,2017-04-29,Referral,0,0
LEAD008674,CUST002772,2018-07-29,Organic,1,0
LEAD008675,CUST000736,2017-07-26,Marketplace,0,0
LEAD008676,CUST009464,2017-09-09,Paid Search,1,0
LEAD008677,CUST001196,2017-11-14,Marketplace,1,1
LEAD008678,CUST008801,2017-11-27,Email,0,0
LEAD008679,CUST001281,2018-08-12,Organic,1,0
LEAD008680,CUST008169,2018-01-16,Organic,1,1
LEAD008681,CUST008647,2017-05-23,Paid Search,1,0
LEAD008682,CUST008227,2017-05-17,Marketplace,1,0
LEAD008683,CUST009488,2017-06-21,Marketplace,0,0
LEAD008684,CUST000565,2017-11-30,Referral,1,0
LEAD008685,CUST007232,2017-07-02,Paid Search,0,0
LEAD008686,CUST005989,2017-04-06,Email,0,0
LEAD008687,CUST009942,2018-03-31,Email,1,0
LEAD008688,CUST001757,2017-03-19,Referral,0,0
LEAD008689,CUST008350,2017-01-28,Referral,0,0
LEAD008690,CUST002134,2018-02-04,Paid Search,0,0
LEAD008691,CUST009621,2017-04-13,Marketplace,0,0
LEAD008692,CUST007377,2018-07-15,Paid Search,1,1
LEAD008693,CUST004767,2018-04-16,Social,1,0
LEAD008694,CUST002462,2017-07-06,Social,0,0
LEAD008695,CUST003149,2017-05-22,Paid Search,0,0
LEAD008696,CUST007676,2018-07-26,Social,1,1
LEAD008697,CUST006963,2018-05-31,Organic,0,0
LEAD008698,CUST004869,2017-06-19,Email,1,1
LEAD008699,CUST009127,2017-08-16,Organic,0,0
LEAD008700,CUST003675,2017-05-17,Marketplace,0,0
LEAD008701,CUST006368,2017-07-26,Organic,1,0
LEAD008702,CUST002259,2017-03-27,Marketplace,1,0
LEAD008703,CUST002925,2018-07-30,Email,1,0
LEAD008704,CUST000102,2018-04-10,Referral,0,0
LEAD008705,CUST005625,2018-07-22,Paid Search,1,0
LEAD008706,CUST006912,2018-01-07,Referral,1,0
LEAD008707,CUST002116,2018-04-05,Marketplace,1,0
LEAD008708,CUST000281,2017-05-15,Marketplace,1,0
LEAD008709,CUST002389,2017-08-23,Referral,1,0
LEAD008710,CUST004869,2017-09-29,Organic,0,0
LEAD008711,CUST007339,2017-11-01,Marketplace,0,0
LEAD008712,CUST002044,2018-03-09,Marketplace,0,0
LEAD008713,CUST003569,2018-03-02,Marketplace,0,0
LEAD008714,CUST006485,2017-09-12,Marketplace,0,0
LEAD008715,CUST001499,2018-03-27,Organic,0,0
LEAD008716,CUST002532,2018-02-12,Organic,1,1
LEAD008717,CUST003950,2017-01-07,Organic,1,0
LEAD008718,CUST001421,2018-02-03,Email,0,0
LEAD008719,CUST001207,2018-03-25,Paid Search,0,0
LEAD008720,CUST005085,2018-01-22,Organic,0,0
LEAD008721,CUST003468,2017-02-17,Email,1,1
LEAD008722,CUST004505,2017-08-29,Marketplace,1,1
LEAD008723,CUST008401,2017-01-12,Organic,1,1
LEAD008724,CUST007321,2018-02-18,Organic,1,1
LEAD008725,CUST006844,2017-04-14,Social,1,0
LEAD008726,CUST005229,2017-05-18,Marketplace,0,0
LEAD008727,CUST007100,2018-05-11,Paid Search,0,0
LEAD008728,CUST000741,2017-05-29,Paid Search,0,0
LEAD008729,CUST005717,2017-09-15,Paid Search,1,0
LEAD008730,CUST000817,2018-07-14,Referral,1,1
LEAD008731,CUST003080,2018-03-28,Paid Search,0,0
LEAD008732,CUST002848,2018-07-22,Marketplace,1,0
LEAD008733,CUST009405,2018-02-07,Organic,0,0
LEAD008734,CUST003864,2017-05-28,Email,1,0
LEAD008735,CUST005679,2018-04-01,Social,1,0
LEAD008736,CUST005131,2018-01-24,Organic,1,0
LEAD008737,CUST003466,2018-04-05,Paid Search,0,0
LEAD008738,CUST009983,2018-09-14,Email,1,0
LEAD008739,CUST004851,2018-01-01,Paid Search,0,0
LEAD008740,CUST001078,2017-02-20,Social,1,1
LEAD008741,CUST006326,2017-10-30,Paid Search,0,0
LEAD008742,CUST004534,2017-12-16,Organic,1,0
LEAD008743,CUST008069,2018-04-28,Referral,0,0
LEAD008744,CUST007513,2017-12-05,Referral,0,0
LEAD008745,CUST000728,2017-04-12,Marketplace,0,0
LEAD008746,CUST001443,2017-08-11,Email,0,0
LEAD008747,CUST004317,2018-05-20,Paid Search,0,0
LEAD008748,CUST003455,2018-08-13,Social,1,0
LEAD008749,CUST007730,2018-01-30,Referral,0,0
LEAD008750,CUST003280,2018-08-31,Social,1,0
LEAD008751,CUST006777,2017-10-26,Referral,1,0
LEAD008752,CUST007494,2017-04-09,Paid Search,1,0
LEAD008753,CUST006899,2017-02-15,Email,0,0
LEAD008754,CUST001391,2017-08-05,Social,1,1
LEAD008755,CUST001788,2017-08-09,Social,0,0
LEAD008756,CUST003257,2018-09-30,Email,1,1
LEAD008757,CUST008552,2018-02-23,Paid Search,0,0
LEAD008758,CUST000416,2017-04-10,Marketplace,1,0
LEAD008759,CUST008710,2018-07-22,Social,1,0
LEAD008760,CUST005606,2018-06-11,Marketplace,1,0
LEAD008761,CUST007077,2017-02-13,Referral,1,0
LEAD008762,CUST000550,2017-12-05,Email,0,0
LEAD008763,CUST009451,2018-05-24,Marketplace,1,0
LEAD008764,CUST000582,2017-03-30,Paid Search,1,1
LEAD008765,CUST004924,2018-08-19,Organic,1,1
LEAD008766,CUST008748,2018-09-04,Organic,1,0
LEAD008767,CUST003406,2017-12-24,Organic,1,1
LEAD008768,CUST001533,2018-07-03,Referral,0,0
LEAD008769,CUST002147,2017-12-18,Organic,0,0
LEAD008770,CUST008418,2017-04-01,Marketplace,0,0
LEAD008771,CUST008402,2017-02-03,Marketplace,0,0
LEAD008772,CUST001762,2017-09-24,Email,1,0
LEAD008773,CUST002734,2017-04-27,Paid Search,0,0
LEAD008774,CUST006674,2017-11-29,Referral,0,0
LEAD008775,CUST004659,2018-05-24,Referral,0,0
LEAD008776,CUST000964,2018-07-03,Email,1,0
LEAD008777,CUST006052,2018-02-04,Referral,1,0
LEAD008778,CUST001891,2018-06-10,Email,1,0
LEAD008779,CUST003223,2017-03-19,Email,1,1
LEAD008780,CUST007083,2017-10-14,Referral,1,0
LEAD008781,CUST003238,2018-07-10,Email,1,0
LEAD008782,CUST003476,2018-02-16,Marketplace,1,0
LEAD008783,CUST006005,2017-06-17,Marketplace,1,0
LEAD008784,CUST003477,2018-08-29,Organic,1,0
LEAD008785,CUST004418,2017-01-25,Paid Search,1,1
LEAD008786,CUST008864,2018-05-07,Marketplace,1,0
LEAD008787,CUST006325,2017-06-29,Referral,1,1
LEAD008788,CUST003247,2018-09-24,Email,0,0
LEAD008789,CUST005902,2018-02-27,Email,1,1
LEAD008790,CUST009310,2017-07-13,Paid Search,1,0
LEAD008791,CUST001196,2018-03-14,Email,0,0
LEAD008792,CUST007909,2018-02-19,Organic,1,0
LEAD008793,CUST005763,2017-10-24,Organic,1,1
LEAD008794,CUST003360,2017-07-20,Paid Search,0,0
LEAD008795,CUST003158,2017-04-01,Marketplace,1,1
LEAD008796,CUST002495,2018-02-07,Referral,1,0
LEAD008797,CUST003366,2017-02-11,Referral,1,0
LEAD008798,CUST001141,2017-10-04,Social,0,0
LEAD008799,CUST006012,2017-01-12,Email,1,0
LEAD008800,CUST007240,2018-06-19,Organic,0,0
LEAD008801,CUST004290,2017-08-17,Organic,1,0
LEAD008802,CUST001581,2018-02-14,Social,0,0
LEAD008803,CUST005150,2018-08-16,Organic,0,0
LEAD008804,CUST002909,2018-08-20,Marketplace,0,0
LEAD008805,CUST007671,2017-03-23,Referral,1,0
LEAD008806,CUST007458,2017-12-11,Social,0,0
LEAD008807,CUST000429,2017-06-22,Organic,1,1
LEAD008808,CUST003456,2018-03-10,Marketplace,0,0
LEAD008809,CUST004833,2018-08-10,Referral,1,0
LEAD008810,CUST008826,2018-09-18,Email,1,1
LEAD008811,CUST004934,2017-10-21,Marketplace,0,0
LEAD008812,CUST008890,2018-05-09,Paid Search,1,0
LEAD008813,CUST008138,2017-03-21,Organic,1,0
LEAD008814,CUST002192,2017-10-07,Organic,1,1
LEAD008815,CUST008193,2017-10-20,Email,1,1
LEAD008816,CUST005006,2017-05-25,Email,0,0
LEAD008817,CUST000948,2018-01-24,Email,0,0
LEAD008818,CUST004327,2018-03-07,Social,1,0
LEAD008819,CUST002571,2018-07-11,Referral,1,0
LEAD008820,CUST008507,2018-05-05,Organic,1,0
LEAD008821,CUST004090,2017-12-03,Referral,0,0
LEAD008822,CUST005863,2017-09-04,Marketplace,1,1
LEAD008823,CUST006528,2018-06-16,Organic,0,0
LEAD008824,CUST007053,2018-08-15,Paid Search,1,0
LEAD008825,CUST004850,2018-05-13,Organic,0,0
LEAD008826,CUST009733,2018-03-28,Paid Search,1,1
LEAD008827,CUST003167,2017-08-13,Paid Search,1,0
LEAD008828,CUST004946,2018-04-21,Social,0,0
LEAD008829,CUST008430,2018-05-26,Marketplace,0,0
LEAD008830,CUST004055,2017-03-09,Marketplace,0,0
LEAD008831,CUST009911,2018-02-17,Email,0,0
LEAD008832,CUST001964,2017-05-15,Social,0,0
LEAD008833,CUST001871,2017-06-17,Referral,0,0
LEAD008834,CUST004570,2018-05-13,Social,1,0
LEAD008835,CUST000119,2018-01-29,Paid Search,1,1
LEAD008836,CUST003039,2017-07-19,Referral,1,0
LEAD008837,CUST006495,2017-02-17,Referral,0,0
LEAD008838,CUST001325,2018-06-06,Marketplace,1,1
LEAD008839,CUST006292,2017-07-15,Marketplace,0,0
LEAD008840,CUST005016,2017-03-09,Referral,0,0
LEAD008841,CUST006203,2017-03-17,Paid Search,1,0
LEAD008842,CUST004533,2017-10-13,Organic,1,0
LEAD008843,CUST007666,2017-12-23,Email,1,0
LEAD008844,CUST009952,2017-06-22,Social,0,0
LEAD008845,CUST008288,2017-10-26,Organic,0,0
LEAD008846,CUST001382,2017-06-11,Email,0,0
LEAD008847,CUST002570,2017-11-16,Referral,1,0
LEAD008848,CUST008942,2017-11-10,Email,1,1
LEAD008849,CUST006056,2017-03-18,Social,0,0
LEAD008850,CUST006901,2018-05-16,Referral,1,0
LEAD008851,CUST004205,2017-09-05,Social,1,1
LEAD008852,CUST002387,2018-08-20,Organic,1,0
LEAD008853,CUST009744,2017-02-14,Marketplace,1,0
LEAD008854,CUST003341,2018-09-16,Marketplace,1,0
LEAD008855,CUST004831,2017-03-10,Marketplace,1,1
LEAD008856,CUST009485,2018-01-12,Email,1,0
LEAD008857,CUST000069,2017-04-17,Paid Search,0,0
LEAD008858,CUST007454,2017-02-26,Marketplace,1,0
LEAD008859,CUST004312,2017-07-20,Marketplace,0,0
LEAD008860,CUST006619,2018-05-20,Email,1,0
LEAD008861,CUST009735,2017-10-16,Marketplace,0,0
LEAD008862,CUST004924,2018-07-27,Marketplace,1,0
LEAD008863,CUST009211,2018-03-28,Email,0,0
LEAD008864,CUST009624,2017-04-24,Marketplace,1,1
LEAD008865,CUST003370,2018-02-14,Referral,1,0
LEAD008866,CUST005462,2017-01-08,Social,1,0
LEAD008867,CUST009214,2017-02-03,Paid Search,1,0
LEAD008868,CUST001444,2017-10-14,Social,0,0
LEAD008869,CUST001590,2018-08-07,Marketplace,1,0
LEAD008870,CUST000722,2017-11-22,Email,0,0
LEAD008871,CUST009029,2018-02-03,Organic,0,0
LEAD008872,CUST002889,2018-07-15,Referral,1,0
LEAD008873,CUST001588,2018-02-03,Marketplace,0,0
LEAD008874,CUST004531,2018-07-29,Email,1,0
LEAD008875,CUST000771,2018-03-20,Organic,1,0
LEAD008876,CUST007553,2017-01-01,Organic,1,0
LEAD008877,CUST004229,2017-08-19,Organic,1,0
LEAD008878,CUST002629,2017-12-19,Referral,0,0
LEAD008879,CUST000224,2017-06-16,Marketplace,1,0
LEAD008880,CUST000198,2017-12-22,Paid Search,0,0
LEAD008881,CUST004727,2017-11-07,Email,1,1
LEAD008882,CUST006443,2018-06-23,Email,0,0
LEAD008883,CUST000151,2018-06-26,Marketplace,1,0
LEAD008884,CUST009653,2017-10-28,Email,1,1
LEAD008885,CUST006611,2018-04-08,Organic,0,0
LEAD008886,CUST006856,2017-11-06,Social,0,0
LEAD008887,CUST003633,2017-06-27,Referral,0,0
LEAD008888,CUST006195,2017-09-03,Organic,1,1
LEAD008889,CUST001095,2017-03-31,Referral,0,0
LEAD008890,CUST004323,2018-08-30,Organic,0,0
LEAD008891,CUST001794,2018-06-25,Email,0,0
LEAD008892,CUST004765,2017-10-03,Organic,1,1
LEAD008893,CUST005270,2018-05-23,Social,0,0
LEAD008894,CUST001940,2017-10-19,Marketplace,0,0
LEAD008895,CUST002419,2018-05-18,Referral,0,0
LEAD008896,CUST008122,2018-07-09,Email,1,0
LEAD008897,CUST004000,2017-09-17,Marketplace,0,0
LEAD008898,CUST009872,2018-01-03,Social,1,1
LEAD008899,CUST005156,2018-07-18,Paid Search,0,0
LEAD008900,CUST009080,2017-07-04,Email,1,0
LEAD008901,CUST001904,2017-12-10,Referral,0,0
LEAD008902,CUST007583,2017-04-08,Social,1,1
LEAD008903,CUST009663,2017-04-23,Paid Search,0,0
LEAD008904,CUST004260,2018-05-28,Referral,1,0
LEAD008905,CUST002927,2018-09-29,Organic,0,0
LEAD008906,CUST005710,2018-04-13,Marketplace,0,0
LEAD008907,CUST005998,2017-05-24,Referral,1,0
LEAD008908,CUST002844,2017-08-16,Email,1,1
LEAD008909,CUST004790,2018-02-05,Marketplace,1,1
LEAD008910,CUST003200,2017-05-06,Social,1,1
LEAD008911,CUST009986,2017-08-21,Marketplace,0,0
LEAD008912,CUST000809,2018-06-08,Email,0,0
LEAD008913,CUST000397,2018-02-16,Marketplace,0,0
LEAD008914,CUST008496,2018-09-18,Email,0,0
LEAD008915,CUST002511,2018-09-12,Paid Search,1,1
LEAD008916,CUST006595,2017-09-05,Paid Search,1,0
LEAD008917,CUST005649,2017-03-04,Organic,0,0
LEAD008918,CUST008817,2018-03-17,Organic,0,0
LEAD008919,CUST006999,2017-12-25,Referral,1,1
LEAD008920,CUST006370,2017-11-15,Referral,1,1
LEAD008921,CUST002430,2018-01-02,Social,1,0
LEAD008922,CUST006582,2018-09-24,Paid Search,1,0
LEAD008923,CUST002836,2018-09-19,Email,0,0
LEAD008924,CUST003622,2018-05-19,Referral,1,0
LEAD008925,CUST005190,2018-04-23,Social,1,0
LEAD008926,CUST005374,2017-01-30,Paid Search,0,0
LEAD008927,CUST000952,2018-07-04,Organic,0,0
LEAD008928,CUST002281,2018-01-05,Marketplace,1,0
LEAD008929,CUST004560,2018-03-29,Referral,1,0
LEAD008930,CUST006830,2018-03-27,Marketplace,0,0
LEAD008931,CUST004769,2018-06-22,Social,0,0
LEAD008932,CUST000417,2017-12-02,Email,0,0
LEAD008933,CUST003208,2017-04-26,Email,0,0
LEAD008934,CUST000256,2017-06-08,Organic,1,0
LEAD008935,CUST008699,2018-08-21,Paid Search,0,0
LEAD008936,CUST004560,2018-04-23,Marketplace,1,1
LEAD008937,CUST008785,2018-04-16,Referral,1,1
LEAD008938,CUST006712,2017-04-15,Email,0,0
LEAD008939,CUST008439,2017-01-02,Social,1,0
LEAD008940,CUST001248,2018-07-21,Referral,1,0
LEAD008941,CUST001064,2017-12-30,Paid Search,0,0
LEAD008942,CUST008170,2018-03-03,Marketplace,1,0
LEAD008943,CUST003564,2017-06-17,Marketplace,1,1
LEAD008944,CUST000753,2017-09-29,Referral,1,0
LEAD008945,CUST005808,2017-02-05,Social,0,0
LEAD008946,CUST008171,2018-09-28,Social,1,0
LEAD008947,CUST009661,2018-05-21,Marketplace,1,0
LEAD008948,CUST003771,2018-05-29,Email,1,1
LEAD008949,CUST000068,2017-10-11,Referral,0,0
LEAD008950,CUST003545,2017-11-19,Social,0,0
LEAD008951,CUST000264,2017-07-09,Organic,1,1
LEAD008952,CUST005172,2018-01-31,Marketplace,0,0
LEAD008953,CUST005342,2017-02-08,Social,0,0
LEAD008954,CUST002019,2017-05-27,Email,1,0
LEAD008955,CUST001365,2017-04-26,Social,0,0
LEAD008956,CUST000238,2018-04-09,Social,1,0
LEAD008957,CUST009332,2017-04-07,Organic,1,1
LEAD008958,CUST000253,2018-02-11,Referral,1,0
LEAD008959,CUST003822,2017-11-20,Social,1,0
LEAD008960,CUST007248,2017-03-30,Marketplace,0,0
LEAD008961,CUST007861,2017-05-28,Marketplace,1,0
LEAD008962,CUST001399,2018-02-15,Organic,0,0
LEAD008963,CUST000886,2018-09-05,Referral,0,0
LEAD008964,CUST001431,2017-01-30,Organic,0,0
LEAD008965,CUST002409,2018-03-23,Organic,1,1
LEAD008966,CUST009492,2018-01-22,Referral,0,0
LEAD008967,CUST006069,2018-08-08,Paid Search,0,0
LEAD008968,CUST006830,2017-06-01,Paid Search,0,0
LEAD008969,CUST009389,2017-04-20,Organic,1,1
LEAD008970,CUST002592,2017-08-06,Paid Search,0,0
LEAD008971,CUST006188,2018-08-21,Social,0,0
LEAD008972,CUST005752,2018-04-16,Marketplace,0,0
LEAD008973,CUST005591,2017-05-24,Organic,0,0
LEAD008974,CUST006929,2017-02-11,Marketplace,0,0
LEAD008975,CUST002650,2017-03-09,Social,1,1
LEAD008976,CUST006355,2017-01-22,Paid Search,0,0
LEAD008977,CUST000752,2018-05-22,Referral,1,0
LEAD008978,CUST001329,2017-07-19,Email,0,0
LEAD008979,CUST000534,2017-01-12,Referral,0,0
LEAD008980,CUST004768,2017-08-17,Social,1,1
LEAD008981,CUST001719,2017-06-02,Marketplace,0,0
LEAD008982,CUST000967,2017-06-01,Social,1,0
LEAD008983,CUST007532,2018-01-12,Marketplace,0,0
LEAD008984,CUST001189,2018-02-04,Referral,0,0
LEAD008985,CUST008004,2017-05-19,Social,0,0
LEAD008986,CUST006437,2018-05-25,Marketplace,0,0
LEAD008987,CUST007610,2018-09-06,Referral,1,0
LEAD008988,CUST009425,2017-10-07,Marketplace,1,0
LEAD008989,CUST008579,2018-08-14,Social,0,0
LEAD008990,CUST001010,2018-02-10,Email,1,1
LEAD008991,CUST003238,2018-08-02,Social,1,0
LEAD008992,CUST009094,2017-08-28,Organic,1,0
LEAD008993,CUST004067,2018-07-15,Paid Search,1,0
LEAD008994,CUST003580,2017-12-09,Referral,0,0
LEAD008995,CUST006163,2017-06-10,Marketplace,1,0
LEAD008996,CUST009129,2017-08-10,Email,1,1
LEAD008997,CUST001051,2018-06-04,Email,1,0
LEAD008998,CUST007551,2018-01-31,Marketplace,1,0
LEAD008999,CUST001143,2017-05-11,Paid Search,1,0
LEAD009000,CUST004965,2017-06-24,Organic,1,0
LEAD009001,CUST001167,2018-08-16,Organic,0,0
LEAD009002,CUST000942,2017-12-26,Organic,0,0
LEAD009003,CUST005091,2018-05-28,Paid Search,0,0
LEAD009004,CUST001430,2017-07-15,Email,1,0
LEAD009005,CUST002213,2018-02-27,Paid Search,1,1
LEAD009006,CUST003921,2018-04-30,Email,1,1
LEAD009007,CUST006582,2017-01-18,Paid Search,1,0
LEAD009008,CUST009265,2018-08-31,Social,0,0
LEAD009009,CUST002501,2017-06-19,Organic,1,1
LEAD009010,CUST001220,2018-06-29,Paid Search,0,0
LEAD009011,CUST009662,2017-06-21,Email,0,0
LEAD009012,CUST002969,2017-09-10,Organic,0,0
LEAD009013,CUST001658,2017-10-18,Social,0,0
LEAD009014,CUST007029,2018-02-27,Organic,1,1
LEAD009015,CUST003582,2017-12-29,Organic,1,0
LEAD009016,CUST002376,2018-06-13,Email,1,1
LEAD009017,CUST004769,2017-10-17,Marketplace,0,0
LEAD009018,CUST009838,2018-09-18,Referral,1,0
LEAD009019,CUST002772,2017-10-18,Social,1,1
LEAD009020,CUST004115,2017-11-12,Social,0,0
LEAD009021,CUST002103,2018-05-28,Marketplace,0,0
LEAD009022,CUST009261,2017-07-12,Referral,1,0
LEAD009023,CUST007692,2017-08-13,Email,0,0
LEAD009024,CUST006798,2018-06-17,Social,1,0
LEAD009025,CUST008087,2018-09-09,Social,1,1
LEAD009026,CUST000021,2017-11-28,Referral,0,0
LEAD009027,CUST000092,2018-02-28,Organic,1,1
LEAD009028,CUST006439,2017-04-17,Paid Search,0,0
LEAD009029,CUST008886,2017-06-26,Social,1,0
LEAD009030,CUST004423,2018-07-22,Email,1,0
LEAD009031,CUST007015,2017-03-22,Marketplace,0,0
LEAD009032,CUST009155,2017-08-04,Referral,1,0
LEAD009033,CUST001599,2018-07-31,Organic,1,1
LEAD009034,CUST003254,2017-01-21,Social,1,0
LEAD009035,CUST002225,2017-04-05,Paid Search,1,0
LEAD009036,CUST002488,2018-02-03,Organic,0,0
LEAD009037,CUST001439,2017-12-09,Organic,1,1
LEAD009038,CUST002548,2017-11-11,Social,1,1
LEAD009039,CUST008132,2017-10-03,Referral,0,0
LEAD009040,CUST002991,2018-05-19,Organic,1,0
LEAD009041,CUST008331,2017-05-11,Marketplace,1,1
LEAD009042,CUST007260,2018-09-11,Referral,1,0
LEAD009043,CUST005918,2017-05-31,Social,1,0
LEAD009044,CUST008795,2018-07-28,Social,0,0
LEAD009045,CUST001808,2017-01-26,Referral,1,1
LEAD009046,CUST000484,2018-03-25,Email,0,0
LEAD009047,CUST004560,2018-07-09,Email,1,0
LEAD009048,CUST002426,2017-04-23,Social,0,0
LEAD009049,CUST004295,2017-05-18,Paid Search,0,0
LEAD009050,CUST005600,2017-08-01,Paid Search,0,0
LEAD009051,CUST001088,2017-04-10,Email,0,0
LEAD009052,CUST000276,2017-04-13,Referral,1,1
LEAD009053,CUST001692,2018-01-21,Social,0,0
LEAD009054,CUST000941,2017-05-02,Referral,0,0
LEAD009055,CUST005752,2018-01-20,Social,1,1
LEAD009056,CUST008684,2018-06-29,Organic,1,0
LEAD009057,CUST003548,2017-12-28,Referral,0,0
LEAD009058,CUST002068,2017-07-20,Social,0,0
LEAD009059,CUST002004,2017-06-15,Paid Search,0,0
LEAD009060,CUST001780,2017-06-25,Organic,0,0
LEAD009061,CUST000981,2018-03-31,Paid Search,0,0
LEAD009062,CUST005725,2018-04-14,Organic,0,0
LEAD009063,CUST001244,2017-12-11,Paid Search,1,0
LEAD009064,CUST005076,2018-07-04,Referral,0,0
LEAD009065,CUST002350,2017-03-05,Paid Search,1,0
LEAD009066,CUST007153,2017-11-14,Referral,1,1
LEAD009067,CUST000215,2017-02-08,Referral,0,0
LEAD009068,CUST005990,2017-04-29,Referral,0,0
LEAD009069,CUST008160,2017-03-12,Organic,0,0
LEAD009070,CUST005654,2018-09-18,Organic,1,0
LEAD009071,CUST003115,2017-06-08,Social,1,1
LEAD009072,CUST009647,2017-05-11,Paid Search,0,0
LEAD009073,CUST000019,2018-06-06,Email,0,0
LEAD009074,CUST007212,2017-09-04,Social,0,0
LEAD009075,CUST000712,2018-09-05,Paid Search,0,0
LEAD009076,CUST009660,2017-07-22,Social,0,0
LEAD009077,CUST009240,2017-03-22,Social,1,0
LEAD009078,CUST004583,2018-03-27,Marketplace,1,0
LEAD009079,CUST006733,2018-07-06,Email,1,0
LEAD009080,CUST000368,2018-07-14,Email,1,0
LEAD009081,CUST007094,2017-04-16,Social,0,0
LEAD009082,CUST005880,2017-05-17,Social,0,0
LEAD009083,CUST005155,2017-03-17,Email,0,0
LEAD009084,CUST002363,2018-04-14,Organic,0,0
LEAD009085,CUST003158,2018-08-09,Email,1,0
LEAD009086,CUST004868,2018-07-19,Organic,0,0
LEAD009087,CUST005260,2018-07-18,Referral,1,0
LEAD009088,CUST009600,2017-01-22,Referral,1,0
LEAD009089,CUST000963,2018-07-01,Referral,1,1
LEAD009090,CUST005482,2018-07-28,Marketplace,1,1
LEAD009091,CUST000138,2018-01-19,Organic,0,0
LEAD009092,CUST005865,2017-05-08,Marketplace,0,0
LEAD009093,CUST004034,2017-05-05,Organic,1,1
LEAD009094,CUST008303,2018-05-02,Organic,0,0
LEAD009095,CUST000755,2018-09-08,Email,1,0
LEAD009096,CUST006790,2018-03-24,Marketplace,1,0
LEAD009097,CUST008475,2017-08-11,Referral,1,1
LEAD009098,CUST000679,2017-11-30,Paid Search,0,0
LEAD009099,CUST004285,2018-03-06,Organic,1,0
LEAD009100,CUST005587,2017-11-11,Organic,0,0
LEAD009101,CUST007034,2018-04-06,Paid Search,0,0
LEAD009102,CUST000520,2017-05-15,Paid Search,0,0
LEAD009103,CUST001597,2017-08-02,Paid Search,0,0
LEAD009104,CUST002895,2018-01-15,Organic,1,0
LEAD009105,CUST003996,2017-03-30,Referral,0,0
LEAD009106,CUST009808,2017-12-31,Marketplace,0,0
LEAD009107,CUST000593,2017-10-18,Email,1,0
LEAD009108,CUST008179,2018-03-14,Paid Search,1,0
LEAD009109,CUST007330,2017-08-02,Organic,1,0
LEAD009110,CUST000617,2018-09-30,Referral,0,0
LEAD009111,CUST005966,2018-08-23,Paid Search,0,0
LEAD009112,CUST004926,2017-08-18,Organic,0,0
LEAD009113,CUST008055,2017-06-04,Social,1,1
LEAD009114,CUST008578,2017-10-17,Paid Search,1,1
LEAD009115,CUST009191,2017-04-05,Social,1,0
LEAD009116,CUST007292,2018-05-17,Paid Search,1,0
LEAD009117,CUST003227,2017-03-29,Email,0,0
LEAD009118,CUST001234,2018-08-27,Paid Search,1,1
LEAD009119,CUST006490,2018-03-10,Referral,1,0
LEAD009120,CUST008406,2017-06-23,Paid Search,0,0
LEAD009121,CUST007531,2017-04-19,Paid Search,0,0
LEAD009122,CUST003185,2017-07-07,Marketplace,0,0
LEAD009123,CUST004815,2018-04-28,Marketplace,1,0
LEAD009124,CUST000219,2018-01-29,Organic,0,0
LEAD009125,CUST007626,2017-02-21,Paid Search,1,0
LEAD009126,CUST001084,2017-11-26,Paid Search,0,0
LEAD009127,CUST002055,2017-11-04,Social,0,0
LEAD009128,CUST008360,2017-04-12,Email,0,0
LEAD009129,CUST001093,2018-09-23,Organic,1,0
LEAD009130,CUST003569,2018-09-27,Organic,1,0
LEAD009131,CUST006372,2017-07-25,Marketplace,1,1
LEAD009132,CUST004164,2017-06-22,Referral,0,0
LEAD009133,CUST004628,2017-12-19,Referral,1,0
LEAD009134,CUST008573,2018-07-09,Paid Search,0,0
LEAD009135,CUST006535,2017-11-20,Referral,1,0
LEAD009136,CUST004308,2018-05-18,Organic,0,0
LEAD009137,CUST008457,2017-04-25,Marketplace,0,0
LEAD009138,CUST003689,2018-05-13,Marketplace,0,0
LEAD009139,CUST004597,2017-05-01,Email,1,1
LEAD009140,CUST003982,2017-03-10,Paid Search,0,0
LEAD009141,CUST004164,2017-01-26,Organic,1,0
LEAD009142,CUST003314,2017-09-01,Marketplace,1,0
LEAD009143,CUST008159,2018-03-18,Organic,0,0
LEAD009144,CUST006991,2017-07-13,Marketplace,1,0
LEAD009145,CUST000338,2017-02-10,Referral,1,0
LEAD009146,CUST007374,2018-07-23,Paid Search,0,0
LEAD009147,CUST009975,2018-03-20,Referral,0,0
LEAD009148,CUST009616,2018-03-14,Paid Search,1,0
LEAD009149,CUST006399,2017-11-26,Organic,0,0
LEAD009150,CUST001631,2017-07-05,Organic,1,0
LEAD009151,CUST002803,2018-05-31,Organic,1,0
LEAD009152,CUST002017,2017-05-30,Email,0,0
LEAD009153,CUST009233,2018-05-06,Email,1,0
LEAD009154,CUST008512,2018-08-19,Referral,1,0
LEAD009155,CUST001932,2018-08-21,Social,1,0
LEAD009156,CUST005205,2018-04-13,Email,0,0
LEAD009157,CUST007703,2018-09-17,Paid Search,0,0
LEAD009158,CUST000895,2017-12-23,Paid Search,1,1
LEAD009159,CUST007112,2018-09-05,Referral,1,0
LEAD009160,CUST002286,2018-03-18,Referral,1,0
LEAD009161,CUST002122,2017-01-21,Social,1,0
LEAD009162,CUST007739,2018-08-31,Paid Search,1,0
LEAD009163,CUST008488,2018-09-14,Social,1,1
LEAD009164,CUST005234,2018-09-27,Paid Search,0,0
LEAD009165,CUST006907,2017-06-24,Organic,0,0
LEAD009166,CUST009171,2017-10-29,Marketplace,1,0
LEAD009167,CUST008153,2018-09-22,Paid Search,1,0
LEAD009168,CUST008579,2018-02-23,Social,1,0
LEAD009169,CUST003814,2018-04-04,Paid Search,0,0
LEAD009170,CUST008620,2018-08-31,Marketplace,0,0
LEAD009171,CUST004456,2017-09-01,Organic,1,1
LEAD009172,CUST000599,2018-03-21,Social,1,0
LEAD009173,CUST000860,2018-04-24,Marketplace,0,0
LEAD009174,CUST006188,2017-09-02,Organic,0,0
LEAD009175,CUST006375,2017-02-22,Organic,0,0
LEAD009176,CUST007624,2017-09-24,Email,1,0
LEAD009177,CUST005506,2018-02-22,Paid Search,0,0
LEAD009178,CUST004181,2018-09-17,Organic,1,1
LEAD009179,CUST003037,2018-01-07,Organic,1,1
LEAD009180,CUST007651,2017-11-05,Organic,0,0
LEAD009181,CUST008104,2018-05-05,Marketplace,1,0
LEAD009182,CUST003003,2017-12-02,Marketplace,0,0
LEAD009183,CUST003883,2017-08-27,Organic,0,0
LEAD009184,CUST003486,2018-03-15,Email,1,1
LEAD009185,CUST001974,2018-01-17,Social,1,1
LEAD009186,CUST004372,2017-01-01,Paid Search,0,0
LEAD009187,CUST009746,2017-01-04,Email,1,0
LEAD009188,CUST008363,2018-07-07,Social,0,0
LEAD009189,CUST009851,2017-08-06,Marketplace,1,1
LEAD009190,CUST000499,2018-07-05,Referral,1,0
LEAD009191,CUST005946,2017-10-26,Email,0,0
LEAD009192,CUST004376,2018-01-04,Organic,0,0
LEAD009193,CUST009441,2018-06-06,Email,1,0
LEAD009194,CUST008742,2017-03-10,Social,1,0
LEAD009195,CUST003992,2017-08-03,Organic,1,1
LEAD009196,CUST006819,2018-05-31,Organic,1,0
LEAD009197,CUST005286,2018-01-07,Social,1,0
LEAD009198,CUST004199,2017-01-09,Paid Search,1,1
LEAD009199,CUST001874,2017-09-05,Referral,1,0
LEAD009200,CUST006160,2017-06-22,Email,0,0
LEAD009201,CUST001766,2017-07-23,Organic,0,0
LEAD009202,CUST001418,2017-10-27,Email,1,1
LEAD009203,CUST000895,2017-01-14,Organic,1,1
LEAD009204,CUST009506,2017-11-01,Organic,1,0
LEAD009205,CUST001340,2018-07-18,Organic,0,0
LEAD009206,CUST003334,2017-10-17,Email,0,0
LEAD009207,CUST003996,2018-02-10,Organic,0,0
LEAD009208,CUST002614,2018-01-04,Marketplace,1,0
LEAD009209,CUST001930,2018-03-08,Marketplace,1,0
LEAD009210,CUST003868,2018-08-10,Referral,1,0
LEAD009211,CUST009194,2017-03-15,Referral,1,0
LEAD009212,CUST009660,2018-07-07,Email,1,0
LEAD009213,CUST004231,2017-11-15,Organic,1,0
LEAD009214,CUST005445,2017-10-04,Referral,1,0
LEAD009215,CUST002808,2017-02-03,Paid Search,0,0
LEAD009216,CUST008689,2018-07-11,Email,0,0
LEAD009217,CUST008704,2017-11-09,Social,0,0
LEAD009218,CUST009169,2017-05-04,Organic,1,1
LEAD009219,CUST009955,2018-03-20,Paid Search,1,0
LEAD009220,CUST006282,2017-03-14,Social,1,0
LEAD009221,CUST002381,2017-11-20,Social,1,1
LEAD009222,CUST001897,2017-09-19,Organic,0,0
LEAD009223,CUST003295,2017-09-12,Organic,0,0
LEAD009224,CUST009347,2017-04-09,Paid Search,0,0
LEAD009225,CUST007283,2017-10-28,Referral,0,0
LEAD009226,CUST004794,2017-10-09,Social,0,0
LEAD009227,CUST009993,2017-10-08,Referral,1,1
LEAD009228,CUST009417,2018-05-23,Email,1,0
LEAD009229,CUST001115,2017-05-29,Marketplace,1,0
LEAD009230,CUST004043,2017-05-10,Email,0,0
LEAD009231,CUST002992,2018-06-20,Referral,1,1
LEAD009232,CUST000180,2017-08-28,Social,1,0
LEAD009233,CUST006252,2017-02-24,Marketplace,0,0
LEAD009234,CUST006103,2017-07-31,Paid Search,1,0
LEAD009235,CUST000811,2018-07-25,Referral,0,0
LEAD009236,CUST006765,2017-04-10,Email,0,0
LEAD009237,CUST001204,2017-05-07,Organic,0,0
LEAD009238,CUST002359,2018-06-13,Paid Search,0,0
LEAD009239,CUST000847,2018-04-04,Referral,0,0
LEAD009240,CUST009768,2018-09-11,Social,1,0
LEAD009241,CUST005444,2017-09-28,Social,1,1
LEAD009242,CUST008791,2017-10-10,Social,0,0
LEAD009243,CUST005077,2017-12-08,Marketplace,0,0
LEAD009244,CUST001414,2018-03-06,Organic,0,0
LEAD009245,CUST007419,2017-08-27,Organic,1,0
LEAD009246,CUST008797,2018-08-02,Marketplace,0,0
LEAD009247,CUST008868,2018-09-16,Marketplace,1,1
LEAD009248,CUST006037,2017-11-12,Email,1,0
LEAD009249,CUST005706,2018-05-29,Referral,0,0
LEAD009250,CUST008538,2018-06-29,Organic,0,0
LEAD009251,CUST007145,2017-07-03,Social,1,0
LEAD009252,CUST002327,2018-07-06,Social,0,0
LEAD009253,CUST003274,2018-03-08,Organic,1,0
LEAD009254,CUST007610,2017-12-01,Social,1,0
LEAD009255,CUST009826,2017-02-24,Social,0,0
LEAD009256,CUST001547,2017-11-30,Organic,1,0
LEAD009257,CUST005557,2018-03-15,Referral,0,0
LEAD009258,CUST006155,2017-06-16,Social,0,0
LEAD009259,CUST004626,2018-09-13,Social,0,0
LEAD009260,CUST008076,2017-11-30,Social,1,0
LEAD009261,CUST001932,2018-08-30,Organic,1,0
LEAD009262,CUST001228,2017-07-13,Paid Search,0,0
LEAD009263,CUST001846,2017-10-14,Social,1,0
LEAD009264,CUST007658,2017-03-09,Organic,0,0
LEAD009265,CUST004884,2018-08-29,Organic,1,0
LEAD009266,CUST003601,2017-11-07,Social,0,0
LEAD009267,CUST003583,2018-05-13,Social,0,0
LEAD009268,CUST007182,2018-06-20,Referral,0,0
LEAD009269,CUST000147,2017-07-30,Email,0,0
LEAD009270,CUST008419,2018-06-15,Email,0,0
LEAD009271,CUST002484,2018-08-06,Marketplace,0,0
LEAD009272,CUST002233,2018-03-06,Paid Search,0,0
LEAD009273,CUST002931,2017-04-10,Email,0,0
LEAD009274,CUST005552,2018-06-11,Email,1,1
LEAD009275,CUST001357,2017-09-11,Organic,0,0
LEAD009276,CUST004615,2017-01-20,Paid Search,0,0
LEAD009277,CUST005505,2017-12-05,Paid Search,1,0
LEAD009278,CUST009990,2017-12-25,Referral,1,0
LEAD009279,CUST004038,2017-12-14,Email,0,0
LEAD009280,CUST004720,2017-10-31,Referral,1,0
LEAD009281,CUST002848,2017-08-29,Paid Search,0,0
LEAD009282,CUST009081,2018-06-15,Referral,0,0
LEAD009283,CUST009791,2017-06-25,Email,0,0
LEAD009284,CUST009343,2017-02-27,Organic,0,0
LEAD009285,CUST006158,2017-08-24,Paid Search,1,0
LEAD009286,CUST000543,2018-01-06,Referral,1,1
LEAD009287,CUST008801,2017-01-13,Organic,1,1
LEAD009288,CUST006238,2017-07-26,Organic,0,0
LEAD009289,CUST007164,2017-02-24,Referral,1,1
LEAD009290,CUST001090,2018-04-18,Email,0,0
LEAD009291,CUST005386,2017-04-11,Email,1,1
LEAD009292,CUST007159,2017-02-23,Organic,1,0
LEAD009293,CUST002716,2017-10-23,Referral,0,0
LEAD009294,CUST001496,2017-01-29,Social,0,0
LEAD009295,CUST008313,2017-08-29,Paid Search,0,0
LEAD009296,CUST001961,2018-02-14,Social,1,1
LEAD009297,CUST009690,2017-08-08,Social,0,0
LEAD009298,CUST001161,2017-04-21,Email,0,0
LEAD009299,CUST009201,2017-10-11,Email,1,1
LEAD009300,CUST009672,2017-04-04,Email,1,1
LEAD009301,CUST009461,2017-05-10,Paid Search,1,1
LEAD009302,CUST006332,2018-02-11,Organic,1,0
LEAD009303,CUST001333,2018-04-20,Email,1,0
LEAD009304,CUST003359,2017-01-25,Email,1,0
LEAD009305,CUST005281,2018-07-31,Paid Search,1,0
LEAD009306,CUST007690,2018-05-26,Marketplace,0,0
LEAD009307,CUST005369,2018-01-02,Organic,1,0
LEAD009308,CUST000723,2017-12-27,Social,0,0
LEAD009309,CUST008601,2018-07-30,Referral,0,0
LEAD009310,CUST007753,2017-05-30,Social,0,0
LEAD009311,CUST000004,2017-01-31,Marketplace,1,0
LEAD009312,CUST001846,2017-10-22,Marketplace,1,0
LEAD009313,CUST003376,2018-05-20,Marketplace,0,0
LEAD009314,CUST001894,2018-01-12,Referral,0,0
LEAD009315,CUST004223,2018-07-15,Social,1,0
LEAD009316,CUST009706,2017-06-11,Marketplace,0,0
LEAD009317,CUST000316,2018-03-28,Social,0,0
LEAD009318,CUST002927,2018-07-29,Social,1,0
LEAD009319,CUST009494,2018-06-11,Organic,1,0
LEAD009320,CUST008480,2017-04-11,Social,1,1
LEAD009321,CUST005000,2017-04-25,Social,0,0
LEAD009322,CUST006683,2018-02-04,Organic,0,0
LEAD009323,CUST007409,2018-01-17,Paid Search,0,0
LEAD009324,CUST008408,2018-02-20,Email,1,0
LEAD009325,CUST002470,2018-06-12,Paid Search,1,0
LEAD009326,CUST004208,2017-07-01,Paid Search,0,0
LEAD009327,CUST007664,2018-07-24,Organic,1,0
LEAD009328,CUST001950,2017-08-07,Referral,1,0
LEAD009329,CUST006849,2017-08-03,Social,0,0
LEAD009330,CUST002312,2018-09-22,Social,0,0
LEAD009331,CUST000111,2017-12-14,Social,0,0
LEAD009332,CUST002241,2018-08-14,Referral,1,0
LEAD009333,CUST002360,2018-08-27,Paid Search,1,1
LEAD009334,CUST005038,2017-12-28,Paid Search,1,1
LEAD009335,CUST008969,2017-08-23,Organic,0,0
LEAD009336,CUST003401,2017-11-02,Social,1,1
LEAD009337,CUST000983,2017-03-30,Organic,0,0
LEAD009338,CUST000156,2017-04-01,Social,0,0
LEAD009339,CUST008651,2018-02-08,Paid Search,1,1
LEAD009340,CUST004013,2017-12-16,Marketplace,1,0
LEAD009341,CUST006181,2018-09-24,Marketplace,0,0
LEAD009342,CUST007538,2017-03-31,Organic,1,1
LEAD009343,CUST007972,2017-01-14,Email,1,0
LEAD009344,CUST002478,2017-11-28,Social,1,1
LEAD009345,CUST007753,2017-12-16,Referral,1,0
LEAD009346,CUST007163,2017-06-30,Referral,0,0
LEAD009347,CUST005483,2017-03-12,Email,0,0
LEAD009348,CUST000153,2017-11-23,Referral,1,1
LEAD009349,CUST000797,2018-08-17,Social,0,0
LEAD009350,CUST007799,2017-06-24,Paid Search,1,0
LEAD009351,CUST009501,2017-08-10,Paid Search,0,0
LEAD009352,CUST001365,2017-02-09,Marketplace,0,0
LEAD009353,CUST008999,2018-08-27,Social,0,0
LEAD009354,CUST001952,2018-07-14,Social,0,0
LEAD009355,CUST001969,2017-06-28,Marketplace,0,0
LEAD009356,CUST007424,2017-08-10,Paid Search,1,0
LEAD009357,CUST008978,2017-05-29,Organic,1,0
LEAD009358,CUST007182,2018-06-04,Social,0,0
LEAD009359,CUST005998,2017-06-18,Organic,0,0
LEAD009360,CUST001647,2017-05-23,Organic,0,0
LEAD009361,CUST003300,2017-12-26,Referral,1,0
LEAD009362,CUST008198,2018-03-28,Social,0,0
LEAD009363,CUST008166,2017-03-25,Organic,0,0
LEAD009364,CUST005642,2017-12-22,Email,0,0
LEAD009365,CUST009987,2017-05-27,Organic,0,0
LEAD009366,CUST004257,2017-07-06,Marketplace,0,0
LEAD009367,CUST007197,2018-07-13,Organic,1,1
LEAD009368,CUST005301,2017-12-31,Paid Search,0,0
LEAD009369,CUST005066,2017-03-28,Email,1,0
LEAD009370,CUST008053,2018-01-14,Marketplace,0,0
LEAD009371,CUST005004,2018-08-21,Organic,1,1
LEAD009372,CUST006507,2017-07-17,Organic,1,0
LEAD009373,CUST002597,2017-01-05,Email,1,0
LEAD009374,CUST006520,2017-02-09,Referral,0,0
LEAD009375,CUST009785,2017-05-19,Paid Search,1,0
LEAD009376,CUST002194,2017-11-11,Marketplace,1,0
LEAD009377,CUST000243,2017-02-07,Marketplace,1,1
LEAD009378,CUST009973,2018-09-14,Paid Search,0,0
LEAD009379,CUST005556,2017-04-26,Organic,1,0
LEAD009380,CUST002976,2017-01-10,Social,0,0
LEAD009381,CUST004644,2018-03-22,Email,1,1
LEAD009382,CUST001244,2017-02-16,Organic,0,0
LEAD009383,CUST004651,2017-10-11,Email,1,1
LEAD009384,CUST003123,2018-02-05,Organic,0,0
LEAD009385,CUST000558,2018-03-30,Organic,0,0
LEAD009386,CUST008073,2018-06-27,Social,0,0
LEAD009387,CUST004335,2017-10-10,Referral,0,0
LEAD009388,CUST001863,2018-06-09,Marketplace,0,0
LEAD009389,CUST007797,2017-02-09,Paid Search,1,0
LEAD009390,CUST003850,2018-05-13,Organic,1,0
LEAD009391,CUST008258,2018-08-01,Marketplace,0,0
LEAD009392,CUST006675,2018-08-09,Marketplace,0,0
LEAD009393,CUST008911,2018-06-25,Social,1,0
LEAD009394,CUST007944,2018-07-31,Referral,0,0
LEAD009395,CUST008972,2017-01-19,Paid Search,1,1
LEAD009396,CUST007458,2018-03-03,Social,1,0
LEAD009397,CUST003156,2018-02-06,Marketplace,0,0
LEAD009398,CUST005067,2018-09-03,Marketplace,1,1
LEAD009399,CUST006251,2018-03-08,Organic,0,0
LEAD009400,CUST008253,2018-03-08,Social,0,0
LEAD009401,CUST003110,2017-10-22,Marketplace,1,0
LEAD009402,CUST007734,2018-07-07,Social,0,0
LEAD009403,CUST002611,2017-01-28,Organic,1,0
LEAD009404,CUST000346,2018-05-05,Paid Search,1,0
LEAD009405,CUST009666,2017-05-15,Email,1,0
LEAD009406,CUST005815,2017-01-28,Email,1,0
LEAD009407,CUST007909,2018-04-22,Organic,1,1
LEAD009408,CUST009348,2017-02-26,Organic,1,1
LEAD009409,CUST001867,2018-09-03,Referral,1,0
LEAD009410,CUST006335,2018-02-15,Email,1,1
LEAD009411,CUST001951,2017-07-12,Marketplace,0,0
LEAD009412,CUST001139,2017-02-16,Paid Search,1,0
LEAD009413,CUST006490,2018-03-09,Organic,1,0
LEAD009414,CUST000858,2017-08-24,Email,1,0
LEAD009415,CUST008368,2017-07-21,Paid Search,1,1
LEAD009416,CUST002566,2017-01-22,Marketplace,0,0
LEAD009417,CUST009415,2018-06-04,Marketplace,0,0
LEAD009418,CUST002799,2018-08-11,Marketplace,0,0
LEAD009419,CUST006006,2018-05-19,Email,0,0
LEAD009420,CUST005065,2017-11-09,Email,1,0
LEAD009421,CUST003201,2018-02-17,Marketplace,0,0
LEAD009422,CUST007191,2017-01-16,Email,1,1
LEAD009423,CUST007127,2018-03-09,Social,0,0
LEAD009424,CUST009833,2017-04-14,Organic,0,0
LEAD009425,CUST009598,2017-08-07,Paid Search,0,0
LEAD009426,CUST005366,2017-11-21,Paid Search,1,1
LEAD009427,CUST004494,2017-05-05,Paid Search,0,0
LEAD009428,CUST006123,2017-04-20,Marketplace,1,0
LEAD009429,CUST006298,2018-01-11,Email,1,0
LEAD009430,CUST008866,2017-12-23,Organic,1,1
LEAD009431,CUST007545,2017-12-06,Social,0,0
LEAD009432,CUST004892,2018-08-27,Marketplace,1,0
LEAD009433,CUST006066,2017-03-11,Email,0,0
LEAD009434,CUST005063,2018-07-21,Social,1,0
LEAD009435,CUST008310,2017-02-01,Email,0,0
LEAD009436,CUST008047,2017-01-26,Marketplace,0,0
LEAD009437,CUST000085,2018-06-22,Social,1,1
LEAD009438,CUST006442,2018-04-26,Email,1,0
LEAD009439,CUST006597,2018-09-15,Email,0,0
LEAD009440,CUST007972,2017-09-23,Email,1,0
LEAD009441,CUST008442,2018-02-03,Paid Search,0,0
LEAD009442,CUST008250,2018-06-03,Social,1,0
LEAD009443,CUST003679,2017-05-06,Marketplace,0,0
LEAD009444,CUST005400,2017-09-14,Marketplace,0,0
LEAD009445,CUST007672,2017-05-30,Referral,0,0
LEAD009446,CUST005223,2018-05-15,Social,0,0
LEAD009447,CUST006935,2017-01-07,Social,1,0
LEAD009448,CUST008627,2018-04-21,Paid Search,0,0
LEAD009449,CUST004739,2018-02-26,Email,1,0
LEAD009450,CUST008428,2017-12-10,Paid Search,0,0
LEAD009451,CUST002081,2017-12-25,Organic,0,0
LEAD009452,CUST004348,2017-02-20,Social,1,1
LEAD009453,CUST005691,2017-07-27,Organic,0,0
LEAD009454,CUST001869,2018-03-11,Social,1,0
LEAD009455,CUST004619,2018-06-14,Social,1,0
LEAD009456,CUST003418,2018-04-23,Email,1,1
LEAD009457,CUST002384,2017-11-12,Marketplace,1,1
LEAD009458,CUST002900,2018-01-27,Email,0,0
LEAD009459,CUST007964,2018-07-11,Email,1,0
LEAD009460,CUST001557,2017-08-11,Marketplace,0,0
LEAD009461,CUST006067,2017-09-20,Email,1,1
LEAD009462,CUST009497,2018-03-08,Marketplace,0,0
LEAD009463,CUST002164,2017-02-18,Email,1,0
LEAD009464,CUST005263,2018-09-05,Organic,0,0
LEAD009465,CUST007731,2017-04-10,Paid Search,0,0
LEAD009466,CUST004378,2017-08-03,Email,0,0
LEAD009467,CUST008022,2017-11-16,Referral,1,0
LEAD009468,CUST000849,2017-03-15,Email,0,0
LEAD009469,CUST005418,2018-01-20,Marketplace,0,0
LEAD009470,CUST005100,2017-01-20,Organic,1,0
LEAD009471,CUST001915,2017-09-21,Marketplace,1,0
LEAD009472,CUST007385,2017-01-29,Referral,0,0
LEAD009473,CUST001418,2018-02-15,Organic,1,0
LEAD009474,CUST002920,2018-01-02,Email,1,1
LEAD009475,CUST001914,2017-07-19,Paid Search,0,0
LEAD009476,CUST007239,2018-01-24,Organic,0,0
LEAD009477,CUST005425,2018-06-07,Referral,1,1
LEAD009478,CUST004672,2017-04-01,Marketplace,1,1
LEAD009479,CUST007781,2018-07-19,Social,0,0
LEAD009480,CUST009354,2018-09-12,Referral,1,1
LEAD009481,CUST008459,2017-10-30,Email,1,0
LEAD009482,CUST003205,2017-09-25,Marketplace,0,0
LEAD009483,CUST009481,2017-12-03,Paid Search,1,1
LEAD009484,CUST001093,2017-03-18,Social,1,1
LEAD009485,CUST007948,2017-09-30,Social,1,0
LEAD009486,CUST008678,2017-01-17,Paid Search,1,0
LEAD009487,CUST007491,2018-02-13,Referral,1,1
LEAD009488,CUST004854,2017-04-16,Paid Search,0,0
LEAD009489,CUST001772,2017-04-11,Organic,0,0
LEAD009490,CUST000440,2018-02-20,Referral,1,1
LEAD009491,CUST000534,2017-10-11,Organic,0,0
LEAD009492,CUST003898,2017-05-03,Referral,0,0
LEAD009493,CUST005905,2017-04-02,Email,0,0
LEAD009494,CUST009716,2017-02-09,Marketplace,0,0
LEAD009495,CUST009678,2018-03-05,Marketplace,0,0
LEAD009496,CUST005172,2017-05-12,Social,1,1
LEAD009497,CUST002039,2017-09-15,Social,1,0
LEAD009498,CUST008847,2018-05-07,Organic,0,0
LEAD009499,CUST008541,2018-02-26,Paid Search,0,0
LEAD009500,CUST007399,2017-08-28,Marketplace,1,0
LEAD009501,CUST004241,2018-07-22,Social,0,0
LEAD009502,CUST008706,2017-06-07,Marketplace,0,0
LEAD009503,CUST008927,2017-09-22,Email,0,0
LEAD009504,CUST009187,2018-08-10,Organic,0,0
LEAD009505,CUST002216,2017-08-09,Email,1,0
LEAD009506,CUST002196,2017-07-18,Organic,1,0
LEAD009507,CUST000312,2018-03-12,Marketplace,0,0
LEAD009508,CUST003494,2017-09-14,Paid Search,1,1
LEAD009509,CUST002663,2017-10-25,Marketplace,1,0
LEAD009510,CUST007897,2017-06-27,Organic,1,0
LEAD009511,CUST006700,2017-11-22,Social,0,0
LEAD009512,CUST009366,2018-03-23,Email,1,1
LEAD009513,CUST002774,2017-06-26,Email,0,0
LEAD009514,CUST002386,2018-01-02,Referral,0,0
LEAD009515,CUST003771,2018-03-30,Social,0,0
LEAD009516,CUST002017,2017-06-20,Marketplace,1,1
LEAD009517,CUST002565,2017-02-22,Social,1,0
LEAD009518,CUST006705,2018-03-02,Marketplace,1,0
LEAD009519,CUST008543,2018-02-17,Referral,1,1
LEAD009520,CUST001719,2018-09-22,Organic,0,0
LEAD009521,CUST008035,2017-06-06,Email,0,0
LEAD009522,CUST003190,2017-09-24,Paid Search,0,0
LEAD009523,CUST003054,2017-04-25,Paid Search,0,0
LEAD009524,CUST008545,2017-10-20,Referral,1,1
LEAD009525,CUST000370,2017-03-17,Marketplace,0,0
LEAD009526,CUST004614,2017-03-28,Social,0,0
LEAD009527,CUST005785,2018-08-21,Social,1,0
LEAD009528,CUST003282,2017-03-24,Marketplace,1,0
LEAD009529,CUST000848,2017-02-15,Social,0,0
LEAD009530,CUST008108,2017-11-03,Paid Search,0,0
LEAD009531,CUST002060,2017-10-08,Referral,0,0
LEAD009532,CUST008775,2017-01-30,Organic,1,1
LEAD009533,CUST006940,2017-09-24,Referral,1,1
LEAD009534,CUST003118,2018-01-30,Social,1,1
LEAD009535,CUST002326,2018-01-24,Referral,1,1
LEAD009536,CUST005947,2018-03-06,Organic,0,0
LEAD009537,CUST007426,2017-09-13,Referral,0,0
LEAD009538,CUST000249,2017-11-14,Referral,1,0
LEAD009539,CUST001579,2017-03-17,Referral,1,0
LEAD009540,CUST009043,2018-03-29,Referral,1,0
LEAD009541,CUST000419,2018-07-20,Social,1,0
LEAD009542,CUST009072,2017-06-22,Social,1,1
LEAD009543,CUST009120,2017-03-27,Social,0,0
LEAD009544,CUST001270,2017-08-18,Referral,1,1
LEAD009545,CUST002210,2017-11-28,Marketplace,1,0
LEAD009546,CUST002058,2017-01-14,Email,0,0
LEAD009547,CUST006644,2017-11-04,Social,1,0
LEAD009548,CUST001974,2017-06-13,Referral,0,0
LEAD009549,CUST007602,2017-09-27,Paid Search,1,0
LEAD009550,CUST005395,2017-01-28,Social,1,1
LEAD009551,CUST009866,2018-04-29,Organic,0,0
LEAD009552,CUST009479,2018-05-06,Email,0,0
LEAD009553,CUST009282,2018-04-13,Organic,1,0
LEAD009554,CUST003745,2017-04-02,Organic,0,0
LEAD009555,CUST002362,2017-04-04,Social,0,0
LEAD009556,CUST001450,2017-04-30,Marketplace,0,0
LEAD009557,CUST003133,2018-02-28,Email,0,0
LEAD009558,CUST008416,2018-09-14,Paid Search,0,0
LEAD009559,CUST002812,2018-03-11,Social,0,0
LEAD009560,CUST001429,2017-11-28,Social,0,0
LEAD009561,CUST007844,2018-01-23,Social,1,1
LEAD009562,CUST007430,2017-09-09,Social,0,0
LEAD009563,CUST006823,2018-04-21,Marketplace,1,0
LEAD009564,CUST001591,2017-11-05,Marketplace,1,1
LEAD009565,CUST007108,2017-09-19,Marketplace,1,0
LEAD009566,CUST007964,2017-11-25,Social,0,0
LEAD009567,CUST004482,2017-08-17,Paid Search,0,0
LEAD009568,CUST006322,2018-09-29,Paid Search,0,0
LEAD009569,CUST007580,2017-04-03,Organic,1,1
LEAD009570,CUST001557,2017-09-25,Referral,0,0
LEAD009571,CUST004574,2018-02-23,Marketplace,0,0
LEAD009572,CUST001188,2017-03-12,Paid Search,0,0
LEAD009573,CUST009367,2018-06-01,Referral,0,0
LEAD009574,CUST005045,2018-02-21,Email,1,0
LEAD009575,CUST001285,2017-09-26,Marketplace,1,0
LEAD009576,CUST007127,2017-11-08,Social,0,0
LEAD009577,CUST005973,2017-02-15,Referral,1,1
LEAD009578,CUST008537,2017-10-05,Referral,1,1
LEAD009579,CUST005382,2017-07-10,Organic,1,1
LEAD009580,CUST009222,2018-06-07,Social,0,0
LEAD009581,CUST007304,2017-07-13,Social,1,1
LEAD009582,CUST004649,2017-03-04,Social,1,0
LEAD009583,CUST006733,2017-10-26,Marketplace,0,0
LEAD009584,CUST004778,2017-03-17,Referral,1,0
LEAD009585,CUST005549,2018-04-14,Paid Search,1,0
LEAD009586,CUST009114,2018-04-09,Social,1,0
LEAD009587,CUST002718,2017-09-30,Email,0,0
LEAD009588,CUST001330,2018-02-17,Paid Search,1,0
LEAD009589,CUST003182,2017-08-17,Organic,1,1
LEAD009590,CUST005632,2017-02-17,Organic,1,0
LEAD009591,CUST002418,2017-01-20,Email,1,1
LEAD009592,CUST004727,2017-06-11,Email,1,0
LEAD009593,CUST005123,2018-07-14,Email,1,0
LEAD009594,CUST002875,2017-07-09,Referral,1,0
LEAD009595,CUST004867,2018-08-26,Marketplace,1,1
LEAD009596,CUST007379,2018-09-22,Paid Search,1,0
LEAD009597,CUST006761,2018-08-23,Referral,1,0
LEAD009598,CUST009606,2017-07-01,Organic,1,0
LEAD009599,CUST000660,2018-04-19,Social,0,0
LEAD009600,CUST009613,2017-07-18,Referral,1,0
LEAD009601,CUST004514,2017-09-21,Marketplace,1,0
LEAD009602,CUST004520,2017-07-31,Social,0,0
LEAD009603,CUST001418,2018-07-28,Email,1,1
LEAD009604,CUST009618,2018-02-21,Organic,1,0
LEAD009605,CUST004646,2017-01-23,Social,1,0
LEAD009606,CUST009447,2017-12-31,Referral,1,0
LEAD009607,CUST003807,2017-06-23,Organic,1,0
LEAD009608,CUST002966,2018-08-15,Marketplace,0,0
LEAD009609,CUST007854,2017-09-03,Social,0,0
LEAD009610,CUST001533,2017-09-11,Paid Search,1,0
LEAD009611,CUST006250,2018-05-25,Organic,1,1
LEAD009612,CUST008250,2017-11-05,Paid Search,0,0
LEAD009613,CUST003040,2017-06-05,Organic,1,0
LEAD009614,CUST009464,2017-10-04,Paid Search,1,0
LEAD009615,CUST005037,2018-06-23,Referral,1,0
LEAD009616,CUST003646,2018-01-11,Referral,0,0
LEAD009617,CUST001096,2017-01-07,Referral,0,0
LEAD009618,CUST007255,2018-06-28,Social,1,1
LEAD009619,CUST003303,2018-04-12,Social,1,1
LEAD009620,CUST005838,2017-05-15,Referral,1,1
LEAD009621,CUST005460,2017-05-17,Referral,0,0
LEAD009622,CUST005627,2017-10-02,Email,0,0
LEAD009623,CUST009631,2017-02-04,Paid Search,1,0
LEAD009624,CUST001838,2018-09-15,Social,0,0
LEAD009625,CUST009552,2017-09-01,Paid Search,1,0
LEAD009626,CUST001247,2017-02-05,Marketplace,1,1
LEAD009627,CUST007153,2017-11-16,Referral,0,0
LEAD009628,CUST006272,2018-06-19,Marketplace,1,0
LEAD009629,CUST002466,2017-09-20,Marketplace,0,0
LEAD009630,CUST007395,2018-03-09,Marketplace,1,0
LEAD009631,CUST004835,2017-01-20,Referral,0,0
LEAD009632,CUST003477,2018-08-07,Marketplace,0,0
LEAD009633,CUST004743,2017-11-24,Marketplace,1,1
LEAD009634,CUST007734,2017-09-20,Social,0,0
LEAD009635,CUST002041,2017-09-02,Referral,0,0
LEAD009636,CUST004924,2017-06-27,Paid Search,0,0
LEAD009637,CUST009964,2018-07-19,Referral,0,0
LEAD009638,CUST003818,2018-01-26,Social,1,1
LEAD009639,CUST009276,2018-08-25,Marketplace,1,1
LEAD009640,CUST006488,2018-02-22,Referral,1,0
LEAD009641,CUST004647,2017-08-18,Organic,0,0
LEAD009642,CUST007275,2017-06-24,Paid Search,1,0
LEAD009643,CUST003882,2018-03-22,Organic,1,0
LEAD009644,CUST008845,2017-09-14,Referral,0,0
LEAD009645,CUST006586,2018-04-28,Email,1,0
LEAD009646,CUST003627,2018-04-11,Email,0,0
LEAD009647,CUST006687,2018-06-18,Marketplace,0,0
LEAD009648,CUST003328,2017-08-28,Organic,0,0
LEAD009649,CUST000686,2018-02-04,Organic,1,1
LEAD009650,CUST008642,2018-06-03,Paid Search,1,0
LEAD009651,CUST003065,2018-04-21,Referral,1,0
LEAD009652,CUST004787,2017-04-18,Referral,1,1
LEAD009653,CUST005645,2018-08-23,Organic,1,0
LEAD009654,CUST003521,2017-07-12,Social,1,1
LEAD009655,CUST001343,2018-08-13,Referral,0,0
LEAD009656,CUST000302,2018-03-30,Social,1,1
LEAD009657,CUST002927,2018-07-15,Social,1,1
LEAD009658,CUST003996,2017-06-30,Social,1,0
LEAD009659,CUST003970,2017-09-19,Referral,0,0
LEAD009660,CUST005659,2018-01-10,Social,1,0
LEAD009661,CUST002521,2017-04-22,Email,0,0
LEAD009662,CUST007258,2017-10-12,Email,0,0
LEAD009663,CUST002568,2018-03-07,Email,1,0
LEAD009664,CUST002593,2017-04-22,Organic,0,0
LEAD009665,CUST006693,2017-01-12,Paid Search,1,1
LEAD009666,CUST009853,2018-09-05,Email,1,0
LEAD009667,CUST006659,2017-09-06,Email,1,0
LEAD009668,CUST006111,2018-01-24,Organic,0,0
LEAD009669,CUST004751,2017-05-08,Social,0,0
LEAD009670,CUST008198,2017-09-26,Social,0,0
LEAD009671,CUST001012,2018-05-27,Email,0,0
LEAD009672,CUST006496,2017-01-08,Referral,1,0
LEAD009673,CUST002164,2018-02-17,Social,1,1
LEAD009674,CUST007039,2017-07-12,Organic,0,0
LEAD009675,CUST007237,2018-07-07,Referral,0,0
LEAD009676,CUST002114,2017-10-20,Referral,0,0
LEAD009677,CUST008794,2018-04-24,Organic,0,0
LEAD009678,CUST002271,2017-04-23,Paid Search,0,0
LEAD009679,CUST004506,2017-07-14,Referral,0,0
LEAD009680,CUST000403,2017-09-22,Referral,1,1
LEAD009681,CUST001680,2017-05-31,Paid Search,1,0
LEAD009682,CUST006830,2018-09-23,Organic,1,0
LEAD009683,CUST009075,2018-09-17,Referral,1,0
LEAD009684,CUST004415,2018-07-17,Referral,0,0
LEAD009685,CUST009549,2018-07-05,Marketplace,1,1
LEAD009686,CUST003475,2018-03-27,Email,0,0
LEAD009687,CUST001775,2018-02-28,Marketplace,0,0
LEAD009688,CUST006607,2017-05-11,Referral,0,0
LEAD009689,CUST008603,2017-05-11,Social,0,0
LEAD009690,CUST006540,2018-09-29,Referral,1,0
LEAD009691,CUST008370,2018-01-15,Marketplace,1,0
LEAD009692,CUST001186,2018-03-21,Organic,1,0
LEAD009693,CUST002092,2017-07-06,Paid Search,0,0
LEAD009694,CUST007287,2017-02-19,Paid Search,1,0
LEAD009695,CUST000380,2017-08-21,Social,0,0
LEAD009696,CUST009570,2017-12-09,Organic,1,0
LEAD009697,CUST001251,2017-05-25,Referral,0,0
LEAD009698,CUST005717,2018-01-23,Referral,0,0
LEAD009699,CUST008646,2017-11-17,Marketplace,0,0
LEAD009700,CUST009304,2017-10-29,Social,1,0
LEAD009701,CUST000707,2017-12-04,Paid Search,1,1
LEAD009702,CUST004070,2018-07-09,Marketplace,1,0
LEAD009703,CUST002673,2017-11-18,Paid Search,1,1
LEAD009704,CUST004244,2018-09-28,Organic,0,0
LEAD009705,CUST004265,2017-04-15,Marketplace,0,0
LEAD009706,CUST001279,2017-05-23,Paid Search,0,0
LEAD009707,CUST000997,2017-10-07,Organic,1,0
LEAD009708,CUST000943,2018-07-28,Organic,0,0
LEAD009709,CUST006188,2018-04-23,Marketplace,0,0
LEAD009710,CUST008023,2017-01-05,Organic,0,0
LEAD009711,CUST002712,2018-09-08,Referral,0,0
LEAD009712,CUST001187,2018-08-29,Email,0,0
LEAD009713,CUST003702,2018-08-27,Referral,1,1
LEAD009714,CUST005036,2018-05-17,Referral,1,0
LEAD009715,CUST007742,2018-05-08,Organic,1,1
LEAD009716,CUST008173,2017-04-26,Marketplace,0,0
LEAD009717,CUST001885,2017-11-23,Paid Search,0,0
LEAD009718,CUST004353,2017-05-12,Marketplace,1,1
LEAD009719,CUST008210,2017-08-21,Paid Search,1,0
LEAD009720,CUST003620,2018-01-26,Paid Search,0,0
LEAD009721,CUST007450,2018-01-10,Email,0,0
LEAD009722,CUST004882,2017-11-20,Referral,0,0
LEAD009723,CUST003025,2018-04-28,Social,1,0
LEAD009724,CUST006061,2017-01-22,Marketplace,1,0
LEAD009725,CUST006631,2017-10-09,Marketplace,0,0
LEAD009726,CUST008778,2017-01-06,Referral,1,0
LEAD009727,CUST004504,2018-01-29,Referral,0,0
LEAD009728,CUST000507,2017-06-15,Organic,0,0
LEAD009729,CUST009416,2017-06-21,Email,1,0
LEAD009730,CUST003248,2017-01-10,Social,0,0
LEAD009731,CUST006357,2018-04-02,Marketplace,0,0
LEAD009732,CUST005805,2017-02-27,Marketplace,0,0
LEAD009733,CUST008602,2018-07-01,Email,1,0
LEAD009734,CUST008234,2018-09-05,Referral,0,0
LEAD009735,CUST001132,2017-11-15,Referral,1,0
LEAD009736,CUST000400,2018-03-26,Email,0,0
LEAD009737,CUST004160,2017-03-16,Referral,0,0
LEAD009738,CUST002319,2018-06-25,Marketplace,0,0
LEAD009739,CUST009355,2018-05-13,Organic,0,0
LEAD009740,CUST003601,2017-09-09,Marketplace,0,0
LEAD009741,CUST006286,2017-03-09,Social,1,0
LEAD009742,CUST006406,2018-06-23,Organic,0,0
LEAD009743,CUST000580,2017-11-02,Marketplace,1,1
LEAD009744,CUST009457,2018-07-12,Paid Search,0,0
LEAD009745,CUST004368,2018-03-22,Marketplace,0,0
LEAD009746,CUST005133,2017-01-04,Email,1,0
LEAD009747,CUST004655,2018-07-06,Paid Search,1,0
LEAD009748,CUST003391,2018-03-04,Email,1,1
LEAD009749,CUST009803,2018-04-22,Organic,0,0
LEAD009750,CUST004987,2018-04-15,Paid Search,0,0
LEAD009751,CUST006382,2018-06-16,Referral,1,0
LEAD009752,CUST009742,2018-05-24,Marketplace,0,0
LEAD009753,CUST007568,2018-05-13,Email,0,0
LEAD009754,CUST000975,2017-10-19,Email,0,0
LEAD009755,CUST002651,2017-01-26,Referral,0,0
LEAD009756,CUST001740,2017-01-08,Referral,1,1
LEAD009757,CUST008247,2017-04-14,Referral,1,1
LEAD009758,CUST001685,2017-11-15,Marketplace,1,0
LEAD009759,CUST003137,2018-09-09,Social,1,0
LEAD009760,CUST001796,2017-06-21,Email,0,0
LEAD009761,CUST002634,2017-10-29,Organic,0,0
LEAD009762,CUST000986,2017-02-15,Referral,0,0
LEAD009763,CUST002120,2017-04-02,Paid Search,1,0
LEAD009764,CUST009318,2018-04-11,Referral,0,0
LEAD009765,CUST003213,2018-06-21,Email,0,0
LEAD009766,CUST009320,2017-07-12,Paid Search,0,0
LEAD009767,CUST006964,2017-05-12,Organic,0,0
LEAD009768,CUST008833,2018-04-12,Paid Search,0,0
LEAD009769,CUST005905,2018-07-27,Organic,0,0
LEAD009770,CUST001898,2018-05-05,Social,1,0
LEAD009771,CUST005184,2017-10-15,Organic,0,0
LEAD009772,CUST009743,2018-06-16,Marketplace,0,0
LEAD009773,CUST002510,2017-04-17,Social,0,0
LEAD009774,CUST000800,2017-12-27,Paid Search,1,0
LEAD009775,CUST000591,2017-12-07,Marketplace,0,0
LEAD009776,CUST003751,2017-03-07,Referral,1,0
LEAD009777,CUST000734,2018-09-05,Email,1,0
LEAD009778,CUST006145,2018-03-30,Social,1,0
LEAD009779,CUST000588,2017-07-02,Organic,1,0
LEAD009780,CUST007570,2018-04-12,Marketplace,1,1
LEAD009781,CUST008484,2017-12-08,Social,1,1
LEAD009782,CUST008190,2018-09-05,Marketplace,1,1
LEAD009783,CUST000839,2018-02-15,Referral,1,0
LEAD009784,CUST003450,2017-03-05,Paid Search,1,1
LEAD009785,CUST000950,2018-07-18,Social,0,0
LEAD009786,CUST007549,2017-09-14,Social,0,0
LEAD009787,CUST005581,2017-03-21,Social,0,0
LEAD009788,CUST004975,2018-05-02,Organic,0,0
LEAD009789,CUST006396,2018-06-24,Social,1,0
LEAD009790,CUST004898,2018-01-26,Marketplace,1,1
LEAD009791,CUST003666,2017-02-22,Social,1,1
LEAD009792,CUST007093,2017-04-13,Social,1,0
LEAD009793,CUST002698,2018-05-15,Marketplace,0,0
LEAD009794,CUST000235,2018-09-13,Social,1,0
LEAD009795,CUST000114,2018-05-16,Paid Search,0,0
LEAD009796,CUST006401,2018-06-06,Social,1,0
LEAD009797,CUST002099,2017-05-04,Marketplace,0,0
LEAD009798,CUST001316,2018-07-02,Social,0,0
LEAD009799,CUST005829,2018-03-04,Email,1,0
LEAD009800,CUST002470,2017-02-16,Referral,1,0
LEAD009801,CUST004225,2017-04-01,Social,0,0
LEAD009802,CUST006313,2018-06-24,Marketplace,0,0
LEAD009803,CUST004149,2017-05-09,Organic,1,1
LEAD009804,CUST005190,2018-08-25,Organic,0,0
LEAD009805,CUST008969,2018-08-02,Referral,1,0
LEAD009806,CUST007212,2018-01-29,Organic,0,0
LEAD009807,CUST004892,2017-07-23,Referral,0,0
LEAD009808,CUST007497,2017-09-29,Organic,0,0
LEAD009809,CUST007634,2018-09-22,Referral,1,1
LEAD009810,CUST002848,2017-10-23,Referral,1,1
LEAD009811,CUST000224,2018-02-12,Paid Search,0,0
LEAD009812,CUST007754,2018-08-17,Organic,1,0
LEAD009813,CUST009965,2017-03-22,Organic,0,0
LEAD009814,CUST009408,2017-02-09,Referral,0,0
LEAD009815,CUST003688,2018-02-13,Organic,0,0
LEAD009816,CUST006615,2018-06-29,Marketplace,1,0
LEAD009817,CUST004226,2017-03-04,Paid Search,0,0
LEAD009818,CUST001771,2017-07-09,Email,1,0
LEAD009819,CUST001943,2018-06-29,Organic,0,0
LEAD009820,CUST008420,2018-09-30,Social,1,0
LEAD009821,CUST000363,2017-08-24,Paid Search,0,0
LEAD009822,CUST008177,2018-09-12,Paid Search,1,0
LEAD009823,CUST007713,2017-05-06,Organic,0,0
LEAD009824,CUST004120,2017-03-06,Marketplace,1,1
LEAD009825,CUST009297,2018-09-10,Marketplace,1,0
LEAD009826,CUST006225,2017-02-04,Organic,1,1
LEAD009827,CUST005205,2018-08-16,Paid Search,1,0
LEAD009828,CUST006764,2017-02-14,Marketplace,0,0
LEAD009829,CUST004982,2018-03-01,Email,0,0
LEAD009830,CUST005846,2017-01-25,Email,0,0
LEAD009831,CUST003339,2017-02-13,Organic,0,0
LEAD009832,CUST009352,2017-10-14,Social,1,0
LEAD009833,CUST001194,2018-07-04,Social,0,0
LEAD009834,CUST000236,2018-01-25,Social,1,0
LEAD009835,CUST005844,2017-08-19,Referral,1,1
LEAD009836,CUST004048,2017-01-31,Referral,0,0
LEAD009837,CUST001292,2017-01-27,Social,1,0
LEAD009838,CUST009997,2017-03-15,Paid Search,1,1
LEAD009839,CUST004461,2017-08-11,Paid Search,1,0
LEAD009840,CUST004222,2018-09-22,Social,1,1
LEAD009841,CUST007754,2018-01-01,Email,1,0
LEAD009842,CUST002397,2018-02-07,Marketplace,0,0
LEAD009843,CUST007042,2018-08-10,Paid Search,0,0
LEAD009844,CUST009237,2017-07-29,Organic,0,0
LEAD009845,CUST001916,2017-04-01,Organic,1,1
LEAD009846,CUST001087,2017-09-23,Social,1,0
LEAD009847,CUST005694,2018-03-05,Referral,1,0
LEAD009848,CUST002610,2018-04-04,Marketplace,0,0
LEAD009849,CUST005030,2017-09-08,Social,0,0
LEAD009850,CUST003680,2017-03-16,Referral,1,0
LEAD009851,CUST002209,2018-08-02,Referral,1,1
LEAD009852,CUST007164,2018-08-29,Social,1,0
LEAD009853,CUST006398,2018-08-30,Organic,1,0
LEAD009854,CUST009626,2017-01-18,Referral,1,0
LEAD009855,CUST002060,2017-01-06,Paid Search,1,0
LEAD009856,CUST004636,2017-09-08,Referral,0,0
LEAD009857,CUST004937,2017-05-21,Social,0,0
LEAD009858,CUST005690,2018-03-17,Paid Search,1,0
LEAD009859,CUST006257,2018-03-25,Email,1,1
LEAD009860,CUST001642,2018-05-11,Referral,1,0
LEAD009861,CUST006578,2017-11-09,Organic,1,1
LEAD009862,CUST008274,2018-05-26,Email,0,0
LEAD009863,CUST000860,2017-10-17,Social,1,0
LEAD009864,CUST005582,2017-04-24,Organic,1,0
LEAD009865,CUST002994,2017-08-09,Marketplace,1,1
LEAD009866,CUST002772,2018-08-23,Paid Search,1,1
LEAD009867,CUST001988,2017-02-11,Marketplace,0,0
LEAD009868,CUST006738,2018-07-10,Referral,0,0
LEAD009869,CUST006844,2017-05-14,Paid Search,1,0
LEAD009870,CUST001877,2017-10-21,Marketplace,0,0
LEAD009871,CUST002539,2017-08-09,Referral,0,0
LEAD009872,CUST004402,2018-09-04,Marketplace,0,0
LEAD009873,CUST000743,2017-03-10,Referral,0,0
LEAD009874,CUST000216,2017-02-27,Paid Search,0,0
LEAD009875,CUST004775,2017-02-19,Social,0,0
LEAD009876,CUST007147,2017-04-10,Paid Search,1,0
LEAD009877,CUST004567,2018-06-29,Organic,0,0
LEAD009878,CUST000764,2017-07-24,Marketplace,1,0
LEAD009879,CUST003655,2017-01-02,Social,1,1
LEAD009880,CUST001029,2017-03-25,Referral,1,1
LEAD009881,CUST009226,2018-05-07,Organic,1,0
LEAD009882,CUST002006,2017-07-11,Paid Search,1,1
LEAD009883,CUST000002,2018-09-19,Referral,1,0
LEAD009884,CUST007571,2018-04-25,Email,0,0
LEAD009885,CUST003772,2018-07-10,Organic,1,1
LEAD009886,CUST007305,2017-03-25,Referral,1,0
LEAD009887,CUST003375,2018-04-08,Paid Search,1,1
LEAD009888,CUST004062,2018-05-01,Organic,0,0
LEAD009889,CUST007586,2018-04-21,Organic,1,1
LEAD009890,CUST007638,2018-01-02,Organic,1,0
LEAD009891,CUST009747,2017-08-05,Social,1,0
LEAD009892,CUST008366,2018-08-07,Email,1,0
LEAD009893,CUST006621,2018-01-30,Organic,1,0
LEAD009894,CUST007124,2018-07-24,Social,1,0
LEAD009895,CUST001361,2017-10-11,Email,0,0
LEAD009896,CUST000345,2017-09-14,Referral,0,0
LEAD009897,CUST002295,2017-04-09,Organic,0,0
LEAD009898,CUST008514,2017-07-26,Social,0,0
LEAD009899,CUST004761,2017-07-05,Email,1,0
LEAD009900,CUST003356,2017-06-07,Email,0,0
LEAD009901,CUST006594,2018-09-06,Referral,0,0
LEAD009902,CUST003496,2018-01-04,Email,1,0
LEAD009903,CUST009691,2017-01-05,Email,0,0
LEAD009904,CUST000010,2017-06-09,Social,1,1
LEAD009905,CUST007727,2018-08-03,Paid Search,1,1
LEAD009906,CUST003397,2018-08-14,Referral,1,0
LEAD009907,CUST009128,2017-08-21,Organic,1,0
LEAD009908,CUST002523,2018-01-01,Paid Search,1,1
LEAD009909,CUST001352,2017-11-23,Marketplace,1,1
LEAD009910,CUST007789,2017-04-08,Paid Search,1,1
LEAD009911,CUST000383,2017-08-29,Email,1,0
LEAD009912,CUST000365,2017-11-27,Email,0,0
LEAD009913,CUST004611,2018-02-10,Referral,1,0
LEAD009914,CUST005683,2017-08-13,Marketplace,1,1
LEAD009915,CUST005692,2017-01-21,Email,0,0
LEAD009916,CUST000931,2018-02-04,Referral,1,0
LEAD009917,CUST004439,2017-05-03,Social,0,0
LEAD009918,CUST002065,2017-08-29,Social,1,0
LEAD009919,CUST001414,2017-06-14,Social,1,1
LEAD009920,CUST003017,2018-05-06,Referral,1,1
LEAD009921,CUST004921,2017-11-20,Social,1,1
LEAD009922,CUST002649,2018-05-02,Paid Search,0,0
LEAD009923,CUST002233,2017-09-09,Referral,0,0
LEAD009924,CUST008150,2018-04-16,Organic,0,0
LEAD009925,CUST001496,2018-06-13,Paid Search,0,0
LEAD009926,CUST008464,2018-09-11,Organic,1,1
LEAD009927,CUST001597,2018-01-01,Referral,1,1
LEAD009928,CUST008763,2018-06-02,Organic,1,0
LEAD009929,CUST008146,2017-11-02,Social,0,0
LEAD009930,CUST008034,2017-01-11,Email,0,0
LEAD009931,CUST008686,2017-06-29,Paid Search,0,0
LEAD009932,CUST002797,2017-01-29,Organic,1,0
LEAD009933,CUST008264,2018-08-16,Social,1,0
LEAD009934,CUST009840,2017-10-29,Organic,0,0
LEAD009935,CUST009273,2017-11-28,Organic,1,0
LEAD009936,CUST002603,2017-02-07,Marketplace,0,0
LEAD009937,CUST007500,2018-08-24,Referral,0,0
LEAD009938,CUST007750,2017-06-05,Social,0,0
LEAD009939,CUST000822,2018-08-24,Social,1,0
LEAD009940,CUST004529,2017-01-15,Referral,0,0
LEAD009941,CUST002571,2017-05-28,Organic,0,0
LEAD009942,CUST008579,2017-08-06,Email,0,0
LEAD009943,CUST000002,2018-07-31,Paid Search,0,0
LEAD009944,CUST001658,2017-07-20,Referral,0,0
LEAD009945,CUST006436,2017-01-03,Social,0,0
LEAD009946,CUST006291,2017-07-09,Marketplace,1,0
LEAD009947,CUST009297,2017-04-21,Social,1,1
LEAD009948,CUST000883,2017-10-06,Email,0,0
LEAD009949,CUST006238,2017-08-13,Marketplace,0,0
LEAD009950,CUST007309,2018-03-24,Organic,0,0
LEAD009951,CUST003278,2018-08-10,Organic,0,0
LEAD009952,CUST006850,2017-02-15,Organic,0,0
LEAD009953,CUST000543,2017-04-21,Organic,1,0
LEAD009954,CUST006460,2017-08-20,Social,1,0
LEAD009955,CUST000597,2018-09-14,Referral,1,1
LEAD009956,CUST009944,2018-09-15,Social,0,0
LEAD009957,CUST009968,2017-02-04,Social,0,0
LEAD009958,CUST009174,2018-01-26,Marketplace,0,0
LEAD009959,CUST000611,2018-07-18,Social,1,0
LEAD009960,CUST000114,2017-07-06,Paid Search,0,0
LEAD009961,CUST006823,2017-07-24,Organic,1,0
LEAD009962,CUST008374,2018-03-07,Referral,1,1
LEAD009963,CUST000139,2017-07-12,Referral,1,1
LEAD009964,CUST007008,2017-07-05,Marketplace,0,0
LEAD009965,CUST000529,2017-07-13,Marketplace,0,0
LEAD009966,CUST002896,2017-07-16,Organic,0,0
LEAD009967,CUST009471,2018-02-16,Referral,0,0
LEAD009968,CUST000694,2018-02-13,Organic,1,0
LEAD009969,CUST003035,2017-02-24,Paid Search,0,0
LEAD009970,CUST005918,2018-06-14,Email,1,0
LEAD009971,CUST002818,2018-01-04,Organic,0,0
LEAD009972,CUST007489,2017-01-11,Referral,1,0
LEAD009973,CUST005336,2018-07-09,Referral,1,0
LEAD009974,CUST009531,2018-02-17,Paid Search,0,0
LEAD009975,CUST004236,2017-06-27,Paid Search,1,0
LEAD009976,CUST008884,2017-06-02,Referral,1,0
LEAD009977,CUST000764,2017-03-22,Email,1,0
LEAD009978,CUST009493,2017-09-01,Marketplace,0,0
LEAD009979,CUST008745,2017-08-13,Referral,1,0
LEAD009980,CUST000352,2017-04-27,Paid Search,1,1
LEAD009981,CUST004149,2018-08-06,Email,0,0
LEAD009982,CUST005932,2017-08-27,Marketplace,0,0
LEAD009983,CUST007805,2017-02-27,Email,0,0
LEAD009984,CUST003301,2018-04-14,Marketplace,1,0
LEAD009985,CUST002439,2018-02-01,Paid Search,1,1
LEAD009986,CUST003483,2018-02-01,Email,1,0
LEAD009987,CUST009325,2017-11-24,Email,0,0
LEAD009988,CUST003393,2018-02-05,Social,0,0
LEAD009989,CUST003639,2017-08-26,Social,1,0
LEAD009990,CUST005668,2017-05-12,Paid Search,1,1
LEAD009991,CUST006033,2017-03-30,Referral,0,0
LEAD009992,CUST000329,2017-08-29,Paid Search,1,0
LEAD009993,CUST000391,2017-08-15,Social,0,0
LEAD009994,CUST009085,2018-05-12,Paid Search,1,0
LEAD009995,CUST001897,2017-02-13,Paid Search,1,1
LEAD009996,CUST002020,2017-05-12,Organic,0,0
LEAD009997,CUST004096,2018-06-10,Organic,0,0
LEAD009998,CUST006429,2018-05-05,Email,1,0
LEAD009999,CUST000213,2017-09-08,Email,1,1
LEAD010000,CUST000386,2018-01-02,Social,1,1
LEAD010001,CUST005196,2018-06-19,Social,1,1
LEAD010002,CUST007092,2018-07-25,Social,1,1
LEAD010003,CUST003997,2018-01-26,Referral,0,0
LEAD010004,CUST001929,2017-10-26,Paid Search,1,0
LEAD010005,CUST006531,2018-04-06,Organic,1,0
LEAD010006,CUST001660,2017-01-18,Referral,0,0
LEAD010007,CUST006035,2017-07-10,Organic,1,1
LEAD010008,CUST003334,2017-11-08,Social,0,0
LEAD010009,CUST005392,2017-09-02,Referral,1,1
LEAD010010,CUST004512,2017-08-25,Referral,1,1
LEAD010011,CUST007572,2018-05-05,Email,1,1
LEAD010012,CUST000029,2018-06-22,Organic,0,0
LEAD010013,CUST003351,2017-01-08,Referral,0,0
LEAD010014,CUST005637,2018-04-07,Organic,1,1
LEAD010015,CUST000249,2017-12-11,Email,1,1
LEAD010016,CUST003247,2017-12-30,Marketplace,1,0
LEAD010017,CUST004136,2017-11-24,Social,0,0
LEAD010018,CUST000704,2017-04-05,Email,0,0
LEAD010019,CUST001704,2018-07-01,Organic,0,0
LEAD010020,CUST003007,2018-02-25,Marketplace,0,0
LEAD010021,CUST002083,2017-12-07,Organic,0,0
LEAD010022,CUST005004,2017-01-18,Email,1,0
LEAD010023,CUST000305,2017-04-14,Social,0,0
LEAD010024,CUST009849,2018-09-29,Marketplace,1,0
LEAD010025,CUST002434,2018-01-08,Email,1,1
LEAD010026,CUST008925,2018-06-04,Email,0,0
LEAD010027,CUST000263,2017-10-07,Paid Search,0,0
LEAD010028,CUST001125,2017-10-13,Paid Search,0,0
LEAD010029,CUST006020,2017-07-21,Email,0,0
LEAD010030,CUST003508,2017-03-30,Referral,0,0
LEAD010031,CUST003876,2017-03-23,Email,0,0
LEAD010032,CUST006042,2018-02-14,Paid Search,1,1
LEAD010033,CUST007698,2018-06-02,Referral,0,0
LEAD010034,CUST003192,2017-06-06,Social,1,0
LEAD010035,CUST001815,2017-04-07,Marketplace,1,0
LEAD010036,CUST003795,2017-05-04,Organic,1,0
LEAD010037,CUST007115,2017-08-10,Referral,0,0
LEAD010038,CUST002430,2018-01-05,Email,0,0
LEAD010039,CUST006491,2017-06-03,Paid Search,1,0
LEAD010040,CUST003808,2017-06-23,Email,0,0
LEAD010041,CUST003318,2018-01-12,Referral,0,0
LEAD010042,CUST008726,2017-12-11,Paid Search,0,0
LEAD010043,CUST006885,2017-11-27,Marketplace,1,0
LEAD010044,CUST009684,2018-01-02,Organic,0,0
LEAD010045,CUST004217,2018-04-13,Marketplace,1,0
LEAD010046,CUST006159,2017-07-28,Marketplace,1,1
LEAD010047,CUST007543,2018-07-24,Social,0,0
LEAD010048,CUST006808,2018-08-27,Email,1,1
LEAD010049,CUST007251,2018-05-25,Organic,1,0
LEAD010050,CUST005530,2017-07-12,Referral,0,0
LEAD010051,CUST002640,2017-11-14,Paid Search,1,1
LEAD010052,CUST009154,2017-10-22,Referral,0,0
LEAD010053,CUST006612,2017-04-22,Marketplace,0,0
LEAD010054,CUST009443,2017-04-22,Paid Search,0,0
LEAD010055,CUST008196,2018-08-07,Organic,0,0
LEAD010056,CUST007715,2018-05-16,Social,0,0
LEAD010057,CUST006312,2018-07-07,Organic,0,0
LEAD010058,CUST001468,2018-05-05,Marketplace,0,0
LEAD010059,CUST005833,2018-02-17,Organic,0,0
LEAD010060,CUST008551,2018-01-25,Organic,1,0
LEAD010061,CUST006435,2018-03-10,Social,1,1
LEAD010062,CUST001172,2018-01-26,Organic,0,0
LEAD010063,CUST007910,2017-03-23,Social,1,0
LEAD010064,CUST005072,2017-09-22,Referral,0,0
LEAD010065,CUST008698,2017-11-10,Organic,0,0
LEAD010066,CUST005621,2017-08-17,Referral,1,0
LEAD010067,CUST005351,2018-01-28,Marketplace,0,0
LEAD010068,CUST009225,2018-06-02,Referral,1,0
LEAD010069,CUST003219,2017-08-02,Social,1,1
LEAD010070,CUST000272,2017-12-24,Organic,1,0
LEAD010071,CUST006409,2017-12-16,Email,0,0
LEAD010072,CUST000919,2018-05-16,Social,1,1
LEAD010073,CUST009345,2017-11-11,Email,1,1
LEAD010074,CUST000937,2018-02-17,Referral,0,0
LEAD010075,CUST006885,2017-07-28,Email,0,0
LEAD010076,CUST008444,2018-06-10,Organic,1,1
LEAD010077,CUST000128,2018-04-12,Paid Search,0,0
LEAD010078,CUST009665,2017-06-07,Marketplace,0,0
LEAD010079,CUST004182,2017-07-20,Referral,0,0
LEAD010080,CUST001096,2018-01-27,Marketplace,1,1
LEAD010081,CUST002211,2017-11-17,Marketplace,0,0
LEAD010082,CUST000082,2018-07-11,Email,0,0
LEAD010083,CUST005908,2018-04-20,Referral,0,0
LEAD010084,CUST001350,2017-10-25,Referral,1,1
LEAD010085,CUST005604,2018-07-09,Organic,0,0
LEAD010086,CUST008943,2017-10-17,Referral,0,0
LEAD010087,CUST008103,2017-01-12,Social,0,0
LEAD010088,CUST000498,2017-07-01,Organic,0,0
LEAD010089,CUST009293,2017-11-07,Paid Search,0,0
LEAD010090,CUST000393,2017-01-07,Referral,0,0
LEAD010091,CUST006174,2017-12-10,Marketplace,0,0
LEAD010092,CUST002804,2018-03-03,Organic,1,0
LEAD010093,CUST001379,2017-08-15,Organic,0,0
LEAD010094,CUST008741,2017-12-20,Marketplace,0,0
LEAD010095,CUST008398,2018-07-25,Marketplace,0,0
LEAD010096,CUST008204,2017-04-09,Referral,0,0
LEAD010097,CUST004464,2017-02-21,Marketplace,1,0
LEAD010098,CUST000296,2017-04-06,Social,0,0
LEAD010099,CUST003950,2017-04-18,Paid Search,0,0
LEAD010100,CUST006345,2017-07-03,Email,1,0
LEAD010101,CUST001574,2018-06-29,Paid Search,0,0
LEAD010102,CUST009010,2017-10-18,Organic,0,0
LEAD010103,CUST008713,2018-09-20,Organic,0,0
LEAD010104,CUST005515,2017-02-11,Organic,1,0
LEAD010105,CUST004148,2017-09-21,Organic,0,0
LEAD010106,CUST004129,2018-01-26,Organic,1,0
LEAD010107,CUST009178,2017-10-23,Email,0,0
LEAD010108,CUST009685,2017-03-31,Referral,0,0
LEAD010109,CUST003536,2018-07-14,Email,1,1
LEAD010110,CUST009772,2017-01-15,Paid Search,0,0
LEAD010111,CUST009745,2017-10-10,Social,0,0
LEAD010112,CUST006592,2017-09-06,Email,0,0
LEAD010113,CUST006109,2017-07-27,Social,1,0
LEAD010114,CUST007440,2018-02-06,Marketplace,1,1
LEAD010115,CUST006074,2018-08-17,Organic,1,0
LEAD010116,CUST000428,2018-02-19,Referral,0,0
LEAD010117,CUST007239,2018-03-07,Email,0,0
LEAD010118,CUST003000,2017-01-25,Email,0,0
LEAD010119,CUST008144,2018-05-21,Paid Search,0,0
LEAD010120,CUST001540,2018-05-13,Marketplace,1,0
LEAD010121,CUST006163,2018-05-21,Social,0,0
LEAD010122,CUST007204,2017-06-29,Organic,0,0
LEAD010123,CUST006421,2018-08-04,Organic,0,0
LEAD010124,CUST000766,2017-12-08,Paid Search,1,1
LEAD010125,CUST000711,2018-03-17,Marketplace,1,0
LEAD010126,CUST002573,2017-12-23,Marketplace,1,0
LEAD010127,CUST002750,2018-04-30,Organic,1,0
LEAD010128,CUST000456,2017-12-21,Paid Search,1,1
LEAD010129,CUST002569,2018-07-04,Referral,0,0
LEAD010130,CUST000914,2017-12-19,Email,0,0
LEAD010131,CUST004868,2018-07-04,Marketplace,1,0
LEAD010132,CUST002443,2017-10-26,Social,0,0
LEAD010133,CUST009161,2017-07-30,Marketplace,1,0
LEAD010134,CUST004154,2018-07-21,Email,1,1
LEAD010135,CUST002636,2017-09-24,Referral,0,0
LEAD010136,CUST009434,2017-04-25,Social,0,0
LEAD010137,CUST000545,2017-10-15,Organic,0,0
LEAD010138,CUST000936,2017-09-11,Social,1,0
LEAD010139,CUST000612,2017-08-31,Organic,1,1
LEAD010140,CUST004234,2017-03-13,Marketplace,0,0
LEAD010141,CUST006317,2018-07-07,Organic,0,0
LEAD010142,CUST002952,2017-04-12,Marketplace,1,1
LEAD010143,CUST000552,2017-07-09,Referral,0,0
LEAD010144,CUST007593,2017-03-04,Organic,0,0
LEAD010145,CUST002520,2017-11-04,Paid Search,1,0
LEAD010146,CUST008383,2018-05-12,Referral,1,1
LEAD010147,CUST008511,2017-04-24,Referral,0,0
LEAD010148,CUST001317,2017-06-24,Email,0,0
LEAD010149,CUST004785,2017-08-27,Paid Search,1,1
LEAD010150,CUST006553,2017-01-22,Social,1,0
LEAD010151,CUST003701,2018-03-04,Organic,0,0
LEAD010152,CUST002498,2018-01-08,Referral,0,0
LEAD010153,CUST002744,2017-11-02,Referral,0,0
LEAD010154,CUST003951,2017-04-07,Email,1,0
LEAD010155,CUST007291,2017-11-25,Referral,1,0
LEAD010156,CUST008053,2018-01-09,Marketplace,1,0
LEAD010157,CUST006535,2018-04-07,Organic,0,0
LEAD010158,CUST009074,2017-12-24,Social,1,1
LEAD010159,CUST007247,2018-08-08,Marketplace,0,0
LEAD010160,CUST001729,2018-09-01,Social,0,0
LEAD010161,CUST005534,2017-01-22,Marketplace,0,0
LEAD010162,CUST001846,2018-07-28,Social,0,0
LEAD010163,CUST001932,2017-10-12,Paid Search,0,0
LEAD010164,CUST007251,2017-07-09,Email,1,0
LEAD010165,CUST006236,2017-07-02,Paid Search,1,0
LEAD010166,CUST004306,2018-07-13,Social,0,0
LEAD010167,CUST002543,2018-03-10,Email,0,0
LEAD010168,CUST007185,2018-05-23,Paid Search,1,0
LEAD010169,CUST005019,2018-07-17,Email,1,1
LEAD010170,CUST002964,2018-05-14,Marketplace,0,0
LEAD010171,CUST002499,2018-05-26,Marketplace,1,0
LEAD010172,CUST006899,2017-09-16,Referral,0,0
LEAD010173,CUST004779,2017-05-24,Referral,0,0
LEAD010174,CUST001721,2018-04-02,Email,0,0
LEAD010175,CUST002932,2017-01-07,Social,1,0
LEAD010176,CUST008531,2018-03-15,Email,0,0
LEAD010177,CUST007939,2018-07-06,Marketplace,0,0
LEAD010178,CUST007088,2017-04-08,Paid Search,0,0
LEAD010179,CUST004684,2017-03-02,Marketplace,1,1
LEAD010180,CUST008385,2018-08-09,Social,1,0
LEAD010181,CUST002395,2017-09-09,Social,1,0
LEAD010182,CUST001600,2018-01-27,Social,0,0
LEAD010183,CUST003645,2018-04-22,Organic,1,0
LEAD010184,CUST005391,2018-09-06,Paid Search,0,0
LEAD010185,CUST005713,2017-05-24,Social,0,0
LEAD010186,CUST008294,2017-06-14,Organic,1,0
LEAD010187,CUST002048,2017-07-26,Referral,1,0
LEAD010188,CUST007606,2018-01-18,Organic,1,0
LEAD010189,CUST003350,2017-07-28,Referral,0,0
LEAD010190,CUST002455,2018-09-21,Social,1,0
LEAD010191,CUST005723,2018-04-20,Social,1,0
LEAD010192,CUST003421,2018-05-29,Referral,1,0
LEAD010193,CUST006615,2018-03-17,Referral,0,0
LEAD010194,CUST007346,2017-09-07,Organic,1,1
LEAD010195,CUST003783,2017-01-15,Marketplace,1,0
LEAD010196,CUST001053,2018-05-06,Organic,1,1
LEAD010197,CUST001607,2018-07-29,Marketplace,0,0
LEAD010198,CUST006551,2018-02-01,Social,1,0
LEAD010199,CUST009497,2017-09-28,Paid Search,1,1
LEAD010200,CUST007290,2017-07-18,Social,0,0
LEAD010201,CUST002777,2018-04-26,Email,1,0
LEAD010202,CUST008321,2017-04-01,Social,1,0
LEAD010203,CUST006912,2017-11-05,Email,1,0
LEAD010204,CUST002779,2018-08-17,Organic,1,0
LEAD010205,CUST003104,2017-10-07,Marketplace,0,0
LEAD010206,CUST001103,2017-11-21,Paid Search,0,0
LEAD010207,CUST000654,2018-06-20,Referral,1,1
LEAD010208,CUST004241,2017-06-13,Referral,0,0
LEAD010209,CUST009563,2017-01-31,Organic,0,0
LEAD010210,CUST003295,2018-01-11,Marketplace,1,1
LEAD010211,CUST005072,2018-05-16,Marketplace,0,0
LEAD010212,CUST006425,2018-04-24,Referral,0,0
LEAD010213,CUST009918,2017-04-24,Referral,1,0
LEAD010214,CUST005381,2018-06-29,Organic,0,0
LEAD010215,CUST002065,2017-07-06,Paid Search,1,1
LEAD010216,CUST002516,2017-06-12,Email,1,0
LEAD010217,CUST002844,2018-04-06,Paid Search,0,0
LEAD010218,CUST008665,2018-04-19,Referral,1,1
LEAD010219,CUST002583,2017-07-29,Social,0,0
LEAD010220,CUST009109,2017-02-25,Organic,0,0
LEAD010221,CUST006754,2017-05-31,Paid Search,1,0
LEAD010222,CUST003312,2018-04-19,Marketplace,0,0
LEAD010223,CUST006189,2017-05-25,Social,1,0
LEAD010224,CUST001332,2018-07-28,Organic,0,0
LEAD010225,CUST009710,2017-01-17,Referral,0,0
LEAD010226,CUST003164,2018-04-11,Marketplace,0,0
LEAD010227,CUST002116,2017-11-05,Email,1,0
LEAD010228,CUST003997,2017-07-21,Referral,1,0
LEAD010229,CUST006063,2017-06-16,Marketplace,0,0
LEAD010230,CUST007886,2017-06-07,Marketplace,0,0
LEAD010231,CUST006972,2017-01-26,Organic,0,0
LEAD010232,CUST008171,2017-02-15,Organic,1,0
LEAD010233,CUST009548,2017-10-31,Social,0,0
LEAD010234,CUST004283,2018-06-08,Social,1,0
LEAD010235,CUST008533,2017-08-10,Paid Search,0,0
LEAD010236,CUST005159,2017-05-10,Email,1,1
LEAD010237,CUST006354,2017-12-15,Email,0,0
LEAD010238,CUST008516,2017-08-31,Marketplace,1,0
LEAD010239,CUST004910,2018-06-16,Organic,0,0
LEAD010240,CUST000403,2018-07-26,Paid Search,0,0
LEAD010241,CUST007624,2018-09-21,Email,0,0
LEAD010242,CUST002324,2017-09-04,Organic,0,0
LEAD010243,CUST008265,2018-05-15,Marketplace,0,0
LEAD010244,CUST005532,2018-02-14,Paid Search,0,0
LEAD010245,CUST001344,2017-11-23,Referral,0,0
LEAD010246,CUST000272,2017-03-20,Marketplace,0,0
LEAD010247,CUST007868,2017-05-26,Email,0,0
LEAD010248,CUST002150,2017-06-22,Social,1,0
LEAD010249,CUST009119,2018-07-31,Referral,0,0
LEAD010250,CUST001757,2017-07-21,Social,1,1
LEAD010251,CUST006632,2017-06-20,Organic,0,0
LEAD010252,CUST002302,2017-10-25,Paid Search,1,0
LEAD010253,CUST008258,2017-01-18,Email,0,0
LEAD010254,CUST008639,2018-05-17,Organic,0,0
LEAD010255,CUST004883,2017-12-20,Email,1,1
LEAD010256,CUST006056,2018-05-06,Organic,0,0
LEAD010257,CUST006401,2017-04-19,Marketplace,1,0
LEAD010258,CUST000765,2017-03-19,Email,1,0
LEAD010259,CUST003399,2018-01-07,Marketplace,1,0
LEAD010260,CUST008404,2017-11-17,Paid Search,0,0
LEAD010261,CUST000876,2017-01-20,Marketplace,1,0
LEAD010262,CUST006098,2017-09-14,Email,0,0
LEAD010263,CUST006623,2017-01-09,Email,1,0
LEAD010264,CUST003626,2017-07-13,Paid Search,1,1
LEAD010265,CUST003547,2018-08-25,Marketplace,0,0
LEAD010266,CUST008133,2018-06-30,Social,1,0
LEAD010267,CUST003691,2017-06-06,Paid Search,0,0
LEAD010268,CUST000611,2018-09-02,Referral,1,1
LEAD010269,CUST008571,2018-08-31,Marketplace,1,0
LEAD010270,CUST002190,2017-03-17,Referral,1,1
LEAD010271,CUST008297,2017-11-28,Email,0,0
LEAD010272,CUST009660,2018-06-15,Referral,0,0
LEAD010273,CUST002108,2017-12-02,Organic,1,0
LEAD010274,CUST008915,2018-03-16,Email,0,0
LEAD010275,CUST006680,2017-08-19,Email,0,0
LEAD010276,CUST008870,2018-01-26,Referral,0,0
LEAD010277,CUST009823,2017-07-12,Email,0,0
LEAD010278,CUST002753,2018-05-21,Paid Search,1,1
LEAD010279,CUST002925,2017-12-20,Marketplace,0,0
LEAD010280,CUST002700,2018-07-05,Organic,0,0
LEAD010281,CUST005960,2018-01-14,Paid Search,0,0
LEAD010282,CUST001362,2017-11-08,Marketplace,0,0
LEAD010283,CUST001791,2018-06-25,Paid Search,1,1
LEAD010284,CUST005010,2017-10-02,Organic,1,0
LEAD010285,CUST001492,2018-01-04,Email,1,0
LEAD010286,CUST003357,2017-11-15,Social,0,0
LEAD010287,CUST002158,2018-01-03,Organic,1,1
LEAD010288,CUST002875,2018-09-01,Email,0,0
LEAD010289,CUST009748,2017-12-17,Social,0,0
LEAD010290,CUST003682,2018-04-21,Organic,0,0
LEAD010291,CUST009119,2018-05-22,Social,0,0
LEAD010292,CUST001067,2018-04-06,Referral,0,0
LEAD010293,CUST002224,2017-07-14,Social,0,0
LEAD010294,CUST008316,2018-03-05,Referral,0,0
LEAD010295,CUST007459,2017-10-30,Referral,1,0
LEAD010296,CUST008268,2017-05-09,Referral,1,0
LEAD010297,CUST009546,2018-08-30,Referral,1,1
LEAD010298,CUST005032,2017-04-20,Organic,1,0
LEAD010299,CUST009148,2017-10-06,Organic,0,0
LEAD010300,CUST003450,2018-06-15,Paid Search,1,0
LEAD010301,CUST003876,2017-07-09,Paid Search,1,1
LEAD010302,CUST003640,2018-06-11,Marketplace,1,0
LEAD010303,CUST008363,2017-06-10,Paid Search,1,1
LEAD010304,CUST007805,2017-09-21,Social,1,1
LEAD010305,CUST003853,2017-01-26,Paid Search,1,1
LEAD010306,CUST005873,2018-02-19,Social,0,0
LEAD010307,CUST003914,2018-02-15,Social,1,0
LEAD010308,CUST009670,2017-09-06,Marketplace,1,1
LEAD010309,CUST008535,2017-01-22,Marketplace,1,1
LEAD010310,CUST001368,2017-07-02,Paid Search,1,1
LEAD010311,CUST006508,2017-03-12,Referral,0,0
LEAD010312,CUST007823,2017-06-05,Paid Search,0,0
LEAD010313,CUST001822,2018-03-26,Social,0,0
LEAD010314,CUST006634,2017-08-17,Paid Search,1,0
LEAD010315,CUST001685,2017-03-28,Social,1,1
LEAD010316,CUST001342,2017-03-10,Paid Search,1,0
LEAD010317,CUST001335,2017-05-07,Organic,0,0
LEAD010318,CUST004958,2017-04-24,Paid Search,1,0
LEAD010319,CUST007460,2017-01-31,Organic,0,0
LEAD010320,CUST003838,2018-03-12,Marketplace,1,1
LEAD010321,CUST009507,2017-08-30,Organic,0,0
LEAD010322,CUST007077,2017-02-12,Email,0,0
LEAD010323,CUST003398,2018-01-08,Paid Search,0,0
LEAD010324,CUST001480,2018-06-27,Referral,1,1
LEAD010325,CUST006171,2018-05-17,Email,0,0
LEAD010326,CUST008936,2017-06-30,Email,0,0
LEAD010327,CUST005475,2017-12-27,Referral,0,0
LEAD010328,CUST009825,2017-10-02,Paid Search,0,0
LEAD010329,CUST001309,2017-10-05,Referral,0,0
LEAD010330,CUST002783,2018-08-29,Marketplace,0,0
LEAD010331,CUST008363,2018-02-14,Organic,1,1
LEAD010332,CUST002604,2017-04-11,Paid Search,0,0
LEAD010333,CUST008813,2017-08-03,Email,1,0
LEAD010334,CUST008453,2018-04-17,Social,0,0
LEAD010335,CUST004170,2017-09-04,Paid Search,1,1
LEAD010336,CUST001597,2017-08-03,Referral,1,1
LEAD010337,CUST006741,2017-01-03,Email,0,0
LEAD010338,CUST003950,2018-09-29,Email,0,0
LEAD010339,CUST004665,2018-05-31,Social,0,0
LEAD010340,CUST001317,2018-06-11,Paid Search,1,0
LEAD010341,CUST003088,2018-02-07,Referral,0,0
LEAD010342,CUST006400,2017-01-18,Marketplace,0,0
LEAD010343,CUST001410,2018-09-10,Paid Search,0,0
LEAD010344,CUST008182,2017-03-22,Paid Search,0,0
LEAD010345,CUST005604,2018-01-21,Referral,0,0
LEAD010346,CUST007680,2018-03-15,Social,1,1
LEAD010347,CUST006019,2018-03-07,Marketplace,1,0
LEAD010348,CUST007614,2018-03-10,Referral,0,0
LEAD010349,CUST004626,2018-01-06,Paid Search,0,0
LEAD010350,CUST003777,2018-02-03,Marketplace,1,0
LEAD010351,CUST009929,2018-01-18,Paid Search,1,1
LEAD010352,CUST009309,2017-11-20,Marketplace,1,0
LEAD010353,CUST002794,2017-02-28,Paid Search,1,1
LEAD010354,CUST000231,2018-07-01,Marketplace,0,0
LEAD010355,CUST007202,2018-05-07,Paid Search,1,0
LEAD010356,CUST007135,2017-10-05,Organic,0,0
LEAD010357,CUST006241,2018-02-04,Social,1,1
LEAD010358,CUST002873,2017-09-06,Referral,0,0
LEAD010359,CUST006525,2017-03-27,Referral,0,0
LEAD010360,CUST006718,2018-03-16,Referral,1,0
LEAD010361,CUST008150,2017-10-22,Social,0,0
LEAD010362,CUST005501,2018-08-22,Paid Search,1,1
LEAD010363,CUST001299,2017-08-30,Organic,0,0
LEAD010364,CUST000085,2018-06-23,Social,1,1
LEAD010365,CUST000943,2017-07-28,Referral,1,0
LEAD010366,CUST004892,2018-09-01,Paid Search,0,0
LEAD010367,CUST000608,2018-04-05,Marketplace,1,0
LEAD010368,CUST000420,2017-07-16,Marketplace,1,0
LEAD010369,CUST003588,2017-02-16,Paid Search,0,0
LEAD010370,CUST003625,2018-08-15,Paid Search,1,1
LEAD010371,CUST004293,2017-07-19,Marketplace,1,0
LEAD010372,CUST003485,2017-05-09,Organic,1,0
LEAD010373,CUST008365,2018-07-30,Marketplace,0,0
LEAD010374,CUST000405,2017-10-04,Marketplace,0,0
LEAD010375,CUST009205,2018-05-11,Referral,0,0
LEAD010376,CUST005207,2018-08-21,Marketplace,1,1
LEAD010377,CUST009949,2017-11-02,Organic,1,0
LEAD010378,CUST000184,2017-10-04,Referral,1,1
LEAD010379,CUST006897,2017-06-01,Organic,1,0
LEAD010380,CUST000397,2018-08-17,Referral,1,0
LEAD010381,CUST007941,2018-02-19,Referral,1,0
LEAD010382,CUST002279,2018-09-28,Marketplace,0,0
LEAD010383,CUST008232,2017-07-03,Organic,0,0
LEAD010384,CUST004529,2018-06-25,Paid Search,0,0
LEAD010385,CUST009944,2018-01-01,Marketplace,1,0
LEAD010386,CUST007150,2017-05-05,Paid Search,1,0
LEAD010387,CUST009951,2017-09-19,Organic,1,1
LEAD010388,CUST009353,2017-02-05,Referral,0,0
LEAD010389,CUST001969,2017-10-28,Organic,1,0
LEAD010390,CUST002345,2018-08-06,Organic,1,0
LEAD010391,CUST002007,2018-03-20,Referral,0,0
LEAD010392,CUST005071,2017-12-23,Email,0,0
LEAD010393,CUST001983,2017-06-22,Paid Search,0,0
LEAD010394,CUST005494,2017-09-21,Paid Search,1,0
LEAD010395,CUST000292,2017-01-06,Social,0,0
LEAD010396,CUST009777,2017-05-01,Email,0,0
LEAD010397,CUST004196,2017-10-02,Social,0,0
LEAD010398,CUST008967,2018-07-02,Marketplace,0,0
LEAD010399,CUST007723,2018-06-27,Social,1,0
LEAD010400,CUST000568,2018-07-15,Marketplace,1,0
LEAD010401,CUST005609,2018-06-29,Social,0,0
LEAD010402,CUST004894,2018-02-24,Organic,0,0
LEAD010403,CUST002911,2017-11-14,Paid Search,0,0
LEAD010404,CUST000016,2018-06-23,Email,1,1
LEAD010405,CUST006093,2017-02-01,Paid Search,0,0
LEAD010406,CUST001162,2017-02-18,Referral,0,0
LEAD010407,CUST000112,2018-04-17,Paid Search,0,0
LEAD010408,CUST007519,2018-02-15,Email,0,0
LEAD010409,CUST002446,2017-11-02,Social,1,0
LEAD010410,CUST003617,2017-07-27,Social,0,0
LEAD010411,CUST000356,2018-06-17,Referral,1,0
LEAD010412,CUST002737,2017-07-11,Organic,1,0
LEAD010413,CUST001577,2018-01-05,Organic,1,1
LEAD010414,CUST002610,2018-07-06,Organic,0,0
LEAD010415,CUST009942,2018-08-28,Paid Search,0,0
LEAD010416,CUST000890,2017-04-24,Social,1,0
LEAD010417,CUST007431,2018-06-27,Paid Search,0,0
LEAD010418,CUST000950,2017-04-27,Referral,0,0
LEAD010419,CUST007064,2017-12-18,Email,1,0
LEAD010420,CUST000536,2018-06-25,Marketplace,1,0
LEAD010421,CUST003574,2017-12-09,Referral,0,0
LEAD010422,CUST004638,2018-01-12,Social,1,0
LEAD010423,CUST002137,2017-06-03,Marketplace,0,0
LEAD010424,CUST005920,2018-09-16,Referral,0,0
LEAD010425,CUST007021,2018-09-11,Organic,1,0
LEAD010426,CUST004200,2017-07-09,Social,0,0
LEAD010427,CUST002300,2017-12-01,Email,1,1
LEAD010428,CUST002332,2017-11-16,Email,1,0
LEAD010429,CUST001557,2017-11-16,Email,0,0
LEAD010430,CUST004086,2018-06-14,Social,1,0
LEAD010431,CUST000559,2017-03-13,Marketplace,1,0
LEAD010432,CUST000047,2017-06-09,Referral,0,0
LEAD010433,CUST006188,2017-05-14,Social,1,0
LEAD010434,CUST003179,2017-08-08,Organic,0,0
LEAD010435,CUST000867,2018-01-01,Organic,1,0
LEAD010436,CUST002553,2018-08-07,Marketplace,0,0
LEAD010437,CUST008500,2017-05-04,Organic,1,0
LEAD010438,CUST002989,2017-05-28,Marketplace,0,0
LEAD010439,CUST000055,2018-07-17,Marketplace,1,1
LEAD010440,CUST001244,2017-01-28,Social,0,0
LEAD010441,CUST002024,2017-05-04,Marketplace,0,0
LEAD010442,CUST001368,2018-09-20,Marketplace,1,0
LEAD010443,CUST002985,2018-03-20,Email,0,0
LEAD010444,CUST008669,2018-08-13,Referral,1,1
LEAD010445,CUST003941,2018-01-10,Marketplace,1,0
LEAD010446,CUST008494,2017-02-11,Social,0,0
LEAD010447,CUST008534,2017-05-28,Organic,1,0
LEAD010448,CUST002779,2017-01-31,Email,0,0
LEAD010449,CUST005592,2018-06-24,Email,0,0
LEAD010450,CUST001016,2017-08-06,Paid Search,0,0
LEAD010451,CUST006680,2018-04-20,Referral,0,0
LEAD010452,CUST001379,2017-09-14,Paid Search,0,0
LEAD010453,CUST004351,2018-01-02,Organic,1,1
LEAD010454,CUST003504,2017-08-13,Email,0,0
LEAD010455,CUST006787,2017-08-09,Referral,1,0
LEAD010456,CUST001143,2017-09-15,Social,0,0
LEAD010457,CUST005372,2018-02-21,Marketplace,0,0
LEAD010458,CUST006075,2018-05-22,Referral,0,0
LEAD010459,CUST004255,2018-08-22,Email,0,0
LEAD010460,CUST004962,2017-07-25,Referral,0,0
LEAD010461,CUST008052,2017-10-26,Email,1,0
LEAD010462,CUST004254,2017-03-16,Organic,1,0
LEAD010463,CUST003922,2017-03-12,Organic,0,0
LEAD010464,CUST005276,2018-06-01,Paid Search,0,0
LEAD010465,CUST003272,2017-12-26,Social,1,0
LEAD010466,CUST008896,2017-04-11,Organic,1,0
LEAD010467,CUST007527,2017-01-03,Referral,1,0
LEAD010468,CUST009558,2017-03-03,Organic,1,1
LEAD010469,CUST009064,2017-03-14,Marketplace,0,0
LEAD010470,CUST005960,2017-08-22,Paid Search,1,1
LEAD010471,CUST005065,2018-08-02,Paid Search,1,1
LEAD010472,CUST008347,2018-03-07,Organic,0,0
LEAD010473,CUST001599,2017-09-22,Paid Search,0,0
LEAD010474,CUST003757,2018-02-09,Marketplace,1,1
LEAD010475,CUST007240,2017-04-24,Marketplace,1,0
LEAD010476,CUST002821,2017-04-30,Referral,0,0
LEAD010477,CUST004028,2018-06-10,Marketplace,1,0
LEAD010478,CUST007862,2018-05-02,Organic,1,0
LEAD010479,CUST006514,2017-10-24,Marketplace,1,0
LEAD010480,CUST002055,2017-07-03,Referral,0,0
LEAD010481,CUST001047,2017-03-30,Paid Search,1,0
LEAD010482,CUST005847,2018-01-08,Organic,0,0
LEAD010483,CUST006732,2018-05-08,Marketplace,1,0
LEAD010484,CUST003358,2017-11-20,Marketplace,1,0
LEAD010485,CUST004721,2018-06-28,Paid Search,0,0
LEAD010486,CUST006671,2018-02-13,Paid Search,0,0
LEAD010487,CUST002754,2017-07-21,Email,1,1
LEAD010488,CUST009293,2017-10-14,Email,0,0
LEAD010489,CUST001098,2018-01-22,Referral,0,0
LEAD010490,CUST004838,2017-07-05,Email,0,0
LEAD010491,CUST007150,2017-03-26,Organic,1,0
LEAD010492,CUST009255,2018-07-23,Paid Search,0,0
LEAD010493,CUST004467,2017-07-19,Organic,1,1
LEAD010494,CUST009923,2018-08-06,Marketplace,1,0
LEAD010495,CUST004920,2018-05-27,Organic,0,0
LEAD010496,CUST001833,2018-06-30,Email,1,1
LEAD010497,CUST006824,2017-12-20,Paid Search,0,0
LEAD010498,CUST001107,2017-03-23,Referral,1,0
LEAD010499,CUST000298,2017-01-29,Paid Search,0,0
LEAD010500,CUST007359,2018-05-08,Organic,1,0
LEAD010501,CUST009272,2018-01-02,Organic,1,0
LEAD010502,CUST000234,2018-01-27,Paid Search,1,0
LEAD010503,CUST001778,2018-08-08,Paid Search,1,0
LEAD010504,CUST005751,2018-07-21,Referral,1,0
LEAD010505,CUST008290,2017-06-08,Email,1,1
LEAD010506,CUST008023,2017-12-27,Paid Search,1,0
LEAD010507,CUST004336,2018-08-12,Referral,1,0
LEAD010508,CUST000247,2018-01-27,Social,1,0
LEAD010509,CUST007843,2018-03-07,Paid Search,0,0
LEAD010510,CUST007845,2017-01-09,Social,0,0
LEAD010511,CUST005824,2017-04-04,Paid Search,0,0
LEAD010512,CUST001484,2017-08-14,Marketplace,1,1
LEAD010513,CUST004314,2017-06-21,Referral,1,0
LEAD010514,CUST004718,2018-08-13,Email,1,0
LEAD010515,CUST003358,2017-04-24,Paid Search,1,0
LEAD010516,CUST006563,2017-04-04,Social,1,0
LEAD010517,CUST002038,2017-06-11,Marketplace,0,0
LEAD010518,CUST003097,2018-05-16,Marketplace,0,0
LEAD010519,CUST007869,2017-07-21,Email,0,0
LEAD010520,CUST003599,2017-12-31,Social,0,0
LEAD010521,CUST009768,2018-08-12,Social,0,0
LEAD010522,CUST009221,2018-09-26,Marketplace,1,0
LEAD010523,CUST008779,2018-04-08,Social,1,0
LEAD010524,CUST009786,2017-04-11,Marketplace,0,0
LEAD010525,CUST000814,2017-07-01,Referral,1,0
LEAD010526,CUST008486,2018-07-14,Organic,0,0
LEAD010527,CUST001648,2018-03-28,Email,0,0
LEAD010528,CUST001009,2018-01-09,Referral,0,0
LEAD010529,CUST006123,2017-10-10,Social,0,0
LEAD010530,CUST005991,2017-05-10,Referral,1,1
LEAD010531,CUST001907,2017-08-01,Social,0,0
LEAD010532,CUST005803,2017-09-08,Paid Search,1,0
LEAD010533,CUST005442,2018-06-17,Organic,1,0
LEAD010534,CUST006814,2017-12-24,Organic,1,1
LEAD010535,CUST006313,2018-07-13,Organic,1,0
LEAD010536,CUST004366,2017-05-10,Organic,0,0
LEAD010537,CUST002409,2017-01-17,Paid Search,0,0
LEAD010538,CUST003513,2017-04-09,Paid Search,1,0
LEAD010539,CUST007500,2017-03-09,Referral,0,0
LEAD010540,CUST000144,2018-09-15,Email,1,0
LEAD010541,CUST009950,2017-11-20,Paid Search,0,0
LEAD010542,CUST008748,2018-07-01,Email,1,0
LEAD010543,CUST003069,2018-03-17,Social,1,0
LEAD010544,CUST007069,2018-08-02,Paid Search,0,0
LEAD010545,CUST002372,2017-02-26,Email,1,0
LEAD010546,CUST009456,2018-05-15,Referral,1,1
LEAD010547,CUST003754,2018-09-27,Paid Search,0,0
LEAD010548,CUST006491,2017-08-27,Paid Search,1,0
LEAD010549,CUST008895,2018-07-13,Referral,1,1
LEAD010550,CUST008374,2017-08-21,Paid Search,0,0
LEAD010551,CUST002976,2017-05-31,Organic,0,0
LEAD010552,CUST008009,2017-12-03,Email,0,0
LEAD010553,CUST003748,2018-07-05,Email,0,0
LEAD010554,CUST001725,2018-02-21,Referral,1,0
LEAD010555,CUST004148,2018-07-08,Marketplace,1,1
LEAD010556,CUST004963,2017-02-13,Referral,0,0
LEAD010557,CUST001719,2017-10-24,Paid Search,0,0
LEAD010558,CUST000217,2017-07-25,Referral,1,0
LEAD010559,CUST000284,2018-01-21,Email,1,0
LEAD010560,CUST001316,2017-11-30,Email,1,0
LEAD010561,CUST006913,2018-07-11,Email,1,1
LEAD010562,CUST003187,2017-05-27,Paid Search,1,1
LEAD010563,CUST007971,2017-05-15,Marketplace,1,1
LEAD010564,CUST009699,2017-04-13,Paid Search,1,0
LEAD010565,CUST009853,2017-03-19,Referral,1,0
LEAD010566,CUST005607,2018-08-08,Referral,0,0
LEAD010567,CUST002302,2017-12-09,Email,1,0
LEAD010568,CUST001453,2018-03-11,Referral,0,0
LEAD010569,CUST007979,2017-07-08,Email,0,0
LEAD010570,CUST005927,2018-01-02,Email,1,1
LEAD010571,CUST003875,2018-08-24,Organic,0,0
LEAD010572,CUST000707,2018-05-31,Email,0,0
LEAD010573,CUST007532,2018-01-11,Email,1,0
LEAD010574,CUST006036,2017-06-11,Social,0,0
LEAD010575,CUST005782,2017-09-12,Email,0,0
LEAD010576,CUST001619,2017-01-08,Referral,0,0
LEAD010577,CUST008862,2017-02-19,Referral,1,0
LEAD010578,CUST001036,2017-07-10,Organic,0,0
LEAD010579,CUST002999,2018-09-01,Organic,1,0
LEAD010580,CUST002039,2017-09-06,Organic,0,0
LEAD010581,CUST006520,2018-02-06,Email,1,0
LEAD010582,CUST009634,2017-11-16,Referral,0,0
LEAD010583,CUST006507,2017-11-06,Organic,0,0
LEAD010584,CUST002975,2018-04-16,Email,0,0
LEAD010585,CUST008365,2018-07-04,Email,0,0
LEAD010586,CUST007095,2018-01-12,Marketplace,0,0
LEAD010587,CUST008734,2017-09-01,Email,0,0
LEAD010588,CUST000537,2018-02-13,Referral,1,0
LEAD010589,CUST001928,2018-09-14,Social,1,1
LEAD010590,CUST006705,2017-02-22,Marketplace,0,0
LEAD010591,CUST009361,2017-06-12,Referral,0,0
LEAD010592,CUST003785,2017-12-04,Email,0,0
LEAD010593,CUST003692,2018-03-12,Organic,1,1
LEAD010594,CUST004159,2017-08-31,Paid Search,0,0
LEAD010595,CUST003668,2017-10-30,Organic,0,0
LEAD010596,CUST009178,2017-09-20,Email,0,0
LEAD010597,CUST000193,2018-07-16,Paid Search,0,0
LEAD010598,CUST008724,2017-11-09,Marketplace,1,0
LEAD010599,CUST007208,2017-11-19,Social,0,0
LEAD010600,CUST009258,2017-05-10,Email,1,0
LEAD010601,CUST004806,2017-05-03,Email,0,0
LEAD010602,CUST008363,2017-07-28,Social,0,0
LEAD010603,CUST004590,2017-11-14,Referral,1,0
LEAD010604,CUST000240,2017-06-02,Social,0,0
LEAD010605,CUST003676,2018-01-19,Organic,0,0
LEAD010606,CUST004830,2018-05-03,Organic,1,1
LEAD010607,CUST000386,2018-03-14,Referral,1,1
LEAD010608,CUST008445,2017-07-14,Email,1,0
LEAD010609,CUST000851,2018-07-09,Paid Search,0,0
LEAD010610,CUST001878,2017-08-20,Paid Search,1,0
LEAD010611,CUST004138,2018-05-30,Email,1,0
LEAD010612,CUST006435,2018-04-12,Referral,1,1
LEAD010613,CUST009864,2017-03-29,Paid Search,0,0
LEAD010614,CUST006066,2018-06-11,Email,1,0
LEAD010615,CUST005230,2017-10-24,Social,1,1
LEAD010616,CUST001301,2018-02-17,Referral,0,0
LEAD010617,CUST006205,2018-01-29,Marketplace,0,0
LEAD010618,CUST001578,2017-09-23,Organic,1,0
LEAD010619,CUST008236,2017-02-06,Paid Search,1,1
LEAD010620,CUST000964,2018-03-22,Organic,0,0
LEAD010621,CUST008080,2017-07-10,Social,1,1
LEAD010622,CUST009753,2018-02-18,Email,1,0
LEAD010623,CUST008268,2017-01-04,Email,0,0
LEAD010624,CUST009214,2017-08-10,Social,1,0
LEAD010625,CUST004248,2017-03-08,Email,1,1
LEAD010626,CUST004137,2018-02-08,Email,0,0
LEAD010627,CUST003022,2018-05-14,Organic,1,1
LEAD010628,CUST005837,2018-04-12,Email,1,0
LEAD010629,CUST000068,2017-04-02,Email,0,0
LEAD010630,CUST004326,2018-03-01,Referral,0,0
LEAD010631,CUST000007,2017-11-26,Organic,1,0
LEAD010632,CUST007969,2017-01-07,Email,0,0
LEAD010633,CUST007606,2017-08-08,Email,1,1
LEAD010634,CUST004404,2018-09-11,Organic,0,0
LEAD010635,CUST003630,2017-08-27,Referral,0,0
LEAD010636,CUST005662,2017-06-03,Organic,0,0
LEAD010637,CUST001071,2017-05-25,Email,1,1
LEAD010638,CUST004694,2017-03-29,Organic,1,0
LEAD010639,CUST004571,2017-10-13,Paid Search,1,0
LEAD010640,CUST005696,2017-04-23,Email,0,0
LEAD010641,CUST006740,2017-09-09,Organic,1,0
LEAD010642,CUST008053,2018-03-11,Referral,0,0
LEAD010643,CUST007274,2018-08-05,Email,0,0
LEAD010644,CUST009305,2017-03-08,Paid Search,0,0
LEAD010645,CUST003657,2018-02-10,Referral,0,0
LEAD010646,CUST000809,2018-03-05,Marketplace,0,0
LEAD010647,CUST001455,2017-06-29,Email,0,0
LEAD010648,CUST006865,2018-05-25,Organic,1,0
LEAD010649,CUST001323,2017-12-26,Referral,0,0
LEAD010650,CUST006845,2017-06-30,Referral,0,0
LEAD010651,CUST008328,2017-08-19,Paid Search,1,0
LEAD010652,CUST004701,2017-11-13,Email,1,0
LEAD010653,CUST002632,2018-06-05,Marketplace,0,0
LEAD010654,CUST006499,2018-06-07,Paid Search,1,0
LEAD010655,CUST006869,2018-09-24,Social,1,0
LEAD010656,CUST009017,2018-04-18,Email,1,1
LEAD010657,CUST009157,2017-08-24,Email,0,0
LEAD010658,CUST005173,2017-10-01,Organic,0,0
LEAD010659,CUST000166,2018-03-22,Social,0,0
LEAD010660,CUST009133,2018-01-09,Social,0,0
LEAD010661,CUST001538,2017-07-11,Paid Search,1,0
LEAD010662,CUST009497,2017-11-27,Organic,1,0
LEAD010663,CUST003023,2017-05-21,Paid Search,0,0
LEAD010664,CUST006583,2018-03-19,Referral,0,0
LEAD010665,CUST009296,2017-10-22,Organic,1,0
LEAD010666,CUST006265,2018-03-22,Organic,0,0
LEAD010667,CUST008190,2017-06-26,Marketplace,0,0
LEAD010668,CUST007332,2018-02-21,Referral,0,0
LEAD010669,CUST007389,2017-12-18,Paid Search,1,1
LEAD010670,CUST001886,2018-01-16,Marketplace,1,0
LEAD010671,CUST000973,2018-01-12,Organic,1,1
LEAD010672,CUST007905,2017-12-26,Referral,0,0
LEAD010673,CUST009392,2017-12-09,Paid Search,1,0
LEAD010674,CUST003834,2017-04-20,Paid Search,1,0
LEAD010675,CUST003563,2017-06-05,Referral,0,0
LEAD010676,CUST005684,2018-04-20,Social,1,0
LEAD010677,CUST008447,2017-01-09,Marketplace,0,0
LEAD010678,CUST000379,2017-08-03,Organic,1,0
LEAD010679,CUST004774,2018-07-12,Paid Search,1,1
LEAD010680,CUST004992,2017-07-29,Referral,1,1
LEAD010681,CUST009157,2018-07-08,Paid Search,0,0
LEAD010682,CUST007999,2018-04-09,Organic,1,0
LEAD010683,CUST006049,2017-07-25,Email,1,0
LEAD010684,CUST004404,2017-04-24,Organic,0,0
LEAD010685,CUST000647,2017-10-19,Social,0,0
LEAD010686,CUST002325,2018-09-30,Paid Search,0,0
LEAD010687,CUST003548,2017-10-08,Referral,0,0
LEAD010688,CUST005471,2017-02-20,Organic,1,0
LEAD010689,CUST009389,2017-12-29,Social,1,0
LEAD010690,CUST003514,2018-06-25,Referral,0,0
LEAD010691,CUST007935,2018-05-30,Organic,1,0
LEAD010692,CUST009260,2018-05-10,Marketplace,0,0
LEAD010693,CUST001029,2018-07-09,Referral,0,0
LEAD010694,CUST004285,2018-02-13,Referral,0,0
LEAD010695,CUST009396,2017-10-18,Organic,0,0
LEAD010696,CUST004979,2018-02-18,Social,0,0
LEAD010697,CUST003565,2017-09-20,Social,1,1
LEAD010698,CUST009120,2017-04-28,Email,1,1
LEAD010699,CUST003231,2017-01-19,Marketplace,1,0
LEAD010700,CUST005413,2017-07-17,Paid Search,0,0
LEAD010701,CUST008452,2018-04-10,Marketplace,1,0
LEAD010702,CUST003108,2018-09-12,Organic,1,1
LEAD010703,CUST006805,2018-01-31,Email,0,0
LEAD010704,CUST003259,2017-09-16,Paid Search,1,0
LEAD010705,CUST008326,2018-07-15,Social,0,0
LEAD010706,CUST005894,2017-02-09,Referral,0,0
LEAD010707,CUST000747,2017-12-07,Marketplace,1,1
LEAD010708,CUST006141,2017-04-12,Referral,1,0
LEAD010709,CUST008513,2018-03-01,Referral,0,0
LEAD010710,CUST006491,2018-08-29,Email,1,1
LEAD010711,CUST006973,2017-07-10,Referral,0,0
LEAD010712,CUST005946,2017-02-17,Marketplace,1,0
LEAD010713,CUST002137,2018-06-01,Marketplace,0,0
LEAD010714,CUST007495,2017-06-09,Referral,0,0
LEAD010715,CUST000711,2018-08-08,Social,1,0
LEAD010716,CUST007002,2018-08-30,Paid Search,0,0
LEAD010717,CUST004976,2017-11-13,Social,1,1
LEAD010718,CUST000527,2018-05-17,Marketplace,1,0
LEAD010719,CUST003248,2018-03-13,Paid Search,0,0
LEAD010720,CUST009919,2017-07-04,Organic,0,0
LEAD010721,CUST009782,2017-10-12,Organic,1,0
LEAD010722,CUST001706,2017-09-30,Paid Search,1,0
LEAD010723,CUST002953,2018-02-28,Paid Search,1,0
LEAD010724,CUST008607,2017-05-08,Email,0,0
LEAD010725,CUST006799,2017-09-12,Organic,1,0
LEAD010726,CUST004028,2017-01-04,Social,0,0
LEAD010727,CUST001401,2018-09-21,Organic,0,0
LEAD010728,CUST007344,2018-07-17,Email,0,0
LEAD010729,CUST007664,2017-08-20,Social,0,0
LEAD010730,CUST006506,2017-01-25,Social,1,0
LEAD010731,CUST005181,2017-09-05,Social,0,0
LEAD010732,CUST005337,2018-02-02,Email,1,0
LEAD010733,CUST001611,2017-09-26,Paid Search,0,0
LEAD010734,CUST008125,2017-04-15,Referral,0,0
LEAD010735,CUST006392,2018-09-15,Social,0,0
LEAD010736,CUST009790,2018-04-21,Social,1,1
LEAD010737,CUST004593,2017-10-01,Marketplace,0,0
LEAD010738,CUST000926,2018-08-13,Email,0,0
LEAD010739,CUST005638,2017-01-17,Paid Search,0,0
LEAD010740,CUST008803,2018-07-18,Marketplace,1,0
LEAD010741,CUST007833,2018-03-30,Social,1,1
LEAD010742,CUST006578,2017-01-16,Referral,1,1
LEAD010743,CUST009805,2018-01-23,Email,0,0
LEAD010744,CUST003177,2018-09-29,Marketplace,1,0
LEAD010745,CUST002186,2018-03-18,Paid Search,1,1
LEAD010746,CUST000726,2018-01-15,Organic,0,0
LEAD010747,CUST004991,2018-05-20,Marketplace,0,0
LEAD010748,CUST003614,2018-04-28,Paid Search,0,0
LEAD010749,CUST005914,2017-03-31,Paid Search,1,1
LEAD010750,CUST009840,2018-01-08,Marketplace,0,0
LEAD010751,CUST009655,2018-08-12,Paid Search,1,1
LEAD010752,CUST008474,2018-05-07,Marketplace,1,1
LEAD010753,CUST000027,2017-08-02,Marketplace,0,0
LEAD010754,CUST000673,2017-01-09,Social,0,0
LEAD010755,CUST000121,2017-08-31,Organic,0,0
LEAD010756,CUST009709,2017-07-12,Social,1,0
LEAD010757,CUST001341,2018-05-05,Email,1,0
LEAD010758,CUST007783,2017-06-15,Social,0,0
LEAD010759,CUST008002,2018-07-08,Paid Search,1,0
LEAD010760,CUST006577,2018-08-13,Organic,1,0
LEAD010761,CUST000061,2017-08-28,Social,1,0
LEAD010762,CUST001237,2017-10-17,Marketplace,0,0
LEAD010763,CUST008606,2018-01-04,Organic,0,0
LEAD010764,CUST002956,2017-01-01,Referral,0,0
LEAD010765,CUST008328,2018-08-27,Referral,0,0
LEAD010766,CUST004391,2018-06-04,Email,0,0
LEAD010767,CUST006368,2017-11-22,Social,1,1
LEAD010768,CUST009705,2017-10-12,Social,1,0
LEAD010769,CUST006371,2018-04-14,Organic,0,0
LEAD010770,CUST007841,2018-07-31,Paid Search,0,0
LEAD010771,CUST009570,2017-07-01,Marketplace,0,0
LEAD010772,CUST006160,2017-07-04,Email,1,1
LEAD010773,CUST002056,2018-03-23,Marketplace,1,0
LEAD010774,CUST002150,2018-04-01,Email,0,0
LEAD010775,CUST003565,2018-06-22,Marketplace,1,0
LEAD010776,CUST002511,2018-01-11,Paid Search,1,0
LEAD010777,CUST007485,2018-05-13,Paid Search,0,0
LEAD010778,CUST000771,2017-05-12,Organic,0,0
LEAD010779,CUST000401,2017-05-16,Organic,0,0
LEAD010780,CUST006763,2017-06-30,Marketplace,1,1
LEAD010781,CUST009692,2017-10-09,Marketplace,1,0
LEAD010782,CUST008181,2017-01-12,Email,1,0
LEAD010783,CUST001997,2017-07-09,Email,1,0
LEAD010784,CUST005153,2017-05-25,Referral,0,0
LEAD010785,CUST009557,2017-10-22,Marketplace,0,0
LEAD010786,CUST009571,2017-01-24,Organic,0,0
LEAD010787,CUST004884,2018-01-13,Referral,1,0
LEAD010788,CUST003308,2018-03-21,Paid Search,0,0
LEAD010789,CUST000888,2018-07-05,Email,1,1
LEAD010790,CUST000025,2018-09-19,Email,0,0
LEAD010791,CUST007710,2017-01-03,Referral,1,0
LEAD010792,CUST005124,2017-02-26,Referral,0,0
LEAD010793,CUST005394,2017-11-23,Email,1,1
LEAD010794,CUST000927,2017-12-28,Email,0,0
LEAD010795,CUST006204,2017-10-04,Email,1,0
LEAD010796,CUST005153,2018-09-17,Referral,0,0
LEAD010797,CUST008838,2018-04-15,Social,1,0
LEAD010798,CUST009659,2017-10-20,Marketplace,1,1
LEAD010799,CUST006085,2018-05-01,Social,1,0
LEAD010800,CUST009581,2018-04-21,Organic,1,1
LEAD010801,CUST005371,2017-10-20,Email,0,0
LEAD010802,CUST009028,2018-07-19,Paid Search,1,1
LEAD010803,CUST006743,2017-10-13,Marketplace,0,0
LEAD010804,CUST001508,2017-11-24,Email,0,0
LEAD010805,CUST009500,2017-03-06,Marketplace,0,0
LEAD010806,CUST003831,2017-03-25,Marketplace,0,0
LEAD010807,CUST003965,2018-05-15,Referral,1,0
LEAD010808,CUST003417,2018-01-07,Organic,0,0
LEAD010809,CUST002297,2018-06-09,Organic,1,1
LEAD010810,CUST001281,2018-06-09,Paid Search,0,0
LEAD010811,CUST009150,2017-04-30,Paid Search,1,0
LEAD010812,CUST009464,2017-05-12,Organic,1,0
LEAD010813,CUST007229,2018-03-08,Referral,0,0
LEAD010814,CUST005228,2017-10-26,Email,1,1
LEAD010815,CUST004713,2017-06-26,Social,0,0
LEAD010816,CUST009759,2018-02-04,Email,1,0
LEAD010817,CUST002970,2018-07-29,Marketplace,0,0
LEAD010818,CUST009837,2018-09-17,Organic,0,0
LEAD010819,CUST004157,2017-08-05,Paid Search,1,0
LEAD010820,CUST004736,2018-06-12,Organic,0,0
LEAD010821,CUST008438,2017-03-13,Email,1,0
LEAD010822,CUST000469,2017-06-09,Organic,1,0
LEAD010823,CUST000436,2017-04-30,Organic,1,1
LEAD010824,CUST002340,2017-08-23,Social,1,1
LEAD010825,CUST004158,2017-04-19,Marketplace,1,0
LEAD010826,CUST003679,2017-02-10,Marketplace,0,0
LEAD010827,CUST009592,2017-07-10,Organic,0,0
LEAD010828,CUST006209,2018-02-27,Organic,1,0
LEAD010829,CUST003228,2018-06-27,Email,0,0
LEAD010830,CUST005802,2017-07-26,Paid Search,0,0
LEAD010831,CUST007712,2018-01-04,Paid Search,1,1
LEAD010832,CUST004687,2017-08-12,Email,1,1
LEAD010833,CUST008875,2018-07-27,Email,0,0
LEAD010834,CUST009509,2018-01-23,Referral,1,1
LEAD010835,CUST000067,2017-04-01,Paid Search,1,0
LEAD010836,CUST000419,2017-05-12,Paid Search,0,0
LEAD010837,CUST008349,2017-10-14,Referral,0,0
LEAD010838,CUST003161,2017-09-15,Referral,0,0
LEAD010839,CUST001325,2017-12-30,Social,1,0
LEAD010840,CUST009784,2017-02-16,Social,0,0
LEAD010841,CUST006715,2017-12-02,Social,0,0
LEAD010842,CUST004346,2017-07-23,Social,1,1
LEAD010843,CUST007353,2017-09-01,Email,1,0
LEAD010844,CUST009754,2018-09-21,Email,1,1
LEAD010845,CUST000595,2017-12-10,Social,1,0
LEAD010846,CUST007382,2017-06-01,Referral,1,1
LEAD010847,CUST002239,2018-06-20,Referral,1,0
LEAD010848,CUST003825,2018-02-01,Organic,0,0
LEAD010849,CUST009863,2017-01-06,Marketplace,1,1
LEAD010850,CUST009209,2018-07-25,Email,0,0
LEAD010851,CUST003624,2018-07-03,Email,1,1
LEAD010852,CUST005275,2017-10-09,Paid Search,0,0
LEAD010853,CUST000959,2017-12-19,Referral,1,0
LEAD010854,CUST000563,2017-04-09,Referral,1,0
LEAD010855,CUST007713,2017-11-08,Referral,0,0
LEAD010856,CUST000030,2018-04-16,Paid Search,0,0
LEAD010857,CUST003161,2017-07-20,Social,1,1
LEAD010858,CUST003292,2017-11-03,Paid Search,0,0
LEAD010859,CUST002470,2017-12-04,Organic,1,0
LEAD010860,CUST005468,2017-03-15,Referral,0,0
LEAD010861,CUST007720,2017-03-08,Marketplace,1,0
LEAD010862,CUST006525,2017-01-26,Marketplace,0,0
LEAD010863,CUST004553,2017-04-26,Marketplace,0,0
LEAD010864,CUST000961,2017-02-28,Social,0,0
LEAD010865,CUST004223,2017-03-30,Email,0,0
LEAD010866,CUST004134,2018-09-22,Referral,0,0
LEAD010867,CUST007789,2017-03-10,Social,1,0
LEAD010868,CUST004751,2017-04-10,Organic,0,0
LEAD010869,CUST001443,2017-01-17,Social,0,0
LEAD010870,CUST004918,2018-06-28,Referral,1,0
LEAD010871,CUST005389,2018-06-27,Referral,0,0
LEAD010872,CUST002381,2018-07-07,Social,1,0
LEAD010873,CUST007229,2018-01-14,Email,0,0
LEAD010874,CUST004562,2018-06-27,Organic,1,1
LEAD010875,CUST000683,2017-02-08,Referral,0,0
LEAD010876,CUST006880,2017-01-13,Paid Search,1,0
LEAD010877,CUST006370,2018-02-23,Email,1,1
LEAD010878,CUST008769,2018-07-04,Email,0,0
LEAD010879,CUST004565,2018-09-12,Paid Search,0,0
LEAD010880,CUST000152,2017-04-11,Social,0,0
LEAD010881,CUST008596,2018-01-03,Referral,0,0
LEAD010882,CUST001807,2017-03-27,Paid Search,1,0
LEAD010883,CUST008875,2018-02-06,Organic,1,0
LEAD010884,CUST003152,2017-04-14,Referral,1,1
LEAD010885,CUST008903,2017-06-20,Organic,1,1
LEAD010886,CUST004707,2017-05-10,Paid Search,1,0
LEAD010887,CUST003796,2018-04-21,Paid Search,1,0
LEAD010888,CUST006003,2018-02-01,Organic,0,0
LEAD010889,CUST000879,2017-03-06,Marketplace,1,0
LEAD010890,CUST000761,2017-04-06,Paid Search,1,0
LEAD010891,CUST005035,2018-01-29,Organic,1,1
LEAD010892,CUST000939,2018-02-15,Organic,1,1
LEAD010893,CUST008093,2018-02-17,Referral,1,0
LEAD010894,CUST002401,2017-03-01,Organic,1,1
LEAD010895,CUST005455,2017-12-14,Paid Search,1,0
LEAD010896,CUST008989,2017-08-31,Paid Search,0,0
LEAD010897,CUST008572,2017-07-07,Paid Search,0,0
LEAD010898,CUST009233,2017-02-23,Marketplace,0,0
LEAD010899,CUST003717,2018-06-22,Paid Search,0,0
LEAD010900,CUST006600,2017-10-16,Referral,0,0
LEAD010901,CUST004101,2017-11-29,Paid Search,0,0
LEAD010902,CUST002248,2017-03-02,Social,0,0
LEAD010903,CUST004148,2018-09-19,Organic,0,0
LEAD010904,CUST009481,2018-06-10,Paid Search,0,0
LEAD010905,CUST002080,2018-09-30,Social,1,0
LEAD010906,CUST005978,2017-08-27,Social,1,1
LEAD010907,CUST000118,2018-04-20,Email,1,0
LEAD010908,CUST003762,2018-04-20,Referral,1,1
LEAD010909,CUST000821,2018-09-03,Referral,0,0
LEAD010910,CUST008275,2017-08-30,Marketplace,1,0
LEAD010911,CUST004049,2018-01-05,Email,0,0
LEAD010912,CUST007136,2017-10-27,Email,0,0
LEAD010913,CUST009278,2017-04-12,Social,1,1
LEAD010914,CUST001957,2018-08-25,Organic,0,0
LEAD010915,CUST007202,2017-11-12,Marketplace,0,0
LEAD010916,CUST004521,2017-01-15,Organic,0,0
LEAD010917,CUST005542,2018-08-28,Email,0,0
LEAD010918,CUST003119,2018-03-28,Marketplace,0,0
LEAD010919,CUST007184,2018-04-14,Email,1,0
LEAD010920,CUST006530,2017-07-10,Social,1,0
LEAD010921,CUST002669,2017-11-10,Referral,1,0
LEAD010922,CUST000451,2018-08-06,Social,1,0
LEAD010923,CUST001872,2017-08-16,Paid Search,1,1
LEAD010924,CUST008275,2017-08-17,Organic,0,0
LEAD010925,CUST003122,2018-09-28,Organic,1,0
LEAD010926,CUST005844,2017-11-04,Email,0,0
LEAD010927,CUST005431,2018-09-23,Email,1,0
LEAD010928,CUST003095,2018-03-03,Paid Search,1,0
LEAD010929,CUST009935,2018-07-17,Social,1,0
LEAD010930,CUST000648,2018-03-08,Email,0,0
LEAD010931,CUST007760,2017-03-24,Marketplace,1,0
LEAD010932,CUST004088,2018-08-16,Email,1,0
LEAD010933,CUST009007,2017-06-27,Marketplace,0,0
LEAD010934,CUST001868,2017-05-29,Email,1,1
LEAD010935,CUST002896,2018-03-07,Social,1,0
LEAD010936,CUST005770,2017-02-15,Marketplace,0,0
LEAD010937,CUST007487,2017-02-16,Referral,1,0
LEAD010938,CUST001417,2017-01-07,Marketplace,0,0
LEAD010939,CUST008427,2018-03-29,Email,0,0
LEAD010940,CUST001977,2018-05-13,Paid Search,0,0
LEAD010941,CUST002552,2017-03-04,Marketplace,1,1
LEAD010942,CUST004720,2018-01-15,Organic,1,1
LEAD010943,CUST005636,2017-06-12,Paid Search,1,0
LEAD010944,CUST005164,2017-05-15,Paid Search,1,1
LEAD010945,CUST007580,2018-02-20,Organic,0,0
LEAD010946,CUST009586,2017-06-21,Referral,1,1
LEAD010947,CUST009757,2017-11-15,Paid Search,0,0
LEAD010948,CUST007547,2017-06-23,Paid Search,0,0
LEAD010949,CUST005465,2017-12-27,Referral,0,0
LEAD010950,CUST003713,2017-09-30,Organic,0,0
LEAD010951,CUST008853,2017-06-24,Social,1,0
LEAD010952,CUST002380,2017-01-11,Organic,1,0
LEAD010953,CUST005703,2017-08-12,Email,1,0
LEAD010954,CUST003999,2018-04-22,Referral,1,0
LEAD010955,CUST005135,2017-03-11,Paid Search,1,1
LEAD010956,CUST004299,2017-08-03,Social,0,0
LEAD010957,CUST005439,2018-04-10,Social,1,1
LEAD010958,CUST008457,2018-07-01,Social,0,0
LEAD010959,CUST006598,2018-01-28,Social,0,0
LEAD010960,CUST002339,2018-02-08,Email,1,1
LEAD010961,CUST006261,2018-03-29,Social,0,0
LEAD010962,CUST007574,2018-07-23,Social,0,0
LEAD010963,CUST006384,2017-05-19,Email,0,0
LEAD010964,CUST004557,2017-10-02,Email,1,1
LEAD010965,CUST000656,2018-07-20,Email,0,0
LEAD010966,CUST001401,2017-06-27,Referral,1,1
LEAD010967,CUST007473,2017-09-22,Marketplace,0,0
LEAD010968,CUST008348,2017-02-27,Marketplace,0,0
LEAD010969,CUST005603,2018-05-27,Social,1,0
LEAD010970,CUST009468,2017-03-07,Email,0,0
LEAD010971,CUST003573,2018-05-25,Marketplace,1,0
LEAD010972,CUST006201,2018-07-20,Paid Search,0,0
LEAD010973,CUST006568,2017-07-19,Email,0,0
LEAD010974,CUST006409,2017-11-11,Paid Search,1,1
LEAD010975,CUST000865,2018-07-25,Paid Search,0,0
LEAD010976,CUST002902,2018-05-04,Email,0,0
LEAD010977,CUST007779,2017-01-21,Organic,1,0
LEAD010978,CUST004938,2018-05-02,Marketplace,1,1
LEAD010979,CUST001250,2018-06-04,Marketplace,0,0
LEAD010980,CUST002113,2018-02-18,Social,0,0
LEAD010981,CUST003648,2017-02-20,Email,1,0
LEAD010982,CUST000681,2017-08-19,Email,0,0
LEAD010983,CUST001355,2017-01-16,Referral,1,1
LEAD010984,CUST003789,2017-06-13,Marketplace,1,0
LEAD010985,CUST000594,2017-05-26,Email,1,0
LEAD010986,CUST005674,2017-08-10,Referral,0,0
LEAD010987,CUST009136,2018-08-15,Paid Search,0,0
LEAD010988,CUST001611,2017-10-10,Referral,0,0
LEAD010989,CUST001830,2017-02-20,Social,1,1
LEAD010990,CUST002320,2017-03-24,Paid Search,1,1
LEAD010991,CUST003074,2018-02-21,Email,1,0
LEAD010992,CUST005552,2018-01-19,Referral,0,0
LEAD010993,CUST006909,2018-04-27,Email,1,1
LEAD010994,CUST008116,2017-09-06,Paid Search,1,1
LEAD010995,CUST002310,2017-04-19,Referral,0,0
LEAD010996,CUST003262,2017-06-23,Social,1,0
LEAD010997,CUST009150,2017-04-03,Paid Search,1,0
LEAD010998,CUST003088,2018-01-03,Organic,1,0
LEAD010999,CUST002752,2018-07-16,Referral,0,0
LEAD011000,CUST006752,2017-05-08,Organic,1,0
LEAD011001,CUST005347,2017-02-22,Email,0,0
LEAD011002,CUST002973,2018-02-06,Marketplace,1,0
LEAD011003,CUST003652,2018-04-01,Organic,1,1
LEAD011004,CUST009685,2018-07-17,Marketplace,1,0
LEAD011005,CUST002642,2017-07-01,Email,0,0
LEAD011006,CUST003007,2018-02-09,Referral,0,0
LEAD011007,CUST006583,2017-04-02,Marketplace,1,0
LEAD011008,CUST006130,2017-08-24,Paid Search,0,0
LEAD011009,CUST002507,2017-02-12,Referral,0,0
LEAD011010,CUST002450,2017-07-31,Paid Search,1,0
LEAD011011,CUST008211,2017-08-23,Marketplace,1,1
LEAD011012,CUST000712,2018-09-02,Paid Search,0,0
LEAD011013,CUST008345,2017-10-19,Marketplace,0,0
LEAD011014,CUST007424,2018-04-15,Paid Search,1,0
LEAD011015,CUST009965,2017-03-05,Organic,0,0
LEAD011016,CUST003993,2017-10-28,Referral,0,0
LEAD011017,CUST003281,2018-04-02,Email,1,1
LEAD011018,CUST006254,2017-01-29,Referral,1,0
LEAD011019,CUST009530,2017-11-09,Referral,1,0
LEAD011020,CUST009881,2017-03-08,Organic,0,0
LEAD011021,CUST008774,2017-11-29,Organic,1,0
LEAD011022,CUST000373,2018-01-17,Organic,1,0
LEAD011023,CUST008802,2017-01-28,Email,0,0
LEAD011024,CUST009718,2018-02-17,Email,1,1
LEAD011025,CUST001317,2017-01-15,Organic,1,0
LEAD011026,CUST004009,2018-04-05,Paid Search,0,0
LEAD011027,CUST002240,2017-08-10,Social,0,0
LEAD011028,CUST006338,2018-05-31,Marketplace,1,0
LEAD011029,CUST004695,2017-08-17,Referral,1,1
LEAD011030,CUST008126,2018-02-10,Organic,0,0
LEAD011031,CUST007526,2017-09-13,Organic,1,1
LEAD011032,CUST002507,2017-05-23,Paid Search,1,0
LEAD011033,CUST006686,2017-12-16,Referral,0,0
LEAD011034,CUST006435,2017-10-10,Referral,0,0
LEAD011035,CUST002128,2017-07-31,Email,1,0
LEAD011036,CUST009494,2017-10-28,Paid Search,1,1
LEAD011037,CUST004090,2017-05-25,Social,1,1
LEAD011038,CUST001143,2018-01-22,Paid Search,0,0
LEAD011039,CUST006656,2017-08-23,Email,0,0
LEAD011040,CUST006949,2017-07-18,Paid Search,0,0
LEAD011041,CUST004132,2017-02-06,Social,1,0
LEAD011042,CUST008840,2017-03-28,Referral,0,0
LEAD011043,CUST006857,2018-02-15,Organic,1,0
LEAD011044,CUST005014,2017-01-07,Referral,0,0
LEAD011045,CUST004739,2017-07-15,Referral,1,0
LEAD011046,CUST007737,2018-08-30,Paid Search,0,0
LEAD011047,CUST002440,2018-04-28,Paid Search,0,0
LEAD011048,CUST005515,2017-10-09,Organic,1,0
LEAD011049,CUST006299,2017-02-03,Marketplace,0,0
LEAD011050,CUST000093,2017-04-30,Social,1,1
LEAD011051,CUST009940,2017-04-02,Email,0,0
LEAD011052,CUST001321,2017-04-24,Organic,0,0
LEAD011053,CUST008068,2017-03-31,Social,1,0
LEAD011054,CUST006027,2017-04-19,Paid Search,0,0
LEAD011055,CUST002390,2017-08-02,Social,0,0
LEAD011056,CUST002200,2017-02-01,Organic,1,0
LEAD011057,CUST009100,2018-09-04,Email,1,0
LEAD011058,CUST001992,2018-09-05,Email,1,0
LEAD011059,CUST009092,2018-06-24,Email,0,0
LEAD011060,CUST004484,2017-09-09,Marketplace,1,0
LEAD011061,CUST000068,2017-06-15,Social,1,0
LEAD011062,CUST007233,2018-05-26,Email,1,0
LEAD011063,CUST002409,2017-12-10,Email,1,0
LEAD011064,CUST008993,2017-02-25,Social,1,0
LEAD011065,CUST008540,2018-04-06,Referral,1,1
LEAD011066,CUST009190,2017-07-10,Social,0,0
LEAD011067,CUST000025,2018-07-30,Email,1,1
LEAD011068,CUST003071,2017-03-28,Paid Search,1,0
LEAD011069,CUST006126,2018-01-17,Marketplace,0,0
LEAD011070,CUST004740,2017-02-24,Referral,0,0
LEAD011071,CUST007702,2017-10-25,Paid Search,1,0
LEAD011072,CUST005341,2017-05-22,Marketplace,0,0
LEAD011073,CUST005657,2017-03-29,Email,1,0
LEAD011074,CUST005736,2018-05-25,Paid Search,0,0
LEAD011075,CUST003840,2017-12-28,Organic,0,0
LEAD011076,CUST006752,2017-04-05,Email,1,0
LEAD011077,CUST005880,2017-06-03,Marketplace,0,0
LEAD011078,CUST009898,2018-06-14,Marketplace,1,0
LEAD011079,CUST003419,2017-02-05,Organic,0,0
LEAD011080,CUST007468,2018-08-30,Referral,1,0
LEAD011081,CUST008263,2017-02-21,Referral,1,0
LEAD011082,CUST009618,2017-07-03,Paid Search,1,0
LEAD011083,CUST003555,2017-02-13,Paid Search,1,1
LEAD011084,CUST007968,2017-04-21,Paid Search,0,0
LEAD011085,CUST003560,2018-07-08,Paid Search,1,0
LEAD011086,CUST006116,2017-03-18,Marketplace,1,1
LEAD011087,CUST002788,2017-12-13,Email,1,0
LEAD011088,CUST008908,2017-10-27,Email,1,1
LEAD011089,CUST003212,2018-08-18,Marketplace,1,0
LEAD011090,CUST004886,2018-01-21,Marketplace,1,1
LEAD011091,CUST008497,2018-09-26,Social,1,1
LEAD011092,CUST006682,2018-09-16,Marketplace,0,0
LEAD011093,CUST006903,2018-07-30,Referral,1,0
LEAD011094,CUST006972,2017-01-06,Referral,0,0
LEAD011095,CUST000062,2018-09-22,Marketplace,0,0
LEAD011096,CUST001992,2018-04-08,Paid Search,1,0
LEAD011097,CUST007117,2018-07-11,Social,0,0
LEAD011098,CUST004006,2018-01-11,Social,0,0
LEAD011099,CUST001810,2017-10-19,Social,0,0
LEAD011100,CUST008347,2017-05-04,Paid Search,0,0
LEAD011101,CUST005258,2018-01-19,Organic,0,0
LEAD011102,CUST001595,2017-03-27,Organic,0,0
LEAD011103,CUST007107,2018-07-13,Paid Search,1,0
LEAD011104,CUST005565,2018-01-21,Email,1,0
LEAD011105,CUST006215,2018-05-18,Referral,1,0
LEAD011106,CUST000178,2018-07-04,Paid Search,1,0
LEAD011107,CUST009049,2017-07-06,Email,0,0
LEAD011108,CUST000871,2018-01-07,Referral,0,0
LEAD011109,CUST008400,2017-09-06,Organic,0,0
LEAD011110,CUST007591,2017-06-21,Marketplace,1,0
LEAD011111,CUST002493,2017-11-03,Paid Search,1,0
LEAD011112,CUST005971,2018-06-24,Paid Search,0,0
LEAD011113,CUST000308,2018-06-22,Social,0,0
LEAD011114,CUST003008,2017-03-15,Marketplace,0,0
LEAD011115,CUST005177,2018-03-14,Organic,1,0
LEAD011116,CUST004718,2017-02-22,Email,1,0
LEAD011117,CUST002058,2018-01-29,Paid Search,1,1
LEAD011118,CUST003267,2017-03-06,Marketplace,0,0
LEAD011119,CUST006966,2018-06-11,Organic,1,0
LEAD011120,CUST000694,2017-05-19,Referral,0,0
LEAD011121,CUST009322,2017-03-31,Organic,1,1
LEAD011122,CUST001930,2018-03-14,Referral,1,0
LEAD011123,CUST009247,2018-09-05,Referral,1,0
LEAD011124,CUST002067,2017-01-23,Email,0,0
LEAD011125,CUST000631,2018-06-07,Organic,0,0
LEAD011126,CUST007560,2017-02-28,Organic,0,0
LEAD011127,CUST003686,2017-07-30,Email,0,0
LEAD011128,CUST002511,2018-09-09,Email,1,1
LEAD011129,CUST002933,2017-05-12,Referral,0,0
LEAD011130,CUST009741,2018-09-01,Social,0,0
LEAD011131,CUST000954,2018-04-15,Social,0,0
LEAD011132,CUST001734,2017-03-03,Paid Search,0,0
LEAD011133,CUST005283,2018-09-08,Paid Search,0,0
LEAD011134,CUST008130,2018-08-01,Organic,1,1
LEAD011135,CUST008563,2017-02-22,Social,0,0
LEAD011136,CUST002682,2017-06-11,Social,1,0
LEAD011137,CUST003348,2018-01-14,Social,1,1
LEAD011138,CUST000415,2017-10-18,Email,1,0
LEAD011139,CUST003833,2018-06-22,Referral,1,0
LEAD011140,CUST001582,2018-08-27,Email,0,0
LEAD011141,CUST005698,2017-09-25,Marketplace,0,0
LEAD011142,CUST008001,2017-08-27,Marketplace,0,0
LEAD011143,CUST000438,2018-03-10,Referral,0,0
LEAD011144,CUST001457,2017-11-01,Email,1,0
LEAD011145,CUST002322,2017-05-02,Marketplace,0,0
LEAD011146,CUST000325,2017-10-04,Paid Search,0,0
LEAD011147,CUST004318,2017-01-25,Social,0,0
LEAD011148,CUST007430,2018-05-15,Paid Search,1,0
LEAD011149,CUST008731,2018-04-25,Marketplace,0,0
LEAD011150,CUST007661,2017-07-17,Marketplace,0,0
LEAD011151,CUST000225,2017-01-13,Paid Search,1,0
LEAD011152,CUST001433,2018-03-06,Marketplace,0,0
LEAD011153,CUST002488,2017-07-31,Organic,1,0
LEAD011154,CUST009163,2017-11-21,Email,1,0
LEAD011155,CUST004300,2018-04-16,Social,0,0
LEAD011156,CUST005045,2017-11-18,Marketplace,1,1
LEAD011157,CUST005977,2017-04-30,Marketplace,0,0
LEAD011158,CUST002408,2018-05-20,Referral,1,1
LEAD011159,CUST009759,2017-05-20,Email,0,0
LEAD011160,CUST006933,2018-01-23,Organic,1,1
LEAD011161,CUST000068,2018-07-16,Organic,1,0
LEAD011162,CUST002195,2018-05-28,Referral,1,0
LEAD011163,CUST009555,2018-08-11,Marketplace,1,0
LEAD011164,CUST004466,2018-04-13,Marketplace,0,0
LEAD011165,CUST004469,2017-08-22,Organic,0,0
LEAD011166,CUST007246,2018-02-05,Email,1,1
LEAD011167,CUST007820,2018-07-29,Organic,0,0
LEAD011168,CUST008247,2018-03-31,Paid Search,1,0
LEAD011169,CUST009553,2017-03-15,Email,0,0
LEAD011170,CUST003784,2017-01-19,Social,0,0
LEAD011171,CUST005276,2018-05-10,Paid Search,1,0
LEAD011172,CUST001537,2017-02-08,Paid Search,1,0
LEAD011173,CUST007806,2017-07-09,Email,1,1
LEAD011174,CUST001397,2018-06-09,Social,0,0
LEAD011175,CUST008949,2018-05-15,Organic,1,0
LEAD011176,CUST000639,2018-08-30,Social,0,0
LEAD011177,CUST001331,2017-12-23,Referral,1,1
LEAD011178,CUST006745,2018-05-21,Organic,1,0
LEAD011179,CUST001181,2017-10-07,Marketplace,1,1
LEAD011180,CUST009075,2017-04-15,Organic,0,0
LEAD011181,CUST005908,2018-04-01,Marketplace,1,0
LEAD011182,CUST004888,2017-04-29,Referral,1,0
LEAD011183,CUST009360,2017-08-22,Organic,0,0
LEAD011184,CUST000187,2018-09-04,Paid Search,1,0
LEAD011185,CUST006516,2018-07-23,Email,1,1
LEAD011186,CUST003424,2017-10-04,Paid Search,1,1
LEAD011187,CUST000785,2017-06-21,Social,0,0
LEAD011188,CUST006884,2018-08-21,Marketplace,0,0
LEAD011189,CUST004924,2017-09-20,Referral,0,0
LEAD011190,CUST005689,2017-09-13,Organic,0,0
LEAD011191,CUST006310,2017-07-01,Marketplace,1,0
LEAD011192,CUST005072,2018-07-14,Email,0,0
LEAD011193,CUST001734,2018-08-26,Marketplace,1,0
LEAD011194,CUST005604,2017-05-29,Paid Search,0,0
LEAD011195,CUST007042,2017-01-10,Social,0,0
LEAD011196,CUST007186,2017-12-07,Social,1,0
LEAD011197,CUST003831,2017-04-16,Marketplace,0,0
LEAD011198,CUST004791,2017-03-07,Marketplace,0,0
LEAD011199,CUST005771,2017-03-02,Marketplace,0,0
LEAD011200,CUST005452,2017-07-07,Organic,0,0
LEAD011201,CUST001282,2018-02-16,Referral,1,1
LEAD011202,CUST001222,2017-10-17,Email,1,0
LEAD011203,CUST004646,2017-12-27,Paid Search,1,0
LEAD011204,CUST008490,2018-03-13,Organic,1,0
LEAD011205,CUST002820,2017-02-28,Marketplace,1,0
LEAD011206,CUST000981,2017-08-02,Social,0,0
LEAD011207,CUST005711,2017-09-22,Paid Search,1,1
LEAD011208,CUST003901,2017-02-12,Social,1,0
LEAD011209,CUST001214,2017-12-15,Email,1,0
LEAD011210,CUST001312,2017-08-27,Email,0,0
LEAD011211,CUST001895,2017-10-09,Social,0,0
LEAD011212,CUST002377,2018-08-07,Organic,0,0
LEAD011213,CUST002635,2017-02-19,Email,0,0
LEAD011214,CUST007281,2018-08-26,Marketplace,1,0
LEAD011215,CUST002432,2018-02-10,Marketplace,0,0
LEAD011216,CUST002897,2018-01-06,Marketplace,1,1
LEAD011217,CUST004634,2017-05-31,Email,1,0
LEAD011218,CUST000968,2017-06-29,Paid Search,1,0
LEAD011219,CUST002737,2017-03-27,Paid Search,0,0
LEAD011220,CUST008310,2017-07-31,Paid Search,1,0
LEAD011221,CUST009067,2017-03-07,Email,1,0
LEAD011222,CUST001142,2018-04-16,Social,1,0
LEAD011223,CUST008948,2018-09-21,Organic,0,0
LEAD011224,CUST009820,2018-05-10,Email,1,1
LEAD011225,CUST008632,2017-08-06,Social,0,0
LEAD011226,CUST009523,2018-06-26,Email,1,1
LEAD011227,CUST006568,2017-04-11,Referral,0,0
LEAD011228,CUST007053,2017-05-20,Paid Search,1,0
LEAD011229,CUST003612,2017-06-21,Organic,0,0
LEAD011230,CUST004402,2017-09-07,Social,1,0
LEAD011231,CUST006177,2018-09-26,Organic,0,0
LEAD011232,CUST004762,2017-05-01,Referral,0,0
LEAD011233,CUST001733,2017-05-22,Social,1,0
LEAD011234,CUST002698,2017-06-07,Marketplace,1,1
LEAD011235,CUST001071,2017-02-07,Paid Search,0,0
LEAD011236,CUST005936,2018-01-15,Referral,0,0
LEAD011237,CUST000408,2018-02-01,Organic,0,0
LEAD011238,CUST007256,2018-03-27,Marketplace,0,0
LEAD011239,CUST000862,2018-05-26,Email,0,0
LEAD011240,CUST003613,2017-08-23,Paid Search,1,1
LEAD011241,CUST004361,2017-03-20,Organic,0,0
LEAD011242,CUST008694,2017-07-16,Organic,1,0
LEAD011243,CUST009951,2018-01-20,Marketplace,0,0
LEAD011244,CUST009469,2018-06-21,Organic,1,0
LEAD011245,CUST009814,2017-06-05,Paid Search,0,0
LEAD011246,CUST007769,2017-12-21,Marketplace,1,0
LEAD011247,CUST006421,2018-05-02,Organic,1,0
LEAD011248,CUST001426,2018-04-07,Referral,1,0
LEAD011249,CUST001541,2018-07-09,Paid Search,1,0
LEAD011250,CUST006638,2017-03-08,Email,1,1
LEAD011251,CUST006335,2017-02-25,Marketplace,0,0
LEAD011252,CUST000435,2017-12-07,Referral,0,0
LEAD011253,CUST008553,2018-07-23,Referral,1,0
LEAD011254,CUST002882,2017-07-23,Social,1,0
LEAD011255,CUST006294,2017-06-14,Organic,1,0
LEAD011256,CUST004372,2017-05-20,Organic,0,0
LEAD011257,CUST009678,2017-06-24,Social,1,0
LEAD011258,CUST002148,2017-08-12,Referral,1,1
LEAD011259,CUST005389,2017-12-26,Organic,1,1
LEAD011260,CUST008523,2018-08-09,Email,0,0
LEAD011261,CUST001009,2017-11-03,Email,0,0
LEAD011262,CUST004368,2017-02-07,Paid Search,1,0
LEAD011263,CUST008239,2017-01-22,Social,1,1
LEAD011264,CUST001400,2017-12-25,Email,1,0
LEAD011265,CUST008716,2018-06-20,Marketplace,1,0
LEAD011266,CUST006424,2017-02-17,Social,0,0
LEAD011267,CUST004630,2017-12-30,Referral,0,0
LEAD011268,CUST006843,2018-06-23,Referral,1,1
LEAD011269,CUST001728,2017-03-30,Paid Search,0,0
LEAD011270,CUST009737,2018-09-27,Email,1,1
LEAD011271,CUST007188,2017-08-29,Organic,1,0
LEAD011272,CUST009282,2018-02-03,Paid Search,1,1
LEAD011273,CUST002983,2018-08-03,Marketplace,1,0
LEAD011274,CUST001521,2018-04-17,Paid Search,0,0
LEAD011275,CUST000058,2017-05-10,Marketplace,1,1
LEAD011276,CUST001948,2017-12-27,Email,0,0
LEAD011277,CUST006264,2017-06-22,Paid Search,0,0
LEAD011278,CUST008812,2018-04-27,Marketplace,1,1
LEAD011279,CUST003355,2018-07-06,Social,0,0
LEAD011280,CUST009140,2017-08-12,Referral,1,1
LEAD011281,CUST001267,2017-10-30,Paid Search,0,0
LEAD011282,CUST008343,2017-01-18,Organic,1,0
LEAD011283,CUST001471,2018-06-15,Email,0,0
LEAD011284,CUST001465,2018-02-06,Social,0,0
LEAD011285,CUST001268,2017-11-01,Organic,1,0
LEAD011286,CUST007861,2018-06-15,Referral,0,0
LEAD011287,CUST001741,2017-07-20,Paid Search,0,0
LEAD011288,CUST006258,2017-02-06,Marketplace,1,1
LEAD011289,CUST008884,2017-07-23,Email,0,0
LEAD011290,CUST003053,2017-08-22,Paid Search,0,0
LEAD011291,CUST000928,2017-04-19,Paid Search,0,0
LEAD011292,CUST007082,2018-05-08,Referral,1,0
LEAD011293,CUST001380,2018-05-09,Social,1,1
LEAD011294,CUST008711,2018-04-13,Email,1,1
LEAD011295,CUST005436,2018-02-13,Social,0,0
LEAD011296,CUST000092,2018-07-05,Paid Search,0,0
LEAD011297,CUST005327,2017-01-31,Email,1,0
LEAD011298,CUST009167,2018-01-13,Social,0,0
LEAD011299,CUST003730,2017-08-22,Marketplace,0,0
LEAD011300,CUST009267,2017-04-24,Marketplace,1,1
LEAD011301,CUST005451,2018-05-26,Marketplace,0,0
LEAD011302,CUST005831,2018-06-08,Referral,0,0
LEAD011303,CUST005081,2018-01-27,Marketplace,1,0
LEAD011304,CUST004681,2017-08-08,Referral,0,0
LEAD011305,CUST006699,2018-01-07,Marketplace,0,0
LEAD011306,CUST002942,2017-11-07,Paid Search,1,0
LEAD011307,CUST003489,2017-01-15,Marketplace,0,0
LEAD011308,CUST008143,2018-05-01,Social,0,0
LEAD011309,CUST004573,2018-07-13,Social,0,0
LEAD011310,CUST002891,2017-09-10,Organic,0,0
LEAD011311,CUST000294,2017-05-04,Organic,0,0
LEAD011312,CUST008426,2017-04-23,Referral,1,0
LEAD011313,CUST004472,2017-03-22,Referral,0,0
LEAD011314,CUST006816,2018-09-28,Marketplace,0,0
LEAD011315,CUST004081,2017-01-08,Referral,1,0
LEAD011316,CUST009899,2018-02-18,Email,1,1
LEAD011317,CUST009711,2017-11-20,Organic,0,0
LEAD011318,CUST006984,2017-08-04,Organic,1,1
LEAD011319,CUST005126,2018-02-18,Marketplace,1,0
LEAD011320,CUST004765,2018-01-23,Marketplace,0,0
LEAD011321,CUST002646,2018-01-17,Email,1,0
LEAD011322,CUST001589,2017-02-12,Email,0,0
LEAD011323,CUST005558,2018-07-13,Referral,1,0
LEAD011324,CUST002214,2017-04-05,Marketplace,1,0
LEAD011325,CUST002792,2018-05-19,Organic,1,0
LEAD011326,CUST004172,2017-05-31,Marketplace,0,0
LEAD011327,CUST009967,2017-07-09,Email,1,0
LEAD011328,CUST006462,2017-09-18,Organic,1,0
LEAD011329,CUST006619,2017-12-15,Social,1,1
LEAD011330,CUST001612,2017-12-16,Email,1,0
LEAD011331,CUST004165,2017-04-21,Email,0,0
LEAD011332,CUST008535,2017-04-06,Paid Search,1,0
LEAD011333,CUST005035,2017-01-27,Organic,1,0
LEAD011334,CUST007165,2018-05-06,Email,0,0
LEAD011335,CUST001693,2018-03-31,Organic,1,0
LEAD011336,CUST005260,2017-03-08,Referral,0,0
LEAD011337,CUST000704,2018-08-22,Organic,0,0
LEAD011338,CUST007194,2017-05-13,Email,0,0
LEAD011339,CUST000219,2017-03-08,Organic,1,0
LEAD011340,CUST009682,2017-11-02,Organic,0,0
LEAD011341,CUST003273,2017-11-18,Email,1,0
LEAD011342,CUST009818,2018-09-14,Marketplace,0,0
LEAD011343,CUST000308,2017-07-07,Email,0,0
LEAD011344,CUST000526,2018-06-03,Social,1,1
LEAD011345,CUST003700,2018-08-24,Social,1,0
LEAD011346,CUST001630,2018-09-07,Social,0,0
LEAD011347,CUST009007,2018-02-07,Paid Search,0,0
LEAD011348,CUST005012,2017-05-16,Social,1,0
LEAD011349,CUST005106,2017-04-01,Social,1,1
LEAD011350,CUST001624,2017-03-07,Social,1,0
LEAD011351,CUST008948,2017-10-05,Email,1,0
LEAD011352,CUST004183,2018-03-30,Organic,0,0
LEAD011353,CUST001975,2018-09-27,Social,1,1
LEAD011354,CUST009808,2018-02-27,Paid Search,0,0
LEAD011355,CUST006170,2018-07-05,Organic,0,0
LEAD011356,CUST003059,2017-12-16,Organic,1,0
LEAD011357,CUST001210,2017-09-30,Referral,1,1
LEAD011358,CUST001652,2017-05-04,Social,0,0
LEAD011359,CUST000142,2017-12-28,Email,1,0
LEAD011360,CUST009729,2018-03-24,Marketplace,0,0
LEAD011361,CUST007274,2017-08-30,Referral,0,0
LEAD011362,CUST003965,2017-08-19,Paid Search,1,0
LEAD011363,CUST004696,2017-10-16,Referral,0,0
LEAD011364,CUST009803,2018-05-14,Referral,1,0
LEAD011365,CUST007290,2018-01-26,Organic,0,0
LEAD011366,CUST001998,2018-09-12,Referral,0,0
LEAD011367,CUST004413,2018-01-16,Organic,0,0
LEAD011368,CUST005133,2017-07-26,Marketplace,0,0
LEAD011369,CUST009648,2017-01-27,Organic,1,1
LEAD011370,CUST007209,2017-04-17,Social,1,0
LEAD011371,CUST009784,2018-06-23,Marketplace,0,0
LEAD011372,CUST009502,2017-11-10,Paid Search,0,0
LEAD011373,CUST004445,2018-05-13,Organic,1,0
LEAD011374,CUST004526,2017-09-06,Marketplace,1,1
LEAD011375,CUST002230,2017-07-28,Paid Search,1,0
LEAD011376,CUST007695,2017-05-30,Marketplace,1,0
LEAD011377,CUST009047,2017-10-01,Social,1,0
LEAD011378,CUST002922,2018-01-29,Paid Search,1,1
LEAD011379,CUST008220,2018-04-30,Email,1,1
LEAD011380,CUST002356,2017-10-30,Referral,0,0
LEAD011381,CUST000972,2017-01-25,Email,1,1
LEAD011382,CUST000468,2017-12-28,Marketplace,0,0
LEAD011383,CUST006538,2017-03-11,Marketplace,0,0
LEAD011384,CUST006682,2018-04-05,Organic,0,0
LEAD011385,CUST008699,2018-09-24,Paid Search,0,0
LEAD011386,CUST003325,2017-01-24,Email,1,0
LEAD011387,CUST006151,2017-11-25,Social,1,1
LEAD011388,CUST000756,2017-01-02,Email,1,0
LEAD011389,CUST003268,2018-09-26,Email,1,0
LEAD011390,CUST009016,2017-04-28,Paid Search,1,0
LEAD011391,CUST005594,2018-08-12,Referral,1,0
LEAD011392,CUST005066,2017-12-04,Social,0,0
LEAD011393,CUST000365,2017-07-19,Social,0,0
LEAD011394,CUST002886,2017-03-10,Email,1,1
LEAD011395,CUST002476,2017-10-28,Social,1,0
LEAD011396,CUST007184,2018-03-13,Referral,0,0
LEAD011397,CUST003849,2018-02-15,Paid Search,1,0
LEAD011398,CUST006921,2018-09-28,Marketplace,1,0
LEAD011399,CUST005869,2017-04-06,Email,0,0
LEAD011400,CUST002931,2017-06-29,Organic,1,1
LEAD011401,CUST005792,2018-07-02,Paid Search,1,0
LEAD011402,CUST003641,2017-05-27,Marketplace,0,0
LEAD011403,CUST000644,2018-08-14,Paid Search,0,0
LEAD011404,CUST000265,2018-05-15,Social,0,0
LEAD011405,CUST004039,2017-03-25,Organic,0,0
LEAD011406,CUST001564,2018-08-18,Marketplace,0,0
LEAD011407,CUST000330,2018-03-10,Paid Search,1,0
LEAD011408,CUST006501,2017-10-08,Referral,0,0
LEAD011409,CUST005689,2018-01-11,Referral,1,0
LEAD011410,CUST003260,2017-03-27,Referral,1,0
LEAD011411,CUST001087,2018-08-06,Marketplace,1,0
LEAD011412,CUST002983,2018-06-29,Organic,1,0
LEAD011413,CUST005495,2017-01-10,Marketplace,0,0
LEAD011414,CUST002832,2017-11-02,Organic,0,0
LEAD011415,CUST004094,2018-01-18,Social,1,0
LEAD011416,CUST002003,2018-05-29,Referral,0,0
LEAD011417,CUST004046,2017-01-16,Organic,1,0
LEAD011418,CUST009600,2018-06-24,Paid Search,0,0
LEAD011419,CUST005800,2018-05-28,Email,0,0
LEAD011420,CUST006504,2017-12-06,Marketplace,0,0
LEAD011421,CUST004093,2018-06-01,Paid Search,0,0
LEAD011422,CUST003903,2017-09-08,Social,0,0
LEAD011423,CUST006259,2018-06-17,Referral,0,0
LEAD011424,CUST000945,2017-07-30,Referral,0,0
LEAD011425,CUST002421,2017-03-29,Referral,0,0
LEAD011426,CUST009903,2018-06-20,Organic,0,0
LEAD011427,CUST004572,2017-10-10,Social,1,1
LEAD011428,CUST004106,2017-03-09,Paid Search,1,0
LEAD011429,CUST002028,2018-09-04,Email,1,1
LEAD011430,CUST009668,2017-02-21,Organic,0,0
LEAD011431,CUST006390,2017-08-21,Email,1,1
LEAD011432,CUST009618,2017-08-24,Organic,0,0
LEAD011433,CUST009084,2017-07-14,Social,1,1
LEAD011434,CUST002631,2018-09-04,Referral,0,0
LEAD011435,CUST003191,2017-06-02,Organic,1,0
LEAD011436,CUST003583,2018-06-23,Organic,1,0
LEAD011437,CUST001072,2017-04-05,Social,0,0
LEAD011438,CUST008238,2017-09-05,Organic,1,0
LEAD011439,CUST009420,2018-07-12,Marketplace,0,0
LEAD011440,CUST002200,2018-09-10,Social,0,0
LEAD011441,CUST008200,2017-03-24,Social,1,1
LEAD011442,CUST009448,2017-01-15,Marketplace,1,0
LEAD011443,CUST004857,2017-05-16,Email,0,0
LEAD011444,CUST008725,2017-07-02,Organic,0,0
LEAD011445,CUST006375,2018-01-12,Paid Search,1,0
LEAD011446,CUST008518,2017-12-29,Marketplace,1,0
LEAD011447,CUST006182,2017-02-04,Marketplace,1,0
LEAD011448,CUST002177,2018-02-05,Email,1,1
LEAD011449,CUST008674,2017-04-14,Email,1,0
LEAD011450,CUST006083,2018-04-15,Social,0,0
LEAD011451,CUST000849,2018-06-23,Marketplace,1,1
LEAD011452,CUST001653,2017-06-18,Organic,0,0
LEAD011453,CUST009518,2018-07-15,Organic,1,1
LEAD011454,CUST000641,2017-10-16,Email,0,0
LEAD011455,CUST005032,2017-08-07,Referral,1,0
LEAD011456,CUST000746,2017-08-09,Marketplace,1,0
LEAD011457,CUST009836,2018-03-27,Marketplace,0,0
LEAD011458,CUST006192,2017-01-24,Marketplace,0,0
LEAD011459,CUST005052,2018-08-19,Paid Search,1,0
LEAD011460,CUST002351,2017-10-26,Social,1,1
LEAD011461,CUST006861,2018-01-29,Marketplace,0,0
LEAD011462,CUST000285,2018-06-15,Organic,0,0
LEAD011463,CUST001516,2018-05-12,Paid Search,1,0
LEAD011464,CUST008785,2018-08-07,Referral,0,0
LEAD011465,CUST002000,2017-01-18,Email,1,0
LEAD011466,CUST000811,2017-06-20,Social,1,0
LEAD011467,CUST002523,2017-10-09,Email,0,0
LEAD011468,CUST001930,2017-03-01,Social,1,0
LEAD011469,CUST007949,2017-07-12,Email,0,0
LEAD011470,CUST008547,2018-05-30,Marketplace,1,1
LEAD011471,CUST001604,2017-06-06,Marketplace,0,0
LEAD011472,CUST002613,2018-07-05,Social,1,1
LEAD011473,CUST002102,2017-10-28,Paid Search,1,0
LEAD011474,CUST004785,2017-09-27,Marketplace,1,0
LEAD011475,CUST009388,2018-05-18,Referral,1,0
LEAD011476,CUST000137,2018-06-04,Paid Search,0,0
LEAD011477,CUST005215,2017-12-27,Social,0,0
LEAD011478,CUST006998,2017-08-26,Paid Search,0,0
LEAD011479,CUST004534,2017-12-02,Social,0,0
LEAD011480,CUST002112,2017-07-31,Social,0,0
LEAD011481,CUST007306,2018-06-28,Referral,0,0
LEAD011482,CUST000938,2017-01-17,Referral,1,1
LEAD011483,CUST003149,2017-02-21,Organic,0,0
LEAD011484,CUST007483,2017-03-05,Paid Search,1,0
LEAD011485,CUST003651,2017-11-09,Paid Search,0,0
LEAD011486,CUST007632,2018-01-24,Social,1,1
LEAD011487,CUST003074,2018-04-19,Email,0,0
LEAD011488,CUST005812,2017-05-27,Marketplace,0,0
LEAD011489,CUST000389,2017-04-30,Social,0,0
LEAD011490,CUST007620,2018-09-06,Organic,1,0
LEAD011491,CUST003373,2018-01-15,Organic,1,1
LEAD011492,CUST001411,2017-03-09,Organic,1,0
LEAD011493,CUST009387,2018-04-07,Marketplace,1,1
LEAD011494,CUST000272,2017-10-10,Marketplace,0,0
LEAD011495,CUST002187,2017-10-30,Organic,0,0
LEAD011496,CUST005556,2018-08-26,Marketplace,0,0
LEAD011497,CUST006547,2018-08-01,Email,0,0
LEAD011498,CUST009170,2017-05-28,Organic,1,0
LEAD011499,CUST005788,2017-07-21,Email,0,0
LEAD011500,CUST005061,2017-10-28,Organic,1,0
LEAD011501,CUST006786,2017-10-24,Paid Search,0,0
LEAD011502,CUST001327,2017-05-10,Email,0,0
LEAD011503,CUST004381,2018-02-17,Paid Search,1,1
LEAD011504,CUST005157,2017-11-23,Marketplace,0,0
LEAD011505,CUST001717,2018-03-09,Paid Search,0,0
LEAD011506,CUST003149,2017-01-04,Marketplace,0,0
LEAD011507,CUST003662,2018-02-12,Email,1,0
LEAD011508,CUST001084,2017-10-18,Email,0,0
LEAD011509,CUST003677,2018-02-02,Referral,0,0
LEAD011510,CUST002149,2017-05-14,Social,1,0
LEAD011511,CUST008233,2017-05-15,Email,0,0
LEAD011512,CUST005094,2018-09-26,Email,1,0
LEAD011513,CUST002427,2017-03-19,Email,0,0
LEAD011514,CUST008586,2017-11-21,Referral,0,0
LEAD011515,CUST001035,2018-09-21,Email,1,0
LEAD011516,CUST009253,2018-04-05,Referral,0,0
LEAD011517,CUST005047,2017-09-10,Social,1,0
LEAD011518,CUST006818,2017-03-19,Email,0,0
LEAD011519,CUST007832,2017-11-01,Email,0,0
LEAD011520,CUST001222,2018-05-27,Social,0,0
LEAD011521,CUST000149,2017-01-21,Organic,1,1
LEAD011522,CUST000060,2017-01-16,Paid Search,0,0
LEAD011523,CUST006773,2017-11-07,Paid Search,1,0
LEAD011524,CUST004912,2017-05-20,Referral,0,0
LEAD011525,CUST003608,2017-04-07,Social,1,1
LEAD011526,CUST002235,2018-07-14,Paid Search,1,0
LEAD011527,CUST009852,2017-05-24,Organic,0,0
LEAD011528,CUST000745,2017-07-19,Referral,1,0
LEAD011529,CUST001138,2018-01-21,Email,0,0
LEAD011530,CUST001017,2017-09-01,Marketplace,1,0
LEAD011531,CUST009734,2017-08-13,Email,0,0
LEAD011532,CUST008122,2018-02-04,Organic,1,0
LEAD011533,CUST004094,2017-09-07,Referral,1,0
LEAD011534,CUST004585,2018-08-06,Marketplace,0,0
LEAD011535,CUST008751,2017-12-16,Social,1,0
LEAD011536,CUST005543,2018-07-23,Marketplace,0,0
LEAD011537,CUST006451,2017-03-19,Paid Search,1,0
LEAD011538,CUST004486,2018-06-14,Email,1,1
LEAD011539,CUST009392,2017-09-13,Social,0,0
LEAD011540,CUST006809,2017-05-05,Marketplace,1,0
LEAD011541,CUST004007,2017-04-02,Email,0,0
LEAD011542,CUST001534,2017-03-21,Organic,1,0
LEAD011543,CUST002237,2017-06-30,Social,1,0
LEAD011544,CUST004868,2017-03-14,Social,1,0
LEAD011545,CUST000507,2017-02-02,Email,1,0
LEAD011546,CUST008769,2017-07-15,Paid Search,0,0
LEAD011547,CUST004305,2018-09-17,Paid Search,1,0
LEAD011548,CUST001714,2017-07-30,Paid Search,1,0
LEAD011549,CUST009697,2018-09-25,Organic,1,0
LEAD011550,CUST000952,2018-07-20,Social,1,1
LEAD011551,CUST007705,2017-08-03,Organic,0,0
LEAD011552,CUST002556,2017-01-23,Paid Search,1,0
LEAD011553,CUST008433,2017-03-14,Social,0,0
LEAD011554,CUST007423,2017-05-12,Social,0,0
LEAD011555,CUST007218,2017-09-03,Social,1,1
LEAD011556,CUST004214,2017-05-15,Social,0,0
LEAD011557,CUST001072,2017-08-02,Referral,1,0
LEAD011558,CUST000636,2017-03-22,Social,0,0
LEAD011559,CUST006975,2018-05-22,Social,0,0
LEAD011560,CUST004237,2018-01-24,Organic,1,0
LEAD011561,CUST002765,2018-03-17,Social,1,0
LEAD011562,CUST004396,2017-04-08,Organic,0,0
LEAD011563,CUST001231,2017-02-22,Referral,0,0
LEAD011564,CUST006503,2017-12-08,Marketplace,0,0
LEAD011565,CUST002992,2018-01-03,Social,0,0
LEAD011566,CUST004430,2017-01-11,Paid Search,1,1
LEAD011567,CUST000714,2017-10-09,Paid Search,1,1
LEAD011568,CUST005383,2018-01-05,Marketplace,0,0
LEAD011569,CUST006366,2018-01-29,Social,0,0
LEAD011570,CUST005086,2017-12-03,Referral,1,1
LEAD011571,CUST003150,2017-02-12,Email,0,0
LEAD011572,CUST000333,2017-12-06,Referral,0,0
LEAD011573,CUST009459,2017-09-23,Organic,0,0
LEAD011574,CUST001661,2017-12-24,Marketplace,1,0
LEAD011575,CUST003622,2018-02-21,Referral,0,0
LEAD011576,CUST009748,2017-06-30,Referral,0,0
LEAD011577,CUST003390,2017-09-16,Organic,0,0
LEAD011578,CUST006430,2018-01-22,Paid Search,0,0
LEAD011579,CUST007644,2018-05-05,Organic,0,0
LEAD011580,CUST003049,2018-06-12,Referral,0,0
LEAD011581,CUST006152,2017-07-01,Marketplace,1,0
LEAD011582,CUST009029,2017-09-11,Email,0,0
LEAD011583,CUST007593,2017-12-10,Social,0,0
LEAD011584,CUST009867,2017-10-28,Organic,1,1
LEAD011585,CUST001030,2017-03-12,Social,0,0
LEAD011586,CUST008942,2017-01-28,Social,0,0
LEAD011587,CUST009943,2018-08-05,Organic,0,0
LEAD011588,CUST002204,2018-08-15,Referral,0,0
LEAD011589,CUST008233,2018-03-22,Marketplace,1,0
LEAD011590,CUST002215,2017-06-14,Paid Search,1,1
LEAD011591,CUST009775,2017-10-04,Referral,0,0
LEAD011592,CUST007425,2017-04-17,Marketplace,0,0
LEAD011593,CUST008863,2018-04-07,Email,1,1
LEAD011594,CUST001188,2018-05-28,Social,1,1
LEAD011595,CUST001469,2018-06-14,Organic,1,0
LEAD011596,CUST008695,2017-09-13,Organic,0,0
LEAD011597,CUST001051,2017-11-14,Referral,1,1
LEAD011598,CUST005476,2017-03-02,Referral,0,0
LEAD011599,CUST002343,2017-10-12,Organic,0,0
LEAD011600,CUST000992,2017-05-04,Social,1,0
LEAD011601,CUST006710,2018-04-05,Marketplace,1,0
LEAD011602,CUST006521,2017-11-29,Paid Search,0,0
LEAD011603,CUST009744,2017-07-01,Marketplace,1,1
LEAD011604,CUST007293,2017-04-11,Referral,0,0
LEAD011605,CUST006955,2017-10-31,Social,1,1
LEAD011606,CUST000312,2018-09-23,Marketplace,1,1
LEAD011607,CUST008178,2018-07-20,Social,0,0
LEAD011608,CUST005357,2017-11-03,Social,1,0
LEAD011609,CUST004244,2018-01-02,Organic,0,0
LEAD011610,CUST007010,2018-07-15,Social,1,0
LEAD011611,CUST005681,2017-02-04,Paid Search,1,0
LEAD011612,CUST004204,2018-02-01,Social,0,0
LEAD011613,CUST007922,2018-07-16,Email,1,0
LEAD011614,CUST009571,2017-09-15,Organic,1,1
LEAD011615,CUST006445,2017-06-10,Email,1,1
LEAD011616,CUST004287,2018-01-01,Referral,0,0
LEAD011617,CUST008795,2018-06-03,Organic,0,0
LEAD011618,CUST009901,2018-09-28,Email,1,0
LEAD011619,CUST000540,2018-08-26,Email,1,1
LEAD011620,CUST007705,2018-07-07,Social,0,0
LEAD011621,CUST000249,2017-01-17,Social,0,0
LEAD011622,CUST000049,2018-08-19,Social,0,0
LEAD011623,CUST008998,2017-09-04,Marketplace,1,1
LEAD011624,CUST004052,2018-06-19,Paid Search,0,0
LEAD011625,CUST005867,2018-03-28,Paid Search,0,0
LEAD011626,CUST007682,2017-11-21,Referral,1,1
LEAD011627,CUST009630,2018-05-18,Organic,1,0
LEAD011628,CUST006767,2017-09-26,Organic,1,0
LEAD011629,CUST007844,2017-04-29,Marketplace,1,0
LEAD011630,CUST000754,2018-09-21,Referral,0,0
LEAD011631,CUST002056,2017-05-19,Email,0,0
LEAD011632,CUST009626,2017-02-15,Social,0,0
LEAD011633,CUST003537,2018-08-25,Referral,0,0
LEAD011634,CUST000761,2018-09-29,Email,0,0
LEAD011635,CUST004703,2017-01-14,Email,1,0
LEAD011636,CUST007621,2018-08-15,Organic,0,0
LEAD011637,CUST000301,2018-06-18,Marketplace,1,0
LEAD011638,CUST000637,2017-07-05,Organic,1,1
LEAD011639,CUST009673,2018-02-02,Email,0,0
LEAD011640,CUST008964,2018-09-15,Email,1,0
LEAD011641,CUST005120,2017-01-26,Email,1,0
LEAD011642,CUST008859,2017-04-22,Email,0,0
LEAD011643,CUST000596,2018-05-27,Organic,1,0
LEAD011644,CUST003819,2018-04-27,Referral,0,0
LEAD011645,CUST002225,2017-06-08,Organic,0,0
LEAD011646,CUST000875,2018-07-20,Organic,1,0
LEAD011647,CUST004545,2018-01-21,Paid Search,0,0
LEAD011648,CUST003065,2018-03-30,Social,1,0
LEAD011649,CUST005183,2018-04-02,Organic,1,1
LEAD011650,CUST006310,2017-05-14,Email,1,0
LEAD011651,CUST007086,2018-06-28,Marketplace,1,0
LEAD011652,CUST000604,2018-07-01,Email,1,0
LEAD011653,CUST001974,2018-05-03,Referral,0,0
LEAD011654,CUST008694,2017-10-20,Marketplace,1,0
LEAD011655,CUST007227,2017-07-24,Social,1,1
LEAD011656,CUST001679,2018-07-27,Marketplace,1,1
LEAD011657,CUST006290,2017-10-03,Paid Search,0,0
LEAD011658,CUST001107,2018-01-10,Email,0,0
LEAD011659,CUST001902,2017-08-03,Referral,1,1
LEAD011660,CUST000716,2018-02-19,Organic,1,0
LEAD011661,CUST009251,2018-06-25,Organic,1,0
LEAD011662,CUST001069,2018-06-08,Paid Search,1,0
LEAD011663,CUST008069,2018-08-03,Marketplace,0,0
LEAD011664,CUST006806,2018-09-09,Referral,0,0
LEAD011665,CUST001277,2017-11-25,Social,0,0
LEAD011666,CUST008175,2018-01-06,Organic,1,0
LEAD011667,CUST006488,2017-05-24,Organic,1,0
LEAD011668,CUST009624,2018-09-25,Referral,1,0
LEAD011669,CUST001722,2017-07-22,Marketplace,0,0
LEAD011670,CUST000525,2018-09-07,Referral,0,0
LEAD011671,CUST006402,2018-08-24,Referral,0,0
LEAD011672,CUST007022,2018-03-13,Email,0,0
LEAD011673,CUST002985,2018-07-08,Social,0,0
LEAD011674,CUST003236,2018-07-11,Social,1,0
LEAD011675,CUST007906,2017-03-27,Marketplace,1,0
LEAD011676,CUST009545,2017-03-27,Organic,0,0
LEAD011677,CUST003514,2017-05-05,Social,1,0
LEAD011678,CUST007459,2017-02-26,Organic,0,0
LEAD011679,CUST008018,2018-04-03,Referral,0,0
LEAD011680,CUST003099,2018-06-23,Marketplace,0,0
LEAD011681,CUST005212,2017-05-15,Social,0,0
LEAD011682,CUST001091,2017-12-13,Email,0,0
LEAD011683,CUST009269,2018-07-01,Marketplace,0,0
LEAD011684,CUST008215,2018-02-01,Social,0,0
LEAD011685,CUST002037,2017-06-30,Marketplace,1,0
LEAD011686,CUST001357,2018-05-16,Referral,1,1
LEAD011687,CUST007125,2018-07-12,Organic,1,1
LEAD011688,CUST001949,2017-10-20,Social,0,0
LEAD011689,CUST009973,2017-08-20,Referral,1,0
LEAD011690,CUST003795,2018-08-06,Paid Search,1,1
LEAD011691,CUST004259,2017-06-23,Email,0,0
LEAD011692,CUST008070,2018-02-04,Organic,1,1
LEAD011693,CUST004572,2018-06-27,Marketplace,0,0
LEAD011694,CUST009014,2018-07-08,Social,0,0
LEAD011695,CUST004201,2018-05-04,Social,0,0
LEAD011696,CUST009070,2018-01-20,Paid Search,1,0
LEAD011697,CUST009171,2017-02-22,Paid Search,1,1
LEAD011698,CUST000214,2017-09-21,Email,1,1
LEAD011699,CUST008385,2017-01-24,Paid Search,0,0
LEAD011700,CUST005858,2017-07-02,Marketplace,1,0
LEAD011701,CUST008031,2017-03-08,Referral,0,0
LEAD011702,CUST007762,2018-09-27,Paid Search,1,1
LEAD011703,CUST001278,2017-11-22,Email,0,0
LEAD011704,CUST006892,2018-09-02,Email,0,0
LEAD011705,CUST003470,2017-10-13,Marketplace,1,0
LEAD011706,CUST003435,2017-06-17,Email,0,0
LEAD011707,CUST000014,2018-09-10,Paid Search,0,0
LEAD011708,CUST006363,2017-11-22,Email,0,0
LEAD011709,CUST007783,2018-03-28,Referral,0,0
LEAD011710,CUST009606,2018-07-06,Marketplace,0,0
LEAD011711,CUST002016,2018-01-11,Social,1,0
LEAD011712,CUST000369,2018-07-27,Email,1,0
LEAD011713,CUST001365,2017-06-13,Marketplace,1,0
LEAD011714,CUST006883,2017-07-30,Marketplace,1,0
LEAD011715,CUST002712,2018-07-15,Email,0,0
LEAD011716,CUST001771,2018-01-13,Marketplace,0,0
LEAD011717,CUST003906,2017-06-10,Email,1,1
LEAD011718,CUST008936,2018-09-15,Paid Search,1,1
LEAD011719,CUST007894,2017-09-16,Paid Search,0,0
LEAD011720,CUST000409,2018-01-18,Marketplace,1,1
LEAD011721,CUST009272,2017-01-19,Email,1,0
LEAD011722,CUST001604,2017-06-27,Referral,0,0
LEAD011723,CUST004803,2018-08-12,Marketplace,1,0
LEAD011724,CUST000559,2017-11-03,Social,1,0
LEAD011725,CUST003224,2017-05-27,Marketplace,1,1
LEAD011726,CUST005849,2018-02-14,Marketplace,0,0
LEAD011727,CUST009210,2017-08-30,Social,0,0
LEAD011728,CUST006001,2018-08-24,Referral,1,0
LEAD011729,CUST009105,2017-07-30,Organic,0,0
LEAD011730,CUST004799,2017-01-05,Organic,1,1
LEAD011731,CUST001053,2017-02-05,Social,0,0
LEAD011732,CUST004245,2017-08-03,Social,0,0
LEAD011733,CUST002812,2018-09-28,Organic,1,0
LEAD011734,CUST009319,2017-07-21,Paid Search,0,0
LEAD011735,CUST005649,2017-01-06,Social,1,0
LEAD011736,CUST006038,2017-01-10,Paid Search,0,0
LEAD011737,CUST004212,2017-08-16,Social,1,1
LEAD011738,CUST002716,2017-12-19,Marketplace,1,1
LEAD011739,CUST008768,2017-12-27,Social,1,1
LEAD011740,CUST003962,2018-02-20,Social,1,0
LEAD011741,CUST007716,2018-09-03,Referral,1,0
LEAD011742,CUST009845,2017-08-26,Marketplace,1,0
LEAD011743,CUST009817,2018-03-10,Email,0,0
LEAD011744,CUST001377,2017-04-13,Referral,0,0
LEAD011745,CUST009399,2018-05-22,Referral,0,0
LEAD011746,CUST001319,2018-01-20,Marketplace,1,0
LEAD011747,CUST009445,2018-01-05,Social,1,0
LEAD011748,CUST000639,2018-05-25,Organic,0,0
LEAD011749,CUST004481,2018-04-09,Social,0,0
LEAD011750,CUST006659,2018-03-16,Organic,0,0
LEAD011751,CUST001110,2018-06-19,Marketplace,0,0
LEAD011752,CUST002656,2017-12-02,Organic,1,0
LEAD011753,CUST001991,2018-06-11,Organic,1,0
LEAD011754,CUST008824,2017-03-30,Paid Search,1,0
LEAD011755,CUST009725,2017-01-12,Social,1,1
LEAD011756,CUST002294,2017-11-24,Social,0,0
LEAD011757,CUST007638,2017-04-26,Paid Search,1,0
LEAD011758,CUST004307,2017-08-28,Paid Search,1,0
LEAD011759,CUST001205,2018-04-17,Social,0,0
LEAD011760,CUST008911,2017-07-17,Organic,1,0
LEAD011761,CUST008451,2017-09-19,Organic,0,0
LEAD011762,CUST008491,2017-03-21,Organic,0,0
LEAD011763,CUST008094,2017-05-23,Email,0,0
LEAD011764,CUST002261,2018-05-05,Referral,0,0
LEAD011765,CUST000744,2018-07-23,Organic,1,0
LEAD011766,CUST004105,2017-09-05,Email,0,0
LEAD011767,CUST008120,2018-09-19,Referral,1,0
LEAD011768,CUST006665,2017-04-09,Paid Search,0,0
LEAD011769,CUST002240,2017-06-14,Marketplace,1,1
LEAD011770,CUST008369,2017-06-05,Referral,0,0
LEAD011771,CUST001022,2017-07-25,Social,1,0
LEAD011772,CUST008391,2018-02-08,Marketplace,1,0
LEAD011773,CUST009823,2017-02-12,Referral,0,0
LEAD011774,CUST009119,2017-11-10,Marketplace,0,0
LEAD011775,CUST007251,2018-05-14,Paid Search,1,0
LEAD011776,CUST007723,2018-03-19,Social,0,0
LEAD011777,CUST005290,2017-07-25,Paid Search,0,0
LEAD011778,CUST003666,2018-06-02,Email,1,1
LEAD011779,CUST008656,2017-02-28,Paid Search,1,0
LEAD011780,CUST002545,2017-12-16,Social,1,0
LEAD011781,CUST009492,2017-04-05,Social,0,0
LEAD011782,CUST009378,2018-03-27,Email,0,0
LEAD011783,CUST009360,2017-04-21,Marketplace,0,0
LEAD011784,CUST007368,2018-01-19,Paid Search,1,1
LEAD011785,CUST008398,2017-10-29,Social,1,0
LEAD011786,CUST001208,2017-05-09,Email,0,0
LEAD011787,CUST001204,2017-11-07,Social,1,0
LEAD011788,CUST006634,2018-05-26,Referral,1,0
LEAD011789,CUST007787,2017-11-17,Marketplace,0,0
LEAD011790,CUST004164,2017-01-04,Social,1,1
LEAD011791,CUST000578,2018-07-25,Referral,1,0
LEAD011792,CUST001977,2017-08-02,Referral,0,0
LEAD011793,CUST000820,2017-09-01,Social,0,0
LEAD011794,CUST001696,2017-05-31,Social,1,0
LEAD011795,CUST004122,2018-01-12,Organic,0,0
LEAD011796,CUST005688,2018-02-05,Paid Search,1,0
LEAD011797,CUST004445,2018-06-06,Social,0,0
LEAD011798,CUST000717,2017-07-10,Marketplace,1,1
LEAD011799,CUST001404,2018-06-21,Email,0,0
LEAD011800,CUST004119,2017-07-06,Paid Search,1,1
LEAD011801,CUST008435,2017-09-24,Referral,0,0
LEAD011802,CUST003620,2018-05-01,Social,1,0
LEAD011803,CUST005905,2017-01-05,Marketplace,1,0
LEAD011804,CUST004384,2018-01-01,Social,0,0
LEAD011805,CUST001589,2018-01-20,Referral,0,0
LEAD011806,CUST009784,2017-05-14,Referral,0,0
LEAD011807,CUST008088,2018-06-17,Organic,0,0
LEAD011808,CUST002670,2018-02-19,Social,1,0
LEAD011809,CUST005272,2017-08-21,Marketplace,0,0
LEAD011810,CUST005451,2018-03-18,Paid Search,1,0
LEAD011811,CUST004390,2018-04-21,Paid Search,0,0
LEAD011812,CUST008427,2017-12-13,Email,1,0
LEAD011813,CUST001289,2018-08-13,Organic,0,0
LEAD011814,CUST006947,2017-05-14,Social,0,0
LEAD011815,CUST003684,2018-06-05,Email,0,0
LEAD011816,CUST008919,2018-05-09,Organic,1,0
LEAD011817,CUST005091,2018-09-20,Paid Search,0,0
LEAD011818,CUST006712,2017-06-14,Organic,0,0
LEAD011819,CUST002974,2018-06-07,Marketplace,1,1
LEAD011820,CUST000619,2018-01-11,Marketplace,0,0
LEAD011821,CUST001442,2018-05-08,Organic,1,0
LEAD011822,CUST008727,2017-02-07,Social,1,0
LEAD011823,CUST000212,2018-08-18,Email,0,0
LEAD011824,CUST004878,2017-06-07,Paid Search,0,0
LEAD011825,CUST000902,2017-09-02,Social,1,0
LEAD011826,CUST001664,2018-02-10,Paid Search,0,0
LEAD011827,CUST001867,2018-09-27,Email,1,1
LEAD011828,CUST002213,2018-07-21,Referral,0,0
LEAD011829,CUST002948,2017-01-14,Paid Search,1,1
LEAD011830,CUST002854,2017-12-31,Marketplace,0,0
LEAD011831,CUST000938,2018-08-08,Organic,1,0
LEAD011832,CUST008339,2017-03-07,Marketplace,0,0
LEAD011833,CUST009360,2017-08-19,Social,0,0
LEAD011834,CUST000493,2017-04-22,Referral,0,0
LEAD011835,CUST005414,2017-05-23,Marketplace,0,0
LEAD011836,CUST000430,2017-03-18,Marketplace,1,0
LEAD011837,CUST006853,2017-03-06,Organic,1,1
LEAD011838,CUST009729,2018-09-21,Referral,0,0
LEAD011839,CUST004774,2018-02-22,Referral,1,0
LEAD011840,CUST006811,2018-03-21,Paid Search,0,0
LEAD011841,CUST002888,2018-03-22,Social,1,0
LEAD011842,CUST007332,2017-03-05,Organic,1,0
LEAD011843,CUST000871,2018-02-26,Social,0,0
LEAD011844,CUST002782,2018-08-03,Referral,0,0
LEAD011845,CUST002936,2017-11-05,Marketplace,1,0
LEAD011846,CUST009366,2017-01-18,Marketplace,0,0
LEAD011847,CUST006830,2018-05-31,Social,1,1
LEAD011848,CUST005868,2017-11-14,Marketplace,1,0
LEAD011849,CUST000284,2018-01-01,Referral,0,0
LEAD011850,CUST002039,2018-08-26,Marketplace,0,0
LEAD011851,CUST003343,2017-12-27,Organic,0,0
LEAD011852,CUST002146,2018-03-26,Social,1,1
LEAD011853,CUST007943,2017-10-30,Marketplace,1,1
LEAD011854,CUST003466,2017-11-05,Organic,1,0
LEAD011855,CUST004614,2017-12-23,Paid Search,1,1
LEAD011856,CUST005575,2018-05-30,Referral,1,0
LEAD011857,CUST000903,2018-04-28,Organic,1,0
LEAD011858,CUST005168,2017-03-12,Email,0,0
LEAD011859,CUST009474,2018-05-22,Organic,0,0
LEAD011860,CUST000650,2018-01-27,Email,1,1
LEAD011861,CUST008451,2017-08-28,Email,0,0
LEAD011862,CUST003297,2018-08-18,Referral,0,0
LEAD011863,CUST008447,2017-08-11,Organic,0,0
LEAD011864,CUST006138,2017-02-13,Organic,1,0
LEAD011865,CUST004915,2017-03-05,Referral,1,0
LEAD011866,CUST005504,2017-03-13,Referral,0,0
LEAD011867,CUST000856,2017-08-11,Referral,1,0
LEAD011868,CUST005781,2018-04-06,Marketplace,0,0
LEAD011869,CUST003603,2018-05-08,Referral,0,0
LEAD011870,CUST000413,2018-02-11,Social,0,0
LEAD011871,CUST007888,2017-10-18,Email,1,0
LEAD011872,CUST005560,2017-08-09,Paid Search,1,0
LEAD011873,CUST005863,2017-03-10,Email,0,0
LEAD011874,CUST008067,2018-06-11,Email,1,0
LEAD011875,CUST000685,2018-06-14,Email,0,0
LEAD011876,CUST006829,2017-07-21,Social,0,0
LEAD011877,CUST002066,2018-07-27,Paid Search,0,0
LEAD011878,CUST006011,2018-03-24,Social,1,0
LEAD011879,CUST005009,2017-08-14,Marketplace,0,0
LEAD011880,CUST008114,2018-06-11,Social,1,0
LEAD011881,CUST007213,2017-06-01,Email,1,0
LEAD011882,CUST005083,2017-10-17,Email,1,0
LEAD011883,CUST007485,2018-04-12,Referral,0,0
LEAD011884,CUST004408,2017-03-25,Organic,0,0
LEAD011885,CUST005161,2018-03-01,Marketplace,0,0
LEAD011886,CUST009432,2018-02-12,Social,0,0
LEAD011887,CUST009592,2017-08-07,Organic,0,0
LEAD011888,CUST006232,2018-07-04,Organic,0,0
LEAD011889,CUST006513,2017-06-17,Email,1,0
LEAD011890,CUST008385,2017-07-14,Referral,0,0
LEAD011891,CUST007946,2018-06-22,Social,1,0
LEAD011892,CUST007452,2018-09-25,Marketplace,1,0
LEAD011893,CUST006623,2018-04-06,Paid Search,1,0
LEAD011894,CUST009810,2018-01-19,Referral,1,1
LEAD011895,CUST001521,2017-02-25,Email,1,0
LEAD011896,CUST008937,2017-10-31,Marketplace,1,0
LEAD011897,CUST004124,2017-06-20,Social,1,1
LEAD011898,CUST007868,2017-06-18,Referral,0,0
LEAD011899,CUST003337,2017-07-26,Organic,1,1
LEAD011900,CUST009762,2017-10-25,Social,0,0
LEAD011901,CUST006533,2018-09-18,Social,1,0
LEAD011902,CUST007923,2018-02-25,Email,1,0
LEAD011903,CUST007029,2018-06-28,Marketplace,0,0
LEAD011904,CUST009308,2018-07-12,Organic,1,1
LEAD011905,CUST002857,2017-05-10,Email,1,0
LEAD011906,CUST002190,2017-05-06,Social,1,0
LEAD011907,CUST008041,2017-11-13,Organic,0,0
LEAD011908,CUST009517,2018-02-18,Organic,1,0
LEAD011909,CUST000734,2017-06-29,Referral,0,0
LEAD011910,CUST008930,2017-07-31,Organic,1,1
LEAD011911,CUST008098,2018-04-01,Paid Search,1,0
LEAD011912,CUST008622,2017-09-08,Organic,0,0
LEAD011913,CUST007950,2018-01-16,Social,0,0
LEAD011914,CUST000560,2017-02-12,Referral,0,0
LEAD011915,CUST009330,2018-08-15,Social,0,0
LEAD011916,CUST008005,2018-03-12,Paid Search,1,1
LEAD011917,CUST002390,2017-09-30,Paid Search,0,0
LEAD011918,CUST001087,2018-01-01,Email,0,0
LEAD011919,CUST008581,2018-05-09,Marketplace,0,0
LEAD011920,CUST000397,2018-03-06,Paid Search,1,0
LEAD011921,CUST007939,2017-10-05,Email,0,0
LEAD011922,CUST006388,2018-02-14,Email,0,0
LEAD011923,CUST003878,2017-11-20,Marketplace,0,0
LEAD011924,CUST007701,2017-10-10,Organic,1,0
LEAD011925,CUST003414,2017-10-14,Organic,0,0
LEAD011926,CUST009449,2018-02-05,Social,0,0
LEAD011927,CUST001463,2017-12-03,Email,0,0
LEAD011928,CUST009495,2018-05-07,Paid Search,0,0
LEAD011929,CUST005127,2017-10-05,Organic,0,0
LEAD011930,CUST009046,2017-02-13,Email,0,0
LEAD011931,CUST003385,2018-01-22,Social,0,0
LEAD011932,CUST004886,2017-04-29,Paid Search,1,0
LEAD011933,CUST002011,2017-04-24,Organic,1,1
LEAD011934,CUST003486,2018-05-29,Organic,1,0
LEAD011935,CUST003074,2017-01-22,Organic,0,0
LEAD011936,CUST004733,2017-04-25,Paid Search,1,0
LEAD011937,CUST001221,2018-01-05,Marketplace,0,0
LEAD011938,CUST005761,2018-08-04,Social,1,0
LEAD011939,CUST005997,2017-01-12,Organic,1,1
LEAD011940,CUST005257,2018-07-05,Marketplace,0,0
LEAD011941,CUST004418,2017-07-18,Paid Search,1,1
LEAD011942,CUST000424,2017-06-17,Email,1,0
LEAD011943,CUST000200,2017-08-05,Referral,1,0
LEAD011944,CUST007064,2018-02-12,Social,0,0
LEAD011945,CUST007570,2017-01-23,Social,1,0
LEAD011946,CUST007562,2017-03-30,Social,0,0
LEAD011947,CUST007878,2018-02-22,Social,1,0
LEAD011948,CUST001807,2018-06-16,Social,1,0
LEAD011949,CUST002740,2018-01-22,Organic,0,0
LEAD011950,CUST001282,2017-07-17,Referral,0,0
LEAD011951,CUST002570,2018-09-19,Referral,1,0
LEAD011952,CUST002571,2018-04-02,Social,0,0
LEAD011953,CUST005356,2017-11-04,Email,0,0
LEAD011954,CUST007365,2017-11-19,Organic,1,1
LEAD011955,CUST005853,2017-07-10,Paid Search,0,0
LEAD011956,CUST004008,2017-10-15,Organic,1,1
LEAD011957,CUST006017,2017-04-23,Social,1,1
LEAD011958,CUST005833,2017-06-14,Marketplace,0,0
LEAD011959,CUST003091,2018-07-27,Marketplace,1,0
LEAD011960,CUST006128,2018-08-20,Marketplace,0,0
LEAD011961,CUST006029,2017-10-26,Paid Search,1,1
LEAD011962,CUST004047,2018-02-10,Referral,0,0
LEAD011963,CUST007531,2018-07-11,Referral,0,0
LEAD011964,CUST009517,2017-09-25,Referral,0,0
LEAD011965,CUST008108,2017-02-21,Marketplace,0,0
LEAD011966,CUST007307,2017-01-24,Social,0,0
LEAD011967,CUST006708,2017-09-02,Referral,1,0
LEAD011968,CUST007588,2017-08-30,Social,0,0
LEAD011969,CUST007481,2018-01-29,Paid Search,0,0
LEAD011970,CUST002176,2018-05-22,Organic,0,0
LEAD011971,CUST004295,2018-09-09,Referral,0,0
LEAD011972,CUST004961,2018-07-27,Social,1,1
LEAD011973,CUST001580,2017-09-27,Email,1,0
LEAD011974,CUST008829,2018-09-15,Marketplace,0,0
LEAD011975,CUST001756,2017-11-05,Social,0,0
LEAD011976,CUST008478,2018-01-10,Referral,0,0
LEAD011977,CUST004182,2017-01-22,Organic,1,0
LEAD011978,CUST008525,2017-11-24,Paid Search,0,0
LEAD011979,CUST007735,2017-01-06,Paid Search,1,0
LEAD011980,CUST002262,2018-06-23,Social,0,0
LEAD011981,CUST003329,2018-08-06,Paid Search,0,0
LEAD011982,CUST006927,2018-02-18,Referral,0,0
LEAD011983,CUST009997,2018-08-28,Marketplace,1,1
LEAD011984,CUST003615,2018-06-10,Social,1,1
LEAD011985,CUST003649,2017-08-12,Organic,1,1
LEAD011986,CUST003781,2017-03-05,Paid Search,0,0
LEAD011987,CUST003484,2018-08-23,Email,0,0
LEAD011988,CUST001704,2018-01-07,Organic,0,0
LEAD011989,CUST000401,2017-01-06,Paid Search,1,0
LEAD011990,CUST004376,2018-09-07,Email,0,0
LEAD011991,CUST006644,2017-06-28,Paid Search,0,0
LEAD011992,CUST005136,2017-08-06,Paid Search,1,1
LEAD011993,CUST002175,2018-06-03,Referral,0,0
LEAD011994,CUST006503,2017-07-28,Marketplace,1,0
LEAD011995,CUST006072,2018-06-04,Social,1,0
LEAD011996,CUST005832,2017-11-25,Social,1,0
LEAD011997,CUST008380,2018-07-11,Paid Search,1,0
LEAD011998,CUST008794,2017-04-05,Email,0,0
LEAD011999,CUST004958,2017-05-03,Social,0,0
LEAD012000,CUST004959,2018-02-07,Social,1,0
