snapshot_date,product_id,warehouse_id,stock_quantity,reserved_quantity,reorder_point
2017-01-01,PROD01016,WH005,457,18,72
2017-01-01,PROD01429,WH004,458,51,110
2017-01-01,PROD01357,WH007,228,39,62
2017-01-01,PROD00707,WH002,174,40,116
2017-01-01,PROD00315,WH006,149,25,111
2017-01-01,PROD00010,WH007,420,80,106
2017-01-01,PROD01847,WH008,74,65,20
2017-01-01,PROD00405,WH002,344,19,88
2017-01-01,PROD01520,WH007,46,24,104
2017-01-01,PROD00572,WH007,130,44,35
2017-01-01,PROD01023,WH010,158,77,30
2017-01-01,PROD01669,WH002,181,74,105
2017-01-01,PROD01303,WH007,420,9,24
2017-01-01,PROD01035,WH003,23,13,96
2017-01-01,PROD01268,WH010,27,22,85
2017-01-01,PROD00378,WH001,417,50,105
2017-01-01,PROD01569,WH009,384,66,113
2017-01-01,PROD00379,WH001,460,54,98
2017-01-01,PROD01884,WH004,340,39,51
2017-01-01,PROD00672,WH002,87,28,111
2017-01-01,PROD01242,WH006,163,7,78
2017-01-01,PROD00753,WH010,362,36,81
2017-01-01,PROD01692,WH009,498,51,31
2017-01-01,PROD00228,WH009,465,61,80
2017-01-01,PROD01926,WH009,467,57,77
2017-01-01,PROD01862,WH009,284,61,112
2017-01-01,PROD01300,WH007,174,5,27
2017-01-01,PROD01197,WH007,68,46,88
2017-01-01,PROD01173,WH005,237,68,66
2017-01-01,PROD01248,WH002,450,42,100
2017-01-01,PROD00538,WH005,217,24,87
2017-01-01,PROD01458,WH005,124,0,96
2017-01-01,PROD01610,WH003,169,61,38
2017-01-01,PROD01335,WH001,89,14,89
2017-01-01,PROD01105,WH010,38,38,80
2017-01-01,PROD00071,WH004,158,19,71
2017-01-01,PROD01152,WH001,153,38,28
2017-01-01,PROD00609,WH004,165,40,35
2017-01-01,PROD01282,WH008,364,12,67
2017-01-01,PROD01749,WH005,89,14,80
2017-01-01,PROD01482,WH010,336,31,88
2017-01-01,PROD01818,WH006,57,13,118
2017-01-01,PROD01188,WH005,355,12,86
2017-01-01,PROD01898,WH004,365,40,112
2017-01-01,PROD01215,WH002,58,29,47
2017-01-01,PROD00908,WH009,238,24,99
2017-01-01,PROD01915,WH005,493,5,96
2017-01-01,PROD00472,WH004,311,14,37
2017-01-01,PROD01070,WH001,204,48,73
2017-01-01,PROD00123,WH009,309,75,47
2017-01-01,PROD00933,WH003,39,38,21
2017-01-01,PROD00631,WH003,3,3,45
2017-01-01,PROD00002,WH002,400,37,32
2017-01-01,PROD01508,WH010,431,65,75
2017-01-01,PROD01856,WH007,450,75,88
2017-01-01,PROD00713,WH010,499,73,35
2017-01-01,PROD00298,WH009,131,48,54
2017-01-01,PROD01961,WH006,27,5,58
2017-01-01,PROD00012,WH004,365,34,83
2017-01-01,PROD01013,WH001,199,80,57
2017-01-01,PROD00080,WH006,264,78,73
2017-01-01,PROD00018,WH005,113,61,39
2017-01-01,PROD00263,WH004,485,34,83
2017-01-01,PROD01761,WH008,463,39,27
2017-01-01,PROD01471,WH009,213,75,114
2017-01-01,PROD00689,WH004,273,78,65
2017-01-01,PROD01798,WH009,204,44,61
2017-01-01,PROD01279,WH006,23,20,39
2017-01-01,PROD01288,WH003,95,66,30
2017-01-01,PROD00993,WH001,239,5,75
2017-01-01,PROD01670,WH001,381,52,49
2017-01-01,PROD00914,WH006,381,25,57
2017-01-01,PROD00110,WH009,129,60,68
2017-01-01,PROD01579,WH009,16,4,79
2017-01-01,PROD01945,WH006,114,19,115
2017-01-01,PROD01506,WH010,351,20,63
2017-01-01,PROD00105,WH004,271,46,55
2017-01-01,PROD00998,WH004,490,5,59
2017-01-01,PROD01297,WH005,447,32,50
2017-01-01,PROD00702,WH008,304,41,31
2017-01-01,PROD01126,WH009,28,16,29
2017-01-01,PROD00166,WH002,409,76,85
2017-01-01,PROD00551,WH005,317,41,28
2017-01-01,PROD01534,WH008,291,43,36
2017-01-01,PROD01686,WH001,6,0,94
2017-01-01,PROD00625,WH003,91,37,95
2017-01-01,PROD01470,WH006,135,17,24
2017-01-01,PROD01765,WH009,179,53,76
2017-01-01,PROD00796,WH004,115,66,42
2017-01-01,PROD01635,WH002,75,31,60
2017-01-01,PROD01883,WH003,58,51,37
2017-01-01,PROD00368,WH007,207,51,93
2017-01-01,PROD01753,WH003,116,12,50
2017-01-01,PROD01493,WH009,35,23,94
2017-01-01,PROD00815,WH004,452,47,101
2017-01-01,PROD00601,WH010,282,53,95
2017-01-01,PROD01601,WH003,156,76,42
2017-01-01,PROD01307,WH010,171,1,107
2017-01-01,PROD01617,WH005,124,11,84
2017-01-01,PROD00561,WH005,3,3,98
2017-01-01,PROD00612,WH007,467,38,80
2017-01-01,PROD00846,WH006,477,80,48
2017-01-01,PROD01464,WH006,341,69,40
2017-01-01,PROD01960,WH007,223,61,49
2017-01-01,PROD01971,WH005,216,5,53
2017-01-01,PROD01424,WH004,126,33,33
2017-01-01,PROD01978,WH004,370,24,62
2017-01-01,PROD00219,WH010,78,45,34
2017-01-01,PROD01387,WH001,322,51,109
2017-01-01,PROD00333,WH006,422,54,119
2017-01-01,PROD00494,WH006,187,58,116
2017-01-01,PROD00308,WH006,223,52,50
2017-01-01,PROD00367,WH003,368,44,53
2017-01-01,PROD01553,WH010,115,20,118
2017-01-01,PROD00766,WH004,432,17,20
2017-01-01,PROD00304,WH006,448,29,24
2017-01-01,PROD01992,WH005,133,19,33
2017-01-01,PROD01294,WH007,219,59,95
2017-01-01,PROD01017,WH004,148,27,104
2017-01-01,PROD01675,WH009,148,47,46
2017-01-01,PROD01253,WH002,91,60,63
2017-01-01,PROD01592,WH006,104,35,110
2017-01-01,PROD01165,WH007,92,78,83
2017-01-01,PROD00397,WH005,390,48,84
2017-01-01,PROD01814,WH004,400,51,115
2017-01-01,PROD01904,WH003,500,79,35
2017-01-01,PROD00726,WH005,201,59,89
2017-01-01,PROD00994,WH001,108,9,60
2017-01-01,PROD00109,WH007,231,54,75
2017-01-01,PROD00268,WH009,302,60,32
2017-01-01,PROD00173,WH001,423,18,91
2017-01-01,PROD00644,WH010,163,31,100
2017-01-01,PROD01210,WH007,483,49,87
2017-01-01,PROD00524,WH009,13,9,64
2017-01-01,PROD00061,WH002,148,56,29
2017-01-01,PROD00708,WH002,75,43,110
2017-01-01,PROD00336,WH006,163,39,87
2017-01-01,PROD01524,WH006,437,58,108
2017-01-01,PROD01827,WH003,182,52,94
2017-01-01,PROD01004,WH009,80,23,89
2017-01-01,PROD01880,WH010,171,60,38
2017-01-01,PROD01763,WH004,22,16,27
2017-01-01,PROD01522,WH004,103,37,98
2017-01-01,PROD01532,WH004,477,58,79
2017-01-01,PROD01510,WH010,70,10,27
2017-01-01,PROD00305,WH005,195,25,120
2017-01-01,PROD01657,WH005,478,22,105
2017-01-01,PROD01504,WH006,108,77,115
2017-01-01,PROD01462,WH008,448,9,34
2017-01-01,PROD01431,WH007,121,30,114
2017-01-01,PROD01795,WH005,165,66,42
2017-01-01,PROD00667,WH010,349,32,117
2017-01-01,PROD01605,WH003,2,0,58
2017-01-01,PROD01241,WH001,498,12,81
2017-01-01,PROD00511,WH002,314,46,49
2017-01-01,PROD01036,WH003,60,31,51
2017-01-01,PROD00142,WH007,472,29,113
2017-01-01,PROD01530,WH002,188,78,63
2017-01-01,PROD01334,WH004,344,26,47
2017-01-01,PROD01463,WH001,248,3,79
2017-01-01,PROD00824,WH004,70,43,56
2017-01-01,PROD01929,WH004,453,51,52
2017-01-01,PROD00727,WH009,368,77,40
2017-01-01,PROD01890,WH004,338,8,50
2017-01-01,PROD00176,WH008,321,41,84
2017-01-01,PROD01125,WH007,105,13,118
2017-01-01,PROD01224,WH009,428,22,49
2017-01-01,PROD00806,WH008,344,37,49
2017-01-01,PROD00388,WH005,327,0,90
2017-01-01,PROD00172,WH003,207,48,41
2017-01-01,PROD01315,WH006,488,23,37
2017-01-01,PROD01555,WH009,391,42,36
2017-01-01,PROD00270,WH007,174,62,90
2017-01-01,PROD00136,WH007,325,8,26
2017-01-01,PROD01789,WH010,208,2,40
2017-01-01,PROD01257,WH004,97,74,79
2017-01-01,PROD00742,WH006,129,24,25
2017-01-01,PROD01449,WH009,243,5,82
2017-01-01,PROD01351,WH010,341,20,38
2017-01-01,PROD00718,WH007,398,13,21
2017-01-01,PROD01746,WH003,178,10,27
2017-01-01,PROD00255,WH004,411,46,83
2017-01-01,PROD01019,WH009,36,25,35
2017-01-01,PROD01259,WH003,3,1,27
2017-01-01,PROD01707,WH008,190,5,48
2017-01-01,PROD01102,WH006,35,11,108
2017-01-01,PROD00079,WH002,423,74,119
2017-01-01,PROD01996,WH005,148,48,99
2017-01-01,PROD00118,WH006,70,67,77
2017-01-01,PROD01261,WH002,245,71,21
2017-01-01,PROD01062,WH006,82,27,108
2017-01-01,PROD00960,WH007,261,53,47
2017-01-01,PROD01882,WH003,449,80,111
2017-01-01,PROD00424,WH010,467,58,65
2017-01-01,PROD01825,WH010,41,41,82
2017-01-01,PROD00751,WH001,134,44,38
2017-01-01,PROD01826,WH007,93,34,111
2017-01-01,PROD01227,WH002,258,18,23
2017-01-01,PROD01775,WH008,249,69,94
2017-01-01,PROD00618,WH007,271,78,119
2017-01-01,PROD01667,WH007,386,5,72
2017-01-01,PROD00390,WH005,264,22,27
2017-01-01,PROD01192,WH010,79,77,81
2017-01-01,PROD01081,WH004,489,36,108
2017-01-01,PROD00014,WH009,246,27,55
2017-01-01,PROD00235,WH010,118,0,82
2017-01-01,PROD00935,WH002,136,17,59
2017-01-01,PROD00662,WH002,148,23,32
2017-01-01,PROD00438,WH009,195,32,115
2017-01-01,PROD00430,WH003,310,66,81
2017-01-01,PROD01443,WH008,157,73,38
2017-01-01,PROD01046,WH003,23,13,59
2017-01-01,PROD01758,WH003,156,34,85
2017-01-01,PROD00633,WH008,396,49,100
2017-01-01,PROD01558,WH005,428,3,86
2017-01-01,PROD00346,WH010,467,69,24
2017-01-01,PROD01757,WH007,216,12,66
2017-01-01,PROD01400,WH010,167,21,68
2017-01-01,PROD00606,WH004,435,15,79
2017-01-01,PROD00985,WH003,12,6,60
2017-01-01,PROD01810,WH001,413,36,63
2017-01-01,PROD01631,WH004,109,64,107
2017-01-01,PROD00598,WH001,39,22,77
2017-01-01,PROD00646,WH008,480,51,37
2017-01-01,PROD01528,WH005,470,71,53
2017-01-01,PROD00694,WH002,81,22,87
2017-01-01,PROD01033,WH008,410,46,63
2017-01-01,PROD01277,WH003,482,45,22
2017-01-01,PROD01625,WH007,189,12,116
2017-01-01,PROD01942,WH010,231,77,82
2017-01-01,PROD01472,WH005,499,30,118
2017-01-01,PROD01437,WH001,258,21,55
2017-01-01,PROD00720,WH001,459,15,74
2017-01-01,PROD00527,WH002,481,29,97
2017-01-01,PROD00325,WH010,78,9,59
2017-01-01,PROD00818,WH006,23,4,46
2017-01-01,PROD01574,WH002,446,46,23
2017-01-01,PROD01398,WH004,131,55,72
2017-01-01,PROD00919,WH008,50,3,34
2017-01-01,PROD00573,WH007,344,72,57
2017-01-01,PROD01709,WH010,316,69,89
2017-01-01,PROD00433,WH009,403,50,35
2017-01-01,PROD01202,WH001,249,41,103
2017-01-01,PROD00975,WH007,8,6,95
2017-01-01,PROD01613,WH010,333,68,83
2017-01-01,PROD01587,WH004,9,5,108
2017-01-01,PROD00827,WH002,469,15,109
2017-01-01,PROD01348,WH007,485,63,108
2017-01-01,PROD01919,WH004,249,8,31
2017-01-01,PROD00848,WH002,117,54,46
2017-01-01,PROD01916,WH002,168,21,55
2017-01-01,PROD01573,WH009,75,33,52
2017-01-01,PROD01049,WH007,132,59,118
2017-01-01,PROD01143,WH004,162,66,119
2017-01-01,PROD01698,WH006,100,37,44
2017-01-01,PROD00416,WH004,424,47,92
2017-01-01,PROD01949,WH006,293,31,79
2017-01-01,PROD00004,WH004,294,11,103
2017-01-01,PROD00312,WH003,180,18,86
2017-01-01,PROD00078,WH010,112,17,114
2017-01-01,PROD00422,WH001,117,6,33
2017-01-01,PROD00673,WH005,156,56,119
2017-01-01,PROD00803,WH008,168,53,109
2017-01-01,PROD00719,WH006,72,44,92
2017-01-01,PROD01711,WH008,104,71,107
2017-01-01,PROD00512,WH009,436,77,112
2017-01-01,PROD00962,WH001,232,67,75
2017-01-01,PROD00628,WH008,153,31,85
2017-01-01,PROD00729,WH001,144,76,108
2017-01-01,PROD01857,WH001,38,32,45
2017-01-01,PROD01434,WH003,288,56,34
2017-01-01,PROD01280,WH003,24,2,49
2017-01-01,PROD00115,WH007,381,44,83
2017-01-01,PROD00577,WH005,307,17,73
2017-01-01,PROD01044,WH008,427,5,62
2017-01-01,PROD00302,WH008,163,3,51
2017-01-01,PROD00125,WH007,392,10,77
2017-01-01,PROD01505,WH005,346,60,104
2017-01-01,PROD01603,WH004,272,27,59
2017-01-01,PROD00521,WH007,331,67,119
2017-01-01,PROD00243,WH005,47,38,53
2017-01-01,PROD00015,WH001,88,34,115
2017-01-01,PROD01560,WH009,197,17,31
2017-01-01,PROD01499,WH004,143,57,75
2017-01-01,PROD00712,WH007,203,62,63
2017-01-01,PROD01223,WH005,444,53,42
2017-01-01,PROD00666,WH010,91,26,27
2017-01-01,PROD01317,WH008,467,50,101
2017-01-01,PROD00373,WH002,19,15,113
2017-01-01,PROD01799,WH003,29,11,36
2017-01-01,PROD01156,WH010,271,50,81
2017-01-01,PROD00386,WH007,414,52,119
2017-01-01,PROD00750,WH010,242,41,36
2017-01-01,PROD00725,WH001,417,34,76
2017-01-01,PROD01720,WH005,424,25,80
2017-01-01,PROD00451,WH006,240,41,67
2017-01-01,PROD00273,WH004,215,8,106
2017-01-01,PROD01318,WH002,425,63,45
2017-01-01,PROD00349,WH008,370,45,31
2017-01-01,PROD00599,WH003,372,41,66
2017-01-01,PROD01700,WH001,145,12,97
2017-01-01,PROD00778,WH003,35,34,20
2017-01-01,PROD01833,WH001,337,32,59
2017-01-01,PROD01075,WH006,195,57,37
2017-01-01,PROD01412,WH006,89,27,105
2017-01-01,PROD00874,WH001,324,39,40
2017-01-01,PROD00516,WH010,104,29,44
2017-01-01,PROD00759,WH006,177,48,30
2017-01-01,PROD00385,WH001,46,38,102
2017-01-01,PROD00168,WH003,303,20,22
2017-01-01,PROD00543,WH006,254,41,116
2017-01-01,PROD01986,WH006,82,76,109
2017-01-01,PROD01719,WH008,91,3,69
2017-01-01,PROD01786,WH009,132,57,87
2017-01-01,PROD01374,WH007,455,48,116
2017-01-01,PROD00215,WH001,188,25,46
2017-01-01,PROD01250,WH003,57,28,117
2017-01-01,PROD01956,WH003,405,76,113
2017-01-01,PROD00436,WH002,20,7,24
2017-01-01,PROD00310,WH005,91,52,105
2017-01-01,PROD00493,WH007,243,21,88
2017-01-01,PROD00327,WH003,372,5,46
2017-01-01,PROD01115,WH006,126,55,32
2017-01-01,PROD00466,WH009,484,63,62
2017-01-01,PROD00857,WH003,415,7,21
2017-01-01,PROD01895,WH010,58,47,81
2017-01-01,PROD01841,WH003,226,0,86
2017-01-01,PROD00754,WH004,147,38,66
2017-01-01,PROD00063,WH005,214,59,45
2017-01-01,PROD01028,WH003,52,23,102
2017-01-01,PROD00879,WH006,134,77,55
2017-01-01,PROD01030,WH004,188,6,65
2017-01-01,PROD01812,WH005,364,26,83
2017-01-01,PROD00240,WH005,87,54,112
2017-01-01,PROD00408,WH008,72,64,49
2017-01-01,PROD01120,WH010,423,47,83
2017-01-01,PROD01193,WH008,295,12,63
2017-01-01,PROD00292,WH005,418,34,63
2017-01-01,PROD01969,WH006,251,36,79
2017-01-01,PROD01233,WH001,206,36,41
2017-01-01,PROD00260,WH005,222,22,84
2017-01-01,PROD01909,WH007,146,0,38
2017-01-01,PROD00890,WH010,490,19,88
2017-01-01,PROD01131,WH008,44,10,77
2017-01-01,PROD01456,WH003,224,36,64
2017-01-01,PROD00881,WH002,359,9,50
2017-01-01,PROD01025,WH008,320,52,115
2017-01-01,PROD01655,WH009,79,57,48
2017-01-01,PROD01994,WH006,441,3,103
2017-01-01,PROD00296,WH008,39,24,104
2017-01-01,PROD01877,WH007,367,5,46
2017-01-01,PROD01310,WH001,110,21,38
2017-01-01,PROD00603,WH008,408,69,47
2017-01-01,PROD00403,WH004,28,6,84
2017-01-01,PROD01275,WH004,221,69,116
2017-01-01,PROD00266,WH008,412,0,78
2017-01-01,PROD00205,WH005,312,42,90
2017-01-01,PROD01741,WH003,344,50,22
2017-01-01,PROD01457,WH004,139,27,21
2017-01-01,PROD01353,WH008,454,8,48
2017-01-01,PROD01638,WH006,38,29,85
2017-01-01,PROD00149,WH006,411,38,107
2017-01-01,PROD01005,WH001,124,64,52
2017-01-01,PROD01907,WH004,264,57,36
2017-01-01,PROD00484,WH010,135,24,115
2017-01-01,PROD00568,WH007,29,17,33
2017-01-01,PROD00964,WH007,251,52,66
2017-01-01,PROD01435,WH006,498,40,66
2017-01-01,PROD01492,WH004,44,23,68
2017-01-01,PROD01787,WH007,180,53,32
2017-01-01,PROD01190,WH007,343,19,72
2017-01-01,PROD01767,WH005,372,64,116
2017-01-01,PROD01708,WH004,50,45,98
2017-01-01,PROD01693,WH003,211,61,100
2017-01-01,PROD01124,WH004,84,9,89
2017-01-01,PROD00395,WH008,235,48,81
2017-01-01,PROD01397,WH009,239,4,28
2017-01-01,PROD00469,WH001,413,71,63
2017-01-01,PROD01370,WH004,485,76,31
2017-01-01,PROD00276,WH010,19,1,114
2017-01-01,PROD01153,WH010,378,30,120
2017-01-01,PROD01325,WH004,92,69,67
2017-01-01,PROD00129,WH010,339,55,63
2017-01-01,PROD00186,WH006,380,30,94
2017-01-01,PROD01925,WH001,150,75,119
2017-01-01,PROD01874,WH009,166,38,32
2017-01-01,PROD01872,WH001,187,42,39
2017-01-01,PROD00233,WH003,70,57,116
2017-01-01,PROD01954,WH009,276,74,53
2017-01-01,PROD00087,WH008,271,70,120
2017-01-01,PROD00951,WH009,467,70,103
2017-01-01,PROD01326,WH006,159,35,50
2017-01-01,PROD01451,WH005,234,50,48
2017-01-01,PROD00122,WH005,148,17,33
2017-01-01,PROD01366,WH005,479,5,98
2017-01-01,PROD01099,WH002,275,33,60
2017-01-01,PROD00587,WH006,433,80,104
2017-01-01,PROD01924,WH006,366,53,55
2017-01-01,PROD00597,WH009,133,24,82
2017-01-01,PROD01200,WH007,480,35,37
2017-01-01,PROD01732,WH008,243,22,37
2017-01-01,PROD01525,WH009,389,28,46
2017-01-01,PROD01903,WH004,275,26,50
2017-01-01,PROD00236,WH006,374,8,91
2017-01-01,PROD00595,WH010,491,34,42
2017-01-01,PROD01221,WH002,360,75,113
2017-01-01,PROD01328,WH006,307,1,36
2017-01-01,PROD00038,WH002,385,40,26
2017-01-01,PROD01887,WH006,429,39,21
2017-01-01,PROD01027,WH002,314,53,63
2017-01-01,PROD00088,WH004,430,60,49
2017-01-01,PROD01912,WH003,329,63,101
2017-01-01,PROD01183,WH010,68,13,40
2017-01-01,PROD00813,WH001,448,18,108
2017-01-01,PROD01902,WH009,21,21,77
2017-01-01,PROD01691,WH004,263,17,31
2017-01-01,PROD00503,WH002,367,58,21
2017-01-01,PROD00027,WH003,24,15,107
2017-01-01,PROD00311,WH006,27,6,66
2017-01-01,PROD00294,WH005,237,41,99
2017-01-01,PROD01930,WH010,294,67,60
2017-01-01,PROD00903,WH004,453,53,55
2017-01-01,PROD01425,WH006,234,1,72
2017-01-01,PROD01147,WH002,267,3,102
2017-01-01,PROD00140,WH008,259,54,93
2017-01-01,PROD01586,WH001,339,38,44
2017-01-01,PROD00355,WH009,289,11,85
2017-01-01,PROD00028,WH006,322,62,65
2017-01-01,PROD01450,WH009,356,55,36
2017-01-01,PROD01058,WH003,48,37,112
2017-01-01,PROD00056,WH005,290,40,113
2017-01-01,PROD00496,WH007,344,26,42
2017-01-01,PROD01375,WH004,92,66,61
2017-01-01,PROD01987,WH009,35,13,84
2017-01-01,PROD00970,WH008,59,16,113
2017-01-01,PROD01331,WH005,172,6,86
2017-01-01,PROD00738,WH006,488,34,30
2017-01-01,PROD00839,WH008,401,11,63
2017-01-01,PROD01237,WH007,286,51,114
2017-01-01,PROD00178,WH002,465,7,87
2017-01-01,PROD00306,WH004,261,4,73
2017-01-01,PROD01834,WH005,39,36,38
2017-01-01,PROD00343,WH008,382,3,91
2017-01-01,PROD01809,WH009,40,11,78
2017-01-01,PROD00740,WH005,101,68,99
2017-01-01,PROD01175,WH004,459,5,31
2017-01-01,PROD00456,WH009,359,59,34
2017-01-01,PROD01606,WH005,371,53,27
2017-01-01,PROD01114,WH003,12,0,48
2017-01-01,PROD01858,WH004,318,13,113
2017-01-01,PROD00323,WH001,402,45,51
2017-01-01,PROD00872,WH001,272,68,109
2017-01-01,PROD01401,WH006,184,80,41
2017-01-01,PROD00351,WH010,336,69,73
2017-01-01,PROD01999,WH004,444,61,94
2017-01-01,PROD01203,WH006,197,26,87
2017-01-01,PROD01092,WH010,214,80,25
2017-01-01,PROD01254,WH010,434,42,109
2017-01-01,PROD00286,WH001,88,7,34
2017-01-01,PROD01714,WH010,361,39,32
2017-01-01,PROD00885,WH004,453,40,61
2017-01-01,PROD01756,WH005,485,36,107
2017-01-01,PROD01518,WH009,330,54,116
2017-01-01,PROD01121,WH003,314,70,107
2017-01-01,PROD00347,WH001,448,53,118
2017-01-01,PROD01475,WH005,272,38,111
2017-01-01,PROD00780,WH002,467,40,94
2017-01-01,PROD01072,WH002,15,0,120
2017-01-01,PROD01565,WH001,194,12,117
2017-01-01,PROD00073,WH006,182,60,69
2017-01-01,PROD00300,WH001,225,43,113
2017-01-01,PROD00444,WH009,82,21,31
2017-01-01,PROD00301,WH008,264,16,40
2017-01-01,PROD01301,WH010,483,80,46
2017-01-01,PROD00455,WH009,367,23,89
2017-01-01,PROD00963,WH006,178,20,75
2017-01-01,PROD00032,WH002,200,8,106
2017-01-01,PROD01247,WH004,201,62,40
2017-01-01,PROD00211,WH010,66,56,48
2017-01-01,PROD01718,WH001,80,38,54
2017-01-01,PROD00564,WH009,457,64,36
2017-01-01,PROD01365,WH009,3,0,41
2017-01-01,PROD01853,WH010,473,76,108
2017-01-01,PROD00181,WH007,17,10,109
2017-01-01,PROD01262,WH003,288,65,86
2017-01-01,PROD00987,WH006,77,69,33
2017-01-01,PROD00212,WH003,343,77,40
2017-01-01,PROD01129,WH008,404,22,53
2017-01-01,PROD00800,WH001,358,71,81
2017-01-01,PROD01704,WH001,84,49,80
2017-01-01,PROD00190,WH002,499,62,118
2017-01-01,PROD01948,WH004,279,40,30
2017-01-01,PROD00091,WH008,69,22,21
2017-01-01,PROD01408,WH004,14,13,77
2017-01-01,PROD01554,WH007,377,36,103
2017-01-01,PROD00269,WH003,359,2,90
2017-01-01,PROD00459,WH001,175,42,63
2017-01-01,PROD00514,WH009,428,3,82
2017-01-01,PROD00728,WH002,281,26,67
2017-01-01,PROD01393,WH009,342,48,39
2017-02-01,PROD01658,WH006,312,22,97
2017-02-01,PROD00759,WH004,33,17,75
2017-02-01,PROD00167,WH002,389,18,94
2017-02-01,PROD00893,WH009,134,71,25
2017-02-01,PROD01639,WH009,294,45,71
2017-02-01,PROD01183,WH006,56,8,23
2017-02-01,PROD01498,WH004,278,39,113
2017-02-01,PROD00688,WH010,364,70,109
2017-02-01,PROD01952,WH004,205,34,62
2017-02-01,PROD00905,WH008,203,40,120
2017-02-01,PROD00315,WH010,497,46,118
2017-02-01,PROD01510,WH003,365,39,46
2017-02-01,PROD00747,WH003,388,21,28
2017-02-01,PROD01501,WH005,422,48,78
2017-02-01,PROD01682,WH002,365,25,56
2017-02-01,PROD00014,WH009,60,27,95
2017-02-01,PROD00623,WH001,123,79,102
2017-02-01,PROD01360,WH003,140,63,86
2017-02-01,PROD01733,WH007,83,54,65
2017-02-01,PROD00837,WH007,230,51,36
2017-02-01,PROD01551,WH002,98,26,96
2017-02-01,PROD00455,WH006,301,60,22
2017-02-01,PROD01248,WH010,307,74,78
2017-02-01,PROD00058,WH010,387,0,89
2017-02-01,PROD01371,WH006,361,20,59
2017-02-01,PROD01414,WH001,148,64,115
2017-02-01,PROD01897,WH003,435,30,33
2017-02-01,PROD01347,WH007,204,13,74
2017-02-01,PROD00388,WH009,89,25,74
2017-02-01,PROD00106,WH004,206,71,102
2017-02-01,PROD00260,WH003,461,30,20
2017-02-01,PROD00741,WH006,454,6,34
2017-02-01,PROD01567,WH002,24,11,67
2017-02-01,PROD00962,WH008,91,45,84
2017-02-01,PROD01118,WH005,243,69,54
2017-02-01,PROD01751,WH004,62,16,90
2017-02-01,PROD00111,WH006,304,27,106
2017-02-01,PROD01294,WH008,146,19,88
2017-02-01,PROD01790,WH002,482,64,95
2017-02-01,PROD00165,WH009,140,26,95
2017-02-01,PROD01553,WH006,244,58,93
2017-02-01,PROD00079,WH006,12,6,95
2017-02-01,PROD01517,WH008,117,78,72
2017-02-01,PROD01806,WH003,284,22,111
2017-02-01,PROD00443,WH006,96,24,44
2017-02-01,PROD00671,WH006,441,41,88
2017-02-01,PROD00816,WH007,31,21,67
2017-02-01,PROD01829,WH003,10,10,101
2017-02-01,PROD00170,WH007,462,34,94
2017-02-01,PROD00547,WH003,242,24,48
2017-02-01,PROD00643,WH010,440,52,61
2017-02-01,PROD01108,WH007,301,34,62
2017-02-01,PROD00521,WH003,447,44,92
2017-02-01,PROD00717,WH004,189,55,48
2017-02-01,PROD01481,WH007,185,16,25
2017-02-01,PROD00604,WH008,374,72,97
2017-02-01,PROD01336,WH008,484,22,59
2017-02-01,PROD01920,WH007,268,54,35
2017-02-01,PROD01573,WH008,179,15,80
2017-02-01,PROD00839,WH001,52,23,114
2017-02-01,PROD01439,WH004,147,13,54
2017-02-01,PROD00699,WH010,33,15,43
2017-02-01,PROD00825,WH004,150,54,42
2017-02-01,PROD00012,WH009,48,30,24
2017-02-01,PROD00373,WH003,430,78,104
2017-02-01,PROD00183,WH006,307,42,67
2017-02-01,PROD00945,WH002,155,22,25
2017-02-01,PROD01676,WH010,271,49,74
2017-02-01,PROD01026,WH004,444,44,65
2017-02-01,PROD00441,WH003,76,24,67
2017-02-01,PROD01908,WH008,221,23,87
2017-02-01,PROD00484,WH003,67,19,100
2017-02-01,PROD01331,WH010,360,74,58
2017-02-01,PROD01203,WH001,469,36,106
2017-02-01,PROD00155,WH006,246,24,120
2017-02-01,PROD00025,WH009,2,0,63
2017-02-01,PROD00806,WH008,193,17,41
2017-02-01,PROD00668,WH008,68,15,119
2017-02-01,PROD00126,WH010,281,24,52
2017-02-01,PROD01418,WH002,284,12,73
2017-02-01,PROD01614,WH010,47,40,119
2017-02-01,PROD00102,WH009,187,18,79
2017-02-01,PROD01918,WH008,444,24,79
2017-02-01,PROD01328,WH009,381,28,38
2017-02-01,PROD00367,WH001,86,42,81
2017-02-01,PROD00598,WH008,270,52,66
2017-02-01,PROD01671,WH002,399,35,48
2017-02-01,PROD00978,WH003,37,21,90
2017-02-01,PROD00360,WH003,188,77,77
2017-02-01,PROD01266,WH010,476,47,77
2017-02-01,PROD00651,WH008,172,57,110
2017-02-01,PROD00619,WH002,83,5,108
2017-02-01,PROD00407,WH002,249,55,34
2017-02-01,PROD00910,WH001,186,49,86
2017-02-01,PROD01383,WH006,192,8,98
2017-02-01,PROD01423,WH006,102,52,35
2017-02-01,PROD01936,WH004,98,11,22
2017-02-01,PROD01302,WH008,469,53,48
2017-02-01,PROD01480,WH009,447,44,96
2017-02-01,PROD01969,WH005,66,13,53
2017-02-01,PROD00166,WH004,487,58,35
2017-02-01,PROD01458,WH007,481,4,109
2017-02-01,PROD00615,WH004,73,18,75
2017-02-01,PROD01086,WH008,72,51,49
2017-02-01,PROD01560,WH003,202,7,107
2017-02-01,PROD01124,WH004,32,14,32
2017-02-01,PROD01712,WH005,134,16,79
2017-02-01,PROD00960,WH008,193,42,108
2017-02-01,PROD00995,WH001,380,51,79
2017-02-01,PROD00417,WH003,168,26,52
2017-02-01,PROD00418,WH002,216,78,110
2017-02-01,PROD00881,WH001,499,9,71
2017-02-01,PROD00876,WH010,321,13,24
2017-02-01,PROD00235,WH004,50,43,113
2017-02-01,PROD01250,WH002,200,13,74
2017-02-01,PROD00406,WH009,265,11,92
2017-02-01,PROD01025,WH010,58,5,86
2017-02-01,PROD01794,WH001,500,19,30
2017-02-01,PROD00086,WH009,190,9,34
2017-02-01,PROD01244,WH002,434,42,70
2017-02-01,PROD00958,WH002,207,47,71
2017-02-01,PROD00018,WH006,143,66,58
2017-02-01,PROD01275,WH010,167,18,58
2017-02-01,PROD01668,WH008,428,0,36
2017-02-01,PROD00474,WH008,119,16,52
2017-02-01,PROD00828,WH003,155,14,93
2017-02-01,PROD01637,WH010,50,22,84
2017-02-01,PROD00803,WH004,158,20,37
2017-02-01,PROD01338,WH002,247,15,75
2017-02-01,PROD01869,WH004,58,17,54
2017-02-01,PROD01638,WH006,288,75,66
2017-02-01,PROD01549,WH001,53,46,97
2017-02-01,PROD00264,WH002,344,15,25
2017-02-01,PROD00505,WH002,178,44,84
2017-02-01,PROD01830,WH005,224,63,55
2017-02-01,PROD01054,WH007,311,68,96
2017-02-01,PROD01543,WH010,493,8,68
2017-02-01,PROD00228,WH009,112,52,35
2017-02-01,PROD00561,WH005,471,62,76
2017-02-01,PROD00838,WH008,131,34,118
2017-02-01,PROD00735,WH003,447,25,93
2017-02-01,PROD01958,WH001,55,9,96
2017-02-01,PROD00162,WH001,433,52,59
2017-02-01,PROD01412,WH002,497,8,39
2017-02-01,PROD01240,WH005,188,2,91
2017-02-01,PROD00414,WH007,270,1,31
2017-02-01,PROD00641,WH003,227,30,94
2017-02-01,PROD01163,WH001,369,76,21
2017-02-01,PROD00722,WH001,448,12,107
2017-02-01,PROD00061,WH006,103,75,68
2017-02-01,PROD00528,WH005,269,65,64
2017-02-01,PROD01582,WH008,406,78,31
2017-02-01,PROD00942,WH001,390,40,21
2017-02-01,PROD00364,WH009,135,9,76
2017-02-01,PROD00872,WH005,258,79,50
2017-02-01,PROD00442,WH010,453,45,72
2017-02-01,PROD01873,WH003,174,51,102
2017-02-01,PROD01027,WH003,38,36,36
2017-02-01,PROD01688,WH003,252,76,76
2017-02-01,PROD00059,WH004,272,54,56
2017-02-01,PROD00628,WH008,490,41,23
2017-02-01,PROD01530,WH010,207,23,84
2017-02-01,PROD01065,WH005,122,55,43
2017-02-01,PROD00605,WH003,271,25,59
2017-02-01,PROD00603,WH008,361,14,49
2017-02-01,PROD01866,WH002,463,41,44
2017-02-01,PROD00514,WH008,192,24,21
2017-02-01,PROD00764,WH005,96,8,42
2017-02-01,PROD00714,WH002,340,40,71
2017-02-01,PROD01515,WH005,173,68,71
2017-02-01,PROD01556,WH007,417,32,74
2017-02-01,PROD00548,WH003,103,50,59
2017-02-01,PROD00899,WH010,43,9,79
2017-02-01,PROD01263,WH009,325,72,113
2017-02-01,PROD00781,WH009,143,15,32
2017-02-01,PROD00451,WH010,431,10,23
2017-02-01,PROD00911,WH005,165,25,62
2017-02-01,PROD01756,WH003,410,36,60
2017-02-01,PROD01569,WH001,56,39,80
2017-02-01,PROD01008,WH007,109,74,107
2017-02-01,PROD01131,WH003,151,26,120
2017-02-01,PROD00644,WH001,381,30,82
2017-02-01,PROD00299,WH001,72,62,102
2017-02-01,PROD00922,WH006,155,76,85
2017-02-01,PROD00921,WH002,402,29,20
2017-02-01,PROD01686,WH004,259,77,109
2017-02-01,PROD01094,WH006,305,65,28
2017-02-01,PROD01242,WH001,409,42,94
2017-02-01,PROD01947,WH008,75,51,96
2017-02-01,PROD00820,WH008,319,62,68
2017-02-01,PROD00573,WH008,134,60,28
2017-02-01,PROD00563,WH001,392,79,82
2017-02-01,PROD01329,WH003,302,10,31
2017-02-01,PROD00258,WH008,410,45,26
2017-02-01,PROD00394,WH006,443,66,51
2017-02-01,PROD00649,WH005,402,16,24
2017-02-01,PROD01260,WH002,280,68,116
2017-02-01,PROD01310,WH008,473,78,98
2017-02-01,PROD00291,WH002,42,31,23
2017-02-01,PROD01373,WH010,138,50,119
2017-02-01,PROD01411,WH002,279,74,30
2017-02-01,PROD01265,WH010,154,51,84
2017-02-01,PROD01609,WH002,282,22,113
2017-02-01,PROD00054,WH007,188,48,90
2017-02-01,PROD01612,WH008,317,51,48
2017-02-01,PROD01091,WH010,364,80,93
2017-02-01,PROD00147,WH005,126,40,73
2017-02-01,PROD00609,WH008,476,24,60
2017-02-01,PROD00639,WH006,264,17,61
2017-02-01,PROD00289,WH004,238,44,44
2017-02-01,PROD01402,WH002,180,3,77
2017-02-01,PROD01932,WH010,307,50,42
2017-02-01,PROD00770,WH009,36,1,120
2017-02-01,PROD01153,WH005,60,57,85
2017-02-01,PROD00229,WH001,87,69,102
2017-02-01,PROD00330,WH005,71,66,97
2017-02-01,PROD00031,WH008,117,15,97
2017-02-01,PROD01513,WH003,409,16,113
2017-02-01,PROD01602,WH009,103,64,119
2017-02-01,PROD01218,WH006,21,16,92
2017-02-01,PROD00192,WH003,347,67,70
2017-02-01,PROD01576,WH005,78,30,39
2017-02-01,PROD01822,WH010,8,7,112
2017-02-01,PROD00359,WH003,196,52,97
2017-02-01,PROD01085,WH006,321,39,38
2017-02-01,PROD00879,WH008,492,18,116
2017-02-01,PROD00974,WH005,345,79,56
2017-02-01,PROD01640,WH005,296,41,103
2017-02-01,PROD01742,WH001,325,65,72
2017-02-01,PROD00191,WH007,377,61,60
2017-02-01,PROD00351,WH010,320,18,39
2017-02-01,PROD00393,WH001,205,51,100
2017-02-01,PROD01600,WH005,318,30,80
2017-02-01,PROD00492,WH002,457,42,27
2017-02-01,PROD00262,WH008,390,5,94
2017-02-01,PROD00594,WH006,38,7,85
2017-02-01,PROD01519,WH002,418,70,97
2017-02-01,PROD00332,WH003,341,41,113
2017-02-01,PROD00631,WH010,107,24,77
2017-02-01,PROD01622,WH010,272,25,73
2017-02-01,PROD01291,WH002,265,25,113
2017-02-01,PROD00189,WH006,130,11,67
2017-02-01,PROD01746,WH010,433,38,88
2017-02-01,PROD01734,WH001,118,45,92
2017-02-01,PROD01274,WH004,352,44,59
2017-02-01,PROD00645,WH005,53,5,70
2017-02-01,PROD00750,WH001,8,2,44
2017-02-01,PROD01919,WH006,308,73,23
2017-02-01,PROD01716,WH007,228,25,90
2017-02-01,PROD00385,WH003,285,4,70
2017-02-01,PROD00925,WH008,232,68,114
2017-02-01,PROD01853,WH001,265,11,50
2017-02-01,PROD01648,WH005,113,30,76
2017-02-01,PROD00550,WH007,23,8,55
2017-02-01,PROD00577,WH003,399,6,89
2017-02-01,PROD01099,WH002,213,73,92
2017-02-01,PROD01870,WH008,100,31,32
2017-02-01,PROD01251,WH004,419,7,51
2017-02-01,PROD01210,WH009,121,68,33
2017-02-01,PROD01443,WH004,262,54,110
2017-02-01,PROD01741,WH002,412,15,80
2017-02-01,PROD01162,WH005,51,1,38
2017-02-01,PROD00249,WH010,212,28,109
2017-02-01,PROD01856,WH007,470,68,27
2017-02-01,PROD00518,WH001,107,2,85
2017-02-01,PROD00257,WH001,342,67,82
2017-02-01,PROD00037,WH002,343,52,72
2017-02-01,PROD00877,WH007,427,5,50
2017-02-01,PROD01533,WH005,150,58,38
2017-02-01,PROD00143,WH009,285,72,45
2017-02-01,PROD00029,WH005,199,80,90
2017-02-01,PROD00504,WH006,194,50,87
2017-02-01,PROD01489,WH001,62,2,25
2017-02-01,PROD01554,WH003,187,39,50
2017-02-01,PROD01801,WH008,33,31,87
2017-02-01,PROD00991,WH004,217,58,109
2017-02-01,PROD00804,WH001,363,10,25
2017-02-01,PROD00038,WH009,396,75,117
2017-02-01,PROD01069,WH005,178,74,93
2017-02-01,PROD01525,WH003,140,13,64
2017-02-01,PROD01221,WH005,357,32,58
2017-02-01,PROD01786,WH008,369,76,59
2017-02-01,PROD00317,WH001,396,53,108
2017-02-01,PROD01233,WH003,41,19,93
2017-02-01,PROD01170,WH007,147,13,31
2017-02-01,PROD00810,WH003,187,44,102
2017-02-01,PROD01345,WH002,362,36,58
2017-02-01,PROD00854,WH007,343,21,24
2017-02-01,PROD00511,WH007,359,27,91
2017-02-01,PROD00312,WH004,357,67,109
2017-02-01,PROD01004,WH009,276,51,54
2017-02-01,PROD01858,WH008,25,22,63
2017-02-01,PROD00464,WH010,472,12,83
2017-02-01,PROD00957,WH002,190,65,72
2017-02-01,PROD01409,WH006,298,3,82
2017-02-01,PROD01241,WH003,417,7,120
2017-02-01,PROD00880,WH007,397,76,41
2017-02-01,PROD00900,WH006,361,48,100
2017-02-01,PROD01399,WH009,71,28,60
2017-02-01,PROD00868,WH002,145,18,61
2017-02-01,PROD01731,WH001,492,76,51
2017-02-01,PROD01663,WH008,77,35,58
2017-02-01,PROD00515,WH007,311,67,70
2017-02-01,PROD00844,WH006,460,67,110
2017-02-01,PROD00101,WH002,404,45,42
2017-02-01,PROD00105,WH009,8,1,120
2017-02-01,PROD00975,WH005,92,27,38
2017-02-01,PROD01377,WH002,449,59,63
2017-02-01,PROD01262,WH010,483,23,46
2017-02-01,PROD01237,WH004,225,34,65
2017-02-01,PROD00601,WH006,150,79,97
2017-02-01,PROD00073,WH003,88,21,28
2017-02-01,PROD01014,WH006,170,79,43
2017-02-01,PROD00566,WH005,230,1,76
2017-02-01,PROD00003,WH005,135,49,86
2017-02-01,PROD01574,WH009,55,11,78
2017-02-01,PROD00709,WH009,190,25,89
2017-02-01,PROD00269,WH009,500,60,21
2017-02-01,PROD01327,WH007,41,38,23
2017-02-01,PROD01276,WH006,34,27,110
2017-02-01,PROD01063,WH008,54,51,39
2017-02-01,PROD01903,WH008,342,46,83
2017-02-01,PROD01669,WH006,355,36,63
2017-02-01,PROD00665,WH006,279,26,107
2017-02-01,PROD00302,WH009,220,63,53
2017-02-01,PROD01036,WH004,182,65,51
2017-02-01,PROD00355,WH009,420,47,89
2017-02-01,PROD01632,WH001,418,38,99
2017-02-01,PROD01200,WH002,259,75,107
2017-02-01,PROD00830,WH004,437,51,66
2017-02-01,PROD00539,WH010,101,79,28
2017-02-01,PROD00676,WH008,314,61,33
2017-02-01,PROD01809,WH004,229,68,99
2017-02-01,PROD01929,WH010,58,47,22
2017-02-01,PROD01775,WH005,304,16,100
2017-02-01,PROD00083,WH004,166,14,34
2017-02-01,PROD01434,WH002,144,67,90
2017-02-01,PROD01413,WH005,100,4,23
2017-02-01,PROD01891,WH004,429,37,31
2017-02-01,PROD01704,WH010,56,51,83
2017-02-01,PROD00843,WH006,226,71,103
2017-02-01,PROD00660,WH002,127,74,48
2017-02-01,PROD00624,WH004,217,36,83
2017-02-01,PROD00049,WH005,96,45,20
2017-02-01,PROD01781,WH005,198,61,58
2017-02-01,PROD01159,WH009,197,13,53
2017-02-01,PROD01817,WH010,56,28,102
2017-02-01,PROD00841,WH004,303,5,84
2017-02-01,PROD01115,WH006,291,35,49
2017-02-01,PROD00835,WH008,58,30,79
2017-02-01,PROD00485,WH001,379,62,42
2017-02-01,PROD01511,WH008,172,70,59
2017-02-01,PROD01898,WH008,153,5,78
2017-02-01,PROD00094,WH001,154,11,72
2017-02-01,PROD00491,WH008,404,50,56
2017-02-01,PROD01202,WH007,204,47,115
2017-02-01,PROD00100,WH004,264,47,83
2017-02-01,PROD01973,WH003,224,80,77
2017-02-01,PROD01643,WH003,291,56,43
2017-02-01,PROD00219,WH009,44,25,108
2017-02-01,PROD00348,WH008,283,17,40
2017-02-01,PROD01945,WH005,47,19,21
2017-02-01,PROD01180,WH009,21,17,61
2017-02-01,PROD00986,WH003,135,41,23
2017-02-01,PROD00878,WH003,102,34,89
2017-02-01,PROD01453,WH003,476,68,33
2017-02-01,PROD01425,WH010,138,63,54
2017-02-01,PROD01224,WH001,485,70,33
2017-02-01,PROD01185,WH008,127,4,27
2017-02-01,PROD00931,WH008,357,55,120
2017-02-01,PROD01592,WH006,297,65,102
2017-02-01,PROD01364,WH009,119,0,43
2017-02-01,PROD01933,WH006,279,55,21
2017-02-01,PROD00172,WH009,168,21,26
2017-02-01,PROD01759,WH001,201,61,92
2017-02-01,PROD00827,WH006,136,18,116
2017-02-01,PROD01702,WH003,217,72,59
2017-02-01,PROD01479,WH010,319,76,107
2017-02-01,PROD01454,WH006,451,31,38
2017-02-01,PROD01467,WH004,424,24,25
2017-02-01,PROD00510,WH006,492,30,43
2017-02-01,PROD01132,WH003,422,57,111
2017-02-01,PROD01851,WH002,373,70,70
2017-02-01,PROD00200,WH007,327,53,96
2017-02-01,PROD00578,WH010,146,28,27
2017-02-01,PROD00274,WH007,457,13,54
2017-02-01,PROD01909,WH003,431,55,58
2017-02-01,PROD00914,WH002,210,56,115
2017-02-01,PROD00985,WH008,21,20,118
2017-02-01,PROD01387,WH005,310,45,47
2017-02-01,PROD01334,WH002,433,51,111
2017-02-01,PROD00906,WH009,500,6,110
2017-02-01,PROD00559,WH009,310,16,108
2017-02-01,PROD01762,WH003,244,25,102
2017-02-01,PROD01219,WH010,135,63,44
2017-02-01,PROD00716,WH010,136,48,71
2017-02-01,PROD00894,WH008,440,50,58
2017-02-01,PROD01627,WH008,72,44,91
2017-02-01,PROD00890,WH006,134,15,25
2017-02-01,PROD00537,WH010,10,7,20
2017-02-01,PROD00353,WH008,336,80,97
2017-02-01,PROD01436,WH006,24,5,35
2017-02-01,PROD01931,WH006,324,65,116
2017-02-01,PROD01863,WH005,165,34,120
2017-02-01,PROD01073,WH008,342,0,118
2017-02-01,PROD01427,WH007,271,21,74
2017-02-01,PROD01098,WH005,196,0,89
2017-02-01,PROD00036,WH006,276,57,97
2017-02-01,PROD01990,WH001,178,77,113
2017-02-01,PROD00352,WH002,471,72,77
2017-02-01,PROD00678,WH002,432,26,58
2017-02-01,PROD00074,WH005,96,43,33
2017-02-01,PROD00365,WH009,411,61,30
2017-02-01,PROD00151,WH008,151,0,62
2017-02-01,PROD01589,WH002,334,5,73
2017-02-01,PROD00597,WH003,212,5,48
2017-02-01,PROD01492,WH003,48,8,106
2017-02-01,PROD00322,WH001,330,18,70
2017-02-01,PROD00303,WH004,113,52,54
2017-02-01,PROD00104,WH005,154,43,74
2017-02-01,PROD00004,WH001,167,47,37
2017-02-01,PROD01070,WH010,458,80,41
2017-02-01,PROD01066,WH009,486,36,98
2017-02-01,PROD01985,WH009,99,31,83
2017-02-01,PROD01737,WH004,26,7,77
2017-02-01,PROD00462,WH005,112,5,22
2017-02-01,PROD01405,WH009,92,37,115
2017-02-01,PROD00757,WH001,329,78,38
2017-02-01,PROD01078,WH010,230,33,96
2017-02-01,PROD00278,WH004,451,56,88
2017-02-01,PROD00616,WH008,173,9,80
2017-02-01,PROD00446,WH008,419,69,90
2017-02-01,PROD01799,WH010,333,53,94
2017-02-01,PROD00509,WH010,338,13,94
2017-02-01,PROD01252,WH005,90,2,101
2017-02-01,PROD00201,WH002,68,46,109
2017-02-01,PROD01685,WH005,60,59,45
2017-02-01,PROD00695,WH006,79,48,69
2017-02-01,PROD00948,WH010,482,7,97
2017-02-01,PROD01422,WH007,499,32,85
2017-02-01,PROD00788,WH004,166,75,97
2017-02-01,PROD00823,WH004,119,57,81
2017-02-01,PROD00389,WH002,393,24,59
2017-02-01,PROD00114,WH008,157,32,35
2017-02-01,PROD01031,WH009,477,78,117
2017-02-01,PROD00532,WH002,496,9,105
2017-02-01,PROD01779,WH010,471,53,55
2017-02-01,PROD00481,WH001,280,44,115
2017-02-01,PROD00319,WH001,34,34,45
2017-02-01,PROD01892,WH002,298,62,65
2017-02-01,PROD00669,WH008,178,23,25
2017-02-01,PROD00795,WH010,144,71,71
2017-02-01,PROD01420,WH001,188,40,87
2017-02-01,PROD00840,WH009,482,36,38
2017-02-01,PROD01114,WH009,436,70,62
2017-02-01,PROD00244,WH002,87,59,99
2017-02-01,PROD01079,WH007,210,28,85
2017-02-01,PROD01455,WH002,2,2,73
2017-02-01,PROD01461,WH002,263,13,109
2017-02-01,PROD01826,WH010,479,39,53
2017-02-01,PROD00180,WH003,350,4,50
2017-02-01,PROD01699,WH005,170,80,40
2017-02-01,PROD00923,WH003,256,3,118
2017-02-01,PROD00638,WH010,410,77,81
2017-02-01,PROD01155,WH002,249,16,120
2017-02-01,PROD01784,WH001,495,19,110
2017-02-01,PROD00497,WH001,129,39,52
2017-02-01,PROD01045,WH005,284,35,31
2017-02-01,PROD00362,WH006,465,77,63
2017-02-01,PROD00768,WH004,412,5,77
2017-02-01,PROD00267,WH010,273,16,53
2017-02-01,PROD00206,WH001,137,54,99
2017-02-01,PROD01713,WH007,199,77,43
2017-02-01,PROD01122,WH010,22,3,53
2017-02-01,PROD01057,WH001,336,36,111
2017-02-01,PROD01410,WH004,450,38,73
2017-02-01,PROD00432,WH009,67,36,46
2017-02-01,PROD01463,WH005,126,57,113
2017-02-01,PROD00679,WH004,384,57,52
2017-02-01,PROD00634,WH008,17,15,47
2017-02-01,PROD00811,WH005,447,53,22
2017-02-01,PROD01946,WH010,216,20,109
2017-02-01,PROD01721,WH008,363,21,51
2017-02-01,PROD00467,WH009,258,11,24
2017-02-01,PROD00233,WH010,112,17,76
2017-02-01,PROD01598,WH005,53,27,42
2017-02-01,PROD00997,WH006,174,60,64
2017-02-01,PROD00633,WH008,319,32,81
2017-02-01,PROD01974,WH001,201,62,47
2017-02-01,PROD00125,WH003,123,53,48
2017-02-01,PROD00989,WH010,351,65,53
2017-02-01,PROD01526,WH009,321,71,108
2017-02-01,PROD00132,WH009,132,73,114
2017-02-01,PROD01307,WH006,303,27,69
2017-02-01,PROD00468,WH009,98,73,98
2017-02-01,PROD00691,WH010,325,68,56
2017-02-01,PROD00929,WH003,42,29,67
2017-02-01,PROD00971,WH005,132,30,49
2017-02-01,PROD00933,WH003,267,16,32
2017-02-01,PROD00592,WH010,362,6,77
2017-03-01,PROD00655,WH002,473,76,99
2017-03-01,PROD00609,WH004,8,3,50
2017-03-01,PROD01222,WH008,262,64,70
2017-03-01,PROD00818,WH001,400,5,61
2017-03-01,PROD00364,WH009,435,63,63
2017-03-01,PROD00329,WH009,440,9,94
2017-03-01,PROD01052,WH003,452,18,56
2017-03-01,PROD01316,WH005,394,45,98
2017-03-01,PROD01641,WH001,290,43,25
2017-03-01,PROD01845,WH001,67,49,23
2017-03-01,PROD00785,WH006,81,5,81
2017-03-01,PROD01697,WH006,363,47,53
2017-03-01,PROD01609,WH004,161,62,58
2017-03-01,PROD01990,WH009,384,36,79
2017-03-01,PROD01821,WH005,25,9,119
2017-03-01,PROD01751,WH009,279,2,120
2017-03-01,PROD00258,WH010,288,74,94
2017-03-01,PROD01581,WH005,86,46,91
2017-03-01,PROD01628,WH010,423,67,117
2017-03-01,PROD01769,WH003,234,67,37
2017-03-01,PROD01982,WH006,154,48,96
2017-03-01,PROD00413,WH005,409,51,23
2017-03-01,PROD01934,WH009,173,58,98
2017-03-01,PROD00223,WH003,314,35,51
2017-03-01,PROD00454,WH001,232,25,73
2017-03-01,PROD00611,WH010,167,41,44
2017-03-01,PROD00178,WH009,364,61,20
2017-03-01,PROD00948,WH006,331,26,83
2017-03-01,PROD01157,WH003,169,47,96
2017-03-01,PROD01741,WH006,166,60,98
2017-03-01,PROD00961,WH004,286,68,50
2017-03-01,PROD01539,WH009,478,60,82
2017-03-01,PROD01040,WH008,169,53,76
2017-03-01,PROD01225,WH009,132,50,70
2017-03-01,PROD01363,WH004,37,5,107
2017-03-01,PROD01290,WH006,84,63,71
2017-03-01,PROD00008,WH001,491,46,79
2017-03-01,PROD00739,WH009,98,11,110
2017-03-01,PROD01008,WH003,70,60,23
2017-03-01,PROD01337,WH009,26,14,89
2017-03-01,PROD00292,WH002,97,3,104
2017-03-01,PROD01703,WH001,358,23,74
2017-03-01,PROD00904,WH004,409,19,112
2017-03-01,PROD00525,WH005,420,5,63
2017-03-01,PROD01722,WH008,487,53,49
2017-03-01,PROD00171,WH010,86,60,26
2017-03-01,PROD00801,WH010,350,46,82
2017-03-01,PROD00198,WH003,177,27,71
2017-03-01,PROD01217,WH003,429,3,62
2017-03-01,PROD00804,WH009,29,17,29
2017-03-01,PROD01257,WH010,364,53,36
2017-03-01,PROD01915,WH004,378,54,37
2017-03-01,PROD01208,WH009,377,33,68
2017-03-01,PROD00908,WH009,485,0,47
2017-03-01,PROD00972,WH005,401,0,61
2017-03-01,PROD00155,WH003,3,1,102
2017-03-01,PROD01961,WH003,423,25,112
2017-03-01,PROD00207,WH003,234,76,36
2017-03-01,PROD01389,WH002,115,73,53
2017-03-01,PROD00995,WH005,483,74,46
2017-03-01,PROD00558,WH009,64,14,61
2017-03-01,PROD00556,WH001,495,7,118
2017-03-01,PROD01745,WH005,122,15,27
2017-03-01,PROD00901,WH007,480,13,57
2017-03-01,PROD01818,WH008,297,21,27
2017-03-01,PROD02000,WH008,290,39,86
2017-03-01,PROD01706,WH005,163,22,35
2017-03-01,PROD00807,WH008,184,57,43
2017-03-01,PROD01852,WH010,444,22,83
2017-03-01,PROD00236,WH001,57,31,80
2017-03-01,PROD00280,WH006,431,11,51
2017-03-01,PROD00455,WH003,114,45,92
2017-03-01,PROD00441,WH004,123,54,87
2017-03-01,PROD01470,WH008,236,43,62
2017-03-01,PROD01677,WH010,363,14,65
2017-03-01,PROD01230,WH009,355,15,76
2017-03-01,PROD01348,WH008,37,37,44
2017-03-01,PROD01912,WH010,435,33,80
2017-03-01,PROD00113,WH009,361,3,88
2017-03-01,PROD01333,WH010,157,21,22
2017-03-01,PROD01342,WH001,91,21,71
2017-03-01,PROD01320,WH008,443,68,35
2017-03-01,PROD01088,WH008,153,77,43
2017-03-01,PROD00850,WH001,46,29,100
2017-03-01,PROD01522,WH005,270,55,55
2017-03-01,PROD00849,WH007,340,26,46
2017-03-01,PROD00347,WH003,170,79,62
2017-03-01,PROD00247,WH001,250,4,92
2017-03-01,PROD00360,WH001,360,55,107
2017-03-01,PROD01308,WH010,186,46,51
2017-03-01,PROD01405,WH005,180,63,93
2017-03-01,PROD00125,WH004,143,75,51
2017-03-01,PROD01865,WH007,111,18,41
2017-03-01,PROD01373,WH010,244,39,72
2017-03-01,PROD01836,WH004,259,43,111
2017-03-01,PROD01237,WH006,252,61,82
2017-03-01,PROD00260,WH005,215,0,22
2017-03-01,PROD01652,WH004,140,70,42
2017-03-01,PROD00339,WH006,54,19,65
2017-03-01,PROD00156,WH010,465,15,95
2017-03-01,PROD00406,WH010,339,70,81
2017-03-01,PROD00774,WH010,398,7,111
2017-03-01,PROD01038,WH005,99,66,120
2017-03-01,PROD00499,WH005,212,7,76
2017-03-01,PROD00685,WH004,432,3,113
2017-03-01,PROD01699,WH006,282,65,48
2017-03-01,PROD00003,WH007,376,52,60
2017-03-01,PROD00501,WH002,219,34,56
2017-03-01,PROD01340,WH005,477,32,51
2017-03-01,PROD01296,WH007,44,34,34
2017-03-01,PROD00992,WH005,184,67,92
2017-03-01,PROD01945,WH008,337,48,22
2017-03-01,PROD00648,WH004,187,14,29
2017-03-01,PROD00552,WH005,26,16,112
2017-03-01,PROD00470,WH007,93,24,100
2017-03-01,PROD00063,WH008,452,42,91
2017-03-01,PROD00163,WH001,168,9,47
2017-03-01,PROD01346,WH005,221,17,20
2017-03-01,PROD00589,WH007,367,55,97
2017-03-01,PROD01336,WH001,8,5,80
2017-03-01,PROD00830,WH002,438,58,101
2017-03-01,PROD00077,WH010,369,25,70
2017-03-01,PROD01355,WH002,226,10,89
2017-03-01,PROD01416,WH003,437,17,74
2017-03-01,PROD00122,WH006,388,53,89
2017-03-01,PROD01623,WH007,79,71,52
2017-03-01,PROD01102,WH010,311,7,107
2017-03-01,PROD00248,WH009,442,44,85
2017-03-01,PROD00554,WH007,96,75,116
2017-03-01,PROD01005,WH003,175,19,85
2017-03-01,PROD01773,WH009,132,44,72
2017-03-01,PROD01094,WH004,53,49,70
2017-03-01,PROD00737,WH001,95,2,20
2017-03-01,PROD01692,WH004,390,27,59
2017-03-01,PROD00872,WH010,219,56,99
2017-03-01,PROD01253,WH005,238,68,70
2017-03-01,PROD00373,WH001,471,68,56
2017-03-01,PROD01248,WH002,399,13,104
2017-03-01,PROD01970,WH009,248,18,108
2017-03-01,PROD01317,WH004,328,18,38
2017-03-01,PROD01880,WH010,82,26,54
2017-03-01,PROD01572,WH009,432,75,115
2017-03-01,PROD01705,WH004,234,66,37
2017-03-01,PROD01201,WH008,120,9,106
2017-03-01,PROD00900,WH006,161,10,95
2017-03-01,PROD00300,WH008,303,45,66
2017-03-01,PROD01165,WH005,342,59,20
2017-03-01,PROD01839,WH002,330,38,78
2017-03-01,PROD00134,WH001,299,32,68
2017-03-01,PROD00278,WH006,58,18,82
2017-03-01,PROD00483,WH002,499,66,87
2017-03-01,PROD01803,WH003,341,27,119
2017-03-01,PROD00089,WH010,443,74,60
2017-03-01,PROD00230,WH003,334,41,58
2017-03-01,PROD00410,WH001,179,50,67
2017-03-01,PROD00005,WH008,417,65,36
2017-03-01,PROD01467,WH010,321,3,79
2017-03-01,PROD01167,WH003,342,76,29
2017-03-01,PROD00921,WH003,107,47,103
2017-03-01,PROD01502,WH005,212,29,79
2017-03-01,PROD00740,WH005,346,37,90
2017-03-01,PROD01452,WH005,200,29,38
2017-03-01,PROD01643,WH002,201,7,43
2017-03-01,PROD01610,WH007,78,52,79
2017-03-01,PROD01143,WH006,306,37,98
2017-03-01,PROD01395,WH007,352,41,103
2017-03-01,PROD00461,WH008,108,28,119
2017-03-01,PROD01995,WH002,411,34,111
2017-03-01,PROD00194,WH010,108,19,114
2017-03-01,PROD00102,WH001,43,10,20
2017-03-01,PROD01787,WH008,236,26,107
2017-03-01,PROD00773,WH005,317,73,27
2017-03-01,PROD00597,WH006,221,77,47
2017-03-01,PROD01427,WH008,6,0,107
2017-03-01,PROD01014,WH010,381,45,25
2017-03-01,PROD00241,WH007,110,15,50
2017-03-01,PROD01507,WH010,167,58,111
2017-03-01,PROD01744,WH002,325,39,98
2017-03-01,PROD01857,WH010,94,12,40
2017-03-01,PROD01435,WH007,349,50,82
2017-03-01,PROD01701,WH004,385,13,41
2017-03-01,PROD00886,WH008,100,49,28
2017-03-01,PROD00748,WH003,323,30,90
2017-03-01,PROD00348,WH001,83,24,48
2017-03-01,PROD00764,WH002,99,12,102
2017-03-01,PROD00324,WH008,180,65,66
2017-03-01,PROD01423,WH010,467,55,49
2017-03-01,PROD01353,WH010,497,3,54
2017-03-01,PROD00909,WH007,170,29,65
2017-03-01,PROD00937,WH003,112,18,86
2017-03-01,PROD01996,WH009,289,59,72
2017-03-01,PROD00684,WH008,454,17,27
2017-03-01,PROD00344,WH008,448,52,63
2017-03-01,PROD01842,WH003,448,70,74
2017-03-01,PROD01484,WH009,207,65,46
2017-03-01,PROD01179,WH008,416,62,66
2017-03-01,PROD01154,WH006,471,52,102
2017-03-01,PROD01943,WH008,224,66,33
2017-03-01,PROD01436,WH008,361,38,97
2017-03-01,PROD00918,WH004,160,21,30
2017-03-01,PROD00707,WH006,167,5,69
2017-03-01,PROD01947,WH006,400,17,49
2017-03-01,PROD00749,WH006,88,7,77
2017-03-01,PROD00468,WH003,233,61,58
2017-03-01,PROD00745,WH010,321,15,50
2017-03-01,PROD00509,WH002,271,7,59
2017-03-01,PROD01259,WH010,102,42,69
2017-03-01,PROD01284,WH001,255,7,119
2017-03-01,PROD00946,WH004,186,3,60
2017-03-01,PROD01164,WH002,426,60,56
2017-03-01,PROD00054,WH007,245,32,30
2017-03-01,PROD01663,WH007,64,8,24
2017-03-01,PROD01549,WH004,452,0,26
2017-03-01,PROD00686,WH008,195,72,76
2017-03-01,PROD00071,WH008,277,4,115
2017-03-01,PROD00135,WH002,195,0,109
2017-03-01,PROD01264,WH001,444,16,104
2017-03-01,PROD01275,WH010,381,80,112
2017-03-01,PROD01443,WH009,122,47,44
2017-03-01,PROD00313,WH006,382,76,93
2017-03-01,PROD01555,WH005,100,22,115
2017-03-01,PROD00024,WH008,196,44,61
2017-03-01,PROD01138,WH005,493,58,107
2017-03-01,PROD01135,WH010,185,25,59
2017-03-01,PROD00654,WH009,147,35,24
2017-03-01,PROD00419,WH006,165,29,116
2017-03-01,PROD01537,WH005,37,2,39
2017-03-01,PROD00635,WH004,426,10,43
2017-03-01,PROD00049,WH006,494,14,75
2017-03-01,PROD01710,WH007,155,28,80
2017-03-01,PROD01127,WH009,438,44,107
2017-03-01,PROD01006,WH009,16,12,88
2017-03-01,PROD00510,WH004,479,66,105
2017-03-01,PROD00439,WH006,229,56,117
2017-03-01,PROD00273,WH003,141,20,119
2017-03-01,PROD00652,WH008,481,3,71
2017-03-01,PROD00426,WH005,303,43,25
2017-03-01,PROD01700,WH008,91,69,21
2017-03-01,PROD01781,WH001,28,22,94
2017-03-01,PROD01326,WH008,496,61,73
2017-03-01,PROD00414,WH009,130,74,114
2017-03-01,PROD01576,WH004,254,25,78
2017-03-01,PROD01546,WH010,478,17,120
2017-03-01,PROD01574,WH005,145,60,20
2017-03-01,PROD00596,WH006,94,2,74
2017-03-01,PROD00231,WH010,249,59,77
2017-03-01,PROD00997,WH009,15,12,95
2017-03-01,PROD00866,WH007,170,33,33
2017-03-01,PROD00021,WH005,407,62,29
2017-03-01,PROD00416,WH005,342,5,117
2017-03-01,PROD00615,WH007,208,19,75
2017-03-01,PROD01474,WH008,306,27,106
2017-03-01,PROD00843,WH005,298,48,115
2017-03-01,PROD00725,WH002,125,49,65
2017-03-01,PROD00435,WH006,65,43,71
2017-03-01,PROD01410,WH002,427,80,106
2017-03-01,PROD00168,WH004,237,75,38
2017-03-01,PROD01647,WH003,284,41,41
2017-03-01,PROD00822,WH001,359,69,113
2017-03-01,PROD00667,WH007,73,2,80
2017-03-01,PROD00490,WH007,21,15,64
2017-03-01,PROD00508,WH004,44,2,108
2017-03-01,PROD01885,WH006,351,59,65
2017-03-01,PROD01266,WH001,305,61,80
2017-03-01,PROD00533,WH006,264,75,111
2017-03-01,PROD01279,WH008,401,7,22
2017-03-01,PROD01771,WH005,323,42,93
2017-03-01,PROD00726,WH001,411,7,52
2017-03-01,PROD00150,WH005,312,75,117
2017-03-01,PROD00787,WH007,151,39,30
2017-03-01,PROD00148,WH010,234,62,49
2017-03-01,PROD00233,WH004,179,43,96
2017-03-01,PROD01823,WH002,477,48,83
2017-03-01,PROD01231,WH006,259,59,90
2017-03-01,PROD01489,WH003,468,30,46
2017-03-01,PROD00037,WH004,363,35,45
2017-03-01,PROD00734,WH004,178,23,119
2017-03-01,PROD01743,WH007,326,24,116
2017-03-01,PROD00462,WH009,451,57,24
2017-03-01,PROD01121,WH005,85,0,32
2017-03-01,PROD00944,WH003,495,80,67
2017-03-01,PROD00367,WH009,96,42,70
2017-03-01,PROD01938,WH009,264,20,98
2017-03-01,PROD00592,WH010,476,76,97
2017-03-01,PROD00294,WH007,282,17,37
2017-03-01,PROD00586,WH007,379,26,34
2017-03-01,PROD01952,WH010,370,15,32
2017-03-01,PROD00192,WH001,221,62,85
2017-03-01,PROD01495,WH009,126,4,55
2017-03-01,PROD00103,WH008,270,46,78
2017-03-01,PROD00802,WH007,409,23,56
2017-03-01,PROD00666,WH008,184,21,116
2017-03-01,PROD00396,WH006,480,4,107
2017-03-01,PROD01913,WH003,444,42,78
2017-03-01,PROD01573,WH009,312,30,36
2017-03-01,PROD00531,WH009,2,2,99
2017-03-01,PROD00954,WH008,322,1,102
2017-03-01,PROD00020,WH006,338,65,75
2017-03-01,PROD00907,WH006,464,57,105
2017-03-01,PROD00862,WH009,367,41,55
2017-03-01,PROD01797,WH008,281,40,66
2017-03-01,PROD00092,WH008,315,45,72
2017-03-01,PROD01908,WH002,281,48,82
2017-03-01,PROD01070,WH003,5,1,98
2017-03-01,PROD00656,WH005,404,79,38
2017-03-01,PROD00100,WH009,499,75,55
2017-03-01,PROD00293,WH009,412,22,102
2017-03-01,PROD01307,WH007,229,65,71
2017-03-01,PROD01159,WH007,148,77,118
2017-03-01,PROD00158,WH006,254,74,55
2017-03-01,PROD01469,WH001,78,77,94
2017-03-01,PROD01827,WH008,477,23,75
2017-03-01,PROD01338,WH002,91,16,29
2017-03-01,PROD01577,WH004,442,37,58
2017-03-01,PROD01146,WH010,414,49,32
2017-03-01,PROD00681,WH003,346,64,48
2017-03-01,PROD01557,WH003,322,6,28
2017-03-01,PROD01587,WH003,477,28,39
2017-03-01,PROD00518,WH008,345,44,48
2017-03-01,PROD00400,WH007,147,27,95
2017-03-01,PROD01801,WH007,30,6,108
2017-03-01,PROD00980,WH007,111,1,96
2017-03-01,PROD00029,WH008,189,20,54
2017-03-01,PROD00989,WH002,86,13,118
2017-03-01,PROD00936,WH008,183,18,67
2017-03-01,PROD00917,WH008,320,42,84
2017-03-01,PROD01412,WH001,180,61,112
2017-03-01,PROD00672,WH008,415,9,100
2017-03-01,PROD00795,WH006,299,37,110
2017-03-01,PROD01145,WH004,214,9,33
2017-03-01,PROD01650,WH003,324,36,103
2017-03-01,PROD00356,WH009,490,52,28
2017-03-01,PROD00117,WH006,433,77,80
2017-03-01,PROD00411,WH002,58,10,94
2017-03-01,PROD01122,WH009,409,50,62
2017-03-01,PROD00730,WH001,424,58,85
2017-03-01,PROD01849,WH006,61,12,64
2017-03-01,PROD01464,WH009,57,5,30
2017-03-01,PROD01175,WH007,121,77,111
2017-03-01,PROD00226,WH001,89,17,68
2017-03-01,PROD01056,WH004,180,29,39
2017-03-01,PROD01819,WH004,470,35,90
2017-03-01,PROD01101,WH001,450,68,79
2017-03-01,PROD00762,WH004,202,71,73
2017-03-01,PROD01180,WH003,461,25,75
2017-03-01,PROD00982,WH009,447,74,64
2017-03-01,PROD00332,WH004,444,17,65
2017-03-01,PROD01141,WH006,111,66,102
2017-03-01,PROD01385,WH005,282,18,50
2017-03-01,PROD00494,WH002,266,5,74
2017-03-01,PROD00960,WH004,62,37,70
2017-03-01,PROD00651,WH006,36,0,108
2017-03-01,PROD01128,WH002,487,46,110
2017-03-01,PROD01294,WH005,486,1,44
2017-03-01,PROD00968,WH010,53,38,32
2017-03-01,PROD01671,WH008,73,37,69
2017-03-01,PROD00175,WH005,229,34,98
2017-03-01,PROD00631,WH002,277,37,96
2017-03-01,PROD01602,WH003,129,21,104
2017-03-01,PROD00131,WH001,250,19,88
2017-03-01,PROD01911,WH005,26,1,78
2017-03-01,PROD00214,WH007,6,2,83
2017-03-01,PROD00189,WH007,33,7,120
2017-03-01,PROD00532,WH006,414,33,39
2017-03-01,PROD00128,WH006,362,80,48
2017-03-01,PROD01752,WH010,323,48,53
2017-03-01,PROD01767,WH007,498,64,69
2017-03-01,PROD01747,WH006,235,63,110
2017-03-01,PROD01874,WH009,412,30,86
2017-03-01,PROD00365,WH001,35,16,55
2017-03-01,PROD00622,WH009,351,65,38
2017-03-01,PROD00778,WH001,313,50,31
2017-03-01,PROD00605,WH005,94,58,109
2017-03-01,PROD00276,WH008,329,25,47
2017-03-01,PROD00218,WH005,364,54,85
2017-03-01,PROD01552,WH003,204,3,87
2017-03-01,PROD01980,WH006,220,17,53
2017-03-01,PROD00498,WH003,478,33,116
2017-03-01,PROD01739,WH007,404,37,105
2017-03-01,PROD00926,WH006,375,66,44
2017-03-01,PROD01021,WH002,125,26,23
2017-03-01,PROD01684,WH001,354,56,87
2017-03-01,PROD01058,WH002,360,40,78
2017-03-01,PROD01238,WH005,42,27,65
2017-03-01,PROD01042,WH003,204,72,43
2017-03-01,PROD00911,WH010,372,36,100
2017-03-01,PROD00272,WH005,111,70,111
2017-03-01,PROD01115,WH008,206,36,28
2017-03-01,PROD00245,WH007,150,20,25
2017-03-01,PROD01651,WH005,166,35,65
2017-03-01,PROD01992,WH008,224,28,60
2017-03-01,PROD00986,WH009,366,1,88
2017-03-01,PROD00587,WH005,53,40,113
2017-03-01,PROD01636,WH010,281,5,29
2017-03-01,PROD00731,WH010,89,59,94
2017-03-01,PROD00827,WH003,229,35,83
2017-03-01,PROD01002,WH003,158,12,34
2017-03-01,PROD01428,WH001,386,49,104
2017-03-01,PROD01064,WH006,12,8,63
2017-03-01,PROD00066,WH001,28,20,25
2017-03-01,PROD00663,WH008,462,47,35
2017-03-01,PROD00234,WH003,243,72,90
2017-03-01,PROD00433,WH009,380,3,95
2017-03-01,PROD01424,WH006,187,13,33
2017-03-01,PROD01724,WH009,429,28,56
2017-03-01,PROD01224,WH009,194,8,120
2017-03-01,PROD00694,WH004,57,15,59
2017-03-01,PROD00987,WH005,376,68,33
2017-03-01,PROD01762,WH001,322,42,40
2017-03-01,PROD01985,WH004,263,10,94
2017-03-01,PROD00623,WH008,207,8,65
2017-03-01,PROD01306,WH010,129,59,64
2017-03-01,PROD00852,WH005,471,51,82
2017-03-01,PROD00883,WH008,434,54,100
2017-03-01,PROD01764,WH009,396,71,105
2017-03-01,PROD01815,WH001,147,14,84
2017-03-01,PROD01977,WH010,336,68,104
2017-03-01,PROD00811,WH002,459,35,85
2017-03-01,PROD00803,WH006,233,62,54
2017-03-01,PROD00349,WH003,311,1,37
2017-03-01,PROD00962,WH004,374,18,87
2017-03-01,PROD00736,WH010,460,27,95
2017-03-01,PROD00743,WH008,93,14,117
2017-03-01,PROD00193,WH004,435,46,65
2017-03-01,PROD00899,WH002,266,13,74
2017-03-01,PROD00404,WH010,34,28,85
2017-03-01,PROD00766,WH008,133,37,62
2017-03-01,PROD01254,WH005,180,22,39
2017-03-01,PROD00613,WH009,217,66,24
2017-03-01,PROD00925,WH008,102,67,112
2017-03-01,PROD01508,WH008,227,55,36
2017-03-01,PROD00791,WH007,341,3,65
2017-03-01,PROD00031,WH005,290,10,79
2017-03-01,PROD01613,WH009,295,41,107
2017-03-01,PROD01229,WH002,442,32,34
2017-03-01,PROD00140,WH009,282,70,94
2017-03-01,PROD01637,WH010,171,73,60
2017-03-01,PROD00871,WH003,417,3,70
2017-03-01,PROD01926,WH008,1,1,44
2017-03-01,PROD00285,WH008,42,18,94
2017-03-01,PROD00601,WH003,362,69,46
2017-03-01,PROD00935,WH007,273,47,21
2017-03-01,PROD00584,WH002,317,73,47
2017-03-01,PROD00903,WH002,217,55,71
2017-03-01,PROD00084,WH007,241,42,55
2017-03-01,PROD01720,WH001,266,38,56
2017-03-01,PROD01518,WH007,117,75,64
2017-03-01,PROD01535,WH009,1,0,65
2017-03-01,PROD00323,WH006,222,57,24
2017-03-01,PROD00114,WH007,210,5,100
2017-03-01,PROD00747,WH003,330,45,36
2017-03-01,PROD00277,WH006,197,4,67
2017-03-01,PROD00945,WH010,209,41,38
2017-03-01,PROD01519,WH010,58,37,93
2017-03-01,PROD00593,WH002,106,57,20
2017-03-01,PROD01554,WH007,98,19,31
2017-03-01,PROD01349,WH006,415,0,65
2017-03-01,PROD01838,WH005,351,70,108
2017-03-01,PROD00640,WH007,152,60,73
2017-03-01,PROD01433,WH009,178,29,90
2017-03-01,PROD01894,WH009,318,59,101
2017-03-01,PROD00127,WH002,222,34,78
2017-03-01,PROD00721,WH005,494,1,116
2017-03-01,PROD00263,WH003,60,36,103
2017-03-01,PROD01789,WH009,206,63,65
2017-03-01,PROD00243,WH001,56,9,110
2017-03-01,PROD00153,WH001,137,14,29
2017-03-01,PROD01988,WH010,381,78,94
2017-03-01,PROD00540,WH001,0,0,42
2017-03-01,PROD00643,WH002,88,23,35
2017-03-01,PROD01978,WH003,455,51,118
2017-03-01,PROD01688,WH007,229,33,34
2017-03-01,PROD00500,WH006,378,13,120
2017-03-01,PROD00199,WH005,390,67,78
2017-03-01,PROD00212,WH008,36,20,27
2017-03-01,PROD01627,WH010,238,23,44
2017-03-01,PROD01197,WH002,38,8,50
2017-03-01,PROD01223,WH010,22,21,78
2017-03-01,PROD00528,WH004,341,28,94
2017-03-01,PROD00255,WH001,267,58,108
2017-03-01,PROD00451,WH004,281,57,81
2017-03-01,PROD00796,WH010,150,36,40
2017-03-01,PROD00183,WH002,65,3,95
2017-03-01,PROD01770,WH008,152,7,30
2017-03-01,PROD00394,WH008,218,40,62
2017-03-01,PROD01057,WH005,133,70,91
2017-03-01,PROD00217,WH002,216,36,28
2017-03-01,PROD01265,WH008,140,39,89
2017-03-01,PROD01066,WH002,331,56,24
2017-03-01,PROD00898,WH010,244,69,111
2017-03-01,PROD01228,WH001,417,70,78
2017-03-01,PROD01565,WH005,314,44,33
2017-03-01,PROD01514,WH004,349,57,20
2017-03-01,PROD00262,WH008,50,30,47
2017-03-01,PROD00806,WH010,45,2,69
2017-03-01,PROD00704,WH010,434,7,104
2017-03-01,PROD01256,WH007,191,46,56
2017-03-01,PROD00211,WH003,171,60,87
2017-03-01,PROD00618,WH010,465,23,75
2017-03-01,PROD00484,WH004,156,9,100
2017-04-01,PROD01997,WH003,202,55,25
2017-04-01,PROD01788,WH010,31,10,82
2017-04-01,PROD01529,WH002,404,73,43
2017-04-01,PROD01864,WH003,78,64,48
2017-04-01,PROD00122,WH001,435,32,82
2017-04-01,PROD01787,WH008,121,24,116
2017-04-01,PROD00989,WH002,328,35,109
2017-04-01,PROD01329,WH001,16,1,36
2017-04-01,PROD00053,WH002,477,68,113
2017-04-01,PROD01849,WH010,112,38,103
2017-04-01,PROD01431,WH008,99,24,97
2017-04-01,PROD00116,WH001,444,16,58
2017-04-01,PROD01686,WH003,396,33,99
2017-04-01,PROD01100,WH002,80,71,36
2017-04-01,PROD01405,WH007,8,3,24
2017-04-01,PROD01708,WH010,135,17,39
2017-04-01,PROD01701,WH010,121,75,26
2017-04-01,PROD00118,WH001,235,42,68
2017-04-01,PROD00665,WH004,111,30,61
2017-04-01,PROD01635,WH005,228,71,48
2017-04-01,PROD01070,WH005,2,0,49
2017-04-01,PROD00732,WH001,118,29,51
2017-04-01,PROD00193,WH009,114,1,36
2017-04-01,PROD01568,WH005,481,22,93
2017-04-01,PROD00313,WH003,396,40,72
2017-04-01,PROD00787,WH009,341,77,64
2017-04-01,PROD00991,WH006,21,17,29
2017-04-01,PROD01553,WH008,453,16,30
2017-04-01,PROD00436,WH007,366,16,31
2017-04-01,PROD01317,WH009,25,22,62
2017-04-01,PROD00119,WH002,426,2,29
2017-04-01,PROD00708,WH005,450,15,32
2017-04-01,PROD01532,WH001,381,30,102
2017-04-01,PROD00527,WH005,426,15,24
2017-04-01,PROD00173,WH010,485,3,70
2017-04-01,PROD01530,WH007,418,56,62
2017-04-01,PROD01612,WH010,78,4,98
2017-04-01,PROD01077,WH005,459,11,60
2017-04-01,PROD01318,WH004,66,52,88
2017-04-01,PROD01407,WH004,218,20,57
2017-04-01,PROD01828,WH008,102,32,102
2017-04-01,PROD00107,WH009,325,64,106
2017-04-01,PROD00468,WH003,159,15,101
2017-04-01,PROD01537,WH001,473,24,33
2017-04-01,PROD01479,WH001,195,39,88
2017-04-01,PROD01888,WH006,354,28,33
2017-04-01,PROD01284,WH007,91,4,47
2017-04-01,PROD01279,WH005,92,65,58
2017-04-01,PROD00812,WH004,441,4,47
2017-04-01,PROD00547,WH001,461,58,96
2017-04-01,PROD01119,WH009,338,63,117
2017-04-01,PROD00396,WH001,157,28,72
2017-04-01,PROD00546,WH004,110,79,96
2017-04-01,PROD00199,WH006,50,32,100
2017-04-01,PROD01117,WH004,202,49,23
2017-04-01,PROD01353,WH008,281,32,54
2017-04-01,PROD01773,WH002,452,48,76
2017-04-01,PROD00133,WH005,51,46,40
2017-04-01,PROD01375,WH006,103,62,56
2017-04-01,PROD01272,WH008,20,12,72
2017-04-01,PROD01478,WH004,72,30,88
2017-04-01,PROD01325,WH005,430,62,49
2017-04-01,PROD00757,WH005,52,46,58
2017-04-01,PROD01644,WH010,15,1,118
2017-04-01,PROD01164,WH003,49,9,71
2017-04-01,PROD00060,WH006,266,15,115
2017-04-01,PROD00041,WH004,328,47,44
2017-04-01,PROD01208,WH008,453,27,83
2017-04-01,PROD01402,WH004,16,9,113
2017-04-01,PROD00672,WH001,2,0,56
2017-04-01,PROD01021,WH004,86,73,88
2017-04-01,PROD00284,WH006,219,19,85
2017-04-01,PROD01354,WH005,305,21,31
2017-04-01,PROD01920,WH007,403,2,21
2017-04-01,PROD01456,WH008,277,3,116
2017-04-01,PROD00928,WH008,227,59,96
2017-04-01,PROD01237,WH003,289,76,86
2017-04-01,PROD01476,WH004,257,46,42
2017-04-01,PROD01666,WH006,358,35,29
2017-04-01,PROD00316,WH007,417,8,53
2017-04-01,PROD01675,WH001,53,45,108
2017-04-01,PROD01695,WH005,129,68,109
2017-04-01,PROD00635,WH008,247,13,21
2017-04-01,PROD00691,WH004,366,48,72
2017-04-01,PROD01179,WH008,11,6,76
2017-04-01,PROD00647,WH003,439,44,88
2017-04-01,PROD01345,WH002,107,30,23
2017-04-01,PROD00524,WH008,363,38,31
2017-04-01,PROD01445,WH003,389,33,104
2017-04-01,PROD01113,WH009,178,36,66
2017-04-01,PROD01057,WH008,190,76,46
2017-04-01,PROD01002,WH003,406,20,105
2017-04-01,PROD01903,WH009,158,80,35
2017-04-01,PROD01275,WH008,77,41,83
2017-04-01,PROD00848,WH009,29,25,102
2017-04-01,PROD00315,WH002,299,2,103
2017-04-01,PROD00783,WH005,347,53,110
2017-04-01,PROD01927,WH004,426,48,97
2017-04-01,PROD00777,WH009,288,0,40
2017-04-01,PROD00156,WH007,104,6,55
2017-04-01,PROD01507,WH010,57,7,65
2017-04-01,PROD01879,WH005,309,27,81
2017-04-01,PROD00692,WH005,431,5,31
2017-04-01,PROD01558,WH007,478,73,20
2017-04-01,PROD00639,WH002,356,49,49
2017-04-01,PROD00070,WH002,127,37,99
2017-04-01,PROD01904,WH009,435,19,28
2017-04-01,PROD00625,WH005,320,3,84
2017-04-01,PROD00087,WH001,247,49,42
2017-04-01,PROD01188,WH006,260,7,22
2017-04-01,PROD01409,WH004,13,10,35
2017-04-01,PROD00351,WH007,436,0,103
2017-04-01,PROD01150,WH001,233,27,90
2017-04-01,PROD00898,WH008,248,76,69
2017-04-01,PROD00399,WH004,284,42,71
2017-04-01,PROD00669,WH005,98,54,23
2017-04-01,PROD01977,WH001,236,44,102
2017-04-01,PROD01932,WH010,127,39,97
2017-04-01,PROD00678,WH005,255,19,38
2017-04-01,PROD00051,WH005,48,39,72
2017-04-01,PROD01784,WH003,230,8,102
2017-04-01,PROD00736,WH007,232,34,54
2017-04-01,PROD01387,WH004,58,9,113
2017-04-01,PROD01571,WH010,476,79,42
2017-04-01,PROD00530,WH004,108,20,93
2017-04-01,PROD00450,WH003,367,2,43
2017-04-01,PROD01790,WH008,179,47,27
2017-04-01,PROD00348,WH010,370,58,67
2017-04-01,PROD01526,WH010,127,8,94
2017-04-01,PROD00948,WH005,95,36,97
2017-04-01,PROD01648,WH001,424,54,65
2017-04-01,PROD00226,WH006,401,55,118
2017-04-01,PROD00359,WH007,261,39,82
2017-04-01,PROD01719,WH008,0,0,79
2017-04-01,PROD00893,WH009,197,66,23
2017-04-01,PROD01203,WH003,366,13,40
2017-04-01,PROD00558,WH003,284,62,61
2017-04-01,PROD01681,WH009,82,5,28
2017-04-01,PROD01229,WH001,324,55,97
2017-04-01,PROD01661,WH002,206,58,39
2017-04-01,PROD01848,WH001,96,58,88
2017-04-01,PROD00690,WH010,152,36,20
2017-04-01,PROD00731,WH005,246,58,67
2017-04-01,PROD00826,WH002,145,38,62
2017-04-01,PROD00402,WH009,370,50,44
2017-04-01,PROD01304,WH001,73,44,61
2017-04-01,PROD01596,WH008,189,14,87
2017-04-01,PROD00282,WH010,306,2,21
2017-04-01,PROD00073,WH004,81,64,109
2017-04-01,PROD00449,WH008,224,15,40
2017-04-01,PROD01054,WH007,203,26,64
2017-04-01,PROD00514,WH006,344,77,111
2017-04-01,PROD01673,WH006,295,76,96
2017-04-01,PROD01153,WH003,257,50,57
2017-04-01,PROD01690,WH003,370,32,82
2017-04-01,PROD00864,WH006,411,34,72
2017-04-01,PROD00268,WH005,227,59,113
2017-04-01,PROD00195,WH004,472,12,86
2017-04-01,PROD01085,WH006,0,0,23
2017-04-01,PROD01230,WH005,147,21,45
2017-04-01,PROD00949,WH010,491,61,77
2017-04-01,PROD01979,WH006,8,0,46
2017-04-01,PROD01577,WH004,177,68,51
2017-04-01,PROD00338,WH001,495,12,54
2017-04-01,PROD00844,WH009,467,68,41
2017-04-01,PROD01141,WH001,34,0,33
2017-04-01,PROD00473,WH003,199,34,30
2017-04-01,PROD00161,WH009,244,17,71
2017-04-01,PROD01839,WH003,445,64,43
2017-04-01,PROD01660,WH006,254,67,25
2017-04-01,PROD00744,WH001,271,17,52
2017-04-01,PROD00492,WH003,412,66,97
2017-04-01,PROD01372,WH001,309,20,120
2017-04-01,PROD01464,WH009,354,29,104
2017-04-01,PROD00539,WH007,278,54,91
2017-04-01,PROD01313,WH001,458,38,21
2017-04-01,PROD00802,WH005,467,67,117
2017-04-01,PROD01889,WH002,76,72,31
2017-04-01,PROD01559,WH009,297,23,32
2017-04-01,PROD01454,WH001,21,14,40
2017-04-01,PROD00378,WH006,173,66,37
2017-04-01,PROD01592,WH001,496,72,83
2017-04-01,PROD01127,WH001,318,21,107
2017-04-01,PROD01280,WH004,226,32,24
2017-04-01,PROD00409,WH009,152,7,33
2017-04-01,PROD01384,WH004,9,5,107
2017-04-01,PROD01762,WH010,57,0,49
2017-04-01,PROD00276,WH009,386,41,120
2017-04-01,PROD00518,WH002,421,36,76
2017-04-01,PROD00854,WH009,309,51,42
2017-04-01,PROD01923,WH009,201,12,100
2017-04-01,PROD00795,WH004,63,47,103
2017-04-01,PROD01492,WH008,90,25,64
2017-04-01,PROD00642,WH007,279,27,69
2017-04-01,PROD01068,WH004,4,1,30
2017-04-01,PROD00504,WH001,275,1,118
2017-04-01,PROD01989,WH010,34,3,39
2017-04-01,PROD00188,WH009,29,0,29
2017-04-01,PROD00813,WH001,110,58,113
2017-04-01,PROD00109,WH010,176,2,105
2017-04-01,PROD00191,WH008,365,40,114
2017-04-01,PROD01863,WH008,4,2,115
2017-04-01,PROD01283,WH004,289,54,30
2017-04-01,PROD01855,WH009,69,66,40
2017-04-01,PROD00038,WH006,65,55,76
2017-04-01,PROD01098,WH009,233,50,61
2017-04-01,PROD00349,WH006,205,58,88
2017-04-01,PROD00523,WH006,31,17,24
2017-04-01,PROD00634,WH007,188,73,83
2017-04-01,PROD00425,WH003,424,26,105
2017-04-01,PROD00503,WH010,94,31,92
2017-04-01,PROD01429,WH006,406,65,47
2017-04-01,PROD00655,WH001,222,47,21
2017-04-01,PROD01608,WH001,448,23,26
2017-04-01,PROD00726,WH004,495,49,107
2017-04-01,PROD00178,WH008,16,5,116
2017-04-01,PROD01467,WH010,114,41,39
2017-04-01,PROD01669,WH010,386,76,70
2017-04-01,PROD00391,WH002,23,11,61
2017-04-01,PROD00406,WH009,165,34,98
2017-04-01,PROD00163,WH009,144,52,61
2017-04-01,PROD01578,WH007,251,56,50
2017-04-01,PROD00913,WH008,49,6,23
2017-04-01,PROD00208,WH002,338,14,25
2017-04-01,PROD01320,WH010,21,15,73
2017-04-01,PROD00901,WH007,135,16,102
2017-04-01,PROD00224,WH004,347,17,89
2017-04-01,PROD00011,WH003,315,34,64
2017-04-01,PROD00022,WH002,213,25,59
2017-04-01,PROD00820,WH008,281,64,99
2017-04-01,PROD00548,WH008,475,68,32
2017-04-01,PROD00247,WH004,440,34,108
2017-04-01,PROD01697,WH001,103,59,66
2017-04-01,PROD00048,WH004,38,8,77
2017-04-01,PROD00033,WH010,413,1,52
2017-04-01,PROD01058,WH010,399,80,22
2017-04-01,PROD01792,WH008,12,6,90
2017-04-01,PROD00484,WH010,460,79,26
2017-04-01,PROD00064,WH002,324,25,119
2017-04-01,PROD00263,WH008,224,77,63
2017-04-01,PROD01052,WH001,369,3,64
2017-04-01,PROD00876,WH010,427,51,20
2017-04-01,PROD00131,WH003,39,12,58
2017-04-01,PROD01112,WH003,343,76,100
2017-04-01,PROD00614,WH006,112,53,55
2017-04-01,PROD01851,WH005,416,29,52
2017-04-01,PROD00343,WH004,222,56,103
2017-04-01,PROD00252,WH006,467,72,108
2017-04-01,PROD01753,WH007,108,77,104
2017-04-01,PROD00907,WH004,398,67,91
2017-04-01,PROD00091,WH004,105,66,39
2017-04-01,PROD00817,WH004,445,9,72
2017-04-01,PROD01079,WH006,278,48,78
2017-04-01,PROD00307,WH002,309,23,43
2017-04-01,PROD01410,WH007,271,71,103
2017-04-01,PROD00306,WH002,281,45,34
2017-04-01,PROD01500,WH001,352,31,86
2017-04-01,PROD01470,WH003,145,33,92
2017-04-01,PROD00775,WH003,408,57,55
2017-04-01,PROD01735,WH009,395,13,82
2017-04-01,PROD00369,WH008,282,43,73
2017-04-01,PROD00121,WH004,179,33,89
2017-04-01,PROD01030,WH005,408,60,28
2017-04-01,PROD01020,WH009,49,47,77
2017-04-01,PROD01282,WH006,168,77,66
2017-04-01,PROD01671,WH003,93,75,83
2017-04-01,PROD01818,WH004,62,16,93
2017-04-01,PROD01286,WH006,327,10,100
2017-04-01,PROD01601,WH007,377,72,24
2017-04-01,PROD00517,WH009,257,24,49
2017-04-01,PROD00194,WH005,5,0,66
2017-04-01,PROD00995,WH009,355,38,45
2017-04-01,PROD00347,WH002,408,5,38
2017-04-01,PROD00615,WH005,471,26,93
2017-04-01,PROD01044,WH006,327,28,105
2017-04-01,PROD00538,WH009,252,34,74
2017-04-01,PROD01859,WH006,493,61,78
2017-04-01,PROD01767,WH006,281,6,104
2017-04-01,PROD01551,WH002,408,14,65
2017-04-01,PROD00416,WH005,36,28,80
2017-04-01,PROD01623,WH001,362,54,70
2017-04-01,PROD00772,WH003,343,33,45
2017-04-01,PROD01252,WH004,29,16,104
2017-04-01,PROD00355,WH007,292,43,39
2017-04-01,PROD01680,WH010,398,37,36
2017-04-01,PROD00158,WH006,482,1,93
2017-04-01,PROD01242,WH005,33,19,29
2017-04-01,PROD00753,WH007,481,40,68
2017-04-01,PROD01046,WH004,493,72,71
2017-04-01,PROD00920,WH004,241,63,100
2017-04-01,PROD00479,WH009,422,11,77
2017-04-01,PROD00342,WH006,101,52,103
2017-04-01,PROD00674,WH005,297,73,27
2017-04-01,PROD00829,WH001,150,5,44
2017-04-01,PROD00543,WH006,285,25,28
2017-04-01,PROD00972,WH005,474,22,119
2017-04-01,PROD00383,WH003,339,4,76
2017-04-01,PROD00150,WH005,40,2,28
2017-04-01,PROD00607,WH006,132,55,118
2017-04-01,PROD01951,WH010,132,71,115
2017-04-01,PROD01772,WH005,80,78,41
2017-04-01,PROD01406,WH010,98,38,32
2017-04-01,PROD01867,WH006,180,51,72
2017-04-01,PROD00581,WH001,216,23,110
2017-04-01,PROD00459,WH009,106,55,39
2017-04-01,PROD01236,WH008,193,64,116
2017-04-01,PROD01580,WH007,468,45,45
2017-04-01,PROD01393,WH007,346,37,97
2017-04-01,PROD00164,WH001,326,16,115
2017-04-01,PROD00513,WH003,185,49,95
2017-04-01,PROD01360,WH003,122,19,100
2017-04-01,PROD00014,WH006,53,39,33
2017-04-01,PROD01134,WH004,1,1,72
2017-04-01,PROD01503,WH010,409,33,72
2017-04-01,PROD01220,WH003,425,19,85
2017-04-01,PROD01152,WH003,135,7,61
2017-04-01,PROD00300,WH001,233,19,105
2017-04-01,PROD01990,WH007,165,39,62
2017-04-01,PROD01955,WH010,166,72,98
2017-04-01,PROD01130,WH003,77,4,92
2017-04-01,PROD00009,WH005,104,52,22
2017-04-01,PROD01636,WH009,140,74,104
2017-04-01,PROD00682,WH001,141,40,25
2017-04-01,PROD01222,WH005,84,23,109
2017-04-01,PROD00667,WH007,446,10,24
2017-04-01,PROD00148,WH002,124,55,24
2017-04-01,PROD00831,WH002,188,25,78
2017-04-01,PROD00808,WH004,253,80,99
2017-04-01,PROD01560,WH004,5,5,98
2017-04-01,PROD01949,WH001,488,79,105
2017-04-01,PROD01078,WH004,249,51,22
2017-04-01,PROD00382,WH003,473,37,27
2017-04-01,PROD01817,WH002,248,28,104
2017-04-01,PROD01136,WH010,206,64,68
2017-04-01,PROD00853,WH004,256,68,36
2017-04-01,PROD00027,WH002,312,49,65
2017-04-01,PROD00986,WH010,382,61,44
2017-04-01,PROD00716,WH004,207,39,77
2017-04-01,PROD01190,WH009,13,6,107
2017-04-01,PROD01081,WH008,80,53,64
2017-04-01,PROD00487,WH002,199,30,74
2017-04-01,PROD00317,WH002,35,17,108
2017-04-01,PROD00439,WH004,230,25,107
2017-04-01,PROD00079,WH001,420,6,36
2017-04-01,PROD00585,WH004,447,64,52
2017-04-01,PROD00683,WH003,443,19,99
2017-04-01,PROD01880,WH001,214,38,29
2017-04-01,PROD01884,WH001,412,67,34
2017-04-01,PROD00952,WH008,227,37,112
2017-04-01,PROD00143,WH003,237,57,117
2017-04-01,PROD00766,WH010,2,0,116
2017-04-01,PROD00805,WH007,138,76,109
2017-04-01,PROD00597,WH010,53,38,62
2017-04-01,PROD01825,WH006,396,11,120
2017-04-01,PROD00187,WH003,150,45,93
2017-04-01,PROD01860,WH006,410,27,117
2017-04-01,PROD00358,WH003,419,25,36
2017-04-01,PROD01106,WH010,186,44,64
2017-04-01,PROD00570,WH001,62,0,38
2017-04-01,PROD00956,WH001,158,37,72
2017-04-01,PROD01177,WH009,163,51,21
2017-04-01,PROD01765,WH006,370,41,59
2017-04-01,PROD00395,WH010,197,39,29
2017-04-01,PROD01543,WH008,404,24,62
2017-04-01,PROD01717,WH008,370,38,66
2017-04-01,PROD01953,WH003,339,74,93
2017-04-01,PROD00419,WH008,165,69,68
2017-04-01,PROD01745,WH002,498,5,63
2017-04-01,PROD01995,WH010,391,58,39
2017-04-01,PROD01591,WH009,154,79,55
2017-04-01,PROD01171,WH008,90,26,37
2017-04-01,PROD00660,WH008,115,29,79
2017-04-01,PROD01710,WH009,328,22,66
2017-04-01,PROD01744,WH007,45,26,117
2017-04-01,PROD01769,WH007,243,19,29
2017-04-01,PROD01094,WH005,265,29,118
2017-04-01,PROD01404,WH002,85,53,59
2017-04-01,PROD01322,WH004,59,39,53
2017-04-01,PROD01487,WH009,245,58,47
2017-04-01,PROD00688,WH007,351,58,20
2017-04-01,PROD00273,WH008,185,8,113
2017-04-01,PROD00633,WH002,100,61,90
2017-04-01,PROD00557,WH003,417,59,91
2017-04-01,PROD00380,WH007,492,48,74
2017-04-01,PROD01520,WH002,392,52,96
2017-04-01,PROD00239,WH002,305,46,30
2017-04-01,PROD01140,WH003,228,35,32
2017-04-01,PROD01638,WH006,130,71,119
2017-04-01,PROD00522,WH003,254,72,65
2017-04-01,PROD00567,WH001,461,3,36
2017-04-01,PROD00825,WH005,319,35,36
2017-04-01,PROD01183,WH005,347,73,40
2017-04-01,PROD00824,WH007,308,11,95
2017-04-01,PROD01243,WH009,152,44,72
2017-04-01,PROD01609,WH001,474,38,24
2017-04-01,PROD00149,WH009,4,0,21
2017-04-01,PROD01841,WH005,110,47,85
2017-04-01,PROD01093,WH009,1,0,66
2017-04-01,PROD00081,WH004,400,60,71
2017-04-01,PROD01930,WH009,77,69,78
2017-04-01,PROD01362,WH003,433,71,24
2017-04-01,PROD00336,WH001,114,10,54
2017-04-01,PROD01255,WH004,244,72,74
2017-04-01,PROD00207,WH001,250,28,86
2017-04-01,PROD01180,WH003,190,56,69
2017-04-01,PROD01424,WH003,385,46,90
2017-04-01,PROD01685,WH003,196,38,68
2017-04-01,PROD00325,WH001,123,55,81
2017-04-01,PROD00389,WH010,54,29,117
2017-04-01,PROD00564,WH009,361,14,30
2017-04-01,PROD00703,WH010,37,31,89
2017-04-01,PROD00483,WH002,78,52,47
2017-04-01,PROD01912,WH002,435,59,58
2017-04-01,PROD01811,WH004,279,67,55
2017-04-01,PROD01451,WH009,164,42,62
2017-04-01,PROD01891,WH006,208,28,84
2017-04-01,PROD00304,WH005,435,11,59
2017-04-01,PROD01369,WH010,227,9,103
2017-04-01,PROD00139,WH005,399,77,99
2017-04-01,PROD00584,WH010,158,11,98
2017-04-01,PROD01511,WH006,467,71,108
2017-04-01,PROD00973,WH004,173,45,49
2017-04-01,PROD00821,WH007,200,74,114
2017-04-01,PROD00055,WH001,146,16,96
2017-04-01,PROD00653,WH007,309,15,27
2017-04-01,PROD01618,WH001,441,2,94
2017-04-01,PROD01461,WH007,183,31,37
2017-04-01,PROD00654,WH008,273,6,45
2017-04-01,PROD00287,WH010,22,16,47
2017-04-01,PROD01041,WH003,306,28,111
2017-04-01,PROD00798,WH009,10,5,75
2017-04-01,PROD01650,WH002,226,12,51
2017-04-01,PROD00833,WH001,65,32,31
2017-04-01,PROD00960,WH006,449,38,40
2017-04-01,PROD01045,WH010,16,13,119
2017-04-01,PROD01172,WH010,313,33,35
2017-04-01,PROD01738,WH003,102,67,101
2017-04-01,PROD00734,WH001,299,47,36
2017-04-01,PROD00200,WH007,87,2,38
2017-04-01,PROD00032,WH008,83,66,29
2017-04-01,PROD00889,WH003,324,19,93
2017-04-01,PROD00955,WH002,398,48,56
2017-04-01,PROD01606,WH010,82,24,115
2017-04-01,PROD00841,WH004,166,39,58
2017-04-01,PROD00418,WH002,401,48,71
2017-04-01,PROD01086,WH002,382,76,120
2017-04-01,PROD00146,WH004,112,37,92
2017-04-01,PROD01363,WH002,301,21,55
2017-04-01,PROD00089,WH003,364,70,111
2017-04-01,PROD01789,WH007,448,43,70
2017-04-01,PROD01370,WH006,131,60,118
2017-04-01,PROD00599,WH008,261,5,116
2017-04-01,PROD01937,WH008,428,75,38
2017-04-01,PROD01504,WH001,130,1,44
2017-04-01,PROD00017,WH008,162,76,38
2017-04-01,PROD00711,WH002,382,28,81
2017-04-01,PROD01324,WH010,36,23,58
2017-04-01,PROD00065,WH007,264,74,97
2017-04-01,PROD00445,WH009,163,28,75
2017-04-01,PROD00883,WH008,73,30,21
2017-04-01,PROD01307,WH002,485,27,69
2017-04-01,PROD00267,WH008,407,1,78
2017-04-01,PROD00198,WH008,152,74,61
2017-04-01,PROD01399,WH002,301,29,112
2017-04-01,PROD00773,WH004,441,20,101
2017-04-01,PROD01926,WH007,399,78,108
2017-04-01,PROD00489,WH003,324,50,116
2017-04-01,PROD01959,WH006,449,54,65
2017-04-01,PROD01000,WH004,168,12,117
2017-04-01,PROD00281,WH004,408,26,70
2017-04-01,PROD01448,WH004,70,42,20
2017-04-01,PROD01037,WH003,354,75,66
2017-04-01,PROD00452,WH003,13,9,22
2017-04-01,PROD00765,WH006,94,65,67
2017-04-01,PROD00537,WH001,399,34,53
2017-04-01,PROD00959,WH006,396,52,115
2017-04-01,PROD00099,WH009,369,62,90
2017-04-01,PROD00680,WH009,293,27,71
2017-04-01,PROD01267,WH004,68,22,45
2017-04-01,PROD00870,WH007,72,36,69
2017-04-01,PROD00525,WH010,333,12,59
2017-04-01,PROD00278,WH001,95,10,119
2017-04-01,PROD00034,WH008,462,58,115
2017-04-01,PROD01933,WH005,181,70,72
2017-04-01,PROD01209,WH010,342,77,93
2017-04-01,PROD01827,WH006,353,22,101
2017-04-01,PROD01091,WH005,4,0,79
2017-04-01,PROD00583,WH006,153,38,68
2017-04-01,PROD01250,WH004,98,37,119
2017-04-01,PROD01943,WH010,118,62,77
2017-04-01,PROD01276,WH007,226,72,77
2017-04-01,PROD01066,WH005,88,67,71
2017-04-01,PROD01651,WH002,95,54,79
2017-04-01,PROD00919,WH006,92,65,35
2017-04-01,PROD00891,WH010,4,3,114
2017-04-01,PROD01198,WH004,275,78,84
2017-04-01,PROD01572,WH004,64,50,74
2017-04-01,PROD01388,WH003,259,58,60
2017-04-01,PROD00362,WH001,236,73,33
2017-04-01,PROD00560,WH006,390,22,87
2017-05-01,PROD01475,WH007,298,36,115
2017-05-01,PROD01423,WH008,391,60,69
2017-05-01,PROD01657,WH004,460,43,76
2017-05-01,PROD01619,WH010,131,13,30
2017-05-01,PROD01996,WH010,387,40,27
2017-05-01,PROD01081,WH001,378,21,68
2017-05-01,PROD00654,WH010,454,43,86
2017-05-01,PROD00566,WH003,158,34,74
2017-05-01,PROD00349,WH003,236,72,54
2017-05-01,PROD00151,WH004,350,46,72
2017-05-01,PROD00450,WH005,178,70,115
2017-05-01,PROD01997,WH007,396,75,95
2017-05-01,PROD01068,WH010,455,35,104
2017-05-01,PROD00592,WH001,193,21,97
2017-05-01,PROD00914,WH003,466,36,26
2017-05-01,PROD01322,WH005,379,46,39
2017-05-01,PROD00332,WH005,331,50,78
2017-05-01,PROD00035,WH009,73,57,45
2017-05-01,PROD00861,WH010,347,31,23
2017-05-01,PROD01834,WH003,185,48,52
2017-05-01,PROD00293,WH002,313,44,104
2017-05-01,PROD00062,WH007,143,46,46
2017-05-01,PROD01028,WH002,442,24,50
2017-05-01,PROD00971,WH003,106,10,120
2017-05-01,PROD01060,WH008,40,3,54
2017-05-01,PROD01222,WH003,19,11,37
2017-05-01,PROD00307,WH001,360,42,117
2017-05-01,PROD00796,WH005,438,78,72
2017-05-01,PROD00817,WH007,223,49,57
2017-05-01,PROD01826,WH009,265,50,114
2017-05-01,PROD02000,WH009,76,61,33
2017-05-01,PROD01591,WH010,172,23,81
2017-05-01,PROD00833,WH002,148,32,115
2017-05-01,PROD01833,WH003,79,38,76
2017-05-01,PROD00070,WH007,194,20,111
2017-05-01,PROD00134,WH004,90,35,88
2017-05-01,PROD00438,WH001,180,25,112
2017-05-01,PROD01807,WH005,483,20,81
2017-05-01,PROD01305,WH008,112,29,108
2017-05-01,PROD00754,WH003,103,46,82
2017-05-01,PROD01407,WH003,193,34,103
2017-05-01,PROD00192,WH001,388,37,55
2017-05-01,PROD01868,WH003,133,58,119
2017-05-01,PROD01241,WH006,339,18,108
2017-05-01,PROD01287,WH007,185,75,64
2017-05-01,PROD01106,WH003,358,74,51
2017-05-01,PROD00812,WH005,38,9,63
2017-05-01,PROD00846,WH002,426,37,67
2017-05-01,PROD01895,WH004,244,25,68
2017-05-01,PROD01759,WH010,85,22,119
2017-05-01,PROD00738,WH007,350,24,44
2017-05-01,PROD01520,WH004,156,71,69
2017-05-01,PROD00003,WH001,226,20,74
2017-05-01,PROD01030,WH010,414,34,69
2017-05-01,PROD01190,WH008,23,0,109
2017-05-01,PROD01071,WH005,454,62,77
2017-05-01,PROD00736,WH004,60,9,27
2017-05-01,PROD00988,WH010,81,14,115
2017-05-01,PROD00216,WH008,299,35,55
2017-05-01,PROD00947,WH005,279,59,30
2017-05-01,PROD01797,WH007,383,53,100
2017-05-01,PROD01072,WH002,142,32,74
2017-05-01,PROD01557,WH001,269,9,58
2017-05-01,PROD00626,WH006,42,31,67
2017-05-01,PROD00931,WH007,368,5,38
2017-05-01,PROD01543,WH010,335,26,46
2017-05-01,PROD01214,WH001,35,13,60
2017-05-01,PROD01913,WH007,56,8,86
2017-05-01,PROD01814,WH002,297,46,34
2017-05-01,PROD00499,WH001,125,72,31
2017-05-01,PROD01887,WH009,221,56,85
2017-05-01,PROD00691,WH009,469,8,90
2017-05-01,PROD00956,WH001,77,69,69
2017-05-01,PROD00637,WH003,459,41,31
2017-05-01,PROD01354,WH002,417,22,32
2017-05-01,PROD00894,WH009,419,29,62
2017-05-01,PROD00409,WH004,401,67,41
2017-05-01,PROD01721,WH002,95,17,100
2017-05-01,PROD01005,WH007,499,58,112
2017-05-01,PROD01416,WH005,477,3,114
2017-05-01,PROD00813,WH009,377,30,99
2017-05-01,PROD00784,WH005,297,31,109
2017-05-01,PROD00706,WH006,325,12,96
2017-05-01,PROD00888,WH009,12,3,24
2017-05-01,PROD00097,WH008,317,61,96
2017-05-01,PROD01835,WH005,329,48,85
2017-05-01,PROD01933,WH008,20,0,74
2017-05-01,PROD00864,WH005,304,44,72
2017-05-01,PROD00382,WH009,369,48,60
2017-05-01,PROD00823,WH005,365,48,106
2017-05-01,PROD01530,WH010,130,26,62
2017-05-01,PROD01300,WH007,298,70,56
2017-05-01,PROD01709,WH002,491,53,55
2017-05-01,PROD00195,WH010,163,79,103
2017-05-01,PROD01469,WH007,119,77,26
2017-05-01,PROD01058,WH007,235,38,99
2017-05-01,PROD01001,WH009,238,56,37
2017-05-01,PROD01033,WH007,429,55,47
2017-05-01,PROD01107,WH006,331,16,62
2017-05-01,PROD01795,WH005,28,23,58
2017-05-01,PROD00181,WH003,317,25,83
2017-05-01,PROD01227,WH004,180,50,38
2017-05-01,PROD01919,WH006,50,23,78
2017-05-01,PROD00286,WH007,286,76,61
2017-05-01,PROD01184,WH005,49,7,77
2017-05-01,PROD01179,WH010,60,24,40
2017-05-01,PROD00158,WH001,93,8,43
2017-05-01,PROD01987,WH003,371,36,36
2017-05-01,PROD00005,WH005,267,48,78
2017-05-01,PROD00639,WH007,5,1,72
2017-05-01,PROD01837,WH009,496,68,49
2017-05-01,PROD01340,WH009,477,10,116
2017-05-01,PROD00986,WH007,94,23,27
2017-05-01,PROD00997,WH001,436,55,62
2017-05-01,PROD01311,WH002,374,76,98
2017-05-01,PROD01148,WH006,408,75,110
2017-05-01,PROD00732,WH007,438,8,116
2017-05-01,PROD01518,WH005,424,46,118
2017-05-01,PROD01086,WH004,233,24,96
2017-05-01,PROD00968,WH010,19,12,55
2017-05-01,PROD01739,WH010,277,24,44
2017-05-01,PROD01692,WH007,300,52,61
2017-05-01,PROD01763,WH003,29,10,105
2017-05-01,PROD00347,WH009,103,40,104
2017-05-01,PROD01137,WH008,394,40,23
2017-05-01,PROD01917,WH003,357,72,96
2017-05-01,PROD01282,WH005,184,70,94
2017-05-01,PROD01635,WH006,35,21,57
2017-05-01,PROD01251,WH005,295,77,93
2017-05-01,PROD01503,WH006,323,39,100
2017-05-01,PROD01108,WH001,195,39,62
2017-05-01,PROD00880,WH010,321,34,21
2017-05-01,PROD00695,WH004,25,12,85
2017-05-01,PROD00218,WH006,35,31,57
2017-05-01,PROD00708,WH009,371,31,75
2017-05-01,PROD00375,WH005,459,63,38
2017-05-01,PROD01610,WH008,109,72,97
2017-05-01,PROD00748,WH007,40,24,51
2017-05-01,PROD00709,WH004,247,63,61
2017-05-01,PROD01070,WH003,456,34,62
2017-05-01,PROD00698,WH003,80,43,63
2017-05-01,PROD00586,WH007,54,14,96
2017-05-01,PROD00073,WH005,414,49,116
2017-05-01,PROD00725,WH009,385,79,114
2017-05-01,PROD01975,WH003,388,18,88
2017-05-01,PROD00265,WH004,408,15,28
2017-05-01,PROD01706,WH003,154,7,86
2017-05-01,PROD01480,WH003,45,17,43
2017-05-01,PROD01609,WH002,31,16,112
2017-05-01,PROD01269,WH001,453,38,25
2017-05-01,PROD01158,WH009,231,46,56
2017-05-01,PROD01980,WH008,118,16,38
2017-05-01,PROD01460,WH009,253,43,30
2017-05-01,PROD00036,WH010,425,11,107
2017-05-01,PROD01155,WH006,212,74,26
2017-05-01,PROD01998,WH005,199,67,58
2017-05-01,PROD01008,WH006,260,10,21
2017-05-01,PROD00163,WH010,30,29,45
2017-05-01,PROD01376,WH005,53,30,80
2017-05-01,PROD01813,WH003,215,67,64
2017-05-01,PROD01329,WH002,20,17,67
2017-05-01,PROD01746,WH003,357,13,54
2017-05-01,PROD01865,WH005,78,23,39
2017-05-01,PROD01152,WH007,273,28,96
2017-05-01,PROD00315,WH004,255,32,110
2017-05-01,PROD00170,WH009,330,78,69
2017-05-01,PROD01156,WH008,64,17,114
2017-05-01,PROD01633,WH002,33,11,70
2017-05-01,PROD01553,WH009,99,23,64
2017-05-01,PROD01824,WH005,96,61,38
2017-05-01,PROD01078,WH003,12,0,110
2017-05-01,PROD00201,WH010,466,39,41
2017-05-01,PROD01703,WH007,258,63,85
2017-05-01,PROD01682,WH004,309,2,34
2017-05-01,PROD00555,WH005,57,38,41
2017-05-01,PROD00834,WH010,154,39,57
2017-05-01,PROD00217,WH009,407,29,110
2017-05-01,PROD00751,WH003,38,30,44
2017-05-01,PROD01113,WH002,280,60,39
2017-05-01,PROD00465,WH006,42,17,113
2017-05-01,PROD01338,WH008,90,27,75
2017-05-01,PROD00362,WH002,441,57,96
2017-05-01,PROD01719,WH003,131,9,113
2017-05-01,PROD00225,WH006,356,1,69
2017-05-01,PROD00481,WH002,230,37,24
2017-05-01,PROD00965,WH008,362,71,85
2017-05-01,PROD00798,WH008,208,10,39
2017-05-01,PROD01175,WH003,250,53,104
2017-05-01,PROD01370,WH003,250,65,105
2017-05-01,PROD00763,WH008,338,25,112
2017-05-01,PROD00189,WH006,372,15,112
2017-05-01,PROD00479,WH005,366,62,80
2017-05-01,PROD00184,WH002,211,21,25
2017-05-01,PROD00404,WH010,363,72,73
2017-05-01,PROD00345,WH006,179,0,81
2017-05-01,PROD00640,WH005,192,77,24
2017-05-01,PROD00496,WH008,496,20,73
2017-05-01,PROD01116,WH007,456,6,91
2017-05-01,PROD01922,WH005,263,55,52
2017-05-01,PROD00616,WH009,44,16,108
2017-05-01,PROD01665,WH009,297,37,40
2017-05-01,PROD01449,WH008,412,4,49
2017-05-01,PROD00144,WH007,5,5,57
2017-05-01,PROD01466,WH009,152,5,56
2017-05-01,PROD00207,WH001,292,11,115
2017-05-01,PROD01628,WH007,296,14,36
2017-05-01,PROD00277,WH010,157,32,35
2017-05-01,PROD00747,WH003,486,23,114
2017-05-01,PROD00587,WH010,51,43,99
2017-05-01,PROD00758,WH006,12,12,47
2017-05-01,PROD00434,WH007,59,57,92
2017-05-01,PROD00487,WH007,278,23,108
2017-05-01,PROD00548,WH003,432,15,43
2017-05-01,PROD00119,WH004,176,57,77
2017-05-01,PROD00107,WH007,160,76,86
2017-05-01,PROD01852,WH002,353,47,82
2017-05-01,PROD00152,WH004,44,33,83
2017-05-01,PROD00331,WH007,386,12,32
2017-05-01,PROD01705,WH002,296,27,87
2017-05-01,PROD00342,WH005,111,60,112
2017-05-01,PROD01217,WH009,397,74,73
2017-05-01,PROD01384,WH009,198,47,86
2017-05-01,PROD01042,WH003,151,37,72
2017-05-01,PROD00837,WH005,87,25,41
2017-05-01,PROD00850,WH009,318,75,86
2017-05-01,PROD01689,WH008,198,38,60
2017-05-01,PROD00999,WH005,321,57,49
2017-05-01,PROD00006,WH010,202,32,71
2017-05-01,PROD01970,WH008,303,18,97
2017-05-01,PROD00945,WH004,292,3,64
2017-05-01,PROD01884,WH001,343,21,98
2017-05-01,PROD01053,WH010,84,8,42
2017-05-01,PROD01740,WH007,405,0,72
2017-05-01,PROD01579,WH007,256,11,44
2017-05-01,PROD01695,WH009,496,34,29
2017-05-01,PROD01661,WH009,434,38,52
2017-05-01,PROD00581,WH003,25,1,30
2017-05-01,PROD00420,WH005,97,49,27
2017-05-01,PROD00435,WH007,425,34,59
2017-05-01,PROD01268,WH008,14,4,50
2017-05-01,PROD00302,WH004,467,72,117
2017-05-01,PROD00800,WH004,209,36,112
2017-05-01,PROD00769,WH009,254,11,73
2017-05-01,PROD00898,WH005,393,13,39
2017-05-01,PROD01082,WH008,1,1,117
2017-05-01,PROD00852,WH010,68,41,70
2017-05-01,PROD01493,WH005,106,73,58
2017-05-01,PROD01360,WH002,117,6,67
2017-05-01,PROD00397,WH009,97,7,58
2017-05-01,PROD01478,WH001,492,5,42
2017-05-01,PROD01180,WH006,229,8,32
2017-05-01,PROD00101,WH009,43,26,119
2017-05-01,PROD01226,WH009,204,51,44
2017-05-01,PROD01202,WH001,11,8,113
2017-05-01,PROD00049,WH003,50,9,51
2017-05-01,PROD01904,WH008,394,41,58
2017-05-01,PROD01143,WH002,234,64,27
2017-05-01,PROD00777,WH002,341,60,20
2017-05-01,PROD01369,WH008,41,2,52
2017-05-01,PROD00934,WH005,215,2,85
2017-05-01,PROD00436,WH010,353,45,61
2017-05-01,PROD00340,WH005,223,15,43
2017-05-01,PROD00333,WH006,273,32,34
2017-05-01,PROD00081,WH005,385,49,69
2017-05-01,PROD01048,WH005,185,12,81
2017-05-01,PROD01139,WH006,202,17,55
2017-05-01,PROD01336,WH003,483,21,103
2017-05-01,PROD01928,WH007,136,46,91
2017-05-01,PROD01049,WH010,245,66,60
2017-05-01,PROD00417,WH003,168,34,67
2017-05-01,PROD01939,WH004,161,48,96
2017-05-01,PROD01166,WH004,221,11,48
2017-05-01,PROD01045,WH001,336,14,65
2017-05-01,PROD01371,WH009,11,5,59
2017-05-01,PROD00603,WH004,478,26,41
2017-05-01,PROD01857,WH004,445,31,57
2017-05-01,PROD00886,WH006,125,47,111
2017-05-01,PROD00687,WH005,328,28,120
2017-05-01,PROD00198,WH010,294,46,91
2017-05-01,PROD01896,WH004,342,50,31
2017-05-01,PROD01196,WH004,366,42,80
2017-05-01,PROD00729,WH004,303,64,51
2017-05-01,PROD01043,WH003,94,45,90
2017-05-01,PROD01197,WH002,399,7,37
2017-05-01,PROD00026,WH002,210,21,107
2017-05-01,PROD00920,WH010,160,54,118
2017-05-01,PROD00037,WH007,415,20,41
2017-05-01,PROD00576,WH005,306,11,67
2017-05-01,PROD01873,WH004,341,13,67
2017-05-01,PROD01784,WH005,199,79,107
2017-05-01,PROD00737,WH007,20,8,27
2017-05-01,PROD00565,WH010,55,50,22
2017-05-01,PROD01794,WH007,139,50,73
2017-05-01,PROD00883,WH010,19,15,60
2017-05-01,PROD01396,WH007,429,23,25
2017-05-01,PROD01659,WH004,182,79,22
2017-05-01,PROD01662,WH005,438,44,74
2017-05-01,PROD00597,WH008,188,50,84
2017-05-01,PROD01140,WH009,224,19,42
2017-05-01,PROD00437,WH007,388,70,29
2017-05-01,PROD01631,WH009,212,33,39
2017-05-01,PROD01772,WH001,443,51,26
2017-05-01,PROD00385,WH005,405,19,42
2017-05-01,PROD00678,WH006,491,43,87
2017-05-01,PROD00421,WH010,433,30,71
2017-05-01,PROD01773,WH002,162,44,74
2017-05-01,PROD01840,WH004,459,17,66
2017-05-01,PROD00917,WH004,340,54,27
2017-05-01,PROD00746,WH005,228,48,71
2017-05-01,PROD01849,WH008,109,52,46
2017-05-01,PROD00243,WH002,454,7,58
2017-05-01,PROD01061,WH004,183,33,94
2017-05-01,PROD01450,WH010,330,0,92
2017-05-01,PROD00681,WH009,220,8,82
2017-05-01,PROD01618,WH001,81,47,78
2017-05-01,PROD00232,WH008,490,48,64
2017-05-01,PROD01089,WH003,263,49,59
2017-05-01,PROD01994,WH006,152,31,57
2017-05-01,PROD01603,WH007,277,22,52
2017-05-01,PROD01388,WH001,253,15,73
2017-05-01,PROD00655,WH010,40,15,110
2017-05-01,PROD00166,WH007,287,35,55
2017-05-01,PROD01737,WH008,264,15,102
2017-05-01,PROD00275,WH010,24,9,22
2017-05-01,PROD01965,WH009,243,5,106
2017-05-01,PROD00419,WH004,137,52,97
2017-05-01,PROD00918,WH007,99,34,83
2017-05-01,PROD00544,WH005,58,17,68
2017-05-01,PROD00346,WH009,94,4,77
2017-05-01,PROD01761,WH005,338,61,55
2017-05-01,PROD01111,WH009,353,47,65
2017-05-01,PROD01142,WH005,66,43,82
2017-05-01,PROD00087,WH005,82,1,101
2017-05-01,PROD01531,WH009,490,25,23
2017-05-01,PROD01830,WH006,267,55,101
2017-05-01,PROD01593,WH004,237,5,20
2017-05-01,PROD00196,WH005,384,36,43
2017-05-01,PROD01861,WH010,393,5,111
2017-05-01,PROD00588,WH004,112,62,86
2017-05-01,PROD01386,WH009,38,13,103
2017-05-01,PROD00985,WH006,28,28,28
2017-05-01,PROD00418,WH009,412,50,82
2017-05-01,PROD00336,WH003,397,74,49
2017-05-01,PROD01713,WH004,352,61,113
2017-05-01,PROD01077,WH002,136,47,68
2017-05-01,PROD01716,WH008,52,19,58
2017-05-01,PROD00057,WH006,233,62,40
2017-05-01,PROD00579,WH006,301,80,23
2017-05-01,PROD00129,WH007,448,61,60
2017-05-01,PROD00937,WH004,477,49,39
2017-05-01,PROD00224,WH008,204,36,59
2017-05-01,PROD00261,WH006,255,43,90
2017-05-01,PROD00448,WH003,414,4,71
2017-05-01,PROD01288,WH009,467,2,105
2017-05-01,PROD01776,WH003,211,5,36
2017-05-01,PROD01888,WH007,296,77,23
2017-05-01,PROD00606,WH005,212,26,95
2017-05-01,PROD01876,WH005,234,78,42
2017-05-01,PROD01438,WH005,282,10,78
2017-05-01,PROD01385,WH005,20,15,20
2017-05-01,PROD00972,WH002,295,65,86
2017-05-01,PROD01648,WH008,19,17,58
2017-05-01,PROD00838,WH007,354,49,61
2017-05-01,PROD01458,WH004,210,32,64
2017-05-01,PROD00202,WH003,128,27,39
2017-05-01,PROD01182,WH010,483,56,101
2017-05-01,PROD01052,WH005,448,48,59
2017-05-01,PROD01680,WH001,67,48,102
2017-05-01,PROD00414,WH009,68,13,103
2017-05-01,PROD00770,WH010,415,62,112
2017-05-01,PROD00547,WH007,361,59,97
2017-05-01,PROD00922,WH001,138,45,105
2017-05-01,PROD00246,WH001,297,62,34
2017-05-01,PROD00537,WH004,308,20,75
2017-05-01,PROD00071,WH004,425,34,72
2017-05-01,PROD01353,WH002,194,75,115
2017-05-01,PROD00657,WH006,138,20,65
2017-05-01,PROD01534,WH006,407,67,25
2017-05-01,PROD01410,WH010,121,42,40
2017-05-01,PROD01309,WH005,225,61,29
2017-05-01,PROD01451,WH010,485,50,26
2017-05-01,PROD00004,WH009,488,31,74
2017-05-01,PROD01941,WH004,258,25,32
2017-05-01,PROD00792,WH002,388,26,117
2017-05-01,PROD01433,WH004,272,41,20
2017-05-01,PROD01934,WH008,326,74,31
2017-05-01,PROD01474,WH007,264,11,84
2017-05-01,PROD01509,WH005,226,34,115
2017-05-01,PROD01020,WH001,255,7,103
2017-05-01,PROD01401,WH001,5,2,47
2017-05-01,PROD00142,WH002,216,57,68
2017-05-01,PROD00666,WH004,66,3,101
2017-05-01,PROD00505,WH010,430,38,94
2017-05-01,PROD00517,WH001,396,46,98
2017-05-01,PROD01472,WH008,277,3,106
2017-05-01,PROD01686,WH004,130,77,118
2017-05-01,PROD00540,WH002,458,11,72
2017-05-01,PROD01453,WH008,470,0,28
2017-05-01,PROD01506,WH002,421,17,49
2017-05-01,PROD00549,WH008,295,49,37
2017-05-01,PROD01432,WH002,247,58,37
2017-05-01,PROD00389,WH005,306,60,100
2017-05-01,PROD01377,WH004,276,9,28
2017-05-01,PROD00933,WH010,244,18,110
2017-05-01,PROD01225,WH006,12,5,88
2017-05-01,PROD00248,WH004,409,5,51
2017-05-01,PROD00570,WH006,212,73,107
2017-05-01,PROD00234,WH008,364,21,33
2017-05-01,PROD01966,WH001,209,80,49
2017-05-01,PROD00324,WH007,385,52,32
2017-05-01,PROD01315,WH004,114,26,67
2017-05-01,PROD00138,WH003,108,29,105
2017-05-01,PROD01652,WH002,66,9,72
2017-05-01,PROD01916,WH007,353,2,76
2017-05-01,PROD00892,WH004,95,0,67
2017-05-01,PROD00174,WH005,189,80,83
2017-05-01,PROD01090,WH007,255,52,120
2017-05-01,PROD00840,WH001,70,42,106
2017-05-01,PROD00239,WH002,11,8,110
2017-05-01,PROD01651,WH005,312,54,51
2017-05-01,PROD00808,WH006,134,45,90
2017-05-01,PROD01007,WH005,393,56,69
2017-05-01,PROD00123,WH006,453,8,70
2017-05-01,PROD00531,WH004,13,13,43
2017-05-01,PROD00492,WH004,65,11,70
2017-05-01,PROD01744,WH007,112,62,64
2017-05-01,PROD00268,WH006,76,61,71
2017-05-01,PROD01452,WH006,468,44,117
2017-05-01,PROD00905,WH001,3,1,66
2017-05-01,PROD00024,WH010,111,10,22
2017-05-01,PROD01243,WH005,8,2,36
2017-05-01,PROD00221,WH009,24,9,57
2017-05-01,PROD01854,WH004,409,62,54
2017-05-01,PROD00355,WH001,46,1,117
2017-05-01,PROD01041,WH001,319,43,102
2017-05-01,PROD00717,WH009,56,51,101
2017-05-01,PROD00841,WH005,218,60,34
2017-05-01,PROD00830,WH006,199,52,118
2017-05-01,PROD00559,WH002,278,22,106
2017-05-01,PROD00247,WH001,364,26,30
2017-05-01,PROD00271,WH005,462,43,46
2017-05-01,PROD01725,WH001,84,27,87
2017-05-01,PROD01504,WH006,387,71,21
2017-05-01,PROD01494,WH003,180,0,39
2017-05-01,PROD00191,WH001,195,6,90
2017-05-01,PROD00074,WH008,330,53,74
2017-05-01,PROD00318,WH007,389,43,80
2017-05-01,PROD00091,WH003,278,7,80
2017-05-01,PROD01906,WH010,148,11,23
2017-05-01,PROD01634,WH010,476,8,80
2017-05-01,PROD00863,WH008,421,71,116
2017-05-01,PROD00063,WH001,404,68,97
2017-05-01,PROD01522,WH009,425,19,108
2017-05-01,PROD00521,WH004,225,28,111
2017-05-01,PROD01059,WH007,195,69,103
2017-05-01,PROD00124,WH002,176,80,68
2017-05-01,PROD01249,WH010,456,32,92
2017-05-01,PROD00569,WH006,131,59,49
2017-05-01,PROD00604,WH009,88,63,28
2017-05-01,PROD00646,WH002,121,13,35
2017-05-01,PROD00314,WH009,74,10,34
2017-05-01,PROD01246,WH003,182,77,59
2017-05-01,PROD01674,WH005,210,41,90
2017-05-01,PROD01937,WH006,372,11,114
2017-05-01,PROD00502,WH010,333,35,105
2017-05-01,PROD01903,WH006,146,49,120
2017-05-01,PROD01270,WH004,171,28,37
2017-05-01,PROD00106,WH005,279,55,82
2017-05-01,PROD01405,WH007,253,45,116
2017-05-01,PROD01025,WH007,495,54,56
2017-05-01,PROD00358,WH006,177,1,97
2017-05-01,PROD00013,WH006,64,19,67
2017-05-01,PROD01348,WH006,465,38,34
2017-05-01,PROD00012,WH003,436,53,101
2017-05-01,PROD01335,WH005,96,36,39
2017-05-01,PROD01411,WH002,264,18,105
2017-05-01,PROD01961,WH007,240,59,34
2017-05-01,PROD00644,WH001,109,33,46
2017-05-01,PROD01698,WH003,397,56,103
2017-05-01,PROD01103,WH004,471,55,44
2017-05-01,PROD00557,WH004,320,46,111
2017-05-01,PROD01829,WH010,320,6,104
2017-05-01,PROD00222,WH008,282,12,41
2017-05-01,PROD01306,WH005,396,52,57
2017-05-01,PROD00981,WH010,211,27,49
2017-05-01,PROD00873,WH006,313,66,113
2017-05-01,PROD01622,WH005,41,27,115
2017-05-01,PROD01427,WH004,253,28,117
2017-05-01,PROD00550,WH006,405,8,29
2017-05-01,PROD00835,WH002,416,60,85
2017-05-01,PROD00334,WH008,182,35,78
2017-05-01,PROD01394,WH005,381,39,25
2017-05-01,PROD00480,WH005,492,56,31
2017-05-01,PROD00413,WH004,141,53,87
2017-05-01,PROD00959,WH006,252,3,80
2017-05-01,PROD01484,WH003,369,56,97
2017-05-01,PROD01615,WH010,19,1,55
2017-05-01,PROD01499,WH001,124,75,77
2017-05-01,PROD01568,WH002,246,70,66
2017-05-01,PROD00598,WH006,296,24,22
2017-06-01,PROD01310,WH010,360,3,88
2017-06-01,PROD00129,WH004,232,21,101
2017-06-01,PROD01432,WH008,19,8,62
2017-06-01,PROD00438,WH004,481,41,117
2017-06-01,PROD01560,WH006,211,10,89
2017-06-01,PROD00782,WH005,381,30,75
2017-06-01,PROD00254,WH006,73,33,26
2017-06-01,PROD00686,WH009,68,19,66
2017-06-01,PROD01020,WH010,465,37,42
2017-06-01,PROD00337,WH005,19,2,56
2017-06-01,PROD00033,WH007,189,9,62
2017-06-01,PROD00931,WH008,376,48,102
2017-06-01,PROD00835,WH005,290,3,116
2017-06-01,PROD01529,WH006,478,51,30
2017-06-01,PROD00266,WH004,332,37,20
2017-06-01,PROD00949,WH005,442,55,75
2017-06-01,PROD00933,WH001,459,77,70
2017-06-01,PROD00999,WH005,301,28,30
2017-06-01,PROD00058,WH004,288,70,80
2017-06-01,PROD00752,WH006,161,2,27
2017-06-01,PROD00726,WH008,483,52,58
2017-06-01,PROD01191,WH003,302,24,49
2017-06-01,PROD00054,WH003,454,63,115
2017-06-01,PROD00839,WH001,30,10,106
2017-06-01,PROD01078,WH002,139,2,32
2017-06-01,PROD00516,WH001,332,38,71
2017-06-01,PROD00147,WH002,404,37,27
2017-06-01,PROD00485,WH003,340,69,95
2017-06-01,PROD01364,WH004,496,51,67
2017-06-01,PROD01768,WH009,50,9,50
2017-06-01,PROD01413,WH001,277,51,85
2017-06-01,PROD01497,WH001,484,70,83
2017-06-01,PROD00730,WH002,251,35,40
2017-06-01,PROD01075,WH001,1,1,51
2017-06-01,PROD01875,WH002,82,19,38
2017-06-01,PROD00080,WH008,161,25,54
2017-06-01,PROD00450,WH001,381,16,99
2017-06-01,PROD01878,WH001,446,52,119
2017-06-01,PROD00567,WH005,102,25,43
2017-06-01,PROD01725,WH007,117,65,37
2017-06-01,PROD01118,WH010,46,20,112
2017-06-01,PROD01586,WH007,191,6,36
2017-06-01,PROD00597,WH004,3,1,79
2017-06-01,PROD01160,WH004,444,6,24
2017-06-01,PROD01409,WH004,411,42,21
2017-06-01,PROD01332,WH005,34,24,72
2017-06-01,PROD01655,WH009,0,0,108
2017-06-01,PROD01271,WH004,280,78,51
2017-06-01,PROD01480,WH003,466,75,114
2017-06-01,PROD01741,WH002,298,19,55
2017-06-01,PROD00879,WH008,253,1,44
2017-06-01,PROD01228,WH009,338,5,62
2017-06-01,PROD01756,WH002,56,23,66
2017-06-01,PROD00480,WH004,117,64,58
2017-06-01,PROD01574,WH007,158,52,35
2017-06-01,PROD00825,WH005,39,6,25
2017-06-01,PROD01220,WH009,37,3,85
2017-06-01,PROD00894,WH002,296,3,96
2017-06-01,PROD01955,WH005,407,71,21
2017-06-01,PROD01622,WH009,384,36,73
2017-06-01,PROD01520,WH010,385,57,48
2017-06-01,PROD00207,WH003,219,13,109
2017-06-01,PROD01776,WH008,238,23,55
2017-06-01,PROD01504,WH003,322,34,31
2017-06-01,PROD00963,WH009,158,9,100
2017-06-01,PROD01501,WH003,124,11,64
2017-06-01,PROD00084,WH007,46,35,77
2017-06-01,PROD01632,WH009,318,80,27
2017-06-01,PROD01959,WH008,487,25,94
2017-06-01,PROD01491,WH006,176,76,89
2017-06-01,PROD00406,WH004,457,66,75
2017-06-01,PROD01557,WH010,495,78,70
2017-06-01,PROD01863,WH001,310,66,78
2017-06-01,PROD00398,WH007,356,77,114
2017-06-01,PROD00813,WH007,165,75,55
2017-06-01,PROD01353,WH002,349,74,93
2017-06-01,PROD00532,WH004,437,19,92
2017-06-01,PROD01015,WH010,477,50,27
2017-06-01,PROD01369,WH004,244,71,61
2017-06-01,PROD00792,WH009,371,76,58
2017-06-01,PROD00591,WH004,83,38,70
2017-06-01,PROD01525,WH010,388,29,80
2017-06-01,PROD01713,WH008,449,32,115
2017-06-01,PROD01852,WH010,437,59,57
2017-06-01,PROD00061,WH010,495,20,80
2017-06-01,PROD01885,WH008,60,46,69
2017-06-01,PROD01861,WH006,357,80,70
2017-06-01,PROD00020,WH005,450,0,31
2017-06-01,PROD00187,WH003,491,34,102
2017-06-01,PROD01153,WH009,329,42,86
2017-06-01,PROD00374,WH010,301,61,59
2017-06-01,PROD01023,WH009,173,27,68
2017-06-01,PROD01348,WH002,218,16,29
2017-06-01,PROD00507,WH010,429,56,29
2017-06-01,PROD01300,WH009,276,6,32
2017-06-01,PROD00331,WH005,458,63,74
2017-06-01,PROD00685,WH001,346,23,31
2017-06-01,PROD01977,WH008,272,20,79
2017-06-01,PROD01626,WH001,132,42,26
2017-06-01,PROD01653,WH007,3,1,102
2017-06-01,PROD00257,WH010,359,55,32
2017-06-01,PROD00188,WH005,73,60,26
2017-06-01,PROD00940,WH009,263,78,106
2017-06-01,PROD01444,WH003,394,75,67
2017-06-01,PROD01435,WH001,125,45,78
2017-06-01,PROD00120,WH001,41,25,43
2017-06-01,PROD00386,WH005,290,1,96
2017-06-01,PROD01705,WH002,422,75,46
2017-06-01,PROD00304,WH005,372,38,97
2017-06-01,PROD00425,WH004,446,14,74
2017-06-01,PROD01503,WH008,137,73,70
2017-06-01,PROD01397,WH009,246,64,40
2017-06-01,PROD00075,WH003,339,13,71
2017-06-01,PROD01278,WH006,318,35,116
2017-06-01,PROD01530,WH008,482,53,90
2017-06-01,PROD00542,WH003,318,38,104
2017-06-01,PROD00859,WH009,190,65,44
2017-06-01,PROD01111,WH004,425,55,54
2017-06-01,PROD00511,WH001,477,65,98
2017-06-01,PROD00006,WH002,11,4,98
2017-06-01,PROD01071,WH001,456,4,91
2017-06-01,PROD00546,WH004,439,0,79
2017-06-01,PROD01773,WH005,307,40,95
2017-06-01,PROD01600,WH010,242,48,93
2017-06-01,PROD01775,WH008,10,7,59
2017-06-01,PROD01966,WH003,317,19,71
2017-06-01,PROD00283,WH007,104,10,92
2017-06-01,PROD01742,WH010,303,46,52
2017-06-01,PROD00915,WH002,490,33,77
2017-06-01,PROD00341,WH007,378,25,112
2017-06-01,PROD00619,WH002,178,33,57
2017-06-01,PROD00906,WH004,394,2,94
2017-06-01,PROD00178,WH010,486,65,39
2017-06-01,PROD00600,WH005,483,45,101
2017-06-01,PROD00769,WH003,198,35,109
2017-06-01,PROD00861,WH010,313,36,21
2017-06-01,PROD00820,WH001,493,46,117
2017-06-01,PROD00097,WH005,279,51,110
2017-06-01,PROD01157,WH004,23,18,98
2017-06-01,PROD01512,WH007,382,56,65
2017-06-01,PROD00143,WH002,239,30,74
2017-06-01,PROD00947,WH007,314,34,92
2017-06-01,PROD01905,WH006,302,17,104
2017-06-01,PROD00290,WH001,58,49,61
2017-06-01,PROD01764,WH004,315,75,35
2017-06-01,PROD00951,WH004,291,1,89
2017-06-01,PROD00397,WH005,89,54,97
2017-06-01,PROD01969,WH006,100,66,90
2017-06-01,PROD00740,WH007,144,26,26
2017-06-01,PROD01825,WH007,71,34,37
2017-06-01,PROD01251,WH007,128,15,43
2017-06-01,PROD01652,WH001,15,5,49
2017-06-01,PROD01902,WH008,225,64,94
2017-06-01,PROD01277,WH004,187,70,60
2017-06-01,PROD01282,WH006,499,64,59
2017-06-01,PROD01424,WH006,173,21,117
2017-06-01,PROD00668,WH001,63,54,113
2017-06-01,PROD01523,WH002,191,44,40
2017-06-01,PROD00566,WH002,97,30,51
2017-06-01,PROD00125,WH003,352,15,65
2017-06-01,PROD01331,WH007,339,52,61
2017-06-01,PROD01605,WH010,21,20,80
2017-06-01,PROD01100,WH006,176,23,74
2017-06-01,PROD00217,WH007,21,17,59
2017-06-01,PROD00194,WH008,310,2,68
2017-06-01,PROD01933,WH008,4,1,59
2017-06-01,PROD00796,WH009,378,1,36
2017-06-01,PROD00606,WH006,499,43,115
2017-06-01,PROD00045,WH007,103,32,74
2017-06-01,PROD01583,WH001,88,34,118
2017-06-01,PROD00419,WH010,216,6,113
2017-06-01,PROD00755,WH002,277,59,57
2017-06-01,PROD00447,WH010,123,61,89
2017-06-01,PROD01778,WH008,285,19,115
2017-06-01,PROD01069,WH006,177,70,80
2017-06-01,PROD01839,WH008,73,67,26
2017-06-01,PROD00417,WH003,307,45,65
2017-06-01,PROD01638,WH009,254,76,102
2017-06-01,PROD01019,WH006,252,54,113
2017-06-01,PROD00282,WH007,16,5,112
2017-06-01,PROD00369,WH004,372,15,74
2017-06-01,PROD00545,WH002,415,44,58
2017-06-01,PROD00396,WH007,359,64,48
2017-06-01,PROD01024,WH001,75,26,21
2017-06-01,PROD00939,WH002,180,7,83
2017-06-01,PROD00091,WH007,200,42,53
2017-06-01,PROD00112,WH010,353,37,111
2017-06-01,PROD01431,WH006,140,65,93
2017-06-01,PROD00768,WH003,265,15,72
2017-06-01,PROD01339,WH005,129,62,86
2017-06-01,PROD00351,WH001,195,38,75
2017-06-01,PROD01261,WH009,205,8,99
2017-06-01,PROD01997,WH006,39,4,58
2017-06-01,PROD00809,WH008,38,28,53
2017-06-01,PROD01340,WH005,476,3,107
2017-06-01,PROD00358,WH005,463,0,105
2017-06-01,PROD01734,WH002,385,69,56
2017-06-01,PROD00152,WH004,336,22,60
2017-06-01,PROD01939,WH003,211,57,102
2017-06-01,PROD01619,WH003,226,35,46
2017-06-01,PROD00049,WH005,482,51,90
2017-06-01,PROD00704,WH002,142,41,42
2017-06-01,PROD01262,WH007,134,51,89
2017-06-01,PROD00770,WH005,451,72,97
2017-06-01,PROD01641,WH009,28,11,23
2017-06-01,PROD01883,WH009,47,32,103
2017-06-01,PROD01866,WH001,222,70,102
2017-06-01,PROD00697,WH006,20,16,46
2017-06-01,PROD00333,WH005,243,51,70
2017-06-01,PROD00215,WH005,94,47,98
2017-06-01,PROD00747,WH010,171,61,67
2017-06-01,PROD01062,WH006,75,26,57
2017-06-01,PROD00242,WH004,133,29,69
2017-06-01,PROD01809,WH010,200,10,77
2017-06-01,PROD01682,WH008,392,47,108
2017-06-01,PROD01165,WH007,355,63,76
2017-06-01,PROD01057,WH002,485,69,96
2017-06-01,PROD00292,WH008,374,59,103
2017-06-01,PROD01498,WH006,497,29,111
2017-06-01,PROD01981,WH004,255,26,69
2017-06-01,PROD00016,WH003,262,63,66
2017-06-01,PROD01618,WH009,8,2,80
2017-06-01,PROD00929,WH004,217,38,21
2017-06-01,PROD01487,WH004,367,28,65
2017-06-01,PROD00798,WH003,317,9,99
2017-06-01,PROD01089,WH007,421,78,70
2017-06-01,PROD01665,WH006,74,44,33
2017-06-01,PROD00621,WH003,459,32,76
2017-06-01,PROD00801,WH009,74,21,36
2017-06-01,PROD01103,WH003,69,58,119
2017-06-01,PROD01292,WH001,42,37,34
2017-06-01,PROD01494,WH010,37,24,82
2017-06-01,PROD01323,WH010,246,11,80
2017-06-01,PROD00278,WH008,141,21,81
2017-06-01,PROD01510,WH001,450,56,35
2017-06-01,PROD00701,WH003,500,22,21
2017-06-01,PROD00461,WH009,6,0,61
2017-06-01,PROD01850,WH003,294,53,81
2017-06-01,PROD01316,WH007,409,69,69
2017-06-01,PROD00928,WH002,339,15,62
2017-06-01,PROD00296,WH005,348,27,94
2017-06-01,PROD00904,WH001,458,66,71
2017-06-01,PROD01799,WH008,38,23,93
2017-06-01,PROD01208,WH010,271,6,47
2017-06-01,PROD01396,WH005,283,70,118
2017-06-01,PROD00967,WH007,105,55,75
2017-06-01,PROD00561,WH002,397,32,20
2017-06-01,PROD00970,WH004,437,1,23
2017-06-01,PROD00547,WH009,386,48,89
2017-06-01,PROD00666,WH009,96,2,80
2017-06-01,PROD01982,WH002,350,40,27
2017-06-01,PROD00237,WH010,131,30,82
2017-06-01,PROD01680,WH010,434,43,45
2017-06-01,PROD00665,WH002,245,22,86
2017-06-01,PROD00888,WH007,225,44,76
2017-06-01,PROD00596,WH003,17,9,25
2017-06-01,PROD01206,WH007,160,20,20
2017-06-01,PROD00363,WH006,183,53,20
2017-06-01,PROD00119,WH007,219,5,32
2017-06-01,PROD01857,WH005,18,6,94
2017-06-01,PROD00056,WH002,208,62,65
2017-06-01,PROD01564,WH009,465,67,78
2017-06-01,PROD01617,WH004,269,53,86
2017-06-01,PROD00352,WH005,444,15,119
2017-06-01,PROD01924,WH001,7,5,82
2017-06-01,PROD00229,WH002,289,9,91
2017-06-01,PROD01666,WH007,251,37,47
2017-06-01,PROD01079,WH007,142,41,117
2017-06-01,PROD00159,WH004,441,34,116
2017-06-01,PROD01346,WH001,65,21,94
2017-06-01,PROD00185,WH007,135,78,118
2017-06-01,PROD01468,WH006,117,69,56
2017-06-01,PROD01882,WH009,108,21,22
2017-06-01,PROD01914,WH002,384,73,73
2017-06-01,PROD01265,WH005,82,80,103
2017-06-01,PROD00829,WH006,53,47,112
2017-06-01,PROD00514,WH009,211,18,49
2017-06-01,PROD01242,WH001,259,76,92
2017-06-01,PROD01855,WH010,16,0,120
2017-06-01,PROD01334,WH005,91,76,34
2017-06-01,PROD01811,WH004,206,65,35
2017-06-01,PROD01737,WH004,445,68,61
2017-06-01,PROD00324,WH006,68,32,114
2017-06-01,PROD00336,WH001,73,18,61
2017-06-01,PROD00245,WH002,239,62,102
2017-06-01,PROD01385,WH006,393,39,51
2017-06-01,PROD00392,WH008,49,4,22
2017-06-01,PROD00133,WH001,239,46,49
2017-06-01,PROD01430,WH007,381,30,68
2017-06-01,PROD00421,WH009,62,55,84
2017-06-01,PROD01201,WH007,93,63,80
2017-06-01,PROD00383,WH010,450,17,87
2017-06-01,PROD00647,WH006,161,72,37
2017-06-01,PROD00379,WH003,97,36,90
2017-06-01,PROD01543,WH006,162,35,58
2017-06-01,PROD00180,WH006,50,34,46
2017-06-01,PROD00190,WH008,318,49,59
2017-06-01,PROD00124,WH008,497,37,107
2017-06-01,PROD00186,WH004,316,6,91
2017-06-01,PROD00294,WH006,79,44,112
2017-06-01,PROD01081,WH007,313,70,60
2017-06-01,PROD00300,WH008,141,42,39
2017-06-01,PROD01224,WH005,107,22,71
2017-06-01,PROD01910,WH005,315,18,33
2017-06-01,PROD01865,WH008,216,53,24
2017-06-01,PROD01090,WH007,2,2,106
2017-06-01,PROD01485,WH004,367,53,86
2017-06-01,PROD00677,WH007,18,7,76
2017-06-01,PROD01188,WH006,10,4,96
2017-06-01,PROD01269,WH004,129,59,93
2017-06-01,PROD01637,WH007,340,77,53
2017-06-01,PROD01842,WH007,239,67,30
2017-06-01,PROD01107,WH003,319,39,89
2017-06-01,PROD01192,WH005,71,24,40
2017-06-01,PROD01296,WH002,206,54,33
2017-06-01,PROD01050,WH010,212,21,77
2017-06-01,PROD01295,WH004,345,48,74
2017-06-01,PROD01217,WH008,340,66,74
2017-06-01,PROD00961,WH001,410,74,113
2017-06-01,PROD01843,WH008,124,46,101
2017-06-01,PROD01610,WH001,328,40,33
2017-06-01,PROD01178,WH006,248,75,67
2017-06-01,PROD01112,WH009,121,22,37
2017-06-01,PROD00892,WH003,154,53,109
2017-06-01,PROD01026,WH002,461,44,66
2017-06-01,PROD01326,WH010,135,5,83
2017-06-01,PROD01436,WH004,43,28,81
2017-06-01,PROD00649,WH007,451,32,91
2017-06-01,PROD00775,WH010,284,45,96
2017-06-01,PROD01374,WH009,438,19,92
2017-06-01,PROD00602,WH007,222,74,28
2017-06-01,PROD00911,WH010,269,39,118
2017-06-01,PROD01034,WH001,102,10,35
2017-06-01,PROD01862,WH006,277,8,93
2017-06-01,PROD01873,WH002,34,11,36
2017-06-01,PROD00512,WH001,326,10,58
2017-06-01,PROD01936,WH007,431,57,96
2017-06-01,PROD01516,WH009,423,6,103
2017-06-01,PROD01703,WH004,202,68,87
2017-06-01,PROD00315,WH009,401,70,20
2017-06-01,PROD00436,WH008,233,30,43
2017-06-01,PROD00822,WH005,176,37,118
2017-06-01,PROD00521,WH001,42,10,65
2017-06-01,PROD00345,WH007,116,27,23
2017-06-01,PROD00410,WH005,91,29,88
2017-06-01,PROD01813,WH008,379,54,49
2017-06-01,PROD01347,WH010,225,77,84
2017-06-01,PROD01681,WH010,284,59,36
2017-06-01,PROD00920,WH009,121,1,69
2017-06-01,PROD01312,WH002,27,13,119
2017-06-01,PROD01601,WH009,378,31,69
2017-06-01,PROD00806,WH002,395,11,108
2017-06-01,PROD00031,WH009,478,48,62
2017-06-01,PROD01891,WH001,453,33,47
2017-06-01,PROD01095,WH007,337,67,58
2017-06-01,PROD00138,WH010,243,22,104
2017-06-01,PROD01721,WH004,174,71,60
2017-06-01,PROD00722,WH010,284,34,114
2017-06-01,PROD01709,WH005,238,3,84
2017-06-01,PROD00028,WH004,25,12,45
2017-06-01,PROD01199,WH004,412,78,26
2017-06-01,PROD01096,WH004,403,56,62
2017-06-01,PROD00921,WH003,482,66,114
2017-06-01,PROD00381,WH004,300,56,30
2017-06-01,PROD00501,WH005,130,68,37
2017-06-01,PROD00559,WH007,460,16,47
2017-06-01,PROD00088,WH009,301,78,68
2017-06-01,PROD01808,WH006,99,36,47
2017-06-01,PROD00118,WH003,419,66,88
2017-06-01,PROD00899,WH010,67,54,109
2017-06-01,PROD00244,WH008,272,66,23
2017-06-01,PROD01128,WH006,253,11,74
2017-06-01,PROD01048,WH008,178,5,109
2017-06-01,PROD01039,WH008,150,70,86
2017-06-01,PROD00645,WH004,151,52,36
2017-06-01,PROD00145,WH003,500,53,77
2017-06-01,PROD00415,WH010,378,36,120
2017-06-01,PROD00958,WH002,324,77,49
2017-06-01,PROD00618,WH006,130,77,84
2017-06-01,PROD00452,WH003,123,9,88
2017-06-01,PROD00339,WH001,34,26,114
2017-06-01,PROD01248,WH005,145,30,62
2017-06-01,PROD00035,WH009,174,80,47
2017-06-01,PROD01635,WH010,187,71,35
2017-06-01,PROD01210,WH009,370,37,112
2017-06-01,PROD01284,WH003,178,65,61
2017-06-01,PROD00332,WH005,404,60,93
2017-06-01,PROD00919,WH005,96,13,60
2017-06-01,PROD01264,WH007,222,62,79
2017-06-01,PROD00771,WH001,47,37,59
2017-06-01,PROD00817,WH007,99,72,77
2017-06-01,PROD00225,WH008,118,32,89
2017-06-01,PROD01587,WH001,378,40,46
2017-06-01,PROD00582,WH009,285,37,81
2017-06-01,PROD00652,WH006,289,74,83
2017-06-01,PROD01859,WH009,261,57,24
2017-06-01,PROD01909,WH006,270,38,71
2017-06-01,PROD00102,WH009,32,13,31
2017-06-01,PROD00522,WH003,105,57,73
2017-06-01,PROD00896,WH004,245,19,90
2017-06-01,PROD01751,WH003,479,50,47
2017-06-01,PROD00996,WH001,278,46,74
2017-06-01,PROD01569,WH001,50,0,81
2017-06-01,PROD00672,WH002,24,8,100
2017-06-01,PROD00343,WH009,148,27,68
2017-06-01,PROD00361,WH007,71,41,68
2017-06-01,PROD00587,WH009,346,43,27
2017-06-01,PROD00902,WH001,101,53,42
2017-06-01,PROD01695,WH007,131,32,20
2017-06-01,PROD01008,WH009,220,41,29
2017-06-01,PROD01303,WH005,480,48,63
2017-06-01,PROD01519,WH010,203,7,74
2017-06-01,PROD00013,WH005,81,80,46
2017-06-01,PROD01365,WH007,478,13,83
2017-06-01,PROD00717,WH003,485,59,95
2017-06-01,PROD00565,WH005,415,77,50
2017-06-01,PROD00264,WH005,327,62,97
2017-06-01,PROD00279,WH007,194,7,20
2017-06-01,PROD00959,WH004,173,57,54
2017-06-01,PROD01315,WH001,56,41,114
2017-06-01,PROD00275,WH004,491,79,119
2017-06-01,PROD01657,WH010,221,22,23
2017-06-01,PROD00378,WH001,274,16,87
2017-06-01,PROD00909,WH009,431,48,93
2017-06-01,PROD00380,WH008,163,27,93
2017-06-01,PROD01704,WH001,313,20,21
2017-06-01,PROD00584,WH005,367,39,44
2017-06-01,PROD01293,WH003,384,56,84
2017-06-01,PROD00975,WH010,203,57,78
2017-06-01,PROD01072,WH007,52,27,30
2017-06-01,PROD01935,WH004,295,16,31
2017-06-01,PROD00094,WH004,448,53,93
2017-06-01,PROD01373,WH009,100,31,37
2017-06-01,PROD01263,WH002,138,45,36
2017-06-01,PROD00298,WH001,11,8,29
2017-06-01,PROD01060,WH003,238,12,36
2017-06-01,PROD01784,WH002,95,3,106
2017-06-01,PROD01819,WH005,46,6,111
2017-06-01,PROD01611,WH009,294,11,75
2017-06-01,PROD01189,WH010,299,54,76
2017-06-01,PROD00571,WH008,241,7,81
2017-06-01,PROD00293,WH007,84,14,107
2017-06-01,PROD01093,WH009,403,8,54
2017-06-01,PROD01889,WH005,79,9,95
2017-06-01,PROD00746,WH009,320,21,58
2017-06-01,PROD00149,WH005,168,72,90
2017-06-01,PROD00872,WH007,241,13,58
2017-06-01,PROD00938,WH007,309,7,69
2017-06-01,PROD00393,WH006,346,17,26
2017-06-01,PROD00183,WH003,318,11,70
2017-06-01,PROD01805,WH008,300,45,93
2017-06-01,PROD00261,WH007,473,79,87
2017-06-01,PROD00026,WH003,381,63,54
2017-06-01,PROD00010,WH003,488,71,53
2017-06-01,PROD00893,WH001,3,0,120
2017-06-01,PROD00526,WH004,253,65,46
2017-06-01,PROD01555,WH010,392,65,70
2017-06-01,PROD01469,WH008,179,77,91
2017-06-01,PROD00002,WH010,352,41,71
2017-06-01,PROD00826,WH005,348,49,29
2017-06-01,PROD01247,WH002,199,64,117
2017-06-01,PROD01748,WH005,441,11,100
2017-06-01,PROD01654,WH009,441,33,54
2017-06-01,PROD01625,WH002,163,10,48
2017-06-01,PROD01351,WH004,244,56,52
2017-06-01,PROD00956,WH003,420,7,119
2017-06-01,PROD00307,WH008,268,3,47
2017-06-01,PROD01957,WH007,125,22,99
2017-06-01,PROD01916,WH004,465,56,101
2017-06-01,PROD00914,WH010,338,24,71
2017-06-01,PROD01214,WH008,66,42,84
2017-06-01,PROD00847,WH005,31,13,43
2017-06-01,PROD00156,WH008,478,45,50
2017-06-01,PROD00509,WH010,122,32,103
2017-06-01,PROD00643,WH001,123,68,35
2017-06-01,PROD00610,WH004,452,58,83
2017-06-01,PROD00579,WH007,365,24,71
2017-06-01,PROD00065,WH008,110,13,38
2017-06-01,PROD00642,WH009,37,16,73
2017-06-01,PROD01127,WH004,133,72,27
2017-06-01,PROD01294,WH006,478,69,32
2017-06-01,PROD00465,WH010,475,10,21
2017-06-01,PROD00966,WH002,359,26,30
2017-06-01,PROD01594,WH003,119,60,87
2017-06-01,PROD00109,WH002,288,76,114
2017-06-01,PROD01483,WH006,80,19,62
2017-06-01,PROD00174,WH001,443,58,24
2017-06-01,PROD01679,WH006,416,15,109
2017-06-01,PROD00347,WH008,429,20,50
2017-06-01,PROD00831,WH006,446,32,100
2017-06-01,PROD00161,WH009,73,64,21
2017-06-01,PROD00050,WH010,387,36,96
2017-06-01,PROD00841,WH010,186,51,26
2017-06-01,PROD00029,WH003,59,30,30
2017-06-01,PROD00286,WH010,114,7,81
2017-06-01,PROD01912,WH010,333,17,31
2017-06-01,PROD00158,WH002,257,12,58
2017-06-01,PROD01467,WH006,479,72,85
2017-06-01,PROD01541,WH006,345,45,34
2017-06-01,PROD00766,WH009,304,6,98
2017-07-01,PROD01720,WH005,368,53,35
2017-07-01,PROD00503,WH007,57,24,48
2017-07-01,PROD01436,WH006,154,70,114
2017-07-01,PROD00845,WH002,182,41,24
2017-07-01,PROD00355,WH002,386,67,31
2017-07-01,PROD01401,WH009,99,66,105
2017-07-01,PROD00440,WH006,298,31,30
2017-07-01,PROD01082,WH009,157,4,29
2017-07-01,PROD00213,WH004,275,0,108
2017-07-01,PROD00169,WH004,13,11,48
2017-07-01,PROD00935,WH003,49,29,106
2017-07-01,PROD00426,WH007,19,2,23
2017-07-01,PROD00738,WH001,238,38,49
2017-07-01,PROD00586,WH002,20,10,113
2017-07-01,PROD00263,WH003,299,66,76
2017-07-01,PROD00267,WH004,200,64,81
2017-07-01,PROD00683,WH005,139,39,102
2017-07-01,PROD01437,WH003,82,4,79
2017-07-01,PROD01556,WH003,226,42,117
2017-07-01,PROD01795,WH010,342,49,61
2017-07-01,PROD00442,WH007,173,46,49
2017-07-01,PROD00109,WH004,470,15,109
2017-07-01,PROD00872,WH001,164,0,41
2017-07-01,PROD01820,WH006,394,59,103
2017-07-01,PROD00593,WH010,469,56,63
2017-07-01,PROD01630,WH001,42,6,22
2017-07-01,PROD01636,WH004,13,0,120
2017-07-01,PROD01582,WH007,8,8,83
2017-07-01,PROD01618,WH001,428,78,40
2017-07-01,PROD01811,WH006,143,19,80
2017-07-01,PROD00575,WH005,345,45,86
2017-07-01,PROD00321,WH008,402,16,79
2017-07-01,PROD01497,WH006,498,54,104
2017-07-01,PROD00719,WH010,255,80,66
2017-07-01,PROD01730,WH004,120,78,62
2017-07-01,PROD01111,WH007,233,18,109
2017-07-01,PROD00125,WH004,128,30,33
2017-07-01,PROD01808,WH008,465,1,71
2017-07-01,PROD00289,WH002,64,12,76
2017-07-01,PROD00733,WH006,459,71,92
2017-07-01,PROD01752,WH005,48,46,54
2017-07-01,PROD01068,WH005,155,16,116
2017-07-01,PROD01544,WH001,1,0,107
2017-07-01,PROD01510,WH003,20,0,72
2017-07-01,PROD01754,WH005,207,39,58
2017-07-01,PROD00420,WH004,236,48,21
2017-07-01,PROD00054,WH008,134,38,28
2017-07-01,PROD00615,WH001,397,31,106
2017-07-01,PROD01187,WH005,77,12,84
2017-07-01,PROD00318,WH008,378,5,73
2017-07-01,PROD01744,WH009,149,40,103
2017-07-01,PROD01416,WH006,471,33,102
2017-07-01,PROD01178,WH010,186,55,110
2017-07-01,PROD00387,WH006,132,58,50
2017-07-01,PROD01909,WH005,25,11,35
2017-07-01,PROD00450,WH001,67,13,46
2017-07-01,PROD01956,WH008,214,36,39
2017-07-01,PROD01935,WH009,449,32,29
2017-07-01,PROD01606,WH004,136,7,116
2017-07-01,PROD01926,WH006,403,30,60
2017-07-01,PROD01369,WH002,429,36,52
2017-07-01,PROD01988,WH001,224,78,63
2017-07-01,PROD01317,WH006,117,13,92
2017-07-01,PROD00361,WH003,433,1,35
2017-07-01,PROD01923,WH009,102,71,29
2017-07-01,PROD00981,WH007,15,6,25
2017-07-01,PROD01041,WH006,32,7,78
2017-07-01,PROD01680,WH005,372,16,95
2017-07-01,PROD00785,WH003,235,78,40
2017-07-01,PROD01751,WH007,66,9,39
2017-07-01,PROD00392,WH003,227,68,46
2017-07-01,PROD00207,WH006,65,3,59
2017-07-01,PROD00416,WH002,6,5,24
2017-07-01,PROD00624,WH007,164,54,100
2017-07-01,PROD00977,WH010,296,65,93
2017-07-01,PROD00016,WH008,441,28,104
2017-07-01,PROD00565,WH009,259,79,112
2017-07-01,PROD01847,WH008,18,5,32
2017-07-01,PROD00980,WH004,384,8,48
2017-07-01,PROD01285,WH008,410,60,26
2017-07-01,PROD01854,WH005,366,18,97
2017-07-01,PROD00805,WH010,367,58,29
2017-07-01,PROD00919,WH003,357,65,81
2017-07-01,PROD00921,WH008,358,50,111
2017-07-01,PROD01993,WH004,341,19,67
2017-07-01,PROD00856,WH007,11,5,47
2017-07-01,PROD00859,WH007,436,29,107
2017-07-01,PROD01408,WH010,356,58,55
2017-07-01,PROD00265,WH001,350,78,22
2017-07-01,PROD00885,WH009,126,57,96
2017-07-01,PROD01797,WH009,469,22,78
2017-07-01,PROD00970,WH006,90,56,85
2017-07-01,PROD01390,WH005,292,60,104
2017-07-01,PROD00071,WH006,240,21,70
2017-07-01,PROD00341,WH009,211,68,45
2017-07-01,PROD00562,WH007,362,75,73
2017-07-01,PROD01906,WH003,284,70,25
2017-07-01,PROD00640,WH001,122,22,63
2017-07-01,PROD01835,WH006,5,5,73
2017-07-01,PROD01980,WH004,238,42,109
2017-07-01,PROD01975,WH009,56,19,68
2017-07-01,PROD01071,WH005,97,80,112
2017-07-01,PROD00384,WH001,462,29,54
2017-07-01,PROD01460,WH009,26,25,71
2017-07-01,PROD01688,WH006,470,39,65
2017-07-01,PROD01982,WH005,102,73,36
2017-07-01,PROD00193,WH005,276,63,61
2017-07-01,PROD00344,WH001,338,35,100
2017-07-01,PROD00198,WH005,301,10,114
2017-07-01,PROD00721,WH007,256,57,103
2017-07-01,PROD01228,WH003,164,26,102
2017-07-01,PROD01303,WH009,131,65,38
2017-07-01,PROD00130,WH010,161,31,71
2017-07-01,PROD00626,WH006,490,71,33
2017-07-01,PROD00687,WH003,379,8,40
2017-07-01,PROD01353,WH001,475,31,44
2017-07-01,PROD01677,WH009,450,17,31
2017-07-01,PROD00946,WH008,318,64,60
2017-07-01,PROD01105,WH004,414,38,30
2017-07-01,PROD00991,WH003,138,17,70
2017-07-01,PROD00460,WH006,320,41,29
2017-07-01,PROD00225,WH007,477,76,32
2017-07-01,PROD01660,WH003,213,30,87
2017-07-01,PROD00129,WH003,354,38,61
2017-07-01,PROD00560,WH003,327,37,82
2017-07-01,PROD01199,WH007,106,50,93
2017-07-01,PROD00907,WH001,437,26,43
2017-07-01,PROD01008,WH001,55,12,47
2017-07-01,PROD00889,WH004,358,47,54
2017-07-01,PROD01167,WH006,208,31,58
2017-07-01,PROD00705,WH004,356,62,77
2017-07-01,PROD01141,WH005,101,45,83
2017-07-01,PROD01594,WH003,372,71,61
2017-07-01,PROD01649,WH010,192,4,20
2017-07-01,PROD01924,WH003,20,2,40
2017-07-01,PROD01126,WH010,230,0,82
2017-07-01,PROD00504,WH005,231,77,88
2017-07-01,PROD00693,WH008,414,4,39
2017-07-01,PROD01216,WH002,248,76,51
2017-07-01,PROD01643,WH003,11,6,31
2017-07-01,PROD00304,WH007,444,10,53
2017-07-01,PROD00435,WH010,290,69,86
2017-07-01,PROD00595,WH003,476,55,44
2017-07-01,PROD01309,WH006,439,30,109
2017-07-01,PROD00395,WH009,283,61,86
2017-07-01,PROD00292,WH006,423,52,34
2017-07-01,PROD01148,WH001,36,23,115
2017-07-01,PROD01647,WH008,236,33,29
2017-07-01,PROD00236,WH009,491,72,61
2017-07-01,PROD01333,WH002,241,15,60
2017-07-01,PROD00422,WH004,160,12,72
2017-07-01,PROD01929,WH005,480,50,29
2017-07-01,PROD01526,WH003,85,28,43
2017-07-01,PROD01533,WH003,241,46,76
2017-07-01,PROD00453,WH010,353,0,86
2017-07-01,PROD01604,WH002,214,52,20
2017-07-01,PROD00953,WH005,90,52,115
2017-07-01,PROD01164,WH002,121,28,40
2017-07-01,PROD00823,WH002,237,40,67
2017-07-01,PROD00366,WH003,229,20,70
2017-07-01,PROD00452,WH002,421,56,58
2017-07-01,PROD00044,WH007,318,37,35
2017-07-01,PROD00732,WH007,254,11,55
2017-07-01,PROD01539,WH004,273,64,33
2017-07-01,PROD01893,WH003,341,8,111
2017-07-01,PROD01685,WH002,476,29,45
2017-07-01,PROD01758,WH004,118,8,69
2017-07-01,PROD00108,WH009,358,79,92
2017-07-01,PROD00656,WH009,356,27,64
2017-07-01,PROD00596,WH002,291,64,23
2017-07-01,PROD00153,WH009,157,12,110
2017-07-01,PROD01717,WH010,254,19,44
2017-07-01,PROD01914,WH004,55,26,39
2017-07-01,PROD01763,WH005,92,58,42
2017-07-01,PROD01991,WH006,15,12,98
2017-07-01,PROD01723,WH003,54,4,60
2017-07-01,PROD01590,WH001,488,36,41
2017-07-01,PROD00617,WH002,87,6,82
2017-07-01,PROD01603,WH005,420,13,66
2017-07-01,PROD00807,WH009,320,69,112
2017-07-01,PROD01024,WH005,316,64,103
2017-07-01,PROD01256,WH009,494,77,94
2017-07-01,PROD00085,WH010,9,5,110
2017-07-01,PROD00233,WH006,341,18,84
2017-07-01,PROD01736,WH010,187,6,108
2017-07-01,PROD01997,WH006,48,9,24
2017-07-01,PROD01869,WH001,303,31,75
2017-07-01,PROD00030,WH002,443,64,52
2017-07-01,PROD00706,WH006,381,7,94
2017-07-01,PROD00546,WH005,306,74,67
2017-07-01,PROD01040,WH003,164,48,81
2017-07-01,PROD00870,WH009,131,11,55
2017-07-01,PROD00380,WH004,38,8,104
2017-07-01,PROD01177,WH001,28,20,49
2017-07-01,PROD00612,WH009,159,46,26
2017-07-01,PROD00009,WH004,235,4,36
2017-07-01,PROD01823,WH003,491,69,100
2017-07-01,PROD01884,WH003,365,20,114
2017-07-01,PROD01102,WH009,496,50,107
2017-07-01,PROD01728,WH003,293,24,70
2017-07-01,PROD00835,WH009,408,13,114
2017-07-01,PROD01883,WH009,224,74,62
2017-07-01,PROD01171,WH002,207,17,90
2017-07-01,PROD00128,WH005,458,1,60
2017-07-01,PROD00728,WH003,137,34,120
2017-07-01,PROD01132,WH009,148,55,111
2017-07-01,PROD01321,WH001,70,20,70
2017-07-01,PROD00369,WH007,393,50,92
2017-07-01,PROD00149,WH009,275,65,66
2017-07-01,PROD01026,WH003,258,5,116
2017-07-01,PROD00713,WH010,351,16,42
2017-07-01,PROD00441,WH009,201,5,118
2017-07-01,PROD01159,WH001,52,29,108
2017-07-01,PROD01645,WH002,149,18,110
2017-07-01,PROD00678,WH001,52,11,73
2017-07-01,PROD01278,WH003,429,31,80
2017-07-01,PROD00899,WH004,480,39,39
2017-07-01,PROD01949,WH004,394,5,112
2017-07-01,PROD01610,WH007,43,15,51
2017-07-01,PROD01030,WH008,156,18,57
2017-07-01,PROD01403,WH010,162,39,28
2017-07-01,PROD01496,WH006,353,55,25
2017-07-01,PROD01291,WH002,127,54,45
2017-07-01,PROD00042,WH010,10,8,66
2017-07-01,PROD01144,WH005,242,33,75
2017-07-01,PROD00297,WH008,333,45,29
2017-07-01,PROD00727,WH005,498,69,89
2017-07-01,PROD01859,WH006,37,22,40
2017-07-01,PROD01468,WH008,233,26,43
2017-07-01,PROD01616,WH004,284,5,38
2017-07-01,PROD00378,WH001,31,16,56
2017-07-01,PROD01320,WH010,100,29,33
2017-07-01,PROD00764,WH010,184,26,67
2017-07-01,PROD00597,WH001,197,15,99
2017-07-01,PROD01947,WH008,290,78,69
2017-07-01,PROD01093,WH002,409,21,61
2017-07-01,PROD00594,WH005,396,53,38
2017-07-01,PROD01683,WH010,355,20,21
2017-07-01,PROD00215,WH009,230,32,37
2017-07-01,PROD00676,WH004,469,22,37
2017-07-01,PROD01901,WH008,167,65,118
2017-07-01,PROD01319,WH002,440,63,77
2017-07-01,PROD01119,WH008,130,8,112
2017-07-01,PROD01387,WH010,73,56,27
2017-07-01,PROD01681,WH004,70,19,48
2017-07-01,PROD00226,WH002,180,40,116
2017-07-01,PROD00079,WH001,429,12,57
2017-07-01,PROD01327,WH007,129,45,56
2017-07-01,PROD01182,WH005,190,75,105
2017-07-01,PROD00012,WH004,234,56,61
2017-07-01,PROD00605,WH008,220,28,25
2017-07-01,PROD00396,WH005,336,80,110
2017-07-01,PROD01798,WH010,369,3,57
2017-07-01,PROD00925,WH007,84,31,30
2017-07-01,PROD00880,WH003,303,68,52
2017-07-01,PROD01667,WH010,56,1,50
2017-07-01,PROD01794,WH009,156,62,70
2017-07-01,PROD01376,WH001,229,57,41
2017-07-01,PROD01701,WH009,381,71,37
2017-07-01,PROD00698,WH003,320,23,45
2017-07-01,PROD01655,WH006,117,19,23
2017-07-01,PROD00235,WH005,280,11,92
2017-07-01,PROD00205,WH005,129,77,110
2017-07-01,PROD01741,WH002,90,34,45
2017-07-01,PROD00655,WH007,192,32,28
2017-07-01,PROD00496,WH004,325,53,97
2017-07-01,PROD01052,WH008,421,60,58
2017-07-01,PROD00695,WH010,340,17,89
2017-07-01,PROD00960,WH008,228,36,33
2017-07-01,PROD01344,WH001,491,46,93
2017-07-01,PROD00541,WH002,75,44,23
2017-07-01,PROD01578,WH005,259,53,97
2017-07-01,PROD00843,WH008,139,41,114
2017-07-01,PROD01748,WH007,294,7,111
2017-07-01,PROD01155,WH009,12,6,69
2017-07-01,PROD01779,WH010,39,19,36
2017-07-01,PROD01020,WH010,26,10,33
2017-07-01,PROD00332,WH001,482,60,92
2017-07-01,PROD01072,WH003,69,69,76
2017-07-01,PROD00639,WH002,153,24,112
2017-07-01,PROD00049,WH006,289,15,29
2017-07-01,PROD00204,WH007,398,21,85
2017-07-01,PROD01473,WH003,176,3,54
2017-07-01,PROD01065,WH001,419,69,20
2017-07-01,PROD00034,WH009,496,73,79
2017-07-01,PROD00432,WH006,297,42,62
2017-07-01,PROD01535,WH001,358,73,75
2017-07-01,PROD01774,WH006,245,7,113
2017-07-01,PROD01233,WH005,127,6,91
2017-07-01,PROD01944,WH003,404,51,89
2017-07-01,PROD01955,WH009,499,41,108
2017-07-01,PROD01295,WH003,256,50,99
2017-07-01,PROD00434,WH001,420,20,66
2017-07-01,PROD01266,WH004,197,37,30
2017-07-01,PROD00218,WH005,453,71,96
2017-07-01,PROD00403,WH004,45,45,34
2017-07-01,PROD01185,WH005,401,29,66
2017-07-01,PROD00076,WH005,349,57,96
2017-07-01,PROD01837,WH003,26,7,87
2017-07-01,PROD00667,WH008,413,18,21
2017-07-01,PROD01775,WH006,178,34,78
2017-07-01,PROD00720,WH001,403,57,98
2017-07-01,PROD01524,WH005,246,24,107
2017-07-01,PROD01876,WH004,110,49,99
2017-07-01,PROD01435,WH007,391,39,119
2017-07-01,PROD01670,WH006,151,36,102
2017-07-01,PROD01475,WH005,426,7,62
2017-07-01,PROD00509,WH008,61,31,111
2017-07-01,PROD01466,WH004,326,57,114
2017-07-01,PROD01555,WH009,346,15,77
2017-07-01,PROD01130,WH006,271,51,59
2017-07-01,PROD01950,WH002,51,0,119
2017-07-01,PROD01506,WH005,462,69,45
2017-07-01,PROD01294,WH003,235,79,24
2017-07-01,PROD00952,WH007,435,39,34
2017-07-01,PROD00068,WH010,196,16,77
2017-07-01,PROD00688,WH010,104,71,102
2017-07-01,PROD01910,WH004,437,6,21
2017-07-01,PROD01174,WH003,407,19,102
2017-07-01,PROD00182,WH006,81,72,104
2017-07-01,PROD01838,WH004,423,51,96
2017-07-01,PROD01969,WH010,335,36,29
2017-07-01,PROD00457,WH008,198,4,92
2017-07-01,PROD00842,WH002,11,1,99
2017-07-01,PROD00339,WH001,356,23,119
2017-07-01,PROD01284,WH010,217,1,37
2017-07-01,PROD01672,WH004,335,54,93
2017-07-01,PROD01345,WH004,397,71,48
2017-07-01,PROD00415,WH007,74,25,31
2017-07-01,PROD01249,WH003,435,68,90
2017-07-01,PROD01202,WH005,282,52,59
2017-07-01,PROD00760,WH003,113,33,29
2017-07-01,PROD01942,WH001,35,32,117
2017-07-01,PROD00023,WH008,202,38,85
2017-07-01,PROD00550,WH007,75,26,38
2017-07-01,PROD01870,WH007,422,1,39
2017-07-01,PROD00707,WH002,291,4,91
2017-07-01,PROD00967,WH006,35,4,48
2017-07-01,PROD00242,WH003,355,74,61
2017-07-01,PROD01564,WH004,159,0,78
2017-07-01,PROD01889,WH010,62,14,47
2017-07-01,PROD01151,WH004,375,44,71
2017-07-01,PROD01764,WH009,405,62,26
2017-07-01,PROD00684,WH005,249,4,30
2017-07-01,PROD00650,WH009,34,20,47
2017-07-01,PROD00937,WH005,72,53,100
2017-07-01,PROD00614,WH001,170,54,96
2017-07-01,PROD01931,WH002,232,22,113
2017-07-01,PROD00746,WH002,192,33,76
2017-07-01,PROD01513,WH005,410,12,63
2017-07-01,PROD01600,WH003,440,69,55
2017-07-01,PROD00499,WH008,385,48,68
2017-07-01,PROD00710,WH004,107,16,37
2017-07-01,PROD00307,WH002,23,19,92
2017-07-01,PROD00103,WH004,266,67,115
2017-07-01,PROD00957,WH002,479,61,100
2017-07-01,PROD00052,WH005,177,40,64
2017-07-01,PROD00363,WH007,89,22,52
2017-07-01,PROD00394,WH006,54,22,48
2017-07-01,PROD00337,WH002,375,72,101
2017-07-01,PROD00580,WH007,102,26,26
2017-07-01,PROD00986,WH007,482,61,79
2017-07-01,PROD01281,WH001,129,55,120
2017-07-01,PROD01769,WH001,195,30,61
2017-07-01,PROD01186,WH004,487,64,88
2017-07-01,PROD00471,WH003,392,61,57
2017-07-01,PROD01241,WH009,324,75,40
2017-07-01,PROD01054,WH009,100,43,53
2017-07-01,PROD00144,WH008,37,33,74
2017-07-01,PROD01781,WH009,207,32,77
2017-07-01,PROD00170,WH006,365,12,84
2017-07-01,PROD01467,WH010,381,26,97
2017-07-01,PROD01653,WH002,77,72,51
2017-07-01,PROD01312,WH009,492,52,90
2017-07-01,PROD01563,WH003,433,59,58
2017-07-01,PROD00140,WH009,304,77,31
2017-07-01,PROD00955,WH007,47,36,30
2017-07-01,PROD01445,WH004,396,0,75
2017-07-01,PROD00868,WH001,182,1,94
2017-07-01,PROD01920,WH001,489,13,115
2017-07-01,PROD00183,WH006,64,48,106
2017-07-01,PROD01523,WH008,484,68,82
2017-07-01,PROD01463,WH010,304,55,118
2017-07-01,PROD00188,WH006,374,50,38
2017-07-01,PROD01962,WH002,438,22,55
2017-07-01,PROD01146,WH001,476,26,101
2017-07-01,PROD01554,WH010,126,73,103
2017-07-01,PROD01921,WH001,421,43,65
2017-07-01,PROD00675,WH009,227,42,92
2017-07-01,PROD00908,WH001,372,13,25
2017-07-01,PROD01812,WH007,268,45,48
2017-07-01,PROD00437,WH004,365,8,105
2017-07-01,PROD00860,WH009,266,24,21
2017-07-01,PROD01227,WH008,147,24,47
2017-07-01,PROD01279,WH010,90,54,39
2017-07-01,PROD00602,WH003,294,4,76
2017-07-01,PROD01912,WH005,58,13,107
2017-07-01,PROD00644,WH006,121,21,78
2017-07-01,PROD01573,WH008,13,12,80
2017-07-01,PROD00461,WH010,342,42,106
2017-07-01,PROD00334,WH003,244,40,47
2017-07-01,PROD01461,WH006,447,17,60
2017-07-01,PROD01335,WH007,11,5,104
2017-07-01,PROD00539,WH004,232,68,44
2017-07-01,PROD01843,WH004,278,38,112
2017-07-01,PROD00264,WH009,393,10,62
2017-07-01,PROD00819,WH005,216,26,33
2017-07-01,PROD01337,WH003,352,79,96
2017-07-01,PROD01711,WH003,339,59,103
2017-07-01,PROD00087,WH009,440,25,88
2017-07-01,PROD01831,WH001,256,17,116
2017-07-01,PROD00430,WH007,261,69,20
2017-07-01,PROD01423,WH008,118,51,42
2017-07-01,PROD01768,WH003,188,9,42
2017-07-01,PROD01986,WH008,377,51,88
2017-07-01,PROD00038,WH004,322,51,83
2017-07-01,PROD01085,WH008,77,32,112
2017-07-01,PROD01110,WH002,338,1,88
2017-07-01,PROD00813,WH007,444,51,45
2017-07-01,PROD00649,WH004,230,54,44
2017-07-01,PROD01932,WH008,352,4,110
2017-07-01,PROD00723,WH007,166,5,70
2017-07-01,PROD01032,WH006,24,5,45
2017-07-01,PROD00689,WH005,444,27,87
2017-07-01,PROD01329,WH002,416,45,53
2017-07-01,PROD01609,WH008,22,5,98
2017-07-01,PROD00858,WH009,258,39,105
2017-07-01,PROD00131,WH003,80,35,45
2017-07-01,PROD00674,WH004,74,64,112
2017-07-01,PROD01107,WH007,80,50,48
2017-07-01,PROD01887,WH005,415,23,87
2017-07-01,PROD00270,WH004,86,17,34
2017-07-01,PROD01627,WH006,35,5,48
2017-07-01,PROD01699,WH003,442,66,53
2017-07-01,PROD00356,WH006,423,7,89
2017-07-01,PROD01457,WH005,260,27,31
2017-07-01,PROD00412,WH009,115,38,105
2017-07-01,PROD00272,WH004,90,9,21
2017-07-01,PROD00176,WH010,478,38,108
2017-07-01,PROD00974,WH001,312,48,102
2017-07-01,PROD01651,WH003,289,74,95
2017-07-01,PROD00021,WH008,433,15,68
2017-07-01,PROD01644,WH004,251,28,95
2017-07-01,PROD00692,WH001,286,54,86
2017-07-01,PROD00282,WH006,0,0,66
2017-07-01,PROD01642,WH007,188,61,44
2017-07-01,PROD00401,WH007,474,78,111
2017-07-01,PROD00195,WH006,395,32,47
2017-07-01,PROD01049,WH008,62,39,61
2017-07-01,PROD00552,WH005,86,23,35
2017-07-01,PROD01370,WH003,470,28,97
2017-07-01,PROD01985,WH004,260,58,92
2017-07-01,PROD00520,WH003,416,25,39
2017-07-01,PROD01773,WH004,379,5,96
2017-07-01,PROD00666,WH001,178,30,59
2017-07-01,PROD01275,WH007,374,16,114
2017-07-01,PROD01396,WH005,440,9,51
2017-07-01,PROD00817,WH009,389,54,115
2017-07-01,PROD00551,WH010,315,3,30
2017-07-01,PROD01240,WH006,228,1,92
2017-07-01,PROD01269,WH001,46,35,76
2017-07-01,PROD00664,WH003,150,30,52
2017-07-01,PROD00886,WH006,29,22,34
2017-07-01,PROD00069,WH001,449,48,53
2017-07-01,PROD00217,WH003,60,22,57
2017-07-01,PROD01192,WH008,464,14,57
2017-07-01,PROD01204,WH007,495,61,44
2017-07-01,PROD01382,WH009,190,65,118
2017-07-01,PROD01738,WH003,225,34,34
2017-07-01,PROD01017,WH009,480,80,22
2017-07-01,PROD00927,WH009,307,54,50
2017-07-01,PROD00989,WH007,144,22,47
2017-07-01,PROD00445,WH009,423,78,43
2017-07-01,PROD00074,WH006,245,64,44
2017-07-01,PROD01120,WH007,319,34,95
2017-07-01,PROD00938,WH009,386,41,54
2017-07-01,PROD01525,WH008,54,22,87
2017-07-01,PROD00486,WH009,178,69,118
2017-07-01,PROD01262,WH005,260,71,22
2017-07-01,PROD01451,WH001,75,6,21
2017-07-01,PROD01346,WH003,439,61,89
2017-07-01,PROD01757,WH004,321,32,78
2017-07-01,PROD00911,WH001,107,1,50
2017-07-01,PROD00767,WH009,299,33,82
2017-07-01,PROD01566,WH007,165,80,30
2017-07-01,PROD01310,WH010,146,61,99
2017-07-01,PROD01851,WH001,400,15,103
2017-07-01,PROD00584,WH008,462,57,94
2017-07-01,PROD01042,WH009,291,68,109
2017-07-01,PROD01400,WH007,291,21,109
2017-07-01,PROD00700,WH006,325,71,66
2017-07-01,PROD00400,WH003,363,0,114
2017-07-01,PROD01766,WH008,416,35,110
2017-07-01,PROD01326,WH006,163,26,98
2017-07-01,PROD00293,WH003,17,9,74
2017-07-01,PROD01418,WH007,238,1,95
2017-07-01,PROD00228,WH003,220,22,88
2017-07-01,PROD01821,WH002,344,51,54
2017-07-01,PROD00601,WH003,407,43,86
2017-07-01,PROD01597,WH009,465,51,77
2017-08-01,PROD01841,WH005,255,1,74
2017-08-01,PROD01713,WH006,58,55,80
2017-08-01,PROD00505,WH002,139,68,45
2017-08-01,PROD01139,WH007,388,31,80
2017-08-01,PROD00163,WH002,265,29,94
2017-08-01,PROD01884,WH004,95,19,34
2017-08-01,PROD00597,WH004,484,36,98
2017-08-01,PROD01104,WH006,236,76,26
2017-08-01,PROD00897,WH002,435,41,76
2017-08-01,PROD01540,WH002,170,7,80
2017-08-01,PROD00625,WH010,406,25,88
2017-08-01,PROD00050,WH009,36,23,55
2017-08-01,PROD01682,WH005,92,69,59
2017-08-01,PROD01217,WH004,191,38,113
2017-08-01,PROD00176,WH003,21,21,43
2017-08-01,PROD01622,WH005,104,0,102
2017-08-01,PROD00074,WH005,239,16,79
2017-08-01,PROD01412,WH004,111,25,77
2017-08-01,PROD01518,WH003,60,59,82
2017-08-01,PROD00831,WH008,38,4,20
2017-08-01,PROD00706,WH003,365,66,106
2017-08-01,PROD00708,WH002,161,50,68
2017-08-01,PROD00067,WH005,461,47,23
2017-08-01,PROD01511,WH003,431,21,31
2017-08-01,PROD00045,WH007,267,60,72
2017-08-01,PROD01001,WH009,209,49,31
2017-08-01,PROD00701,WH003,14,4,76
2017-08-01,PROD00816,WH009,258,70,75
2017-08-01,PROD01179,WH008,146,30,93
2017-08-01,PROD00412,WH001,497,42,94
2017-08-01,PROD00494,WH006,122,24,83
2017-08-01,PROD01245,WH005,469,76,32
2017-08-01,PROD00604,WH003,269,59,23
2017-08-01,PROD01225,WH009,373,9,39
2017-08-01,PROD00408,WH009,247,77,26
2017-08-01,PROD00367,WH004,453,72,55
2017-08-01,PROD00562,WH006,279,59,60
2017-08-01,PROD01665,WH010,10,5,70
2017-08-01,PROD01318,WH009,338,41,85
2017-08-01,PROD01925,WH010,365,6,114
2017-08-01,PROD01510,WH002,320,57,44
2017-08-01,PROD00427,WH004,435,1,38
2017-08-01,PROD00912,WH007,268,43,47
2017-08-01,PROD01403,WH010,182,41,23
2017-08-01,PROD00042,WH005,141,50,92
2017-08-01,PROD01222,WH010,221,11,115
2017-08-01,PROD01352,WH009,484,55,110
2017-08-01,PROD00493,WH002,387,27,120
2017-08-01,PROD00753,WH002,412,24,22
2017-08-01,PROD00870,WH003,68,38,28
2017-08-01,PROD00738,WH002,22,12,88
2017-08-01,PROD00721,WH007,182,45,81
2017-08-01,PROD01954,WH008,377,71,94
2017-08-01,PROD00943,WH005,457,36,40
2017-08-01,PROD01342,WH001,84,77,114
2017-08-01,PROD01084,WH001,282,47,55
2017-08-01,PROD01279,WH003,482,50,120
2017-08-01,PROD01614,WH006,194,5,85
2017-08-01,PROD00547,WH001,142,47,68
2017-08-01,PROD00623,WH003,451,7,63
2017-08-01,PROD00267,WH006,403,46,43
2017-08-01,PROD01369,WH007,347,73,76
2017-08-01,PROD00631,WH009,306,55,28
2017-08-01,PROD01232,WH009,425,24,51
2017-08-01,PROD00300,WH008,184,11,56
2017-08-01,PROD00986,WH004,157,40,51
2017-08-01,PROD01720,WH001,25,20,29
2017-08-01,PROD00528,WH003,205,67,24
2017-08-01,PROD01825,WH004,186,57,49
2017-08-01,PROD01874,WH007,213,36,80
2017-08-01,PROD00908,WH009,319,1,83
2017-08-01,PROD00726,WH004,402,58,33
2017-08-01,PROD00857,WH004,374,2,53
2017-08-01,PROD00008,WH001,259,10,115
2017-08-01,PROD00025,WH003,76,74,79
2017-08-01,PROD01500,WH001,199,72,115
2017-08-01,PROD00588,WH010,88,75,44
2017-08-01,PROD01300,WH004,260,70,39
2017-08-01,PROD01404,WH005,80,66,62
2017-08-01,PROD01247,WH001,355,25,84
2017-08-01,PROD01534,WH004,426,64,68
2017-08-01,PROD01153,WH003,272,53,60
2017-08-01,PROD00273,WH009,8,5,27
2017-08-01,PROD00614,WH009,449,67,22
2017-08-01,PROD01182,WH005,242,9,32
2017-08-01,PROD01349,WH002,226,31,87
2017-08-01,PROD01573,WH009,324,43,62
2017-08-01,PROD00031,WH008,16,1,112
2017-08-01,PROD01142,WH004,443,13,116
2017-08-01,PROD00838,WH007,393,74,57
2017-08-01,PROD01449,WH001,448,8,61
2017-08-01,PROD00826,WH001,239,79,66
2017-08-01,PROD00843,WH009,136,30,47
2017-08-01,PROD01074,WH001,292,68,104
2017-08-01,PROD01960,WH010,370,62,27
2017-08-01,PROD00306,WH002,176,27,46
2017-08-01,PROD00764,WH009,342,72,76
2017-08-01,PROD00473,WH010,75,53,56
2017-08-01,PROD01261,WH002,56,37,72
2017-08-01,PROD00478,WH002,414,40,38
2017-08-01,PROD00611,WH005,281,1,114
2017-08-01,PROD00901,WH007,383,58,116
2017-08-01,PROD00194,WH007,151,75,55
2017-08-01,PROD00142,WH003,445,34,105
2017-08-01,PROD00400,WH005,424,15,106
2017-08-01,PROD00010,WH001,486,3,79
2017-08-01,PROD01580,WH010,449,57,30
2017-08-01,PROD01766,WH003,244,6,41
2017-08-01,PROD00569,WH007,246,12,21
2017-08-01,PROD01206,WH007,107,3,37
2017-08-01,PROD00228,WH010,283,41,26
2017-08-01,PROD01731,WH001,248,9,70
2017-08-01,PROD00602,WH005,138,53,38
2017-08-01,PROD00255,WH003,222,57,62
2017-08-01,PROD00453,WH005,76,42,21
2017-08-01,PROD01480,WH008,224,15,70
2017-08-01,PROD01495,WH001,18,1,93
2017-08-01,PROD00950,WH007,113,6,95
2017-08-01,PROD00302,WH010,201,80,60
2017-08-01,PROD01747,WH008,490,44,83
2017-08-01,PROD00075,WH004,24,18,76
2017-08-01,PROD00695,WH010,443,45,74
2017-08-01,PROD01873,WH003,306,14,78
2017-08-01,PROD01406,WH005,259,17,92
2017-08-01,PROD00847,WH003,144,11,116
2017-08-01,PROD01039,WH004,459,28,71
2017-08-01,PROD00683,WH007,83,8,80
2017-08-01,PROD01877,WH002,45,21,25
2017-08-01,PROD00939,WH007,451,61,72
2017-08-01,PROD01523,WH005,32,12,32
2017-08-01,PROD01434,WH004,355,75,116
2017-08-01,PROD01068,WH006,388,55,102
2017-08-01,PROD01138,WH004,88,51,107
2017-08-01,PROD01106,WH001,218,29,119
2017-08-01,PROD01987,WH007,217,18,111
2017-08-01,PROD01813,WH003,328,58,88
2017-08-01,PROD01073,WH005,327,61,68
2017-08-01,PROD00684,WH010,443,27,86
2017-08-01,PROD00526,WH002,484,43,117
2017-08-01,PROD01134,WH002,467,65,118
2017-08-01,PROD00098,WH008,345,74,117
2017-08-01,PROD01371,WH007,104,43,48
2017-08-01,PROD00872,WH009,348,15,71
2017-08-01,PROD00768,WH007,20,17,102
2017-08-01,PROD00690,WH006,0,0,97
2017-08-01,PROD01521,WH010,68,4,57
2017-08-01,PROD01952,WH002,147,4,30
2017-08-01,PROD01691,WH009,309,75,91
2017-08-01,PROD00497,WH008,0,0,47
2017-08-01,PROD01148,WH001,491,4,37
2017-08-01,PROD01310,WH006,270,37,71
2017-08-01,PROD01407,WH006,186,1,58
2017-08-01,PROD01071,WH004,312,7,44
2017-08-01,PROD00506,WH005,118,0,93
2017-08-01,PROD01761,WH001,262,38,101
2017-08-01,PROD00088,WH005,346,79,104
2017-08-01,PROD00146,WH009,311,21,49
2017-08-01,PROD01818,WH009,23,17,97
2017-08-01,PROD00714,WH007,12,6,82
2017-08-01,PROD00963,WH007,253,15,67
2017-08-01,PROD01016,WH009,483,67,90
2017-08-01,PROD01735,WH009,438,36,96
2017-08-01,PROD00343,WH002,159,8,83
2017-08-01,PROD01910,WH007,57,33,93
2017-08-01,PROD01592,WH004,347,29,37
2017-08-01,PROD01220,WH001,14,8,79
2017-08-01,PROD01092,WH006,416,62,30
2017-08-01,PROD00264,WH002,134,35,48
2017-08-01,PROD00298,WH006,83,56,58
2017-08-01,PROD00122,WH006,457,0,65
2017-08-01,PROD01199,WH001,161,47,26
2017-08-01,PROD00791,WH007,194,43,72
2017-08-01,PROD00730,WH002,112,12,111
2017-08-01,PROD01839,WH007,341,60,28
2017-08-01,PROD00501,WH007,264,25,49
2017-08-01,PROD01802,WH009,23,5,54
2017-08-01,PROD01050,WH006,258,77,86
2017-08-01,PROD00792,WH007,455,80,106
2017-08-01,PROD01270,WH003,291,6,115
2017-08-01,PROD01401,WH007,98,28,38
2017-08-01,PROD01226,WH010,22,18,86
2017-08-01,PROD01708,WH007,214,57,75
2017-08-01,PROD00315,WH004,484,26,30
2017-08-01,PROD01496,WH006,417,39,52
2017-08-01,PROD00563,WH001,53,16,22
2017-08-01,PROD01757,WH002,172,71,63
2017-08-01,PROD01095,WH009,91,56,48
2017-08-01,PROD00590,WH001,328,22,46
2017-08-01,PROD01836,WH002,32,13,24
2017-08-01,PROD00960,WH008,158,74,68
2017-08-01,PROD00932,WH005,272,1,109
2017-08-01,PROD01273,WH001,184,27,59
2017-08-01,PROD00537,WH003,39,17,55
2017-08-01,PROD00918,WH008,338,65,30
2017-08-01,PROD01195,WH005,265,62,90
2017-08-01,PROD00848,WH009,412,17,106
2017-08-01,PROD01904,WH009,495,57,77
2017-08-01,PROD01150,WH004,122,16,36
2017-08-01,PROD01466,WH001,218,37,82
2017-08-01,PROD01149,WH007,424,55,51
2017-08-01,PROD00673,WH006,485,50,47
2017-08-01,PROD00846,WH006,357,17,61
2017-08-01,PROD01895,WH004,146,53,29
2017-08-01,PROD01576,WH010,86,68,53
2017-08-01,PROD01331,WH003,367,62,77
2017-08-01,PROD01183,WH007,83,53,25
2017-08-01,PROD00507,WH003,497,49,20
2017-08-01,PROD00084,WH006,228,65,54
2017-08-01,PROD01045,WH010,272,34,66
2017-08-01,PROD00198,WH007,392,64,75
2017-08-01,PROD01760,WH010,212,72,72
2017-08-01,PROD00285,WH003,293,34,111
2017-08-01,PROD00893,WH005,366,25,65
2017-08-01,PROD01536,WH010,240,47,89
2017-08-01,PROD00168,WH002,495,59,74
2017-08-01,PROD01088,WH004,466,70,71
2017-08-01,PROD01201,WH008,217,64,26
2017-08-01,PROD00230,WH007,29,19,103
2017-08-01,PROD00808,WH009,495,62,72
2017-08-01,PROD01286,WH008,351,61,81
2017-08-01,PROD01343,WH006,233,57,20
2017-08-01,PROD01907,WH010,438,37,62
2017-08-01,PROD00837,WH002,37,17,72
2017-08-01,PROD01451,WH005,197,69,35
2017-08-01,PROD01115,WH007,70,8,61
2017-08-01,PROD00656,WH006,135,0,55
2017-08-01,PROD01471,WH005,447,47,83
2017-08-01,PROD01482,WH001,180,39,76
2017-08-01,PROD00366,WH001,202,43,83
2017-08-01,PROD01317,WH007,326,54,102
2017-08-01,PROD01546,WH006,490,9,110
2017-08-01,PROD01167,WH010,279,73,118
2017-08-01,PROD01585,WH004,359,62,68
2017-08-01,PROD00026,WH001,282,68,109
2017-08-01,PROD00881,WH007,363,12,83
2017-08-01,PROD01242,WH007,427,0,120
2017-08-01,PROD01582,WH001,8,5,40
2017-08-01,PROD00289,WH006,366,68,78
2017-08-01,PROD00271,WH002,446,16,26
2017-08-01,PROD00854,WH009,440,21,61
2017-08-01,PROD01502,WH008,103,51,107
2017-08-01,PROD01147,WH002,262,54,26
2017-08-01,PROD00153,WH009,218,32,81
2017-08-01,PROD00127,WH001,256,32,83
2017-08-01,PROD01469,WH001,434,60,36
2017-08-01,PROD01942,WH005,121,57,119
2017-08-01,PROD00358,WH004,453,7,24
2017-08-01,PROD00319,WH001,151,52,26
2017-08-01,PROD01375,WH010,146,4,111
2017-08-01,PROD00580,WH003,423,39,28
2017-08-01,PROD00699,WH005,360,45,25
2017-08-01,PROD00170,WH005,379,65,46
2017-08-01,PROD01203,WH007,402,7,58
2017-08-01,PROD00193,WH007,69,42,91
2017-08-01,PROD01956,WH010,54,27,95
2017-08-01,PROD00130,WH003,400,76,68
2017-08-01,PROD00548,WH005,290,51,111
2017-08-01,PROD01312,WH001,142,26,74
2017-08-01,PROD01105,WH002,260,47,109
2017-08-01,PROD01156,WH007,419,52,108
2017-08-01,PROD01243,WH006,358,58,32
2017-08-01,PROD01591,WH009,385,24,40
2017-08-01,PROD00783,WH004,308,50,66
2017-08-01,PROD01746,WH009,476,13,31
2017-08-01,PROD00841,WH006,323,18,91
2017-08-01,PROD00686,WH005,65,40,27
2017-08-01,PROD00559,WH001,402,56,64
2017-08-01,PROD00530,WH004,466,2,83
2017-08-01,PROD01489,WH003,392,65,37
2017-08-01,PROD01474,WH004,147,27,118
2017-08-01,PROD01508,WH010,5,3,64
2017-08-01,PROD01816,WH010,122,14,25
2017-08-01,PROD01433,WH010,359,17,76
2017-08-01,PROD01567,WH007,33,15,48
2017-08-01,PROD01943,WH008,22,0,112
2017-08-01,PROD00076,WH006,284,4,114
2017-08-01,PROD01840,WH004,122,1,96
2017-08-01,PROD00342,WH006,249,56,30
2017-08-01,PROD00886,WH004,28,1,37
2017-08-01,PROD00535,WH008,237,15,68
2017-08-01,PROD00903,WH009,48,27,35
2017-08-01,PROD00368,WH003,395,7,74
2017-08-01,PROD01595,WH008,368,33,20
2017-08-01,PROD01781,WH001,254,77,20
2017-08-01,PROD00436,WH006,164,4,74
2017-08-01,PROD01782,WH009,177,43,47
2017-08-01,PROD00839,WH005,337,61,27
2017-08-01,PROD01647,WH005,59,4,107
2017-08-01,PROD00755,WH004,218,20,69
2017-08-01,PROD01308,WH003,30,0,57
2017-08-01,PROD01681,WH005,328,17,72
2017-08-01,PROD01560,WH008,107,18,39
2017-08-01,PROD01750,WH008,76,34,49
2017-08-01,PROD01709,WH004,302,66,117
2017-08-01,PROD01415,WH001,91,7,46
2017-08-01,PROD01513,WH004,69,36,37
2017-08-01,PROD01458,WH008,12,10,113
2017-08-01,PROD00234,WH010,317,37,42
2017-08-01,PROD00524,WH005,239,3,83
2017-08-01,PROD00849,WH008,426,16,51
2017-08-01,PROD01251,WH007,420,74,34
2017-08-01,PROD00065,WH003,271,5,113
2017-08-01,PROD01334,WH009,185,74,95
2017-08-01,PROD00842,WH004,328,62,60
2017-08-01,PROD00286,WH008,262,52,50
2017-08-01,PROD01391,WH002,498,66,55
2017-08-01,PROD01662,WH009,39,11,90
2017-08-01,PROD00069,WH007,291,77,36
2017-08-01,PROD00380,WH002,228,33,58
2017-08-01,PROD01950,WH003,204,42,33
2017-08-01,PROD01254,WH001,413,26,54
2017-08-01,PROD00171,WH003,54,1,75
2017-08-01,PROD01612,WH008,432,28,39
2017-08-01,PROD01605,WH010,386,17,62
2017-08-01,PROD01687,WH003,153,78,80
2017-08-01,PROD00447,WH010,394,63,33
2017-08-01,PROD00476,WH001,429,19,47
2017-08-01,PROD00184,WH009,414,23,21
2017-08-01,PROD00996,WH010,151,51,88
2017-08-01,PROD01456,WH006,112,40,82
2017-08-01,PROD01934,WH003,15,5,61
2017-08-01,PROD00320,WH005,463,60,94
2017-08-01,PROD01043,WH009,34,20,43
2017-08-01,PROD00862,WH002,355,37,21
2017-08-01,PROD01475,WH002,146,49,93
2017-08-01,PROD01855,WH008,159,64,101
2017-08-01,PROD01805,WH006,430,73,118
2017-08-01,PROD01307,WH001,2,0,70
2017-08-01,PROD00523,WH006,135,43,89
2017-08-01,PROD00859,WH003,75,60,88
2017-08-01,PROD00314,WH006,347,34,55
2017-08-01,PROD01931,WH010,42,38,99
2017-08-01,PROD01238,WH010,488,9,87
2017-08-01,PROD00161,WH007,32,7,90
2017-08-01,PROD00835,WH001,87,14,46
2017-08-01,PROD01656,WH003,473,21,35
2017-08-01,PROD00812,WH009,359,49,21
2017-08-01,PROD01227,WH007,437,4,43
2017-08-01,PROD01216,WH005,247,67,112
2017-08-01,PROD01027,WH010,1,0,44
2017-08-01,PROD00985,WH005,47,17,97
2017-08-01,PROD00301,WH003,34,14,114
2017-08-01,PROD00269,WH004,445,23,29
2017-08-01,PROD01305,WH007,496,52,112
2017-08-01,PROD01235,WH006,363,14,43
2017-08-01,PROD01843,WH004,490,48,116
2017-08-01,PROD01324,WH007,448,30,29
2017-08-01,PROD01889,WH008,94,41,64
2017-08-01,PROD00827,WH010,458,5,86
2017-08-01,PROD00328,WH009,294,56,71
2017-08-01,PROD00290,WH008,26,11,64
2017-08-01,PROD00626,WH007,377,49,86
2017-08-01,PROD00585,WH007,483,30,98
2017-08-01,PROD00399,WH007,256,18,105
2017-08-01,PROD01983,WH009,15,8,32
2017-08-01,PROD00458,WH004,68,56,48
2017-08-01,PROD01688,WH007,448,66,103
2017-08-01,PROD00659,WH009,190,27,25
2017-08-01,PROD00925,WH003,189,13,109
2017-08-01,PROD01611,WH008,321,79,26
2017-08-01,PROD01703,WH006,300,20,42
2017-08-01,PROD01947,WH007,245,16,116
2017-08-01,PROD01921,WH008,59,10,89
2017-08-01,PROD01526,WH006,88,71,111
2017-08-01,PROD01618,WH001,293,62,109
2017-08-01,PROD01693,WH003,466,49,27
2017-08-01,PROD00757,WH004,11,9,119
2017-08-01,PROD00083,WH003,315,14,99
2017-08-01,PROD01075,WH004,488,78,103
2017-08-01,PROD01648,WH006,396,4,106
2017-08-01,PROD00900,WH004,22,18,101
2017-08-01,PROD01882,WH008,307,77,95
2017-08-01,PROD00015,WH008,61,44,58
2017-08-01,PROD01552,WH008,50,14,57
2017-08-01,PROD01698,WH010,366,8,46
2017-08-01,PROD01499,WH002,334,25,35
2017-08-01,PROD00405,WH002,180,6,72
2017-08-01,PROD00081,WH005,112,10,24
2017-08-01,PROD00177,WH005,197,6,83
2017-08-01,PROD00621,WH010,75,40,29
2017-08-01,PROD00278,WH004,201,62,40
2017-08-01,PROD00681,WH002,101,26,118
2017-08-01,PROD00372,WH005,494,12,101
2017-08-01,PROD01623,WH009,24,4,113
2017-08-01,PROD00398,WH007,262,54,75
2017-08-01,PROD00039,WH005,11,2,55
2017-08-01,PROD01664,WH003,140,50,110
2017-08-01,PROD01076,WH005,317,18,113
2017-08-01,PROD01223,WH001,356,0,49
2017-08-01,PROD00529,WH010,258,35,97
2017-08-01,PROD01890,WH008,369,50,74
2017-08-01,PROD01754,WH007,343,54,93
2017-08-01,PROD01309,WH003,500,7,120
2017-08-01,PROD01341,WH010,43,16,108
2017-08-01,PROD01945,WH010,2,1,56
2017-08-01,PROD01228,WH006,339,78,120
2017-08-01,PROD00487,WH008,152,35,55
2017-08-01,PROD00053,WH003,482,22,107
2017-08-01,PROD01794,WH004,63,34,73
2017-08-01,PROD01973,WH005,95,4,35
2017-08-01,PROD00362,WH005,313,56,47
2017-08-01,PROD00525,WH007,257,70,50
2017-08-01,PROD00945,WH008,148,52,110
2017-08-01,PROD01866,WH005,30,11,93
2017-08-01,PROD01079,WH006,492,15,29
2017-08-01,PROD01933,WH007,226,41,38
2017-08-01,PROD01241,WH001,375,22,76
2017-08-01,PROD01970,WH001,219,65,73
2017-08-01,PROD01096,WH003,379,77,73
2017-08-01,PROD01915,WH005,392,13,68
2017-08-01,PROD01636,WH004,85,25,77
2017-08-01,PROD01814,WH006,21,15,107
2017-08-01,PROD00182,WH009,102,28,68
2017-08-01,PROD01828,WH006,248,79,87
2017-08-01,PROD01953,WH006,482,10,36
2017-08-01,PROD00409,WH009,148,40,57
2017-08-01,PROD00516,WH003,420,43,72
2017-08-01,PROD00772,WH005,496,10,67
2017-08-01,PROD01801,WH008,353,51,80
2017-08-01,PROD01112,WH001,158,21,96
2017-08-01,PROD00073,WH007,189,31,28
2017-08-01,PROD00422,WH010,113,74,78
2017-08-01,PROD00677,WH004,77,40,107
2017-08-01,PROD01107,WH003,48,38,66
2017-08-01,PROD00005,WH009,284,37,35
2017-08-01,PROD00789,WH001,399,2,53
2017-08-01,PROD00169,WH008,296,6,21
2017-08-01,PROD01980,WH006,431,21,103
2017-08-01,PROD01696,WH010,232,51,45
2017-08-01,PROD00822,WH006,409,46,50
2017-08-01,PROD00490,WH003,225,40,111
2017-08-01,PROD01163,WH001,232,24,33
2017-08-01,PROD00357,WH010,473,53,108
2017-08-01,PROD01129,WH010,492,34,89
2017-08-01,PROD01800,WH001,417,71,24
2017-08-01,PROD01077,WH007,393,0,35
2017-08-01,PROD00180,WH008,478,12,112
2017-08-01,PROD00957,WH005,32,22,54
2017-08-01,PROD00191,WH008,251,30,95
2017-08-01,PROD00128,WH003,448,14,79
2017-08-01,PROD01845,WH004,137,69,63
2017-08-01,PROD01010,WH007,424,46,117
2017-08-01,PROD00014,WH008,281,3,85
2017-08-01,PROD00521,WH009,468,76,80
2017-08-01,PROD01630,WH001,148,42,82
2017-08-01,PROD00968,WH010,391,69,39
2017-08-01,PROD01326,WH010,105,25,52
2017-08-01,PROD01861,WH005,21,20,91
2017-08-01,PROD01749,WH007,280,43,106
2017-08-01,PROD01029,WH009,256,25,61
2017-08-01,PROD00384,WH001,375,59,89
2017-08-01,PROD00047,WH008,486,20,76
2017-08-01,PROD00910,WH009,386,80,48
2017-08-01,PROD00628,WH001,463,9,25
2017-08-01,PROD01457,WH004,400,72,45
2017-08-01,PROD01173,WH010,233,62,50
2017-08-01,PROD01641,WH007,410,1,52
2017-08-01,PROD01089,WH006,108,71,98
2017-08-01,PROD00991,WH007,56,44,58
2017-08-01,PROD01905,WH007,51,6,107
2017-08-01,PROD00780,WH003,412,38,46
2017-08-01,PROD01908,WH010,461,36,31
2017-08-01,PROD01770,WH003,131,63,65
2017-08-01,PROD01000,WH004,189,74,120
2017-08-01,PROD00850,WH005,89,62,59
2017-08-01,PROD01402,WH008,134,22,24
2017-08-01,PROD00555,WH002,298,56,93
2017-08-01,PROD01196,WH007,436,37,77
2017-08-01,PROD01792,WH001,186,26,118
2017-08-01,PROD00919,WH010,125,10,22
2017-08-01,PROD00233,WH009,86,57,98
2017-08-01,PROD01812,WH009,55,0,41
2017-08-01,PROD00329,WH004,395,17,108
2017-08-01,PROD01706,WH009,107,41,37
2017-08-01,PROD00651,WH005,274,55,31
2017-08-01,PROD01132,WH007,446,68,93
2017-08-01,PROD01354,WH007,392,77,100
2017-08-01,PROD01219,WH001,266,60,35
2017-08-01,PROD01660,WH008,309,23,118
2017-08-01,PROD00056,WH001,213,0,38
2017-08-01,PROD01135,WH006,195,35,81
2017-08-01,PROD00413,WH003,71,15,109
2017-08-01,PROD01109,WH006,478,42,86
2017-08-01,PROD00318,WH005,494,12,119
2017-08-01,PROD00511,WH010,176,79,57
2017-08-01,PROD00145,WH008,255,37,65
2017-08-01,PROD00466,WH006,417,28,40
2017-08-01,PROD00455,WH005,485,30,27
2017-08-01,PROD01514,WH008,379,9,66
2017-08-01,PROD01399,WH007,199,61,86
2017-08-01,PROD00692,WH006,377,59,36
2017-08-01,PROD00573,WH008,152,44,112
2017-08-01,PROD01224,WH001,231,24,77
2017-08-01,PROD01577,WH004,149,67,32
2017-08-01,PROD01670,WH002,328,57,57
2017-08-01,PROD00519,WH006,453,44,88
2017-08-01,PROD01374,WH006,448,32,31
2017-08-01,PROD01125,WH009,274,34,27
2017-08-01,PROD00213,WH006,184,7,55
2017-08-01,PROD01194,WH003,75,58,111
2017-09-01,PROD00419,WH001,112,35,100
2017-09-01,PROD00050,WH003,339,10,95
2017-09-01,PROD01193,WH004,419,51,40
2017-09-01,PROD01221,WH008,344,54,36
2017-09-01,PROD01853,WH006,189,0,81
2017-09-01,PROD00584,WH010,411,45,118
2017-09-01,PROD01415,WH003,220,18,100
2017-09-01,PROD01844,WH007,269,46,40
2017-09-01,PROD01175,WH003,376,42,64
2017-09-01,PROD01598,WH010,165,42,67
2017-09-01,PROD01126,WH006,197,67,86
2017-09-01,PROD00700,WH007,488,8,31
2017-09-01,PROD00097,WH002,435,32,96
2017-09-01,PROD01856,WH005,468,3,56
2017-09-01,PROD01435,WH010,311,73,110
2017-09-01,PROD00460,WH001,209,78,91
2017-09-01,PROD01768,WH010,467,64,44
2017-09-01,PROD00712,WH008,365,7,111
2017-09-01,PROD00424,WH006,421,3,47
2017-09-01,PROD00551,WH003,128,37,80
2017-09-01,PROD01378,WH003,420,20,42
2017-09-01,PROD01832,WH006,443,64,120
2017-09-01,PROD01715,WH001,213,25,98
2017-09-01,PROD01011,WH008,392,56,85
2017-09-01,PROD00629,WH008,132,54,101
2017-09-01,PROD01543,WH005,331,35,23
2017-09-01,PROD01794,WH005,323,71,56
2017-09-01,PROD01229,WH006,87,33,77
2017-09-01,PROD00283,WH007,467,66,59
2017-09-01,PROD00239,WH002,405,78,35
2017-09-01,PROD01487,WH002,386,55,106
2017-09-01,PROD01215,WH006,433,37,42
2017-09-01,PROD01376,WH001,395,55,64
2017-09-01,PROD00104,WH001,385,19,119
2017-09-01,PROD01031,WH003,199,65,45
2017-09-01,PROD01840,WH001,404,39,75
2017-09-01,PROD01980,WH003,178,13,91
2017-09-01,PROD00952,WH001,126,8,101
2017-09-01,PROD00308,WH005,38,20,20
2017-09-01,PROD00666,WH009,410,3,73
2017-09-01,PROD01827,WH007,216,66,63
2017-09-01,PROD01147,WH006,176,77,26
2017-09-01,PROD00290,WH006,380,35,95
2017-09-01,PROD01291,WH001,345,58,108
2017-09-01,PROD01048,WH009,102,15,50
2017-09-01,PROD01863,WH004,448,27,94
2017-09-01,PROD00538,WH007,488,54,101
2017-09-01,PROD00438,WH003,191,25,36
2017-09-01,PROD01027,WH002,192,65,51
2017-09-01,PROD01556,WH004,383,55,95
2017-09-01,PROD00152,WH005,343,19,117
2017-09-01,PROD00140,WH007,138,43,28
2017-09-01,PROD01268,WH009,265,66,70
2017-09-01,PROD01755,WH003,79,46,70
2017-09-01,PROD01818,WH002,108,24,89
2017-09-01,PROD00792,WH006,440,44,33
2017-09-01,PROD00958,WH010,38,37,47
2017-09-01,PROD01327,WH002,310,49,58
2017-09-01,PROD00240,WH005,295,69,93
2017-09-01,PROD00881,WH010,66,63,79
2017-09-01,PROD00587,WH003,468,56,51
2017-09-01,PROD01004,WH005,442,73,50
2017-09-01,PROD00303,WH004,161,21,48
2017-09-01,PROD01254,WH004,348,30,103
2017-09-01,PROD01925,WH003,47,38,28
2017-09-01,PROD00070,WH002,474,24,118
2017-09-01,PROD01769,WH006,17,17,41
2017-09-01,PROD01511,WH009,414,40,62
2017-09-01,PROD00414,WH004,314,62,52
2017-09-01,PROD00091,WH007,233,46,106
2017-09-01,PROD00855,WH008,88,11,42
2017-09-01,PROD01089,WH008,62,20,86
2017-09-01,PROD01047,WH006,459,33,54
2017-09-01,PROD00519,WH008,449,31,87
2017-09-01,PROD00174,WH010,337,17,108
2017-09-01,PROD00673,WH004,414,15,111
2017-09-01,PROD00040,WH009,140,77,29
2017-09-01,PROD00528,WH007,57,29,116
2017-09-01,PROD01578,WH004,467,61,46
2017-09-01,PROD00690,WH003,223,22,55
2017-09-01,PROD01634,WH006,405,53,31
2017-09-01,PROD00929,WH005,71,24,20
2017-09-01,PROD00046,WH001,155,19,113
2017-09-01,PROD01971,WH005,47,19,39
2017-09-01,PROD00391,WH010,359,11,107
2017-09-01,PROD00915,WH003,445,43,95
2017-09-01,PROD01486,WH002,394,58,85
2017-09-01,PROD00212,WH008,4,0,98
2017-09-01,PROD01491,WH007,62,50,70
2017-09-01,PROD00509,WH008,165,62,65
2017-09-01,PROD01839,WH009,245,20,20
2017-09-01,PROD01970,WH010,139,1,77
2017-09-01,PROD00136,WH002,376,34,33
2017-09-01,PROD00444,WH007,16,12,87
2017-09-01,PROD01676,WH010,410,37,26
2017-09-01,PROD00834,WH002,335,19,50
2017-09-01,PROD00449,WH005,141,68,113
2017-09-01,PROD01588,WH009,61,37,41
2017-09-01,PROD00511,WH004,409,44,79
2017-09-01,PROD01757,WH007,90,75,29
2017-09-01,PROD01292,WH007,393,37,44
2017-09-01,PROD00231,WH002,347,39,35
2017-09-01,PROD01528,WH004,363,75,69
2017-09-01,PROD01558,WH004,389,35,59
2017-09-01,PROD01242,WH003,254,46,45
2017-09-01,PROD01138,WH002,281,12,87
2017-09-01,PROD01993,WH006,488,40,52
2017-09-01,PROD01069,WH008,177,13,81
2017-09-01,PROD01240,WH003,349,72,50
2017-09-01,PROD01895,WH001,354,23,119
2017-09-01,PROD00321,WH010,68,13,104
2017-09-01,PROD01921,WH008,178,33,54
2017-09-01,PROD00301,WH009,200,60,27
2017-09-01,PROD00404,WH010,440,37,56
2017-09-01,PROD00370,WH007,124,32,85
2017-09-01,PROD00854,WH005,9,9,68
2017-09-01,PROD01124,WH008,62,24,43
2017-09-01,PROD00069,WH005,90,43,34
2017-09-01,PROD00778,WH009,11,2,116
2017-09-01,PROD00742,WH002,200,55,82
2017-09-01,PROD00157,WH001,108,33,53
2017-09-01,PROD00731,WH009,479,79,28
2017-09-01,PROD01024,WH009,407,18,71
2017-09-01,PROD00805,WH004,268,22,62
2017-09-01,PROD00574,WH008,372,17,85
2017-09-01,PROD01264,WH010,236,18,82
2017-09-01,PROD00245,WH001,273,30,91
2017-09-01,PROD00751,WH001,395,55,92
2017-09-01,PROD01821,WH006,412,53,111
2017-09-01,PROD01237,WH003,10,5,56
2017-09-01,PROD01109,WH006,78,1,33
2017-09-01,PROD01245,WH004,496,9,59
2017-09-01,PROD01420,WH008,375,64,111
2017-09-01,PROD00900,WH010,173,41,39
2017-09-01,PROD00604,WH002,226,40,53
2017-09-01,PROD00280,WH004,68,54,25
2017-09-01,PROD01123,WH002,187,52,96
2017-09-01,PROD01198,WH004,15,2,34
2017-09-01,PROD00632,WH008,317,23,94
2017-09-01,PROD00505,WH008,142,64,65
2017-09-01,PROD00959,WH004,492,3,65
2017-09-01,PROD01692,WH009,403,6,40
2017-09-01,PROD01276,WH008,215,67,115
2017-09-01,PROD00930,WH009,440,19,112
2017-09-01,PROD00374,WH002,62,31,24
2017-09-01,PROD01843,WH010,86,23,41
2017-09-01,PROD01344,WH008,164,33,47
2017-09-01,PROD00679,WH003,498,14,43
2017-09-01,PROD01711,WH005,368,19,101
2017-09-01,PROD00863,WH001,69,27,118
2017-09-01,PROD00332,WH010,92,58,30
2017-09-01,PROD01039,WH001,82,65,95
2017-09-01,PROD01017,WH008,285,69,37
2017-09-01,PROD01804,WH009,348,1,112
2017-09-01,PROD01446,WH001,213,23,84
2017-09-01,PROD00837,WH003,299,27,110
2017-09-01,PROD00670,WH009,495,38,31
2017-09-01,PROD00640,WH004,358,22,85
2017-09-01,PROD01625,WH003,196,21,23
2017-09-01,PROD01223,WH010,71,50,55
2017-09-01,PROD00272,WH008,27,9,77
2017-09-01,PROD01057,WH001,116,56,104
2017-09-01,PROD01903,WH007,220,32,98
2017-09-01,PROD01195,WH003,496,51,33
2017-09-01,PROD01156,WH003,27,10,74
2017-09-01,PROD01075,WH008,132,42,99
2017-09-01,PROD00763,WH007,18,12,82
2017-09-01,PROD00941,WH005,71,42,37
2017-09-01,PROD00216,WH007,469,4,101
2017-09-01,PROD01430,WH009,390,55,85
2017-09-01,PROD00533,WH010,427,30,44
2017-09-01,PROD00002,WH010,159,78,53
2017-09-01,PROD00631,WH005,174,47,25
2017-09-01,PROD00907,WH004,35,7,109
2017-09-01,PROD00427,WH001,93,11,20
2017-09-01,PROD00950,WH007,28,9,53
2017-09-01,PROD01171,WH005,193,70,26
2017-09-01,PROD00683,WH003,262,71,51
2017-09-01,PROD00194,WH009,455,40,34
2017-09-01,PROD00132,WH004,94,57,112
2017-09-01,PROD00514,WH005,417,19,101
2017-09-01,PROD00472,WH007,230,31,28
2017-09-01,PROD00242,WH009,344,19,113
2017-09-01,PROD00127,WH008,137,7,39
2017-09-01,PROD01368,WH008,361,4,90
2017-09-01,PROD00030,WH005,390,23,96
2017-09-01,PROD00954,WH010,247,64,118
2017-09-01,PROD00765,WH004,480,68,31
2017-09-01,PROD00745,WH009,380,32,66
2017-09-01,PROD00284,WH009,277,75,108
2017-09-01,PROD01899,WH004,10,8,39
2017-09-01,PROD01735,WH010,243,66,39
2017-09-01,PROD01551,WH008,111,6,48
2017-09-01,PROD01095,WH009,257,4,105
2017-09-01,PROD01072,WH006,102,10,108
2017-09-01,PROD00621,WH002,119,2,25
2017-09-01,PROD01436,WH006,3,1,73
2017-09-01,PROD01466,WH007,98,20,48
2017-09-01,PROD00071,WH010,231,47,76
2017-09-01,PROD01729,WH007,142,19,50
2017-09-01,PROD01110,WH005,294,22,103
2017-09-01,PROD01525,WH006,315,66,114
2017-09-01,PROD00295,WH004,281,54,21
2017-09-01,PROD01319,WH008,405,74,72
2017-09-01,PROD00627,WH004,464,53,98
2017-09-01,PROD00139,WH008,364,45,61
2017-09-01,PROD01632,WH001,420,9,48
2017-09-01,PROD00694,WH007,244,35,109
2017-09-01,PROD01896,WH008,259,3,95
2017-09-01,PROD00024,WH010,146,73,87
2017-09-01,PROD00691,WH005,99,54,58
2017-09-01,PROD00375,WH010,255,13,120
2017-09-01,PROD01944,WH009,83,42,83
2017-09-01,PROD01637,WH008,338,69,98
2017-09-01,PROD01659,WH003,41,29,57
2017-09-01,PROD00885,WH004,486,54,75
2017-09-01,PROD00890,WH007,321,44,63
2017-09-01,PROD00119,WH010,375,68,106
2017-09-01,PROD01930,WH007,434,49,75
2017-09-01,PROD00998,WH003,366,43,32
2017-09-01,PROD01725,WH001,344,66,42
2017-09-01,PROD00980,WH003,22,6,56
2017-09-01,PROD01280,WH007,342,6,52
2017-09-01,PROD01253,WH004,231,8,103
2017-09-01,PROD01305,WH006,401,48,50
2017-09-01,PROD01629,WH009,410,50,63
2017-09-01,PROD00128,WH007,169,46,58
2017-09-01,PROD00677,WH010,414,77,68
2017-09-01,PROD01314,WH007,484,67,49
2017-09-01,PROD00561,WH008,59,27,44
2017-09-01,PROD01935,WH010,424,68,54
2017-09-01,PROD00333,WH008,85,50,60
2017-09-01,PROD01791,WH007,450,75,98
2017-09-01,PROD00063,WH004,404,63,91
2017-09-01,PROD01758,WH004,109,40,58
2017-09-01,PROD01962,WH002,336,72,107
2017-09-01,PROD01385,WH004,390,65,74
2017-09-01,PROD01021,WH001,107,16,108
2017-09-01,PROD01034,WH001,414,80,60
2017-09-01,PROD00271,WH002,420,73,33
2017-09-01,PROD01192,WH005,393,23,100
2017-09-01,PROD00687,WH005,350,26,36
2017-09-01,PROD01142,WH009,165,43,37
2017-09-01,PROD01115,WH001,284,66,96
2017-09-01,PROD00953,WH005,206,25,80
2017-09-01,PROD00914,WH008,56,46,22
2017-09-01,PROD01423,WH003,7,2,120
2017-09-01,PROD00842,WH006,20,16,67
2017-09-01,PROD01130,WH010,91,29,74
2017-09-01,PROD01581,WH006,82,50,73
2017-09-01,PROD00662,WH007,392,50,70
2017-09-01,PROD01594,WH008,56,49,27
2017-09-01,PROD00589,WH006,284,8,62
2017-09-01,PROD00484,WH003,135,15,37
2017-09-01,PROD00530,WH009,263,76,74
2017-09-01,PROD01393,WH007,70,22,71
2017-09-01,PROD00365,WH005,389,13,90
2017-09-01,PROD01078,WH007,66,15,67
2017-09-01,PROD01290,WH008,17,5,56
2017-09-01,PROD01720,WH009,153,18,106
2017-09-01,PROD01141,WH005,399,19,83
2017-09-01,PROD00244,WH003,433,31,56
2017-09-01,PROD00972,WH008,258,35,79
2017-09-01,PROD00780,WH004,424,28,79
2017-09-01,PROD01162,WH009,8,0,33
2017-09-01,PROD01897,WH005,470,24,22
2017-09-01,PROD01533,WH007,127,44,22
2017-09-01,PROD00738,WH002,135,26,85
2017-09-01,PROD01475,WH009,61,61,75
2017-09-01,PROD01535,WH005,231,1,58
2017-09-01,PROD00838,WH009,238,53,102
2017-09-01,PROD01590,WH005,225,41,119
2017-09-01,PROD00611,WH007,371,73,23
2017-09-01,PROD01775,WH007,65,18,113
2017-09-01,PROD01577,WH009,330,40,107
2017-09-01,PROD01697,WH003,2,0,63
2017-09-01,PROD00754,WH004,209,69,39
2017-09-01,PROD01835,WH008,324,46,107
2017-09-01,PROD00494,WH009,386,0,70
2017-09-01,PROD00442,WH002,387,11,92
2017-09-01,PROD01248,WH009,182,51,46
2017-09-01,PROD00898,WH010,226,37,28
2017-09-01,PROD00401,WH006,95,15,37
2017-09-01,PROD00928,WH001,500,15,20
2017-09-01,PROD01498,WH005,334,1,104
2017-09-01,PROD00844,WH004,272,76,95
2017-09-01,PROD00252,WH002,433,28,44
2017-09-01,PROD01478,WH004,358,71,94
2017-09-01,PROD00490,WH007,314,38,84
2017-09-01,PROD00462,WH001,337,69,48
2017-09-01,PROD00190,WH008,165,74,29
2017-09-01,PROD01224,WH009,383,27,92
2017-09-01,PROD00434,WH006,482,70,71
2017-09-01,PROD00610,WH006,460,43,41
2017-09-01,PROD00976,WH001,409,47,72
2017-09-01,PROD01190,WH002,293,68,76
2017-09-01,PROD00393,WH004,205,61,86
2017-09-01,PROD00113,WH007,422,40,67
2017-09-01,PROD01119,WH008,140,36,58
2017-09-01,PROD00275,WH001,497,71,87
2017-09-01,PROD01529,WH003,8,3,102
2017-09-01,PROD00023,WH006,263,11,30
2017-09-01,PROD01429,WH005,277,61,77
2017-09-01,PROD00246,WH005,464,15,32
2017-09-01,PROD00947,WH008,182,34,57
2017-09-01,PROD01966,WH001,381,45,44
2017-09-01,PROD01345,WH009,250,69,25
2017-09-01,PROD01753,WH007,124,73,56
2017-09-01,PROD00985,WH002,62,33,84
2017-09-01,PROD01570,WH006,330,44,44
2017-09-01,PROD01861,WH002,130,70,113
2017-09-01,PROD01389,WH007,384,41,25
2017-09-01,PROD01765,WH010,462,11,46
2017-09-01,PROD01706,WH007,153,20,64
2017-09-01,PROD01503,WH009,169,61,96
2017-09-01,PROD01258,WH001,373,50,59
2017-09-01,PROD01938,WH004,323,1,109
2017-09-01,PROD00162,WH001,216,71,55
2017-09-01,PROD01263,WH003,494,38,79
2017-09-01,PROD01575,WH001,50,33,49
2017-09-01,PROD01563,WH002,229,60,93
2017-09-01,PROD01667,WH008,340,28,97
2017-09-01,PROD00501,WH005,469,63,69
2017-09-01,PROD01599,WH003,60,32,77
2017-09-01,PROD00506,WH003,59,56,93
2017-09-01,PROD01875,WH002,65,49,45
2017-09-01,PROD01269,WH007,330,59,28
2017-09-01,PROD01265,WH001,324,19,108
2017-09-01,PROD00579,WH002,369,37,90
2017-09-01,PROD01455,WH005,187,11,39
2017-09-01,PROD01959,WH006,216,9,69
2017-09-01,PROD00581,WH002,15,15,55
2017-09-01,PROD01882,WH007,1,1,80
2017-09-01,PROD00377,WH008,22,22,71
2017-09-01,PROD01601,WH009,486,70,59
2017-09-01,PROD01741,WH001,12,7,118
2017-09-01,PROD01073,WH003,264,63,51
2017-09-01,PROD00656,WH010,14,0,105
2017-09-01,PROD01540,WH009,482,77,111
2017-09-01,PROD00112,WH007,34,25,64
2017-09-01,PROD01453,WH004,105,80,54
2017-09-01,PROD00121,WH010,221,14,31
2017-09-01,PROD00134,WH009,338,79,43
2017-09-01,PROD01070,WH007,318,71,29
2017-09-01,PROD00608,WH001,189,19,66
2017-09-01,PROD01310,WH007,277,18,38
2017-09-01,PROD01694,WH004,246,9,92
2017-09-01,PROD01363,WH002,128,18,78
2017-09-01,PROD01330,WH001,282,47,86
2017-09-01,PROD01099,WH008,236,45,27
2017-09-01,PROD00769,WH008,13,9,51
2017-09-01,PROD01352,WH003,301,24,119
2017-09-01,PROD00697,WH004,386,28,56
2017-09-01,PROD01522,WH001,271,6,65
2017-09-01,PROD01931,WH001,482,77,87
2017-09-01,PROD01405,WH008,174,69,49
2017-09-01,PROD00724,WH009,195,12,111
2017-09-01,PROD01683,WH002,253,15,52
2017-09-01,PROD00566,WH010,239,55,80
2017-09-01,PROD00441,WH008,311,57,83
2017-09-01,PROD00015,WH006,201,54,34
2017-09-01,PROD01139,WH007,154,72,102
2017-09-01,PROD00803,WH001,302,61,45
2017-09-01,PROD00455,WH007,211,45,101
2017-09-01,PROD01413,WH010,127,46,22
2017-09-01,PROD00750,WH010,196,45,91
2017-09-01,PROD00145,WH003,152,42,54
2017-09-01,PROD00739,WH002,392,62,38
2017-09-01,PROD01922,WH009,169,53,105
2017-09-01,PROD00728,WH002,483,33,87
2017-09-01,PROD00517,WH001,271,63,115
2017-09-01,PROD00022,WH005,422,9,93
2017-09-01,PROD00617,WH004,308,21,78
2017-09-01,PROD01975,WH001,441,58,59
2017-09-01,PROD00675,WH004,131,46,114
2017-09-01,PROD00721,WH001,298,73,48
2017-09-01,PROD00415,WH004,197,77,119
2017-09-01,PROD00440,WH002,123,48,120
2017-09-01,PROD01411,WH005,190,40,51
2017-09-01,PROD00479,WH006,140,0,106
2017-09-01,PROD00448,WH002,313,71,119
2017-09-01,PROD01919,WH008,338,57,93
2017-09-01,PROD01615,WH002,342,17,107
2017-09-01,PROD00296,WH010,455,57,43
2017-09-01,PROD00106,WH003,465,23,119
2017-09-01,PROD01960,WH005,209,32,103
2017-09-01,PROD00772,WH004,405,68,40
2017-09-01,PROD00734,WH009,53,46,56
2017-09-01,PROD01686,WH009,201,26,94
2017-09-01,PROD01426,WH001,434,13,27
2017-09-01,PROD01148,WH004,376,44,44
2017-09-01,PROD01984,WH006,134,27,63
2017-09-01,PROD01136,WH001,359,73,101
2017-09-01,PROD00131,WH005,127,23,35
2017-09-01,PROD01116,WH009,265,25,41
2017-09-01,PROD01113,WH007,189,11,39
2017-09-01,PROD00965,WH005,141,74,61
2017-09-01,PROD00141,WH001,483,72,77
2017-09-01,PROD01325,WH007,368,52,119
2017-09-01,PROD00618,WH005,417,26,81
2017-09-01,PROD01439,WH010,162,18,51
2017-09-01,PROD00727,WH005,372,1,58
2017-09-01,PROD00201,WH001,422,49,72
2017-09-01,PROD00151,WH009,117,5,69
2017-09-01,PROD01876,WH009,402,50,21
2017-09-01,PROD01121,WH006,488,49,74
2017-09-01,PROD00006,WH001,191,18,44
2017-09-01,PROD00714,WH007,70,29,66
2017-09-01,PROD00228,WH008,343,30,90
2017-09-01,PROD00725,WH003,392,66,42
2017-09-01,PROD01597,WH008,192,62,42
2017-09-01,PROD01357,WH001,273,4,58
2017-09-01,PROD01438,WH006,139,19,43
2017-09-01,PROD00698,WH004,257,27,100
2017-09-01,PROD01518,WH007,176,43,29
2017-09-01,PROD00871,WH003,365,44,60
2017-09-01,PROD01105,WH003,125,64,98
2017-09-01,PROD00062,WH003,179,75,119
2017-09-01,PROD00223,WH003,54,38,35
2017-09-01,PROD01873,WH004,401,45,77
2017-09-01,PROD01894,WH007,148,8,57
2017-09-01,PROD00036,WH006,428,34,95
2017-09-01,PROD01728,WH008,28,6,72
2017-09-01,PROD01974,WH005,273,29,110
2017-09-01,PROD01202,WH002,87,70,83
2017-09-01,PROD00883,WH005,119,66,120
2017-09-01,PROD00593,WH007,60,29,26
2017-09-01,PROD00360,WH007,65,37,21
2017-09-01,PROD00165,WH002,77,23,57
2017-09-01,PROD00279,WH007,271,28,110
2017-09-01,PROD01219,WH006,411,58,45
2017-09-01,PROD01926,WH010,355,46,96
2017-09-01,PROD01656,WH008,274,64,50
2017-09-01,PROD01191,WH009,392,21,64
2017-09-01,PROD01334,WH009,211,78,78
2017-09-01,PROD00857,WH007,34,18,67
2017-09-01,PROD01983,WH010,494,19,57
2017-09-01,PROD00768,WH001,438,25,25
2017-09-01,PROD00214,WH008,145,44,24
2017-09-01,PROD01159,WH010,38,24,57
2017-09-01,PROD00389,WH007,335,12,44
2017-09-01,PROD00381,WH007,290,3,53
2017-09-01,PROD00558,WH002,493,14,78
2017-09-01,PROD01889,WH007,268,38,36
2017-09-01,PROD00133,WH003,106,74,57
2017-09-01,PROD00330,WH004,256,67,98
2017-09-01,PROD00962,WH010,497,0,114
2017-09-01,PROD00028,WH006,333,14,110
2017-09-01,PROD01020,WH005,35,20,112
2017-09-01,PROD00893,WH004,342,51,57
2017-09-01,PROD00550,WH007,228,58,30
2017-09-01,PROD00644,WH001,201,36,106
2017-09-01,PROD00504,WH005,232,40,42
2017-09-01,PROD00831,WH002,171,2,61
2017-09-01,PROD01878,WH009,271,1,75
2017-09-01,PROD00722,WH003,267,60,111
2017-09-01,PROD01658,WH001,116,67,27
2017-09-01,PROD00225,WH005,194,6,27
2017-09-01,PROD01261,WH004,294,33,73
2017-09-01,PROD00118,WH001,385,33,78
2017-09-01,PROD00513,WH003,57,30,43
2017-09-01,PROD00940,WH001,454,63,102
2017-09-01,PROD00563,WH004,284,13,88
2017-09-01,PROD00845,WH007,289,26,50
2017-09-01,PROD00615,WH007,15,6,56
2017-09-01,PROD01963,WH003,199,17,99
2017-09-01,PROD01084,WH007,323,15,72
2017-09-01,PROD00684,WH004,338,53,95
2017-09-01,PROD00527,WH008,186,75,91
2017-09-01,PROD01837,WH001,335,12,74
2017-09-01,PROD00710,WH006,369,46,118
2017-09-01,PROD01203,WH003,199,22,50
2017-09-01,PROD00800,WH003,358,3,83
2017-09-01,PROD00825,WH009,364,66,68
2017-09-01,PROD00096,WH005,110,58,53
2017-09-01,PROD01174,WH006,306,38,45
2017-09-01,PROD01008,WH001,157,77,29
2017-09-01,PROD01495,WH004,410,54,120
2017-09-01,PROD00848,WH007,494,37,79
2017-09-01,PROD01050,WH003,89,74,73
2017-09-01,PROD01609,WH006,277,68,31
2017-09-01,PROD00032,WH003,323,7,47
2017-09-01,PROD00657,WH001,3,0,120
2017-09-01,PROD00820,WH007,173,30,57
2017-09-01,PROD00075,WH001,369,64,55
2017-09-01,PROD00179,WH008,367,32,100
2017-09-01,PROD00213,WH008,320,47,120
2017-09-01,PROD01893,WH001,122,75,92
2017-09-01,PROD01834,WH009,235,36,114
2017-09-01,PROD01082,WH006,167,42,92
2017-09-01,PROD01278,WH002,6,3,73
2017-09-01,PROD01746,WH010,490,42,56
2017-09-01,PROD01433,WH006,28,8,56
2017-09-01,PROD00680,WH009,353,14,68
2017-09-01,PROD01934,WH009,30,19,112
2017-09-01,PROD01744,WH003,129,23,70
2017-09-01,PROD00901,WH002,313,55,85
2017-09-01,PROD00371,WH008,433,27,45
2017-09-01,PROD00436,WH008,165,11,26
2017-09-01,PROD00936,WH003,93,5,91
2017-10-01,PROD00779,WH005,16,13,60
2017-10-01,PROD00710,WH003,317,4,109
2017-10-01,PROD00904,WH001,78,76,76
2017-10-01,PROD01924,WH007,382,16,68
2017-10-01,PROD01202,WH007,456,69,21
2017-10-01,PROD00369,WH006,436,8,38
2017-10-01,PROD01122,WH006,204,11,92
2017-10-01,PROD01452,WH005,399,39,27
2017-10-01,PROD01032,WH008,134,33,68
2017-10-01,PROD00257,WH007,454,39,30
2017-10-01,PROD01375,WH006,94,47,43
2017-10-01,PROD01435,WH010,216,75,101
2017-10-01,PROD01613,WH001,234,58,33
2017-10-01,PROD01937,WH009,97,32,42
2017-10-01,PROD01264,WH010,437,26,111
2017-10-01,PROD00342,WH003,82,10,25
2017-10-01,PROD01047,WH009,325,51,112
2017-10-01,PROD01429,WH004,149,4,110
2017-10-01,PROD01399,WH005,290,36,67
2017-10-01,PROD01206,WH001,326,35,23
2017-10-01,PROD00777,WH003,63,14,33
2017-10-01,PROD01159,WH006,8,1,88
2017-10-01,PROD01540,WH006,158,37,120
2017-10-01,PROD00435,WH007,239,49,102
2017-10-01,PROD01565,WH008,122,28,49
2017-10-01,PROD01794,WH007,471,1,114
2017-10-01,PROD00212,WH002,237,15,70
2017-10-01,PROD01822,WH001,140,29,88
2017-10-01,PROD00549,WH004,415,4,102
2017-10-01,PROD00956,WH009,165,49,55
2017-10-01,PROD01226,WH010,186,55,24
2017-10-01,PROD01781,WH005,233,59,95
2017-10-01,PROD00146,WH009,315,9,68
2017-10-01,PROD01428,WH009,161,68,77
2017-10-01,PROD00403,WH001,438,2,75
2017-10-01,PROD01218,WH007,263,10,65
2017-10-01,PROD00747,WH009,32,19,82
2017-10-01,PROD01675,WH004,214,18,112
2017-10-01,PROD00573,WH007,94,53,87
2017-10-01,PROD01243,WH001,0,0,117
2017-10-01,PROD01070,WH008,232,39,111
2017-10-01,PROD02000,WH002,282,17,94
2017-10-01,PROD01784,WH001,457,40,107
2017-10-01,PROD00302,WH010,256,13,27
2017-10-01,PROD00887,WH006,238,36,65
2017-10-01,PROD00772,WH010,341,50,24
2017-10-01,PROD01526,WH005,447,6,27
2017-10-01,PROD00331,WH001,183,26,103
2017-10-01,PROD00645,WH006,307,39,45
2017-10-01,PROD01297,WH002,2,2,46
2017-10-01,PROD01630,WH008,309,56,88
2017-10-01,PROD00957,WH006,203,51,29
2017-10-01,PROD00323,WH008,351,73,23
2017-10-01,PROD00017,WH003,235,34,21
2017-10-01,PROD00675,WH010,155,8,109
2017-10-01,PROD01809,WH006,2,2,94
2017-10-01,PROD00429,WH007,138,40,46
2017-10-01,PROD00571,WH010,143,47,46
2017-10-01,PROD01912,WH005,202,7,90
2017-10-01,PROD01857,WH001,336,80,69
2017-10-01,PROD01723,WH007,317,55,33
2017-10-01,PROD00043,WH005,347,78,45
2017-10-01,PROD01448,WH009,25,8,65
2017-10-01,PROD01139,WH001,359,24,71
2017-10-01,PROD01728,WH007,311,39,86
2017-10-01,PROD00543,WH004,486,4,92
2017-10-01,PROD01357,WH010,450,3,37
2017-10-01,PROD00124,WH008,94,14,70
2017-10-01,PROD00716,WH001,289,54,27
2017-10-01,PROD01227,WH005,262,42,91
2017-10-01,PROD01819,WH004,21,0,54
2017-10-01,PROD00419,WH009,75,70,95
2017-10-01,PROD00009,WH003,403,69,46
2017-10-01,PROD01105,WH010,133,16,25
2017-10-01,PROD01026,WH006,15,0,84
2017-10-01,PROD00383,WH006,492,77,101
2017-10-01,PROD00177,WH003,91,12,108
2017-10-01,PROD01203,WH008,165,23,99
2017-10-01,PROD01521,WH010,69,6,83
2017-10-01,PROD00668,WH006,128,41,100
2017-10-01,PROD00170,WH002,340,10,72
2017-10-01,PROD00812,WH006,116,80,51
2017-10-01,PROD01372,WH007,99,25,23
2017-10-01,PROD00310,WH006,315,14,24
2017-10-01,PROD00271,WH004,78,20,41
2017-10-01,PROD00109,WH003,329,27,72
2017-10-01,PROD00644,WH002,185,19,61
2017-10-01,PROD00723,WH009,114,79,45
2017-10-01,PROD01038,WH007,233,5,47
2017-10-01,PROD01753,WH003,275,57,68
2017-10-01,PROD01512,WH002,348,60,107
2017-10-01,PROD00189,WH009,229,72,90
2017-10-01,PROD01197,WH005,66,29,23
2017-10-01,PROD01320,WH001,128,63,113
2017-10-01,PROD00447,WH009,271,0,113
2017-10-01,PROD01945,WH006,344,10,52
2017-10-01,PROD00654,WH009,265,37,81
2017-10-01,PROD00687,WH009,459,1,28
2017-10-01,PROD00924,WH008,85,18,50
2017-10-01,PROD01465,WH001,320,33,86
2017-10-01,PROD00576,WH008,66,49,69
2017-10-01,PROD01721,WH003,358,60,29
2017-10-01,PROD00915,WH010,108,44,105
2017-10-01,PROD01085,WH007,155,8,102
2017-10-01,PROD01081,WH008,415,1,84
2017-10-01,PROD01803,WH010,370,57,117
2017-10-01,PROD00046,WH002,7,4,27
2017-10-01,PROD00104,WH003,63,14,108
2017-10-01,PROD00619,WH010,298,79,52
2017-10-01,PROD01504,WH007,391,44,69
2017-10-01,PROD01469,WH006,418,48,68
2017-10-01,PROD00804,WH009,148,4,32
2017-10-01,PROD01363,WH001,347,49,93
2017-10-01,PROD01585,WH006,241,72,32
2017-10-01,PROD01846,WH001,52,35,72
2017-10-01,PROD00722,WH004,447,22,120
2017-10-01,PROD00194,WH004,359,56,95
2017-10-01,PROD00179,WH009,43,0,119
2017-10-01,PROD01327,WH001,237,44,43
2017-10-01,PROD01990,WH004,436,13,66
2017-10-01,PROD01961,WH001,177,42,57
2017-10-01,PROD01097,WH007,258,67,106
2017-10-01,PROD01885,WH004,493,19,46
2017-10-01,PROD01790,WH009,332,70,62
2017-10-01,PROD01402,WH006,101,42,91
2017-10-01,PROD01420,WH004,475,23,40
2017-10-01,PROD00400,WH007,485,42,49
2017-10-01,PROD01920,WH009,435,7,100
2017-10-01,PROD00445,WH009,185,7,57
2017-10-01,PROD01067,WH008,149,23,23
2017-10-01,PROD01888,WH010,267,74,93
2017-10-01,PROD01507,WH002,243,7,60
2017-10-01,PROD00013,WH008,476,0,84
2017-10-01,PROD01716,WH007,46,0,106
2017-10-01,PROD00637,WH007,436,58,78
2017-10-01,PROD00098,WH001,41,24,110
2017-10-01,PROD01361,WH004,143,34,57
2017-10-01,PROD00727,WH003,64,2,108
2017-10-01,PROD01595,WH006,202,44,110
2017-10-01,PROD00954,WH010,278,24,24
2017-10-01,PROD00387,WH007,167,59,100
2017-10-01,PROD00746,WH004,405,0,31
2017-10-01,PROD00713,WH009,339,69,49
2017-10-01,PROD01611,WH007,166,67,95
2017-10-01,PROD01895,WH004,366,17,53
2017-10-01,PROD00620,WH005,202,18,106
2017-10-01,PROD01230,WH002,16,10,116
2017-10-01,PROD00799,WH006,336,4,103
2017-10-01,PROD01232,WH005,253,1,115
2017-10-01,PROD01338,WH007,461,55,24
2017-10-01,PROD01024,WH008,293,49,79
2017-10-01,PROD01104,WH007,409,67,72
2017-10-01,PROD01337,WH002,324,61,29
2017-10-01,PROD00420,WH007,9,2,30
2017-10-01,PROD00438,WH003,329,17,56
2017-10-01,PROD00107,WH006,30,17,75
2017-10-01,PROD01308,WH002,420,65,103
2017-10-01,PROD00280,WH003,455,27,47
2017-10-01,PROD00921,WH002,342,50,41
2017-10-01,PROD00611,WH009,82,29,47
2017-10-01,PROD01814,WH006,188,44,39
2017-10-01,PROD00269,WH010,223,52,93
2017-10-01,PROD00067,WH010,136,46,108
2017-10-01,PROD01410,WH003,401,65,48
2017-10-01,PROD00783,WH001,299,2,39
2017-10-01,PROD01750,WH007,432,22,78
2017-10-01,PROD01783,WH005,289,67,70
2017-10-01,PROD01697,WH007,498,18,85
2017-10-01,PROD01882,WH005,470,39,106
2017-10-01,PROD00203,WH002,495,67,74
2017-10-01,PROD01601,WH002,280,59,97
2017-10-01,PROD01027,WH007,420,64,31
2017-10-01,PROD00878,WH004,329,72,43
2017-10-01,PROD00803,WH001,41,2,120
2017-10-01,PROD00182,WH004,0,0,25
2017-10-01,PROD01449,WH007,171,29,42
2017-10-01,PROD00033,WH003,212,17,37
2017-10-01,PROD00532,WH005,134,16,51
2017-10-01,PROD00629,WH001,210,63,40
2017-10-01,PROD01444,WH008,275,28,99
2017-10-01,PROD01100,WH005,456,76,64
2017-10-01,PROD00748,WH003,364,45,48
2017-10-01,PROD00161,WH001,150,13,118
2017-10-01,PROD00173,WH007,383,30,67
2017-10-01,PROD01760,WH009,314,44,62
2017-10-01,PROD01319,WH007,380,16,48
2017-10-01,PROD00401,WH003,241,71,57
2017-10-01,PROD00044,WH002,264,5,110
2017-10-01,PROD00690,WH002,490,60,37
2017-10-01,PROD00815,WH006,209,57,51
2017-10-01,PROD00992,WH010,194,51,108
2017-10-01,PROD01135,WH002,385,63,74
2017-10-01,PROD00174,WH003,283,53,65
2017-10-01,PROD00592,WH004,403,42,87
2017-10-01,PROD00916,WH002,123,8,102
2017-10-01,PROD00874,WH010,234,29,39
2017-10-01,PROD01674,WH004,29,14,29
2017-10-01,PROD00715,WH010,3,1,76
2017-10-01,PROD01251,WH008,169,73,77
2017-10-01,PROD00622,WH007,96,11,44
2017-10-01,PROD01270,WH009,482,24,88
2017-10-01,PROD00480,WH008,279,67,34
2017-10-01,PROD01181,WH007,297,17,43
2017-10-01,PROD01708,WH008,289,33,71
2017-10-01,PROD01268,WH004,308,65,23
2017-10-01,PROD01889,WH008,401,69,104
2017-10-01,PROD01094,WH003,409,53,74
2017-10-01,PROD01806,WH003,449,46,69
2017-10-01,PROD01896,WH007,150,9,50
2017-10-01,PROD00350,WH008,242,19,42
2017-10-01,PROD01685,WH003,321,73,58
2017-10-01,PROD00579,WH010,32,11,86
2017-10-01,PROD00835,WH007,115,26,51
2017-10-01,PROD00226,WH004,272,17,38
2017-10-01,PROD00128,WH009,254,13,69
2017-10-01,PROD00643,WH009,255,30,92
2017-10-01,PROD00724,WH004,442,21,71
2017-10-01,PROD01950,WH002,258,43,32
2017-10-01,PROD00278,WH004,459,67,97
2017-10-01,PROD00697,WH005,10,7,72
2017-10-01,PROD01188,WH010,18,7,75
2017-10-01,PROD00811,WH009,237,28,99
2017-10-01,PROD00914,WH007,217,17,51
2017-10-01,PROD00808,WH008,392,24,61
2017-10-01,PROD00840,WH008,445,47,116
2017-10-01,PROD01510,WH005,459,24,106
2017-10-01,PROD01249,WH010,61,55,77
2017-10-01,PROD01083,WH008,135,38,54
2017-10-01,PROD00791,WH003,322,56,29
2017-10-01,PROD00248,WH001,362,76,42
2017-10-01,PROD01640,WH010,230,14,119
2017-10-01,PROD00228,WH004,305,42,75
2017-10-01,PROD00242,WH004,376,34,89
2017-10-01,PROD01975,WH006,124,47,28
2017-10-01,PROD00596,WH003,21,0,114
2017-10-01,PROD01140,WH008,482,43,92
2017-10-01,PROD01075,WH007,442,53,89
2017-10-01,PROD00125,WH005,346,17,54
2017-10-01,PROD00354,WH001,403,54,49
2017-10-01,PROD01744,WH009,434,55,40
2017-10-01,PROD01994,WH010,264,44,73
2017-10-01,PROD01500,WH009,480,46,43
2017-10-01,PROD00963,WH003,187,0,46
2017-10-01,PROD01820,WH004,388,57,117
2017-10-01,PROD01984,WH002,15,8,117
2017-10-01,PROD00118,WH003,500,32,77
2017-10-01,PROD00817,WH003,477,78,110
2017-10-01,PROD00337,WH004,450,58,53
2017-10-01,PROD01854,WH006,485,30,74
2017-10-01,PROD00575,WH004,90,42,23
2017-10-01,PROD00230,WH010,98,17,71
2017-10-01,PROD01599,WH005,236,35,86
2017-10-01,PROD01646,WH009,113,23,116
2017-10-01,PROD00641,WH001,414,66,64
2017-10-01,PROD01952,WH009,320,17,105
2017-10-01,PROD00606,WH007,123,57,36
2017-10-01,PROD01325,WH007,475,20,81
2017-10-01,PROD01358,WH004,487,24,74
2017-10-01,PROD00810,WH002,15,3,57
2017-10-01,PROD01329,WH002,260,48,101
2017-10-01,PROD00195,WH002,139,28,35
2017-10-01,PROD00943,WH008,418,8,80
2017-10-01,PROD00788,WH003,61,19,28
2017-10-01,PROD00627,WH003,479,54,53
2017-10-01,PROD01778,WH003,318,41,38
2017-10-01,PROD00312,WH001,440,42,89
2017-10-01,PROD01391,WH001,224,38,93
2017-10-01,PROD00078,WH001,175,18,104
2017-10-01,PROD00493,WH005,429,65,27
2017-10-01,PROD01718,WH003,349,76,116
2017-10-01,PROD00632,WH006,281,12,109
2017-10-01,PROD01904,WH010,500,73,86
2017-10-01,PROD00014,WH010,489,44,70
2017-10-01,PROD01838,WH002,255,38,57
2017-10-01,PROD01053,WH006,220,17,108
2017-10-01,PROD01641,WH005,386,8,103
2017-10-01,PROD00094,WH004,83,75,95
2017-10-01,PROD01362,WH007,350,59,50
2017-10-01,PROD00935,WH005,122,5,46
2017-10-01,PROD00925,WH010,282,17,21
2017-10-01,PROD01244,WH006,6,6,40
2017-10-01,PROD00376,WH002,33,9,95
2017-10-01,PROD00037,WH003,343,68,51
2017-10-01,PROD00140,WH007,130,57,81
2017-10-01,PROD01797,WH001,469,34,114
2017-10-01,PROD00728,WH008,200,50,81
2017-10-01,PROD00066,WH002,58,19,54
2017-10-01,PROD00649,WH004,458,46,76
2017-10-01,PROD01475,WH008,277,20,48
2017-10-01,PROD00209,WH002,154,11,23
2017-10-01,PROD00656,WH002,359,15,30
2017-10-01,PROD01132,WH002,204,7,56
2017-10-01,PROD00462,WH005,458,77,83
2017-10-01,PROD01396,WH005,162,59,64
2017-10-01,PROD00451,WH006,489,47,21
2017-10-01,PROD00306,WH010,56,35,118
2017-10-01,PROD01673,WH002,395,31,69
2017-10-01,PROD00171,WH004,151,55,28
2017-10-01,PROD01780,WH005,408,63,93
2017-10-01,PROD01769,WH009,460,64,120
2017-10-01,PROD00282,WH007,44,15,89
2017-10-01,PROD01652,WH002,402,6,82
2017-10-01,PROD01588,WH001,291,67,115
2017-10-01,PROD01354,WH003,98,75,52
2017-10-01,PROD00751,WH004,21,1,106
2017-10-01,PROD01262,WH008,400,64,79
2017-10-01,PROD01486,WH002,449,7,36
2017-10-01,PROD01443,WH001,29,22,91
2017-10-01,PROD00054,WH006,448,61,118
2017-10-01,PROD00883,WH005,378,47,96
2017-10-01,PROD00005,WH003,175,39,34
2017-10-01,PROD00742,WH008,261,54,91
2017-10-01,PROD00580,WH002,7,7,86
2017-10-01,PROD01801,WH010,380,37,113
2017-10-01,PROD01403,WH008,391,11,111
2017-10-01,PROD00290,WH010,83,4,60
2017-10-01,PROD01736,WH007,171,3,56
2017-10-01,PROD00745,WH008,122,60,87
2017-10-01,PROD00931,WH008,285,28,119
2017-10-01,PROD00980,WH009,54,28,52
2017-10-01,PROD00372,WH001,89,33,68
2017-10-01,PROD00475,WH001,163,30,51
2017-10-01,PROD01144,WH004,200,14,83
2017-10-01,PROD00909,WH005,313,20,85
2017-10-01,PROD00316,WH003,148,68,105
2017-10-01,PROD00798,WH003,27,20,92
2017-10-01,PROD01045,WH004,363,56,77
2017-10-01,PROD00011,WH004,84,39,45
2017-10-01,PROD01584,WH008,221,34,53
2017-10-01,PROD01667,WH003,380,14,35
2017-10-01,PROD00252,WH005,386,12,87
2017-10-01,PROD00858,WH010,229,38,58
2017-10-01,PROD01774,WH009,80,28,63
2017-10-01,PROD00769,WH007,422,56,53
2017-10-01,PROD00959,WH001,71,50,53
2017-10-01,PROD00460,WH001,230,29,96
2017-10-01,PROD01280,WH006,248,67,79
2017-10-01,PROD00202,WH007,463,41,111
2017-10-01,PROD01993,WH002,21,0,91
2017-10-01,PROD00255,WH007,77,59,98
2017-10-01,PROD01762,WH001,171,45,110
2017-10-01,PROD01108,WH004,129,1,22
2017-10-01,PROD00501,WH004,405,8,93
2017-10-01,PROD00528,WH001,435,11,118
2017-10-01,PROD00274,WH006,274,16,77
2017-10-01,PROD00326,WH006,405,0,112
2017-10-01,PROD01299,WH010,306,71,76
2017-10-01,PROD01782,WH006,485,75,30
2017-10-01,PROD01102,WH003,326,58,68
2017-10-01,PROD00034,WH001,23,15,38
2017-10-01,PROD00056,WH009,190,3,91
2017-10-01,PROD01096,WH002,107,59,120
2017-10-01,PROD00566,WH001,393,12,22
2017-10-01,PROD01265,WH007,192,80,111
2017-10-01,PROD00380,WH007,84,0,25
2017-10-01,PROD01438,WH008,171,45,101
2017-10-01,PROD01223,WH006,219,67,75
2017-10-01,PROD01873,WH005,303,71,70
2017-10-01,PROD01343,WH005,24,0,105
2017-10-01,PROD01813,WH004,55,37,46
2017-10-01,PROD00990,WH004,108,16,61
2017-10-01,PROD00031,WH001,378,73,89
2017-10-01,PROD00847,WH005,188,65,112
2017-10-01,PROD00540,WH003,159,21,83
2017-10-01,PROD00168,WH004,453,31,73
2017-10-01,PROD00890,WH008,153,36,102
2017-10-01,PROD01694,WH001,488,12,91
2017-10-01,PROD00659,WH008,325,24,33
2017-10-01,PROD01643,WH002,168,38,69
2017-10-01,PROD00159,WH004,156,15,55
2017-10-01,PROD01556,WH010,182,5,108
2017-10-01,PROD01535,WH004,298,10,61
2017-10-01,PROD01245,WH004,71,54,35
2017-10-01,PROD01513,WH001,109,56,38
2017-10-01,PROD01973,WH003,320,7,20
2017-10-01,PROD01826,WH007,178,48,69
2017-10-01,PROD01409,WH010,134,15,22
2017-10-01,PROD00761,WH003,450,4,83
2017-10-01,PROD00735,WH004,91,12,43
2017-10-01,PROD00982,WH005,217,70,47
2017-10-01,PROD01747,WH005,237,70,47
2017-10-01,PROD01562,WH001,160,36,105
2017-10-01,PROD01959,WH010,15,6,32
2017-10-01,PROD01987,WH006,445,12,118
2017-10-01,PROD00072,WH004,470,31,69
2017-10-01,PROD01927,WH010,39,8,108
2017-10-01,PROD00253,WH003,67,47,31
2017-10-01,PROD00411,WH008,83,20,95
2017-10-01,PROD00201,WH001,411,40,35
2017-10-01,PROD01079,WH001,56,21,103
2017-10-01,PROD00661,WH010,404,23,47
2017-10-01,PROD00965,WH008,319,12,100
2017-10-01,PROD00558,WH002,98,39,104
2017-10-01,PROD00384,WH004,443,1,74
2017-10-01,PROD01692,WH007,488,18,30
2017-10-01,PROD00184,WH010,245,34,74
2017-10-01,PROD01724,WH004,373,65,106
2017-10-01,PROD00673,WH006,229,25,105
2017-10-01,PROD00830,WH008,67,51,66
2017-10-01,PROD00328,WH008,67,44,115
2017-10-01,PROD00736,WH001,1,1,83
2017-10-01,PROD00901,WH007,50,1,66
2017-10-01,PROD00944,WH007,27,15,110
2017-10-01,PROD00740,WH006,496,73,49
2017-10-01,PROD01415,WH006,219,14,31
2017-10-01,PROD01577,WH008,274,40,33
2017-10-01,PROD00472,WH006,24,6,28
2017-10-01,PROD01793,WH005,77,27,71
2017-10-01,PROD01891,WH006,203,44,71
2017-10-01,PROD00701,WH005,166,33,34
2017-10-01,PROD00855,WH008,184,27,113
2017-10-01,PROD00948,WH005,431,11,78
2017-10-01,PROD01883,WH006,118,7,81
2017-10-01,PROD01894,WH007,200,75,46
2017-10-01,PROD00198,WH010,344,79,67
2017-10-01,PROD00309,WH005,64,56,68
2017-10-01,PROD01796,WH001,435,43,51
2017-10-01,PROD00315,WH007,398,5,42
2017-10-01,PROD01931,WH001,305,5,64
2017-10-01,PROD00770,WH010,326,42,86
2017-10-01,PROD01893,WH004,198,55,65
2017-10-01,PROD00021,WH003,468,56,66
2017-10-01,PROD01529,WH004,226,69,98
2017-10-01,PROD00969,WH010,167,5,33
2017-10-01,PROD00633,WH005,195,1,112
2017-10-01,PROD00223,WH004,116,31,94
2017-10-01,PROD00408,WH006,73,58,61
2017-10-01,PROD01283,WH002,213,29,116
2017-10-01,PROD00862,WH004,345,25,77
2017-10-01,PROD01505,WH006,70,37,62
2017-10-01,PROD00038,WH005,47,27,103
2017-10-01,PROD01445,WH001,381,62,47
2017-10-01,PROD01127,WH007,431,40,91
2017-10-01,PROD01834,WH007,251,79,65
2017-10-01,PROD01738,WH002,287,57,55
2017-10-01,PROD00219,WH007,46,36,20
2017-10-01,PROD01360,WH008,11,7,48
2017-10-01,PROD00103,WH007,43,36,66
2017-10-01,PROD00164,WH002,265,67,88
2017-10-01,PROD00114,WH001,209,46,82
2017-10-01,PROD00881,WH001,372,18,45
2017-10-01,PROD00879,WH003,324,78,76
2017-10-01,PROD01597,WH009,381,54,100
2017-10-01,PROD00813,WH009,96,0,100
2017-10-01,PROD01310,WH007,259,9,95
2017-10-01,PROD01983,WH006,395,21,20
2017-10-01,PROD00030,WH004,267,18,91
2017-10-01,PROD00703,WH010,57,51,57
2017-10-01,PROD00205,WH005,186,44,45
2017-10-01,PROD00686,WH005,127,65,33
2017-10-01,PROD01695,WH006,83,23,73
2017-10-01,PROD01917,WH006,75,52,103
2017-10-01,PROD01967,WH007,328,59,32
2017-10-01,PROD01898,WH004,269,72,34
2017-10-01,PROD00442,WH006,393,68,56
2017-10-01,PROD00816,WH007,473,32,77
2017-10-01,PROD01823,WH004,406,17,74
2017-10-01,PROD01942,WH006,77,62,101
2017-10-01,PROD01331,WH006,24,6,46
2017-10-01,PROD01068,WH004,207,27,29
2017-10-01,PROD00607,WH006,356,42,91
2017-10-01,PROD00693,WH005,401,40,115
2017-10-01,PROD00834,WH007,437,73,28
2017-10-01,PROD00988,WH005,126,16,106
2017-10-01,PROD01906,WH005,470,5,51
2017-10-01,PROD01985,WH006,302,37,64
2017-10-01,PROD01126,WH008,266,15,68
2017-10-01,PROD01472,WH009,80,9,115
2017-10-01,PROD00824,WH007,240,60,39
2017-10-01,PROD00918,WH007,294,47,21
2017-10-01,PROD01342,WH009,262,58,96
2017-10-01,PROD01689,WH007,24,15,37
2017-10-01,PROD01117,WH006,203,79,74
2017-10-01,PROD00927,WH002,88,19,111
2017-10-01,PROD01084,WH006,277,29,34
2017-10-01,PROD01835,WH007,492,63,97
2017-10-01,PROD01466,WH006,45,21,55
2017-10-01,PROD01289,WH010,409,68,45
2017-10-01,PROD01141,WH008,371,54,30
2017-10-01,PROD00912,WH006,489,56,66
2017-10-01,PROD01881,WH006,419,12,52
2017-10-01,PROD00863,WH002,57,0,98
2017-10-01,PROD00340,WH004,394,18,95
2017-10-01,PROD01314,WH010,313,58,33
2017-10-01,PROD01431,WH003,423,5,59
2017-10-01,PROD01296,WH010,424,75,108
2017-10-01,PROD00994,WH009,126,27,53
2017-10-01,PROD00502,WH008,359,72,76
2017-10-01,PROD01468,WH002,333,47,60
2017-10-01,PROD01624,WH009,287,27,90
2017-10-01,PROD01530,WH004,230,14,97
2017-10-01,PROD01451,WH003,98,51,83
2017-10-01,PROD01461,WH005,429,19,74
2017-10-01,PROD01625,WH005,174,59,59
2017-10-01,PROD01207,WH008,251,34,60
2017-10-01,PROD01869,WH009,66,54,72
2017-10-01,PROD01482,WH004,493,73,114
2017-10-01,PROD00165,WH002,473,74,98
2017-10-01,PROD00116,WH008,50,38,44
2017-10-01,PROD00208,WH002,342,22,47
2017-11-01,PROD00255,WH003,495,38,58
2017-11-01,PROD01567,WH006,316,30,96
2017-11-01,PROD01026,WH009,96,45,107
2017-11-01,PROD01300,WH010,253,25,117
2017-11-01,PROD01900,WH009,114,21,23
2017-11-01,PROD00749,WH010,411,65,103
2017-11-01,PROD00626,WH010,29,28,53
2017-11-01,PROD01773,WH002,459,42,25
2017-11-01,PROD01589,WH002,25,7,48
2017-11-01,PROD00778,WH001,132,53,43
2017-11-01,PROD00107,WH006,212,72,33
2017-11-01,PROD01338,WH001,396,65,90
2017-11-01,PROD00568,WH006,113,25,32
2017-11-01,PROD01471,WH002,190,23,65
2017-11-01,PROD01327,WH002,125,75,29
2017-11-01,PROD00998,WH005,74,21,109
2017-11-01,PROD00997,WH010,445,25,30
2017-11-01,PROD00201,WH007,399,18,90
2017-11-01,PROD00530,WH008,80,68,100
2017-11-01,PROD01653,WH010,22,10,120
2017-11-01,PROD01315,WH010,83,17,34
2017-11-01,PROD00339,WH008,317,56,33
2017-11-01,PROD01857,WH007,215,28,85
2017-11-01,PROD01710,WH002,186,72,96
2017-11-01,PROD00819,WH004,402,4,99
2017-11-01,PROD00641,WH005,400,75,106
2017-11-01,PROD00332,WH009,45,41,73
2017-11-01,PROD00811,WH009,483,70,93
2017-11-01,PROD00891,WH006,457,64,82
2017-11-01,PROD01947,WH001,350,26,87
2017-11-01,PROD00562,WH001,104,64,86
2017-11-01,PROD00933,WH005,172,56,49
2017-11-01,PROD01601,WH002,231,52,102
2017-11-01,PROD00285,WH004,105,19,56
2017-11-01,PROD00224,WH003,141,35,55
2017-11-01,PROD00573,WH005,57,47,45
2017-11-01,PROD01390,WH010,92,69,103
2017-11-01,PROD00160,WH001,41,24,73
2017-11-01,PROD00939,WH003,366,72,83
2017-11-01,PROD00133,WH001,36,32,94
2017-11-01,PROD01543,WH001,48,4,44
2017-11-01,PROD00853,WH005,27,27,58
2017-11-01,PROD01164,WH003,194,65,59
2017-11-01,PROD01860,WH003,379,56,93
2017-11-01,PROD00401,WH001,400,41,88
2017-11-01,PROD01027,WH006,482,44,98
2017-11-01,PROD00473,WH006,411,0,55
2017-11-01,PROD00885,WH003,182,76,22
2017-11-01,PROD00980,WH007,367,63,33
2017-11-01,PROD01961,WH009,218,53,62
2017-11-01,PROD01736,WH007,483,15,43
2017-11-01,PROD00818,WH007,255,18,84
2017-11-01,PROD01293,WH008,63,51,62
2017-11-01,PROD00310,WH003,286,16,108
2017-11-01,PROD01499,WH001,241,77,86
2017-11-01,PROD01670,WH007,419,27,43
2017-11-01,PROD00581,WH008,109,8,104
2017-11-01,PROD00477,WH009,413,6,95
2017-11-01,PROD01753,WH010,16,0,42
2017-11-01,PROD01668,WH005,481,14,107
2017-11-01,PROD00657,WH004,177,44,33
2017-11-01,PROD01908,WH004,190,6,48
2017-11-01,PROD01494,WH005,283,29,57
2017-11-01,PROD00244,WH005,178,61,61
2017-11-01,PROD01401,WH007,139,27,78
2017-11-01,PROD01268,WH002,76,59,72
2017-11-01,PROD01928,WH002,121,45,96
2017-11-01,PROD01231,WH008,453,23,63
2017-11-01,PROD01387,WH003,463,66,71
2017-11-01,PROD01525,WH010,269,2,89
2017-11-01,PROD00030,WH006,14,2,51
2017-11-01,PROD00514,WH009,68,3,89
2017-11-01,PROD01394,WH002,415,52,63
2017-11-01,PROD00443,WH007,30,0,33
2017-11-01,PROD00776,WH004,322,55,107
2017-11-01,PROD00886,WH005,401,72,60
2017-11-01,PROD01258,WH007,196,35,53
2017-11-01,PROD00187,WH009,308,62,101
2017-11-01,PROD00313,WH004,437,42,107
2017-11-01,PROD00668,WH004,337,29,92
2017-11-01,PROD00624,WH003,10,5,35
2017-11-01,PROD00556,WH004,488,68,27
2017-11-01,PROD01713,WH008,363,3,67
2017-11-01,PROD01765,WH010,215,23,103
2017-11-01,PROD00442,WH006,363,47,59
2017-11-01,PROD01976,WH007,107,64,77
2017-11-01,PROD00425,WH006,75,20,111
2017-11-01,PROD01509,WH006,461,35,78
2017-11-01,PROD00557,WH004,190,34,118
2017-11-01,PROD01775,WH001,168,52,31
2017-11-01,PROD00919,WH006,485,71,42
2017-11-01,PROD01599,WH002,478,11,31
2017-11-01,PROD01931,WH005,3,2,79
2017-11-01,PROD01197,WH002,241,60,109
2017-11-01,PROD01829,WH005,275,21,78
2017-11-01,PROD01721,WH004,56,29,105
2017-11-01,PROD01317,WH002,428,54,113
2017-11-01,PROD01451,WH009,275,45,38
2017-11-01,PROD00440,WH003,53,9,84
2017-11-01,PROD00899,WH006,181,54,107
2017-11-01,PROD01310,WH004,27,21,54
2017-11-01,PROD01403,WH007,180,49,55
2017-11-01,PROD00528,WH008,1,1,69
2017-11-01,PROD00264,WH009,275,2,62
2017-11-01,PROD01805,WH007,26,11,76
2017-11-01,PROD01902,WH008,161,63,94
2017-11-01,PROD00988,WH004,131,54,109
2017-11-01,PROD00132,WH007,67,60,56
2017-11-01,PROD00779,WH010,105,0,96
2017-11-01,PROD00977,WH004,67,34,57
2017-11-01,PROD00336,WH008,441,8,65
2017-11-01,PROD00964,WH001,101,71,111
2017-11-01,PROD01814,WH001,213,33,80
2017-11-01,PROD01916,WH008,33,12,53
2017-11-01,PROD01095,WH009,202,61,43
2017-11-01,PROD00837,WH003,377,37,43
2017-11-01,PROD01752,WH006,388,63,56
2017-11-01,PROD01605,WH009,418,15,95
2017-11-01,PROD00795,WH001,409,27,85
2017-11-01,PROD00967,WH004,315,70,24
2017-11-01,PROD01332,WH006,325,0,48
2017-11-01,PROD01651,WH008,26,5,92
2017-11-01,PROD00243,WH003,253,0,99
2017-11-01,PROD00284,WH010,372,61,48
2017-11-01,PROD00449,WH009,399,10,23
2017-11-01,PROD00833,WH002,373,18,95
2017-11-01,PROD01551,WH002,266,48,107
2017-11-01,PROD00450,WH003,192,0,86
2017-11-01,PROD00623,WH010,142,19,31
2017-11-01,PROD01682,WH009,470,33,54
2017-11-01,PROD00488,WH005,468,71,46
2017-11-01,PROD00126,WH008,43,5,117
2017-11-01,PROD01815,WH006,175,68,86
2017-11-01,PROD00614,WH006,240,56,45
2017-11-01,PROD00957,WH009,50,37,117
2017-11-01,PROD00058,WH005,113,72,54
2017-11-01,PROD01316,WH006,3,0,95
2017-11-01,PROD01253,WH009,203,67,90
2017-11-01,PROD00383,WH004,487,27,20
2017-11-01,PROD00968,WH010,266,22,35
2017-11-01,PROD01726,WH005,0,0,40
2017-11-01,PROD00423,WH002,116,53,27
2017-11-01,PROD01277,WH009,174,77,24
2017-11-01,PROD00649,WH002,359,73,118
2017-11-01,PROD00533,WH006,246,46,101
2017-11-01,PROD00586,WH003,117,30,89
2017-11-01,PROD00051,WH001,239,48,118
2017-11-01,PROD00835,WH009,36,16,89
2017-11-01,PROD00662,WH006,87,63,111
2017-11-01,PROD00596,WH001,77,72,61
2017-11-01,PROD01330,WH001,349,50,34
2017-11-01,PROD01849,WH001,69,46,66
2017-11-01,PROD01637,WH008,445,48,115
2017-11-01,PROD00319,WH007,177,32,22
2017-11-01,PROD01247,WH007,368,35,70
2017-11-01,PROD01590,WH007,129,69,57
2017-11-01,PROD01218,WH010,419,2,51
2017-11-01,PROD01937,WH004,100,58,56
2017-11-01,PROD00387,WH010,399,41,98
2017-11-01,PROD01833,WH009,71,11,89
2017-11-01,PROD01958,WH001,286,49,79
2017-11-01,PROD01557,WH005,447,8,48
2017-11-01,PROD00454,WH006,409,40,35
2017-11-01,PROD01760,WH009,66,58,32
2017-11-01,PROD01274,WH006,426,37,100
2017-11-01,PROD01012,WH007,151,5,85
2017-11-01,PROD01485,WH003,140,7,101
2017-11-01,PROD01993,WH009,135,54,113
2017-11-01,PROD00064,WH002,199,51,71
2017-11-01,PROD00735,WH008,75,29,74
2017-11-01,PROD00699,WH004,25,9,42
2017-11-01,PROD01232,WH010,448,8,57
2017-11-01,PROD00874,WH009,104,30,49
2017-11-01,PROD00343,WH001,459,20,29
2017-11-01,PROD00787,WH001,388,35,114
2017-11-01,PROD01028,WH007,356,79,43
2017-11-01,PROD00220,WH008,105,5,47
2017-11-01,PROD01483,WH004,479,28,71
2017-11-01,PROD01819,WH010,372,35,49
2017-11-01,PROD00461,WH007,421,47,28
2017-11-01,PROD00474,WH006,458,46,87
2017-11-01,PROD01430,WH002,442,8,112
2017-11-01,PROD01433,WH001,186,12,120
2017-11-01,PROD00927,WH005,100,24,118
2017-11-01,PROD01444,WH007,305,11,39
2017-11-01,PROD01335,WH008,93,35,83
2017-11-01,PROD01227,WH004,110,80,65
2017-11-01,PROD01241,WH006,382,12,87
2017-11-01,PROD00354,WH004,414,57,29
2017-11-01,PROD01996,WH005,438,2,68
2017-11-01,PROD00427,WH002,192,19,62
2017-11-01,PROD00687,WH001,121,5,99
2017-11-01,PROD00984,WH001,361,1,52
2017-11-01,PROD01841,WH008,479,40,61
2017-11-01,PROD00359,WH004,467,48,93
2017-11-01,PROD00114,WH004,159,60,24
2017-11-01,PROD00378,WH001,293,29,38
2017-11-01,PROD01030,WH009,390,24,34
2017-11-01,PROD01905,WH009,165,30,115
2017-11-01,PROD00554,WH005,196,67,78
2017-11-01,PROD01522,WH007,134,42,66
2017-11-01,PROD01512,WH008,192,65,27
2017-11-01,PROD01175,WH001,471,15,92
2017-11-01,PROD00815,WH007,41,33,33
2017-11-01,PROD00972,WH009,462,63,22
2017-11-01,PROD01768,WH008,250,75,90
2017-11-01,PROD00604,WH006,362,41,80
2017-11-01,PROD01066,WH005,155,25,108
2017-11-01,PROD01223,WH004,82,65,112
2017-11-01,PROD00074,WH010,1,1,70
2017-11-01,PROD00824,WH008,433,59,28
2017-11-01,PROD00451,WH006,301,16,70
2017-11-01,PROD01264,WH002,37,15,22
2017-11-01,PROD01502,WH005,410,79,101
2017-11-01,PROD01537,WH006,221,71,54
2017-11-01,PROD00691,WH004,441,67,66
2017-11-01,PROD00805,WH002,141,79,67
2017-11-01,PROD01843,WH001,141,80,35
2017-11-01,PROD01233,WH010,136,58,117
2017-11-01,PROD01245,WH004,374,43,81
2017-11-01,PROD01131,WH002,281,37,119
2017-11-01,PROD01411,WH003,158,61,26
2017-11-01,PROD01784,WH002,472,37,40
2017-11-01,PROD01751,WH004,65,31,47
2017-11-01,PROD01419,WH001,403,75,90
2017-11-01,PROD00792,WH001,133,77,72
2017-11-01,PROD00317,WH006,462,19,104
2017-11-01,PROD01855,WH010,196,26,24
2017-11-01,PROD01820,WH006,330,19,86
2017-11-01,PROD01796,WH003,202,20,87
2017-11-01,PROD00685,WH002,203,47,67
2017-11-01,PROD01719,WH007,249,6,95
2017-11-01,PROD01656,WH008,84,56,44
2017-11-01,PROD00725,WH001,464,1,97
2017-11-01,PROD01140,WH002,461,45,35
2017-11-01,PROD00352,WH008,348,32,78
2017-11-01,PROD00110,WH001,5,0,120
2017-11-01,PROD00553,WH005,280,22,86
2017-11-01,PROD00956,WH009,455,47,58
2017-11-01,PROD00700,WH002,417,67,24
2017-11-01,PROD01053,WH010,19,1,46
2017-11-01,PROD00852,WH010,484,44,28
2017-11-01,PROD00432,WH007,496,41,118
2017-11-01,PROD00283,WH001,229,23,53
2017-11-01,PROD01539,WH004,79,20,35
2017-11-01,PROD01246,WH006,257,3,57
2017-11-01,PROD00260,WH009,449,17,119
2017-11-01,PROD01611,WH006,306,58,34
2017-11-01,PROD00445,WH003,206,52,81
2017-11-01,PROD01801,WH006,5,0,62
2017-11-01,PROD01562,WH003,47,44,28
2017-11-01,PROD01964,WH009,383,27,50
2017-11-01,PROD00116,WH006,346,14,86
2017-11-01,PROD00929,WH010,66,61,38
2017-11-01,PROD01582,WH007,12,7,86
2017-11-01,PROD01162,WH007,192,70,119
2017-11-01,PROD00643,WH006,255,39,69
2017-11-01,PROD00827,WH005,294,8,74
2017-11-01,PROD00431,WH008,439,0,94
2017-11-01,PROD00248,WH001,403,47,116
2017-11-01,PROD00355,WH005,41,24,108
2017-11-01,PROD01072,WH002,321,75,20
2017-11-01,PROD00610,WH004,286,19,27
2017-11-01,PROD00102,WH007,20,19,74
2017-11-01,PROD01129,WH001,495,1,34
2017-11-01,PROD00613,WH006,282,76,73
2017-11-01,PROD01096,WH010,418,75,109
2017-11-01,PROD01944,WH006,278,47,81
2017-11-01,PROD00752,WH001,6,1,50
2017-11-01,PROD00515,WH010,6,1,79
2017-11-01,PROD01165,WH002,251,56,64
2017-11-01,PROD01623,WH001,224,15,82
2017-11-01,PROD00381,WH003,275,47,42
2017-11-01,PROD01836,WH007,267,35,67
2017-11-01,PROD01380,WH001,305,40,93
2017-11-01,PROD01099,WH005,383,73,64
2017-11-01,PROD00108,WH006,8,7,79
2017-11-01,PROD00684,WH009,137,0,39
2017-11-01,PROD00225,WH007,181,53,60
2017-11-01,PROD01226,WH004,20,6,26
2017-11-01,PROD00565,WH007,167,21,80
2017-11-01,PROD01143,WH008,98,54,53
2017-11-01,PROD00400,WH007,444,41,112
2017-11-01,PROD01244,WH001,191,57,74
2017-11-01,PROD00503,WH010,69,40,23
2017-11-01,PROD01698,WH005,154,63,77
2017-11-01,PROD00069,WH009,472,50,75
2017-11-01,PROD01890,WH008,317,66,57
2017-11-01,PROD01960,WH007,391,28,47
2017-11-01,PROD01333,WH007,485,14,119
2017-11-01,PROD01606,WH001,418,56,112
2017-11-01,PROD01707,WH005,239,53,62
2017-11-01,PROD00510,WH007,413,26,32
2017-11-01,PROD00267,WH004,60,3,46
2017-11-01,PROD00135,WH006,135,43,111
2017-11-01,PROD00020,WH008,212,16,59
2017-11-01,PROD00856,WH002,330,31,93
2017-11-01,PROD01055,WH006,426,9,52
2017-11-01,PROD00985,WH001,171,43,90
2017-11-01,PROD00470,WH009,175,64,118
2017-11-01,PROD00925,WH007,193,71,93
2017-11-01,PROD00391,WH006,463,66,47
2017-11-01,PROD00370,WH001,121,65,54
2017-11-01,PROD00027,WH010,359,35,25
2017-11-01,PROD01923,WH001,294,44,97
2017-11-01,PROD00894,WH007,388,68,56
2017-11-01,PROD00223,WH004,93,31,59
2017-11-01,PROD01943,WH008,124,61,63
2017-11-01,PROD00194,WH007,476,20,93
2017-11-01,PROD00943,WH008,121,71,82
2017-11-01,PROD01912,WH010,262,7,91
2017-11-01,PROD01542,WH001,446,30,75
2017-11-01,PROD01785,WH003,241,75,107
2017-11-01,PROD01919,WH010,207,57,37
2017-11-01,PROD01414,WH009,122,22,115
2017-11-01,PROD01488,WH001,269,17,96
2017-11-01,PROD01954,WH004,414,68,115
2017-11-01,PROD01580,WH010,486,17,54
2017-11-01,PROD00917,WH005,401,75,71
2017-11-01,PROD00436,WH008,106,71,73
2017-11-01,PROD00380,WH007,302,71,32
2017-11-01,PROD01240,WH004,438,17,44
2017-11-01,PROD00210,WH006,396,37,81
2017-11-01,PROD00320,WH003,499,5,51
2017-11-01,PROD01242,WH004,32,27,44
2017-11-01,PROD00316,WH002,489,50,41
2017-11-01,PROD01319,WH009,10,9,48
2017-11-01,PROD01134,WH004,225,20,73
2017-11-01,PROD00222,WH001,335,16,120
2017-11-01,PROD01097,WH001,1,0,115
2017-11-01,PROD01194,WH007,352,59,42
2017-11-01,PROD01056,WH008,279,19,82
2017-11-01,PROD01257,WH010,325,78,101
2017-11-01,PROD01665,WH005,168,62,99
2017-11-01,PROD00288,WH004,150,24,55
2017-11-01,PROD00066,WH004,427,77,31
2017-11-01,PROD01500,WH007,402,12,109
2017-11-01,PROD00296,WH001,180,73,101
2017-11-01,PROD00505,WH003,162,3,110
2017-11-01,PROD01261,WH009,101,26,31
2017-11-01,PROD00748,WH001,70,17,108
2017-11-01,PROD00986,WH006,242,80,58
2017-11-01,PROD00991,WH007,155,29,31
2017-11-01,PROD00595,WH007,473,57,46
2017-11-01,PROD00744,WH007,99,35,48
2017-11-01,PROD00552,WH005,289,19,31
2017-11-01,PROD00246,WH009,17,13,43
2017-11-01,PROD00403,WH002,273,77,106
2017-11-01,PROD01510,WH007,417,66,45
2017-11-01,PROD00191,WH003,333,26,115
2017-11-01,PROD01199,WH005,423,65,110
2017-11-01,PROD01999,WH006,97,69,111
2017-11-01,PROD01948,WH001,314,18,42
2017-11-01,PROD01792,WH004,245,52,25
2017-11-01,PROD00606,WH009,391,41,58
2017-11-01,PROD00271,WH008,151,8,26
2017-11-01,PROD01839,WH008,31,20,113
2017-11-01,PROD01355,WH007,325,43,65
2017-11-01,PROD00091,WH006,69,19,91
2017-11-01,PROD01700,WH002,86,70,114
2017-11-01,PROD01420,WH010,79,48,53
2017-11-01,PROD01126,WH004,80,33,27
2017-11-01,PROD01152,WH001,62,13,27
2017-11-01,PROD00694,WH001,359,61,51
2017-11-01,PROD01492,WH009,247,72,90
2017-11-01,PROD00280,WH002,317,57,24
2017-11-01,PROD00721,WH005,474,52,30
2017-11-01,PROD00129,WH004,101,16,70
2017-11-01,PROD01407,WH004,69,19,59
2017-11-01,PROD00994,WH010,370,69,42
2017-11-01,PROD00035,WH003,106,70,96
2017-11-01,PROD00458,WH001,99,14,108
2017-11-01,PROD00277,WH004,269,79,99
2017-11-01,PROD00111,WH007,95,62,102
2017-11-01,PROD01032,WH004,423,28,65
2017-11-01,PROD00463,WH004,19,6,54
2017-11-01,PROD01022,WH009,473,69,120
2017-11-01,PROD01285,WH005,485,20,79
2017-11-01,PROD01629,WH010,343,34,24
2017-11-01,PROD00702,WH008,63,38,94
2017-11-01,PROD01067,WH001,130,54,96
2017-11-01,PROD01690,WH002,488,31,30
2017-11-01,PROD00467,WH003,40,19,38
2017-11-01,PROD00683,WH010,250,44,73
2017-11-01,PROD01703,WH010,142,43,31
2017-11-01,PROD00407,WH003,233,48,118
2017-11-01,PROD00103,WH008,373,14,37
2017-11-01,PROD00640,WH004,218,32,80
2017-11-01,PROD01783,WH005,17,12,66
2017-11-01,PROD01781,WH007,330,2,31
2017-11-01,PROD01065,WH009,437,63,104
2017-11-01,PROD01884,WH006,435,18,90
2017-11-01,PROD01347,WH009,152,50,108
2017-11-01,PROD00363,WH003,41,40,20
2017-11-01,PROD01521,WH003,259,40,50
2017-11-01,PROD01619,WH003,488,47,118
2017-11-01,PROD01694,WH007,286,15,54
2017-11-01,PROD01409,WH007,263,34,37
2017-11-01,PROD01797,WH006,237,49,98
2017-11-01,PROD00101,WH010,69,24,54
2017-11-01,PROD00594,WH002,106,37,62
2017-11-01,PROD01515,WH007,295,24,62
2017-11-01,PROD01346,WH004,361,50,105
2017-11-01,PROD01882,WH010,266,26,93
2017-11-01,PROD01198,WH003,195,3,68
2017-11-01,PROD01749,WH005,417,22,54
2017-11-01,PROD01869,WH006,280,42,69
2017-11-01,PROD00304,WH002,101,20,66
2017-11-01,PROD00324,WH009,438,2,74
2017-11-01,PROD00083,WH005,453,38,107
2017-11-01,PROD00500,WH004,109,34,109
2017-11-01,PROD01073,WH010,231,40,47
2017-11-01,PROD01716,WH001,187,13,110
2017-11-01,PROD00536,WH009,439,38,71
2017-11-01,PROD00569,WH004,68,55,38
2017-11-01,PROD01523,WH006,360,14,87
2017-11-01,PROD01161,WH001,152,61,21
2017-11-01,PROD01511,WH004,49,23,84
2017-11-01,PROD01888,WH008,100,15,40
2017-11-01,PROD00414,WH009,120,40,68
2017-11-01,PROD00318,WH005,188,24,114
2017-11-01,PROD00579,WH006,147,8,20
2017-11-01,PROD00992,WH007,199,78,96
2017-11-01,PROD00004,WH009,242,59,35
2017-11-01,PROD01878,WH003,247,18,77
2017-11-01,PROD00904,WH001,263,50,88
2017-11-01,PROD01495,WH006,415,35,47
2017-11-01,PROD00618,WH001,308,73,91
2017-11-01,PROD00121,WH008,94,37,82
2017-11-01,PROD01128,WH003,209,32,20
2017-11-01,PROD01817,WH010,38,15,29
2017-11-01,PROD01151,WH010,186,59,111
2017-11-01,PROD00677,WH002,2,0,89
2017-11-01,PROD00730,WH006,461,66,120
2017-11-01,PROD00079,WH006,41,25,80
2017-11-01,PROD00969,WH006,289,72,113
2017-11-01,PROD00289,WH005,175,74,73
2017-11-01,PROD00682,WH002,143,13,63
2017-11-01,PROD00439,WH008,182,31,110
2017-11-01,PROD00302,WH008,58,11,54
2017-11-01,PROD00130,WH006,259,61,89
2017-11-01,PROD01624,WH003,103,76,84
2017-11-01,PROD01655,WH006,475,31,110
2017-11-01,PROD00456,WH005,372,80,64
2017-11-01,PROD00089,WH008,445,22,92
2017-11-01,PROD00196,WH009,247,45,55
2017-11-01,PROD00090,WH001,460,15,95
2017-11-01,PROD01477,WH001,137,35,120
2017-11-01,PROD00002,WH003,289,74,91
2017-11-01,PROD00088,WH003,245,17,34
2017-11-01,PROD01424,WH007,149,62,83
2017-11-01,PROD01821,WH003,37,17,82
2017-11-01,PROD00040,WH002,271,46,77
2017-11-01,PROD01594,WH007,355,21,91
2017-11-01,PROD01370,WH006,22,15,36
2017-11-01,PROD00373,WH002,29,10,104
2017-11-01,PROD01630,WH006,391,64,110
2017-11-01,PROD00575,WH002,19,8,47
2017-11-01,PROD01440,WH007,17,15,117
2017-11-01,PROD00195,WH003,113,54,77
2017-11-01,PROD01826,WH002,79,22,110
2017-11-01,PROD00314,WH010,367,7,27
2017-11-01,PROD00820,WH008,27,18,108
2017-11-01,PROD00389,WH010,458,38,61
2017-11-01,PROD01508,WH003,386,4,118
2017-11-01,PROD00047,WH001,53,51,108
2017-11-01,PROD00878,WH005,396,27,23
2017-11-01,PROD00946,WH009,397,64,57
2017-11-01,PROD01397,WH003,338,6,54
2017-11-01,PROD00599,WH008,51,8,46
2017-11-01,PROD00745,WH001,375,33,75
2017-11-01,PROD01057,WH004,425,57,23
2017-11-01,PROD00724,WH001,281,42,71
2017-11-01,PROD01811,WH006,475,36,117
2017-11-01,PROD00764,WH007,37,34,30
2017-11-01,PROD00270,WH001,5,5,94
2017-11-01,PROD01209,WH006,255,3,104
2017-11-01,PROD01225,WH008,13,2,57
2017-11-01,PROD01674,WH001,367,77,39
2017-11-01,PROD01160,WH007,72,42,84
2017-11-01,PROD00012,WH001,457,24,20
2017-11-01,PROD01071,WH003,440,69,59
2017-11-01,PROD00323,WH005,390,30,81
2017-11-01,PROD00231,WH003,82,71,60
2017-11-01,PROD01254,WH002,88,5,90
2017-11-01,PROD01681,WH009,314,2,87
2017-11-01,PROD00981,WH010,49,33,45
2017-11-01,PROD00802,WH007,14,1,27
2017-11-01,PROD00388,WH009,306,70,48
2017-11-01,PROD01423,WH004,455,46,66
2017-11-01,PROD01150,WH004,277,77,81
2017-11-01,PROD00517,WH010,454,8,29
2017-11-01,PROD01756,WH003,333,64,29
2017-11-01,PROD00920,WH010,461,69,57
2017-11-01,PROD00009,WH003,175,26,91
2017-11-01,PROD01445,WH001,57,17,36
2017-11-01,PROD01177,WH003,468,54,52
2017-11-01,PROD00211,WH009,376,68,28
2017-11-01,PROD01672,WH001,58,7,49
2017-11-01,PROD00541,WH004,228,46,50
2017-12-01,PROD00337,WH006,57,23,76
2017-12-01,PROD00268,WH008,191,26,21
2017-12-01,PROD01482,WH006,236,7,110
2017-12-01,PROD01021,WH009,491,74,68
2017-12-01,PROD01556,WH003,279,15,42
2017-12-01,PROD01140,WH004,468,52,117
2017-12-01,PROD01399,WH004,409,59,70
2017-12-01,PROD01149,WH007,444,26,54
2017-12-01,PROD00487,WH008,26,2,20
2017-12-01,PROD00855,WH007,59,59,53
2017-12-01,PROD00807,WH003,486,69,23
2017-12-01,PROD01266,WH001,205,27,118
2017-12-01,PROD01541,WH009,255,8,63
2017-12-01,PROD00363,WH008,348,56,49
2017-12-01,PROD01942,WH003,161,33,66
2017-12-01,PROD01485,WH004,263,27,81
2017-12-01,PROD00790,WH009,238,26,84
2017-12-01,PROD00805,WH003,239,29,98
2017-12-01,PROD00694,WH007,435,59,118
2017-12-01,PROD00199,WH009,130,67,97
2017-12-01,PROD01200,WH003,468,41,94
2017-12-01,PROD01512,WH006,239,26,82
2017-12-01,PROD01094,WH004,44,3,104
2017-12-01,PROD00442,WH009,121,74,50
2017-12-01,PROD01095,WH008,70,26,47
2017-12-01,PROD00752,WH002,270,10,95
2017-12-01,PROD00384,WH009,148,56,46
2017-12-01,PROD00604,WH009,321,29,85
2017-12-01,PROD00042,WH005,286,6,82
2017-12-01,PROD00907,WH009,447,1,111
2017-12-01,PROD01860,WH009,59,21,99
2017-12-01,PROD01054,WH006,389,20,79
2017-12-01,PROD00221,WH009,450,65,28
2017-12-01,PROD00088,WH008,376,71,114
2017-12-01,PROD00702,WH005,392,68,71
2017-12-01,PROD01778,WH001,399,80,76
2017-12-01,PROD01650,WH006,104,75,25
2017-12-01,PROD00117,WH005,261,0,120
2017-12-01,PROD00298,WH001,204,15,80
2017-12-01,PROD00597,WH006,384,73,119
2017-12-01,PROD01730,WH005,2,0,74
2017-12-01,PROD01167,WH007,493,43,33
2017-12-01,PROD00867,WH009,417,2,64
2017-12-01,PROD01844,WH008,465,72,38
2017-12-01,PROD01013,WH008,123,20,106
2017-12-01,PROD01166,WH009,411,72,26
2017-12-01,PROD01547,WH001,200,17,83
2017-12-01,PROD00228,WH008,455,51,57
2017-12-01,PROD01040,WH002,49,31,97
2017-12-01,PROD01891,WH009,203,34,73
2017-12-01,PROD00516,WH008,490,0,83
2017-12-01,PROD01927,WH002,34,26,53
2017-12-01,PROD00309,WH003,154,63,46
2017-12-01,PROD01074,WH002,89,67,88
2017-12-01,PROD00236,WH006,173,21,81
2017-12-01,PROD01727,WH006,211,20,110
2017-12-01,PROD00766,WH005,391,75,66
2017-12-01,PROD00610,WH010,378,46,46
2017-12-01,PROD00454,WH002,384,29,49
2017-12-01,PROD01578,WH001,232,71,29
2017-12-01,PROD00481,WH009,322,68,68
2017-12-01,PROD00908,WH001,309,57,79
2017-12-01,PROD01442,WH006,313,30,26
2017-12-01,PROD01946,WH005,404,15,119
2017-12-01,PROD01723,WH001,291,67,35
2017-12-01,PROD00100,WH003,392,38,42
2017-12-01,PROD00793,WH008,215,55,22
2017-12-01,PROD00872,WH002,469,18,40
2017-12-01,PROD01725,WH006,220,21,33
2017-12-01,PROD00794,WH004,58,19,39
2017-12-01,PROD01130,WH001,247,8,94
2017-12-01,PROD00763,WH006,39,27,47
2017-12-01,PROD00819,WH006,100,5,54
2017-12-01,PROD01610,WH007,97,71,89
2017-12-01,PROD01663,WH005,142,36,56
2017-12-01,PROD00818,WH004,132,38,83
2017-12-01,PROD00273,WH009,283,3,104
2017-12-01,PROD00083,WH005,363,15,114
2017-12-01,PROD01970,WH008,139,80,42
2017-12-01,PROD01704,WH008,161,73,46
2017-12-01,PROD01234,WH004,474,73,44
2017-12-01,PROD00809,WH005,247,23,109
2017-12-01,PROD01346,WH006,11,8,105
2017-12-01,PROD01777,WH001,223,6,118
2017-12-01,PROD01033,WH005,249,53,47
2017-12-01,PROD01071,WH002,447,8,92
2017-12-01,PROD01957,WH007,500,27,120
2017-12-01,PROD01382,WH008,314,78,59
2017-12-01,PROD01470,WH001,482,49,112
2017-12-01,PROD01207,WH010,138,29,77
2017-12-01,PROD00275,WH010,334,38,95
2017-12-01,PROD00402,WH010,315,79,48
2017-12-01,PROD01497,WH003,13,4,41
2017-12-01,PROD00371,WH002,358,41,25
2017-12-01,PROD01613,WH003,126,71,111
2017-12-01,PROD01909,WH004,285,0,58
2017-12-01,PROD00890,WH005,1,0,27
2017-12-01,PROD00260,WH003,181,4,94
2017-12-01,PROD01425,WH001,380,59,57
2017-12-01,PROD00364,WH004,34,31,24
2017-12-01,PROD01848,WH003,164,27,59
2017-12-01,PROD00849,WH009,160,78,42
2017-12-01,PROD00854,WH002,32,19,82
2017-12-01,PROD00106,WH003,470,71,101
2017-12-01,PROD01539,WH005,428,24,38
2017-12-01,PROD01800,WH005,322,53,90
2017-12-01,PROD00027,WH006,428,15,23
2017-12-01,PROD01366,WH008,340,18,79
2017-12-01,PROD01120,WH004,234,58,76
2017-12-01,PROD01880,WH003,416,72,55
2017-12-01,PROD00047,WH005,288,54,100
2017-12-01,PROD00495,WH004,376,53,82
2017-12-01,PROD01821,WH008,133,75,71
2017-12-01,PROD00573,WH009,6,5,57
2017-12-01,PROD00299,WH008,298,0,40
2017-12-01,PROD01312,WH006,115,76,95
2017-12-01,PROD01826,WH007,176,78,32
2017-12-01,PROD00022,WH004,269,73,49
2017-12-01,PROD01020,WH001,198,55,24
2017-12-01,PROD00461,WH002,242,45,26
2017-12-01,PROD01574,WH007,263,70,71
2017-12-01,PROD00639,WH004,449,66,113
2017-12-01,PROD01745,WH008,439,76,108
2017-12-01,PROD00066,WH007,362,13,108
2017-12-01,PROD00144,WH006,363,38,64
2017-12-01,PROD00321,WH005,323,76,93
2017-12-01,PROD01667,WH004,53,14,73
2017-12-01,PROD00408,WH004,432,67,40
2017-12-01,PROD00671,WH001,401,1,113
2017-12-01,PROD01721,WH007,412,58,43
2017-12-01,PROD01670,WH001,306,10,20
2017-12-01,PROD00520,WH008,259,70,47
2017-12-01,PROD00645,WH004,178,14,44
2017-12-01,PROD00751,WH002,149,20,109
2017-12-01,PROD00480,WH008,241,79,120
2017-12-01,PROD00375,WH001,51,39,64
2017-12-01,PROD00007,WH003,136,71,57
2017-12-01,PROD01831,WH007,423,57,72
2017-12-01,PROD00600,WH002,375,57,53
2017-12-01,PROD00025,WH002,496,49,91
2017-12-01,PROD00661,WH005,173,14,106
2017-12-01,PROD00928,WH003,154,66,68
2017-12-01,PROD00525,WH006,300,20,92
2017-12-01,PROD00152,WH002,7,1,104
2017-12-01,PROD00662,WH006,176,14,29
2017-12-01,PROD01488,WH010,266,51,108
2017-12-01,PROD01606,WH001,187,25,75
2017-12-01,PROD00476,WH003,214,62,61
2017-12-01,PROD00136,WH010,177,79,72
2017-12-01,PROD00608,WH001,340,2,95
2017-12-01,PROD00213,WH010,30,14,46
2017-12-01,PROD01348,WH009,446,7,44
2017-12-01,PROD01557,WH001,292,0,70
2017-12-01,PROD00743,WH006,344,48,37
2017-12-01,PROD01107,WH003,153,16,73
2017-12-01,PROD00024,WH001,154,73,78
2017-12-01,PROD01801,WH007,297,49,108
2017-12-01,PROD01064,WH001,282,75,24
2017-12-01,PROD01770,WH006,77,22,70
2017-12-01,PROD01571,WH002,344,4,39
2017-12-01,PROD01709,WH008,494,14,105
2017-12-01,PROD01587,WH002,301,8,76
2017-12-01,PROD01793,WH007,202,5,69
2017-12-01,PROD00693,WH005,407,51,89
2017-12-01,PROD01232,WH004,295,42,82
2017-12-01,PROD01180,WH004,263,4,25
2017-12-01,PROD00808,WH001,281,15,100
2017-12-01,PROD01447,WH007,129,1,82
2017-12-01,PROD01369,WH008,108,66,102
2017-12-01,PROD00629,WH006,269,21,82
2017-12-01,PROD01923,WH008,306,25,34
2017-12-01,PROD00143,WH003,461,36,56
2017-12-01,PROD00708,WH003,257,19,105
2017-12-01,PROD01559,WH005,53,25,73
2017-12-01,PROD00553,WH009,159,80,27
2017-12-01,PROD00017,WH010,447,5,114
2017-12-01,PROD01137,WH005,50,17,54
2017-12-01,PROD01061,WH004,7,2,63
2017-12-01,PROD01307,WH006,97,61,104
2017-12-01,PROD01291,WH009,375,48,80
2017-12-01,PROD00197,WH006,270,50,118
2017-12-01,PROD00927,WH003,263,28,107
2017-12-01,PROD01930,WH006,254,60,110
2017-12-01,PROD00328,WH007,499,30,67
2017-12-01,PROD01856,WH008,449,80,74
2017-12-01,PROD01383,WH008,130,41,42
2017-12-01,PROD01178,WH004,149,64,99
2017-12-01,PROD00263,WH002,333,2,107
2017-12-01,PROD01309,WH002,474,73,72
2017-12-01,PROD00040,WH002,83,60,47
2017-12-01,PROD01046,WH003,32,32,72
2017-12-01,PROD00220,WH003,49,49,35
2017-12-01,PROD00740,WH001,262,49,65
2017-12-01,PROD00673,WH004,389,5,40
2017-12-01,PROD00289,WH010,164,51,24
2017-12-01,PROD01096,WH004,329,13,93
2017-12-01,PROD01982,WH008,124,63,99
2017-12-01,PROD00060,WH009,362,48,47
2017-12-01,PROD01115,WH002,24,11,66
2017-12-01,PROD00565,WH001,73,14,116
2017-12-01,PROD01787,WH008,179,50,79
2017-12-01,PROD00546,WH003,257,29,69
2017-12-01,PROD00544,WH001,384,63,111
2017-12-01,PROD01436,WH005,420,43,67
2017-12-01,PROD00035,WH006,140,28,55
2017-12-01,PROD00126,WH009,166,32,25
2017-12-01,PROD01136,WH006,278,39,32
2017-12-01,PROD01729,WH001,492,6,119
2017-12-01,PROD00013,WH010,296,42,81
2017-12-01,PROD01075,WH004,311,41,71
2017-12-01,PROD01350,WH003,451,52,71
2017-12-01,PROD01172,WH003,189,23,102
2017-12-01,PROD00959,WH003,112,7,51
2017-12-01,PROD01254,WH010,180,50,75
2017-12-01,PROD01478,WH009,204,74,106
2017-12-01,PROD01321,WH009,188,26,118
2017-12-01,PROD01795,WH008,204,24,117
2017-12-01,PROD00776,WH007,432,26,34
2017-12-01,PROD01181,WH004,459,69,73
2017-12-01,PROD01632,WH010,0,0,86
2017-12-01,PROD01215,WH003,85,33,50
2017-12-01,PROD00912,WH004,454,5,24
2017-12-01,PROD00216,WH003,291,39,93
2017-12-01,PROD00443,WH009,201,27,107
2017-12-01,PROD01009,WH003,76,1,105
2017-12-01,PROD00792,WH004,101,35,110
2017-12-01,PROD00883,WH006,224,57,80
2017-12-01,PROD00524,WH001,154,59,108
2017-12-01,PROD00172,WH004,34,18,99
2017-12-01,PROD00585,WH007,324,57,75
2017-12-01,PROD01701,WH002,26,21,48
2017-12-01,PROD00558,WH008,370,47,62
2017-12-01,PROD01949,WH007,355,6,102
2017-12-01,PROD00582,WH003,473,23,57
2017-12-01,PROD01867,WH001,281,16,88
2017-12-01,PROD00412,WH010,109,33,37
2017-12-01,PROD01950,WH008,489,18,42
2017-12-01,PROD00490,WH006,208,25,109
2017-12-01,PROD00460,WH004,265,33,75
2017-12-01,PROD01351,WH005,47,41,48
2017-12-01,PROD00880,WH004,387,1,41
2017-12-01,PROD00698,WH006,59,10,41
2017-12-01,PROD00965,WH006,495,45,102
2017-12-01,PROD01449,WH002,298,75,64
2017-12-01,PROD00466,WH005,358,44,119
2017-12-01,PROD00898,WH008,37,7,91
2017-12-01,PROD00163,WH006,56,26,33
2017-12-01,PROD00102,WH003,55,34,88
2017-12-01,PROD01379,WH007,111,50,107
2017-12-01,PROD00966,WH006,277,10,95
2017-12-01,PROD01174,WH003,293,63,85
2017-12-01,PROD00291,WH010,201,8,39
2017-12-01,PROD00129,WH004,301,45,77
2017-12-01,PROD00722,WH008,267,66,50
2017-12-01,PROD00811,WH007,316,76,75
2017-12-01,PROD01996,WH005,1,0,35
2017-12-01,PROD00748,WH003,231,54,73
2017-12-01,PROD00014,WH002,377,44,84
2017-12-01,PROD01963,WH006,296,66,42
2017-12-01,PROD00485,WH008,163,35,119
2017-12-01,PROD00820,WH003,174,1,77
2017-12-01,PROD01295,WH008,484,47,118
2017-12-01,PROD01359,WH003,281,10,57
2017-12-01,PROD00052,WH006,497,7,96
2017-12-01,PROD00108,WH001,436,74,84
2017-12-01,PROD00576,WH007,140,73,109
2017-12-01,PROD00663,WH005,417,50,54
2017-12-01,PROD00622,WH007,479,24,40
2017-12-01,PROD00161,WH001,163,66,77
2017-12-01,PROD00960,WH009,452,66,42
2017-12-01,PROD01454,WH001,103,32,116
2017-12-01,PROD01883,WH009,57,38,117
2017-12-01,PROD01686,WH005,492,9,58
2017-12-01,PROD01376,WH005,339,24,31
2017-12-01,PROD00437,WH005,268,8,62
2017-12-01,PROD01279,WH001,342,74,27
2017-12-01,PROD00020,WH003,315,67,20
2017-12-01,PROD01764,WH001,132,76,27
2017-12-01,PROD01222,WH002,209,38,109
2017-12-01,PROD01411,WH005,162,54,46
2017-12-01,PROD01611,WH002,234,62,42
2017-12-01,PROD00098,WH001,499,42,27
2017-12-01,PROD01038,WH004,471,76,44
2017-12-01,PROD01679,WH007,199,50,96
2017-12-01,PROD01338,WH007,171,52,26
2017-12-01,PROD01945,WH001,496,40,90
2017-12-01,PROD00486,WH006,110,74,20
2017-12-01,PROD01204,WH005,411,60,21
2017-12-01,PROD01647,WH005,379,50,88
2017-12-01,PROD01824,WH002,292,15,71
2017-12-01,PROD00672,WH004,393,50,51
2017-12-01,PROD01961,WH004,442,37,80
2017-12-01,PROD01515,WH002,226,28,102
2017-12-01,PROD00782,WH008,10,9,92
2017-12-01,PROD00924,WH006,272,60,53
2017-12-01,PROD00427,WH009,424,29,32
2017-12-01,PROD01762,WH002,43,23,95
2017-12-01,PROD01489,WH002,148,50,106
2017-12-01,PROD01126,WH009,107,46,82
2017-12-01,PROD00532,WH006,104,18,24
2017-12-01,PROD01658,WH007,445,32,37
2017-12-01,PROD00397,WH006,254,71,55
2017-12-01,PROD01753,WH008,103,3,42
2017-12-01,PROD00844,WH007,222,70,95
2017-12-01,PROD00625,WH003,314,78,23
2017-12-01,PROD00436,WH009,112,51,92
2017-12-01,PROD00292,WH008,461,73,82
2017-12-01,PROD00589,WH003,141,30,33
2017-12-01,PROD00038,WH003,160,52,39
2017-12-01,PROD00312,WH010,360,5,37
2017-12-01,PROD01016,WH002,149,41,73
2017-12-01,PROD00234,WH004,355,72,93
2017-12-01,PROD00316,WH005,407,12,34
2017-12-01,PROD00320,WH001,403,21,93
2017-12-01,PROD01082,WH004,102,35,45
2017-12-01,PROD01837,WH004,256,24,46
2017-12-01,PROD00468,WH001,152,50,95
2017-12-01,PROD01786,WH003,256,35,93
2017-12-01,PROD01881,WH010,176,74,25
2017-12-01,PROD01365,WH009,105,72,113
2017-12-01,PROD00493,WH009,226,3,40
2017-12-01,PROD00560,WH003,71,36,103
2017-12-01,PROD00894,WH010,288,48,72
2017-12-01,PROD00185,WH001,302,58,46
2017-12-01,PROD00716,WH002,352,20,50
2017-12-01,PROD00112,WH010,390,32,21
2017-12-01,PROD01577,WH009,86,56,114
2017-12-01,PROD00551,WH006,433,47,114
2017-12-01,PROD00279,WH004,339,4,102
2017-12-01,PROD00528,WH002,441,10,111
2017-12-01,PROD00150,WH007,321,69,38
2017-12-01,PROD01934,WH005,354,41,70
2017-12-01,PROD00255,WH006,212,18,110
2017-12-01,PROD01079,WH003,459,46,25
2017-12-01,PROD00204,WH009,244,80,107
2017-12-01,PROD00633,WH004,206,2,70
2017-12-01,PROD01460,WH008,469,78,58
2017-12-01,PROD01570,WH008,391,55,117
2017-12-01,PROD00835,WH009,316,77,83
2017-12-01,PROD01387,WH003,295,19,120
2017-12-01,PROD01616,WH002,369,0,114
2017-12-01,PROD01131,WH006,331,74,40
2017-12-01,PROD00575,WH010,260,12,35
2017-12-01,PROD00130,WH005,389,43,88
2017-12-01,PROD00910,WH007,266,54,67
2017-12-01,PROD01966,WH006,257,34,72
2017-12-01,PROD00882,WH005,398,8,94
2017-12-01,PROD01495,WH006,248,0,78
2017-12-01,PROD01951,WH006,98,64,25
2017-12-01,PROD01375,WH003,484,17,72
2017-12-01,PROD01062,WH008,51,6,119
2017-12-01,PROD00127,WH007,122,26,76
2017-12-01,PROD00979,WH007,465,21,70
2017-12-01,PROD00535,WH009,226,32,81
2017-12-01,PROD00054,WH003,296,54,64
2017-12-01,PROD01276,WH002,276,13,46
2017-12-01,PROD00522,WH004,213,51,37
2017-12-01,PROD01170,WH001,236,5,56
2017-12-01,PROD00986,WH001,309,64,114
2017-12-01,PROD00039,WH006,487,72,46
2017-12-01,PROD01308,WH010,18,16,94
2017-12-01,PROD01902,WH008,104,73,62
2017-12-01,PROD00055,WH002,422,39,22
2017-12-01,PROD01871,WH005,110,32,105
2017-12-01,PROD01967,WH006,331,54,38
2017-12-01,PROD00050,WH008,35,12,95
2017-12-01,PROD01051,WH006,422,74,51
2017-12-01,PROD00769,WH003,431,15,43
2017-12-01,PROD00646,WH001,192,47,63
2017-12-01,PROD00736,WH008,471,45,46
2017-12-01,PROD00395,WH004,321,31,96
2017-12-01,PROD01987,WH007,436,39,116
2017-12-01,PROD01534,WH006,373,55,91
2017-12-01,PROD01496,WH001,186,18,60
2017-12-01,PROD00242,WH003,234,25,90
2017-12-01,PROD00135,WH005,309,14,76
2017-12-01,PROD01335,WH002,173,37,40
2017-12-01,PROD00266,WH002,52,11,66
2017-12-01,PROD00892,WH001,291,43,102
2017-12-01,PROD00657,WH007,255,62,98
2017-12-01,PROD01985,WH009,155,60,77
2017-12-01,PROD01806,WH007,9,5,117
2017-12-01,PROD01684,WH005,128,18,40
2017-12-01,PROD01850,WH010,290,32,46
2017-12-01,PROD01420,WH010,153,63,64
2017-12-01,PROD00513,WH006,378,33,25
2017-12-01,PROD01771,WH003,386,49,23
2017-12-01,PROD00352,WH007,229,40,62
2017-12-01,PROD00721,WH001,345,34,95
2017-12-01,PROD01197,WH003,59,32,29
2017-12-01,PROD01045,WH005,96,54,22
2017-12-01,PROD00419,WH007,163,33,56
2017-12-01,PROD01146,WH006,169,13,49
2017-12-01,PROD00214,WH005,231,80,45
2017-12-01,PROD00768,WH001,392,22,39
2017-12-01,PROD00096,WH008,299,69,108
2017-12-01,PROD01313,WH003,374,5,76
2017-12-01,PROD01964,WH007,483,9,35
2017-12-01,PROD00310,WH004,487,46,26
2017-12-01,PROD00404,WH004,395,16,84
2017-12-01,PROD01842,WH003,489,38,64
2017-12-01,PROD01761,WH004,283,40,111
2017-12-01,PROD01245,WH001,18,6,110
2017-12-01,PROD00857,WH004,238,58,45
2017-12-01,PROD01744,WH007,353,79,37
2017-12-01,PROD01408,WH005,280,49,71
2017-12-01,PROD00732,WH004,95,74,62
2017-12-01,PROD01398,WH005,277,79,59
2017-12-01,PROD01014,WH001,80,50,110
2017-12-01,PROD00178,WH004,58,55,72
2017-12-01,PROD01674,WH005,43,39,120
2017-12-01,PROD01385,WH005,31,10,101
2017-12-01,PROD01203,WH003,71,29,37
2017-12-01,PROD01649,WH007,205,76,60
2017-12-01,PROD00543,WH008,71,42,53
2017-12-01,PROD00062,WH003,66,8,92
2017-12-01,PROD01431,WH007,118,30,113
2017-12-01,PROD01732,WH009,113,1,76
2017-12-01,PROD01286,WH002,336,11,117
2017-12-01,PROD01414,WH003,345,66,64
2017-12-01,PROD00325,WH009,316,79,116
2017-12-01,PROD00202,WH007,111,31,75
2017-12-01,PROD00193,WH010,254,5,55
2017-12-01,PROD01422,WH008,342,54,71
2017-12-01,PROD01579,WH007,282,35,74
2017-12-01,PROD00733,WH006,44,2,119
2017-12-01,PROD01429,WH004,238,76,102
2017-12-01,PROD00394,WH006,287,57,23
2017-12-01,PROD00831,WH008,477,35,90
2017-12-01,PROD01047,WH008,115,37,115
2017-12-01,PROD00518,WH009,133,26,29
2017-12-01,PROD00949,WH009,20,10,24
2017-12-01,PROD01031,WH003,200,53,114
2017-12-01,PROD00613,WH007,272,78,56
2017-12-01,PROD01239,WH004,146,35,103
2017-12-01,PROD00428,WH003,489,11,109
2017-12-01,PROD01899,WH007,335,52,43
2017-12-01,PROD01471,WH004,461,16,22
2017-12-01,PROD01707,WH010,413,5,32
2017-12-01,PROD00916,WH010,36,10,46
2017-12-01,PROD01311,WH004,480,70,95
2017-12-01,PROD00981,WH008,419,32,114
2017-12-01,PROD00503,WH007,125,74,80
2017-12-01,PROD00859,WH009,100,79,74
2017-12-01,PROD01413,WH001,55,24,49
2017-12-01,PROD00843,WH010,462,53,43
2017-12-01,PROD00472,WH001,103,34,35
2017-12-01,PROD00873,WH002,284,76,45
2017-12-01,PROD00340,WH001,438,46,52
2017-12-01,PROD01631,WH004,1,1,24
2017-12-01,PROD01160,WH004,346,56,33
2017-12-01,PROD00399,WH001,85,17,89
2017-12-01,PROD00677,WH001,399,30,26
2017-12-01,PROD01310,WH004,382,27,118
2017-12-01,PROD00863,WH005,275,25,23
2017-12-01,PROD01913,WH005,390,54,105
2017-12-01,PROD00322,WH006,156,59,67
2017-12-01,PROD01212,WH004,52,31,35
2017-12-01,PROD01624,WH003,161,64,68
2017-12-01,PROD00071,WH002,125,38,68
2017-12-01,PROD00718,WH005,399,14,85
2017-12-01,PROD01590,WH010,267,11,73
2017-12-01,PROD00812,WH005,287,42,22
2017-12-01,PROD00265,WH010,403,69,32
2017-12-01,PROD00926,WH008,271,9,65
2017-12-01,PROD01540,WH005,309,19,69
2017-12-01,PROD00948,WH007,135,42,39
2017-12-01,PROD00115,WH006,340,77,28
2017-12-01,PROD00398,WH002,225,68,104
2017-12-01,PROD00754,WH005,332,63,32
2017-12-01,PROD01626,WH002,105,16,87
2017-12-01,PROD00561,WH004,0,0,33
2017-12-01,PROD01386,WH003,311,10,57
2017-12-01,PROD00104,WH006,101,56,118
2017-12-01,PROD01932,WH007,291,7,86
2017-12-01,PROD01006,WH009,33,30,69
2017-12-01,PROD01807,WH007,334,58,46
2017-12-01,PROD00717,WH003,374,14,36
2017-12-01,PROD01897,WH007,338,19,27
2017-12-01,PROD01396,WH007,161,1,31
2017-12-01,PROD00410,WH010,46,9,33
2017-12-01,PROD01293,WH002,95,29,50
2017-12-01,PROD01417,WH009,129,20,95
2017-12-01,PROD01290,WH004,195,52,118
2017-12-01,PROD01244,WH001,91,15,89
2017-12-01,PROD00430,WH006,451,68,88
2017-12-01,PROD00667,WH009,382,13,46
2017-12-01,PROD00935,WH004,304,26,103
2017-12-01,PROD00817,WH003,395,33,113
2017-12-01,PROD00194,WH004,77,32,50
2017-12-01,PROD01636,WH008,385,80,92
2017-12-01,PROD00627,WH005,85,69,33
2017-12-01,PROD00158,WH009,82,17,93
2017-12-01,PROD01746,WH010,250,56,109
2017-12-01,PROD01775,WH009,143,71,72
2017-12-01,PROD01233,WH003,104,54,85
2017-12-01,PROD01791,WH009,337,80,96
2017-12-01,PROD00403,WH004,201,28,53
2017-12-01,PROD00391,WH001,161,32,38
2017-12-01,PROD00940,WH009,418,39,24
2018-01-01,PROD01963,WH003,440,4,101
2018-01-01,PROD01348,WH002,422,70,21
2018-01-01,PROD00698,WH006,283,11,111
2018-01-01,PROD01505,WH009,280,1,51
2018-01-01,PROD01534,WH010,432,40,91
2018-01-01,PROD00620,WH009,313,0,120
2018-01-01,PROD00233,WH009,134,45,77
2018-01-01,PROD01237,WH008,72,51,70
2018-01-01,PROD00483,WH010,226,57,93
2018-01-01,PROD01224,WH007,309,57,57
2018-01-01,PROD01370,WH009,188,62,20
2018-01-01,PROD01653,WH007,359,32,75
2018-01-01,PROD00417,WH006,251,17,55
2018-01-01,PROD01908,WH002,398,54,48
2018-01-01,PROD00391,WH001,57,55,82
2018-01-01,PROD01150,WH002,40,30,103
2018-01-01,PROD00414,WH009,61,14,58
2018-01-01,PROD01933,WH004,383,8,76
2018-01-01,PROD01939,WH008,92,62,45
2018-01-01,PROD00464,WH003,108,50,94
2018-01-01,PROD01145,WH006,367,1,115
2018-01-01,PROD00677,WH007,211,70,67
2018-01-01,PROD01258,WH010,163,37,39
2018-01-01,PROD00163,WH010,497,76,69
2018-01-01,PROD00720,WH007,461,40,64
2018-01-01,PROD00160,WH008,136,28,41
2018-01-01,PROD01465,WH005,426,0,119
2018-01-01,PROD01754,WH005,450,37,98
2018-01-01,PROD00229,WH005,166,60,89
2018-01-01,PROD01114,WH006,153,8,63
2018-01-01,PROD00908,WH005,474,45,80
2018-01-01,PROD01621,WH003,196,74,20
2018-01-01,PROD00550,WH008,30,16,75
2018-01-01,PROD01798,WH010,293,30,98
2018-01-01,PROD00209,WH005,403,67,32
2018-01-01,PROD00181,WH001,261,34,33
2018-01-01,PROD01632,WH009,494,55,49
2018-01-01,PROD00226,WH009,57,52,24
2018-01-01,PROD01484,WH001,121,15,83
2018-01-01,PROD01694,WH010,413,36,42
2018-01-01,PROD00147,WH008,344,44,89
2018-01-01,PROD00255,WH002,298,76,22
2018-01-01,PROD01143,WH007,283,9,89
2018-01-01,PROD00767,WH009,308,32,77
2018-01-01,PROD00393,WH005,220,48,46
2018-01-01,PROD01772,WH002,174,5,58
2018-01-01,PROD01920,WH003,94,76,49
2018-01-01,PROD01329,WH004,456,44,62
2018-01-01,PROD01407,WH002,407,14,85
2018-01-01,PROD01187,WH006,468,56,99
2018-01-01,PROD01432,WH007,381,2,94
2018-01-01,PROD00792,WH001,95,76,111
2018-01-01,PROD01418,WH006,263,17,92
2018-01-01,PROD00126,WH009,0,0,62
2018-01-01,PROD00388,WH001,101,26,65
2018-01-01,PROD01690,WH010,444,77,109
2018-01-01,PROD00245,WH005,186,55,95
2018-01-01,PROD00715,WH006,454,76,59
2018-01-01,PROD00529,WH004,216,76,60
2018-01-01,PROD00148,WH006,496,1,77
2018-01-01,PROD00019,WH002,377,58,85
2018-01-01,PROD00759,WH001,490,24,51
2018-01-01,PROD00425,WH003,470,65,35
2018-01-01,PROD00582,WH005,132,52,110
2018-01-01,PROD01829,WH008,468,51,102
2018-01-01,PROD01478,WH010,268,8,43
2018-01-01,PROD01495,WH002,101,18,88
2018-01-01,PROD00717,WH007,266,62,44
2018-01-01,PROD01841,WH009,378,19,90
2018-01-01,PROD01597,WH008,497,25,34
2018-01-01,PROD01409,WH002,241,51,95
2018-01-01,PROD00307,WH004,249,58,72
2018-01-01,PROD00690,WH007,455,11,117
2018-01-01,PROD01722,WH008,154,52,55
2018-01-01,PROD00360,WH010,61,57,33
2018-01-01,PROD01880,WH004,25,24,69
2018-01-01,PROD01461,WH004,478,52,108
2018-01-01,PROD01198,WH010,274,34,89
2018-01-01,PROD01335,WH007,0,0,106
2018-01-01,PROD00871,WH003,235,32,86
2018-01-01,PROD01246,WH001,189,15,37
2018-01-01,PROD01804,WH009,233,42,69
2018-01-01,PROD00453,WH008,15,6,83
2018-01-01,PROD00710,WH003,442,13,37
2018-01-01,PROD00364,WH009,475,41,65
2018-01-01,PROD01303,WH008,451,64,62
2018-01-01,PROD01193,WH005,105,79,58
2018-01-01,PROD01491,WH004,376,38,89
2018-01-01,PROD01924,WH001,221,47,86
2018-01-01,PROD00408,WH002,321,13,46
2018-01-01,PROD01635,WH003,477,3,69
2018-01-01,PROD00559,WH010,190,40,34
2018-01-01,PROD01663,WH010,478,36,45
2018-01-01,PROD00539,WH007,87,11,53
2018-01-01,PROD00745,WH006,226,43,74
2018-01-01,PROD00812,WH004,343,7,89
2018-01-01,PROD01273,WH008,114,75,20
2018-01-01,PROD00685,WH009,223,72,34
2018-01-01,PROD00771,WH002,327,61,39
2018-01-01,PROD00984,WH008,245,60,28
2018-01-01,PROD01949,WH008,470,44,63
2018-01-01,PROD00208,WH006,280,5,47
2018-01-01,PROD01912,WH005,361,1,41
2018-01-01,PROD00776,WH001,81,56,49
2018-01-01,PROD00832,WH002,120,72,64
2018-01-01,PROD00533,WH001,208,42,46
2018-01-01,PROD01574,WH004,196,45,97
2018-01-01,PROD01441,WH003,496,4,33
2018-01-01,PROD00679,WH007,151,6,96
2018-01-01,PROD01642,WH005,121,64,27
2018-01-01,PROD01600,WH004,299,68,26
2018-01-01,PROD01070,WH008,298,51,61
2018-01-01,PROD00513,WH008,457,12,51
2018-01-01,PROD00652,WH010,382,69,48
2018-01-01,PROD01726,WH007,46,3,87
2018-01-01,PROD00875,WH009,441,13,86
2018-01-01,PROD00034,WH001,419,60,97
2018-01-01,PROD01025,WH010,244,15,114
2018-01-01,PROD01565,WH001,22,22,89
2018-01-01,PROD00911,WH001,418,72,96
2018-01-01,PROD00346,WH008,159,6,109
2018-01-01,PROD01613,WH002,244,12,49
2018-01-01,PROD01455,WH007,48,34,63
2018-01-01,PROD00762,WH004,176,15,32
2018-01-01,PROD00204,WH008,411,62,118
2018-01-01,PROD00237,WH008,77,71,52
2018-01-01,PROD00743,WH008,321,31,96
2018-01-01,PROD00037,WH003,346,47,35
2018-01-01,PROD01847,WH002,93,32,67
2018-01-01,PROD01014,WH008,21,5,52
2018-01-01,PROD01560,WH002,244,77,69
2018-01-01,PROD01064,WH003,462,34,119
2018-01-01,PROD00486,WH008,422,17,65
2018-01-01,PROD00589,WH009,219,3,75
2018-01-01,PROD01983,WH006,226,18,46
2018-01-01,PROD00727,WH001,310,37,23
2018-01-01,PROD00038,WH006,415,59,62
2018-01-01,PROD00218,WH004,294,50,22
2018-01-01,PROD01503,WH009,311,31,35
2018-01-01,PROD01013,WH009,477,60,100
2018-01-01,PROD00629,WH006,260,45,39
2018-01-01,PROD00835,WH003,183,64,27
2018-01-01,PROD00693,WH002,376,36,44
2018-01-01,PROD01875,WH006,247,14,42
2018-01-01,PROD01500,WH006,79,62,28
2018-01-01,PROD00372,WH002,124,14,75
2018-01-01,PROD01075,WH010,163,48,27
2018-01-01,PROD01958,WH005,6,2,65
2018-01-01,PROD00625,WH008,174,64,118
2018-01-01,PROD01762,WH010,474,17,79
2018-01-01,PROD01359,WH009,117,76,84
2018-01-01,PROD00161,WH002,322,22,61
2018-01-01,PROD00506,WH003,336,52,42
2018-01-01,PROD00709,WH008,485,19,42
2018-01-01,PROD00305,WH004,186,50,43
2018-01-01,PROD00211,WH008,245,75,54
2018-01-01,PROD01671,WH009,33,31,120
2018-01-01,PROD01325,WH005,176,20,118
2018-01-01,PROD01132,WH010,319,10,112
2018-01-01,PROD00819,WH006,315,73,73
2018-01-01,PROD00842,WH006,237,71,67
2018-01-01,PROD01979,WH010,292,79,118
2018-01-01,PROD01285,WH010,191,27,29
2018-01-01,PROD01871,WH006,127,32,55
2018-01-01,PROD00826,WH007,265,5,31
2018-01-01,PROD00228,WH003,175,79,63
2018-01-01,PROD00888,WH009,145,42,88
2018-01-01,PROD00294,WH009,427,76,48
2018-01-01,PROD01223,WH006,232,23,24
2018-01-01,PROD00412,WH008,121,63,30
2018-01-01,PROD01573,WH007,359,61,33
2018-01-01,PROD01167,WH008,334,60,44
2018-01-01,PROD00689,WH006,230,4,113
2018-01-01,PROD00370,WH003,375,2,108
2018-01-01,PROD01154,WH004,91,6,47
2018-01-01,PROD00537,WH003,356,24,56
2018-01-01,PROD00203,WH008,35,28,78
2018-01-01,PROD00551,WH007,438,4,74
2018-01-01,PROD00011,WH006,32,10,53
2018-01-01,PROD01793,WH001,434,46,93
2018-01-01,PROD01763,WH007,180,14,37
2018-01-01,PROD01588,WH007,365,14,76
2018-01-01,PROD00915,WH004,353,0,34
2018-01-01,PROD00348,WH010,405,73,110
2018-01-01,PROD00893,WH004,205,41,46
2018-01-01,PROD00503,WH005,455,23,100
2018-01-01,PROD00999,WH001,202,46,114
2018-01-01,PROD01620,WH007,161,23,58
2018-01-01,PROD00946,WH007,47,28,47
2018-01-01,PROD00442,WH001,303,46,111
2018-01-01,PROD01659,WH006,469,27,43
2018-01-01,PROD00472,WH003,168,30,23
2018-01-01,PROD01527,WH007,401,60,83
2018-01-01,PROD01922,WH008,22,10,59
2018-01-01,PROD00087,WH002,6,5,81
2018-01-01,PROD00427,WH003,253,38,30
2018-01-01,PROD01119,WH009,212,62,52
2018-01-01,PROD00436,WH002,165,55,71
2018-01-01,PROD01046,WH002,469,75,42
2018-01-01,PROD01012,WH004,82,34,68
2018-01-01,PROD00375,WH001,438,13,22
2018-01-01,PROD01456,WH002,67,37,73
2018-01-01,PROD01637,WH005,276,58,67
2018-01-01,PROD01950,WH004,129,5,88
2018-01-01,PROD00768,WH009,7,1,26
2018-01-01,PROD00282,WH009,22,5,37
2018-01-01,PROD00831,WH006,20,3,42
2018-01-01,PROD01522,WH010,203,29,64
2018-01-01,PROD01151,WH010,334,58,75
2018-01-01,PROD00791,WH002,178,2,84
2018-01-01,PROD00062,WH004,388,74,82
2018-01-01,PROD01569,WH003,3,0,110
2018-01-01,PROD01367,WH002,284,65,59
2018-01-01,PROD01812,WH001,143,19,105
2018-01-01,PROD00684,WH008,484,66,80
2018-01-01,PROD00518,WH005,456,56,112
2018-01-01,PROD00116,WH008,25,6,87
2018-01-01,PROD01345,WH007,494,52,86
2018-01-01,PROD01341,WH007,390,42,72
2018-01-01,PROD01222,WH010,3,0,106
2018-01-01,PROD00032,WH005,135,16,38
2018-01-01,PROD00274,WH005,303,59,62
2018-01-01,PROD00296,WH006,365,15,103
2018-01-01,PROD01320,WH005,472,30,40
2018-01-01,PROD01555,WH009,180,79,47
2018-01-01,PROD01161,WH006,262,25,46
2018-01-01,PROD01608,WH006,195,20,82
2018-01-01,PROD01520,WH007,378,55,63
2018-01-01,PROD01126,WH007,431,31,82
2018-01-01,PROD00755,WH003,476,56,65
2018-01-01,PROD01144,WH003,190,53,74
2018-01-01,PROD00267,WH008,339,9,38
2018-01-01,PROD01563,WH002,76,71,42
2018-01-01,PROD01938,WH010,372,17,32
2018-01-01,PROD00964,WH008,54,37,77
2018-01-01,PROD01925,WH006,472,15,62
2018-01-01,PROD00918,WH003,85,50,50
2018-01-01,PROD01845,WH001,29,25,33
2018-01-01,PROD01684,WH003,230,78,49
2018-01-01,PROD01909,WH010,454,62,24
2018-01-01,PROD00724,WH005,201,69,114
2018-01-01,PROD00548,WH009,262,35,69
2018-01-01,PROD00867,WH008,104,28,20
2018-01-01,PROD00711,WH003,37,29,56
2018-01-01,PROD00078,WH010,25,0,41
2018-01-01,PROD01054,WH010,201,19,37
2018-01-01,PROD00320,WH005,424,78,114
2018-01-01,PROD00851,WH005,325,66,31
2018-01-01,PROD00335,WH006,190,10,110
2018-01-01,PROD00647,WH002,312,20,95
2018-01-01,PROD01769,WH003,68,41,106
2018-01-01,PROD00410,WH006,466,59,114
2018-01-01,PROD01907,WH001,339,25,119
2018-01-01,PROD01743,WH006,90,11,99
2018-01-01,PROD00609,WH003,318,8,101
2018-01-01,PROD00298,WH006,284,53,61
2018-01-01,PROD01213,WH007,365,23,42
2018-01-01,PROD00012,WH003,394,45,90
2018-01-01,PROD00712,WH005,57,17,113
2018-01-01,PROD00498,WH010,70,33,95
2018-01-01,PROD01888,WH001,278,23,79
2018-01-01,PROD01027,WH007,333,78,90
2018-01-01,PROD01651,WH010,480,48,21
2018-01-01,PROD00275,WH008,86,70,43
2018-01-01,PROD01766,WH006,249,67,66
2018-01-01,PROD00178,WH005,310,13,72
2018-01-01,PROD01135,WH007,467,58,21
2018-01-01,PROD01795,WH003,260,69,52
2018-01-01,PROD01496,WH001,181,73,95
2018-01-01,PROD00331,WH002,451,28,52
2018-01-01,PROD00434,WH010,107,27,21
2018-01-01,PROD00199,WH001,98,9,94
2018-01-01,PROD01640,WH002,342,26,119
2018-01-01,PROD00872,WH010,339,21,96
2018-01-01,PROD00706,WH005,312,63,67
2018-01-01,PROD00746,WH001,281,59,95
2018-01-01,PROD00650,WH001,17,12,35
2018-01-01,PROD01208,WH009,441,12,61
2018-01-01,PROD01800,WH004,488,50,64
2018-01-01,PROD01042,WH001,12,10,82
2018-01-01,PROD00378,WH008,97,27,105
2018-01-01,PROD01552,WH006,223,75,69
2018-01-01,PROD00793,WH002,456,61,77
2018-01-01,PROD00898,WH004,318,37,103
2018-01-01,PROD01083,WH004,25,4,37
2018-01-01,PROD01752,WH005,311,69,44
2018-01-01,PROD01062,WH009,416,33,36
2018-01-01,PROD01098,WH007,426,36,23
2018-01-01,PROD00206,WH001,299,65,87
2018-01-01,PROD00086,WH008,315,63,25
2018-01-01,PROD00118,WH001,50,16,120
2018-01-01,PROD00606,WH002,239,30,71
2018-01-01,PROD00186,WH003,478,23,71
2018-01-01,PROD01627,WH005,226,79,97
2018-01-01,PROD00960,WH004,312,30,25
2018-01-01,PROD01639,WH005,492,16,106
2018-01-01,PROD00688,WH006,290,34,56
2018-01-01,PROD01310,WH001,141,80,110
2018-01-01,PROD01194,WH005,495,54,44
2018-01-01,PROD01507,WH004,133,15,66
2018-01-01,PROD00418,WH005,57,25,35
2018-01-01,PROD00748,WH006,265,61,113
2018-01-01,PROD00681,WH009,369,36,57
2018-01-01,PROD00897,WH005,51,19,55
2018-01-01,PROD01931,WH002,390,9,77
2018-01-01,PROD01435,WH004,375,17,27
2018-01-01,PROD00060,WH003,499,20,23
2018-01-01,PROD01045,WH009,167,68,41
2018-01-01,PROD00300,WH010,93,2,68
2018-01-01,PROD01089,WH008,355,46,79
2018-01-01,PROD01878,WH002,214,70,74
2018-01-01,PROD00907,WH007,143,26,73
2018-01-01,PROD00736,WH008,309,17,67
2018-01-01,PROD00718,WH002,0,0,29
2018-01-01,PROD00336,WH007,17,0,113
2018-01-01,PROD01292,WH010,305,56,105
2018-01-01,PROD01214,WH003,368,13,119
2018-01-01,PROD00844,WH006,200,77,43
2018-01-01,PROD00242,WH005,61,29,80
2018-01-01,PROD00536,WH004,34,1,50
2018-01-01,PROD00356,WH001,10,7,46
2018-01-01,PROD01302,WH008,408,34,54
2018-01-01,PROD00920,WH002,442,0,114
2018-01-01,PROD01813,WH002,479,53,87
2018-01-01,PROD00580,WH010,145,64,61
2018-01-01,PROD00015,WH003,147,67,110
2018-01-01,PROD00683,WH002,237,79,93
2018-01-01,PROD00177,WH004,147,72,34
2018-01-01,PROD00175,WH002,13,5,72
2018-01-01,PROD00248,WH009,461,6,67
2018-01-01,PROD00963,WH006,270,55,52
2018-01-01,PROD00732,WH001,378,6,38
2018-01-01,PROD01799,WH009,34,32,119
2018-01-01,PROD00075,WH005,75,57,61
2018-01-01,PROD01985,WH010,161,46,82
2018-01-01,PROD01523,WH002,391,1,105
2018-01-01,PROD01354,WH001,7,6,73
2018-01-01,PROD00697,WH002,407,11,52
2018-01-01,PROD00479,WH005,0,0,105
2018-01-01,PROD00612,WH001,285,8,78
2018-01-01,PROD01053,WH010,128,22,78
2018-01-01,PROD00140,WH010,338,12,79
2018-01-01,PROD01782,WH003,423,8,106
2018-01-01,PROD00384,WH010,224,37,51
2018-01-01,PROD01420,WH010,75,21,30
2018-01-01,PROD01562,WH010,16,16,61
2018-01-01,PROD00429,WH009,24,5,104
2018-01-01,PROD01294,WH005,478,21,83
2018-01-01,PROD01644,WH001,479,15,50
2018-01-01,PROD01116,WH004,261,38,69
2018-01-01,PROD01604,WH007,491,33,53
2018-01-01,PROD00961,WH003,371,11,31
2018-01-01,PROD00890,WH007,29,16,68
2018-01-01,PROD00254,WH010,295,63,87
2018-01-01,PROD01887,WH002,345,14,111
2018-01-01,PROD01661,WH009,89,36,104
2018-01-01,PROD01029,WH009,2,2,84
2018-01-01,PROD01305,WH010,38,9,70
2018-01-01,PROD01913,WH010,229,44,84
2018-01-01,PROD00945,WH001,479,27,88
2018-01-01,PROD01204,WH004,134,38,85
2018-01-01,PROD01605,WH001,138,61,112
2018-01-01,PROD00146,WH002,464,61,36
2018-01-01,PROD01328,WH010,140,28,90
2018-01-01,PROD00056,WH009,221,45,55
2018-01-01,PROD00047,WH010,411,38,76
2018-01-01,PROD01200,WH003,138,14,58
2018-01-01,PROD01227,WH005,17,15,81
2018-01-01,PROD00318,WH008,61,32,60
2018-01-01,PROD00761,WH007,235,45,41
2018-01-01,PROD00036,WH005,206,10,51
2018-01-01,PROD01650,WH003,268,46,35
2018-01-01,PROD00494,WH009,476,5,110
2018-01-01,PROD01301,WH002,309,20,22
2018-01-01,PROD01437,WH008,155,48,95
2018-01-01,PROD00502,WH005,65,7,72
2018-01-01,PROD01551,WH006,370,77,29
2018-01-01,PROD00170,WH004,190,26,62
2018-01-01,PROD01315,WH003,211,4,70
2018-01-01,PROD01065,WH003,283,25,42
2018-01-01,PROD01889,WH001,132,5,105
2018-01-01,PROD00057,WH002,498,80,109
2018-01-01,PROD01366,WH005,4,0,55
2018-01-01,PROD01834,WH004,149,21,109
2018-01-01,PROD01935,WH002,306,73,55
2018-01-01,PROD00025,WH005,400,54,21
2018-01-01,PROD00338,WH010,259,23,33
2018-01-01,PROD00765,WH006,257,70,65
2018-01-01,PROD01458,WH008,340,37,96
2018-01-01,PROD01797,WH002,150,56,78
2018-01-01,PROD00271,WH006,289,62,91
2018-01-01,PROD01153,WH006,32,1,118
2018-01-01,PROD01340,WH005,214,29,63
2018-01-01,PROD01894,WH002,334,73,91
2018-01-01,PROD00488,WH005,204,1,26
2018-01-01,PROD00535,WH006,471,72,101
2018-01-01,PROD00327,WH008,489,17,33
2018-01-01,PROD01649,WH008,115,47,77
2018-01-01,PROD01998,WH001,187,39,73
2018-01-01,PROD01572,WH003,23,5,26
2018-01-01,PROD01024,WH004,345,40,56
2018-01-01,PROD01443,WH003,10,7,55
2018-01-01,PROD00790,WH007,136,2,45
2018-01-01,PROD00018,WH002,123,50,39
2018-01-01,PROD01504,WH009,412,47,114
2018-01-01,PROD01036,WH007,0,0,22
2018-01-01,PROD00159,WH006,288,70,23
2018-01-01,PROD00672,WH001,39,38,45
2018-01-01,PROD00902,WH006,293,49,39
2018-01-01,PROD01177,WH005,116,48,47
2018-01-01,PROD01896,WH006,67,20,29
2018-01-01,PROD01269,WH005,215,30,71
2018-01-01,PROD01589,WH007,478,79,99
2018-01-01,PROD00587,WH003,490,63,21
2018-01-01,PROD01185,WH010,463,2,55
2018-01-01,PROD01184,WH001,250,4,103
2018-01-01,PROD00292,WH004,71,59,39
2018-01-01,PROD01217,WH006,108,26,108
2018-01-01,PROD01740,WH003,41,2,64
2018-01-01,PROD00166,WH003,298,76,79
2018-01-01,PROD01748,WH001,328,54,78
2018-01-01,PROD01375,WH005,322,38,82
2018-01-01,PROD00021,WH008,217,77,86
2018-01-01,PROD00458,WH002,88,26,30
2018-01-01,PROD00316,WH003,70,61,57
2018-01-01,PROD01732,WH010,159,45,55
2018-01-01,PROD01850,WH003,351,49,57
2018-01-01,PROD00828,WH009,275,70,100
2018-01-01,PROD01957,WH009,358,57,41
2018-01-01,PROD00858,WH003,238,57,29
2018-01-01,PROD00395,WH007,287,34,120
2018-01-01,PROD01103,WH003,140,3,61
2018-01-01,PROD01039,WH010,213,26,110
2018-01-01,PROD00557,WH010,94,8,97
2018-01-01,PROD00674,WH010,329,4,89
2018-01-01,PROD01902,WH005,490,70,41
2018-01-01,PROD00089,WH004,76,25,28
2018-01-01,PROD00200,WH010,268,27,32
2018-01-01,PROD00023,WH005,267,68,100
2018-01-01,PROD00675,WH006,37,10,44
2018-01-01,PROD01482,WH001,9,6,44
2018-01-01,PROD01906,WH007,313,76,89
2018-01-01,PROD00766,WH004,386,14,80
2018-01-01,PROD00862,WH003,254,41,47
2018-01-01,PROD00615,WH008,310,58,57
2018-01-01,PROD00050,WH003,249,37,88
2018-01-01,PROD00277,WH007,217,75,44
2018-01-01,PROD01874,WH003,288,11,99
2018-01-01,PROD00230,WH010,413,40,52
2018-01-01,PROD00554,WH003,262,48,41
2018-01-01,PROD01521,WH006,298,59,105
2018-01-01,PROD01774,WH001,84,40,115
2018-01-01,PROD01940,WH005,317,30,40
2018-01-01,PROD00016,WH010,61,25,28
2018-01-01,PROD01372,WH002,428,17,116
2018-01-01,PROD00132,WH001,107,59,32
2018-01-01,PROD00269,WH009,347,1,63
2018-01-01,PROD00164,WH009,208,61,105
2018-01-01,PROD00975,WH005,341,14,74
2018-01-01,PROD01967,WH007,29,28,21
2018-01-01,PROD00288,WH003,133,26,56
2018-01-01,PROD01677,WH001,236,40,82
2018-01-01,PROD00818,WH002,340,41,43
2018-01-01,PROD00896,WH001,239,27,25
2018-01-01,PROD00666,WH007,26,17,88
2018-01-01,PROD01879,WH005,235,12,103
2018-01-01,PROD01117,WH002,344,21,67
2018-01-01,PROD01136,WH010,276,40,40
2018-01-01,PROD00013,WH006,380,74,50
2018-01-01,PROD00929,WH004,9,5,33
2018-01-01,PROD00651,WH003,171,49,80
2018-01-01,PROD00068,WH008,78,43,54
2018-01-01,PROD00490,WH003,365,62,113
2018-01-01,PROD00293,WH002,112,0,102
2018-01-01,PROD01211,WH001,52,27,52
2018-01-01,PROD01828,WH007,122,45,108
2018-01-01,PROD01038,WH010,113,35,111
2018-01-01,PROD00608,WH002,145,55,94
2018-01-01,PROD01689,WH006,451,17,39
2018-01-01,PROD00359,WH007,303,16,116
2018-01-01,PROD00573,WH001,201,59,59
2018-01-01,PROD01818,WH001,167,42,74
2018-01-01,PROD01660,WH002,496,49,42
2018-01-01,PROD00098,WH005,396,48,61
2018-01-01,PROD01415,WH004,79,63,85
2018-01-01,PROD00773,WH004,280,79,81
2018-01-01,PROD00138,WH005,304,7,68
2018-01-01,PROD01910,WH003,213,50,111
2018-01-01,PROD00042,WH005,485,72,30
2018-01-01,PROD00216,WH009,414,53,49
2018-01-01,PROD01318,WH003,236,44,44
2018-01-01,PROD00120,WH002,451,54,80
2018-01-01,PROD01761,WH007,257,46,115
2018-01-01,PROD00495,WH002,381,39,63
2018-01-01,PROD01291,WH001,200,20,48
2018-01-01,PROD00302,WH009,247,52,24
2018-01-01,PROD00135,WH009,106,45,51
2018-01-01,PROD01251,WH008,39,36,42
2018-01-01,PROD01395,WH002,500,70,56
2018-01-01,PROD00840,WH002,247,6,89
2018-02-01,PROD01544,WH005,392,60,114
2018-02-01,PROD01597,WH002,478,49,95
2018-02-01,PROD01630,WH003,288,66,82
2018-02-01,PROD00703,WH008,245,22,33
2018-02-01,PROD01194,WH007,261,37,101
2018-02-01,PROD01141,WH004,144,7,98
2018-02-01,PROD00339,WH002,20,15,107
2018-02-01,PROD00172,WH008,172,1,118
2018-02-01,PROD01534,WH007,160,0,108
2018-02-01,PROD00350,WH005,183,45,112
2018-02-01,PROD00875,WH002,184,38,75
2018-02-01,PROD01731,WH003,500,30,95
2018-02-01,PROD01328,WH004,4,2,113
2018-02-01,PROD00352,WH003,345,50,90
2018-02-01,PROD00846,WH001,471,9,46
2018-02-01,PROD01759,WH010,412,26,32
2018-02-01,PROD00787,WH003,291,5,44
2018-02-01,PROD01673,WH005,142,6,74
2018-02-01,PROD00607,WH001,175,44,104
2018-02-01,PROD01404,WH008,194,40,84
2018-02-01,PROD01741,WH007,45,45,29
2018-02-01,PROD00997,WH001,3,2,103
2018-02-01,PROD00589,WH005,38,27,37
2018-02-01,PROD01870,WH005,196,24,23
2018-02-01,PROD00228,WH006,291,39,119
2018-02-01,PROD00003,WH010,114,9,52
2018-02-01,PROD01040,WH007,290,32,29
2018-02-01,PROD00826,WH002,186,80,20
2018-02-01,PROD01748,WH002,54,40,76
2018-02-01,PROD01646,WH005,118,79,37
2018-02-01,PROD00941,WH009,478,7,100
2018-02-01,PROD01185,WH007,209,58,34
2018-02-01,PROD00691,WH008,269,4,74
2018-02-01,PROD00445,WH002,190,58,106
2018-02-01,PROD01065,WH006,214,18,83
2018-02-01,PROD01289,WH004,84,47,116
2018-02-01,PROD00159,WH005,288,14,39
2018-02-01,PROD01345,WH007,308,31,79
2018-02-01,PROD00065,WH001,364,55,97
2018-02-01,PROD01947,WH004,11,4,32
2018-02-01,PROD01783,WH004,277,25,59
2018-02-01,PROD00659,WH009,267,68,115
2018-02-01,PROD00765,WH008,151,55,57
2018-02-01,PROD01926,WH010,216,43,30
2018-02-01,PROD01792,WH004,340,76,85
2018-02-01,PROD01418,WH007,68,64,46
2018-02-01,PROD00500,WH009,441,67,68
2018-02-01,PROD00762,WH004,310,16,117
2018-02-01,PROD01625,WH005,466,20,120
2018-02-01,PROD01198,WH005,61,9,72
2018-02-01,PROD00539,WH005,193,55,76
2018-02-01,PROD01067,WH001,113,60,89
2018-02-01,PROD00608,WH006,104,55,59
2018-02-01,PROD01937,WH002,120,67,76
2018-02-01,PROD00224,WH002,225,9,96
2018-02-01,PROD01039,WH004,21,11,63
2018-02-01,PROD01533,WH005,477,41,99
2018-02-01,PROD00049,WH008,32,22,34
2018-02-01,PROD01659,WH006,272,80,109
2018-02-01,PROD01520,WH005,381,11,56
2018-02-01,PROD00808,WH008,445,44,22
2018-02-01,PROD01616,WH008,169,71,112
2018-02-01,PROD00810,WH002,417,23,117
2018-02-01,PROD00818,WH009,220,31,76
2018-02-01,PROD00472,WH009,53,41,91
2018-02-01,PROD01121,WH004,238,38,29
2018-02-01,PROD00244,WH001,13,13,112
2018-02-01,PROD00992,WH007,27,4,49
2018-02-01,PROD01326,WH002,207,74,24
2018-02-01,PROD01561,WH007,132,10,52
2018-02-01,PROD00624,WH006,166,8,91
2018-02-01,PROD01188,WH009,265,20,32
2018-02-01,PROD00256,WH009,445,64,52
2018-02-01,PROD01703,WH003,289,57,112
2018-02-01,PROD01935,WH005,165,56,81
2018-02-01,PROD00492,WH007,289,8,52
2018-02-01,PROD01340,WH010,304,46,61
2018-02-01,PROD01611,WH010,4,0,118
2018-02-01,PROD01742,WH006,215,67,57
2018-02-01,PROD01842,WH006,241,0,114
2018-02-01,PROD00989,WH010,149,46,100
2018-02-01,PROD00821,WH010,68,59,57
2018-02-01,PROD01997,WH010,309,4,39
2018-02-01,PROD01306,WH010,500,36,57
2018-02-01,PROD01816,WH006,366,58,98
2018-02-01,PROD01608,WH008,500,12,94
2018-02-01,PROD00115,WH005,428,41,74
2018-02-01,PROD00477,WH010,440,21,119
2018-02-01,PROD01879,WH009,78,48,99
2018-02-01,PROD00489,WH003,118,72,50
2018-02-01,PROD01157,WH003,239,40,85
2018-02-01,PROD00743,WH003,420,20,33
2018-02-01,PROD01273,WH009,420,31,42
2018-02-01,PROD01230,WH006,411,35,110
2018-02-01,PROD01579,WH002,243,79,86
2018-02-01,PROD00330,WH001,284,46,38
2018-02-01,PROD01845,WH010,424,37,81
2018-02-01,PROD01339,WH006,403,26,66
2018-02-01,PROD01852,WH003,171,5,31
2018-02-01,PROD00845,WH002,194,41,34
2018-02-01,PROD01939,WH006,266,28,21
2018-02-01,PROD01736,WH006,161,11,112
2018-02-01,PROD00365,WH001,361,5,112
2018-02-01,PROD01684,WH005,42,42,43
2018-02-01,PROD01134,WH010,416,12,59
2018-02-01,PROD00625,WH010,215,48,37
2018-02-01,PROD00050,WH005,304,72,86
2018-02-01,PROD01602,WH009,136,73,98
2018-02-01,PROD00333,WH008,281,74,27
2018-02-01,PROD01643,WH002,327,33,44
2018-02-01,PROD00800,WH004,270,79,89
2018-02-01,PROD02000,WH004,109,11,95
2018-02-01,PROD00868,WH004,327,14,105
2018-02-01,PROD01140,WH006,189,75,81
2018-02-01,PROD01806,WH002,352,14,110
2018-02-01,PROD00013,WH006,240,13,95
2018-02-01,PROD01485,WH002,200,11,79
2018-02-01,PROD00704,WH008,113,25,106
2018-02-01,PROD01219,WH007,191,28,56
2018-02-01,PROD01634,WH007,305,33,42
2018-02-01,PROD00016,WH005,179,17,57
2018-02-01,PROD00581,WH001,264,7,57
2018-02-01,PROD00662,WH009,281,80,63
2018-02-01,PROD00784,WH002,119,16,50
2018-02-01,PROD00499,WH008,15,4,77
2018-02-01,PROD00934,WH001,418,36,42
2018-02-01,PROD01826,WH005,379,22,83
2018-02-01,PROD01288,WH002,411,1,33
2018-02-01,PROD01470,WH010,281,37,96
2018-02-01,PROD00557,WH001,35,4,44
2018-02-01,PROD01869,WH008,387,0,28
2018-02-01,PROD01294,WH005,105,26,68
2018-02-01,PROD00855,WH006,209,15,38
2018-02-01,PROD01793,WH008,185,12,74
2018-02-01,PROD00696,WH007,371,53,41
2018-02-01,PROD00653,WH002,352,28,91
2018-02-01,PROD01519,WH008,9,4,120
2018-02-01,PROD01945,WH009,425,60,79
2018-02-01,PROD01808,WH005,470,74,105
2018-02-01,PROD00455,WH005,264,56,113
2018-02-01,PROD01881,WH002,491,11,20
2018-02-01,PROD01563,WH003,438,4,88
2018-02-01,PROD00248,WH002,486,73,107
2018-02-01,PROD01664,WH009,41,36,94
2018-02-01,PROD00168,WH001,311,25,38
2018-02-01,PROD01243,WH003,30,27,98
2018-02-01,PROD00088,WH004,9,2,94
2018-02-01,PROD00359,WH008,37,13,87
2018-02-01,PROD01249,WH006,28,13,94
2018-02-01,PROD00232,WH003,427,10,60
2018-02-01,PROD00942,WH005,314,54,66
2018-02-01,PROD01920,WH009,158,5,105
2018-02-01,PROD01950,WH002,116,80,59
2018-02-01,PROD01358,WH010,157,61,56
2018-02-01,PROD00622,WH007,287,40,90
2018-02-01,PROD01905,WH003,468,73,54
2018-02-01,PROD00555,WH008,12,8,64
2018-02-01,PROD01218,WH002,40,35,25
2018-02-01,PROD00234,WH009,77,51,91
2018-02-01,PROD01484,WH007,266,74,67
2018-02-01,PROD00348,WH003,263,33,78
2018-02-01,PROD01142,WH007,191,40,48
2018-02-01,PROD00929,WH007,67,12,94
2018-02-01,PROD01255,WH001,300,20,113
2018-02-01,PROD00843,WH006,245,17,98
2018-02-01,PROD00612,WH001,437,0,56
2018-02-01,PROD01047,WH008,278,21,94
2018-02-01,PROD00551,WH001,435,50,109
2018-02-01,PROD01907,WH001,401,15,120
2018-02-01,PROD01970,WH002,33,27,69
2018-02-01,PROD00885,WH010,346,49,85
2018-02-01,PROD01026,WH002,155,53,53
2018-02-01,PROD00044,WH004,141,18,20
2018-02-01,PROD00881,WH007,113,48,34
2018-02-01,PROD01798,WH009,388,14,103
2018-02-01,PROD01015,WH003,143,26,41
2018-02-01,PROD00515,WH006,223,4,100
2018-02-01,PROD00185,WH008,420,62,106
2018-02-01,PROD01873,WH001,205,61,78
2018-02-01,PROD01815,WH001,500,13,56
2018-02-01,PROD00571,WH004,209,43,59
2018-02-01,PROD00040,WH009,237,68,83
2018-02-01,PROD01357,WH010,343,7,114
2018-02-01,PROD01133,WH003,222,21,113
2018-02-01,PROD01514,WH006,108,10,115
2018-02-01,PROD00683,WH007,312,9,83
2018-02-01,PROD01775,WH007,272,42,34
2018-02-01,PROD01205,WH008,183,46,66
2018-02-01,PROD01285,WH006,205,52,111
2018-02-01,PROD01887,WH005,463,4,38
2018-02-01,PROD00303,WH005,360,7,97
2018-02-01,PROD00366,WH007,394,36,28
2018-02-01,PROD00564,WH002,388,27,117
2018-02-01,PROD01283,WH001,132,69,62
2018-02-01,PROD01154,WH006,446,38,67
2018-02-01,PROD01427,WH004,244,53,96
2018-02-01,PROD01229,WH009,146,28,82
2018-02-01,PROD01614,WH007,168,75,109
2018-02-01,PROD01184,WH004,380,63,95
2018-02-01,PROD00924,WH001,244,74,58
2018-02-01,PROD01800,WH001,421,19,66
2018-02-01,PROD01776,WH008,107,5,100
2018-02-01,PROD00950,WH003,185,48,59
2018-02-01,PROD01570,WH003,145,79,73
2018-02-01,PROD00790,WH002,209,40,86
2018-02-01,PROD00127,WH002,66,45,45
2018-02-01,PROD00372,WH006,7,2,72
2018-02-01,PROD01490,WH008,382,7,22
2018-02-01,PROD01332,WH003,177,55,63
2018-02-01,PROD01848,WH002,160,66,55
2018-02-01,PROD01557,WH008,274,31,93
2018-02-01,PROD00415,WH008,16,15,96
2018-02-01,PROD01528,WH002,304,22,36
2018-02-01,PROD01155,WH001,372,78,94
2018-02-01,PROD00611,WH010,224,55,59
2018-02-01,PROD01400,WH003,283,4,69
2018-02-01,PROD00121,WH010,172,19,85
2018-02-01,PROD01677,WH002,236,64,68
2018-02-01,PROD01147,WH003,242,74,62
2018-02-01,PROD00937,WH007,334,25,92
2018-02-01,PROD01094,WH007,363,72,45
2018-02-01,PROD00412,WH006,275,15,67
2018-02-01,PROD00824,WH008,198,29,60
2018-02-01,PROD00676,WH003,356,35,80
2018-02-01,PROD00907,WH005,499,22,81
2018-02-01,PROD01492,WH010,162,48,49
2018-02-01,PROD00488,WH008,341,50,105
2018-02-01,PROD00222,WH010,96,21,71
2018-02-01,PROD01062,WH007,210,73,102
2018-02-01,PROD00291,WH005,41,17,60
2018-02-01,PROD00698,WH008,297,43,67
2018-02-01,PROD01985,WH010,187,39,96
2018-02-01,PROD01657,WH003,386,37,109
2018-02-01,PROD00200,WH002,69,7,81
2018-02-01,PROD01956,WH010,213,31,43
2018-02-01,PROD01724,WH006,287,17,117
2018-02-01,PROD01767,WH010,144,79,81
2018-02-01,PROD00908,WH003,394,43,70
2018-02-01,PROD01387,WH005,181,15,69
2018-02-01,PROD00858,WH008,30,8,38
2018-02-01,PROD01858,WH004,108,76,52
2018-02-01,PROD01321,WH008,408,58,112
2018-02-01,PROD01824,WH009,38,30,97
2018-02-01,PROD01730,WH007,478,32,26
2018-02-01,PROD00686,WH009,367,10,58
2018-02-01,PROD00560,WH006,226,33,31
2018-02-01,PROD01128,WH005,423,5,54
2018-02-01,PROD00063,WH008,377,20,53
2018-02-01,PROD01088,WH010,80,37,107
2018-02-01,PROD01407,WH004,361,33,47
2018-02-01,PROD01126,WH001,405,52,100
2018-02-01,PROD00144,WH004,247,54,32
2018-02-01,PROD01810,WH001,85,45,90
2018-02-01,PROD00537,WH008,292,44,104
2018-02-01,PROD00459,WH003,377,47,29
2018-02-01,PROD01825,WH004,241,36,66
2018-02-01,PROD00346,WH009,131,80,48
2018-02-01,PROD00274,WH001,111,19,48
2018-02-01,PROD00220,WH010,382,3,97
2018-02-01,PROD01662,WH002,301,55,86
2018-02-01,PROD00370,WH009,162,54,114
2018-02-01,PROD00422,WH002,38,8,64
2018-02-01,PROD01078,WH010,182,14,117
2018-02-01,PROD01046,WH009,347,33,95
2018-02-01,PROD01690,WH009,156,43,113
2018-02-01,PROD00418,WH006,403,32,22
2018-02-01,PROD01016,WH009,253,45,52
2018-02-01,PROD01527,WH005,342,3,25
2018-02-01,PROD01983,WH010,7,4,113
2018-02-01,PROD01038,WH006,465,65,68
2018-02-01,PROD00507,WH007,307,61,37
2018-02-01,PROD00669,WH007,316,75,89
2018-02-01,PROD01137,WH005,446,25,104
2018-02-01,PROD01036,WH005,166,75,75
2018-02-01,PROD00158,WH006,400,18,86
2018-02-01,PROD01979,WH002,239,37,22
2018-02-01,PROD00648,WH001,473,3,112
2018-02-01,PROD01853,WH005,64,64,76
2018-02-01,PROD00631,WH002,484,37,86
2018-02-01,PROD01375,WH008,127,68,55
2018-02-01,PROD01212,WH001,282,59,72
2018-02-01,PROD01239,WH002,81,34,60
2018-02-01,PROD01850,WH006,199,9,99
2018-02-01,PROD01301,WH007,464,30,81
2018-02-01,PROD01459,WH008,409,50,109
2018-02-01,PROD00203,WH001,270,53,80
2018-02-01,PROD01164,WH007,393,44,101
2018-02-01,PROD01348,WH007,271,64,46
2018-02-01,PROD00314,WH009,21,9,112
2018-02-01,PROD01236,WH006,414,8,45
2018-02-01,PROD01093,WH006,402,61,79
2018-02-01,PROD01605,WH009,239,47,26
2018-02-01,PROD00034,WH004,260,37,73
2018-02-01,PROD00467,WH005,231,30,86
2018-02-01,PROD01478,WH010,219,22,29
2018-02-01,PROD00578,WH003,203,1,100
2018-02-01,PROD01577,WH010,435,11,106
2018-02-01,PROD00340,WH005,252,3,34
2018-02-01,PROD01725,WH007,123,46,20
2018-02-01,PROD01978,WH010,376,26,114
2018-02-01,PROD00317,WH005,452,23,31
2018-02-01,PROD01707,WH009,363,31,118
2018-02-01,PROD01426,WH005,10,1,88
2018-02-01,PROD00722,WH006,466,30,29
2018-02-01,PROD01859,WH003,174,14,105
2018-02-01,PROD01972,WH003,161,7,30
2018-02-01,PROD00975,WH001,366,73,114
2018-02-01,PROD01645,WH010,114,21,78
2018-02-01,PROD00904,WH009,14,6,30
2018-02-01,PROD01090,WH008,95,37,31
2018-02-01,PROD00982,WH006,212,70,52
2018-02-01,PROD00524,WH004,456,64,81
2018-02-01,PROD00022,WH008,471,3,97
2018-02-01,PROD00399,WH005,289,37,33
2018-02-01,PROD01507,WH001,302,78,40
2018-02-01,PROD01136,WH007,467,72,71
2018-02-01,PROD00782,WH005,57,46,85
2018-02-01,PROD00774,WH001,469,27,21
2018-02-01,PROD01213,WH008,120,73,49
2018-02-01,PROD01497,WH009,196,62,44
2018-02-01,PROD00926,WH004,464,69,48
2018-02-01,PROD00584,WH002,59,38,28
2018-02-01,PROD00506,WH010,446,32,109
2018-02-01,PROD01701,WH008,474,41,61
2018-02-01,PROD00777,WH005,131,13,67
2018-02-01,PROD01851,WH004,21,9,64
2018-02-01,PROD01964,WH003,75,24,71
2018-02-01,PROD00076,WH010,8,7,104
2018-02-01,PROD00949,WH007,8,1,119
2018-02-01,PROD00027,WH006,491,2,49
2018-02-01,PROD00864,WH004,305,79,58
2018-02-01,PROD00918,WH004,404,23,55
2018-02-01,PROD01505,WH007,219,69,111
2018-02-01,PROD00410,WH003,252,58,76
2018-02-01,PROD00905,WH006,262,42,103
2018-02-01,PROD00183,WH007,293,71,116
2018-02-01,PROD01786,WH007,87,30,117
2018-02-01,PROD01619,WH005,232,64,99
2018-02-01,PROD01224,WH004,211,26,22
2018-02-01,PROD00328,WH003,2,2,116
2018-02-01,PROD00994,WH010,54,3,98
2018-02-01,PROD01151,WH002,174,12,25
2018-02-01,PROD01998,WH002,201,21,49
2018-02-01,PROD01836,WH003,263,32,74
2018-02-01,PROD00887,WH007,203,42,77
2018-02-01,PROD01495,WH001,127,27,100
2018-02-01,PROD01210,WH001,430,5,82
2018-02-01,PROD00964,WH001,346,71,66
2018-02-01,PROD01191,WH009,386,45,119
2018-02-01,PROD01761,WH006,74,16,33
2018-02-01,PROD01175,WH007,103,77,47
2018-02-01,PROD01827,WH010,197,77,45
2018-02-01,PROD01886,WH007,21,8,73
2018-02-01,PROD01291,WH008,198,79,33
2018-02-01,PROD00240,WH002,31,4,91
2018-02-01,PROD01455,WH001,154,49,92
2018-02-01,PROD01117,WH007,117,30,76
2018-02-01,PROD01876,WH009,151,11,30
2018-02-01,PROD01325,WH008,271,56,113
2018-02-01,PROD00726,WH005,124,50,107
2018-02-01,PROD01226,WH008,58,13,113
2018-02-01,PROD00963,WH010,46,6,98
2018-02-01,PROD00984,WH010,337,64,119
2018-02-01,PROD00675,WH008,285,11,95
2018-02-01,PROD01440,WH007,118,10,24
2018-02-01,PROD01080,WH009,192,55,63
2018-02-01,PROD01647,WH001,1,1,107
2018-02-01,PROD01723,WH002,411,73,91
2018-02-01,PROD01233,WH008,404,14,105
2018-02-01,PROD01347,WH008,410,29,46
2018-02-01,PROD01244,WH007,102,49,32
2018-02-01,PROD00009,WH001,389,0,30
2018-02-01,PROD00241,WH004,342,47,85
2018-02-01,PROD01803,WH009,78,31,62
2018-02-01,PROD01820,WH010,383,51,29
2018-02-01,PROD01221,WH007,427,45,38
2018-02-01,PROD00613,WH008,377,73,111
2018-02-01,PROD01574,WH002,4,4,116
2018-02-01,PROD01385,WH002,127,61,81
2018-02-01,PROD01539,WH009,324,4,94
2018-02-01,PROD00746,WH008,357,2,58
2018-02-01,PROD00893,WH007,458,38,63
2018-02-01,PROD01650,WH001,139,31,70
2018-02-01,PROD01200,WH003,79,67,87
2018-02-01,PROD01754,WH006,102,3,31
2018-02-01,PROD00863,WH008,171,72,37
2018-02-01,PROD00381,WH003,118,0,75
2018-02-01,PROD01144,WH005,124,29,69
2018-02-01,PROD01278,WH006,88,69,91
2018-02-01,PROD01567,WH008,22,22,56
2018-02-01,PROD00004,WH009,80,14,89
2018-02-01,PROD00075,WH008,91,34,33
2018-02-01,PROD01276,WH004,398,78,120
2018-02-01,PROD01223,WH008,295,74,115
2018-02-01,PROD00672,WH002,51,50,35
2018-02-01,PROD01971,WH006,268,33,115
2018-02-01,PROD01436,WH005,82,27,26
2018-02-01,PROD00302,WH002,481,45,114
2018-02-01,PROD00819,WH009,349,50,67
2018-02-01,PROD00282,WH001,163,22,116
2018-02-01,PROD00615,WH003,421,56,84
2018-02-01,PROD00546,WH009,345,28,107
2018-02-01,PROD01242,WH007,114,62,73
2018-02-01,PROD01284,WH006,430,26,31
2018-02-01,PROD01892,WH004,213,65,23
2018-02-01,PROD00597,WH003,349,2,41
2018-02-01,PROD01251,WH005,389,12,89
2018-02-01,PROD00582,WH009,297,80,114
2018-02-01,PROD01928,WH005,409,77,119
2018-02-01,PROD01113,WH009,137,35,56
2018-02-01,PROD01499,WH005,358,80,49
2018-02-01,PROD00414,WH001,296,17,49
2018-02-01,PROD01523,WH001,359,6,93
2018-02-01,PROD00363,WH006,377,35,113
2018-02-01,PROD00432,WH007,51,7,99
2018-02-01,PROD00460,WH006,289,74,118
2018-02-01,PROD00267,WH004,404,45,86
2018-02-01,PROD00509,WH001,432,63,108
2018-02-01,PROD01753,WH006,26,19,87
2018-02-01,PROD01521,WH001,111,14,56
2018-02-01,PROD00439,WH008,231,19,23
2018-02-01,PROD00559,WH006,312,79,51
2018-02-01,PROD00968,WH002,62,54,74
2018-02-01,PROD00046,WH009,477,22,104
2018-02-01,PROD01578,WH006,267,18,78
2018-02-01,PROD01500,WH002,20,5,118
2018-02-01,PROD01391,WH007,132,19,50
2018-02-01,PROD01001,WH008,273,75,29
2018-02-01,PROD01069,WH002,420,25,102
2018-02-01,PROD01910,WH003,337,73,89
2018-02-01,PROD00095,WH010,390,55,99
2018-02-01,PROD00353,WH003,413,30,55
2018-02-01,PROD01089,WH009,53,51,51
2018-02-01,PROD00534,WH003,456,80,98
2018-02-01,PROD00823,WH010,420,44,102
2018-02-01,PROD01729,WH006,255,30,49
2018-02-01,PROD00010,WH007,184,53,59
2018-02-01,PROD00912,WH006,369,49,95
2018-02-01,PROD00780,WH004,210,6,21
2018-02-01,PROD00616,WH010,77,14,63
2018-02-01,PROD01889,WH003,392,41,69
2018-02-01,PROD01666,WH010,134,39,106
2018-02-01,PROD01668,WH002,134,64,86
2018-02-01,PROD00254,WH004,78,2,70
2018-02-01,PROD00286,WH003,223,51,71
2018-02-01,PROD00827,WH008,72,34,86
2018-02-01,PROD00641,WH009,438,38,74
2018-02-01,PROD00634,WH004,312,78,53
2018-02-01,PROD01338,WH002,438,32,92
2018-02-01,PROD01105,WH002,446,19,105
2018-02-01,PROD01727,WH004,145,67,53
2018-02-01,PROD01627,WH008,127,41,88
2018-02-01,PROD00313,WH009,155,34,38
2018-02-01,PROD01508,WH002,293,13,96
2018-02-01,PROD00910,WH009,348,21,30
2018-02-01,PROD00496,WH005,430,68,47
2018-02-01,PROD01712,WH010,47,19,41
2018-02-01,PROD00020,WH008,300,26,117
2018-02-01,PROD01738,WH005,432,48,60
2018-02-01,PROD01517,WH006,408,41,42
2018-02-01,PROD00014,WH004,255,17,65
2018-02-01,PROD01052,WH002,63,49,43
2018-02-01,PROD01421,WH003,362,65,117
2018-02-01,PROD00957,WH002,232,71,86
2018-02-01,PROD00425,WH001,438,79,116
2018-02-01,PROD00889,WH008,92,11,57
2018-02-01,PROD01172,WH004,1,1,63
2018-02-01,PROD01717,WH009,223,35,74
2018-02-01,PROD01706,WH003,104,79,95
2018-02-01,PROD01999,WH002,408,50,120
2018-02-01,PROD01378,WH004,111,35,66
2018-02-01,PROD00896,WH007,104,52,58
2018-02-01,PROD00471,WH001,416,63,76
2018-02-01,PROD01095,WH006,27,6,20
2018-02-01,PROD00719,WH007,148,3,110
2018-02-01,PROD00742,WH003,443,19,58
2018-02-01,PROD01379,WH008,73,67,70
2018-02-01,PROD01841,WH010,37,35,68
2018-02-01,PROD00038,WH004,396,11,109
2018-02-01,PROD00933,WH009,426,17,67
2018-02-01,PROD00423,WH006,287,24,89
2018-02-01,PROD00285,WH004,204,8,64
2018-02-01,PROD00458,WH001,120,15,36
2018-02-01,PROD00859,WH010,6,4,119
2018-02-01,PROD01799,WH009,314,72,48
2018-02-01,PROD00902,WH008,498,64,109
2018-02-01,PROD01710,WH005,252,15,28
2018-02-01,PROD00449,WH006,185,12,57
2018-02-01,PROD01254,WH002,416,67,40
2018-02-01,PROD00865,WH004,180,35,96
2018-02-01,PROD01076,WH002,66,24,61
2018-02-01,PROD01380,WH004,34,30,110
2018-02-01,PROD00008,WH002,35,19,46
2018-02-01,PROD00213,WH003,326,27,46
2018-02-01,PROD01327,WH010,41,37,31
2018-02-01,PROD00152,WH002,305,79,89
2018-02-01,PROD00690,WH002,105,46,90
2018-02-01,PROD00368,WH007,414,33,54
2018-02-01,PROD01473,WH003,244,32,39
2018-02-01,PROD01962,WH005,19,14,115
2018-03-01,PROD00716,WH001,173,62,87
2018-03-01,PROD01636,WH004,391,70,118
2018-03-01,PROD00523,WH001,404,75,79
2018-03-01,PROD01410,WH009,351,52,118
2018-03-01,PROD00472,WH010,365,77,100
2018-03-01,PROD00982,WH005,384,38,64
2018-03-01,PROD00838,WH010,70,10,53
2018-03-01,PROD00302,WH004,353,10,118
2018-03-01,PROD00256,WH005,149,55,70
2018-03-01,PROD01075,WH008,268,32,67
2018-03-01,PROD01411,WH002,416,60,71
2018-03-01,PROD00901,WH009,477,41,116
2018-03-01,PROD01199,WH007,492,29,22
2018-03-01,PROD00041,WH005,28,22,89
2018-03-01,PROD00767,WH010,196,2,84
2018-03-01,PROD00603,WH004,23,6,81
2018-03-01,PROD01040,WH009,492,42,101
2018-03-01,PROD01171,WH006,86,72,63
2018-03-01,PROD00296,WH010,69,54,87
2018-03-01,PROD00549,WH006,89,56,46
2018-03-01,PROD01232,WH006,419,64,102
2018-03-01,PROD01581,WH003,202,67,84
2018-03-01,PROD01064,WH002,368,37,33
2018-03-01,PROD00581,WH009,412,29,99
2018-03-01,PROD00487,WH004,41,20,63
2018-03-01,PROD01953,WH009,410,30,54
2018-03-01,PROD01589,WH001,491,12,83
2018-03-01,PROD00650,WH007,433,57,40
2018-03-01,PROD01260,WH010,103,21,43
2018-03-01,PROD01952,WH001,189,2,80
2018-03-01,PROD01159,WH001,425,73,94
2018-03-01,PROD00909,WH009,423,21,50
2018-03-01,PROD00310,WH009,135,1,47
2018-03-01,PROD00434,WH003,483,1,61
2018-03-01,PROD01627,WH003,60,54,42
2018-03-01,PROD00569,WH006,480,10,67
2018-03-01,PROD00729,WH007,174,30,79
2018-03-01,PROD00887,WH008,441,63,54
2018-03-01,PROD01312,WH009,269,65,95
2018-03-01,PROD00019,WH002,267,30,32
2018-03-01,PROD00596,WH008,455,77,42
2018-03-01,PROD00228,WH003,191,46,104
2018-03-01,PROD00937,WH008,93,16,103
2018-03-01,PROD00119,WH002,480,25,91
2018-03-01,PROD00999,WH006,193,45,59
2018-03-01,PROD00823,WH006,111,77,21
2018-03-01,PROD00351,WH006,85,48,59
2018-03-01,PROD00815,WH003,318,58,108
2018-03-01,PROD01061,WH003,319,76,98
2018-03-01,PROD00106,WH005,73,50,49
2018-03-01,PROD01226,WH009,318,14,28
2018-03-01,PROD01304,WH001,114,7,104
2018-03-01,PROD00077,WH008,239,4,58
2018-03-01,PROD01664,WH010,232,57,35
2018-03-01,PROD01177,WH009,481,35,27
2018-03-01,PROD00025,WH009,407,57,111
2018-03-01,PROD00424,WH001,253,59,78
2018-03-01,PROD00889,WH009,19,14,39
2018-03-01,PROD01271,WH002,79,45,108
2018-03-01,PROD01789,WH008,471,35,57
2018-03-01,PROD01764,WH010,427,65,79
2018-03-01,PROD00791,WH010,132,38,23
2018-03-01,PROD00373,WH009,395,65,72
2018-03-01,PROD01113,WH005,128,48,28
2018-03-01,PROD01706,WH003,150,27,62
2018-03-01,PROD01103,WH007,383,8,97
2018-03-01,PROD00120,WH001,33,9,87
2018-03-01,PROD01010,WH002,390,41,64
2018-03-01,PROD01549,WH001,199,30,83
2018-03-01,PROD00334,WH007,234,13,63
2018-03-01,PROD01078,WH004,481,27,64
2018-03-01,PROD00121,WH002,169,57,26
2018-03-01,PROD00480,WH009,358,26,112
2018-03-01,PROD00494,WH008,155,77,94
2018-03-01,PROD01944,WH007,45,38,28
2018-03-01,PROD00883,WH002,223,0,40
2018-03-01,PROD00192,WH006,97,28,26
2018-03-01,PROD00807,WH005,276,49,98
2018-03-01,PROD00546,WH008,209,42,103
2018-03-01,PROD01837,WH002,319,24,43
2018-03-01,PROD00094,WH004,225,74,35
2018-03-01,PROD00690,WH003,299,54,82
2018-03-01,PROD01516,WH010,312,60,42
2018-03-01,PROD00323,WH008,440,1,105
2018-03-01,PROD00079,WH008,56,50,58
2018-03-01,PROD00139,WH004,36,1,47
2018-03-01,PROD00160,WH004,423,13,77
2018-03-01,PROD01307,WH006,299,23,107
2018-03-01,PROD01345,WH005,307,31,59
2018-03-01,PROD00864,WH007,7,1,53
2018-03-01,PROD01344,WH005,169,48,119
2018-03-01,PROD01383,WH002,243,71,105
2018-03-01,PROD00686,WH010,191,15,101
2018-03-01,PROD01651,WH005,53,16,96
2018-03-01,PROD01994,WH006,257,20,67
2018-03-01,PROD00473,WH005,41,30,21
2018-03-01,PROD01098,WH001,29,0,101
2018-03-01,PROD01878,WH009,199,2,95
2018-03-01,PROD01573,WH010,261,36,105
2018-03-01,PROD00328,WH009,6,1,36
2018-03-01,PROD00084,WH003,353,59,56
2018-03-01,PROD01437,WH008,230,62,75
2018-03-01,PROD01513,WH008,10,4,80
2018-03-01,PROD00399,WH007,175,43,62
2018-03-01,PROD01313,WH010,130,26,106
2018-03-01,PROD00812,WH005,443,31,115
2018-03-01,PROD01238,WH004,437,68,79
2018-03-01,PROD01126,WH001,123,5,36
2018-03-01,PROD00524,WH010,355,12,88
2018-03-01,PROD01871,WH003,240,42,28
2018-03-01,PROD01770,WH004,171,8,100
2018-03-01,PROD01172,WH003,304,34,58
2018-03-01,PROD00450,WH010,279,18,51
2018-03-01,PROD00170,WH007,167,32,23
2018-03-01,PROD01282,WH005,269,38,44
2018-03-01,PROD01384,WH008,345,17,33
2018-03-01,PROD00561,WH001,333,34,27
2018-03-01,PROD00743,WH009,410,51,24
2018-03-01,PROD00127,WH008,214,51,61
2018-03-01,PROD01806,WH008,196,64,93
2018-03-01,PROD00500,WH005,276,70,27
2018-03-01,PROD00819,WH001,317,47,35
2018-03-01,PROD01546,WH004,60,22,100
2018-03-01,PROD01671,WH001,441,77,91
2018-03-01,PROD01722,WH002,99,5,80
2018-03-01,PROD00800,WH009,112,47,106
2018-03-01,PROD01578,WH004,280,76,60
2018-03-01,PROD01798,WH008,239,59,111
2018-03-01,PROD01364,WH004,362,55,59
2018-03-01,PROD00386,WH001,128,23,42
2018-03-01,PROD01023,WH004,22,10,103
2018-03-01,PROD00993,WH006,388,38,116
2018-03-01,PROD00138,WH003,328,41,52
2018-03-01,PROD00431,WH001,349,8,46
2018-03-01,PROD01322,WH007,39,14,100
2018-03-01,PROD00880,WH008,365,29,75
2018-03-01,PROD01811,WH010,144,76,80
2018-03-01,PROD01762,WH001,303,67,116
2018-03-01,PROD01337,WH001,457,80,43
2018-03-01,PROD01845,WH010,19,15,80
2018-03-01,PROD00876,WH009,46,35,89
2018-03-01,PROD01247,WH010,361,34,118
2018-03-01,PROD01794,WH009,445,33,20
2018-03-01,PROD00331,WH001,198,25,58
2018-03-01,PROD01340,WH009,353,56,88
2018-03-01,PROD01598,WH010,230,21,115
2018-03-01,PROD00444,WH004,406,44,91
2018-03-01,PROD00728,WH002,242,30,79
2018-03-01,PROD00224,WH002,123,1,111
2018-03-01,PROD01160,WH003,323,37,23
2018-03-01,PROD00451,WH008,7,0,74
2018-03-01,PROD00013,WH002,51,4,60
2018-03-01,PROD00033,WH001,78,31,37
2018-03-01,PROD00047,WH005,397,3,59
2018-03-01,PROD01069,WH004,353,67,23
2018-03-01,PROD00281,WH007,2,0,57
2018-03-01,PROD01294,WH003,284,41,36
2018-03-01,PROD00369,WH005,265,53,71
2018-03-01,PROD00903,WH007,66,57,102
2018-03-01,PROD00512,WH010,199,75,108
2018-03-01,PROD00989,WH007,376,12,115
2018-03-01,PROD00785,WH010,157,38,83
2018-03-01,PROD01635,WH008,30,12,113
2018-03-01,PROD00087,WH003,368,31,100
2018-03-01,PROD01653,WH010,130,47,46
2018-03-01,PROD01500,WH002,390,76,71
2018-03-01,PROD01031,WH001,93,16,67
2018-03-01,PROD00681,WH004,161,33,80
2018-03-01,PROD00086,WH006,79,20,95
2018-03-01,PROD00625,WH008,281,18,27
2018-03-01,PROD01008,WH004,440,0,109
2018-03-01,PROD01301,WH001,414,3,83
2018-03-01,PROD00730,WH001,273,12,116
2018-03-01,PROD01253,WH009,413,9,44
2018-03-01,PROD01118,WH003,109,56,66
2018-03-01,PROD01943,WH001,212,0,50
2018-03-01,PROD00948,WH005,123,47,70
2018-03-01,PROD01476,WH008,458,76,32
2018-03-01,PROD01560,WH009,1,1,34
2018-03-01,PROD01860,WH003,188,17,109
2018-03-01,PROD00432,WH005,285,67,57
2018-03-01,PROD00491,WH006,86,22,100
2018-03-01,PROD00916,WH010,3,3,31
2018-03-01,PROD01148,WH006,441,31,112
2018-03-01,PROD00554,WH010,133,20,74
2018-03-01,PROD00147,WH007,43,21,21
2018-03-01,PROD01494,WH009,79,72,109
2018-03-01,PROD00525,WH006,473,13,82
2018-03-01,PROD00954,WH002,394,55,83
2018-03-01,PROD00710,WH002,309,15,31
2018-03-01,PROD01855,WH005,338,64,82
2018-03-01,PROD01687,WH008,76,36,29
2018-03-01,PROD00979,WH001,256,48,109
2018-03-01,PROD00715,WH005,281,53,48
2018-03-01,PROD01813,WH009,207,30,85
2018-03-01,PROD00720,WH002,257,35,67
2018-03-01,PROD01703,WH007,188,57,64
2018-03-01,PROD01228,WH008,18,5,33
2018-03-01,PROD00763,WH008,101,68,76
2018-03-01,PROD00332,WH008,121,3,55
2018-03-01,PROD01629,WH008,290,8,68
2018-03-01,PROD01401,WH004,442,43,99
2018-03-01,PROD01377,WH004,317,48,77
2018-03-01,PROD01921,WH003,378,23,106
2018-03-01,PROD00935,WH008,37,23,36
2018-03-01,PROD01732,WH006,255,13,30
2018-03-01,PROD01601,WH005,152,24,23
2018-03-01,PROD01079,WH005,141,60,76
2018-03-01,PROD00748,WH003,219,1,26
2018-03-01,PROD01699,WH009,348,57,114
2018-03-01,PROD01753,WH003,117,32,87
2018-03-01,PROD00597,WH010,389,67,51
2018-03-01,PROD01863,WH008,148,19,111
2018-03-01,PROD01472,WH006,323,45,26
2018-03-01,PROD00452,WH008,495,59,87
2018-03-01,PROD00380,WH009,28,15,60
2018-03-01,PROD01158,WH003,44,3,107
2018-03-01,PROD00226,WH010,387,57,109
2018-03-01,PROD00977,WH010,261,78,119
2018-03-01,PROD00859,WH008,479,72,68
2018-03-01,PROD00691,WH009,408,79,64
2018-03-01,PROD00425,WH002,364,37,77
2018-03-01,PROD00350,WH005,191,68,69
2018-03-01,PROD00291,WH006,18,9,102
2018-03-01,PROD01814,WH007,484,33,91
2018-03-01,PROD01055,WH009,96,2,115
2018-03-01,PROD00466,WH009,265,22,27
2018-03-01,PROD01623,WH007,305,2,69
2018-03-01,PROD00933,WH005,210,63,53
2018-03-01,PROD01558,WH005,360,27,59
2018-03-01,PROD01923,WH002,411,27,21
2018-03-01,PROD00394,WH004,431,34,61
2018-03-01,PROD00559,WH002,460,44,104
2018-03-01,PROD01504,WH002,392,36,28
2018-03-01,PROD01634,WH001,417,26,80
2018-03-01,PROD01197,WH010,464,29,101
2018-03-01,PROD00530,WH007,395,7,96
2018-03-01,PROD01539,WH003,374,46,119
2018-03-01,PROD01214,WH010,400,33,88
2018-03-01,PROD01338,WH010,97,28,80
2018-03-01,PROD00468,WH010,244,6,56
2018-03-01,PROD01474,WH010,140,20,27
2018-03-01,PROD01311,WH002,422,72,120
2018-03-01,PROD00063,WH002,164,59,102
2018-03-01,PROD00959,WH010,30,7,54
2018-03-01,PROD01777,WH004,414,15,66
2018-03-01,PROD01273,WH004,284,42,27
2018-03-01,PROD00521,WH010,461,16,100
2018-03-01,PROD00766,WH009,97,5,79
2018-03-01,PROD00122,WH003,341,41,73
2018-03-01,PROD00637,WH007,228,71,94
2018-03-01,PROD01505,WH004,429,75,108
2018-03-01,PROD01535,WH004,254,28,75
2018-03-01,PROD00141,WH004,374,18,24
2018-03-01,PROD01347,WH001,460,38,66
2018-03-01,PROD00998,WH002,13,12,60
2018-03-01,PROD01835,WH001,28,16,119
2018-03-01,PROD01822,WH010,361,77,73
2018-03-01,PROD01972,WH007,212,20,81
2018-03-01,PROD00577,WH002,218,30,65
2018-03-01,PROD01444,WH003,321,23,100
2018-03-01,PROD01453,WH001,102,27,52
2018-03-01,PROD01730,WH001,194,31,111
2018-03-01,PROD01586,WH009,162,43,59
2018-03-01,PROD00784,WH005,262,40,88
2018-03-01,PROD00061,WH009,279,40,61
2018-03-01,PROD00919,WH008,316,67,106
2018-03-01,PROD01801,WH004,246,20,71
2018-03-01,PROD01617,WH003,38,38,20
2018-03-01,PROD00712,WH002,113,32,28
2018-03-01,PROD01763,WH004,353,24,84
2018-03-01,PROD00274,WH007,473,13,97
2018-03-01,PROD01201,WH007,338,70,119
2018-03-01,PROD00929,WH007,109,52,38
2018-03-01,PROD01951,WH010,312,15,48
2018-03-01,PROD00762,WH004,481,67,46
2018-03-01,PROD00040,WH002,84,21,87
2018-03-01,PROD01218,WH010,298,50,119
2018-03-01,PROD00920,WH003,145,56,24
2018-03-01,PROD00490,WH006,84,7,76
2018-03-01,PROD00229,WH003,271,78,99
2018-03-01,PROD01332,WH010,162,19,77
2018-03-01,PROD00964,WH009,125,19,80
2018-03-01,PROD01987,WH009,46,41,92
2018-03-01,PROD01190,WH001,477,26,59
2018-03-01,PROD00338,WH007,371,73,20
2018-03-01,PROD00647,WH010,306,42,23
2018-03-01,PROD01960,WH007,318,50,32
2018-03-01,PROD01875,WH001,466,58,60
2018-03-01,PROD00971,WH006,291,74,73
2018-03-01,PROD01471,WH007,70,60,61
2018-03-01,PROD00529,WH008,365,3,27
2018-03-01,PROD01593,WH010,174,31,52
2018-03-01,PROD01846,WH007,373,48,63
2018-03-01,PROD00595,WH003,216,34,28
2018-03-01,PROD01358,WH007,480,22,50
2018-03-01,PROD00339,WH010,238,0,53
2018-03-01,PROD00727,WH006,138,77,84
2018-03-01,PROD01072,WH010,71,6,112
2018-03-01,PROD00855,WH001,325,78,24
2018-03-01,PROD01872,WH007,452,51,34
2018-03-01,PROD00018,WH003,31,3,107
2018-03-01,PROD00666,WH005,196,79,52
2018-03-01,PROD00097,WH001,99,43,37
2018-03-01,PROD00664,WH001,257,7,74
2018-03-01,PROD01213,WH005,493,0,116
2018-03-01,PROD01417,WH002,341,18,79
2018-03-01,PROD00261,WH006,376,41,39
2018-03-01,PROD00570,WH003,272,5,52
2018-03-01,PROD01285,WH004,247,8,78
2018-03-01,PROD00343,WH003,205,58,118
2018-03-01,PROD01526,WH006,470,32,102
2018-03-01,PROD00573,WH010,13,6,105
2018-03-01,PROD01932,WH005,452,0,67
2018-03-01,PROD01920,WH008,275,20,43
2018-03-01,PROD01844,WH006,26,23,31
2018-03-01,PROD01495,WH002,152,25,34
2018-03-01,PROD00102,WH009,153,25,75
2018-03-01,PROD00849,WH003,258,8,79
2018-03-01,PROD01685,WH006,352,67,63
2018-03-01,PROD00269,WH004,499,18,52
2018-03-01,PROD00651,WH006,24,12,39
2018-03-01,PROD00826,WH005,2,1,35
2018-03-01,PROD01189,WH006,33,10,103
2018-03-01,PROD01082,WH005,483,54,34
2018-03-01,PROD01419,WH003,66,31,111
2018-03-01,PROD00755,WH010,323,48,57
2018-03-01,PROD00922,WH008,337,37,31
2018-03-01,PROD01791,WH008,335,63,51
2018-03-01,PROD01037,WH010,393,13,63
2018-03-01,PROD01102,WH010,481,65,49
2018-03-01,PROD01381,WH010,251,67,57
2018-03-01,PROD01776,WH007,83,64,106
2018-03-01,PROD00260,WH009,408,57,42
2018-03-01,PROD00426,WH007,56,16,51
2018-03-01,PROD00910,WH005,367,19,40
2018-03-01,PROD00963,WH006,455,33,54
2018-03-01,PROD01772,WH009,35,26,52
2018-03-01,PROD01086,WH006,401,27,111
2018-03-01,PROD01861,WH009,467,36,92
2018-03-01,PROD00671,WH003,473,55,69
2018-03-01,PROD00754,WH008,362,58,88
2018-03-01,PROD01433,WH008,409,41,46
2018-03-01,PROD00854,WH004,393,17,87
2018-03-01,PROD00821,WH003,418,28,85
2018-03-01,PROD00276,WH008,78,67,105
2018-03-01,PROD01836,WH009,451,47,51
2018-03-01,PROD01679,WH010,477,62,76
2018-03-01,PROD01803,WH007,284,44,104
2018-03-01,PROD00646,WH005,394,36,72
2018-03-01,PROD01509,WH010,393,30,111
2018-03-01,PROD00649,WH006,436,78,104
2018-03-01,PROD01658,WH008,255,14,81
2018-03-01,PROD01477,WH004,375,47,115
2018-03-01,PROD00267,WH007,49,33,73
2018-03-01,PROD00149,WH002,117,30,97
2018-03-01,PROD00280,WH005,233,19,41
2018-03-01,PROD00586,WH003,333,52,81
2018-03-01,PROD01995,WH004,478,47,117
2018-03-01,PROD00250,WH003,55,19,38
2018-03-01,PROD00926,WH004,491,74,24
2018-03-01,PROD00052,WH002,82,10,80
2018-03-01,PROD00416,WH002,248,15,92
2018-03-01,PROD00852,WH003,390,8,38
2018-03-01,PROD01357,WH008,394,9,89
2018-03-01,PROD01529,WH008,399,41,41
2018-03-01,PROD00115,WH004,93,12,23
2018-03-01,PROD01017,WH005,259,2,60
2018-03-01,PROD01804,WH007,130,54,102
2018-03-01,PROD00532,WH007,435,13,63
2018-03-01,PROD01051,WH010,281,69,77
2018-03-01,PROD01036,WH006,313,32,75
2018-03-01,PROD01570,WH003,126,61,76
2018-03-01,PROD01272,WH009,236,17,60
2018-03-01,PROD01493,WH004,91,79,55
2018-03-01,PROD01143,WH004,315,55,117
2018-03-01,PROD00699,WH003,170,74,72
2018-03-01,PROD01234,WH008,268,4,68
2018-03-01,PROD01076,WH009,259,50,93
2018-03-01,PROD01758,WH001,72,38,93
2018-03-01,PROD01540,WH007,500,37,74
2018-03-01,PROD01124,WH005,187,57,56
2018-03-01,PROD01066,WH004,289,73,103
2018-03-01,PROD01106,WH008,153,23,48
2018-03-01,PROD01131,WH006,472,80,55
2018-03-01,PROD00135,WH003,243,56,101
2018-03-01,PROD00206,WH009,158,31,93
2018-03-01,PROD00186,WH010,459,55,26
2018-03-01,PROD00966,WH001,57,35,33
2018-03-01,PROD00303,WH009,168,1,58
2018-03-01,PROD01291,WH009,28,12,72
2018-03-01,PROD00557,WH008,198,78,111
2018-03-01,PROD00462,WH006,153,18,53
2018-03-01,PROD00722,WH010,177,0,83
2018-03-01,PROD01296,WH006,445,15,45
2018-03-01,PROD01041,WH005,194,70,37
2018-03-01,PROD01116,WH008,498,33,50
2018-03-01,PROD00667,WH008,452,54,58
2018-03-01,PROD01583,WH003,171,65,103
2018-03-01,PROD00620,WH007,234,20,54
2018-03-01,PROD00216,WH007,425,80,118
2018-03-01,PROD00162,WH001,386,51,75
2018-03-01,PROD01714,WH006,393,19,34
2018-03-01,PROD01913,WH003,8,0,83
2018-03-01,PROD01475,WH006,8,1,84
2018-03-01,PROD00970,WH007,114,63,88
2018-03-01,PROD01620,WH002,325,61,28
2018-03-01,PROD00622,WH009,478,80,120
2018-03-01,PROD00253,WH009,190,31,72
2018-03-01,PROD00759,WH007,182,19,102
2018-03-01,PROD01982,WH009,243,61,38
2018-03-01,PROD00219,WH003,378,32,51
2018-03-01,PROD01109,WH004,115,20,66
2018-03-01,PROD00165,WH002,208,15,89
2018-03-01,PROD01965,WH008,173,37,116
2018-03-01,PROD00839,WH004,99,26,51
2018-03-01,PROD01114,WH005,439,14,23
2018-03-01,PROD01249,WH005,251,22,71
2018-03-01,PROD00627,WH002,448,58,103
2018-03-01,PROD01887,WH002,428,17,104
2018-03-01,PROD00389,WH010,456,10,85
2018-03-01,PROD01019,WH003,253,16,104
2018-03-01,PROD00392,WH006,132,57,56
2018-03-01,PROD01796,WH009,315,34,109
2018-03-01,PROD00942,WH002,200,28,64
2018-03-01,PROD00830,WH004,347,33,72
2018-03-01,PROD00604,WH003,344,74,54
2018-03-01,PROD01027,WH005,23,2,33
2018-03-01,PROD01950,WH002,360,69,72
2018-03-01,PROD01258,WH009,191,10,103
2018-03-01,PROD01129,WH005,490,18,79
2018-03-01,PROD01469,WH009,308,46,37
2018-03-01,PROD00856,WH006,111,45,42
2018-03-01,PROD00455,WH009,435,50,45
2018-03-01,PROD00794,WH005,481,74,43
2018-03-01,PROD01033,WH007,222,3,67
2018-03-01,PROD00354,WH007,137,43,54
2018-03-01,PROD00180,WH004,375,22,113
2018-03-01,PROD00469,WH002,174,55,93
2018-03-01,PROD01918,WH009,177,48,39
2018-03-01,PROD01551,WH001,282,78,120
2018-03-01,PROD00770,WH009,421,42,93
2018-03-01,PROD01130,WH005,294,19,116
2018-03-01,PROD00718,WH002,261,58,38
2018-03-01,PROD00218,WH004,494,45,114
2018-03-01,PROD01198,WH009,151,78,103
2018-03-01,PROD00070,WH001,165,66,39
2018-03-01,PROD00629,WH004,69,9,97
2018-03-01,PROD00806,WH008,229,18,91
2018-03-01,PROD01281,WH004,422,1,35
2018-03-01,PROD00418,WH004,486,10,32
2018-03-01,PROD01724,WH008,381,58,39
2018-03-01,PROD00422,WH010,51,48,53
2018-03-01,PROD01077,WH001,431,15,37
2018-03-01,PROD01052,WH009,313,76,53
2018-03-01,PROD01781,WH003,87,57,21
2018-03-01,PROD01554,WH009,139,76,75
2018-03-01,PROD00199,WH010,197,48,86
2018-03-01,PROD01971,WH009,230,6,33
2018-03-01,PROD00742,WH004,401,35,119
2018-03-01,PROD01386,WH004,268,10,56
2018-03-01,PROD01552,WH005,280,54,93
2018-03-01,PROD00623,WH008,433,64,61
2018-03-01,PROD01852,WH010,431,60,64
2018-03-01,PROD00110,WH001,221,39,78
2018-03-01,PROD00497,WH002,103,14,117
2018-03-01,PROD01284,WH010,19,0,111
2018-03-01,PROD00370,WH004,458,39,59
2018-03-01,PROD01765,WH010,472,13,99
2018-03-01,PROD01423,WH007,403,45,58
2018-03-01,PROD00213,WH003,171,23,97
2018-03-01,PROD01808,WH004,55,3,54
2018-03-01,PROD00038,WH010,94,16,24
2018-03-01,PROD01624,WH003,199,52,93
2018-03-01,PROD01235,WH010,377,43,96
2018-03-01,PROD00001,WH005,212,34,62
2018-03-01,PROD01879,WH006,4,1,112
2018-03-01,PROD00398,WH008,500,35,108
2018-03-01,PROD00367,WH008,37,21,24
2018-03-01,PROD00552,WH004,451,26,88
2018-03-01,PROD00417,WH003,435,62,103
2018-03-01,PROD00174,WH001,243,30,33
2018-03-01,PROD00924,WH007,82,67,102
2018-03-01,PROD01195,WH005,0,0,86
2018-03-01,PROD01914,WH007,13,6,102
2018-03-01,PROD01675,WH001,109,54,48
2018-03-01,PROD00258,WH002,332,22,61
2018-03-01,PROD01876,WH005,449,30,65
2018-03-01,PROD00379,WH008,47,45,44
2018-03-01,PROD00176,WH009,421,61,41
2018-03-01,PROD00010,WH006,216,44,87
2018-03-01,PROD00682,WH004,133,12,108
2018-03-01,PROD01974,WH001,451,9,115
2018-03-01,PROD00012,WH009,162,34,58
2018-03-01,PROD00787,WH002,370,37,109
2018-03-01,PROD00957,WH001,71,28,62
2018-03-01,PROD00368,WH007,368,6,55
2018-03-01,PROD00319,WH006,48,10,94
2018-03-01,PROD00021,WH006,247,6,114
2018-03-01,PROD01553,WH004,272,0,95
2018-04-01,PROD01155,WH003,105,27,80
2018-04-01,PROD00580,WH001,182,16,111
2018-04-01,PROD00142,WH002,260,55,100
2018-04-01,PROD00638,WH003,12,3,118
2018-04-01,PROD00392,WH009,381,80,73
2018-04-01,PROD00828,WH006,473,36,22
2018-04-01,PROD00932,WH004,147,68,71
2018-04-01,PROD00205,WH006,253,15,100
2018-04-01,PROD00049,WH003,187,33,47
2018-04-01,PROD00040,WH002,285,16,59
2018-04-01,PROD01621,WH003,76,44,86
2018-04-01,PROD01397,WH001,156,75,74
2018-04-01,PROD00759,WH002,317,44,24
2018-04-01,PROD00139,WH001,183,21,54
2018-04-01,PROD00620,WH008,105,16,112
2018-04-01,PROD00494,WH008,421,60,110
2018-04-01,PROD01182,WH009,37,21,70
2018-04-01,PROD00978,WH008,433,49,21
2018-04-01,PROD01649,WH008,290,0,74
2018-04-01,PROD01572,WH010,299,42,115
2018-04-01,PROD00463,WH005,150,57,22
2018-04-01,PROD01669,WH004,21,20,23
2018-04-01,PROD01224,WH009,41,5,35
2018-04-01,PROD00623,WH002,165,24,26
2018-04-01,PROD01358,WH002,444,22,24
2018-04-01,PROD00216,WH004,493,79,22
2018-04-01,PROD01949,WH002,324,34,54
2018-04-01,PROD00783,WH008,237,9,41
2018-04-01,PROD01687,WH009,55,35,62
2018-04-01,PROD00896,WH010,106,39,66
2018-04-01,PROD01268,WH003,174,28,90
2018-04-01,PROD01143,WH005,102,39,51
2018-04-01,PROD00980,WH008,124,79,38
2018-04-01,PROD01617,WH009,164,4,47
2018-04-01,PROD01140,WH004,224,54,20
2018-04-01,PROD01731,WH001,278,46,31
2018-04-01,PROD00099,WH002,456,5,93
2018-04-01,PROD00789,WH007,255,25,102
2018-04-01,PROD01071,WH004,354,62,88
2018-04-01,PROD01109,WH001,95,53,107
2018-04-01,PROD00450,WH007,202,3,22
2018-04-01,PROD00856,WH006,274,47,49
2018-04-01,PROD00835,WH004,150,16,87
2018-04-01,PROD00641,WH003,140,59,114
2018-04-01,PROD00859,WH008,157,44,70
2018-04-01,PROD00369,WH003,404,74,44
2018-04-01,PROD01000,WH010,59,20,63
2018-04-01,PROD01702,WH007,299,56,93
2018-04-01,PROD01150,WH004,361,47,89
2018-04-01,PROD00326,WH005,491,48,66
2018-04-01,PROD01206,WH001,260,66,88
2018-04-01,PROD00311,WH009,95,48,86
2018-04-01,PROD00425,WH002,97,32,106
2018-04-01,PROD01685,WH009,17,3,82
2018-04-01,PROD00101,WH006,480,72,22
2018-04-01,PROD00496,WH004,82,9,80
2018-04-01,PROD00802,WH003,437,25,120
2018-04-01,PROD01606,WH004,184,13,55
2018-04-01,PROD00456,WH002,410,43,103
2018-04-01,PROD00582,WH006,351,31,29
2018-04-01,PROD00035,WH007,6,1,62
2018-04-01,PROD00146,WH010,436,17,69
2018-04-01,PROD00534,WH003,201,25,65
2018-04-01,PROD01225,WH001,154,35,52
2018-04-01,PROD01510,WH006,378,51,97
2018-04-01,PROD00968,WH010,306,20,32
2018-04-01,PROD01705,WH003,469,68,107
2018-04-01,PROD00661,WH006,245,38,100
2018-04-01,PROD01858,WH004,211,9,49
2018-04-01,PROD01269,WH003,213,68,46
2018-04-01,PROD00097,WH002,363,59,68
2018-04-01,PROD01881,WH006,13,5,99
2018-04-01,PROD01895,WH002,15,5,74
2018-04-01,PROD00820,WH006,423,25,95
2018-04-01,PROD01528,WH009,9,9,79
2018-04-01,PROD01298,WH010,264,63,99
2018-04-01,PROD01611,WH001,291,30,101
2018-04-01,PROD00143,WH007,256,20,114
2018-04-01,PROD00800,WH008,191,1,27
2018-04-01,PROD00635,WH008,63,44,94
2018-04-01,PROD01349,WH001,267,7,98
2018-04-01,PROD01765,WH002,390,25,109
2018-04-01,PROD01286,WH008,416,24,78
2018-04-01,PROD00144,WH009,147,55,49
2018-04-01,PROD01362,WH006,15,0,51
2018-04-01,PROD01364,WH008,13,6,93
2018-04-01,PROD00892,WH005,276,0,24
2018-04-01,PROD00047,WH004,323,13,100
2018-04-01,PROD00998,WH004,412,11,73
2018-04-01,PROD00555,WH007,12,1,32
2018-04-01,PROD01584,WH001,64,38,92
2018-04-01,PROD01047,WH009,394,40,51
2018-04-01,PROD01148,WH001,38,13,27
2018-04-01,PROD00356,WH004,385,24,61
2018-04-01,PROD00394,WH003,412,64,73
2018-04-01,PROD00154,WH005,303,70,56
2018-04-01,PROD01249,WH001,283,23,32
2018-04-01,PROD00890,WH004,235,65,110
2018-04-01,PROD00127,WH005,145,64,91
2018-04-01,PROD01743,WH003,192,57,115
2018-04-01,PROD00431,WH004,36,27,117
2018-04-01,PROD00452,WH008,102,32,43
2018-04-01,PROD01933,WH003,343,20,63
2018-04-01,PROD01375,WH004,427,43,77
2018-04-01,PROD00786,WH006,205,69,91
2018-04-01,PROD01414,WH004,48,24,38
2018-04-01,PROD01780,WH003,266,3,39
2018-04-01,PROD00141,WH009,344,42,42
2018-04-01,PROD00556,WH005,132,16,70
2018-04-01,PROD00208,WH001,169,78,29
2018-04-01,PROD00267,WH001,56,17,51
2018-04-01,PROD00451,WH009,166,39,80
2018-04-01,PROD01837,WH003,345,29,104
2018-04-01,PROD01263,WH007,404,35,77
2018-04-01,PROD01445,WH006,310,51,99
2018-04-01,PROD00576,WH003,70,62,39
2018-04-01,PROD01437,WH002,128,66,62
2018-04-01,PROD00737,WH003,100,78,117
2018-04-01,PROD01658,WH004,124,80,95
2018-04-01,PROD00685,WH002,93,75,104
2018-04-01,PROD01016,WH009,361,15,87
2018-04-01,PROD01776,WH006,82,59,58
2018-04-01,PROD00614,WH008,497,34,87
2018-04-01,PROD01559,WH002,312,54,68
2018-04-01,PROD00122,WH003,84,79,35
2018-04-01,PROD01241,WH002,166,58,21
2018-04-01,PROD01659,WH010,150,21,100
2018-04-01,PROD00926,WH006,376,70,91
2018-04-01,PROD00681,WH006,110,26,64
2018-04-01,PROD00728,WH008,66,1,37
2018-04-01,PROD01700,WH001,375,79,103
2018-04-01,PROD00226,WH006,287,8,78
2018-04-01,PROD00423,WH010,499,77,102
2018-04-01,PROD00316,WH007,364,78,46
2018-04-01,PROD01805,WH009,165,38,107
2018-04-01,PROD00665,WH005,219,75,114
2018-04-01,PROD01347,WH002,377,59,55
2018-04-01,PROD00376,WH002,30,2,112
2018-04-01,PROD00054,WH010,228,9,97
2018-04-01,PROD01937,WH007,251,21,93
2018-04-01,PROD00228,WH006,480,48,64
2018-04-01,PROD01419,WH006,143,80,26
2018-04-01,PROD01791,WH005,400,31,57
2018-04-01,PROD00161,WH001,186,60,34
2018-04-01,PROD00184,WH002,38,27,84
2018-04-01,PROD01633,WH001,497,52,95
2018-04-01,PROD00482,WH008,399,62,26
2018-04-01,PROD01878,WH007,485,13,63
2018-04-01,PROD00872,WH006,393,60,77
2018-04-01,PROD00320,WH006,262,70,45
2018-04-01,PROD00115,WH008,103,19,58
2018-04-01,PROD00746,WH003,364,61,51
2018-04-01,PROD00318,WH010,66,51,45
2018-04-01,PROD01297,WH010,68,29,110
2018-04-01,PROD00773,WH005,227,48,24
2018-04-01,PROD01392,WH010,14,6,108
2018-04-01,PROD00742,WH008,58,56,25
2018-04-01,PROD00368,WH004,151,77,29
2018-04-01,PROD01152,WH004,463,76,75
2018-04-01,PROD00776,WH006,359,79,27
2018-04-01,PROD00950,WH010,284,72,110
2018-04-01,PROD00717,WH007,330,33,35
2018-04-01,PROD01873,WH007,227,60,44
2018-04-01,PROD01256,WH010,130,15,62
2018-04-01,PROD01238,WH010,489,24,87
2018-04-01,PROD01474,WH009,270,30,36
2018-04-01,PROD00285,WH004,392,1,88
2018-04-01,PROD01418,WH004,429,28,57
2018-04-01,PROD00699,WH006,220,8,114
2018-04-01,PROD00237,WH010,229,21,29
2018-04-01,PROD01760,WH002,72,59,43
2018-04-01,PROD01030,WH001,208,53,44
2018-04-01,PROD01410,WH004,257,12,113
2018-04-01,PROD00649,WH006,22,4,35
2018-04-01,PROD00068,WH010,328,38,78
2018-04-01,PROD00304,WH006,157,41,40
2018-04-01,PROD00559,WH001,425,3,103
2018-04-01,PROD00180,WH003,316,5,62
2018-04-01,PROD01747,WH004,384,24,46
2018-04-01,PROD01176,WH005,495,27,65
2018-04-01,PROD00202,WH001,115,16,46
2018-04-01,PROD00745,WH004,59,13,48
2018-04-01,PROD00592,WH005,40,21,69
2018-04-01,PROD01046,WH007,394,35,62
2018-04-01,PROD00417,WH001,51,23,94
2018-04-01,PROD00156,WH008,321,63,113
2018-04-01,PROD00479,WH009,113,34,42
2018-04-01,PROD00749,WH007,421,56,90
2018-04-01,PROD01808,WH009,124,6,101
2018-04-01,PROD01688,WH010,319,27,53
2018-04-01,PROD01974,WH006,290,11,35
2018-04-01,PROD00185,WH009,59,18,21
2018-04-01,PROD01645,WH001,155,60,118
2018-04-01,PROD01561,WH002,346,70,67
2018-04-01,PROD01300,WH001,257,66,109
2018-04-01,PROD00464,WH008,223,25,83
2018-04-01,PROD00076,WH009,227,30,96
2018-04-01,PROD00751,WH003,0,0,65
2018-04-01,PROD01411,WH007,174,53,73
2018-04-01,PROD01216,WH009,427,53,86
2018-04-01,PROD00541,WH002,480,76,68
2018-04-01,PROD00088,WH005,407,13,46
2018-04-01,PROD00904,WH009,338,10,51
2018-04-01,PROD00659,WH001,179,38,34
2018-04-01,PROD00102,WH002,388,15,34
2018-04-01,PROD00794,WH001,317,46,112
2018-04-01,PROD00074,WH010,251,7,98
2018-04-01,PROD00365,WH005,250,5,56
2018-04-01,PROD01703,WH005,280,65,120
2018-04-01,PROD00445,WH006,191,64,24
2018-04-01,PROD00894,WH006,322,44,62
2018-04-01,PROD00164,WH003,221,20,106
2018-04-01,PROD01583,WH010,212,58,62
2018-04-01,PROD00455,WH008,331,9,95
2018-04-01,PROD01968,WH007,419,52,94
2018-04-01,PROD00181,WH008,30,19,119
2018-04-01,PROD00172,WH001,410,27,67
2018-04-01,PROD00838,WH008,147,51,34
2018-04-01,PROD01487,WH006,249,37,46
2018-04-01,PROD00315,WH010,16,8,102
2018-04-01,PROD00866,WH001,329,16,29
2018-04-01,PROD00243,WH010,414,34,94
2018-04-01,PROD00546,WH003,274,11,89
2018-04-01,PROD00506,WH004,361,12,32
2018-04-01,PROD01195,WH007,406,18,56
2018-04-01,PROD01758,WH003,182,45,104
2018-04-01,PROD00353,WH004,156,64,62
2018-04-01,PROD00016,WH003,403,12,110
2018-04-01,PROD00270,WH005,326,70,89
2018-04-01,PROD01383,WH003,281,78,39
2018-04-01,PROD01578,WH010,176,0,83
2018-04-01,PROD01831,WH001,301,45,95
2018-04-01,PROD01160,WH010,348,3,83
2018-04-01,PROD01326,WH005,8,6,90
2018-04-01,PROD00378,WH005,409,55,89
2018-04-01,PROD00964,WH005,43,0,49
2018-04-01,PROD01809,WH007,212,71,59
2018-04-01,PROD01054,WH010,9,9,87
2018-04-01,PROD01323,WH005,424,13,25
2018-04-01,PROD01379,WH007,297,10,30
2018-04-01,PROD00175,WH008,258,79,32
2018-04-01,PROD01342,WH009,26,23,114
2018-04-01,PROD00078,WH004,85,7,51
2018-04-01,PROD01764,WH002,239,53,98
2018-04-01,PROD00738,WH003,195,0,110
2018-04-01,PROD01145,WH009,131,64,58
2018-04-01,PROD00601,WH002,375,78,90
2018-04-01,PROD01491,WH007,228,72,116
2018-04-01,PROD01959,WH005,138,56,58
2018-04-01,PROD00388,WH005,239,39,110
2018-04-01,PROD01307,WH006,83,16,21
2018-04-01,PROD01885,WH009,303,31,114
2018-04-01,PROD00925,WH009,158,80,116
2018-04-01,PROD00805,WH007,357,29,39
2018-04-01,PROD00947,WH002,351,15,103
2018-04-01,PROD00673,WH006,305,40,21
2018-04-01,PROD01229,WH005,158,30,109
2018-04-01,PROD01800,WH005,277,79,41
2018-04-01,PROD00981,WH010,262,39,86
2018-04-01,PROD00714,WH004,172,41,82
2018-04-01,PROD01367,WH004,400,32,29
2018-04-01,PROD01039,WH003,186,1,97
2018-04-01,PROD00750,WH007,413,19,120
2018-04-01,PROD01131,WH002,406,68,60
2018-04-01,PROD00114,WH001,145,22,50
2018-04-01,PROD00612,WH002,90,22,108
2018-04-01,PROD01976,WH004,40,28,24
2018-04-01,PROD00761,WH002,219,43,97
2018-04-01,PROD01146,WH001,499,57,91
2018-04-01,PROD01732,WH007,101,35,32
2018-04-01,PROD00009,WH003,284,55,25
2018-04-01,PROD01080,WH005,493,56,94
2018-04-01,PROD01701,WH010,390,45,51
2018-04-01,PROD00865,WH006,62,62,27
2018-04-01,PROD00569,WH003,272,68,98
2018-04-01,PROD01248,WH006,103,15,64
2018-04-01,PROD00551,WH006,291,0,118
2018-04-01,PROD01060,WH003,44,3,51
2018-04-01,PROD01898,WH003,136,23,28
2018-04-01,PROD00662,WH006,446,50,109
2018-04-01,PROD01615,WH006,212,23,106
2018-04-01,PROD01512,WH010,438,75,70
2018-04-01,PROD00214,WH003,260,25,65
2018-04-01,PROD00615,WH003,99,19,115
2018-04-01,PROD01931,WH005,303,66,83
2018-04-01,PROD01795,WH001,124,44,112
2018-04-01,PROD01799,WH008,464,41,112
2018-04-01,PROD00225,WH008,289,76,100
2018-04-01,PROD01388,WH002,4,0,116
2018-04-01,PROD01428,WH003,299,57,120
2018-04-01,PROD01941,WH007,428,66,74
2018-04-01,PROD01200,WH007,107,46,43
2018-04-01,PROD01911,WH007,497,59,88
2018-04-01,PROD01938,WH008,480,66,22
2018-04-01,PROD00962,WH009,297,2,51
2018-04-01,PROD01675,WH009,460,47,53
2018-04-01,PROD01092,WH003,135,70,66
2018-04-01,PROD01217,WH003,40,0,29
2018-04-01,PROD00033,WH003,141,56,59
2018-04-01,PROD01177,WH010,17,13,20
2018-04-01,PROD01439,WH009,476,19,87
2018-04-01,PROD00695,WH002,213,7,71
2018-04-01,PROD01302,WH007,308,80,100
2018-04-01,PROD00668,WH001,112,50,64
2018-04-01,PROD00581,WH002,414,80,102
2018-04-01,PROD01185,WH006,217,24,48
2018-04-01,PROD00862,WH005,224,72,40
2018-04-01,PROD01284,WH004,29,29,85
2018-04-01,PROD01040,WH003,137,21,49
2018-04-01,PROD00255,WH010,105,22,22
2018-04-01,PROD00602,WH010,124,26,59
2018-04-01,PROD00515,WH006,326,67,88
2018-04-01,PROD00579,WH003,376,9,74
2018-04-01,PROD00499,WH001,402,19,41
2018-04-01,PROD01647,WH003,347,36,118
2018-04-01,PROD00863,WH010,324,13,65
2018-04-01,PROD00711,WH002,185,0,91
2018-04-01,PROD00923,WH007,311,35,48
2018-04-01,PROD00345,WH006,419,10,105
2018-04-01,PROD00282,WH007,46,5,74
2018-04-01,PROD00527,WH001,241,4,77
2018-04-01,PROD01106,WH009,446,37,99
2018-04-01,PROD00468,WH009,314,76,73
2018-04-01,PROD00599,WH003,141,72,116
2018-04-01,PROD00877,WH009,259,46,69
2018-04-01,PROD00565,WH004,100,60,58
2018-04-01,PROD01818,WH005,495,71,120
2018-04-01,PROD01727,WH003,72,1,100
2018-04-01,PROD00135,WH001,484,27,36
2018-04-01,PROD00739,WH002,155,39,72
2018-04-01,PROD00039,WH010,458,71,58
2018-04-01,PROD01580,WH005,451,50,40
2018-04-01,PROD01180,WH004,23,10,115
2018-04-01,PROD00857,WH004,120,63,73
2018-04-01,PROD01266,WH006,421,52,37
2018-04-01,PROD01275,WH007,352,51,56
2018-04-01,PROD01015,WH004,205,70,93
2018-04-01,PROD00781,WH004,280,46,47
2018-04-01,PROD00691,WH007,480,49,35
2018-04-01,PROD00854,WH005,316,43,70
2018-04-01,PROD00957,WH007,184,21,104
2018-04-01,PROD00795,WH006,281,18,96
2018-04-01,PROD00234,WH007,12,8,59
2018-04-01,PROD01654,WH004,14,7,110
2018-04-01,PROD01069,WH009,473,1,32
2018-04-01,PROD01604,WH002,197,77,111
2018-04-01,PROD01635,WH007,473,61,67
2018-04-01,PROD01712,WH008,490,11,104
2018-04-01,PROD00067,WH008,211,11,63
2018-04-01,PROD01893,WH009,418,16,26
2018-04-01,PROD01346,WH006,182,55,120
2018-04-01,PROD01909,WH003,161,65,38
2018-04-01,PROD00359,WH010,330,23,46
2018-04-01,PROD00910,WH001,362,53,48
2018-04-01,PROD00244,WH010,290,69,83
2018-04-01,PROD00025,WH003,46,30,35
2018-04-01,PROD00370,WH005,141,29,112
2018-04-01,PROD00990,WH009,417,19,27
2018-04-01,PROD00338,WH010,442,12,44
2018-04-01,PROD00632,WH007,9,6,113
2018-04-01,PROD01245,WH004,47,43,98
2018-04-01,PROD01519,WH002,442,56,55
2018-04-01,PROD00401,WH006,424,18,21
2018-04-01,PROD00851,WH004,247,4,94
2018-04-01,PROD00684,WH004,121,75,43
2018-04-01,PROD01189,WH005,241,34,54
2018-04-01,PROD01170,WH010,294,61,24
2018-04-01,PROD00166,WH005,365,60,83
2018-04-01,PROD00736,WH006,262,77,63
2018-04-01,PROD01147,WH008,118,46,40
2018-04-01,PROD01577,WH002,142,5,71
2018-04-01,PROD00246,WH002,231,10,73
2018-04-01,PROD01485,WH001,205,8,104
2018-04-01,PROD01223,WH007,293,64,84
2018-04-01,PROD01763,WH002,412,42,120
2018-04-01,PROD01624,WH003,285,57,101
2018-04-01,PROD01081,WH005,455,1,104
2018-04-01,PROD00550,WH004,57,21,73
2018-04-01,PROD01692,WH006,59,36,38
2018-04-01,PROD01706,WH004,423,58,81
2018-04-01,PROD00006,WH002,361,47,64
2018-04-01,PROD01668,WH009,490,38,62
2018-04-01,PROD01634,WH006,314,56,29
2018-04-01,PROD01736,WH004,421,78,33
2018-04-01,PROD01627,WH008,42,13,45
2018-04-01,PROD00671,WH003,209,20,77
2018-04-01,PROD00491,WH010,17,5,59
2018-04-01,PROD01183,WH010,122,8,50
2018-04-01,PROD01769,WH009,387,57,33
2018-04-01,PROD00303,WH005,264,15,102
2018-04-01,PROD00075,WH008,178,24,93
2018-04-01,PROD01359,WH006,217,17,96
2018-04-01,PROD00406,WH010,220,7,76
2018-04-01,PROD01608,WH005,482,13,119
2018-04-01,PROD01950,WH008,80,35,103
2018-04-01,PROD01816,WH001,57,23,47
2018-04-01,PROD01303,WH005,195,30,53
2018-04-01,PROD00804,WH009,319,22,71
2018-04-01,PROD01272,WH001,327,4,45
2018-04-01,PROD00043,WH002,325,55,55
2018-04-01,PROD00504,WH010,210,55,97
2018-04-01,PROD01406,WH002,135,4,93
2018-04-01,PROD01757,WH006,337,50,112
2018-04-01,PROD00624,WH003,92,7,78
2018-04-01,PROD01746,WH010,400,27,51
2018-04-01,PROD00337,WH003,313,60,37
2018-04-01,PROD01115,WH003,305,51,74
2018-04-01,PROD01822,WH004,266,40,62
2018-04-01,PROD01294,WH002,120,76,88
2018-04-01,PROD00120,WH003,107,8,95
2018-04-01,PROD01430,WH006,399,71,92
2018-04-01,PROD00284,WH006,68,19,120
2018-04-01,PROD00650,WH008,300,12,106
2018-04-01,PROD00081,WH006,374,63,66
2018-04-01,PROD00617,WH003,88,64,54
2018-04-01,PROD01120,WH006,279,15,115
2018-04-01,PROD00483,WH004,494,7,20
2018-04-01,PROD00041,WH006,135,64,50
2018-04-01,PROD00846,WH007,20,1,45
2018-04-01,PROD00692,WH005,109,62,78
2018-04-01,PROD00607,WH005,302,18,99
2018-04-01,PROD00335,WH005,334,35,48
2018-04-01,PROD01202,WH005,413,3,117
2018-04-01,PROD01098,WH004,24,15,34
2018-04-01,PROD01774,WH007,123,54,113
2018-04-01,PROD00274,WH006,251,35,103
2018-04-01,PROD01059,WH005,442,3,35
2018-04-01,PROD01158,WH001,76,5,119
2018-04-01,PROD01450,WH005,6,0,112
2018-04-01,PROD00679,WH005,90,56,49
2018-04-01,PROD00470,WH002,318,53,59
2018-04-01,PROD01648,WH007,414,43,30
2018-04-01,PROD00628,WH006,171,29,87
2018-04-01,PROD01096,WH009,116,59,96
2018-04-01,PROD00490,WH006,7,4,20
2018-04-01,PROD00642,WH001,96,77,88
2018-04-01,PROD01846,WH009,139,25,21
2018-04-01,PROD01157,WH002,311,75,21
2018-04-01,PROD00051,WH003,213,73,92
2018-04-01,PROD00287,WH009,484,43,75
2018-04-01,PROD01011,WH006,471,24,55
2018-04-01,PROD01929,WH005,414,61,114
2018-04-01,PROD00706,WH010,293,74,101
2018-04-01,PROD01449,WH006,2,2,31
2018-04-01,PROD01013,WH003,3,1,117
2018-04-01,PROD01784,WH002,235,4,37
2018-04-01,PROD01717,WH007,107,51,117
2018-04-01,PROD00264,WH003,440,14,73
2018-04-01,PROD00918,WH001,235,64,110
2018-04-01,PROD01744,WH007,93,64,79
2018-04-01,PROD00548,WH010,49,27,36
2018-04-01,PROD00329,WH003,414,63,73
2018-04-01,PROD00855,WH001,250,44,83
2018-04-01,PROD00412,WH005,208,1,94
2018-04-01,PROD00619,WH006,245,57,91
2018-04-01,PROD01730,WH002,10,0,86
2018-04-01,PROD01271,WH010,360,35,77
2018-04-01,PROD01236,WH007,353,32,56
2018-04-01,PROD00231,WH003,344,64,89
2018-04-01,PROD00797,WH007,189,71,63
2018-04-01,PROD01600,WH007,360,39,44
2018-04-01,PROD01171,WH005,118,4,65
2018-04-01,PROD01044,WH009,64,32,36
2018-04-01,PROD00544,WH001,314,6,119
2018-04-01,PROD00355,WH002,341,43,85
2018-04-01,PROD00400,WH001,143,43,31
2018-04-01,PROD01333,WH006,283,68,34
2018-04-01,PROD00430,WH008,237,32,38
2018-04-01,PROD00045,WH005,244,70,50
2018-04-01,PROD00459,WH002,119,36,76
2018-04-01,PROD01830,WH010,314,22,49
2018-04-01,PROD00158,WH008,469,49,45
2018-04-01,PROD00574,WH009,19,10,29
2018-04-01,PROD01197,WH007,353,29,77
2018-04-01,PROD01064,WH010,85,56,69
2018-04-01,PROD01838,WH006,246,71,34
2018-04-01,PROD00753,WH005,384,70,21
2018-04-01,PROD01566,WH002,476,11,22
2018-04-01,PROD01870,WH005,441,6,27
2018-04-01,PROD00631,WH004,479,31,37
2018-04-01,PROD00145,WH007,441,6,44
2018-04-01,PROD00241,WH009,301,80,118
2018-04-01,PROD00444,WH006,21,3,26
2018-04-01,PROD01006,WH002,98,24,37
2018-04-01,PROD01033,WH002,430,29,63
2018-04-01,PROD00823,WH005,405,37,117
2018-04-01,PROD00969,WH010,150,63,91
2018-04-01,PROD01673,WH003,6,5,62
2018-04-01,PROD00014,WH001,19,10,101
2018-04-01,PROD01532,WH005,439,25,92
2018-04-01,PROD01264,WH001,465,13,105
2018-04-01,PROD00096,WH005,494,3,80
2018-04-01,PROD01793,WH009,430,56,113
2018-04-01,PROD00974,WH006,244,11,61
2018-04-01,PROD01798,WH009,315,63,98
2018-04-01,PROD01429,WH007,4,2,53
2018-04-01,PROD00021,WH008,231,11,97
2018-04-01,PROD01598,WH009,61,18,109
2018-04-01,PROD00587,WH003,358,46,116
2018-04-01,PROD00441,WH010,229,60,74
2018-05-01,PROD01414,WH005,60,28,53
2018-05-01,PROD00328,WH005,28,22,23
2018-05-01,PROD00116,WH003,215,70,101
2018-05-01,PROD01821,WH007,85,22,90
2018-05-01,PROD01240,WH009,130,32,103
2018-05-01,PROD01757,WH004,231,71,106
2018-05-01,PROD01829,WH001,64,2,82
2018-05-01,PROD00397,WH010,364,51,56
2018-05-01,PROD01874,WH003,300,69,31
2018-05-01,PROD01484,WH002,166,32,39
2018-05-01,PROD01428,WH008,188,16,105
2018-05-01,PROD01038,WH005,18,18,117
2018-05-01,PROD00832,WH009,144,54,71
2018-05-01,PROD00129,WH007,298,9,26
2018-05-01,PROD00219,WH002,243,44,79
2018-05-01,PROD01477,WH006,500,63,51
2018-05-01,PROD00851,WH001,145,47,30
2018-05-01,PROD01931,WH007,58,21,65
2018-05-01,PROD01951,WH010,255,18,22
2018-05-01,PROD01300,WH005,73,25,26
2018-05-01,PROD00087,WH007,59,17,100
2018-05-01,PROD01542,WH001,465,49,27
2018-05-01,PROD01680,WH010,266,37,90
2018-05-01,PROD01899,WH010,173,63,98
2018-05-01,PROD01497,WH005,141,26,86
2018-05-01,PROD01792,WH004,90,40,95
2018-05-01,PROD00842,WH009,13,9,99
2018-05-01,PROD01549,WH007,491,47,106
2018-05-01,PROD00483,WH003,438,42,37
2018-05-01,PROD01256,WH001,447,30,98
2018-05-01,PROD00229,WH010,273,54,97
2018-05-01,PROD00385,WH007,224,23,103
2018-05-01,PROD01620,WH003,151,0,56
2018-05-01,PROD01732,WH009,268,14,29
2018-05-01,PROD01438,WH009,246,45,88
2018-05-01,PROD01172,WH004,106,66,102
2018-05-01,PROD00844,WH009,137,67,106
2018-05-01,PROD01730,WH007,6,5,79
2018-05-01,PROD01904,WH006,348,45,110
2018-05-01,PROD00594,WH003,190,7,66
2018-05-01,PROD00207,WH008,384,20,97
2018-05-01,PROD01364,WH002,311,9,34
2018-05-01,PROD00530,WH006,169,6,93
2018-05-01,PROD00539,WH003,345,19,67
2018-05-01,PROD00282,WH002,23,19,50
2018-05-01,PROD01688,WH010,263,2,54
2018-05-01,PROD00103,WH003,150,34,81
2018-05-01,PROD01777,WH004,324,8,67
2018-05-01,PROD01853,WH003,19,11,78
2018-05-01,PROD00003,WH003,466,77,78
2018-05-01,PROD00872,WH003,286,45,108
2018-05-01,PROD01403,WH009,359,51,90
2018-05-01,PROD00519,WH003,74,4,67
2018-05-01,PROD01570,WH008,170,2,51
2018-05-01,PROD00819,WH010,337,42,26
2018-05-01,PROD00831,WH005,109,12,116
2018-05-01,PROD01743,WH001,180,23,32
2018-05-01,PROD00561,WH005,323,1,70
2018-05-01,PROD00520,WH007,450,38,78
2018-05-01,PROD00878,WH009,437,34,39
2018-05-01,PROD00377,WH002,193,25,73
2018-05-01,PROD00860,WH006,73,42,101
2018-05-01,PROD01329,WH006,438,27,120
2018-05-01,PROD00919,WH009,417,14,120
2018-05-01,PROD00765,WH009,135,43,110
2018-05-01,PROD01346,WH004,427,80,74
2018-05-01,PROD01927,WH003,285,3,71
2018-05-01,PROD00846,WH001,83,68,73
2018-05-01,PROD00755,WH003,74,36,55
2018-05-01,PROD01136,WH001,477,29,77
2018-05-01,PROD00086,WH003,13,7,56
2018-05-01,PROD01855,WH007,129,34,85
2018-05-01,PROD01964,WH005,14,6,20
2018-05-01,PROD00413,WH010,90,45,91
2018-05-01,PROD01817,WH009,240,35,78
2018-05-01,PROD01980,WH002,388,55,39
2018-05-01,PROD01830,WH009,182,74,45
2018-05-01,PROD00652,WH003,195,12,48
2018-05-01,PROD01128,WH010,484,1,103
2018-05-01,PROD00794,WH003,206,50,55
2018-05-01,PROD00792,WH002,56,26,56
2018-05-01,PROD00633,WH005,157,4,120
2018-05-01,PROD00420,WH001,364,18,100
2018-05-01,PROD00379,WH006,419,54,77
2018-05-01,PROD00325,WH001,59,0,81
2018-05-01,PROD01056,WH005,392,25,32
2018-05-01,PROD00468,WH001,4,1,96
2018-05-01,PROD01242,WH006,224,36,67
2018-05-01,PROD01683,WH007,441,9,62
2018-05-01,PROD01006,WH002,200,79,115
2018-05-01,PROD00485,WH004,449,25,47
2018-05-01,PROD01841,WH005,283,22,47
2018-05-01,PROD00605,WH004,385,42,20
2018-05-01,PROD00877,WH001,152,15,98
2018-05-01,PROD01286,WH006,170,28,52
2018-05-01,PROD01986,WH007,467,48,87
2018-05-01,PROD01494,WH004,177,8,21
2018-05-01,PROD00643,WH004,181,29,21
2018-05-01,PROD00949,WH010,30,14,61
2018-05-01,PROD00552,WH005,396,33,115
2018-05-01,PROD01905,WH005,296,68,81
2018-05-01,PROD01988,WH005,417,37,48
2018-05-01,PROD01773,WH003,499,75,39
2018-05-01,PROD01409,WH007,250,30,81
2018-05-01,PROD00712,WH002,396,68,69
2018-05-01,PROD00416,WH008,272,63,31
2018-05-01,PROD00196,WH009,441,18,80
2018-05-01,PROD00456,WH002,457,73,40
2018-05-01,PROD00871,WH010,332,39,78
2018-05-01,PROD01543,WH006,382,69,38
2018-05-01,PROD01249,WH005,254,65,88
2018-05-01,PROD00673,WH010,203,79,35
2018-05-01,PROD01348,WH005,161,49,69
2018-05-01,PROD01892,WH005,319,31,53
2018-05-01,PROD00990,WH009,235,15,49
2018-05-01,PROD00391,WH008,340,20,49
2018-05-01,PROD00474,WH010,46,15,105
2018-05-01,PROD00016,WH005,252,12,59
2018-05-01,PROD01806,WH004,38,5,119
2018-05-01,PROD01030,WH001,193,71,29
2018-05-01,PROD00442,WH010,395,32,21
2018-05-01,PROD01393,WH009,231,64,118
2018-05-01,PROD01238,WH009,426,31,59
2018-05-01,PROD00350,WH004,173,58,75
2018-05-01,PROD01112,WH004,408,74,93
2018-05-01,PROD01534,WH005,362,5,94
2018-05-01,PROD00160,WH009,467,7,23
2018-05-01,PROD01716,WH007,63,11,98
2018-05-01,PROD01944,WH005,28,10,50
2018-05-01,PROD00910,WH009,161,64,27
2018-05-01,PROD01914,WH005,261,70,31
2018-05-01,PROD01726,WH006,483,11,84
2018-05-01,PROD01143,WH008,441,20,73
2018-05-01,PROD00055,WH006,446,9,82
2018-05-01,PROD00445,WH009,7,4,36
2018-05-01,PROD01735,WH010,215,7,97
2018-05-01,PROD01323,WH003,105,69,96
2018-05-01,PROD01351,WH005,105,80,105
2018-05-01,PROD00380,WH006,343,70,56
2018-05-01,PROD00817,WH003,458,72,97
2018-05-01,PROD01016,WH004,362,53,56
2018-05-01,PROD01717,WH007,329,22,74
2018-05-01,PROD00717,WH010,26,3,67
2018-05-01,PROD01417,WH006,24,21,31
2018-05-01,PROD00947,WH006,282,34,102
2018-05-01,PROD00742,WH001,104,6,43
2018-05-01,PROD00118,WH010,404,80,84
2018-05-01,PROD01600,WH006,214,64,80
2018-05-01,PROD00759,WH005,263,80,116
2018-05-01,PROD00458,WH007,16,1,89
2018-05-01,PROD00620,WH010,403,62,60
2018-05-01,PROD01230,WH002,83,75,102
2018-05-01,PROD00329,WH003,329,6,120
2018-05-01,PROD00694,WH006,452,27,111
2018-05-01,PROD00692,WH007,93,7,48
2018-05-01,PROD01639,WH009,196,63,97
2018-05-01,PROD01857,WH004,121,10,98
2018-05-01,PROD01500,WH006,163,66,88
2018-05-01,PROD00996,WH002,97,74,66
2018-05-01,PROD00303,WH004,0,0,104
2018-05-01,PROD01134,WH001,280,12,54
2018-05-01,PROD00061,WH005,60,34,40
2018-05-01,PROD00054,WH005,475,21,105
2018-05-01,PROD01910,WH005,400,24,29
2018-05-01,PROD01272,WH008,125,73,40
2018-05-01,PROD00586,WH001,492,1,60
2018-05-01,PROD01963,WH005,31,5,107
2018-05-01,PROD00484,WH007,213,49,53
2018-05-01,PROD00727,WH001,382,4,30
2018-05-01,PROD01294,WH007,148,31,90
2018-05-01,PROD01982,WH007,85,45,20
2018-05-01,PROD01559,WH003,193,72,119
2018-05-01,PROD01834,WH008,346,62,77
2018-05-01,PROD01043,WH007,307,65,43
2018-05-01,PROD01879,WH006,234,53,69
2018-05-01,PROD00336,WH008,92,15,113
2018-05-01,PROD00682,WH005,316,21,82
2018-05-01,PROD00026,WH008,30,28,61
2018-05-01,PROD00841,WH004,245,54,115
2018-05-01,PROD01064,WH007,57,3,111
2018-05-01,PROD00047,WH002,109,28,92
2018-05-01,PROD00803,WH006,41,15,92
2018-05-01,PROD01679,WH004,266,26,96
2018-05-01,PROD01296,WH003,232,14,110
2018-05-01,PROD01198,WH001,308,6,86
2018-05-01,PROD01532,WH003,122,9,59
2018-05-01,PROD01231,WH009,285,39,118
2018-05-01,PROD00469,WH002,34,25,39
2018-05-01,PROD00155,WH008,74,22,109
2018-05-01,PROD00665,WH009,234,24,89
2018-05-01,PROD00634,WH007,137,46,116
2018-05-01,PROD01885,WH008,266,60,70
2018-05-01,PROD01767,WH008,189,33,42
2018-05-01,PROD00144,WH009,330,61,54
2018-05-01,PROD00151,WH006,472,75,63
2018-05-01,PROD00791,WH001,79,78,42
2018-05-01,PROD01624,WH004,234,58,23
2018-05-01,PROD00762,WH007,366,11,62
2018-05-01,PROD00134,WH007,209,53,27
2018-05-01,PROD01552,WH006,482,3,42
2018-05-01,PROD00983,WH007,233,5,75
2018-05-01,PROD01176,WH005,412,14,118
2018-05-01,PROD00036,WH008,24,18,25
2018-05-01,PROD01441,WH009,374,24,110
2018-05-01,PROD00826,WH008,277,16,69
2018-05-01,PROD00602,WH003,110,16,40
2018-05-01,PROD00343,WH005,45,2,25
2018-05-01,PROD01420,WH001,409,58,83
2018-05-01,PROD01575,WH009,221,62,69
2018-05-01,PROD01888,WH004,132,72,90
2018-05-01,PROD00352,WH006,328,13,39
2018-05-01,PROD00935,WH006,154,5,73
2018-05-01,PROD00611,WH004,208,54,101
2018-05-01,PROD01101,WH006,6,0,99
2018-05-01,PROD00411,WH004,259,20,97
2018-05-01,PROD00823,WH008,190,23,57
2018-05-01,PROD01087,WH001,178,57,96
2018-05-01,PROD00551,WH007,419,11,115
2018-05-01,PROD00076,WH003,28,12,40
2018-05-01,PROD01556,WH009,180,50,79
2018-05-01,PROD00298,WH006,235,19,24
2018-05-01,PROD00437,WH001,455,1,115
2018-05-01,PROD00542,WH005,365,71,80
2018-05-01,PROD00187,WH010,438,5,46
2018-05-01,PROD01713,WH001,238,8,116
2018-05-01,PROD01699,WH002,489,77,27
2018-05-01,PROD01607,WH005,154,22,27
2018-05-01,PROD01768,WH010,490,16,55
2018-05-01,PROD01387,WH005,240,17,101
2018-05-01,PROD00999,WH009,402,21,61
2018-05-01,PROD00179,WH005,108,30,76
2018-05-01,PROD01023,WH006,262,19,120
2018-05-01,PROD01744,WH005,406,10,59
2018-05-01,PROD00688,WH003,450,69,27
2018-05-01,PROD00009,WH009,19,19,23
2018-05-01,PROD01375,WH003,369,53,40
2018-05-01,PROD02000,WH008,199,36,116
2018-05-01,PROD00138,WH002,51,37,39
2018-05-01,PROD01436,WH005,374,78,42
2018-05-01,PROD01489,WH003,40,40,86
2018-05-01,PROD01646,WH001,112,0,60
2018-05-01,PROD00371,WH008,164,73,103
2018-05-01,PROD00538,WH001,211,53,47
2018-05-01,PROD00034,WH006,297,61,62
2018-05-01,PROD00524,WH001,376,78,67
2018-05-01,PROD01359,WH004,48,16,119
2018-05-01,PROD01103,WH005,466,3,64
2018-05-01,PROD00288,WH005,496,32,51
2018-05-01,PROD00892,WH009,96,59,106
2018-05-01,PROD00606,WH002,243,52,21
2018-05-01,PROD01201,WH002,189,62,88
2018-05-01,PROD01567,WH004,410,58,44
2018-05-01,PROD00863,WH001,23,6,95
2018-05-01,PROD01169,WH008,229,17,87
2018-05-01,PROD00167,WH007,103,60,47
2018-05-01,PROD00944,WH001,257,13,49
2018-05-01,PROD00168,WH010,414,9,80
2018-05-01,PROD00166,WH002,330,78,35
2018-05-01,PROD00553,WH006,411,14,68
2018-05-01,PROD01796,WH002,186,59,89
2018-05-01,PROD01663,WH008,100,9,66
2018-05-01,PROD01488,WH003,460,14,92
2018-05-01,PROD00117,WH002,310,0,79
2018-05-01,PROD01993,WH008,21,7,72
2018-05-01,PROD01184,WH003,28,15,43
2018-05-01,PROD00147,WH005,442,41,70
2018-05-01,PROD00146,WH007,460,47,43
2018-05-01,PROD00287,WH002,75,52,65
2018-05-01,PROD00909,WH002,471,21,80
2018-05-01,PROD00332,WH003,488,35,52
2018-05-01,PROD01214,WH004,485,28,36
2018-05-01,PROD01097,WH005,106,63,26
2018-05-01,PROD01788,WH008,482,66,78
2018-05-01,PROD01400,WH004,495,30,89
2018-05-01,PROD00663,WH001,136,71,92
2018-05-01,PROD00430,WH008,202,42,74
2018-05-01,PROD01052,WH004,75,41,107
2018-05-01,PROD01766,WH004,211,10,45
2018-05-01,PROD00766,WH009,157,28,107
2018-05-01,PROD01898,WH005,320,13,71
2018-05-01,PROD01581,WH008,468,21,47
2018-05-01,PROD01643,WH008,349,23,101
2018-05-01,PROD01260,WH010,294,22,92
2018-05-01,PROD01385,WH003,436,28,101
2018-05-01,PROD01070,WH005,454,36,24
2018-05-01,PROD01843,WH008,326,48,21
2018-05-01,PROD01334,WH010,286,49,28
2018-05-01,PROD00053,WH002,36,10,85
2018-05-01,PROD00790,WH001,487,58,20
2018-05-01,PROD01335,WH004,63,49,61
2018-05-01,PROD01187,WH010,76,8,46
2018-05-01,PROD01458,WH008,184,38,106
2018-05-01,PROD00629,WH001,350,47,29
2018-05-01,PROD01167,WH004,371,22,25
2018-05-01,PROD01566,WH009,398,41,104
2018-05-01,PROD00296,WH003,497,0,77
2018-05-01,PROD01367,WH003,313,54,92
2018-05-01,PROD00706,WH007,304,57,29
2018-05-01,PROD01539,WH010,222,29,83
2018-05-01,PROD01271,WH004,387,56,104
2018-05-01,PROD00960,WH010,128,15,37
2018-05-01,PROD01799,WH010,150,64,102
2018-05-01,PROD00436,WH002,301,66,86
2018-05-01,PROD01058,WH003,38,16,103
2018-05-01,PROD01177,WH005,463,13,80
2018-05-01,PROD00748,WH003,91,60,67
2018-05-01,PROD01999,WH005,492,37,117
2018-05-01,PROD00239,WH005,20,10,91
2018-05-01,PROD00402,WH007,365,54,34
2018-05-01,PROD01062,WH009,162,41,38
2018-05-01,PROD01979,WH002,277,76,24
2018-05-01,PROD01876,WH003,19,13,116
2018-05-01,PROD01218,WH007,358,46,28
2018-05-01,PROD00231,WH008,188,27,79
2018-05-01,PROD00828,WH001,93,34,37
2018-05-01,PROD01281,WH007,290,77,93
2018-05-01,PROD01831,WH004,435,52,72
2018-05-01,PROD00763,WH005,82,2,78
2018-05-01,PROD00462,WH008,324,34,69
2018-05-01,PROD01209,WH010,220,78,50
2018-05-01,PROD00124,WH007,467,38,60
2018-05-01,PROD01080,WH007,42,18,97
2018-05-01,PROD01223,WH004,384,3,46
2018-05-01,PROD01382,WH010,295,15,41
2018-05-01,PROD00898,WH002,91,31,98
2018-05-01,PROD01572,WH002,478,62,89
2018-05-01,PROD01175,WH008,253,23,44
2018-05-01,PROD01381,WH004,357,16,70
2018-05-01,PROD00893,WH009,110,70,29
2018-05-01,PROD00782,WH007,108,12,106
2018-05-01,PROD00299,WH010,309,60,110
2018-05-01,PROD00191,WH008,305,37,116
2018-05-01,PROD00713,WH005,180,70,39
2018-05-01,PROD00405,WH007,149,0,28
2018-05-01,PROD00092,WH009,279,25,32
2018-05-01,PROD00672,WH001,273,14,33
2018-05-01,PROD01627,WH005,421,61,86
2018-05-01,PROD00154,WH007,445,58,49
2018-05-01,PROD01886,WH005,232,77,22
2018-05-01,PROD00105,WH001,479,57,107
2018-05-01,PROD00069,WH008,231,20,36
2018-05-01,PROD00978,WH010,145,35,56
2018-05-01,PROD01704,WH003,59,18,65
2018-05-01,PROD00429,WH005,250,17,61
2018-05-01,PROD00725,WH009,133,65,84
2018-05-01,PROD01205,WH001,429,54,72
2018-05-01,PROD00752,WH007,411,66,56
2018-05-01,PROD00691,WH006,19,15,75
2018-05-01,PROD01621,WH008,192,74,41
2018-05-01,PROD01493,WH008,368,40,41
2018-05-01,PROD01540,WH003,493,76,51
2018-05-01,PROD00612,WH010,455,80,109
2018-05-01,PROD00543,WH004,36,22,76
2018-05-01,PROD01553,WH002,70,27,55
2018-05-01,PROD00410,WH001,53,40,22
2018-05-01,PROD01594,WH007,400,14,66
2018-05-01,PROD01696,WH009,179,67,87
2018-05-01,PROD00726,WH006,476,4,34
2018-05-01,PROD01233,WH009,236,39,23
2018-05-01,PROD01866,WH010,444,43,115
2018-05-01,PROD01694,WH003,309,26,76
2018-05-01,PROD01045,WH007,187,27,35
2018-05-01,PROD01137,WH005,427,5,112
2018-05-01,PROD00738,WH003,83,16,91
2018-05-01,PROD01585,WH007,431,56,117
2018-05-01,PROD00867,WH002,288,77,28
2018-05-01,PROD00509,WH008,165,60,119
2018-05-01,PROD01667,WH007,388,75,42
2018-05-01,PROD00968,WH006,490,69,20
2018-05-01,PROD00547,WH009,444,60,58
2018-05-01,PROD01790,WH008,35,33,42
2018-05-01,PROD00526,WH004,408,41,73
2018-05-01,PROD00404,WH005,87,68,43
2018-05-01,PROD00903,WH008,317,34,56
2018-05-01,PROD01424,WH006,272,41,111
2018-05-01,PROD01405,WH003,308,58,67
2018-05-01,PROD00536,WH003,460,27,50
2018-05-01,PROD01837,WH010,353,74,103
2018-05-01,PROD00798,WH003,150,48,72
2018-05-01,PROD00060,WH010,480,78,27
2018-05-01,PROD01528,WH003,3,2,33
2018-05-01,PROD01835,WH009,222,15,52
2018-05-01,PROD01303,WH007,269,55,45
2018-05-01,PROD01956,WH004,404,42,78
2018-05-01,PROD01511,WH001,154,50,116
2018-05-01,PROD00845,WH004,225,33,77
2018-05-01,PROD01593,WH009,25,4,94
2018-05-01,PROD01276,WH001,429,64,104
2018-05-01,PROD00176,WH005,420,36,103
2018-05-01,PROD01157,WH010,114,76,104
2018-05-01,PROD01147,WH003,385,56,92
2018-05-01,PROD00226,WH006,194,46,113
2018-05-01,PROD01825,WH005,384,9,26
2018-05-01,PROD01001,WH008,167,30,40
2018-05-01,PROD01948,WH003,6,2,51
2018-05-01,PROD01473,WH009,341,5,62
2018-05-01,PROD00789,WH003,44,1,59
2018-05-01,PROD00588,WH009,376,71,108
2018-05-01,PROD00859,WH004,115,4,56
2018-05-01,PROD01394,WH003,210,59,64
2018-05-01,PROD01800,WH006,478,4,98
2018-05-01,PROD00347,WH008,130,1,106
2018-05-01,PROD00066,WH006,88,80,90
2018-05-01,PROD00702,WH010,390,55,94
2018-05-01,PROD00957,WH009,79,7,104
2018-05-01,PROD00565,WH006,398,20,38
2018-05-01,PROD00885,WH009,421,25,74
2018-05-01,PROD01693,WH009,478,44,90
2018-05-01,PROD01295,WH007,344,52,43
2018-05-01,PROD00656,WH004,346,46,52
2018-05-01,PROD01454,WH008,20,17,114
2018-05-01,PROD00934,WH003,411,9,41
2018-05-01,PROD00505,WH001,26,22,35
2018-05-01,PROD00403,WH007,490,57,110
2018-05-01,PROD00628,WH002,457,1,94
2018-05-01,PROD01654,WH004,371,71,84
2018-05-01,PROD01720,WH007,222,69,105
2018-05-01,PROD01741,WH002,467,35,117
2018-05-01,PROD00695,WH006,49,11,111
2018-05-01,PROD01076,WH009,98,52,45
2018-05-01,PROD00466,WH006,423,65,45
2018-05-01,PROD01086,WH005,97,45,33
2018-05-01,PROD01893,WH005,448,72,48
2018-05-01,PROD00496,WH001,157,33,35
2018-05-01,PROD01851,WH010,53,35,77
2018-05-01,PROD01216,WH004,439,70,96
2018-05-01,PROD00204,WH007,452,39,70
2018-05-01,PROD00206,WH006,341,38,96
2018-05-01,PROD01195,WH007,187,50,89
2018-05-01,PROD01780,WH002,478,62,28
2018-05-01,PROD00733,WH009,368,3,110
2018-05-01,PROD00927,WH002,177,25,60
2018-05-01,PROD00556,WH003,457,45,111
2018-05-01,PROD00639,WH010,232,24,95
2018-05-01,PROD01140,WH005,98,11,88
2018-05-01,PROD01467,WH007,51,28,76
2018-05-01,PROD01759,WH007,379,37,104
2018-05-01,PROD00995,WH007,419,24,90
2018-05-01,PROD00572,WH010,245,28,60
2018-05-01,PROD00305,WH010,9,7,48
2018-05-01,PROD01202,WH010,319,65,61
2018-05-01,PROD01496,WH001,424,67,113
2018-05-01,PROD00631,WH008,482,6,66
2018-05-01,PROD00022,WH007,62,53,50
2018-05-01,PROD01355,WH001,431,45,92
2018-05-01,PROD01386,WH005,357,50,31
2018-05-01,PROD00486,WH006,11,4,105
2018-05-01,PROD01722,WH008,373,45,37
2018-05-01,PROD01660,WH004,315,25,91
2018-05-01,PROD00582,WH006,138,56,94
2018-05-01,PROD00488,WH003,460,64,119
2018-05-01,PROD01547,WH001,70,33,106
2018-05-01,PROD01625,WH006,177,54,99
2018-05-01,PROD00340,WH006,165,12,33
2018-05-01,PROD01760,WH002,493,17,72
2018-05-01,PROD01383,WH001,447,20,33
2018-05-01,PROD01804,WH005,488,21,58
2018-05-01,PROD00228,WH004,195,10,79
2018-05-01,PROD00386,WH005,341,6,70
2018-05-01,PROD00592,WH008,422,24,98
2018-05-01,PROD01439,WH003,386,48,62
2018-05-01,PROD00321,WH005,371,16,111
2018-05-01,PROD01341,WH010,53,44,59
2018-05-01,PROD01429,WH007,278,76,75
2018-05-01,PROD00418,WH004,31,13,66
2018-05-01,PROD00422,WH001,194,63,82
2018-05-01,PROD01430,WH004,260,56,57
2018-05-01,PROD00297,WH003,381,47,37
2018-05-01,PROD01127,WH006,242,33,22
2018-05-01,PROD01723,WH009,200,4,39
2018-05-01,PROD00915,WH008,441,66,66
2018-05-01,PROD00171,WH009,344,60,117
2018-05-01,PROD01579,WH008,382,23,107
2018-05-01,PROD00102,WH003,391,59,46
2018-05-01,PROD00250,WH004,312,40,33
2018-05-01,PROD00357,WH001,54,48,99
2018-05-01,PROD00994,WH002,19,2,89
2018-05-01,PROD00918,WH002,234,54,116
2018-05-01,PROD00161,WH006,104,63,53
2018-05-01,PROD00882,WH009,356,27,77
2018-05-01,PROD01186,WH001,367,76,100
2018-05-01,PROD00873,WH006,50,15,26
2018-05-01,PROD00734,WH008,438,68,78
2018-05-01,PROD01105,WH007,169,78,22
2018-05-01,PROD00018,WH006,227,17,67
2018-05-01,PROD00613,WH007,263,39,30
2018-05-01,PROD01310,WH005,251,38,53
2018-05-01,PROD01003,WH008,130,75,119
2018-05-01,PROD01949,WH001,55,3,92
2018-05-01,PROD01609,WH006,145,45,21
2018-05-01,PROD00441,WH004,196,0,79
2018-05-01,PROD01243,WH004,122,80,32
2018-05-01,PROD00705,WH009,90,72,89
2018-05-01,PROD00295,WH008,228,26,76
2018-05-01,PROD01877,WH008,195,1,57
2018-05-01,PROD01554,WH003,199,2,25
2018-05-01,PROD00451,WH001,369,47,119
2018-05-01,PROD00446,WH005,226,28,113
2018-05-01,PROD01850,WH006,488,47,119
2018-05-01,PROD00507,WH001,368,14,92
2018-06-01,PROD00277,WH010,459,13,87
2018-06-01,PROD00810,WH001,230,53,85
2018-06-01,PROD00645,WH008,189,58,47
2018-06-01,PROD01853,WH010,177,13,20
2018-06-01,PROD00768,WH007,121,41,72
2018-06-01,PROD00395,WH005,18,8,106
2018-06-01,PROD00477,WH007,294,73,65
2018-06-01,PROD00918,WH001,372,58,39
2018-06-01,PROD00731,WH006,243,9,25
2018-06-01,PROD01290,WH010,452,30,82
2018-06-01,PROD01162,WH009,121,51,70
2018-06-01,PROD01910,WH010,26,17,97
2018-06-01,PROD01568,WH008,154,79,48
2018-06-01,PROD01915,WH008,296,20,72
2018-06-01,PROD00920,WH001,397,3,68
2018-06-01,PROD01946,WH009,93,23,100
2018-06-01,PROD00504,WH001,412,10,47
2018-06-01,PROD00154,WH006,426,54,79
2018-06-01,PROD00381,WH005,216,54,88
2018-06-01,PROD01700,WH007,20,1,104
2018-06-01,PROD00887,WH010,235,32,73
2018-06-01,PROD01857,WH009,193,24,78
2018-06-01,PROD00460,WH006,135,62,90
2018-06-01,PROD01200,WH010,238,0,112
2018-06-01,PROD00289,WH001,173,2,87
2018-06-01,PROD01764,WH009,376,30,58
2018-06-01,PROD01156,WH009,126,13,95
2018-06-01,PROD01856,WH005,22,14,105
2018-06-01,PROD00104,WH002,446,2,57
2018-06-01,PROD00717,WH002,259,69,86
2018-06-01,PROD01495,WH007,401,78,119
2018-06-01,PROD00230,WH004,209,43,39
2018-06-01,PROD00997,WH009,270,46,67
2018-06-01,PROD00445,WH006,326,1,35
2018-06-01,PROD00068,WH008,206,2,67
2018-06-01,PROD00785,WH001,264,49,44
2018-06-01,PROD01957,WH005,145,52,111
2018-06-01,PROD01342,WH010,241,22,29
2018-06-01,PROD01645,WH002,240,79,100
2018-06-01,PROD01965,WH009,455,13,92
2018-06-01,PROD00034,WH001,242,46,61
2018-06-01,PROD00190,WH006,288,69,95
2018-06-01,PROD01361,WH004,390,70,106
2018-06-01,PROD00346,WH001,142,6,98
2018-06-01,PROD01649,WH005,337,6,83
2018-06-01,PROD00241,WH010,205,12,52
2018-06-01,PROD00479,WH005,10,4,113
2018-06-01,PROD01340,WH004,140,34,117
2018-06-01,PROD01614,WH005,348,39,20
2018-06-01,PROD00571,WH002,199,72,53
2018-06-01,PROD01504,WH009,77,12,80
2018-06-01,PROD01410,WH005,445,52,88
2018-06-01,PROD00895,WH010,444,62,116
2018-06-01,PROD01397,WH001,138,17,81
2018-06-01,PROD00965,WH009,318,74,39
2018-06-01,PROD01687,WH010,251,18,76
2018-06-01,PROD01122,WH004,129,31,70
2018-06-01,PROD01917,WH001,187,63,21
2018-06-01,PROD01105,WH010,177,0,104
2018-06-01,PROD00184,WH010,81,42,81
2018-06-01,PROD00552,WH001,252,58,68
2018-06-01,PROD01270,WH008,471,12,58
2018-06-01,PROD00033,WH004,87,32,38
2018-06-01,PROD00626,WH004,320,59,93
2018-06-01,PROD01194,WH004,158,7,111
2018-06-01,PROD01738,WH008,241,55,69
2018-06-01,PROD01081,WH007,439,16,33
2018-06-01,PROD01219,WH003,314,77,91
2018-06-01,PROD01754,WH004,208,33,24
2018-06-01,PROD01903,WH007,105,79,110
2018-06-01,PROD00022,WH004,283,57,63
2018-06-01,PROD01066,WH009,364,40,88
2018-06-01,PROD00569,WH005,53,43,52
2018-06-01,PROD00609,WH010,355,73,62
2018-06-01,PROD00614,WH007,364,11,35
2018-06-01,PROD00909,WH004,14,1,109
2018-06-01,PROD00435,WH003,251,9,35
2018-06-01,PROD00066,WH005,293,80,40
2018-06-01,PROD00200,WH005,241,69,74
2018-06-01,PROD00875,WH010,429,2,113
2018-06-01,PROD01045,WH002,312,21,81
2018-06-01,PROD01435,WH005,481,6,28
2018-06-01,PROD01943,WH003,371,15,110
2018-06-01,PROD00017,WH009,171,4,120
2018-06-01,PROD01894,WH007,340,54,83
2018-06-01,PROD01540,WH002,367,45,55
2018-06-01,PROD01844,WH007,401,51,74
2018-06-01,PROD00494,WH007,1,1,32
2018-06-01,PROD01299,WH005,415,72,94
2018-06-01,PROD01234,WH009,182,12,104
2018-06-01,PROD01805,WH010,196,49,112
2018-06-01,PROD01524,WH002,482,50,69
2018-06-01,PROD00111,WH010,416,73,98
2018-06-01,PROD00319,WH009,91,56,71
2018-06-01,PROD00374,WH001,397,45,87
2018-06-01,PROD00399,WH007,89,39,33
2018-06-01,PROD01245,WH001,282,56,36
2018-06-01,PROD01127,WH005,486,58,97
2018-06-01,PROD01153,WH006,283,29,27
2018-06-01,PROD00070,WH001,360,5,102
2018-06-01,PROD01186,WH005,224,59,57
2018-06-01,PROD01358,WH005,278,1,110
2018-06-01,PROD00240,WH003,8,4,72
2018-06-01,PROD01642,WH005,363,50,88
2018-06-01,PROD00043,WH003,448,2,68
2018-06-01,PROD01571,WH002,108,65,38
2018-06-01,PROD00441,WH003,378,70,93
2018-06-01,PROD00457,WH008,84,3,108
2018-06-01,PROD01616,WH003,450,52,33
2018-06-01,PROD00553,WH008,43,22,54
2018-06-01,PROD00275,WH004,362,71,116
2018-06-01,PROD00899,WH001,322,5,114
2018-06-01,PROD00669,WH003,123,40,111
2018-06-01,PROD01386,WH009,183,30,97
2018-06-01,PROD01394,WH004,10,5,71
2018-06-01,PROD01514,WH006,27,18,25
2018-06-01,PROD01717,WH001,144,49,88
2018-06-01,PROD01490,WH003,28,24,88
2018-06-01,PROD01265,WH008,471,26,68
2018-06-01,PROD01111,WH002,333,51,34
2018-06-01,PROD00367,WH007,110,55,48
2018-06-01,PROD01951,WH007,345,37,112
2018-06-01,PROD01004,WH009,269,41,90
2018-06-01,PROD00800,WH009,407,51,83
2018-06-01,PROD00757,WH002,377,63,37
2018-06-01,PROD01807,WH006,136,74,82
2018-06-01,PROD00703,WH010,238,49,25
2018-06-01,PROD01973,WH001,305,62,116
2018-06-01,PROD01436,WH007,145,40,89
2018-06-01,PROD00151,WH005,459,46,76
2018-06-01,PROD00709,WH008,388,16,86
2018-06-01,PROD00971,WH004,202,6,73
2018-06-01,PROD01052,WH010,172,71,97
2018-06-01,PROD00879,WH009,353,68,52
2018-06-01,PROD00167,WH008,144,21,91
2018-06-01,PROD01262,WH008,450,79,39
2018-06-01,PROD00264,WH007,400,3,87
2018-06-01,PROD01013,WH003,153,48,113
2018-06-01,PROD01870,WH010,72,33,106
2018-06-01,PROD01054,WH004,167,74,37
2018-06-01,PROD00551,WH001,108,79,42
2018-06-01,PROD00698,WH006,42,27,74
2018-06-01,PROD01115,WH001,481,4,108
2018-06-01,PROD01980,WH004,469,35,34
2018-06-01,PROD01697,WH010,176,40,29
2018-06-01,PROD00005,WH001,190,14,118
2018-06-01,PROD00820,WH007,60,47,26
2018-06-01,PROD00952,WH010,237,22,31
2018-06-01,PROD00329,WH009,459,46,76
2018-06-01,PROD01580,WH009,214,56,41
2018-06-01,PROD01406,WH004,493,58,92
2018-06-01,PROD01345,WH002,68,48,112
2018-06-01,PROD00527,WH005,442,76,72
2018-06-01,PROD01078,WH001,224,52,59
2018-06-01,PROD00314,WH004,433,33,63
2018-06-01,PROD01449,WH007,33,14,55
2018-06-01,PROD00339,WH004,41,6,59
2018-06-01,PROD01212,WH001,276,78,50
2018-06-01,PROD01370,WH006,126,6,63
2018-06-01,PROD00689,WH001,6,3,69
2018-06-01,PROD01630,WH007,418,52,114
2018-06-01,PROD00924,WH007,301,27,115
2018-06-01,PROD00471,WH007,366,31,99
2018-06-01,PROD01419,WH009,143,76,57
2018-06-01,PROD00223,WH007,61,11,114
2018-06-01,PROD00448,WH003,413,33,28
2018-06-01,PROD01654,WH005,364,22,34
2018-06-01,PROD01279,WH008,392,42,86
2018-06-01,PROD01337,WH001,491,57,38
2018-06-01,PROD00391,WH006,23,14,109
2018-06-01,PROD01065,WH009,463,31,87
2018-06-01,PROD00217,WH009,215,27,49
2018-06-01,PROD00497,WH008,78,75,72
2018-06-01,PROD00515,WH005,51,43,107
2018-06-01,PROD01623,WH006,251,64,105
2018-06-01,PROD00303,WH008,386,42,74
2018-06-01,PROD00630,WH006,150,11,114
2018-06-01,PROD00607,WH002,463,65,48
2018-06-01,PROD01021,WH007,189,67,117
2018-06-01,PROD01157,WH002,469,72,117
2018-06-01,PROD01287,WH001,239,51,73
2018-06-01,PROD00263,WH008,55,42,52
2018-06-01,PROD00707,WH009,344,39,68
2018-06-01,PROD00136,WH005,165,37,69
2018-06-01,PROD01485,WH008,263,27,116
2018-06-01,PROD01067,WH005,392,4,59
2018-06-01,PROD00422,WH001,321,0,23
2018-06-01,PROD00963,WH006,448,47,108
2018-06-01,PROD00837,WH010,416,29,43
2018-06-01,PROD00073,WH009,266,21,32
2018-06-01,PROD00437,WH009,61,41,83
2018-06-01,PROD01125,WH001,422,62,42
2018-06-01,PROD01523,WH010,158,26,111
2018-06-01,PROD01583,WH009,365,37,47
2018-06-01,PROD01883,WH010,312,24,109
2018-06-01,PROD01625,WH003,135,16,41
2018-06-01,PROD01356,WH003,31,24,46
2018-06-01,PROD00548,WH010,473,44,25
2018-06-01,PROD01635,WH005,196,49,94
2018-06-01,PROD00558,WH006,488,58,48
2018-06-01,PROD00751,WH008,217,71,91
2018-06-01,PROD00462,WH007,315,70,72
2018-06-01,PROD00284,WH004,253,52,43
2018-06-01,PROD00330,WH003,53,13,26
2018-06-01,PROD00267,WH008,270,15,44
2018-06-01,PROD01778,WH006,102,18,61
2018-06-01,PROD01746,WH007,332,26,21
2018-06-01,PROD01020,WH010,370,29,101
2018-06-01,PROD01545,WH003,188,48,67
2018-06-01,PROD00565,WH005,478,29,115
2018-06-01,PROD01431,WH010,469,63,108
2018-06-01,PROD01735,WH002,479,40,106
2018-06-01,PROD01639,WH007,401,76,54
2018-06-01,PROD00760,WH001,132,9,69
2018-06-01,PROD00985,WH003,313,54,44
2018-06-01,PROD00110,WH001,469,28,37
2018-06-01,PROD00774,WH010,43,10,26
2018-06-01,PROD00377,WH008,359,49,41
2018-06-01,PROD01597,WH005,452,41,64
2018-06-01,PROD01450,WH009,219,37,120
2018-06-01,PROD01884,WH003,270,16,31
2018-06-01,PROD01317,WH003,458,53,75
2018-06-01,PROD00500,WH004,91,8,64
2018-06-01,PROD00416,WH008,115,74,49
2018-06-01,PROD00269,WH006,375,40,24
2018-06-01,PROD00889,WH009,391,55,118
2018-06-01,PROD01508,WH010,97,34,104
2018-06-01,PROD00539,WH009,362,25,109
2018-06-01,PROD00004,WH005,146,41,20
2018-06-01,PROD01800,WH002,195,45,36
2018-06-01,PROD01837,WH005,351,78,48
2018-06-01,PROD00968,WH004,185,36,26
2018-06-01,PROD00987,WH005,452,16,23
2018-06-01,PROD01325,WH007,114,19,66
2018-06-01,PROD00507,WH009,483,75,79
2018-06-01,PROD00290,WH002,130,39,118
2018-06-01,PROD01017,WH005,472,56,58
2018-06-01,PROD00440,WH008,303,13,42
2018-06-01,PROD01218,WH009,209,44,46
2018-06-01,PROD01346,WH009,397,4,88
2018-06-01,PROD01689,WH009,195,46,66
2018-06-01,PROD01603,WH010,199,54,23
2018-06-01,PROD00582,WH009,365,9,115
2018-06-01,PROD01579,WH004,348,18,84
2018-06-01,PROD00972,WH007,196,7,104
2018-06-01,PROD00878,WH005,131,7,64
2018-06-01,PROD00287,WH006,431,2,98
2018-06-01,PROD01566,WH007,492,59,113
2018-06-01,PROD00620,WH002,281,21,106
2018-06-01,PROD01858,WH002,48,29,70
2018-06-01,PROD00385,WH007,233,11,118
2018-06-01,PROD01383,WH006,13,5,47
2018-06-01,PROD00568,WH006,415,42,35
2018-06-01,PROD00326,WH010,139,40,41
2018-06-01,PROD00725,WH008,36,30,94
2018-06-01,PROD01627,WH003,207,66,88
2018-06-01,PROD00667,WH005,122,53,78
2018-06-01,PROD00072,WH009,273,12,116
2018-06-01,PROD00901,WH008,159,48,64
2018-06-01,PROD00585,WH006,469,39,62
2018-06-01,PROD01538,WH006,378,17,41
2018-06-01,PROD00168,WH005,483,69,28
2018-06-01,PROD01197,WH002,13,6,61
2018-06-01,PROD01147,WH008,314,42,75
2018-06-01,PROD01530,WH003,116,3,34
2018-06-01,PROD00651,WH006,124,8,69
2018-06-01,PROD01513,WH004,60,12,103
2018-06-01,PROD01750,WH008,114,51,37
2018-06-01,PROD00191,WH008,389,59,62
2018-06-01,PROD01263,WH010,248,49,94
2018-06-01,PROD00251,WH009,132,15,33
2018-06-01,PROD00041,WH001,212,69,104
2018-06-01,PROD01398,WH004,261,48,74
2018-06-01,PROD01227,WH003,453,44,104
2018-06-01,PROD01866,WH003,68,46,39
2018-06-01,PROD00108,WH010,109,79,25
2018-06-01,PROD00411,WH003,248,69,119
2018-06-01,PROD00814,WH002,284,74,24
2018-06-01,PROD01518,WH010,466,29,96
2018-06-01,PROD01666,WH007,275,12,118
2018-06-01,PROD00710,WH010,290,43,58
2018-06-01,PROD01736,WH007,157,31,79
2018-06-01,PROD00727,WH002,351,37,27
2018-06-01,PROD01559,WH004,36,1,67
2018-06-01,PROD00187,WH003,107,36,109
2018-06-01,PROD00857,WH005,328,22,60
2018-06-01,PROD00278,WH001,116,37,58
2018-06-01,PROD01268,WH008,21,18,56
2018-06-01,PROD01478,WH006,334,14,46
2018-06-01,PROD01786,WH001,263,11,70
2018-06-01,PROD01400,WH009,387,46,37
2018-06-01,PROD01352,WH002,103,54,28
2018-06-01,PROD00192,WH010,59,14,74
2018-06-01,PROD00331,WH009,334,77,73
2018-06-01,PROD01482,WH005,241,62,118
2018-06-01,PROD00147,WH008,202,55,54
2018-06-01,PROD00791,WH002,0,0,117
2018-06-01,PROD00481,WH001,17,4,35
2018-06-01,PROD01499,WH002,419,33,113
2018-06-01,PROD01165,WH006,291,13,86
2018-06-01,PROD01594,WH005,323,32,61
2018-06-01,PROD00962,WH006,464,2,101
2018-06-01,PROD01395,WH005,181,6,93
2018-06-01,PROD00308,WH008,147,17,97
2018-06-01,PROD01598,WH004,303,29,61
2018-06-01,PROD01129,WH007,491,68,23
2018-06-01,PROD01258,WH004,416,56,96
2018-06-01,PROD01955,WH007,100,57,75
2018-06-01,PROD00224,WH003,213,14,118
2018-06-01,PROD01516,WH001,53,4,22
2018-06-01,PROD00279,WH002,370,8,45
2018-06-01,PROD00215,WH008,222,65,67
2018-06-01,PROD01466,WH005,214,66,43
2018-06-01,PROD00506,WH010,267,78,81
2018-06-01,PROD01030,WH010,322,66,102
2018-06-01,PROD01042,WH009,31,19,25
2018-06-01,PROD00556,WH009,358,62,41
2018-06-01,PROD00693,WH007,234,69,103
2018-06-01,PROD01596,WH001,55,42,112
2018-06-01,PROD00786,WH002,98,68,74
2018-06-01,PROD01842,WH002,428,52,90
2018-06-01,PROD00642,WH001,137,77,94
2018-06-01,PROD01174,WH006,248,40,110
2018-06-01,PROD00804,WH007,446,5,103
2018-06-01,PROD00202,WH009,158,16,110
2018-06-01,PROD01225,WH008,169,60,22
2018-06-01,PROD01438,WH003,440,73,35
2018-06-01,PROD00213,WH003,216,6,20
2018-06-01,PROD00311,WH005,45,25,62
2018-06-01,PROD01437,WH008,184,79,58
2018-06-01,PROD00979,WH001,337,78,64
2018-06-01,PROD00846,WH007,59,17,29
2018-06-01,PROD00443,WH001,51,6,56
2018-06-01,PROD00405,WH001,473,55,118
2018-06-01,PROD00681,WH008,2,0,29
2018-06-01,PROD01130,WH004,428,9,51
2018-06-01,PROD00720,WH003,76,51,112
2018-06-01,PROD00623,WH010,310,64,107
2018-06-01,PROD00498,WH003,368,73,35
2018-06-01,PROD01977,WH007,171,80,47
2018-06-01,PROD00803,WH001,99,39,117
2018-06-01,PROD01956,WH001,186,49,109
2018-06-01,PROD01453,WH005,454,47,101
2018-06-01,PROD00627,WH008,406,54,97
2018-06-01,PROD01226,WH006,381,44,80
2018-06-01,PROD01859,WH004,43,34,52
2018-06-01,PROD00752,WH007,202,56,68
2018-06-01,PROD01828,WH009,77,18,108
2018-06-01,PROD00536,WH003,38,20,41
2018-06-01,PROD00596,WH008,306,26,119
2018-06-01,PROD01741,WH007,419,0,107
2018-06-01,PROD01731,WH001,175,32,50
2018-06-01,PROD00379,WH001,101,45,62
2018-06-01,PROD00666,WH005,487,70,49
2018-06-01,PROD01755,WH004,325,60,94
2018-06-01,PROD00227,WH005,426,75,72
2018-06-01,PROD01392,WH003,312,6,70
2018-06-01,PROD00984,WH002,19,4,23
2018-06-01,PROD01933,WH005,157,9,107
2018-06-01,PROD00048,WH003,130,38,108
2018-06-01,PROD00738,WH005,162,38,38
2018-06-01,PROD00250,WH002,466,12,42
2018-06-01,PROD01286,WH001,349,7,74
2018-06-01,PROD01492,WH009,38,9,36
2018-06-01,PROD00020,WH007,444,72,58
2018-06-01,PROD00851,WH006,291,41,101
2018-06-01,PROD01675,WH005,270,80,67
2018-06-01,PROD00756,WH005,361,49,70
2018-06-01,PROD00652,WH002,391,5,115
2018-06-01,PROD00637,WH001,425,52,50
2018-06-01,PROD00969,WH002,389,30,62
2018-06-01,PROD01562,WH008,118,63,88
2018-06-01,PROD00368,WH007,156,0,109
2018-06-01,PROD00653,WH010,417,39,110
2018-06-01,PROD01137,WH008,291,23,98
2018-06-01,PROD00671,WH010,300,68,59
2018-06-01,PROD01273,WH008,162,34,56
2018-06-01,PROD00392,WH003,207,62,113
2018-06-01,PROD00886,WH004,435,33,116
2018-06-01,PROD01575,WH005,425,2,116
2018-06-01,PROD01959,WH008,444,4,115
2018-06-01,PROD01653,WH009,294,35,85
2018-06-01,PROD00176,WH007,10,9,92
2018-06-01,PROD01938,WH009,40,28,55
2018-06-01,PROD00621,WH002,328,21,48
2018-06-01,PROD00008,WH002,360,43,57
2018-06-01,PROD01696,WH003,185,63,118
2018-06-01,PROD01908,WH005,275,77,37
2018-06-01,PROD01461,WH004,469,34,78
2018-06-01,PROD01085,WH009,238,4,93
2018-06-01,PROD00794,WH003,195,2,75
2018-06-01,PROD01974,WH007,106,8,69
2018-06-01,PROD01849,WH008,17,2,63
2018-06-01,PROD01762,WH004,184,18,66
2018-06-01,PROD01135,WH004,233,56,66
2018-06-01,PROD00600,WH009,486,27,81
2018-06-01,PROD00532,WH008,208,20,24
2018-06-01,PROD00915,WH006,181,15,93
2018-06-01,PROD00098,WH004,326,21,69
2018-06-01,PROD01475,WH010,420,50,98
2018-06-01,PROD00840,WH003,196,78,62
2018-06-01,PROD00753,WH010,254,46,46
2018-06-01,PROD00871,WH001,487,4,67
2018-06-01,PROD01324,WH001,23,5,62
2018-06-01,PROD00529,WH003,470,70,92
2018-06-01,PROD01427,WH003,94,55,63
2018-06-01,PROD01407,WH001,244,74,108
2018-06-01,PROD00673,WH004,21,2,63
2018-06-01,PROD01748,WH002,78,30,90
2018-06-01,PROD01012,WH010,144,48,74
2018-06-01,PROD01563,WH005,134,5,72
2018-06-01,PROD01901,WH007,277,11,108
2018-06-01,PROD01305,WH009,398,24,117
2018-06-01,PROD00537,WH006,218,50,75
2018-06-01,PROD01976,WH007,496,51,113
2018-06-01,PROD00606,WH008,385,63,77
2018-06-01,PROD01688,WH008,276,65,56
2018-06-01,PROD01026,WH008,400,80,67
2018-06-01,PROD00233,WH009,269,40,76
2018-06-01,PROD00093,WH010,101,60,83
2018-06-01,PROD00273,WH010,22,6,86
2018-06-01,PROD00892,WH007,197,52,92
2018-06-01,PROD01433,WH007,329,10,36
2018-06-01,PROD00570,WH003,464,44,46
2018-06-01,PROD00306,WH002,326,29,49
2018-06-01,PROD00141,WH001,238,14,87
2018-06-01,PROD00150,WH007,118,42,111
2018-06-01,PROD00982,WH006,421,80,76
2018-06-01,PROD01871,WH003,58,50,64
2018-06-01,PROD01519,WH004,378,55,120
2018-06-01,PROD00932,WH002,360,67,88
2018-06-01,PROD01586,WH005,273,7,31
2018-06-01,PROD00674,WH006,14,2,76
2018-06-01,PROD00509,WH010,474,74,95
2018-06-01,PROD00512,WH003,188,63,77
2018-06-01,PROD00247,WH005,416,49,26
2018-06-01,PROD01588,WH005,216,26,76
2018-06-01,PROD01893,WH003,285,9,85
2018-06-01,PROD01018,WH009,311,79,67
2018-06-01,PROD01619,WH003,428,40,95
2018-06-01,PROD01281,WH002,409,78,77
2018-06-01,PROD01993,WH009,211,56,91
2018-06-01,PROD00589,WH010,373,52,91
2018-06-01,PROD01791,WH001,210,72,35
2018-06-01,PROD01474,WH007,493,70,79
2018-06-01,PROD00458,WH002,15,13,113
2018-06-01,PROD00125,WH001,256,18,89
2018-06-01,PROD01659,WH010,334,13,65
2018-06-01,PROD00082,WH008,60,54,44
2018-06-01,PROD01393,WH004,219,72,103
2018-06-01,PROD00344,WH005,443,46,82
2018-06-01,PROD00193,WH008,445,56,61
2018-06-01,PROD01426,WH005,500,62,68
2018-06-01,PROD01028,WH005,136,22,46
2018-06-01,PROD01838,WH006,270,42,27
2018-06-01,PROD00259,WH004,32,31,60
2018-06-01,PROD00520,WH003,368,32,71
2018-06-01,PROD00767,WH006,91,65,88
2018-06-01,PROD01048,WH010,347,76,63
2018-06-01,PROD01613,WH001,371,25,87
2018-06-01,PROD01948,WH001,241,7,97
2018-06-01,PROD00384,WH002,271,19,87
2018-06-01,PROD01146,WH005,390,76,102
2018-06-01,PROD01320,WH002,103,77,115
2018-06-01,PROD01744,WH004,88,38,88
2018-06-01,PROD01686,WH001,343,71,116
2018-06-01,PROD01515,WH004,345,24,58
2018-06-01,PROD00634,WH004,340,34,39
2018-06-01,PROD00590,WH002,41,33,104
2018-06-01,PROD01176,WH006,147,56,78
2018-06-01,PROD00624,WH002,228,15,34
2018-06-01,PROD01634,WH002,322,13,40
2018-06-01,PROD00844,WH001,392,53,36
2018-06-01,PROD00228,WH006,371,24,40
2018-06-01,PROD01297,WH002,372,79,27
2018-06-01,PROD01134,WH005,21,13,80
2018-06-01,PROD00219,WH004,474,38,77
2018-06-01,PROD00559,WH007,142,37,89
2018-06-01,PROD01154,WH001,118,24,81
2018-06-01,PROD01782,WH007,276,0,75
2018-06-01,PROD00922,WH002,219,9,22
2018-06-01,PROD00816,WH007,97,41,116
2018-06-01,PROD01498,WH004,213,68,59
2018-06-01,PROD00714,WH004,51,14,101
2018-06-01,PROD00455,WH003,164,25,26
2018-06-01,PROD00115,WH005,68,14,116
2018-06-01,PROD01996,WH003,143,10,69
2018-06-01,PROD00488,WH003,270,17,87
2018-06-01,PROD01102,WH005,417,75,108
2018-06-01,PROD00821,WH006,436,79,111
2018-06-01,PROD01841,WH005,242,43,67
2018-06-01,PROD00438,WH001,77,3,43
2018-06-01,PROD01071,WH003,278,7,24
2018-06-01,PROD00409,WH004,427,80,44
2018-06-01,PROD01293,WH010,426,7,50
2018-06-01,PROD00123,WH008,363,58,114
2018-06-01,PROD01373,WH005,474,48,56
2018-06-01,PROD00144,WH005,480,57,90
2018-06-01,PROD00040,WH002,395,41,20
2018-06-01,PROD00576,WH003,69,45,91
2018-07-01,PROD00105,WH004,248,17,74
2018-07-01,PROD00636,WH005,377,74,119
2018-07-01,PROD01690,WH007,18,6,55
2018-07-01,PROD01506,WH008,63,19,117
2018-07-01,PROD00211,WH001,78,62,57
2018-07-01,PROD01214,WH006,357,56,104
2018-07-01,PROD00650,WH009,206,66,31
2018-07-01,PROD00324,WH005,338,59,40
2018-07-01,PROD01732,WH005,465,76,33
2018-07-01,PROD01052,WH001,175,22,104
2018-07-01,PROD00129,WH002,350,7,42
2018-07-01,PROD00671,WH004,265,60,114
2018-07-01,PROD01643,WH007,139,64,63
2018-07-01,PROD00527,WH005,8,3,90
2018-07-01,PROD00110,WH006,3,3,62
2018-07-01,PROD01007,WH002,156,56,47
2018-07-01,PROD00973,WH007,400,69,46
2018-07-01,PROD00117,WH002,315,35,89
2018-07-01,PROD01467,WH001,53,34,35
2018-07-01,PROD00978,WH008,54,28,77
2018-07-01,PROD01640,WH002,58,31,30
2018-07-01,PROD00524,WH010,436,14,46
2018-07-01,PROD01885,WH001,385,0,62
2018-07-01,PROD01482,WH005,122,34,119
2018-07-01,PROD00235,WH004,206,27,23
2018-07-01,PROD00590,WH010,484,3,58
2018-07-01,PROD00288,WH008,442,63,28
2018-07-01,PROD01232,WH009,198,33,88
2018-07-01,PROD01515,WH008,387,1,81
2018-07-01,PROD00097,WH006,310,73,56
2018-07-01,PROD00710,WH007,470,4,30
2018-07-01,PROD01032,WH003,484,54,44
2018-07-01,PROD01294,WH008,113,64,61
2018-07-01,PROD01984,WH009,309,70,87
2018-07-01,PROD01045,WH004,462,74,55
2018-07-01,PROD00691,WH009,173,61,106
2018-07-01,PROD01969,WH001,425,52,24
2018-07-01,PROD01245,WH010,155,35,64
2018-07-01,PROD00093,WH003,394,44,99
2018-07-01,PROD00712,WH004,189,74,108
2018-07-01,PROD00828,WH008,67,40,70
2018-07-01,PROD01285,WH004,472,28,31
2018-07-01,PROD01870,WH007,175,43,57
2018-07-01,PROD00416,WH001,397,77,60
2018-07-01,PROD00128,WH010,231,6,41
2018-07-01,PROD01173,WH005,66,43,65
2018-07-01,PROD01826,WH010,322,0,120
2018-07-01,PROD01998,WH009,297,4,59
2018-07-01,PROD00440,WH010,59,2,97
2018-07-01,PROD00733,WH002,186,79,21
2018-07-01,PROD01537,WH008,172,22,96
2018-07-01,PROD01657,WH009,29,17,25
2018-07-01,PROD00628,WH008,5,1,50
2018-07-01,PROD01426,WH005,239,52,57
2018-07-01,PROD00502,WH004,93,76,59
2018-07-01,PROD01112,WH010,82,14,48
2018-07-01,PROD00390,WH006,190,36,113
2018-07-01,PROD01113,WH007,235,16,104
2018-07-01,PROD01631,WH009,117,13,58
2018-07-01,PROD00587,WH008,482,76,38
2018-07-01,PROD00448,WH008,271,22,110
2018-07-01,PROD00525,WH010,92,54,66
2018-07-01,PROD00020,WH002,159,14,61
2018-07-01,PROD00974,WH006,51,39,106
2018-07-01,PROD01914,WH009,162,3,56
2018-07-01,PROD00812,WH006,108,5,120
2018-07-01,PROD00368,WH009,180,34,100
2018-07-01,PROD01847,WH010,302,18,73
2018-07-01,PROD00889,WH007,408,13,92
2018-07-01,PROD00631,WH003,346,55,39
2018-07-01,PROD01666,WH010,446,14,31
2018-07-01,PROD01158,WH004,28,21,115
2018-07-01,PROD00776,WH009,107,39,100
2018-07-01,PROD01704,WH003,46,36,35
2018-07-01,PROD00204,WH005,455,41,115
2018-07-01,PROD01558,WH003,144,43,104
2018-07-01,PROD00181,WH005,361,60,24
2018-07-01,PROD01046,WH009,247,12,20
2018-07-01,PROD01556,WH006,315,23,108
2018-07-01,PROD00645,WH010,165,71,44
2018-07-01,PROD01757,WH006,380,62,103
2018-07-01,PROD00663,WH002,149,51,32
2018-07-01,PROD01067,WH009,141,37,62
2018-07-01,PROD00085,WH006,367,24,119
2018-07-01,PROD01447,WH008,274,80,110
2018-07-01,PROD00423,WH003,2,0,104
2018-07-01,PROD01954,WH007,374,17,84
2018-07-01,PROD01620,WH004,475,55,86
2018-07-01,PROD01758,WH005,370,0,52
2018-07-01,PROD01422,WH009,159,32,35
2018-07-01,PROD00545,WH007,63,2,91
2018-07-01,PROD01064,WH004,209,27,103
2018-07-01,PROD01283,WH006,334,78,81
2018-07-01,PROD00366,WH002,286,64,37
2018-07-01,PROD01126,WH005,63,24,20
2018-07-01,PROD01004,WH007,274,24,101
2018-07-01,PROD00754,WH002,284,56,56
2018-07-01,PROD00880,WH009,358,36,115
2018-07-01,PROD00343,WH008,9,4,81
2018-07-01,PROD00953,WH008,370,32,63
2018-07-01,PROD00601,WH010,90,24,60
2018-07-01,PROD00082,WH004,184,62,66
2018-07-01,PROD01629,WH002,357,75,87
2018-07-01,PROD00819,WH004,410,10,56
2018-07-01,PROD01139,WH003,223,21,89
2018-07-01,PROD01921,WH004,195,23,22
2018-07-01,PROD01410,WH008,287,4,27
2018-07-01,PROD01546,WH001,260,19,90
2018-07-01,PROD00415,WH007,330,58,102
2018-07-01,PROD00952,WH002,366,49,27
2018-07-01,PROD00100,WH004,57,34,114
2018-07-01,PROD00971,WH006,271,78,73
2018-07-01,PROD01952,WH003,85,63,25
2018-07-01,PROD00300,WH005,313,42,92
2018-07-01,PROD01164,WH007,50,41,35
2018-07-01,PROD01939,WH004,499,39,60
2018-07-01,PROD01838,WH003,3,2,45
2018-07-01,PROD01814,WH005,490,62,64
2018-07-01,PROD00231,WH009,173,73,22
2018-07-01,PROD01632,WH010,476,28,66
2018-07-01,PROD00704,WH006,281,9,113
2018-07-01,PROD01533,WH007,235,50,67
2018-07-01,PROD00684,WH004,281,54,34
2018-07-01,PROD00006,WH004,43,13,49
2018-07-01,PROD01844,WH005,326,28,105
2018-07-01,PROD01854,WH004,167,38,74
2018-07-01,PROD01207,WH006,302,0,79
2018-07-01,PROD00382,WH010,17,9,41
2018-07-01,PROD00725,WH007,347,52,57
2018-07-01,PROD01499,WH009,93,24,107
2018-07-01,PROD01908,WH008,106,62,115
2018-07-01,PROD01460,WH010,123,73,93
2018-07-01,PROD01718,WH010,255,57,32
2018-07-01,PROD00807,WH001,351,77,42
2018-07-01,PROD00893,WH005,371,1,100
2018-07-01,PROD01213,WH002,419,5,85
2018-07-01,PROD01663,WH009,419,18,89
2018-07-01,PROD01028,WH007,6,2,35
2018-07-01,PROD01277,WH010,332,21,20
2018-07-01,PROD01366,WH005,229,30,91
2018-07-01,PROD00130,WH008,232,0,58
2018-07-01,PROD01015,WH006,360,0,43
2018-07-01,PROD01553,WH007,404,77,52
2018-07-01,PROD00937,WH006,159,70,67
2018-07-01,PROD01883,WH006,252,55,90
2018-07-01,PROD01691,WH004,143,68,103
2018-07-01,PROD00220,WH004,89,76,31
2018-07-01,PROD01994,WH003,331,44,46
2018-07-01,PROD00638,WH006,176,2,108
2018-07-01,PROD00047,WH009,296,24,48
2018-07-01,PROD01949,WH007,500,66,115
2018-07-01,PROD01101,WH007,148,50,30
2018-07-01,PROD01246,WH002,52,47,99
2018-07-01,PROD01452,WH005,223,4,67
2018-07-01,PROD01218,WH005,331,74,21
2018-07-01,PROD00074,WH008,27,18,22
2018-07-01,PROD00859,WH009,43,27,110
2018-07-01,PROD00088,WH002,444,18,115
2018-07-01,PROD00332,WH006,125,69,97
2018-07-01,PROD00982,WH003,185,10,34
2018-07-01,PROD01564,WH007,330,48,118
2018-07-01,PROD00199,WH004,221,37,109
2018-07-01,PROD01664,WH007,242,51,51
2018-07-01,PROD00397,WH010,396,54,41
2018-07-01,PROD00967,WH009,457,24,64
2018-07-01,PROD00803,WH009,214,51,101
2018-07-01,PROD01077,WH009,411,23,47
2018-07-01,PROD00613,WH003,338,35,62
2018-07-01,PROD01687,WH003,412,50,99
2018-07-01,PROD00921,WH007,342,19,49
2018-07-01,PROD00556,WH003,2,0,86
2018-07-01,PROD01149,WH006,322,63,71
2018-07-01,PROD01876,WH005,291,2,42
2018-07-01,PROD01172,WH004,470,3,34
2018-07-01,PROD00739,WH009,425,57,69
2018-07-01,PROD00187,WH003,174,22,52
2018-07-01,PROD01798,WH005,126,32,117
2018-07-01,PROD01377,WH009,244,11,66
2018-07-01,PROD01692,WH007,225,68,26
2018-07-01,PROD01498,WH010,41,8,28
2018-07-01,PROD01730,WH005,335,26,101
2018-07-01,PROD00503,WH007,342,28,63
2018-07-01,PROD01811,WH010,70,64,51
2018-07-01,PROD01505,WH001,159,33,31
2018-07-01,PROD01212,WH007,481,67,29
2018-07-01,PROD00145,WH010,250,14,108
2018-07-01,PROD01823,WH005,158,47,83
2018-07-01,PROD00165,WH006,146,59,33
2018-07-01,PROD01906,WH009,461,11,117
2018-07-01,PROD00830,WH001,168,21,108
2018-07-01,PROD01301,WH001,331,22,40
2018-07-01,PROD00212,WH003,154,30,67
2018-07-01,PROD00552,WH007,414,18,110
2018-07-01,PROD01262,WH005,385,54,108
2018-07-01,PROD01924,WH006,389,17,35
2018-07-01,PROD00341,WH007,303,33,81
2018-07-01,PROD01744,WH009,34,13,33
2018-07-01,PROD00968,WH004,209,9,35
2018-07-01,PROD00023,WH009,87,8,43
2018-07-01,PROD01977,WH004,96,31,55
2018-07-01,PROD00703,WH004,486,43,78
2018-07-01,PROD00642,WH010,189,15,115
2018-07-01,PROD00593,WH002,412,26,70
2018-07-01,PROD00652,WH002,439,24,61
2018-07-01,PROD01776,WH004,416,60,39
2018-07-01,PROD00579,WH005,218,39,53
2018-07-01,PROD01338,WH008,92,41,34
2018-07-01,PROD01299,WH001,263,37,64
2018-07-01,PROD00992,WH005,500,67,69
2018-07-01,PROD00045,WH002,274,27,102
2018-07-01,PROD00962,WH002,399,8,84
2018-07-01,PROD01705,WH003,2,0,20
2018-07-01,PROD01457,WH006,19,6,96
2018-07-01,PROD00340,WH007,33,31,89
2018-07-01,PROD00867,WH005,112,78,97
2018-07-01,PROD00751,WH001,399,19,49
2018-07-01,PROD01857,WH009,378,37,21
2018-07-01,PROD01434,WH010,350,12,40
2018-07-01,PROD01144,WH008,428,17,89
2018-07-01,PROD01720,WH009,385,21,108
2018-07-01,PROD01226,WH003,144,65,27
2018-07-01,PROD00342,WH001,5,3,58
2018-07-01,PROD00692,WH009,481,67,39
2018-07-01,PROD01041,WH004,190,64,90
2018-07-01,PROD00056,WH009,436,39,55
2018-07-01,PROD01699,WH010,191,53,67
2018-07-01,PROD01530,WH002,426,38,48
2018-07-01,PROD00531,WH006,351,24,24
2018-07-01,PROD01750,WH004,372,36,24
2018-07-01,PROD00481,WH001,425,0,112
2018-07-01,PROD01521,WH003,92,13,83
2018-07-01,PROD01522,WH002,427,3,109
2018-07-01,PROD00850,WH003,304,54,79
2018-07-01,PROD01332,WH008,55,19,55
2018-07-01,PROD01524,WH009,295,35,45
2018-07-01,PROD01916,WH001,326,16,38
2018-07-01,PROD01174,WH002,264,35,22
2018-07-01,PROD00137,WH006,405,7,97
2018-07-01,PROD00239,WH004,215,28,74
2018-07-01,PROD00814,WH003,145,67,73
2018-07-01,PROD00281,WH002,447,4,111
2018-07-01,PROD00588,WH010,373,63,106
2018-07-01,PROD00306,WH005,131,31,106
2018-07-01,PROD01321,WH003,180,23,101
2018-07-01,PROD00186,WH007,269,3,98
2018-07-01,PROD01027,WH007,486,22,90
2018-07-01,PROD00151,WH006,34,13,80
2018-07-01,PROD00911,WH009,373,15,62
2018-07-01,PROD01483,WH008,241,67,72
2018-07-01,PROD00972,WH006,335,31,97
2018-07-01,PROD01585,WH004,349,37,95
2018-07-01,PROD00471,WH007,114,30,104
2018-07-01,PROD01150,WH004,193,58,107
2018-07-01,PROD00373,WH009,469,51,111
2018-07-01,PROD01043,WH006,113,43,36
2018-07-01,PROD00494,WH009,313,9,86
2018-07-01,PROD01955,WH008,288,31,45
2018-07-01,PROD01034,WH003,343,22,56
2018-07-01,PROD01459,WH002,258,55,82
2018-07-01,PROD01010,WH001,346,57,105
2018-07-01,PROD01280,WH010,342,63,58
2018-07-01,PROD01181,WH006,62,11,72
2018-07-01,PROD01936,WH009,29,20,84
2018-07-01,PROD01255,WH007,270,33,116
2018-07-01,PROD00348,WH009,321,49,112
2018-07-01,PROD01851,WH010,141,8,118
2018-07-01,PROD00789,WH002,132,39,29
2018-07-01,PROD01281,WH004,324,4,85
2018-07-01,PROD01622,WH008,343,7,112
2018-07-01,PROD01326,WH009,54,27,118
2018-07-01,PROD00496,WH010,43,4,89
2018-07-01,PROD00215,WH009,482,34,84
2018-07-01,PROD01142,WH009,370,41,78
2018-07-01,PROD01868,WH010,260,49,72
2018-07-01,PROD00514,WH005,486,52,27
2018-07-01,PROD01314,WH004,189,26,88
2018-07-01,PROD00421,WH010,391,0,73
2018-07-01,PROD01278,WH010,24,6,71
2018-07-01,PROD00975,WH001,89,11,38
2018-07-01,PROD00022,WH004,59,44,74
2018-07-01,PROD00963,WH009,308,7,97
2018-07-01,PROD01937,WH007,86,7,97
2018-07-01,PROD01234,WH001,89,77,88
2018-07-01,PROD01346,WH009,25,17,46
2018-07-01,PROD01528,WH003,187,42,82
2018-07-01,PROD00438,WH002,307,66,31
2018-07-01,PROD01686,WH003,302,38,44
2018-07-01,PROD00027,WH005,115,75,26
2018-07-01,PROD01986,WH009,154,25,72
2018-07-01,PROD01925,WH007,470,38,79
2018-07-01,PROD01387,WH002,73,45,43
2018-07-01,PROD00905,WH007,338,33,71
2018-07-01,PROD01821,WH007,39,27,94
2018-07-01,PROD00091,WH007,244,20,81
2018-07-01,PROD01322,WH009,376,1,68
2018-07-01,PROD01738,WH004,464,1,97
2018-07-01,PROD01551,WH003,137,80,110
2018-07-01,PROD00520,WH005,61,26,39
2018-07-01,PROD01900,WH002,73,12,85
2018-07-01,PROD00237,WH008,339,16,29
2018-07-01,PROD00606,WH002,256,10,94
2018-07-01,PROD01752,WH001,10,6,45
2018-07-01,PROD00592,WH010,279,22,84
2018-07-01,PROD01438,WH006,358,56,91
2018-07-01,PROD00718,WH007,383,74,20
2018-07-01,PROD00798,WH009,205,55,81
2018-07-01,PROD01342,WH007,344,68,115
2018-07-01,PROD00030,WH004,96,67,72
2018-07-01,PROD00998,WH002,467,14,61
2018-07-01,PROD00441,WH001,298,57,66
2018-07-01,PROD01466,WH010,167,28,93
2018-07-01,PROD01670,WH006,99,44,50
2018-07-01,PROD00479,WH004,357,74,110
2018-07-01,PROD00370,WH006,350,23,37
2018-07-01,PROD01072,WH001,127,48,54
2018-07-01,PROD01950,WH010,60,10,62
2018-07-01,PROD01539,WH008,225,15,118
2018-07-01,PROD01510,WH003,383,50,108
2018-07-01,PROD00938,WH002,379,68,28
2018-07-01,PROD01808,WH007,133,18,79
2018-07-01,PROD01127,WH001,457,0,35
2018-07-01,PROD00162,WH010,256,11,69
2018-07-01,PROD00825,WH007,339,19,62
2018-07-01,PROD00280,WH008,4,4,61
2018-07-01,PROD01396,WH010,159,52,43
2018-07-01,PROD00173,WH007,305,55,118
2018-07-01,PROD01764,WH005,379,60,62
2018-07-01,PROD00563,WH003,471,60,51
2018-07-01,PROD00353,WH009,89,26,41
2018-07-01,PROD01399,WH009,113,0,23
2018-07-01,PROD01828,WH005,145,78,39
2018-07-01,PROD01379,WH007,15,10,62
2018-07-01,PROD01156,WH007,463,22,92
2018-07-01,PROD00580,WH008,221,52,112
2018-07-01,PROD00132,WH008,7,6,99
2018-07-01,PROD01836,WH006,262,56,20
2018-07-01,PROD00240,WH009,355,55,116
2018-07-01,PROD00058,WH003,149,60,114
2018-07-01,PROD01086,WH009,67,24,55
2018-07-01,PROD01068,WH005,292,16,92
2018-07-01,PROD01930,WH010,357,19,103
2018-07-01,PROD01269,WH010,159,48,34
2018-07-01,PROD01016,WH007,147,23,49
2018-07-01,PROD00142,WH005,52,23,31
2018-07-01,PROD01349,WH010,229,64,56
2018-07-01,PROD00906,WH009,163,19,20
2018-07-01,PROD00267,WH007,489,68,114
2018-07-01,PROD00564,WH007,396,28,61
2018-07-01,PROD01109,WH004,441,6,47
2018-07-01,PROD01928,WH009,110,65,115
2018-07-01,PROD01233,WH009,182,34,92
2018-07-01,PROD01343,WH004,453,47,45
2018-07-01,PROD01993,WH005,267,66,84
2018-07-01,PROD00434,WH003,433,23,112
2018-07-01,PROD00695,WH004,479,77,51
2018-07-01,PROD02000,WH002,182,50,71
2018-07-01,PROD01945,WH006,100,78,93
2018-07-01,PROD00863,WH005,84,5,99
2018-07-01,PROD01679,WH007,479,63,81
2018-07-01,PROD01736,WH003,442,60,54
2018-07-01,PROD01117,WH001,63,19,76
2018-07-01,PROD00753,WH003,115,25,106
2018-07-01,PROD01903,WH004,500,36,101
2018-07-01,PROD00017,WH005,20,5,94
2018-07-01,PROD01728,WH003,468,52,96
2018-07-01,PROD00043,WH003,85,21,61
2018-07-01,PROD01633,WH005,392,22,29
2018-07-01,PROD01967,WH007,299,53,31
2018-07-01,PROD00805,WH008,75,53,115
2018-07-01,PROD00486,WH009,35,13,46
2018-07-01,PROD01432,WH008,55,1,54
2018-07-01,PROD01573,WH007,18,5,110
2018-07-01,PROD00419,WH002,489,26,33
2018-07-01,PROD01735,WH008,456,2,53
2018-07-01,PROD01178,WH008,314,64,47
2018-07-01,PROD01059,WH006,121,28,76
2018-07-01,PROD01612,WH002,167,11,42
2018-07-01,PROD00205,WH003,39,38,52
2018-07-01,PROD01042,WH004,146,6,76
2018-07-01,PROD01543,WH010,147,45,34
2018-07-01,PROD00296,WH003,106,65,69
2018-07-01,PROD01219,WH008,432,54,21
2018-07-01,PROD00209,WH007,188,23,104
2018-07-01,PROD00475,WH005,17,12,32
2018-07-01,PROD01249,WH010,112,24,22
2018-07-01,PROD01741,WH003,267,8,59
2018-07-01,PROD00095,WH008,417,71,47
2018-07-01,PROD01095,WH006,210,0,106
2018-07-01,PROD01941,WH001,355,63,55
2018-07-01,PROD01325,WH005,219,63,112
2018-07-01,PROD01947,WH007,165,43,94
2018-07-01,PROD00083,WH006,203,53,74
2018-07-01,PROD01475,WH008,177,65,48
2018-07-01,PROD00999,WH005,390,58,39
2018-07-01,PROD01297,WH003,470,20,90
2018-07-01,PROD01258,WH008,407,21,31
2018-07-01,PROD01932,WH003,373,39,52
2018-07-01,PROD00033,WH006,220,73,94
2018-07-01,PROD00234,WH002,364,33,85
2018-07-01,PROD01355,WH009,133,40,119
2018-07-01,PROD00032,WH006,74,48,99
2018-07-01,PROD01193,WH010,110,22,87
2018-07-01,PROD00385,WH004,236,15,105
2018-07-01,PROD00538,WH008,361,38,36
2018-07-01,PROD00584,WH007,231,4,60
2018-07-01,PROD00076,WH006,37,15,53
2018-07-01,PROD00914,WH007,265,15,98
2018-07-01,PROD00034,WH009,285,46,116
2018-07-01,PROD01544,WH002,412,5,86
2018-07-01,PROD00450,WH010,10,3,31
2018-07-01,PROD01115,WH002,20,20,68
2018-07-01,PROD01229,WH008,495,6,87
2018-07-01,PROD01712,WH003,122,29,42
2018-07-01,PROD00356,WH009,476,27,46
2018-07-01,PROD00355,WH002,496,43,99
2018-07-01,PROD00898,WH003,414,29,22
2018-07-01,PROD00764,WH005,185,59,81
2018-07-01,PROD01011,WH007,492,24,31
2018-07-01,PROD01106,WH007,355,72,30
2018-07-01,PROD01486,WH003,470,48,113
2018-07-01,PROD01257,WH010,333,45,36
2018-07-01,PROD01304,WH002,144,34,46
2018-07-01,PROD00781,WH005,212,16,103
2018-07-01,PROD01414,WH009,459,75,94
2018-07-01,PROD01825,WH010,346,2,49
2018-07-01,PROD00529,WH003,7,7,55
2018-07-01,PROD00829,WH007,439,23,74
2018-07-01,PROD00364,WH009,401,7,90
2018-07-01,PROD01754,WH003,500,28,52
2018-07-01,PROD00140,WH006,462,2,51
2018-07-01,PROD01141,WH002,340,59,72
2018-07-01,PROD00015,WH003,117,27,59
2018-07-01,PROD00532,WH008,417,39,94
2018-07-01,PROD00284,WH006,7,6,23
2018-07-01,PROD01385,WH002,253,29,103
2018-07-01,PROD01749,WH001,369,24,96
2018-07-01,PROD00221,WH003,476,36,45
2018-07-01,PROD00683,WH007,381,43,37
2018-07-01,PROD00775,WH007,203,55,105
2018-07-01,PROD01080,WH003,248,65,48
2018-07-01,PROD00932,WH002,477,22,27
2018-07-01,PROD00543,WH001,206,2,68
2018-07-01,PROD01017,WH008,274,40,27
2018-07-01,PROD01575,WH009,190,53,104
2018-07-01,PROD01942,WH005,98,67,85
2018-07-01,PROD00913,WH009,48,21,80
2018-07-01,PROD00512,WH005,55,53,52
2018-07-01,PROD01130,WH002,491,76,95
2018-07-01,PROD00840,WH001,307,22,94
2018-07-01,PROD00857,WH005,439,6,97
2018-07-01,PROD00903,WH008,200,9,32
2018-07-01,PROD00451,WH001,439,14,67
2018-07-01,PROD01845,WH005,260,32,109
2018-07-01,PROD01175,WH005,61,44,117
2018-07-01,PROD00688,WH002,163,27,119
2018-07-01,PROD01243,WH001,463,20,69
2018-07-01,PROD00436,WH002,189,19,35
2018-07-01,PROD00119,WH005,320,60,81
2018-07-01,PROD01742,WH003,56,2,23
2018-07-01,PROD00468,WH007,209,77,72
2018-07-01,PROD01642,WH004,427,8,56
2018-07-01,PROD01638,WH010,489,8,50
2018-07-01,PROD00317,WH007,318,78,42
2018-07-01,PROD01831,WH008,438,19,38
2018-07-01,PROD01185,WH002,417,51,42
2018-07-01,PROD00806,WH006,244,15,26
2018-07-01,PROD01044,WH010,300,26,70
2018-07-01,PROD01154,WH006,87,31,116
2018-07-01,PROD01009,WH005,60,18,117
2018-07-01,PROD00641,WH006,423,63,89
2018-07-01,PROD00077,WH008,439,6,100
2018-07-01,PROD00469,WH002,277,23,73
2018-07-01,PROD01083,WH007,330,34,95
2018-07-01,PROD01671,WH008,278,13,78
2018-07-01,PROD01198,WH005,58,12,21
2018-07-01,PROD00194,WH007,67,40,46
2018-07-01,PROD00195,WH005,149,6,22
2018-07-01,PROD01689,WH010,148,47,120
2018-07-01,PROD00661,WH006,262,41,103
2018-07-01,PROD00336,WH005,458,51,102
2018-07-01,PROD01701,WH009,148,48,59
2018-07-01,PROD01102,WH008,209,24,112
2018-07-01,PROD01135,WH006,297,18,31
2018-07-01,PROD01731,WH003,99,42,96
2018-07-01,PROD01958,WH009,186,76,97
2018-07-01,PROD01520,WH009,462,52,22
2018-07-01,PROD01621,WH003,187,43,103
2018-07-01,PROD01424,WH007,302,61,27
2018-07-01,PROD01560,WH005,93,4,112
2018-07-01,PROD00923,WH010,1,1,92
2018-07-01,PROD00926,WH010,312,38,56
2018-07-01,PROD00519,WH010,250,72,78
2018-07-01,PROD01316,WH009,205,38,102
2018-07-01,PROD00437,WH006,371,41,116
2018-07-01,PROD01152,WH001,96,16,77
2018-07-01,PROD00099,WH007,351,72,30
2018-07-01,PROD00548,WH008,102,29,45
2018-07-01,PROD00307,WH009,68,53,51
2018-07-01,PROD00696,WH008,438,61,104
2018-07-01,PROD00377,WH006,201,72,37
2018-08-01,PROD00229,WH008,68,9,36
2018-08-01,PROD00566,WH010,226,43,93
2018-08-01,PROD01775,WH006,321,17,65
2018-08-01,PROD00828,WH008,340,52,64
2018-08-01,PROD01032,WH002,198,46,35
2018-08-01,PROD00774,WH010,240,8,59
2018-08-01,PROD00070,WH001,449,70,53
2018-08-01,PROD01386,WH008,466,30,20
2018-08-01,PROD00919,WH005,214,25,48
2018-08-01,PROD01237,WH009,321,14,79
2018-08-01,PROD00887,WH003,370,51,119
2018-08-01,PROD00512,WH009,185,11,74
2018-08-01,PROD00022,WH007,220,42,71
2018-08-01,PROD01286,WH008,466,76,76
2018-08-01,PROD00420,WH001,400,62,34
2018-08-01,PROD01086,WH010,113,1,53
2018-08-01,PROD00600,WH007,462,21,43
2018-08-01,PROD01903,WH007,237,62,75
2018-08-01,PROD01688,WH008,238,39,69
2018-08-01,PROD01787,WH001,495,50,42
2018-08-01,PROD01444,WH002,318,58,84
2018-08-01,PROD01399,WH010,25,13,33
2018-08-01,PROD00626,WH004,451,45,103
2018-08-01,PROD01890,WH002,215,66,74
2018-08-01,PROD00608,WH007,423,42,107
2018-08-01,PROD00213,WH005,54,43,39
2018-08-01,PROD01938,WH002,124,41,67
2018-08-01,PROD01353,WH001,375,20,75
2018-08-01,PROD00251,WH010,417,22,92
2018-08-01,PROD00934,WH002,40,4,117
2018-08-01,PROD01169,WH010,251,56,113
2018-08-01,PROD01944,WH002,106,9,76
2018-08-01,PROD01961,WH008,281,28,115
2018-08-01,PROD01132,WH002,48,2,60
2018-08-01,PROD01405,WH010,421,18,56
2018-08-01,PROD00212,WH001,0,0,33
2018-08-01,PROD00899,WH007,105,37,51
2018-08-01,PROD01479,WH003,359,6,116
2018-08-01,PROD01974,WH007,71,25,69
2018-08-01,PROD00666,WH006,173,30,79
2018-08-01,PROD01151,WH003,272,14,115
2018-08-01,PROD00426,WH010,316,79,95
2018-08-01,PROD01085,WH004,495,65,77
2018-08-01,PROD01208,WH004,185,31,89
2018-08-01,PROD01707,WH002,450,70,120
2018-08-01,PROD00878,WH010,490,71,66
2018-08-01,PROD00069,WH002,438,64,68
2018-08-01,PROD00334,WH002,151,72,60
2018-08-01,PROD00563,WH003,210,77,25
2018-08-01,PROD01221,WH010,312,3,75
2018-08-01,PROD00952,WH001,119,45,114
2018-08-01,PROD01206,WH007,136,58,20
2018-08-01,PROD00289,WH001,319,15,61
2018-08-01,PROD01209,WH007,405,38,70
2018-08-01,PROD00565,WH003,400,41,64
2018-08-01,PROD00155,WH010,217,49,67
2018-08-01,PROD01660,WH006,74,48,59
2018-08-01,PROD00216,WH006,291,35,36
2018-08-01,PROD00435,WH007,267,65,46
2018-08-01,PROD00528,WH008,237,70,40
2018-08-01,PROD00567,WH006,316,65,32
2018-08-01,PROD01139,WH003,370,57,57
2018-08-01,PROD01721,WH008,335,17,83
2018-08-01,PROD00096,WH007,438,61,27
2018-08-01,PROD01489,WH002,80,19,22
2018-08-01,PROD01380,WH008,356,32,112
2018-08-01,PROD00621,WH005,24,0,72
2018-08-01,PROD01628,WH003,390,21,40
2018-08-01,PROD00664,WH006,137,35,26
2018-08-01,PROD01389,WH007,396,53,91
2018-08-01,PROD01842,WH002,65,39,23
2018-08-01,PROD00090,WH003,459,6,90
2018-08-01,PROD00305,WH010,382,54,21
2018-08-01,PROD00905,WH004,390,14,116
2018-08-01,PROD01854,WH007,119,37,116
2018-08-01,PROD01069,WH003,345,51,82
2018-08-01,PROD01781,WH007,382,78,96
2018-08-01,PROD00091,WH003,434,60,35
2018-08-01,PROD01373,WH006,74,35,59
2018-08-01,PROD00643,WH001,443,34,79
2018-08-01,PROD00177,WH005,114,35,64
2018-08-01,PROD01531,WH010,207,56,65
2018-08-01,PROD01466,WH006,218,27,107
2018-08-01,PROD00740,WH009,123,5,26
2018-08-01,PROD00173,WH004,481,59,24
2018-08-01,PROD00522,WH010,368,68,62
2018-08-01,PROD01651,WH003,355,40,48
2018-08-01,PROD01490,WH007,447,23,114
2018-08-01,PROD01958,WH002,438,16,109
2018-08-01,PROD00705,WH009,99,56,95
2018-08-01,PROD01670,WH010,235,1,61
2018-08-01,PROD01252,WH004,301,2,64
2018-08-01,PROD00524,WH009,276,49,29
2018-08-01,PROD01309,WH008,8,8,111
2018-08-01,PROD01776,WH006,196,30,58
2018-08-01,PROD00616,WH004,233,14,69
2018-08-01,PROD01207,WH003,147,70,32
2018-08-01,PROD00376,WH004,400,12,120
2018-08-01,PROD00627,WH010,97,40,110
2018-08-01,PROD00680,WH001,146,34,89
2018-08-01,PROD00204,WH003,100,49,108
2018-08-01,PROD01315,WH004,312,59,58
2018-08-01,PROD00152,WH008,469,4,67
2018-08-01,PROD00955,WH010,383,13,64
2018-08-01,PROD00307,WH006,454,37,117
2018-08-01,PROD01487,WH007,285,34,79
2018-08-01,PROD00677,WH007,329,16,23
2018-08-01,PROD01833,WH001,486,30,66
2018-08-01,PROD00040,WH008,94,39,105
2018-08-01,PROD00710,WH007,67,6,42
2018-08-01,PROD01960,WH007,43,18,46
2018-08-01,PROD01190,WH005,377,63,75
2018-08-01,PROD00602,WH009,235,62,99
2018-08-01,PROD01642,WH008,275,69,65
2018-08-01,PROD01305,WH007,144,47,25
2018-08-01,PROD00450,WH004,363,12,71
2018-08-01,PROD00330,WH002,488,28,30
2018-08-01,PROD01554,WH001,401,25,93
2018-08-01,PROD00190,WH006,131,14,46
2018-08-01,PROD01189,WH002,343,16,87
2018-08-01,PROD01133,WH005,74,24,104
2018-08-01,PROD01423,WH001,274,17,56
2018-08-01,PROD01045,WH009,170,48,116
2018-08-01,PROD01482,WH010,88,42,109
2018-08-01,PROD01532,WH004,400,1,39
2018-08-01,PROD01723,WH005,437,41,96
2018-08-01,PROD00636,WH009,447,59,47
2018-08-01,PROD01847,WH003,395,41,29
2018-08-01,PROD01698,WH009,231,69,52
2018-08-01,PROD01948,WH005,187,46,115
2018-08-01,PROD01164,WH005,20,12,22
2018-08-01,PROD01643,WH001,5,4,56
2018-08-01,PROD01936,WH010,445,80,89
2018-08-01,PROD00818,WH005,265,34,80
2018-08-01,PROD01538,WH003,443,7,20
2018-08-01,PROD00397,WH010,127,39,25
2018-08-01,PROD01058,WH010,88,30,91
2018-08-01,PROD00767,WH002,218,68,21
2018-08-01,PROD00150,WH004,12,10,25
2018-08-01,PROD00217,WH001,50,31,120
2018-08-01,PROD01080,WH010,43,10,36
2018-08-01,PROD00986,WH004,204,65,51
2018-08-01,PROD01472,WH004,228,21,83
2018-08-01,PROD00855,WH010,455,11,33
2018-08-01,PROD00506,WH002,130,1,119
2018-08-01,PROD01455,WH010,89,42,107
2018-08-01,PROD00434,WH009,471,37,36
2018-08-01,PROD01649,WH009,233,34,93
2018-08-01,PROD01878,WH009,117,53,100
2018-08-01,PROD01339,WH003,228,58,29
2018-08-01,PROD00794,WH006,168,66,101
2018-08-01,PROD00381,WH002,414,49,109
2018-08-01,PROD00499,WH003,166,59,80
2018-08-01,PROD00180,WH002,332,80,53
2018-08-01,PROD01357,WH005,479,80,26
2018-08-01,PROD01743,WH007,155,42,64
2018-08-01,PROD01194,WH001,107,34,75
2018-08-01,PROD01653,WH001,347,70,22
2018-08-01,PROD01172,WH010,329,61,30
2018-08-01,PROD00639,WH010,136,51,52
2018-08-01,PROD00866,WH003,51,4,33
2018-08-01,PROD00728,WH009,227,53,33
2018-08-01,PROD01968,WH009,390,9,85
2018-08-01,PROD01258,WH004,421,5,116
2018-08-01,PROD01829,WH001,179,72,106
2018-08-01,PROD00298,WH005,308,39,111
2018-08-01,PROD00770,WH010,308,79,89
2018-08-01,PROD01453,WH009,472,51,86
2018-08-01,PROD00315,WH009,273,71,64
2018-08-01,PROD00395,WH008,14,10,113
2018-08-01,PROD01160,WH005,330,41,92
2018-08-01,PROD01536,WH009,497,65,50
2018-08-01,PROD01390,WH005,295,69,83
2018-08-01,PROD01006,WH003,383,43,28
2018-08-01,PROD01750,WH007,169,59,98
2018-08-01,PROD00265,WH007,376,78,76
2018-08-01,PROD01266,WH009,184,59,23
2018-08-01,PROD00694,WH001,232,23,90
2018-08-01,PROD01377,WH009,388,26,83
2018-08-01,PROD00415,WH004,198,39,42
2018-08-01,PROD00650,WH003,237,59,30
2018-08-01,PROD01060,WH009,170,79,70
2018-08-01,PROD01297,WH004,63,43,42
2018-08-01,PROD00352,WH008,446,53,98
2018-08-01,PROD01484,WH002,394,2,50
2018-08-01,PROD00964,WH005,64,19,38
2018-08-01,PROD00191,WH009,366,36,113
2018-08-01,PROD01234,WH006,434,31,113
2018-08-01,PROD00247,WH003,337,11,89
2018-08-01,PROD01922,WH006,206,20,74
2018-08-01,PROD01009,WH002,206,57,44
2018-08-01,PROD00294,WH005,498,67,114
2018-08-01,PROD00617,WH002,165,70,32
2018-08-01,PROD00676,WH001,43,37,40
2018-08-01,PROD01093,WH003,19,7,74
2018-08-01,PROD00093,WH009,94,15,38
2018-08-01,PROD00443,WH007,183,35,71
2018-08-01,PROD00651,WH010,68,45,111
2018-08-01,PROD00230,WH008,428,17,68
2018-08-01,PROD01658,WH008,348,78,111
2018-08-01,PROD00831,WH010,276,29,24
2018-08-01,PROD00079,WH008,391,22,47
2018-08-01,PROD01937,WH005,366,10,74
2018-08-01,PROD00614,WH009,308,79,110
2018-08-01,PROD01783,WH006,237,14,35
2018-08-01,PROD01877,WH006,294,73,20
2018-08-01,PROD01274,WH009,391,4,89
2018-08-01,PROD00050,WH009,415,39,103
2018-08-01,PROD00819,WH007,430,58,77
2018-08-01,PROD00471,WH002,290,7,84
2018-08-01,PROD01644,WH003,460,8,90
2018-08-01,PROD01356,WH009,483,41,89
2018-08-01,PROD00800,WH008,70,12,106
2018-08-01,PROD00690,WH010,82,67,119
2018-08-01,PROD01354,WH005,143,1,118
2018-08-01,PROD00709,WH003,77,3,82
2018-08-01,PROD01511,WH006,485,12,22
2018-08-01,PROD01157,WH009,182,34,57
2018-08-01,PROD00399,WH003,156,67,25
2018-08-01,PROD01648,WH010,373,38,40
2018-08-01,PROD01017,WH003,136,80,91
2018-08-01,PROD01963,WH009,446,66,114
2018-08-01,PROD01722,WH006,311,10,111
2018-08-01,PROD00895,WH005,235,59,59
2018-08-01,PROD00622,WH004,474,11,81
2018-08-01,PROD01881,WH001,238,13,69
2018-08-01,PROD01437,WH001,267,73,46
2018-08-01,PROD01462,WH004,68,44,117
2018-08-01,PROD01520,WH001,482,62,103
2018-08-01,PROD01959,WH007,425,2,66
2018-08-01,PROD00751,WH004,231,37,25
2018-08-01,PROD00026,WH004,127,22,101
2018-08-01,PROD00139,WH003,410,75,86
2018-08-01,PROD00256,WH005,332,52,112
2018-08-01,PROD00840,WH002,99,71,83
2018-08-01,PROD01131,WH009,465,8,22
2018-08-01,PROD00501,WH006,46,4,23
2018-08-01,PROD00077,WH008,210,11,87
2018-08-01,PROD00786,WH005,276,7,22
2018-08-01,PROD00750,WH002,231,70,109
2018-08-01,PROD00839,WH009,45,12,85
2018-08-01,PROD01700,WH005,98,41,59
2018-08-01,PROD01528,WH007,369,4,118
2018-08-01,PROD01518,WH008,500,23,90
2018-08-01,PROD00174,WH008,127,52,103
2018-08-01,PROD01442,WH008,343,44,111
2018-08-01,PROD01257,WH003,81,51,107
2018-08-01,PROD01340,WH003,76,35,79
2018-08-01,PROD01834,WH003,476,16,42
2018-08-01,PROD00748,WH001,403,36,30
2018-08-01,PROD00983,WH001,319,14,112
2018-08-01,PROD01993,WH009,261,16,59
2018-08-01,PROD01692,WH004,471,35,93
2018-08-01,PROD01584,WH008,129,28,54
2018-08-01,PROD00580,WH003,12,7,24
2018-08-01,PROD01247,WH006,428,20,117
2018-08-01,PROD00135,WH008,360,43,65
2018-08-01,PROD01323,WH006,276,72,90
2018-08-01,PROD00458,WH002,398,30,99
2018-08-01,PROD00320,WH008,247,3,82
2018-08-01,PROD00187,WH009,233,78,65
2018-08-01,PROD01229,WH002,187,48,92
2018-08-01,PROD00726,WH004,74,44,66
2018-08-01,PROD00175,WH004,456,18,83
2018-08-01,PROD00700,WH006,369,37,56
2018-08-01,PROD01152,WH007,112,2,73
2018-08-01,PROD00652,WH009,108,23,20
2018-08-01,PROD01712,WH010,227,24,72
2018-08-01,PROD01860,WH005,179,22,23
2018-08-01,PROD00579,WH001,262,60,48
2018-08-01,PROD00311,WH003,168,35,20
2018-08-01,PROD00956,WH003,5,0,116
2018-08-01,PROD00559,WH002,227,61,104
2018-08-01,PROD00909,WH009,61,1,69
2018-08-01,PROD00249,WH003,231,15,29
2018-08-01,PROD01779,WH001,319,2,85
2018-08-01,PROD00036,WH003,314,16,60
2018-08-01,PROD00928,WH007,392,35,109
2018-08-01,PROD01159,WH008,279,41,81
2018-08-01,PROD01635,WH006,268,42,25
2018-08-01,PROD00916,WH005,489,80,26
2018-08-01,PROD01933,WH004,101,27,97
2018-08-01,PROD01597,WH010,116,52,49
2018-08-01,PROD00465,WH003,423,69,74
2018-08-01,PROD01021,WH004,330,77,111
2018-08-01,PROD01919,WH003,212,32,112
2018-08-01,PROD01163,WH002,280,57,28
2018-08-01,PROD01090,WH005,337,6,81
2018-08-01,PROD01445,WH004,448,66,22
2018-08-01,PROD01582,WH005,418,54,99
2018-08-01,PROD01678,WH007,305,54,70
2018-08-01,PROD00758,WH003,225,7,99
2018-08-01,PROD00541,WH006,88,58,106
2018-08-01,PROD01067,WH006,255,32,31
2018-08-01,PROD01600,WH001,209,9,39
2018-08-01,PROD00754,WH003,124,3,27
2018-08-01,PROD00649,WH008,253,61,64
2018-08-01,PROD01515,WH005,142,4,48
2018-08-01,PROD00429,WH008,82,51,92
2018-08-01,PROD00708,WH007,417,33,64
2018-08-01,PROD00771,WH005,291,40,23
2018-08-01,PROD00047,WH005,162,26,75
2018-08-01,PROD01547,WH010,208,38,118
2018-08-01,PROD00978,WH005,468,4,99
2018-08-01,PROD01391,WH007,170,10,31
2018-08-01,PROD01671,WH005,292,12,79
2018-08-01,PROD00519,WH003,158,16,82
2018-08-01,PROD00960,WH006,6,3,115
2018-08-01,PROD01040,WH007,332,15,116
2018-08-01,PROD01796,WH010,428,43,79
2018-08-01,PROD01517,WH010,88,39,38
2018-08-01,PROD00517,WH003,42,41,81
2018-08-01,PROD00004,WH006,472,9,117
2018-08-01,PROD00065,WH005,349,2,25
2018-08-01,PROD01693,WH005,449,33,66
2018-08-01,PROD01011,WH001,442,11,46
2018-08-01,PROD00010,WH007,308,79,118
2018-08-01,PROD01432,WH008,97,74,69
2018-08-01,PROD01378,WH004,419,21,75
2018-08-01,PROD00720,WH005,282,38,78
2018-08-01,PROD01256,WH005,244,13,84
2018-08-01,PROD01366,WH008,226,36,32
2018-08-01,PROD01853,WH003,390,72,46
2018-08-01,PROD00292,WH009,106,70,27
2018-08-01,PROD01868,WH004,173,54,22
2018-08-01,PROD00612,WH010,338,56,112
2018-08-01,PROD00901,WH007,127,69,29
2018-08-01,PROD00159,WH009,66,38,85
2018-08-01,PROD00321,WH005,158,78,79
2018-08-01,PROD01415,WH010,491,80,85
2018-08-01,PROD00087,WH001,62,18,41
2018-08-01,PROD00932,WH010,490,48,24
2018-08-01,PROD00293,WH003,166,47,25
2018-08-01,PROD01841,WH009,243,21,62
2018-08-01,PROD01896,WH007,305,68,21
2018-08-01,PROD00052,WH010,83,28,103
2018-08-01,PROD01033,WH007,130,77,27
2018-08-01,PROD00640,WH008,190,79,50
2018-08-01,PROD00641,WH005,235,78,48
2018-08-01,PROD01508,WH003,0,0,42
2018-08-01,PROD01181,WH006,332,6,98
2018-08-01,PROD00326,WH002,95,18,31
2018-08-01,PROD00032,WH003,422,2,117
2018-08-01,PROD00594,WH007,336,74,99
2018-08-01,PROD01942,WH003,95,70,51
2018-08-01,PROD01248,WH006,214,23,80
2018-08-01,PROD00856,WH003,221,11,120
2018-08-01,PROD00286,WH010,187,15,59
2018-08-01,PROD00477,WH009,377,12,88
2018-08-01,PROD01201,WH005,207,11,69
2018-08-01,PROD00118,WH001,178,6,67
2018-08-01,PROD01004,WH004,123,76,48
2018-08-01,PROD01766,WH003,335,22,40
2018-08-01,PROD00809,WH008,258,37,43
2018-08-01,PROD01385,WH005,312,61,58
2018-08-01,PROD01798,WH002,57,55,106
2018-08-01,PROD01468,WH001,294,21,60
2018-08-01,PROD01446,WH004,95,9,54
2018-08-01,PROD01749,WH004,305,70,65
2018-08-01,PROD01883,WH009,256,35,37
2018-08-01,PROD00242,WH001,351,32,92
2018-08-01,PROD00721,WH010,365,31,89
2018-08-01,PROD00769,WH008,60,30,96
2018-08-01,PROD01493,WH005,458,70,41
2018-08-01,PROD01686,WH001,368,30,38
2018-08-01,PROD00862,WH001,76,38,25
2018-08-01,PROD00703,WH003,231,15,51
2018-08-01,PROD00544,WH003,213,47,52
2018-08-01,PROD00105,WH007,410,79,92
2018-08-01,PROD00203,WH001,325,72,38
2018-08-01,PROD01204,WH006,326,67,83
2018-08-01,PROD01804,WH004,305,59,48
2018-08-01,PROD00324,WH003,404,51,96
2018-08-01,PROD00911,WH003,339,25,112
2018-08-01,PROD01223,WH003,153,20,119
2018-08-01,PROD00820,WH004,361,62,57
2018-08-01,PROD01850,WH002,256,74,24
2018-08-01,PROD01998,WH004,168,7,88
2018-08-01,PROD01715,WH002,274,4,102
2018-08-01,PROD00453,WH002,483,7,115
2018-08-01,PROD01705,WH007,11,8,62
2018-08-01,PROD01488,WH004,349,79,90
2018-08-01,PROD00137,WH010,150,47,54
2018-08-01,PROD00375,WH004,126,39,79
2018-08-01,PROD01543,WH006,155,35,78
2018-08-01,PROD00044,WH008,157,35,104
2018-08-01,PROD00318,WH006,330,4,57
2018-08-01,PROD01460,WH002,177,27,66
2018-08-01,PROD00252,WH001,112,42,71
2018-08-01,PROD00704,WH010,282,48,69
2018-08-01,PROD00537,WH003,383,69,93
2018-08-01,PROD00807,WH008,470,0,107
2018-08-01,PROD01730,WH003,369,47,25
2018-08-01,PROD00574,WH003,178,56,117
2018-08-01,PROD00125,WH003,52,16,37
2018-08-01,PROD01061,WH008,215,52,113
2018-08-01,PROD00533,WH008,159,28,79
2018-08-01,PROD00907,WH010,422,74,113
2018-08-01,PROD00206,WH001,112,16,51
2018-08-01,PROD01662,WH008,113,24,35
2018-08-01,PROD00550,WH007,76,55,68
2018-08-01,PROD00806,WH009,149,53,21
2018-08-01,PROD00776,WH009,453,1,114
2018-08-01,PROD00383,WH005,265,62,36
2018-08-01,PROD01284,WH010,443,23,76
2018-08-01,PROD01706,WH002,279,58,89
2018-08-01,PROD00088,WH004,495,23,74
2018-08-01,PROD01726,WH008,182,69,52
2018-08-01,PROD00188,WH010,16,0,77
2018-08-01,PROD01299,WH008,430,14,104
2018-08-01,PROD01983,WH007,64,11,87
2018-08-01,PROD01476,WH003,87,44,119
2018-08-01,PROD01343,WH008,314,72,78
2018-08-01,PROD01081,WH004,261,65,114
2018-08-01,PROD00749,WH002,82,52,116
2018-08-01,PROD00058,WH006,395,62,106
2018-08-01,PROD01709,WH009,325,18,77
2018-08-01,PROD01276,WH002,209,4,34
2018-08-01,PROD00877,WH005,60,35,54
2018-08-01,PROD01443,WH009,59,53,35
2018-08-01,PROD00576,WH010,255,80,44
2018-08-01,PROD00158,WH003,452,53,34
2018-08-01,PROD00168,WH003,433,33,54
2018-08-01,PROD01175,WH004,70,44,87
2018-08-01,PROD00959,WH005,298,48,89
2018-08-01,PROD00792,WH010,134,25,82
2018-08-01,PROD00894,WH001,101,11,118
2018-08-01,PROD01281,WH002,203,46,61
2018-08-01,PROD01068,WH007,366,29,113
2018-08-01,PROD00890,WH007,78,66,54
2018-08-01,PROD00545,WH008,325,51,61
2018-08-01,PROD00003,WH002,236,67,51
2018-08-01,PROD01593,WH008,376,24,100
2018-08-01,PROD00020,WH002,432,49,69
2018-08-01,PROD01002,WH004,427,43,117
2018-08-01,PROD01549,WH002,493,66,116
2018-08-01,PROD01610,WH002,82,74,68
2018-08-01,PROD01231,WH004,384,34,25
2018-08-01,PROD01785,WH010,104,12,92
2018-08-01,PROD01871,WH004,433,80,73
2018-08-01,PROD00719,WH009,137,37,114
2018-08-01,PROD00219,WH001,361,61,82
2018-08-01,PROD00404,WH002,418,27,85
2018-08-01,PROD00243,WH003,277,8,34
2018-08-01,PROD01672,WH007,371,41,42
2018-08-01,PROD01486,WH004,444,76,109
2018-08-01,PROD01166,WH008,369,55,43
2018-08-01,PROD01931,WH007,41,20,33
2018-08-01,PROD01368,WH001,123,78,42
2018-08-01,PROD00283,WH002,244,68,86
2018-08-01,PROD00893,WH004,270,57,27
2018-08-01,PROD01374,WH001,441,71,102
2018-08-01,PROD00459,WH008,259,25,96
2018-08-01,PROD01581,WH005,361,23,69
2018-08-01,PROD01185,WH009,147,43,84
2018-08-01,PROD00990,WH008,145,7,43
2018-08-01,PROD00349,WH007,487,1,80
2018-08-01,PROD00589,WH008,182,17,26
2018-08-01,PROD01064,WH001,143,35,107
2018-08-01,PROD01539,WH009,83,29,21
2018-08-01,PROD01764,WH001,41,5,117
2018-08-01,PROD00753,WH006,35,8,61
2018-08-01,PROD00441,WH010,213,44,63
2018-08-01,PROD01125,WH008,150,11,112
2018-08-01,PROD00673,WH010,342,16,55
2018-08-01,PROD01016,WH010,106,9,20
2018-08-01,PROD01246,WH006,1,1,117
2018-08-01,PROD01576,WH007,250,59,112
2018-08-01,PROD01041,WH009,222,6,70
2018-08-01,PROD01233,WH004,452,32,98
2018-08-01,PROD01287,WH007,292,7,90
2018-08-01,PROD01846,WH007,377,14,114
2018-08-01,PROD00244,WH005,414,7,71
2018-08-01,PROD01946,WH001,417,19,75
2018-08-01,PROD00275,WH007,209,35,116
2018-08-01,PROD00949,WH006,223,59,58
2018-08-01,PROD00232,WH001,226,20,80
2018-08-01,PROD01451,WH001,366,50,86
2018-08-01,PROD00551,WH009,22,8,67
2018-08-01,PROD01351,WH002,461,18,26
2018-08-01,PROD00406,WH005,85,28,94
2018-08-01,PROD00714,WH004,286,16,45
2018-08-01,PROD00697,WH007,121,4,37
2018-08-01,PROD00408,WH008,438,32,115
2018-08-01,PROD01689,WH004,144,10,35
2018-08-01,PROD01197,WH007,86,40,28
2018-08-01,PROD00433,WH009,142,65,95
2018-08-01,PROD01596,WH005,114,30,76
2018-08-01,PROD01601,WH002,101,52,77
2018-08-01,PROD00525,WH001,238,72,66
2018-08-01,PROD01611,WH006,335,58,43
2018-08-01,PROD01737,WH002,267,4,114
2018-08-01,PROD01562,WH002,202,37,76
2018-08-01,PROD01014,WH010,29,29,47
2018-08-01,PROD00598,WH009,482,22,82
2018-08-01,PROD01669,WH003,19,4,40
2018-08-01,PROD01612,WH001,480,67,77
2018-08-01,PROD00078,WH001,319,28,92
2018-08-01,PROD00328,WH010,468,44,37
2018-08-01,PROD01630,WH004,209,61,56
2018-09-01,PROD01136,WH008,64,10,33
2018-09-01,PROD01811,WH002,175,75,28
2018-09-01,PROD01299,WH010,331,38,106
2018-09-01,PROD00700,WH003,189,27,56
2018-09-01,PROD00354,WH003,65,40,93
2018-09-01,PROD00573,WH001,196,80,118
2018-09-01,PROD00625,WH005,178,31,108
2018-09-01,PROD00926,WH006,430,64,70
2018-09-01,PROD00160,WH001,287,14,90
2018-09-01,PROD00958,WH006,413,63,46
2018-09-01,PROD01014,WH009,98,47,64
2018-09-01,PROD01301,WH005,265,24,102
2018-09-01,PROD00750,WH001,242,37,57
2018-09-01,PROD00123,WH009,3,3,46
2018-09-01,PROD01341,WH006,461,66,91
2018-09-01,PROD00096,WH003,31,15,69
2018-09-01,PROD01748,WH001,46,7,24
2018-09-01,PROD00363,WH003,359,49,90
2018-09-01,PROD00703,WH008,93,50,78
2018-09-01,PROD01901,WH003,186,58,104
2018-09-01,PROD01106,WH002,63,6,68
2018-09-01,PROD00994,WH006,327,71,67
2018-09-01,PROD01529,WH007,22,12,51
2018-09-01,PROD00336,WH010,33,27,80
2018-09-01,PROD00554,WH008,500,80,96
2018-09-01,PROD00411,WH008,258,16,47
2018-09-01,PROD00345,WH007,237,17,32
2018-09-01,PROD00743,WH006,404,65,47
2018-09-01,PROD01247,WH008,376,75,118
2018-09-01,PROD01329,WH006,337,44,109
2018-09-01,PROD00779,WH004,26,22,87
2018-09-01,PROD00868,WH006,40,5,92
2018-09-01,PROD01229,WH006,438,11,109
2018-09-01,PROD00154,WH003,143,69,52
2018-09-01,PROD01573,WH008,83,45,119
2018-09-01,PROD00983,WH001,327,63,107
2018-09-01,PROD01998,WH009,429,37,68
2018-09-01,PROD01357,WH005,152,26,80
2018-09-01,PROD00984,WH001,326,54,60
2018-09-01,PROD00505,WH001,443,32,115
2018-09-01,PROD01129,WH005,348,18,71
2018-09-01,PROD01403,WH009,22,11,74
2018-09-01,PROD00666,WH008,54,52,64
2018-09-01,PROD00032,WH010,443,71,114
2018-09-01,PROD00651,WH002,52,26,23
2018-09-01,PROD00142,WH003,403,0,81
2018-09-01,PROD00312,WH001,304,70,65
2018-09-01,PROD01575,WH002,123,47,82
2018-09-01,PROD00379,WH010,159,29,120
2018-09-01,PROD01031,WH009,391,63,25
2018-09-01,PROD00728,WH004,409,66,88
2018-09-01,PROD00694,WH008,199,48,42
2018-09-01,PROD01548,WH009,299,68,48
2018-09-01,PROD00951,WH010,180,56,86
2018-09-01,PROD01981,WH009,465,57,99
2018-09-01,PROD01974,WH009,147,11,112
2018-09-01,PROD00107,WH004,26,21,96
2018-09-01,PROD01320,WH010,317,7,104
2018-09-01,PROD01938,WH006,367,34,71
2018-09-01,PROD00843,WH009,28,22,52
2018-09-01,PROD00740,WH005,145,17,118
2018-09-01,PROD00141,WH004,327,13,81
2018-09-01,PROD00538,WH009,410,17,38
2018-09-01,PROD01689,WH009,204,52,89
2018-09-01,PROD01556,WH009,35,19,119
2018-09-01,PROD00449,WH007,490,43,72
2018-09-01,PROD01585,WH009,390,22,116
2018-09-01,PROD01968,WH003,282,24,58
2018-09-01,PROD01684,WH009,367,17,98
2018-09-01,PROD00580,WH001,281,41,75
2018-09-01,PROD01096,WH003,123,80,79
2018-09-01,PROD00897,WH002,345,56,35
2018-09-01,PROD00420,WH009,272,3,45
2018-09-01,PROD01641,WH001,474,66,71
2018-09-01,PROD00837,WH004,443,65,43
2018-09-01,PROD00937,WH008,450,54,22
2018-09-01,PROD01288,WH005,412,54,94
2018-09-01,PROD00871,WH005,284,28,57
2018-09-01,PROD00406,WH004,25,19,119
2018-09-01,PROD00747,WH005,285,30,89
2018-09-01,PROD00592,WH010,251,32,67
2018-09-01,PROD00265,WH007,217,1,95
2018-09-01,PROD01151,WH009,500,57,82
2018-09-01,PROD00019,WH007,323,67,55
2018-09-01,PROD01526,WH002,96,41,53
2018-09-01,PROD01515,WH002,315,9,84
2018-09-01,PROD01425,WH008,315,13,55
2018-09-01,PROD01723,WH008,230,68,23
2018-09-01,PROD01009,WH008,483,64,47
2018-09-01,PROD01807,WH008,479,41,52
2018-09-01,PROD01746,WH005,473,72,106
2018-09-01,PROD01422,WH003,94,22,56
2018-09-01,PROD00346,WH001,28,17,46
2018-09-01,PROD01273,WH008,4,0,106
2018-09-01,PROD01878,WH010,361,56,97
2018-09-01,PROD01970,WH008,186,77,37
2018-09-01,PROD00301,WH001,50,35,104
2018-09-01,PROD00596,WH010,500,44,57
2018-09-01,PROD01041,WH007,92,2,20
2018-09-01,PROD01147,WH005,312,75,47
2018-09-01,PROD01260,WH009,32,17,74
2018-09-01,PROD00977,WH007,83,32,120
2018-09-01,PROD01390,WH005,212,15,49
2018-09-01,PROD00492,WH001,362,66,76
2018-09-01,PROD01639,WH008,190,46,98
2018-09-01,PROD01583,WH009,10,8,23
2018-09-01,PROD01733,WH006,7,6,95
2018-09-01,PROD00647,WH001,377,11,62
2018-09-01,PROD00909,WH001,491,14,35
2018-09-01,PROD00556,WH002,410,8,84
2018-09-01,PROD01800,WH009,359,36,117
2018-09-01,PROD00819,WH002,66,48,46
2018-09-01,PROD01095,WH010,489,73,89
2018-09-01,PROD01829,WH007,362,48,91
2018-09-01,PROD00128,WH001,485,9,57
2018-09-01,PROD00769,WH003,235,75,79
2018-09-01,PROD00453,WH010,401,18,26
2018-09-01,PROD01712,WH007,384,34,78
2018-09-01,PROD01762,WH009,175,80,82
2018-09-01,PROD00927,WH003,303,41,28
2018-09-01,PROD01536,WH001,253,55,55
2018-09-01,PROD01716,WH005,417,1,58
2018-09-01,PROD01888,WH009,324,4,113
2018-09-01,PROD00654,WH005,473,49,54
2018-09-01,PROD00283,WH001,196,56,46
2018-09-01,PROD00920,WH002,455,9,74
2018-09-01,PROD01638,WH001,464,50,56
2018-09-01,PROD00047,WH004,425,36,100
2018-09-01,PROD00370,WH002,281,6,117
2018-09-01,PROD01115,WH008,378,76,57
2018-09-01,PROD00685,WH007,6,3,52
2018-09-01,PROD01287,WH002,326,47,120
2018-09-01,PROD00135,WH001,209,64,42
2018-09-01,PROD00436,WH004,205,66,86
2018-09-01,PROD01432,WH010,132,56,41
2018-09-01,PROD01881,WH007,372,23,71
2018-09-01,PROD00088,WH003,429,35,29
2018-09-01,PROD00947,WH008,305,34,94
2018-09-01,PROD01973,WH004,444,66,83
2018-09-01,PROD00496,WH001,345,47,113
2018-09-01,PROD01628,WH010,197,56,20
2018-09-01,PROD01003,WH009,276,77,102
2018-09-01,PROD00356,WH008,19,19,79
2018-09-01,PROD01337,WH008,72,42,104
2018-09-01,PROD00890,WH005,332,3,58
2018-09-01,PROD00910,WH009,197,48,48
2018-09-01,PROD00568,WH007,302,42,24
2018-09-01,PROD01930,WH009,40,38,49
2018-09-01,PROD00297,WH008,79,21,64
2018-09-01,PROD01789,WH006,206,13,70
2018-09-01,PROD00119,WH007,247,44,93
2018-09-01,PROD00264,WH002,52,28,83
2018-09-01,PROD00089,WH009,477,35,31
2018-09-01,PROD00372,WH008,482,12,36
2018-09-01,PROD01568,WH003,112,19,28
2018-09-01,PROD01601,WH004,375,62,29
2018-09-01,PROD01235,WH005,380,16,44
2018-09-01,PROD00895,WH010,140,18,43
2018-09-01,PROD00731,WH007,391,49,95
2018-09-01,PROD01791,WH004,198,13,82
2018-09-01,PROD00221,WH009,246,67,99
2018-09-01,PROD01817,WH010,89,31,92
2018-09-01,PROD00037,WH003,432,67,84
2018-09-01,PROD01016,WH007,69,66,82
2018-09-01,PROD01442,WH004,241,78,22
2018-09-01,PROD01766,WH007,128,56,62
2018-09-01,PROD01801,WH007,376,9,103
2018-09-01,PROD00044,WH008,177,6,50
2018-09-01,PROD01611,WH009,389,45,41
2018-09-01,PROD01771,WH007,120,5,73
2018-09-01,PROD01819,WH001,264,3,105
2018-09-01,PROD01533,WH008,60,14,103
2018-09-01,PROD01694,WH009,264,12,90
2018-09-01,PROD01424,WH006,145,76,57
2018-09-01,PROD00474,WH007,171,36,120
2018-09-01,PROD00194,WH001,389,41,31
2018-09-01,PROD01571,WH009,241,53,31
2018-09-01,PROD00403,WH008,312,54,33
2018-09-01,PROD01074,WH005,406,48,107
2018-09-01,PROD01027,WH007,16,9,82
2018-09-01,PROD01729,WH006,32,17,94
2018-09-01,PROD01874,WH001,210,20,80
2018-09-01,PROD01336,WH010,374,78,23
2018-09-01,PROD00719,WH009,182,1,85
2018-09-01,PROD00152,WH003,213,74,106
2018-09-01,PROD01872,WH002,63,24,31
2018-09-01,PROD00961,WH006,229,34,30
2018-09-01,PROD00484,WH002,139,74,93
2018-09-01,PROD01451,WH007,161,31,79
2018-09-01,PROD01142,WH002,133,41,63
2018-09-01,PROD01537,WH007,56,20,90
2018-09-01,PROD01093,WH005,12,8,95
2018-09-01,PROD01085,WH009,170,57,103
2018-09-01,PROD01813,WH002,197,79,116
2018-09-01,PROD01266,WH010,70,34,46
2018-09-01,PROD01019,WH008,326,54,71
2018-09-01,PROD01258,WH004,18,12,64
2018-09-01,PROD00065,WH003,219,45,65
2018-09-01,PROD01942,WH002,296,13,26
2018-09-01,PROD01578,WH008,312,33,78
2018-09-01,PROD00187,WH004,396,75,67
2018-09-01,PROD02000,WH007,133,19,22
2018-09-01,PROD01050,WH006,318,11,21
2018-09-01,PROD00846,WH002,294,65,114
2018-09-01,PROD00006,WH003,70,42,30
2018-09-01,PROD01935,WH003,190,34,117
2018-09-01,PROD01305,WH001,367,64,30
2018-09-01,PROD01544,WH009,26,15,40
2018-09-01,PROD01083,WH001,108,41,74
2018-09-01,PROD00402,WH002,94,80,105
2018-09-01,PROD00324,WH006,27,5,95
2018-09-01,PROD01347,WH008,344,70,57
2018-09-01,PROD01487,WH007,191,55,35
2018-09-01,PROD00881,WH010,127,4,74
2018-09-01,PROD00796,WH008,122,28,79
2018-09-01,PROD00147,WH001,390,42,116
2018-09-01,PROD00716,WH001,117,26,64
2018-09-01,PROD00481,WH010,383,1,34
2018-09-01,PROD01277,WH004,204,20,23
2018-09-01,PROD00876,WH001,362,40,35
2018-09-01,PROD01943,WH009,473,3,81
2018-09-01,PROD00553,WH003,110,76,120
2018-09-01,PROD01231,WH008,396,41,92
2018-09-01,PROD01480,WH004,83,53,103
2018-09-01,PROD00156,WH003,203,28,102
2018-09-01,PROD00318,WH002,394,56,113
2018-09-01,PROD00764,WH010,62,34,38
2018-09-01,PROD01228,WH009,64,22,44
2018-09-01,PROD01582,WH007,125,23,100
2018-09-01,PROD01784,WH003,189,37,62
2018-09-01,PROD01239,WH010,363,40,76
2018-09-01,PROD01539,WH006,319,0,112
2018-09-01,PROD01588,WH002,362,29,40
2018-09-01,PROD01839,WH002,375,20,76
2018-09-01,PROD00074,WH005,250,16,94
2018-09-01,PROD00521,WH006,93,23,110
2018-09-01,PROD01580,WH002,434,6,26
2018-09-01,PROD00999,WH001,500,0,48
2018-09-01,PROD01165,WH002,158,46,93
2018-09-01,PROD00184,WH006,115,42,73
2018-09-01,PROD00286,WH007,232,68,81
2018-09-01,PROD00171,WH005,370,70,60
2018-09-01,PROD01498,WH002,371,22,84
2018-09-01,PROD00217,WH007,365,61,36
2018-09-01,PROD00304,WH005,148,37,97
2018-09-01,PROD00930,WH009,342,73,84
2018-09-01,PROD00701,WH004,16,14,73
2018-09-01,PROD01625,WH002,341,18,104
2018-09-01,PROD01987,WH006,311,62,62
2018-09-01,PROD00229,WH003,299,0,84
2018-09-01,PROD00365,WH001,161,80,112
2018-09-01,PROD01345,WH010,137,72,110
2018-09-01,PROD01958,WH004,110,52,64
2018-09-01,PROD01979,WH004,10,5,34
2018-09-01,PROD01923,WH009,409,15,98
2018-09-01,PROD00063,WH007,164,18,101
2018-09-01,PROD00726,WH003,23,9,41
2018-09-01,PROD00604,WH005,123,45,52
2018-09-01,PROD00373,WH010,34,5,69
2018-09-01,PROD00748,WH008,92,0,81
2018-09-01,PROD00432,WH005,329,22,47
2018-09-01,PROD00797,WH001,423,61,35
2018-09-01,PROD01029,WH009,150,15,118
2018-09-01,PROD01309,WH008,241,74,105
2018-09-01,PROD01099,WH001,89,8,25
2018-09-01,PROD01149,WH007,290,78,105
2018-09-01,PROD01073,WH004,453,24,111
2018-09-01,PROD01783,WH009,54,31,22
2018-09-01,PROD01674,WH002,487,44,118
2018-09-01,PROD00804,WH010,488,77,56
2018-09-01,PROD00562,WH002,363,20,96
2018-09-01,PROD00137,WH008,89,3,115
2018-09-01,PROD01162,WH003,84,56,61
2018-09-01,PROD00628,WH003,69,52,109
2018-09-01,PROD00455,WH010,18,2,52
2018-09-01,PROD01004,WH007,405,77,92
2018-09-01,PROD00056,WH003,341,12,45
2018-09-01,PROD01033,WH001,345,26,73
2018-09-01,PROD00482,WH005,471,6,31
2018-09-01,PROD01541,WH010,252,6,68
2018-09-01,PROD01383,WH003,319,76,52
2018-09-01,PROD00375,WH007,446,10,72
2018-09-01,PROD01953,WH008,352,29,118
2018-09-01,PROD00512,WH001,33,16,70
2018-09-01,PROD01381,WH008,94,41,91
2018-09-01,PROD01693,WH002,258,57,117
2018-09-01,PROD01751,WH009,8,8,89
2018-09-01,PROD01399,WH009,189,56,44
2018-09-01,PROD00686,WH009,164,46,44
2018-09-01,PROD00415,WH006,163,55,116
2018-09-01,PROD00376,WH001,406,29,33
2018-09-01,PROD00634,WH009,85,3,117
2018-09-01,PROD00783,WH005,120,59,105
2018-09-01,PROD00205,WH007,499,75,116
2018-09-01,PROD00741,WH001,308,41,80
2018-09-01,PROD01739,WH009,211,30,96
2018-09-01,PROD01985,WH004,213,57,78
2018-09-01,PROD00661,WH010,111,52,52
2018-09-01,PROD01845,WH004,127,47,22
2018-09-01,PROD00845,WH001,167,39,46
2018-09-01,PROD00393,WH008,323,41,56
2018-09-01,PROD01992,WH008,379,37,110
2018-09-01,PROD01450,WH004,77,11,23
2018-09-01,PROD01088,WH006,483,25,74
2018-09-01,PROD00408,WH002,100,80,43
2018-09-01,PROD01002,WH008,247,47,99
2018-09-01,PROD01743,WH005,378,9,29
2018-09-01,PROD01066,WH005,142,72,73
2018-09-01,PROD00082,WH001,121,16,77
2018-09-01,PROD00898,WH006,474,59,30
2018-09-01,PROD01734,WH001,353,12,37
2018-09-01,PROD01378,WH002,50,28,43
2018-09-01,PROD01662,WH004,252,40,80
2018-09-01,PROD01053,WH001,236,6,43
2018-09-01,PROD00018,WH008,455,46,26
2018-09-01,PROD01899,WH008,65,27,104
2018-09-01,PROD00565,WH006,130,15,27
2018-09-01,PROD01138,WH007,340,56,103
2018-09-01,PROD01929,WH007,183,52,117
2018-09-01,PROD01551,WH002,116,75,20
2018-09-01,PROD01295,WH003,157,28,113
2018-09-01,PROD00342,WH004,406,18,117
2018-09-01,PROD01633,WH004,337,41,73
2018-09-01,PROD00575,WH009,23,6,93
2018-09-01,PROD01020,WH008,338,18,96
2018-09-01,PROD01502,WH005,320,46,20
2018-09-01,PROD01865,WH003,267,79,93
2018-09-01,PROD00434,WH001,63,20,70
2018-09-01,PROD01465,WH005,460,52,101
2018-09-01,PROD01924,WH010,336,30,47
2018-09-01,PROD00631,WH004,173,30,77
2018-09-01,PROD01525,WH001,31,15,102
2018-09-01,PROD00078,WH005,384,0,83
2018-09-01,PROD00314,WH004,421,54,55
2018-09-01,PROD01957,WH008,133,0,22
2018-09-01,PROD01885,WH008,278,75,78
2018-09-01,PROD01455,WH006,51,12,80
2018-09-01,PROD01615,WH008,150,66,76
2018-09-01,PROD01082,WH001,331,7,24
2018-09-01,PROD01293,WH004,329,77,115
2018-09-01,PROD00520,WH004,249,34,91
2018-09-01,PROD00749,WH003,230,3,53
2018-09-01,PROD00718,WH008,2,1,54
2018-09-01,PROD00199,WH009,277,10,116
2018-09-01,PROD01679,WH009,146,6,117
2018-09-01,PROD01351,WH005,73,40,59
2018-09-01,PROD00288,WH001,156,29,116
2018-09-01,PROD01763,WH009,159,49,91
2018-09-01,PROD00591,WH010,392,59,56
2018-09-01,PROD01917,WH001,434,80,106
2018-09-01,PROD01417,WH009,339,74,62
2018-09-01,PROD01870,WH001,91,15,58
2018-09-01,PROD01838,WH002,326,13,120
2018-09-01,PROD01079,WH003,91,32,80
2018-09-01,PROD00153,WH009,433,14,74
2018-09-01,PROD00206,WH009,214,22,30
2018-09-01,PROD00009,WH009,300,47,62
2018-09-01,PROD01205,WH007,242,61,29
2018-09-01,PROD00853,WH006,446,69,23
2018-09-01,PROD00805,WH008,375,48,91
2018-09-01,PROD00442,WH005,417,44,23
2018-09-01,PROD01298,WH006,272,40,60
2018-09-01,PROD00212,WH006,174,25,52
2018-09-01,PROD00657,WH005,476,39,118
2018-09-01,PROD00940,WH008,71,62,115
2018-09-01,PROD00894,WH007,32,29,22
2018-09-01,PROD00687,WH006,473,42,35
2018-09-01,PROD01040,WH009,233,41,21
2018-09-01,PROD01069,WH001,444,55,75
2018-09-01,PROD01067,WH001,298,25,66
2018-09-01,PROD00367,WH001,228,36,65
2018-09-01,PROD00906,WH006,146,20,65
2018-09-01,PROD00633,WH001,269,48,114
2018-09-01,PROD01052,WH001,178,29,111
2018-09-01,PROD01401,WH009,201,62,64
2018-09-01,PROD01426,WH008,310,18,52
2018-09-01,PROD00755,WH010,437,24,60
2018-09-01,PROD00911,WH004,208,55,34
2018-09-01,PROD00267,WH009,455,28,69
2018-09-01,PROD01112,WH007,322,17,62
2018-09-01,PROD00534,WH005,22,18,80
2018-09-01,PROD00739,WH008,171,26,86
2018-09-01,PROD00057,WH007,38,17,29
2018-09-01,PROD01461,WH001,473,31,94
2018-09-01,PROD01732,WH003,497,39,41
2018-09-01,PROD01471,WH004,425,51,55
2018-09-01,PROD00665,WH003,72,31,43
2018-09-01,PROD01703,WH007,487,60,79
2018-09-01,PROD00131,WH005,132,28,72
2018-09-01,PROD00197,WH007,9,0,93
2018-09-01,PROD01579,WH009,101,28,81
2018-09-01,PROD01153,WH008,58,12,92
2018-09-01,PROD01643,WH008,392,32,50
2018-09-01,PROD01699,WH010,212,8,112
2018-09-01,PROD01111,WH003,427,14,117
2018-09-01,PROD00462,WH009,155,57,45
2018-09-01,PROD01492,WH010,424,77,67
2018-09-01,PROD00549,WH003,339,23,117
2018-09-01,PROD01071,WH010,337,56,30
2018-09-01,PROD00967,WH009,57,16,58
2018-09-01,PROD01185,WH010,179,48,50
2018-09-01,PROD00903,WH010,17,15,36
2018-09-01,PROD00385,WH009,239,19,38
2018-09-01,PROD01875,WH006,449,6,26
2018-09-01,PROD01893,WH006,459,29,82
2018-09-01,PROD01499,WH009,166,59,83
2018-09-01,PROD00559,WH009,264,10,63
2018-09-01,PROD00959,WH009,53,32,51
2018-09-01,PROD00483,WH006,113,54,29
2018-09-01,PROD01815,WH003,492,24,23
2018-09-01,PROD00931,WH007,457,75,31
2018-09-01,PROD00905,WH003,421,9,102
2018-09-01,PROD01861,WH010,60,48,75
2018-09-01,PROD01627,WH008,466,51,116
2018-09-01,PROD01653,WH005,357,47,90
2018-09-01,PROD01392,WH004,254,7,66
2018-09-01,PROD01675,WH009,227,28,31
2018-09-01,PROD01841,WH007,109,66,44
2018-09-01,PROD01932,WH003,359,60,68
2018-09-01,PROD00650,WH005,437,16,97
2018-09-01,PROD01964,WH002,442,70,102
2018-09-01,PROD01203,WH009,195,29,29
2018-09-01,PROD00461,WH002,136,53,117
2018-09-01,PROD01373,WH008,473,61,97
2018-09-01,PROD01328,WH010,103,66,44
2018-09-01,PROD01321,WH003,315,26,100
2018-09-01,PROD01864,WH008,116,63,57
2018-09-01,PROD00361,WH007,291,76,59
2018-09-01,PROD01415,WH004,283,51,60
2018-09-01,PROD01928,WH003,189,0,30
2018-09-01,PROD00176,WH008,100,47,55
2018-09-01,PROD01925,WH003,172,20,64
2018-09-01,PROD00136,WH007,21,8,61
2018-09-01,PROD00643,WH003,300,41,98
2018-09-01,PROD00969,WH008,392,11,63
2018-09-01,PROD01170,WH002,474,36,106
2018-09-01,PROD00839,WH001,49,35,107
2018-09-01,PROD01808,WH009,138,47,84
2018-09-01,PROD00763,WH006,331,56,94
2018-09-01,PROD01577,WH005,434,28,62
2018-09-01,PROD00893,WH007,126,37,53
2018-09-01,PROD00497,WH002,12,6,53
2018-09-01,PROD00857,WH003,459,27,64
2018-09-01,PROD01437,WH008,200,72,62
2018-09-01,PROD01226,WH009,399,56,79
2018-09-01,PROD00042,WH005,148,21,120
2018-09-01,PROD00114,WH007,2,0,99
2018-09-01,PROD00104,WH003,229,47,27
2018-09-01,PROD00358,WH005,496,27,66
2018-09-01,PROD01389,WH005,6,5,20
2018-09-01,PROD01385,WH008,302,60,83
2018-09-01,PROD01547,WH009,456,9,110
2018-09-01,PROD00306,WH003,29,8,72
2018-09-01,PROD00188,WH009,320,26,53
2018-09-01,PROD00705,WH009,130,35,119
2018-09-01,PROD00821,WH007,359,8,39
2018-09-01,PROD01394,WH002,426,34,108
2018-09-01,PROD00593,WH001,155,36,91
2018-09-01,PROD00507,WH006,8,4,20
2018-09-01,PROD01591,WH010,226,45,74
2018-09-01,PROD00640,WH005,187,72,75
2018-09-01,PROD00818,WH004,278,40,83
2018-09-01,PROD01412,WH007,159,79,99
2018-09-01,PROD01991,WH003,386,40,75
2018-09-01,PROD01304,WH008,384,11,77
2018-09-01,PROD01008,WH004,56,56,70
2018-09-01,PROD00546,WH004,315,1,116
2018-09-01,PROD00789,WH002,355,5,119
2018-09-01,PROD01262,WH009,475,1,110
2018-09-01,PROD01104,WH004,286,13,75
2018-09-01,PROD01524,WH009,194,39,62
2018-09-01,PROD00292,WH002,25,10,94
2018-09-01,PROD01468,WH008,165,45,53
2018-09-01,PROD00680,WH005,481,67,88
2018-09-01,PROD00892,WH008,254,9,87
2018-09-01,PROD00303,WH005,303,35,22
2018-09-01,PROD00791,WH010,128,28,49
2018-09-01,PROD00235,WH003,130,60,90
2018-09-01,PROD00308,WH009,203,42,72
2018-09-01,PROD00017,WH005,307,29,81
2018-09-01,PROD00266,WH007,37,5,104
2018-09-01,PROD00574,WH008,181,15,82
2018-09-01,PROD01089,WH009,61,57,115
2018-09-01,PROD01094,WH007,264,22,114
2018-09-01,PROD00675,WH010,382,19,71
2018-09-01,PROD00550,WH001,313,63,34
2018-09-01,PROD00938,WH005,66,17,71
2018-09-01,PROD00570,WH001,340,49,82
2018-09-01,PROD00684,WH008,380,14,33
2018-09-01,PROD01178,WH005,119,70,34
2018-09-01,PROD00655,WH008,393,61,76
2018-09-01,PROD01927,WH007,378,43,100
2018-09-01,PROD01975,WH005,368,62,117
2018-09-01,PROD01824,WH001,143,44,20
2018-09-01,PROD01166,WH007,384,7,89
2018-09-01,PROD00392,WH008,455,44,120
2018-09-01,PROD00997,WH005,150,59,103
2018-09-01,PROD01167,WH007,60,44,119
2018-09-01,PROD01834,WH002,238,22,26
2018-09-01,PROD01535,WH003,229,10,103
