date,campaign_id,channel,impressions,clicks,leads,conversions,spend
2018-04-22,CAMP0003,Facebook,100260,12945,470,162,1358.32
2017-06-06,CAMP0008,Instagram,79217,11658,742,163,1731.3
2017-10-12,CAMP0012,Organic,32546,3301,332,42,1888.37
2018-03-12,CAMP0021,Referral,40917,3383,349,64,1419.23
2018-01-05,CAMP0013,Affiliate,108476,1213,116,38,636.63
2018-03-19,CAMP0018,Instagram,47655,6600,1034,148,1531.56
2017-06-03,CAMP0030,Affiliate,6813,678,108,8,359.52
2018-05-23,CAMP0017,Email,102227,1547,231,78,190.71
2018-01-12,CAMP0013,Affiliate,112432,6736,538,187,1104.92
2018-03-12,CAMP0021,Referral,83948,9557,298,40,876.86
2017-11-14,CAMP0022,Referral,45090,4875,725,247,334.41
2017-10-16,CAMP0006,Organic,51446,7546,1114,186,1479.61
2017-06-07,CAMP0030,Affiliate,111844,10912,1523,407,1815.17
2018-05-12,CAMP0017,Email,64335,4876,248,38,716.87
2017-01-07,CAMP0007,Email,39694,1660,97,17,840.11
2017-08-07,CAMP0028,Facebook,22290,1684,195,39,493.72
2018-01-04,CAMP0013,Affiliate,95260,9902,1161,90,974.18
2018-03-19,CAMP0018,Instagram,38994,5203,319,34,1884.73
2017-05-21,CAMP0030,Affiliate,66122,1572,98,25,1668.29
2018-03-02,CAMP0021,Referral,35013,1443,180,34,1774.87
2018-03-25,CAMP0005,Affiliate,80366,10005,1045,289,1025.91
2018-04-20,CAMP0025,Referral,104014,8497,471,159,588.21
2017-01-22,CAMP0007,Email,6183,104,7,1,1171.88
2018-05-02,CAMP0025,Referral,5205,323,15,1,1121.85
2018-04-02,CAMP0018,Instagram,100741,1707,90,30,449.68
2018-03-19,CAMP0005,Affiliate,58858,5282,433,118,535.74
2017-04-07,CAMP0019,Google Search,89622,2023,63,16,95.99
2018-05-12,CAMP0017,Email,70962,8212,1334,431,90.88
2018-04-13,CAMP0014,Organic,38566,4184,418,22,1488.22
2017-10-18,CAMP0006,Organic,28222,1472,83,9,1848.75
2017-06-06,CAMP0030,Affiliate,103882,5289,217,57,736.88
2018-04-27,CAMP0025,Referral,63656,1606,50,12,83.16
2018-03-04,CAMP0021,Referral,100856,3256,229,16,1879.38
2017-08-01,CAMP0016,Email,115092,11828,1289,299,1207.15
2017-12-20,CAMP0026,Affiliate,55703,4019,126,31,1105.7
2017-05-29,CAMP0015,Instagram,10675,549,83,14,913.14
2017-06-01,CAMP0015,Instagram,81816,7966,1033,55,1092.74
2017-12-17,CAMP0026,Affiliate,59792,5339,640,174,957.44
2017-08-14,CAMP0027,Affiliate,84221,4646,454,37,1880.67
2017-06-13,CAMP0008,Instagram,45798,2019,91,12,1801.31
2017-08-16,CAMP0023,Facebook,96479,13892,1381,77,1001.98
2017-12-19,CAMP0026,Affiliate,51598,5177,356,84,456.52
2018-03-26,CAMP0020,Google Search,15816,204,13,0,1207.78
2017-05-09,CAMP0029,Organic,107393,5536,522,105,257.88
2018-03-05,CAMP0020,Google Search,84508,11726,1936,106,1295.6
2017-09-21,CAMP0012,Organic,15829,763,78,15,1691.05
2018-04-05,CAMP0020,Google Search,85944,3704,366,125,869.2
2018-02-28,CAMP0021,Referral,59239,3941,302,84,822.57
2017-06-16,CAMP0008,Instagram,42888,5549,623,32,1873.63
2017-01-12,CAMP0009,Google Search,17045,1967,181,48,433.93
2018-05-01,CAMP0017,Email,85803,10793,1614,553,1980.16
2018-04-09,CAMP0003,Facebook,19058,2698,260,40,1031.65
2017-11-26,CAMP0022,Referral,86593,4603,483,154,108.29
2018-02-18,CAMP0004,Instagram,54772,6685,205,56,1184.54
2017-08-19,CAMP0028,Facebook,50630,6038,1009,292,1655.73
2018-03-19,CAMP0020,Google Search,67905,1098,78,14,1259.37
2017-04-17,CAMP0019,Google Search,91530,1890,88,18,271.15
2018-04-03,CAMP0020,Google Search,27763,1622,199,45,831.59
2018-04-02,CAMP0020,Google Search,94899,14123,1832,148,864.55
2017-05-28,CAMP0015,Instagram,60701,7439,880,170,1638.79
2017-06-03,CAMP0030,Affiliate,107459,4815,351,56,573.31
2018-04-21,CAMP0005,Affiliate,84406,5642,857,97,340.3
2017-06-08,CAMP0008,Instagram,78688,8560,1133,285,1989.88
2017-03-25,CAMP0002,Facebook,112640,5560,209,41,380.7
2018-01-03,CAMP0026,Affiliate,36742,2015,78,5,1342.45
2018-04-12,CAMP0014,Organic,41478,4799,164,20,1740.84
2017-01-31,CAMP0009,Google Search,104927,12862,616,66,368.29
2017-12-10,CAMP0022,Referral,94152,9616,541,186,1499.15
2017-04-02,CAMP0002,Facebook,76285,997,119,19,1358.15
2018-02-23,CAMP0024,Organic,66990,8161,1247,392,1332.84
2017-08-27,CAMP0023,Facebook,50396,2945,144,35,1558.65
2017-07-29,CAMP0027,Affiliate,91002,8447,1315,101,1771.7
2018-03-04,CAMP0020,Google Search,108972,3468,481,81,212.89
2017-08-02,CAMP0028,Facebook,93151,12001,695,219,825.46
2017-08-27,CAMP0010,Affiliate,50625,5500,328,16,1297.34
2017-08-18,CAMP0016,Email,16373,1967,348,52,1067.26
2017-08-29,CAMP0023,Facebook,29577,450,60,11,242.35
2018-03-25,CAMP0018,Instagram,77905,6678,469,46,1591.58
2017-05-04,CAMP0019,Google Search,40697,5907,481,63,1096.34
2018-02-21,CAMP0004,Instagram,48113,5051,225,16,1433.1
2017-12-18,CAMP0026,Affiliate,89128,9759,1044,209,364.78
2017-05-21,CAMP0015,Instagram,47268,1582,123,29,1294.12
2018-04-19,CAMP0014,Organic,64262,2256,316,48,213.6
2017-11-02,CAMP0006,Organic,66775,6928,1184,79,1349.93
2018-03-10,CAMP0020,Google Search,42010,5378,172,43,1430.55
2017-08-12,CAMP0028,Facebook,74045,3615,593,36,737.93
2017-04-28,CAMP0029,Organic,20353,662,86,14,1447.56
2017-08-17,CAMP0023,Facebook,65866,8191,1425,130,1509.71
2017-09-10,CAMP0023,Facebook,61298,2683,320,45,1766.28
2017-05-31,CAMP0015,Instagram,68258,8005,1397,84,1089.39
2017-11-14,CAMP0011,Referral,55491,1796,114,27,1674.78
2017-06-07,CAMP0015,Instagram,5890,446,67,16,749.28
2017-05-30,CAMP0030,Affiliate,99143,8745,1057,248,1325.41
2017-01-29,CAMP0007,Email,82100,9581,538,116,205.13
2017-08-15,CAMP0023,Facebook,74240,9609,622,83,395.99
2018-03-14,CAMP0018,Instagram,65297,9425,1553,371,1626.1
2018-04-09,CAMP0014,Organic,17877,365,38,5,1274.69
2017-10-20,CAMP0006,Organic,54647,1504,213,49,1179.09
2018-04-25,CAMP0025,Referral,33067,1535,96,22,280.74
2017-10-19,CAMP0006,Organic,14446,874,65,11,500.62
2017-02-07,CAMP0009,Google Search,91768,9916,1712,263,1318.59
2017-09-12,CAMP0010,Affiliate,44274,1061,141,45,390.44
2017-06-17,CAMP0008,Instagram,91650,7221,977,273,1360.15
2017-08-16,CAMP0027,Affiliate,53640,1600,244,81,208.52
2017-08-01,CAMP0027,Affiliate,31436,3668,533,139,448.73
2017-08-12,CAMP0016,Email,57171,7364,542,134,1465.05
2017-06-08,CAMP0015,Instagram,36574,3945,536,71,410.54
2017-08-09,CAMP0028,Facebook,80818,11325,351,59,626.6
2017-12-14,CAMP0026,Affiliate,51640,1635,108,35,1067.58
2017-12-31,CAMP0026,Affiliate,14466,1730,79,17,1882.13
2017-06-19,CAMP0008,Instagram,42157,1299,179,22,1635.75
2017-10-30,CAMP0006,Organic,28919,3229,519,170,1306.86
2018-05-16,CAMP0025,Referral,94687,9672,1688,395,1358.07
2017-08-23,CAMP0028,Facebook,117529,14944,1692,383,121.23
2018-02-25,CAMP0024,Organic,108826,7971,1153,220,894.5
2018-03-29,CAMP0018,Instagram,7300,705,57,8,854.29
2017-08-22,CAMP0028,Facebook,108530,10983,1047,345,137.56
2018-04-01,CAMP0005,Affiliate,117249,8746,1055,325,1793.82
2018-02-20,CAMP0024,Organic,119152,14679,1535,131,242.36
2018-04-20,CAMP0014,Organic,101156,2099,331,86,1576.85
2018-03-02,CAMP0021,Referral,86143,1265,57,6,877.45
2017-02-05,CAMP0009,Google Search,81017,2434,73,13,270.12
2017-09-22,CAMP0012,Organic,37718,3624,462,85,151.73
2018-01-25,CAMP0004,Instagram,7774,247,8,1,410.22
2017-10-28,CAMP0006,Organic,116367,13436,609,61,511.71
2018-05-21,CAMP0017,Email,94810,4859,257,56,1498.72
2018-05-03,CAMP0014,Organic,84539,7790,533,68,1546.45
2017-04-20,CAMP0029,Organic,100817,5699,978,194,1269.46
2017-08-20,CAMP0010,Affiliate,11030,808,103,21,946.46
2018-01-08,CAMP0013,Affiliate,99890,6326,1121,313,1517.9
2017-05-24,CAMP0030,Affiliate,71084,9530,484,105,288.72
2017-12-17,CAMP0026,Affiliate,85021,12498,513,58,804.11
2017-03-22,CAMP0002,Facebook,29238,3641,304,63,1288.12
2017-09-18,CAMP0001,Affiliate,23444,3042,412,67,695.16
2018-01-14,CAMP0013,Affiliate,80111,4350,425,114,509.7
2017-01-11,CAMP0009,Google Search,82676,7191,320,66,1859.47
2017-08-12,CAMP0028,Facebook,113263,3008,373,42,1695.15
2017-08-13,CAMP0023,Facebook,46571,6582,623,212,1029.52
2018-03-29,CAMP0005,Affiliate,12805,1127,201,23,235.19
2017-06-19,CAMP0008,Instagram,5173,308,44,6,1585.13
2017-06-03,CAMP0008,Instagram,77748,5495,407,49,891.12
2018-04-16,CAMP0025,Referral,49384,2316,160,15,1717.44
2017-06-01,CAMP0015,Instagram,74642,3175,394,63,1741.81
2017-01-03,CAMP0007,Email,114942,7500,643,218,489.1
2018-05-06,CAMP0017,Email,112392,10590,532,185,897.37
2017-04-24,CAMP0029,Organic,82101,11534,784,143,1723.23
2017-08-15,CAMP0028,Facebook,51670,4085,320,32,1711.92
2017-05-29,CAMP0015,Instagram,71486,1683,114,16,201.39
2017-06-03,CAMP0015,Instagram,56652,6311,886,120,1266.88
2018-05-02,CAMP0014,Organic,44369,709,119,36,1371.29
2017-11-21,CAMP0022,Referral,64538,2604,166,16,934.15
2017-04-08,CAMP0029,Organic,12803,1444,116,32,617.21
2017-03-31,CAMP0002,Facebook,17138,1789,69,8,1961.43
2017-11-13,CAMP0011,Referral,119120,1940,258,34,1282.81
2017-01-23,CAMP0009,Google Search,106906,7214,1216,253,704.19
2017-12-31,CAMP0013,Affiliate,9099,619,103,26,1922.03
2018-04-23,CAMP0003,Facebook,83984,6041,585,163,824.98
2018-03-30,CAMP0005,Affiliate,87786,4507,190,26,956.59
2017-05-22,CAMP0015,Instagram,113110,3138,294,99,1527.62
2018-03-10,CAMP0021,Referral,55186,7759,850,250,94.31
2018-05-19,CAMP0017,Email,32415,2418,228,23,454.26
2018-03-15,CAMP0020,Google Search,75214,10468,1478,107,451.53
2017-08-23,CAMP0016,Email,76021,8731,1451,245,148.53
2017-08-01,CAMP0016,Email,116822,9173,863,104,85.82
2017-01-11,CAMP0007,Email,61937,7619,519,69,101.33
2017-04-26,CAMP0029,Organic,94251,8004,855,48,1311.43
2017-06-01,CAMP0030,Affiliate,106764,12624,1559,471,1448.09
2018-03-02,CAMP0021,Referral,79891,6530,675,213,1990.83
2017-05-25,CAMP0015,Instagram,113375,14482,1420,162,1463.29
2017-05-31,CAMP0030,Affiliate,39753,3111,119,6,1094.17
2017-09-12,CAMP0010,Affiliate,58974,1167,184,57,1849.44
2017-11-20,CAMP0022,Referral,59083,3989,241,18,1406.8
2018-02-10,CAMP0004,Instagram,110258,7976,322,103,437.32
2018-05-19,CAMP0025,Referral,31289,2547,214,58,1495.29
2017-01-17,CAMP0007,Email,37337,3960,554,109,1561.75
2018-05-04,CAMP0014,Organic,58609,3963,562,134,1357.2
2018-03-04,CAMP0020,Google Search,65493,7965,649,43,1270.99
2017-12-30,CAMP0026,Affiliate,12960,437,30,6,1205.67
2018-04-24,CAMP0003,Facebook,74750,8526,561,102,952.31
2017-01-25,CAMP0009,Google Search,64524,8420,1291,348,190.9
2018-03-28,CAMP0020,Google Search,62309,7397,265,72,904.65
2017-09-01,CAMP0010,Affiliate,69363,5792,458,45,175.25
2017-01-11,CAMP0007,Email,70760,9854,1250,142,1113.34
2018-02-01,CAMP0024,Organic,118157,7693,1335,71,184.84
2018-01-30,CAMP0024,Organic,50561,2605,79,10,1545.69
2017-04-09,CAMP0002,Facebook,93076,9978,348,21,735.22
2017-01-24,CAMP0009,Google Search,62232,3807,572,58,365.85
2017-06-20,CAMP0008,Instagram,77975,9706,458,108,956.96
2018-05-15,CAMP0017,Email,65285,2953,284,75,1653.49
2018-05-15,CAMP0014,Organic,24156,2547,430,29,1868.43
2017-06-01,CAMP0030,Affiliate,64193,9188,631,158,197.46
2018-04-10,CAMP0014,Organic,109628,15924,2281,382,1703.93
2018-05-11,CAMP0014,Organic,36263,5085,339,28,1196.02
2018-05-08,CAMP0014,Organic,85518,4827,672,145,386.17
2018-03-03,CAMP0018,Instagram,49849,2983,394,32,1965.51
2017-08-11,CAMP0028,Facebook,27771,611,51,15,1598.9
2018-03-23,CAMP0005,Affiliate,77099,2905,324,25,1372.82
2017-04-20,CAMP0029,Organic,30644,2910,284,67,831.33
2017-08-26,CAMP0010,Affiliate,47437,897,32,8,456.8
2017-01-15,CAMP0007,Email,37302,3172,181,31,82.59
2018-02-19,CAMP0024,Organic,58783,1512,198,41,411.33
2018-02-04,CAMP0004,Instagram,59736,5553,427,94,1096.23
2017-01-31,CAMP0007,Email,62298,4900,703,218,1167.91
2018-03-05,CAMP0018,Instagram,21745,940,62,8,311.13
2017-12-24,CAMP0026,Affiliate,28665,2069,272,38,940.15
2017-09-18,CAMP0001,Affiliate,79148,1151,180,12,302.95
2017-09-10,CAMP0010,Affiliate,83749,4210,528,152,1992.99
2017-06-13,CAMP0008,Instagram,9154,1233,217,15,1643.64
2018-03-25,CAMP0005,Affiliate,61911,2597,191,62,943.88
2017-01-21,CAMP0009,Google Search,101991,9549,1265,433,1432.59
2017-08-18,CAMP0028,Facebook,38946,1415,246,46,1275.54
2017-12-23,CAMP0026,Affiliate,86189,9891,681,200,236.41
2018-02-06,CAMP0024,Organic,49590,2179,163,10,1862.82
2017-04-29,CAMP0019,Google Search,35950,2968,456,68,1806.8
2018-04-17,CAMP0014,Organic,15522,1043,137,47,619.32
2017-11-05,CAMP0011,Referral,31739,2235,185,41,1950.9
2017-11-29,CAMP0022,Referral,78047,4024,395,72,807.48
2017-10-06,CAMP0012,Organic,26617,1379,157,39,884.5
2017-04-26,CAMP0029,Organic,105984,6186,1045,286,389.73
2018-01-14,CAMP0013,Affiliate,77757,6899,376,53,604.59
2018-05-13,CAMP0025,Referral,109456,8465,879,125,1813.41
2017-04-15,CAMP0019,Google Search,105617,15293,1857,466,204.6
2018-04-01,CAMP0018,Instagram,64405,5861,437,54,1960.38
2018-04-08,CAMP0003,Facebook,37365,2712,119,16,1923.47
2017-08-18,CAMP0010,Affiliate,14194,807,95,25,1736.55
2017-12-18,CAMP0026,Affiliate,61188,2930,462,41,1292.24
2017-01-30,CAMP0007,Email,20458,1475,75,16,1002.98
2017-05-05,CAMP0029,Organic,20075,1788,183,15,442.94
2017-08-10,CAMP0023,Facebook,77838,5329,830,91,1725.53
2017-12-31,CAMP0026,Affiliate,66706,8087,1061,234,1697.07
2018-02-11,CAMP0024,Organic,51285,7302,1297,328,1238.81
2017-09-01,CAMP0023,Facebook,55736,7681,241,43,1441.46
2017-09-29,CAMP0012,Organic,96284,14114,674,90,1842.27
2018-04-03,CAMP0018,Instagram,44949,4403,356,60,990.7
2018-01-23,CAMP0024,Organic,103137,1976,209,21,518.61
2018-01-17,CAMP0013,Affiliate,77419,2413,248,76,1507.52
2017-09-22,CAMP0001,Affiliate,54397,4623,156,53,1675.72
2017-08-18,CAMP0028,Facebook,105988,2626,85,4,535.97
2017-06-04,CAMP0030,Affiliate,45136,4475,335,76,739.27
2017-08-02,CAMP0028,Facebook,108258,10027,1128,294,1747.58
2018-02-08,CAMP0024,Organic,50056,6639,802,122,677.22
2017-09-20,CAMP0001,Affiliate,37278,2241,142,41,471.69
2017-10-09,CAMP0012,Organic,15866,217,22,4,1724.69
2018-03-29,CAMP0018,Instagram,34524,2626,354,33,381.25
2018-04-08,CAMP0005,Affiliate,59046,885,102,21,468.31
2018-01-05,CAMP0013,Affiliate,103831,12193,1169,65,68.37
2017-05-30,CAMP0030,Affiliate,78346,1321,226,34,1860.61
2018-04-18,CAMP0014,Organic,106977,10749,525,99,1945.81
2017-10-21,CAMP0006,Organic,82791,1216,169,12,96.6
2017-06-09,CAMP0030,Affiliate,79178,1233,192,64,1036.86
2017-05-21,CAMP0015,Instagram,90415,4953,593,184,301.2
2017-08-30,CAMP0010,Affiliate,24649,989,177,20,485.04
2017-07-31,CAMP0016,Email,29220,4249,351,36,1777.7
2018-02-12,CAMP0024,Organic,57176,5480,408,110,1463.01
2018-04-02,CAMP0018,Instagram,27510,3995,597,47,1297.17
2017-08-31,CAMP0010,Affiliate,29213,2049,147,30,1668.83
2018-04-05,CAMP0020,Google Search,59326,6934,978,181,215.29
2017-09-08,CAMP0023,Facebook,12574,1374,41,8,877.86
2018-05-05,CAMP0025,Referral,107412,2111,211,22,650.44
2017-03-12,CAMP0002,Facebook,90822,1776,195,47,1673.16
2017-09-15,CAMP0001,Affiliate,54878,7730,467,110,85.13
2017-11-11,CAMP0022,Referral,41125,4128,730,49,1207.65
2017-08-16,CAMP0028,Facebook,55469,2602,148,21,582.96
2018-05-05,CAMP0017,Email,66362,7821,744,176,1655.39
2018-04-05,CAMP0005,Affiliate,37779,3595,518,26,1297.97
2017-11-11,CAMP0011,Referral,66787,2459,362,110,1479.44
2017-08-01,CAMP0027,Affiliate,60438,715,25,6,399.24
2018-04-04,CAMP0005,Affiliate,35489,2884,149,26,1844.93
2017-01-16,CAMP0007,Email,51590,6939,634,198,261.73
2018-05-16,CAMP0017,Email,95581,12657,711,100,1540.38
2017-05-15,CAMP0029,Organic,110435,6536,257,74,1377.37
2017-11-01,CAMP0022,Referral,65017,8434,259,81,1249.08
2017-06-09,CAMP0008,Instagram,32425,3440,265,70,1312.05
2017-08-25,CAMP0016,Email,17608,958,120,10,548.69
2017-08-13,CAMP0023,Facebook,32861,3235,122,32,1668.24
2017-05-23,CAMP0030,Affiliate,86699,8146,1253,62,978.42
2018-04-17,CAMP0005,Affiliate,50478,4345,598,153,1142.09
2017-11-12,CAMP0011,Referral,14757,761,36,11,1958.84
2018-01-23,CAMP0004,Instagram,62226,4874,859,56,66.52
2017-09-13,CAMP0001,Affiliate,6254,244,21,2,1237.67
2017-09-17,CAMP0001,Affiliate,76583,2804,150,43,442.8
2017-08-04,CAMP0016,Email,100495,9287,1453,272,1213.15
2018-04-28,CAMP0014,Organic,96622,8149,1062,180,1104.43
2017-06-06,CAMP0015,Instagram,108790,4027,619,176,246.29
2018-01-04,CAMP0013,Affiliate,95607,1444,143,24,1594.0
2017-05-10,CAMP0029,Organic,116561,15316,2424,218,1948.32
2018-02-12,CAMP0024,Organic,84275,5585,963,220,621.25
2018-04-15,CAMP0005,Affiliate,105470,5080,231,72,1816.29
2017-04-10,CAMP0002,Facebook,73789,7499,504,44,1418.73
2017-05-30,CAMP0030,Affiliate,47151,4938,190,64,1936.36
2017-02-01,CAMP0007,Email,33525,862,47,6,157.15
2018-03-07,CAMP0021,Referral,23720,1746,271,57,1617.68
2017-11-03,CAMP0022,Referral,58262,6566,1051,132,801.38
2017-11-02,CAMP0006,Organic,79986,1492,204,64,94.78
2017-03-20,CAMP0002,Facebook,13621,1763,281,61,1041.3
2017-09-11,CAMP0001,Affiliate,83710,8345,632,117,70.34
2017-10-17,CAMP0006,Organic,79806,7674,508,68,1094.49
2017-07-31,CAMP0016,Email,94894,4689,359,110,1086.06
2017-05-29,CAMP0030,Affiliate,100360,10892,1327,106,1267.95
2017-04-03,CAMP0019,Google Search,100973,3676,203,60,801.91
2018-02-02,CAMP0004,Instagram,54612,5889,182,15,1531.77
2017-12-19,CAMP0026,Affiliate,11543,1056,144,48,129.79
2017-01-09,CAMP0009,Google Search,113286,6800,979,289,1397.77
2017-11-12,CAMP0011,Referral,74391,2674,213,72,854.97
2017-08-08,CAMP0027,Affiliate,95243,2226,356,71,1537.68
2017-08-14,CAMP0023,Facebook,56153,3698,347,79,771.36
2017-02-05,CAMP0009,Google Search,36459,5328,169,29,551.43
2018-01-17,CAMP0013,Affiliate,38925,729,112,10,1463.44
2018-05-22,CAMP0025,Referral,22019,615,46,8,435.15
2017-08-21,CAMP0010,Affiliate,20785,671,74,11,1483.05
2017-10-30,CAMP0006,Organic,114029,5773,515,63,424.97
2017-08-24,CAMP0028,Facebook,86000,7657,817,273,1861.27
2017-10-01,CAMP0012,Organic,60338,3117,214,44,1930.44
2017-06-08,CAMP0030,Affiliate,30306,2583,223,13,732.75
2018-04-02,CAMP0003,Facebook,90624,2575,278,26,559.85
2018-04-03,CAMP0003,Facebook,36655,534,29,7,845.25
2018-03-13,CAMP0021,Referral,119360,1672,90,23,1093.64
2017-10-22,CAMP0006,Organic,87290,5049,575,67,447.5
2017-01-10,CAMP0007,Email,102476,5139,794,262,826.91
2018-05-04,CAMP0025,Referral,95816,12107,1198,414,1401.46
2018-01-03,CAMP0026,Affiliate,50360,4362,732,202,405.8
2017-09-14,CAMP0001,Affiliate,73648,10901,1418,487,1405.22
2018-04-02,CAMP0005,Affiliate,26037,3542,498,34,1709.26
2017-12-30,CAMP0026,Affiliate,43315,2113,238,54,514.47
2018-03-14,CAMP0005,Affiliate,39899,4497,223,54,788.79
2018-03-22,CAMP0020,Google Search,74378,9904,875,91,565.2
2017-05-02,CAMP0019,Google Search,65882,5229,554,131,1272.59
2018-04-17,CAMP0025,Referral,28809,2802,415,86,1113.06
2018-01-04,CAMP0013,Affiliate,88218,7432,572,78,1480.1
2017-08-22,CAMP0016,Email,117885,5827,922,74,1635.96
2017-05-15,CAMP0029,Organic,79964,8097,1056,261,482.5
2018-05-12,CAMP0017,Email,78025,3817,120,19,1222.18
2017-09-09,CAMP0023,Facebook,77889,1056,109,17,1523.56
2018-04-10,CAMP0018,Instagram,5169,731,114,39,1546.13
2018-03-04,CAMP0021,Referral,47803,2495,428,34,735.63
2017-09-16,CAMP0001,Affiliate,64344,903,112,12,53.02
2017-05-31,CAMP0030,Affiliate,15261,245,20,2,840.18
2017-11-17,CAMP0011,Referral,79450,6751,1180,412,494.25
2018-05-09,CAMP0017,Email,26913,1268,214,28,1650.66
2018-01-03,CAMP0013,Affiliate,117894,9075,431,120,1661.88
2017-08-09,CAMP0027,Affiliate,92734,5646,268,24,1283.78
2017-11-09,CAMP0011,Referral,80690,2543,315,77,1801.07
2017-07-28,CAMP0027,Affiliate,44774,3524,265,70,1975.12
2018-01-03,CAMP0013,Affiliate,27335,2360,347,101,1503.52
2017-09-19,CAMP0001,Affiliate,90546,5655,911,205,1276.79
2017-09-19,CAMP0001,Affiliate,78329,4717,712,99,1635.13
2017-05-27,CAMP0030,Affiliate,62927,7785,699,184,885.42
2018-04-27,CAMP0017,Email,31177,1790,183,62,1003.32
2018-04-16,CAMP0025,Referral,64672,7486,640,119,1358.11
2017-06-06,CAMP0008,Instagram,76587,11458,957,179,1052.64
2017-09-03,CAMP0023,Facebook,109712,14353,836,92,134.35
2017-12-09,CAMP0022,Referral,12374,633,113,6,1011.39
2017-09-02,CAMP0023,Facebook,74057,7349,1016,168,268.05
2017-12-26,CAMP0026,Affiliate,84953,8244,298,75,1636.5
2018-03-27,CAMP0018,Instagram,98001,3482,467,133,1234.42
2017-10-19,CAMP0006,Organic,16875,1801,115,20,804.93
2017-09-18,CAMP0001,Affiliate,24416,2272,138,19,1688.95
2017-10-26,CAMP0006,Organic,37032,4060,326,36,1487.6
2017-09-20,CAMP0001,Affiliate,41629,6233,580,40,1892.53
2017-08-10,CAMP0028,Facebook,78768,911,160,44,285.05
2018-01-25,CAMP0004,Instagram,9431,712,34,4,761.97
2017-06-03,CAMP0030,Affiliate,95600,6218,262,88,656.9
2018-03-13,CAMP0020,Google Search,15923,1052,164,21,1600.8
2017-11-16,CAMP0011,Referral,45698,829,114,26,1040.95
2018-04-29,CAMP0003,Facebook,41455,1192,207,14,1790.77
2018-04-09,CAMP0005,Affiliate,44329,6174,943,198,836.77
2018-04-06,CAMP0005,Affiliate,7142,969,63,10,790.97
2017-08-08,CAMP0016,Email,114821,2478,422,99,740.35
2018-04-11,CAMP0014,Organic,110502,5197,596,107,414.32
2017-08-13,CAMP0028,Facebook,60919,1655,165,25,1656.2
2018-04-15,CAMP0003,Facebook,60942,4714,444,88,616.71
2017-01-13,CAMP0009,Google Search,109071,11468,1826,208,1669.06
2017-08-08,CAMP0028,Facebook,12501,1380,71,9,1348.43
2017-03-13,CAMP0002,Facebook,70529,8648,993,345,887.38
2017-08-21,CAMP0016,Email,52676,6143,225,49,508.97
2017-12-04,CAMP0022,Referral,84011,7939,486,81,869.98
2017-09-06,CAMP0023,Facebook,9852,221,25,7,615.31
2017-09-16,CAMP0001,Affiliate,47747,5773,1008,154,1493.34
2018-04-30,CAMP0003,Facebook,70635,2079,231,43,864.34
2017-05-22,CAMP0015,Instagram,119531,7264,583,53,1044.61
2018-05-16,CAMP0017,Email,104367,7516,558,161,961.96
2017-05-03,CAMP0019,Google Search,64612,8656,834,172,819.85
2018-03-02,CAMP0021,Referral,95619,5689,904,89,668.37
2017-01-28,CAMP0009,Google Search,15583,2257,382,112,1986.9
2018-05-11,CAMP0025,Referral,102377,7943,1206,248,1684.52
2017-01-11,CAMP0009,Google Search,58843,5265,350,91,1277.51
2017-06-10,CAMP0030,Affiliate,118538,7503,243,32,1237.76
2017-09-02,CAMP0023,Facebook,56059,4931,797,221,872.19
2017-05-22,CAMP0015,Instagram,78360,7472,1269,167,1031.35
2018-05-03,CAMP0025,Referral,24568,2848,369,35,858.08
2017-08-15,CAMP0027,Affiliate,87713,4963,457,39,932.85
2018-03-10,CAMP0020,Google Search,111935,14309,829,283,466.86
2017-05-04,CAMP0029,Organic,113880,9362,895,52,1385.48
2018-04-21,CAMP0025,Referral,85366,2351,400,99,1889.84
2017-07-29,CAMP0016,Email,27860,1925,76,10,1680.87
2017-04-20,CAMP0019,Google Search,24521,739,40,12,1061.74
2017-05-21,CAMP0015,Instagram,84680,9462,1340,357,887.12
2017-01-16,CAMP0009,Google Search,30485,3420,346,82,1791.18
2017-01-06,CAMP0007,Email,118739,4890,401,74,871.59
2017-06-20,CAMP0008,Instagram,52897,3190,341,32,917.35
2017-11-21,CAMP0022,Referral,47227,3070,300,60,1431.91
2018-01-07,CAMP0013,Affiliate,17743,1256,215,43,257.6
2018-01-16,CAMP0013,Affiliate,30579,2627,206,47,1167.23
2017-09-14,CAMP0001,Affiliate,54685,8092,405,88,1008.72
2018-03-20,CAMP0018,Instagram,101991,8006,268,23,1722.7
2018-05-12,CAMP0025,Referral,52127,2155,228,73,1162.83
2017-04-28,CAMP0019,Google Search,105427,5109,685,62,676.83
2018-04-26,CAMP0017,Email,30009,1590,82,12,778.88
2017-10-30,CAMP0006,Organic,35981,2789,375,46,174.72
2017-10-04,CAMP0012,Organic,118401,11159,1581,501,1670.4
2017-01-09,CAMP0007,Email,85507,4835,865,227,84.71
2018-01-15,CAMP0013,Affiliate,58321,7582,1288,361,1518.56
2017-11-08,CAMP0011,Referral,102251,1737,117,39,965.29
2017-09-18,CAMP0001,Affiliate,67827,7697,256,55,1214.66
2018-03-13,CAMP0020,Google Search,83415,12338,860,253,1269.43
2018-03-07,CAMP0021,Referral,11659,989,113,9,339.21
2018-01-24,CAMP0004,Instagram,89485,3425,360,40,470.7
2017-10-30,CAMP0006,Organic,96133,9855,1711,534,159.97
2018-03-12,CAMP0021,Referral,16899,1487,114,36,913.3
2017-10-29,CAMP0006,Organic,79146,11488,566,166,1546.77
2017-08-29,CAMP0010,Affiliate,20155,423,40,8,1468.39
2017-12-24,CAMP0026,Affiliate,24504,3605,424,107,1722.03
2017-06-10,CAMP0008,Instagram,49789,2406,208,65,1156.93
2017-08-24,CAMP0016,Email,106562,7631,785,118,1869.69
2018-01-15,CAMP0004,Instagram,13457,1547,207,35,980.6
2018-03-14,CAMP0020,Google Search,97707,6453,308,91,741.66
2018-02-10,CAMP0024,Organic,71491,8341,1060,282,116.41
2017-08-13,CAMP0016,Email,81881,8674,908,206,1891.13
2018-04-03,CAMP0003,Facebook,91767,12276,760,42,1558.31
2017-08-08,CAMP0016,Email,75800,2175,183,33,1188.49
2017-09-17,CAMP0001,Affiliate,18075,2240,228,64,503.34
2017-09-19,CAMP0001,Affiliate,49111,598,68,20,64.04
2018-04-22,CAMP0014,Organic,99923,6479,1004,186,1388.83
2018-01-09,CAMP0013,Affiliate,9810,1013,40,6,641.12
2017-08-20,CAMP0027,Affiliate,102778,10011,865,94,688.45
2017-11-09,CAMP0011,Referral,59575,2221,263,54,549.96
2018-03-24,CAMP0020,Google Search,24182,1146,158,24,1089.3
2018-04-30,CAMP0014,Organic,102965,3824,301,78,1348.34
2017-06-08,CAMP0015,Instagram,66424,7655,429,86,1592.82
2017-08-18,CAMP0010,Affiliate,28369,3964,624,64,1302.44
2018-03-21,CAMP0020,Google Search,65068,5163,597,139,428.68
2018-05-16,CAMP0025,Referral,23601,497,58,10,1322.12
2018-03-01,CAMP0021,Referral,48081,959,161,21,569.71
2017-02-08,CAMP0009,Google Search,24899,570,74,6,691.27
2017-08-21,CAMP0027,Affiliate,81967,8716,1399,166,564.74
2017-05-08,CAMP0029,Organic,60727,7941,1166,326,1266.82
2017-10-05,CAMP0012,Organic,10188,731,76,11,1130.52
2017-08-05,CAMP0027,Affiliate,7673,497,82,11,1887.73
2018-01-04,CAMP0026,Affiliate,87029,1665,252,22,1843.87
2018-05-02,CAMP0025,Referral,35643,2755,379,125,374.14
2018-01-07,CAMP0013,Affiliate,51677,4552,806,95,974.02
2017-09-04,CAMP0010,Affiliate,83703,10772,1268,325,225.02
2018-03-15,CAMP0018,Instagram,103788,4913,633,79,1974.79
2018-04-07,CAMP0018,Instagram,51613,4091,694,181,1810.5
2017-11-29,CAMP0022,Referral,104667,1950,166,21,921.82
2017-05-03,CAMP0029,Organic,27025,651,31,7,777.05
2017-09-28,CAMP0012,Organic,75088,4671,717,78,1770.94
2017-01-25,CAMP0007,Email,68716,5421,803,224,383.86
2018-03-04,CAMP0021,Referral,61116,4972,883,199,1882.13
2017-06-04,CAMP0030,Affiliate,35657,1227,134,33,1259.89
2017-08-19,CAMP0028,Facebook,71755,4613,576,179,1025.34
2017-11-12,CAMP0011,Referral,111743,1907,69,5,723.4
2017-08-09,CAMP0028,Facebook,98648,5298,792,262,569.58
2017-08-19,CAMP0023,Facebook,80742,3591,219,48,544.27
2017-04-27,CAMP0019,Google Search,15114,899,158,24,1846.85
2017-04-08,CAMP0019,Google Search,29326,1955,164,37,596.43
2018-04-23,CAMP0003,Facebook,114493,5462,216,34,1833.6
2017-01-29,CAMP0007,Email,101195,9713,1013,339,156.46
2018-03-06,CAMP0018,Instagram,79617,11176,1699,588,198.23
2018-02-13,CAMP0004,Instagram,92167,1179,106,32,234.74
2017-08-12,CAMP0027,Affiliate,37869,1362,231,73,1802.67
2018-03-28,CAMP0005,Affiliate,22493,2858,448,37,1524.92
2017-05-26,CAMP0030,Affiliate,50751,2333,339,62,684.21
2017-08-11,CAMP0028,Facebook,23913,2871,331,29,1900.27
2017-10-11,CAMP0012,Organic,75100,6255,743,72,358.05
2017-04-05,CAMP0029,Organic,15754,1400,74,22,1434.23
2017-01-10,CAMP0009,Google Search,52624,4622,667,134,1771.44
2018-04-01,CAMP0018,Instagram,74213,2370,115,12,1332.76
2018-01-23,CAMP0004,Instagram,91428,9548,803,155,298.45
2017-09-05,CAMP0010,Affiliate,45117,886,95,29,1725.47
2017-11-05,CAMP0011,Referral,7913,333,19,4,297.41
2018-04-28,CAMP0014,Organic,24642,1526,255,18,1780.18
2018-04-26,CAMP0017,Email,26279,471,34,7,1225.45
2017-04-08,CAMP0002,Facebook,55140,3364,266,61,750.06
2017-06-01,CAMP0030,Affiliate,109458,16061,2780,157,1996.14
2018-01-13,CAMP0013,Affiliate,12439,1373,120,29,793.24
2018-03-03,CAMP0018,Instagram,13673,186,30,1,129.94
2017-08-07,CAMP0028,Facebook,77634,10622,1352,380,995.61
2018-01-08,CAMP0013,Affiliate,103054,1582,101,34,1356.37
2018-03-20,CAMP0005,Affiliate,83701,4204,583,61,941.17
2017-05-04,CAMP0019,Google Search,35137,672,32,6,428.24
2018-04-24,CAMP0014,Organic,68150,7852,891,122,444.7
2017-09-13,CAMP0001,Affiliate,100577,13540,1885,546,1068.5
2018-03-14,CAMP0018,Instagram,42836,1430,253,48,382.17
2017-03-31,CAMP0002,Facebook,29116,3973,425,47,702.81
2017-09-02,CAMP0010,Affiliate,58814,3206,160,22,1571.88
2017-11-27,CAMP0022,Referral,64149,2492,194,39,1613.9
2017-03-21,CAMP0002,Facebook,109135,9486,1672,167,391.3
2018-05-19,CAMP0017,Email,48169,5269,895,223,1684.96
2018-05-12,CAMP0014,Organic,98126,7639,1169,402,1676.74
2017-02-07,CAMP0009,Google Search,109858,14376,638,174,80.65
2017-01-20,CAMP0007,Email,27672,2694,317,19,204.57
2017-04-17,CAMP0019,Google Search,48926,7109,279,45,1929.23
2017-08-05,CAMP0028,Facebook,23199,1191,165,57,1890.73
2017-08-18,CAMP0010,Affiliate,36590,3319,150,16,416.0
2017-08-02,CAMP0027,Affiliate,98659,5008,605,91,1987.4
2018-02-19,CAMP0024,Organic,104123,6446,619,169,891.3
2018-05-19,CAMP0017,Email,26844,3479,406,32,1461.15
2017-09-06,CAMP0010,Affiliate,66215,851,152,41,1039.35
2017-07-30,CAMP0027,Affiliate,67214,4288,740,140,319.04
2017-09-14,CAMP0023,Facebook,34509,1239,149,50,1719.34
2017-10-18,CAMP0006,Organic,100104,14614,1179,93,175.33
2017-07-29,CAMP0027,Affiliate,58735,2785,92,12,1239.7
2017-11-08,CAMP0011,Referral,43479,2555,127,7,1378.82
2017-11-02,CAMP0022,Referral,92300,8171,1347,298,1784.18
2017-10-01,CAMP0012,Organic,83864,9147,1317,386,1586.76
2017-04-10,CAMP0019,Google Search,75986,2216,396,101,533.24
2017-05-24,CAMP0030,Affiliate,21788,1658,63,13,1527.51
2018-03-12,CAMP0021,Referral,67731,8263,1172,358,1490.86
2017-09-03,CAMP0023,Facebook,91287,4606,181,31,608.86
2017-10-16,CAMP0006,Organic,116497,16854,2969,973,1085.33
2017-06-20,CAMP0008,Instagram,115309,16945,1670,391,419.97
2017-01-29,CAMP0009,Google Search,55105,1963,199,50,1259.08
2018-04-19,CAMP0014,Organic,61755,2571,278,82,583.46
2018-04-19,CAMP0005,Affiliate,5660,256,8,2,1768.97
2017-05-29,CAMP0015,Instagram,62838,6553,388,125,1384.06
2018-02-16,CAMP0004,Instagram,52706,3394,128,24,1196.58
2017-08-10,CAMP0027,Affiliate,31677,1908,296,54,725.58
2017-12-11,CAMP0022,Referral,87852,9450,1054,108,1734.44
2017-06-08,CAMP0015,Instagram,44545,5962,784,153,1059.43
2018-04-08,CAMP0005,Affiliate,28228,4111,720,182,1175.6
2017-08-04,CAMP0027,Affiliate,26243,883,152,17,216.97
2017-09-18,CAMP0001,Affiliate,55835,3204,428,111,596.44
2018-04-27,CAMP0003,Facebook,106260,15851,2186,424,990.24
2017-02-01,CAMP0007,Email,87802,9649,587,125,211.99
2017-01-05,CAMP0007,Email,87575,7421,1151,373,404.12
2018-01-31,CAMP0024,Organic,62816,2606,374,21,1243.43
2017-08-03,CAMP0016,Email,93925,14021,741,198,601.52
2017-03-11,CAMP0002,Facebook,74814,2615,135,37,1704.09
2017-10-20,CAMP0006,Organic,27713,1279,203,48,1494.94
2017-11-25,CAMP0022,Referral,18542,1540,104,9,824.64
2018-03-17,CAMP0018,Instagram,65672,8384,1373,111,554.35
2018-04-15,CAMP0003,Facebook,52860,6013,326,31,1178.34
2017-09-18,CAMP0001,Affiliate,44775,1146,169,36,632.62
2017-08-11,CAMP0016,Email,100633,14951,2204,168,237.28
2017-11-06,CAMP0011,Referral,116258,12814,853,70,1471.92
2017-02-02,CAMP0009,Google Search,12642,1632,105,35,1048.46
2017-08-19,CAMP0023,Facebook,75240,9571,384,114,1121.86
2017-01-17,CAMP0007,Email,96666,9057,871,239,656.5
2018-04-29,CAMP0003,Facebook,47312,5758,1035,323,931.4
2018-04-26,CAMP0017,Email,105292,7885,689,44,1851.1
2017-08-12,CAMP0016,Email,9776,667,44,14,1726.51
2017-10-24,CAMP0006,Organic,8023,765,98,18,1066.81
2017-11-12,CAMP0011,Referral,56625,1016,76,24,561.04
2018-03-31,CAMP0020,Google Search,38513,5018,589,166,1972.6
2017-02-03,CAMP0009,Google Search,108981,12921,1780,221,951.68
2018-05-09,CAMP0025,Referral,44310,1631,126,43,1478.14
2018-03-23,CAMP0018,Instagram,46672,5740,642,202,1228.63
2018-01-03,CAMP0013,Affiliate,5362,499,65,20,951.19
2018-01-15,CAMP0004,Instagram,108754,8691,1267,376,1272.04
2017-01-09,CAMP0007,Email,7108,99,5,1,1798.26
2017-01-31,CAMP0009,Google Search,109234,5542,331,104,1153.09
2018-03-02,CAMP0018,Instagram,50872,7089,1136,355,790.3
2018-03-02,CAMP0021,Referral,21129,1471,257,25,1171.7
2018-02-01,CAMP0024,Organic,42581,1403,213,47,1642.72
2018-05-08,CAMP0017,Email,101307,11437,1670,178,1894.76
2018-05-03,CAMP0014,Organic,39961,3220,568,45,469.81
2017-11-17,CAMP0022,Referral,57423,2576,246,40,362.89
2017-04-18,CAMP0029,Organic,9121,187,20,4,1118.62
2017-08-20,CAMP0028,Facebook,33577,1184,87,22,566.81
2017-08-04,CAMP0027,Affiliate,92931,9816,512,87,1213.95
2017-11-16,CAMP0011,Referral,94645,3313,346,52,1041.43
2017-08-06,CAMP0028,Facebook,112191,9183,494,130,1986.95
2017-01-11,CAMP0009,Google Search,61779,3604,120,32,1122.22
2018-01-22,CAMP0004,Instagram,27884,3389,590,44,294.06
2018-03-24,CAMP0005,Affiliate,22207,2386,96,6,259.04
2017-08-18,CAMP0010,Affiliate,91474,1595,269,68,444.17
2018-03-23,CAMP0020,Google Search,38689,4152,661,77,517.56
2018-04-18,CAMP0014,Organic,76918,1103,195,29,1117.83
2017-10-06,CAMP0012,Organic,36193,2709,335,20,1535.14
2017-12-27,CAMP0026,Affiliate,44945,5286,187,35,894.47
2017-06-03,CAMP0015,Instagram,45202,933,137,32,1691.41
2017-06-12,CAMP0008,Instagram,21445,2994,534,66,646.19
2017-06-13,CAMP0008,Instagram,109674,7498,701,37,1024.59
2018-03-24,CAMP0018,Instagram,92404,10257,1718,465,1695.66
2017-05-03,CAMP0029,Organic,6391,459,17,3,852.54
2017-10-26,CAMP0006,Organic,57825,1589,153,31,1626.15
2017-04-22,CAMP0019,Google Search,43076,648,80,14,1828.72
2018-04-30,CAMP0003,Facebook,14271,1852,179,42,1898.26
2018-03-06,CAMP0021,Referral,75588,10248,1688,222,834.93
2017-04-07,CAMP0029,Organic,5423,165,26,1,320.05
2017-04-09,CAMP0002,Facebook,48304,1656,247,71,524.49
2017-09-13,CAMP0001,Affiliate,103963,6950,339,84,1687.04
2017-08-31,CAMP0023,Facebook,93011,10434,782,92,904.39
2017-07-30,CAMP0016,Email,10550,286,12,3,643.65
2017-06-18,CAMP0008,Instagram,11713,806,105,29,936.04
2017-05-06,CAMP0029,Organic,24293,1723,175,26,1638.29
2017-09-20,CAMP0012,Organic,14250,888,106,6,375.74
2017-01-09,CAMP0007,Email,117637,1786,276,46,971.86
2017-09-08,CAMP0010,Affiliate,49594,1791,186,27,109.64
2018-03-05,CAMP0021,Referral,14585,565,92,20,682.6
2017-08-20,CAMP0016,Email,86909,3501,601,89,1577.18
2018-03-21,CAMP0005,Affiliate,45754,4732,456,60,1479.86
2018-04-28,CAMP0025,Referral,115504,6267,785,223,249.44
2018-05-05,CAMP0025,Referral,48515,6539,1089,67,1412.84
2017-12-24,CAMP0026,Affiliate,62318,2452,227,26,103.97
2017-08-20,CAMP0027,Affiliate,48736,3691,572,168,219.15
2017-06-01,CAMP0008,Instagram,8905,1313,147,38,167.02
2017-09-09,CAMP0010,Affiliate,38032,3604,464,116,1735.16
2017-09-22,CAMP0012,Organic,35841,416,68,9,391.17
2017-05-02,CAMP0019,Google Search,28884,4282,408,137,1860.03
2017-08-18,CAMP0027,Affiliate,19652,2744,478,111,764.16
2018-03-11,CAMP0021,Referral,54297,3520,251,53,1831.08
2017-01-21,CAMP0007,Email,62850,4288,596,114,192.32
2017-12-14,CAMP0026,Affiliate,113779,10515,1595,461,1225.68
2018-05-07,CAMP0014,Organic,106872,13815,1271,378,651.13
2017-11-16,CAMP0011,Referral,35449,1815,135,46,1408.81
2017-11-11,CAMP0011,Referral,82122,5763,686,128,1087.32
2017-11-03,CAMP0022,Referral,63321,1611,107,37,1296.31
2017-05-31,CAMP0015,Instagram,54365,5630,966,82,175.25
2018-04-13,CAMP0003,Facebook,90376,6266,933,254,1776.43
2018-03-21,CAMP0018,Instagram,41244,3152,463,153,922.37
2017-11-15,CAMP0011,Referral,90123,13441,1352,94,1988.73
2017-05-25,CAMP0015,Instagram,5949,303,52,18,1766.07
2017-04-18,CAMP0019,Google Search,50411,4972,267,88,752.46
2017-08-01,CAMP0028,Facebook,81235,3147,145,44,1575.91
2017-10-23,CAMP0006,Organic,85877,5680,717,188,294.34
2018-05-02,CAMP0003,Facebook,83568,6391,637,153,1058.31
2017-03-11,CAMP0002,Facebook,98209,4836,529,69,1143.12
2018-03-06,CAMP0021,Referral,90263,12350,826,181,1343.6
2017-05-29,CAMP0030,Affiliate,101506,4121,201,58,1403.71
2017-08-11,CAMP0023,Facebook,58536,2998,490,55,728.89
2017-10-27,CAMP0006,Organic,43747,5650,666,185,1405.78
2017-10-03,CAMP0012,Organic,25259,1323,94,24,427.38
2018-03-13,CAMP0020,Google Search,10045,515,56,17,1863.09
2018-03-10,CAMP0021,Referral,72263,8161,896,160,673.18
2017-06-10,CAMP0015,Instagram,74070,9391,819,86,1581.33
2017-05-12,CAMP0029,Organic,43124,2330,400,108,629.15
2017-11-10,CAMP0011,Referral,110225,3808,551,120,249.97
2017-12-29,CAMP0026,Affiliate,25415,3387,248,69,1314.94
2017-07-24,CAMP0016,Email,68800,3674,147,43,60.11
2018-03-21,CAMP0005,Affiliate,96072,7594,557,192,1174.83
2017-09-12,CAMP0010,Affiliate,109713,3907,118,28,247.85
2018-04-14,CAMP0005,Affiliate,94105,13650,2033,161,1089.44
2018-02-15,CAMP0024,Organic,102557,10626,1130,163,1076.36
2017-03-15,CAMP0002,Facebook,58315,6441,209,45,1031.45
2017-11-28,CAMP0022,Referral,119100,4693,766,151,1946.25
2018-04-08,CAMP0005,Affiliate,99471,9649,1318,433,250.17
2018-02-19,CAMP0024,Organic,13626,923,71,5,367.99
2018-03-12,CAMP0018,Instagram,39738,1167,108,11,735.29
2018-01-14,CAMP0004,Instagram,99945,12572,1411,115,1992.56
2017-01-22,CAMP0007,Email,30650,1449,116,24,1689.8
2018-01-22,CAMP0004,Instagram,68244,1933,107,27,1839.17
2018-04-28,CAMP0014,Organic,68091,1631,176,24,826.82
2017-08-17,CAMP0028,Facebook,6441,857,57,14,241.36
2018-03-31,CAMP0005,Affiliate,57787,3762,595,128,1894.98
2018-05-10,CAMP0025,Referral,14113,344,22,5,123.78
2017-12-17,CAMP0026,Affiliate,53043,7482,829,81,358.31
2017-10-29,CAMP0006,Organic,94454,12081,1862,364,353.15
2017-06-09,CAMP0015,Instagram,21334,2472,437,24,1631.02
2017-09-13,CAMP0001,Affiliate,35422,1710,229,30,636.37
2017-06-06,CAMP0015,Instagram,88024,10948,449,59,1989.96
2018-04-04,CAMP0020,Google Search,20430,1802,119,21,1348.88
2017-01-23,CAMP0007,Email,65361,8119,766,204,898.67
2017-12-10,CAMP0022,Referral,114924,13313,1000,234,1770.91
2018-04-21,CAMP0025,Referral,34482,2894,302,82,1796.91
2018-03-08,CAMP0021,Referral,33457,695,51,3,66.37
2017-04-14,CAMP0019,Google Search,82095,3759,593,68,356.78
2018-04-10,CAMP0005,Affiliate,20037,1141,176,46,1960.26
2018-01-08,CAMP0013,Affiliate,43858,2087,261,25,492.59
2018-03-30,CAMP0018,Instagram,83808,12562,1963,373,1056.03
2017-12-06,CAMP0022,Referral,79976,9706,1554,528,1506.85
2017-03-30,CAMP0002,Facebook,6994,513,18,3,1966.9
2018-04-04,CAMP0005,Affiliate,94238,11837,654,62,472.84
2018-03-30,CAMP0018,Instagram,92404,1973,240,70,1730.05
2018-01-16,CAMP0013,Affiliate,112405,4313,400,21,1352.03
2017-11-26,CAMP0022,Referral,114332,7427,585,42,1761.37
2018-03-13,CAMP0021,Referral,17960,2036,150,45,487.43
2018-02-04,CAMP0024,Organic,6731,439,27,8,1621.28
2018-01-17,CAMP0013,Affiliate,44391,5309,857,103,1707.01
2017-07-31,CAMP0016,Email,15047,1966,135,44,1621.3
2018-03-29,CAMP0020,Google Search,112535,5023,836,266,303.46
2018-03-21,CAMP0005,Affiliate,53280,2220,93,9,787.56
2018-01-09,CAMP0013,Affiliate,111201,7670,1110,56,1302.77
2017-08-12,CAMP0016,Email,28041,1671,86,20,820.15
2018-02-18,CAMP0024,Organic,69151,9116,1035,179,290.07
2017-08-09,CAMP0023,Facebook,62449,6042,529,95,786.14
2017-09-10,CAMP0023,Facebook,34836,4395,160,20,1845.35
2017-09-13,CAMP0001,Affiliate,6549,422,48,3,1285.52
2018-04-08,CAMP0014,Organic,28312,1179,183,61,1294.23
2017-08-22,CAMP0016,Email,119836,15662,491,47,62.74
2017-01-17,CAMP0007,Email,82340,10178,1193,279,1188.21
2017-04-08,CAMP0019,Google Search,30640,790,41,11,97.36
2018-04-18,CAMP0014,Organic,41047,6082,540,91,1693.54
2017-08-14,CAMP0023,Facebook,78419,6422,751,49,1831.09
2018-05-04,CAMP0017,Email,33870,3670,366,104,613.6
2017-09-24,CAMP0012,Organic,63674,8763,761,237,1576.24
2018-05-13,CAMP0014,Organic,90020,9612,1349,371,1444.56
2017-09-05,CAMP0010,Affiliate,65149,6906,1152,347,607.66
2018-02-26,CAMP0024,Organic,55420,2948,486,58,770.72
2017-05-30,CAMP0030,Affiliate,71301,3884,533,87,375.95
2017-03-22,CAMP0002,Facebook,110043,7864,1121,237,895.25
2017-06-08,CAMP0008,Instagram,55053,4605,650,132,1734.3
2018-02-28,CAMP0024,Organic,73893,10287,787,184,1292.09
2017-04-07,CAMP0002,Facebook,38758,504,82,23,532.46
2017-11-25,CAMP0022,Referral,33721,4408,522,136,661.0
2017-09-20,CAMP0001,Affiliate,84984,5209,320,46,1359.61
2018-02-05,CAMP0024,Organic,34175,1231,41,14,990.86
2018-05-02,CAMP0025,Referral,70809,7332,1146,155,1156.84
2017-06-04,CAMP0008,Instagram,14000,380,53,12,1735.25
2017-02-07,CAMP0009,Google Search,112867,9994,826,197,533.39
2017-09-10,CAMP0010,Affiliate,87855,4832,545,189,908.32
2018-03-05,CAMP0021,Referral,84201,10979,888,90,1930.81
2017-12-19,CAMP0026,Affiliate,95855,6458,574,56,647.67
2017-01-15,CAMP0009,Google Search,38317,1858,220,43,689.71
2018-03-21,CAMP0020,Google Search,60715,686,68,12,1839.98
2017-09-02,CAMP0010,Affiliate,29093,2848,445,148,1998.52
2017-09-03,CAMP0010,Affiliate,29676,4112,645,57,1480.99
2018-03-13,CAMP0021,Referral,68886,8601,1373,181,359.59
2018-03-06,CAMP0021,Referral,68549,3456,573,103,895.46
2018-05-13,CAMP0014,Organic,48135,6226,615,113,632.79
2017-06-12,CAMP0008,Instagram,68313,7539,622,207,510.5
2017-06-16,CAMP0008,Instagram,85927,10395,392,84,111.95
2018-04-28,CAMP0017,Email,75262,1375,77,12,1352.41
2017-09-19,CAMP0001,Affiliate,8821,657,86,8,1347.84
2018-04-19,CAMP0003,Facebook,55130,7118,266,47,1368.14
2018-02-07,CAMP0004,Instagram,93478,4581,567,42,1450.1
2017-09-16,CAMP0001,Affiliate,25524,3498,351,93,1703.87
2018-02-08,CAMP0004,Instagram,26299,2285,331,79,1945.77
2018-03-29,CAMP0020,Google Search,62354,8864,1043,227,970.72
2018-01-10,CAMP0004,Instagram,94126,7511,772,114,1295.25
2017-01-28,CAMP0007,Email,21411,1094,123,25,1100.82
2018-03-16,CAMP0018,Instagram,119422,1491,215,64,177.07
2017-09-11,CAMP0023,Facebook,118726,1857,298,70,1324.42
2017-08-21,CAMP0010,Affiliate,16764,2292,297,44,265.02
2017-09-14,CAMP0001,Affiliate,116413,4658,443,96,1673.66
2017-01-30,CAMP0009,Google Search,99410,8682,1489,472,1189.98
2018-03-13,CAMP0021,Referral,63003,719,67,19,514.37
2017-07-24,CAMP0016,Email,51883,4717,789,182,183.88
2017-01-13,CAMP0009,Google Search,38450,800,126,27,148.46
2017-08-10,CAMP0028,Facebook,69544,1419,50,5,1513.68
2018-05-18,CAMP0017,Email,40717,503,40,11,118.51
2017-01-26,CAMP0009,Google Search,13484,1567,240,52,507.13
2017-03-23,CAMP0002,Facebook,38237,5638,210,47,1619.07
2018-03-13,CAMP0020,Google Search,96734,3787,593,83,141.77
2017-09-10,CAMP0001,Affiliate,89727,5555,546,173,1739.72
2017-08-08,CAMP0027,Affiliate,111190,4500,293,33,1486.92
2017-08-19,CAMP0027,Affiliate,90925,3905,655,207,1893.53
2017-09-20,CAMP0012,Organic,19493,591,94,28,1965.14
2018-04-17,CAMP0005,Affiliate,13530,1103,54,6,919.58
2017-06-02,CAMP0015,Instagram,87645,9567,323,88,948.31
2018-03-06,CAMP0021,Referral,7345,719,78,20,872.68
2017-01-20,CAMP0009,Google Search,99309,9622,1076,92,467.39
2017-04-04,CAMP0019,Google Search,50742,5158,263,43,1237.24
2017-04-22,CAMP0029,Organic,118795,13736,1254,433,579.84
2017-09-13,CAMP0001,Affiliate,15102,2033,330,70,1162.48
2018-03-04,CAMP0020,Google Search,40738,4196,336,86,1154.0
2017-05-30,CAMP0030,Affiliate,55120,7821,1344,141,786.28
2017-08-25,CAMP0010,Affiliate,97422,7920,1102,236,857.02
2017-01-12,CAMP0009,Google Search,66620,8033,752,207,1198.66
2017-08-03,CAMP0016,Email,71772,7040,380,105,1208.64
2018-02-08,CAMP0024,Organic,18560,2587,240,27,987.46
2017-08-01,CAMP0028,Facebook,97805,5913,516,97,320.9
2017-08-22,CAMP0010,Affiliate,102836,1842,325,82,223.77
2017-01-03,CAMP0007,Email,105595,13712,2290,423,528.59
2017-09-10,CAMP0001,Affiliate,18468,2469,232,50,786.69
2017-11-13,CAMP0022,Referral,53601,1893,93,12,1572.01
2018-01-05,CAMP0013,Affiliate,116593,3011,298,84,727.7
2017-08-14,CAMP0028,Facebook,80547,3750,543,180,686.02
2018-04-12,CAMP0018,Instagram,61496,5306,664,202,841.12
2018-04-27,CAMP0025,Referral,45819,1159,47,11,1769.75
2018-03-05,CAMP0020,Google Search,99148,11746,613,194,772.69
2017-09-06,CAMP0010,Affiliate,35021,1709,95,23,335.85
2018-02-11,CAMP0024,Organic,22108,2259,330,31,1937.17
2017-04-25,CAMP0029,Organic,102575,3527,338,90,919.23
2018-04-22,CAMP0003,Facebook,8733,1100,40,8,708.78
2018-04-19,CAMP0014,Organic,116253,11084,786,160,186.29
2017-08-31,CAMP0023,Facebook,25487,2496,350,107,1979.04
2017-08-06,CAMP0016,Email,18329,1804,80,12,1709.38
2017-11-06,CAMP0011,Referral,30123,1686,53,4,1613.1
2018-04-25,CAMP0025,Referral,63358,2288,360,85,858.75
2017-12-29,CAMP0013,Affiliate,98637,12215,387,129,863.17
2018-05-02,CAMP0014,Organic,58959,7763,247,14,299.05
2017-08-25,CAMP0028,Facebook,43698,2668,374,44,103.22
2017-06-08,CAMP0030,Affiliate,42301,3548,189,56,1416.62
2017-02-04,CAMP0007,Email,115582,16633,2859,808,202.38
2017-10-28,CAMP0006,Organic,110660,3985,363,68,97.43
2017-11-05,CAMP0022,Referral,106152,3934,597,174,388.95
2018-03-09,CAMP0021,Referral,15737,811,81,12,1791.62
2018-04-28,CAMP0014,Organic,6016,694,71,5,618.46
2017-01-16,CAMP0007,Email,53436,6946,614,133,1537.81
2017-12-06,CAMP0022,Referral,117235,5481,745,255,1448.62
2017-09-12,CAMP0001,Affiliate,38018,909,90,5,874.21
2017-06-11,CAMP0008,Instagram,6057,551,32,5,964.52
2017-08-25,CAMP0028,Facebook,107541,8504,317,40,289.31
2017-10-29,CAMP0006,Organic,47939,1634,179,11,1471.91
2017-11-04,CAMP0022,Referral,108460,10946,1900,398,1026.11
2017-06-20,CAMP0008,Instagram,118671,9713,464,123,757.44
2017-12-28,CAMP0026,Affiliate,112954,13659,986,216,1464.22
2018-03-27,CAMP0020,Google Search,118323,8945,851,98,1600.69
2017-10-20,CAMP0006,Organic,118128,12766,807,218,1846.93
2018-04-04,CAMP0018,Instagram,104893,13558,1161,167,930.06
2017-04-16,CAMP0029,Organic,85695,3132,346,72,255.54
2018-03-22,CAMP0005,Affiliate,13084,184,20,6,135.14
2017-12-17,CAMP0026,Affiliate,103648,9832,420,142,1664.64
2017-07-29,CAMP0016,Email,85000,5927,761,204,848.94
2018-05-08,CAMP0014,Organic,56695,7724,559,76,302.13
2018-03-22,CAMP0005,Affiliate,21480,2444,380,129,599.01
2017-08-10,CAMP0016,Email,97224,7959,350,104,786.31
2017-10-07,CAMP0012,Organic,9754,235,24,2,1161.99
2017-05-30,CAMP0015,Instagram,7574,320,33,9,1950.19
2017-08-12,CAMP0023,Facebook,105164,9254,815,155,1416.42
2018-05-03,CAMP0014,Organic,62441,3736,437,34,1434.12
2018-05-15,CAMP0017,Email,45924,1524,236,54,646.64
2017-08-21,CAMP0010,Affiliate,79724,11748,1632,499,340.96
2018-03-13,CAMP0021,Referral,55727,6530,1154,169,1350.78
2018-03-20,CAMP0018,Instagram,11280,165,26,4,1856.02
2017-08-15,CAMP0023,Facebook,87179,3249,99,31,964.16
2018-03-03,CAMP0021,Referral,61908,1917,308,43,1776.37
2017-11-14,CAMP0011,Referral,84404,6973,548,148,557.99
2017-08-14,CAMP0028,Facebook,63371,5704,493,44,667.45
2017-08-23,CAMP0027,Affiliate,28970,2299,182,23,1373.1
2018-01-17,CAMP0013,Affiliate,63186,5908,908,53,1407.8
2018-05-15,CAMP0014,Organic,102722,5021,341,103,725.03
2018-02-20,CAMP0024,Organic,26268,1923,118,21,391.38
2017-08-07,CAMP0027,Affiliate,76415,4311,203,15,1940.43
2017-01-11,CAMP0007,Email,49181,6409,523,94,1642.8
2017-12-01,CAMP0022,Referral,102279,9991,1138,241,1793.43
2018-03-05,CAMP0021,Referral,112203,11322,1404,391,1162.81
2017-04-09,CAMP0029,Organic,47959,6397,931,67,1037.11
2017-08-15,CAMP0027,Affiliate,95967,9815,1155,69,1439.79
2017-06-02,CAMP0015,Instagram,51547,1484,250,83,764.81
2017-01-15,CAMP0007,Email,10874,1342,141,48,832.13
2017-02-01,CAMP0007,Email,8484,498,50,16,1785.62
2017-01-18,CAMP0009,Google Search,72730,2125,237,33,1159.73
2017-11-06,CAMP0011,Referral,73972,2363,387,55,1904.78
2018-05-01,CAMP0014,Organic,45779,6151,653,156,1344.2
2017-08-23,CAMP0028,Facebook,38644,1831,234,25,1419.02
2017-12-25,CAMP0026,Affiliate,55577,3312,574,112,1381.16
2017-09-18,CAMP0001,Affiliate,54547,2898,484,154,443.76
2017-10-28,CAMP0006,Organic,95170,3211,390,47,57.94
2018-03-21,CAMP0018,Instagram,22377,1610,75,15,1761.07
2017-09-10,CAMP0001,Affiliate,91925,11374,1690,414,664.95
2018-05-13,CAMP0014,Organic,75293,10485,1718,446,1738.0
2017-08-18,CAMP0028,Facebook,90696,1537,96,4,1037.63
2017-09-28,CAMP0012,Organic,46127,6037,1005,324,519.78
2017-04-29,CAMP0019,Google Search,114632,2078,267,66,1091.29
2018-01-30,CAMP0024,Organic,92461,6505,326,23,1392.13
2017-06-02,CAMP0015,Instagram,39681,4664,734,245,1922.09
2017-06-15,CAMP0008,Instagram,113247,6742,955,90,577.7
2017-10-26,CAMP0006,Organic,46244,6261,487,32,1931.66
2017-06-12,CAMP0008,Instagram,95624,1780,216,39,1374.62
2018-05-13,CAMP0014,Organic,57727,7401,896,63,1637.58
2017-04-24,CAMP0029,Organic,93306,12846,2022,504,639.12
2017-01-29,CAMP0007,Email,87019,8042,1377,406,468.76
2017-04-14,CAMP0029,Organic,56248,3208,427,55,58.84
2018-03-07,CAMP0018,Instagram,23769,2156,120,6,1462.87
2018-03-11,CAMP0021,Referral,61430,3300,114,34,1549.01
2018-04-04,CAMP0018,Instagram,99169,4909,731,78,74.59
2018-01-13,CAMP0013,Affiliate,101522,6516,1129,110,1957.01
2018-03-25,CAMP0005,Affiliate,95987,11445,1757,436,1868.12
2018-05-15,CAMP0017,Email,26641,757,25,6,1243.04
2017-06-05,CAMP0008,Instagram,103635,7326,908,198,1742.68
2018-03-01,CAMP0021,Referral,94674,9436,593,193,703.94
2017-10-30,CAMP0022,Referral,63805,1564,167,19,1446.48
2017-11-06,CAMP0022,Referral,28975,856,90,15,995.77
2018-04-15,CAMP0005,Affiliate,101148,12443,1005,219,352.19
2018-03-23,CAMP0020,Google Search,86573,9524,1219,150,1010.55
2017-09-18,CAMP0001,Affiliate,60975,7700,337,68,1062.15
2017-08-20,CAMP0016,Email,34098,2409,284,41,1233.25
2017-04-17,CAMP0029,Organic,103626,12900,1133,393,1477.73
2017-05-31,CAMP0030,Affiliate,60255,2701,350,21,1981.68
2017-06-13,CAMP0008,Instagram,38354,3505,568,153,125.27
2018-01-01,CAMP0026,Affiliate,37610,3006,102,20,412.5
2018-04-05,CAMP0018,Instagram,54911,7956,992,120,1752.0
2017-02-01,CAMP0009,Google Search,83886,6355,373,26,1711.79
2018-02-06,CAMP0024,Organic,100448,14921,1234,317,1473.43
2017-06-03,CAMP0008,Instagram,33066,3825,332,60,1996.73
2017-01-23,CAMP0009,Google Search,95078,10660,1335,93,1493.02
2017-04-29,CAMP0019,Google Search,60516,4113,559,64,687.27
2017-03-14,CAMP0002,Facebook,102577,10351,824,280,1946.14
2017-08-20,CAMP0023,Facebook,78941,7682,1161,269,1238.56
2017-11-13,CAMP0011,Referral,17831,2030,81,16,431.96
2018-05-20,CAMP0017,Email,84719,6838,249,84,932.57
2017-06-16,CAMP0008,Instagram,54841,2639,228,72,1073.32
2018-05-02,CAMP0017,Email,55702,2944,363,26,992.75
2017-05-27,CAMP0030,Affiliate,100421,5078,780,72,1573.54
2017-12-14,CAMP0026,Affiliate,21250,2789,129,34,1287.85
2017-09-22,CAMP0012,Organic,51637,4025,609,95,1367.27
2018-01-16,CAMP0004,Instagram,41031,5907,855,44,603.17
2017-08-05,CAMP0028,Facebook,66357,4255,756,39,428.51
2017-04-08,CAMP0019,Google Search,62861,5989,498,119,570.36
2017-09-13,CAMP0023,Facebook,57677,822,118,35,966.98
2018-03-05,CAMP0021,Referral,6325,561,27,1,708.37
2018-04-04,CAMP0020,Google Search,36557,1534,157,34,1532.41
2017-08-18,CAMP0016,Email,14349,245,36,6,1917.86
2017-08-06,CAMP0028,Facebook,20046,2704,437,80,431.01
2018-04-23,CAMP0025,Referral,62164,1175,209,19,530.6
2018-03-29,CAMP0018,Instagram,18940,2229,376,20,619.23
2018-01-06,CAMP0013,Affiliate,71975,8193,1130,81,1072.99
2018-04-22,CAMP0005,Affiliate,94464,10376,1830,454,1841.07
2017-09-17,CAMP0001,Affiliate,115481,10997,886,292,322.58
2017-01-16,CAMP0007,Email,92014,13364,2115,363,1194.13
2018-03-04,CAMP0021,Referral,52078,2787,456,62,1639.51
2017-03-12,CAMP0002,Facebook,8350,310,49,8,1381.52
2017-06-12,CAMP0008,Instagram,64719,2647,222,62,1396.84
2017-04-10,CAMP0019,Google Search,31707,3147,172,31,1391.51
2017-04-25,CAMP0019,Google Search,34470,4662,658,190,1240.03
2017-09-21,CAMP0001,Affiliate,70485,3663,565,117,647.75
2018-04-18,CAMP0025,Referral,84856,1818,283,91,1799.16
2017-06-19,CAMP0008,Instagram,85166,9153,984,261,1568.34
2018-05-03,CAMP0025,Referral,116302,16878,2602,617,166.64
2017-09-10,CAMP0023,Facebook,55138,1823,227,75,349.68
2018-03-10,CAMP0020,Google Search,91487,4013,190,10,1819.33
2018-04-18,CAMP0025,Referral,11697,426,40,12,1821.74
2017-09-07,CAMP0023,Facebook,76523,11155,1012,74,1293.6
2018-03-04,CAMP0018,Instagram,30271,4360,465,67,1655.44
2017-10-24,CAMP0006,Organic,60619,2774,212,65,1162.64
2018-01-11,CAMP0004,Instagram,109728,2373,133,17,928.81
2018-05-08,CAMP0017,Email,50431,5087,696,75,1032.98
2017-09-24,CAMP0012,Organic,100236,13688,2070,641,288.86
2017-08-12,CAMP0023,Facebook,50474,2723,409,67,1184.76
2017-06-10,CAMP0030,Affiliate,63207,5465,226,60,191.3
2018-02-28,CAMP0021,Referral,102036,14906,2149,729,1289.09
2018-03-22,CAMP0005,Affiliate,80239,9833,825,284,894.18
2018-03-05,CAMP0020,Google Search,49668,3082,246,46,678.79
2017-04-22,CAMP0029,Organic,101487,11701,997,343,1447.55
2018-03-11,CAMP0021,Referral,21324,221,12,3,618.19
2018-03-09,CAMP0020,Google Search,86488,4025,602,210,1117.97
2017-08-07,CAMP0016,Email,17726,1969,247,24,1690.25
2017-01-24,CAMP0007,Email,47159,3452,177,15,335.4
2018-05-09,CAMP0017,Email,81966,9218,528,174,1181.8
2018-04-19,CAMP0005,Affiliate,78707,9417,1144,163,339.33
2018-02-28,CAMP0024,Organic,111210,4246,270,26,1262.67
2017-12-19,CAMP0026,Affiliate,80400,4602,209,47,1739.29
2017-05-20,CAMP0015,Instagram,57866,7688,1161,261,1438.9
2017-06-02,CAMP0015,Instagram,37852,3551,365,77,959.8
2017-04-04,CAMP0019,Google Search,11800,1124,182,14,539.96
2018-04-05,CAMP0003,Facebook,55608,957,160,41,1058.71
2017-11-07,CAMP0011,Referral,104313,13231,598,106,1543.1
2017-05-09,CAMP0029,Organic,63473,4811,554,128,1494.11
2017-12-16,CAMP0026,Affiliate,30173,2903,172,51,360.86
2017-01-27,CAMP0007,Email,16283,567,90,20,322.12
2018-05-17,CAMP0025,Referral,22562,1062,189,35,880.47
2018-02-22,CAMP0024,Organic,53926,5403,272,56,148.32
2017-10-23,CAMP0006,Organic,72459,7884,1399,486,1773.88
2017-11-19,CAMP0022,Referral,18194,521,22,2,896.07
2018-02-19,CAMP0004,Instagram,30166,2458,430,134,1171.3
2017-08-07,CAMP0027,Affiliate,40432,5069,648,195,364.54
2017-03-24,CAMP0002,Facebook,63428,1051,163,54,1760.67
2018-01-02,CAMP0026,Affiliate,6315,512,34,6,684.54
2017-03-24,CAMP0002,Facebook,47997,7191,1044,72,449.25
2017-09-11,CAMP0001,Affiliate,35821,1088,134,38,100.74
2018-03-28,CAMP0018,Instagram,78507,6529,974,315,493.11
2018-02-26,CAMP0024,Organic,74943,11106,650,198,640.84
2017-04-30,CAMP0019,Google Search,93390,1253,106,29,1188.07
2017-06-08,CAMP0008,Instagram,63223,3695,470,153,206.97
2017-09-27,CAMP0012,Organic,98643,4929,163,42,1090.57
2018-03-11,CAMP0021,Referral,58229,851,66,11,1775.2
2017-08-06,CAMP0016,Email,48562,7248,597,69,1884.61
2018-01-29,CAMP0024,Organic,39995,451,35,4,955.84
2018-04-22,CAMP0005,Affiliate,74211,2285,278,84,1499.22
2017-08-22,CAMP0010,Affiliate,94756,1602,153,33,1204.9
2017-08-30,CAMP0023,Facebook,23140,1378,162,55,1317.83
2018-04-17,CAMP0005,Affiliate,6915,723,37,12,1111.58
2018-03-01,CAMP0021,Referral,25003,1413,91,9,155.63
2018-05-20,CAMP0017,Email,74274,6188,187,44,758.06
2017-06-07,CAMP0030,Affiliate,34869,3573,126,13,1376.37
2018-04-29,CAMP0025,Referral,61086,803,131,23,965.91
2018-04-24,CAMP0003,Facebook,67859,4820,785,42,1658.15
2017-11-01,CAMP0006,Organic,67213,8633,869,84,1676.4
2017-08-01,CAMP0028,Facebook,6696,937,81,12,1477.06
2017-05-27,CAMP0015,Instagram,55890,7964,1180,198,759.79
2018-03-19,CAMP0018,Instagram,6007,390,17,2,1802.48
2017-08-25,CAMP0010,Affiliate,109452,3378,255,69,481.01
2018-03-04,CAMP0020,Google Search,68377,8085,570,119,175.65
2018-01-07,CAMP0013,Affiliate,54220,6134,743,194,1144.24
2018-01-03,CAMP0026,Affiliate,97942,9784,1305,125,1193.9
2017-11-12,CAMP0011,Referral,38647,5730,688,64,119.81
2017-01-21,CAMP0007,Email,6016,442,15,2,720.97
2017-04-09,CAMP0019,Google Search,32788,2939,122,36,1333.74
2017-01-11,CAMP0007,Email,58612,2649,239,75,425.67
2017-08-25,CAMP0028,Facebook,88240,8552,307,37,1589.09
2017-06-05,CAMP0030,Affiliate,61534,6922,360,87,1214.35
2018-01-17,CAMP0004,Instagram,107289,14177,2250,500,286.8
2017-10-16,CAMP0006,Organic,42215,6232,1095,251,1841.58
2017-04-28,CAMP0019,Google Search,115937,8457,954,253,344.36
2017-05-25,CAMP0030,Affiliate,15838,1168,142,40,1569.84
2017-04-04,CAMP0019,Google Search,105528,10170,394,129,926.74
2017-05-26,CAMP0015,Instagram,20911,1785,125,32,72.01
2017-01-28,CAMP0009,Google Search,18156,784,71,17,690.32
2018-05-07,CAMP0025,Referral,72511,10685,1594,339,219.29
2018-04-08,CAMP0018,Instagram,80334,5959,796,242,1805.63
2018-04-19,CAMP0005,Affiliate,6652,145,23,4,1449.65
2017-08-31,CAMP0010,Affiliate,17439,239,31,1,782.7
2017-04-04,CAMP0019,Google Search,16138,1543,255,46,1860.39
2017-08-15,CAMP0023,Facebook,22425,2198,297,88,1218.19
2018-04-13,CAMP0014,Organic,59161,4920,769,64,991.21
2018-04-19,CAMP0025,Referral,61916,4407,479,29,132.81
2018-05-12,CAMP0017,Email,23227,1069,135,16,1974.51
2018-01-08,CAMP0013,Affiliate,87773,3822,268,86,110.51
2017-10-23,CAMP0006,Organic,70394,7962,703,97,382.67
2017-08-17,CAMP0016,Email,114775,7187,821,174,812.11
2017-04-27,CAMP0019,Google Search,41563,5849,363,106,1807.79
2017-11-06,CAMP0011,Referral,16102,1347,204,22,1167.45
2017-02-07,CAMP0009,Google Search,57469,1747,83,6,1697.14
2017-11-02,CAMP0006,Organic,62217,4329,752,101,165.88
2017-09-05,CAMP0023,Facebook,97099,1965,64,3,1022.13
2018-05-01,CAMP0014,Organic,84123,4430,555,135,1199.32
2017-09-15,CAMP0001,Affiliate,118882,6618,866,100,823.04
2017-04-14,CAMP0019,Google Search,72541,8913,998,348,599.7
2017-09-24,CAMP0012,Organic,19656,1036,76,10,465.92
2017-12-16,CAMP0026,Affiliate,12169,329,29,7,1468.92
2017-11-11,CAMP0022,Referral,117542,7770,571,39,1568.33
2018-02-13,CAMP0004,Instagram,41838,5532,841,142,1121.3
2017-06-02,CAMP0008,Instagram,67516,9927,1662,441,1468.2
2017-06-20,CAMP0008,Instagram,64105,4183,601,48,91.49
2017-12-20,CAMP0026,Affiliate,114102,6478,761,85,1923.22
2017-11-12,CAMP0011,Referral,100960,5196,744,233,1453.43
2018-02-07,CAMP0024,Organic,26590,2275,152,38,1061.74
2017-05-26,CAMP0015,Instagram,45582,2171,255,51,900.82
2018-05-03,CAMP0003,Facebook,117508,6859,352,44,845.71
2017-08-17,CAMP0016,Email,58047,2688,343,104,303.42
2017-02-06,CAMP0009,Google Search,46136,824,113,28,1763.79
2017-05-06,CAMP0019,Google Search,65524,4900,522,76,1409.03
2017-09-17,CAMP0001,Affiliate,40119,3400,242,47,974.14
2017-11-09,CAMP0011,Referral,8169,910,123,8,1516.31
2018-05-05,CAMP0014,Organic,81911,10625,1129,95,607.16
2017-05-31,CAMP0015,Instagram,105930,9352,851,224,965.18
2017-08-11,CAMP0027,Affiliate,41983,1859,285,85,660.25
2018-03-27,CAMP0020,Google Search,60726,1387,57,18,1403.21
2018-04-11,CAMP0005,Affiliate,8179,893,50,9,944.49
2018-05-06,CAMP0014,Organic,20913,2224,199,57,412.03
2018-05-10,CAMP0017,Email,106017,5780,200,63,1751.55
2017-06-02,CAMP0030,Affiliate,75194,1774,258,22,1304.64
2018-03-12,CAMP0021,Referral,88762,5598,937,68,1332.89
2017-04-24,CAMP0019,Google Search,74170,2008,259,56,609.03
2017-08-21,CAMP0027,Affiliate,47119,4749,517,175,499.72
2018-05-24,CAMP0017,Email,56586,4362,213,36,735.98
2018-04-05,CAMP0020,Google Search,82126,7317,256,75,1268.85
2018-01-18,CAMP0004,Instagram,46191,2938,343,26,1352.95
2017-09-17,CAMP0001,Affiliate,22656,924,65,20,146.6
2017-06-15,CAMP0008,Instagram,47356,2824,173,47,902.53
2017-04-18,CAMP0029,Organic,86642,10263,1562,353,1769.21
2017-02-07,CAMP0009,Google Search,59876,4408,784,74,758.31
2017-11-20,CAMP0022,Referral,85478,7024,1198,244,644.99
2018-03-11,CAMP0018,Instagram,116150,5096,418,46,1552.07
2018-03-11,CAMP0021,Referral,72849,986,130,23,1308.52
2018-03-01,CAMP0021,Referral,57718,3985,681,72,82.35
2018-05-10,CAMP0017,Email,51833,5502,494,161,830.66
2017-04-29,CAMP0019,Google Search,76532,2591,153,29,512.9
2017-11-18,CAMP0022,Referral,36228,1456,102,8,1491.46
2017-09-20,CAMP0012,Organic,82451,12067,622,192,1872.31
2018-03-27,CAMP0020,Google Search,72572,4759,332,76,959.58
2017-10-30,CAMP0022,Referral,119877,11165,1492,391,1796.47
2018-05-19,CAMP0017,Email,65853,9091,1154,358,895.02
2018-02-19,CAMP0024,Organic,22225,3034,439,145,782.37
2017-07-29,CAMP0016,Email,62965,2119,360,100,786.49
2017-01-15,CAMP0007,Email,68248,9631,648,75,1870.22
2017-06-08,CAMP0008,Instagram,62017,1219,216,48,602.49
2018-05-17,CAMP0017,Email,82901,8138,660,45,1035.73
2017-05-22,CAMP0030,Affiliate,79925,3759,576,31,230.44
2018-01-06,CAMP0013,Affiliate,49273,7212,522,86,1135.93
2017-10-16,CAMP0006,Organic,24856,1845,135,25,1370.52
2017-11-08,CAMP0011,Referral,12841,823,137,22,641.06
2017-05-15,CAMP0029,Organic,27262,3548,300,67,1358.47
2017-08-01,CAMP0016,Email,69552,8531,844,287,272.89
2017-10-04,CAMP0012,Organic,97789,5035,742,232,725.43
2018-02-24,CAMP0024,Organic,85317,1744,153,26,1412.17
2018-01-01,CAMP0026,Affiliate,55379,7048,867,232,699.47
2017-08-21,CAMP0010,Affiliate,96968,3465,177,61,767.1
2017-07-31,CAMP0027,Affiliate,84074,3065,521,45,61.39
2017-04-16,CAMP0019,Google Search,54776,7935,276,18,513.47
2017-12-28,CAMP0013,Affiliate,8783,751,108,17,1527.38
2018-03-07,CAMP0021,Referral,100571,1346,207,71,116.54
2017-11-22,CAMP0022,Referral,32406,1809,77,19,735.91
2018-02-06,CAMP0004,Instagram,95669,1862,300,84,1433.54
2017-04-22,CAMP0029,Organic,112125,15263,1934,350,1762.08
2017-04-22,CAMP0019,Google Search,29055,2688,414,40,1605.53
2017-11-05,CAMP0011,Referral,51789,641,106,16,424.06
2017-06-03,CAMP0008,Instagram,105071,3721,214,36,441.45
2018-03-07,CAMP0018,Instagram,112152,10629,1502,98,239.36
2017-12-22,CAMP0026,Affiliate,70523,4953,269,44,1317.88
2017-08-23,CAMP0027,Affiliate,70119,9911,571,61,1976.73
2017-10-30,CAMP0006,Organic,92683,6996,910,300,1332.05
2018-03-25,CAMP0005,Affiliate,8477,879,117,25,1870.65
2017-09-01,CAMP0010,Affiliate,61321,4898,546,98,900.45
2017-09-17,CAMP0001,Affiliate,9259,762,126,29,354.79
2018-05-02,CAMP0003,Facebook,41795,4929,815,74,1939.23
2018-03-06,CAMP0018,Instagram,21053,1140,111,12,526.48
2018-02-06,CAMP0024,Organic,71915,2338,230,71,601.35
2017-09-02,CAMP0023,Facebook,75552,9156,529,132,1159.59
2018-04-20,CAMP0014,Organic,60403,6055,562,115,357.21
2018-05-14,CAMP0014,Organic,5170,456,66,4,804.75
2018-04-03,CAMP0018,Instagram,8420,391,16,4,1289.04
2017-09-22,CAMP0001,Affiliate,33520,466,38,8,1240.1
2018-03-14,CAMP0005,Affiliate,56658,3567,125,27,317.24
2018-05-03,CAMP0017,Email,25036,823,108,17,457.97
2018-04-19,CAMP0025,Referral,89763,4334,248,82,692.38
2017-06-05,CAMP0030,Affiliate,92089,2471,184,27,819.16
2018-02-07,CAMP0024,Organic,108307,13797,591,134,1580.29
2018-04-28,CAMP0017,Email,77558,2498,332,82,691.24
2018-05-03,CAMP0003,Facebook,10230,148,24,4,202.2
2018-02-21,CAMP0024,Organic,111621,2505,192,56,1336.0
2017-08-28,CAMP0010,Affiliate,103523,11653,1834,578,830.04
2017-11-12,CAMP0011,Referral,70207,3525,417,37,218.4
2017-12-26,CAMP0026,Affiliate,14203,1931,66,12,1832.28
2017-09-04,CAMP0023,Facebook,97134,11976,2077,332,746.88
2018-01-05,CAMP0013,Affiliate,18219,1968,287,67,995.1
2017-04-09,CAMP0029,Organic,98020,7215,627,177,566.58
2017-08-19,CAMP0027,Affiliate,46715,5733,800,89,880.17
2018-02-16,CAMP0024,Organic,103775,3094,506,26,652.82
2017-05-28,CAMP0015,Instagram,71936,8406,566,57,1188.68
2017-10-29,CAMP0022,Referral,22706,438,77,4,1075.25
2018-04-23,CAMP0003,Facebook,59558,5919,258,72,1813.58
2017-09-21,CAMP0012,Organic,35935,3547,515,92,496.39
2017-10-16,CAMP0006,Organic,86567,4433,769,219,386.0
2017-01-28,CAMP0009,Google Search,15351,2075,180,13,977.35
2017-08-25,CAMP0016,Email,21937,1181,40,9,1193.66
2017-08-16,CAMP0028,Facebook,60027,2237,272,13,1194.98
2017-09-22,CAMP0001,Affiliate,115960,8008,968,320,931.69
2018-03-01,CAMP0018,Instagram,69964,4414,363,56,1668.58
2018-02-13,CAMP0004,Instagram,39562,4510,673,216,1349.6
2017-10-22,CAMP0006,Organic,11961,941,105,8,1553.96
2017-09-24,CAMP0012,Organic,11909,1256,79,7,1669.73
2018-04-18,CAMP0003,Facebook,57524,6216,312,106,1714.73
2017-04-10,CAMP0019,Google Search,113812,15110,1901,459,1851.81
2018-02-15,CAMP0004,Instagram,104677,3820,392,91,1057.85
2018-03-09,CAMP0021,Referral,100391,7774,923,253,905.21
2018-05-11,CAMP0025,Referral,100344,8769,489,87,623.21
2017-09-26,CAMP0012,Organic,85742,11163,1716,266,1863.8
2017-04-10,CAMP0019,Google Search,13257,1848,83,29,234.01
2017-08-16,CAMP0028,Facebook,11788,1297,100,5,1090.03
2018-04-26,CAMP0025,Referral,89496,939,115,39,1442.29
2017-09-13,CAMP0023,Facebook,79826,2138,375,53,1573.88
2018-01-21,CAMP0024,Organic,94375,4093,226,21,284.75
2017-10-27,CAMP0006,Organic,35624,3055,381,28,916.66
2017-04-07,CAMP0029,Organic,67189,5887,494,42,1116.1
2017-07-25,CAMP0016,Email,99211,11943,532,72,1349.39
2018-04-20,CAMP0003,Facebook,56590,6491,1138,96,1486.22
2017-06-08,CAMP0015,Instagram,26622,2223,217,58,346.55
2018-02-22,CAMP0004,Instagram,32050,358,17,3,1208.87
2018-05-20,CAMP0025,Referral,85142,5578,785,198,1612.72
2017-01-16,CAMP0009,Google Search,45534,2339,417,48,1689.98
2017-04-10,CAMP0002,Facebook,109981,9874,1097,280,89.07
2018-02-20,CAMP0024,Organic,102516,13246,2147,556,1847.92
2018-05-07,CAMP0014,Organic,41162,1034,157,19,1769.86
2017-08-19,CAMP0016,Email,83327,3184,499,98,90.22
2017-10-18,CAMP0006,Organic,84452,6184,494,37,50.24
2017-08-13,CAMP0027,Affiliate,24055,3054,370,36,1886.77
2017-09-08,CAMP0023,Facebook,73406,7876,1261,407,1545.3
2017-04-16,CAMP0029,Organic,20175,2056,287,22,260.78
2017-08-17,CAMP0023,Facebook,61163,8677,1050,289,1873.07
2017-11-17,CAMP0011,Referral,101318,13735,1506,139,1964.86
2017-08-11,CAMP0016,Email,8775,492,47,15,1449.18
2017-05-11,CAMP0029,Organic,107852,12525,843,160,1415.85
2017-11-25,CAMP0022,Referral,31660,2555,326,101,1611.35
2017-05-12,CAMP0029,Organic,76059,2446,436,25,698.6
2017-04-27,CAMP0019,Google Search,115129,5932,633,51,735.38
2018-05-22,CAMP0025,Referral,6139,755,41,9,1083.98
2017-08-19,CAMP0010,Affiliate,41402,3493,367,67,1698.01
2017-01-11,CAMP0007,Email,61535,1887,259,59,1814.7
2018-01-23,CAMP0004,Instagram,86985,11479,1407,351,689.63
2017-09-14,CAMP0001,Affiliate,39433,5057,167,55,1041.34
2017-09-14,CAMP0023,Facebook,109565,1238,117,10,972.42
2018-04-04,CAMP0020,Google Search,69534,10175,1667,249,1448.11
2017-10-24,CAMP0006,Organic,44039,5584,616,172,847.9
2018-04-02,CAMP0003,Facebook,108792,15088,826,281,887.99
2018-01-26,CAMP0004,Instagram,84195,9282,1252,396,1856.48
2018-02-06,CAMP0004,Instagram,108404,1258,165,34,1998.61
2017-01-13,CAMP0009,Google Search,74603,3206,116,30,65.41
2017-11-05,CAMP0022,Referral,50174,4866,258,74,1448.32
2018-04-05,CAMP0003,Facebook,64068,1972,79,11,1209.95
2018-02-12,CAMP0024,Organic,91447,8075,397,42,1594.99
2017-08-04,CAMP0027,Affiliate,94651,1228,176,11,371.71
2017-03-15,CAMP0002,Facebook,68168,3205,329,43,429.27
2017-09-11,CAMP0010,Affiliate,79797,7405,224,59,1231.01
2017-06-01,CAMP0030,Affiliate,67529,6407,811,118,936.8
2017-10-30,CAMP0006,Organic,87284,1746,264,63,1531.0
2017-08-05,CAMP0027,Affiliate,113508,12112,1743,156,1577.44
2017-01-19,CAMP0007,Email,82640,6187,212,17,1673.42
2017-10-24,CAMP0006,Organic,23203,439,35,5,432.81
2017-05-30,CAMP0030,Affiliate,53747,6316,682,171,1891.43
2017-06-10,CAMP0015,Instagram,50200,2113,121,24,1247.93
2017-09-22,CAMP0012,Organic,52646,6040,1023,307,353.71
2018-03-12,CAMP0020,Google Search,76632,8890,1369,341,510.66
2017-06-08,CAMP0008,Instagram,65927,3186,355,115,175.46
2018-02-05,CAMP0004,Instagram,82832,4719,811,137,314.71
2017-11-09,CAMP0011,Referral,46506,5607,395,121,1677.39
2018-04-22,CAMP0005,Affiliate,47776,4510,729,247,1074.76
2017-01-25,CAMP0007,Email,77109,4920,310,83,1781.79
2017-10-27,CAMP0006,Organic,108586,12224,670,172,1064.27
2018-04-02,CAMP0018,Instagram,98136,3924,190,14,1320.31
2018-03-20,CAMP0020,Google Search,94168,1805,66,4,1518.85
2018-03-03,CAMP0021,Referral,13996,811,47,5,921.92
2017-09-26,CAMP0012,Organic,43315,4057,637,177,1967.8
2018-04-09,CAMP0014,Organic,59290,7596,419,44,165.95
2017-05-24,CAMP0015,Instagram,96863,4215,530,127,1482.49
2017-08-11,CAMP0023,Facebook,63046,3454,352,26,957.97
2017-11-16,CAMP0011,Referral,69717,5935,434,124,1355.24
2018-03-11,CAMP0020,Google Search,60004,2142,72,8,1175.14
2018-03-25,CAMP0018,Instagram,108453,4612,208,35,1726.45
2018-03-03,CAMP0021,Referral,76106,9717,1725,95,969.84
2017-05-31,CAMP0015,Instagram,83642,9211,1311,317,365.37
2017-06-10,CAMP0015,Instagram,96044,10180,1282,240,1815.8
2018-04-26,CAMP0014,Organic,37873,5128,293,85,169.95
2018-03-30,CAMP0020,Google Search,34621,1987,235,18,575.69
2018-04-25,CAMP0014,Organic,104281,11186,872,231,1945.46
2018-04-15,CAMP0003,Facebook,55449,4656,172,53,1263.0
2018-04-06,CAMP0003,Facebook,63877,3789,194,11,213.81
2018-04-18,CAMP0014,Organic,34129,2150,78,12,938.24
2018-01-10,CAMP0004,Instagram,12064,1260,152,16,528.3
2017-09-07,CAMP0023,Facebook,9000,918,61,7,1223.57
2017-08-15,CAMP0016,Email,81348,8332,671,61,1363.12
2017-11-14,CAMP0011,Referral,73204,9157,719,51,1359.19
2017-12-30,CAMP0026,Affiliate,35214,446,74,16,203.36
2018-04-18,CAMP0005,Affiliate,106881,13400,2338,300,369.34
2017-01-31,CAMP0009,Google Search,107975,12759,1475,125,1306.44
2018-04-10,CAMP0005,Affiliate,80094,3467,174,49,1076.95
2018-01-25,CAMP0024,Organic,21640,2121,215,65,1505.38
2017-01-11,CAMP0007,Email,12702,1077,41,3,1343.19
2017-11-09,CAMP0011,Referral,65326,3530,176,53,951.75
2018-01-21,CAMP0004,Instagram,31872,4395,301,33,77.61
2017-06-02,CAMP0015,Instagram,97269,8613,833,62,710.75
2018-03-17,CAMP0005,Affiliate,100475,3962,550,158,1643.25
2018-01-23,CAMP0024,Organic,14175,388,12,2,400.03
2017-10-29,CAMP0006,Organic,82725,4529,422,64,1896.91
2018-04-09,CAMP0005,Affiliate,63742,8879,1018,341,1023.92
2017-06-02,CAMP0030,Affiliate,91200,11450,755,223,1265.15
2017-01-08,CAMP0007,Email,8055,939,33,4,738.61
2017-03-26,CAMP0002,Facebook,46052,710,107,17,1053.44
2018-04-28,CAMP0025,Referral,24957,2955,188,12,351.65
2017-12-31,CAMP0026,Affiliate,58276,2706,485,142,1543.56
2017-04-07,CAMP0019,Google Search,52348,3314,525,117,202.5
2018-04-29,CAMP0003,Facebook,105525,5845,955,234,805.08
2017-09-02,CAMP0010,Affiliate,72349,10291,382,87,1450.0
2017-07-31,CAMP0027,Affiliate,56400,7531,1168,194,264.84
2017-11-12,CAMP0011,Referral,98412,1971,136,31,1240.55
2018-01-14,CAMP0013,Affiliate,89603,2442,158,50,352.95
2017-08-08,CAMP0028,Facebook,25255,2318,308,95,877.25
2017-01-25,CAMP0007,Email,67128,5573,799,148,947.29
2017-01-20,CAMP0007,Email,68918,7676,493,25,1400.12
2018-01-01,CAMP0013,Affiliate,100036,3049,194,46,1996.54
2018-05-17,CAMP0025,Referral,70184,6267,191,47,312.62
2018-05-11,CAMP0017,Email,92949,9101,292,68,118.81
2017-09-30,CAMP0012,Organic,86302,11345,1405,462,1092.94
2017-05-05,CAMP0029,Organic,78215,9175,1220,235,1380.37
2018-05-02,CAMP0025,Referral,33249,3374,134,30,291.52
2018-03-05,CAMP0021,Referral,75067,8125,485,118,1353.43
2017-10-01,CAMP0012,Organic,46673,6257,811,152,972.62
2018-03-21,CAMP0020,Google Search,115336,16544,2464,706,97.68
2017-05-22,CAMP0030,Affiliate,94933,10240,1294,400,458.91
2018-03-05,CAMP0020,Google Search,94306,12110,1935,445,541.2
2017-10-11,CAMP0012,Organic,29155,666,117,23,670.94
2017-11-10,CAMP0011,Referral,64975,6496,472,133,712.2
2018-03-11,CAMP0021,Referral,25448,1891,306,104,1150.44
2018-03-13,CAMP0021,Referral,67518,6947,335,88,1745.83
2018-04-02,CAMP0003,Facebook,18684,946,28,6,1408.72
2017-09-11,CAMP0010,Affiliate,11515,155,8,0,1133.81
2017-08-21,CAMP0027,Affiliate,10648,224,33,4,1102.06
2018-05-12,CAMP0017,Email,32850,1628,94,27,752.66
2017-03-20,CAMP0002,Facebook,66121,1713,101,32,1095.03
2017-04-15,CAMP0019,Google Search,59894,8950,847,134,625.84
2018-05-13,CAMP0017,Email,48276,4096,689,123,1430.84
2017-09-12,CAMP0001,Affiliate,54524,4060,274,45,187.79
2017-12-18,CAMP0026,Affiliate,80751,2373,71,20,559.44
2018-03-26,CAMP0005,Affiliate,57356,4408,228,79,1515.91
2017-05-20,CAMP0015,Instagram,31206,2082,120,36,1459.86
2017-11-12,CAMP0011,Referral,49884,4077,731,170,1276.59
2017-01-23,CAMP0007,Email,81640,9815,548,124,847.91
2017-11-06,CAMP0011,Referral,57840,6149,741,93,481.87
2017-08-02,CAMP0016,Email,12683,1127,105,13,1892.64
2018-05-06,CAMP0017,Email,42575,3321,167,47,841.44
2017-09-17,CAMP0001,Affiliate,83784,6069,823,157,1815.81
2018-05-24,CAMP0017,Email,75741,785,86,10,1053.42
2017-01-14,CAMP0009,Google Search,6795,679,42,9,689.37
2017-06-18,CAMP0008,Instagram,28107,1870,101,7,1262.02
2017-06-05,CAMP0030,Affiliate,76215,11044,767,174,915.34
2018-05-19,CAMP0025,Referral,20341,2648,366,32,1118.48
2017-04-07,CAMP0002,Facebook,58470,4021,520,87,642.58
2017-01-21,CAMP0007,Email,14695,1640,96,4,1446.27
2018-05-21,CAMP0017,Email,17681,1149,99,22,1971.97
2017-10-20,CAMP0006,Organic,80483,963,47,6,1304.76
2017-10-23,CAMP0006,Organic,53612,3235,267,69,948.24
2017-01-14,CAMP0009,Google Search,78997,10026,1041,327,1613.94
2017-09-14,CAMP0001,Affiliate,74101,6370,843,267,940.91
2017-06-02,CAMP0030,Affiliate,117001,17021,2183,403,1466.18
2018-03-26,CAMP0020,Google Search,43138,1089,114,34,659.98
2017-05-26,CAMP0030,Affiliate,113492,15361,2032,338,559.44
2018-03-23,CAMP0020,Google Search,91020,12854,1227,251,420.56
2018-03-24,CAMP0020,Google Search,20192,2766,123,9,1490.56
2017-08-08,CAMP0028,Facebook,5418,540,93,16,1953.08
2017-11-10,CAMP0011,Referral,108538,15165,1575,470,1609.79
2017-10-20,CAMP0006,Organic,102205,6178,832,260,1835.86
2017-12-20,CAMP0026,Affiliate,80381,10851,749,86,1258.33
2017-05-31,CAMP0015,Instagram,42981,1108,67,15,161.84
2017-11-01,CAMP0006,Organic,30790,1206,56,5,1417.09
2017-08-04,CAMP0027,Affiliate,41447,5928,241,35,841.52
2017-03-29,CAMP0002,Facebook,93668,10300,772,50,636.48
2017-07-27,CAMP0016,Email,31700,2742,458,60,1080.12
2018-04-15,CAMP0014,Organic,87992,11424,795,73,1225.58
2017-04-16,CAMP0019,Google Search,36294,3481,303,62,1721.83
2017-08-19,CAMP0028,Facebook,42544,5925,1000,102,158.69
2017-10-30,CAMP0022,Referral,86481,8530,441,149,568.74
2017-07-29,CAMP0027,Affiliate,32904,2765,218,16,600.75
2017-04-16,CAMP0019,Google Search,43643,6459,222,76,880.91
2018-03-06,CAMP0021,Referral,23602,338,30,3,1608.34
2017-03-29,CAMP0002,Facebook,23701,2346,172,12,430.06
2018-01-31,CAMP0024,Organic,9475,328,18,5,723.65
2017-08-03,CAMP0028,Facebook,83102,11966,1948,283,347.03
2017-11-17,CAMP0011,Referral,33629,1823,213,28,1225.26
2017-01-28,CAMP0007,Email,79915,11329,584,119,472.01
2017-10-18,CAMP0006,Organic,96255,10049,1214,163,1514.97
2018-02-23,CAMP0024,Organic,112735,9577,581,56,255.69
2017-06-03,CAMP0015,Instagram,66408,3955,606,147,1684.06
2017-06-03,CAMP0015,Instagram,114398,6697,827,200,1829.57
2018-05-09,CAMP0014,Organic,98027,2625,268,35,703.3
2017-04-10,CAMP0019,Google Search,9635,606,25,4,1657.72
2018-05-06,CAMP0017,Email,119362,3763,554,100,1921.13
2018-03-20,CAMP0018,Instagram,101880,9796,598,161,116.53
2017-11-13,CAMP0022,Referral,108908,6300,633,44,1622.06
2018-04-16,CAMP0005,Affiliate,11502,1321,164,9,1007.88
2017-01-29,CAMP0009,Google Search,81857,6047,672,218,568.46
2017-08-30,CAMP0010,Affiliate,15120,466,69,6,1039.04
2018-01-04,CAMP0013,Affiliate,49068,6271,379,125,1887.83
2017-10-24,CAMP0006,Organic,55962,5663,397,87,192.29
2017-06-03,CAMP0008,Instagram,33994,2501,380,32,79.26
2017-08-04,CAMP0027,Affiliate,104601,10121,1486,246,978.52
2017-04-26,CAMP0019,Google Search,58159,1628,283,85,698.01
2018-04-11,CAMP0005,Affiliate,107057,3462,560,120,286.97
2017-08-04,CAMP0028,Facebook,117433,3773,271,66,1399.58
2018-03-25,CAMP0020,Google Search,67566,8003,1049,231,1124.32
2017-09-17,CAMP0001,Affiliate,112897,11090,411,105,1319.32
2018-02-21,CAMP0024,Organic,36595,1430,149,34,765.41
2017-09-27,CAMP0012,Organic,94794,5988,463,147,1767.39
2018-04-03,CAMP0005,Affiliate,13360,1776,228,46,707.59
2017-10-19,CAMP0006,Organic,119051,11190,1821,605,451.3
2018-03-22,CAMP0005,Affiliate,106961,5485,436,124,793.65
2017-09-11,CAMP0001,Affiliate,52006,4154,366,77,530.1
2018-04-29,CAMP0017,Email,16071,507,57,16,852.6
2017-12-21,CAMP0026,Affiliate,105231,12362,1146,298,1524.05
2017-04-30,CAMP0029,Organic,29662,528,69,14,1079.5
2017-04-21,CAMP0019,Google Search,30463,355,53,18,1246.88
2018-01-13,CAMP0013,Affiliate,62548,3975,142,17,1685.63
2017-08-15,CAMP0028,Facebook,68996,8724,502,154,780.78
2018-02-06,CAMP0004,Instagram,23012,1751,185,33,1597.05
2018-05-15,CAMP0014,Organic,107526,15693,2429,436,1507.21
2018-03-08,CAMP0021,Referral,21976,2091,70,5,1652.48
2017-09-10,CAMP0010,Affiliate,20095,741,46,9,287.46
2018-04-09,CAMP0003,Facebook,5894,689,51,13,448.2
2018-01-28,CAMP0024,Organic,83266,1453,212,35,1897.49
2017-04-22,CAMP0029,Organic,71923,10752,1607,478,987.72
2017-01-19,CAMP0007,Email,108473,8820,1001,167,779.73
2017-11-07,CAMP0011,Referral,79446,4646,352,105,630.16
2017-10-26,CAMP0006,Organic,116664,2108,98,28,1998.55
2018-02-15,CAMP0024,Organic,44356,6186,314,85,1541.69
2018-04-20,CAMP0014,Organic,98415,9900,857,113,1253.9
2017-11-08,CAMP0011,Referral,107694,9605,693,167,1966.98
2017-09-21,CAMP0012,Organic,112033,7898,285,41,1813.53
2017-08-12,CAMP0028,Facebook,30764,2702,320,93,875.38
2017-09-10,CAMP0010,Affiliate,103349,5231,310,17,547.21
2017-06-02,CAMP0030,Affiliate,62740,7474,344,56,283.86
2018-03-11,CAMP0021,Referral,103909,9835,1581,98,300.64
2017-09-22,CAMP0001,Affiliate,33859,1625,194,43,1244.21
2018-02-13,CAMP0024,Organic,116323,11050,1374,220,1812.58
2018-03-01,CAMP0018,Instagram,22979,1402,109,25,1671.68
2017-09-25,CAMP0012,Organic,39520,3717,125,8,1739.01
2018-04-30,CAMP0025,Referral,118659,11364,1846,438,1732.79
2018-01-27,CAMP0024,Organic,90752,5219,582,93,1423.75
2017-09-12,CAMP0010,Affiliate,21298,2123,109,28,1440.88
2018-04-14,CAMP0003,Facebook,22313,3017,111,28,830.86
2017-11-14,CAMP0011,Referral,109139,2211,198,54,911.3
2018-01-11,CAMP0013,Affiliate,104480,5849,703,185,1272.83
2017-08-13,CAMP0027,Affiliate,12037,1478,257,71,1718.42
2017-09-29,CAMP0012,Organic,21831,1985,286,78,1146.71
2017-02-01,CAMP0007,Email,5595,670,27,7,136.47
2017-12-17,CAMP0026,Affiliate,75833,10234,1090,146,416.48
2017-04-16,CAMP0019,Google Search,103070,13258,1345,240,393.31
2018-04-05,CAMP0003,Facebook,117779,9891,1138,321,146.0
2017-09-24,CAMP0012,Organic,45219,775,75,17,1111.36
2017-08-10,CAMP0016,Email,115769,6970,484,68,1630.17
2017-08-06,CAMP0027,Affiliate,64795,3536,537,161,1652.37
2017-10-24,CAMP0006,Organic,61444,939,121,12,162.24
2018-05-02,CAMP0014,Organic,15453,1966,125,13,1055.16
2017-04-13,CAMP0019,Google Search,66494,2229,259,39,506.98
2018-02-28,CAMP0021,Referral,101197,4816,385,93,1715.91
2017-08-25,CAMP0023,Facebook,20842,960,107,31,350.62
2017-10-23,CAMP0006,Organic,60843,3155,136,20,1207.24
2017-10-02,CAMP0012,Organic,82233,6033,298,35,204.2
2017-09-20,CAMP0001,Affiliate,115904,15217,1632,94,1523.58
2017-09-29,CAMP0012,Organic,85071,10065,1198,250,934.67
2018-05-07,CAMP0017,Email,83669,1243,145,18,407.72
2018-03-21,CAMP0020,Google Search,104929,11022,603,104,1826.55
2017-03-15,CAMP0002,Facebook,113758,12498,1188,329,1651.79
2017-08-04,CAMP0028,Facebook,82013,4880,700,62,1667.16
2017-06-06,CAMP0008,Instagram,69410,2074,112,32,1200.84
2017-06-05,CAMP0008,Instagram,96072,3359,230,21,1950.3
2018-03-20,CAMP0005,Affiliate,35021,2602,285,92,1483.04
2017-06-05,CAMP0008,Instagram,30789,476,58,16,1950.64
2017-05-25,CAMP0015,Instagram,51646,760,26,5,1690.28
2017-06-03,CAMP0008,Instagram,77279,5131,368,27,382.99
2017-04-24,CAMP0019,Google Search,86760,10952,1945,352,774.64
2017-04-10,CAMP0002,Facebook,116999,3280,545,30,1980.61
2018-03-20,CAMP0020,Google Search,87340,12489,2195,219,419.87
2017-04-21,CAMP0019,Google Search,12664,170,21,4,1140.46
2017-11-21,CAMP0022,Referral,106214,14707,2143,198,1932.45
2017-09-14,CAMP0001,Affiliate,57615,5025,864,238,1226.22
2017-11-05,CAMP0011,Referral,108287,11123,723,142,1325.21
2017-06-08,CAMP0008,Instagram,64644,2303,302,38,1091.29
2017-11-12,CAMP0011,Referral,36109,3980,201,47,560.04
2017-10-22,CAMP0006,Organic,19261,2251,277,96,77.17
2018-03-05,CAMP0020,Google Search,42964,6159,545,109,363.61
2017-11-07,CAMP0011,Referral,9586,924,37,2,591.08
2017-02-02,CAMP0007,Email,93343,13057,758,191,1879.89
2017-01-19,CAMP0007,Email,12499,1836,198,67,1004.96
2018-02-21,CAMP0024,Organic,112555,16710,2175,760,1897.77
2017-08-12,CAMP0027,Affiliate,15444,379,18,2,595.06
2017-02-04,CAMP0009,Google Search,51941,762,97,29,1205.57
2018-01-23,CAMP0004,Instagram,65832,7601,1089,142,535.5
2017-09-10,CAMP0010,Affiliate,31131,3674,438,70,1644.27
2017-08-22,CAMP0028,Facebook,118594,15700,973,273,1079.1
2018-03-30,CAMP0005,Affiliate,109726,8760,589,180,1974.24
2017-10-17,CAMP0006,Organic,97524,5446,583,122,349.12
2017-10-05,CAMP0012,Organic,34426,2936,236,70,1218.56
2017-01-31,CAMP0007,Email,88609,9279,386,46,697.64
2017-11-17,CAMP0022,Referral,27932,1954,146,48,1779.58
2018-04-19,CAMP0003,Facebook,39502,1170,121,29,1496.06
2017-09-30,CAMP0012,Organic,99723,4991,249,74,196.39
2017-09-11,CAMP0001,Affiliate,5800,811,49,2,952.65
2017-08-21,CAMP0016,Email,41562,3548,382,31,168.86
2017-01-18,CAMP0007,Email,66383,1203,64,20,1947.16
2017-08-17,CAMP0027,Affiliate,78917,3747,380,53,1676.71
2018-01-28,CAMP0004,Instagram,48248,6470,1005,276,1608.7
2017-08-01,CAMP0028,Facebook,36759,1820,164,41,1076.54
2017-08-31,CAMP0010,Affiliate,93983,8087,522,180,203.87
2017-10-11,CAMP0012,Organic,8911,1162,121,9,740.18
2018-03-23,CAMP0005,Affiliate,63892,7298,652,224,833.3
2018-02-16,CAMP0004,Instagram,50095,3290,415,120,1534.58
2017-01-23,CAMP0007,Email,79477,1962,140,19,1585.86
2017-01-13,CAMP0007,Email,74254,3594,363,47,339.84
2017-04-02,CAMP0002,Facebook,77400,4095,165,30,262.63
2018-03-16,CAMP0018,Instagram,84126,6448,316,46,1267.26
2018-03-05,CAMP0021,Referral,65302,3672,494,166,1824.3
2018-01-19,CAMP0004,Instagram,37576,769,82,16,1996.59
2017-09-04,CAMP0023,Facebook,81425,5116,164,18,649.99
2017-09-01,CAMP0010,Affiliate,71078,4898,815,266,305.73
2017-01-24,CAMP0009,Google Search,39397,2468,118,14,1962.86
2017-01-23,CAMP0007,Email,22154,2229,376,29,897.36
2017-01-20,CAMP0009,Google Search,72856,8859,1355,462,1394.47
2018-01-10,CAMP0004,Instagram,67676,4447,403,105,1561.24
2017-09-05,CAMP0010,Affiliate,119608,11996,1857,304,1219.25
2018-03-29,CAMP0005,Affiliate,84745,8502,990,142,537.58
2018-03-03,CAMP0021,Referral,85395,2863,197,18,1052.04
2017-06-03,CAMP0015,Instagram,42472,578,89,7,1478.94
2017-01-21,CAMP0007,Email,89150,13142,1841,373,1990.8
2018-04-19,CAMP0003,Facebook,119857,5869,449,88,461.75
2018-04-12,CAMP0005,Affiliate,82958,5076,662,144,63.38
2017-09-10,CAMP0001,Affiliate,28215,3236,229,77,1793.29
2018-05-16,CAMP0017,Email,61810,2256,220,30,813.25
2017-07-29,CAMP0016,Email,117013,1367,216,27,931.03
2018-01-04,CAMP0013,Affiliate,109211,12325,1149,311,1232.94
2017-05-30,CAMP0030,Affiliate,90798,12048,1455,202,317.45
2018-03-22,CAMP0018,Instagram,115437,13735,1975,101,136.45
2017-08-03,CAMP0028,Facebook,83052,7217,1144,286,314.61
2018-04-26,CAMP0025,Referral,28466,2988,297,94,1089.94
2017-05-02,CAMP0029,Organic,55598,6444,810,89,196.71
2018-03-21,CAMP0005,Affiliate,81609,4928,761,168,1622.94
2018-04-22,CAMP0003,Facebook,73789,5280,462,61,1924.41
2017-11-11,CAMP0022,Referral,53383,932,162,41,647.98
2017-11-05,CAMP0011,Referral,11233,1275,74,10,1033.73
2018-01-02,CAMP0013,Affiliate,60732,6959,354,89,1481.43
2018-04-20,CAMP0003,Facebook,5553,254,15,2,1093.43
2017-11-17,CAMP0011,Referral,84024,8338,1104,234,1184.69
2018-03-13,CAMP0020,Google Search,57998,1771,218,38,1616.7
2018-03-13,CAMP0021,Referral,50071,4408,266,35,1531.0
2017-08-21,CAMP0023,Facebook,99134,5865,760,160,1149.93
2017-04-24,CAMP0029,Organic,79092,5652,191,23,1843.85
2017-07-29,CAMP0016,Email,95985,7052,606,167,355.71
2017-12-28,CAMP0026,Affiliate,61036,3197,562,51,161.36
2017-03-15,CAMP0002,Facebook,117924,12554,1363,293,406.45
2017-08-09,CAMP0016,Email,107396,13626,985,224,1868.1
2017-11-06,CAMP0011,Referral,33167,2528,412,124,1751.75
2017-08-14,CAMP0023,Facebook,104460,11782,745,83,1341.83
2017-09-03,CAMP0010,Affiliate,75291,9025,525,132,1198.65
2017-11-07,CAMP0011,Referral,66011,6287,198,9,632.98
2018-03-05,CAMP0018,Instagram,43461,3777,278,49,1429.03
2017-12-14,CAMP0026,Affiliate,57085,828,60,16,277.02
2017-09-16,CAMP0001,Affiliate,37930,1035,45,4,103.67
2017-10-03,CAMP0012,Organic,91342,2863,87,25,1378.51
2018-04-28,CAMP0003,Facebook,67938,1779,94,5,501.17
2017-08-10,CAMP0027,Affiliate,92418,1610,64,20,1146.51
2017-02-03,CAMP0007,Email,61796,3998,699,181,960.65
2018-03-28,CAMP0018,Instagram,19438,2291,188,19,784.93
2017-08-13,CAMP0028,Facebook,109038,10304,1228,406,575.75
2017-08-07,CAMP0028,Facebook,68435,7661,427,109,1537.82
2018-03-19,CAMP0005,Affiliate,77570,6179,650,142,826.32
2017-08-26,CAMP0010,Affiliate,36033,2042,222,32,785.65
2018-01-12,CAMP0004,Instagram,99603,12203,786,254,71.43
2017-07-29,CAMP0016,Email,110703,5427,188,52,1479.46
2017-04-08,CAMP0019,Google Search,116028,6517,939,142,1469.03
2017-06-04,CAMP0030,Affiliate,11168,253,41,12,1190.64
2017-09-23,CAMP0012,Organic,57983,2112,258,37,1778.64
2017-06-02,CAMP0015,Instagram,95987,12433,1055,329,1616.12
2018-04-24,CAMP0003,Facebook,58360,1515,193,27,1102.47
2017-12-25,CAMP0026,Affiliate,88824,6312,603,46,658.39
2018-03-02,CAMP0021,Referral,73628,3125,548,189,999.95
2018-05-24,CAMP0025,Referral,25254,2601,274,92,616.2
2017-07-30,CAMP0016,Email,34968,3495,113,12,1557.76
2018-02-05,CAMP0024,Organic,78962,4982,215,45,1355.53
2017-09-24,CAMP0012,Organic,104864,12554,1118,294,1354.35
2018-05-04,CAMP0017,Email,86751,6908,584,133,441.15
2017-11-05,CAMP0011,Referral,65189,9180,1015,157,1428.03
2017-11-24,CAMP0022,Referral,22851,942,48,10,1245.28
2017-12-31,CAMP0026,Affiliate,72961,10012,924,199,165.03
2017-12-17,CAMP0026,Affiliate,114276,9691,353,65,976.2
2018-03-06,CAMP0020,Google Search,51313,4860,148,30,943.08
2017-12-03,CAMP0022,Referral,17992,1597,135,14,390.09
2017-01-29,CAMP0009,Google Search,89150,5112,553,164,1050.85
2017-09-17,CAMP0001,Affiliate,53925,2040,242,73,1444.86
2017-09-12,CAMP0001,Affiliate,51290,5383,474,57,1987.08
2018-05-21,CAMP0025,Referral,67350,6690,522,169,1759.36
2017-11-08,CAMP0011,Referral,110882,8685,1008,238,972.31
2017-11-20,CAMP0022,Referral,42665,3124,155,23,286.7
2017-12-20,CAMP0026,Affiliate,103703,4093,295,30,1187.95
2017-09-06,CAMP0010,Affiliate,49837,5172,227,41,1546.0
2017-12-27,CAMP0026,Affiliate,45009,5921,980,173,50.33
2017-06-10,CAMP0008,Instagram,86218,11370,791,228,1946.68
2018-05-17,CAMP0025,Referral,31818,4036,649,34,312.19
2017-06-11,CAMP0008,Instagram,39651,1192,131,34,519.82
2017-03-26,CAMP0002,Facebook,40236,5204,462,74,1454.51
2018-02-17,CAMP0024,Organic,79318,9456,1353,225,454.33
2017-10-19,CAMP0006,Organic,64719,1755,271,81,125.57
2017-11-24,CAMP0022,Referral,49960,6239,1066,135,1632.43
2018-03-25,CAMP0005,Affiliate,13100,1368,179,19,1827.92
2017-08-31,CAMP0023,Facebook,19111,849,102,29,1029.22
2018-01-16,CAMP0013,Affiliate,116215,1877,113,12,491.96
2017-04-10,CAMP0002,Facebook,37666,3116,455,122,1651.87
2018-03-01,CAMP0024,Organic,115261,8224,348,49,681.12
2017-06-01,CAMP0008,Instagram,8020,334,15,3,1510.35
2017-01-09,CAMP0009,Google Search,22202,1724,200,29,1688.93
2017-09-11,CAMP0001,Affiliate,44420,2472,212,48,485.24
2018-04-13,CAMP0014,Organic,99559,9887,1255,217,990.78
2017-03-20,CAMP0002,Facebook,52151,6630,374,79,463.36
2017-05-25,CAMP0030,Affiliate,88852,10971,1797,365,888.84
2017-09-05,CAMP0010,Affiliate,53074,7672,1046,211,1275.07
2018-02-08,CAMP0024,Organic,76453,9590,516,63,1377.47
2017-05-21,CAMP0015,Instagram,85137,10368,642,183,552.93
2018-01-15,CAMP0013,Affiliate,6764,682,65,4,1149.74
2017-08-21,CAMP0010,Affiliate,12698,1215,183,25,1507.58
2017-01-19,CAMP0007,Email,100506,12415,881,200,54.25
2017-12-03,CAMP0022,Referral,63273,3687,119,15,1712.06
2017-01-11,CAMP0009,Google Search,45486,628,95,32,1258.26
2018-05-24,CAMP0017,Email,91436,4570,806,50,555.71
2017-06-10,CAMP0030,Affiliate,83727,9829,561,148,1089.97
2018-01-07,CAMP0013,Affiliate,6760,228,35,2,1518.99
2017-04-23,CAMP0019,Google Search,112236,7219,1234,119,695.7
2017-09-11,CAMP0001,Affiliate,105064,1902,320,30,131.04
2018-01-10,CAMP0013,Affiliate,100742,3635,391,28,1304.52
2018-01-27,CAMP0024,Organic,104054,6055,219,64,72.28
2018-03-15,CAMP0018,Instagram,66316,3690,430,64,343.81
2017-05-05,CAMP0029,Organic,20938,2234,203,28,72.64
2017-06-07,CAMP0015,Instagram,84535,1881,306,46,755.32
2018-04-09,CAMP0014,Organic,71702,1022,73,8,354.19
2017-04-17,CAMP0019,Google Search,76264,4496,332,58,1724.72
2018-01-14,CAMP0013,Affiliate,119227,2491,406,41,772.3
2017-09-28,CAMP0012,Organic,45032,5806,931,236,1479.05
2018-05-03,CAMP0025,Referral,87383,7044,588,126,1126.68
2018-04-23,CAMP0025,Referral,50826,5439,605,190,660.07
2017-09-10,CAMP0001,Affiliate,81553,9350,601,44,328.05
2017-12-23,CAMP0026,Affiliate,33717,1620,80,14,806.43
2018-02-04,CAMP0004,Instagram,95661,1246,53,14,1242.24
2017-11-15,CAMP0011,Referral,91601,5517,201,46,1307.85
2018-03-02,CAMP0018,Instagram,56788,4040,173,29,550.05
2017-04-12,CAMP0029,Organic,19481,1225,41,3,1032.54
2017-01-09,CAMP0009,Google Search,83308,6027,814,101,714.4
2017-07-31,CAMP0027,Affiliate,42040,2968,510,126,1848.65
2018-04-11,CAMP0018,Instagram,112215,3679,182,43,186.96
2017-11-21,CAMP0022,Referral,21592,1487,80,7,1084.53
2018-01-12,CAMP0013,Affiliate,104936,3589,259,85,216.77
2017-01-10,CAMP0007,Email,76420,9808,1244,152,1238.86
2018-03-07,CAMP0021,Referral,61097,4564,716,135,1685.7
2017-08-24,CAMP0028,Facebook,117678,4623,271,56,150.78
2018-01-19,CAMP0013,Affiliate,30548,3020,526,137,164.77
2018-05-01,CAMP0017,Email,46525,1813,277,34,384.27
2017-11-11,CAMP0011,Referral,54029,3714,516,133,1264.03
2018-03-01,CAMP0021,Referral,101634,6131,1018,166,940.16
2018-03-13,CAMP0020,Google Search,76466,1251,93,5,1631.16
2017-12-31,CAMP0026,Affiliate,39137,677,23,3,262.9
2018-03-08,CAMP0020,Google Search,51019,7433,651,221,1307.91
2017-08-30,CAMP0023,Facebook,17091,1700,76,7,916.3
2017-09-12,CAMP0001,Affiliate,115227,14218,1800,223,1556.31
2017-04-08,CAMP0029,Organic,90381,4178,546,86,117.1
2018-01-24,CAMP0024,Organic,60500,7131,1056,172,165.48
2018-05-06,CAMP0017,Email,7892,553,32,2,1494.08
2018-03-29,CAMP0018,Instagram,57177,2744,243,34,1866.74
2018-03-18,CAMP0020,Google Search,6915,742,30,5,1915.7
2017-11-06,CAMP0011,Referral,5794,140,20,1,1072.1
2018-03-23,CAMP0018,Instagram,54635,4118,529,128,210.11
2018-03-08,CAMP0021,Referral,67231,8296,1172,90,1478.38
2017-09-11,CAMP0023,Facebook,63528,2887,392,85,244.81
2018-04-28,CAMP0017,Email,5375,670,117,17,1207.08
2017-04-09,CAMP0029,Organic,115362,16949,1195,311,672.23
2018-01-24,CAMP0024,Organic,75805,2518,440,64,1409.32
2017-08-27,CAMP0023,Facebook,69837,4571,532,179,678.24
2017-01-21,CAMP0007,Email,73221,8907,930,298,1149.52
2018-04-10,CAMP0003,Facebook,10741,1061,84,29,1794.04
2017-03-25,CAMP0002,Facebook,47499,1496,53,5,1863.81
2017-06-08,CAMP0008,Instagram,38219,5068,232,77,1782.14
2018-03-29,CAMP0018,Instagram,93283,11146,1555,291,218.84
2018-05-12,CAMP0017,Email,95643,6213,908,167,1628.41
2018-03-31,CAMP0018,Instagram,94439,1931,182,25,318.41
2017-08-19,CAMP0010,Affiliate,33088,1188,174,16,703.09
2017-05-28,CAMP0030,Affiliate,54379,7851,1209,309,1597.52
2017-06-06,CAMP0030,Affiliate,48585,5849,714,149,254.53
2017-06-17,CAMP0008,Instagram,82340,8493,507,41,795.66
2017-09-20,CAMP0012,Organic,107841,3367,520,52,1994.8
2018-04-10,CAMP0018,Instagram,89076,12819,2305,354,618.97
2018-01-06,CAMP0013,Affiliate,11917,1462,254,29,1296.8
2018-04-11,CAMP0018,Instagram,53268,1271,155,29,1158.26
2018-05-03,CAMP0017,Email,57948,2841,257,56,1826.27
2017-05-21,CAMP0015,Instagram,29645,1992,63,18,1714.36
2017-05-20,CAMP0015,Instagram,87677,4512,274,26,621.61
2018-04-28,CAMP0014,Organic,60837,1195,203,55,1608.43
2017-01-24,CAMP0009,Google Search,11836,748,42,11,1388.42
2018-05-02,CAMP0017,Email,83706,2443,289,19,1754.94
2017-08-09,CAMP0016,Email,79677,1606,186,20,1374.1
2017-08-09,CAMP0027,Affiliate,59134,3614,611,73,1776.75
2017-08-18,CAMP0023,Facebook,117382,13579,2142,405,1478.9
2017-10-26,CAMP0006,Organic,95876,4466,572,163,1464.92
2018-01-15,CAMP0004,Instagram,25071,1274,105,7,959.41
2018-05-20,CAMP0017,Email,114124,4875,621,158,1582.07
2017-09-22,CAMP0012,Organic,55738,7895,441,119,1040.97
2017-06-13,CAMP0008,Instagram,21577,841,92,25,1586.51
2018-03-08,CAMP0021,Referral,81026,9139,1315,193,1730.17
2018-05-04,CAMP0017,Email,95029,1138,157,37,389.36
2018-04-01,CAMP0005,Affiliate,115368,4164,489,47,1959.28
2017-08-18,CAMP0028,Facebook,110159,15774,2470,632,204.42
2018-02-14,CAMP0004,Instagram,11802,1395,133,34,838.19
2017-09-13,CAMP0001,Affiliate,75814,10103,661,176,1903.68
2017-12-08,CAMP0022,Referral,115995,8481,1345,339,750.92
2017-08-30,CAMP0010,Affiliate,6478,342,20,2,1159.33
2017-09-15,CAMP0001,Affiliate,9896,1321,217,55,1371.52
2017-08-01,CAMP0016,Email,109653,16002,2729,415,478.19
2018-05-02,CAMP0014,Organic,23106,286,39,3,560.61
2018-03-10,CAMP0021,Referral,7673,1021,32,5,164.38
2017-04-01,CAMP0002,Facebook,71250,10181,765,49,863.7
2017-04-22,CAMP0029,Organic,34770,3548,132,9,211.48
2017-05-08,CAMP0029,Organic,54844,3612,613,31,1054.19
2018-02-19,CAMP0004,Instagram,76514,8610,434,106,382.13
2017-08-19,CAMP0028,Facebook,78234,8353,790,236,97.07
2018-05-07,CAMP0017,Email,27621,1421,241,31,192.23
2018-04-05,CAMP0005,Affiliate,73766,1478,235,36,1950.6
2018-05-15,CAMP0017,Email,105799,5875,877,203,1597.86
2017-08-06,CAMP0027,Affiliate,76915,2167,205,56,906.44
2017-01-08,CAMP0007,Email,43355,5826,905,222,1688.43
2017-01-21,CAMP0009,Google Search,97313,5108,552,183,872.56
2018-02-13,CAMP0024,Organic,62369,6403,458,66,1997.84
2017-06-15,CAMP0008,Instagram,108490,4685,731,105,1292.55
2017-08-10,CAMP0016,Email,21739,1723,141,22,1176.71
2017-11-14,CAMP0011,Referral,85482,1218,119,40,754.96
2017-08-23,CAMP0027,Affiliate,28214,982,34,5,1703.19
2018-05-11,CAMP0017,Email,15821,367,47,7,1421.91
2018-03-28,CAMP0005,Affiliate,41684,5128,428,129,1732.17
2017-08-25,CAMP0023,Facebook,50799,1546,169,16,1388.31
2018-03-21,CAMP0020,Google Search,72693,9807,1764,542,1895.5
2017-09-13,CAMP0023,Facebook,90924,5017,440,144,1899.8
2017-01-16,CAMP0007,Email,79977,7579,767,120,607.24
2018-03-28,CAMP0020,Google Search,16456,1714,175,48,1856.71
2017-10-11,CAMP0012,Organic,57405,595,36,6,54.91
2017-10-03,CAMP0012,Organic,20783,297,14,4,959.84
2017-01-13,CAMP0007,Email,69925,1121,135,36,1773.98
2017-08-02,CAMP0027,Affiliate,114132,17093,2490,610,1417.77
2018-03-10,CAMP0021,Referral,119505,2810,268,21,572.93
2018-04-30,CAMP0025,Referral,103228,11702,1900,502,1128.27
2018-02-25,CAMP0024,Organic,69477,6667,1091,151,1552.6
2017-10-28,CAMP0022,Referral,7861,472,25,8,1214.67
2018-04-03,CAMP0005,Affiliate,43347,2467,350,85,526.67
2017-08-22,CAMP0027,Affiliate,117411,9744,813,267,859.37
2018-04-21,CAMP0014,Organic,53776,3616,641,158,290.63
2018-01-29,CAMP0004,Instagram,84344,3255,167,9,1205.99
2018-01-21,CAMP0004,Instagram,57966,6858,626,171,734.85
2017-08-22,CAMP0028,Facebook,53782,7438,445,28,997.6
2017-10-18,CAMP0006,Organic,32719,4833,679,143,1066.73
2017-10-09,CAMP0012,Organic,117749,12360,1072,137,1946.07
2017-12-25,CAMP0026,Affiliate,100252,7672,362,42,1246.4
2017-08-13,CAMP0028,Facebook,63080,3373,181,47,329.41
2017-08-10,CAMP0027,Affiliate,114922,6423,732,194,244.88
2018-05-24,CAMP0017,Email,9019,536,17,3,839.67
2017-09-03,CAMP0010,Affiliate,43039,984,101,23,167.8
2017-08-12,CAMP0016,Email,43658,536,94,8,94.1
2018-02-07,CAMP0004,Instagram,47236,2334,103,10,192.64
2017-06-10,CAMP0008,Instagram,72072,4346,562,133,910.21
2017-05-03,CAMP0019,Google Search,19212,1671,91,17,58.7
2018-03-05,CAMP0018,Instagram,91229,9884,1094,56,219.36
2017-03-22,CAMP0002,Facebook,72326,5296,670,154,1454.19
2017-06-12,CAMP0008,Instagram,108008,1120,201,19,986.61
2017-08-09,CAMP0027,Affiliate,85072,6351,585,150,1949.1
2018-05-12,CAMP0025,Referral,94413,8708,722,136,589.95
2018-04-10,CAMP0014,Organic,40009,2984,401,43,1473.35
2017-12-15,CAMP0026,Affiliate,48712,2189,155,46,191.01
2018-02-23,CAMP0024,Organic,74771,8240,1281,439,1333.08
2018-04-08,CAMP0005,Affiliate,55914,5160,788,79,1729.84
2018-01-20,CAMP0004,Instagram,86843,9697,807,249,1363.35
2018-01-21,CAMP0004,Instagram,39951,5356,745,43,477.08
2017-11-07,CAMP0011,Referral,95989,5479,442,138,342.83
2017-06-09,CAMP0030,Affiliate,19155,2625,413,121,1167.17
2017-04-03,CAMP0019,Google Search,9739,729,78,21,861.19
2018-03-04,CAMP0018,Instagram,77146,2382,195,46,505.28
2017-06-04,CAMP0008,Instagram,57131,8512,1134,285,1325.95
2017-04-10,CAMP0002,Facebook,36786,557,95,14,328.79
2018-03-24,CAMP0018,Instagram,65575,4126,555,138,1560.58
2018-01-03,CAMP0026,Affiliate,27087,292,33,6,854.97
2018-05-10,CAMP0017,Email,36746,4361,484,89,973.34
2017-03-18,CAMP0002,Facebook,105444,12857,1791,568,589.04
2017-07-31,CAMP0027,Affiliate,82313,5790,754,216,1070.69
2017-04-19,CAMP0029,Organic,72324,6645,1021,89,891.78
2018-01-05,CAMP0013,Affiliate,7065,185,6,2,670.87
2018-02-12,CAMP0004,Instagram,43991,569,92,12,1842.04
2018-05-13,CAMP0014,Organic,107385,11327,434,129,1899.29
2018-04-20,CAMP0005,Affiliate,23713,2270,399,67,1158.65
2018-05-02,CAMP0003,Facebook,98400,10160,678,173,1115.78
2017-11-02,CAMP0006,Organic,119218,17617,755,180,135.61
2017-08-02,CAMP0016,Email,30174,613,75,19,385.99
2018-03-21,CAMP0005,Affiliate,114691,13990,613,82,195.09
2017-11-11,CAMP0011,Referral,60626,8874,1360,469,277.72
2017-01-09,CAMP0007,Email,99127,11003,509,144,1699.19
2018-05-17,CAMP0017,Email,35216,3058,495,137,1194.21
2017-12-24,CAMP0026,Affiliate,11062,508,64,13,1442.67
2017-12-31,CAMP0013,Affiliate,55948,5989,537,159,1170.83
2017-08-10,CAMP0016,Email,86858,8746,782,214,397.11
2017-07-29,CAMP0027,Affiliate,24785,460,21,3,1954.85
2017-05-26,CAMP0030,Affiliate,27762,2744,326,107,1628.6
2018-01-25,CAMP0004,Instagram,14261,1131,39,9,543.06
2018-05-14,CAMP0017,Email,21704,1429,107,21,928.0
2017-12-26,CAMP0026,Affiliate,18464,966,153,9,133.32
2017-08-10,CAMP0023,Facebook,79604,8846,895,156,1337.43
2017-05-20,CAMP0015,Instagram,12759,1735,145,35,53.67
2017-06-07,CAMP0015,Instagram,63597,4259,519,60,803.36
2017-10-27,CAMP0006,Organic,82099,4122,549,115,427.5
2018-04-22,CAMP0005,Affiliate,18356,875,127,22,297.21
2017-11-28,CAMP0022,Referral,35034,3140,288,28,1688.4
2017-09-18,CAMP0001,Affiliate,39782,3775,382,22,361.79
2018-05-03,CAMP0014,Organic,42986,2498,449,35,1047.26
2017-08-26,CAMP0010,Affiliate,102222,5740,924,116,1846.56
2018-05-12,CAMP0025,Referral,68085,2965,198,65,304.18
2017-05-24,CAMP0030,Affiliate,92043,11708,782,186,1202.01
2018-02-11,CAMP0024,Organic,110804,13121,2206,628,1112.52
2017-06-01,CAMP0015,Instagram,53061,3176,267,16,407.06
2017-01-20,CAMP0009,Google Search,52876,3134,558,61,1711.08
2018-03-24,CAMP0005,Affiliate,85119,12689,1815,472,1072.73
2018-04-19,CAMP0014,Organic,87279,12029,665,116,372.84
2018-04-15,CAMP0005,Affiliate,118523,10089,1386,119,1522.98
2017-08-16,CAMP0027,Affiliate,34972,4570,785,203,61.51
2017-08-28,CAMP0010,Affiliate,55556,6068,727,91,424.01
2017-08-22,CAMP0010,Affiliate,91088,5316,590,109,1767.78
2018-05-07,CAMP0025,Referral,81633,11883,2099,570,1570.14
2018-01-14,CAMP0013,Affiliate,65517,5713,1018,342,1163.47
2017-08-10,CAMP0027,Affiliate,107550,4768,778,73,1171.48
2018-03-11,CAMP0021,Referral,118544,13444,1477,238,1744.88
2017-11-26,CAMP0022,Referral,106637,2795,177,49,443.52
2017-09-14,CAMP0001,Affiliate,76434,6798,329,48,335.64
2017-01-24,CAMP0007,Email,5963,857,71,12,744.78
2017-12-28,CAMP0026,Affiliate,30861,962,166,23,1795.31
2017-12-18,CAMP0026,Affiliate,68705,1065,175,9,1985.82
2018-02-08,CAMP0004,Instagram,33416,1710,269,87,1467.85
2017-09-10,CAMP0001,Affiliate,74920,5988,892,226,1627.41
2017-08-24,CAMP0016,Email,113482,7163,778,165,1232.74
2018-01-12,CAMP0013,Affiliate,82903,839,102,26,314.02
2017-08-15,CAMP0016,Email,89301,7070,1260,241,670.98
2018-04-15,CAMP0003,Facebook,69111,9371,1448,124,1441.69
2017-08-10,CAMP0027,Affiliate,34285,3318,575,130,1729.59
2018-03-02,CAMP0021,Referral,66755,5404,969,91,623.9
2017-04-09,CAMP0002,Facebook,110131,1709,193,43,1729.81
2017-08-18,CAMP0027,Affiliate,27552,1318,172,29,1868.78
2017-01-06,CAMP0007,Email,118376,6057,917,153,307.12
2017-10-30,CAMP0006,Organic,102705,11851,1593,468,371.53
2018-01-13,CAMP0013,Affiliate,58780,6815,745,191,592.83
2017-05-22,CAMP0015,Instagram,85114,12760,460,129,358.31
2017-11-25,CAMP0022,Referral,33914,659,90,29,575.41
2017-08-09,CAMP0028,Facebook,93479,4450,193,36,1484.49
2017-11-10,CAMP0011,Referral,28123,384,38,10,1023.64
2017-12-18,CAMP0026,Affiliate,62543,3012,323,43,1651.11
2017-08-07,CAMP0016,Email,104116,15309,1771,297,1406.94
2017-08-27,CAMP0023,Facebook,56495,7948,1184,251,465.89
2017-01-14,CAMP0009,Google Search,94299,5664,475,118,124.02
2017-11-13,CAMP0011,Referral,84308,2195,229,33,487.43
2017-10-06,CAMP0012,Organic,67319,7991,990,329,311.26
2018-04-01,CAMP0020,Google Search,5604,613,28,3,930.05
2017-09-03,CAMP0010,Affiliate,88745,12705,731,66,1596.08
2017-05-23,CAMP0030,Affiliate,5430,68,4,0,1020.89
2017-11-10,CAMP0011,Referral,115838,4459,357,120,675.51
2017-03-18,CAMP0002,Facebook,34258,2251,345,28,1076.49
2017-02-04,CAMP0007,Email,94423,12501,1536,504,467.13
2017-01-22,CAMP0009,Google Search,117658,8848,996,196,1907.01
2017-10-27,CAMP0006,Organic,33501,3951,462,86,1056.46
2018-03-28,CAMP0018,Instagram,69784,6255,417,49,373.02
2017-12-16,CAMP0026,Affiliate,67989,6857,1215,264,236.68
2018-03-01,CAMP0018,Instagram,106854,3111,541,46,1658.97
2018-03-31,CAMP0020,Google Search,107120,3029,434,53,849.9
2017-12-31,CAMP0013,Affiliate,36140,515,68,22,1430.58
2017-11-13,CAMP0011,Referral,17890,575,89,5,509.09
2017-10-22,CAMP0006,Organic,67004,3235,506,48,477.02
2018-01-20,CAMP0004,Instagram,78295,1293,137,41,811.8
2017-06-03,CAMP0008,Instagram,26170,3732,152,15,1601.98
2018-03-02,CAMP0018,Instagram,85539,11118,1458,323,1481.16
2017-11-16,CAMP0022,Referral,98635,11031,1348,130,1843.94
2018-03-04,CAMP0021,Referral,52704,3238,138,24,1295.06
2017-08-20,CAMP0016,Email,100802,14217,1362,254,520.39
2017-09-22,CAMP0001,Affiliate,85810,12450,1344,78,779.54
2017-06-04,CAMP0030,Affiliate,23051,589,65,11,131.15
2017-06-04,CAMP0015,Instagram,36498,3687,546,189,513.23
2017-05-20,CAMP0015,Instagram,28773,392,58,3,331.42
2017-08-12,CAMP0016,Email,82466,4152,445,29,817.23
2017-04-08,CAMP0029,Organic,8478,741,76,18,178.96
2018-04-29,CAMP0017,Email,48746,591,92,5,417.58
2017-05-23,CAMP0030,Affiliate,113418,1450,143,20,1835.63
2018-04-27,CAMP0003,Facebook,14560,1544,245,83,589.79
2017-09-07,CAMP0010,Affiliate,26743,1507,61,14,1503.63
2017-04-09,CAMP0019,Google Search,96315,11591,1616,286,305.12
2017-06-03,CAMP0008,Instagram,68104,5355,359,100,1038.05
2017-06-09,CAMP0008,Instagram,48512,2412,318,38,1124.93
2017-01-24,CAMP0009,Google Search,34088,4397,313,95,473.49
2017-06-14,CAMP0008,Instagram,99971,3527,440,137,932.44
2018-02-05,CAMP0024,Organic,19073,2789,147,23,145.5
2018-03-16,CAMP0018,Instagram,70564,1477,67,21,1861.1
2017-09-13,CAMP0001,Affiliate,12624,1422,172,53,411.58
2017-11-19,CAMP0022,Referral,20902,2731,218,48,1100.45
2017-04-02,CAMP0002,Facebook,14459,1150,170,14,143.2
2017-11-14,CAMP0011,Referral,100486,12589,462,94,700.91
2017-09-25,CAMP0012,Organic,96233,8866,565,78,73.26
2017-10-24,CAMP0006,Organic,20816,652,98,6,1013.59
2017-05-12,CAMP0029,Organic,52334,3492,350,70,241.86
2017-07-27,CAMP0016,Email,58092,6162,697,99,1217.14
2018-03-12,CAMP0018,Instagram,72553,5620,352,32,1153.94
2017-08-19,CAMP0028,Facebook,61785,7567,614,179,1629.45
2017-08-20,CAMP0027,Affiliate,19668,2363,185,27,1214.77
2017-06-06,CAMP0015,Instagram,19856,2848,498,135,336.3
2018-05-22,CAMP0025,Referral,25948,3396,407,66,1327.96
2017-08-25,CAMP0028,Facebook,105922,9206,870,181,994.22
2018-03-30,CAMP0020,Google Search,78203,5481,640,217,1481.99
2018-05-15,CAMP0014,Organic,42190,2985,504,114,205.3
2017-06-13,CAMP0008,Instagram,37322,5367,695,63,118.73
2017-03-20,CAMP0002,Facebook,19637,2752,180,50,90.07
2017-09-13,CAMP0023,Facebook,65011,5985,620,174,567.01
2017-03-21,CAMP0002,Facebook,22143,512,33,5,682.51
2017-06-10,CAMP0008,Instagram,63975,5419,546,171,1520.8
2018-01-02,CAMP0013,Affiliate,7970,318,24,2,458.06
2018-03-04,CAMP0021,Referral,45159,3931,448,96,1818.37
2017-08-18,CAMP0028,Facebook,13324,1969,96,16,997.28
2017-04-30,CAMP0029,Organic,77811,3828,462,103,785.08
2018-04-04,CAMP0020,Google Search,5854,659,94,30,324.62
2017-09-11,CAMP0001,Affiliate,49461,1524,198,16,108.22
2017-12-20,CAMP0026,Affiliate,54018,5250,277,80,635.72
2017-08-22,CAMP0016,Email,21028,2033,158,53,1454.14
2018-03-13,CAMP0018,Instagram,31349,792,138,10,711.24
2018-04-20,CAMP0003,Facebook,30309,2351,212,62,814.01
2017-11-17,CAMP0011,Referral,21602,3232,220,67,1130.75
2018-04-25,CAMP0025,Referral,110645,14995,1081,331,181.14
2018-04-19,CAMP0005,Affiliate,89449,11418,2036,520,539.16
2018-01-10,CAMP0013,Affiliate,14489,659,29,3,1951.19
2017-08-10,CAMP0028,Facebook,42892,3816,211,71,128.32
2017-01-04,CAMP0007,Email,79196,4593,179,50,310.09
2017-06-11,CAMP0008,Instagram,94342,4765,596,191,1540.24
2018-05-16,CAMP0017,Email,28898,464,61,15,1546.15
2017-05-26,CAMP0015,Instagram,23900,3291,181,30,645.87
2017-11-17,CAMP0011,Referral,57316,7101,538,104,659.92
2018-04-03,CAMP0003,Facebook,22350,1470,116,24,1571.44
2017-05-23,CAMP0030,Affiliate,6606,791,78,16,1543.09
2017-09-08,CAMP0023,Facebook,104024,10069,1415,198,1839.15
2017-08-22,CAMP0010,Affiliate,93167,11588,1617,397,166.66
2017-09-17,CAMP0001,Affiliate,31424,3900,670,139,725.46
2017-08-28,CAMP0023,Facebook,103687,6054,632,77,1581.45
2017-12-04,CAMP0022,Referral,27794,2829,352,35,375.61
2017-06-10,CAMP0015,Instagram,115958,6130,1012,201,923.75
2018-05-12,CAMP0014,Organic,65700,3355,422,67,460.46
2017-06-07,CAMP0030,Affiliate,111975,3803,483,106,75.63
2017-08-25,CAMP0028,Facebook,72800,2074,323,47,1416.65
2018-01-22,CAMP0004,Instagram,112879,2374,406,80,208.25
2017-09-26,CAMP0012,Organic,48932,6192,867,193,1054.73
2017-01-17,CAMP0009,Google Search,39302,5262,913,192,712.56
2017-09-18,CAMP0001,Affiliate,83434,2311,200,37,1957.96
2018-05-12,CAMP0014,Organic,69589,7516,314,95,980.81
2017-07-27,CAMP0027,Affiliate,37458,1116,174,41,208.03
2018-04-19,CAMP0025,Referral,70871,7335,1166,333,1765.1
2017-08-16,CAMP0027,Affiliate,105399,1958,256,62,355.05
2017-12-04,CAMP0022,Referral,50678,7542,1064,316,1565.1
2018-02-03,CAMP0024,Organic,109376,12198,994,69,1333.3
2017-08-04,CAMP0016,Email,114630,10741,1841,541,735.26
2017-04-04,CAMP0002,Facebook,62065,8121,1347,364,1720.18
2017-05-29,CAMP0030,Affiliate,111084,13307,574,30,65.91
2017-11-30,CAMP0022,Referral,29181,1510,233,27,629.37
2017-10-18,CAMP0006,Organic,94552,4662,200,44,1737.17
2017-03-25,CAMP0002,Facebook,106133,14646,1962,353,514.22
2018-01-02,CAMP0013,Affiliate,10894,235,39,11,718.37
2017-01-27,CAMP0007,Email,79096,7607,365,95,1692.6
2018-03-05,CAMP0021,Referral,22380,1847,282,42,803.91
2017-11-08,CAMP0022,Referral,21849,2341,328,56,1886.65
2018-03-14,CAMP0005,Affiliate,36930,3818,338,74,427.97
2017-05-28,CAMP0030,Affiliate,59042,7902,1370,205,900.63
2018-05-02,CAMP0025,Referral,62653,2126,83,18,458.3
2017-04-23,CAMP0019,Google Search,67812,8810,990,277,1209.05
2017-06-10,CAMP0008,Instagram,56602,723,90,31,1212.44
2018-05-03,CAMP0017,Email,71153,7095,1229,232,469.56
2017-12-30,CAMP0026,Affiliate,51765,5369,356,82,53.54
2017-12-28,CAMP0026,Affiliate,80909,3162,370,92,1188.56
2018-03-13,CAMP0020,Google Search,99133,13913,1920,502,987.29
2017-11-06,CAMP0022,Referral,87676,3174,285,97,1789.44
2017-05-03,CAMP0019,Google Search,33783,2429,363,72,271.84
2017-05-24,CAMP0015,Instagram,117743,4780,634,160,1600.76
2017-03-22,CAMP0002,Facebook,95809,7555,1052,289,1222.16
2017-08-21,CAMP0010,Affiliate,118765,3633,594,52,186.28
2018-03-30,CAMP0005,Affiliate,75418,4309,438,64,1741.44
2018-03-31,CAMP0005,Affiliate,59847,2109,316,82,733.72
2017-06-17,CAMP0008,Instagram,15485,1955,333,79,1141.12
2017-01-19,CAMP0009,Google Search,9464,836,51,15,1570.64
2017-01-07,CAMP0007,Email,117218,5849,660,109,167.16
2018-01-01,CAMP0013,Affiliate,59255,4317,278,85,1637.33
2017-04-09,CAMP0002,Facebook,26900,1462,133,40,1928.09
2018-01-10,CAMP0004,Instagram,103507,7491,1239,160,404.44
2018-03-30,CAMP0005,Affiliate,52748,3605,375,74,107.75
2017-11-10,CAMP0022,Referral,102976,3719,481,67,821.06
2017-09-20,CAMP0012,Organic,84029,4888,436,23,928.4
2017-05-11,CAMP0029,Organic,104314,14757,2036,418,91.39
2017-08-31,CAMP0023,Facebook,99304,6886,341,28,1131.18
2017-12-14,CAMP0026,Affiliate,5513,460,69,18,1302.15
2018-05-11,CAMP0014,Organic,44941,4715,756,188,1872.63
2017-06-07,CAMP0030,Affiliate,80880,6255,431,128,1802.78
2017-12-16,CAMP0026,Affiliate,89457,8298,1356,73,1188.16
2017-06-03,CAMP0008,Instagram,12153,1306,119,31,265.79
2018-02-03,CAMP0004,Instagram,36077,4298,484,130,526.83
2017-09-13,CAMP0001,Affiliate,112354,9169,657,86,66.67
2017-01-13,CAMP0009,Google Search,94891,7585,576,117,342.0
2017-01-24,CAMP0009,Google Search,109687,14487,1088,64,1329.74
2017-08-07,CAMP0028,Facebook,57916,7788,1393,123,1651.47
2017-12-16,CAMP0026,Affiliate,8618,732,115,20,282.25
2017-06-05,CAMP0015,Instagram,19610,2664,447,69,1729.53
2018-04-04,CAMP0018,Instagram,54688,1593,228,79,1461.81
2017-05-15,CAMP0029,Organic,64255,4529,277,71,1316.38
2017-01-12,CAMP0007,Email,118767,12483,1745,208,946.26
2017-08-12,CAMP0027,Affiliate,64782,4539,271,55,1964.26
2018-02-11,CAMP0004,Instagram,82473,3622,224,62,938.03
2017-04-12,CAMP0019,Google Search,90301,3989,411,109,106.75
2017-01-27,CAMP0007,Email,22216,1744,294,36,1224.87
2017-09-17,CAMP0001,Affiliate,19334,1581,164,48,378.13
2017-01-10,CAMP0009,Google Search,72834,6604,587,57,1515.99
2017-08-06,CAMP0027,Affiliate,117672,13328,1086,291,1013.37
2017-12-30,CAMP0026,Affiliate,11035,1100,162,33,1057.5
2017-10-21,CAMP0006,Organic,93606,9799,1662,320,1972.36
2017-03-30,CAMP0002,Facebook,37455,2210,362,75,1376.41
2017-10-24,CAMP0006,Organic,13011,1508,131,7,912.16
2017-08-14,CAMP0027,Affiliate,34383,2872,364,56,1870.24
2017-01-18,CAMP0007,Email,90824,11390,886,183,130.61
2017-10-31,CAMP0006,Organic,91785,7134,851,62,1311.72
2018-04-27,CAMP0017,Email,97041,6052,930,69,1042.1
2017-04-08,CAMP0002,Facebook,35156,5134,249,82,819.15
2018-05-03,CAMP0025,Referral,65351,1681,128,20,1974.93
2018-03-18,CAMP0005,Affiliate,31759,801,49,15,1330.81
2018-03-16,CAMP0018,Instagram,52885,5285,345,97,1046.48
2017-10-11,CAMP0012,Organic,49360,3894,336,49,584.0
2018-02-16,CAMP0004,Instagram,80125,4752,567,109,1421.06
2017-10-25,CAMP0006,Organic,88692,10757,1638,538,1407.23
2018-04-13,CAMP0003,Facebook,74081,10641,1622,84,1920.31
2017-12-21,CAMP0026,Affiliate,90302,4881,266,54,439.13
2017-04-05,CAMP0002,Facebook,50926,1152,104,14,481.62
2018-04-17,CAMP0005,Affiliate,82254,5427,528,146,1096.02
2017-11-02,CAMP0022,Referral,76302,11371,504,144,1245.08
2017-03-19,CAMP0002,Facebook,102399,8762,614,153,233.35
2018-05-03,CAMP0017,Email,12203,475,39,3,1907.32
2017-06-05,CAMP0008,Instagram,89609,9079,1406,243,1276.25
2017-10-17,CAMP0006,Organic,83605,1096,85,5,1398.96
2018-01-08,CAMP0013,Affiliate,73779,4528,322,42,390.55
2017-09-10,CAMP0023,Facebook,48000,5081,159,34,1789.18
2017-08-08,CAMP0028,Facebook,15480,1989,236,64,1782.48
2017-09-22,CAMP0001,Affiliate,108913,15284,974,180,1957.74
2017-12-26,CAMP0026,Affiliate,106785,1828,237,78,311.31
2017-06-01,CAMP0030,Affiliate,60393,2065,266,23,1656.05
2017-12-31,CAMP0013,Affiliate,75728,7492,1029,351,1704.8
2018-02-26,CAMP0024,Organic,113060,9898,680,150,1420.76
2017-01-06,CAMP0007,Email,45090,941,137,18,1536.37
2017-05-17,CAMP0029,Organic,71240,8936,1208,197,1752.92
2018-05-03,CAMP0014,Organic,107580,1660,113,33,502.12
2017-07-29,CAMP0016,Email,72760,1815,119,26,1939.25
2018-01-23,CAMP0004,Instagram,92984,3225,147,45,954.18
2017-04-18,CAMP0019,Google Search,17886,2544,131,36,535.79
2017-08-13,CAMP0023,Facebook,15554,1642,217,59,1283.7
2018-05-07,CAMP0017,Email,106902,13270,677,106,1939.0
2017-09-09,CAMP0010,Affiliate,13381,796,137,35,816.74
2017-06-08,CAMP0015,Instagram,105342,8514,1270,134,1521.82
2017-08-21,CAMP0016,Email,60777,3544,553,45,305.25
2017-01-30,CAMP0009,Google Search,37705,2142,123,30,798.84
2017-08-23,CAMP0016,Email,32317,3502,609,60,959.35
2018-05-05,CAMP0017,Email,96233,1253,172,47,1826.34
2018-04-11,CAMP0003,Facebook,83958,7482,1259,152,700.37
2017-08-10,CAMP0016,Email,10791,448,73,4,723.55
2017-07-31,CAMP0027,Affiliate,22927,2397,250,25,1888.99
2017-10-07,CAMP0012,Organic,118702,16742,2937,939,572.55
2017-01-15,CAMP0009,Google Search,34545,5117,250,33,496.33
2018-05-09,CAMP0017,Email,108358,7355,584,117,1221.93
2017-08-23,CAMP0016,Email,77183,4340,402,30,938.26
2018-05-14,CAMP0017,Email,100681,3215,254,15,547.67
2017-12-18,CAMP0026,Affiliate,106650,10014,951,177,1506.49
2017-01-26,CAMP0009,Google Search,90678,1167,59,8,1111.83
2018-04-23,CAMP0025,Referral,80453,2106,343,57,1428.69
2017-05-27,CAMP0030,Affiliate,81648,5940,771,61,991.96
2017-05-25,CAMP0015,Instagram,14392,1045,151,13,335.49
2017-08-25,CAMP0016,Email,14071,1859,188,51,304.9
2018-02-09,CAMP0004,Instagram,42872,1514,61,12,1745.85
2017-10-18,CAMP0006,Organic,57791,7011,362,89,228.85
2018-03-02,CAMP0018,Instagram,70941,2176,378,23,1005.14
2017-10-21,CAMP0006,Organic,18787,1460,260,35,1026.42
2018-05-09,CAMP0025,Referral,71017,8832,796,196,1189.19
2018-04-19,CAMP0005,Affiliate,101689,9573,1613,499,1739.07
2018-05-11,CAMP0017,Email,86435,12481,2007,473,1988.98
2017-10-12,CAMP0012,Organic,72540,9564,593,194,792.71
2017-01-22,CAMP0007,Email,26192,1416,146,42,1574.87
2017-09-15,CAMP0001,Affiliate,40447,4199,389,23,206.15
2018-05-17,CAMP0025,Referral,102177,13439,2030,392,1609.6
2017-11-10,CAMP0011,Referral,12598,227,30,4,1991.08
2018-03-01,CAMP0021,Referral,11505,324,14,1,1303.24
2018-02-17,CAMP0024,Organic,16533,2147,277,58,1816.4
2017-10-11,CAMP0012,Organic,63355,2775,397,118,1867.89
2017-06-10,CAMP0030,Affiliate,47343,5938,955,84,1210.16
2017-06-15,CAMP0008,Instagram,106288,3886,203,14,625.65
2018-03-02,CAMP0021,Referral,94555,7924,792,194,947.65
2018-03-10,CAMP0018,Instagram,44677,4287,452,81,1662.21
2017-12-25,CAMP0026,Affiliate,49974,1554,210,34,357.06
2017-05-29,CAMP0015,Instagram,41216,2422,87,24,1959.45
2018-01-14,CAMP0004,Instagram,68967,1777,155,25,1427.58
2017-04-15,CAMP0019,Google Search,23737,2472,254,38,1924.97
2017-05-27,CAMP0030,Affiliate,10338,1127,159,37,1034.28
2017-05-23,CAMP0030,Affiliate,36518,1559,199,37,487.68
2018-04-11,CAMP0005,Affiliate,55919,5775,537,85,1351.11
2018-04-17,CAMP0014,Organic,25529,3157,538,113,1728.99
2018-04-12,CAMP0005,Affiliate,107917,9505,1257,235,215.79
2018-05-06,CAMP0017,Email,102110,14282,1037,276,1673.45
2018-03-17,CAMP0005,Affiliate,12121,1450,82,15,1617.02
2018-05-11,CAMP0017,Email,23115,3424,147,23,184.48
2017-06-03,CAMP0030,Affiliate,20629,754,111,20,624.12
2017-08-18,CAMP0016,Email,91528,1314,164,48,1908.78
2018-04-03,CAMP0003,Facebook,59197,2286,129,13,466.67
2017-02-06,CAMP0009,Google Search,112301,10623,1650,309,407.08
2018-03-28,CAMP0018,Instagram,108967,4780,657,62,1126.03
2018-03-07,CAMP0021,Referral,115633,10991,665,107,1349.74
2017-08-18,CAMP0010,Affiliate,104980,13909,744,168,1103.3
2017-08-04,CAMP0028,Facebook,17159,208,14,2,1202.47
2018-03-14,CAMP0020,Google Search,31661,962,160,24,419.97
2018-03-22,CAMP0018,Instagram,80878,3816,512,122,905.77
2018-03-07,CAMP0020,Google Search,90221,3125,190,63,1304.87
2018-01-16,CAMP0013,Affiliate,21932,2476,339,44,1643.46
2018-04-29,CAMP0017,Email,83017,7659,345,43,1231.21
2018-03-08,CAMP0020,Google Search,26135,2706,138,32,145.67
2017-10-24,CAMP0006,Organic,47672,6807,710,212,1555.33
2017-12-17,CAMP0026,Affiliate,114639,11387,458,148,1838.78
2018-04-16,CAMP0025,Referral,84233,11681,691,107,1737.68
2017-01-09,CAMP0009,Google Search,113315,1954,186,34,540.03
2017-10-02,CAMP0012,Organic,63780,6431,474,49,110.68
2017-11-01,CAMP0006,Organic,72882,5341,360,76,932.46
2017-04-11,CAMP0029,Organic,105000,4849,553,55,195.58
2018-03-30,CAMP0020,Google Search,51892,3555,416,93,1076.34
2018-03-09,CAMP0021,Referral,111039,5469,978,75,232.18
2017-07-28,CAMP0027,Affiliate,53182,1733,223,45,1271.07
2018-04-15,CAMP0025,Referral,71116,6818,224,30,1707.36
2018-03-08,CAMP0021,Referral,46810,6928,713,75,1365.51
2018-05-19,CAMP0025,Referral,105264,8752,1452,161,163.35
2018-04-18,CAMP0025,Referral,7374,215,27,8,558.53
2017-03-27,CAMP0002,Facebook,117441,8417,598,47,1986.58
2017-08-01,CAMP0016,Email,104525,11960,1936,187,57.49
2017-05-27,CAMP0030,Affiliate,65816,8912,1579,141,828.46
2017-08-09,CAMP0028,Facebook,47267,2506,405,103,1123.47
2018-03-14,CAMP0018,Instagram,94306,4599,144,44,1883.32
2017-01-17,CAMP0009,Google Search,76510,6087,960,50,878.68
2018-04-03,CAMP0018,Instagram,15411,981,79,9,165.44
2017-12-23,CAMP0026,Affiliate,71260,1567,158,18,1228.57
2018-04-17,CAMP0005,Affiliate,78684,8652,1020,95,1670.97
2017-08-13,CAMP0016,Email,63212,1418,85,9,755.14
2018-05-11,CAMP0017,Email,61845,5448,248,49,1261.26
2018-05-23,CAMP0017,Email,73453,7462,842,145,891.12
2017-06-01,CAMP0008,Instagram,16392,2018,356,103,1821.77
2017-09-22,CAMP0001,Affiliate,72932,6373,546,30,1314.52
2017-04-11,CAMP0019,Google Search,76175,4346,485,78,562.11
2018-04-30,CAMP0025,Referral,102640,12839,448,56,359.67
2017-05-21,CAMP0030,Affiliate,39869,4846,601,141,1684.01
2017-04-09,CAMP0019,Google Search,100995,4686,481,133,1070.3
2017-09-22,CAMP0012,Organic,17069,393,43,7,1649.08
2017-01-29,CAMP0009,Google Search,29628,4356,295,90,1471.98
2017-02-01,CAMP0007,Email,99858,10854,1761,220,1353.86
2017-11-03,CAMP0022,Referral,80604,10761,555,63,408.69
2017-09-04,CAMP0010,Affiliate,80834,3333,395,69,1264.48
2017-01-15,CAMP0007,Email,119738,10436,1403,74,1842.44
2018-01-31,CAMP0004,Instagram,74748,1655,237,44,1866.79
2017-06-01,CAMP0008,Instagram,85798,2380,156,37,1440.88
2017-08-13,CAMP0023,Facebook,97160,1892,256,64,1844.26
2017-04-01,CAMP0002,Facebook,26288,3718,638,62,1783.56
2017-05-10,CAMP0029,Organic,89734,7086,384,126,716.39
2018-02-16,CAMP0024,Organic,51545,1360,230,42,725.56
2017-12-24,CAMP0026,Affiliate,78852,5293,551,115,678.98
2017-08-05,CAMP0028,Facebook,24058,318,10,1,1292.66
2017-08-13,CAMP0023,Facebook,56234,1486,228,34,934.82
2017-08-01,CAMP0016,Email,108195,10291,840,60,241.94
2017-04-05,CAMP0002,Facebook,19930,874,153,24,1768.11
2017-04-19,CAMP0019,Google Search,63695,2073,217,46,1129.9
2018-04-04,CAMP0003,Facebook,9339,112,9,1,1026.25
2018-05-08,CAMP0025,Referral,13803,1178,111,21,512.65
2018-04-29,CAMP0003,Facebook,17294,306,24,6,676.45
2018-05-19,CAMP0025,Referral,97036,12196,914,141,1272.43
2017-06-06,CAMP0030,Affiliate,109262,9558,1357,328,695.47
2017-12-25,CAMP0026,Affiliate,18162,456,35,2,668.51
2017-08-22,CAMP0016,Email,111610,9549,365,107,695.73
2017-12-30,CAMP0026,Affiliate,114602,9039,1485,512,1893.93
2017-01-27,CAMP0007,Email,13404,1887,315,28,1358.63
2018-02-03,CAMP0024,Organic,36208,2927,481,148,1852.87
2017-07-29,CAMP0016,Email,35395,2181,321,19,1099.0
2018-01-07,CAMP0013,Affiliate,69467,3848,140,46,778.45
2017-11-05,CAMP0011,Referral,82966,9392,678,230,615.68
2017-08-08,CAMP0028,Facebook,39994,815,31,4,199.66
2018-04-09,CAMP0003,Facebook,80167,3945,378,31,1352.75
2018-02-16,CAMP0024,Organic,26405,764,36,10,1027.03
2017-01-30,CAMP0007,Email,25077,1704,64,19,1999.16
2017-04-10,CAMP0002,Facebook,100383,1108,132,25,1273.18
2017-08-26,CAMP0010,Affiliate,42908,701,109,18,1684.07
2017-09-17,CAMP0001,Affiliate,102087,10968,607,203,1843.2
2017-11-15,CAMP0011,Referral,24005,1597,71,8,756.92
2017-08-23,CAMP0028,Facebook,75147,6495,535,35,1040.15
2017-06-12,CAMP0008,Instagram,46576,4009,563,159,1435.41
2017-05-25,CAMP0015,Instagram,87198,8457,1480,249,1725.26
2017-06-16,CAMP0008,Instagram,117274,3742,364,115,552.0
2018-04-04,CAMP0003,Facebook,89877,3130,390,105,873.38
2017-12-14,CAMP0026,Affiliate,6723,724,31,1,122.43
2017-01-11,CAMP0009,Google Search,119696,10298,1255,174,239.78
2017-06-16,CAMP0008,Instagram,70917,9090,1167,156,340.72
2017-08-18,CAMP0023,Facebook,87879,3781,266,49,631.98
2018-03-01,CAMP0024,Organic,27141,2516,394,31,1825.38
2017-11-19,CAMP0022,Referral,90410,8151,592,148,1365.38
2018-04-11,CAMP0014,Organic,102374,12056,1838,264,1207.28
2017-11-14,CAMP0011,Referral,77325,9825,1273,300,1822.44
2018-04-18,CAMP0014,Organic,85144,9146,831,259,1646.52
2018-03-07,CAMP0021,Referral,19217,769,32,6,711.64
2017-01-15,CAMP0009,Google Search,58864,7819,1062,288,1320.91
2018-05-13,CAMP0017,Email,88829,9365,1032,211,1432.29
2018-05-03,CAMP0017,Email,34667,3174,348,22,276.51
2017-08-18,CAMP0016,Email,99749,2911,316,93,1308.85
2017-06-18,CAMP0008,Instagram,41642,586,87,12,1832.32
2017-04-09,CAMP0002,Facebook,62707,2753,154,10,480.25
2017-12-20,CAMP0026,Affiliate,96648,7940,1396,464,1969.67
2017-02-05,CAMP0009,Google Search,106616,2619,181,49,450.3
2017-09-11,CAMP0001,Affiliate,106854,13051,1147,324,1175.4
2018-04-21,CAMP0005,Affiliate,114170,1400,146,22,1714.78
2017-01-17,CAMP0007,Email,51709,5698,566,143,1358.74
2017-09-11,CAMP0010,Affiliate,48509,3512,546,188,1280.58
2018-05-10,CAMP0017,Email,75888,11131,671,219,1240.74
2017-09-21,CAMP0001,Affiliate,5438,308,26,1,1832.88
2017-09-09,CAMP0023,Facebook,54821,4684,699,79,683.0
2018-04-21,CAMP0005,Affiliate,73401,3979,225,67,342.33
2018-04-15,CAMP0014,Organic,22930,2656,134,10,488.84
2018-03-04,CAMP0021,Referral,8059,233,36,2,1257.14
2017-09-23,CAMP0012,Organic,53597,4712,163,9,943.84
2018-03-25,CAMP0005,Affiliate,81482,8592,323,30,1509.27
2018-01-12,CAMP0004,Instagram,115128,10395,1609,85,1681.32
2017-11-08,CAMP0022,Referral,55647,1259,137,6,1560.03
2018-01-12,CAMP0013,Affiliate,64371,1706,92,8,1376.82
2018-01-16,CAMP0013,Affiliate,96078,7695,1130,227,221.74
2018-03-28,CAMP0005,Affiliate,117107,16186,2306,550,1777.14
2017-09-17,CAMP0001,Affiliate,83534,6558,421,116,234.39
2018-01-19,CAMP0004,Instagram,44826,1698,193,36,684.0
2018-01-02,CAMP0013,Affiliate,99090,14365,1294,87,1028.01
2017-10-25,CAMP0006,Organic,113100,11461,1200,91,1727.85
2018-03-15,CAMP0018,Instagram,69759,3240,512,58,1782.68
2018-04-30,CAMP0014,Organic,5712,209,9,2,953.61
2017-04-15,CAMP0029,Organic,17653,496,80,7,742.36
2017-11-13,CAMP0011,Referral,12975,159,12,1,658.55
2017-09-12,CAMP0001,Affiliate,81985,11549,1792,156,615.64
2017-11-05,CAMP0011,Referral,101264,12698,2096,395,380.87
2017-06-05,CAMP0030,Affiliate,64733,1018,121,10,545.17
2018-02-25,CAMP0024,Organic,29645,1511,137,8,373.75
2017-11-22,CAMP0022,Referral,54852,6135,717,43,1477.09
2018-01-24,CAMP0004,Instagram,88073,8065,592,109,1182.4
2018-01-13,CAMP0013,Affiliate,77360,2869,415,56,1307.03
2018-03-24,CAMP0005,Affiliate,112471,10603,1104,369,795.18
2018-01-17,CAMP0013,Affiliate,55157,3020,470,39,1120.7
2018-04-02,CAMP0020,Google Search,117939,9957,674,43,1669.32
2017-04-05,CAMP0002,Facebook,46518,1723,110,24,1127.06
2018-01-13,CAMP0004,Instagram,61029,3670,495,105,906.94
2017-12-15,CAMP0026,Affiliate,63545,8571,774,191,1509.7
2017-08-10,CAMP0023,Facebook,99052,3670,400,83,1937.87
2017-11-12,CAMP0011,Referral,116381,8296,940,205,1520.14
2017-08-02,CAMP0016,Email,23692,1632,52,14,1408.8
2017-06-12,CAMP0008,Instagram,89711,6360,522,151,205.23
2017-08-23,CAMP0027,Affiliate,90958,9703,1470,128,1482.5
2017-05-04,CAMP0019,Google Search,45973,1289,208,35,899.51
2017-10-22,CAMP0006,Organic,15787,722,96,15,609.75
2017-09-01,CAMP0010,Affiliate,117017,7755,1155,317,1497.95
2017-09-22,CAMP0012,Organic,49347,7101,221,12,678.51
2017-06-16,CAMP0008,Instagram,59539,2824,377,106,1636.79
2018-04-14,CAMP0005,Affiliate,56718,2328,229,25,1955.98
2018-03-17,CAMP0018,Instagram,88439,3425,347,64,339.99
2017-05-26,CAMP0015,Instagram,74252,6190,1112,289,626.3
2017-09-12,CAMP0001,Affiliate,78778,6150,956,214,126.35
2018-05-03,CAMP0014,Organic,84411,9290,756,157,1074.23
2017-06-01,CAMP0008,Instagram,86190,10880,1514,488,890.21
2017-04-23,CAMP0029,Organic,14231,1855,106,6,894.68
2018-05-01,CAMP0014,Organic,105638,1642,101,6,107.67
2017-10-12,CAMP0012,Organic,93678,12003,1456,395,376.51
2017-04-21,CAMP0019,Google Search,34242,1544,79,9,1764.54
2017-01-19,CAMP0009,Google Search,77291,8468,870,142,1761.24
2017-02-02,CAMP0009,Google Search,22511,2844,357,38,87.43
2018-04-19,CAMP0005,Affiliate,16037,674,40,12,633.23
2017-11-10,CAMP0022,Referral,50296,6198,248,86,1803.14
2017-11-08,CAMP0011,Referral,101550,13048,1507,437,1851.54
2017-04-22,CAMP0019,Google Search,109314,7267,433,78,1284.52
2017-11-13,CAMP0011,Referral,48702,5597,438,85,1782.6
2018-05-03,CAMP0014,Organic,67152,2379,206,23,118.43
2017-09-20,CAMP0012,Organic,30148,1488,91,11,1203.85
2018-02-18,CAMP0004,Instagram,72967,1696,191,37,1415.77
2018-04-24,CAMP0014,Organic,97692,9490,962,66,624.25
2018-04-18,CAMP0003,Facebook,80588,8276,806,204,1993.24
2018-04-11,CAMP0003,Facebook,38341,5437,267,86,359.52
2017-08-27,CAMP0010,Affiliate,115841,14693,2053,322,1626.68
2017-08-20,CAMP0027,Affiliate,53649,5399,186,14,1678.91
2017-06-04,CAMP0008,Instagram,65640,3098,152,24,1435.52
2018-03-18,CAMP0020,Google Search,118041,2116,94,30,1762.48
2018-04-07,CAMP0005,Affiliate,31159,2207,367,83,108.45
2017-08-05,CAMP0027,Affiliate,99882,5430,248,86,559.9
2017-11-06,CAMP0011,Referral,83887,9537,1102,155,772.71
2018-03-02,CAMP0021,Referral,113085,13395,1751,339,1522.81
2017-11-18,CAMP0022,Referral,41198,3303,343,17,491.35
2018-03-14,CAMP0005,Affiliate,85963,6308,392,102,1039.06
2017-11-12,CAMP0011,Referral,28093,1553,180,19,974.01
2018-05-09,CAMP0017,Email,41513,4062,544,61,555.03
2018-03-04,CAMP0020,Google Search,21653,2634,213,24,1464.94
2017-11-06,CAMP0011,Referral,58985,3814,214,14,1135.83
2018-03-07,CAMP0021,Referral,57220,7254,620,41,764.83
2017-06-14,CAMP0008,Instagram,14963,1605,211,10,280.55
2017-08-14,CAMP0016,Email,82666,11331,1547,435,743.96
2017-04-20,CAMP0029,Organic,88303,4654,339,105,1354.17
2017-11-01,CAMP0022,Referral,50051,7027,374,36,1873.49
2017-09-12,CAMP0023,Facebook,66637,1437,257,70,465.48
2018-03-04,CAMP0021,Referral,105565,10564,720,126,183.95
2017-09-27,CAMP0012,Organic,43911,4397,570,92,1859.07
2017-08-11,CAMP0016,Email,61006,4990,225,56,219.22
2017-06-14,CAMP0008,Instagram,38652,2878,381,102,157.0
2017-06-07,CAMP0030,Affiliate,77614,9761,1375,450,859.55
2018-03-10,CAMP0021,Referral,50583,2434,163,15,337.83
2018-03-02,CAMP0018,Instagram,106533,12224,1428,87,1106.73
2017-11-10,CAMP0011,Referral,103872,10025,581,178,1650.13
2017-11-13,CAMP0011,Referral,10807,1531,254,63,1858.56
2017-09-13,CAMP0001,Affiliate,37834,2710,404,103,1020.01
2017-08-04,CAMP0028,Facebook,53204,2006,89,16,734.56
2017-09-21,CAMP0001,Affiliate,71896,8909,1329,303,751.71
2017-07-30,CAMP0027,Affiliate,22462,3012,400,78,1154.71
2017-08-12,CAMP0028,Facebook,77715,902,42,10,334.3
2018-05-19,CAMP0025,Referral,54366,571,73,10,1239.31
2017-09-20,CAMP0012,Organic,86671,1503,224,41,424.41
2017-01-03,CAMP0007,Email,39723,4500,342,116,1398.47
2018-04-24,CAMP0014,Organic,81020,11170,576,117,1307.16
2017-08-04,CAMP0016,Email,54052,4628,505,99,194.63
2017-04-08,CAMP0029,Organic,9626,1027,127,42,856.79
2017-05-29,CAMP0030,Affiliate,35551,5098,493,76,1162.32
2017-08-23,CAMP0027,Affiliate,46497,2862,447,85,1267.58
2017-01-26,CAMP0007,Email,72073,9499,1048,359,1236.24
2018-04-27,CAMP0014,Organic,82693,2968,509,73,174.64
2017-06-08,CAMP0008,Instagram,17680,646,78,26,98.83
2017-08-03,CAMP0028,Facebook,88939,1257,49,13,1462.13
2017-11-06,CAMP0011,Referral,39589,4274,498,33,1117.18
2017-12-03,CAMP0022,Referral,103425,4486,361,84,181.76
2018-03-12,CAMP0021,Referral,44354,2436,317,61,1431.82
2017-12-26,CAMP0026,Affiliate,107547,8065,435,112,125.24
2018-04-08,CAMP0005,Affiliate,7685,903,80,15,1379.36
2017-12-17,CAMP0026,Affiliate,107297,8434,900,225,996.88
2017-06-03,CAMP0030,Affiliate,89504,8263,508,101,317.3
2018-01-18,CAMP0013,Affiliate,111125,12681,1921,248,751.91
2017-10-29,CAMP0022,Referral,30892,3012,528,93,774.87
2017-08-19,CAMP0027,Affiliate,98755,6612,614,180,1760.51
2017-01-07,CAMP0007,Email,16168,427,18,4,1216.61
2018-05-20,CAMP0017,Email,115092,3595,212,32,1720.77
2018-05-03,CAMP0003,Facebook,49025,6197,255,23,826.8
2017-08-18,CAMP0010,Affiliate,39985,1886,123,40,113.69
2017-04-17,CAMP0019,Google Search,87053,8028,1041,301,988.9
2018-05-21,CAMP0017,Email,52164,4170,667,138,372.6
2017-08-12,CAMP0028,Facebook,9804,438,25,8,861.69
2018-04-05,CAMP0003,Facebook,110288,14044,1225,390,120.71
2017-09-12,CAMP0001,Affiliate,111005,10968,681,237,1107.11
2017-08-17,CAMP0028,Facebook,29211,1067,162,44,365.86
2018-02-17,CAMP0024,Organic,68286,5195,211,44,604.34
2017-04-09,CAMP0002,Facebook,91118,1325,142,21,1665.41
2018-05-17,CAMP0017,Email,117666,13824,1319,429,1999.21
2017-11-09,CAMP0011,Referral,97517,5983,707,209,1814.01
2018-03-09,CAMP0020,Google Search,33506,2245,327,49,774.52
2017-04-15,CAMP0019,Google Search,25114,1754,209,59,1727.9
2017-12-15,CAMP0026,Affiliate,32456,1079,58,18,501.1
2018-02-04,CAMP0024,Organic,70564,6558,719,220,1160.59
2017-05-02,CAMP0019,Google Search,63636,3859,399,84,1717.85
2017-08-23,CAMP0028,Facebook,50802,2879,436,110,1916.74
2018-01-26,CAMP0024,Organic,43091,3524,436,97,825.81
2017-05-08,CAMP0029,Organic,29292,4208,531,166,128.27
2017-06-05,CAMP0015,Instagram,35461,1656,202,41,196.01
2017-08-23,CAMP0023,Facebook,57759,6305,892,76,207.33
2017-12-15,CAMP0026,Affiliate,15639,745,38,6,959.18
2017-07-24,CAMP0016,Email,80078,10064,1482,266,155.75
2017-08-23,CAMP0010,Affiliate,69421,10216,387,113,1359.21
2017-11-10,CAMP0011,Referral,28742,1145,143,39,1174.26
2017-11-08,CAMP0011,Referral,119599,5436,316,18,677.24
2017-04-26,CAMP0019,Google Search,88720,12260,1463,352,743.73
2018-05-03,CAMP0017,Email,62939,3464,499,165,535.85
2018-05-08,CAMP0014,Organic,97467,10761,1052,190,1499.48
2017-06-09,CAMP0030,Affiliate,29995,2405,405,98,997.24
2017-07-25,CAMP0016,Email,16214,1404,115,11,662.22
2018-02-09,CAMP0024,Organic,33298,1475,120,32,1340.65
2017-11-08,CAMP0011,Referral,13833,753,50,11,1160.81
2017-10-30,CAMP0006,Organic,68884,9486,413,42,1893.76
2018-03-02,CAMP0018,Instagram,22401,2471,187,52,174.83
2018-04-08,CAMP0003,Facebook,62888,4441,220,44,1495.54
2017-11-13,CAMP0022,Referral,16379,1963,184,38,583.87
2017-03-18,CAMP0002,Facebook,34747,3940,261,48,932.07
2017-09-14,CAMP0001,Affiliate,38941,406,39,6,1341.19
2017-07-25,CAMP0016,Email,112992,9100,319,38,601.94
2017-10-06,CAMP0012,Organic,92439,1926,183,25,1452.67
2017-06-03,CAMP0030,Affiliate,111348,12355,1054,61,383.49
2017-03-22,CAMP0002,Facebook,86130,2559,313,59,1722.18
2018-05-19,CAMP0025,Referral,91405,10587,1511,155,1808.41
2017-08-08,CAMP0027,Affiliate,83001,7407,297,19,1911.57
2017-05-11,CAMP0029,Organic,108382,3484,350,114,939.48
2017-03-11,CAMP0002,Facebook,71734,10419,846,125,1682.46
2018-01-22,CAMP0004,Instagram,79646,2852,468,90,795.22
2017-06-07,CAMP0015,Instagram,75956,3895,569,37,211.59
2017-05-04,CAMP0019,Google Search,21983,2961,286,21,239.27
2017-11-01,CAMP0006,Organic,101933,2302,146,18,1158.65
2018-04-13,CAMP0003,Facebook,78340,10632,349,83,498.71
2017-08-18,CAMP0010,Affiliate,52076,7514,1069,90,196.19
2018-01-22,CAMP0004,Instagram,109632,11653,1961,612,1125.58
2017-09-10,CAMP0023,Facebook,107583,11994,730,108,853.74
2017-08-18,CAMP0010,Affiliate,26075,701,83,28,318.01
2018-05-11,CAMP0017,Email,60067,8797,546,52,1873.72
2017-03-22,CAMP0002,Facebook,108119,8036,856,180,1741.36
2017-12-30,CAMP0026,Affiliate,88362,5351,208,50,84.03
2017-08-12,CAMP0028,Facebook,115694,4341,575,54,264.78
2017-04-04,CAMP0019,Google Search,74355,1792,158,22,1092.44
2017-08-19,CAMP0010,Affiliate,9865,816,146,9,1717.81
2018-02-07,CAMP0004,Instagram,103221,9506,785,43,446.9
2017-05-21,CAMP0030,Affiliate,84264,2708,354,58,1865.44
2018-04-15,CAMP0014,Organic,111357,11969,1734,444,739.19
2017-09-30,CAMP0012,Organic,111783,2661,199,28,488.11
2017-08-26,CAMP0010,Affiliate,19072,2795,167,27,658.22
2018-03-01,CAMP0021,Referral,94226,6211,717,37,1723.47
2017-06-08,CAMP0030,Affiliate,109439,13610,730,110,1779.36
2017-01-09,CAMP0009,Google Search,101031,7361,455,145,1340.68
2017-04-05,CAMP0029,Organic,32700,4171,444,127,729.53
2017-10-16,CAMP0006,Organic,65470,4590,344,21,266.35
2017-03-15,CAMP0002,Facebook,116740,7999,1342,291,1698.36
2017-02-03,CAMP0009,Google Search,115143,7774,958,255,1665.93
2017-06-16,CAMP0008,Instagram,59813,6332,297,74,505.31
2017-12-17,CAMP0026,Affiliate,24632,1003,146,47,1882.91
2017-09-17,CAMP0001,Affiliate,18333,194,7,0,740.78
2018-04-12,CAMP0014,Organic,6818,243,29,3,1013.58
2017-10-28,CAMP0006,Organic,88075,5091,479,53,484.0
2017-09-17,CAMP0001,Affiliate,28089,3443,256,29,1895.09
2017-08-11,CAMP0028,Facebook,14326,1200,157,26,779.1
2018-01-31,CAMP0004,Instagram,106038,5463,506,56,1449.48
2018-05-09,CAMP0017,Email,43576,4814,329,34,90.82
2017-09-05,CAMP0023,Facebook,98732,13809,1514,216,650.57
2017-01-22,CAMP0007,Email,15475,2294,219,65,364.08
2018-04-17,CAMP0014,Organic,77566,7665,940,281,1847.82
2017-03-20,CAMP0002,Facebook,117260,14478,2245,410,1572.65
2017-05-10,CAMP0029,Organic,23481,436,53,14,811.68
2018-01-04,CAMP0026,Affiliate,89529,9437,779,130,451.88
2018-02-04,CAMP0004,Instagram,108515,14867,2485,357,1890.04
2017-11-22,CAMP0022,Referral,60363,4345,220,73,1320.56
2018-05-11,CAMP0025,Referral,5763,314,33,6,596.52
2017-09-26,CAMP0012,Organic,91914,1967,118,26,1329.82
2017-08-14,CAMP0016,Email,52074,6768,637,71,514.9
2017-09-20,CAMP0012,Organic,54755,4977,861,79,596.7
2017-04-08,CAMP0002,Facebook,52322,3328,496,78,553.36
2018-03-05,CAMP0018,Instagram,25107,2416,276,39,1158.71
2017-02-01,CAMP0007,Email,16423,1175,194,33,1252.17
2017-11-19,CAMP0022,Referral,16116,2293,253,60,252.44
2017-06-03,CAMP0015,Instagram,66198,8574,1405,396,1676.94
2017-02-01,CAMP0009,Google Search,46637,2314,184,52,436.98
2018-04-12,CAMP0005,Affiliate,104834,12931,861,285,985.95
2018-03-13,CAMP0021,Referral,62890,4389,751,236,893.93
2017-08-07,CAMP0016,Email,111934,9458,618,179,853.6
2018-01-26,CAMP0024,Organic,97804,3001,494,165,1937.03
2017-06-08,CAMP0030,Affiliate,105660,2769,351,99,1998.8
2017-06-08,CAMP0008,Instagram,74037,8467,978,181,1470.22
2017-01-22,CAMP0009,Google Search,10634,409,62,6,1079.87
2018-03-09,CAMP0020,Google Search,51919,2215,385,120,1026.42
2017-09-12,CAMP0023,Facebook,42144,6012,216,55,1482.48
2017-12-22,CAMP0026,Affiliate,64488,8249,359,23,1779.62
2017-08-18,CAMP0023,Facebook,66372,9473,602,173,1609.24
2017-08-16,CAMP0027,Affiliate,35156,5257,206,58,1766.69
2018-03-13,CAMP0021,Referral,38727,1919,130,11,703.18
2018-04-14,CAMP0003,Facebook,103487,1598,200,24,568.75
2017-10-17,CAMP0006,Organic,111555,13108,1598,104,1613.63
2018-04-18,CAMP0003,Facebook,108608,9505,600,105,648.79
2017-08-28,CAMP0023,Facebook,99059,12959,1229,320,883.48
2018-03-12,CAMP0021,Referral,116101,10914,956,193,1174.66
2018-04-25,CAMP0025,Referral,81517,5457,842,228,345.93
2017-08-17,CAMP0027,Affiliate,71709,2177,228,55,112.46
2017-11-13,CAMP0022,Referral,59937,6652,344,19,1700.58
2017-01-14,CAMP0007,Email,95779,12212,752,119,441.53
2017-06-17,CAMP0008,Instagram,57514,6565,932,168,618.15
2018-01-24,CAMP0024,Organic,66135,8892,1293,315,1292.38
2017-06-16,CAMP0008,Instagram,33787,2125,204,26,1086.37
2017-08-02,CAMP0016,Email,29936,3786,332,39,1833.72
2017-06-03,CAMP0030,Affiliate,52295,7328,632,96,303.8
2017-08-21,CAMP0028,Facebook,20547,1614,123,8,1963.7
2017-01-29,CAMP0007,Email,76508,7071,311,28,299.18
2017-01-29,CAMP0007,Email,104921,13974,1134,323,1972.15
2017-08-22,CAMP0016,Email,33993,2148,118,7,809.98
2017-11-11,CAMP0011,Referral,41789,689,110,35,448.85
2017-05-22,CAMP0015,Instagram,61830,7657,762,198,774.31
2017-06-10,CAMP0015,Instagram,64251,9435,1179,137,1340.33
2018-04-13,CAMP0014,Organic,20047,509,41,12,1938.98
2017-05-16,CAMP0029,Organic,7484,126,18,5,1797.32
2018-04-22,CAMP0025,Referral,29332,531,16,3,633.26
2017-05-03,CAMP0019,Google Search,62229,5609,882,257,1493.08
2017-12-15,CAMP0026,Affiliate,51005,5821,921,163,1243.99
2018-05-10,CAMP0014,Organic,10909,1161,185,56,732.67
2018-04-08,CAMP0018,Instagram,87454,5554,465,107,426.19
2017-01-14,CAMP0007,Email,33913,2047,352,60,708.85
2018-05-15,CAMP0025,Referral,21878,1205,143,34,283.41
2018-05-06,CAMP0017,Email,7781,378,55,16,1834.62
2017-05-23,CAMP0030,Affiliate,70637,6080,764,51,1705.63
2017-03-21,CAMP0002,Facebook,61467,1819,114,17,432.97
2018-04-29,CAMP0014,Organic,96830,3581,325,96,1014.7
2017-08-23,CAMP0016,Email,13974,971,163,52,1031.17
2017-11-01,CAMP0006,Organic,27071,1225,76,5,266.94
2018-03-02,CAMP0021,Referral,81883,7905,462,132,1680.25
2017-11-11,CAMP0011,Referral,64559,6481,806,84,1643.88
2018-04-16,CAMP0005,Affiliate,78313,5704,265,26,393.84
2018-01-14,CAMP0004,Instagram,20134,1546,47,15,1831.31
2018-04-18,CAMP0014,Organic,51284,3098,198,45,1157.1
2017-09-05,CAMP0010,Affiliate,6045,860,125,31,933.03
2018-04-26,CAMP0017,Email,38144,2003,132,12,876.95
2017-12-17,CAMP0026,Affiliate,46736,6358,613,102,1254.39
2017-12-28,CAMP0026,Affiliate,88636,2781,293,53,1784.0
2018-03-04,CAMP0018,Instagram,8212,556,39,6,275.73
2017-05-05,CAMP0029,Organic,67281,3417,283,88,823.36
2018-03-13,CAMP0020,Google Search,48451,6811,826,45,1736.14
2017-06-02,CAMP0030,Affiliate,67653,9996,1688,588,465.76
2018-01-18,CAMP0013,Affiliate,55014,1030,106,18,1971.18
2017-06-05,CAMP0015,Instagram,65460,6460,710,143,1747.7
2017-06-04,CAMP0030,Affiliate,115640,3522,359,55,477.75
2017-09-27,CAMP0012,Organic,51170,4833,205,48,686.84
2018-05-13,CAMP0017,Email,73951,8901,1236,89,1255.68
2017-04-04,CAMP0002,Facebook,83750,6787,801,187,1450.93
2018-02-04,CAMP0004,Instagram,58748,3359,553,156,1457.94
2017-01-24,CAMP0007,Email,67522,5190,330,62,1486.62
2018-04-11,CAMP0003,Facebook,35670,1663,153,40,1857.04
2017-01-12,CAMP0007,Email,71180,1439,174,11,1224.91
2017-05-27,CAMP0015,Instagram,103799,6602,552,179,203.99
2018-05-11,CAMP0017,Email,70710,1830,115,30,914.53
2017-03-31,CAMP0002,Facebook,48601,6397,985,309,605.66
2017-01-05,CAMP0007,Email,41791,1667,72,23,486.22
2017-04-20,CAMP0029,Organic,82335,5021,520,108,110.32
2017-12-30,CAMP0026,Affiliate,44392,1924,221,64,407.71
2017-06-03,CAMP0008,Instagram,95678,11864,1751,298,1445.86
2018-04-11,CAMP0003,Facebook,68504,2893,328,78,1268.09
2018-05-24,CAMP0025,Referral,109381,15755,1893,279,1334.94
2017-05-08,CAMP0029,Organic,114633,12533,1663,208,478.47
2017-05-22,CAMP0030,Affiliate,20724,1119,102,19,281.45
2018-01-18,CAMP0004,Instagram,51844,1158,161,8,764.7
2017-09-11,CAMP0023,Facebook,116772,4455,773,133,86.16
2017-11-12,CAMP0011,Referral,46272,1120,71,5,1439.78
2017-08-09,CAMP0028,Facebook,40100,5888,379,95,1579.2
2018-03-11,CAMP0020,Google Search,75215,4972,152,32,1780.36
2018-03-16,CAMP0020,Google Search,80865,7285,330,84,1978.87
2017-11-07,CAMP0011,Referral,94518,7782,1258,74,1105.37
2017-03-15,CAMP0002,Facebook,66103,1629,214,34,457.91
2017-06-07,CAMP0015,Instagram,69981,8482,1408,384,1180.13
2017-01-30,CAMP0009,Google Search,51024,4399,314,75,361.12
2017-07-28,CAMP0016,Email,79218,4577,226,27,1073.38
2018-01-10,CAMP0004,Instagram,59340,2024,198,38,1190.11
2017-06-18,CAMP0008,Instagram,45120,3718,550,63,731.54
2018-03-07,CAMP0020,Google Search,63853,8019,1363,441,235.58
2017-03-23,CAMP0002,Facebook,48646,2301,182,27,921.68
2018-01-23,CAMP0024,Organic,49037,4150,522,98,75.84
2017-06-17,CAMP0008,Instagram,94068,12580,1130,240,1836.88
2017-04-25,CAMP0019,Google Search,25246,1702,163,48,211.1
2018-02-04,CAMP0024,Organic,60750,707,40,5,198.13
2018-03-22,CAMP0020,Google Search,78094,5899,992,201,1783.47
2018-03-29,CAMP0018,Instagram,94560,12571,992,283,1473.99
2017-07-31,CAMP0016,Email,7837,197,33,9,813.39
2017-11-11,CAMP0011,Referral,78200,9039,924,113,914.86
2017-01-25,CAMP0009,Google Search,23284,2862,513,67,1893.44
2017-08-03,CAMP0016,Email,76043,4108,402,80,427.38
2017-09-06,CAMP0010,Affiliate,88788,4352,685,92,415.89
2017-08-01,CAMP0016,Email,91466,13212,1103,305,1935.16
2018-02-15,CAMP0024,Organic,31793,1793,126,43,1058.6
2018-01-27,CAMP0024,Organic,7925,1021,121,7,1954.69
2017-05-31,CAMP0015,Instagram,35896,3742,475,150,434.35
2018-01-21,CAMP0004,Instagram,73466,8847,1009,144,1050.79
2018-03-09,CAMP0021,Referral,114441,15021,1005,223,878.79
2017-05-23,CAMP0015,Instagram,43234,2622,174,30,609.76
2017-10-09,CAMP0012,Organic,9796,834,134,41,1377.83
2017-08-31,CAMP0010,Affiliate,113014,2439,407,140,952.02
2017-11-05,CAMP0011,Referral,90641,12693,2175,118,1713.75
2017-10-02,CAMP0012,Organic,96843,9705,1634,276,726.57
2017-07-26,CAMP0016,Email,6816,636,24,4,327.94
2017-01-20,CAMP0009,Google Search,8435,1238,211,34,484.26
2017-05-31,CAMP0015,Instagram,97540,11144,1934,259,124.77
2017-12-26,CAMP0026,Affiliate,57085,4551,697,102,1642.54
2017-06-07,CAMP0008,Instagram,45787,3770,232,80,1337.35
2017-07-29,CAMP0027,Affiliate,41022,4264,703,117,691.99
2017-12-31,CAMP0026,Affiliate,44397,967,113,35,1582.59
2017-07-31,CAMP0027,Affiliate,16129,471,39,10,527.63
2018-04-28,CAMP0017,Email,13535,144,15,1,1030.36
2018-04-02,CAMP0018,Instagram,92097,1066,91,26,56.38
2017-09-15,CAMP0001,Affiliate,66803,9133,1454,189,451.83
2018-04-23,CAMP0025,Referral,107726,10025,505,51,1332.56
2017-09-10,CAMP0023,Facebook,7535,964,88,16,402.1
2018-05-20,CAMP0025,Referral,5611,401,15,2,1476.44
2017-12-15,CAMP0026,Affiliate,6789,889,140,27,279.63
2018-05-02,CAMP0014,Organic,55598,3357,547,61,955.31
2017-08-12,CAMP0016,Email,14108,1910,268,80,939.39
2017-12-21,CAMP0026,Affiliate,97321,14480,801,216,1559.45
2018-03-05,CAMP0021,Referral,115467,17036,1441,221,1688.1
2018-02-01,CAMP0024,Organic,72935,5985,255,62,1065.81
2018-02-24,CAMP0024,Organic,9586,1167,53,5,1400.37
2017-08-24,CAMP0010,Affiliate,82884,12234,1068,281,1337.85
2017-06-14,CAMP0008,Instagram,78590,9310,1500,450,1915.85
2018-03-27,CAMP0005,Affiliate,102432,5280,400,65,1918.55
2018-03-10,CAMP0021,Referral,44331,2104,85,16,789.75
2017-07-29,CAMP0016,Email,66182,5486,637,192,228.89
2017-05-05,CAMP0029,Organic,71405,4007,331,111,1308.52
2018-05-21,CAMP0025,Referral,76334,6285,903,66,930.87
2017-12-31,CAMP0026,Affiliate,100351,4079,607,117,1059.27
2018-05-12,CAMP0017,Email,54968,7572,256,45,672.98
2017-08-03,CAMP0028,Facebook,35420,4512,571,75,787.71
2017-01-10,CAMP0009,Google Search,9840,641,31,5,1178.86
2017-06-05,CAMP0008,Instagram,12048,1141,157,25,982.56
2017-07-28,CAMP0027,Affiliate,22193,1943,144,27,551.76
2017-11-30,CAMP0022,Referral,75501,4344,564,107,795.43
2017-08-16,CAMP0016,Email,24960,2680,429,105,1702.56
2017-08-12,CAMP0028,Facebook,20287,2864,407,71,1399.54
2018-02-03,CAMP0004,Instagram,107496,12576,1603,307,1574.07
2017-12-17,CAMP0026,Affiliate,111819,14002,1706,543,818.92
2017-06-10,CAMP0008,Instagram,62024,6470,1103,278,1536.47
2018-04-08,CAMP0003,Facebook,50372,2594,299,53,1943.65
2018-03-11,CAMP0021,Referral,64067,1656,165,34,91.83
2018-01-26,CAMP0024,Organic,74864,4686,153,25,790.94
2017-08-22,CAMP0010,Affiliate,34713,3153,313,24,423.66
2017-09-17,CAMP0001,Affiliate,49589,2946,189,15,807.07
2017-01-27,CAMP0009,Google Search,36960,613,50,3,991.33
2017-09-04,CAMP0023,Facebook,98720,10205,1198,180,311.72
2018-01-29,CAMP0004,Instagram,23765,2266,96,33,1896.37
2018-01-03,CAMP0013,Affiliate,70784,9640,1010,269,1187.8
2017-03-28,CAMP0002,Facebook,61249,1498,174,48,1267.09
2018-05-22,CAMP0017,Email,26578,1945,190,39,553.66
2017-10-19,CAMP0006,Organic,29037,504,64,8,515.57
2017-06-11,CAMP0008,Instagram,75136,10638,1251,276,448.62
2018-04-25,CAMP0025,Referral,97722,3938,298,15,900.35
2018-04-06,CAMP0003,Facebook,89706,7599,1308,197,451.29
2018-05-05,CAMP0025,Referral,88601,4395,399,27,360.3
2018-05-09,CAMP0025,Referral,67067,6335,352,66,542.65
2018-04-23,CAMP0025,Referral,8029,268,43,5,1839.05
2018-04-13,CAMP0003,Facebook,77022,7723,1153,343,1623.05
2017-04-27,CAMP0019,Google Search,88365,10797,1325,281,232.75
2018-05-04,CAMP0017,Email,112834,3745,619,212,102.08
2017-08-08,CAMP0028,Facebook,85485,4825,486,39,763.96
2018-04-25,CAMP0025,Referral,91702,9093,1105,65,644.01
2018-04-09,CAMP0003,Facebook,52427,6700,315,65,906.38
2018-03-12,CAMP0018,Instagram,40429,2603,359,32,1348.41
2017-11-20,CAMP0022,Referral,37721,2507,243,65,1171.35
2017-09-24,CAMP0012,Organic,100950,6932,484,109,1376.49
2018-04-24,CAMP0003,Facebook,55255,1272,190,51,1846.06
2017-04-01,CAMP0002,Facebook,15546,2173,298,24,990.85
2017-05-21,CAMP0015,Instagram,93855,6483,504,74,1343.17
2018-05-17,CAMP0025,Referral,63353,5875,376,103,1868.13
2017-04-22,CAMP0019,Google Search,31138,1219,158,29,1257.68
2018-02-11,CAMP0024,Organic,60024,6643,777,109,516.07
2017-06-03,CAMP0008,Instagram,114252,3495,200,22,1413.4
2018-04-24,CAMP0003,Facebook,52078,7489,518,32,1853.73
2017-05-29,CAMP0030,Affiliate,27782,1531,127,12,1339.24
2017-09-24,CAMP0012,Organic,28290,2508,224,47,1337.43
2017-01-19,CAMP0009,Google Search,28583,805,140,10,1099.2
2017-06-20,CAMP0008,Instagram,101970,11368,820,71,504.53
2017-03-25,CAMP0002,Facebook,102464,4632,401,70,197.46
2018-04-02,CAMP0018,Instagram,13714,338,46,6,1859.76
2018-04-01,CAMP0005,Affiliate,72486,1042,107,8,604.49
2018-02-12,CAMP0004,Instagram,11141,1267,73,14,1759.62
2017-05-01,CAMP0019,Google Search,80180,9700,490,71,1571.49
2017-01-09,CAMP0007,Email,44345,2464,154,46,388.62
2017-09-10,CAMP0001,Affiliate,19933,1377,246,56,93.6
2018-05-04,CAMP0017,Email,110062,6282,1069,327,83.69
2017-04-15,CAMP0019,Google Search,102646,9183,965,226,704.64
2018-03-23,CAMP0018,Instagram,38856,5268,383,124,372.62
2017-08-25,CAMP0028,Facebook,27358,342,54,2,1511.31
2017-09-14,CAMP0001,Affiliate,67048,6705,1047,244,1819.66
2018-04-24,CAMP0014,Organic,108591,12220,1139,82,1409.63
2017-05-21,CAMP0015,Instagram,86254,10286,1397,445,1467.36
2018-05-01,CAMP0025,Referral,36137,2559,178,47,120.32
2018-01-13,CAMP0013,Affiliate,52009,1868,223,41,1554.65
2017-08-04,CAMP0028,Facebook,78920,11208,830,52,1911.91
2017-08-29,CAMP0010,Affiliate,53088,6652,890,166,1502.54
2017-08-26,CAMP0023,Facebook,64550,699,118,16,1646.2
2017-09-08,CAMP0023,Facebook,7226,81,9,1,493.83
2017-12-25,CAMP0026,Affiliate,30841,4003,629,114,731.16
2018-02-13,CAMP0024,Organic,62840,1751,73,3,857.39
2018-03-26,CAMP0018,Instagram,87680,12194,1341,83,1428.76
2018-03-14,CAMP0018,Instagram,112020,13171,1555,301,167.3
2017-09-02,CAMP0023,Facebook,8884,151,6,0,1968.18
2017-06-04,CAMP0008,Instagram,97218,1876,90,8,546.85
2017-05-22,CAMP0030,Affiliate,31774,4687,790,205,1195.24
2018-03-16,CAMP0005,Affiliate,43373,551,61,19,229.21
2017-10-25,CAMP0006,Organic,45427,2442,126,7,1841.44
2017-08-08,CAMP0016,Email,36082,3170,435,151,50.98
2018-03-17,CAMP0020,Google Search,64849,9479,1440,417,1626.89
2017-04-27,CAMP0019,Google Search,43879,1421,58,8,1122.53
2018-05-13,CAMP0025,Referral,26696,2543,106,20,523.75
2018-03-18,CAMP0020,Google Search,27427,1060,60,7,1000.12
2018-04-04,CAMP0020,Google Search,104400,3774,385,79,157.6
2017-08-22,CAMP0016,Email,60123,4182,247,67,1829.7
2017-08-21,CAMP0010,Affiliate,20964,2811,271,88,1553.58
2017-04-02,CAMP0002,Facebook,115629,2711,114,20,452.69
2018-03-12,CAMP0021,Referral,110081,4235,352,61,518.61
2017-08-16,CAMP0027,Affiliate,108656,7523,1261,194,76.51
2017-04-20,CAMP0019,Google Search,95141,7674,1287,418,1438.17
2017-08-20,CAMP0016,Email,66976,7193,684,136,774.99
2018-04-26,CAMP0025,Referral,29741,4111,209,55,457.76
2018-03-06,CAMP0021,Referral,95343,2903,90,22,1824.91
2017-01-27,CAMP0009,Google Search,37048,1122,196,27,1426.33
2018-03-29,CAMP0018,Instagram,115680,12271,396,121,1875.84
2017-04-14,CAMP0019,Google Search,30929,607,86,5,1520.74
2017-08-04,CAMP0028,Facebook,97556,1388,153,41,1086.43
2017-09-26,CAMP0012,Organic,17881,329,35,12,280.12
2018-05-17,CAMP0025,Referral,83462,7213,1023,100,229.7
2017-04-05,CAMP0029,Organic,90149,1236,45,6,760.61
2018-01-06,CAMP0013,Affiliate,14588,1463,156,25,1433.78
2017-04-27,CAMP0019,Google Search,28453,1473,93,31,632.7
2017-06-10,CAMP0008,Instagram,29692,1163,167,36,630.76
2017-01-10,CAMP0009,Google Search,26514,490,16,5,1903.35
2018-01-03,CAMP0013,Affiliate,9137,1125,196,12,1119.95
2017-09-22,CAMP0001,Affiliate,81650,5683,808,154,1345.77
2017-12-28,CAMP0026,Affiliate,97002,10647,982,308,146.13
2017-11-21,CAMP0022,Referral,74120,3429,187,23,1128.69
2018-04-23,CAMP0003,Facebook,37434,5428,611,202,1394.32
2018-05-08,CAMP0014,Organic,47742,2682,423,55,1302.96
2018-04-20,CAMP0014,Organic,21693,2637,400,108,616.02
2018-04-07,CAMP0003,Facebook,48397,6178,244,63,1704.99
2017-09-12,CAMP0023,Facebook,104995,10326,1605,496,78.24
2018-04-04,CAMP0005,Affiliate,37434,4394,780,225,1860.07
2018-03-06,CAMP0020,Google Search,67440,1108,159,49,1309.57
2017-09-11,CAMP0001,Affiliate,93192,4124,238,54,133.88
2018-03-11,CAMP0021,Referral,30685,885,39,12,1141.74
2017-10-10,CAMP0012,Organic,9187,543,69,13,1279.46
2017-09-18,CAMP0001,Affiliate,38720,3696,248,37,718.31
2018-05-15,CAMP0014,Organic,82075,1795,241,84,1370.56
2018-02-07,CAMP0004,Instagram,65564,2724,227,26,1454.56
2018-01-31,CAMP0004,Instagram,95134,13691,565,109,213.62
2017-06-07,CAMP0030,Affiliate,99619,11519,1926,231,1776.91
2018-03-16,CAMP0018,Instagram,64989,8650,288,79,225.35
2018-04-19,CAMP0005,Affiliate,21079,3153,537,99,1401.89
2017-09-06,CAMP0010,Affiliate,104556,11037,1500,321,1316.17
2017-09-19,CAMP0001,Affiliate,54343,6287,955,171,1361.84
2017-01-22,CAMP0007,Email,69639,3394,146,32,1220.04
2017-01-14,CAMP0007,Email,56103,5470,626,214,1229.61
2017-10-30,CAMP0022,Referral,53434,6575,673,119,747.01
2017-04-09,CAMP0002,Facebook,115030,2086,104,33,1055.08
2017-06-01,CAMP0008,Instagram,95389,3639,334,111,386.32
2018-05-24,CAMP0025,Referral,11928,1718,118,29,815.59
2018-04-13,CAMP0005,Affiliate,34365,3481,318,18,918.53
2017-12-31,CAMP0013,Affiliate,98633,3115,459,150,1727.09
2017-04-16,CAMP0029,Organic,60049,1480,106,18,108.37
2017-05-06,CAMP0019,Google Search,54197,858,85,22,1280.26
2018-03-07,CAMP0021,Referral,84902,3882,221,61,932.28
2017-01-30,CAMP0009,Google Search,38080,2426,198,13,1966.67
2017-08-20,CAMP0027,Affiliate,58469,839,65,14,1344.95
2017-04-05,CAMP0002,Facebook,33546,4274,719,232,1119.08
2017-08-21,CAMP0023,Facebook,114342,4225,226,25,622.0
2017-08-16,CAMP0023,Facebook,55103,5260,357,112,839.6
2018-02-21,CAMP0024,Organic,9357,828,57,3,900.14
2018-05-04,CAMP0025,Referral,86542,9082,797,155,1412.16
2018-04-17,CAMP0005,Affiliate,68410,8084,500,75,1280.33
2017-09-10,CAMP0023,Facebook,78274,916,142,49,382.96
2018-04-25,CAMP0025,Referral,95110,6977,1022,234,413.0
2017-10-31,CAMP0006,Organic,113382,16784,1089,323,1153.32
2017-11-05,CAMP0011,Referral,83723,5373,542,138,1673.85
2017-09-21,CAMP0001,Affiliate,89213,4996,381,40,1908.58
2017-12-04,CAMP0022,Referral,51250,831,61,17,1370.76
2018-01-17,CAMP0004,Instagram,107652,8120,1041,345,1424.44
2017-10-30,CAMP0006,Organic,42903,3694,477,120,809.08
2017-09-19,CAMP0012,Organic,66625,3926,326,37,803.54
2017-06-10,CAMP0030,Affiliate,33833,3699,402,24,1623.23
2017-06-07,CAMP0030,Affiliate,85943,10842,1311,106,1150.44
2017-08-21,CAMP0027,Affiliate,31089,1149,99,20,1158.51
2018-04-16,CAMP0014,Organic,26340,1999,233,36,1422.95
2017-06-01,CAMP0008,Instagram,64097,3430,393,126,520.32
2017-05-20,CAMP0015,Instagram,96717,7886,536,97,83.03
2017-05-09,CAMP0029,Organic,93848,8661,1111,305,450.6
2018-04-28,CAMP0003,Facebook,113338,1530,246,81,169.63
2017-02-03,CAMP0009,Google Search,40587,5574,754,236,327.79
2017-04-12,CAMP0019,Google Search,56576,2559,113,7,589.16
2018-02-06,CAMP0024,Organic,39731,1321,45,12,65.97
2017-01-24,CAMP0007,Email,110052,12173,1563,246,310.41
2017-03-17,CAMP0002,Facebook,12392,1349,202,45,976.99
2018-04-15,CAMP0003,Facebook,66689,5549,742,248,221.61
2018-04-05,CAMP0003,Facebook,84627,2387,292,64,284.8
2017-10-27,CAMP0006,Organic,33434,3150,306,57,1552.68
2018-01-21,CAMP0004,Instagram,23727,382,45,4,935.89
2017-08-07,CAMP0028,Facebook,48548,2626,97,11,1347.96
2017-10-01,CAMP0012,Organic,79032,5335,890,224,1369.23
2017-08-09,CAMP0016,Email,70049,5698,442,31,665.11
2017-01-18,CAMP0007,Email,34404,706,39,5,165.04
2017-09-09,CAMP0010,Affiliate,53637,2964,230,46,1676.7
2017-12-21,CAMP0026,Affiliate,20210,1863,208,53,1508.07
2018-02-16,CAMP0024,Organic,103844,14136,505,116,687.68
2018-05-03,CAMP0025,Referral,87445,6827,506,48,1145.4
2017-08-13,CAMP0027,Affiliate,19487,1053,39,4,1057.22
2018-03-23,CAMP0018,Instagram,29849,2675,334,38,1600.64
2017-12-25,CAMP0026,Affiliate,76846,2103,302,71,949.73
2018-01-29,CAMP0004,Instagram,46632,3094,161,53,1222.5
2018-03-15,CAMP0020,Google Search,70726,5615,785,143,1180.03
2017-03-22,CAMP0002,Facebook,74451,10413,689,49,1826.16
2018-04-23,CAMP0003,Facebook,53472,6655,618,154,159.77
2017-05-05,CAMP0019,Google Search,118548,6469,742,213,1640.43
2017-05-22,CAMP0015,Instagram,17619,2256,135,31,146.39
2017-08-16,CAMP0027,Affiliate,6242,686,112,20,277.79
2017-09-05,CAMP0010,Affiliate,106167,4404,333,97,737.48
2017-02-01,CAMP0009,Google Search,44076,6600,810,216,455.01
2017-06-03,CAMP0008,Instagram,82236,11885,513,54,444.75
2018-03-26,CAMP0020,Google Search,41248,5250,857,57,862.65
2017-11-05,CAMP0011,Referral,92347,4319,262,86,430.58
2018-03-15,CAMP0018,Instagram,50834,4525,572,167,235.74
2018-03-08,CAMP0021,Referral,31972,3314,574,96,1466.66
2017-10-24,CAMP0006,Organic,11163,697,47,8,373.15
2018-03-06,CAMP0020,Google Search,26902,1656,207,31,1188.84
2018-04-30,CAMP0025,Referral,70375,8759,361,103,1037.54
2017-05-06,CAMP0029,Organic,105941,11051,1081,348,1922.08
2017-12-11,CAMP0022,Referral,105673,11437,2018,268,540.95
2018-04-26,CAMP0025,Referral,94299,6445,717,213,1832.32
2017-08-12,CAMP0016,Email,110461,6851,1100,236,1997.3
2017-11-12,CAMP0011,Referral,59864,5609,381,26,1928.95
2017-10-20,CAMP0006,Organic,26138,3574,508,134,277.89
2017-11-17,CAMP0022,Referral,73385,9997,1614,134,1755.77
2017-02-04,CAMP0007,Email,74488,11139,851,139,1887.29
2017-12-30,CAMP0026,Affiliate,109421,11458,798,192,1855.94
2018-01-01,CAMP0013,Affiliate,49066,3995,268,84,685.19
2017-10-31,CAMP0006,Organic,117758,9087,1457,162,581.02
2017-09-16,CAMP0001,Affiliate,37305,4759,572,101,489.39
2017-08-14,CAMP0016,Email,20827,3015,291,86,468.31
2017-06-09,CAMP0015,Instagram,93766,5920,802,193,781.27
2018-05-21,CAMP0017,Email,106181,14356,1684,436,1433.88
2017-04-07,CAMP0002,Facebook,71574,3791,661,169,1180.91
2018-03-15,CAMP0020,Google Search,61481,3964,647,130,1343.83
2017-04-24,CAMP0029,Organic,12021,765,45,12,1220.96
2017-06-06,CAMP0030,Affiliate,77648,5612,238,20,1906.01
2018-03-04,CAMP0021,Referral,55829,6240,1001,344,74.67
2017-03-16,CAMP0002,Facebook,30664,4480,602,44,259.45
2017-11-07,CAMP0022,Referral,20479,2029,310,95,543.14
2017-11-27,CAMP0022,Referral,93184,5385,858,89,1614.16
2018-01-19,CAMP0013,Affiliate,29192,3202,254,53,232.96
2017-09-30,CAMP0012,Organic,18935,1641,209,32,571.07
2017-10-26,CAMP0006,Organic,119511,4859,749,66,1712.14
2018-03-12,CAMP0018,Instagram,51199,783,77,18,294.45
2017-03-20,CAMP0002,Facebook,55784,7027,989,137,1540.46
2017-09-18,CAMP0001,Affiliate,60199,3590,538,70,1371.53
2018-03-26,CAMP0020,Google Search,107905,15859,804,132,592.15
2017-12-05,CAMP0022,Referral,24336,2626,391,86,1370.95
2018-04-06,CAMP0018,Instagram,104894,6996,666,93,1998.16
2017-11-13,CAMP0011,Referral,70873,4203,461,96,1630.18
2018-04-15,CAMP0025,Referral,94122,11961,1449,497,890.38
2017-12-28,CAMP0026,Affiliate,102321,1156,34,11,312.19
2017-03-13,CAMP0002,Facebook,12928,578,92,30,1687.19
2018-04-17,CAMP0003,Facebook,83189,7446,1234,121,1250.53
2017-11-02,CAMP0006,Organic,85047,8403,1159,329,139.63
2017-01-04,CAMP0007,Email,51341,7105,1251,83,1493.53
2017-12-30,CAMP0013,Affiliate,114105,2437,369,110,819.73
2017-03-16,CAMP0002,Facebook,91315,9916,1748,255,263.59
2018-01-08,CAMP0013,Affiliate,55256,6280,682,131,1665.34
2017-09-27,CAMP0012,Organic,91362,12801,524,134,1726.52
2017-08-22,CAMP0023,Facebook,118624,10279,543,131,469.23
2017-08-02,CAMP0016,Email,80190,2262,168,9,1135.46
2018-03-23,CAMP0020,Google Search,72158,8898,982,270,72.59
2018-05-21,CAMP0025,Referral,5180,172,11,2,1038.05
2017-08-09,CAMP0028,Facebook,35746,3656,605,183,1180.6
2017-09-14,CAMP0001,Affiliate,55608,1963,202,30,1121.21
2018-03-15,CAMP0018,Instagram,112072,16456,1098,127,135.9
2017-09-13,CAMP0010,Affiliate,97600,7643,698,239,648.9
2017-11-21,CAMP0022,Referral,60161,742,72,20,1948.22
2018-04-06,CAMP0005,Affiliate,107214,5919,671,192,708.63
2017-05-23,CAMP0030,Affiliate,18763,2553,191,18,860.39
2018-03-24,CAMP0020,Google Search,113428,7284,332,115,1226.04
2017-02-03,CAMP0007,Email,74780,3880,167,29,1318.67
2018-03-06,CAMP0018,Instagram,74785,3348,300,55,749.36
2018-04-18,CAMP0005,Affiliate,98669,9972,1305,177,1362.7
2018-03-24,CAMP0005,Affiliate,23938,621,109,28,625.08
2018-03-20,CAMP0018,Instagram,11709,1154,88,6,1867.29
2017-05-22,CAMP0015,Instagram,118885,17401,959,316,1052.52
2017-08-18,CAMP0016,Email,118645,7789,1370,126,1048.5
2018-03-02,CAMP0021,Referral,33513,3254,243,12,648.89
2018-03-16,CAMP0020,Google Search,113478,2136,384,122,1140.64
2017-06-08,CAMP0015,Instagram,67688,2069,164,29,888.89
2017-12-18,CAMP0026,Affiliate,72493,7840,926,48,459.68
2017-02-08,CAMP0009,Google Search,54656,4595,470,151,197.87
2018-03-23,CAMP0020,Google Search,27789,1092,111,33,169.39
2017-11-20,CAMP0022,Referral,6686,192,25,7,841.45
2017-03-19,CAMP0002,Facebook,9722,839,79,24,368.15
2017-04-26,CAMP0029,Organic,19038,916,68,14,1222.19
2017-09-12,CAMP0001,Affiliate,67878,5273,487,96,1945.05
2017-08-06,CAMP0027,Affiliate,53287,3975,392,56,1521.83
2017-08-20,CAMP0027,Affiliate,33254,751,70,19,1787.67
2017-10-10,CAMP0012,Organic,9444,1362,173,20,148.8
2017-09-14,CAMP0001,Affiliate,14847,2152,139,37,1589.22
2017-01-17,CAMP0007,Email,100310,7126,946,206,365.54
2017-04-21,CAMP0019,Google Search,60788,699,99,13,1654.99
2017-06-02,CAMP0030,Affiliate,41811,2659,127,25,607.85
2018-05-13,CAMP0014,Organic,115822,3544,615,64,1853.95
2018-04-25,CAMP0003,Facebook,45867,1937,108,12,661.61
2017-05-27,CAMP0015,Instagram,13149,1759,256,82,1476.14
2017-09-04,CAMP0010,Affiliate,101050,9859,1018,221,419.0
2018-05-11,CAMP0014,Organic,36257,1785,151,16,924.63
2017-05-25,CAMP0015,Instagram,40933,4344,495,75,1189.53
2017-10-01,CAMP0012,Organic,61483,7004,405,124,1538.02
2018-04-23,CAMP0025,Referral,12127,1271,141,27,753.43
2018-02-24,CAMP0024,Organic,19935,1978,202,65,974.78
2017-04-13,CAMP0019,Google Search,34465,1482,248,71,1977.62
2017-01-30,CAMP0009,Google Search,108192,4093,671,43,147.95
2017-12-31,CAMP0013,Affiliate,31164,4485,240,34,596.19
2018-05-22,CAMP0025,Referral,13354,339,10,0,1407.02
2017-12-09,CAMP0022,Referral,117019,4559,744,234,1908.7
2018-01-30,CAMP0024,Organic,18084,2288,296,89,282.52
2018-01-28,CAMP0004,Instagram,58289,8672,299,67,422.9
2017-01-30,CAMP0009,Google Search,76180,8497,1015,71,1761.84
2018-01-09,CAMP0013,Affiliate,37606,4208,643,94,461.12
2017-09-10,CAMP0001,Affiliate,91611,5119,746,63,1553.29
2017-11-10,CAMP0011,Referral,86519,11729,1135,87,720.7
2018-03-06,CAMP0021,Referral,82289,1761,152,47,1369.78
2017-11-14,CAMP0011,Referral,45732,4750,320,43,563.45
2017-02-03,CAMP0009,Google Search,18933,644,101,24,341.14
2018-03-22,CAMP0018,Instagram,83423,7749,437,22,1596.77
2018-05-01,CAMP0017,Email,75798,6422,905,107,99.11
2017-09-16,CAMP0001,Affiliate,93734,6690,772,118,191.86
2017-09-14,CAMP0001,Affiliate,80425,3750,501,159,1858.04
2017-08-23,CAMP0023,Facebook,90704,6591,621,167,133.58
2017-09-10,CAMP0001,Affiliate,25933,1629,274,89,674.48
2017-08-14,CAMP0023,Facebook,78149,8736,902,260,495.85
2017-02-03,CAMP0007,Email,34789,4400,166,18,200.93
2018-03-08,CAMP0018,Instagram,5410,740,128,21,969.64
2017-05-01,CAMP0029,Organic,11281,973,52,4,275.92
2018-02-03,CAMP0024,Organic,48993,6760,784,67,1823.13
2017-11-02,CAMP0006,Organic,57597,6581,1145,191,256.3
2018-04-07,CAMP0003,Facebook,51038,6684,250,35,1788.69
2018-01-16,CAMP0013,Affiliate,57216,2020,264,19,1150.07
2017-11-11,CAMP0011,Referral,68597,7245,916,275,1052.73
2017-12-07,CAMP0022,Referral,73652,3927,642,119,102.09
2018-01-09,CAMP0013,Affiliate,113287,13521,1828,358,610.77
2018-02-03,CAMP0004,Instagram,6574,87,13,2,1578.44
2017-01-10,CAMP0007,Email,35331,4029,261,73,371.84
2017-11-07,CAMP0022,Referral,16438,2333,388,82,1793.09
2017-12-25,CAMP0026,Affiliate,65498,3951,680,230,815.67
2017-02-04,CAMP0007,Email,50467,4323,382,21,1884.76
2017-05-23,CAMP0015,Instagram,98905,2691,331,99,282.4
2017-08-15,CAMP0027,Affiliate,50685,1822,114,31,1866.18
2017-03-20,CAMP0002,Facebook,106365,12597,1056,369,73.88
2017-04-09,CAMP0019,Google Search,116404,7682,448,95,1829.13
2017-03-25,CAMP0002,Facebook,95270,13248,531,147,233.6
2017-06-11,CAMP0008,Instagram,42588,1781,158,33,1962.24
2017-09-05,CAMP0010,Affiliate,40698,4537,253,79,1616.01
2017-10-02,CAMP0012,Organic,41138,820,98,13,257.9
2018-04-25,CAMP0003,Facebook,40622,2555,411,27,1307.54
2017-10-04,CAMP0012,Organic,87593,8825,1069,228,1974.7
2017-03-27,CAMP0002,Facebook,103896,4441,564,41,1528.67
2017-08-31,CAMP0010,Affiliate,52259,3306,154,28,1846.46
2018-04-29,CAMP0025,Referral,112995,9638,1624,417,666.95
2017-09-20,CAMP0012,Organic,20878,790,71,13,1279.98
2017-05-07,CAMP0029,Organic,100608,4213,538,159,430.43
2018-04-26,CAMP0014,Organic,36252,2857,332,69,61.85
2018-04-06,CAMP0005,Affiliate,43338,5096,827,279,737.81
2017-08-25,CAMP0023,Facebook,102924,13525,817,228,386.3
2017-01-16,CAMP0009,Google Search,107882,14880,2401,588,1784.44
2017-05-23,CAMP0015,Instagram,81302,8577,366,37,543.9
2017-09-13,CAMP0001,Affiliate,102577,8494,654,123,947.79
2017-08-21,CAMP0016,Email,113080,12984,486,96,490.14
2018-04-13,CAMP0005,Affiliate,54604,2718,276,79,777.71
2017-08-28,CAMP0010,Affiliate,110351,1116,186,34,1121.34
2017-09-11,CAMP0010,Affiliate,86041,12899,1874,243,1360.7
2018-01-22,CAMP0024,Organic,21858,941,60,15,1749.94
2017-05-25,CAMP0030,Affiliate,5039,435,23,5,1989.3
2017-09-16,CAMP0001,Affiliate,14025,1121,72,22,939.41
2017-09-29,CAMP0012,Organic,84600,11027,1537,102,663.22
2017-06-11,CAMP0008,Instagram,37330,487,37,7,154.98
2017-09-20,CAMP0001,Affiliate,42601,1309,117,6,1031.0
2017-11-27,CAMP0022,Referral,91362,7671,286,37,1314.24
2017-12-29,CAMP0026,Affiliate,11560,1115,80,23,1268.71
2017-08-21,CAMP0028,Facebook,48931,2208,263,21,1033.04
2017-05-11,CAMP0029,Organic,42859,4455,666,65,708.4
2017-08-27,CAMP0010,Affiliate,56251,3621,312,25,1760.41
2018-03-21,CAMP0005,Affiliate,20411,1304,115,10,1613.24
2017-08-22,CAMP0027,Affiliate,71419,3923,662,135,870.72
2017-09-16,CAMP0001,Affiliate,5592,668,81,24,1880.39
2018-05-11,CAMP0014,Organic,5002,514,77,8,1079.95
2018-01-02,CAMP0013,Affiliate,68354,7943,774,80,1210.52
2018-04-05,CAMP0018,Instagram,26054,1774,55,15,51.14
2017-04-20,CAMP0019,Google Search,26720,3479,551,172,1945.87
2017-08-20,CAMP0028,Facebook,25456,1977,316,87,1413.39
2017-06-20,CAMP0008,Instagram,116826,8600,683,206,1134.59
2017-01-12,CAMP0009,Google Search,80593,4469,703,164,1737.51
2018-03-07,CAMP0021,Referral,103011,2874,100,13,1656.31
2017-10-19,CAMP0006,Organic,88261,3177,252,35,1982.75
2018-01-17,CAMP0004,Instagram,65234,2365,194,42,1612.79
2017-09-19,CAMP0001,Affiliate,92625,2075,316,39,1203.93
2017-08-31,CAMP0010,Affiliate,32723,2481,350,23,1473.1
2018-01-10,CAMP0004,Instagram,15014,166,26,8,260.68
2017-09-22,CAMP0012,Organic,114980,8028,1297,148,590.7
2018-05-01,CAMP0017,Email,49810,1380,91,31,283.53
2017-07-30,CAMP0027,Affiliate,68566,2954,531,104,605.71
2017-03-14,CAMP0002,Facebook,61550,4355,713,210,1436.49
2017-10-10,CAMP0012,Organic,28427,621,44,7,1628.86
2018-05-21,CAMP0025,Referral,90496,12766,1750,354,875.36
2017-04-28,CAMP0029,Organic,5139,616,84,24,795.79
2018-05-07,CAMP0017,Email,40251,2916,266,79,1149.93
2018-04-10,CAMP0018,Instagram,52665,6794,1114,129,285.65
2018-04-22,CAMP0003,Facebook,29491,2902,187,42,1431.89
2018-03-07,CAMP0021,Referral,95114,13888,2071,652,916.17
2017-01-20,CAMP0007,Email,14760,1722,258,46,357.67
2018-04-18,CAMP0003,Facebook,117451,1713,181,32,1871.5
2018-01-02,CAMP0013,Affiliate,46407,3535,626,122,860.75
2017-09-10,CAMP0023,Facebook,19376,938,29,5,1109.12
2017-04-16,CAMP0019,Google Search,22667,2554,366,108,286.33
2017-05-15,CAMP0029,Organic,38482,3008,539,161,898.1
2018-02-16,CAMP0024,Organic,36004,5063,651,197,260.76
2018-04-11,CAMP0003,Facebook,115482,7140,1261,237,201.28
2017-08-14,CAMP0027,Affiliate,51602,7393,324,36,1682.49
2017-12-28,CAMP0013,Affiliate,51528,5706,361,43,1064.65
2018-02-28,CAMP0021,Referral,11155,1360,129,40,1455.02
2017-12-29,CAMP0013,Affiliate,39193,2135,348,94,547.33
2017-10-06,CAMP0012,Organic,100052,12590,1270,344,1082.68
2018-01-04,CAMP0013,Affiliate,70727,8535,1185,394,1297.32
2017-06-06,CAMP0030,Affiliate,66428,7389,907,143,1056.36
2017-06-10,CAMP0008,Instagram,101705,13811,1133,69,1155.27
2017-03-11,CAMP0002,Facebook,18447,2288,172,27,1871.44
2018-02-22,CAMP0024,Organic,72034,2164,100,14,1559.58
2018-03-27,CAMP0005,Affiliate,87790,8902,600,139,950.84
2017-04-05,CAMP0019,Google Search,14383,342,34,11,1688.49
2017-09-04,CAMP0010,Affiliate,31949,1320,222,73,1248.81
2017-10-29,CAMP0006,Organic,93778,7278,553,152,1770.42
2017-10-28,CAMP0006,Organic,38149,4718,401,95,90.32
2017-04-10,CAMP0002,Facebook,119812,13278,1840,212,1753.73
2018-05-16,CAMP0017,Email,8496,619,100,22,1214.72
2017-06-01,CAMP0008,Instagram,9881,197,22,5,1569.16
2017-10-04,CAMP0012,Organic,50387,6420,795,213,1931.94
2017-09-15,CAMP0001,Affiliate,24187,2201,217,50,345.26
2017-04-25,CAMP0019,Google Search,64846,3156,566,133,703.05
2018-04-27,CAMP0003,Facebook,93831,5750,664,33,1484.6
2017-01-19,CAMP0009,Google Search,117331,7866,948,73,309.04
2017-12-30,CAMP0026,Affiliate,33130,1916,90,22,1028.35
2017-02-04,CAMP0007,Email,22559,1983,309,49,1998.84
2018-02-25,CAMP0024,Organic,57014,3130,145,14,667.65
2018-01-11,CAMP0013,Affiliate,73177,4001,552,60,1725.63
2018-03-21,CAMP0020,Google Search,90401,2245,403,115,1373.19
2017-04-12,CAMP0019,Google Search,94768,8735,1152,143,1602.64
2017-07-27,CAMP0027,Affiliate,36197,390,55,6,1148.22
2017-01-16,CAMP0009,Google Search,119285,11464,1048,261,283.67
2017-09-02,CAMP0010,Affiliate,67207,5818,487,142,631.03
2017-08-25,CAMP0010,Affiliate,43100,2990,189,19,1751.09
2017-09-05,CAMP0023,Facebook,105208,15544,1165,141,1242.78
2018-04-21,CAMP0003,Facebook,51376,5846,708,65,1720.9
2017-06-04,CAMP0015,Instagram,43079,3180,225,47,379.86
2017-08-13,CAMP0028,Facebook,16030,939,104,22,1885.92
2017-06-06,CAMP0008,Instagram,91223,1921,266,24,168.96
2018-04-19,CAMP0025,Referral,59504,3021,139,12,1979.74
2017-11-14,CAMP0011,Referral,62665,7748,1260,220,1501.47
2017-08-23,CAMP0027,Affiliate,119086,16729,959,183,721.13
2017-04-22,CAMP0019,Google Search,7741,423,23,1,760.64
2018-04-06,CAMP0003,Facebook,49207,4526,266,57,577.81
2018-05-21,CAMP0017,Email,79288,9113,402,52,517.37
2017-04-10,CAMP0002,Facebook,99225,10019,357,73,161.22
2017-04-09,CAMP0029,Organic,6119,485,44,9,257.65
2018-03-23,CAMP0020,Google Search,99764,11418,1656,166,1845.86
2018-03-09,CAMP0018,Instagram,10412,1076,190,34,1743.74
2017-12-16,CAMP0026,Affiliate,91544,1402,193,54,151.52
2018-05-07,CAMP0017,Email,115646,6249,227,16,1184.89
2018-03-28,CAMP0005,Affiliate,96442,6899,1217,329,1036.36
2018-02-04,CAMP0024,Organic,9588,241,20,1,1928.13
2017-04-20,CAMP0019,Google Search,70554,6317,429,87,1646.97
2017-09-15,CAMP0001,Affiliate,52374,3478,606,93,545.35
2017-01-19,CAMP0009,Google Search,12128,492,68,10,1604.58
2018-01-28,CAMP0004,Instagram,12238,1617,138,12,240.18
2017-09-14,CAMP0001,Affiliate,83753,1374,111,13,1174.43
2017-05-28,CAMP0030,Affiliate,8932,661,103,33,1826.06
2018-04-19,CAMP0005,Affiliate,59991,2439,397,35,81.23
2018-05-05,CAMP0014,Organic,51059,7320,748,176,847.54
2017-06-10,CAMP0015,Instagram,29562,479,28,7,612.06
2017-03-24,CAMP0002,Facebook,102521,6328,539,177,660.39
2018-01-15,CAMP0013,Affiliate,112182,5115,796,202,1673.45
2017-08-17,CAMP0028,Facebook,99180,10271,431,144,1499.5
2017-10-02,CAMP0012,Organic,71854,2699,270,31,1566.15
2018-03-08,CAMP0021,Referral,103115,4715,377,95,332.87
2017-12-22,CAMP0026,Affiliate,18167,1922,192,34,509.43
2017-04-27,CAMP0019,Google Search,45732,744,57,3,1686.18
2017-06-06,CAMP0030,Affiliate,105938,13155,842,78,1223.25
2018-03-07,CAMP0018,Instagram,107702,4503,580,62,918.94
2018-05-24,CAMP0025,Referral,109538,2186,299,33,1850.22
2017-09-13,CAMP0023,Facebook,31610,2691,356,83,171.55
2017-08-20,CAMP0023,Facebook,97608,6662,896,180,1651.42
2017-01-15,CAMP0007,Email,93583,8524,565,62,556.66
2017-06-17,CAMP0008,Instagram,113157,1203,153,33,993.63
2018-01-16,CAMP0013,Affiliate,17713,2224,245,78,58.51
2018-05-23,CAMP0017,Email,103652,4655,528,94,759.08
2017-05-05,CAMP0019,Google Search,38785,4526,298,29,1655.28
2017-11-14,CAMP0022,Referral,95823,4505,272,79,1335.93
2017-11-08,CAMP0022,Referral,51137,4543,251,35,1074.55
2018-05-03,CAMP0014,Organic,101754,8831,636,65,1149.11
2018-05-24,CAMP0025,Referral,54228,5369,553,171,347.38
2017-01-09,CAMP0007,Email,111546,2295,202,68,1929.22
2017-11-08,CAMP0022,Referral,96688,13594,1159,241,878.99
2017-08-23,CAMP0027,Affiliate,21862,630,103,8,1332.19
2017-01-30,CAMP0009,Google Search,55967,5401,244,32,440.81
2017-09-13,CAMP0001,Affiliate,21780,823,66,12,1102.34
2017-09-08,CAMP0023,Facebook,26985,1548,106,12,607.15
2017-08-12,CAMP0028,Facebook,108516,9348,1163,126,1555.39
2017-10-03,CAMP0012,Organic,71375,4713,146,20,798.7
2018-01-17,CAMP0004,Instagram,8223,1019,61,16,590.29
2017-11-17,CAMP0011,Referral,87176,12031,419,93,1877.6
2018-03-27,CAMP0020,Google Search,81698,5541,485,135,794.07
2017-09-03,CAMP0023,Facebook,59044,5550,863,45,323.93
2017-01-24,CAMP0007,Email,91992,9846,1256,325,1688.57
2017-08-20,CAMP0010,Affiliate,119821,17780,2211,628,1821.44
2018-01-21,CAMP0024,Organic,14425,367,25,3,65.41
2017-02-03,CAMP0007,Email,66834,2885,483,124,1709.42
2017-10-26,CAMP0006,Organic,16174,2404,313,63,523.98
2017-03-12,CAMP0002,Facebook,38076,5591,332,27,236.24
2018-04-14,CAMP0003,Facebook,62201,5956,409,133,1232.98
2018-04-07,CAMP0003,Facebook,11946,603,92,15,1377.82
2017-05-02,CAMP0019,Google Search,111092,4970,367,39,994.54
2017-06-04,CAMP0008,Instagram,115963,7280,1290,317,1390.5
2017-05-16,CAMP0029,Organic,46991,2860,342,105,1158.99
2018-04-29,CAMP0025,Referral,52349,1743,298,46,183.56
2017-10-08,CAMP0012,Organic,49745,5690,756,102,1568.47
2017-08-22,CAMP0010,Affiliate,87777,4883,731,223,1072.21
2018-04-08,CAMP0005,Affiliate,5425,623,47,7,1686.73
2017-05-01,CAMP0029,Organic,118410,14212,2280,221,1940.74
2017-06-04,CAMP0008,Instagram,113128,14175,474,35,1997.38
2017-08-26,CAMP0023,Facebook,116981,9472,1394,347,759.85
2018-05-16,CAMP0017,Email,53726,5823,638,51,979.63
2017-12-25,CAMP0026,Affiliate,60423,1252,54,5,1093.95
2017-09-04,CAMP0023,Facebook,119522,1467,65,11,500.22
2018-01-19,CAMP0004,Instagram,60034,3997,314,31,649.63
2017-04-08,CAMP0019,Google Search,59328,5911,936,190,1003.55
2017-04-22,CAMP0029,Organic,26868,3447,117,36,211.42
2017-09-26,CAMP0012,Organic,55814,6278,595,57,1476.39
2017-08-18,CAMP0028,Facebook,90614,3299,268,93,472.54
2018-05-09,CAMP0025,Referral,93805,9615,1648,116,1644.55
2017-09-24,CAMP0012,Organic,88634,5227,526,126,1091.34
2017-11-17,CAMP0011,Referral,60466,4008,498,123,82.17
2017-08-02,CAMP0016,Email,64467,9043,1119,280,1395.72
2018-03-24,CAMP0018,Instagram,45013,1885,228,27,262.14
2018-03-27,CAMP0020,Google Search,37361,1184,157,16,1447.79
2018-04-06,CAMP0003,Facebook,107626,10964,581,56,478.78
2017-06-12,CAMP0008,Instagram,50181,3945,253,51,291.07
2018-04-14,CAMP0003,Facebook,29505,401,53,17,302.03
2017-10-17,CAMP0006,Organic,96841,1868,325,84,293.98
2017-05-03,CAMP0019,Google Search,100194,14703,628,137,729.74
2017-08-13,CAMP0023,Facebook,114349,12048,808,74,659.24
2017-05-21,CAMP0015,Instagram,117280,4959,324,98,1495.59
2018-02-15,CAMP0024,Organic,59800,1011,48,6,447.02
2017-03-24,CAMP0002,Facebook,58330,2288,105,11,779.04
2018-02-05,CAMP0024,Organic,31479,3168,209,57,1276.03
2018-01-25,CAMP0004,Instagram,36827,5439,620,88,1900.83
2018-01-13,CAMP0004,Instagram,119255,8526,1002,263,538.77
2017-08-06,CAMP0028,Facebook,21973,380,21,1,1774.94
2017-08-08,CAMP0027,Affiliate,75817,1293,182,62,1127.18
2018-05-17,CAMP0025,Referral,100135,4536,677,213,1311.03
2017-06-04,CAMP0015,Instagram,83750,11407,1208,214,81.72
2017-01-22,CAMP0007,Email,82874,2014,193,30,1011.55
2017-11-15,CAMP0011,Referral,84014,1037,151,9,495.06
2018-05-21,CAMP0025,Referral,75058,6505,633,165,834.54
2017-05-25,CAMP0030,Affiliate,14493,1641,162,22,1963.57
2017-08-21,CAMP0016,Email,78600,6051,459,123,684.51
2017-09-11,CAMP0001,Affiliate,35315,2341,122,26,1416.48
2018-04-27,CAMP0017,Email,104433,5801,944,270,1443.66
2018-01-04,CAMP0026,Affiliate,80066,4011,251,83,1734.84
2017-08-18,CAMP0023,Facebook,24290,2462,214,44,156.67
2017-05-03,CAMP0019,Google Search,28147,578,21,7,1222.69
2017-07-25,CAMP0016,Email,48221,1458,119,37,578.68
2017-08-09,CAMP0016,Email,29148,1304,174,13,143.18
2018-05-15,CAMP0025,Referral,34330,663,50,12,1979.6
2018-01-26,CAMP0024,Organic,53517,1879,329,77,1726.32
2018-04-07,CAMP0018,Instagram,78430,1550,79,17,1231.05
2017-09-13,CAMP0001,Affiliate,7452,1006,70,13,328.71
2017-08-17,CAMP0028,Facebook,110848,11944,1615,376,1649.98
2017-09-03,CAMP0010,Affiliate,56553,5277,482,28,1347.37
2017-04-22,CAMP0019,Google Search,39888,4497,596,117,1580.57
2017-09-19,CAMP0001,Affiliate,59017,3186,177,36,788.75
2017-05-26,CAMP0015,Instagram,87566,12809,1450,400,387.23
2018-02-07,CAMP0004,Instagram,7374,685,83,5,793.17
2017-01-18,CAMP0009,Google Search,83714,1474,241,30,973.72
2017-11-14,CAMP0011,Referral,95632,1187,166,25,1742.67
2017-06-08,CAMP0008,Instagram,119528,4524,239,76,792.91
2017-10-05,CAMP0012,Organic,72981,8061,1219,423,1731.23
2018-04-19,CAMP0014,Organic,61732,5654,439,136,1392.57
2017-12-04,CAMP0022,Referral,6087,676,21,4,1745.44
2018-02-08,CAMP0004,Instagram,91168,9978,308,37,479.14
2017-06-12,CAMP0008,Instagram,17049,2320,143,21,705.37
2017-06-04,CAMP0008,Instagram,100212,7642,675,108,317.91
2018-04-05,CAMP0020,Google Search,105736,6089,190,19,823.91
2017-05-10,CAMP0029,Organic,13366,477,80,12,884.31
2018-01-01,CAMP0013,Affiliate,19814,1355,186,56,1560.83
2017-01-15,CAMP0009,Google Search,17987,1759,68,22,1205.8
2017-12-28,CAMP0026,Affiliate,67222,1461,244,43,348.45
2017-08-05,CAMP0027,Affiliate,34411,3488,400,104,1403.14
2017-01-21,CAMP0007,Email,114055,10288,1521,443,603.21
2018-04-10,CAMP0005,Affiliate,104725,4174,503,57,1097.04
2017-08-27,CAMP0010,Affiliate,102710,9751,647,167,1138.97
2018-05-20,CAMP0025,Referral,119205,15514,1326,332,664.08
2018-04-06,CAMP0003,Facebook,8372,628,93,7,684.61
2017-11-07,CAMP0011,Referral,104879,14916,616,93,1072.51
2017-04-15,CAMP0019,Google Search,44948,5101,877,127,1944.57
2017-01-29,CAMP0007,Email,110862,5504,385,19,987.85
2018-03-05,CAMP0020,Google Search,68378,5397,651,62,1350.28
2017-09-11,CAMP0010,Affiliate,69591,5621,670,142,934.82
2017-08-29,CAMP0010,Affiliate,118429,17534,883,50,630.71
2017-08-17,CAMP0023,Facebook,85879,5709,269,63,308.73
2018-03-16,CAMP0020,Google Search,57603,4110,258,78,1858.52
2017-04-12,CAMP0019,Google Search,113415,4013,654,191,435.76
2017-04-03,CAMP0002,Facebook,23272,2506,404,78,635.36
2018-05-02,CAMP0017,Email,109109,12434,1116,227,716.03
2017-05-08,CAMP0029,Organic,82367,1829,231,58,691.76
2018-03-06,CAMP0021,Referral,41651,5981,1035,233,1676.98
2017-09-04,CAMP0023,Facebook,49563,4559,195,46,1929.74
2017-06-18,CAMP0008,Instagram,94167,12856,1121,79,1602.33
2018-01-12,CAMP0013,Affiliate,46766,6119,621,128,311.95
2017-09-21,CAMP0001,Affiliate,95428,13955,2220,292,786.97
2017-10-23,CAMP0006,Organic,6918,685,73,17,1309.21
2018-01-03,CAMP0026,Affiliate,21890,1625,259,89,609.77
2018-04-18,CAMP0003,Facebook,82008,4882,633,108,594.47
2018-04-09,CAMP0018,Instagram,52869,6088,583,120,1381.23
2018-04-20,CAMP0003,Facebook,9246,1361,227,39,1399.46
2018-01-02,CAMP0026,Affiliate,73359,3594,148,22,615.53
2017-12-29,CAMP0013,Affiliate,90213,2011,204,21,499.88
2018-01-03,CAMP0013,Affiliate,108483,1798,153,51,1403.7
2018-01-31,CAMP0004,Instagram,63910,3334,412,139,590.45
2017-05-28,CAMP0015,Instagram,105829,2388,275,48,393.25
2017-08-23,CAMP0010,Affiliate,50514,1334,93,32,681.29
2018-04-27,CAMP0003,Facebook,33823,4848,654,99,1170.74
2018-01-04,CAMP0013,Affiliate,91822,10354,380,75,1253.05
2018-01-02,CAMP0026,Affiliate,39886,429,39,11,862.96
2017-12-25,CAMP0026,Affiliate,89549,11737,1242,194,460.0
2017-04-22,CAMP0029,Organic,70189,6702,761,140,1461.74
2017-09-21,CAMP0001,Affiliate,32717,3819,340,72,1359.97
2017-04-15,CAMP0019,Google Search,114395,13683,1941,388,1674.59
2017-11-14,CAMP0022,Referral,89262,4745,235,48,51.48
2017-01-12,CAMP0007,Email,113014,10841,549,108,785.01
2018-01-02,CAMP0026,Affiliate,92087,10091,1540,302,818.84
2018-03-11,CAMP0021,Referral,26666,758,122,11,213.22
2017-09-23,CAMP0012,Organic,25151,442,75,4,1570.21
2018-03-31,CAMP0020,Google Search,68715,2338,115,10,1027.31
2017-06-10,CAMP0030,Affiliate,74746,812,43,5,1301.09
2017-06-03,CAMP0015,Instagram,20427,2335,104,20,600.59
2018-05-07,CAMP0017,Email,39998,3391,505,113,633.36
2017-01-31,CAMP0007,Email,35323,4691,819,81,1760.42
2018-01-29,CAMP0024,Organic,78797,1266,49,16,1191.72
2018-05-15,CAMP0014,Organic,113817,1541,72,11,530.18
2017-04-25,CAMP0029,Organic,106896,11881,2119,599,1093.52
2018-04-07,CAMP0003,Facebook,93120,10570,1610,489,1044.45
2017-06-07,CAMP0015,Instagram,82199,9169,480,30,1611.53
2017-06-07,CAMP0008,Instagram,34267,3950,699,233,374.69
2018-03-05,CAMP0018,Instagram,70319,5253,784,271,1872.64
2017-10-21,CAMP0006,Organic,111870,12639,1793,465,285.17
2017-11-11,CAMP0011,Referral,6914,784,45,13,205.48
2017-09-07,CAMP0023,Facebook,100990,5626,319,77,1369.32
2018-03-07,CAMP0021,Referral,35654,675,30,2,1244.77
2018-02-15,CAMP0024,Organic,75966,8702,907,197,1637.75
2017-06-20,CAMP0008,Instagram,71867,1937,93,32,1534.38
2017-12-28,CAMP0026,Affiliate,53624,7734,1021,204,1005.31
2017-08-28,CAMP0010,Affiliate,67565,9993,1375,270,252.47
2018-05-02,CAMP0017,Email,49689,5663,476,124,883.59
2017-08-02,CAMP0016,Email,41586,2173,311,35,1310.49
2017-06-03,CAMP0030,Affiliate,53498,5859,277,47,563.95
2017-01-16,CAMP0009,Google Search,53512,4991,172,40,960.12
2018-05-14,CAMP0025,Referral,11064,172,17,3,1093.13
2017-01-21,CAMP0009,Google Search,71518,7150,934,316,1868.1
2017-04-02,CAMP0002,Facebook,52422,4718,798,242,97.95
2017-04-07,CAMP0002,Facebook,9512,981,60,13,1956.12
2017-05-04,CAMP0029,Organic,106058,4162,319,21,1584.2
2018-05-22,CAMP0017,Email,36480,485,78,11,1845.09
2018-01-24,CAMP0024,Organic,36063,806,86,8,1666.21
2017-08-10,CAMP0016,Email,45263,2918,335,93,959.69
2017-08-13,CAMP0016,Email,66003,6282,252,62,708.7
2017-09-09,CAMP0023,Facebook,27763,3477,298,58,1409.49
2018-01-04,CAMP0026,Affiliate,38641,3308,311,45,290.06
2017-04-18,CAMP0019,Google Search,83573,12003,475,115,52.34
2018-04-20,CAMP0003,Facebook,14489,2056,103,26,1599.88
2018-05-05,CAMP0017,Email,27318,2351,243,74,188.34
2017-10-04,CAMP0012,Organic,11953,692,79,15,784.25
2018-04-14,CAMP0014,Organic,111265,2480,206,48,1737.23
2017-09-15,CAMP0001,Affiliate,61149,8114,513,122,307.26
2018-01-07,CAMP0013,Affiliate,50314,2430,123,40,80.94
2017-12-22,CAMP0026,Affiliate,67086,9806,1704,511,731.61
2017-01-22,CAMP0009,Google Search,63425,1838,231,40,1602.53
2017-08-20,CAMP0016,Email,73906,9916,1634,540,760.7
2018-05-23,CAMP0025,Referral,77390,6912,1082,64,162.11
2017-09-21,CAMP0012,Organic,98989,1569,49,15,1006.7
2018-04-25,CAMP0003,Facebook,5094,470,18,4,1712.43
2018-04-17,CAMP0003,Facebook,106995,8540,1066,326,1041.91
2017-12-31,CAMP0013,Affiliate,82561,11090,755,169,1064.31
2017-09-01,CAMP0023,Facebook,56397,2079,105,22,1983.8
2018-03-23,CAMP0005,Affiliate,95587,11765,465,80,1101.71
2017-05-05,CAMP0029,Organic,84121,6317,279,49,240.08
2018-04-21,CAMP0003,Facebook,19596,740,122,25,1693.05
2017-04-27,CAMP0029,Organic,111975,1381,143,46,1080.35
2017-08-26,CAMP0010,Affiliate,30745,465,51,4,780.06
2017-06-14,CAMP0008,Instagram,70338,6369,749,173,522.91
2018-04-02,CAMP0020,Google Search,81260,6911,398,96,1075.31
2017-03-11,CAMP0002,Facebook,42216,3325,214,42,941.85
2018-05-09,CAMP0014,Organic,83393,5200,905,113,1468.25
2017-12-14,CAMP0026,Affiliate,80814,5771,524,104,1580.47
2017-06-09,CAMP0015,Instagram,11445,1590,189,23,414.02
2018-04-30,CAMP0003,Facebook,42756,5800,371,21,1786.23
2018-04-11,CAMP0003,Facebook,101023,11615,1190,382,256.0
2018-04-20,CAMP0003,Facebook,91192,6747,290,33,1787.99
2018-01-15,CAMP0004,Instagram,7806,368,21,5,1572.26
2017-11-16,CAMP0011,Referral,101527,7934,831,263,1304.74
2017-04-28,CAMP0029,Organic,67693,4310,722,168,1744.2
2017-01-20,CAMP0009,Google Search,27404,919,95,20,977.77
2018-01-18,CAMP0013,Affiliate,15089,1842,262,86,728.08
2017-05-27,CAMP0015,Instagram,22863,3094,183,21,853.17
2017-01-11,CAMP0009,Google Search,25841,3505,265,79,1636.08
2017-09-10,CAMP0023,Facebook,98118,12416,384,112,531.67
2017-04-27,CAMP0029,Organic,116055,7242,1010,212,1115.68
2018-03-06,CAMP0021,Referral,12678,1563,265,35,974.95
2017-11-01,CAMP0006,Organic,20265,1816,310,37,1286.8
2018-02-13,CAMP0024,Organic,36357,1426,153,13,85.98
2018-04-27,CAMP0014,Organic,67624,2836,449,56,1232.19
2017-04-06,CAMP0029,Organic,81863,6807,500,97,1415.59
2018-05-13,CAMP0025,Referral,49746,4133,341,23,929.95
2018-05-13,CAMP0017,Email,19980,2837,147,15,1688.27
2018-04-11,CAMP0018,Instagram,70176,9213,1275,367,1673.71
2017-08-27,CAMP0023,Facebook,81950,1571,53,3,1903.75
2018-02-14,CAMP0004,Instagram,19039,917,118,24,233.87
2018-04-25,CAMP0003,Facebook,86668,3591,108,31,543.83
2017-11-07,CAMP0022,Referral,110090,4944,295,24,341.28
2017-11-15,CAMP0022,Referral,16798,2125,90,21,1324.76
2018-04-24,CAMP0025,Referral,96391,6275,1058,244,1102.66
2017-11-05,CAMP0011,Referral,23049,1589,258,78,925.88
2017-11-17,CAMP0022,Referral,88400,1916,252,42,219.95
2018-02-24,CAMP0024,Organic,13155,157,9,2,1726.03
2018-05-09,CAMP0017,Email,62600,3952,327,45,1221.23
2017-08-21,CAMP0028,Facebook,28170,1841,267,30,321.78
2017-12-29,CAMP0026,Affiliate,10202,1449,70,23,1318.86
2018-01-26,CAMP0024,Organic,102748,12108,764,186,390.78
2018-02-12,CAMP0024,Organic,12700,1793,312,65,1273.79
2017-12-14,CAMP0026,Affiliate,118635,15916,740,237,344.22
2018-01-18,CAMP0013,Affiliate,51272,725,25,4,991.79
2017-11-10,CAMP0011,Referral,116939,12750,1513,113,268.95
2017-04-14,CAMP0019,Google Search,117760,12946,1029,263,875.81
2017-04-21,CAMP0019,Google Search,64599,7540,1234,106,1489.35
2017-01-19,CAMP0007,Email,11870,870,37,5,188.71
2017-11-03,CAMP0022,Referral,47537,2795,107,24,1508.27
2018-01-30,CAMP0024,Organic,38557,650,76,5,1627.73
2017-08-16,CAMP0027,Affiliate,6729,924,157,53,1732.42
2017-09-21,CAMP0001,Affiliate,79385,5558,475,114,229.5
2018-03-29,CAMP0020,Google Search,73760,10436,1655,239,659.44
2018-03-30,CAMP0020,Google Search,20415,1942,59,14,1968.34
2018-05-14,CAMP0025,Referral,80455,2724,296,58,341.93
2018-02-11,CAMP0024,Organic,47065,6696,846,154,1074.21
2017-10-20,CAMP0006,Organic,89546,7106,951,91,1237.91
2017-08-21,CAMP0010,Affiliate,107543,5229,713,237,777.63
2017-03-28,CAMP0002,Facebook,103024,14294,991,201,1615.1
2017-10-22,CAMP0006,Organic,93531,8895,1049,357,891.84
2017-09-24,CAMP0012,Organic,12178,273,42,9,1279.39
2017-06-11,CAMP0008,Instagram,83689,2270,293,88,1802.89
2017-08-28,CAMP0023,Facebook,62055,3744,661,123,1624.58
2018-04-10,CAMP0003,Facebook,109709,6538,726,60,1493.96
2017-08-01,CAMP0028,Facebook,60158,2989,507,158,606.83
2017-01-11,CAMP0007,Email,109363,4554,186,39,1150.45
2017-01-21,CAMP0007,Email,21670,1675,298,75,1583.54
2018-05-09,CAMP0017,Email,40358,4380,638,109,166.42
2018-03-26,CAMP0020,Google Search,89125,1343,47,11,176.01
2017-08-22,CAMP0028,Facebook,62742,6815,483,123,1707.78
2017-05-21,CAMP0030,Affiliate,69484,9736,928,297,325.94
2017-08-22,CAMP0028,Facebook,8593,1065,124,41,287.29
2017-11-14,CAMP0011,Referral,115999,12916,915,309,913.11
2018-03-16,CAMP0020,Google Search,80481,7697,1327,130,497.73
2017-05-27,CAMP0030,Affiliate,72711,6745,723,223,1781.93
2017-04-04,CAMP0019,Google Search,88737,10125,1689,404,879.43
2017-08-07,CAMP0027,Affiliate,8218,630,37,2,985.97
2017-12-27,CAMP0026,Affiliate,64680,7426,798,132,496.35
2017-08-22,CAMP0010,Affiliate,29864,2447,220,71,1148.11
2017-09-22,CAMP0012,Organic,101917,8749,434,67,671.9
2017-08-11,CAMP0016,Email,111881,13772,2475,228,711.58
2018-05-14,CAMP0017,Email,67846,1946,280,83,725.07
2017-05-21,CAMP0030,Affiliate,93852,9935,1190,355,574.87
2017-04-06,CAMP0029,Organic,36446,2481,331,84,1188.3
2017-06-10,CAMP0008,Instagram,52797,6102,727,191,1607.02
2018-04-13,CAMP0014,Organic,29358,2041,194,45,1578.61
2017-12-26,CAMP0026,Affiliate,64518,3213,454,97,1831.86
2017-11-05,CAMP0011,Referral,101170,12677,455,44,1367.43
2017-11-14,CAMP0011,Referral,24097,2971,322,27,118.98
2017-10-08,CAMP0012,Organic,85997,2714,149,38,1483.84
2018-01-02,CAMP0026,Affiliate,89564,4354,582,52,1011.88
2017-11-13,CAMP0011,Referral,33600,3721,395,48,1050.38
2018-03-17,CAMP0020,Google Search,103751,8790,1234,318,1333.37
2017-03-14,CAMP0002,Facebook,75506,7445,716,176,907.68
2017-11-16,CAMP0011,Referral,83261,4515,770,62,1921.78
2017-09-25,CAMP0012,Organic,90325,10859,486,70,904.93
2017-05-26,CAMP0030,Affiliate,115738,15350,980,147,789.25
2017-08-16,CAMP0023,Facebook,91939,12016,444,40,676.88
2017-08-11,CAMP0023,Facebook,50891,4381,749,160,1008.94
2018-02-21,CAMP0004,Instagram,103849,7733,284,24,783.55
2017-06-08,CAMP0015,Instagram,112818,9768,737,96,475.25
2018-01-17,CAMP0004,Instagram,73736,6762,753,249,475.36
2018-03-06,CAMP0020,Google Search,17014,554,41,10,1688.76
2017-07-27,CAMP0016,Email,100823,2647,83,7,1594.93
2017-09-10,CAMP0001,Affiliate,40008,5191,810,86,1315.31
2018-05-10,CAMP0017,Email,64670,6563,799,78,1335.98
2017-08-09,CAMP0016,Email,54973,746,120,9,1056.63
2018-01-22,CAMP0024,Organic,17041,2226,375,21,1242.35
2017-09-16,CAMP0001,Affiliate,88899,4232,140,33,1440.91
2017-02-03,CAMP0009,Google Search,109787,6463,531,88,183.33
2018-04-04,CAMP0003,Facebook,73133,4739,290,86,287.06
2017-10-11,CAMP0012,Organic,36369,2321,416,66,1613.64
2018-05-14,CAMP0017,Email,110853,2641,474,113,782.14
2017-08-19,CAMP0027,Affiliate,119856,16580,1464,308,629.04
2017-08-23,CAMP0028,Facebook,94181,5450,632,207,1335.69
2017-11-30,CAMP0022,Referral,49335,2091,90,23,1962.81
2017-11-05,CAMP0011,Referral,86369,5451,323,110,1820.89
2018-01-06,CAMP0013,Affiliate,108276,1413,80,4,120.6
2018-02-22,CAMP0004,Instagram,58752,2431,407,117,1384.1
2017-06-03,CAMP0008,Instagram,9220,600,93,25,176.45
2018-01-08,CAMP0013,Affiliate,116292,12996,1924,456,1349.45
2017-10-27,CAMP0022,Referral,53979,8069,356,17,1877.24
2018-02-18,CAMP0004,Instagram,90041,4506,603,138,482.32
2017-01-04,CAMP0007,Email,7132,429,40,10,326.44
2018-02-06,CAMP0024,Organic,58223,5038,592,71,1935.66
2017-10-31,CAMP0006,Organic,101652,4946,401,85,598.44
2018-03-06,CAMP0020,Google Search,41488,3336,258,38,1578.72
2018-02-12,CAMP0004,Instagram,46758,3631,495,59,1312.31
2018-01-05,CAMP0013,Affiliate,24168,3519,291,38,191.29
2017-11-14,CAMP0011,Referral,25226,346,15,4,261.26
2017-10-20,CAMP0006,Organic,23830,1117,194,30,1562.24
2017-06-15,CAMP0008,Instagram,57842,5115,629,62,1905.3
2018-02-14,CAMP0024,Organic,105418,8706,1192,263,1243.94
2018-03-18,CAMP0005,Affiliate,104052,10494,1168,198,1890.83
2017-03-15,CAMP0002,Facebook,103148,2586,219,25,898.69
2017-09-23,CAMP0012,Organic,44682,3172,218,36,477.27
2017-08-04,CAMP0027,Affiliate,81600,3672,486,27,290.29
2018-05-19,CAMP0025,Referral,10847,1333,92,12,1459.74
2018-04-16,CAMP0005,Affiliate,74134,2972,287,78,410.9
2017-08-23,CAMP0028,Facebook,77966,11340,1025,277,93.52
2018-04-19,CAMP0003,Facebook,51702,1079,193,32,682.41
2017-06-01,CAMP0030,Affiliate,44376,4836,339,89,1447.06
2017-08-06,CAMP0027,Affiliate,89801,5080,813,81,1776.83
2018-03-02,CAMP0021,Referral,85155,11617,1820,297,1103.83
2018-01-27,CAMP0004,Instagram,79515,4638,822,240,1062.47
2018-05-21,CAMP0025,Referral,61314,5378,444,102,1353.0
2018-01-14,CAMP0013,Affiliate,96161,2175,79,17,1525.06
2017-11-09,CAMP0011,Referral,111458,14989,1679,523,532.59
2017-09-13,CAMP0023,Facebook,53976,1554,190,10,224.71
2017-01-31,CAMP0009,Google Search,81124,10504,1260,95,973.79
2018-04-11,CAMP0003,Facebook,107391,3776,490,24,1427.34
2017-09-03,CAMP0010,Affiliate,42930,1617,209,31,919.84
2017-02-03,CAMP0007,Email,32800,2770,355,63,355.37
2018-03-01,CAMP0021,Referral,102683,2022,280,87,1451.8
2017-08-25,CAMP0016,Email,12214,1310,147,11,168.28
2017-09-18,CAMP0001,Affiliate,60559,7861,753,86,1585.48
2018-03-27,CAMP0005,Affiliate,26957,291,14,2,199.65
2017-01-11,CAMP0007,Email,7048,551,18,4,963.09
2018-05-05,CAMP0017,Email,6662,782,84,7,778.8
2017-08-19,CAMP0010,Affiliate,24178,1666,182,15,795.59
2018-04-21,CAMP0003,Facebook,47807,3162,188,35,271.91
2017-01-21,CAMP0007,Email,8521,175,20,6,312.64
2018-05-17,CAMP0017,Email,35729,1772,98,6,1850.97
2018-03-31,CAMP0020,Google Search,97353,6592,546,39,1606.99
2018-05-01,CAMP0003,Facebook,47848,7081,1157,222,1548.44
2018-04-17,CAMP0003,Facebook,7443,173,17,3,1353.51
2018-02-23,CAMP0004,Instagram,36445,2521,417,50,1173.71
2017-08-15,CAMP0028,Facebook,70325,2868,198,44,1317.07
2017-06-07,CAMP0008,Instagram,61363,4282,555,152,1789.38
2018-04-14,CAMP0003,Facebook,104625,5448,492,77,1226.66
2017-10-20,CAMP0006,Organic,20742,343,47,7,74.72
2018-03-01,CAMP0018,Instagram,83350,2511,135,17,1439.33
2017-11-11,CAMP0011,Referral,77860,10369,793,155,59.65
2017-08-21,CAMP0016,Email,90714,2609,95,29,1298.31
2017-01-29,CAMP0007,Email,11757,1399,64,8,1867.23
2017-06-06,CAMP0015,Instagram,102009,7140,761,201,1255.91
2017-09-14,CAMP0001,Affiliate,108120,5052,446,102,801.34
2017-06-14,CAMP0008,Instagram,8043,469,77,12,1814.68
2018-02-21,CAMP0004,Instagram,29228,4275,288,66,1710.04
2017-09-11,CAMP0001,Affiliate,64913,2591,155,13,1718.88
2017-04-22,CAMP0019,Google Search,76817,10434,1325,209,333.61
2018-02-09,CAMP0004,Instagram,95509,12973,891,286,1108.15
2018-03-04,CAMP0021,Referral,56377,1060,131,34,828.6
2018-03-07,CAMP0020,Google Search,78512,7770,1062,179,209.64
2017-04-16,CAMP0029,Organic,86946,10548,1097,139,245.4
2017-11-13,CAMP0011,Referral,91660,3153,567,61,362.57
2017-02-08,CAMP0009,Google Search,106449,6192,650,209,937.91
2017-08-09,CAMP0028,Facebook,49114,2437,385,102,155.22
2017-08-11,CAMP0027,Affiliate,118014,1409,125,34,250.8
2017-08-02,CAMP0027,Affiliate,86612,7787,708,136,692.52
2017-08-25,CAMP0023,Facebook,15209,1563,255,14,1741.5
2018-05-14,CAMP0025,Referral,14672,276,23,4,784.09
2017-10-30,CAMP0022,Referral,45897,5780,885,228,162.02
2017-09-10,CAMP0001,Affiliate,117380,14422,2131,682,1459.55
2018-04-04,CAMP0018,Instagram,75698,1816,167,34,1470.64
2018-03-30,CAMP0018,Instagram,61563,1750,108,32,763.91
2017-04-13,CAMP0019,Google Search,93720,5341,870,289,1114.49
2017-11-09,CAMP0011,Referral,116634,7179,324,77,1602.72
2018-05-15,CAMP0017,Email,84704,10119,1641,117,420.94
2018-05-22,CAMP0025,Referral,111798,13209,787,48,108.47
2018-05-11,CAMP0017,Email,98066,8501,1436,318,723.39
2018-01-15,CAMP0004,Instagram,107802,15036,731,238,1154.99
2018-03-03,CAMP0021,Referral,79030,1172,131,35,1382.0
2017-11-07,CAMP0011,Referral,95592,7000,1259,68,1549.81
2018-04-10,CAMP0014,Organic,86360,10508,1830,297,1053.1
2017-06-02,CAMP0030,Affiliate,115701,11339,1566,223,1655.64
2018-03-05,CAMP0021,Referral,72185,4918,265,58,135.06
2017-11-01,CAMP0006,Organic,76516,10179,1264,393,201.61
2018-03-05,CAMP0021,Referral,16999,1309,93,19,722.36
2018-01-28,CAMP0004,Instagram,111319,13077,1498,350,1333.07
2017-06-07,CAMP0015,Instagram,88187,9035,785,274,939.97
2018-01-04,CAMP0013,Affiliate,101030,5397,253,37,1770.65
2017-08-12,CAMP0023,Facebook,11635,1550,127,7,455.09
2018-01-16,CAMP0013,Affiliate,37164,4894,836,275,360.09
2017-08-15,CAMP0027,Affiliate,88919,6236,320,25,1147.37
2017-09-08,CAMP0010,Affiliate,55646,4019,298,89,1186.75
2017-04-16,CAMP0029,Organic,101272,7998,372,75,1935.95
2017-06-09,CAMP0015,Instagram,12041,1331,121,10,456.26
2017-04-14,CAMP0029,Organic,33770,3491,579,29,1389.07
2017-09-11,CAMP0010,Affiliate,71308,2309,76,17,1238.8
2017-12-28,CAMP0013,Affiliate,83763,2827,164,24,1018.1
2018-04-07,CAMP0005,Affiliate,63195,5415,451,41,1966.18
2017-06-17,CAMP0008,Instagram,12123,232,13,1,215.81
2017-12-22,CAMP0026,Affiliate,96763,7281,847,160,425.62
2017-11-13,CAMP0022,Referral,33091,463,39,11,615.93
2017-12-17,CAMP0026,Affiliate,49902,2856,209,49,1618.74
2017-09-13,CAMP0010,Affiliate,105733,3961,344,69,465.71
2017-05-28,CAMP0015,Instagram,12923,259,29,8,1751.63
2017-04-16,CAMP0029,Organic,110260,5461,734,242,76.78
2017-08-06,CAMP0027,Affiliate,110044,15012,966,196,384.18
2017-11-11,CAMP0011,Referral,95889,1974,329,106,1464.9
2017-11-16,CAMP0011,Referral,60817,5354,187,36,1779.14
2017-04-20,CAMP0019,Google Search,61049,7155,988,243,1383.36
2017-01-07,CAMP0007,Email,19537,2740,303,95,1496.78
2018-04-22,CAMP0014,Organic,78058,2114,242,52,804.1
2017-06-10,CAMP0030,Affiliate,78787,825,104,35,171.18
2018-05-02,CAMP0014,Organic,41206,1534,213,39,1009.97
2017-08-29,CAMP0023,Facebook,50043,6079,1084,171,982.58
2018-03-20,CAMP0005,Affiliate,18664,2521,107,6,513.83
2018-05-12,CAMP0014,Organic,17795,563,97,31,1136.86
2018-04-17,CAMP0014,Organic,62452,5308,617,170,1992.65
2017-06-07,CAMP0008,Instagram,39813,4352,203,35,526.39
2017-09-09,CAMP0010,Affiliate,5834,770,73,21,1858.93
2017-08-13,CAMP0023,Facebook,11437,161,25,1,1033.13
2017-08-22,CAMP0010,Affiliate,53995,4079,640,150,567.41
2017-08-21,CAMP0010,Affiliate,114877,16866,1485,489,1338.48
2017-08-31,CAMP0023,Facebook,41374,5028,745,236,340.93
2017-08-21,CAMP0027,Affiliate,44287,5154,159,39,1258.2
2017-10-26,CAMP0006,Organic,15445,197,16,2,1124.27
2017-12-11,CAMP0022,Referral,91054,5900,570,169,1526.18
2017-06-03,CAMP0008,Instagram,37585,3019,517,95,749.22
2017-09-13,CAMP0001,Affiliate,42762,5276,161,27,440.06
2017-08-23,CAMP0028,Facebook,58868,1482,201,20,329.65
2017-08-27,CAMP0010,Affiliate,66712,6188,715,113,497.5
2017-06-09,CAMP0030,Affiliate,8480,586,49,9,1077.33
2018-03-15,CAMP0020,Google Search,58949,7118,643,149,595.77
2018-03-14,CAMP0018,Instagram,81968,5641,492,139,910.06
2017-06-08,CAMP0030,Affiliate,103035,13544,1698,382,445.48
2018-04-02,CAMP0003,Facebook,66554,3660,511,104,895.94
2017-04-02,CAMP0002,Facebook,40607,1532,148,27,864.16
2017-09-18,CAMP0001,Affiliate,84528,4369,734,74,144.01
2017-09-22,CAMP0001,Affiliate,107711,14524,1276,136,983.86
2018-05-02,CAMP0003,Facebook,13496,218,30,5,677.56
2017-01-11,CAMP0007,Email,18748,1960,175,42,1465.02
2017-11-12,CAMP0011,Referral,15674,2279,206,70,1306.78
2017-06-20,CAMP0008,Instagram,18888,469,58,8,555.05
2018-05-20,CAMP0025,Referral,107117,13174,1356,237,1628.12
2018-01-19,CAMP0004,Instagram,9116,155,5,0,1280.46
2017-04-30,CAMP0029,Organic,49435,5232,379,51,592.6
2017-12-17,CAMP0026,Affiliate,46753,6555,434,46,438.24
2017-01-03,CAMP0007,Email,22058,782,48,12,253.92
2018-03-11,CAMP0021,Referral,26808,831,68,5,585.42
2017-04-29,CAMP0029,Organic,76171,1023,62,17,1645.19
2018-04-15,CAMP0005,Affiliate,38554,5269,840,203,739.25
2018-03-18,CAMP0018,Instagram,111109,3151,520,113,600.23
2017-01-24,CAMP0009,Google Search,95314,12914,1920,506,93.36
2017-05-27,CAMP0015,Instagram,102229,7434,1039,293,1789.1
2017-05-31,CAMP0030,Affiliate,105597,10853,946,76,1738.23
2017-06-18,CAMP0008,Instagram,67115,3614,314,84,1967.62
2017-08-07,CAMP0028,Facebook,40306,3468,562,164,232.75
2017-05-30,CAMP0030,Affiliate,106539,11969,944,249,326.09
2018-03-19,CAMP0020,Google Search,58879,813,145,27,1822.5
2017-06-11,CAMP0008,Instagram,105285,11834,519,157,925.36
2018-04-01,CAMP0018,Instagram,61097,1583,47,16,1186.57
2018-02-02,CAMP0004,Instagram,52618,1119,139,11,1654.6
2018-01-24,CAMP0024,Organic,85092,10401,604,205,1828.01
2018-05-15,CAMP0025,Referral,33243,3087,547,120,1642.82
2017-06-07,CAMP0008,Instagram,75899,4186,378,97,1803.17
2017-09-13,CAMP0010,Affiliate,64619,8343,1406,478,681.88
2018-05-06,CAMP0014,Organic,44504,5685,175,43,644.29
2018-03-09,CAMP0020,Google Search,31382,4666,564,73,138.7
2018-03-04,CAMP0021,Referral,38611,2012,283,33,854.21
2017-06-03,CAMP0030,Affiliate,85505,1677,207,50,929.36
2018-01-13,CAMP0004,Instagram,70365,9835,700,194,606.04
2018-04-03,CAMP0003,Facebook,112291,15361,930,144,1691.95
2018-05-10,CAMP0025,Referral,33138,3817,506,124,1001.6
2017-01-23,CAMP0007,Email,10008,971,62,18,726.21
2018-02-19,CAMP0024,Organic,72447,8470,931,309,318.66
2017-01-15,CAMP0007,Email,78973,4608,309,30,1748.78
2017-11-08,CAMP0011,Referral,63959,9502,999,331,443.28
2018-02-05,CAMP0004,Instagram,47985,2740,198,46,1437.97
2018-04-11,CAMP0014,Organic,38630,5319,617,194,957.87
2017-11-13,CAMP0011,Referral,118968,8588,911,165,1459.39
2017-10-26,CAMP0006,Organic,59053,4131,437,46,752.04
2017-01-27,CAMP0007,Email,12504,1033,173,17,1539.13
2018-04-10,CAMP0003,Facebook,92859,12841,2222,547,1970.34
2017-04-12,CAMP0019,Google Search,115084,2204,336,69,510.63
2017-10-22,CAMP0006,Organic,48292,4400,419,123,926.5
2017-05-17,CAMP0029,Organic,54881,2264,374,30,216.6
2017-09-05,CAMP0023,Facebook,94788,14037,484,30,1489.36
2017-05-24,CAMP0030,Affiliate,71070,3644,611,194,572.9
2017-11-19,CAMP0022,Referral,20371,1979,306,56,676.7
2017-04-14,CAMP0029,Organic,47498,4143,572,97,870.63
2018-03-06,CAMP0021,Referral,57390,5221,263,88,301.35
2017-12-10,CAMP0022,Referral,90558,4544,634,138,366.13
2018-05-14,CAMP0025,Referral,119093,11205,1659,268,1633.27
2017-12-08,CAMP0022,Referral,7206,475,28,4,1950.92
2018-05-03,CAMP0014,Organic,119729,12356,1543,343,53.14
2017-09-06,CAMP0023,Facebook,83082,10006,1709,172,1723.52
2018-05-22,CAMP0025,Referral,111837,2215,294,50,501.62
2017-08-09,CAMP0028,Facebook,101638,4857,711,130,1111.0
2018-04-23,CAMP0003,Facebook,109641,5747,1003,187,1842.13
2017-08-29,CAMP0010,Affiliate,6675,239,23,6,1267.37
2017-09-17,CAMP0001,Affiliate,89442,6729,214,52,1554.07
2017-05-27,CAMP0030,Affiliate,63151,2379,218,19,250.43
2017-01-26,CAMP0009,Google Search,63922,3571,370,81,1330.34
2018-04-06,CAMP0003,Facebook,64716,4237,323,35,731.07
2018-04-16,CAMP0014,Organic,20412,2208,153,42,410.82
2017-09-04,CAMP0023,Facebook,52225,5915,486,56,1039.39
2018-05-08,CAMP0017,Email,80301,7841,744,113,1330.92
2017-03-17,CAMP0002,Facebook,94169,2526,108,37,1521.95
2018-04-27,CAMP0017,Email,99735,13872,1299,418,315.86
2017-08-26,CAMP0023,Facebook,89620,9554,1168,316,912.37
2018-01-19,CAMP0013,Affiliate,67899,1761,276,50,1754.1
2018-03-31,CAMP0005,Affiliate,85408,2536,198,41,1053.63
2017-08-19,CAMP0023,Facebook,78531,3463,351,56,452.66
2017-05-21,CAMP0015,Instagram,63788,1748,76,16,1806.48
2018-02-15,CAMP0004,Instagram,106918,9970,377,30,858.94
2018-02-17,CAMP0004,Instagram,83880,5128,231,25,1082.69
2018-05-01,CAMP0017,Email,76877,3136,121,17,912.27
2018-05-09,CAMP0014,Organic,16644,377,21,1,1145.23
2017-11-18,CAMP0022,Referral,29751,661,45,8,1274.74
2017-01-10,CAMP0007,Email,67311,4791,199,40,971.9
2017-11-08,CAMP0011,Referral,66282,6946,544,144,113.24
2018-01-05,CAMP0013,Affiliate,42677,6073,1005,187,1627.31
2017-04-26,CAMP0029,Organic,39978,3895,622,42,1256.61
2018-04-10,CAMP0005,Affiliate,59899,2327,324,52,854.63
2017-11-15,CAMP0022,Referral,30942,4248,192,32,432.63
2017-01-25,CAMP0007,Email,92818,3249,127,39,1269.11
2018-03-25,CAMP0020,Google Search,15010,1231,128,18,181.72
2018-01-15,CAMP0013,Affiliate,17121,664,78,5,1943.29
2018-04-14,CAMP0014,Organic,85657,9906,1139,390,1748.98
2017-05-05,CAMP0019,Google Search,104983,11552,2039,501,1865.07
2017-04-07,CAMP0029,Organic,37104,3617,551,134,575.41
2017-08-18,CAMP0016,Email,67265,10069,766,64,993.19
2018-05-13,CAMP0017,Email,33105,2716,100,21,1825.25
2017-04-13,CAMP0029,Organic,85467,7045,639,51,1570.37
2018-02-09,CAMP0024,Organic,8183,209,10,2,1137.68
2017-06-08,CAMP0030,Affiliate,5389,250,37,12,1822.76
2018-05-18,CAMP0017,Email,35680,811,63,15,425.47
2017-11-27,CAMP0022,Referral,100316,12355,1375,467,742.93
2017-04-15,CAMP0029,Organic,60920,5264,268,84,1577.11
2017-11-13,CAMP0022,Referral,9788,515,67,22,1420.67
2017-06-07,CAMP0008,Instagram,43520,2825,306,76,1414.04
2018-03-09,CAMP0021,Referral,11663,299,30,3,1404.93
2018-03-30,CAMP0005,Affiliate,31256,1245,74,4,874.41
2018-03-15,CAMP0005,Affiliate,116945,11249,609,60,365.36
2017-08-18,CAMP0027,Affiliate,117087,16384,664,128,517.34
2018-04-20,CAMP0025,Referral,7138,436,56,15,482.47
2017-11-02,CAMP0022,Referral,41264,4772,702,204,1556.29
2017-10-01,CAMP0012,Organic,106642,7797,411,63,569.07
2017-01-16,CAMP0009,Google Search,88775,10586,325,66,1180.27
2018-02-12,CAMP0004,Instagram,116006,14461,1680,277,1617.81
2017-01-25,CAMP0009,Google Search,58796,812,37,11,1643.12
2017-05-01,CAMP0029,Organic,20884,2678,388,105,419.53
2017-04-29,CAMP0029,Organic,76459,8415,1242,234,157.86
2018-03-07,CAMP0021,Referral,44072,3896,614,141,549.36
2018-04-05,CAMP0018,Instagram,62209,4578,644,222,1711.42
2018-04-25,CAMP0014,Organic,110102,10001,686,209,1615.43
2018-05-19,CAMP0017,Email,104392,11912,912,265,1083.77
2017-04-29,CAMP0019,Google Search,23798,1177,181,61,140.08
2017-12-28,CAMP0026,Affiliate,82141,12257,1048,350,1516.57
2018-04-22,CAMP0014,Organic,66157,7771,528,55,1790.56
2018-02-15,CAMP0024,Organic,97158,10325,771,206,1009.95
2018-03-06,CAMP0021,Referral,111705,6613,904,88,172.68
2018-04-27,CAMP0014,Organic,71472,4550,481,125,1100.97
2018-03-03,CAMP0021,Referral,48254,991,48,15,1817.91
2017-08-18,CAMP0010,Affiliate,26483,1010,168,48,351.4
2017-08-19,CAMP0028,Facebook,77649,10388,599,123,1997.0
2017-06-10,CAMP0008,Instagram,74958,8536,691,200,1341.94
2018-03-05,CAMP0021,Referral,54630,5043,805,165,147.19
2017-01-13,CAMP0009,Google Search,35819,4788,550,110,588.13
2017-08-09,CAMP0023,Facebook,77251,8549,997,346,421.14
2017-09-06,CAMP0010,Affiliate,21742,1588,280,75,1585.69
2018-01-26,CAMP0024,Organic,9547,536,75,7,393.92
2018-04-30,CAMP0003,Facebook,20169,2064,306,72,1974.78
2017-08-23,CAMP0010,Affiliate,73206,4482,764,156,1859.67
2017-01-09,CAMP0007,Email,77654,11356,486,109,1048.41
2018-04-29,CAMP0017,Email,52350,6148,945,257,919.1
2018-01-01,CAMP0026,Affiliate,86790,10016,1361,350,1880.69
2017-08-08,CAMP0016,Email,79991,7256,541,93,1031.61
2017-04-09,CAMP0019,Google Search,82915,12186,1787,336,1837.4
2017-01-11,CAMP0009,Google Search,44269,6375,544,183,543.2
2018-03-18,CAMP0005,Affiliate,20795,2016,297,87,1761.02
2017-04-05,CAMP0019,Google Search,18297,1822,247,75,378.44
2017-09-10,CAMP0023,Facebook,16169,1158,78,26,942.61
2017-11-10,CAMP0011,Referral,69265,4613,348,27,807.98
2018-03-05,CAMP0021,Referral,38573,2068,235,43,156.53
2018-01-24,CAMP0024,Organic,58173,3890,404,96,686.86
2018-03-10,CAMP0020,Google Search,87163,12146,1611,494,1718.6
2017-04-22,CAMP0019,Google Search,86583,10152,1706,239,84.24
2017-05-28,CAMP0015,Instagram,86305,10666,1253,315,143.76
2018-05-20,CAMP0017,Email,112344,7387,471,148,248.48
2017-08-03,CAMP0016,Email,98645,5489,629,104,1545.56
2018-03-06,CAMP0021,Referral,59453,4807,629,116,969.23
2017-06-06,CAMP0015,Instagram,50260,1813,85,29,1959.47
2017-09-02,CAMP0023,Facebook,75372,10354,1292,257,1489.41
2017-12-26,CAMP0026,Affiliate,62257,7247,1120,56,1210.45
2017-11-12,CAMP0011,Referral,12302,1414,147,20,1197.69
2017-06-07,CAMP0008,Instagram,14039,269,36,10,1137.3
2017-09-02,CAMP0023,Facebook,35648,4246,575,122,51.5
2018-05-07,CAMP0017,Email,61594,8055,246,76,521.28
2017-04-29,CAMP0019,Google Search,28197,1100,59,17,1291.42
2017-11-14,CAMP0011,Referral,20580,2788,194,44,140.0
2017-11-17,CAMP0011,Referral,96208,2997,256,87,613.98
2018-04-26,CAMP0003,Facebook,99715,1272,91,5,89.5
2017-05-05,CAMP0029,Organic,115170,6709,1151,272,1371.16
2018-05-16,CAMP0017,Email,26889,3709,122,34,1307.77
2017-11-18,CAMP0022,Referral,44663,6252,504,106,1131.02
2017-10-25,CAMP0006,Organic,82880,6884,394,78,458.14
2018-03-12,CAMP0021,Referral,88885,3064,175,53,666.59
2018-03-19,CAMP0018,Instagram,10532,1322,101,19,1019.99
2017-12-15,CAMP0026,Affiliate,70394,10089,420,107,1636.51
2017-09-07,CAMP0010,Affiliate,48478,1727,185,9,1575.01
2017-11-18,CAMP0022,Referral,67431,5189,332,64,57.85
2017-04-22,CAMP0019,Google Search,68174,4223,437,83,1557.14
2017-08-23,CAMP0016,Email,74583,8352,425,135,385.89
2017-02-04,CAMP0007,Email,89524,3296,439,146,355.26
2017-06-05,CAMP0008,Instagram,69097,2802,277,92,1235.27
2017-05-11,CAMP0029,Organic,104270,1234,215,48,1308.99
2018-05-24,CAMP0017,Email,111104,7189,284,19,476.44
2017-05-21,CAMP0015,Instagram,30609,4267,235,33,53.91
2017-11-08,CAMP0011,Referral,42127,2745,106,28,266.59
2017-09-04,CAMP0023,Facebook,49355,2249,310,61,198.53
2018-01-12,CAMP0013,Affiliate,71793,4111,481,95,1561.09
2017-06-08,CAMP0008,Instagram,34884,1091,157,43,1530.4
2017-04-18,CAMP0019,Google Search,14421,1954,322,94,474.34
2017-11-06,CAMP0022,Referral,117120,9990,826,88,1672.37
2018-03-20,CAMP0005,Affiliate,109012,14059,1166,89,918.9
2017-06-08,CAMP0008,Instagram,66977,5564,776,84,1697.16
2017-05-04,CAMP0019,Google Search,94941,9131,1153,149,1693.9
2017-11-12,CAMP0011,Referral,21209,1935,150,14,206.69
2017-09-02,CAMP0023,Facebook,119730,2037,354,51,283.41
2017-06-10,CAMP0008,Instagram,102025,10681,980,139,1216.54
2017-03-13,CAMP0002,Facebook,38672,5180,789,98,1407.17
2017-07-25,CAMP0016,Email,38933,808,79,22,101.97
2018-04-07,CAMP0018,Instagram,26774,2232,196,10,1310.17
2017-05-24,CAMP0030,Affiliate,86169,4061,432,127,1579.72
2018-05-15,CAMP0017,Email,117470,9295,887,130,145.98
2017-04-21,CAMP0019,Google Search,40049,5683,803,83,1213.68
2018-02-05,CAMP0024,Organic,99768,5628,730,59,481.85
2017-04-13,CAMP0029,Organic,13474,1101,112,11,1193.1
2017-07-24,CAMP0016,Email,110238,2222,252,62,774.08
2017-09-09,CAMP0023,Facebook,119505,12693,2158,126,146.54
2017-12-28,CAMP0013,Affiliate,114704,7455,989,163,114.04
2017-01-10,CAMP0007,Email,89395,7754,863,239,802.33
2017-05-05,CAMP0029,Organic,61865,3541,129,15,1709.86
2018-03-18,CAMP0020,Google Search,77971,2274,355,26,1277.85
2017-10-11,CAMP0012,Organic,64498,8627,276,38,1114.75
2017-01-10,CAMP0007,Email,49057,7254,1288,210,1512.99
2018-02-10,CAMP0024,Organic,30091,2015,276,78,311.64
2018-04-12,CAMP0003,Facebook,98741,12198,1007,306,582.96
2018-05-18,CAMP0017,Email,62654,7401,661,114,479.39
2018-04-14,CAMP0003,Facebook,77749,1081,98,19,1356.08
2017-08-09,CAMP0027,Affiliate,17499,2372,100,19,1276.59
2017-08-13,CAMP0023,Facebook,79457,6743,793,220,1449.91
2017-10-16,CAMP0006,Organic,46803,6514,419,34,1368.88
2017-04-04,CAMP0002,Facebook,30404,3684,187,29,1370.62
2017-08-18,CAMP0010,Affiliate,38478,5756,857,211,989.21
2017-06-14,CAMP0008,Instagram,80811,1052,150,15,1684.6
2018-04-15,CAMP0005,Affiliate,25045,1979,60,11,1983.28
2017-06-15,CAMP0008,Instagram,13268,157,8,0,1486.33
2017-09-19,CAMP0001,Affiliate,53849,2313,73,17,990.29
2017-08-02,CAMP0028,Facebook,38520,3922,582,112,350.15
2018-04-07,CAMP0003,Facebook,104423,14691,775,215,703.52
2017-12-02,CAMP0022,Referral,31058,818,36,11,1219.04
2017-10-31,CAMP0006,Organic,80454,10528,1609,445,407.7
2018-02-05,CAMP0024,Organic,86182,12190,1028,357,1827.37
2017-08-09,CAMP0023,Facebook,30119,3043,174,44,637.91
2018-02-14,CAMP0004,Instagram,5006,279,18,3,844.42
2017-02-07,CAMP0009,Google Search,5967,111,12,2,1263.11
2018-01-25,CAMP0024,Organic,19520,372,58,14,1923.67
2017-06-14,CAMP0008,Instagram,115240,11614,2072,626,1773.96
2017-12-22,CAMP0026,Affiliate,77933,10349,322,106,1278.62
2017-04-01,CAMP0002,Facebook,32628,2770,484,94,136.07
2017-04-08,CAMP0002,Facebook,68456,6957,463,24,501.49
2018-03-18,CAMP0005,Affiliate,93934,7990,642,132,1749.07
2017-04-23,CAMP0019,Google Search,89507,11652,683,205,1942.58
2017-09-01,CAMP0023,Facebook,109553,10477,1386,174,316.86
2018-04-16,CAMP0005,Affiliate,92868,3451,151,26,1730.21
2017-08-09,CAMP0027,Affiliate,14873,1751,181,20,1569.76
2017-06-13,CAMP0008,Instagram,119114,4101,680,88,1406.48
2018-03-07,CAMP0021,Referral,102802,8211,871,182,394.07
2017-04-07,CAMP0019,Google Search,18055,721,70,6,712.96
2017-08-04,CAMP0028,Facebook,49885,729,52,16,220.56
2017-11-06,CAMP0022,Referral,77602,5881,400,69,53.48
2017-11-21,CAMP0022,Referral,77693,1804,88,21,658.51
2017-05-23,CAMP0030,Affiliate,68457,10264,1560,237,1801.52
2018-04-18,CAMP0025,Referral,22066,1845,205,64,502.03
2017-01-09,CAMP0009,Google Search,74756,4932,532,42,1249.88
2018-05-09,CAMP0025,Referral,32817,2019,142,38,135.62
2017-08-13,CAMP0016,Email,40002,701,38,3,1338.48
2017-01-14,CAMP0009,Google Search,9243,453,45,12,1225.6
2017-06-09,CAMP0030,Affiliate,9701,1427,209,70,1536.13
2017-03-28,CAMP0002,Facebook,102042,8361,792,221,1413.59
2018-05-19,CAMP0017,Email,36193,2520,83,5,969.02
2017-06-05,CAMP0008,Instagram,76965,7848,626,53,1496.08
2017-08-26,CAMP0023,Facebook,89650,7202,1175,303,1778.5
2018-05-16,CAMP0017,Email,74910,7037,877,214,1281.97
2018-02-18,CAMP0004,Instagram,29942,936,42,13,645.97
2018-04-14,CAMP0003,Facebook,55004,2253,246,35,1577.75
2018-02-21,CAMP0004,Instagram,93840,11747,1438,227,1304.82
2018-05-05,CAMP0017,Email,30671,480,83,22,1630.53
2017-08-12,CAMP0028,Facebook,83126,9746,1132,347,1463.08
2018-04-10,CAMP0003,Facebook,110237,12607,1243,284,1218.02
2017-11-11,CAMP0011,Referral,31442,1958,204,33,236.77
2018-03-02,CAMP0021,Referral,119775,11527,391,19,1408.87
2017-04-12,CAMP0029,Organic,29946,968,134,39,128.89
2017-12-22,CAMP0026,Affiliate,46413,6697,396,70,162.88
2018-04-26,CAMP0025,Referral,56673,4222,707,141,972.44
2017-01-13,CAMP0007,Email,33725,3164,242,50,1776.89
2017-01-29,CAMP0007,Email,30498,2139,202,47,1997.57
2017-01-26,CAMP0009,Google Search,36608,4694,844,160,590.93
2017-07-25,CAMP0016,Email,84205,9742,669,210,1760.44
2017-09-03,CAMP0010,Affiliate,103084,1620,269,14,1193.62
2017-04-23,CAMP0029,Organic,101620,11494,779,142,338.97
2018-05-07,CAMP0017,Email,115245,5653,446,28,1304.0
2018-01-01,CAMP0026,Affiliate,14380,1188,94,28,235.24
2018-01-15,CAMP0013,Affiliate,73392,3490,541,144,1186.84
2017-04-05,CAMP0002,Facebook,20241,2104,373,103,1938.49
2017-12-24,CAMP0026,Affiliate,105805,15164,1704,226,817.49
2018-01-01,CAMP0013,Affiliate,33915,733,72,19,737.92
2018-03-09,CAMP0018,Instagram,65336,3548,183,13,1170.09
2017-01-12,CAMP0009,Google Search,35343,1943,83,12,863.07
2017-11-01,CAMP0006,Organic,66582,686,29,5,1378.0
2017-10-10,CAMP0012,Organic,46233,1495,231,60,1612.2
2017-08-30,CAMP0010,Affiliate,110523,16036,1312,129,1096.55
2018-01-28,CAMP0024,Organic,53174,1666,153,36,1738.63
2017-05-05,CAMP0029,Organic,80264,4580,821,85,1658.11
2018-04-07,CAMP0005,Affiliate,17797,1814,197,42,1816.22
2017-11-10,CAMP0011,Referral,109176,5064,305,35,1135.22
2018-04-04,CAMP0005,Affiliate,28683,3510,544,187,1248.42
2017-05-28,CAMP0015,Instagram,53173,805,44,5,1663.95
2017-09-17,CAMP0001,Affiliate,42456,2667,477,129,1006.4
2017-06-16,CAMP0008,Instagram,107444,5038,619,37,242.0
2017-09-16,CAMP0001,Affiliate,89787,4317,555,114,143.76
2017-03-31,CAMP0002,Facebook,64721,9410,978,209,197.95
2017-10-18,CAMP0006,Organic,106732,11858,480,142,1110.67
2017-04-26,CAMP0029,Organic,73249,8916,753,195,741.69
2017-11-27,CAMP0022,Referral,75974,5883,209,30,1095.14
2018-03-13,CAMP0021,Referral,119901,8033,258,75,1482.2
2017-12-16,CAMP0026,Affiliate,26859,3119,349,105,1753.02
2017-05-29,CAMP0015,Instagram,118764,12060,405,137,1819.43
2017-11-01,CAMP0022,Referral,97749,13478,551,100,803.53
2017-07-28,CAMP0027,Affiliate,16514,549,59,8,438.64
2017-05-02,CAMP0019,Google Search,36542,2732,137,21,480.39
2017-09-03,CAMP0023,Facebook,116735,15608,1049,116,707.21
2018-03-07,CAMP0020,Google Search,72066,10133,1503,393,990.6
2017-08-21,CAMP0016,Email,40171,1709,72,14,1013.69
2017-12-27,CAMP0026,Affiliate,118245,3081,536,89,432.28
2017-05-30,CAMP0015,Instagram,102695,7039,1025,271,1008.3
2018-04-30,CAMP0025,Referral,104533,5797,898,220,1398.67
2018-05-22,CAMP0025,Referral,34882,2179,303,96,640.99
2018-02-21,CAMP0024,Organic,70554,823,44,2,1589.53
2017-07-27,CAMP0016,Email,73715,9210,1182,96,932.7
2018-03-28,CAMP0020,Google Search,47929,831,122,22,1228.75
2018-03-16,CAMP0018,Instagram,59075,6432,971,185,1957.55
2018-03-06,CAMP0020,Google Search,51591,7298,497,27,1596.02
2017-09-19,CAMP0001,Affiliate,31833,3217,108,35,1126.33
2017-02-08,CAMP0009,Google Search,98687,6786,254,57,1569.31
2017-05-21,CAMP0030,Affiliate,6934,1016,170,13,357.37
2017-08-07,CAMP0028,Facebook,68407,5712,241,19,237.37
2017-01-20,CAMP0007,Email,92048,11504,1659,578,1578.05
2017-01-11,CAMP0007,Email,74492,4616,139,27,1911.15
2017-02-02,CAMP0007,Email,32019,3314,110,6,1401.74
2017-01-26,CAMP0009,Google Search,45312,5800,1005,327,1783.14
2017-06-07,CAMP0015,Instagram,12878,1929,84,18,653.42
2017-01-26,CAMP0009,Google Search,104071,10551,461,145,749.35
2018-02-06,CAMP0004,Instagram,24718,1872,76,4,1014.09
2018-04-12,CAMP0003,Facebook,107619,3852,346,79,975.96
2017-09-05,CAMP0023,Facebook,34544,5077,263,80,247.11
2017-09-04,CAMP0023,Facebook,31962,1940,184,41,1676.72
2017-04-02,CAMP0002,Facebook,82227,3602,400,92,203.05
2018-01-04,CAMP0026,Affiliate,62019,5099,538,81,1404.92
2017-11-11,CAMP0011,Referral,53191,5575,444,78,1842.55
2017-12-28,CAMP0026,Affiliate,88527,2173,284,52,1794.99
2017-08-25,CAMP0023,Facebook,62280,8319,379,81,843.26
2017-04-09,CAMP0002,Facebook,33469,380,48,7,89.33
2017-08-31,CAMP0023,Facebook,23017,2134,330,47,406.63
2017-08-25,CAMP0023,Facebook,107782,6167,213,41,532.97
2017-08-03,CAMP0028,Facebook,116415,8078,884,124,845.16
2017-06-09,CAMP0015,Instagram,95811,8353,1028,352,1143.67
2018-01-01,CAMP0013,Affiliate,45318,1500,129,33,189.73
2018-03-10,CAMP0020,Google Search,39079,476,22,1,249.54
2017-08-22,CAMP0027,Affiliate,52369,3091,156,48,407.42
2018-04-11,CAMP0005,Affiliate,29878,919,154,24,1398.64
2017-06-02,CAMP0008,Instagram,10517,436,24,2,1395.97
2017-08-02,CAMP0027,Affiliate,52009,4029,436,26,1954.02
2017-05-31,CAMP0030,Affiliate,14799,1758,261,51,928.64
2017-04-26,CAMP0019,Google Search,16366,2311,218,60,914.14
2017-08-03,CAMP0016,Email,74363,4033,250,60,376.25
2017-06-06,CAMP0030,Affiliate,16171,1034,177,28,485.08
2017-11-05,CAMP0011,Referral,65678,3017,185,20,1146.34
2018-04-01,CAMP0020,Google Search,12896,1698,288,40,1164.78
2017-08-25,CAMP0010,Affiliate,57059,7376,480,93,711.16
2018-03-12,CAMP0020,Google Search,88792,8144,1361,98,221.65
2018-03-01,CAMP0024,Organic,72886,10134,1651,132,1004.68
2017-08-22,CAMP0016,Email,29521,3071,248,79,259.3
2018-01-09,CAMP0013,Affiliate,14168,1660,221,54,1845.98
2017-04-07,CAMP0002,Facebook,71197,3938,379,52,145.71
2018-01-06,CAMP0013,Affiliate,107136,13117,2171,152,1367.04
2018-04-24,CAMP0003,Facebook,49597,3215,387,73,337.91
2017-04-09,CAMP0002,Facebook,60491,3969,610,110,1510.85
2017-12-15,CAMP0026,Affiliate,20448,2112,182,25,532.67
2017-03-16,CAMP0002,Facebook,60099,6047,355,103,789.13
2017-11-06,CAMP0011,Referral,50890,2994,144,44,1047.88
2018-03-27,CAMP0005,Affiliate,57600,6453,683,172,1096.11
2017-01-18,CAMP0009,Google Search,113947,10728,1658,199,101.49
2017-09-13,CAMP0010,Affiliate,19999,528,64,13,526.67
2017-09-11,CAMP0001,Affiliate,40721,2530,382,72,239.73
2017-08-19,CAMP0010,Affiliate,70444,9765,1003,225,622.83
2018-02-28,CAMP0021,Referral,102179,13108,930,273,927.13
2017-04-08,CAMP0002,Facebook,118992,17152,2025,536,206.45
2017-05-29,CAMP0015,Instagram,55789,7841,276,40,1773.34
2017-06-18,CAMP0008,Instagram,6271,701,115,9,408.33
2018-03-26,CAMP0005,Affiliate,92453,7418,258,66,1330.11
2018-03-28,CAMP0020,Google Search,37673,488,72,16,446.44
2017-09-21,CAMP0001,Affiliate,87028,8830,772,110,349.66
2018-03-19,CAMP0020,Google Search,28402,1945,181,43,518.61
2017-09-22,CAMP0001,Affiliate,11853,1302,178,61,1022.76
2017-11-12,CAMP0011,Referral,28924,4221,262,91,1043.03
2017-06-04,CAMP0015,Instagram,63962,8093,456,44,1700.76
2018-03-05,CAMP0018,Instagram,107488,15290,772,236,1165.88
2018-05-03,CAMP0003,Facebook,11053,1205,167,55,488.31
2018-03-13,CAMP0020,Google Search,91876,4592,453,94,434.5
2017-04-14,CAMP0029,Organic,35554,978,71,13,768.8
2017-08-23,CAMP0016,Email,22081,2076,65,16,1474.54
2017-08-19,CAMP0027,Affiliate,16323,1887,223,55,568.7
2017-10-28,CAMP0006,Organic,106191,2833,162,19,634.1
2017-05-05,CAMP0029,Organic,68977,4454,533,142,1527.96
2018-02-11,CAMP0024,Organic,49294,2596,407,70,1644.77
2017-01-17,CAMP0009,Google Search,45771,2363,372,72,1665.35
2017-04-05,CAMP0019,Google Search,38575,3332,281,74,1761.55
2017-06-03,CAMP0030,Affiliate,14378,1753,261,77,1892.74
2017-09-19,CAMP0001,Affiliate,54582,6461,362,117,1169.96
2018-03-12,CAMP0021,Referral,51720,4425,488,79,795.64
2018-01-05,CAMP0013,Affiliate,53929,7295,342,99,1683.98
2018-03-19,CAMP0020,Google Search,76039,1238,55,16,202.58
2017-10-25,CAMP0006,Organic,96110,12906,1580,249,413.85
2017-06-09,CAMP0030,Affiliate,101126,10382,903,135,308.17
2017-12-05,CAMP0022,Referral,108759,12422,792,142,672.34
2017-08-05,CAMP0028,Facebook,99156,1776,119,39,1758.63
2017-08-14,CAMP0027,Affiliate,51419,5116,289,80,291.59
2017-09-07,CAMP0023,Facebook,38816,1179,152,50,1257.33
2017-05-22,CAMP0015,Instagram,30175,2601,467,70,335.9
2017-06-11,CAMP0008,Instagram,76299,9179,1125,126,242.88
2017-12-25,CAMP0026,Affiliate,16252,1873,126,22,1778.92
2017-04-05,CAMP0019,Google Search,26453,1803,72,6,1352.4
2018-04-18,CAMP0003,Facebook,77398,9625,750,147,1505.15
2018-03-23,CAMP0018,Instagram,10879,484,72,11,1647.49
2017-08-01,CAMP0016,Email,33067,3592,371,90,1943.43
2017-04-23,CAMP0019,Google Search,13789,1280,75,4,1880.42
2017-10-09,CAMP0012,Organic,23053,2431,330,93,1226.82
2018-03-28,CAMP0020,Google Search,91453,6567,305,43,545.18
2018-03-07,CAMP0021,Referral,105370,12621,2241,128,772.35
2017-03-29,CAMP0002,Facebook,91929,9937,909,224,1647.81
2017-06-07,CAMP0015,Instagram,102136,3601,181,17,1010.5
2018-05-01,CAMP0025,Referral,86925,8739,1381,434,495.49
2017-06-01,CAMP0030,Affiliate,61348,6348,217,53,1433.12
2018-02-16,CAMP0004,Instagram,83214,10777,1557,128,365.73
2017-06-09,CAMP0008,Instagram,89386,6362,1098,332,846.04
2018-04-11,CAMP0005,Affiliate,25615,2467,426,132,292.68
2018-01-03,CAMP0013,Affiliate,53422,4356,441,57,52.56
2017-11-15,CAMP0011,Referral,41007,4914,586,145,1241.22
2018-05-11,CAMP0014,Organic,109332,14548,2048,542,1508.07
2018-03-18,CAMP0020,Google Search,70101,10216,802,190,439.01
2018-01-16,CAMP0013,Affiliate,94185,11196,1186,168,1516.88
2017-08-11,CAMP0028,Facebook,83962,2674,462,114,963.34
2017-08-06,CAMP0027,Affiliate,18842,1727,269,68,807.86
2017-09-12,CAMP0023,Facebook,44991,1139,171,34,1339.17
2017-08-20,CAMP0023,Facebook,44263,5044,257,60,1516.17
2017-07-31,CAMP0027,Affiliate,21674,1763,94,16,1571.88
2018-03-06,CAMP0020,Google Search,61561,2219,71,11,1489.58
2018-03-28,CAMP0005,Affiliate,56872,2360,356,59,1709.22
2017-04-11,CAMP0029,Organic,60784,6521,633,207,1902.02
2017-06-01,CAMP0008,Instagram,34535,4225,415,102,1523.63
2017-06-08,CAMP0030,Affiliate,47370,5706,586,32,351.07
2018-04-10,CAMP0018,Instagram,98841,11080,1957,457,1526.38
2017-03-30,CAMP0002,Facebook,99969,14073,841,124,1792.67
2017-05-17,CAMP0029,Organic,84140,6389,625,129,135.14
2018-03-15,CAMP0020,Google Search,71068,1852,56,15,965.41
2018-04-14,CAMP0003,Facebook,100744,14710,1004,52,718.48
2017-07-29,CAMP0016,Email,74694,5439,255,32,493.46
2017-01-24,CAMP0009,Google Search,12797,1188,152,17,1899.08
2017-10-11,CAMP0012,Organic,77607,3917,641,138,356.31
2018-05-15,CAMP0017,Email,60967,3813,444,119,1336.47
2018-02-16,CAMP0024,Organic,37776,4042,688,121,1530.85
2017-08-21,CAMP0010,Affiliate,52065,2524,306,63,1226.97
2018-02-27,CAMP0024,Organic,109028,13572,1898,298,1576.44
2017-09-03,CAMP0010,Affiliate,106581,5499,426,99,833.61
2018-01-16,CAMP0013,Affiliate,92474,7030,1193,250,1434.03
2018-02-12,CAMP0004,Instagram,70352,3758,674,120,1366.46
2017-11-02,CAMP0006,Organic,15780,2107,76,7,1601.68
2017-10-17,CAMP0006,Organic,65725,9238,1306,388,922.22
2018-01-03,CAMP0026,Affiliate,94099,13173,704,80,815.34
2017-08-07,CAMP0028,Facebook,111423,16665,1817,386,1276.54
2018-01-19,CAMP0013,Affiliate,79779,6327,591,123,62.58
2017-09-10,CAMP0001,Affiliate,66183,1832,158,41,1974.38
2018-03-21,CAMP0005,Affiliate,34129,4241,406,133,430.89
2018-03-08,CAMP0021,Referral,96483,14112,2008,239,1752.76
2018-04-20,CAMP0014,Organic,67619,6839,572,81,737.26
2017-11-06,CAMP0011,Referral,106326,10197,1723,168,1405.47
2018-03-25,CAMP0018,Instagram,15215,1098,161,8,556.11
2018-05-04,CAMP0017,Email,39330,3616,635,160,1073.52
2017-12-31,CAMP0013,Affiliate,115694,5142,632,111,144.2
2017-07-31,CAMP0016,Email,30062,3570,386,57,802.53
2018-01-09,CAMP0013,Affiliate,57894,4618,472,25,595.3
2017-11-14,CAMP0022,Referral,108222,9356,1243,145,214.27
2017-12-07,CAMP0022,Referral,98409,7484,1175,224,179.26
2018-01-17,CAMP0004,Instagram,8348,946,59,3,364.58
2018-03-20,CAMP0020,Google Search,42873,4544,317,76,1442.58
2018-03-08,CAMP0021,Referral,78545,1183,41,2,1612.94
2017-11-01,CAMP0006,Organic,53052,912,88,24,1460.56
2017-10-04,CAMP0012,Organic,114634,15433,1457,148,483.47
2017-01-08,CAMP0007,Email,11421,780,90,25,1639.88
2017-11-12,CAMP0011,Referral,17973,2189,256,50,148.23
2017-04-08,CAMP0029,Organic,88170,11535,446,150,499.19
2018-01-14,CAMP0013,Affiliate,44707,1249,58,8,187.48
2018-05-14,CAMP0014,Organic,51798,5198,824,150,1280.55
2017-11-05,CAMP0011,Referral,20615,1532,203,25,1969.65
2017-01-18,CAMP0009,Google Search,27313,1591,94,18,1438.47
2018-05-23,CAMP0025,Referral,88933,2724,202,32,785.04
2017-08-16,CAMP0016,Email,69760,9003,1210,369,685.0
2018-03-21,CAMP0020,Google Search,8287,206,34,6,1227.71
2017-09-22,CAMP0001,Affiliate,81005,4606,803,82,1653.35
2017-04-29,CAMP0029,Organic,68059,1520,227,32,50.54
2018-03-02,CAMP0021,Referral,104859,13028,1567,342,286.65
2017-09-05,CAMP0010,Affiliate,55086,1130,83,26,905.51
2017-08-16,CAMP0028,Facebook,60047,4382,769,66,1699.9
2018-05-06,CAMP0014,Organic,57645,4271,730,57,1804.83
2018-03-25,CAMP0020,Google Search,64057,8712,1159,190,1911.26
2017-10-24,CAMP0006,Organic,99688,2362,81,7,458.85
2017-08-12,CAMP0028,Facebook,63840,8817,410,114,1027.45
2017-06-06,CAMP0015,Instagram,27703,864,85,28,1797.62
2018-02-05,CAMP0024,Organic,93832,6388,635,212,1555.41
2017-05-28,CAMP0015,Instagram,101090,3068,232,40,320.23
2017-08-25,CAMP0023,Facebook,43588,2718,478,60,1670.7
2017-08-27,CAMP0010,Affiliate,26002,1594,61,19,391.89
2017-03-13,CAMP0002,Facebook,43957,1675,110,7,1766.11
2017-09-09,CAMP0023,Facebook,33248,3587,625,67,1449.18
2017-11-21,CAMP0022,Referral,19787,820,109,17,1449.2
2017-09-22,CAMP0001,Affiliate,12655,1086,105,18,885.11
2018-01-31,CAMP0004,Instagram,26847,562,36,7,675.1
2017-03-23,CAMP0002,Facebook,71925,10285,868,48,1374.07
2018-01-11,CAMP0013,Affiliate,35972,3646,405,61,288.03
2018-02-28,CAMP0021,Referral,53685,7258,1113,292,546.85
2018-01-15,CAMP0004,Instagram,104489,3208,503,54,1704.67
2018-02-10,CAMP0024,Organic,6658,872,152,35,1518.01
2018-03-20,CAMP0005,Affiliate,118765,12632,1343,203,824.03
2017-05-20,CAMP0015,Instagram,15296,991,52,17,319.62
2018-03-17,CAMP0020,Google Search,39310,4431,208,62,87.81
2018-03-25,CAMP0005,Affiliate,44242,4640,362,42,1053.24
2017-04-06,CAMP0002,Facebook,102118,1161,67,21,1727.22
2017-08-20,CAMP0010,Affiliate,10405,771,108,18,880.94
2018-01-21,CAMP0024,Organic,35322,934,75,6,1729.13
2017-08-13,CAMP0023,Facebook,37624,1836,136,7,1713.76
2017-04-06,CAMP0029,Organic,93336,4865,557,90,1617.23
2017-09-16,CAMP0001,Affiliate,73639,6657,792,224,1579.2
2017-04-18,CAMP0019,Google Search,21546,527,72,10,429.45
2017-10-03,CAMP0012,Organic,63224,8010,1218,357,1270.84
2017-06-15,CAMP0008,Instagram,32807,4313,565,166,173.13
2017-08-18,CAMP0028,Facebook,98202,6128,485,57,241.52
2017-08-06,CAMP0027,Affiliate,91890,4227,341,23,1013.29
2018-03-09,CAMP0021,Referral,96616,12356,2150,450,1803.18
2017-04-10,CAMP0029,Organic,118708,11818,2035,180,112.48
2017-12-23,CAMP0026,Affiliate,81825,2847,318,75,1082.92
2018-04-15,CAMP0005,Affiliate,100541,1200,160,26,1201.82
2017-09-20,CAMP0001,Affiliate,58021,7100,1274,253,1148.5
2018-03-15,CAMP0005,Affiliate,66201,1826,290,39,657.56
2018-04-29,CAMP0017,Email,34419,2839,422,22,1157.96
2017-04-02,CAMP0002,Facebook,61517,2975,377,103,1453.63
2017-10-21,CAMP0006,Organic,20436,2090,229,72,814.41
2017-10-29,CAMP0006,Organic,96365,1455,151,37,609.64
2017-09-01,CAMP0010,Affiliate,48480,3323,324,33,1365.22
2017-10-11,CAMP0012,Organic,87290,12274,1837,561,921.85
2017-01-20,CAMP0007,Email,74779,9908,1340,425,1172.34
2017-04-03,CAMP0002,Facebook,64635,4886,192,44,591.27
2017-02-05,CAMP0009,Google Search,99774,3370,196,14,1680.45
2017-06-17,CAMP0008,Instagram,116610,3644,268,22,952.43
2018-04-17,CAMP0025,Referral,97772,13081,2130,663,1702.02
2018-01-25,CAMP0024,Organic,68565,3123,473,54,674.86
2018-03-25,CAMP0020,Google Search,67609,3469,451,48,1820.18
2017-05-30,CAMP0030,Affiliate,84858,9066,549,74,973.93
2018-02-28,CAMP0021,Referral,41182,5535,493,33,1433.56
2017-01-11,CAMP0009,Google Search,54807,3288,405,62,759.2
2018-02-09,CAMP0004,Instagram,13655,643,61,11,1575.5
2018-04-16,CAMP0003,Facebook,114444,4520,430,26,1332.75
2018-03-11,CAMP0021,Referral,7593,398,36,2,928.54
2017-12-04,CAMP0022,Referral,97296,11786,1494,145,1886.36
2018-04-02,CAMP0020,Google Search,21875,2242,190,51,561.92
2018-04-29,CAMP0014,Organic,13889,773,116,18,1405.73
2017-08-29,CAMP0023,Facebook,23412,1899,285,23,265.52
2018-05-08,CAMP0017,Email,54485,8024,1089,266,1171.17
2017-04-11,CAMP0019,Google Search,98499,3630,433,135,1562.07
2017-11-08,CAMP0022,Referral,25066,3141,431,52,623.96
2018-04-01,CAMP0018,Instagram,11580,151,15,1,926.93
2018-04-09,CAMP0014,Organic,82116,3768,545,176,1732.7
2017-10-11,CAMP0012,Organic,25194,744,110,36,1655.39
2017-06-11,CAMP0008,Instagram,77228,5672,239,48,1600.56
2018-03-31,CAMP0018,Instagram,108882,5668,369,61,1682.71
2018-04-19,CAMP0014,Organic,119910,6832,425,129,959.66
2018-03-02,CAMP0021,Referral,17337,2521,231,31,893.86
2017-03-20,CAMP0002,Facebook,28823,2707,316,89,161.68
2017-06-16,CAMP0008,Instagram,107020,10732,749,45,1058.12
2017-10-27,CAMP0022,Referral,50447,871,79,14,759.32
2018-04-15,CAMP0025,Referral,94834,11416,951,198,604.54
2017-09-11,CAMP0001,Affiliate,37105,5544,291,76,383.04
2017-12-20,CAMP0026,Affiliate,41837,2873,382,50,1082.13
2017-12-21,CAMP0026,Affiliate,44030,2391,365,49,1382.36
2017-11-09,CAMP0011,Referral,53625,5066,572,58,372.96
2018-01-19,CAMP0013,Affiliate,58490,8097,361,111,1428.15
2017-12-29,CAMP0026,Affiliate,68840,10011,486,126,1651.99
2017-03-11,CAMP0002,Facebook,64790,5268,824,112,777.53
2018-03-06,CAMP0020,Google Search,71154,5513,781,169,973.64
2018-04-07,CAMP0018,Instagram,14612,1765,266,72,340.68
2018-01-01,CAMP0026,Affiliate,69628,4123,679,86,1780.99
2017-11-07,CAMP0022,Referral,23868,1719,233,70,1564.54
2018-05-10,CAMP0025,Referral,108316,6239,1121,225,572.64
2018-01-04,CAMP0026,Affiliate,45553,1094,170,10,1338.46
2018-05-15,CAMP0014,Organic,74392,9603,335,39,848.94
2018-04-16,CAMP0003,Facebook,87220,7462,919,165,1751.31
2018-04-03,CAMP0003,Facebook,74509,1314,218,31,1810.5
2017-10-21,CAMP0006,Organic,67363,7350,1121,120,1923.89
2017-12-31,CAMP0013,Affiliate,53116,1990,106,20,444.17
2018-03-29,CAMP0005,Affiliate,15563,1795,308,96,704.44
2018-04-02,CAMP0020,Google Search,89909,10963,1534,331,773.38
2018-05-10,CAMP0025,Referral,81864,8600,1292,339,1817.19
2018-04-19,CAMP0003,Facebook,37723,3691,544,178,1648.44
2017-10-18,CAMP0006,Organic,93362,12315,1048,109,792.0
2017-01-14,CAMP0007,Email,45059,6027,451,28,247.63
2017-08-20,CAMP0023,Facebook,101960,4064,515,131,870.99
2017-09-01,CAMP0010,Affiliate,15908,1801,209,20,1353.69
2017-01-23,CAMP0007,Email,109285,13210,1215,362,1686.34
2018-03-21,CAMP0020,Google Search,28918,1761,80,14,1197.76
2017-07-31,CAMP0027,Affiliate,74621,7045,381,95,938.68
2017-02-06,CAMP0009,Google Search,64232,8202,746,62,574.68
2017-04-20,CAMP0019,Google Search,93583,10587,1014,170,1551.33
2017-12-26,CAMP0026,Affiliate,50159,5447,683,150,1724.68
2017-08-15,CAMP0016,Email,103973,5942,217,39,1896.6
2017-08-11,CAMP0023,Facebook,52845,6285,796,51,1339.9
2017-04-14,CAMP0019,Google Search,57521,8435,655,220,1514.68
2018-01-17,CAMP0004,Instagram,112708,8686,952,235,1006.93
2017-04-16,CAMP0019,Google Search,76783,11234,1114,178,1360.31
2018-04-03,CAMP0018,Instagram,16754,1960,275,84,687.88
2017-02-08,CAMP0009,Google Search,51783,2579,225,70,1635.4
2018-03-05,CAMP0018,Instagram,48523,562,45,11,1061.22
2018-04-25,CAMP0025,Referral,29770,1931,164,35,1182.26
2017-12-28,CAMP0026,Affiliate,86847,9315,921,270,1678.97
2018-05-02,CAMP0017,Email,51445,2545,455,150,435.28
2018-03-03,CAMP0018,Instagram,112642,8056,793,177,64.41
2017-11-07,CAMP0011,Referral,86778,11925,1698,398,718.95
2018-03-17,CAMP0005,Affiliate,57601,7719,417,55,452.65
2018-03-14,CAMP0005,Affiliate,71649,6751,636,158,65.34
2017-05-25,CAMP0015,Instagram,24517,2410,412,75,1705.42
2017-08-25,CAMP0016,Email,64977,7057,1027,222,93.12
2018-01-15,CAMP0013,Affiliate,22079,543,24,8,86.96
2017-06-06,CAMP0008,Instagram,107679,12279,2166,369,1503.48
2017-09-20,CAMP0012,Organic,7165,973,67,13,1698.61
2017-08-24,CAMP0028,Facebook,63442,8411,1426,136,987.18
2017-06-10,CAMP0008,Instagram,101629,2201,349,63,726.61
2018-03-03,CAMP0021,Referral,11007,922,143,8,1856.21
2018-04-17,CAMP0005,Affiliate,41723,914,158,11,1373.58
2017-11-12,CAMP0011,Referral,27749,810,114,15,471.0
2017-08-08,CAMP0016,Email,106159,3524,188,60,1715.41
2018-03-08,CAMP0021,Referral,118723,4524,419,68,979.07
2017-09-18,CAMP0001,Affiliate,19319,1215,36,4,1152.98
2017-09-21,CAMP0001,Affiliate,83162,7626,1045,303,157.67
2017-11-20,CAMP0022,Referral,16120,1831,114,30,539.8
2017-06-10,CAMP0015,Instagram,99565,5735,663,74,1830.06
2018-03-11,CAMP0021,Referral,112997,4774,313,95,966.23
2017-08-10,CAMP0027,Affiliate,23479,2124,180,17,1327.05
2017-06-07,CAMP0015,Instagram,43043,3175,330,40,337.32
2018-04-21,CAMP0014,Organic,22451,507,51,15,494.8
2017-12-31,CAMP0026,Affiliate,7050,861,74,22,1162.35
2017-02-03,CAMP0007,Email,97106,4039,385,74,916.89
2018-05-02,CAMP0017,Email,8606,277,29,6,1817.13
2017-05-31,CAMP0015,Instagram,32133,3336,352,81,1916.17
2017-04-10,CAMP0029,Organic,25482,2474,133,29,801.68
2018-01-13,CAMP0013,Affiliate,97337,3810,597,125,1245.37
2017-07-30,CAMP0027,Affiliate,16110,1934,127,10,112.2
2017-08-15,CAMP0027,Affiliate,67721,6496,1046,102,1190.17
2017-04-22,CAMP0019,Google Search,98415,11949,974,149,879.85
2018-04-14,CAMP0003,Facebook,20758,2600,331,48,267.77
2017-08-04,CAMP0016,Email,77342,6837,1059,255,1709.19
2018-01-15,CAMP0004,Instagram,11209,1302,154,53,1771.33
2017-06-10,CAMP0015,Instagram,99637,4577,137,34,1942.32
2017-06-06,CAMP0030,Affiliate,62478,8935,516,42,862.89
2017-09-15,CAMP0001,Affiliate,45838,6049,1056,129,554.32
2018-05-14,CAMP0017,Email,67370,7404,693,109,790.84
2018-04-01,CAMP0018,Instagram,57159,3770,564,75,1299.96
2017-08-19,CAMP0023,Facebook,25314,2704,319,60,1875.16
2017-10-04,CAMP0012,Organic,32908,2950,369,44,1938.94
2017-08-18,CAMP0027,Affiliate,116985,6459,710,178,1609.87
2017-10-10,CAMP0012,Organic,33085,3412,576,114,1237.01
2017-05-25,CAMP0015,Instagram,49592,1616,159,38,1643.6
2018-01-18,CAMP0013,Affiliate,97554,3678,134,40,843.46
2017-01-09,CAMP0007,Email,107341,7638,1269,106,307.57
2017-04-08,CAMP0002,Facebook,55140,1634,259,79,406.08
2018-03-25,CAMP0005,Affiliate,6026,886,87,9,426.18
2017-05-22,CAMP0015,Instagram,37471,4084,721,83,885.64
2017-09-24,CAMP0012,Organic,34403,1098,48,15,483.43
2017-09-20,CAMP0012,Organic,6256,326,42,11,448.12
2017-08-16,CAMP0023,Facebook,91294,3793,189,58,1082.22
2018-03-16,CAMP0018,Instagram,33823,4960,641,181,1959.36
2017-11-10,CAMP0011,Referral,28775,551,82,19,640.91
2017-12-22,CAMP0026,Affiliate,84501,9437,700,54,1979.61
2017-01-26,CAMP0009,Google Search,36153,3802,367,38,1770.45
2018-04-03,CAMP0003,Facebook,91594,2113,173,9,1094.03
2017-11-06,CAMP0011,Referral,110423,1326,177,30,149.38
2018-03-16,CAMP0005,Affiliate,28200,1124,193,13,503.87
2017-11-09,CAMP0022,Referral,79845,7193,374,101,1848.86
2017-12-30,CAMP0026,Affiliate,54271,4881,667,172,279.81
2018-04-27,CAMP0003,Facebook,26430,3330,164,11,115.61
2018-02-06,CAMP0024,Organic,33695,1330,120,19,1884.0
2018-03-06,CAMP0018,Instagram,101235,9928,927,210,1193.18
2018-01-23,CAMP0024,Organic,88921,5461,238,73,186.52
2017-11-25,CAMP0022,Referral,70920,6311,631,186,1566.47
2017-08-27,CAMP0023,Facebook,31902,488,36,5,157.76
2017-01-25,CAMP0007,Email,78682,8852,489,109,1604.41
2018-02-01,CAMP0004,Instagram,9911,1101,74,11,385.91
2017-09-10,CAMP0001,Affiliate,47514,7058,920,273,329.12
2017-08-10,CAMP0023,Facebook,88964,969,125,37,1498.65
2017-01-30,CAMP0007,Email,86326,8091,1085,245,808.9
2018-04-02,CAMP0020,Google Search,54915,2030,151,49,372.63
2017-09-08,CAMP0023,Facebook,86471,8754,511,158,958.04
2018-01-14,CAMP0013,Affiliate,7550,194,29,4,1055.53
2017-05-21,CAMP0030,Affiliate,110266,5820,364,26,1076.98
2017-11-17,CAMP0011,Referral,63454,6284,840,257,537.95
2017-06-05,CAMP0030,Affiliate,18800,2759,175,12,1616.84
2017-08-31,CAMP0010,Affiliate,5902,281,22,2,1966.81
2017-10-04,CAMP0012,Organic,84592,4949,775,260,1646.2
2017-01-12,CAMP0009,Google Search,82123,6417,551,53,268.06
2017-09-01,CAMP0010,Affiliate,54213,5653,668,101,1201.26
2018-04-18,CAMP0005,Affiliate,109012,13066,822,115,360.69
2017-09-10,CAMP0001,Affiliate,28448,4207,624,171,121.9
2018-02-13,CAMP0004,Instagram,76798,4305,230,23,1539.61
2017-08-19,CAMP0028,Facebook,104353,2354,297,59,1161.41
2017-04-04,CAMP0019,Google Search,51019,1805,210,22,1375.42
2017-10-19,CAMP0006,Organic,60232,4084,689,131,956.82
2017-07-30,CAMP0027,Affiliate,42660,5731,188,47,936.22
2017-10-08,CAMP0012,Organic,84187,8939,1205,281,1810.36
2017-11-11,CAMP0011,Referral,76357,8248,838,122,1807.05
2017-09-07,CAMP0023,Facebook,48254,3415,285,45,1657.99
2017-01-14,CAMP0009,Google Search,29514,681,104,24,1818.98
2018-05-04,CAMP0017,Email,103301,2737,160,37,1513.8
2017-08-06,CAMP0027,Affiliate,112463,6808,986,300,1583.18
2017-11-14,CAMP0022,Referral,71622,6662,437,91,1971.54
2017-06-03,CAMP0015,Instagram,95527,12515,1973,317,1081.82
2018-01-17,CAMP0013,Affiliate,11442,1518,78,11,1609.66
2017-04-05,CAMP0029,Organic,63274,5008,252,72,1945.72
2017-02-05,CAMP0009,Google Search,109269,4475,339,89,1357.52
2017-06-09,CAMP0008,Instagram,55164,2230,125,31,1762.15
2017-04-27,CAMP0029,Organic,86902,7701,1340,72,192.85
2017-06-09,CAMP0030,Affiliate,18674,2538,333,62,1413.3
2017-01-15,CAMP0007,Email,111649,3230,527,157,691.36
2018-05-16,CAMP0017,Email,52098,4721,783,81,548.42
2017-08-26,CAMP0010,Affiliate,32380,4101,340,77,726.87
2018-04-10,CAMP0014,Organic,68771,863,121,11,88.58
2017-06-04,CAMP0015,Instagram,74741,1378,120,10,1238.96
2017-08-27,CAMP0010,Affiliate,108035,1605,139,33,772.54
2017-09-15,CAMP0001,Affiliate,49687,707,57,6,272.31
2017-11-12,CAMP0011,Referral,87743,3581,148,31,625.27
2017-06-03,CAMP0015,Instagram,61214,1298,97,14,840.78
2018-04-13,CAMP0005,Affiliate,64209,5230,803,195,533.04
2017-09-11,CAMP0001,Affiliate,18425,1274,107,22,174.32
2018-04-30,CAMP0017,Email,59905,5231,881,215,1029.07
2017-08-23,CAMP0028,Facebook,19199,866,99,11,1094.33
2017-06-03,CAMP0015,Instagram,78346,6115,842,92,110.29
2017-09-09,CAMP0010,Affiliate,93303,10069,1120,188,952.66
2018-03-09,CAMP0021,Referral,60409,2222,104,16,1413.93
2017-08-24,CAMP0010,Affiliate,106233,14176,521,153,585.94
2017-08-15,CAMP0023,Facebook,61560,2233,207,65,1165.9
2017-01-25,CAMP0009,Google Search,29296,2119,310,78,54.99
2018-03-24,CAMP0018,Instagram,90289,13236,1417,474,997.74
2018-03-01,CAMP0024,Organic,16839,1988,134,34,1912.1
2018-02-14,CAMP0004,Instagram,24280,2344,350,57,965.97
2018-02-01,CAMP0004,Instagram,81887,9507,1689,161,985.66
2017-02-01,CAMP0009,Google Search,75587,10635,918,70,1056.0
2017-08-19,CAMP0027,Affiliate,59934,5200,573,93,305.26
2018-03-11,CAMP0021,Referral,25832,3460,417,138,474.46
2017-09-20,CAMP0001,Affiliate,117553,11146,414,59,1225.74
2018-02-27,CAMP0024,Organic,97292,5929,412,124,397.27
2017-04-10,CAMP0019,Google Search,89715,12144,437,151,1161.0
2017-06-12,CAMP0008,Instagram,64211,4722,545,106,1900.11
2018-04-26,CAMP0017,Email,86785,6789,233,70,1196.19
2017-01-31,CAMP0007,Email,48507,2907,237,62,1847.38
2017-08-11,CAMP0023,Facebook,87860,6789,1127,272,1717.85
2017-08-23,CAMP0010,Affiliate,25266,738,28,5,1924.69
2017-08-22,CAMP0023,Facebook,44144,568,53,6,516.53
2017-08-01,CAMP0027,Affiliate,111443,15591,1396,450,846.71
2018-03-04,CAMP0021,Referral,47269,3983,222,44,1519.83
2017-05-23,CAMP0030,Affiliate,10414,363,22,4,1221.06
2018-01-31,CAMP0024,Organic,88825,7139,1009,235,1667.01
2017-08-07,CAMP0027,Affiliate,40806,3017,126,39,1456.04
2018-02-11,CAMP0024,Organic,78824,3926,359,122,732.52
2017-08-09,CAMP0027,Affiliate,57600,4545,594,77,839.67
2018-01-17,CAMP0013,Affiliate,39056,2619,282,33,1478.17
2017-08-20,CAMP0016,Email,73050,4516,363,72,1447.34
2017-04-08,CAMP0002,Facebook,11359,1651,219,31,974.11
2017-01-14,CAMP0009,Google Search,96082,13357,1968,155,183.35
2018-01-21,CAMP0004,Instagram,88524,12745,604,174,208.83
2018-03-21,CAMP0020,Google Search,19741,2671,454,154,118.31
2017-12-28,CAMP0013,Affiliate,42521,3547,456,56,465.6
2017-06-13,CAMP0008,Instagram,79655,4704,581,200,809.17
2018-02-15,CAMP0004,Instagram,14317,203,19,4,1304.95
2017-08-23,CAMP0028,Facebook,98128,1044,131,41,1327.02
2017-08-24,CAMP0028,Facebook,17696,1597,173,15,96.88
2017-09-16,CAMP0001,Affiliate,103365,5357,329,110,660.93
2018-01-16,CAMP0013,Affiliate,105995,1341,134,22,1758.89
2017-06-08,CAMP0008,Instagram,80856,4092,156,12,424.37
2018-05-04,CAMP0014,Organic,37312,4922,322,45,1805.17
2017-04-06,CAMP0002,Facebook,78385,7917,1266,278,592.99
2018-02-27,CAMP0024,Organic,8443,829,120,33,161.62
2018-05-23,CAMP0025,Referral,85800,12267,1421,262,1560.58
2018-01-15,CAMP0004,Instagram,59327,6201,214,67,1170.53
2017-06-02,CAMP0008,Instagram,72728,1910,283,24,846.63
2018-04-27,CAMP0017,Email,40063,5559,316,27,1046.89
2017-01-11,CAMP0009,Google Search,41376,3807,116,24,148.7
2017-06-01,CAMP0015,Instagram,108164,2603,409,61,1758.48
2018-03-21,CAMP0018,Instagram,115597,7122,1276,160,503.92
2018-04-04,CAMP0005,Affiliate,19918,920,103,17,434.79
2018-04-11,CAMP0018,Instagram,62588,8722,877,59,276.72
2018-02-21,CAMP0024,Organic,60786,3077,526,150,1382.53
2018-04-27,CAMP0017,Email,106257,11823,1991,227,1894.71
2018-03-13,CAMP0021,Referral,64158,5320,489,112,1564.68
2017-12-05,CAMP0022,Referral,43990,5165,606,83,1658.02
2018-04-24,CAMP0003,Facebook,42023,5243,179,20,1169.56
2017-10-17,CAMP0006,Organic,25325,293,32,2,1054.91
2018-04-27,CAMP0003,Facebook,88483,1402,63,9,1480.19
2018-03-30,CAMP0020,Google Search,72635,5060,162,48,802.35
2017-08-15,CAMP0023,Facebook,115317,9112,1226,159,1034.68
2017-08-04,CAMP0027,Affiliate,13492,944,133,18,873.8
2017-08-02,CAMP0016,Email,105295,9664,691,160,326.24
2017-09-19,CAMP0001,Affiliate,96334,8119,746,146,1838.96
2017-11-15,CAMP0011,Referral,37184,2889,367,64,1636.9
2018-04-15,CAMP0003,Facebook,118297,14088,1924,493,790.43
2017-06-04,CAMP0015,Instagram,58892,5950,395,87,1419.86
2017-08-14,CAMP0028,Facebook,63797,1077,37,4,1425.67
2017-05-03,CAMP0019,Google Search,58970,4206,600,107,1264.17
2018-01-22,CAMP0004,Instagram,7057,558,98,15,1943.74
2017-02-06,CAMP0009,Google Search,11722,1083,184,47,1114.01
2017-01-29,CAMP0007,Email,83588,3162,546,140,521.37
2017-09-19,CAMP0001,Affiliate,17629,1256,110,7,120.43
2017-08-06,CAMP0016,Email,79718,11832,406,73,1518.8
2017-05-25,CAMP0030,Affiliate,45521,1233,122,11,281.03
2018-04-12,CAMP0003,Facebook,101470,10925,958,199,566.39
2017-08-09,CAMP0028,Facebook,115307,8457,410,40,188.88
2017-09-15,CAMP0001,Affiliate,61600,5433,717,220,1230.23
2018-03-09,CAMP0020,Google Search,30376,825,145,41,1869.01
2018-02-16,CAMP0004,Instagram,71507,7134,1058,150,322.52
2017-11-10,CAMP0011,Referral,20211,2967,410,125,1781.19
2017-08-19,CAMP0027,Affiliate,52246,5781,937,230,1966.27
2018-03-06,CAMP0021,Referral,59084,8801,480,156,789.09
2017-12-31,CAMP0013,Affiliate,80487,10638,859,167,144.23
2017-09-17,CAMP0001,Affiliate,64888,5418,423,50,1386.68
2017-08-11,CAMP0028,Facebook,9467,579,72,10,210.01
2018-02-22,CAMP0004,Instagram,109543,14665,1269,411,451.09
2017-08-05,CAMP0016,Email,38094,4787,405,52,1749.99
2018-05-11,CAMP0017,Email,20355,2465,104,10,840.02
2018-02-26,CAMP0024,Organic,79734,2159,360,99,1839.19
2018-01-03,CAMP0013,Affiliate,67970,4068,702,44,1022.4
2017-08-17,CAMP0016,Email,89581,2753,242,37,1117.08
2018-01-11,CAMP0004,Instagram,72266,4053,452,78,703.1
2017-08-22,CAMP0027,Affiliate,106494,2439,327,71,1565.4
2017-03-20,CAMP0002,Facebook,26651,3709,159,20,1684.02
2018-03-11,CAMP0020,Google Search,96408,11096,1985,451,140.93
2017-11-06,CAMP0011,Referral,90196,13289,2378,135,1060.51
2017-08-14,CAMP0028,Facebook,91677,10552,1752,562,1178.49
2017-08-19,CAMP0016,Email,49438,4351,389,64,480.19
2017-09-13,CAMP0010,Affiliate,100094,7632,613,61,497.62
2017-11-01,CAMP0006,Organic,54569,1067,55,4,1903.0
2017-08-24,CAMP0028,Facebook,105154,11675,1101,160,1612.64
2017-05-26,CAMP0030,Affiliate,34776,4139,704,207,166.78
2017-09-08,CAMP0010,Affiliate,89443,8620,380,105,1115.51
2018-03-31,CAMP0018,Instagram,32491,1105,97,28,1022.05
2018-01-27,CAMP0004,Instagram,78546,8346,314,92,1432.34
2018-04-27,CAMP0017,Email,57931,8030,1003,242,1879.66
2018-03-04,CAMP0018,Instagram,59433,5243,248,46,1600.56
2017-09-13,CAMP0001,Affiliate,92680,2429,299,74,1693.38
2017-08-26,CAMP0023,Facebook,25771,2456,208,42,1073.66
2017-03-15,CAMP0002,Facebook,75858,3371,480,100,1182.06
2017-11-17,CAMP0022,Referral,25933,507,44,5,1278.47
2017-04-03,CAMP0019,Google Search,84946,2750,138,9,275.94
2017-04-05,CAMP0002,Facebook,82345,4425,768,259,1176.01
2017-08-28,CAMP0010,Affiliate,12666,1858,158,34,120.78
2017-09-09,CAMP0010,Affiliate,82102,9066,856,263,624.81
2018-05-13,CAMP0017,Email,8719,846,135,18,821.57
2017-09-28,CAMP0012,Organic,7491,847,44,3,1296.51
2017-10-02,CAMP0012,Organic,64190,5148,542,117,304.2
2018-04-10,CAMP0018,Instagram,48571,7241,1019,329,497.98
2017-06-10,CAMP0015,Instagram,119755,7524,612,175,539.04
2017-08-06,CAMP0028,Facebook,107087,15958,1717,90,1415.77
2017-07-29,CAMP0016,Email,37640,3979,671,95,1262.38
2017-08-22,CAMP0027,Affiliate,5357,235,20,4,863.67
2017-04-04,CAMP0002,Facebook,11972,301,42,7,228.51
2017-10-16,CAMP0006,Organic,73016,10759,1860,403,1518.67
2017-05-28,CAMP0015,Instagram,87949,2276,106,33,161.53
2018-03-13,CAMP0021,Referral,111244,1520,54,10,1321.02
2018-05-07,CAMP0017,Email,116904,14134,810,138,774.18
2018-04-03,CAMP0018,Instagram,115734,10890,1039,119,1846.53
2018-03-08,CAMP0021,Referral,77263,7971,509,127,448.8
2018-05-01,CAMP0017,Email,41842,4699,548,59,250.81
2018-01-12,CAMP0004,Instagram,43037,4939,570,48,1058.66
2018-05-01,CAMP0017,Email,96364,12966,1772,199,316.0
2018-01-01,CAMP0026,Affiliate,27908,789,25,8,870.74
2017-01-03,CAMP0007,Email,55072,6633,726,142,949.84
2018-05-04,CAMP0017,Email,88494,7467,785,211,165.94
2017-04-19,CAMP0019,Google Search,86408,3357,129,27,130.74
2017-06-02,CAMP0008,Instagram,28735,1221,212,36,1384.1
2017-01-21,CAMP0007,Email,45312,4620,347,41,244.0
2017-12-01,CAMP0022,Referral,53893,3361,406,80,1525.26
2017-12-16,CAMP0026,Affiliate,66111,8609,1328,184,593.42
2018-04-02,CAMP0018,Instagram,48151,6378,981,70,1573.34
2017-07-27,CAMP0027,Affiliate,68810,1616,148,22,1511.48
2017-01-11,CAMP0007,Email,114862,6260,1027,255,511.82
2017-06-05,CAMP0015,Instagram,51660,5021,727,67,1606.34
2017-08-23,CAMP0016,Email,27965,819,127,32,1826.97
2017-02-05,CAMP0009,Google Search,22369,500,75,18,1566.1
2017-06-09,CAMP0015,Instagram,70380,8142,753,120,539.54
2018-05-14,CAMP0014,Organic,83456,10831,901,53,1899.37
2018-04-08,CAMP0005,Affiliate,74427,6564,844,253,1147.72
2018-03-05,CAMP0021,Referral,14947,1427,186,60,481.67
2018-05-15,CAMP0017,Email,94588,10076,491,96,875.54
2018-05-22,CAMP0017,Email,104064,4969,627,105,279.33
2018-03-23,CAMP0018,Instagram,53767,1972,145,44,400.84
2017-06-01,CAMP0008,Instagram,39625,5853,328,48,600.3
2017-01-28,CAMP0007,Email,83574,3764,218,44,559.06
2017-01-16,CAMP0007,Email,75668,10231,1660,333,912.11
2017-08-05,CAMP0027,Affiliate,22860,2151,380,123,239.04
2018-04-10,CAMP0018,Instagram,93818,13266,1878,101,698.09
2017-10-01,CAMP0012,Organic,27004,2753,378,93,740.23
2017-08-05,CAMP0027,Affiliate,42282,1976,260,83,258.85
2017-12-19,CAMP0026,Affiliate,78459,4634,188,32,808.68
2017-04-29,CAMP0019,Google Search,89278,8763,328,96,1253.42
2017-12-24,CAMP0026,Affiliate,58574,8282,988,153,639.98
2017-11-14,CAMP0011,Referral,5164,640,76,14,1018.88
2018-04-16,CAMP0003,Facebook,39385,3665,247,75,1893.19
2017-09-18,CAMP0001,Affiliate,83224,931,71,14,360.08
2017-03-29,CAMP0002,Facebook,82026,11484,1083,85,239.24
2017-04-29,CAMP0029,Organic,81623,1742,197,39,579.87
2018-03-24,CAMP0018,Instagram,111064,9498,1471,184,1870.63
2017-02-04,CAMP0009,Google Search,78666,10313,634,44,1767.08
2018-04-03,CAMP0003,Facebook,101440,10312,1076,249,268.8
2018-05-01,CAMP0017,Email,92162,6054,301,62,374.96
2017-01-19,CAMP0009,Google Search,28349,1366,192,20,1008.83
2017-02-04,CAMP0007,Email,60659,2784,399,79,1605.8
2017-10-02,CAMP0012,Organic,63996,6759,850,192,1820.49
2018-03-19,CAMP0005,Affiliate,74230,9988,958,119,1892.18
2018-03-07,CAMP0020,Google Search,63511,1718,191,58,1041.51
2017-10-06,CAMP0012,Organic,99194,6813,389,128,1892.59
2017-11-24,CAMP0022,Referral,78454,8824,378,120,610.7
2017-08-29,CAMP0023,Facebook,26108,883,51,7,1189.98
2017-08-02,CAMP0027,Affiliate,92534,2111,208,60,1149.57
2018-04-30,CAMP0025,Referral,90216,6639,492,74,1540.33
2017-11-15,CAMP0011,Referral,82449,6372,260,21,774.57
2017-08-11,CAMP0016,Email,64947,1432,195,56,699.49
2017-09-06,CAMP0023,Facebook,47447,5603,906,96,1135.58
2017-04-28,CAMP0019,Google Search,94503,2683,86,13,771.19
2017-11-15,CAMP0011,Referral,58777,8457,1300,339,866.25
2018-01-27,CAMP0024,Organic,99210,1790,81,12,185.02
2018-04-28,CAMP0017,Email,68982,7980,590,155,1186.9
2017-05-22,CAMP0015,Instagram,30939,4013,268,68,810.7
2017-12-17,CAMP0026,Affiliate,16721,537,94,15,546.48
2017-08-23,CAMP0016,Email,105725,13288,1325,250,657.16
2018-01-11,CAMP0013,Affiliate,53366,4153,468,152,537.97
2018-04-16,CAMP0005,Affiliate,47267,3514,604,41,1727.93
2017-12-21,CAMP0026,Affiliate,97995,5876,301,85,881.37
2017-05-23,CAMP0015,Instagram,15963,1630,185,44,917.33
2017-04-27,CAMP0019,Google Search,114042,14106,1765,311,1131.22
2017-04-14,CAMP0029,Organic,82964,10286,1481,133,498.9
2018-02-10,CAMP0004,Instagram,47241,5374,539,178,746.63
2017-10-09,CAMP0012,Organic,61294,6850,1148,214,709.79
2017-05-14,CAMP0029,Organic,26923,2601,423,69,691.77
2017-06-05,CAMP0030,Affiliate,85449,3455,297,62,1549.66
2017-10-30,CAMP0022,Referral,53288,1041,144,45,774.31
2018-03-13,CAMP0021,Referral,61919,7024,327,61,1779.61
2017-09-09,CAMP0010,Affiliate,41229,3410,528,138,1825.51
2017-08-17,CAMP0028,Facebook,10847,1311,109,30,284.72
2017-04-07,CAMP0002,Facebook,9428,181,9,0,1355.57
2017-09-08,CAMP0010,Affiliate,42397,3781,444,24,1287.9
2018-05-01,CAMP0025,Referral,111910,13313,1724,452,1155.52
2017-05-23,CAMP0030,Affiliate,29047,4213,134,40,1547.17
2017-06-08,CAMP0015,Instagram,15425,667,51,17,1818.7
2017-05-21,CAMP0030,Affiliate,51006,2352,364,117,865.53
2017-06-05,CAMP0015,Instagram,52556,4593,304,73,275.84
2018-03-15,CAMP0018,Instagram,25072,801,119,21,994.13
2018-03-06,CAMP0018,Instagram,7158,680,44,13,1560.7
2018-04-21,CAMP0025,Referral,51486,4884,818,90,1692.59
2017-08-22,CAMP0023,Facebook,13840,1084,80,8,935.46
2017-05-05,CAMP0019,Google Search,32830,4721,244,43,1261.3
2017-10-11,CAMP0012,Organic,29068,3588,638,60,647.99
2018-01-25,CAMP0024,Organic,12386,1778,64,11,937.36
2018-04-24,CAMP0014,Organic,58446,2533,269,77,1528.63
2017-06-02,CAMP0030,Affiliate,34785,1323,118,6,1829.72
2017-10-02,CAMP0012,Organic,66132,6258,475,125,806.77
2017-03-17,CAMP0002,Facebook,61212,3202,544,133,708.02
2018-03-11,CAMP0021,Referral,98839,13081,2263,761,1569.13
2017-11-10,CAMP0022,Referral,106444,15613,1178,356,1999.74
2018-05-03,CAMP0014,Organic,6495,780,122,24,646.17
2018-01-25,CAMP0024,Organic,33663,422,73,6,1147.27
2017-03-18,CAMP0002,Facebook,100126,8256,1140,370,1952.2
2017-08-31,CAMP0010,Affiliate,71594,3794,313,76,1340.92
2017-05-25,CAMP0015,Instagram,97145,4926,423,93,432.03
2017-11-14,CAMP0022,Referral,46515,5889,570,101,609.39
2018-05-13,CAMP0017,Email,101703,3087,369,84,486.6
2017-02-07,CAMP0009,Google Search,98731,5082,276,18,1114.79
2017-11-11,CAMP0022,Referral,72096,6962,408,46,181.38
2017-10-28,CAMP0006,Organic,62336,6661,305,43,1155.94
2018-03-14,CAMP0020,Google Search,80860,11948,841,73,1750.27
2017-08-25,CAMP0010,Affiliate,6879,792,60,7,1120.56
2017-12-15,CAMP0026,Affiliate,97761,12282,1188,97,1315.17
2017-10-05,CAMP0012,Organic,22342,1393,134,29,344.97
2017-07-26,CAMP0016,Email,5338,107,17,4,1811.53
2017-10-18,CAMP0006,Organic,69491,9456,962,98,134.83
2018-02-01,CAMP0004,Instagram,39123,2951,406,114,1698.44
2017-05-16,CAMP0029,Organic,17183,1460,202,34,1400.69
2018-04-27,CAMP0025,Referral,61579,7694,1360,388,1583.55
2018-02-19,CAMP0024,Organic,114843,14532,1811,411,1077.88
2017-08-20,CAMP0027,Affiliate,115322,12709,478,157,152.49
2017-08-23,CAMP0023,Facebook,20782,2747,245,15,1573.45
2017-08-04,CAMP0027,Affiliate,23662,1760,206,17,1914.56
2017-11-06,CAMP0011,Referral,40770,3891,162,23,312.58
2018-01-06,CAMP0013,Affiliate,62307,1625,179,60,1352.53
2018-03-02,CAMP0018,Instagram,80539,3278,153,51,1985.95
2017-07-30,CAMP0016,Email,95536,10944,812,57,612.77
2017-05-26,CAMP0015,Instagram,13079,1956,294,21,1468.79
2017-03-18,CAMP0002,Facebook,117325,14212,1309,267,781.01
2017-05-04,CAMP0019,Google Search,85126,3240,444,23,1569.72
2017-04-07,CAMP0002,Facebook,76950,11380,1814,599,1767.07
2017-09-04,CAMP0023,Facebook,39291,5203,771,123,1304.14
2017-08-30,CAMP0010,Affiliate,33625,1452,162,16,569.69
2017-12-05,CAMP0022,Referral,98844,10487,1448,504,1060.82
2017-08-23,CAMP0016,Email,96233,14344,2502,166,1662.65
2017-08-09,CAMP0016,Email,98976,11774,736,60,1380.21
2017-03-13,CAMP0002,Facebook,110847,3271,150,16,579.55
2017-11-17,CAMP0011,Referral,59170,4558,554,149,1135.72
2017-04-22,CAMP0019,Google Search,23733,1531,196,28,883.16
2018-04-14,CAMP0003,Facebook,19988,1022,83,5,327.3
2017-04-27,CAMP0029,Organic,62962,1574,89,31,796.45
2018-01-18,CAMP0013,Affiliate,111760,1564,183,30,1163.63
2017-06-03,CAMP0030,Affiliate,51667,6945,735,47,357.79
2017-09-17,CAMP0001,Affiliate,18296,725,83,4,773.96
2017-01-12,CAMP0007,Email,74751,6103,885,108,575.33
2017-07-28,CAMP0027,Affiliate,5758,623,58,8,766.2
2017-02-04,CAMP0009,Google Search,19370,2539,134,13,533.2
2018-04-18,CAMP0014,Organic,10378,600,34,5,524.57
2017-01-23,CAMP0007,Email,103828,6991,610,167,298.07
2017-11-02,CAMP0022,Referral,30496,1084,194,30,1682.6
2018-05-05,CAMP0014,Organic,90740,9465,466,91,1365.23
2018-01-04,CAMP0026,Affiliate,14776,153,21,5,1627.08
2018-05-02,CAMP0025,Referral,71948,5570,682,96,746.86
2017-06-08,CAMP0008,Instagram,50513,6935,935,183,1844.55
2018-01-10,CAMP0004,Instagram,103712,2099,195,63,1504.19
2018-05-15,CAMP0014,Organic,54225,1714,224,76,329.94
2017-03-14,CAMP0002,Facebook,10285,452,78,4,1302.27
2017-08-25,CAMP0016,Email,95560,2579,114,25,269.05
2017-08-23,CAMP0028,Facebook,115618,16052,2668,291,551.61
2018-04-03,CAMP0005,Affiliate,95823,5564,893,180,1086.54
2017-01-27,CAMP0009,Google Search,38785,3463,124,27,354.99
2018-02-14,CAMP0024,Organic,6551,599,38,8,500.06
2017-05-13,CAMP0029,Organic,15785,2160,288,74,620.48
2018-03-11,CAMP0021,Referral,57949,5417,707,203,1369.45
2017-09-23,CAMP0012,Organic,87407,12627,1387,287,73.75
2018-04-29,CAMP0003,Facebook,77972,11570,1502,515,650.94
2018-04-23,CAMP0025,Referral,105162,12299,496,107,278.12
2018-02-28,CAMP0021,Referral,83871,3851,568,35,1411.69
2018-03-14,CAMP0018,Instagram,104380,1724,159,44,262.07
2018-05-05,CAMP0014,Organic,45207,5504,397,88,120.66
2017-11-11,CAMP0022,Referral,71212,4659,720,218,1985.1
2018-05-08,CAMP0014,Organic,8568,227,24,4,1391.25
2017-08-02,CAMP0028,Facebook,86983,6589,1050,228,1146.87
2017-08-29,CAMP0010,Affiliate,75730,1331,80,10,1099.9
2018-05-08,CAMP0014,Organic,26697,2219,145,14,976.9
2017-08-25,CAMP0028,Facebook,91533,10123,1763,516,1638.94
2017-10-17,CAMP0006,Organic,56097,5617,735,116,1309.86
2018-05-13,CAMP0014,Organic,29667,1931,90,12,558.93
2017-10-23,CAMP0006,Organic,60984,6654,936,93,894.54
2018-03-05,CAMP0021,Referral,14333,1867,86,9,445.98
2018-02-18,CAMP0024,Organic,97880,14102,2359,580,70.87
2017-08-17,CAMP0027,Affiliate,45161,6761,202,65,477.23
2018-01-23,CAMP0024,Organic,79012,2263,142,36,1663.21
2018-04-11,CAMP0014,Organic,103685,15294,1297,288,626.12
2017-08-10,CAMP0027,Affiliate,48687,5203,663,163,651.78
2018-04-12,CAMP0018,Instagram,108795,5102,530,138,1567.26
2017-12-15,CAMP0026,Affiliate,69339,5783,1027,52,1458.77
2018-04-05,CAMP0003,Facebook,5106,699,37,4,1848.85
2018-03-31,CAMP0020,Google Search,103483,15186,2712,789,612.02
2018-02-27,CAMP0024,Organic,105840,15832,695,65,1686.67
2017-08-18,CAMP0028,Facebook,87570,1902,138,47,1293.44
2017-09-01,CAMP0023,Facebook,57632,848,85,20,1475.03
2018-05-01,CAMP0014,Organic,95400,11856,365,99,997.88
2018-05-08,CAMP0025,Referral,29143,363,50,16,1787.37
2017-10-30,CAMP0022,Referral,18241,411,72,10,390.97
2017-12-11,CAMP0022,Referral,43959,5492,529,136,1250.32
2017-06-01,CAMP0030,Affiliate,68257,5492,193,12,1702.33
2018-05-02,CAMP0025,Referral,29907,3881,280,56,1283.84
2018-05-09,CAMP0017,Email,39728,2465,106,36,1843.43
2018-05-11,CAMP0025,Referral,89412,13250,731,106,764.36
2017-08-10,CAMP0027,Affiliate,34428,1775,182,42,278.26
2017-08-09,CAMP0016,Email,103664,11507,1159,282,1951.95
2017-06-03,CAMP0030,Affiliate,89429,11179,978,177,888.78
2017-05-24,CAMP0030,Affiliate,73079,5096,316,43,523.53
2017-08-11,CAMP0027,Affiliate,87161,5360,941,128,1550.71
2018-01-01,CAMP0013,Affiliate,32809,4638,184,14,406.16
2018-01-14,CAMP0013,Affiliate,94067,1302,161,28,1002.55
2017-04-26,CAMP0019,Google Search,11262,1190,181,43,678.24
2017-08-24,CAMP0010,Affiliate,57148,1628,50,8,1614.33
2017-08-18,CAMP0027,Affiliate,47146,3987,508,71,272.64
2017-10-06,CAMP0012,Organic,39783,5031,709,178,1738.16
2018-02-12,CAMP0024,Organic,91739,7873,734,205,882.01
2017-03-24,CAMP0002,Facebook,109017,12799,1566,490,1135.37
2017-08-12,CAMP0028,Facebook,22680,664,73,8,1508.87
2017-04-29,CAMP0029,Organic,14965,1347,215,53,1759.03
2017-12-08,CAMP0022,Referral,69344,8509,645,157,678.96
2017-08-12,CAMP0028,Facebook,32010,1267,191,59,784.41
2017-07-29,CAMP0027,Affiliate,76692,11272,1409,471,115.15
2018-03-02,CAMP0021,Referral,22520,1083,42,6,670.22
2017-10-30,CAMP0006,Organic,80728,3719,264,52,1457.25
2017-09-05,CAMP0010,Affiliate,101036,12182,1251,367,132.7
2018-05-08,CAMP0014,Organic,100989,7303,750,119,944.68
2017-09-29,CAMP0012,Organic,22494,2323,262,70,1933.72
2017-06-16,CAMP0008,Instagram,109817,14125,673,229,1149.89
2018-01-13,CAMP0004,Instagram,58135,5355,323,31,103.64
2017-08-01,CAMP0027,Affiliate,17921,815,134,30,267.34
2017-08-13,CAMP0027,Affiliate,117858,2568,137,27,489.03
2017-06-06,CAMP0015,Instagram,81023,9355,848,44,1020.76
2017-05-06,CAMP0029,Organic,12353,146,13,3,1316.9
2017-09-07,CAMP0023,Facebook,65408,1446,202,42,1033.41
2017-08-16,CAMP0028,Facebook,39227,599,78,4,557.82
2017-03-30,CAMP0002,Facebook,90921,4502,176,59,398.9
2018-05-21,CAMP0017,Email,48257,3667,597,162,1947.92
2018-03-30,CAMP0018,Instagram,114996,15306,763,208,141.09
2018-05-08,CAMP0014,Organic,84247,4240,345,60,941.81
2017-12-31,CAMP0013,Affiliate,79227,5417,386,33,1351.41
2017-09-06,CAMP0010,Affiliate,72415,3282,124,32,152.27
2018-04-22,CAMP0005,Affiliate,72794,10430,467,106,1449.75
2017-06-02,CAMP0015,Instagram,102421,6385,343,27,1870.54
2017-05-21,CAMP0030,Affiliate,76535,3184,475,124,1643.78
2017-04-14,CAMP0029,Organic,35565,732,70,19,1270.89
2017-10-07,CAMP0012,Organic,65025,3068,338,88,1359.84
2018-04-29,CAMP0003,Facebook,33737,3555,351,112,1812.47
2018-04-05,CAMP0018,Instagram,28652,517,60,6,1845.89
2018-03-04,CAMP0018,Instagram,91049,1315,137,25,1890.88
2018-04-24,CAMP0014,Organic,68821,9259,1437,280,1814.77
2017-05-17,CAMP0029,Organic,89687,4219,236,70,1227.06
2017-09-07,CAMP0010,Affiliate,113294,1341,104,25,578.07
2018-01-07,CAMP0013,Affiliate,35193,4779,374,113,867.52
2017-01-20,CAMP0007,Email,115495,13713,927,173,342.59
2018-01-30,CAMP0004,Instagram,38630,3696,575,187,263.24
2017-02-07,CAMP0009,Google Search,60139,1367,174,50,583.58
2017-04-05,CAMP0019,Google Search,24652,1809,283,71,1050.0
2018-01-13,CAMP0013,Affiliate,65765,3396,378,33,1367.61
2017-04-24,CAMP0029,Organic,9034,326,11,0,1282.67
2018-03-01,CAMP0024,Organic,86898,7618,864,95,1073.2
2017-08-06,CAMP0027,Affiliate,17589,590,92,16,855.71
2018-05-18,CAMP0017,Email,94812,9875,338,30,1279.07
2018-01-27,CAMP0004,Instagram,98057,3538,359,97,1047.13
2017-08-04,CAMP0027,Affiliate,5102,693,48,9,1489.93
2018-03-16,CAMP0005,Affiliate,73607,966,116,9,564.41
2018-01-24,CAMP0004,Instagram,104595,5042,330,113,1765.13
2017-01-11,CAMP0009,Google Search,46309,4705,546,114,127.88
2017-06-05,CAMP0015,Instagram,75148,11210,1871,521,412.22
2018-05-08,CAMP0025,Referral,77703,813,139,33,967.83
2018-04-28,CAMP0017,Email,89361,5261,854,115,1973.0
2018-03-28,CAMP0005,Affiliate,18416,2274,185,56,646.08
2018-05-11,CAMP0014,Organic,25954,615,109,25,623.87
2018-05-04,CAMP0014,Organic,95690,12938,2191,460,1773.49
2018-02-06,CAMP0024,Organic,90929,12883,1938,599,672.66
2018-05-23,CAMP0017,Email,15633,783,37,12,933.63
2018-04-17,CAMP0005,Affiliate,37105,3551,246,84,1153.56
2017-05-25,CAMP0015,Instagram,62248,4520,375,50,1006.61
2017-08-21,CAMP0028,Facebook,73613,6546,796,139,1087.44
2018-02-12,CAMP0024,Organic,79994,11978,501,128,844.76
2017-08-23,CAMP0028,Facebook,101888,9373,1044,137,1941.91
2018-01-26,CAMP0024,Organic,114316,5205,818,160,335.71
2017-01-24,CAMP0007,Email,11980,1216,50,15,1123.25
2017-07-29,CAMP0016,Email,68311,9549,1140,375,1934.41
2017-11-02,CAMP0022,Referral,12622,1301,222,38,136.31
2017-08-14,CAMP0023,Facebook,7830,1126,71,10,923.06
2018-03-23,CAMP0018,Instagram,38519,1211,85,5,1653.61
2017-10-19,CAMP0006,Organic,101048,13656,621,93,1559.03
2017-12-30,CAMP0013,Affiliate,87817,5275,684,187,1936.06
2017-08-04,CAMP0027,Affiliate,24274,1929,73,13,403.41
2017-09-22,CAMP0001,Affiliate,36029,3600,470,46,543.7
2018-04-11,CAMP0018,Instagram,52437,1117,127,38,1031.42
2018-01-13,CAMP0013,Affiliate,39879,696,51,4,1484.33
2017-01-31,CAMP0009,Google Search,109586,16079,1950,471,1199.28
2018-05-13,CAMP0017,Email,36417,4398,298,101,1986.12
2018-01-25,CAMP0024,Organic,67695,873,142,11,599.31
2017-08-10,CAMP0023,Facebook,32728,1907,177,47,290.45
2018-02-23,CAMP0024,Organic,45154,563,18,3,1365.78
2017-07-31,CAMP0027,Affiliate,26573,2021,341,87,790.3
2017-12-31,CAMP0013,Affiliate,72533,2698,365,32,1179.05
2018-03-04,CAMP0018,Instagram,80661,2841,451,97,1877.44
2018-03-29,CAMP0018,Instagram,90339,9506,382,85,430.84
2017-12-30,CAMP0026,Affiliate,34891,669,86,5,947.41
2017-06-14,CAMP0008,Instagram,59021,5460,260,36,1441.54
2018-04-29,CAMP0003,Facebook,107837,5929,947,69,327.15
2017-08-02,CAMP0027,Affiliate,98131,8861,1161,142,1558.19
2017-11-07,CAMP0011,Referral,40053,4866,388,76,1977.17
2017-08-07,CAMP0016,Email,76086,10856,1839,135,457.79
2017-08-16,CAMP0016,Email,59672,2960,362,124,1957.93
2018-04-19,CAMP0014,Organic,27006,2879,116,33,1130.12
2018-04-21,CAMP0003,Facebook,116158,9044,689,161,72.1
2018-04-06,CAMP0020,Google Search,96537,6025,339,71,851.63
2018-04-27,CAMP0025,Referral,44077,1453,194,58,574.11
2017-10-30,CAMP0006,Organic,110139,9819,609,133,1352.82
2017-01-22,CAMP0007,Email,103578,3677,339,73,189.65
2018-04-19,CAMP0014,Organic,105075,12187,1021,353,723.91
2018-01-03,CAMP0013,Affiliate,32344,4649,822,80,1779.33
2017-12-17,CAMP0026,Affiliate,69299,836,90,12,1111.0
2018-03-31,CAMP0018,Instagram,90871,7909,968,249,410.31
2017-08-23,CAMP0016,Email,39547,2420,211,73,442.01
2017-06-07,CAMP0030,Affiliate,21388,2397,244,20,540.34
2018-02-01,CAMP0024,Organic,91385,6962,353,113,70.95
2017-06-01,CAMP0008,Instagram,111133,13353,1260,341,1624.08
2017-03-13,CAMP0002,Facebook,59491,6296,1003,186,1802.83
2017-10-30,CAMP0006,Organic,28890,1831,292,68,445.55
2017-11-29,CAMP0022,Referral,40603,4895,749,46,1123.99
2017-04-14,CAMP0029,Organic,50333,2628,178,59,1108.97
2017-04-04,CAMP0002,Facebook,20010,2367,91,18,803.13
2017-08-15,CAMP0027,Affiliate,110860,10264,1365,376,1115.74
2018-05-22,CAMP0017,Email,47023,2675,429,143,1671.98
2017-08-24,CAMP0016,Email,95712,7347,329,26,1788.22
2018-04-17,CAMP0003,Facebook,61325,2636,265,73,799.31
2017-08-08,CAMP0028,Facebook,46654,1808,58,5,820.24
2018-03-07,CAMP0021,Referral,57905,1610,209,25,1865.88
2017-08-16,CAMP0028,Facebook,82281,7226,868,56,1568.71
2017-11-08,CAMP0011,Referral,80829,2057,65,13,1425.94
2018-01-03,CAMP0026,Affiliate,49853,6664,389,73,1950.81
2017-08-12,CAMP0028,Facebook,96428,7669,776,255,1236.4
2018-01-03,CAMP0026,Affiliate,60352,6935,229,20,1171.76
2018-02-20,CAMP0004,Instagram,89041,9134,1212,273,299.42
2017-06-08,CAMP0030,Affiliate,47630,5312,686,55,509.25
2017-01-08,CAMP0007,Email,98748,5489,877,103,1026.14
2017-06-11,CAMP0008,Instagram,100736,10208,716,132,761.42
2017-08-23,CAMP0016,Email,96409,11328,1227,273,1048.91
2018-02-09,CAMP0024,Organic,58840,5772,588,87,1887.69
2017-06-11,CAMP0008,Instagram,88092,5636,558,74,673.27
2017-08-27,CAMP0023,Facebook,77940,3243,239,81,451.11
2017-03-14,CAMP0002,Facebook,13614,859,93,19,484.17
2018-04-05,CAMP0003,Facebook,90449,11878,1708,274,1904.44
2018-01-01,CAMP0026,Affiliate,18873,1405,57,12,1558.4
2018-01-03,CAMP0013,Affiliate,43136,616,65,22,328.73
2017-09-20,CAMP0012,Organic,15792,1649,188,40,1747.12
2017-01-03,CAMP0007,Email,106240,1472,134,13,1034.72
2017-10-28,CAMP0006,Organic,108871,1700,249,82,1721.83
2018-04-27,CAMP0003,Facebook,38824,3893,240,40,1159.47
2017-04-02,CAMP0002,Facebook,68318,4423,298,25,124.24
2017-06-05,CAMP0008,Instagram,24722,2670,336,45,338.97
2017-09-28,CAMP0012,Organic,9848,907,134,12,1701.08
2017-12-14,CAMP0026,Affiliate,32929,839,72,24,1240.36
2017-08-07,CAMP0027,Affiliate,100484,5066,519,53,239.79
2018-04-20,CAMP0005,Affiliate,115669,16881,2097,451,1717.56
2017-05-27,CAMP0015,Instagram,48239,5631,430,22,158.06
2018-05-07,CAMP0025,Referral,91335,1712,149,43,611.07
2018-03-21,CAMP0020,Google Search,75648,9435,1552,148,593.0
2018-05-18,CAMP0025,Referral,50442,1450,220,14,1220.88
2017-03-26,CAMP0002,Facebook,48429,2108,250,66,1345.34
2018-03-12,CAMP0021,Referral,61193,3949,291,52,1417.55
2018-01-16,CAMP0013,Affiliate,56430,7570,1155,240,777.43
2017-08-31,CAMP0023,Facebook,94960,14110,449,39,1089.54
2018-05-01,CAMP0003,Facebook,30899,1139,88,8,98.13
2018-01-19,CAMP0004,Instagram,30072,779,67,19,73.53
2017-08-10,CAMP0016,Email,20606,519,85,17,347.18
2017-11-08,CAMP0011,Referral,112738,8183,649,109,1863.58
2017-04-12,CAMP0019,Google Search,73349,2051,287,64,458.99
2018-04-13,CAMP0003,Facebook,43446,3701,143,34,1480.04
2018-01-31,CAMP0024,Organic,18147,1617,123,28,693.32
2017-12-28,CAMP0026,Affiliate,114267,13931,1164,197,789.87
2017-09-21,CAMP0012,Organic,19740,2557,244,50,553.12
2017-04-30,CAMP0029,Organic,96520,13723,2130,321,651.22
2017-03-27,CAMP0002,Facebook,72680,4957,801,254,327.48
2018-05-18,CAMP0025,Referral,26114,3221,156,51,207.53
2017-04-10,CAMP0029,Organic,11933,1568,63,7,226.67
2017-08-26,CAMP0010,Affiliate,9150,496,83,7,383.96
2017-05-21,CAMP0030,Affiliate,77040,872,96,30,1733.25
2017-11-16,CAMP0011,Referral,47682,4917,581,61,1051.47
2017-06-20,CAMP0008,Instagram,80992,4694,472,75,1605.25
2017-06-04,CAMP0030,Affiliate,97848,4736,794,239,1231.73
2018-05-08,CAMP0014,Organic,102906,1631,145,33,145.93
2017-01-07,CAMP0007,Email,46464,3785,298,48,1655.22
2018-01-05,CAMP0013,Affiliate,115398,1739,57,7,504.97
2018-05-02,CAMP0025,Referral,77249,6662,325,52,799.18
2017-01-04,CAMP0007,Email,19621,612,84,18,1055.31
2018-05-11,CAMP0025,Referral,47731,3068,532,54,843.22
2017-08-21,CAMP0027,Affiliate,100129,6382,674,160,1453.01
2018-04-19,CAMP0014,Organic,42372,3700,534,54,429.54
2017-12-29,CAMP0026,Affiliate,116505,17163,1275,248,154.45
2017-12-10,CAMP0022,Referral,88700,2158,134,45,771.06
2018-04-09,CAMP0005,Affiliate,98073,11280,1232,375,225.1
2017-04-21,CAMP0019,Google Search,29918,2472,393,53,1370.02
2018-04-22,CAMP0025,Referral,19462,492,52,13,1447.46
2018-05-13,CAMP0017,Email,58035,3759,310,48,131.64
2018-01-22,CAMP0004,Instagram,18724,1325,161,33,1379.5
2018-04-19,CAMP0005,Affiliate,17131,2260,115,9,1155.78
2017-11-10,CAMP0011,Referral,96311,1568,174,57,1870.18
2018-01-30,CAMP0024,Organic,8386,253,20,1,371.33
2017-05-31,CAMP0015,Instagram,52816,6198,627,128,1405.06
2017-08-21,CAMP0010,Affiliate,103102,12988,2017,666,688.13
2018-01-07,CAMP0013,Affiliate,111425,2935,172,37,235.64
2017-12-19,CAMP0026,Affiliate,94155,7466,1185,200,1992.63
2017-07-28,CAMP0016,Email,90824,1274,127,30,169.16
2018-03-05,CAMP0020,Google Search,109768,6044,453,139,1089.83
2018-05-24,CAMP0017,Email,98534,1957,233,38,1113.41
2017-04-24,CAMP0019,Google Search,34786,498,52,14,1899.77
2017-05-23,CAMP0015,Instagram,32748,4409,754,84,403.56
2017-04-21,CAMP0019,Google Search,42457,6036,902,235,933.07
2017-10-03,CAMP0012,Organic,71715,7351,842,59,1373.84
2018-03-15,CAMP0020,Google Search,110659,14707,1759,298,310.11
2017-01-29,CAMP0009,Google Search,73261,5362,516,164,567.59
2018-04-20,CAMP0025,Referral,68893,1946,111,30,415.36
2018-03-23,CAMP0005,Affiliate,34020,630,37,8,370.44
2017-06-08,CAMP0030,Affiliate,38165,5356,484,25,910.97
2017-06-03,CAMP0008,Instagram,110326,8484,688,233,147.12
2018-02-21,CAMP0004,Instagram,113158,5760,741,109,781.32
2017-03-23,CAMP0002,Facebook,87045,3187,237,25,1109.12
2017-06-11,CAMP0008,Instagram,64039,5189,434,135,1282.78
2017-08-18,CAMP0016,Email,15105,1740,295,98,483.87
2018-04-06,CAMP0005,Affiliate,25988,3091,455,60,1362.62
2017-09-11,CAMP0010,Affiliate,26691,1946,232,56,1810.83
2017-08-18,CAMP0027,Affiliate,40371,1708,288,98,490.86
2018-04-21,CAMP0003,Facebook,118364,4796,839,226,1934.96
2017-11-10,CAMP0022,Referral,79717,9134,1151,212,1153.66
2017-03-12,CAMP0002,Facebook,85438,7592,1294,151,295.19
2017-06-16,CAMP0008,Instagram,16098,375,58,7,1976.06
2018-02-28,CAMP0024,Organic,83485,1462,179,32,1430.98
2017-08-27,CAMP0023,Facebook,28581,1772,60,11,1834.23
2018-05-08,CAMP0017,Email,91634,1540,147,35,508.25
2018-01-19,CAMP0013,Affiliate,108862,2313,312,78,1060.89
2017-11-13,CAMP0011,Referral,104222,14693,477,126,1464.65
2018-01-27,CAMP0004,Instagram,79269,8722,1507,90,656.64
2017-08-12,CAMP0028,Facebook,12461,846,81,7,338.44
2017-01-17,CAMP0009,Google Search,59881,7260,1178,160,478.28
2017-08-19,CAMP0016,Email,5496,106,5,0,1371.05
2017-10-16,CAMP0006,Organic,44617,3781,360,70,340.7
2017-10-21,CAMP0006,Organic,89519,7250,750,95,1043.04
2017-01-26,CAMP0009,Google Search,53867,7153,1048,358,167.87
2017-12-31,CAMP0026,Affiliate,17134,1895,165,39,1053.49
2017-11-13,CAMP0022,Referral,63420,6568,824,234,1619.76
2018-03-16,CAMP0005,Affiliate,30454,2669,101,8,360.76
2017-04-10,CAMP0029,Organic,78808,4779,374,57,613.38
2017-05-27,CAMP0030,Affiliate,33036,3899,249,22,1357.22
2018-01-12,CAMP0013,Affiliate,30228,2237,206,46,1576.95
2017-05-22,CAMP0030,Affiliate,57979,1280,64,12,1068.89
2017-08-07,CAMP0016,Email,52216,5066,883,88,447.52
2017-05-02,CAMP0019,Google Search,76087,2374,324,56,1556.07
2017-10-06,CAMP0012,Organic,64250,9376,1385,92,668.98
2017-01-16,CAMP0007,Email,106865,12584,1631,253,583.11
2017-09-09,CAMP0023,Facebook,28876,3204,199,62,1256.85
2018-03-06,CAMP0021,Referral,48276,2017,138,29,1717.13
2018-03-16,CAMP0005,Affiliate,62221,6662,808,71,958.73
2018-03-18,CAMP0020,Google Search,24659,1535,96,18,568.03
2017-05-30,CAMP0030,Affiliate,54737,4853,581,147,1628.22
2018-04-05,CAMP0003,Facebook,74138,5511,462,44,1997.64
2018-05-01,CAMP0014,Organic,14476,1587,159,31,103.92
2017-08-19,CAMP0023,Facebook,41826,4430,508,154,1637.36
2018-01-10,CAMP0004,Instagram,109719,2246,284,95,513.8
2017-10-25,CAMP0006,Organic,108944,2197,207,31,1279.95
2017-09-26,CAMP0012,Organic,56191,959,73,8,1368.73
2017-11-16,CAMP0011,Referral,67230,6108,500,136,1235.83
2018-04-20,CAMP0005,Affiliate,90313,6572,552,107,1944.11
2017-08-03,CAMP0027,Affiliate,111014,15593,2245,389,715.83
2018-01-12,CAMP0013,Affiliate,118352,15000,647,137,412.6
2017-01-24,CAMP0009,Google Search,84266,4604,721,132,384.97
2017-01-17,CAMP0007,Email,67634,5534,436,26,1199.55
2018-05-16,CAMP0025,Referral,102912,10330,1521,404,200.12
2017-08-20,CAMP0028,Facebook,12684,704,33,7,895.33
2017-11-10,CAMP0011,Referral,64472,7824,1157,341,110.32
2017-06-06,CAMP0030,Affiliate,7970,599,18,3,407.44
2017-04-12,CAMP0029,Organic,112421,14509,780,73,1560.05
2017-06-12,CAMP0008,Instagram,15480,2317,269,90,494.65
2018-03-26,CAMP0020,Google Search,69234,9335,575,175,929.15
2017-12-02,CAMP0022,Referral,24011,1086,46,11,1184.76
2018-03-02,CAMP0018,Instagram,8564,940,40,12,1304.28
2018-04-12,CAMP0005,Affiliate,25774,1757,205,20,402.17
2017-06-06,CAMP0008,Instagram,69822,4355,269,24,1899.07
2017-12-29,CAMP0013,Affiliate,58487,7745,497,30,1243.92
2017-04-07,CAMP0002,Facebook,21107,1239,78,6,1800.88
2018-01-14,CAMP0004,Instagram,24874,2041,82,22,1052.67
2017-08-01,CAMP0016,Email,7427,1074,97,24,1342.48
2017-12-14,CAMP0026,Affiliate,33741,477,46,14,1234.08
2018-03-10,CAMP0020,Google Search,69387,10103,1207,258,1195.95
2017-01-08,CAMP0007,Email,11949,145,12,1,1669.42
2017-08-17,CAMP0016,Email,45497,3006,530,42,165.18
2018-03-06,CAMP0018,Instagram,80511,919,140,26,1887.1
2017-06-02,CAMP0015,Instagram,66207,3409,260,89,1937.65
2017-10-30,CAMP0022,Referral,62211,8152,1302,448,1790.6
2017-12-31,CAMP0026,Affiliate,118086,8203,984,92,368.06
2017-08-20,CAMP0010,Affiliate,65548,5074,641,95,1039.24
2018-04-22,CAMP0003,Facebook,90172,3100,546,74,900.61
2017-08-19,CAMP0010,Affiliate,75428,7318,616,196,518.41
2017-04-15,CAMP0019,Google Search,53559,7709,438,44,1769.38
2017-01-25,CAMP0007,Email,52440,4767,601,129,1570.92
2017-11-05,CAMP0011,Referral,100371,10918,922,163,1287.39
2017-01-11,CAMP0007,Email,59932,1140,88,22,165.5
2017-10-18,CAMP0006,Organic,58037,1520,216,41,299.82
2017-09-09,CAMP0010,Affiliate,32819,4409,383,107,406.72
2017-01-22,CAMP0007,Email,62557,9313,1369,267,1689.27
2017-08-19,CAMP0028,Facebook,13423,741,129,13,1498.72
2018-05-15,CAMP0025,Referral,65095,3310,321,57,1787.53
2018-03-28,CAMP0018,Instagram,31948,3731,493,32,1350.99
2018-01-25,CAMP0024,Organic,8511,986,156,51,89.11
2017-08-12,CAMP0016,Email,5910,570,29,6,734.11
2017-10-06,CAMP0012,Organic,59453,3820,417,59,792.9
2017-09-10,CAMP0010,Affiliate,90599,6859,346,57,1350.67
2017-06-17,CAMP0008,Instagram,42418,4987,196,16,1192.62
2017-08-10,CAMP0016,Email,28156,349,50,8,1571.4
2017-09-28,CAMP0012,Organic,113005,8172,937,270,540.29
2018-04-30,CAMP0003,Facebook,39202,3364,242,41,772.16
2017-05-22,CAMP0030,Affiliate,55934,6092,669,182,1702.24
2017-06-03,CAMP0008,Instagram,22098,3038,119,6,765.88
2017-10-16,CAMP0006,Organic,48372,1721,78,16,520.82
2017-06-03,CAMP0030,Affiliate,62217,5389,723,171,1620.63
2017-10-24,CAMP0006,Organic,27350,2180,281,20,985.44
2018-03-17,CAMP0020,Google Search,91988,1834,78,15,1310.28
2017-06-10,CAMP0015,Instagram,17769,1960,229,60,1852.21
2017-07-29,CAMP0027,Affiliate,117890,9538,1333,223,1548.88
2018-02-18,CAMP0004,Instagram,93354,4195,273,27,971.71
2017-08-21,CAMP0010,Affiliate,97577,8678,702,174,1811.53
2017-10-29,CAMP0022,Referral,98841,11242,1009,340,979.4
2018-03-22,CAMP0018,Instagram,83915,8684,865,80,1492.12
2017-07-28,CAMP0027,Affiliate,13545,614,97,24,1996.41
2018-05-06,CAMP0025,Referral,40771,5113,817,227,1691.4
2017-01-14,CAMP0009,Google Search,94037,5220,490,156,1313.2
2018-02-24,CAMP0024,Organic,72204,6601,843,131,937.09
2017-04-14,CAMP0019,Google Search,76500,3988,313,64,1189.54
2017-05-06,CAMP0019,Google Search,85992,9503,915,153,1140.16
2017-05-04,CAMP0019,Google Search,109005,3931,388,74,431.79
2017-01-29,CAMP0007,Email,118644,1220,150,16,1827.76
2018-04-15,CAMP0003,Facebook,90241,5381,841,156,1077.35
2017-09-16,CAMP0001,Affiliate,98067,6703,310,32,1690.68
2017-08-08,CAMP0027,Affiliate,21063,1566,266,58,1911.63
2017-06-10,CAMP0030,Affiliate,117392,10576,918,131,1195.64
2017-08-14,CAMP0023,Facebook,90820,9994,1777,487,1923.36
2017-01-15,CAMP0007,Email,86175,5324,540,174,1467.5
2017-11-18,CAMP0022,Referral,100913,5646,496,79,1680.98
2017-08-19,CAMP0023,Facebook,85055,9417,1430,257,1912.47
2017-11-14,CAMP0011,Referral,48515,5740,795,120,1995.04
2017-01-29,CAMP0007,Email,21492,1994,257,60,887.11
2018-01-23,CAMP0004,Instagram,76867,1238,84,16,1663.71
2017-11-14,CAMP0022,Referral,33247,776,83,22,160.77
2018-04-09,CAMP0018,Instagram,98478,12840,2170,136,73.18
2017-04-03,CAMP0019,Google Search,9148,698,49,16,1423.41
2017-02-03,CAMP0009,Google Search,103926,11051,777,193,297.48
2017-02-04,CAMP0009,Google Search,35497,4597,612,145,1593.55
2017-11-28,CAMP0022,Referral,116946,16935,2803,253,1269.91
2018-05-01,CAMP0014,Organic,92418,4072,432,61,1196.92
2017-09-04,CAMP0023,Facebook,116778,15338,2064,217,529.2
2017-10-21,CAMP0006,Organic,66140,3447,153,33,179.13
2017-08-22,CAMP0010,Affiliate,56303,7835,488,96,1295.92
2017-06-07,CAMP0008,Instagram,85931,6377,814,230,220.92
2017-04-10,CAMP0029,Organic,69871,7290,1041,92,242.42
2017-09-21,CAMP0001,Affiliate,65709,6277,739,91,273.56
2018-04-15,CAMP0014,Organic,52672,7117,531,104,1844.28
2018-05-08,CAMP0014,Organic,111824,10438,1811,378,1679.76
2017-04-29,CAMP0019,Google Search,84769,3390,580,159,491.81
2017-04-03,CAMP0002,Facebook,41600,4106,394,120,1012.68
2018-03-14,CAMP0005,Affiliate,55363,6171,693,180,504.45
2018-03-26,CAMP0005,Affiliate,14416,841,116,33,129.7
2017-01-12,CAMP0007,Email,10219,787,85,17,761.36
2017-10-07,CAMP0012,Organic,24759,1087,180,56,1711.07
2018-05-04,CAMP0014,Organic,101924,7149,873,292,309.3
2017-06-01,CAMP0008,Instagram,27952,3264,558,29,963.81
2017-05-23,CAMP0030,Affiliate,14373,740,82,6,458.46
2018-04-26,CAMP0017,Email,20794,1418,60,9,1742.65
2017-12-25,CAMP0026,Affiliate,110478,5084,272,26,1671.69
2017-05-21,CAMP0015,Instagram,5522,354,63,4,843.43
2018-05-01,CAMP0003,Facebook,104805,4949,815,118,845.26
2017-06-02,CAMP0015,Instagram,43282,462,40,8,1175.71
2018-04-15,CAMP0025,Referral,42545,1294,122,42,1510.07
2017-01-21,CAMP0009,Google Search,41644,5438,876,81,1227.36
2018-04-02,CAMP0018,Instagram,90205,1158,130,39,1376.35
2017-01-10,CAMP0007,Email,14145,331,55,5,1966.95
2017-08-22,CAMP0010,Affiliate,72168,3561,315,95,419.96
2018-02-03,CAMP0004,Instagram,9086,461,72,24,987.41
2017-09-11,CAMP0001,Affiliate,12957,1835,306,40,1660.79
2017-08-22,CAMP0028,Facebook,56840,725,121,36,904.5
2017-12-03,CAMP0022,Referral,44510,1972,173,31,1207.68
2018-04-16,CAMP0003,Facebook,41046,5086,684,216,232.91
2018-01-28,CAMP0024,Organic,36743,5191,173,10,328.81
2017-10-23,CAMP0006,Organic,99006,3308,373,92,1222.57
2017-03-14,CAMP0002,Facebook,70668,3789,547,79,1365.97
2018-03-09,CAMP0020,Google Search,110622,2848,250,43,208.59
2018-01-01,CAMP0026,Affiliate,87985,9368,1001,231,143.94
2018-04-13,CAMP0005,Affiliate,46092,839,58,4,1867.02
2017-01-06,CAMP0007,Email,93749,3748,150,39,709.42
2017-04-07,CAMP0002,Facebook,20058,1718,195,17,853.95
2017-05-31,CAMP0015,Instagram,57067,5712,689,157,515.81
2017-04-04,CAMP0002,Facebook,72385,10417,1275,270,1942.22
2017-05-26,CAMP0015,Instagram,57242,2684,288,24,652.99
2017-08-17,CAMP0016,Email,113916,16319,2750,570,1990.36
2017-08-23,CAMP0023,Facebook,105837,13039,1175,148,526.2
2018-05-18,CAMP0025,Referral,83209,4391,222,45,84.34
2017-08-22,CAMP0016,Email,87537,5835,776,262,242.03
2018-01-25,CAMP0004,Instagram,95427,14131,1623,516,1244.04
2018-05-04,CAMP0017,Email,103804,3872,613,77,251.63
2017-08-16,CAMP0027,Affiliate,9748,529,21,1,1556.74
2018-04-10,CAMP0014,Organic,111515,12033,943,225,1922.2
2017-08-06,CAMP0027,Affiliate,116697,14353,1837,518,90.85
2017-03-31,CAMP0002,Facebook,58052,6046,858,170,960.09
2017-04-07,CAMP0002,Facebook,117289,14517,1738,227,1492.39
2018-01-28,CAMP0004,Instagram,102833,1747,287,95,862.02
2018-01-22,CAMP0024,Organic,20035,2371,184,29,104.47
2017-10-31,CAMP0006,Organic,12634,1219,166,46,1585.91
2017-04-08,CAMP0019,Google Search,102625,8409,635,68,329.81
2018-05-11,CAMP0025,Referral,63187,8937,1311,107,781.84
2018-04-05,CAMP0018,Instagram,6557,770,29,6,1599.72
2017-06-05,CAMP0030,Affiliate,73608,2944,118,14,1276.8
2018-04-02,CAMP0003,Facebook,80217,902,70,6,672.14
2018-03-05,CAMP0018,Instagram,48030,4013,502,137,403.54
2017-09-16,CAMP0001,Affiliate,116994,13225,1392,206,110.47
2018-04-30,CAMP0003,Facebook,85787,11937,815,210,70.92
2018-03-09,CAMP0020,Google Search,116301,8457,1496,276,1617.6
2017-08-21,CAMP0028,Facebook,78355,8047,359,93,1809.89
2018-02-27,CAMP0024,Organic,49744,7155,674,109,1009.55
2018-04-27,CAMP0017,Email,80722,1594,250,34,1357.0
2018-02-20,CAMP0004,Instagram,56159,4610,680,222,573.68
2017-04-23,CAMP0029,Organic,48358,5102,658,141,1170.47
2017-08-24,CAMP0023,Facebook,106775,12724,948,238,789.72
2017-11-06,CAMP0011,Referral,46710,2493,375,26,1190.23
2017-12-26,CAMP0026,Affiliate,113710,14673,616,51,1164.38
2017-06-10,CAMP0030,Affiliate,14897,521,62,9,1175.95
2017-06-06,CAMP0030,Affiliate,40191,2436,373,43,330.77
2018-03-04,CAMP0018,Instagram,61081,1196,197,51,104.49
2017-06-01,CAMP0030,Affiliate,80084,6205,508,96,1638.25
2017-11-07,CAMP0011,Referral,79651,3131,281,73,1640.17
2018-03-19,CAMP0018,Instagram,7804,864,137,42,1332.84
2017-10-22,CAMP0006,Organic,94178,3545,503,118,1471.78
2017-09-28,CAMP0012,Organic,32800,1221,191,50,582.29
2017-12-15,CAMP0026,Affiliate,76510,5569,640,137,1788.87
2017-12-27,CAMP0026,Affiliate,58394,1809,218,73,737.65
2018-04-14,CAMP0014,Organic,49200,1117,120,7,603.36
2018-01-12,CAMP0013,Affiliate,43293,2009,136,36,720.13
2018-04-24,CAMP0014,Organic,99150,4365,672,216,895.55
2017-08-05,CAMP0027,Affiliate,76371,10556,1533,385,1896.2
2018-01-26,CAMP0024,Organic,36782,2191,210,64,1436.35
2018-04-26,CAMP0025,Referral,42912,4861,192,38,485.34
2017-05-02,CAMP0019,Google Search,9729,256,12,1,1086.95
2017-12-07,CAMP0022,Referral,19265,1057,143,13,498.95
2018-01-02,CAMP0026,Affiliate,20296,2566,451,79,485.43
2017-09-06,CAMP0010,Affiliate,74345,2394,271,71,192.98
2017-07-27,CAMP0016,Email,106278,13719,1091,58,1725.28
2018-01-07,CAMP0013,Affiliate,111187,5711,612,140,1591.62
2017-05-22,CAMP0015,Instagram,74251,10774,1192,147,468.4
2017-11-19,CAMP0022,Referral,40499,4785,236,69,262.24
2018-04-19,CAMP0003,Facebook,60957,2980,89,12,979.76
2017-08-17,CAMP0027,Affiliate,41483,3184,438,66,103.31
2018-05-18,CAMP0017,Email,6023,547,50,11,1888.9
2017-08-20,CAMP0028,Facebook,38055,5498,191,12,1529.8
2018-01-31,CAMP0004,Instagram,109962,5505,577,170,309.55
2017-04-17,CAMP0029,Organic,89819,9841,724,130,1864.57
2017-12-29,CAMP0026,Affiliate,95768,12974,1011,257,1587.6
2017-08-12,CAMP0027,Affiliate,11899,851,60,9,1583.64
2018-04-12,CAMP0018,Instagram,18033,2294,130,32,1098.06
2018-03-27,CAMP0020,Google Search,34496,2432,389,72,515.4
2018-05-08,CAMP0014,Organic,45921,1293,208,14,310.49
2018-04-07,CAMP0018,Instagram,28008,2401,121,36,1136.85
2018-04-10,CAMP0005,Affiliate,100540,6198,997,326,1832.83
2017-09-19,CAMP0001,Affiliate,63059,2413,127,20,275.25
2018-05-04,CAMP0017,Email,46120,2770,260,40,874.08
2018-01-02,CAMP0026,Affiliate,49159,6094,776,47,807.38
2017-06-14,CAMP0008,Instagram,108673,10055,474,43,1654.15
2017-09-04,CAMP0010,Affiliate,68059,9168,813,195,1367.79
2017-06-15,CAMP0008,Instagram,106849,1358,194,36,1965.04
2017-01-14,CAMP0007,Email,116286,5633,816,108,107.92
2017-08-02,CAMP0028,Facebook,71751,4543,810,254,1541.18
2018-04-22,CAMP0014,Organic,80232,9219,1318,99,920.28
2017-09-19,CAMP0001,Affiliate,102029,6952,1082,189,1690.48
2018-05-13,CAMP0017,Email,112874,12788,969,220,1626.13
2017-12-22,CAMP0026,Affiliate,14637,1683,160,22,359.04
2017-08-15,CAMP0016,Email,113013,11170,485,53,843.89
2018-03-06,CAMP0021,Referral,22652,2578,211,65,1762.77
2018-04-21,CAMP0005,Affiliate,13857,368,65,13,1569.35
2018-03-31,CAMP0020,Google Search,12887,209,15,2,724.6
2017-10-07,CAMP0012,Organic,30538,1966,193,67,905.14
2017-09-17,CAMP0001,Affiliate,59098,6498,704,148,439.07
2017-04-07,CAMP0019,Google Search,90703,11089,1256,161,1382.12
2017-11-24,CAMP0022,Referral,87453,12238,1246,332,833.63
2017-04-04,CAMP0002,Facebook,66224,6124,593,69,720.49
2018-02-10,CAMP0024,Organic,97976,14454,1688,189,1774.93
2018-01-31,CAMP0024,Organic,19667,1421,214,38,864.06
2017-05-04,CAMP0029,Organic,40073,1308,76,19,1885.81
2017-05-06,CAMP0019,Google Search,32876,383,47,4,318.27
2018-04-06,CAMP0003,Facebook,16559,1219,209,52,1556.92
2017-09-11,CAMP0010,Affiliate,52313,6355,890,204,513.95
2017-05-27,CAMP0015,Instagram,31016,4230,577,39,1502.77
2017-06-03,CAMP0015,Instagram,12633,1027,56,19,612.95
2017-05-21,CAMP0030,Affiliate,68961,4819,535,106,360.77
2017-04-07,CAMP0029,Organic,47269,3029,249,49,363.91
2017-06-14,CAMP0008,Instagram,69162,2501,336,79,1850.41
2017-09-09,CAMP0023,Facebook,53728,3806,672,95,484.58
2017-08-07,CAMP0027,Affiliate,116696,6037,978,93,335.99
2018-03-06,CAMP0021,Referral,8745,182,18,1,651.22
2017-03-24,CAMP0002,Facebook,51514,2310,88,12,155.39
2018-03-15,CAMP0018,Instagram,110762,15004,2337,171,822.2
2017-09-16,CAMP0001,Affiliate,92733,8705,525,95,1953.54
2017-02-04,CAMP0007,Email,49272,916,139,37,1211.86
2018-05-23,CAMP0017,Email,62322,2668,389,112,898.83
2017-08-09,CAMP0028,Facebook,16520,388,37,12,104.69
2017-11-07,CAMP0011,Referral,5809,351,40,2,150.9
2018-03-01,CAMP0021,Referral,57133,3186,350,43,1254.7
2017-01-22,CAMP0007,Email,33160,4677,808,167,820.55
2017-12-20,CAMP0026,Affiliate,101980,6422,548,186,873.37
2018-04-04,CAMP0018,Instagram,68791,7499,647,76,467.96
2018-01-27,CAMP0024,Organic,118694,7586,447,152,1879.14
2018-05-01,CAMP0025,Referral,69242,1765,54,5,1831.53
2018-04-09,CAMP0005,Affiliate,97345,8092,936,295,79.35
2017-05-27,CAMP0030,Affiliate,111591,2604,243,19,310.8
2017-03-22,CAMP0002,Facebook,65858,6840,273,45,752.82
2017-08-19,CAMP0016,Email,16790,686,103,22,1219.08
2017-05-31,CAMP0015,Instagram,102513,11570,1292,384,1667.48
2018-03-23,CAMP0018,Instagram,111366,6693,293,41,1595.73
2017-08-18,CAMP0023,Facebook,118141,13757,2027,546,1285.41
2017-10-16,CAMP0006,Organic,91164,2012,269,17,1114.78
2018-03-22,CAMP0005,Affiliate,56644,3057,513,49,1716.96
2018-05-13,CAMP0017,Email,63205,7617,422,35,1369.77
2018-01-09,CAMP0013,Affiliate,38887,5470,778,122,516.06
2017-05-31,CAMP0015,Instagram,119087,9008,648,114,698.14
2017-10-01,CAMP0012,Organic,109595,12493,1705,291,1794.27
2018-02-08,CAMP0004,Instagram,70290,4737,533,176,94.65
2018-04-25,CAMP0025,Referral,57727,1597,85,19,1533.64
2018-04-17,CAMP0003,Facebook,18025,963,154,40,136.7
2018-05-11,CAMP0025,Referral,95632,7365,801,197,1440.9
2017-04-11,CAMP0019,Google Search,50794,5594,255,43,1403.05
2018-04-04,CAMP0018,Instagram,16630,1682,74,25,642.85
2017-06-13,CAMP0008,Instagram,41227,2642,403,115,1671.4
2018-03-05,CAMP0020,Google Search,15405,2090,150,26,78.56
2017-09-20,CAMP0012,Organic,68883,3569,232,33,366.76
2018-05-22,CAMP0017,Email,115818,5487,834,203,320.8
2018-04-07,CAMP0003,Facebook,72690,10283,1269,371,1420.96
2017-09-25,CAMP0012,Organic,79038,811,62,15,1094.33
2017-10-18,CAMP0006,Organic,7657,555,25,7,1391.33
2018-03-11,CAMP0020,Google Search,23999,553,97,10,1674.81
2017-12-25,CAMP0026,Affiliate,64079,2907,360,79,1999.17
2017-08-22,CAMP0010,Affiliate,13754,406,42,5,1333.8
2018-03-21,CAMP0020,Google Search,83236,10303,1032,349,1621.89
2018-04-23,CAMP0025,Referral,16051,219,11,3,1372.23
2018-04-27,CAMP0003,Facebook,89023,11767,1552,393,542.23
2017-11-15,CAMP0011,Referral,72192,9050,810,147,1385.57
2017-10-20,CAMP0006,Organic,99958,4898,585,128,817.3
2017-05-31,CAMP0030,Affiliate,100327,7720,678,40,408.88
2017-08-09,CAMP0027,Affiliate,66787,5041,493,125,1336.17
2018-04-02,CAMP0020,Google Search,39281,2248,121,39,1311.64
2018-03-07,CAMP0020,Google Search,102208,12008,1700,487,182.8
2017-08-18,CAMP0010,Affiliate,62428,8225,1422,323,1504.07
2017-06-01,CAMP0008,Instagram,70639,3264,385,28,671.13
2018-03-16,CAMP0018,Instagram,6274,110,18,1,670.11
2018-03-14,CAMP0020,Google Search,106961,2988,208,12,134.48
2017-10-28,CAMP0022,Referral,82859,6417,547,143,839.92
2018-04-19,CAMP0025,Referral,5301,396,58,16,73.95
2017-09-21,CAMP0001,Affiliate,63170,5751,1029,317,1479.52
2018-04-30,CAMP0003,Facebook,112466,9717,835,147,890.58
2018-05-11,CAMP0025,Referral,81587,5254,515,27,1858.97
2017-08-07,CAMP0028,Facebook,91039,5258,379,81,811.71
2017-08-24,CAMP0016,Email,20766,332,10,1,767.09
2018-05-15,CAMP0014,Organic,97448,2180,349,22,988.64
2017-10-03,CAMP0012,Organic,94834,8514,707,113,521.14
2018-02-16,CAMP0024,Organic,118985,5961,269,21,1635.24
2017-09-20,CAMP0001,Affiliate,60565,6503,303,21,761.51
2018-02-11,CAMP0004,Instagram,68796,2938,425,125,1045.39
2017-05-21,CAMP0015,Instagram,95389,11233,1552,383,270.46
2017-08-11,CAMP0028,Facebook,74951,7085,739,61,1417.37
2018-03-12,CAMP0021,Referral,53047,1796,180,9,1960.84
2017-01-13,CAMP0009,Google Search,70317,8080,393,53,805.53
2018-03-09,CAMP0018,Instagram,86941,2774,424,40,869.84
2018-04-14,CAMP0014,Organic,14144,787,109,27,1560.31
2017-06-05,CAMP0015,Instagram,40320,5327,500,79,723.2
2017-06-19,CAMP0008,Instagram,42290,5770,758,81,161.98
2017-09-28,CAMP0012,Organic,29772,3032,213,41,1205.02
2018-05-14,CAMP0017,Email,12959,141,12,0,483.43
2017-08-21,CAMP0027,Affiliate,14734,1015,158,35,1079.34
2018-01-16,CAMP0013,Affiliate,50104,6938,697,183,835.2
2018-05-23,CAMP0025,Referral,28783,4221,457,140,1176.96
2017-10-24,CAMP0006,Organic,33730,769,94,19,1452.86
2017-10-29,CAMP0006,Organic,84828,9813,666,176,1101.33
2017-08-20,CAMP0027,Affiliate,41009,2519,216,41,1445.38
2018-05-12,CAMP0014,Organic,94657,4527,443,57,168.41
2017-11-14,CAMP0011,Referral,115310,9400,599,92,294.08
2017-05-25,CAMP0015,Instagram,32950,2127,330,97,853.79
2017-12-22,CAMP0026,Affiliate,63350,5536,415,108,1426.53
2017-08-31,CAMP0010,Affiliate,45738,3018,297,42,101.24
2018-04-13,CAMP0014,Organic,36736,3928,594,169,1555.73
2017-04-28,CAMP0029,Organic,44383,3829,498,142,1306.78
2017-04-06,CAMP0002,Facebook,42253,3249,318,73,1565.2
2018-02-13,CAMP0024,Organic,83747,6025,268,79,1331.81
2018-04-02,CAMP0003,Facebook,99193,7477,922,224,1315.71
2017-11-10,CAMP0011,Referral,105592,4802,759,237,727.97
2018-05-12,CAMP0017,Email,42774,2736,95,6,1940.66
2018-03-31,CAMP0005,Affiliate,117452,15128,1342,249,1709.62
2017-04-29,CAMP0029,Organic,62155,7203,633,206,957.67
2017-11-15,CAMP0011,Referral,31393,3976,182,14,780.5
2017-10-03,CAMP0012,Organic,82847,9981,1760,609,781.83
2017-06-05,CAMP0030,Affiliate,87214,6114,711,211,271.84
2017-03-16,CAMP0002,Facebook,96258,10978,385,29,1523.5
2017-10-05,CAMP0012,Organic,50799,5828,473,30,812.92
2018-01-15,CAMP0013,Affiliate,53404,3311,500,70,710.91
2018-01-26,CAMP0024,Organic,62002,1571,76,4,1528.87
2018-03-21,CAMP0018,Instagram,29455,486,59,13,1752.53
2018-05-19,CAMP0017,Email,12375,1233,102,9,233.18
2018-03-01,CAMP0021,Referral,59488,652,33,9,1963.51
2018-04-14,CAMP0014,Organic,76513,4410,287,45,219.44
2018-03-27,CAMP0005,Affiliate,66082,2686,456,158,1797.47
2018-02-22,CAMP0004,Instagram,117036,1194,202,33,65.52
2017-11-27,CAMP0022,Referral,58559,1541,137,12,1606.97
2018-01-25,CAMP0004,Instagram,116246,13268,1226,383,749.29
2017-08-23,CAMP0028,Facebook,110040,3589,498,82,1676.71
2017-01-12,CAMP0009,Google Search,28938,4167,582,34,620.09
2017-08-14,CAMP0016,Email,29839,2324,217,14,1010.33
2017-09-16,CAMP0001,Affiliate,57230,6155,1014,302,76.23
2018-03-15,CAMP0018,Instagram,18213,2110,174,30,1138.99
2018-02-10,CAMP0024,Organic,68784,5436,884,223,1345.91
2017-12-25,CAMP0026,Affiliate,72706,7970,804,139,1882.3
2017-06-01,CAMP0030,Affiliate,10884,1483,234,47,1438.04
2018-05-23,CAMP0025,Referral,77041,2993,236,23,1969.95
2017-10-24,CAMP0006,Organic,103828,9985,1271,440,1971.5
2018-03-22,CAMP0020,Google Search,70293,5909,496,122,1334.66
2017-03-16,CAMP0002,Facebook,48468,6442,952,207,646.13
2018-01-14,CAMP0004,Instagram,114439,7522,901,290,1483.82
2018-03-26,CAMP0005,Affiliate,97257,8143,1232,232,1493.91
2017-02-08,CAMP0009,Google Search,13182,414,25,5,1695.66
2017-10-26,CAMP0006,Organic,5225,560,58,15,687.71
2017-09-12,CAMP0001,Affiliate,86674,9731,527,115,804.92
2018-02-04,CAMP0004,Instagram,83835,8743,991,49,1896.94
2017-06-05,CAMP0030,Affiliate,46856,3208,522,35,1669.71
2017-03-28,CAMP0002,Facebook,78633,7437,1324,231,140.55
2017-11-22,CAMP0022,Referral,43460,785,88,13,1721.2
2017-08-20,CAMP0027,Affiliate,67376,702,34,8,592.41
2018-05-15,CAMP0025,Referral,45108,5114,884,130,623.22
2017-11-08,CAMP0022,Referral,33454,3392,308,20,1413.18
2018-01-23,CAMP0024,Organic,84084,1409,235,32,1318.03
2017-09-16,CAMP0001,Affiliate,88671,1022,115,12,1638.81
2017-08-13,CAMP0028,Facebook,82265,7428,1043,82,1088.68
2017-01-11,CAMP0009,Google Search,35835,4827,783,270,1666.98
2017-10-06,CAMP0012,Organic,108439,12389,843,253,914.63
2017-04-20,CAMP0019,Google Search,41472,5050,336,70,1783.68
2017-05-31,CAMP0015,Instagram,74842,6219,991,92,1319.87
2017-09-15,CAMP0001,Affiliate,5982,772,27,5,557.09
2017-12-30,CAMP0026,Affiliate,100799,14479,2288,164,1070.61
2017-06-17,CAMP0008,Instagram,46464,5154,650,186,1802.42
2017-04-26,CAMP0019,Google Search,34384,2880,161,50,468.05
2017-08-09,CAMP0028,Facebook,88365,4980,822,190,186.96
2017-08-19,CAMP0027,Affiliate,114314,5309,919,130,876.93
2017-09-16,CAMP0001,Affiliate,36127,1652,291,56,1528.5
2017-12-26,CAMP0026,Affiliate,45148,2241,212,73,671.13
2018-03-20,CAMP0020,Google Search,73860,1113,124,43,989.71
2018-01-31,CAMP0024,Organic,75330,4892,420,61,1077.36
2017-04-08,CAMP0029,Organic,39924,1460,170,37,109.36
2018-04-23,CAMP0014,Organic,44782,2937,180,10,525.77
2018-04-01,CAMP0020,Google Search,61148,7536,1289,428,1992.9
2017-08-07,CAMP0028,Facebook,15233,2175,350,24,163.56
2017-06-05,CAMP0008,Instagram,89494,9586,905,233,141.06
2018-02-24,CAMP0024,Organic,10590,1277,145,15,1080.53
2018-04-14,CAMP0005,Affiliate,72192,2222,304,50,856.53
2017-08-06,CAMP0027,Affiliate,25332,2314,220,36,622.14
2017-11-13,CAMP0011,Referral,111233,10775,1548,524,848.52
2017-04-20,CAMP0029,Organic,59553,1316,94,23,360.02
2017-08-03,CAMP0016,Email,44322,2686,396,61,1355.75
2017-07-24,CAMP0016,Email,108341,12510,1734,494,538.9
2018-03-22,CAMP0005,Affiliate,106060,7871,581,76,942.48
2018-05-13,CAMP0014,Organic,57263,863,138,12,1741.07
2017-01-19,CAMP0009,Google Search,47456,5168,221,48,1571.97
2018-04-26,CAMP0014,Organic,55075,5317,916,155,127.05
2017-03-19,CAMP0002,Facebook,74935,6947,732,243,1910.71
2018-03-13,CAMP0021,Referral,38209,986,46,14,1254.35
2017-09-28,CAMP0012,Organic,65180,7158,1132,229,391.66
2018-05-18,CAMP0017,Email,40914,4021,204,31,1770.61
2017-10-06,CAMP0012,Organic,59909,948,164,16,1073.83
2018-01-15,CAMP0004,Instagram,115641,13795,952,214,215.11
2017-12-30,CAMP0013,Affiliate,29771,595,85,22,273.83
2017-08-04,CAMP0028,Facebook,63211,4430,368,83,1500.08
2017-08-12,CAMP0028,Facebook,65647,5310,424,122,214.69
2017-08-28,CAMP0010,Affiliate,85436,3937,428,55,605.28
2017-04-26,CAMP0019,Google Search,112532,14233,1965,461,1162.06
2018-01-18,CAMP0013,Affiliate,31198,2122,74,9,754.43
2018-04-20,CAMP0025,Referral,96475,1398,206,39,761.32
2017-01-23,CAMP0007,Email,30859,4521,171,49,1961.28
2018-03-14,CAMP0018,Instagram,50448,1458,234,22,687.89
2017-09-22,CAMP0001,Affiliate,67679,2740,194,17,687.77
2018-04-21,CAMP0003,Facebook,110739,13485,2241,206,893.33
2017-08-31,CAMP0010,Affiliate,72855,6208,621,156,800.84
2018-01-19,CAMP0013,Affiliate,5963,721,25,4,974.81
2017-01-22,CAMP0009,Google Search,27886,1510,149,8,1204.6
2017-09-20,CAMP0001,Affiliate,45337,2002,325,24,1126.99
2018-01-20,CAMP0004,Instagram,12174,928,29,8,749.47
2017-04-04,CAMP0002,Facebook,72882,4337,302,55,1836.93
2017-10-20,CAMP0006,Organic,110751,2970,210,60,1502.67
2018-04-10,CAMP0003,Facebook,85930,1214,119,10,98.93
2018-05-12,CAMP0017,Email,46297,1275,179,30,114.28
2018-02-09,CAMP0004,Instagram,116133,11513,1793,536,922.78
2018-04-24,CAMP0025,Referral,19830,2901,388,95,525.9
2017-06-07,CAMP0015,Instagram,117378,12812,1564,227,1324.87
2018-01-25,CAMP0004,Instagram,23141,749,33,8,919.0
2017-12-27,CAMP0026,Affiliate,95678,7269,1024,120,231.26
2017-11-13,CAMP0011,Referral,10547,1335,233,69,1570.27
2018-01-17,CAMP0004,Instagram,24438,3578,211,45,966.93
2017-01-31,CAMP0009,Google Search,95548,7476,858,253,1034.9
2017-12-22,CAMP0026,Affiliate,101561,8552,1430,370,1675.63
2017-09-22,CAMP0001,Affiliate,72523,9692,742,98,1553.02
2018-05-22,CAMP0025,Referral,96366,5804,915,51,545.49
2018-01-03,CAMP0026,Affiliate,79845,1199,41,5,803.39
2017-04-02,CAMP0002,Facebook,32447,3203,284,22,1579.64
2017-01-23,CAMP0009,Google Search,77875,5354,737,169,804.85
2017-11-28,CAMP0022,Referral,5011,512,16,4,1761.43
2018-04-15,CAMP0014,Organic,107630,14505,1195,308,940.51
2018-04-05,CAMP0003,Facebook,93427,5533,333,50,362.55
2018-04-07,CAMP0003,Facebook,58705,5206,799,178,1781.9
2017-01-11,CAMP0009,Google Search,22744,1100,59,4,273.49
2018-01-27,CAMP0004,Instagram,101729,13825,2226,218,1076.55
2018-01-07,CAMP0013,Affiliate,44084,5388,507,170,230.92
2018-02-01,CAMP0024,Organic,39022,997,122,12,423.89
2017-06-11,CAMP0008,Instagram,13349,1199,162,50,814.3
2017-08-15,CAMP0027,Affiliate,111651,4012,450,131,1138.25
2018-05-06,CAMP0017,Email,11858,690,25,4,1495.81
2017-06-07,CAMP0008,Instagram,78107,2711,309,27,176.22
2017-05-09,CAMP0029,Organic,51364,5050,877,177,682.14
2017-03-26,CAMP0002,Facebook,78581,8203,305,77,683.71
2017-09-20,CAMP0001,Affiliate,108104,12847,466,27,1131.72
2018-04-20,CAMP0014,Organic,5563,158,20,4,1816.62
2017-09-21,CAMP0001,Affiliate,77797,7082,280,92,1259.27
2018-05-03,CAMP0025,Referral,73111,5012,380,53,1865.83
2017-09-04,CAMP0023,Facebook,50514,2043,198,22,716.44
2017-09-19,CAMP0001,Affiliate,70886,2945,253,19,1458.47
2017-10-28,CAMP0006,Organic,114684,1727,123,10,263.09
2017-10-08,CAMP0012,Organic,43196,2596,432,39,845.78
2018-04-20,CAMP0003,Facebook,73243,1692,224,39,1933.83
2017-01-14,CAMP0009,Google Search,29427,483,18,2,192.81
2018-02-18,CAMP0004,Instagram,59837,2084,330,40,875.6
2017-03-27,CAMP0002,Facebook,92984,1009,96,32,259.02
2018-04-09,CAMP0018,Instagram,15402,524,69,11,1968.48
2017-09-17,CAMP0001,Affiliate,5394,82,5,0,288.68
2017-07-24,CAMP0016,Email,20399,302,10,2,1388.79
2017-06-09,CAMP0015,Instagram,29446,3084,109,17,1002.23
2017-09-01,CAMP0023,Facebook,18609,611,87,9,312.57
2018-03-22,CAMP0018,Instagram,80641,6857,706,47,1836.62
2017-08-23,CAMP0010,Affiliate,66472,7935,673,38,1282.4
2017-05-05,CAMP0029,Organic,69881,6830,895,236,1701.42
2017-05-21,CAMP0030,Affiliate,52663,2411,82,25,497.16
2018-03-06,CAMP0020,Google Search,90492,8231,1229,270,1720.76
2018-04-30,CAMP0017,Email,18681,2309,301,33,598.39
2018-03-01,CAMP0018,Instagram,104010,8812,1401,482,760.46
2017-08-17,CAMP0016,Email,6346,944,32,2,1290.55
2017-05-22,CAMP0015,Instagram,58273,3339,563,90,1057.73
2017-01-11,CAMP0007,Email,56185,4665,587,92,806.29
2017-04-09,CAMP0019,Google Search,21883,2651,226,16,268.12
2017-09-12,CAMP0010,Affiliate,63554,3179,317,47,300.45
2017-05-01,CAMP0019,Google Search,81881,9166,1421,421,668.68
2017-06-02,CAMP0008,Instagram,50436,3506,555,55,1532.51
2017-10-30,CAMP0006,Organic,75019,9724,441,82,745.92
2017-11-14,CAMP0011,Referral,63309,686,60,19,1858.31
2017-10-06,CAMP0012,Organic,59943,4697,418,134,954.15
2018-04-04,CAMP0003,Facebook,65666,8966,1086,56,301.11
2018-03-19,CAMP0005,Affiliate,64445,7868,854,105,1589.61
2018-05-15,CAMP0025,Referral,26638,1848,78,17,1711.63
2018-04-20,CAMP0025,Referral,54146,6320,424,109,1299.93
2017-06-05,CAMP0030,Affiliate,110774,6755,676,180,346.09
2017-08-18,CAMP0023,Facebook,38612,543,48,12,1804.99
2017-06-09,CAMP0015,Instagram,59002,8770,283,56,1372.01
2017-01-20,CAMP0007,Email,117710,10216,1697,193,1676.9
2017-09-13,CAMP0010,Affiliate,67694,4692,214,71,509.38
2017-09-19,CAMP0012,Organic,33842,1890,99,13,888.15
2017-11-13,CAMP0011,Referral,56252,6966,1103,202,401.73
2018-01-13,CAMP0013,Affiliate,25444,2101,92,18,1101.71
2018-05-05,CAMP0025,Referral,89575,4002,172,22,349.69
2018-04-11,CAMP0003,Facebook,64538,3820,653,82,732.93
2018-05-08,CAMP0017,Email,57151,3826,638,118,543.32
2017-06-12,CAMP0008,Instagram,104803,10613,727,185,494.09
2017-09-03,CAMP0023,Facebook,76426,6841,1182,336,1221.61
2018-03-19,CAMP0005,Affiliate,25238,2579,110,26,351.92
2018-05-08,CAMP0014,Organic,118578,10023,1134,137,272.91
2018-01-02,CAMP0026,Affiliate,95523,6123,805,89,714.93
2017-11-11,CAMP0011,Referral,7638,567,59,15,1924.64
2018-01-16,CAMP0013,Affiliate,71809,9409,1462,378,1736.15
2017-05-06,CAMP0019,Google Search,11104,379,18,1,289.98
2018-04-13,CAMP0003,Facebook,113409,12421,1327,110,1961.99
2018-01-10,CAMP0013,Affiliate,103552,4302,717,127,1159.35
2017-08-05,CAMP0028,Facebook,74402,4439,398,64,1614.53
2018-05-02,CAMP0003,Facebook,98313,3863,253,35,1043.5
2018-05-14,CAMP0017,Email,87283,4707,316,27,531.37
2018-04-25,CAMP0014,Organic,8769,703,47,8,1676.62
2017-01-10,CAMP0007,Email,5342,568,80,15,1471.58
2018-01-18,CAMP0004,Instagram,50260,5173,669,133,1081.18
2018-02-13,CAMP0004,Instagram,115569,2806,98,15,1997.41
2017-06-07,CAMP0008,Instagram,71532,5125,642,38,1286.42
2017-09-12,CAMP0001,Affiliate,34146,3290,387,130,1626.69
2018-01-20,CAMP0004,Instagram,84269,9910,934,295,1122.13
2017-09-07,CAMP0010,Affiliate,47865,4576,563,33,382.13
2017-09-13,CAMP0001,Affiliate,31608,2026,213,56,883.74
2018-01-11,CAMP0004,Instagram,45447,1628,214,57,1295.04
2018-01-11,CAMP0013,Affiliate,22141,2649,417,103,1209.12
2018-04-26,CAMP0017,Email,6850,180,6,0,56.26
2018-04-24,CAMP0014,Organic,72409,1500,51,10,812.4
2017-05-30,CAMP0015,Instagram,95926,8140,320,78,237.79
2018-03-26,CAMP0018,Instagram,110317,4707,436,117,1733.04
2018-05-18,CAMP0017,Email,35198,368,14,3,1931.89
2017-04-05,CAMP0019,Google Search,82454,10220,1624,112,142.65
2017-04-20,CAMP0019,Google Search,76067,2080,84,12,1001.26
2017-10-18,CAMP0006,Organic,109661,9787,1114,136,1420.76
2018-03-09,CAMP0020,Google Search,75163,6670,479,51,1913.78
2017-04-10,CAMP0002,Facebook,101448,12202,1040,80,368.84
2018-04-23,CAMP0025,Referral,28614,748,45,15,164.71
2017-08-12,CAMP0016,Email,102366,11203,1039,126,1903.06
2018-04-10,CAMP0014,Organic,117370,1945,249,80,634.62
2018-02-12,CAMP0004,Instagram,66645,3638,388,51,400.25
2017-05-31,CAMP0015,Instagram,114928,2835,442,54,1725.18
2017-01-31,CAMP0009,Google Search,17583,2099,317,68,474.59
2017-06-05,CAMP0030,Affiliate,18843,1300,230,22,196.85
2017-07-28,CAMP0016,Email,107370,4733,467,89,754.34
2018-01-21,CAMP0024,Organic,84363,2715,237,46,1183.33
2017-11-23,CAMP0022,Referral,16754,689,36,11,809.38
2018-04-08,CAMP0003,Facebook,25215,3689,537,33,492.16
2017-06-06,CAMP0015,Instagram,37527,5116,381,19,1631.07
2018-04-24,CAMP0003,Facebook,78555,1721,203,57,1360.74
2018-03-15,CAMP0018,Instagram,100477,14803,2337,410,118.01
2017-08-22,CAMP0027,Affiliate,57856,5634,203,30,992.61
2017-04-17,CAMP0019,Google Search,19895,442,62,14,609.42
2018-01-04,CAMP0026,Affiliate,14786,276,46,5,179.3
2018-03-25,CAMP0005,Affiliate,95496,9280,502,163,892.88
2017-01-11,CAMP0007,Email,9530,557,24,2,930.87
2017-01-30,CAMP0007,Email,89709,6587,1037,149,349.54
2018-01-01,CAMP0026,Affiliate,100475,6414,323,45,498.77
2017-09-13,CAMP0001,Affiliate,7249,758,41,12,1462.57
2017-10-10,CAMP0012,Organic,43796,2814,447,116,826.67
2018-03-02,CAMP0018,Instagram,20028,2037,188,44,132.65
2017-01-03,CAMP0007,Email,59285,7766,631,193,1651.64
2018-04-18,CAMP0014,Organic,64810,2814,227,25,1189.8
2018-05-13,CAMP0017,Email,58569,7488,622,54,852.63
2018-01-01,CAMP0013,Affiliate,111813,11070,381,110,95.81
2018-03-14,CAMP0005,Affiliate,71985,9375,1648,437,1925.05
2017-09-08,CAMP0010,Affiliate,38519,3210,220,30,1982.71
2017-11-01,CAMP0006,Organic,90216,2749,397,54,289.08
2017-02-02,CAMP0007,Email,52775,3730,367,68,1791.77
2017-08-17,CAMP0016,Email,59699,8700,1440,418,167.47
2018-04-11,CAMP0005,Affiliate,33715,2309,141,43,231.96
2017-09-08,CAMP0023,Facebook,109177,4373,369,45,258.95
2017-06-10,CAMP0030,Affiliate,109090,16043,884,223,1127.28
2017-08-22,CAMP0010,Affiliate,39047,1650,205,16,847.25
2017-03-12,CAMP0002,Facebook,95524,1647,283,53,1671.35
2017-08-27,CAMP0023,Facebook,14365,2001,228,69,771.57
2017-08-03,CAMP0027,Affiliate,36755,1425,42,5,170.09
2018-03-01,CAMP0021,Referral,105001,5405,768,257,919.67
2018-05-05,CAMP0014,Organic,45935,2305,245,77,820.09
2018-03-29,CAMP0018,Instagram,53187,2876,165,44,1132.57
2017-12-31,CAMP0026,Affiliate,11745,250,16,1,128.5
2017-08-12,CAMP0023,Facebook,7772,828,54,4,127.38
2017-02-02,CAMP0009,Google Search,115864,7018,1180,223,565.75
2017-05-27,CAMP0015,Instagram,88082,12373,1833,437,1086.95
2017-02-06,CAMP0009,Google Search,71306,5004,597,57,1739.67
2017-08-14,CAMP0027,Affiliate,50243,6002,528,92,386.57
2017-10-06,CAMP0012,Organic,68847,9101,355,121,1876.28
2018-03-20,CAMP0020,Google Search,95737,1551,125,17,102.47
2018-03-12,CAMP0021,Referral,68271,1647,220,36,400.79
2018-03-21,CAMP0018,Instagram,99201,9362,808,105,287.34
2017-09-13,CAMP0010,Affiliate,61746,2981,128,38,959.7
2017-10-19,CAMP0006,Organic,109679,9034,1039,274,1614.27
2018-04-26,CAMP0017,Email,79570,7630,437,56,1853.28
2017-08-23,CAMP0027,Affiliate,56362,7537,683,142,614.33
2017-08-13,CAMP0028,Facebook,18436,460,60,10,857.92
2018-05-14,CAMP0025,Referral,58944,4531,179,60,1500.53
2018-04-03,CAMP0018,Instagram,46928,5544,794,185,1878.61
2017-08-01,CAMP0016,Email,82381,5666,739,61,1344.49
2017-07-29,CAMP0027,Affiliate,79895,4574,493,68,954.36
2017-03-14,CAMP0002,Facebook,57390,7493,1209,393,946.59
2017-05-27,CAMP0030,Affiliate,90111,4547,466,109,496.23
2017-08-04,CAMP0016,Email,106956,2808,445,109,1044.64
2017-07-31,CAMP0016,Email,85885,2365,77,8,1684.69
2017-11-13,CAMP0022,Referral,43037,1718,294,43,542.17
2018-05-10,CAMP0025,Referral,17254,2427,405,125,907.18
2018-03-06,CAMP0021,Referral,67025,4811,434,151,644.52
2018-02-20,CAMP0004,Instagram,71787,2718,371,22,1361.72
2017-06-02,CAMP0030,Affiliate,8301,210,22,6,952.23
2018-04-18,CAMP0005,Affiliate,16975,1606,188,64,525.24
2018-02-15,CAMP0004,Instagram,68884,2350,352,48,628.38
2018-04-16,CAMP0025,Referral,15124,2009,260,39,321.22
2017-11-16,CAMP0011,Referral,14960,1713,179,17,700.32
2017-10-30,CAMP0006,Organic,94923,4205,440,94,1921.36
2017-09-13,CAMP0001,Affiliate,5904,413,46,10,173.4
2018-01-23,CAMP0004,Instagram,77010,10040,1395,444,429.93
2017-11-25,CAMP0022,Referral,48112,1768,169,36,197.9
2017-08-18,CAMP0010,Affiliate,63398,2485,190,60,735.32
2018-04-09,CAMP0018,Instagram,31019,710,41,13,398.19
2017-11-07,CAMP0011,Referral,75292,6676,671,70,326.35
2018-02-23,CAMP0004,Instagram,53552,5915,934,263,1822.41
2017-10-31,CAMP0006,Organic,85157,8598,1427,454,1024.59
2017-08-24,CAMP0023,Facebook,39329,2619,358,120,1919.26
2017-11-05,CAMP0011,Referral,40835,4867,713,107,1103.3
2017-11-07,CAMP0011,Referral,84097,11953,1464,482,1178.47
2017-08-21,CAMP0010,Affiliate,40771,4443,566,104,1319.54
2017-12-22,CAMP0026,Affiliate,26308,2096,303,26,127.12
2017-04-18,CAMP0029,Organic,46798,3355,190,24,262.3
2017-09-24,CAMP0012,Organic,63097,4740,802,246,1126.28
2017-05-27,CAMP0030,Affiliate,54444,1609,246,25,1889.83
2018-04-11,CAMP0005,Affiliate,112722,16020,2815,958,297.98
2017-01-03,CAMP0007,Email,22236,2164,164,51,749.49
2017-05-25,CAMP0015,Instagram,48359,1216,78,8,660.65
2018-04-02,CAMP0003,Facebook,93503,13089,2321,580,871.59
2018-03-22,CAMP0018,Instagram,103268,7388,602,146,364.61
2018-01-10,CAMP0013,Affiliate,42911,5112,710,85,1502.41
2017-06-08,CAMP0008,Instagram,80577,1573,161,28,145.76
2018-04-07,CAMP0018,Instagram,42375,3373,188,44,825.79
2018-01-05,CAMP0013,Affiliate,16284,448,23,4,1631.09
2018-05-23,CAMP0025,Referral,9750,617,103,16,1803.55
2018-05-09,CAMP0017,Email,110850,8839,775,267,956.82
2017-08-23,CAMP0023,Facebook,27247,1018,133,12,1937.53
2018-01-26,CAMP0024,Organic,105215,7347,302,31,608.53
2018-04-14,CAMP0003,Facebook,10811,850,25,1,497.34
2017-03-11,CAMP0002,Facebook,58971,2729,215,25,1545.92
2018-03-23,CAMP0018,Instagram,58995,1311,72,13,1992.07
2018-03-08,CAMP0020,Google Search,69757,8416,1224,409,1077.64
2017-01-23,CAMP0009,Google Search,22144,2585,462,113,1965.93
2017-04-10,CAMP0019,Google Search,81653,8436,557,67,422.83
2017-08-19,CAMP0016,Email,29354,553,91,14,1000.55
2017-09-21,CAMP0012,Organic,118657,14850,1149,348,1620.68
2017-11-02,CAMP0022,Referral,35238,840,43,3,1478.28
2018-03-04,CAMP0021,Referral,84658,3843,208,25,825.6
2017-02-01,CAMP0007,Email,119427,14211,842,93,1227.1
2018-03-04,CAMP0020,Google Search,11495,1681,133,25,138.77
2018-02-22,CAMP0004,Instagram,21528,2445,167,50,1275.18
2018-01-05,CAMP0013,Affiliate,47419,3893,502,54,799.37
2018-01-27,CAMP0004,Instagram,58270,4012,684,101,1398.08
2017-10-16,CAMP0006,Organic,77040,3913,359,101,1094.96
2017-08-06,CAMP0028,Facebook,72162,5284,615,80,495.33
2017-01-03,CAMP0007,Email,8767,903,137,16,1699.32
2017-01-29,CAMP0009,Google Search,37652,2013,360,85,1943.81
2017-05-05,CAMP0019,Google Search,7546,415,48,10,646.33
2017-04-05,CAMP0002,Facebook,93235,988,73,17,378.07
2017-06-01,CAMP0030,Affiliate,93669,8121,1426,328,1472.44
2018-04-17,CAMP0025,Referral,30717,2494,195,49,1679.8
2017-08-15,CAMP0016,Email,54356,7810,939,242,1130.41
2018-05-21,CAMP0025,Referral,63056,8578,1365,424,910.03
2018-01-04,CAMP0026,Affiliate,72518,732,114,11,1809.55
2017-04-24,CAMP0019,Google Search,56306,2341,77,11,1548.25
2017-04-10,CAMP0002,Facebook,13537,581,67,5,1220.82
2018-02-03,CAMP0024,Organic,100998,11902,1317,155,720.89
2017-09-13,CAMP0001,Affiliate,41715,1212,136,31,908.04
2017-06-14,CAMP0008,Instagram,8935,1142,45,6,1723.48
2018-01-13,CAMP0013,Affiliate,72151,5684,914,117,633.32
2018-02-12,CAMP0024,Organic,64555,2500,210,13,320.63
2017-10-30,CAMP0006,Organic,21248,853,44,13,820.34
2018-03-02,CAMP0018,Instagram,28082,1378,210,28,892.11
2017-05-23,CAMP0015,Instagram,104314,1962,317,102,745.21
2017-05-28,CAMP0030,Affiliate,51758,2595,258,42,63.02
2018-03-16,CAMP0018,Instagram,108427,9300,1325,243,616.99
2017-11-15,CAMP0011,Referral,24172,2691,184,63,885.21
2018-04-20,CAMP0025,Referral,10562,1070,126,33,510.08
2017-12-29,CAMP0013,Affiliate,110735,1228,211,50,374.02
2017-09-17,CAMP0001,Affiliate,102795,5240,535,171,398.35
2018-05-15,CAMP0017,Email,46202,4880,680,97,828.08
2017-10-17,CAMP0006,Organic,116797,2251,388,44,303.96
2017-05-13,CAMP0029,Organic,88519,7062,1181,398,179.68
2017-04-27,CAMP0029,Organic,70849,6504,383,63,1954.14
2017-11-08,CAMP0022,Referral,19643,740,60,11,827.15
2017-04-16,CAMP0019,Google Search,85418,4275,531,70,1104.11
2017-06-05,CAMP0015,Instagram,62381,7564,1061,331,835.23
2017-02-04,CAMP0009,Google Search,86469,6656,348,30,1759.38
2018-04-22,CAMP0003,Facebook,93139,6922,1202,303,770.48
2018-03-17,CAMP0018,Instagram,93614,7914,835,282,1403.87
2018-03-10,CAMP0018,Instagram,8049,328,41,6,874.93
2017-11-10,CAMP0011,Referral,65753,5071,496,60,1071.87
2017-06-04,CAMP0008,Instagram,28734,3980,473,56,459.85
2017-11-15,CAMP0011,Referral,5019,441,26,3,1041.27
2017-09-03,CAMP0010,Affiliate,66736,1627,88,21,1912.16
2017-08-12,CAMP0028,Facebook,85533,10436,617,33,1134.5
2017-08-11,CAMP0027,Affiliate,6006,359,58,12,160.3
2018-04-08,CAMP0003,Facebook,106880,15464,1574,231,1843.35
2018-03-06,CAMP0021,Referral,26179,276,25,5,207.82
2017-05-02,CAMP0019,Google Search,26705,1860,253,73,1923.5
2017-06-20,CAMP0008,Instagram,66174,684,37,9,1212.36
2017-05-22,CAMP0030,Affiliate,30208,2157,144,33,573.42
2017-09-18,CAMP0001,Affiliate,31692,2274,336,54,525.66
2018-03-01,CAMP0024,Organic,18701,726,78,5,589.78
2018-04-27,CAMP0025,Referral,84975,7297,661,91,764.72
2018-05-05,CAMP0025,Referral,12510,1869,106,10,1294.65
2017-11-14,CAMP0011,Referral,111701,6340,597,78,361.73
2017-10-24,CAMP0006,Organic,73099,1589,97,21,928.87
2018-04-20,CAMP0003,Facebook,88242,2982,95,7,1271.7
2017-08-17,CAMP0027,Affiliate,39504,4747,535,185,1038.92
2017-09-15,CAMP0001,Affiliate,118887,9649,1650,444,1388.69
2018-01-21,CAMP0024,Organic,108694,8655,1438,457,1824.79
2017-01-11,CAMP0007,Email,22850,3163,520,94,1793.86
2017-08-31,CAMP0010,Affiliate,72154,2025,256,39,869.74
2017-08-21,CAMP0027,Affiliate,62573,5263,699,118,963.01
2017-07-25,CAMP0016,Email,73841,1894,213,20,555.13
2017-10-09,CAMP0012,Organic,19406,1964,78,23,1452.95
2017-05-24,CAMP0030,Affiliate,41963,6223,1021,317,1498.51
2018-03-02,CAMP0021,Referral,89706,1401,55,16,732.88
2018-03-29,CAMP0005,Affiliate,101799,15126,1558,542,797.82
2018-04-12,CAMP0003,Facebook,11958,1094,38,11,1767.17
2017-06-04,CAMP0030,Affiliate,58935,3567,449,47,797.57
2017-11-15,CAMP0011,Referral,42341,2949,301,103,763.26
2018-02-25,CAMP0024,Organic,38172,2956,103,35,1027.73
2018-05-17,CAMP0025,Referral,41623,912,98,29,1002.65
2017-04-29,CAMP0029,Organic,118635,17278,1839,117,1862.43
2018-02-16,CAMP0004,Instagram,78734,8485,1256,312,1358.95
2018-01-01,CAMP0026,Affiliate,113655,13757,1072,140,1945.76
2017-01-28,CAMP0009,Google Search,74984,5293,418,76,1416.67
2018-03-08,CAMP0021,Referral,74076,10296,452,79,959.22
2017-11-11,CAMP0011,Referral,73234,6366,755,255,957.88
2017-08-25,CAMP0016,Email,91074,5072,497,129,483.43
2017-09-26,CAMP0012,Organic,65301,3936,450,63,904.06
2017-06-07,CAMP0030,Affiliate,47068,2422,403,109,1282.08
2017-09-22,CAMP0012,Organic,41900,4403,355,92,1686.36
2017-01-13,CAMP0009,Google Search,44418,1657,290,54,1058.38
2017-09-06,CAMP0010,Affiliate,5246,739,58,14,1289.98
2018-03-13,CAMP0018,Instagram,9769,107,12,0,815.9
2018-03-30,CAMP0020,Google Search,43117,3499,584,49,1217.1
2017-06-06,CAMP0015,Instagram,68596,2314,217,13,790.94
2017-05-31,CAMP0015,Instagram,82728,3809,342,21,1334.92
2017-12-01,CAMP0022,Referral,110210,11057,601,102,1345.68
2017-02-04,CAMP0009,Google Search,33447,877,143,43,238.85
2017-06-18,CAMP0008,Instagram,100707,10517,706,196,919.37
2017-03-16,CAMP0002,Facebook,59030,8036,387,129,648.23
2018-03-05,CAMP0020,Google Search,53362,3036,241,21,146.07
2018-05-09,CAMP0017,Email,65063,8987,441,107,1083.17
2017-05-29,CAMP0030,Affiliate,28468,2935,421,100,1224.65
2017-01-26,CAMP0009,Google Search,41532,585,35,4,745.84
2018-01-11,CAMP0013,Affiliate,97815,3319,140,27,265.28
2017-09-03,CAMP0023,Facebook,115327,13309,1931,232,1599.8
2017-01-13,CAMP0007,Email,113941,13513,2337,425,305.49
2017-08-18,CAMP0027,Affiliate,48664,985,101,7,1724.88
2017-04-14,CAMP0029,Organic,64226,7353,660,66,213.31
2017-08-17,CAMP0016,Email,43418,3838,519,109,764.77
2017-09-13,CAMP0023,Facebook,27841,3434,559,133,1579.06
2018-05-09,CAMP0017,Email,35286,2129,172,53,641.76
2017-06-14,CAMP0008,Instagram,47978,3064,117,32,1606.28
2017-02-01,CAMP0009,Google Search,93873,6926,985,177,1969.92
2017-09-12,CAMP0010,Affiliate,24038,2477,264,88,275.49
2017-06-14,CAMP0008,Instagram,6850,149,22,2,243.72
2017-08-20,CAMP0028,Facebook,41849,538,89,23,1841.1
2018-01-30,CAMP0024,Organic,13883,871,68,10,135.96
2017-05-28,CAMP0015,Instagram,22031,340,38,8,735.18
2017-08-22,CAMP0023,Facebook,98360,11598,1279,104,1246.36
2018-01-31,CAMP0024,Organic,61518,1290,199,68,382.0
2017-08-20,CAMP0027,Affiliate,69928,8464,605,135,87.85
2017-12-15,CAMP0026,Affiliate,15243,1473,112,20,477.49
2018-04-27,CAMP0014,Organic,57318,8317,307,65,538.96
2018-04-17,CAMP0003,Facebook,40569,1124,64,7,719.9
2017-12-29,CAMP0026,Affiliate,97662,8112,272,55,1071.3
2017-10-25,CAMP0006,Organic,85611,5553,777,81,1124.85
2017-01-23,CAMP0007,Email,43569,6038,1008,177,781.25
2017-09-12,CAMP0010,Affiliate,53606,3746,500,75,454.88
2017-04-25,CAMP0029,Organic,6666,808,91,20,1086.01
2017-08-13,CAMP0028,Facebook,21597,477,22,1,1842.64
2017-06-05,CAMP0008,Instagram,15334,1897,87,15,330.86
2018-03-16,CAMP0020,Google Search,98428,5323,623,89,100.54
2018-04-13,CAMP0003,Facebook,95859,11770,959,328,1968.53
2018-03-22,CAMP0020,Google Search,95317,3510,369,128,636.77
2017-01-21,CAMP0007,Email,64295,8916,399,27,182.25
2018-02-20,CAMP0004,Instagram,20668,2176,122,32,1435.75
2017-11-10,CAMP0011,Referral,88143,7976,993,296,1436.54
2017-10-21,CAMP0006,Organic,90793,4519,491,140,174.57
2017-09-22,CAMP0001,Affiliate,113958,17031,2302,140,1227.05
2017-05-21,CAMP0030,Affiliate,105524,14233,634,41,309.21
2018-05-08,CAMP0017,Email,9544,693,84,25,1701.26
2017-05-27,CAMP0015,Instagram,109637,15216,613,59,938.85
2018-01-09,CAMP0013,Affiliate,12952,352,25,1,510.33
2018-02-25,CAMP0024,Organic,17079,2062,108,26,440.46
2017-09-16,CAMP0001,Affiliate,13312,1100,124,40,1931.53
2018-03-04,CAMP0021,Referral,5694,93,10,2,641.02
2017-09-05,CAMP0010,Affiliate,55182,973,67,20,1908.18
2017-06-07,CAMP0008,Instagram,15722,1553,56,12,1401.33
2017-09-26,CAMP0012,Organic,19416,354,53,5,588.33
2017-10-07,CAMP0012,Organic,28935,3160,419,114,971.44
2017-04-11,CAMP0019,Google Search,96146,6068,868,153,1103.36
2017-09-16,CAMP0001,Affiliate,108794,14554,1489,274,840.98
2017-04-10,CAMP0029,Organic,110094,8157,333,29,539.09
2018-05-24,CAMP0017,Email,52538,868,114,18,861.48
2018-03-15,CAMP0018,Instagram,78057,3246,277,85,858.28
2017-11-07,CAMP0011,Referral,14682,877,46,2,1571.51
2017-02-03,CAMP0007,Email,34953,4257,442,58,471.06
2017-08-26,CAMP0010,Affiliate,30875,2093,298,39,1831.19
2018-03-12,CAMP0018,Instagram,104027,4306,684,117,713.52
2018-03-29,CAMP0005,Affiliate,114056,12365,726,162,1608.34
2017-01-14,CAMP0007,Email,5292,433,57,12,1233.72
2017-04-27,CAMP0029,Organic,49202,3225,469,130,1543.85
2017-11-08,CAMP0011,Referral,107493,6444,654,203,255.8
2018-04-26,CAMP0003,Facebook,47189,4365,504,67,1589.89
2018-01-27,CAMP0004,Instagram,97228,10227,980,287,745.38
2017-06-19,CAMP0008,Instagram,47932,4510,245,18,1507.21
2017-01-18,CAMP0007,Email,37279,1447,184,35,982.7
2017-08-10,CAMP0028,Facebook,93417,10261,371,104,1956.31
2017-10-31,CAMP0006,Organic,66865,4853,631,152,941.75
2017-10-02,CAMP0012,Organic,71292,2567,257,75,731.46
2017-09-03,CAMP0023,Facebook,107649,2296,97,25,668.26
2018-04-10,CAMP0018,Instagram,85180,12113,798,239,1508.74
2017-10-27,CAMP0006,Organic,98967,13992,2422,756,1093.97
2018-05-03,CAMP0014,Organic,26240,3433,462,130,1576.49
2017-01-03,CAMP0007,Email,35683,609,86,19,506.76
2018-02-03,CAMP0024,Organic,53262,2252,194,14,326.62
2018-01-22,CAMP0024,Organic,71042,9570,1249,87,436.82
2017-09-22,CAMP0012,Organic,115557,7111,302,75,471.14
2018-03-26,CAMP0018,Instagram,33838,2760,383,25,1108.67
2018-03-19,CAMP0018,Instagram,65284,1315,119,32,738.43
2017-09-26,CAMP0012,Organic,54856,2519,130,25,929.54
2017-04-21,CAMP0029,Organic,81253,11243,435,121,737.21
2017-08-05,CAMP0016,Email,6417,745,33,11,1835.73
2017-02-06,CAMP0009,Google Search,36942,3218,455,105,215.65
2018-01-13,CAMP0004,Instagram,12131,1812,319,80,475.35
2017-12-10,CAMP0022,Referral,91239,13199,1486,224,1270.42
2017-03-21,CAMP0002,Facebook,18371,285,35,3,968.09
2017-02-08,CAMP0009,Google Search,24147,1887,57,17,399.66
2018-03-08,CAMP0021,Referral,104410,1789,273,70,1449.89
2017-11-23,CAMP0022,Referral,57174,2321,239,80,1932.18
2018-01-02,CAMP0026,Affiliate,72932,10068,956,263,1910.09
2018-03-07,CAMP0020,Google Search,63003,1850,189,38,749.57
2018-03-17,CAMP0018,Instagram,113204,7517,518,97,965.56
2017-08-01,CAMP0027,Affiliate,36449,4473,219,24,346.75
2018-03-29,CAMP0005,Affiliate,73993,9625,1664,420,1915.11
2018-04-04,CAMP0018,Instagram,13670,993,48,3,498.53
2017-08-15,CAMP0023,Facebook,11269,1546,277,25,563.09
2017-02-01,CAMP0009,Google Search,26491,2969,194,33,942.62
2017-05-21,CAMP0030,Affiliate,37631,3825,387,20,1185.14
2017-08-18,CAMP0016,Email,113565,7942,856,151,1915.82
2018-03-10,CAMP0021,Referral,38184,3643,304,103,1384.19
2018-05-01,CAMP0025,Referral,114712,5817,378,116,918.66
2018-04-03,CAMP0003,Facebook,43929,3487,585,95,1170.68
2018-02-14,CAMP0024,Organic,61887,2156,174,12,1155.28
2018-04-06,CAMP0003,Facebook,8235,745,108,24,1883.99
2018-04-05,CAMP0003,Facebook,82600,6762,467,24,682.09
2017-02-02,CAMP0009,Google Search,115033,11716,1467,504,312.17
2017-04-05,CAMP0002,Facebook,98126,10872,1628,324,713.76
2018-04-24,CAMP0003,Facebook,110491,8101,478,54,1857.88
2018-03-15,CAMP0020,Google Search,5557,208,22,2,831.47
2018-05-06,CAMP0017,Email,97976,5407,647,63,1693.14
2017-06-17,CAMP0008,Instagram,54322,5334,202,44,503.52
2017-10-06,CAMP0012,Organic,34414,2368,176,13,455.07
2017-11-17,CAMP0011,Referral,61997,7588,1354,366,1311.21
2018-02-09,CAMP0004,Instagram,89327,8127,494,147,1969.39
2018-01-04,CAMP0026,Affiliate,46287,4050,164,35,1684.93
2017-03-13,CAMP0002,Facebook,54198,3978,481,83,153.64
2017-12-21,CAMP0026,Affiliate,66807,2707,239,30,876.92
2017-10-03,CAMP0012,Organic,44452,2819,421,121,973.36
2017-08-28,CAMP0010,Affiliate,46294,6711,437,50,1050.05
2017-12-23,CAMP0026,Affiliate,38118,4204,360,123,1814.81
2018-03-04,CAMP0018,Instagram,8024,155,19,4,268.39
2017-09-20,CAMP0012,Organic,109509,12496,2207,239,91.04
2017-01-18,CAMP0007,Email,46244,1102,121,37,1859.32
2018-03-27,CAMP0005,Affiliate,79594,7392,333,25,787.64
2017-05-25,CAMP0015,Instagram,29013,2835,169,20,741.82
2017-06-05,CAMP0015,Instagram,72193,4770,581,72,841.61
2017-08-18,CAMP0027,Affiliate,15805,1643,286,79,833.0
2018-02-28,CAMP0021,Referral,62224,4188,377,61,507.15
2017-09-12,CAMP0001,Affiliate,24574,3286,533,44,203.78
2018-02-23,CAMP0024,Organic,92161,10032,508,71,1253.57
2018-04-22,CAMP0003,Facebook,20974,2509,304,16,1303.22
2018-03-11,CAMP0020,Google Search,34662,355,24,4,261.46
2017-09-19,CAMP0012,Organic,57971,4871,519,69,1803.5
2018-03-03,CAMP0021,Referral,23022,2432,325,90,935.51
2018-03-05,CAMP0020,Google Search,89787,12905,686,153,72.06
2017-08-25,CAMP0028,Facebook,113349,9494,300,53,512.27
2017-08-15,CAMP0027,Affiliate,106179,13090,555,115,134.4
2017-01-29,CAMP0007,Email,117913,8182,723,147,761.16
2017-06-03,CAMP0008,Instagram,30884,4030,631,103,1014.73
2017-12-28,CAMP0013,Affiliate,13319,293,18,0,1810.64
2017-03-30,CAMP0002,Facebook,94826,8304,1475,192,1482.87
2017-11-07,CAMP0011,Referral,9523,1316,127,6,713.08
2017-03-22,CAMP0002,Facebook,45745,1777,287,15,638.11
2017-01-08,CAMP0007,Email,49533,5771,665,35,1952.9
2018-01-31,CAMP0024,Organic,94100,9250,715,124,745.94
2018-04-26,CAMP0003,Facebook,84208,2137,309,53,67.57
2018-03-20,CAMP0020,Google Search,107748,6873,788,145,1388.59
2017-01-24,CAMP0009,Google Search,92331,8400,464,69,810.98
2017-09-05,CAMP0010,Affiliate,116381,1721,224,68,246.59
2017-09-21,CAMP0001,Affiliate,57431,7611,816,71,873.16
2017-07-29,CAMP0016,Email,78429,8178,944,102,1745.38
2017-04-05,CAMP0019,Google Search,33067,2562,327,36,110.89
2018-03-29,CAMP0018,Instagram,75807,7257,324,41,1963.31
2018-01-17,CAMP0013,Affiliate,113530,14138,1599,323,1862.57
2017-09-22,CAMP0001,Affiliate,89007,9554,1376,290,1687.32
2018-04-30,CAMP0017,Email,75395,7576,344,32,371.1
2018-04-26,CAMP0014,Organic,11048,740,102,30,647.66
2017-11-09,CAMP0011,Referral,7344,841,64,20,275.54
2017-06-04,CAMP0008,Instagram,24381,3585,487,130,1039.86
2018-03-09,CAMP0020,Google Search,57633,1871,161,30,1810.14
2018-04-19,CAMP0025,Referral,84870,6856,605,45,1312.47
2017-01-06,CAMP0007,Email,54657,3131,366,71,288.83
2018-04-28,CAMP0025,Referral,40446,951,82,8,170.09
2017-09-08,CAMP0010,Affiliate,50076,3861,586,56,1103.83
2017-05-26,CAMP0015,Instagram,90537,9721,599,204,651.74
2018-04-20,CAMP0003,Facebook,26784,2301,346,24,1306.49
2017-09-30,CAMP0012,Organic,117802,6490,437,26,1675.0
2017-08-14,CAMP0027,Affiliate,69033,7397,828,243,425.02
2017-05-13,CAMP0029,Organic,76412,7878,486,119,906.89
2018-03-24,CAMP0018,Instagram,81669,4908,769,263,153.81
2017-01-04,CAMP0007,Email,45801,5647,827,142,243.88
2017-01-27,CAMP0009,Google Search,23663,2853,197,10,1563.11
2017-08-02,CAMP0027,Affiliate,77103,10554,1066,265,147.09
2017-09-05,CAMP0010,Affiliate,86258,2942,157,17,88.41
2018-02-21,CAMP0024,Organic,37363,2793,393,105,1882.02
2017-04-03,CAMP0019,Google Search,45527,989,137,28,470.58
2018-05-21,CAMP0017,Email,48814,5710,990,244,807.87
2017-10-22,CAMP0006,Organic,104052,14574,1140,78,461.78
2017-05-23,CAMP0030,Affiliate,94013,6907,620,209,1141.35
2017-09-17,CAMP0001,Affiliate,67225,4090,401,108,1678.7
2018-03-06,CAMP0021,Referral,112338,4416,339,38,556.48
2017-08-29,CAMP0010,Affiliate,83327,9636,1087,100,1769.34
2018-01-14,CAMP0004,Instagram,47131,774,79,11,661.8
2018-05-07,CAMP0017,Email,12310,178,14,2,1843.75
2017-06-06,CAMP0030,Affiliate,46338,1495,250,14,1826.43
2017-05-24,CAMP0015,Instagram,53999,6682,318,44,1246.72
2017-01-09,CAMP0007,Email,106168,10965,534,65,1687.84
2018-01-08,CAMP0013,Affiliate,87820,3754,224,33,181.91
2017-12-28,CAMP0013,Affiliate,29488,3614,647,208,1558.95
2017-05-23,CAMP0015,Instagram,74268,4887,763,167,821.6
2017-08-03,CAMP0027,Affiliate,118010,15090,2164,751,818.35
2017-04-05,CAMP0019,Google Search,53660,1535,266,72,1508.25
2017-01-24,CAMP0009,Google Search,117968,6867,1092,114,831.1
2018-03-06,CAMP0021,Referral,15299,738,57,3,562.14
2018-03-23,CAMP0018,Instagram,81373,3239,562,195,1620.29
2018-01-01,CAMP0026,Affiliate,11369,594,91,29,223.15
2017-11-08,CAMP0022,Referral,54215,4294,732,97,1654.73
2017-08-16,CAMP0023,Facebook,13473,391,58,18,394.41
2018-04-26,CAMP0017,Email,56343,3475,204,64,687.43
2017-09-25,CAMP0012,Organic,17273,2252,171,32,1210.2
2018-03-12,CAMP0021,Referral,75485,6174,562,181,1110.8
2018-01-14,CAMP0004,Instagram,61534,3938,613,185,957.11
2017-05-22,CAMP0015,Instagram,45801,877,145,15,844.35
2017-09-19,CAMP0012,Organic,46255,788,87,26,1174.63
2017-06-11,CAMP0008,Instagram,51859,1831,176,9,1562.59
2017-01-06,CAMP0007,Email,45607,2448,92,7,50.01
2017-06-08,CAMP0015,Instagram,81171,11781,1694,254,1442.81
2018-01-04,CAMP0013,Affiliate,16315,167,21,5,1146.9
2017-07-28,CAMP0016,Email,35052,4616,257,27,1791.16
2018-03-05,CAMP0021,Referral,50295,7471,1248,90,1777.51
2017-10-07,CAMP0012,Organic,86135,6535,906,77,748.63
2018-04-07,CAMP0018,Instagram,69201,1813,81,26,243.49
2017-07-30,CAMP0016,Email,92180,10388,1164,125,144.99
2017-12-14,CAMP0026,Affiliate,49704,7369,977,143,517.23
2018-05-10,CAMP0014,Organic,37132,5232,498,117,1835.24
2017-09-03,CAMP0010,Affiliate,29976,1702,208,56,1315.13
2018-03-27,CAMP0018,Instagram,89421,4659,220,37,601.57
2017-09-09,CAMP0010,Affiliate,45390,4986,644,43,618.74
2017-08-26,CAMP0023,Facebook,7132,182,32,2,699.37
2017-10-25,CAMP0006,Organic,37681,2756,434,151,873.83
2017-06-02,CAMP0008,Instagram,30200,2957,480,54,1591.54
2017-05-13,CAMP0029,Organic,91036,7859,887,183,155.44
2018-03-12,CAMP0021,Referral,98126,12091,790,152,1504.96
2017-08-21,CAMP0027,Affiliate,68536,7197,1166,105,353.27
2017-08-14,CAMP0016,Email,111640,16724,1186,81,298.06
2017-10-16,CAMP0006,Organic,35935,4117,191,30,242.47
2018-03-29,CAMP0020,Google Search,21122,879,45,5,1165.96
2017-04-12,CAMP0019,Google Search,47142,5266,282,87,673.68
2017-07-28,CAMP0027,Affiliate,42673,876,115,25,723.25
2018-03-19,CAMP0005,Affiliate,70542,5704,856,66,1032.85
2018-03-08,CAMP0018,Instagram,84965,11965,1289,290,229.72
2018-03-14,CAMP0005,Affiliate,33674,3089,492,147,1775.24
2017-08-20,CAMP0023,Facebook,99578,4174,739,138,74.42
2017-09-02,CAMP0023,Facebook,103844,14885,734,87,803.44
2017-01-29,CAMP0009,Google Search,50708,4575,638,186,1593.62
2017-11-07,CAMP0011,Referral,27427,2049,342,72,864.98
2018-03-02,CAMP0021,Referral,118305,6836,1022,221,1296.77
2017-12-31,CAMP0026,Affiliate,74268,2434,409,113,474.92
2017-08-16,CAMP0016,Email,108785,15261,1026,145,1462.22
2017-12-15,CAMP0026,Affiliate,74472,3473,576,155,1181.66
2017-01-23,CAMP0009,Google Search,79813,10032,950,63,1525.59
2017-08-06,CAMP0016,Email,44101,6018,726,177,394.29
2017-09-13,CAMP0001,Affiliate,22455,1871,287,79,1957.76
2018-04-10,CAMP0003,Facebook,102152,5154,390,126,1064.46
2017-08-30,CAMP0010,Affiliate,49429,1677,183,29,1753.46
2017-04-02,CAMP0002,Facebook,69652,3227,396,119,1981.84
2018-03-24,CAMP0005,Affiliate,80557,5770,313,60,748.27
2017-08-24,CAMP0028,Facebook,110911,10912,662,114,1363.76
2018-02-06,CAMP0004,Instagram,21549,867,60,13,390.65
2017-11-13,CAMP0011,Referral,84855,5045,788,171,1054.12
2017-10-07,CAMP0012,Organic,43045,1203,174,58,1483.46
2018-01-08,CAMP0013,Affiliate,73907,8237,370,61,488.34
2017-12-25,CAMP0026,Affiliate,17280,1859,90,5,942.96
2017-05-02,CAMP0029,Organic,110236,7501,1077,324,1234.97
2017-09-05,CAMP0010,Affiliate,30426,2399,250,33,64.07
2017-11-22,CAMP0022,Referral,38381,5292,711,245,221.39
2018-01-14,CAMP0004,Instagram,25940,3451,352,98,1261.16
2017-08-09,CAMP0023,Facebook,115913,2922,307,38,1009.84
2017-04-09,CAMP0029,Organic,31373,3532,435,72,346.19
2018-04-06,CAMP0005,Affiliate,26204,3908,330,60,1199.5
2018-03-28,CAMP0005,Affiliate,85663,5051,426,102,1535.89
2017-05-06,CAMP0029,Organic,19009,2201,226,69,1633.17
2017-08-04,CAMP0027,Affiliate,40410,2025,153,49,1556.51
2017-08-06,CAMP0028,Facebook,18582,2768,439,103,1406.95
2018-03-15,CAMP0018,Instagram,90223,4813,839,70,1837.96
2017-04-16,CAMP0019,Google Search,48344,4106,196,32,332.48
2017-05-31,CAMP0015,Instagram,51577,6094,434,36,1705.07
2017-04-10,CAMP0029,Organic,19490,2681,121,24,690.42
2017-08-24,CAMP0010,Affiliate,59467,3566,448,24,1841.29
2017-05-29,CAMP0030,Affiliate,18561,1713,220,29,1390.46
2017-04-14,CAMP0019,Google Search,13853,1885,286,67,319.41
2017-08-24,CAMP0016,Email,96190,6889,506,131,235.95
2017-11-12,CAMP0022,Referral,10423,1346,167,26,1309.82
2017-06-03,CAMP0030,Affiliate,101438,14520,1858,557,1014.99
2017-12-28,CAMP0026,Affiliate,44829,2913,166,8,1033.41
2017-09-06,CAMP0023,Facebook,11825,829,38,2,1213.33
2017-03-17,CAMP0002,Facebook,15249,1787,75,9,1889.58
2017-08-20,CAMP0028,Facebook,58407,7781,689,65,430.63
2017-08-20,CAMP0016,Email,41393,1041,70,13,383.4
2018-05-17,CAMP0017,Email,53062,1892,133,34,1256.22
2018-03-14,CAMP0005,Affiliate,89022,4253,565,57,1061.6
2018-04-18,CAMP0025,Referral,84901,9354,1605,516,1484.34
2018-01-26,CAMP0024,Organic,100132,14856,1415,446,275.29
2017-08-01,CAMP0028,Facebook,113747,5676,347,41,701.11
2017-03-29,CAMP0002,Facebook,36110,4205,626,151,329.36
2017-01-21,CAMP0007,Email,7023,90,6,1,108.89
2018-03-08,CAMP0020,Google Search,109203,10298,1558,209,56.07
2017-08-14,CAMP0016,Email,109477,5424,584,193,458.38
2017-09-11,CAMP0001,Affiliate,30988,3608,304,62,1371.0
2018-01-18,CAMP0013,Affiliate,90499,13328,2281,596,349.34
2018-02-27,CAMP0024,Organic,91919,12382,1629,162,753.78
2017-05-02,CAMP0029,Organic,98308,9798,764,79,1967.3
2017-10-19,CAMP0006,Organic,90534,9040,373,60,225.95
2017-06-08,CAMP0015,Instagram,57647,6384,432,63,1718.87
2018-04-30,CAMP0017,Email,102279,1285,193,67,1386.75
2017-08-20,CAMP0023,Facebook,16302,1565,272,67,410.66
2017-04-28,CAMP0019,Google Search,18545,489,15,3,1022.0
2017-06-20,CAMP0008,Instagram,86993,9655,363,95,1931.9
2017-10-29,CAMP0006,Organic,84804,2057,143,32,61.43
2018-03-24,CAMP0018,Instagram,51880,3710,257,53,438.51
2017-11-06,CAMP0011,Referral,65778,6323,450,64,462.51
2018-02-24,CAMP0024,Organic,119724,3370,412,142,1423.4
2018-05-04,CAMP0014,Organic,73501,4677,733,172,393.1
2017-04-15,CAMP0029,Organic,8803,930,91,11,1978.55
2018-05-13,CAMP0025,Referral,61846,6506,245,28,1631.93
2018-03-12,CAMP0021,Referral,92048,4421,312,21,53.4
2018-04-26,CAMP0014,Organic,113827,16747,1787,581,1947.45
2018-01-18,CAMP0004,Instagram,78673,3117,197,67,876.55
2017-02-01,CAMP0009,Google Search,22474,254,27,3,1804.07
2018-03-10,CAMP0020,Google Search,17338,520,84,25,1118.88
2018-04-12,CAMP0018,Instagram,74011,5655,465,39,540.47
2017-08-04,CAMP0016,Email,68264,4442,387,57,184.53
2017-10-26,CAMP0006,Organic,92781,11133,926,252,1197.88
2017-01-26,CAMP0007,Email,81788,3920,666,130,1942.3
2017-04-19,CAMP0019,Google Search,94094,4883,751,181,563.41
2018-04-08,CAMP0003,Facebook,57985,6691,714,45,1510.03
2017-10-31,CAMP0006,Organic,114592,6343,476,108,1540.05
2017-11-06,CAMP0011,Referral,41816,1146,117,10,262.29
2018-03-22,CAMP0005,Affiliate,102243,3211,383,87,1160.24
2018-03-06,CAMP0020,Google Search,112369,2676,424,69,531.91
2017-04-11,CAMP0019,Google Search,76418,2482,285,94,57.94
2018-03-29,CAMP0018,Instagram,6266,445,71,9,214.3
2017-11-04,CAMP0022,Referral,28616,1800,258,32,1734.56
2018-01-02,CAMP0026,Affiliate,53379,2209,291,27,1749.98
2018-03-30,CAMP0020,Google Search,111085,8521,525,94,136.86
2017-11-11,CAMP0022,Referral,14833,971,136,25,990.79
2018-03-24,CAMP0005,Affiliate,101986,6907,432,60,880.52
2018-04-05,CAMP0003,Facebook,98672,1862,144,13,1475.54
2018-04-04,CAMP0003,Facebook,77206,11043,1479,243,1252.85
2017-08-14,CAMP0027,Affiliate,5184,477,60,3,1356.71
2017-10-16,CAMP0006,Organic,103860,5995,782,156,386.41
2018-04-11,CAMP0005,Affiliate,111056,11373,1737,397,890.4
2018-02-12,CAMP0004,Instagram,43420,6296,471,45,74.82
2017-04-23,CAMP0029,Organic,94392,7609,1200,238,357.79
2017-12-28,CAMP0026,Affiliate,28909,1951,195,35,1829.17
2017-08-23,CAMP0016,Email,6671,900,58,18,882.31
2017-11-03,CAMP0022,Referral,97191,11762,2061,255,294.92
2017-01-13,CAMP0007,Email,97954,9371,1424,261,286.94
2018-05-01,CAMP0025,Referral,72588,2827,490,133,1700.77
2017-10-25,CAMP0006,Organic,37585,2822,137,14,1482.61
2018-01-01,CAMP0013,Affiliate,37600,2141,273,47,1887.37
2018-04-18,CAMP0025,Referral,19108,887,107,20,1046.06
2017-05-21,CAMP0015,Instagram,59921,2471,76,11,1760.11
2017-06-02,CAMP0015,Instagram,48656,5628,194,22,853.1
2017-11-30,CAMP0022,Referral,65419,9038,548,59,1343.34
2017-06-07,CAMP0030,Affiliate,28795,2847,217,75,1990.15
2017-06-06,CAMP0008,Instagram,33510,3186,127,44,1379.35
2017-10-26,CAMP0006,Organic,84958,2835,239,78,1223.42
2018-04-17,CAMP0014,Organic,61979,4181,397,68,652.37
2018-04-02,CAMP0020,Google Search,71730,2526,157,14,324.41
2017-06-20,CAMP0008,Instagram,98588,9019,1619,215,1750.99
2017-08-27,CAMP0023,Facebook,77950,6203,986,115,1742.15
2018-01-25,CAMP0004,Instagram,68786,8864,956,265,1936.72
2018-03-22,CAMP0018,Instagram,114193,10065,750,94,1153.02
2018-02-06,CAMP0024,Organic,38005,3856,601,165,966.31
2018-03-25,CAMP0005,Affiliate,69277,3507,144,10,56.44
2018-03-11,CAMP0021,Referral,26569,3912,371,46,399.39
2018-05-02,CAMP0003,Facebook,83501,10550,873,193,689.76
2017-04-28,CAMP0019,Google Search,82181,6746,831,185,313.37
2017-01-07,CAMP0007,Email,89892,4829,490,108,1608.59
2018-03-16,CAMP0020,Google Search,58126,4901,540,91,1767.01
2017-08-04,CAMP0028,Facebook,101797,6960,524,50,249.18
2018-04-10,CAMP0014,Organic,34059,4020,683,82,1417.41
2017-07-30,CAMP0027,Affiliate,63368,4964,183,49,1582.61
2018-03-19,CAMP0018,Instagram,87946,11814,996,253,1381.07
2017-11-03,CAMP0022,Referral,38871,636,32,9,71.31
2017-10-08,CAMP0012,Organic,92516,7098,693,47,1527.27
2017-11-14,CAMP0011,Referral,15986,1835,94,6,577.35
2017-09-14,CAMP0001,Affiliate,60870,759,66,7,1501.47
2017-05-17,CAMP0029,Organic,79183,7966,268,32,906.92
2017-01-12,CAMP0007,Email,104469,4909,360,100,1052.17
2017-08-21,CAMP0028,Facebook,65844,9348,801,197,1113.21
2017-06-08,CAMP0008,Instagram,6147,717,47,11,50.04
2017-01-16,CAMP0009,Google Search,96250,3899,374,124,1912.0
2018-01-02,CAMP0013,Affiliate,42648,3270,513,42,1765.76
2017-04-22,CAMP0019,Google Search,98573,5749,843,105,1155.66
2017-05-01,CAMP0029,Organic,25805,3643,616,189,717.91
2017-07-28,CAMP0027,Affiliate,85015,11069,502,82,1550.59
2018-04-20,CAMP0014,Organic,117752,15470,765,119,1930.09
2017-05-24,CAMP0030,Affiliate,34094,3041,281,61,1821.07
2017-12-28,CAMP0026,Affiliate,65710,5680,920,194,1910.59
2017-08-16,CAMP0027,Affiliate,115666,5879,848,170,1998.38
2017-12-17,CAMP0026,Affiliate,115954,13096,1889,504,689.51
2017-05-10,CAMP0029,Organic,46207,2742,481,50,1853.19
2017-09-18,CAMP0001,Affiliate,77192,1900,75,7,767.85
2017-11-29,CAMP0022,Referral,22187,652,23,1,993.33
2018-03-03,CAMP0021,Referral,107013,14931,1974,349,528.67
2018-01-28,CAMP0024,Organic,92873,12405,1033,158,658.72
2017-06-02,CAMP0030,Affiliate,116315,16472,1800,519,1534.21
2017-03-11,CAMP0002,Facebook,56504,897,41,11,899.27
2018-01-27,CAMP0004,Instagram,66097,723,68,20,529.95
2018-01-20,CAMP0004,Instagram,9887,1454,138,43,296.97
2018-04-04,CAMP0020,Google Search,33166,698,103,13,1030.34
2017-04-02,CAMP0002,Facebook,68028,6952,931,223,527.15
2018-03-07,CAMP0021,Referral,9257,750,46,11,1375.96
2017-01-21,CAMP0007,Email,50039,6015,407,77,808.28
2018-03-09,CAMP0020,Google Search,45038,545,78,22,744.83
2018-03-07,CAMP0018,Instagram,30668,2384,413,56,1493.55
2017-11-03,CAMP0022,Referral,8326,307,15,4,892.85
2017-03-31,CAMP0002,Facebook,112839,16353,2140,433,1214.32
2017-06-15,CAMP0008,Instagram,21076,3026,358,31,806.91
2017-08-31,CAMP0010,Affiliate,103547,11308,1724,358,774.41
2017-12-24,CAMP0026,Affiliate,72639,2217,226,41,1602.98
2017-03-11,CAMP0002,Facebook,103104,8647,824,157,1430.21
2017-01-09,CAMP0009,Google Search,40692,858,83,26,1911.87
2017-09-17,CAMP0001,Affiliate,100133,8058,855,122,1287.98
2017-10-02,CAMP0012,Organic,105330,4474,250,14,1507.37
2018-03-11,CAMP0021,Referral,92341,9845,1553,231,1557.46
2017-08-18,CAMP0028,Facebook,59790,7069,975,187,570.29
2017-01-27,CAMP0009,Google Search,41815,3674,371,55,405.15
2017-06-12,CAMP0008,Instagram,92841,6814,369,44,1882.89
2017-07-25,CAMP0016,Email,8177,1075,154,7,1913.27
2018-04-12,CAMP0018,Instagram,26234,1717,113,28,1757.4
2018-04-08,CAMP0014,Organic,21053,1035,119,19,1361.84
2018-02-09,CAMP0024,Organic,76533,10414,1553,103,1789.91
2017-08-19,CAMP0027,Affiliate,87311,3477,160,35,321.88
2018-05-12,CAMP0017,Email,106094,8969,794,217,716.93
2017-08-05,CAMP0027,Affiliate,72695,1737,133,33,217.5
2018-03-21,CAMP0005,Affiliate,81820,11167,1728,502,1688.82
2017-11-16,CAMP0011,Referral,27211,3088,226,56,1662.4
2017-09-21,CAMP0001,Affiliate,47087,2343,325,58,1738.66
2018-04-19,CAMP0005,Affiliate,75866,8896,1177,386,207.64
2017-05-06,CAMP0019,Google Search,60363,8873,1325,449,1503.62
2017-02-07,CAMP0009,Google Search,16812,1691,141,13,940.19
2017-08-09,CAMP0027,Affiliate,27337,438,13,0,94.1
2018-03-10,CAMP0021,Referral,39493,5195,754,143,1480.16
2018-05-05,CAMP0014,Organic,88265,3054,97,8,1187.59
2017-12-19,CAMP0026,Affiliate,90876,2298,271,30,1586.14
2017-03-15,CAMP0002,Facebook,31367,994,83,14,1706.18
2017-06-04,CAMP0015,Instagram,103465,4604,271,43,1315.81
2017-11-20,CAMP0022,Referral,20094,1591,250,20,1664.01
2018-01-27,CAMP0024,Organic,77447,4669,655,48,1455.67
2018-01-28,CAMP0024,Organic,16896,1993,174,20,1475.87
2018-01-14,CAMP0013,Affiliate,12166,827,61,9,409.94
2017-12-31,CAMP0013,Affiliate,22455,527,46,7,1535.34
2018-03-22,CAMP0005,Affiliate,89483,12933,829,227,609.34
2017-09-14,CAMP0001,Affiliate,16761,1831,150,13,1994.29
2017-03-14,CAMP0002,Facebook,55277,1213,164,52,867.38
2017-11-05,CAMP0011,Referral,81947,10997,1661,154,624.26
2017-01-23,CAMP0007,Email,62450,7617,674,136,113.16
2017-01-29,CAMP0009,Google Search,74548,7344,1085,236,467.53
2017-08-13,CAMP0023,Facebook,27261,1297,122,31,1889.01
2017-04-02,CAMP0002,Facebook,52835,2183,312,38,994.63
2017-04-15,CAMP0029,Organic,13536,605,34,3,885.96
2018-04-07,CAMP0005,Affiliate,107542,8410,518,68,112.91
2018-04-06,CAMP0020,Google Search,29659,1607,49,4,1769.5
2017-07-31,CAMP0016,Email,34594,4317,293,42,128.07
2017-12-24,CAMP0026,Affiliate,89518,7358,279,60,536.14
2018-03-09,CAMP0018,Instagram,105659,10525,1034,295,1999.98
2018-05-24,CAMP0025,Referral,58265,5461,401,20,1561.48
2017-08-07,CAMP0027,Affiliate,66015,7959,1109,281,587.93
2017-09-03,CAMP0010,Affiliate,49347,3359,198,26,82.02
2018-03-11,CAMP0021,Referral,93159,9013,465,74,537.44
2018-04-05,CAMP0020,Google Search,79704,6531,474,48,299.96
2017-09-06,CAMP0023,Facebook,51491,6343,420,32,1098.7
2017-06-10,CAMP0030,Affiliate,54790,2307,152,26,1131.96
2018-04-17,CAMP0005,Affiliate,10478,1043,154,23,543.57
2018-04-10,CAMP0005,Affiliate,74627,7681,1091,83,1828.67
2017-03-24,CAMP0002,Facebook,43347,2799,289,87,772.65
2018-01-27,CAMP0004,Instagram,95815,7328,1124,159,766.98
2018-03-27,CAMP0020,Google Search,75237,5757,621,79,1293.05
2017-05-12,CAMP0029,Organic,13753,423,67,8,1187.9
2017-11-29,CAMP0022,Referral,24517,1035,142,36,483.62
2017-09-09,CAMP0023,Facebook,6831,448,38,12,590.31
2018-03-08,CAMP0021,Referral,40247,1766,77,21,1024.23
2017-08-25,CAMP0016,Email,116809,5757,678,87,271.91
2018-01-06,CAMP0013,Affiliate,48655,1947,215,34,1224.89
2018-05-04,CAMP0025,Referral,88456,6273,448,65,1872.01
2017-09-18,CAMP0001,Affiliate,98294,2347,169,10,868.66
2018-04-04,CAMP0018,Instagram,22588,1044,167,55,1069.69
2017-01-10,CAMP0009,Google Search,116634,2670,97,8,270.56
2018-03-11,CAMP0020,Google Search,34865,4752,464,67,1831.84
2017-07-30,CAMP0016,Email,85169,4884,553,172,486.38
2017-06-03,CAMP0015,Instagram,15346,518,93,16,1733.15
2017-04-09,CAMP0029,Organic,113391,3531,627,56,259.54
2018-05-12,CAMP0014,Organic,66335,8085,550,139,1081.76
2017-05-04,CAMP0019,Google Search,105887,10015,1054,191,1014.29
2018-04-26,CAMP0017,Email,6138,219,13,1,1273.27
2018-03-28,CAMP0020,Google Search,105991,10744,1915,248,1150.84
2017-08-22,CAMP0028,Facebook,69584,9366,1632,235,1750.05
2017-03-24,CAMP0002,Facebook,31537,2711,471,80,1044.96
2018-05-06,CAMP0014,Organic,71690,3217,108,12,1502.42
2018-03-18,CAMP0005,Affiliate,42231,3044,205,45,822.47
2018-04-24,CAMP0025,Referral,29460,4310,626,89,1885.44
2017-08-15,CAMP0027,Affiliate,118728,5924,545,50,951.94
2017-06-14,CAMP0008,Instagram,28365,4008,150,49,1866.54
2017-09-10,CAMP0023,Facebook,15030,1625,135,25,528.87
2018-04-16,CAMP0025,Referral,119126,5996,400,120,304.53
2017-04-05,CAMP0019,Google Search,32642,4758,379,71,582.53
2018-03-06,CAMP0020,Google Search,83880,6183,484,118,217.39
2018-01-03,CAMP0013,Affiliate,96605,12224,1136,364,267.87
2017-03-25,CAMP0002,Facebook,92554,5542,967,211,707.7
2018-05-15,CAMP0025,Referral,58921,6275,356,24,1105.65
2017-08-07,CAMP0027,Affiliate,34889,1246,49,16,880.11
2018-04-02,CAMP0005,Affiliate,118636,5350,739,49,1460.88
2018-03-19,CAMP0020,Google Search,25334,1010,63,10,1401.71
2018-01-21,CAMP0004,Instagram,69927,7296,829,145,279.17
2017-05-28,CAMP0030,Affiliate,38101,812,39,5,831.54
2017-05-09,CAMP0029,Organic,97930,14351,1934,540,1743.65
2017-09-08,CAMP0010,Affiliate,62161,1068,173,13,1205.31
2018-02-24,CAMP0024,Organic,40826,3289,539,113,1701.07
2017-04-29,CAMP0019,Google Search,28681,4083,406,88,714.49
2017-01-14,CAMP0009,Google Search,24741,1466,230,54,1783.93
2018-04-19,CAMP0005,Affiliate,44460,2733,86,16,1925.47
2017-01-03,CAMP0007,Email,54447,5268,357,110,1792.46
2018-02-18,CAMP0024,Organic,31092,899,65,11,1672.45
2017-09-20,CAMP0001,Affiliate,54039,1177,77,11,1567.99
2017-08-24,CAMP0028,Facebook,62077,7741,456,150,614.88
2017-04-30,CAMP0029,Organic,102817,1811,110,11,1113.21
2017-08-06,CAMP0028,Facebook,50931,4155,250,54,1710.46
2018-03-16,CAMP0005,Affiliate,90110,4422,304,99,279.26
2018-04-30,CAMP0025,Referral,88549,9704,743,97,157.7
2018-05-07,CAMP0025,Referral,15340,1274,165,50,1186.5
2017-11-08,CAMP0022,Referral,79300,2255,373,32,1749.01
2017-09-22,CAMP0012,Organic,79465,3375,456,68,1957.68
2017-08-03,CAMP0016,Email,102234,7543,666,150,1980.28
2017-06-05,CAMP0030,Affiliate,12190,868,47,11,296.73
2017-10-16,CAMP0006,Organic,40062,2734,313,52,1567.26
2018-04-25,CAMP0025,Referral,104024,3202,325,105,1930.52
2018-04-04,CAMP0020,Google Search,11390,1510,140,20,454.24
2017-05-28,CAMP0030,Affiliate,51297,6740,566,190,1820.26
2017-01-15,CAMP0009,Google Search,40534,1402,148,23,918.44
2017-08-01,CAMP0016,Email,58978,4645,505,133,1355.94
2018-04-16,CAMP0005,Affiliate,16653,989,174,44,1889.52
2018-03-19,CAMP0020,Google Search,5304,340,55,8,346.09
2018-05-01,CAMP0025,Referral,36129,4793,691,72,1378.19
2017-05-31,CAMP0015,Instagram,19270,679,94,22,1475.39
2017-12-05,CAMP0022,Referral,78785,3902,583,105,1902.15
2017-09-23,CAMP0012,Organic,40224,2955,418,84,920.87
2017-04-29,CAMP0029,Organic,10441,831,123,42,592.38
2017-11-18,CAMP0022,Referral,64445,4003,357,115,1875.35
2017-08-06,CAMP0028,Facebook,9193,1283,57,16,1686.99
2017-09-05,CAMP0010,Affiliate,34752,4183,480,55,1197.71
2017-06-05,CAMP0008,Instagram,7226,614,108,10,1467.89
2018-04-06,CAMP0018,Instagram,89651,12570,940,220,337.57
2017-11-16,CAMP0011,Referral,10754,1276,157,27,1539.0
2017-06-12,CAMP0008,Instagram,87545,12623,1067,94,899.01
2017-08-21,CAMP0010,Affiliate,103212,4578,752,219,1982.45
2018-05-14,CAMP0014,Organic,62605,9120,1363,305,1766.32
2017-01-17,CAMP0007,Email,76248,3483,206,66,748.84
2018-04-29,CAMP0025,Referral,12445,260,29,2,282.38
2017-09-19,CAMP0012,Organic,118727,7241,438,117,1735.74
2017-08-27,CAMP0010,Affiliate,31359,2476,319,105,866.94
2017-10-09,CAMP0012,Organic,30851,3144,219,67,1755.22
2018-05-10,CAMP0017,Email,113033,14371,585,90,1137.29
2017-08-12,CAMP0028,Facebook,29303,1965,272,47,921.04
2018-04-09,CAMP0003,Facebook,38316,3758,214,18,1164.01
2017-10-03,CAMP0012,Organic,86475,11626,1400,124,1240.86
2018-05-03,CAMP0025,Referral,82010,4407,304,44,243.47
2017-09-22,CAMP0001,Affiliate,12205,1642,282,43,870.47
2017-09-10,CAMP0001,Affiliate,96965,2903,435,65,1341.54
2018-03-07,CAMP0021,Referral,46457,3979,219,40,872.0
2018-02-18,CAMP0004,Instagram,29267,3969,610,138,1477.91
2017-03-21,CAMP0002,Facebook,79872,9470,502,36,1694.59
2018-04-17,CAMP0003,Facebook,81413,3900,290,18,284.61
2018-05-21,CAMP0017,Email,53115,2689,187,17,707.45
2017-08-06,CAMP0028,Facebook,74279,6636,464,67,991.72
2018-04-29,CAMP0017,Email,35284,3802,183,30,1511.53
2017-03-17,CAMP0002,Facebook,104852,12056,1346,173,254.48
2018-03-07,CAMP0018,Instagram,29104,1169,132,6,1577.17
2018-04-11,CAMP0005,Affiliate,119547,13080,1429,317,1279.0
2017-10-17,CAMP0006,Organic,34404,1734,282,81,1286.04
2017-09-27,CAMP0012,Organic,98865,10733,473,77,1872.84
2017-01-08,CAMP0007,Email,112589,5308,230,77,1892.5
2017-11-03,CAMP0022,Referral,54876,872,90,25,1849.56
2017-05-31,CAMP0015,Instagram,49161,853,74,13,706.67
2017-03-11,CAMP0002,Facebook,61504,7158,888,193,1836.26
2018-02-22,CAMP0004,Instagram,91849,5470,771,214,1142.9
2017-05-20,CAMP0015,Instagram,38160,1085,156,21,1041.05
2017-09-30,CAMP0012,Organic,84804,4237,307,36,775.5
2017-09-08,CAMP0010,Affiliate,57523,4653,268,24,1964.16
2017-06-05,CAMP0030,Affiliate,96107,11118,696,145,199.62
2018-04-26,CAMP0025,Referral,50269,6189,1027,267,1213.11
2018-03-22,CAMP0020,Google Search,45555,4353,388,58,655.78
2017-12-29,CAMP0026,Affiliate,20301,1180,115,32,1627.43
2017-08-04,CAMP0028,Facebook,28445,1859,136,18,1699.65
2017-02-05,CAMP0009,Google Search,78515,7102,775,118,1202.92
2018-03-01,CAMP0021,Referral,6933,361,31,3,1767.0
2017-08-23,CAMP0027,Affiliate,88078,7192,1270,234,1574.73
2017-11-03,CAMP0022,Referral,10861,139,8,0,188.95
2017-12-31,CAMP0026,Affiliate,74513,7116,263,81,702.48
2017-05-03,CAMP0029,Organic,16648,2181,322,43,1630.24
2017-12-31,CAMP0013,Affiliate,30568,4355,763,213,1638.04
2018-02-15,CAMP0004,Instagram,54805,7339,523,120,597.55
2017-09-21,CAMP0001,Affiliate,13697,968,151,38,1607.51
2017-06-01,CAMP0008,Instagram,116374,16648,698,38,366.31
2017-05-23,CAMP0015,Instagram,63716,7048,521,142,384.49
2017-10-25,CAMP0006,Organic,102134,10154,752,39,1161.01
2017-12-28,CAMP0013,Affiliate,70523,5300,368,76,1276.46
2017-10-06,CAMP0012,Organic,34526,3584,128,42,1262.16
2017-03-20,CAMP0002,Facebook,57114,7332,845,189,1033.04
2018-04-03,CAMP0020,Google Search,90740,5285,417,46,1028.79
2017-11-13,CAMP0011,Referral,17806,963,91,26,693.41
2018-05-24,CAMP0017,Email,108394,14879,1074,248,1852.77
2017-08-05,CAMP0028,Facebook,69160,7642,999,262,821.23
2018-04-08,CAMP0003,Facebook,93188,7468,405,59,571.08
2017-06-06,CAMP0008,Instagram,38251,2609,135,19,1895.15
2018-04-25,CAMP0003,Facebook,56450,7360,449,104,1336.44
2017-05-20,CAMP0015,Instagram,97392,3412,241,68,1682.89
2017-09-22,CAMP0001,Affiliate,103076,2741,140,28,1690.7
2017-09-08,CAMP0010,Affiliate,46456,5542,931,132,1452.54
2017-10-31,CAMP0006,Organic,31534,1280,148,15,865.16
2017-04-09,CAMP0002,Facebook,59103,4030,478,165,1164.74
2018-01-27,CAMP0004,Instagram,79220,7736,389,60,271.76
2017-04-16,CAMP0029,Organic,119981,2358,150,36,50.24
2018-02-08,CAMP0004,Instagram,43957,6109,232,33,254.15
2018-03-16,CAMP0005,Affiliate,25838,3647,437,128,1869.36
2017-01-16,CAMP0009,Google Search,24136,2741,155,11,1617.69
2017-10-29,CAMP0006,Organic,12947,1720,276,62,1829.29
2017-09-24,CAMP0012,Organic,88257,2575,436,106,1416.87
2018-02-09,CAMP0024,Organic,6357,472,24,1,219.62
2018-04-07,CAMP0003,Facebook,9047,1146,106,30,169.7
2017-04-27,CAMP0019,Google Search,77044,9319,750,221,1771.85
2018-03-13,CAMP0021,Referral,116063,10758,1344,262,1072.36
2018-04-21,CAMP0005,Affiliate,39323,417,20,4,169.39
2017-04-09,CAMP0002,Facebook,49961,2657,366,65,879.63
2017-08-09,CAMP0028,Facebook,76517,3401,601,38,1591.42
2017-05-28,CAMP0015,Instagram,65911,8313,563,50,193.83
2017-05-07,CAMP0029,Organic,25383,2212,86,9,1766.23
2018-05-24,CAMP0017,Email,44261,3279,377,106,664.55
2017-03-28,CAMP0002,Facebook,72964,4883,168,20,1237.53
2017-05-10,CAMP0029,Organic,42114,4948,605,44,1782.81
2017-04-15,CAMP0019,Google Search,16047,563,46,10,1240.12
2018-04-22,CAMP0005,Affiliate,116341,1901,186,34,93.48
2017-08-10,CAMP0028,Facebook,90509,8984,908,192,361.88
2018-03-05,CAMP0021,Referral,94921,3618,256,75,1644.24
2017-12-14,CAMP0026,Affiliate,113080,13217,789,165,1704.16
2017-05-02,CAMP0029,Organic,37882,1324,183,9,856.81
2017-11-17,CAMP0011,Referral,117962,6826,1027,325,848.32
2018-02-01,CAMP0004,Instagram,108332,3108,249,35,585.35
2017-02-04,CAMP0007,Email,76736,3842,364,108,1233.63
2018-02-14,CAMP0024,Organic,113151,11643,1796,325,787.47
2018-04-09,CAMP0005,Affiliate,75418,3254,495,62,608.56
2017-08-06,CAMP0028,Facebook,44009,1746,197,13,1759.04
2017-09-20,CAMP0001,Affiliate,111182,8769,537,117,1230.14
2018-01-29,CAMP0024,Organic,16999,2414,199,32,931.63
2017-09-10,CAMP0001,Affiliate,106782,13646,776,140,1277.07
2017-10-24,CAMP0006,Organic,32446,4829,601,177,1979.94
2017-01-27,CAMP0007,Email,76151,6507,709,162,1755.38
2017-06-03,CAMP0008,Instagram,93113,9770,371,96,87.96
2017-04-25,CAMP0019,Google Search,112383,10134,777,208,1164.87
2018-04-13,CAMP0005,Affiliate,101842,10837,1217,241,532.96
2017-12-22,CAMP0026,Affiliate,30096,736,78,16,1580.12
2017-06-06,CAMP0008,Instagram,45935,4747,225,31,466.34
2018-03-07,CAMP0020,Google Search,94272,12370,636,192,411.3
2017-01-26,CAMP0007,Email,84883,8067,247,16,887.76
2017-11-05,CAMP0011,Referral,70079,3839,571,64,768.94
2017-10-27,CAMP0006,Organic,102849,15015,844,191,915.95
2017-03-17,CAMP0002,Facebook,36720,2065,356,40,1113.18
2017-07-31,CAMP0016,Email,100685,4205,635,205,274.61
2018-01-03,CAMP0013,Affiliate,25684,1293,149,20,580.57
2017-12-27,CAMP0026,Affiliate,112886,13039,574,134,1885.5
2018-01-02,CAMP0026,Affiliate,32935,3609,212,19,164.07
2018-01-24,CAMP0024,Organic,66397,8033,355,108,261.5
2017-12-04,CAMP0022,Referral,70007,2255,217,44,237.3
2018-03-08,CAMP0020,Google Search,107160,1635,273,42,557.15
2017-04-16,CAMP0019,Google Search,73360,7312,546,100,1695.82
2017-08-06,CAMP0028,Facebook,49008,5414,787,222,802.67
2017-10-08,CAMP0012,Organic,36949,2312,291,59,1905.71
2017-10-17,CAMP0006,Organic,117099,6567,731,92,1293.25
2018-04-02,CAMP0020,Google Search,93343,5786,538,42,863.4
2018-03-29,CAMP0018,Instagram,46588,4290,263,86,1340.07
2017-08-13,CAMP0016,Email,52926,5262,211,55,749.48
2018-01-14,CAMP0013,Affiliate,96561,5820,237,35,1192.53
2018-04-27,CAMP0003,Facebook,106092,4623,253,42,450.85
2017-05-21,CAMP0015,Instagram,59949,8043,309,81,525.74
2017-11-02,CAMP0006,Organic,102922,6191,197,14,1188.65
2017-09-20,CAMP0012,Organic,43765,3297,171,35,744.57
2018-05-04,CAMP0014,Organic,80327,3969,150,26,1419.66
2017-08-05,CAMP0028,Facebook,98329,12722,1973,424,1285.26
2018-04-03,CAMP0005,Affiliate,90393,11708,1548,249,887.73
2017-08-18,CAMP0016,Email,77867,10306,569,135,804.85
2017-09-10,CAMP0010,Affiliate,57983,3645,351,64,1593.64
2017-09-13,CAMP0023,Facebook,118255,1571,241,72,430.68
2017-01-19,CAMP0007,Email,67265,7473,697,134,606.84
2017-08-08,CAMP0016,Email,77323,2871,159,38,97.61
2018-01-31,CAMP0024,Organic,62741,4541,688,221,1028.99
2017-05-29,CAMP0015,Instagram,94788,6539,713,152,706.64
2018-01-13,CAMP0013,Affiliate,36364,3902,563,58,356.58
2017-11-13,CAMP0011,Referral,7538,687,114,12,433.63
2017-08-13,CAMP0016,Email,63910,4802,577,85,659.95
2018-05-04,CAMP0017,Email,40587,4224,663,214,627.18
2017-06-19,CAMP0008,Instagram,106095,14539,2327,710,302.14
2017-12-15,CAMP0026,Affiliate,69415,5895,659,139,1339.34
2018-04-12,CAMP0003,Facebook,16517,1285,213,64,1048.17
2017-05-14,CAMP0029,Organic,22748,2595,196,41,1137.8
2017-08-25,CAMP0023,Facebook,12586,1709,144,30,1456.62
2018-04-18,CAMP0014,Organic,98519,2244,311,39,1820.87
2018-03-24,CAMP0018,Instagram,95819,4714,373,74,515.63
2017-10-17,CAMP0006,Organic,93910,3018,102,17,65.6
2017-12-29,CAMP0013,Affiliate,107731,6615,706,214,1010.61
2017-07-31,CAMP0027,Affiliate,116063,9921,1509,330,1402.16
2017-06-06,CAMP0008,Instagram,106004,13594,2198,430,1226.37
2017-08-14,CAMP0027,Affiliate,100145,2845,311,30,613.83
2017-08-17,CAMP0028,Facebook,59209,4391,677,107,589.23
2017-09-10,CAMP0023,Facebook,24271,2426,213,66,1139.37
2017-09-22,CAMP0012,Organic,43186,5664,357,123,1355.0
2018-01-17,CAMP0013,Affiliate,101677,6983,257,15,514.35
2017-10-09,CAMP0012,Organic,6146,197,6,0,500.42
2017-10-30,CAMP0006,Organic,85380,1155,128,40,204.42
2017-04-21,CAMP0029,Organic,116803,7663,1089,170,1979.76
2017-05-16,CAMP0029,Organic,89994,6471,208,43,322.54
2018-03-31,CAMP0005,Affiliate,7250,606,76,12,1394.42
2017-06-16,CAMP0008,Instagram,70325,6311,537,122,813.03
2017-05-27,CAMP0015,Instagram,26855,3553,123,10,372.68
2017-04-24,CAMP0029,Organic,17449,592,100,12,1466.48
2017-11-12,CAMP0011,Referral,29865,2071,349,32,1058.09
2017-09-10,CAMP0001,Affiliate,75564,3503,437,143,914.24
2017-11-16,CAMP0022,Referral,63769,1157,138,33,87.49
2017-08-11,CAMP0016,Email,27300,3069,220,28,550.34
2017-08-01,CAMP0028,Facebook,23160,3220,420,69,1499.61
2017-08-09,CAMP0028,Facebook,49364,2465,356,21,1501.38
2017-09-19,CAMP0001,Affiliate,41832,2166,207,71,1512.62
2018-05-12,CAMP0017,Email,63028,3184,534,184,1609.02
2018-01-03,CAMP0026,Affiliate,20260,2618,277,68,743.78
2017-11-10,CAMP0022,Referral,46277,6463,826,224,1801.03
2017-01-28,CAMP0007,Email,45747,6719,341,27,555.95
2018-03-27,CAMP0005,Affiliate,89617,3659,641,106,1181.02
2017-08-20,CAMP0010,Affiliate,95772,3091,359,52,1283.13
2017-04-26,CAMP0019,Google Search,53424,5184,918,183,1041.22
2017-11-10,CAMP0011,Referral,57623,7266,903,181,1673.83
2017-05-06,CAMP0029,Organic,63816,3856,182,24,1016.41
2018-03-13,CAMP0021,Referral,58557,8534,1467,202,55.95
2017-08-25,CAMP0028,Facebook,35480,2314,345,50,617.73
2018-04-14,CAMP0014,Organic,18848,189,9,1,1495.93
2017-10-17,CAMP0006,Organic,108442,4753,370,18,1142.93
2017-01-28,CAMP0007,Email,59912,5022,802,170,404.08
2018-03-01,CAMP0018,Instagram,21601,2202,339,116,512.62
2018-05-17,CAMP0025,Referral,68687,4430,160,25,95.4
2017-06-10,CAMP0030,Affiliate,70489,2064,89,9,1427.28
2018-03-10,CAMP0018,Instagram,43625,4325,296,59,1126.03
2018-05-13,CAMP0014,Organic,27364,665,65,21,667.82
2017-03-17,CAMP0002,Facebook,38789,4305,726,230,1657.04
2017-09-20,CAMP0012,Organic,65385,819,113,6,504.85
2018-03-05,CAMP0018,Instagram,57835,2367,150,37,1831.89
2018-01-26,CAMP0024,Organic,106832,15819,1695,209,885.93
2017-08-15,CAMP0028,Facebook,65853,9671,1435,300,806.99
2017-01-26,CAMP0007,Email,60611,3349,110,31,1308.47
2017-01-25,CAMP0007,Email,49249,7296,391,89,176.86
2018-05-20,CAMP0017,Email,5624,396,54,4,911.17
2018-04-04,CAMP0003,Facebook,81164,2560,230,19,1446.89
2018-02-21,CAMP0024,Organic,54865,8125,1185,321,1974.68
2017-08-09,CAMP0027,Affiliate,110950,10078,838,65,516.08
2017-02-03,CAMP0009,Google Search,8633,86,5,1,1764.67
2017-09-12,CAMP0001,Affiliate,37230,4601,811,190,1782.3
2018-05-13,CAMP0014,Organic,50677,2578,250,45,913.81
2017-08-13,CAMP0016,Email,89267,8109,1138,314,1681.06
2017-04-25,CAMP0019,Google Search,48969,6640,237,34,1724.68
2018-03-09,CAMP0021,Referral,49314,2565,186,29,1574.62
2017-09-23,CAMP0012,Organic,99949,10232,1136,330,949.46
2017-09-13,CAMP0001,Affiliate,117207,1620,189,56,1759.91
2018-02-02,CAMP0004,Instagram,73641,3756,392,136,498.39
2018-03-11,CAMP0021,Referral,94866,10370,1500,362,1879.06
2017-06-07,CAMP0008,Instagram,96363,13075,465,140,1016.85
2017-11-01,CAMP0006,Organic,92784,12044,508,114,1466.82
2018-03-11,CAMP0021,Referral,107750,2226,146,12,74.93
2017-01-23,CAMP0007,Email,50866,4049,642,222,100.86
2018-05-16,CAMP0025,Referral,44073,6478,531,50,1174.32
2017-08-17,CAMP0028,Facebook,98456,12568,1095,171,1525.19
2018-03-01,CAMP0021,Referral,56674,3974,651,39,1614.81
2017-08-04,CAMP0027,Affiliate,95311,4427,392,82,464.52
2018-01-22,CAMP0024,Organic,71901,2789,98,10,1315.27
2017-06-13,CAMP0008,Instagram,85723,2257,372,101,1425.27
2017-06-01,CAMP0008,Instagram,93411,4422,300,17,1326.23
2018-05-04,CAMP0014,Organic,118879,3305,409,47,1208.31
2017-07-24,CAMP0016,Email,118025,14137,1759,387,864.0
2018-02-12,CAMP0024,Organic,91840,5476,913,288,1968.39
2017-05-21,CAMP0015,Instagram,96873,4318,461,150,349.54
2017-10-01,CAMP0012,Organic,44681,5705,722,139,1165.8
2017-09-01,CAMP0023,Facebook,76545,6156,737,229,536.62
2017-09-20,CAMP0001,Affiliate,33928,4461,734,204,706.55
2018-02-12,CAMP0024,Organic,91233,13675,1672,140,426.24
2018-01-11,CAMP0013,Affiliate,8510,487,49,12,686.57
2018-04-28,CAMP0014,Organic,87067,7464,1019,227,1820.29
2017-08-30,CAMP0023,Facebook,98924,5072,758,177,647.83
2017-01-06,CAMP0007,Email,17120,2193,142,25,72.35
2017-12-21,CAMP0026,Affiliate,36620,2349,200,14,1035.1
2017-01-30,CAMP0007,Email,47431,3106,422,88,1558.31
2017-10-19,CAMP0006,Organic,37564,601,28,8,198.09
2017-06-07,CAMP0015,Instagram,85947,2083,193,40,1929.44
2018-04-18,CAMP0025,Referral,93259,7602,1258,190,856.73
2017-08-29,CAMP0023,Facebook,87725,4040,558,54,665.98
2018-01-12,CAMP0013,Affiliate,60827,6283,359,66,288.76
2017-09-22,CAMP0001,Affiliate,43432,2528,118,20,1362.69
2017-05-21,CAMP0015,Instagram,113346,16308,1846,468,195.52
2018-01-18,CAMP0013,Affiliate,55523,1835,80,22,367.93
2018-02-21,CAMP0024,Organic,11863,932,83,6,176.82
2017-04-24,CAMP0019,Google Search,59960,4909,741,192,933.05
2017-06-03,CAMP0030,Affiliate,26884,2994,381,94,483.84
2017-12-14,CAMP0026,Affiliate,114702,10132,422,109,1520.02
2018-03-26,CAMP0005,Affiliate,106140,12814,2286,325,1255.61
2017-06-02,CAMP0015,Instagram,54135,7265,319,49,493.56
2017-12-03,CAMP0022,Referral,80934,4498,277,83,1241.59
2017-09-23,CAMP0012,Organic,85019,12250,1690,519,116.14
2017-09-12,CAMP0010,Affiliate,102294,1809,164,36,631.91
2017-06-12,CAMP0008,Instagram,62430,3755,207,41,420.57
2017-03-22,CAMP0002,Facebook,13519,2004,341,101,289.13
2017-08-15,CAMP0027,Affiliate,14794,705,40,10,1584.42
2017-04-10,CAMP0019,Google Search,83907,7679,837,180,1770.0
2017-06-18,CAMP0008,Instagram,61200,8240,860,209,415.33
2017-01-16,CAMP0007,Email,67423,3535,636,55,989.29
2018-03-08,CAMP0020,Google Search,16071,2369,164,32,731.22
2017-04-06,CAMP0002,Facebook,43349,2639,157,20,708.77
2017-05-04,CAMP0029,Organic,18380,1218,162,32,1868.13
2017-12-17,CAMP0026,Affiliate,67733,7277,1002,293,1999.03
2017-06-06,CAMP0015,Instagram,87332,8230,844,132,280.54
2017-06-10,CAMP0008,Instagram,61239,2100,88,12,375.85
2017-12-26,CAMP0026,Affiliate,31758,4005,657,67,1874.66
2017-08-19,CAMP0023,Facebook,79274,1470,140,38,1246.65
2017-04-13,CAMP0029,Organic,100568,1068,152,39,1348.87
2017-11-17,CAMP0011,Referral,61594,8681,861,110,1132.85
2017-04-23,CAMP0029,Organic,38227,4896,422,28,613.93
2017-01-12,CAMP0007,Email,90924,11297,938,265,928.55
2018-02-08,CAMP0024,Organic,49080,5709,376,26,565.89
2017-10-30,CAMP0022,Referral,101800,4244,324,100,105.3
2017-05-21,CAMP0030,Affiliate,110572,12571,666,82,617.11
2017-08-10,CAMP0016,Email,86355,5975,1065,147,1358.47
2017-11-27,CAMP0022,Referral,36615,3881,402,77,197.72
2017-11-05,CAMP0011,Referral,89064,12982,925,233,694.57
2017-04-26,CAMP0029,Organic,107521,6973,1228,174,1516.55
2017-10-17,CAMP0006,Organic,20567,2549,175,35,608.44
2018-05-21,CAMP0025,Referral,32904,1372,130,42,585.29
2017-11-01,CAMP0006,Organic,101438,6229,613,75,1601.36
2017-09-22,CAMP0012,Organic,107195,10991,1648,399,119.18
2017-09-20,CAMP0012,Organic,14257,1918,157,10,1326.49
2017-03-25,CAMP0002,Facebook,33141,3810,395,79,1633.81
2017-08-01,CAMP0027,Affiliate,81142,6988,673,94,1222.56
2018-03-10,CAMP0021,Referral,38270,1352,47,15,737.68
2018-03-15,CAMP0018,Instagram,22001,593,55,18,682.48
2017-09-10,CAMP0001,Affiliate,91770,3283,256,34,346.88
2018-04-04,CAMP0018,Instagram,36967,5445,489,140,1641.79
2017-08-17,CAMP0027,Affiliate,115092,16236,1619,428,467.44
2017-05-25,CAMP0030,Affiliate,43404,3663,399,51,1675.43
2018-04-12,CAMP0014,Organic,76186,9599,1220,296,527.83
2018-03-26,CAMP0020,Google Search,91683,4203,365,126,978.66
2018-03-01,CAMP0024,Organic,105609,10962,1089,297,1252.26
2017-04-24,CAMP0019,Google Search,92798,6702,759,127,348.33
2017-06-17,CAMP0008,Instagram,96116,8603,376,35,1576.97
2018-02-01,CAMP0024,Organic,30731,599,40,12,518.89
2017-06-04,CAMP0008,Instagram,49179,4880,350,88,628.05
2017-05-30,CAMP0015,Instagram,76501,9566,650,148,1805.5
2017-06-13,CAMP0008,Instagram,101851,11666,842,270,1528.77
2017-06-02,CAMP0015,Instagram,11492,471,63,17,1261.27
2018-04-25,CAMP0014,Organic,76074,7752,609,123,1753.63
2018-01-01,CAMP0013,Affiliate,58396,3035,459,40,542.14
2017-05-23,CAMP0015,Instagram,84173,2065,134,15,572.86
2018-02-14,CAMP0024,Organic,86386,11071,1887,574,670.93
2018-03-28,CAMP0020,Google Search,44612,1463,106,31,1367.53
2017-03-27,CAMP0002,Facebook,104930,11021,685,73,1205.13
2017-09-22,CAMP0001,Affiliate,39306,3486,275,17,1484.64
2017-06-09,CAMP0015,Instagram,52962,1784,188,31,519.73
2017-01-09,CAMP0007,Email,12750,1086,108,31,1398.15
2017-11-07,CAMP0011,Referral,19269,1113,127,42,1752.95
2017-09-08,CAMP0023,Facebook,36888,2616,362,35,1117.02
2017-09-12,CAMP0010,Affiliate,30899,389,67,10,914.53
2017-04-08,CAMP0019,Google Search,37344,1189,42,10,606.27
2017-09-20,CAMP0001,Affiliate,12590,769,92,8,1185.18
2017-06-15,CAMP0008,Instagram,41402,5333,244,13,845.73
2017-11-14,CAMP0011,Referral,117186,11047,1343,342,739.38
2018-03-06,CAMP0021,Referral,90118,4561,605,206,1549.47
2017-04-08,CAMP0002,Facebook,41750,696,113,24,942.82
2017-09-13,CAMP0010,Affiliate,82290,3604,195,11,840.03
2018-04-19,CAMP0014,Organic,103961,6063,666,66,1151.96
2017-03-11,CAMP0002,Facebook,26115,620,22,2,378.02
2017-04-22,CAMP0019,Google Search,67243,9815,356,45,428.34
2017-09-11,CAMP0010,Affiliate,46131,679,53,14,946.85
2017-05-29,CAMP0015,Instagram,71553,1713,124,8,336.6
2017-08-01,CAMP0016,Email,58417,2359,394,127,1001.8
2017-05-06,CAMP0019,Google Search,42552,442,62,16,1519.45
2017-02-03,CAMP0009,Google Search,47208,4122,266,89,1453.48
2018-04-16,CAMP0003,Facebook,66190,4198,392,46,1296.56
2017-10-24,CAMP0006,Organic,30003,978,83,8,703.09
2017-08-14,CAMP0023,Facebook,24185,1473,77,15,263.04
2017-08-01,CAMP0016,Email,57965,4933,652,120,879.36
2017-12-28,CAMP0026,Affiliate,89892,12623,1230,277,840.34
2017-08-23,CAMP0023,Facebook,32989,1948,191,47,1250.27
2018-04-25,CAMP0014,Organic,118729,9518,1128,367,167.76
2017-01-26,CAMP0009,Google Search,66178,4872,404,102,1196.37
2018-01-08,CAMP0013,Affiliate,38401,2917,238,65,176.44
2018-02-21,CAMP0004,Instagram,60475,1802,142,47,839.97
2017-07-26,CAMP0016,Email,93807,2876,488,84,596.51
2017-08-30,CAMP0023,Facebook,64901,5412,617,139,1956.91
2017-03-17,CAMP0002,Facebook,35675,1341,214,62,1561.9
2018-04-08,CAMP0018,Instagram,77684,11209,1988,465,1965.14
2017-02-03,CAMP0007,Email,18903,1145,111,17,1883.07
2017-11-17,CAMP0011,Referral,58334,8397,1111,227,904.17
2017-10-22,CAMP0006,Organic,99295,7322,279,59,175.43
2017-06-15,CAMP0008,Instagram,62630,7240,331,40,1618.11
2017-11-15,CAMP0011,Referral,91965,6486,986,270,1824.38
2017-09-15,CAMP0001,Affiliate,68881,2378,172,26,825.75
2018-03-06,CAMP0021,Referral,19991,1534,107,6,628.8
2017-08-01,CAMP0028,Facebook,46197,463,47,16,641.23
2017-11-06,CAMP0011,Referral,57661,5181,911,277,101.59
2018-02-23,CAMP0024,Organic,24693,2418,184,30,1950.8
2017-11-09,CAMP0011,Referral,42499,4640,273,19,1223.15
2017-12-31,CAMP0026,Affiliate,93303,8027,1225,407,234.74
2017-08-05,CAMP0028,Facebook,78011,1904,79,25,190.01
2017-03-23,CAMP0002,Facebook,75216,4565,710,114,898.66
2017-05-27,CAMP0015,Instagram,83743,3366,219,43,1567.78
2018-03-23,CAMP0018,Instagram,13831,421,42,11,732.6
2017-04-23,CAMP0019,Google Search,48785,3228,354,47,575.86
2017-01-23,CAMP0007,Email,45982,3079,268,85,1183.22
2017-11-13,CAMP0011,Referral,15813,577,17,3,1107.92
2017-09-25,CAMP0012,Organic,93574,11214,509,93,867.52
2017-08-10,CAMP0027,Affiliate,65509,6143,274,16,838.27
2017-11-05,CAMP0011,Referral,14255,2028,320,64,1893.72
2018-04-05,CAMP0020,Google Search,89514,3394,579,70,542.64
2018-01-09,CAMP0013,Affiliate,7498,662,28,2,1332.45
2018-04-09,CAMP0005,Affiliate,32456,2480,440,91,1869.78
2017-08-25,CAMP0016,Email,53633,3612,470,133,1044.52
2018-02-09,CAMP0004,Instagram,39021,5444,456,78,309.64
2017-01-12,CAMP0007,Email,115565,8241,328,25,1387.12
2018-02-15,CAMP0024,Organic,25689,643,86,13,52.7
2018-04-20,CAMP0014,Organic,53112,7063,665,135,1946.04
2018-03-26,CAMP0005,Affiliate,17482,1465,150,40,1332.69
2017-05-31,CAMP0030,Affiliate,88271,12170,1993,192,992.89
2017-12-22,CAMP0026,Affiliate,108384,11926,1722,99,403.9
2017-05-21,CAMP0030,Affiliate,106155,12983,1388,194,77.63
2017-11-02,CAMP0006,Organic,33894,3645,367,106,911.65
2017-08-23,CAMP0016,Email,41189,1598,284,71,1083.35
2018-05-17,CAMP0017,Email,5718,412,48,9,1614.61
2017-01-16,CAMP0009,Google Search,48808,3363,327,64,1669.74
2018-01-13,CAMP0013,Affiliate,90935,13341,551,162,1792.6
2017-11-08,CAMP0022,Referral,79790,2176,142,32,1179.62
2017-09-27,CAMP0012,Organic,95670,13010,2098,725,143.84
2017-02-04,CAMP0009,Google Search,106151,12726,957,290,704.63
2018-02-11,CAMP0024,Organic,86057,9255,1436,321,419.35
2017-03-29,CAMP0002,Facebook,31653,2980,350,89,1225.22
2017-06-04,CAMP0030,Affiliate,46990,1242,46,11,276.02
2017-10-06,CAMP0012,Organic,70628,6588,206,10,146.94
2017-05-22,CAMP0030,Affiliate,107844,3391,120,21,997.83
2017-03-26,CAMP0002,Facebook,43050,828,69,6,298.75
2017-04-08,CAMP0002,Facebook,99155,9414,1622,181,316.07
2017-12-24,CAMP0026,Affiliate,55770,1732,177,40,358.13
2017-09-13,CAMP0001,Affiliate,111906,9623,958,317,1901.99
2017-05-15,CAMP0029,Organic,101532,6636,503,77,1637.13
2017-05-28,CAMP0030,Affiliate,114638,7696,534,87,1178.9
2018-05-15,CAMP0014,Organic,109633,2019,111,28,1479.49
2017-10-18,CAMP0006,Organic,83984,11285,930,127,397.07
2017-03-24,CAMP0002,Facebook,77993,924,63,9,1943.19
2017-04-03,CAMP0019,Google Search,33967,4157,342,73,1059.76
2017-09-09,CAMP0010,Affiliate,87692,9254,974,131,994.76
2017-08-18,CAMP0010,Affiliate,59032,8540,1504,375,1910.53
2017-12-22,CAMP0026,Affiliate,45646,2353,184,34,814.08
2018-04-02,CAMP0018,Instagram,95460,3381,222,19,1896.55
2018-04-16,CAMP0003,Facebook,75747,1956,176,34,271.43
2018-04-05,CAMP0020,Google Search,26631,2182,362,79,620.84
2018-03-05,CAMP0021,Referral,56079,5610,835,131,682.55
2017-08-08,CAMP0028,Facebook,73990,7431,1154,279,866.72
2017-06-20,CAMP0008,Instagram,42327,2682,457,103,969.36
2018-04-14,CAMP0005,Affiliate,15784,897,70,16,1217.44
2017-08-11,CAMP0023,Facebook,30820,2713,115,6,1117.8
2017-09-25,CAMP0012,Organic,101691,4367,461,78,1466.88
2017-06-09,CAMP0015,Instagram,59338,5682,368,118,1102.82
2018-04-02,CAMP0020,Google Search,17977,1991,102,15,824.09
2018-05-11,CAMP0014,Organic,12565,1667,237,21,1861.0
2017-02-05,CAMP0009,Google Search,97699,8572,1493,226,645.78
2017-04-15,CAMP0019,Google Search,79331,10826,455,48,1998.89
2017-08-08,CAMP0028,Facebook,24263,2849,91,14,1335.6
2017-08-23,CAMP0027,Affiliate,78498,7168,465,53,391.91
2017-11-09,CAMP0011,Referral,23417,1025,83,4,558.6
2018-02-23,CAMP0024,Organic,109495,6751,1196,348,302.81
2018-03-04,CAMP0021,Referral,108342,1648,177,37,982.19
2018-01-19,CAMP0013,Affiliate,87652,4391,775,199,1027.72
2017-11-11,CAMP0011,Referral,26080,1487,173,8,872.17
2018-04-04,CAMP0020,Google Search,102531,3661,214,26,1856.01
2018-03-29,CAMP0005,Affiliate,115812,16202,1556,489,223.88
2017-05-23,CAMP0030,Affiliate,108074,10058,937,268,1228.72
2017-10-09,CAMP0012,Organic,75876,9235,564,115,1294.03
2018-01-02,CAMP0013,Affiliate,71525,8842,797,164,841.23
2017-09-20,CAMP0001,Affiliate,55226,1412,70,8,1137.24
2017-09-21,CAMP0001,Affiliate,76679,6034,415,117,133.81
2018-03-19,CAMP0005,Affiliate,73552,7488,791,135,341.57
2017-08-13,CAMP0016,Email,109960,15256,1814,448,152.05
2017-04-08,CAMP0002,Facebook,32539,3843,333,93,65.58
2017-07-28,CAMP0016,Email,40435,4073,340,48,99.8
2018-04-28,CAMP0025,Referral,98155,8571,1166,279,985.04
2018-01-12,CAMP0004,Instagram,78746,1976,268,89,1943.7
2017-08-02,CAMP0027,Affiliate,99012,3465,537,164,388.55
2017-06-10,CAMP0008,Instagram,26117,3610,228,70,1458.38
2017-11-14,CAMP0022,Referral,18179,1900,322,105,748.64
2017-05-21,CAMP0015,Instagram,20219,622,84,19,1254.45
2017-11-13,CAMP0011,Referral,23804,643,82,24,761.15
2017-08-23,CAMP0016,Email,107826,14124,854,264,932.59
2017-05-14,CAMP0029,Organic,73631,3764,176,12,459.18
2018-04-19,CAMP0025,Referral,109283,7149,597,117,1036.27
2018-03-07,CAMP0020,Google Search,48232,3411,588,130,324.93
2018-02-12,CAMP0024,Organic,110695,16485,648,61,1585.83
2017-12-20,CAMP0026,Affiliate,98505,7598,256,43,413.8
2017-06-03,CAMP0015,Instagram,65893,6862,1177,66,1962.22
2018-03-06,CAMP0021,Referral,50620,3959,143,18,1178.14
2017-08-16,CAMP0023,Facebook,29379,2691,299,56,1566.85
2017-12-04,CAMP0022,Referral,56449,5746,863,55,687.08
2018-03-07,CAMP0020,Google Search,102837,8149,928,176,508.44
2017-06-04,CAMP0008,Instagram,49028,3641,220,26,674.93
2018-04-01,CAMP0020,Google Search,97830,8752,779,113,553.92
2017-08-29,CAMP0010,Affiliate,112726,2680,426,64,1755.47
2018-01-02,CAMP0026,Affiliate,106645,8764,1507,162,567.97
2017-03-24,CAMP0002,Facebook,41987,5793,330,113,1170.1
2017-09-05,CAMP0010,Affiliate,31935,3357,131,28,1583.77
2017-04-23,CAMP0019,Google Search,42708,1840,129,36,1847.36
2017-12-30,CAMP0013,Affiliate,104275,9517,1168,93,1637.58
2018-04-06,CAMP0020,Google Search,34144,4193,132,15,1000.66
2018-04-26,CAMP0025,Referral,104074,10792,1305,269,1975.77
2017-08-06,CAMP0028,Facebook,6154,724,75,13,1418.26
2017-03-21,CAMP0002,Facebook,22705,3260,447,148,733.36
2018-05-24,CAMP0017,Email,13578,1853,275,22,1915.74
2017-10-20,CAMP0006,Organic,43921,3620,550,169,1826.02
2017-11-09,CAMP0011,Referral,66576,9050,1591,437,1500.15
2018-04-22,CAMP0003,Facebook,80947,5285,326,91,1268.45
2017-06-02,CAMP0030,Affiliate,80181,3963,221,64,1379.27
2017-10-12,CAMP0012,Organic,84491,10092,313,69,1556.69
2017-08-30,CAMP0023,Facebook,16084,824,143,47,139.46
2017-10-28,CAMP0006,Organic,109713,3342,482,59,1024.26
2018-04-26,CAMP0003,Facebook,53815,7647,365,23,1282.3
2018-01-23,CAMP0024,Organic,74508,3685,338,54,904.41
2017-12-29,CAMP0013,Affiliate,91811,11658,902,121,249.86
2017-06-07,CAMP0008,Instagram,44832,6501,542,76,1520.44
2017-05-11,CAMP0029,Organic,61498,6424,903,232,937.97
2017-01-15,CAMP0009,Google Search,74382,1517,72,22,521.78
2017-01-13,CAMP0009,Google Search,117321,14732,546,77,1100.49
2017-08-20,CAMP0010,Affiliate,44517,626,102,13,77.98
2017-09-16,CAMP0001,Affiliate,40394,1598,64,18,1555.31
2018-01-07,CAMP0013,Affiliate,18859,765,39,7,1356.55
2017-08-07,CAMP0028,Facebook,28181,1908,249,27,1031.55
2017-06-07,CAMP0008,Instagram,20769,2606,358,115,1557.81
2018-03-17,CAMP0018,Instagram,27526,3781,353,44,822.35
2017-11-08,CAMP0011,Referral,111553,4801,698,218,457.78
2017-02-05,CAMP0009,Google Search,95514,13651,591,98,1317.88
2017-01-15,CAMP0007,Email,92455,2461,306,47,1860.75
2017-11-15,CAMP0011,Referral,111531,12987,2087,690,1988.51
2018-03-19,CAMP0018,Instagram,17242,2296,290,26,1569.1
2017-04-02,CAMP0002,Facebook,32892,2011,113,6,350.54
2017-08-11,CAMP0027,Affiliate,34327,2428,414,90,600.88
2017-09-27,CAMP0012,Organic,104231,5705,428,116,1445.87
2017-09-07,CAMP0010,Affiliate,116992,4963,615,177,1890.59
2017-04-16,CAMP0029,Organic,114846,9029,1196,279,423.46
2017-06-02,CAMP0008,Instagram,71967,6472,199,26,1720.83
2017-12-16,CAMP0026,Affiliate,118336,6279,323,59,456.52
2017-08-07,CAMP0016,Email,110690,7732,946,317,725.91
2018-03-03,CAMP0021,Referral,98483,11028,703,86,809.6
2017-01-13,CAMP0009,Google Search,114938,2609,463,75,1592.29
2018-03-06,CAMP0021,Referral,10783,690,73,11,1312.19
2018-04-28,CAMP0014,Organic,58258,1248,121,7,1543.92
2017-04-10,CAMP0029,Organic,36909,2710,353,41,99.81
2017-08-12,CAMP0027,Affiliate,56393,648,87,25,1632.16
2017-11-08,CAMP0011,Referral,61720,5926,333,35,324.1
2017-08-25,CAMP0028,Facebook,30891,3301,356,20,1540.62
2018-04-07,CAMP0018,Instagram,25927,1565,139,16,1041.69
2018-04-21,CAMP0003,Facebook,98435,12499,697,91,1917.83
2017-06-20,CAMP0008,Instagram,8350,260,11,0,890.11
2017-09-15,CAMP0001,Affiliate,83341,5355,857,84,866.8
2017-09-22,CAMP0001,Affiliate,14138,822,131,38,1364.02
2017-08-30,CAMP0010,Affiliate,12929,766,76,9,1412.68
2018-05-12,CAMP0025,Referral,47639,646,52,6,1239.49
2017-07-29,CAMP0027,Affiliate,35360,2478,216,18,187.71
2018-04-21,CAMP0005,Affiliate,55664,6655,1138,277,1325.31
2017-08-18,CAMP0028,Facebook,94761,7242,520,135,500.44
2017-04-08,CAMP0002,Facebook,5865,592,74,8,829.14
2017-08-19,CAMP0023,Facebook,107091,4917,633,103,1436.67
2017-12-22,CAMP0026,Affiliate,47314,1483,61,12,857.15
2017-08-15,CAMP0023,Facebook,79998,6763,1054,157,61.71
2018-01-29,CAMP0004,Instagram,74203,7256,346,97,938.17
2017-01-31,CAMP0009,Google Search,82678,2818,317,41,1921.11
2017-04-04,CAMP0019,Google Search,6658,500,38,5,1455.08
2017-12-29,CAMP0013,Affiliate,77278,4289,288,49,777.89
2017-09-20,CAMP0001,Affiliate,63062,2803,418,124,1713.38
2017-04-06,CAMP0019,Google Search,104617,11677,1429,334,129.7
2017-01-08,CAMP0007,Email,12719,434,72,6,971.34
2017-08-17,CAMP0023,Facebook,92073,3309,374,99,1939.85
2017-03-18,CAMP0002,Facebook,95114,2921,366,104,1278.51
2017-07-29,CAMP0027,Affiliate,30182,314,10,2,792.85
2018-05-15,CAMP0017,Email,88761,3300,172,32,369.3
2017-09-15,CAMP0001,Affiliate,53077,4543,531,127,383.13
2018-01-03,CAMP0026,Affiliate,26389,3843,306,92,1026.43
2018-03-14,CAMP0005,Affiliate,106489,1508,104,35,142.02
2018-03-06,CAMP0021,Referral,111458,15500,2743,930,1756.77
2017-09-13,CAMP0023,Facebook,24668,2389,255,53,621.74
2018-01-29,CAMP0004,Instagram,107165,14359,521,176,619.35
2017-04-30,CAMP0029,Organic,24079,3471,602,32,768.83
2018-04-18,CAMP0025,Referral,68197,2991,368,43,1287.77
2017-06-11,CAMP0008,Instagram,22309,344,45,7,1567.97
2017-08-16,CAMP0023,Facebook,97830,5760,503,56,786.46
2018-03-22,CAMP0018,Instagram,97965,13241,947,243,562.46
2017-10-29,CAMP0022,Referral,102264,12879,1788,162,1832.01
2017-09-17,CAMP0001,Affiliate,46793,3950,559,108,406.32
2017-08-19,CAMP0023,Facebook,49271,4284,145,31,760.66
2018-04-12,CAMP0003,Facebook,40627,2746,220,45,1078.58
2017-04-16,CAMP0029,Organic,101400,6263,948,183,1059.41
2017-09-17,CAMP0001,Affiliate,70688,1630,251,23,1392.24
2017-08-15,CAMP0016,Email,108244,11834,1707,338,1044.47
2018-01-06,CAMP0013,Affiliate,68556,2226,189,57,872.47
2017-08-08,CAMP0027,Affiliate,42100,4772,233,70,853.72
2017-04-13,CAMP0019,Google Search,53405,4968,765,235,397.93
2017-08-23,CAMP0010,Affiliate,78966,7583,385,75,467.69
2018-02-28,CAMP0024,Organic,96491,12169,1147,205,1049.89
2017-08-07,CAMP0028,Facebook,70652,3328,335,38,242.3
2017-12-31,CAMP0026,Affiliate,64354,9396,995,91,104.06
2017-04-12,CAMP0019,Google Search,100990,10383,912,148,783.87
2017-12-18,CAMP0026,Affiliate,54416,7803,1219,201,604.17
2018-05-09,CAMP0017,Email,86024,9994,1527,197,1957.01
2017-06-09,CAMP0015,Instagram,54445,1969,286,95,1640.0
2017-06-02,CAMP0015,Instagram,90344,8155,575,142,598.99
2017-01-28,CAMP0009,Google Search,15532,156,10,1,362.85
2018-02-09,CAMP0004,Instagram,45406,5093,477,37,745.64
2017-09-04,CAMP0023,Facebook,48173,5614,564,32,1207.95
2017-09-03,CAMP0010,Affiliate,73469,10885,1475,181,1476.06
2017-06-19,CAMP0008,Instagram,59775,1022,35,2,1265.26
2017-08-10,CAMP0016,Email,109878,2404,424,115,883.67
2017-05-04,CAMP0019,Google Search,74094,3285,198,53,486.67
2017-02-03,CAMP0007,Email,61317,1896,316,77,74.14
2018-01-28,CAMP0024,Organic,110948,15602,2518,588,1550.85
2017-11-15,CAMP0022,Referral,40751,3903,259,76,902.63
2017-08-20,CAMP0028,Facebook,71104,9409,1122,278,361.65
2018-01-24,CAMP0004,Instagram,69604,9883,1480,248,1318.3
2018-04-14,CAMP0014,Organic,111370,5175,478,61,163.59
2018-03-14,CAMP0020,Google Search,77591,8497,593,186,1658.57
2017-12-10,CAMP0022,Referral,9585,97,5,1,507.32
2018-01-09,CAMP0013,Affiliate,62066,6392,412,69,524.33
2017-04-21,CAMP0029,Organic,7484,983,127,20,738.63
2017-06-16,CAMP0008,Instagram,12387,1385,108,19,408.99
2017-08-19,CAMP0027,Affiliate,37237,1561,162,20,1248.12
2018-01-06,CAMP0013,Affiliate,69686,3400,603,209,823.76
2017-01-30,CAMP0009,Google Search,118189,7552,354,91,52.06
2018-04-03,CAMP0005,Affiliate,22461,1901,161,30,1390.91
2017-06-10,CAMP0015,Instagram,12853,764,64,16,1765.79
2017-10-10,CAMP0012,Organic,103310,12591,1442,400,703.26
2017-09-21,CAMP0012,Organic,92405,8668,1169,338,369.64
2018-01-26,CAMP0024,Organic,5724,317,48,14,914.19
2018-04-07,CAMP0005,Affiliate,59502,3438,179,53,1247.12
2018-04-08,CAMP0018,Instagram,43974,5113,503,119,1635.12
2018-03-15,CAMP0018,Instagram,64843,9055,712,121,125.7
2017-03-13,CAMP0002,Facebook,50741,7610,649,61,811.46
2017-08-13,CAMP0027,Affiliate,65621,4570,162,11,1951.19
2018-03-08,CAMP0020,Google Search,7541,409,13,3,1495.27
2017-12-28,CAMP0013,Affiliate,44393,2844,101,13,1047.05
2017-12-18,CAMP0026,Affiliate,8593,1096,99,19,141.31
2017-12-19,CAMP0026,Affiliate,65427,3586,176,50,843.12
2017-11-20,CAMP0022,Referral,17610,1538,123,32,495.66
2017-10-11,CAMP0012,Organic,38536,5139,735,99,514.72
2017-11-05,CAMP0011,Referral,81673,8186,613,150,228.31
2018-03-29,CAMP0005,Affiliate,6907,94,13,2,179.73
2017-09-20,CAMP0012,Organic,45450,4284,489,125,465.72
2017-12-19,CAMP0026,Affiliate,92018,1700,285,76,1507.76
2017-06-14,CAMP0008,Instagram,32575,3860,196,43,703.56
2018-02-10,CAMP0004,Instagram,12125,710,113,16,793.55
2018-03-26,CAMP0020,Google Search,118393,16282,2142,155,755.62
2017-11-21,CAMP0022,Referral,95808,8108,364,107,1120.26
2018-03-09,CAMP0020,Google Search,45004,6645,1171,287,831.75
2018-04-28,CAMP0017,Email,66430,5496,926,65,542.47
2017-06-03,CAMP0008,Instagram,39815,5538,267,75,1870.16
2017-01-27,CAMP0009,Google Search,106471,13468,2153,528,1419.49
2017-11-25,CAMP0022,Referral,115149,13623,863,290,732.6
2017-06-01,CAMP0015,Instagram,47978,2659,163,8,463.65
2017-09-25,CAMP0012,Organic,86712,2742,147,30,1308.32
2017-11-09,CAMP0011,Referral,38905,549,29,4,372.36
2018-03-12,CAMP0021,Referral,87714,3248,165,16,153.88
2018-02-20,CAMP0004,Instagram,110478,9112,386,21,175.93
2017-03-22,CAMP0002,Facebook,107467,1484,72,14,322.92
2017-09-07,CAMP0010,Affiliate,113470,9284,619,116,1304.68
2017-02-06,CAMP0009,Google Search,32594,4447,135,9,515.45
2017-01-16,CAMP0009,Google Search,44650,6249,275,29,140.06
2018-01-01,CAMP0013,Affiliate,106901,4246,204,36,1273.98
2017-08-27,CAMP0010,Affiliate,41832,2030,65,12,1787.13
2018-01-03,CAMP0026,Affiliate,87826,3288,141,19,1936.76
2017-09-15,CAMP0001,Affiliate,56963,6144,762,259,606.4
2017-05-31,CAMP0030,Affiliate,69012,4411,741,179,328.18
2018-01-02,CAMP0026,Affiliate,119211,10920,641,144,1888.95
2017-07-24,CAMP0016,Email,67506,3345,239,32,382.41
2017-05-04,CAMP0029,Organic,25817,554,22,5,1526.3
2017-04-10,CAMP0002,Facebook,16318,1705,220,72,1203.37
2018-05-19,CAMP0017,Email,113859,15570,1649,331,1131.36
2017-03-11,CAMP0002,Facebook,85299,12093,558,74,676.03
2017-06-08,CAMP0008,Instagram,86615,4682,552,113,1630.5
2017-09-15,CAMP0001,Affiliate,32076,1578,249,65,485.18
2018-03-02,CAMP0021,Referral,79898,7581,1218,159,1790.03
2017-05-22,CAMP0030,Affiliate,51515,1456,143,41,865.01
2017-08-21,CAMP0010,Affiliate,40561,547,78,26,1676.03
2018-05-16,CAMP0017,Email,77172,4578,731,60,1081.0
2017-01-28,CAMP0009,Google Search,103555,15230,913,242,698.96
2017-04-20,CAMP0029,Organic,86720,10858,1579,314,724.38
2017-01-11,CAMP0009,Google Search,29358,1687,202,56,449.3
2017-06-02,CAMP0015,Instagram,76695,3263,256,54,604.09
2017-04-20,CAMP0019,Google Search,5244,447,69,15,1097.77
2018-03-20,CAMP0020,Google Search,5346,289,45,10,735.92
2018-05-07,CAMP0017,Email,117810,14770,1485,421,222.85
2017-12-31,CAMP0013,Affiliate,53488,1996,358,23,1806.54
2018-02-28,CAMP0021,Referral,99852,4818,541,154,1107.16
2018-03-02,CAMP0021,Referral,19052,404,66,11,1410.13
2018-03-25,CAMP0005,Affiliate,90155,3522,218,28,1122.24
2017-08-10,CAMP0016,Email,28998,2784,146,40,183.42
2017-10-20,CAMP0006,Organic,61316,3598,212,65,1047.9
2017-11-03,CAMP0022,Referral,99103,12147,1904,387,553.09
2017-09-13,CAMP0023,Facebook,49529,7031,1041,347,1208.8
2017-05-12,CAMP0029,Organic,27144,2393,160,23,230.65
2018-05-09,CAMP0017,Email,83988,2527,372,45,441.93
2017-10-21,CAMP0006,Organic,37425,3076,471,132,1886.05
2017-10-22,CAMP0006,Organic,105390,14653,1508,478,1467.7
2018-01-27,CAMP0024,Organic,75134,8464,541,49,1516.43
2017-12-28,CAMP0013,Affiliate,69242,8456,658,160,1500.37
2017-10-16,CAMP0006,Organic,94693,1177,187,51,277.93
2018-03-27,CAMP0018,Instagram,86110,9758,1693,106,1997.66
2018-03-05,CAMP0021,Referral,89284,10488,901,204,826.45
2018-05-19,CAMP0017,Email,85195,1846,118,7,1179.41
2017-02-05,CAMP0009,Google Search,46225,4118,672,201,1799.5
2018-03-08,CAMP0020,Google Search,38832,3938,472,29,1893.58
2017-10-28,CAMP0022,Referral,39080,4364,466,140,965.75
2017-09-23,CAMP0012,Organic,74976,1275,198,15,200.27
2017-06-02,CAMP0030,Affiliate,60416,7027,581,32,1737.16
2018-03-22,CAMP0020,Google Search,21910,1402,219,75,1077.92
2018-03-01,CAMP0021,Referral,33119,2543,369,99,1726.43
2017-05-17,CAMP0029,Organic,86844,12709,1156,137,1702.07
2017-05-16,CAMP0029,Organic,49582,4995,559,99,1197.05
2017-12-07,CAMP0022,Referral,109781,1582,88,24,306.57
2017-06-05,CAMP0008,Instagram,119370,4957,784,53,198.25
2017-06-10,CAMP0015,Instagram,105213,12724,1394,201,1935.24
2017-09-05,CAMP0023,Facebook,59487,1766,141,10,181.54
2018-03-22,CAMP0005,Affiliate,98763,9535,927,114,86.36
2017-11-06,CAMP0011,Referral,57513,4036,445,90,418.0
2017-08-13,CAMP0028,Facebook,84094,9973,501,35,1733.08
2018-02-15,CAMP0004,Instagram,118815,2842,119,40,1993.46
2017-06-18,CAMP0008,Instagram,7680,106,13,3,1356.3
2017-08-16,CAMP0028,Facebook,60025,5607,580,170,1628.5
2018-02-16,CAMP0004,Instagram,111403,10679,826,210,196.64
2017-08-22,CAMP0028,Facebook,111655,14050,1583,319,1761.02
2018-04-15,CAMP0003,Facebook,86088,11120,1233,237,825.74
2017-08-22,CAMP0023,Facebook,16909,764,100,23,289.33
2018-04-07,CAMP0003,Facebook,35085,2281,98,21,928.63
2017-02-01,CAMP0007,Email,59020,2679,104,8,1262.23
2018-05-04,CAMP0017,Email,43556,3929,491,124,1075.82
2017-06-05,CAMP0015,Instagram,80912,3532,187,40,1559.55
2018-01-16,CAMP0013,Affiliate,79050,9187,796,86,211.76
2017-11-14,CAMP0011,Referral,42903,3584,625,63,1088.49
2017-07-28,CAMP0016,Email,76982,5852,993,63,434.68
2018-05-14,CAMP0014,Organic,95380,1080,181,59,1572.9
2017-10-17,CAMP0006,Organic,51947,4242,239,70,192.41
2017-05-21,CAMP0015,Instagram,113128,1237,63,3,1809.81
2017-01-30,CAMP0009,Google Search,77251,8190,1421,239,1318.38
2017-05-26,CAMP0015,Instagram,98183,7888,483,86,1543.09
2017-02-07,CAMP0009,Google Search,89518,8543,348,102,395.19
2017-08-24,CAMP0023,Facebook,77828,9373,1365,354,1434.74
2018-02-20,CAMP0004,Instagram,12314,1291,39,5,1071.76
2018-04-21,CAMP0003,Facebook,109897,13981,1066,210,1963.69
2017-02-04,CAMP0009,Google Search,72473,9084,1323,434,1683.22
2017-08-24,CAMP0016,Email,66464,5494,756,78,1960.84
2018-02-09,CAMP0004,Instagram,6113,463,36,8,1669.84
2017-01-08,CAMP0007,Email,49284,5032,232,32,510.42
2018-05-03,CAMP0003,Facebook,51996,2124,298,73,1283.19
2017-10-26,CAMP0006,Organic,85511,9620,395,31,1643.34
2017-04-21,CAMP0019,Google Search,75738,3878,499,157,361.13
2017-12-17,CAMP0026,Affiliate,116364,14979,1948,532,1391.26
2017-08-20,CAMP0028,Facebook,68960,5349,243,57,1920.39
2017-11-13,CAMP0011,Referral,38926,2087,105,17,395.52
2018-04-04,CAMP0018,Instagram,47089,4599,209,56,359.55
2017-01-12,CAMP0009,Google Search,25133,3510,263,55,1609.4
2017-08-16,CAMP0016,Email,42621,6345,279,60,1621.91
2017-09-11,CAMP0010,Affiliate,58152,7283,1205,365,138.79
2017-11-11,CAMP0011,Referral,50273,1671,198,62,1670.58
2017-04-09,CAMP0029,Organic,98401,12895,392,96,813.15
2018-03-09,CAMP0021,Referral,41200,3258,551,177,1564.28
2017-09-23,CAMP0012,Organic,5689,175,16,4,1716.5
2017-12-31,CAMP0026,Affiliate,32488,1066,77,5,245.66
2017-03-15,CAMP0002,Facebook,90042,2247,355,55,252.51
2017-09-23,CAMP0012,Organic,105023,5808,973,237,1667.29
2017-10-17,CAMP0006,Organic,119583,3741,359,23,146.59
2017-03-19,CAMP0002,Facebook,118956,15443,1006,67,253.31
2017-04-11,CAMP0019,Google Search,66074,2759,278,13,1893.7
2018-03-10,CAMP0020,Google Search,95871,2435,428,121,1477.83
2017-09-10,CAMP0010,Affiliate,95424,2315,190,62,1250.56
2018-04-02,CAMP0005,Affiliate,42229,3452,530,83,1094.68
2018-05-02,CAMP0003,Facebook,15707,1016,96,33,135.22
2017-01-21,CAMP0007,Email,40133,3691,515,145,814.98
2018-01-21,CAMP0004,Instagram,11462,663,84,24,1519.99
2017-08-19,CAMP0016,Email,110362,2042,321,107,613.54
2017-12-08,CAMP0022,Referral,103477,3544,260,37,1489.85
2017-06-14,CAMP0008,Instagram,115873,9856,1492,87,970.22
2017-09-22,CAMP0001,Affiliate,80687,10469,891,183,440.72
2017-08-01,CAMP0028,Facebook,59871,1151,115,30,1802.93
2017-09-01,CAMP0010,Affiliate,84551,11446,1614,514,1206.84
2017-09-26,CAMP0012,Organic,5824,690,47,2,313.72
2017-04-18,CAMP0019,Google Search,64568,1806,236,18,1403.72
2017-08-13,CAMP0028,Facebook,113814,3734,449,103,1656.91
2017-03-14,CAMP0002,Facebook,81339,4524,677,169,1219.74
2017-01-10,CAMP0007,Email,23242,1403,59,15,1031.56
2017-08-01,CAMP0016,Email,41814,6252,437,147,201.18
2017-06-07,CAMP0008,Instagram,115562,12503,1584,289,1504.15
2017-12-18,CAMP0026,Affiliate,114421,7311,882,308,1629.71
2018-05-23,CAMP0017,Email,58974,2339,110,22,514.0
2017-08-22,CAMP0028,Facebook,28091,3090,400,41,1892.52
2017-11-08,CAMP0011,Referral,72598,6455,1112,320,401.98
2018-04-21,CAMP0005,Affiliate,60365,2927,356,111,468.76
2017-04-23,CAMP0019,Google Search,86286,6391,369,53,1603.51
2017-05-10,CAMP0029,Organic,104185,2643,267,72,1187.48
2017-09-19,CAMP0012,Organic,74243,3736,638,222,214.72
2017-08-16,CAMP0023,Facebook,102482,15316,1298,244,1076.61
2018-03-12,CAMP0021,Referral,78712,9685,982,191,647.61
2018-01-28,CAMP0024,Organic,65073,2424,238,19,919.38
2017-08-06,CAMP0027,Affiliate,92944,4014,558,178,1799.98
2017-06-08,CAMP0015,Instagram,69917,2867,184,9,262.66
2017-05-28,CAMP0030,Affiliate,88687,6816,294,23,876.36
2017-01-10,CAMP0007,Email,58312,7768,303,27,989.51
2017-01-21,CAMP0007,Email,100776,13997,590,178,197.6
2017-10-12,CAMP0012,Organic,16265,976,154,25,401.98
2017-08-19,CAMP0028,Facebook,104751,1797,199,27,1171.57
2017-03-17,CAMP0002,Facebook,53044,1598,192,62,171.91
2017-05-13,CAMP0029,Organic,45882,6811,408,141,1098.01
2017-08-08,CAMP0027,Affiliate,34201,2490,431,141,283.23
2017-08-30,CAMP0023,Facebook,70083,4972,285,54,1686.59
2018-05-23,CAMP0025,Referral,90113,9973,1253,160,1096.12
2018-04-18,CAMP0005,Affiliate,98783,14390,1250,283,675.72
2018-03-05,CAMP0021,Referral,115558,3509,259,62,1204.55
2018-01-08,CAMP0013,Affiliate,57691,3363,476,136,143.99
2017-05-06,CAMP0029,Organic,51833,2370,425,64,806.26
2017-08-18,CAMP0027,Affiliate,81802,9997,763,258,1026.54
2017-08-21,CAMP0028,Facebook,106785,14201,701,190,1285.08
2017-09-20,CAMP0001,Affiliate,25742,651,51,11,912.63
2018-04-29,CAMP0014,Organic,9563,1280,126,31,914.63
2017-01-13,CAMP0009,Google Search,54246,3188,523,146,1341.08
2017-04-20,CAMP0019,Google Search,110062,7006,1108,56,1598.72
2018-01-31,CAMP0024,Organic,8850,1171,62,10,1162.38
2018-05-11,CAMP0017,Email,91367,2936,508,33,1205.26
2017-06-03,CAMP0015,Instagram,42382,6325,832,90,286.19
2017-10-27,CAMP0006,Organic,111195,11138,576,70,1002.99
2017-09-01,CAMP0010,Affiliate,63827,6375,782,242,1438.71
2017-11-02,CAMP0006,Organic,68873,1960,188,49,1544.91
2017-04-07,CAMP0002,Facebook,108242,14764,880,183,562.68
2017-01-18,CAMP0007,Email,31271,2901,326,52,1089.61
2017-01-07,CAMP0007,Email,67119,3998,471,70,1833.19
2018-05-03,CAMP0017,Email,31433,2749,113,9,1377.52
2018-03-04,CAMP0021,Referral,87601,9439,1333,453,1561.27
2017-05-21,CAMP0015,Instagram,31018,583,28,1,960.3
2017-05-06,CAMP0029,Organic,24970,3287,376,110,1161.8
2017-01-13,CAMP0007,Email,117092,13839,592,59,825.08
2017-12-24,CAMP0026,Affiliate,49503,955,75,17,1801.26
2017-06-03,CAMP0015,Instagram,78395,2858,390,71,671.68
2018-05-12,CAMP0017,Email,110596,15931,2294,134,1582.33
2018-03-13,CAMP0021,Referral,87303,10664,409,122,315.3
2017-10-23,CAMP0006,Organic,58120,3534,493,135,1931.42
2017-01-28,CAMP0007,Email,45859,1345,90,13,1141.07
2017-08-06,CAMP0016,Email,24763,549,51,5,951.99
2017-10-19,CAMP0006,Organic,71172,8271,1473,408,550.68
2017-06-02,CAMP0008,Instagram,65636,9004,747,193,1405.37
2018-04-24,CAMP0025,Referral,98848,6046,559,31,716.31
2017-09-26,CAMP0012,Organic,31639,2654,251,65,1698.64
2017-06-05,CAMP0030,Affiliate,11066,739,44,9,1786.68
2017-08-01,CAMP0028,Facebook,36596,496,34,5,1747.59
2017-01-11,CAMP0009,Google Search,37003,4271,478,111,362.39
2018-02-02,CAMP0004,Instagram,97882,5414,490,71,1555.91
2018-02-02,CAMP0004,Instagram,13155,520,82,15,201.56
2017-09-19,CAMP0012,Organic,102073,12273,541,39,1368.96
2017-05-01,CAMP0029,Organic,101303,10668,1092,359,1158.93
2018-05-03,CAMP0003,Facebook,90812,6540,786,111,1535.99
2018-04-23,CAMP0003,Facebook,67760,8936,770,98,1473.38
2017-08-13,CAMP0028,Facebook,62590,2433,108,8,493.34
2018-04-22,CAMP0014,Organic,22870,1063,47,3,1333.4
2018-04-29,CAMP0014,Organic,47207,1170,51,4,1860.65
2018-04-18,CAMP0003,Facebook,20137,2742,195,17,1612.49
2017-03-18,CAMP0002,Facebook,96434,8353,1424,320,1504.45
2018-03-22,CAMP0020,Google Search,116920,4507,709,210,468.75
2017-09-12,CAMP0001,Affiliate,40803,2597,175,36,563.29
2017-05-21,CAMP0030,Affiliate,47516,2445,174,25,577.85
2017-05-31,CAMP0015,Instagram,105374,10290,713,126,881.45
2017-07-29,CAMP0016,Email,112773,11079,681,50,211.86
2017-03-27,CAMP0002,Facebook,67721,7096,508,132,1999.38
2017-12-28,CAMP0026,Affiliate,33868,1556,115,36,1651.24
2017-11-08,CAMP0011,Referral,101234,13679,486,85,1330.54
2018-03-27,CAMP0005,Affiliate,116845,16586,699,52,1783.52
2017-06-01,CAMP0030,Affiliate,113620,15115,1606,479,1590.0
2017-08-17,CAMP0027,Affiliate,85190,7773,1075,153,382.01
2018-02-10,CAMP0004,Instagram,108063,14347,1264,167,181.57
2018-03-30,CAMP0020,Google Search,73823,934,163,24,814.95
2018-04-15,CAMP0014,Organic,49355,4392,703,236,241.41
2017-06-04,CAMP0015,Instagram,86431,2540,331,49,790.93
2017-09-05,CAMP0010,Affiliate,75502,8654,343,97,1662.07
2017-01-23,CAMP0009,Google Search,94933,11344,1508,509,915.88
2017-09-12,CAMP0023,Facebook,29210,1263,177,14,85.84
2017-12-30,CAMP0026,Affiliate,17849,1130,87,12,565.81
2017-10-29,CAMP0006,Organic,114345,4741,452,150,229.29
2018-01-03,CAMP0026,Affiliate,52518,7075,785,168,724.71
2017-11-13,CAMP0011,Referral,42329,1442,111,10,1568.87
2017-08-06,CAMP0027,Affiliate,44832,5494,414,130,1177.35
2018-04-03,CAMP0018,Instagram,96261,13112,1087,231,979.43
2018-04-24,CAMP0014,Organic,30702,3344,420,79,1609.74
2017-04-03,CAMP0002,Facebook,108868,3628,425,112,1401.91
2017-10-05,CAMP0012,Organic,104070,4751,549,160,830.02
2017-09-29,CAMP0012,Organic,61541,2279,125,34,1484.83
2018-03-28,CAMP0018,Instagram,99660,10271,570,180,1573.38
2017-09-14,CAMP0001,Affiliate,73357,10625,478,100,1072.74
2018-01-29,CAMP0024,Organic,7958,858,99,6,1103.83
2017-05-11,CAMP0029,Organic,55425,1705,207,32,736.93
2018-03-11,CAMP0018,Instagram,29397,847,41,12,903.19
2018-03-24,CAMP0005,Affiliate,83137,5964,271,41,1378.07
2017-10-10,CAMP0012,Organic,117696,10188,1230,226,422.55
2018-03-03,CAMP0021,Referral,54365,1081,73,19,996.1
2018-02-20,CAMP0004,Instagram,89456,8523,746,189,772.76
2018-01-31,CAMP0024,Organic,57096,6715,974,96,452.05
2017-11-12,CAMP0011,Referral,42018,5579,365,52,870.93
2018-04-19,CAMP0025,Referral,11457,958,112,22,1523.92
2018-03-01,CAMP0021,Referral,50047,6713,647,199,279.96
2017-11-12,CAMP0022,Referral,79995,8860,914,157,1282.16
2017-11-17,CAMP0011,Referral,110815,1236,52,10,1569.4
2018-04-05,CAMP0003,Facebook,114626,13089,2070,647,353.96
2017-08-05,CAMP0016,Email,64876,1348,217,16,220.84
2017-01-31,CAMP0009,Google Search,80316,11895,991,112,1627.57
2017-09-13,CAMP0001,Affiliate,61540,3889,458,146,1688.28
2017-04-09,CAMP0029,Organic,36446,3034,236,53,1500.42
2018-03-28,CAMP0005,Affiliate,25444,2437,427,130,764.39
2017-05-28,CAMP0030,Affiliate,35913,4343,660,144,721.5
2017-09-26,CAMP0012,Organic,57243,6719,264,46,539.09
2017-11-13,CAMP0011,Referral,59772,6804,868,135,1582.56
2018-02-23,CAMP0024,Organic,119623,10519,625,134,1627.63
2018-01-17,CAMP0004,Instagram,44483,2015,113,26,1725.18
2017-08-10,CAMP0027,Affiliate,44368,1405,232,49,1315.25
2018-03-13,CAMP0021,Referral,103742,7757,1307,99,1513.4
2017-01-12,CAMP0009,Google Search,102407,8781,733,95,1919.6
2017-12-19,CAMP0026,Affiliate,16014,1232,206,67,1219.29
2018-01-13,CAMP0013,Affiliate,106730,6107,498,26,84.14
2018-02-10,CAMP0024,Organic,54686,3515,278,15,653.18
2017-05-24,CAMP0030,Affiliate,6282,506,49,15,1380.22
2017-07-31,CAMP0016,Email,75187,8755,509,150,1036.73
2018-01-08,CAMP0013,Affiliate,74684,4917,380,104,535.41
2018-04-23,CAMP0003,Facebook,78450,4732,669,218,1648.9
2017-12-23,CAMP0026,Affiliate,25097,2373,149,11,1118.14
2017-01-08,CAMP0007,Email,73102,10857,1219,314,1204.04
2018-02-06,CAMP0004,Instagram,69921,7333,1207,80,135.16
2017-09-07,CAMP0023,Facebook,81970,10323,435,132,1796.2
2017-09-04,CAMP0010,Affiliate,52246,4050,122,15,1668.38
2018-04-20,CAMP0003,Facebook,114476,16385,1308,204,345.01
2018-04-16,CAMP0003,Facebook,46506,6877,366,102,1979.47
2017-08-17,CAMP0016,Email,17942,2187,82,11,633.31
2017-11-10,CAMP0011,Referral,62457,4186,347,51,926.34
2018-02-12,CAMP0004,Instagram,118501,5875,1053,267,890.49
2017-11-13,CAMP0011,Referral,22649,2259,178,45,805.3
2017-06-05,CAMP0030,Affiliate,63582,1685,281,58,1533.42
2018-03-10,CAMP0020,Google Search,80136,7323,227,78,1825.7
2018-04-28,CAMP0003,Facebook,36967,2694,192,16,1140.46
2017-03-15,CAMP0002,Facebook,28017,2753,470,97,332.66
2017-09-20,CAMP0001,Affiliate,7500,1088,104,16,84.99
2017-08-25,CAMP0028,Facebook,69141,7836,696,41,458.25
2017-10-21,CAMP0006,Organic,74771,3373,416,71,121.25
2017-05-22,CAMP0015,Instagram,70978,1822,311,48,529.09
2018-04-22,CAMP0014,Organic,41482,5617,482,133,1634.79
2017-12-18,CAMP0026,Affiliate,110889,10448,834,60,1480.13
2018-05-02,CAMP0003,Facebook,103206,4046,321,57,207.88
2018-01-04,CAMP0013,Affiliate,112432,7898,878,268,1188.73
2017-08-16,CAMP0027,Affiliate,55553,3360,317,48,1943.28
2018-01-26,CAMP0004,Instagram,51334,3151,562,91,558.12
2017-01-24,CAMP0009,Google Search,50530,1693,175,22,1838.82
2017-11-08,CAMP0011,Referral,42116,711,115,37,796.11
2017-08-19,CAMP0010,Affiliate,66764,3409,276,20,1766.05
2018-03-22,CAMP0018,Instagram,113990,14268,1275,268,704.34
2017-11-11,CAMP0022,Referral,109344,15468,2706,665,289.98
2017-01-26,CAMP0007,Email,53142,7258,783,257,1528.3
2017-03-18,CAMP0002,Facebook,107411,15612,1034,216,1851.13
2017-09-04,CAMP0023,Facebook,46782,4027,597,95,1326.64
2017-05-22,CAMP0030,Affiliate,30838,965,106,7,433.37
2018-02-09,CAMP0024,Organic,48855,2655,172,13,775.7
2017-04-30,CAMP0019,Google Search,22266,1880,145,21,1133.5
2017-08-10,CAMP0028,Facebook,113874,4236,435,135,814.81
2017-01-28,CAMP0009,Google Search,62429,6101,588,193,1437.38
2018-05-09,CAMP0017,Email,66201,9231,829,97,478.04
2017-06-09,CAMP0015,Instagram,115514,7973,412,78,1611.92
2018-05-13,CAMP0025,Referral,67598,4357,634,196,1022.61
2018-03-20,CAMP0018,Instagram,58660,7274,257,14,1148.05
2017-06-09,CAMP0015,Instagram,34754,1854,250,53,1124.22
2017-07-30,CAMP0027,Affiliate,109124,8299,1271,77,332.74
2017-03-18,CAMP0002,Facebook,80190,3620,404,54,338.08
2018-04-17,CAMP0005,Affiliate,106720,5220,523,99,1097.1
2017-06-19,CAMP0008,Instagram,43284,2878,97,6,1498.84
2018-05-09,CAMP0025,Referral,57501,7507,743,221,828.57
2017-04-16,CAMP0029,Organic,42871,565,20,3,237.32
2017-08-17,CAMP0016,Email,117461,16867,2467,736,1551.11
2017-01-24,CAMP0007,Email,118717,17366,888,76,1605.41
2018-03-12,CAMP0021,Referral,105539,14644,1181,152,479.38
2018-01-07,CAMP0013,Affiliate,61331,5068,416,54,741.53
2018-04-07,CAMP0005,Affiliate,19077,1474,175,51,1014.27
2017-07-29,CAMP0027,Affiliate,67085,751,108,9,1290.12
2017-08-09,CAMP0027,Affiliate,72928,8980,1205,345,1294.71
2017-03-23,CAMP0002,Facebook,10986,652,36,7,841.94
2017-01-21,CAMP0009,Google Search,104669,12734,2065,252,1359.65
2017-01-12,CAMP0009,Google Search,20591,1012,152,52,1810.23
2017-04-17,CAMP0029,Organic,81362,11782,398,122,1311.15
2017-11-12,CAMP0011,Referral,45466,1832,209,52,532.2
2017-08-22,CAMP0028,Facebook,105959,8683,1503,231,1241.65
2018-02-01,CAMP0024,Organic,61104,6187,583,193,332.49
2017-04-13,CAMP0019,Google Search,75400,1293,67,17,250.87
2017-05-22,CAMP0030,Affiliate,11414,1515,148,39,1476.62
2017-05-24,CAMP0015,Instagram,59663,2294,274,17,654.12
2018-02-22,CAMP0004,Instagram,87494,2578,221,60,1246.51
2018-04-23,CAMP0003,Facebook,91899,9470,1048,240,965.22
2017-09-29,CAMP0012,Organic,42787,5644,792,67,546.46
2017-04-01,CAMP0002,Facebook,36782,5341,896,288,1887.24
2017-12-03,CAMP0022,Referral,78330,8217,641,121,1283.88
2017-08-25,CAMP0028,Facebook,48565,4753,740,163,1708.85
2018-01-03,CAMP0013,Affiliate,114610,4668,377,106,938.41
2018-04-07,CAMP0018,Instagram,80652,10233,641,72,1927.72
2017-09-07,CAMP0010,Affiliate,60692,5152,249,83,836.65
2017-12-15,CAMP0026,Affiliate,73822,2450,220,12,1963.6
2018-03-05,CAMP0021,Referral,37927,5665,753,99,757.81
2017-08-20,CAMP0010,Affiliate,17284,526,65,19,1375.07
2017-04-28,CAMP0029,Organic,71262,9777,1312,338,1820.72
2018-04-06,CAMP0018,Instagram,79145,4333,551,49,378.23
2018-01-23,CAMP0024,Organic,44846,3952,347,85,449.93
2017-07-24,CAMP0016,Email,84221,7961,634,104,1320.45
2018-02-22,CAMP0024,Organic,111027,8522,367,71,1541.77
2017-08-11,CAMP0027,Affiliate,11638,379,39,5,1072.43
2018-03-09,CAMP0018,Instagram,27265,2171,85,11,1814.37
2017-08-12,CAMP0027,Affiliate,12137,420,70,13,554.56
2017-11-02,CAMP0006,Organic,31496,4300,585,45,1487.04
2017-10-21,CAMP0006,Organic,76699,1939,180,29,866.47
2018-04-18,CAMP0014,Organic,69764,9234,1267,414,408.01
2017-06-05,CAMP0030,Affiliate,66247,9309,1207,215,271.3
2018-05-01,CAMP0017,Email,55424,3947,119,40,1686.39
2017-08-26,CAMP0023,Facebook,95696,5502,598,148,991.12
2017-10-23,CAMP0006,Organic,50974,4687,435,25,723.43
2017-06-08,CAMP0008,Instagram,88467,4912,354,50,359.15
2017-08-21,CAMP0028,Facebook,26288,2942,236,72,1369.7
2017-03-18,CAMP0002,Facebook,111106,7955,384,134,769.79
2017-05-07,CAMP0029,Organic,23341,1250,43,4,711.06
2017-06-01,CAMP0008,Instagram,46264,6450,983,185,1145.95
2018-03-06,CAMP0020,Google Search,71814,5979,917,93,1547.42
2018-04-21,CAMP0005,Affiliate,23984,2202,352,72,293.53
2018-05-08,CAMP0017,Email,54802,5764,627,149,718.84
2018-03-26,CAMP0020,Google Search,11692,194,30,1,1865.22
2017-06-01,CAMP0030,Affiliate,99463,1985,286,28,461.89
2017-04-07,CAMP0002,Facebook,47700,3816,233,43,567.73
2017-04-20,CAMP0029,Organic,36490,435,77,5,1958.57
2017-06-14,CAMP0008,Instagram,26337,2627,85,5,1830.02
2018-04-01,CAMP0018,Instagram,98620,4527,515,135,353.6
2017-04-24,CAMP0019,Google Search,114371,11209,1989,184,854.11
2017-01-10,CAMP0009,Google Search,23858,2899,395,110,76.24
2017-08-08,CAMP0016,Email,100268,6500,846,172,1222.51
2018-02-23,CAMP0004,Instagram,100034,12472,1235,149,1652.25
2018-04-16,CAMP0025,Referral,109753,10306,695,38,1875.66
2017-04-05,CAMP0029,Organic,71014,9912,1724,368,99.81
2018-05-08,CAMP0017,Email,107865,13335,896,297,1125.86
2018-04-04,CAMP0020,Google Search,101410,4235,238,73,258.08
2018-01-30,CAMP0004,Instagram,67411,6299,603,164,290.07
2018-03-08,CAMP0020,Google Search,46969,3704,437,99,1874.91
2017-09-05,CAMP0023,Facebook,81516,5907,870,224,1626.12
2017-08-14,CAMP0023,Facebook,5005,405,31,5,621.02
2018-01-31,CAMP0004,Instagram,54787,2813,428,111,1523.31
2017-12-03,CAMP0022,Referral,67592,7962,1155,315,1232.11
2018-02-17,CAMP0004,Instagram,78516,7943,679,155,1024.11
2017-08-01,CAMP0028,Facebook,107944,2060,369,27,991.74
2018-05-01,CAMP0025,Referral,82153,8629,1288,181,1637.1
2017-09-15,CAMP0001,Affiliate,6294,357,56,15,782.17
2018-05-10,CAMP0017,Email,115168,7543,518,160,838.14
2017-01-09,CAMP0007,Email,43841,6271,1039,328,1455.71
2018-03-03,CAMP0018,Instagram,76417,11448,788,254,840.76
2018-05-05,CAMP0025,Referral,9778,354,46,15,321.3
2017-01-31,CAMP0007,Email,7245,520,33,8,1681.5
2017-09-22,CAMP0001,Affiliate,50595,920,143,18,197.3
2017-05-25,CAMP0015,Instagram,13652,1327,111,22,1896.38
2017-03-25,CAMP0002,Facebook,39314,2258,181,26,1340.46
2017-08-12,CAMP0027,Affiliate,74589,2670,169,24,1449.27
2017-12-26,CAMP0026,Affiliate,113295,11934,1368,140,246.84
2017-08-10,CAMP0028,Facebook,41976,2505,163,51,1082.98
2017-09-13,CAMP0010,Affiliate,104129,2070,146,35,1734.77
2018-03-24,CAMP0020,Google Search,21055,630,57,13,413.67
2017-09-08,CAMP0010,Affiliate,22013,1945,78,6,1424.47
2018-03-17,CAMP0018,Instagram,69220,7327,768,200,91.65
2018-03-23,CAMP0020,Google Search,107965,12539,2021,398,779.17
2017-09-21,CAMP0001,Affiliate,95655,3744,205,61,1983.75
2017-06-07,CAMP0030,Affiliate,98719,3014,210,31,1315.49
2017-02-02,CAMP0009,Google Search,33687,487,53,11,288.24
2017-09-15,CAMP0001,Affiliate,92567,1911,155,47,875.47
2017-08-08,CAMP0028,Facebook,52721,2604,237,26,1322.11
2018-05-15,CAMP0025,Referral,98401,7982,1187,403,1061.32
2017-06-03,CAMP0015,Instagram,72376,2757,289,46,869.15
2018-04-26,CAMP0025,Referral,102785,12170,1448,106,648.9
2018-01-03,CAMP0013,Affiliate,64028,8951,1157,351,622.2
2017-04-08,CAMP0029,Organic,41679,5165,732,37,582.67
2017-01-17,CAMP0007,Email,91751,11026,821,95,820.56
2018-01-05,CAMP0013,Affiliate,110624,5731,853,194,1668.47
2018-05-09,CAMP0014,Organic,80455,10647,1089,262,1154.16
2018-03-03,CAMP0021,Referral,35436,1715,268,21,268.68
2017-11-02,CAMP0022,Referral,61899,4171,273,64,1436.19
2017-08-13,CAMP0027,Affiliate,106737,6660,274,68,1571.72
2017-08-05,CAMP0027,Affiliate,74514,10705,1900,542,1781.81
2018-01-13,CAMP0013,Affiliate,99999,2433,103,28,1042.83
2017-08-09,CAMP0023,Facebook,109274,7786,633,134,1243.04
2017-01-15,CAMP0007,Email,53426,7718,888,197,1973.73
2018-01-07,CAMP0013,Affiliate,16584,644,96,24,126.75
2017-10-24,CAMP0006,Organic,107988,3911,622,148,1643.33
2017-06-20,CAMP0008,Instagram,89632,1514,130,35,981.22
2017-01-19,CAMP0009,Google Search,48249,5777,247,29,74.27
2017-10-07,CAMP0012,Organic,117022,7569,749,218,689.64
2018-03-21,CAMP0018,Instagram,75551,11159,1629,186,1636.25
2018-01-29,CAMP0004,Instagram,100576,12800,591,63,1245.86
2017-03-14,CAMP0002,Facebook,106676,1899,124,22,306.57
2017-11-15,CAMP0022,Referral,85240,4888,834,287,1663.83
2018-02-17,CAMP0004,Instagram,31117,3859,223,69,1797.43
2017-11-11,CAMP0022,Referral,111577,8853,852,98,1204.98
2017-03-11,CAMP0002,Facebook,105868,9978,1278,118,1522.47
2018-04-15,CAMP0003,Facebook,65263,7561,388,41,1283.65
2018-05-02,CAMP0017,Email,86697,1478,116,12,1749.15
2017-11-17,CAMP0011,Referral,117938,5610,705,93,234.72
2017-08-02,CAMP0028,Facebook,116334,2664,465,114,114.66
2018-03-27,CAMP0018,Instagram,30133,2384,414,142,1116.1
2017-10-06,CAMP0012,Organic,12477,361,29,7,100.97
2017-09-12,CAMP0001,Affiliate,87224,8375,822,257,289.33
2017-01-07,CAMP0007,Email,113593,6615,293,78,1791.66
2017-06-10,CAMP0015,Instagram,46459,2004,290,29,1331.58
2017-04-24,CAMP0019,Google Search,20750,1648,270,33,1835.3
2017-09-20,CAMP0001,Affiliate,14973,2030,173,27,1779.19
2018-05-01,CAMP0025,Referral,75585,9529,769,152,343.58
2017-04-09,CAMP0029,Organic,61856,4753,210,70,813.38
2017-10-31,CAMP0022,Referral,95715,11544,762,150,412.13
2017-09-05,CAMP0023,Facebook,23776,3135,475,68,948.3
2018-03-01,CAMP0024,Organic,19281,1024,33,7,709.8
2017-04-26,CAMP0029,Organic,70855,2565,294,69,1391.29
2018-01-09,CAMP0013,Affiliate,87054,1529,45,5,1507.12
2018-03-18,CAMP0005,Affiliate,96293,9662,470,44,1738.59
2017-08-11,CAMP0027,Affiliate,75849,10461,1755,232,635.8
2018-03-10,CAMP0020,Google Search,34168,4042,269,59,552.24
2018-03-29,CAMP0018,Instagram,58875,4208,560,32,1566.67
2017-09-10,CAMP0001,Affiliate,36043,3108,183,14,1561.68
2018-01-15,CAMP0013,Affiliate,15706,1310,163,10,827.33
2018-02-09,CAMP0024,Organic,111447,5906,963,283,969.09
2017-11-16,CAMP0011,Referral,111003,15365,1545,224,1341.25
2017-05-31,CAMP0015,Instagram,86147,2656,168,35,1009.93
2017-10-27,CAMP0022,Referral,93042,11572,1408,367,938.01
2017-04-07,CAMP0029,Organic,97957,10003,1794,556,791.52
2017-10-01,CAMP0012,Organic,53978,4989,303,95,410.81
2017-09-28,CAMP0012,Organic,28698,4291,688,74,1688.62
2017-09-02,CAMP0023,Facebook,70311,10302,425,86,1989.67
2018-02-25,CAMP0024,Organic,77864,2969,442,135,799.61
2017-12-23,CAMP0026,Affiliate,59454,3328,302,68,758.86
2018-03-01,CAMP0024,Organic,43593,5860,959,228,621.7
2018-01-16,CAMP0013,Affiliate,88589,1386,131,36,441.25
2018-04-28,CAMP0025,Referral,109467,9040,1084,369,729.98
2018-03-17,CAMP0005,Affiliate,57653,4655,655,77,199.21
2017-11-12,CAMP0022,Referral,80012,11915,1600,345,1779.75
2017-05-24,CAMP0015,Instagram,89247,3017,460,38,1978.92
2018-04-26,CAMP0017,Email,14613,2127,71,7,490.16
2017-08-21,CAMP0027,Affiliate,19699,296,33,9,1367.94
2018-05-16,CAMP0025,Referral,114409,9780,810,156,1133.67
2018-04-07,CAMP0018,Instagram,31057,750,55,8,1164.71
2017-12-29,CAMP0013,Affiliate,82409,9704,1363,434,732.19
2017-11-26,CAMP0022,Referral,16655,786,137,20,79.96
2017-02-01,CAMP0007,Email,27180,1708,96,16,414.44
2017-08-09,CAMP0016,Email,112520,4914,364,52,98.5
2018-04-07,CAMP0005,Affiliate,39876,1393,134,42,862.4
2018-03-19,CAMP0005,Affiliate,74083,9127,808,181,813.4
2017-09-08,CAMP0010,Affiliate,70993,7240,705,235,314.89
2017-10-20,CAMP0006,Organic,11157,1363,90,10,1090.51
2017-05-06,CAMP0029,Organic,116797,5824,517,105,1529.96
2017-04-10,CAMP0019,Google Search,52012,6922,843,85,1776.36
2017-05-23,CAMP0030,Affiliate,90504,4586,543,183,503.07
2018-05-17,CAMP0017,Email,43102,6399,816,266,723.45
2018-04-28,CAMP0003,Facebook,63322,8254,1480,235,641.09
2017-05-17,CAMP0029,Organic,81399,11541,939,299,483.76
2018-03-01,CAMP0021,Referral,76100,8147,1263,148,647.26
2017-10-27,CAMP0022,Referral,106599,11095,473,115,1002.22
2017-12-16,CAMP0026,Affiliate,90767,9493,1489,215,1407.28
2018-05-01,CAMP0025,Referral,68357,1811,236,61,526.97
2017-03-16,CAMP0002,Facebook,93915,12495,751,252,1765.84
2017-11-07,CAMP0011,Referral,24318,3100,219,38,823.48
2017-05-05,CAMP0029,Organic,78481,2455,230,11,999.75
2017-01-27,CAMP0007,Email,104588,3623,211,48,1282.23
2018-05-11,CAMP0017,Email,5795,261,33,10,592.76
2017-01-12,CAMP0007,Email,62337,7818,1389,369,117.95
2018-04-24,CAMP0003,Facebook,110918,2498,168,23,857.8
2017-09-29,CAMP0012,Organic,8907,819,52,17,1941.33
2017-04-16,CAMP0029,Organic,94820,10042,740,96,93.83
2017-11-10,CAMP0011,Referral,55742,2325,75,9,288.17
2018-01-27,CAMP0004,Instagram,28608,1810,312,55,364.33
2018-05-24,CAMP0017,Email,14136,1433,254,67,593.46
2017-08-25,CAMP0010,Affiliate,44679,5545,758,252,356.05
2018-01-04,CAMP0026,Affiliate,82807,1355,146,8,1116.3
2017-09-22,CAMP0012,Organic,30279,1324,208,61,1648.84
2017-01-22,CAMP0007,Email,38593,3678,445,96,730.43
2017-10-22,CAMP0006,Organic,99662,4705,452,111,319.61
2017-08-04,CAMP0028,Facebook,73408,3991,382,45,1171.31
2017-01-18,CAMP0007,Email,85440,10606,701,95,735.47
2017-03-12,CAMP0002,Facebook,32649,4729,366,55,1790.23
2017-09-22,CAMP0012,Organic,45468,3448,293,26,1431.12
2017-08-19,CAMP0028,Facebook,60973,943,43,6,1355.8
2018-03-14,CAMP0005,Affiliate,110404,15297,1908,463,1873.44
2017-10-20,CAMP0006,Organic,57286,2864,420,124,1116.62
2017-01-13,CAMP0009,Google Search,34592,3587,130,7,1731.95
2017-06-09,CAMP0030,Affiliate,115806,4973,834,290,272.01
2017-09-09,CAMP0023,Facebook,66837,6082,940,79,1780.47
2017-12-21,CAMP0026,Affiliate,21687,2376,277,55,1997.51
2017-11-05,CAMP0022,Referral,81232,836,76,25,592.96
2017-09-05,CAMP0010,Affiliate,70240,4918,494,136,336.59
2017-07-27,CAMP0027,Affiliate,38314,4142,646,121,1889.61
2017-08-06,CAMP0027,Affiliate,97854,13505,1931,635,1379.13
2017-01-30,CAMP0007,Email,77046,8341,1132,213,1611.52
2018-04-19,CAMP0014,Organic,55439,1313,210,24,983.54
2017-05-24,CAMP0015,Instagram,96041,9657,661,174,1799.32
2017-08-08,CAMP0028,Facebook,11609,484,43,9,89.76
2017-01-12,CAMP0007,Email,93683,12416,1456,318,1101.34
2017-05-15,CAMP0029,Organic,24926,1499,210,15,1205.24
2017-06-08,CAMP0008,Instagram,19841,2199,138,6,1242.34
2017-06-16,CAMP0008,Instagram,30566,2918,205,57,1615.31
2018-02-28,CAMP0021,Referral,71033,3290,458,117,210.18
2017-06-03,CAMP0008,Instagram,25945,2416,140,31,900.45
2017-04-16,CAMP0029,Organic,65046,3781,541,125,1319.0
2017-08-24,CAMP0016,Email,28175,1623,170,27,680.77
2017-09-26,CAMP0012,Organic,106148,10606,384,65,1278.94
2017-08-08,CAMP0028,Facebook,64390,3227,102,6,1391.59
2018-04-22,CAMP0025,Referral,63676,6341,453,107,490.17
2017-10-01,CAMP0012,Organic,87340,4017,264,88,416.3
2017-08-24,CAMP0028,Facebook,36509,4636,642,183,561.46
2017-04-07,CAMP0002,Facebook,57632,1161,134,45,1569.61
2017-11-08,CAMP0011,Referral,57189,4498,171,54,970.65
2017-06-04,CAMP0030,Affiliate,99452,2811,455,104,548.1
2017-11-18,CAMP0022,Referral,37725,3514,141,16,98.82
2017-10-08,CAMP0012,Organic,70734,1658,272,16,1019.04
2017-10-04,CAMP0012,Organic,69469,1734,122,9,1411.08
2018-03-20,CAMP0020,Google Search,106509,8911,1424,373,400.23
2018-05-15,CAMP0017,Email,86126,1849,236,80,603.88
2018-03-15,CAMP0005,Affiliate,29015,560,17,4,131.54
2017-11-13,CAMP0011,Referral,32306,1960,231,47,1802.86
2018-04-09,CAMP0014,Organic,97018,14349,1923,117,1764.66
2017-07-29,CAMP0016,Email,39316,995,174,20,1404.41
2018-03-05,CAMP0020,Google Search,11385,306,44,11,658.05
2018-03-29,CAMP0020,Google Search,19129,1852,78,15,161.66
2017-10-24,CAMP0006,Organic,23737,2740,179,16,373.13
2017-09-19,CAMP0001,Affiliate,83309,10791,924,81,835.81
2017-08-15,CAMP0028,Facebook,82984,2736,234,78,1985.55
2018-01-05,CAMP0013,Affiliate,25781,355,39,2,302.1
2017-11-09,CAMP0011,Referral,82138,3925,330,108,1127.66
2018-01-23,CAMP0004,Instagram,107465,9613,731,67,246.15
2017-08-16,CAMP0027,Affiliate,33911,1988,340,44,723.95
2018-03-03,CAMP0021,Referral,20655,3032,334,25,1924.83
2018-03-12,CAMP0021,Referral,98660,6070,1041,345,656.39
2017-09-26,CAMP0012,Organic,41727,2277,372,66,1216.58
2017-10-12,CAMP0012,Organic,13296,135,6,1,1663.52
2017-03-12,CAMP0002,Facebook,44400,1298,189,40,568.86
2017-08-17,CAMP0027,Affiliate,15488,2267,96,16,87.41
2018-04-20,CAMP0025,Referral,110887,13123,1503,199,1379.55
2018-05-02,CAMP0003,Facebook,87048,4886,301,36,1201.65
2018-04-05,CAMP0020,Google Search,64551,1081,87,20,1059.6
2017-08-23,CAMP0010,Affiliate,14983,1949,248,32,973.29
2017-09-12,CAMP0010,Affiliate,111085,4512,185,42,1883.22
2017-02-02,CAMP0007,Email,9172,793,126,25,807.91
2018-04-14,CAMP0005,Affiliate,13743,2005,152,21,143.96
2017-12-22,CAMP0026,Affiliate,10129,1026,172,13,1283.92
2018-02-20,CAMP0004,Instagram,38111,5272,940,78,1179.22
2017-05-03,CAMP0019,Google Search,10015,639,86,19,1004.64
2017-08-22,CAMP0016,Email,90708,1525,144,28,1991.49
2018-04-25,CAMP0003,Facebook,76529,833,136,29,1547.94
2018-01-02,CAMP0026,Affiliate,64548,9030,1147,145,993.42
2017-08-20,CAMP0027,Affiliate,55577,4758,290,30,518.5
2017-08-29,CAMP0010,Affiliate,41190,934,52,10,1463.42
2017-06-03,CAMP0008,Instagram,37723,969,115,24,1473.16
2018-01-06,CAMP0013,Affiliate,103083,14891,2237,361,1201.65
2017-11-03,CAMP0022,Referral,91020,13100,568,126,1298.67
2017-07-29,CAMP0016,Email,38027,3570,605,170,265.09
2018-01-12,CAMP0013,Affiliate,85749,1895,76,15,1906.64
2017-01-04,CAMP0007,Email,79167,1472,196,17,689.91
2017-10-18,CAMP0006,Organic,48327,3579,318,108,1758.83
2018-05-08,CAMP0017,Email,97027,11872,729,186,856.6
2018-01-25,CAMP0004,Instagram,33859,2933,320,63,1763.48
2018-02-10,CAMP0004,Instagram,28087,2388,175,42,569.84
2018-03-05,CAMP0021,Referral,69009,2048,273,39,784.2
2018-03-03,CAMP0021,Referral,91515,11558,1414,487,1459.36
2017-07-31,CAMP0027,Affiliate,97364,3498,295,33,760.41
2017-01-04,CAMP0007,Email,72871,10200,1276,429,1556.38
2017-06-03,CAMP0015,Instagram,23666,1412,164,13,1472.75
2017-08-01,CAMP0016,Email,65328,2630,374,44,1317.9
2017-06-08,CAMP0030,Affiliate,76091,2860,285,44,1904.48
2018-04-08,CAMP0003,Facebook,111022,10012,1487,501,390.73
2017-11-13,CAMP0011,Referral,46073,5478,498,117,943.23
2018-04-16,CAMP0005,Affiliate,52926,1622,250,55,1824.59
2017-05-06,CAMP0029,Organic,119575,8555,306,94,997.94
2018-04-02,CAMP0003,Facebook,58225,3048,421,65,1807.14
2018-03-20,CAMP0018,Instagram,76213,3089,479,65,1091.18
2018-04-26,CAMP0003,Facebook,58168,4495,717,49,909.43
2017-12-22,CAMP0026,Affiliate,89060,2826,418,34,493.99
2017-08-05,CAMP0028,Facebook,69938,5810,271,63,995.82
2017-04-20,CAMP0019,Google Search,77022,8895,1565,397,1738.44
2017-08-15,CAMP0023,Facebook,85237,7166,552,142,709.77
2017-04-26,CAMP0019,Google Search,51291,6398,685,161,1061.05
2017-10-20,CAMP0006,Organic,50445,7118,1143,210,1921.31
2017-12-04,CAMP0022,Referral,48574,5883,240,23,331.22
2017-04-18,CAMP0029,Organic,24122,2720,206,56,55.79
2018-04-22,CAMP0025,Referral,106445,10564,363,66,956.56
2017-08-27,CAMP0010,Affiliate,71245,7070,1145,258,1689.46
2018-04-08,CAMP0003,Facebook,5779,618,105,8,719.65
2017-12-11,CAMP0022,Referral,102362,3626,141,17,617.67
2017-09-07,CAMP0023,Facebook,47401,711,25,7,804.99
2017-09-08,CAMP0023,Facebook,37620,4435,702,243,1369.48
2017-06-06,CAMP0030,Affiliate,109756,12422,1456,130,1610.93
2018-04-03,CAMP0018,Instagram,32268,1351,90,24,1546.41
2018-04-10,CAMP0014,Organic,49659,6751,1114,268,1592.46
2018-04-11,CAMP0005,Affiliate,55766,865,51,6,751.31
2018-05-01,CAMP0025,Referral,21685,670,29,6,342.17
2018-04-07,CAMP0003,Facebook,51507,6707,824,271,1977.49
2018-05-18,CAMP0025,Referral,50712,4607,267,79,358.73
2017-11-05,CAMP0022,Referral,22139,2277,186,20,1343.84
2017-10-16,CAMP0006,Organic,80641,2119,377,64,1564.85
2017-01-26,CAMP0009,Google Search,116849,4867,573,160,81.78
2017-11-03,CAMP0022,Referral,93067,2880,216,39,1318.5
2017-05-09,CAMP0029,Organic,70492,5838,785,231,1510.94
2017-01-26,CAMP0007,Email,115289,3658,122,15,146.85
2018-04-07,CAMP0003,Facebook,11990,1514,269,82,1257.52
2018-01-04,CAMP0013,Affiliate,82916,7763,234,72,550.31
2018-02-19,CAMP0004,Instagram,80171,9484,1542,414,800.53
2018-03-10,CAMP0020,Google Search,52655,4148,701,43,764.25
2017-03-14,CAMP0002,Facebook,92584,13835,1368,123,1775.65
2017-08-20,CAMP0027,Affiliate,29503,745,104,24,354.63
2017-05-22,CAMP0015,Instagram,21924,249,41,10,1449.15
2017-11-15,CAMP0011,Referral,82542,11136,1995,489,116.76
2017-11-10,CAMP0011,Referral,40144,4815,601,124,693.51
2018-05-01,CAMP0025,Referral,16416,1975,345,63,1702.8
2018-05-02,CAMP0003,Facebook,59996,868,63,9,1958.54
2017-11-11,CAMP0011,Referral,74702,9315,667,112,1117.99
2017-08-30,CAMP0023,Facebook,56988,1222,147,23,222.42
2018-02-18,CAMP0004,Instagram,95341,2886,341,53,1777.38
2017-09-19,CAMP0001,Affiliate,110573,12001,1813,591,1811.65
2017-04-10,CAMP0029,Organic,83366,8488,1345,378,1263.72
2017-11-12,CAMP0011,Referral,62938,6179,477,154,1722.81
2018-04-29,CAMP0014,Organic,76407,3715,329,66,355.46
2017-05-17,CAMP0029,Organic,77757,2295,296,38,702.41
2018-05-21,CAMP0025,Referral,16832,1154,192,51,553.6
2018-02-17,CAMP0004,Instagram,91808,1708,260,79,1793.38
2018-05-22,CAMP0017,Email,19381,2878,481,92,741.82
2017-12-31,CAMP0013,Affiliate,57331,3007,220,76,1834.5
2018-01-19,CAMP0013,Affiliate,67967,895,92,11,1024.67
2017-01-13,CAMP0007,Email,19061,2829,421,36,780.94
2017-11-07,CAMP0011,Referral,68277,8927,1298,217,1544.4
2018-02-08,CAMP0024,Organic,42126,1204,68,21,838.28
2018-04-16,CAMP0025,Referral,21922,2853,245,25,649.02
2018-05-04,CAMP0017,Email,49895,581,55,11,1957.58
2017-11-14,CAMP0011,Referral,52019,1408,121,36,1883.79
2017-11-12,CAMP0011,Referral,119209,12786,1528,368,1582.84
2017-11-14,CAMP0022,Referral,95218,3762,656,172,596.75
2017-01-13,CAMP0009,Google Search,48279,1582,89,5,62.39
2017-04-10,CAMP0019,Google Search,118498,10819,1244,391,910.84
2018-04-13,CAMP0003,Facebook,51729,5927,230,24,705.07
2017-09-26,CAMP0012,Organic,5111,410,20,6,211.58
2018-05-03,CAMP0014,Organic,78275,3583,599,153,893.15
2018-01-27,CAMP0024,Organic,117390,4695,421,80,1393.31
2017-05-05,CAMP0029,Organic,56893,5495,533,122,1231.79
2017-10-07,CAMP0012,Organic,48055,6293,1118,179,1795.21
2018-03-31,CAMP0020,Google Search,48454,1158,45,2,1892.07
2017-05-24,CAMP0030,Affiliate,106860,5290,689,115,1987.63
2018-05-08,CAMP0017,Email,74289,6845,508,33,1273.35
2017-09-21,CAMP0012,Organic,113714,4082,524,168,918.97
2017-12-15,CAMP0026,Affiliate,12775,1436,189,20,64.84
2017-05-28,CAMP0030,Affiliate,61953,7214,933,60,136.39
2017-10-16,CAMP0006,Organic,59021,7319,1282,219,1488.21
2017-08-19,CAMP0023,Facebook,59998,3151,331,82,606.02
2017-09-21,CAMP0001,Affiliate,97500,5237,595,108,1837.13
2017-07-29,CAMP0016,Email,64814,3746,444,134,1601.73
2017-01-31,CAMP0007,Email,14394,798,64,21,1990.62
2018-03-08,CAMP0020,Google Search,93165,12543,1397,92,790.33
2017-06-04,CAMP0015,Instagram,44801,5386,173,36,1230.97
2017-03-13,CAMP0002,Facebook,72652,5184,182,29,521.54
2018-01-07,CAMP0013,Affiliate,33971,1233,98,23,1220.42
2017-08-06,CAMP0016,Email,82917,11347,757,118,298.58
2018-04-07,CAMP0018,Instagram,25870,3187,554,110,1929.88
2017-08-30,CAMP0010,Affiliate,90037,3516,466,135,544.35
2017-01-17,CAMP0007,Email,14207,1830,103,13,1445.81
2018-01-15,CAMP0013,Affiliate,19519,1963,161,38,673.5
2017-09-16,CAMP0001,Affiliate,74312,10145,1198,213,700.51
2018-03-10,CAMP0018,Instagram,52400,1865,221,36,1889.52
2017-12-19,CAMP0026,Affiliate,82102,2393,403,138,1148.31
2017-08-02,CAMP0028,Facebook,107997,11838,1215,416,1460.69
2018-05-06,CAMP0014,Organic,6399,325,53,11,1292.9
2017-09-02,CAMP0010,Affiliate,54851,1093,134,25,1554.8
2017-01-18,CAMP0009,Google Search,54424,6087,705,110,869.97
2018-04-15,CAMP0003,Facebook,18850,209,29,2,1986.39
2017-01-26,CAMP0009,Google Search,15122,860,80,9,1418.2
2017-09-20,CAMP0001,Affiliate,102838,2599,342,103,1045.9
2017-11-17,CAMP0011,Referral,71680,3768,355,34,310.41
2018-01-25,CAMP0024,Organic,45453,3355,221,17,1133.47
2018-04-25,CAMP0014,Organic,70022,6853,939,172,900.5
2017-09-16,CAMP0001,Affiliate,108851,4821,288,29,51.33
2018-02-28,CAMP0024,Organic,66596,1526,114,30,613.3
2017-08-19,CAMP0016,Email,50389,3319,258,17,1856.2
2017-12-29,CAMP0013,Affiliate,19434,490,37,12,208.13
2017-09-09,CAMP0010,Affiliate,26518,3655,444,154,1932.62
2017-01-15,CAMP0009,Google Search,69127,2142,364,42,1139.67
2017-10-26,CAMP0006,Organic,102568,1976,301,25,330.18
2018-04-22,CAMP0005,Affiliate,101649,11626,1751,555,1283.86
2017-10-31,CAMP0022,Referral,26881,3581,132,35,185.7
2017-09-02,CAMP0010,Affiliate,47238,4122,253,77,1388.08
2017-01-23,CAMP0007,Email,97404,9832,1599,303,739.72
2017-11-30,CAMP0022,Referral,51799,6341,741,218,413.29
2017-11-13,CAMP0011,Referral,39828,4330,694,160,1841.51
2018-04-03,CAMP0005,Affiliate,67603,3100,444,43,883.66
2018-03-09,CAMP0018,Instagram,45729,4963,736,54,782.24
2017-02-01,CAMP0007,Email,60498,5736,588,74,801.14
2018-04-11,CAMP0014,Organic,68981,7854,589,185,1933.0
2018-04-10,CAMP0003,Facebook,29135,1479,140,38,389.26
2018-02-07,CAMP0004,Instagram,53135,2490,265,21,1686.77
2017-06-19,CAMP0008,Instagram,35704,367,30,4,1916.63
2018-04-12,CAMP0018,Instagram,31018,2987,338,70,1841.91
2018-01-07,CAMP0013,Affiliate,90328,6964,362,85,223.18
2018-03-18,CAMP0020,Google Search,117550,14647,2571,594,760.51
2017-09-08,CAMP0010,Affiliate,36360,2713,328,82,777.55
2017-05-24,CAMP0030,Affiliate,13725,1361,81,12,830.31
2017-08-21,CAMP0010,Affiliate,87505,10346,1451,477,907.0
2017-09-16,CAMP0001,Affiliate,101487,14510,943,211,537.18
2017-01-13,CAMP0009,Google Search,85581,5688,367,23,1593.03
2017-08-05,CAMP0028,Facebook,7128,890,119,19,1316.02
2017-01-07,CAMP0007,Email,47804,4236,262,47,631.01
2018-04-02,CAMP0003,Facebook,81267,2012,86,29,452.3
2018-04-12,CAMP0014,Organic,114350,16775,658,210,1038.66
2017-08-22,CAMP0016,Email,60488,2861,144,13,484.36
2018-04-04,CAMP0020,Google Search,100282,8259,422,120,236.18
2018-05-02,CAMP0003,Facebook,108987,1413,197,12,1696.48
2017-04-18,CAMP0029,Organic,94354,13874,633,49,659.78
2017-08-12,CAMP0027,Affiliate,62468,6008,246,54,1535.96
2017-08-16,CAMP0016,Email,65311,8457,523,96,621.79
2017-03-13,CAMP0002,Facebook,56675,6546,362,76,1868.74
2017-11-29,CAMP0022,Referral,83813,3407,509,143,1297.55
2017-08-17,CAMP0027,Affiliate,80695,5649,326,19,734.43
2017-06-04,CAMP0030,Affiliate,107099,12386,1875,431,1413.14
2017-09-14,CAMP0023,Facebook,23104,2938,355,102,1611.95
2017-10-18,CAMP0006,Organic,61666,8966,669,90,1642.07
2017-05-27,CAMP0030,Affiliate,67699,8758,862,179,1440.05
2017-08-17,CAMP0027,Affiliate,44856,4153,445,81,1202.48
2017-06-10,CAMP0030,Affiliate,81693,8040,1003,80,1283.49
2018-01-01,CAMP0026,Affiliate,107146,5583,714,168,1769.28
2018-04-26,CAMP0014,Organic,27226,3642,538,83,1633.16
2018-04-27,CAMP0003,Facebook,91765,1087,97,29,723.31
2017-06-02,CAMP0008,Instagram,56413,3223,501,42,1294.28
2017-01-18,CAMP0009,Google Search,55647,2841,116,17,434.55
2017-08-01,CAMP0028,Facebook,102253,14568,2280,536,1648.13
2017-12-28,CAMP0026,Affiliate,88756,7384,766,112,1612.59
2018-01-18,CAMP0013,Affiliate,77316,2774,148,36,182.79
2017-12-19,CAMP0026,Affiliate,39366,787,35,4,1458.34
2017-09-14,CAMP0023,Facebook,16804,1473,52,17,809.27
2017-04-05,CAMP0019,Google Search,12769,1615,51,12,1973.67
2017-08-18,CAMP0028,Facebook,91440,12242,468,39,577.51
2017-12-31,CAMP0013,Affiliate,79713,2935,126,31,1053.63
2017-05-30,CAMP0030,Affiliate,13520,1262,173,18,321.6
2017-07-24,CAMP0016,Email,33419,1777,128,42,832.74
2017-08-22,CAMP0016,Email,18877,1484,193,45,786.51
2018-04-13,CAMP0003,Facebook,119342,7877,868,146,1077.39
2017-10-25,CAMP0006,Organic,106816,9055,1482,193,184.75
2017-08-13,CAMP0027,Affiliate,47060,3968,393,25,1921.4
2017-09-21,CAMP0001,Affiliate,9901,1246,172,57,135.92
2017-11-10,CAMP0011,Referral,53739,3891,639,90,122.49
2018-04-26,CAMP0003,Facebook,90956,11205,1625,89,442.88
2018-02-01,CAMP0024,Organic,27354,1044,121,12,1416.22
2017-06-09,CAMP0015,Instagram,105078,7753,435,143,1290.97
2017-08-15,CAMP0016,Email,85444,12707,482,114,1457.6
2017-07-27,CAMP0027,Affiliate,53945,2270,165,40,724.02
2017-02-01,CAMP0007,Email,68893,2156,269,84,1764.0
2018-04-04,CAMP0003,Facebook,94750,5935,999,333,1705.79
2017-05-28,CAMP0030,Affiliate,38485,4819,513,147,1803.62
2017-09-21,CAMP0001,Affiliate,52409,6555,520,136,588.18
2017-01-13,CAMP0007,Email,92341,11790,623,38,122.96
2017-09-13,CAMP0001,Affiliate,16819,289,30,3,1175.59
2017-03-16,CAMP0002,Facebook,46395,712,92,24,1242.17
2017-09-19,CAMP0001,Affiliate,39357,710,98,18,1673.76
2017-01-19,CAMP0007,Email,95399,10384,1632,420,1028.63
2018-02-05,CAMP0004,Instagram,63554,3713,372,61,1621.33
2017-12-23,CAMP0026,Affiliate,21522,775,79,20,453.35
2018-01-12,CAMP0013,Affiliate,70886,2941,94,22,1521.83
2017-05-26,CAMP0015,Instagram,70356,7286,1026,244,1327.27
2017-11-14,CAMP0011,Referral,32690,789,36,1,963.75
2017-08-26,CAMP0010,Affiliate,93156,6153,575,50,916.12
2017-05-22,CAMP0015,Instagram,18622,2428,254,59,1048.07
2018-03-13,CAMP0020,Google Search,11851,203,34,4,277.57
2018-01-30,CAMP0004,Instagram,63209,6786,211,61,1566.17
2017-05-31,CAMP0030,Affiliate,62248,6955,420,144,1110.7
2018-05-07,CAMP0025,Referral,65931,5261,449,154,1681.49
2017-11-10,CAMP0022,Referral,79294,842,70,11,1405.29
2017-11-09,CAMP0011,Referral,89682,10673,398,103,671.36
2018-01-08,CAMP0013,Affiliate,46062,5108,373,117,136.05
2017-08-20,CAMP0027,Affiliate,16751,1123,59,4,806.76
2018-02-14,CAMP0004,Instagram,84287,887,79,16,602.55
2017-08-20,CAMP0027,Affiliate,34813,4431,647,219,1297.75
2017-12-11,CAMP0022,Referral,113725,3500,323,76,125.78
2017-08-30,CAMP0010,Affiliate,63075,734,102,13,638.88
2018-04-10,CAMP0003,Facebook,58279,7731,317,74,547.07
2017-06-01,CAMP0015,Instagram,17602,1381,177,59,1046.05
2017-10-27,CAMP0006,Organic,47234,1214,52,5,1180.6
2018-05-09,CAMP0014,Organic,116084,11880,1419,276,156.25
2018-03-22,CAMP0018,Instagram,41259,2279,360,82,513.58
2018-04-17,CAMP0025,Referral,50358,3184,284,94,1280.45
2017-05-21,CAMP0015,Instagram,114302,11032,848,290,1775.06
2017-09-18,CAMP0001,Affiliate,15348,607,44,3,1874.78
2017-08-29,CAMP0010,Affiliate,109994,12168,1592,80,729.01
2018-05-01,CAMP0003,Facebook,27117,2968,316,27,316.97
2018-04-29,CAMP0017,Email,65415,5714,783,61,280.15
2017-10-12,CAMP0012,Organic,41919,1251,145,42,490.2
2018-01-09,CAMP0013,Affiliate,15296,785,123,19,1190.1
2017-08-19,CAMP0028,Facebook,83989,7107,589,66,222.59
2017-04-29,CAMP0029,Organic,115192,3505,616,81,1128.26
2017-11-12,CAMP0022,Referral,44271,5328,782,238,1410.43
2018-05-10,CAMP0017,Email,29095,432,38,8,1469.5
2018-04-10,CAMP0005,Affiliate,12059,284,21,6,555.75
2018-03-11,CAMP0020,Google Search,85061,5282,618,108,1728.19
2017-10-31,CAMP0006,Organic,75581,6755,1127,144,757.29
2018-03-03,CAMP0021,Referral,110853,15887,1491,307,455.13
2018-01-25,CAMP0024,Organic,82651,5829,550,167,948.25
2017-01-31,CAMP0009,Google Search,87839,3894,638,36,1063.77
2017-05-04,CAMP0029,Organic,76320,9762,652,78,278.96
2017-06-18,CAMP0008,Instagram,83358,5123,620,155,795.14
2017-11-01,CAMP0022,Referral,114163,10824,1073,77,690.56
2017-10-31,CAMP0022,Referral,71796,4985,417,71,343.48
2017-05-30,CAMP0030,Affiliate,35530,2894,215,56,1841.38
2018-01-02,CAMP0026,Affiliate,106130,7640,896,205,504.12
2017-09-22,CAMP0012,Organic,46347,2954,483,145,1514.72
2018-03-28,CAMP0018,Instagram,74425,7837,1195,387,1349.62
2018-05-02,CAMP0017,Email,39244,1213,103,14,1401.82
2017-11-30,CAMP0022,Referral,82769,1426,173,41,476.37
2018-04-01,CAMP0020,Google Search,17052,499,15,2,967.74
2018-05-06,CAMP0014,Organic,107480,6801,841,265,1838.69
2017-08-24,CAMP0028,Facebook,8180,304,46,15,1923.29
2017-08-20,CAMP0023,Facebook,79880,1742,210,53,1762.98
2017-05-20,CAMP0015,Instagram,9569,1208,72,5,401.73
2018-05-09,CAMP0017,Email,36492,859,58,3,1563.55
2017-01-07,CAMP0007,Email,91040,12163,2102,363,610.59
2017-04-22,CAMP0019,Google Search,68093,7787,1254,283,1382.02
2017-08-18,CAMP0016,Email,8426,411,46,8,964.83
2018-02-12,CAMP0004,Instagram,117701,2204,327,24,1092.04
2018-03-07,CAMP0018,Instagram,116793,10538,1424,224,334.44
2017-11-06,CAMP0022,Referral,55963,3174,564,79,1548.64
2017-06-04,CAMP0015,Instagram,7657,312,36,7,1236.95
2018-01-04,CAMP0026,Affiliate,54091,5885,776,200,1149.08
2017-11-11,CAMP0011,Referral,74955,3462,238,32,365.32
2017-08-14,CAMP0027,Affiliate,82635,3784,481,26,120.09
2017-11-08,CAMP0011,Referral,83395,7222,1211,255,650.91
2018-02-01,CAMP0004,Instagram,30258,3749,432,24,1689.58
2017-08-03,CAMP0028,Facebook,56176,7977,774,129,505.94
2017-11-09,CAMP0011,Referral,11189,230,33,9,713.25
2018-02-02,CAMP0024,Organic,34964,831,102,19,787.83
2018-04-02,CAMP0018,Instagram,82193,11869,1520,346,1120.32
2017-08-26,CAMP0010,Affiliate,99787,3895,525,179,1373.81
2018-03-09,CAMP0020,Google Search,49578,596,98,5,665.18
2018-03-19,CAMP0005,Affiliate,108598,1103,177,44,1766.65
2017-09-15,CAMP0001,Affiliate,5239,547,61,9,594.32
2017-04-13,CAMP0019,Google Search,116974,1233,109,10,1430.53
2017-05-24,CAMP0030,Affiliate,25940,1415,152,28,120.57
2017-05-08,CAMP0029,Organic,91265,8001,1166,253,599.01
2017-08-05,CAMP0028,Facebook,117271,1960,295,99,602.13
2017-01-09,CAMP0009,Google Search,5035,434,26,6,208.88
2018-03-30,CAMP0018,Instagram,21755,2590,314,27,1954.93
2017-04-25,CAMP0029,Organic,102095,6901,540,110,1905.87
2017-09-02,CAMP0023,Facebook,65545,9691,816,80,590.98
2018-04-14,CAMP0014,Organic,29671,3245,146,37,829.57
2017-12-29,CAMP0013,Affiliate,85713,11114,1025,206,917.53
2017-05-30,CAMP0015,Instagram,32635,703,54,7,1911.68
2017-09-22,CAMP0001,Affiliate,91465,1570,128,41,619.64
2017-09-01,CAMP0010,Affiliate,86988,9550,1430,424,1420.09
2018-04-03,CAMP0003,Facebook,100275,11049,1738,273,1571.48
2017-09-07,CAMP0023,Facebook,82339,1393,45,6,1264.88
2017-09-21,CAMP0012,Organic,69438,3626,145,14,1282.96
2017-06-16,CAMP0008,Instagram,57127,7560,371,115,1002.71
2018-03-04,CAMP0021,Referral,31030,609,23,8,1598.99
2017-10-10,CAMP0012,Organic,55900,7425,530,104,1605.2
2017-10-24,CAMP0006,Organic,119521,6292,650,171,1804.93
2017-09-12,CAMP0001,Affiliate,104693,10999,1609,532,245.7
2017-09-22,CAMP0001,Affiliate,89659,3246,309,102,811.76
2017-07-29,CAMP0027,Affiliate,61235,726,39,3,1879.08
2017-12-14,CAMP0026,Affiliate,84040,12301,1872,613,492.85
2018-05-09,CAMP0025,Referral,56744,1466,187,20,598.29
2018-03-03,CAMP0021,Referral,70518,1316,95,21,346.94
2017-11-16,CAMP0022,Referral,95050,5414,646,209,135.37
2017-04-23,CAMP0019,Google Search,67813,3249,545,96,484.52
2017-11-14,CAMP0011,Referral,30293,3165,460,144,1529.09
2017-01-20,CAMP0007,Email,47184,5052,468,137,82.43
2018-02-11,CAMP0024,Organic,78510,5552,338,105,260.46
2017-08-18,CAMP0010,Affiliate,118449,3317,119,13,238.46
2018-04-24,CAMP0014,Organic,48621,6263,813,136,464.73
2017-06-02,CAMP0015,Instagram,77844,2020,154,19,1182.73
2017-12-30,CAMP0013,Affiliate,77121,9707,1008,71,72.35
2018-05-07,CAMP0017,Email,114884,2605,270,32,1738.06
2018-04-16,CAMP0003,Facebook,13565,1478,106,16,1553.38
2017-09-02,CAMP0023,Facebook,11108,1384,216,64,1873.2
2017-04-08,CAMP0029,Organic,9992,414,68,9,1988.66
2017-10-25,CAMP0006,Organic,103754,13299,1667,427,907.9
2017-10-02,CAMP0012,Organic,91380,3838,322,66,1238.02
2018-01-12,CAMP0004,Instagram,58511,6775,1206,321,618.67
2017-08-28,CAMP0023,Facebook,66421,8739,350,61,552.58
2018-04-09,CAMP0003,Facebook,98602,4336,389,24,685.88
2017-09-27,CAMP0012,Organic,25408,1732,192,38,254.58
2017-09-05,CAMP0023,Facebook,92861,6933,978,321,117.47
2018-05-02,CAMP0017,Email,64147,6572,1089,66,1122.44
2018-05-09,CAMP0017,Email,49909,4547,306,24,1638.96
2017-08-15,CAMP0016,Email,30050,2138,197,42,1042.84
2017-09-03,CAMP0010,Affiliate,81861,10257,1679,187,89.58
2018-04-27,CAMP0014,Organic,24721,3700,291,30,1471.06
2017-05-24,CAMP0030,Affiliate,34762,4669,407,58,509.11
2017-07-27,CAMP0027,Affiliate,6009,190,26,3,256.81
2017-05-14,CAMP0029,Organic,112571,3794,652,96,628.16
2017-11-26,CAMP0022,Referral,26805,636,81,18,648.55
2018-02-10,CAMP0024,Organic,16156,1506,266,38,1462.91
2017-08-28,CAMP0010,Affiliate,32362,3607,511,71,973.4
2017-09-23,CAMP0012,Organic,25985,2609,250,65,1347.69
2017-04-11,CAMP0019,Google Search,64031,7852,302,72,1569.23
2017-06-20,CAMP0008,Instagram,27479,581,83,27,1393.42
2017-12-29,CAMP0013,Affiliate,55213,6342,327,46,154.99
2018-04-16,CAMP0005,Affiliate,23390,1841,260,21,104.45
2017-12-01,CAMP0022,Referral,112856,3507,379,43,1376.89
2017-10-16,CAMP0006,Organic,55126,6255,838,119,312.79
2018-05-21,CAMP0017,Email,28751,3792,196,25,1087.66
2017-08-04,CAMP0028,Facebook,24123,3456,142,21,839.7
2017-09-06,CAMP0010,Affiliate,5601,107,14,2,1267.42
2018-03-02,CAMP0018,Instagram,100327,9217,1505,339,1247.63
2017-05-04,CAMP0019,Google Search,48187,1949,80,25,157.08
2017-06-04,CAMP0015,Instagram,13791,1512,182,21,1128.84
2018-02-09,CAMP0004,Instagram,94934,2807,458,101,476.63
2017-02-04,CAMP0007,Email,70523,9469,860,144,1188.58
2018-04-17,CAMP0025,Referral,21949,2887,283,89,414.66
2018-04-30,CAMP0025,Referral,10646,777,85,9,677.44
2017-05-29,CAMP0030,Affiliate,21710,1641,272,77,1732.88
2017-11-02,CAMP0006,Organic,33713,339,32,1,1018.62
2017-12-31,CAMP0013,Affiliate,42741,2985,128,44,1986.84
2017-08-15,CAMP0027,Affiliate,76322,5109,570,179,1879.2
2018-01-28,CAMP0024,Organic,102069,4663,586,186,481.23
2018-01-28,CAMP0024,Organic,19914,1183,167,29,1998.01
2017-08-03,CAMP0027,Affiliate,44533,5870,347,98,1429.9
2017-06-06,CAMP0015,Instagram,34861,4613,147,23,1889.13
2018-02-07,CAMP0004,Instagram,25603,2170,179,36,1165.63
2017-08-18,CAMP0027,Affiliate,99436,8001,1127,282,564.06
2017-08-01,CAMP0028,Facebook,24115,3305,575,37,1855.34
2017-11-13,CAMP0022,Referral,91887,10245,719,42,1247.13
2017-06-07,CAMP0030,Affiliate,109470,3296,110,35,235.62
2017-09-12,CAMP0001,Affiliate,46218,5885,826,50,1488.49
2017-01-29,CAMP0009,Google Search,12837,160,8,1,270.49
2017-12-24,CAMP0026,Affiliate,55214,7902,1411,465,307.33
2017-09-26,CAMP0012,Organic,78439,5817,813,97,319.99
2018-04-01,CAMP0020,Google Search,12278,1106,105,14,1330.58
2017-09-30,CAMP0012,Organic,55280,4481,144,7,1831.66
2017-06-08,CAMP0030,Affiliate,105693,6545,442,103,976.12
2017-08-09,CAMP0023,Facebook,100688,8131,1419,483,82.33
2017-01-19,CAMP0007,Email,23913,2032,139,36,387.33
2017-06-06,CAMP0030,Affiliate,11477,1418,149,25,1227.99
2017-08-05,CAMP0016,Email,83004,2106,135,29,74.6
2018-01-17,CAMP0013,Affiliate,113377,12139,1085,214,1393.16
2017-03-25,CAMP0002,Facebook,56829,7327,1009,335,77.8
2017-03-13,CAMP0002,Facebook,93055,9115,1075,309,1591.07
2017-02-03,CAMP0009,Google Search,11687,977,79,4,70.65
2018-01-15,CAMP0013,Affiliate,38669,4758,838,112,1752.59
2017-11-13,CAMP0022,Referral,49984,7310,659,81,1536.83
2017-01-20,CAMP0007,Email,113318,1340,116,16,159.92
2017-06-05,CAMP0015,Instagram,19893,1141,139,19,1695.2
2018-04-01,CAMP0005,Affiliate,50053,7274,494,77,548.0
2018-04-16,CAMP0025,Referral,25560,2010,245,61,1136.68
2018-03-24,CAMP0018,Instagram,52409,5986,1045,240,1814.02
2017-06-09,CAMP0030,Affiliate,58044,7088,580,201,56.89
2017-08-12,CAMP0028,Facebook,78911,10305,1624,416,1073.26
2017-12-06,CAMP0022,Referral,113377,8183,1048,135,892.43
2018-05-11,CAMP0025,Referral,105276,6306,772,217,1004.8
2018-04-28,CAMP0003,Facebook,118731,15573,2455,144,656.15
2017-05-06,CAMP0029,Organic,115183,8151,1310,214,320.72
2018-04-29,CAMP0025,Referral,76954,5894,1047,224,1894.91
2017-10-11,CAMP0012,Organic,24401,566,19,5,1574.76
2017-06-07,CAMP0030,Affiliate,12075,1103,148,51,391.78
2018-03-05,CAMP0021,Referral,72810,10761,1199,405,411.79
2018-03-11,CAMP0020,Google Search,10600,366,36,7,697.45
2017-06-02,CAMP0008,Instagram,88382,2098,187,44,1689.08
2017-10-21,CAMP0006,Organic,83467,6892,604,189,92.68
2017-12-14,CAMP0026,Affiliate,64778,9343,285,65,1184.67
2017-03-28,CAMP0002,Facebook,71512,1930,328,73,813.1
2017-11-17,CAMP0011,Referral,52241,5593,499,65,1656.75
2017-08-24,CAMP0023,Facebook,31314,881,79,23,1737.67
2017-12-26,CAMP0026,Affiliate,40438,1371,117,30,1540.79
2017-09-13,CAMP0010,Affiliate,35947,770,92,23,898.41
2017-01-14,CAMP0007,Email,98124,3060,440,116,1343.69
2018-04-14,CAMP0003,Facebook,116358,13380,2125,526,878.71
2017-10-10,CAMP0012,Organic,82356,10218,1643,442,1551.17
2017-08-08,CAMP0027,Affiliate,38995,4697,360,32,1700.87
2017-11-02,CAMP0022,Referral,25456,2200,156,43,1877.12
2017-01-25,CAMP0009,Google Search,59901,7249,753,193,1560.34
2018-04-09,CAMP0018,Instagram,87803,8081,1050,334,1527.76
2018-05-05,CAMP0014,Organic,37047,2084,115,15,176.52
2018-02-11,CAMP0024,Organic,74401,8420,1148,74,1645.67
2018-04-16,CAMP0025,Referral,109254,10403,812,283,1265.82
2018-04-28,CAMP0014,Organic,25622,1139,154,13,1240.06
2017-12-14,CAMP0026,Affiliate,33902,1225,142,11,1519.27
2017-05-14,CAMP0029,Organic,90950,13240,2124,419,1317.16
2017-11-17,CAMP0011,Referral,84677,4012,639,140,1490.7
2018-04-14,CAMP0003,Facebook,30965,3388,471,140,1473.72
2017-11-14,CAMP0011,Referral,50278,4336,293,53,641.67
2017-11-27,CAMP0022,Referral,81979,7901,535,97,617.37
2017-11-09,CAMP0011,Referral,86286,8544,582,176,193.19
2018-05-17,CAMP0017,Email,45741,2161,252,65,271.05
2017-11-27,CAMP0022,Referral,66385,8487,630,183,569.28
2018-04-27,CAMP0025,Referral,104306,8969,1248,214,549.83
2017-01-29,CAMP0009,Google Search,6182,82,5,1,1766.67
2017-06-02,CAMP0030,Affiliate,37731,1399,73,23,1383.58
2017-11-05,CAMP0011,Referral,37602,3290,484,42,1245.76
2017-09-29,CAMP0012,Organic,72595,8188,1411,220,1105.19
2018-05-05,CAMP0025,Referral,117849,7926,848,288,754.39
2018-02-07,CAMP0024,Organic,53322,4087,413,92,1070.35
2017-08-06,CAMP0028,Facebook,105421,6859,1074,265,667.38
2017-05-23,CAMP0030,Affiliate,17411,1001,94,25,1754.84
2018-05-24,CAMP0017,Email,67256,9609,562,166,1001.54
2017-07-27,CAMP0016,Email,8948,141,4,0,1787.02
2017-10-08,CAMP0012,Organic,11502,364,28,3,156.97
2018-01-12,CAMP0004,Instagram,43376,6433,853,222,302.94
2017-06-03,CAMP0030,Affiliate,49996,3126,385,115,1216.81
2017-04-18,CAMP0019,Google Search,15872,450,53,16,1752.35
2017-04-21,CAMP0029,Organic,66516,8633,1480,114,1565.8
2017-10-22,CAMP0006,Organic,113828,6487,251,80,466.58
2018-04-04,CAMP0020,Google Search,114147,4915,597,108,1831.04
2017-04-10,CAMP0029,Organic,53074,1641,168,58,1260.7
2017-06-08,CAMP0030,Affiliate,26768,425,38,11,575.55
2018-05-07,CAMP0025,Referral,40185,4151,377,21,835.57
2017-04-14,CAMP0019,Google Search,19955,1474,177,34,1181.37
2017-04-01,CAMP0002,Facebook,119895,10959,1174,120,514.27
2017-08-03,CAMP0028,Facebook,94720,5153,837,232,551.96
2017-10-06,CAMP0012,Organic,44300,2496,140,45,1681.37
2018-02-13,CAMP0004,Instagram,20530,1414,176,35,159.92
2017-07-26,CAMP0016,Email,33790,1900,296,102,542.63
2017-03-31,CAMP0002,Facebook,92809,13822,2450,468,727.62
2017-06-17,CAMP0008,Instagram,104397,3248,268,60,1549.09
2018-01-23,CAMP0024,Organic,104116,4655,511,46,584.1
2018-02-21,CAMP0004,Instagram,23757,569,74,19,774.97
2018-05-17,CAMP0025,Referral,104202,13457,884,169,1913.5
2017-10-08,CAMP0012,Organic,114886,14429,1720,534,1599.81
2018-01-19,CAMP0013,Affiliate,113254,13372,2306,566,406.45
2018-01-12,CAMP0013,Affiliate,57651,7442,856,236,675.55
2018-05-02,CAMP0017,Email,110403,2782,179,60,663.61
2017-09-19,CAMP0001,Affiliate,97476,1415,123,14,1870.69
2018-01-01,CAMP0026,Affiliate,14711,473,44,13,473.73
2017-01-21,CAMP0007,Email,27199,1648,272,62,363.27
2017-06-16,CAMP0008,Instagram,118117,12064,1306,184,287.8
2018-01-17,CAMP0013,Affiliate,38534,4268,433,131,793.71
2017-09-10,CAMP0023,Facebook,73420,4538,414,90,502.14
2017-09-08,CAMP0010,Affiliate,70817,3949,551,35,247.0
2017-01-31,CAMP0007,Email,114550,8129,709,99,419.75
2017-05-22,CAMP0030,Affiliate,46100,969,172,54,263.85
2018-03-26,CAMP0018,Instagram,95974,9967,582,117,878.34
2017-11-30,CAMP0022,Referral,25657,744,43,14,1468.49
2017-08-27,CAMP0023,Facebook,98383,3957,612,35,1667.05
2018-04-19,CAMP0014,Organic,87932,10821,636,61,657.19
2017-03-18,CAMP0002,Facebook,51004,2126,345,36,656.28
2017-08-19,CAMP0028,Facebook,113090,4261,295,92,1263.14
2017-10-03,CAMP0012,Organic,12325,373,55,14,440.25
2017-06-11,CAMP0008,Instagram,73333,6585,613,66,1245.67
2017-09-30,CAMP0012,Organic,67931,6160,912,268,1099.12
2017-05-03,CAMP0019,Google Search,98559,5102,691,193,1188.49
2018-02-12,CAMP0004,Instagram,72198,8092,828,162,198.63
2017-09-22,CAMP0001,Affiliate,70755,3873,525,26,1989.12
2018-04-28,CAMP0025,Referral,60851,678,84,9,618.46
2017-02-06,CAMP0009,Google Search,40477,1885,324,19,964.16
2017-04-07,CAMP0002,Facebook,78153,10407,1306,396,1717.14
2017-10-16,CAMP0006,Organic,51024,746,34,9,1768.74
2017-08-22,CAMP0023,Facebook,53790,6664,327,73,161.2
2017-10-23,CAMP0006,Organic,40702,4255,342,118,1697.32
2017-10-11,CAMP0012,Organic,90806,3765,155,11,776.67
2017-05-21,CAMP0030,Affiliate,65070,5813,904,192,535.67
2018-01-28,CAMP0024,Organic,113429,13060,2243,473,484.7
2017-09-18,CAMP0001,Affiliate,16392,1831,93,10,1770.49
2017-01-19,CAMP0007,Email,100878,8249,697,134,836.91
2017-09-12,CAMP0023,Facebook,95838,2350,338,109,58.71
2017-09-07,CAMP0010,Affiliate,37440,4854,629,209,1287.16
2018-04-26,CAMP0003,Facebook,54244,7362,1273,292,772.44
2018-03-10,CAMP0021,Referral,26360,686,64,4,834.64
2018-05-14,CAMP0017,Email,59910,8358,1127,172,624.97
2017-08-12,CAMP0016,Email,98193,9217,403,112,166.32
2018-01-02,CAMP0026,Affiliate,58049,603,24,8,705.71
2017-08-01,CAMP0027,Affiliate,57999,6999,531,89,1074.85
2018-04-26,CAMP0014,Organic,21193,2348,321,53,664.89
2017-10-08,CAMP0012,Organic,110386,10262,1364,282,282.26
2017-10-28,CAMP0006,Organic,85630,3704,629,196,81.74
2018-02-10,CAMP0024,Organic,89647,1850,177,15,167.34
2017-08-19,CAMP0016,Email,69692,2689,482,112,51.99
2018-02-12,CAMP0024,Organic,114608,10444,703,60,685.59
2018-04-20,CAMP0025,Referral,42854,4193,547,134,1842.75
2017-11-06,CAMP0011,Referral,63800,7409,474,26,660.49
2018-03-06,CAMP0021,Referral,19283,333,21,6,316.95
2017-02-07,CAMP0009,Google Search,49267,2885,451,91,1403.53
2017-08-03,CAMP0027,Affiliate,64070,8643,1462,158,98.05
2017-06-20,CAMP0008,Instagram,45522,3062,105,25,404.53
2017-11-26,CAMP0022,Referral,104575,3122,369,97,1499.92
2018-02-14,CAMP0004,Instagram,69124,3715,651,179,1208.95
2017-06-18,CAMP0008,Instagram,108679,6814,1160,276,557.36
2018-04-28,CAMP0017,Email,67390,3528,396,24,1771.62
2017-08-23,CAMP0023,Facebook,77196,6338,334,81,853.21
2018-05-04,CAMP0017,Email,41539,1514,59,8,1056.26
2018-03-30,CAMP0018,Instagram,52348,2417,226,18,557.64
2017-08-07,CAMP0027,Affiliate,53359,2617,312,89,363.92
2017-04-14,CAMP0029,Organic,102704,2641,94,22,580.91
2017-01-16,CAMP0007,Email,28629,3441,165,21,366.69
2018-01-28,CAMP0024,Organic,82272,4798,271,75,299.87
2018-03-05,CAMP0021,Referral,69839,4678,160,11,494.69
2017-09-02,CAMP0023,Facebook,23918,1753,146,23,994.29
2017-12-18,CAMP0026,Affiliate,83953,10502,545,124,1531.68
2017-10-02,CAMP0012,Organic,22921,974,89,8,1790.38
2017-04-05,CAMP0019,Google Search,83142,7769,1273,331,1848.26
2017-01-19,CAMP0009,Google Search,50398,4611,498,165,443.53
2017-08-24,CAMP0010,Affiliate,52325,3046,455,92,224.39
2017-10-08,CAMP0012,Organic,38589,4436,523,90,925.51
2017-04-07,CAMP0019,Google Search,75933,9980,1611,338,1305.25
2018-02-09,CAMP0024,Organic,48106,898,121,10,805.43
2017-01-18,CAMP0007,Email,88710,13185,1557,200,1568.57
2018-03-16,CAMP0005,Affiliate,61189,2433,222,74,1821.13
2017-05-05,CAMP0019,Google Search,26854,1971,223,55,767.22
2018-01-05,CAMP0013,Affiliate,77720,7602,940,97,763.71
2017-11-29,CAMP0022,Referral,67828,8578,943,171,629.67
2017-09-02,CAMP0023,Facebook,105063,1429,152,41,620.51
2017-12-21,CAMP0026,Affiliate,85123,11106,1045,134,209.77
2017-02-05,CAMP0009,Google Search,98061,11109,738,84,986.25
2018-03-19,CAMP0018,Instagram,7556,716,68,21,905.12
2017-10-06,CAMP0012,Organic,8783,298,36,2,336.84
2018-03-20,CAMP0020,Google Search,103873,10010,621,190,61.04
2017-11-30,CAMP0022,Referral,98614,2776,100,33,1262.04
2017-02-05,CAMP0009,Google Search,95706,7096,1194,107,1731.08
2018-03-27,CAMP0018,Instagram,89815,12279,782,68,358.98
2018-05-13,CAMP0014,Organic,85641,12416,1779,320,1981.88
2018-05-20,CAMP0025,Referral,27210,1281,56,3,1534.88
2017-03-26,CAMP0002,Facebook,52880,3508,517,53,1884.22
2018-04-18,CAMP0014,Organic,37408,1875,182,13,1816.12
2017-04-23,CAMP0019,Google Search,22464,3050,543,109,632.13
2017-09-27,CAMP0012,Organic,31847,3334,134,44,1496.78
2018-03-07,CAMP0021,Referral,90098,11939,2042,584,1615.42
2017-04-20,CAMP0019,Google Search,22809,2184,272,95,605.95
2017-06-12,CAMP0008,Instagram,95540,3784,184,17,1367.02
2017-09-06,CAMP0010,Affiliate,111190,4754,462,95,522.09
2018-04-11,CAMP0005,Affiliate,119701,10641,1399,488,857.87
2017-10-30,CAMP0006,Organic,105368,3092,241,63,198.74
2018-03-27,CAMP0020,Google Search,92870,12793,2134,126,1480.65
2017-12-31,CAMP0013,Affiliate,44911,1535,75,6,1503.84
2018-05-05,CAMP0014,Organic,76037,3848,479,112,242.94
2018-03-27,CAMP0005,Affiliate,112134,13077,631,76,1101.74
2017-05-15,CAMP0029,Organic,30697,2480,117,16,1231.69
2018-03-28,CAMP0020,Google Search,64389,6659,273,61,1925.24
2017-03-17,CAMP0002,Facebook,30927,1649,163,27,1339.61
2018-03-05,CAMP0018,Instagram,71611,7424,1270,398,665.43
2017-01-10,CAMP0007,Email,46008,3866,584,172,1598.16
2018-04-26,CAMP0014,Organic,64090,3788,502,53,1354.65
2017-05-26,CAMP0030,Affiliate,47325,2947,278,34,1439.44
2017-12-29,CAMP0026,Affiliate,25030,1356,189,24,1115.25
2018-05-01,CAMP0014,Organic,119459,7476,1127,99,645.85
2018-03-09,CAMP0020,Google Search,71098,8320,533,74,1016.35
2017-08-11,CAMP0027,Affiliate,95475,6269,507,162,529.04
2018-03-26,CAMP0005,Affiliate,87046,6864,594,86,204.62
2018-01-02,CAMP0013,Affiliate,56027,7101,940,101,665.58
2017-04-29,CAMP0019,Google Search,106328,15006,677,232,1730.73
2018-01-21,CAMP0004,Instagram,10773,937,121,26,1394.22
2017-08-06,CAMP0027,Affiliate,118081,7880,1137,251,1159.49
2018-01-14,CAMP0013,Affiliate,10254,716,56,10,823.24
2017-11-22,CAMP0022,Referral,69862,9944,381,75,1806.11
2017-11-13,CAMP0011,Referral,84607,12444,924,54,299.41
2017-08-22,CAMP0027,Affiliate,103734,6290,854,260,1240.26
2017-04-21,CAMP0029,Organic,110197,6179,233,72,1111.84
2017-09-26,CAMP0012,Organic,54203,6875,215,64,190.45
2017-08-23,CAMP0023,Facebook,93073,1589,222,63,1862.65
2017-09-02,CAMP0010,Affiliate,54261,2087,76,5,128.55
2018-03-11,CAMP0021,Referral,59863,8612,869,268,1068.69
2017-08-21,CAMP0023,Facebook,74782,7628,1033,182,1239.73
2017-05-28,CAMP0030,Affiliate,39361,3803,459,70,1311.19
2017-08-20,CAMP0028,Facebook,95235,3470,252,67,1054.19
2017-08-06,CAMP0027,Affiliate,41072,608,35,7,739.87
2017-07-28,CAMP0016,Email,105825,12119,1319,447,322.97
2017-05-17,CAMP0029,Organic,73482,3957,541,96,1966.91
2018-05-15,CAMP0025,Referral,61509,8589,900,256,1110.67
2017-06-08,CAMP0015,Instagram,27704,634,51,12,1660.53
2018-04-03,CAMP0003,Facebook,15179,1033,74,4,1642.07
2017-10-21,CAMP0006,Organic,12062,978,77,9,461.32
2018-05-11,CAMP0025,Referral,89267,2321,96,15,719.62
2017-10-26,CAMP0006,Organic,37474,2715,450,139,542.62
2017-02-02,CAMP0007,Email,29650,3752,552,134,262.55
2017-10-26,CAMP0006,Organic,45687,809,48,7,527.23
2017-08-02,CAMP0027,Affiliate,95369,9182,1031,212,1714.35
2018-01-12,CAMP0013,Affiliate,23722,3452,207,36,1345.86
2017-02-04,CAMP0007,Email,49034,6719,944,71,545.38
2017-05-20,CAMP0015,Instagram,82616,2049,142,14,115.99
2018-03-11,CAMP0021,Referral,51421,4626,786,218,257.3
2017-01-08,CAMP0007,Email,66028,3253,495,104,1467.11
2017-06-19,CAMP0008,Instagram,87211,2103,360,20,677.2
2018-03-12,CAMP0020,Google Search,95323,2894,495,80,1796.62
2018-04-03,CAMP0003,Facebook,77392,8333,591,102,1082.31
2017-06-19,CAMP0008,Instagram,102046,9611,884,79,296.57
2017-11-20,CAMP0022,Referral,64381,2811,468,130,1613.44
2018-03-01,CAMP0021,Referral,55910,8336,760,89,1811.82
2018-03-05,CAMP0021,Referral,49694,3899,696,40,1210.68
2018-04-20,CAMP0025,Referral,115541,10556,1581,288,1068.53
2017-12-26,CAMP0026,Affiliate,57364,1519,188,55,50.51
2018-04-18,CAMP0003,Facebook,88109,6410,997,235,1007.94
2018-05-08,CAMP0017,Email,56186,3721,520,177,54.34
2017-09-11,CAMP0001,Affiliate,87740,9811,750,99,1938.86
2018-04-18,CAMP0005,Affiliate,66893,6023,1059,139,1589.03
2017-06-11,CAMP0008,Instagram,98785,3085,401,106,1549.11
2017-08-15,CAMP0028,Facebook,61122,3696,269,24,1719.44
2018-04-09,CAMP0003,Facebook,98665,1688,140,11,1034.79
2018-04-09,CAMP0014,Organic,5924,211,13,4,997.5
2017-05-01,CAMP0019,Google Search,103435,1311,107,26,229.76
2018-02-09,CAMP0024,Organic,38820,413,74,12,803.43
2018-04-21,CAMP0014,Organic,103608,4233,761,203,521.65
2017-08-31,CAMP0010,Affiliate,117000,2606,367,26,1748.44
2018-01-07,CAMP0013,Affiliate,66296,4306,691,80,915.83
2018-03-06,CAMP0021,Referral,105444,15465,2095,368,1223.41
2018-04-13,CAMP0003,Facebook,16040,189,14,4,365.06
2017-08-31,CAMP0010,Affiliate,91757,5501,435,45,241.17
2018-03-09,CAMP0021,Referral,92946,2469,422,117,959.81
2017-11-13,CAMP0022,Referral,45407,1893,304,25,1684.4
2018-01-13,CAMP0013,Affiliate,82326,10343,1334,168,266.27
2018-02-09,CAMP0024,Organic,17304,738,67,20,1578.55
2017-06-02,CAMP0015,Instagram,40754,5665,319,17,267.31
2017-04-30,CAMP0019,Google Search,103208,10884,458,41,853.03
2017-10-08,CAMP0012,Organic,6872,1023,47,12,436.58
2017-09-15,CAMP0001,Affiliate,9129,1088,188,29,1891.56
2017-06-13,CAMP0008,Instagram,111137,10819,1586,178,1324.71
2017-04-16,CAMP0029,Organic,91087,13023,471,28,1077.18
2018-03-17,CAMP0005,Affiliate,36999,1866,268,68,870.38
2017-08-18,CAMP0010,Affiliate,90161,3487,416,71,912.31
2018-04-01,CAMP0005,Affiliate,99335,3264,557,129,818.3
2017-01-13,CAMP0007,Email,23346,2811,214,36,1459.58
2017-10-05,CAMP0012,Organic,59290,3806,463,80,1256.93
2017-09-20,CAMP0001,Affiliate,9942,256,17,1,1059.48
2017-05-28,CAMP0015,Instagram,111885,15320,2418,493,1317.78
2017-05-22,CAMP0030,Affiliate,25314,1581,71,15,1335.85
2018-03-26,CAMP0020,Google Search,54173,1240,135,12,1488.3
2017-05-12,CAMP0029,Organic,114197,8376,1289,240,1386.03
2017-04-18,CAMP0029,Organic,118876,14331,2219,471,456.93
2018-04-14,CAMP0014,Organic,69002,8421,428,120,636.14
2018-01-27,CAMP0004,Instagram,113679,9794,1119,87,1507.75
2018-05-15,CAMP0017,Email,5835,758,70,7,1911.58
2017-04-10,CAMP0019,Google Search,104950,8914,857,89,1274.95
2018-04-07,CAMP0003,Facebook,84658,8028,1005,134,1356.37
2018-05-16,CAMP0025,Referral,23915,3305,361,108,1380.87
2018-02-24,CAMP0024,Organic,25290,470,23,2,756.51
2017-08-28,CAMP0010,Affiliate,78628,9516,1066,228,949.08
2017-09-30,CAMP0012,Organic,43425,6022,452,45,1432.45
2017-11-13,CAMP0011,Referral,114997,8432,463,39,1925.99
2017-08-07,CAMP0016,Email,94181,5438,174,40,1800.78
2017-04-21,CAMP0019,Google Search,25514,1611,270,40,1853.76
2017-09-26,CAMP0012,Organic,101694,14465,685,58,884.3
2017-08-24,CAMP0028,Facebook,82750,5717,222,36,1089.37
2017-08-08,CAMP0028,Facebook,14667,627,42,10,584.51
2018-04-07,CAMP0003,Facebook,26596,3952,411,140,414.58
2018-02-03,CAMP0024,Organic,71071,5932,1031,344,658.2
2017-04-30,CAMP0029,Organic,74691,2044,228,67,1767.26
2017-09-14,CAMP0023,Facebook,109961,10339,729,180,1726.94
2017-10-07,CAMP0012,Organic,53889,7163,729,156,1751.8
2017-08-03,CAMP0027,Affiliate,105193,9347,914,117,912.74
2017-08-14,CAMP0027,Affiliate,78110,10930,1712,334,1706.43
2018-01-18,CAMP0013,Affiliate,23492,2597,115,14,1195.49
2017-09-16,CAMP0001,Affiliate,110627,5590,309,57,1401.49
2018-04-21,CAMP0025,Referral,92308,12971,881,233,523.2
2017-05-20,CAMP0015,Instagram,118081,15656,2724,821,255.25
2018-03-18,CAMP0005,Affiliate,67754,2664,149,35,708.42
2017-12-31,CAMP0013,Affiliate,28888,3818,633,63,1314.52
2018-01-19,CAMP0013,Affiliate,32864,4193,311,52,1768.29
2018-02-10,CAMP0004,Instagram,110028,14362,1530,87,875.57
2018-05-24,CAMP0017,Email,109544,12005,1000,84,1027.91
2017-09-22,CAMP0012,Organic,16551,459,47,4,836.31
2017-07-29,CAMP0027,Affiliate,26165,3783,499,71,166.81
2017-06-06,CAMP0030,Affiliate,15429,1669,238,22,1709.54
2017-02-03,CAMP0007,Email,31302,381,59,11,1052.86
2018-04-06,CAMP0003,Facebook,59882,5734,957,223,1718.5
2017-09-14,CAMP0023,Facebook,24101,3326,130,9,1019.25
2018-03-08,CAMP0018,Instagram,84879,2612,176,40,911.63
2017-08-12,CAMP0016,Email,48631,2623,107,18,400.41
2017-10-02,CAMP0012,Organic,118077,3613,522,78,1207.37
2017-09-25,CAMP0012,Organic,39254,4833,611,110,663.2
2018-01-17,CAMP0013,Affiliate,62487,2824,506,67,609.21
2018-01-30,CAMP0004,Instagram,114829,2884,180,54,879.94
2017-09-14,CAMP0023,Facebook,31190,566,40,7,168.18
2017-08-05,CAMP0028,Facebook,87264,12795,864,231,1670.34
2018-03-09,CAMP0021,Referral,103461,15035,2129,366,1026.41
2018-05-11,CAMP0017,Email,62171,9008,555,110,760.39
2017-11-10,CAMP0022,Referral,44270,1691,190,52,593.99
2017-11-14,CAMP0022,Referral,70564,5166,172,43,1053.53
2017-11-09,CAMP0011,Referral,114645,15184,656,79,1021.52
2017-10-11,CAMP0012,Organic,74209,5045,593,193,178.11
2017-10-29,CAMP0006,Organic,62023,1381,227,39,1864.18
2017-08-20,CAMP0028,Facebook,70452,5095,805,79,96.31
2018-03-10,CAMP0020,Google Search,96597,6049,296,44,880.76
2017-12-30,CAMP0013,Affiliate,20033,1899,125,13,1600.63
2017-05-29,CAMP0015,Instagram,37946,1408,147,49,1982.79
2017-05-28,CAMP0015,Instagram,101712,2931,217,11,186.88
2018-04-14,CAMP0003,Facebook,19087,2833,163,20,276.42
2017-04-05,CAMP0029,Organic,60394,1533,97,22,119.08
2017-09-13,CAMP0001,Affiliate,33065,4131,324,73,1149.42
2017-07-29,CAMP0016,Email,10254,970,173,30,1535.54
2017-06-10,CAMP0015,Instagram,95629,6434,799,53,1102.54
2018-03-05,CAMP0018,Instagram,96318,4307,411,122,290.37
2017-06-01,CAMP0015,Instagram,17357,587,54,6,884.07
2018-04-29,CAMP0017,Email,111911,6325,1029,187,1752.49
2017-08-29,CAMP0023,Facebook,86045,4218,346,104,205.0
2017-06-10,CAMP0008,Instagram,17506,2129,190,20,845.28
2017-08-04,CAMP0016,Email,79251,10282,945,311,1321.04
2017-08-17,CAMP0028,Facebook,23742,3123,224,60,56.39
2017-06-16,CAMP0008,Instagram,88379,4509,400,33,864.2
2018-04-06,CAMP0018,Instagram,60690,1924,135,36,1785.53
2018-04-04,CAMP0018,Instagram,82675,3312,132,30,1461.81
2017-06-11,CAMP0008,Instagram,78571,10676,1660,547,139.06
2017-10-10,CAMP0012,Organic,78345,4961,389,130,992.44
2017-01-07,CAMP0007,Email,73550,3244,170,21,1204.83
2018-03-12,CAMP0021,Referral,48698,1230,106,23,1725.22
2017-01-10,CAMP0007,Email,87309,9625,1268,328,1639.87
2018-01-03,CAMP0026,Affiliate,11566,802,31,6,1911.27
2018-02-09,CAMP0004,Instagram,26516,2749,413,84,1592.12
2017-05-24,CAMP0015,Instagram,40480,1942,334,48,1977.83
2017-06-10,CAMP0008,Instagram,112034,11696,1888,427,202.78
2017-08-23,CAMP0027,Affiliate,10038,945,124,38,979.28
2018-05-13,CAMP0014,Organic,64673,4366,374,125,528.31
2018-03-16,CAMP0018,Instagram,56658,2011,347,87,1670.9
2017-07-28,CAMP0016,Email,107320,2213,348,70,562.5
2017-06-04,CAMP0008,Instagram,32213,4144,742,83,97.68
2018-04-01,CAMP0018,Instagram,104380,2737,156,19,54.25
2018-04-26,CAMP0017,Email,34345,3250,330,79,303.65
2017-06-06,CAMP0008,Instagram,16446,403,35,10,1379.07
2017-06-02,CAMP0008,Instagram,104417,6117,266,64,801.86
2017-09-04,CAMP0010,Affiliate,77486,2122,329,38,546.85
2018-05-09,CAMP0025,Referral,98745,5327,854,236,55.84
2017-08-11,CAMP0028,Facebook,78514,6617,363,66,1277.7
2018-04-18,CAMP0014,Organic,37799,4440,798,60,460.7
2018-01-15,CAMP0013,Affiliate,11496,765,115,15,1985.93
2017-05-23,CAMP0030,Affiliate,61103,1859,79,25,1862.31
2017-06-01,CAMP0030,Affiliate,58617,1773,220,48,246.23
2018-03-03,CAMP0018,Instagram,79059,891,106,31,832.17
2017-06-03,CAMP0015,Instagram,36040,5118,842,291,1341.88
2017-06-09,CAMP0015,Instagram,29894,1278,161,47,1881.95
2017-11-08,CAMP0022,Referral,108440,9638,1362,75,1344.96
2018-03-28,CAMP0020,Google Search,101622,11679,1873,612,1910.59
2017-11-28,CAMP0022,Referral,53542,2733,248,50,370.24
2017-01-23,CAMP0009,Google Search,20172,2785,274,16,1704.69
2017-03-16,CAMP0002,Facebook,73306,10333,1058,280,1122.25
2017-05-26,CAMP0015,Instagram,110726,6506,1118,90,1704.57
2017-01-10,CAMP0009,Google Search,8992,687,57,9,80.94
2017-02-05,CAMP0009,Google Search,93382,5131,615,113,491.28
2017-08-11,CAMP0016,Email,99191,3483,242,72,779.86
2017-05-26,CAMP0030,Affiliate,78070,6719,1181,183,1216.64
2018-01-02,CAMP0026,Affiliate,111248,10293,403,42,977.37
2017-10-06,CAMP0012,Organic,119371,15054,632,182,1048.65
2017-08-28,CAMP0023,Facebook,81677,9838,1093,332,1354.32
2017-08-26,CAMP0023,Facebook,96557,2389,410,42,787.1
2017-11-05,CAMP0011,Referral,86434,11871,433,53,1043.48
2017-01-12,CAMP0009,Google Search,69590,6710,1050,66,413.66
2017-08-14,CAMP0023,Facebook,58141,6614,1171,254,998.85
2017-05-24,CAMP0015,Instagram,90217,10350,502,90,1683.25
2017-08-08,CAMP0016,Email,64123,4266,342,88,1977.26
2017-10-25,CAMP0006,Organic,104855,10454,331,54,787.74
2018-04-11,CAMP0014,Organic,55863,4833,620,139,1088.14
2017-05-29,CAMP0030,Affiliate,117287,9717,1519,88,1364.0
2017-02-06,CAMP0009,Google Search,34572,4606,368,74,1749.72
2017-06-19,CAMP0008,Instagram,64293,9624,1402,262,1310.69
2017-08-21,CAMP0023,Facebook,46657,6488,829,75,758.54
2017-03-22,CAMP0002,Facebook,112707,8134,689,127,739.57
2017-03-19,CAMP0002,Facebook,26109,900,124,36,1011.14
2017-09-28,CAMP0012,Organic,93292,8841,1178,329,1895.12
2017-03-26,CAMP0002,Facebook,89247,4100,311,77,698.34
2017-06-16,CAMP0008,Instagram,20246,784,135,19,552.27
2018-01-04,CAMP0013,Affiliate,111896,9928,398,131,185.52
2017-07-25,CAMP0016,Email,81322,9004,837,191,469.63
2018-05-05,CAMP0017,Email,106368,4949,832,62,1170.89
2018-04-09,CAMP0014,Organic,63677,6245,466,64,1250.8
2017-12-04,CAMP0022,Referral,53907,3059,337,57,1966.33
2017-12-28,CAMP0026,Affiliate,107520,14315,697,141,701.0
2017-06-08,CAMP0008,Instagram,110168,6557,748,126,727.9
2018-03-15,CAMP0020,Google Search,74955,7305,530,143,1063.92
2017-12-29,CAMP0026,Affiliate,47705,2214,250,26,542.38
2018-03-05,CAMP0021,Referral,33980,1473,139,28,1845.02
2017-05-16,CAMP0029,Organic,90373,9268,435,69,457.48
2018-05-01,CAMP0017,Email,101058,4712,313,90,1776.81
2017-04-12,CAMP0029,Organic,28236,3914,496,85,1425.89
2018-01-27,CAMP0024,Organic,50325,3871,202,61,1452.87
2017-04-21,CAMP0019,Google Search,73048,4206,208,61,823.6
2018-03-31,CAMP0018,Instagram,113922,1810,170,32,1050.66
2017-08-15,CAMP0028,Facebook,79594,3361,363,117,1041.74
2018-01-05,CAMP0013,Affiliate,82542,2786,341,91,593.92
2017-08-07,CAMP0027,Affiliate,25310,722,29,2,160.64
2018-05-10,CAMP0017,Email,53940,653,40,9,1194.35
2017-06-07,CAMP0030,Affiliate,89107,4081,713,206,200.16
2018-02-14,CAMP0004,Instagram,28482,1385,218,25,877.44
2017-05-10,CAMP0029,Organic,99344,8745,420,125,1466.29
2018-04-20,CAMP0025,Referral,57072,8396,1193,88,1947.29
2018-03-03,CAMP0021,Referral,44831,747,119,6,102.64
2018-02-20,CAMP0004,Instagram,105029,9250,1389,73,932.99
2017-12-30,CAMP0013,Affiliate,115863,8545,1080,162,1900.64
2017-04-02,CAMP0002,Facebook,81106,4112,686,221,530.21
2018-03-17,CAMP0005,Affiliate,103269,1195,131,16,833.76
2017-09-22,CAMP0001,Affiliate,45687,4710,440,137,1770.74
2017-11-08,CAMP0011,Referral,28004,2186,390,135,1307.32
2018-05-16,CAMP0025,Referral,102157,5301,219,60,1126.34
2017-06-10,CAMP0008,Instagram,93326,5901,955,221,1397.04
2018-03-05,CAMP0021,Referral,77538,5442,844,272,375.11
2017-08-14,CAMP0016,Email,103552,14542,1851,603,1045.47
2017-11-11,CAMP0011,Referral,49256,2485,203,58,950.0
2017-08-15,CAMP0023,Facebook,39300,5742,766,153,1797.11
2017-06-02,CAMP0015,Instagram,19565,1305,151,32,1768.28
2017-10-27,CAMP0006,Organic,108300,5782,301,103,465.01
2017-05-27,CAMP0015,Instagram,104347,7509,1219,295,1103.2
2018-03-07,CAMP0018,Instagram,8291,516,23,1,1779.25
2017-03-12,CAMP0002,Facebook,17546,939,74,13,1015.92
2017-05-31,CAMP0030,Affiliate,14211,1363,223,60,558.52
2018-02-01,CAMP0004,Instagram,22751,263,33,4,1327.77
2017-01-14,CAMP0009,Google Search,37376,2832,407,58,1518.94
2018-05-21,CAMP0025,Referral,78194,7559,1175,150,1965.14
2017-06-14,CAMP0008,Instagram,43174,673,65,15,1575.52
2017-11-15,CAMP0011,Referral,21103,2148,190,39,53.18
2018-04-04,CAMP0005,Affiliate,47957,1219,218,61,1177.35
2018-03-26,CAMP0018,Instagram,12913,864,119,17,1756.45
2017-04-01,CAMP0002,Facebook,94433,9264,522,164,821.43
2018-03-19,CAMP0005,Affiliate,44454,3943,323,68,1039.0
2017-08-18,CAMP0010,Affiliate,25606,3617,297,95,484.9
2017-11-06,CAMP0022,Referral,60667,6661,453,136,1817.07
2018-04-06,CAMP0018,Instagram,65179,7897,681,210,465.42
2017-04-26,CAMP0019,Google Search,46726,6011,1058,310,1182.06
2018-03-30,CAMP0005,Affiliate,98331,2013,252,68,1926.08
2017-09-17,CAMP0001,Affiliate,17642,2604,447,121,1042.5
2018-01-08,CAMP0013,Affiliate,102199,1720,302,98,1518.66
2018-04-19,CAMP0003,Facebook,35410,3565,134,41,1503.55
2017-09-18,CAMP0001,Affiliate,15433,1793,139,42,619.74
2017-09-12,CAMP0023,Facebook,73695,1914,61,14,642.5
2017-08-23,CAMP0028,Facebook,79326,1838,225,43,1406.36
2018-01-11,CAMP0013,Affiliate,31580,384,30,10,1518.32
2017-09-21,CAMP0012,Organic,71394,10052,701,73,926.3
2017-11-07,CAMP0011,Referral,19664,2566,164,29,1557.38
2018-03-06,CAMP0021,Referral,72233,7750,1280,216,1231.54
2017-03-26,CAMP0002,Facebook,117143,1646,267,90,1680.7
2018-04-10,CAMP0014,Organic,12924,1079,59,5,1387.2
2017-06-10,CAMP0015,Instagram,111783,11877,1082,336,1704.92
2018-03-22,CAMP0005,Affiliate,98292,9652,995,160,1142.63
2018-02-27,CAMP0024,Organic,116404,2472,299,47,1318.22
2018-02-18,CAMP0004,Instagram,83775,12030,874,303,280.86
2017-06-05,CAMP0008,Instagram,49878,4345,675,216,1801.1
2018-04-30,CAMP0025,Referral,70036,9369,894,57,1185.79
2017-08-17,CAMP0023,Facebook,88080,3451,260,38,746.82
2018-03-03,CAMP0021,Referral,34741,816,131,18,1984.0
2017-09-07,CAMP0010,Affiliate,107839,6892,1236,359,341.03
2017-03-22,CAMP0002,Facebook,91769,11266,1160,263,797.81
2018-04-24,CAMP0014,Organic,17653,2438,363,120,1971.13
2017-10-30,CAMP0022,Referral,19903,1042,167,17,342.47
2017-10-27,CAMP0006,Organic,110135,8056,335,45,446.48
2018-02-05,CAMP0004,Instagram,110379,14873,2229,704,449.42
2017-08-19,CAMP0016,Email,62844,3051,472,37,1393.21
2017-05-31,CAMP0030,Affiliate,46081,992,76,7,1631.64
2018-04-30,CAMP0025,Referral,62469,6997,656,62,364.11
2018-04-01,CAMP0018,Instagram,70601,6963,1046,131,1128.79
2018-03-07,CAMP0021,Referral,115343,7341,1270,64,433.24
2017-01-13,CAMP0009,Google Search,42946,4040,175,14,1777.02
2017-12-22,CAMP0026,Affiliate,5136,176,7,1,681.35
2017-09-05,CAMP0023,Facebook,118878,16513,1412,412,1650.3
2018-05-17,CAMP0017,Email,87197,6081,1051,98,1406.24
2017-07-29,CAMP0027,Affiliate,116850,13044,986,297,177.42
2018-03-03,CAMP0021,Referral,52887,5681,247,50,1127.7
2017-08-10,CAMP0023,Facebook,52825,3719,265,72,961.33
2017-08-31,CAMP0010,Affiliate,94757,3779,545,173,1750.61
2017-09-11,CAMP0001,Affiliate,105948,1237,158,39,505.57
2017-10-10,CAMP0012,Organic,90646,13355,1690,357,152.03
2017-02-04,CAMP0009,Google Search,104540,1317,122,8,189.92
2017-12-29,CAMP0013,Affiliate,103188,4469,433,33,1743.16
2017-08-29,CAMP0010,Affiliate,12619,647,63,19,322.1
2018-03-09,CAMP0018,Instagram,83796,6744,728,181,965.33
2018-03-17,CAMP0005,Affiliate,77207,9309,830,225,803.34
2017-12-22,CAMP0026,Affiliate,26015,2369,193,23,1288.63
2018-03-05,CAMP0021,Referral,57820,3272,547,118,1013.83
2018-02-23,CAMP0024,Organic,18942,2320,81,16,1522.51
2018-05-24,CAMP0025,Referral,35084,5098,570,61,241.25
2018-03-10,CAMP0021,Referral,49074,5678,172,8,355.89
2018-03-29,CAMP0018,Instagram,82518,4708,476,47,1981.54
2017-12-28,CAMP0026,Affiliate,93832,12689,672,166,1483.09
2018-04-12,CAMP0014,Organic,45306,1270,167,40,1045.28
2017-04-30,CAMP0019,Google Search,35041,2272,329,42,1312.97
2017-10-31,CAMP0006,Organic,88197,3607,583,49,1004.36
2017-08-27,CAMP0023,Facebook,42624,1705,237,64,216.67
2017-08-31,CAMP0010,Affiliate,55514,4228,655,216,1824.9
2017-09-07,CAMP0010,Affiliate,114738,7301,403,136,829.74
2017-12-21,CAMP0026,Affiliate,59158,8465,332,64,515.91
2018-04-25,CAMP0003,Facebook,69395,3141,114,20,1161.71
2017-06-01,CAMP0015,Instagram,110368,3675,430,145,510.92
2017-09-15,CAMP0001,Affiliate,23171,2927,114,6,884.57
2017-10-29,CAMP0006,Organic,84280,3392,275,50,678.2
2018-03-03,CAMP0021,Referral,9974,1332,96,23,1931.06
2017-09-29,CAMP0012,Organic,21547,475,42,8,1512.67
2017-06-07,CAMP0015,Instagram,59276,3951,523,113,1500.59
2017-11-14,CAMP0011,Referral,78432,7466,440,31,782.29
2017-05-20,CAMP0015,Instagram,35139,2692,309,97,257.38
2017-08-07,CAMP0028,Facebook,5518,776,55,10,296.98
2017-10-17,CAMP0006,Organic,54577,1225,142,23,70.93
2017-04-17,CAMP0019,Google Search,116514,2722,260,85,487.19
2018-05-16,CAMP0017,Email,17384,272,38,6,783.73
2018-02-19,CAMP0004,Instagram,76932,8322,486,74,475.62
2018-04-28,CAMP0017,Email,20426,361,50,17,264.28
2018-02-13,CAMP0004,Instagram,25886,266,25,6,1188.05
2017-08-12,CAMP0027,Affiliate,104830,10587,775,256,248.41
2017-10-23,CAMP0006,Organic,78422,10115,869,113,1296.19
2017-11-04,CAMP0022,Referral,62701,2147,304,18,1793.51
2017-01-16,CAMP0009,Google Search,25285,2197,211,61,1371.95
2017-08-23,CAMP0023,Facebook,81149,3918,261,50,1368.46
2018-01-08,CAMP0013,Affiliate,35490,5052,634,109,889.43
2017-04-08,CAMP0029,Organic,58022,8412,1272,366,1007.04
2017-06-03,CAMP0030,Affiliate,97209,5740,352,53,1093.65
2017-09-27,CAMP0012,Organic,31622,1107,146,45,851.91
2018-05-12,CAMP0017,Email,12333,1728,225,39,1924.66
2018-03-16,CAMP0018,Instagram,23234,2061,131,24,687.51
2017-05-02,CAMP0019,Google Search,90132,10170,581,153,1311.75
2017-04-18,CAMP0029,Organic,103490,3963,637,171,1598.07
2017-05-21,CAMP0030,Affiliate,104142,10695,798,82,1785.22
2017-05-24,CAMP0015,Instagram,22461,753,126,38,353.35
2018-03-14,CAMP0020,Google Search,44779,1576,65,9,314.69
2017-04-18,CAMP0019,Google Search,88604,11856,1348,205,1365.14
2017-08-10,CAMP0027,Affiliate,56646,754,68,6,168.37
2018-04-09,CAMP0014,Organic,47835,3363,190,42,1276.48
2017-11-07,CAMP0011,Referral,72115,9812,1414,465,1763.78
2017-09-18,CAMP0001,Affiliate,107240,1838,180,42,889.17
2018-04-19,CAMP0014,Organic,21389,1285,177,11,395.59
2017-01-12,CAMP0009,Google Search,32650,3490,494,113,1288.72
2017-12-02,CAMP0022,Referral,9611,110,4,0,1200.94
2018-02-05,CAMP0024,Organic,37497,3812,586,125,717.78
2017-11-14,CAMP0011,Referral,35190,1580,98,29,215.55
2017-09-24,CAMP0012,Organic,90647,13281,503,70,999.88
2017-04-05,CAMP0029,Organic,117266,14444,1569,481,655.13
2017-05-21,CAMP0015,Instagram,73715,4843,864,254,210.99
2018-04-06,CAMP0005,Affiliate,85382,9451,773,48,1028.33
2017-09-22,CAMP0001,Affiliate,27322,1463,87,19,418.47
2018-03-17,CAMP0020,Google Search,10669,741,80,6,905.22
2017-09-30,CAMP0012,Organic,44838,931,115,25,314.19
2018-03-18,CAMP0018,Instagram,34935,3556,159,38,1137.71
2018-02-05,CAMP0004,Instagram,30625,3558,591,51,970.18
2017-08-04,CAMP0027,Affiliate,96981,5306,940,121,358.92
2017-10-30,CAMP0022,Referral,26840,3125,517,135,220.1
2018-01-30,CAMP0024,Organic,119247,7371,686,164,739.27
2018-03-05,CAMP0020,Google Search,19346,2397,259,34,872.22
2018-03-01,CAMP0021,Referral,13654,639,30,8,854.12
2017-08-19,CAMP0023,Facebook,62945,3577,332,16,1320.83
2018-04-02,CAMP0020,Google Search,16263,377,40,9,1798.02
2017-08-23,CAMP0023,Facebook,59638,3431,401,96,1132.31
2017-05-01,CAMP0019,Google Search,6511,775,32,5,554.18
2017-06-07,CAMP0015,Instagram,9615,637,40,7,302.97
2017-05-28,CAMP0015,Instagram,44220,3613,368,28,1456.62
2018-03-03,CAMP0018,Instagram,9417,987,63,18,1531.22
2017-11-17,CAMP0011,Referral,55144,4034,460,67,372.56
2017-10-26,CAMP0006,Organic,37040,813,32,8,366.51
2017-05-28,CAMP0015,Instagram,22480,793,80,14,647.66
2018-04-20,CAMP0014,Organic,21923,1125,51,15,451.77
2017-08-15,CAMP0016,Email,114714,7880,848,138,1257.89
2017-08-28,CAMP0010,Affiliate,53853,1258,204,54,1613.41
2017-01-11,CAMP0007,Email,64925,2866,478,52,1692.25
2018-03-03,CAMP0018,Instagram,113727,10522,503,171,125.18
2017-06-15,CAMP0008,Instagram,116360,16026,1493,498,444.59
2018-01-15,CAMP0013,Affiliate,110618,10019,1376,304,865.52
2017-06-07,CAMP0015,Instagram,53084,5788,735,166,901.49
2018-04-28,CAMP0017,Email,73507,4084,689,186,187.36
2017-12-19,CAMP0026,Affiliate,106760,10793,529,130,1288.28
2017-08-11,CAMP0027,Affiliate,98112,7136,514,145,1476.99
2017-08-12,CAMP0028,Facebook,25166,3683,117,24,1711.65
2017-01-16,CAMP0007,Email,77032,7162,566,58,1912.23
2017-05-12,CAMP0029,Organic,100648,12623,2176,623,383.16
2017-05-09,CAMP0029,Organic,48685,2465,361,96,1353.26
2017-11-05,CAMP0011,Referral,62260,2822,378,123,1181.11
2017-10-21,CAMP0006,Organic,104828,8601,1154,309,1289.47
2017-12-06,CAMP0022,Referral,71513,2537,82,9,1159.75
2017-10-26,CAMP0006,Organic,62723,8950,1297,148,974.2
2017-04-09,CAMP0002,Facebook,11744,1206,76,3,101.5
2018-03-21,CAMP0020,Google Search,52055,3593,616,31,1435.06
2018-03-02,CAMP0018,Instagram,66980,4519,242,83,1436.19
2017-11-11,CAMP0022,Referral,78439,8188,1322,238,1946.1
2018-03-15,CAMP0005,Affiliate,70386,4556,411,105,827.7
2017-07-28,CAMP0027,Affiliate,102620,6100,384,126,850.66
2017-09-12,CAMP0001,Affiliate,58408,768,59,4,355.55
2017-01-10,CAMP0007,Email,56444,7039,487,165,1818.99
2018-04-14,CAMP0003,Facebook,38157,3945,628,177,308.32
2018-03-09,CAMP0021,Referral,46552,5796,662,220,1814.17
2017-04-21,CAMP0019,Google Search,95184,7424,468,86,600.21
2017-10-19,CAMP0006,Organic,27217,803,120,22,795.83
2017-08-23,CAMP0028,Facebook,88214,8314,1164,267,483.67
2018-02-08,CAMP0024,Organic,91675,6465,356,25,1692.95
2017-05-02,CAMP0019,Google Search,71557,10582,617,115,1384.55
2018-03-16,CAMP0018,Instagram,70053,3865,465,118,1198.55
2018-04-10,CAMP0014,Organic,93133,9234,1577,261,126.59
2017-05-22,CAMP0030,Affiliate,111939,7813,1074,235,1781.5
2018-05-11,CAMP0017,Email,9402,727,73,20,1078.54
2017-09-19,CAMP0001,Affiliate,64228,8819,1057,283,1555.5
2017-08-24,CAMP0010,Affiliate,59659,1877,205,31,1559.74
2017-01-31,CAMP0007,Email,97653,9700,1094,131,897.98
2018-02-28,CAMP0024,Organic,104307,8599,1083,165,629.22
2018-03-05,CAMP0020,Google Search,109748,6648,225,15,1277.08
2017-11-14,CAMP0022,Referral,102097,6066,389,111,156.91
2017-05-29,CAMP0030,Affiliate,55085,7393,827,258,1236.56
2017-01-13,CAMP0007,Email,35194,2640,454,153,1363.25
2018-02-24,CAMP0024,Organic,66990,3197,531,140,437.42
2017-12-30,CAMP0026,Affiliate,24158,1811,314,102,954.16
2018-03-15,CAMP0005,Affiliate,102797,14209,2135,449,1975.64
2017-06-02,CAMP0030,Affiliate,46507,2340,299,55,845.8
2017-01-29,CAMP0009,Google Search,62446,5630,454,113,1040.66
2017-08-25,CAMP0010,Affiliate,74282,2150,272,24,1474.97
2017-12-30,CAMP0013,Affiliate,118593,15663,2744,668,703.39
2018-04-20,CAMP0005,Affiliate,103113,10637,573,193,1623.51
2017-08-13,CAMP0023,Facebook,48469,3638,481,135,794.81
2017-11-05,CAMP0011,Referral,83948,8747,425,144,988.61
2017-08-28,CAMP0023,Facebook,70986,10608,1232,278,1441.19
2017-03-20,CAMP0002,Facebook,70012,9646,1557,475,840.44
2018-03-01,CAMP0018,Instagram,35181,3775,237,26,133.7
2017-01-11,CAMP0007,Email,39254,2824,375,90,1831.56
2017-01-23,CAMP0009,Google Search,26149,3915,297,40,177.6
2017-06-13,CAMP0008,Instagram,97622,5549,887,236,119.63
2017-06-16,CAMP0008,Instagram,26421,572,84,23,1343.98
2018-03-07,CAMP0018,Instagram,110480,5436,900,51,1655.16
2018-05-16,CAMP0017,Email,92175,3679,260,14,1075.93
2018-03-27,CAMP0005,Affiliate,93765,2956,381,81,1186.63
2017-05-28,CAMP0030,Affiliate,62474,4204,576,46,933.87
2017-01-05,CAMP0007,Email,55664,562,70,13,505.94
2017-08-17,CAMP0028,Facebook,103518,10889,1860,629,1144.91
2017-11-08,CAMP0011,Referral,112410,11309,2020,205,262.29
2017-08-14,CAMP0023,Facebook,7819,659,48,5,735.45
2018-05-03,CAMP0017,Email,67287,9539,733,220,693.7
2018-02-22,CAMP0024,Organic,89324,1818,244,73,594.94
2017-09-21,CAMP0001,Affiliate,87071,3691,244,29,1280.87
2018-04-17,CAMP0005,Affiliate,71825,5769,947,247,411.72
2017-05-08,CAMP0029,Organic,24833,2433,138,45,1492.4
2018-02-23,CAMP0004,Instagram,38570,5050,259,35,525.52
2017-08-17,CAMP0028,Facebook,52511,3760,185,21,1680.54
2017-10-17,CAMP0006,Organic,14980,1964,198,20,280.68
2017-08-02,CAMP0016,Email,43434,6237,605,176,509.13
2017-03-11,CAMP0002,Facebook,110272,16056,1224,257,1145.27
2017-08-27,CAMP0010,Affiliate,80092,1349,125,28,1411.3
2018-01-06,CAMP0013,Affiliate,89810,3017,428,109,259.19
2017-05-06,CAMP0029,Organic,81666,10917,1803,392,1157.4
2017-07-27,CAMP0016,Email,25924,1814,279,16,947.15
2017-04-25,CAMP0019,Google Search,40758,4466,673,127,385.44
2018-05-03,CAMP0014,Organic,39131,4820,371,41,1137.31
2017-04-15,CAMP0029,Organic,20693,1893,165,41,1826.93
2017-11-11,CAMP0011,Referral,95145,5084,194,45,987.54
2017-05-11,CAMP0029,Organic,20638,1860,152,32,1647.22
2017-08-06,CAMP0028,Facebook,33282,1674,209,43,179.56
2018-04-06,CAMP0005,Affiliate,90657,11702,650,227,853.0
2018-02-06,CAMP0024,Organic,62638,4853,577,116,424.74
2017-11-07,CAMP0011,Referral,73051,2482,160,9,367.6
2017-08-11,CAMP0023,Facebook,88030,8468,1375,90,54.81
2017-09-15,CAMP0001,Affiliate,20629,2011,312,28,1565.27
2018-04-10,CAMP0018,Instagram,111392,4931,858,169,690.45
2017-08-21,CAMP0016,Email,12954,1632,146,47,363.63
2017-12-05,CAMP0022,Referral,114073,15973,1869,402,451.78
2017-01-22,CAMP0009,Google Search,97225,7868,659,183,721.28
2018-03-13,CAMP0021,Referral,111228,1161,36,6,1303.99
2017-08-10,CAMP0023,Facebook,84678,8405,1023,321,989.84
2018-04-27,CAMP0017,Email,7344,219,16,3,1128.43
2017-05-28,CAMP0030,Affiliate,13313,1575,150,40,1788.7
2018-03-09,CAMP0020,Google Search,16431,1031,106,28,629.08
2017-06-05,CAMP0015,Instagram,53637,3714,457,27,1086.18
2017-01-27,CAMP0009,Google Search,34907,5111,739,171,522.12
2017-08-22,CAMP0028,Facebook,93896,8086,683,150,1589.65
2017-01-03,CAMP0007,Email,36596,4163,604,127,343.44
2017-12-28,CAMP0013,Affiliate,38431,3850,613,175,1659.38
2017-03-23,CAMP0002,Facebook,110651,5389,713,49,1969.85
2018-04-28,CAMP0003,Facebook,105901,4750,416,111,1136.1
2017-01-10,CAMP0007,Email,85763,1428,100,31,1986.34
2017-09-02,CAMP0010,Affiliate,68018,7428,676,167,1215.33
2017-03-15,CAMP0002,Facebook,46987,4305,496,84,1520.01
2017-12-09,CAMP0022,Referral,77043,10273,1190,142,207.82
2018-02-26,CAMP0024,Organic,58891,8233,1173,237,725.46
2017-11-08,CAMP0011,Referral,13511,1408,185,51,970.53
2018-04-06,CAMP0003,Facebook,65400,1882,58,17,651.84
2018-05-07,CAMP0017,Email,51874,1468,145,8,941.59
2018-04-17,CAMP0003,Facebook,64703,3942,656,61,1863.84
2017-08-18,CAMP0016,Email,33368,2476,81,6,1251.57
2018-02-04,CAMP0004,Instagram,57681,7871,841,116,835.16
2017-08-26,CAMP0010,Affiliate,80347,9721,837,127,863.36
2018-04-07,CAMP0005,Affiliate,84366,2691,302,65,612.56
2017-11-15,CAMP0011,Referral,78628,820,97,14,130.37
2017-10-25,CAMP0006,Organic,41849,1890,109,14,1126.85
2017-06-08,CAMP0008,Instagram,71357,6310,875,233,936.52
2017-06-01,CAMP0015,Instagram,99442,3610,297,82,1941.16
2018-01-16,CAMP0013,Affiliate,78666,8247,1399,293,999.55
2017-12-29,CAMP0026,Affiliate,55505,2789,385,109,707.74
2018-03-23,CAMP0018,Instagram,39501,3313,161,55,599.03
2017-01-07,CAMP0007,Email,84902,2887,95,12,318.08
2017-06-05,CAMP0008,Instagram,95468,9210,1313,396,1740.32
2018-05-09,CAMP0025,Referral,105779,6635,880,196,1592.62
2018-04-06,CAMP0005,Affiliate,15224,2131,376,128,407.11
2017-08-30,CAMP0010,Affiliate,40136,2539,267,70,797.62
2017-01-09,CAMP0007,Email,54928,5185,511,119,1891.0
2018-04-02,CAMP0003,Facebook,54410,4320,709,63,1328.21
2017-11-11,CAMP0011,Referral,64136,7564,959,99,488.57
2017-06-08,CAMP0008,Instagram,115253,5775,523,41,1718.69
2018-02-21,CAMP0024,Organic,42583,607,32,7,74.63
2017-08-22,CAMP0027,Affiliate,57771,4910,187,11,1625.42
2017-12-29,CAMP0013,Affiliate,81299,11327,1339,335,1719.15
2017-03-23,CAMP0002,Facebook,10974,463,66,15,1156.54
2017-05-12,CAMP0029,Organic,65101,9267,1255,402,1670.03
2018-03-15,CAMP0005,Affiliate,39981,3214,392,103,62.38
2018-03-04,CAMP0021,Referral,23743,778,131,40,1564.35
2018-02-09,CAMP0004,Instagram,62652,8997,1249,319,1724.85
2018-04-04,CAMP0005,Affiliate,114359,10971,657,207,454.15
2017-09-03,CAMP0010,Affiliate,72608,8379,318,70,1447.05
2017-10-07,CAMP0012,Organic,103573,11770,1888,190,1604.24
2018-01-31,CAMP0004,Instagram,78973,9312,1258,427,1946.25
2017-09-14,CAMP0023,Facebook,38271,5671,487,163,337.96
2018-03-29,CAMP0018,Instagram,68076,3392,500,63,1967.12
2018-01-01,CAMP0026,Affiliate,42691,502,55,15,1065.9
2018-04-08,CAMP0003,Facebook,71108,9667,1220,297,1104.19
2017-01-18,CAMP0007,Email,58385,4992,479,68,1480.72
2018-05-04,CAMP0014,Organic,39014,5154,307,106,893.43
2017-05-27,CAMP0015,Instagram,77821,7904,1305,453,1559.1
2018-04-20,CAMP0003,Facebook,80411,8212,520,105,1067.87
2017-08-24,CAMP0028,Facebook,67317,1105,84,12,813.58
2018-03-12,CAMP0021,Referral,48198,4395,444,76,100.46
2018-01-26,CAMP0004,Instagram,109399,8098,787,48,1022.42
2017-04-10,CAMP0002,Facebook,88389,9797,563,32,1330.9
2017-09-17,CAMP0001,Affiliate,40893,4273,625,55,1138.36
2017-09-07,CAMP0023,Facebook,53059,2771,138,22,938.22
2017-06-15,CAMP0008,Instagram,95454,4181,410,81,327.74
2017-12-31,CAMP0026,Affiliate,104898,6151,751,169,158.15
2018-02-11,CAMP0004,Instagram,65759,5120,205,35,1145.6
2018-03-10,CAMP0021,Referral,46962,2717,133,20,1554.81
2017-05-01,CAMP0029,Organic,89878,4348,503,147,512.14
2018-02-25,CAMP0024,Organic,102073,2181,188,51,1527.17
2017-01-19,CAMP0009,Google Search,52719,5657,696,208,605.89
2017-01-23,CAMP0007,Email,12967,372,37,11,359.9
2018-02-22,CAMP0004,Instagram,21121,996,142,10,1386.86
2017-10-19,CAMP0006,Organic,33336,4207,722,51,296.47
2017-10-01,CAMP0012,Organic,101237,3609,408,102,1948.52
2017-08-13,CAMP0027,Affiliate,72236,7299,839,279,410.85
2017-01-19,CAMP0007,Email,92072,6190,989,260,152.68
2018-02-02,CAMP0024,Organic,44828,4876,572,128,441.27
2017-08-12,CAMP0016,Email,32311,447,17,4,1308.45
2017-11-04,CAMP0022,Referral,39336,3006,474,60,1072.31
2017-01-18,CAMP0009,Google Search,13806,1014,152,37,1078.83
2018-05-24,CAMP0017,Email,90645,2066,213,34,1557.36
2017-12-16,CAMP0026,Affiliate,54279,5056,450,41,1998.0
2017-08-19,CAMP0028,Facebook,101982,1574,74,3,728.3
2018-02-10,CAMP0024,Organic,65446,1947,91,17,473.74
2018-03-03,CAMP0021,Referral,92729,3579,470,35,289.08
2018-04-18,CAMP0003,Facebook,66118,8110,509,58,271.88
2018-05-11,CAMP0014,Organic,70216,7956,1325,414,1780.49
2017-08-05,CAMP0016,Email,96820,9917,547,179,1517.04
2017-08-12,CAMP0016,Email,66127,3932,292,61,558.02
2017-08-06,CAMP0027,Affiliate,50318,5914,588,79,439.01
2018-03-21,CAMP0020,Google Search,28580,4051,538,128,1644.7
2017-08-09,CAMP0027,Affiliate,116736,15553,2217,555,1719.99
2017-08-18,CAMP0023,Facebook,55930,5409,734,69,1301.22
2017-06-02,CAMP0015,Instagram,108096,9833,1110,385,1112.62
2018-01-15,CAMP0004,Instagram,48648,1257,74,4,754.05
2017-04-04,CAMP0019,Google Search,41520,1682,163,50,174.34
2018-01-28,CAMP0004,Instagram,14461,622,60,15,976.33
2017-12-11,CAMP0022,Referral,99560,3629,393,65,81.18
2017-07-30,CAMP0027,Affiliate,22052,746,66,11,757.96
2017-09-21,CAMP0001,Affiliate,22502,1592,242,57,1089.59
2017-10-06,CAMP0012,Organic,69523,2888,176,29,772.17
2017-12-22,CAMP0026,Affiliate,62442,7362,1128,273,329.31
2017-06-03,CAMP0015,Instagram,62153,3835,629,67,218.85
2017-11-01,CAMP0006,Organic,110834,10430,1142,382,643.16
2017-08-09,CAMP0028,Facebook,77897,7032,874,205,443.63
2017-09-19,CAMP0001,Affiliate,97481,12894,1906,118,406.23
2017-08-24,CAMP0016,Email,100883,5230,457,38,1044.27
2018-02-13,CAMP0004,Instagram,52200,6593,872,289,1342.7
2018-03-11,CAMP0021,Referral,52497,5115,683,74,1125.76
2018-05-16,CAMP0017,Email,56120,1844,262,26,1763.67
2017-05-06,CAMP0019,Google Search,37266,4495,375,76,239.22
2018-05-12,CAMP0025,Referral,82979,2877,302,97,834.4
2018-04-06,CAMP0005,Affiliate,22867,3073,335,19,1969.29
2018-05-19,CAMP0017,Email,77763,1107,147,24,1150.22
2017-11-16,CAMP0011,Referral,39576,5655,706,245,415.89
2017-11-12,CAMP0011,Referral,93397,6441,249,29,192.28
2017-04-27,CAMP0029,Organic,99345,14622,1775,357,1906.48
2018-05-11,CAMP0014,Organic,44328,5693,394,42,1157.06
2017-10-06,CAMP0012,Organic,59168,8436,1204,194,1656.04
2017-08-14,CAMP0028,Facebook,18275,1216,162,14,1174.94
2017-10-19,CAMP0006,Organic,82309,1161,174,9,357.4
2018-02-10,CAMP0024,Organic,108967,8678,1431,386,620.32
2018-05-05,CAMP0025,Referral,71918,7361,1253,292,187.1
2018-03-01,CAMP0024,Organic,85877,12266,1519,354,1258.1
2017-08-18,CAMP0016,Email,119763,7646,303,21,713.47
2018-01-08,CAMP0013,Affiliate,104243,12312,1794,343,1726.44
2017-08-11,CAMP0023,Facebook,85648,12166,904,252,771.96
2018-05-17,CAMP0017,Email,85208,1401,122,11,1837.28
2018-02-27,CAMP0024,Organic,64514,3232,364,46,1060.18
2018-03-11,CAMP0020,Google Search,6479,587,77,19,1296.67
2017-08-10,CAMP0023,Facebook,103462,10128,1118,96,1750.68
2017-04-05,CAMP0019,Google Search,58106,4561,296,47,305.8
2017-01-17,CAMP0007,Email,71769,9376,485,33,1964.29
2017-04-09,CAMP0029,Organic,110665,3047,423,38,1952.34
2018-04-04,CAMP0003,Facebook,109689,8346,316,84,1627.53
2018-01-13,CAMP0013,Affiliate,51197,3351,487,147,52.51
2017-08-15,CAMP0027,Affiliate,80675,5962,944,191,889.46
2017-05-25,CAMP0030,Affiliate,46080,3619,516,78,1497.27
2017-09-14,CAMP0023,Facebook,53255,5997,261,14,1912.39
2017-11-23,CAMP0022,Referral,87970,12744,1666,191,153.15
2017-05-31,CAMP0030,Affiliate,66237,5977,588,186,853.79
2018-03-22,CAMP0018,Instagram,117687,6931,631,73,570.13
2017-04-30,CAMP0019,Google Search,99038,7700,930,139,320.68
2017-01-08,CAMP0007,Email,44351,5091,247,73,1232.01
2017-10-29,CAMP0006,Organic,5417,748,74,24,692.51
2017-06-09,CAMP0030,Affiliate,14775,218,22,4,394.83
2017-03-11,CAMP0002,Facebook,116784,10790,429,106,233.33
2017-07-29,CAMP0016,Email,117650,4984,745,176,946.33
2018-05-02,CAMP0017,Email,75081,8547,1260,225,986.75
2017-06-08,CAMP0008,Instagram,52812,786,80,8,1695.27
2018-04-08,CAMP0014,Organic,97091,12922,1409,255,1876.43
2017-05-23,CAMP0015,Instagram,36925,1878,136,14,427.53
2018-02-17,CAMP0004,Instagram,51652,932,113,9,1231.62
2017-08-11,CAMP0028,Facebook,37771,1290,212,71,1354.72
2017-08-10,CAMP0023,Facebook,21828,1517,234,72,933.4
2018-02-01,CAMP0004,Instagram,47096,5036,857,241,1478.52
2017-08-08,CAMP0027,Affiliate,66994,1294,49,17,1788.92
2017-11-20,CAMP0022,Referral,103053,5446,968,311,1714.66
2017-09-09,CAMP0010,Affiliate,61198,1210,92,20,399.11
2017-04-06,CAMP0019,Google Search,49781,1056,109,15,1397.12
2017-11-10,CAMP0011,Referral,114659,14649,2300,391,1679.29
2017-08-24,CAMP0028,Facebook,52393,4745,172,11,1716.43
2017-08-02,CAMP0028,Facebook,26970,2448,103,22,970.41
2017-04-23,CAMP0029,Organic,12142,1096,127,36,1447.06
2018-03-25,CAMP0005,Affiliate,109561,4156,503,78,621.44
2017-04-10,CAMP0019,Google Search,12181,900,104,28,1560.43
2017-09-19,CAMP0001,Affiliate,27782,1278,125,38,247.65
2017-12-15,CAMP0026,Affiliate,57864,5774,614,81,706.59
2017-09-16,CAMP0001,Affiliate,77924,2261,153,23,1839.13
2017-04-08,CAMP0002,Facebook,102679,13917,1659,573,1673.55
2018-02-03,CAMP0024,Organic,29858,3391,428,95,1601.93
2018-04-18,CAMP0003,Facebook,86674,5909,329,48,601.07
2017-12-02,CAMP0022,Referral,13607,1680,243,31,170.48
2017-04-27,CAMP0019,Google Search,116706,2106,151,14,1591.72
2017-05-20,CAMP0015,Instagram,51265,7454,671,92,339.49
2018-03-29,CAMP0020,Google Search,108383,5295,242,77,659.27
2017-05-02,CAMP0029,Organic,100488,6676,230,75,648.02
2018-03-22,CAMP0005,Affiliate,39043,5620,393,125,1062.47
2017-11-06,CAMP0011,Referral,20941,1613,260,15,637.22
2017-01-30,CAMP0007,Email,101992,12977,2217,489,1847.96
2018-03-08,CAMP0021,Referral,48118,6909,251,35,1235.23
2017-12-29,CAMP0026,Affiliate,24883,2460,344,51,154.36
2018-04-14,CAMP0003,Facebook,85758,2756,351,30,703.95
2017-05-21,CAMP0015,Instagram,77048,5784,305,43,674.32
2017-01-26,CAMP0007,Email,89882,12717,625,50,1763.24
2017-03-17,CAMP0002,Facebook,96453,6177,1050,130,1352.96
2017-11-17,CAMP0011,Referral,24977,1886,141,24,1228.34
2017-05-30,CAMP0030,Affiliate,88786,10603,1156,265,907.38
2017-09-14,CAMP0001,Affiliate,69970,4200,237,72,1528.23
2017-01-26,CAMP0009,Google Search,94105,13299,1502,171,558.42
2017-11-20,CAMP0022,Referral,103554,10453,666,37,1117.49
2018-02-18,CAMP0004,Instagram,75720,2085,329,55,909.82
2017-12-27,CAMP0026,Affiliate,89872,2389,401,21,1116.0
2017-10-16,CAMP0006,Organic,49460,4840,560,142,1272.42
2017-04-03,CAMP0019,Google Search,100531,7896,606,138,235.75
2017-03-18,CAMP0002,Facebook,98585,12001,1582,432,858.39
2018-04-21,CAMP0025,Referral,79881,4309,682,134,949.52
2017-06-09,CAMP0008,Instagram,82238,11750,439,103,1059.86
2017-06-10,CAMP0030,Affiliate,6635,881,89,11,950.8
2017-06-07,CAMP0030,Affiliate,81291,5398,321,51,53.97
2017-08-07,CAMP0027,Affiliate,94587,2805,479,41,1181.14
2018-04-12,CAMP0014,Organic,46119,1974,237,73,919.71
2017-06-19,CAMP0008,Instagram,17236,2265,77,5,1611.35
2017-08-08,CAMP0028,Facebook,111160,3928,422,97,520.14
2017-02-03,CAMP0009,Google Search,71108,7575,1066,274,1127.37
2017-10-22,CAMP0006,Organic,17829,2463,90,13,213.64
2018-05-09,CAMP0025,Referral,101157,13008,1506,167,1280.81
2017-09-22,CAMP0012,Organic,60309,6266,698,153,1100.14
2017-12-19,CAMP0026,Affiliate,65631,5523,485,96,368.75
2018-04-03,CAMP0018,Instagram,48375,6827,342,95,1083.39
2017-08-10,CAMP0027,Affiliate,66718,8327,558,81,1427.76
2017-08-03,CAMP0028,Facebook,70001,6488,588,168,1932.29
2017-11-28,CAMP0022,Referral,107555,6073,229,78,1533.79
2017-11-10,CAMP0011,Referral,47730,4079,663,46,412.8
2017-05-23,CAMP0030,Affiliate,31391,3739,247,24,1212.56
2018-05-22,CAMP0017,Email,79137,3186,561,83,336.55
2017-01-24,CAMP0007,Email,28358,814,116,17,546.65
2017-04-29,CAMP0029,Organic,5669,698,77,4,226.32
2017-06-08,CAMP0015,Instagram,71304,9822,612,84,1809.4
2017-12-17,CAMP0026,Affiliate,9719,574,50,10,1569.67
2017-06-09,CAMP0015,Instagram,69730,7707,241,49,288.73
2018-03-04,CAMP0021,Referral,97900,2186,76,25,1393.84
2018-04-13,CAMP0003,Facebook,102473,2418,90,18,1056.15
2017-09-12,CAMP0023,Facebook,109428,13518,2251,348,1381.45
2017-12-30,CAMP0026,Affiliate,5999,699,53,8,711.38
2018-01-19,CAMP0013,Affiliate,66639,2749,189,59,1459.96
2017-11-12,CAMP0011,Referral,105154,13542,1296,159,1699.06
2018-01-15,CAMP0013,Affiliate,10809,792,88,5,1373.7
2017-04-07,CAMP0002,Facebook,113606,15762,2612,228,213.4
2017-08-23,CAMP0010,Affiliate,118467,7450,1071,312,662.48
2017-12-28,CAMP0026,Affiliate,91207,11798,1657,217,153.69
2018-01-21,CAMP0024,Organic,43717,3511,188,18,1159.0
2017-09-11,CAMP0023,Facebook,25687,2084,134,12,1360.03
2017-05-14,CAMP0029,Organic,65814,1985,186,47,72.93
2017-06-19,CAMP0008,Instagram,58326,1610,275,56,533.27
2018-04-08,CAMP0018,Instagram,40556,4479,433,101,1904.77
2017-08-07,CAMP0027,Affiliate,12930,458,77,18,1244.92
2017-08-07,CAMP0016,Email,5501,401,21,1,181.21
2017-10-28,CAMP0006,Organic,37740,1599,136,16,218.5
2018-04-10,CAMP0003,Facebook,101052,5154,742,100,1066.98
2018-03-16,CAMP0018,Instagram,85979,10090,1324,372,361.49
2017-10-07,CAMP0012,Organic,36200,3450,534,150,184.52
2018-01-31,CAMP0024,Organic,27651,3174,331,56,535.78
2017-08-12,CAMP0016,Email,22833,1228,118,12,553.24
2017-08-22,CAMP0023,Facebook,73179,3488,400,72,953.38
2017-06-08,CAMP0008,Instagram,18621,734,94,29,1559.85
2018-03-11,CAMP0020,Google Search,36719,2883,168,9,1249.82
2017-09-17,CAMP0001,Affiliate,72749,8719,1051,354,1323.34
2017-03-30,CAMP0002,Facebook,39243,5437,866,121,134.42
2017-08-19,CAMP0023,Facebook,80925,3681,498,58,279.75
2017-04-14,CAMP0019,Google Search,53777,6819,1169,307,1387.84
2017-08-25,CAMP0010,Affiliate,60073,4459,198,17,1120.3
2018-02-24,CAMP0024,Organic,88856,1220,87,19,1274.37
2018-04-17,CAMP0005,Affiliate,27769,3391,538,35,714.95
2017-05-27,CAMP0030,Affiliate,57158,8351,1176,73,1120.91
2017-01-19,CAMP0007,Email,34224,2496,114,23,1687.03
2017-08-06,CAMP0028,Facebook,60861,8940,890,95,1207.72
2018-03-03,CAMP0021,Referral,42495,3370,516,42,131.28
2017-04-24,CAMP0029,Organic,102248,12598,558,126,1122.0
2017-12-26,CAMP0026,Affiliate,100953,6187,699,82,749.28
2017-08-24,CAMP0010,Affiliate,94787,1035,178,12,264.12
2017-12-28,CAMP0026,Affiliate,102588,10994,1899,200,1336.97
2017-10-10,CAMP0012,Organic,86161,8249,734,225,1823.69
2018-05-10,CAMP0014,Organic,17336,1694,71,11,378.43
2018-03-25,CAMP0018,Instagram,91986,9987,1598,446,1220.18
2017-04-16,CAMP0029,Organic,112394,4480,220,11,66.13
2017-08-02,CAMP0027,Affiliate,103871,6099,409,128,77.92
2018-03-28,CAMP0005,Affiliate,111561,13127,1623,470,1034.14
2017-05-02,CAMP0019,Google Search,84413,5209,728,62,1616.94
2017-05-26,CAMP0015,Instagram,57143,667,95,23,1955.62
2018-05-17,CAMP0017,Email,114185,3518,550,141,1202.42
2018-04-30,CAMP0014,Organic,41704,2174,139,46,259.09
2017-07-28,CAMP0027,Affiliate,33970,357,35,2,1812.14
2017-05-22,CAMP0015,Instagram,92367,12130,1660,297,974.48
2017-09-28,CAMP0012,Organic,96019,1524,176,52,868.56
2017-09-25,CAMP0012,Organic,20304,1396,63,8,731.1
2017-04-26,CAMP0019,Google Search,18426,381,58,10,1197.44
2018-04-03,CAMP0005,Affiliate,80157,5071,377,38,1645.31
2017-08-09,CAMP0028,Facebook,59269,5361,266,66,125.62
2018-01-24,CAMP0024,Organic,104025,10934,1765,587,1887.86
2017-01-10,CAMP0007,Email,34644,5078,364,88,396.09
2017-06-18,CAMP0008,Instagram,9665,525,41,13,1965.61
2018-04-10,CAMP0005,Affiliate,20439,1730,260,65,1640.98
2017-02-03,CAMP0007,Email,61441,7821,700,61,1317.84
2018-03-13,CAMP0021,Referral,88795,7127,866,147,1508.76
2018-04-13,CAMP0014,Organic,54770,5570,560,46,1996.06
2018-04-19,CAMP0005,Affiliate,111839,15534,2645,469,559.27
2018-02-28,CAMP0021,Referral,47602,2153,160,34,742.66
2017-10-04,CAMP0012,Organic,35898,3383,134,18,1169.58
2017-09-04,CAMP0010,Affiliate,18014,896,36,9,1139.81
2018-02-21,CAMP0004,Instagram,65351,4020,311,26,742.85
2017-06-04,CAMP0015,Instagram,15223,240,29,6,1575.83
2017-12-11,CAMP0022,Referral,101802,3849,355,44,1832.2
2017-01-14,CAMP0009,Google Search,105926,6119,931,219,523.84
2017-11-08,CAMP0011,Referral,80573,1146,175,45,1548.74
2018-02-08,CAMP0024,Organic,76995,8850,367,81,1749.71
2017-09-21,CAMP0012,Organic,73516,1090,146,27,143.79
2018-04-23,CAMP0014,Organic,7936,191,33,9,432.68
2017-09-10,CAMP0001,Affiliate,85819,11159,1307,268,873.36
2018-04-11,CAMP0003,Facebook,85743,6198,350,83,1582.58
2017-04-07,CAMP0002,Facebook,52595,4014,700,70,1562.39
2017-12-30,CAMP0026,Affiliate,117807,11921,1846,415,1310.39
2018-05-19,CAMP0025,Referral,82650,6585,273,16,1151.44
2017-11-12,CAMP0011,Referral,79536,5053,679,59,1711.84
2018-04-25,CAMP0025,Referral,94190,6334,854,100,1551.54
2017-05-24,CAMP0015,Instagram,104290,11386,793,84,876.67
2017-08-04,CAMP0027,Affiliate,107293,12939,2239,281,1807.87
2018-02-03,CAMP0024,Organic,82960,7707,525,44,1707.52
2017-05-25,CAMP0015,Instagram,22034,1878,137,29,271.56
2017-04-10,CAMP0029,Organic,55506,5567,585,140,933.07
2017-05-24,CAMP0015,Instagram,77444,2561,145,29,635.48
2018-04-30,CAMP0014,Organic,89497,9398,287,29,808.21
2017-05-26,CAMP0015,Instagram,49073,2200,276,55,713.05
2017-04-20,CAMP0029,Organic,50235,2484,155,27,962.87
2017-09-15,CAMP0001,Affiliate,108978,4959,606,114,1528.28
2018-05-07,CAMP0014,Organic,32542,1368,51,4,1219.34
2018-03-15,CAMP0020,Google Search,56317,1015,55,14,1238.38
2018-03-19,CAMP0005,Affiliate,23518,1505,117,16,1795.77
2018-03-07,CAMP0021,Referral,93367,12688,736,89,1286.69
2017-08-23,CAMP0023,Facebook,9989,522,48,15,1464.93
2017-12-08,CAMP0022,Referral,42520,449,57,14,1350.87
2017-06-10,CAMP0008,Instagram,96171,9742,547,88,974.11
2017-05-28,CAMP0030,Affiliate,111653,10186,1096,303,1253.55
2018-02-08,CAMP0024,Organic,81608,11172,1482,209,365.78
2017-09-22,CAMP0001,Affiliate,109061,6901,1226,210,301.82
2018-05-12,CAMP0017,Email,42505,5206,484,78,1510.9
2018-02-26,CAMP0024,Organic,36581,837,100,5,1222.23
2017-04-13,CAMP0019,Google Search,99297,5606,638,87,1465.02
2017-08-11,CAMP0027,Affiliate,30415,1743,226,75,1567.85
2018-01-19,CAMP0013,Affiliate,103412,9375,863,218,436.7
2017-08-25,CAMP0010,Affiliate,36371,3359,110,7,583.75
2018-04-14,CAMP0003,Facebook,31731,899,57,17,563.5
2017-08-23,CAMP0010,Affiliate,36173,3984,489,153,1293.67
2017-08-07,CAMP0028,Facebook,80467,6457,519,178,1776.19
2017-04-06,CAMP0002,Facebook,10453,1159,184,45,1717.66
2018-04-01,CAMP0018,Instagram,10691,133,14,1,944.65
2017-06-03,CAMP0008,Instagram,64202,5509,632,124,1331.66
2017-08-15,CAMP0023,Facebook,117880,16413,2905,501,675.79
2018-04-13,CAMP0003,Facebook,13221,1863,108,17,1871.96
2018-04-05,CAMP0003,Facebook,38206,1630,111,34,812.7
2018-01-03,CAMP0026,Affiliate,73342,8516,379,35,385.34
2017-10-28,CAMP0022,Referral,40447,2800,360,106,156.41
2017-05-05,CAMP0019,Google Search,8440,470,30,4,1090.5
2017-03-19,CAMP0002,Facebook,47800,3996,157,47,327.81
2017-04-23,CAMP0019,Google Search,62992,4225,254,69,885.93
2017-04-21,CAMP0029,Organic,93927,8732,486,46,128.28
2018-04-30,CAMP0014,Organic,34227,3122,146,31,1450.23
2018-05-24,CAMP0017,Email,80564,6239,427,109,649.73
2018-01-29,CAMP0024,Organic,98328,12420,1965,680,1843.58
2018-04-11,CAMP0018,Instagram,30074,3766,242,34,1972.97
2017-05-27,CAMP0015,Instagram,71120,2470,325,71,1105.01
2018-04-27,CAMP0025,Referral,59900,7298,1240,116,1848.01
2017-12-24,CAMP0026,Affiliate,11608,752,31,8,331.45
2017-01-27,CAMP0007,Email,15442,463,69,11,1426.16
2017-06-09,CAMP0015,Instagram,95812,6014,858,71,487.48
2018-01-20,CAMP0004,Instagram,28947,4038,397,115,1404.09
2018-03-24,CAMP0018,Instagram,37662,734,104,5,267.06
2017-05-14,CAMP0029,Organic,14875,1695,196,19,1719.24
2017-04-25,CAMP0029,Organic,114290,4149,625,155,138.34
2017-12-25,CAMP0026,Affiliate,90643,9819,306,50,1195.51
2018-04-29,CAMP0014,Organic,104415,8902,333,21,998.22
2017-08-10,CAMP0016,Email,87716,9688,552,158,1743.72
2017-01-18,CAMP0009,Google Search,96000,8186,1192,63,1655.98
2017-09-28,CAMP0012,Organic,87120,11528,1762,388,242.21
2018-04-05,CAMP0018,Instagram,76412,982,148,11,635.27
2017-11-18,CAMP0022,Referral,106906,12585,698,145,988.96
2018-05-06,CAMP0017,Email,93107,5961,971,168,1634.2
2017-12-05,CAMP0022,Referral,87670,6586,922,109,813.86
2018-03-17,CAMP0005,Affiliate,101284,11315,659,117,1794.72
2018-05-05,CAMP0014,Organic,95954,9295,1042,350,1033.15
2018-04-28,CAMP0003,Facebook,15420,1364,147,42,975.93
2017-10-19,CAMP0006,Organic,15810,1784,258,70,1599.05
2017-10-23,CAMP0006,Organic,5524,767,81,13,647.42
2017-08-08,CAMP0016,Email,5436,457,60,19,159.11
2017-06-02,CAMP0030,Affiliate,70239,7618,1074,310,1777.42
2017-02-02,CAMP0007,Email,59858,7647,880,254,226.75
2017-05-31,CAMP0015,Instagram,45684,4522,349,63,330.81
2017-09-28,CAMP0012,Organic,22418,317,13,4,1144.67
2018-04-16,CAMP0005,Affiliate,109461,4139,261,79,1393.44
2017-01-07,CAMP0007,Email,89331,5863,657,146,1581.84
2018-01-16,CAMP0013,Affiliate,114490,13904,747,134,1151.67
2018-04-30,CAMP0025,Referral,20204,915,37,2,1038.27
2017-09-26,CAMP0012,Organic,70565,6954,877,180,83.82
2017-08-28,CAMP0010,Affiliate,55155,2566,300,97,1258.58
2018-02-15,CAMP0024,Organic,45223,4994,154,46,936.03
2018-03-28,CAMP0020,Google Search,22738,2430,139,29,1291.18
2018-01-11,CAMP0004,Instagram,13202,840,58,19,1750.56
2017-11-16,CAMP0011,Referral,35614,730,99,29,1283.38
2018-03-23,CAMP0005,Affiliate,62525,5543,623,82,1737.49
2017-06-09,CAMP0015,Instagram,93106,12621,923,257,1616.93
2018-03-02,CAMP0021,Referral,44419,3272,471,101,1533.09
2017-08-23,CAMP0028,Facebook,51206,1610,51,7,1001.21
2017-01-10,CAMP0007,Email,87191,9756,1251,408,1385.31
2017-06-16,CAMP0008,Instagram,90307,12366,932,179,1874.25
2018-01-14,CAMP0013,Affiliate,98413,5234,543,113,1031.08
2018-04-04,CAMP0005,Affiliate,119532,3249,153,38,1296.78
2018-02-12,CAMP0004,Instagram,60566,2746,352,50,1712.1
2018-02-27,CAMP0024,Organic,5401,793,104,5,182.01
2017-11-26,CAMP0022,Referral,108692,8608,1391,406,1628.67
2017-09-09,CAMP0010,Affiliate,45647,5399,439,69,564.39
2017-11-23,CAMP0022,Referral,102920,14398,2398,191,1159.81
2018-03-12,CAMP0020,Google Search,74427,879,140,48,1894.42
2017-10-30,CAMP0006,Organic,80431,5048,615,117,1402.42
2017-08-17,CAMP0028,Facebook,79435,6652,985,342,808.44
2017-05-23,CAMP0030,Affiliate,8926,995,39,3,1084.51
2018-03-04,CAMP0018,Instagram,39881,3419,211,30,1175.44
2017-07-31,CAMP0016,Email,61283,4120,729,183,690.93
2017-08-30,CAMP0010,Affiliate,101145,1957,309,100,991.86
2017-06-07,CAMP0015,Instagram,25125,3718,450,23,1171.74
2017-07-29,CAMP0027,Affiliate,24131,2756,430,31,1588.68
2017-09-22,CAMP0012,Organic,26824,1714,189,38,1661.1
2018-03-04,CAMP0021,Referral,27597,2094,222,54,1050.14
2017-10-29,CAMP0022,Referral,97100,6636,422,71,1332.35
2017-08-24,CAMP0028,Facebook,98653,8456,456,35,500.55
2017-08-07,CAMP0028,Facebook,71548,7930,1282,94,533.18
2018-03-06,CAMP0021,Referral,12326,1674,146,39,451.4
2017-12-31,CAMP0026,Affiliate,30612,2138,110,26,1270.88
2018-03-05,CAMP0021,Referral,112781,10738,1892,473,878.56
2017-01-22,CAMP0007,Email,111075,2507,330,89,1778.17
2017-12-29,CAMP0026,Affiliate,9291,499,22,5,1311.33
2017-06-06,CAMP0008,Instagram,88648,1903,71,22,1603.83
2017-06-18,CAMP0008,Instagram,108874,14302,1954,574,1644.0
2017-05-25,CAMP0030,Affiliate,94909,10083,1261,222,1355.51
2018-04-02,CAMP0005,Affiliate,39891,573,31,3,1493.35
2018-03-11,CAMP0020,Google Search,50479,1279,138,43,1880.35
2017-08-14,CAMP0027,Affiliate,80195,8897,1021,171,1175.88
2017-08-16,CAMP0023,Facebook,107727,14896,685,161,207.9
2017-04-09,CAMP0002,Facebook,103267,6363,1135,73,605.2
2018-05-22,CAMP0017,Email,14379,1542,119,38,609.11
2017-10-12,CAMP0012,Organic,19063,2621,194,41,1267.11
2017-04-09,CAMP0029,Organic,22671,1038,68,12,1119.99
2017-09-18,CAMP0001,Affiliate,23481,3446,232,26,1162.56
2017-04-30,CAMP0019,Google Search,110476,15614,1990,638,1261.99
2017-05-05,CAMP0029,Organic,94197,9168,759,86,1485.57
2017-01-07,CAMP0007,Email,18326,2089,250,27,473.74
2018-02-15,CAMP0024,Organic,83759,4931,703,159,955.6
2017-10-21,CAMP0006,Organic,66381,7317,956,102,648.98
2017-01-31,CAMP0009,Google Search,48229,3265,338,111,1961.24
2017-06-07,CAMP0030,Affiliate,16991,2195,361,91,1596.07
2017-08-21,CAMP0023,Facebook,48211,2717,408,117,517.54
2017-09-07,CAMP0010,Affiliate,105825,8555,1510,215,1522.78
2017-08-23,CAMP0016,Email,26399,2005,112,38,1298.75
2017-05-03,CAMP0019,Google Search,23584,2100,92,27,251.31
2017-06-02,CAMP0030,Affiliate,32052,1058,76,14,1117.48
2017-08-07,CAMP0027,Affiliate,67907,9262,776,97,1322.5
2018-02-17,CAMP0004,Instagram,33040,3129,441,123,1722.57
2017-09-20,CAMP0001,Affiliate,42814,3383,408,107,365.8
2017-05-17,CAMP0029,Organic,17074,766,98,30,1724.65
2018-05-01,CAMP0025,Referral,43304,3493,217,58,1721.5
2018-03-31,CAMP0020,Google Search,12848,515,42,12,1086.29
2017-08-21,CAMP0010,Affiliate,118416,16015,1870,407,301.22
2018-04-29,CAMP0003,Facebook,118108,3706,451,70,1975.46
2018-05-09,CAMP0014,Organic,72701,5307,924,89,232.88
2017-06-14,CAMP0008,Instagram,44202,629,53,7,127.57
2017-11-08,CAMP0011,Referral,109916,14043,1827,455,1548.47
2017-04-12,CAMP0029,Organic,30764,2504,132,27,1440.41
2018-03-06,CAMP0020,Google Search,64776,6984,461,121,337.92
2017-05-22,CAMP0015,Instagram,92531,3018,206,15,672.63
2017-08-22,CAMP0010,Affiliate,114015,9672,553,154,1538.03
2018-04-27,CAMP0014,Organic,65687,6123,955,306,939.5
2017-03-16,CAMP0002,Facebook,92105,9357,623,44,927.3
2018-01-18,CAMP0013,Affiliate,80947,8191,471,48,1105.68
2017-07-28,CAMP0027,Affiliate,97839,2692,311,80,699.15
2017-02-03,CAMP0007,Email,79153,9981,745,173,1429.41
2017-10-21,CAMP0006,Organic,20968,855,52,8,1217.58
2017-08-10,CAMP0023,Facebook,40216,1404,221,75,1501.7
2017-05-24,CAMP0030,Affiliate,93419,1667,143,43,1842.66
2018-02-09,CAMP0024,Organic,81415,1511,233,67,1441.11
2018-03-08,CAMP0018,Instagram,20101,1423,186,55,776.38
2018-05-22,CAMP0017,Email,26814,3875,302,101,1683.97
2018-03-11,CAMP0021,Referral,52647,6496,613,51,740.82
2017-01-25,CAMP0009,Google Search,116149,6851,1143,286,1429.11
2017-11-09,CAMP0011,Referral,30589,3760,535,139,352.31
2018-03-04,CAMP0021,Referral,115692,8071,1166,282,286.63
2017-11-15,CAMP0011,Referral,97164,10150,461,142,625.89
2018-02-09,CAMP0004,Instagram,59769,2428,129,39,1505.93
2017-06-20,CAMP0008,Instagram,53210,2181,94,18,1951.4
2017-01-13,CAMP0009,Google Search,64696,7088,435,121,1738.04
2017-08-15,CAMP0028,Facebook,9251,1244,179,11,211.59
2018-04-28,CAMP0003,Facebook,22489,2469,282,48,451.13
2017-08-04,CAMP0028,Facebook,91063,1535,147,46,61.73
2017-08-31,CAMP0023,Facebook,111938,8219,1318,89,1478.91
2018-04-24,CAMP0025,Referral,84369,12067,2138,273,878.2
2017-05-30,CAMP0030,Affiliate,36178,1309,132,43,1854.76
2017-01-20,CAMP0007,Email,98016,7210,1250,217,1212.35
2017-08-12,CAMP0027,Affiliate,73066,1897,294,35,758.38
2018-04-04,CAMP0003,Facebook,74724,2671,147,45,1949.23
2018-04-15,CAMP0005,Affiliate,21815,1749,105,13,547.13
2017-08-10,CAMP0027,Affiliate,45821,3948,507,87,1947.92
2017-09-15,CAMP0001,Affiliate,29333,2280,292,33,979.19
2018-01-17,CAMP0004,Instagram,109997,1749,176,21,1005.12
2018-03-06,CAMP0020,Google Search,26072,3670,495,80,1179.03
2017-09-12,CAMP0010,Affiliate,70113,1892,189,21,1883.35
2017-08-16,CAMP0028,Facebook,95151,2178,364,69,93.28
2018-02-04,CAMP0004,Instagram,26027,3865,188,62,1353.3
2017-09-18,CAMP0001,Affiliate,40579,2311,74,15,892.06
2017-05-26,CAMP0015,Instagram,42586,3942,523,81,147.32
2018-03-28,CAMP0018,Instagram,69426,8648,339,108,51.59
2017-05-08,CAMP0029,Organic,17737,315,42,11,1715.81
2017-09-21,CAMP0001,Affiliate,54264,1163,68,11,975.71
2017-01-26,CAMP0007,Email,49589,4688,564,175,314.45
2018-04-12,CAMP0003,Facebook,68269,6093,419,92,354.71
2017-03-23,CAMP0002,Facebook,75021,2205,333,78,801.13
2017-03-14,CAMP0002,Facebook,23123,3322,275,49,1894.49
2018-02-26,CAMP0024,Organic,112223,16586,1020,216,105.62
2017-01-30,CAMP0009,Google Search,85461,10315,903,89,1830.27
2018-05-01,CAMP0014,Organic,35521,1706,264,72,997.85
2018-01-02,CAMP0013,Affiliate,107211,12086,2013,689,1008.34
2018-05-14,CAMP0014,Organic,9051,1357,82,7,191.36
2017-04-10,CAMP0029,Organic,105254,10052,1454,177,691.77
2018-03-06,CAMP0021,Referral,102674,1366,64,19,1345.52
2017-05-30,CAMP0015,Instagram,43287,1204,142,16,1853.13
2017-05-30,CAMP0015,Instagram,45033,3514,113,24,1663.34
2017-05-01,CAMP0029,Organic,116432,14721,817,248,899.41
2017-12-19,CAMP0026,Affiliate,80693,11139,1447,440,1880.0
2018-05-06,CAMP0014,Organic,11076,356,26,9,1944.15
2017-01-06,CAMP0007,Email,83765,8191,399,136,877.15
2017-03-14,CAMP0002,Facebook,64661,4433,158,38,1101.14
2018-04-26,CAMP0003,Facebook,94009,5434,692,158,1375.9
2018-04-12,CAMP0003,Facebook,117122,1875,287,73,649.37
2018-04-06,CAMP0003,Facebook,36782,1065,172,54,1929.76
2017-06-02,CAMP0030,Affiliate,16679,1232,93,18,627.27
2017-09-03,CAMP0010,Affiliate,85180,2714,381,114,59.32
2018-02-12,CAMP0004,Instagram,103265,12580,1505,99,864.21
2017-10-11,CAMP0012,Organic,46028,3686,118,13,552.42
2018-01-17,CAMP0013,Affiliate,110756,14807,522,178,1696.36
2017-09-16,CAMP0001,Affiliate,26219,3817,403,68,263.94
2017-12-31,CAMP0013,Affiliate,32884,1231,123,20,1040.05
2017-06-07,CAMP0015,Instagram,89019,8780,1433,206,1993.68
2017-08-08,CAMP0027,Affiliate,86548,9629,654,144,786.46
2017-05-05,CAMP0029,Organic,39490,1344,200,36,564.34
2017-05-10,CAMP0029,Organic,57900,6500,493,93,726.54
2017-11-03,CAMP0022,Referral,59845,7132,965,96,1719.26
2018-05-22,CAMP0017,Email,43688,4483,502,137,1300.06
2018-05-02,CAMP0017,Email,60620,8779,578,65,837.27
2017-06-12,CAMP0008,Instagram,17659,840,122,28,1604.63
2017-06-05,CAMP0015,Instagram,55481,3622,331,88,1962.58
2017-07-29,CAMP0027,Affiliate,77398,7303,744,185,417.39
2018-05-03,CAMP0003,Facebook,35502,2637,405,55,831.69
2018-03-02,CAMP0021,Referral,5937,392,20,3,496.86
2018-03-30,CAMP0005,Affiliate,61220,777,36,7,585.61
2017-06-02,CAMP0008,Instagram,21435,592,88,22,1492.41
2018-04-08,CAMP0018,Instagram,6571,349,11,1,89.43
2018-04-26,CAMP0025,Referral,107665,14372,2550,728,1829.68
2018-03-09,CAMP0021,Referral,72199,9763,1241,152,1786.33
2018-04-12,CAMP0003,Facebook,25104,292,10,2,1647.24
2018-03-25,CAMP0020,Google Search,98125,9794,794,118,1159.58
2018-04-05,CAMP0020,Google Search,71150,9721,676,125,605.91
2018-04-02,CAMP0005,Affiliate,58955,7726,1155,194,617.21
2017-08-25,CAMP0028,Facebook,89581,10864,1753,466,885.76
2017-12-28,CAMP0013,Affiliate,109611,4511,694,49,712.83
2018-03-30,CAMP0018,Instagram,81900,3967,659,174,290.72
2018-05-23,CAMP0025,Referral,6633,441,58,7,1448.26
2017-02-01,CAMP0009,Google Search,10292,1308,58,11,293.8
2017-06-03,CAMP0015,Instagram,87935,3760,613,32,1402.53
2018-02-24,CAMP0024,Organic,15396,1814,311,76,1606.88
2017-04-28,CAMP0019,Google Search,65014,9709,1520,493,723.08
2017-09-08,CAMP0010,Affiliate,43504,4830,251,23,824.24
2017-09-11,CAMP0010,Affiliate,17879,390,27,2,754.69
2017-11-03,CAMP0022,Referral,88063,8554,1240,243,407.82
2018-05-12,CAMP0017,Email,117595,12979,1401,207,1271.52
2017-03-16,CAMP0002,Facebook,77749,2849,318,36,1033.48
2017-01-13,CAMP0007,Email,13938,396,37,4,1729.34
2017-08-09,CAMP0028,Facebook,69178,9891,714,135,231.85
2017-09-01,CAMP0010,Affiliate,27980,1492,239,51,1218.76
2018-04-17,CAMP0005,Affiliate,76747,11491,493,85,1686.09
2017-08-31,CAMP0010,Affiliate,109382,9274,896,265,1917.67
2018-04-09,CAMP0005,Affiliate,92568,7191,244,65,1908.93
2017-04-07,CAMP0019,Google Search,72970,3634,285,65,417.87
2018-04-26,CAMP0017,Email,110555,2464,214,51,1548.79
2017-04-06,CAMP0029,Organic,119452,6644,992,67,1096.09
2017-05-01,CAMP0019,Google Search,110793,16261,527,119,419.4
2017-09-04,CAMP0023,Facebook,23260,1677,156,29,1882.7
2017-08-19,CAMP0010,Affiliate,7914,206,35,9,298.84
2018-03-24,CAMP0005,Affiliate,69210,7061,435,77,905.16
2018-03-09,CAMP0021,Referral,105579,15437,832,237,1721.79
2018-03-22,CAMP0005,Affiliate,64864,9423,806,216,1569.48
2018-04-03,CAMP0020,Google Search,99986,3793,601,103,1800.09
2017-04-20,CAMP0019,Google Search,85117,11126,1188,379,691.88
2018-03-14,CAMP0018,Instagram,46466,2074,277,91,161.26
2018-04-14,CAMP0005,Affiliate,8918,233,10,3,1370.48
2017-02-02,CAMP0007,Email,7706,588,37,12,1498.42
2017-11-02,CAMP0006,Organic,30655,4254,482,146,899.67
2018-03-12,CAMP0020,Google Search,114212,7809,298,47,464.56
2017-08-09,CAMP0028,Facebook,92297,2100,347,62,533.89
2017-10-19,CAMP0006,Organic,86351,4442,529,172,917.03
2017-08-24,CAMP0023,Facebook,35333,3004,454,141,1490.6
2017-09-22,CAMP0001,Affiliate,48995,1540,198,44,75.09
2017-05-28,CAMP0015,Instagram,18853,1607,63,6,498.59
2018-01-07,CAMP0013,Affiliate,40178,5786,838,212,1598.03
2017-11-16,CAMP0011,Referral,37923,3236,501,124,1313.85
2017-08-18,CAMP0028,Facebook,44613,3315,347,20,1660.95
2017-06-09,CAMP0030,Affiliate,18054,2700,457,122,941.06
2018-04-02,CAMP0018,Instagram,24731,1361,154,19,184.54
2017-03-19,CAMP0002,Facebook,88594,2910,93,10,613.78
2017-04-10,CAMP0029,Organic,95544,9076,1627,111,754.81
2017-11-14,CAMP0011,Referral,11822,560,86,16,327.6
2017-06-03,CAMP0015,Instagram,40330,2910,187,48,1468.47
2017-01-15,CAMP0009,Google Search,55660,738,59,6,66.67
2018-05-02,CAMP0003,Facebook,86333,10174,1710,590,426.45
2017-09-24,CAMP0012,Organic,9053,304,27,1,1008.02
2017-08-17,CAMP0016,Email,84193,7548,523,90,376.4
2017-01-23,CAMP0009,Google Search,65471,5308,679,150,1522.68
2017-05-23,CAMP0015,Instagram,14544,2096,167,34,1341.03
2018-02-14,CAMP0004,Instagram,117378,11815,1445,361,568.82
2017-04-05,CAMP0029,Organic,88731,9243,907,213,124.26
2017-05-28,CAMP0030,Affiliate,23513,542,58,14,1355.77
2017-10-20,CAMP0006,Organic,90854,6073,898,96,1194.08
2018-05-04,CAMP0014,Organic,71275,6238,487,168,1300.53
2017-09-26,CAMP0012,Organic,89510,2487,234,17,593.47
2018-04-26,CAMP0003,Facebook,29464,3454,395,111,1261.17
2017-03-25,CAMP0002,Facebook,38097,5493,866,152,459.76
2018-05-12,CAMP0017,Email,93176,3941,559,28,247.98
2017-11-14,CAMP0011,Referral,43706,1858,290,52,478.43
2017-08-13,CAMP0028,Facebook,48293,6927,693,190,894.27
2018-03-21,CAMP0018,Instagram,24868,2785,304,83,1775.28
2017-08-15,CAMP0028,Facebook,42340,651,26,7,1917.86
2017-08-08,CAMP0028,Facebook,50291,5280,377,46,671.01
2017-12-17,CAMP0026,Affiliate,36351,2155,210,20,417.1
2018-05-03,CAMP0017,Email,63322,2695,86,21,1429.16
2017-10-12,CAMP0012,Organic,80523,11618,1879,391,1152.99
2018-04-12,CAMP0003,Facebook,68316,7574,1003,181,864.12
2017-04-05,CAMP0002,Facebook,71319,6404,317,46,1440.16
2017-08-03,CAMP0027,Affiliate,61597,2069,294,66,1914.74
2017-10-18,CAMP0006,Organic,109095,15945,589,198,322.81
2017-08-18,CAMP0023,Facebook,12857,543,67,16,1774.37
2017-02-06,CAMP0009,Google Search,40742,1847,324,90,1618.97
2018-04-25,CAMP0025,Referral,113176,14666,828,254,64.34
2018-03-25,CAMP0005,Affiliate,56989,8133,601,131,1258.27
2017-06-06,CAMP0015,Instagram,56843,7256,1138,280,1688.91
2017-08-07,CAMP0027,Affiliate,6559,670,96,11,385.25
2018-03-19,CAMP0020,Google Search,72491,7993,288,31,987.14
2017-10-30,CAMP0022,Referral,89865,917,162,21,903.21
2018-02-04,CAMP0024,Organic,96078,10310,476,89,913.46
2017-03-16,CAMP0002,Facebook,60315,6700,292,101,1195.01
2017-05-16,CAMP0029,Organic,28462,3254,175,20,1713.05
2018-04-29,CAMP0003,Facebook,117640,17459,2192,516,1323.29
2017-10-30,CAMP0006,Organic,20027,1915,184,62,862.67
2017-11-14,CAMP0011,Referral,94139,6325,956,198,1378.9
2017-04-17,CAMP0029,Organic,66805,9833,322,55,851.82
2017-11-16,CAMP0011,Referral,89249,5338,761,173,448.08
2017-09-02,CAMP0010,Affiliate,15093,431,20,6,123.69
2018-03-13,CAMP0020,Google Search,112374,10949,506,108,1491.69
2018-05-09,CAMP0017,Email,41554,3831,481,147,1169.17
2018-01-10,CAMP0004,Instagram,22234,1756,131,14,1101.36
2017-10-28,CAMP0022,Referral,60643,2925,462,32,956.91
2017-11-01,CAMP0022,Referral,33445,4907,567,98,243.22
2018-04-19,CAMP0014,Organic,35905,787,138,42,534.84
2017-05-30,CAMP0015,Instagram,84826,3474,466,24,377.76
2017-09-14,CAMP0001,Affiliate,38404,1063,128,24,814.15
2017-08-20,CAMP0010,Affiliate,47101,2433,412,101,990.18
2018-01-15,CAMP0004,Instagram,21064,1027,156,47,1635.08
2017-04-27,CAMP0029,Organic,49350,3972,339,79,622.35
2017-04-11,CAMP0029,Organic,15398,1653,161,13,1466.92
2018-03-01,CAMP0021,Referral,38811,2112,121,13,840.21
2017-08-06,CAMP0016,Email,95751,10775,1566,542,1967.95
2017-09-07,CAMP0023,Facebook,82287,7248,876,73,1114.24
2017-11-14,CAMP0022,Referral,52972,2306,203,39,1046.67
2017-08-30,CAMP0023,Facebook,66301,8861,536,65,1395.35
2017-08-26,CAMP0010,Affiliate,101968,4437,461,60,392.16
2018-02-06,CAMP0004,Instagram,58273,3629,619,186,1638.3
2017-09-05,CAMP0010,Affiliate,106147,14419,1672,469,763.3
2017-07-24,CAMP0016,Email,93523,1456,96,10,1139.15
2017-08-15,CAMP0016,Email,17045,835,70,15,1148.06
2018-02-12,CAMP0024,Organic,48473,2209,106,29,1913.14
2017-09-02,CAMP0023,Facebook,110990,14333,1016,106,341.07
2018-03-21,CAMP0005,Affiliate,53726,4380,138,31,85.02
2017-08-24,CAMP0028,Facebook,6304,626,73,7,953.36
2017-12-20,CAMP0026,Affiliate,86447,2765,329,102,1552.78
2017-08-22,CAMP0028,Facebook,9091,814,71,14,1269.45
2018-01-19,CAMP0013,Affiliate,80094,1863,319,46,595.36
2018-03-05,CAMP0021,Referral,19511,2782,282,71,1748.27
2017-10-01,CAMP0012,Organic,28718,2005,309,43,779.97
2017-12-30,CAMP0013,Affiliate,50075,7503,1337,89,222.77
2017-08-02,CAMP0028,Facebook,90962,1198,39,2,1578.34
2017-03-20,CAMP0002,Facebook,83165,6217,288,41,828.17
2017-08-06,CAMP0027,Affiliate,45391,3876,128,24,860.07
2018-05-07,CAMP0014,Organic,48110,6963,681,135,781.09
2018-04-16,CAMP0003,Facebook,60159,6148,689,105,1359.39
2017-09-07,CAMP0010,Affiliate,108908,13208,556,51,1675.22
2017-09-07,CAMP0010,Affiliate,6977,534,83,7,338.56
2018-03-02,CAMP0018,Instagram,80956,4971,734,227,1375.38
2017-08-26,CAMP0010,Affiliate,77607,4680,406,134,1836.62
2018-04-29,CAMP0025,Referral,94385,8910,998,162,1183.86
2018-04-06,CAMP0005,Affiliate,107514,1089,107,22,250.33
2017-02-04,CAMP0009,Google Search,80899,4734,632,132,1522.35
2017-12-05,CAMP0022,Referral,24929,3064,196,52,515.26
2017-12-14,CAMP0026,Affiliate,70715,955,92,20,1654.96
2018-02-07,CAMP0004,Instagram,23576,3202,263,23,1636.76
2017-09-15,CAMP0001,Affiliate,34083,1949,224,25,1223.88
2018-01-04,CAMP0026,Affiliate,14247,1720,291,31,1305.46
2017-09-10,CAMP0001,Affiliate,107278,11126,1466,384,643.55
2018-04-20,CAMP0005,Affiliate,77005,2378,167,26,741.57
2018-03-17,CAMP0005,Affiliate,55051,3338,483,33,392.13
2018-03-10,CAMP0018,Instagram,27025,2914,514,73,1976.42
2018-05-10,CAMP0017,Email,27312,2341,197,27,472.96
2018-04-06,CAMP0018,Instagram,95366,2177,244,12,1883.38
2018-03-12,CAMP0020,Google Search,59611,5792,701,236,105.06
2018-01-04,CAMP0026,Affiliate,88689,5769,586,51,302.79
2017-12-30,CAMP0013,Affiliate,87553,9145,1611,522,52.11
2018-01-04,CAMP0026,Affiliate,85084,2992,411,141,454.45
2018-04-09,CAMP0005,Affiliate,25734,3800,566,181,468.75
2018-05-12,CAMP0017,Email,92266,5777,192,57,210.79
2017-10-06,CAMP0012,Organic,103748,12824,905,212,526.61
2017-08-20,CAMP0027,Affiliate,99558,5696,323,88,1086.56
2017-01-19,CAMP0007,Email,63149,7847,342,67,268.61
2018-04-30,CAMP0003,Facebook,40408,2251,352,35,295.9
2018-05-24,CAMP0017,Email,94623,9924,1477,447,199.18
2017-01-03,CAMP0007,Email,18982,1416,239,37,1398.29
2018-01-05,CAMP0013,Affiliate,33595,2317,199,21,1068.11
2018-03-28,CAMP0005,Affiliate,79089,10674,1848,352,1570.41
2018-04-25,CAMP0003,Facebook,112528,3447,451,33,724.93
2018-01-13,CAMP0013,Affiliate,50786,6333,692,121,823.35
2018-03-17,CAMP0005,Affiliate,18179,608,50,4,899.82
2018-02-22,CAMP0004,Instagram,26337,1556,138,31,382.18
2017-04-30,CAMP0029,Organic,36528,4693,321,96,878.58
2017-01-27,CAMP0009,Google Search,106181,15458,1626,313,710.12
2017-04-25,CAMP0029,Organic,80121,9447,1268,76,1814.4
2017-09-10,CAMP0001,Affiliate,77277,10504,1188,196,276.0
2017-09-22,CAMP0012,Organic,22476,902,38,2,731.52
2017-07-30,CAMP0027,Affiliate,100491,3602,424,61,851.39
2017-04-03,CAMP0002,Facebook,25001,2307,300,68,629.85
2017-06-01,CAMP0008,Instagram,66163,6425,873,212,753.68
2017-04-03,CAMP0019,Google Search,81181,7130,871,45,735.93
2017-08-13,CAMP0016,Email,96830,10473,454,125,87.23
2018-04-17,CAMP0003,Facebook,99239,1021,108,9,340.61
2017-05-01,CAMP0029,Organic,88698,13143,1957,470,308.52
2017-03-11,CAMP0002,Facebook,99754,13136,1696,385,270.82
2017-09-25,CAMP0012,Organic,55699,7945,619,55,548.06
2018-02-07,CAMP0004,Instagram,28741,3879,323,64,1633.33
2018-04-29,CAMP0025,Referral,64170,807,83,6,826.4
2017-05-24,CAMP0015,Instagram,112317,11270,654,203,1962.51
2017-11-10,CAMP0011,Referral,46845,5390,416,48,1586.8
2018-03-28,CAMP0018,Instagram,13338,1436,97,33,1075.89
2018-03-16,CAMP0020,Google Search,118048,9712,934,197,1972.71
2018-03-13,CAMP0020,Google Search,99126,13611,976,128,772.75
2017-06-08,CAMP0030,Affiliate,9814,1043,131,29,1232.45
2017-04-12,CAMP0019,Google Search,92817,8789,738,160,295.78
2017-08-17,CAMP0016,Email,66905,1447,242,46,331.5
2018-03-26,CAMP0020,Google Search,20510,2969,366,29,317.43
2018-04-04,CAMP0018,Instagram,114940,11434,1164,179,307.26
2018-03-18,CAMP0005,Affiliate,20752,1589,227,75,789.77
2018-03-06,CAMP0020,Google Search,78409,4108,130,43,1583.34
2017-05-06,CAMP0029,Organic,24753,3700,604,65,820.33
2018-04-03,CAMP0020,Google Search,11395,1328,194,57,1569.39
2018-03-29,CAMP0020,Google Search,53798,3083,400,118,1743.0
2017-04-01,CAMP0002,Facebook,103471,8521,1406,326,1594.62
2018-04-26,CAMP0003,Facebook,24894,1964,294,61,1501.02
2017-10-09,CAMP0012,Organic,22342,2977,314,52,1516.22
2018-03-21,CAMP0005,Affiliate,17205,477,84,12,413.3
2018-04-29,CAMP0003,Facebook,38266,3988,134,21,228.74
2018-04-26,CAMP0014,Organic,21299,489,79,25,1291.48
2017-08-16,CAMP0028,Facebook,77095,3771,465,60,896.11
2017-09-16,CAMP0001,Affiliate,21163,2753,163,14,1581.98
2017-04-15,CAMP0019,Google Search,100278,1589,63,6,647.93
2017-08-15,CAMP0016,Email,86036,10351,1715,455,1377.1
2017-08-21,CAMP0016,Email,115185,4117,720,230,240.51
2017-09-23,CAMP0012,Organic,118053,3485,478,76,1826.37
2018-01-24,CAMP0024,Organic,51561,5709,553,56,99.64
2017-03-30,CAMP0002,Facebook,75627,3509,176,16,617.33
2017-01-19,CAMP0007,Email,104067,3305,170,52,825.06
2017-12-18,CAMP0026,Affiliate,37263,922,103,32,224.64
2018-04-23,CAMP0025,Referral,59696,3445,429,50,1857.94
2017-12-28,CAMP0026,Affiliate,102150,9226,1380,141,482.07
2017-06-01,CAMP0030,Affiliate,76056,8569,1384,77,1714.5
2017-09-19,CAMP0001,Affiliate,101686,13710,535,87,111.85
2017-12-11,CAMP0022,Referral,24705,352,53,15,529.92
2017-11-09,CAMP0022,Referral,8233,860,36,10,178.54
2018-04-29,CAMP0014,Organic,9585,1353,168,25,1019.41
2018-03-06,CAMP0021,Referral,41139,1481,170,15,887.15
2017-09-29,CAMP0012,Organic,55510,2003,316,82,289.39
2018-04-03,CAMP0020,Google Search,102875,11232,1531,221,1112.18
2017-09-02,CAMP0010,Affiliate,63661,7463,1025,100,812.02
2017-10-23,CAMP0006,Organic,94724,11544,1792,563,1734.82
2018-04-28,CAMP0025,Referral,45379,3497,520,79,667.78
2017-06-01,CAMP0015,Instagram,29178,2322,413,46,1448.84
2017-05-22,CAMP0015,Instagram,87549,9645,609,137,482.35
2017-06-02,CAMP0008,Instagram,87277,11789,882,82,775.13
2017-08-10,CAMP0023,Facebook,107535,8243,1115,264,1918.21
2018-04-06,CAMP0003,Facebook,24176,2899,378,79,964.79
2017-04-17,CAMP0019,Google Search,14914,1361,111,13,1656.21
2017-08-25,CAMP0028,Facebook,88196,11652,687,191,1854.48
2018-03-28,CAMP0020,Google Search,63164,2729,458,51,1568.92
2018-03-06,CAMP0018,Instagram,97926,13567,1758,323,1680.16
2017-10-18,CAMP0006,Organic,38384,3531,256,37,1203.3
2017-09-14,CAMP0001,Affiliate,24735,1240,213,14,363.32
2018-03-01,CAMP0021,Referral,85211,10275,1098,131,736.7
2017-05-25,CAMP0015,Instagram,79099,2633,185,43,1736.69
2017-08-25,CAMP0016,Email,115418,13692,1229,414,177.04
2017-08-23,CAMP0010,Affiliate,95192,10459,676,45,410.09
2017-04-29,CAMP0029,Organic,88084,9504,1531,90,743.05
2017-03-17,CAMP0002,Facebook,81700,11221,540,180,397.33
2017-01-16,CAMP0007,Email,6445,818,112,5,1048.54
2018-02-24,CAMP0024,Organic,18409,427,51,6,1494.86
2017-09-25,CAMP0012,Organic,10386,914,69,4,684.19
2017-05-27,CAMP0015,Instagram,6898,924,130,40,1617.88
2017-12-07,CAMP0022,Referral,30188,2096,216,45,1516.01
2018-03-06,CAMP0021,Referral,76278,3454,342,35,231.4
2017-08-06,CAMP0016,Email,62836,8260,683,66,885.86
2018-03-11,CAMP0018,Instagram,6730,957,113,21,1154.63
2017-10-28,CAMP0006,Organic,41447,4511,796,99,344.44
2018-02-19,CAMP0004,Instagram,119896,3924,409,75,1620.88
2018-03-12,CAMP0021,Referral,53356,6127,792,65,1600.09
2017-08-13,CAMP0027,Affiliate,32247,3333,521,38,1528.52
2017-08-06,CAMP0028,Facebook,92436,11518,1960,106,97.72
2017-03-21,CAMP0002,Facebook,106717,11514,842,137,1034.33
2018-04-08,CAMP0005,Affiliate,18585,2624,195,26,202.65
2017-09-13,CAMP0023,Facebook,113316,7070,249,38,1871.5
2017-09-26,CAMP0012,Organic,58117,7027,1013,80,1727.05
2017-01-07,CAMP0007,Email,88642,2170,103,6,324.54
2017-08-24,CAMP0010,Affiliate,105224,15123,2276,480,1929.64
2018-05-14,CAMP0017,Email,12131,1180,111,27,1794.13
2017-01-15,CAMP0009,Google Search,19344,2718,121,29,1385.61
2017-10-28,CAMP0006,Organic,80695,9030,1134,281,1016.8
2017-04-05,CAMP0002,Facebook,107771,5952,629,177,155.21
2018-01-24,CAMP0004,Instagram,70261,5054,720,66,551.52
2017-08-27,CAMP0023,Facebook,68867,10230,541,92,1730.2
2017-06-05,CAMP0030,Affiliate,71002,4004,271,61,1387.94
2017-04-02,CAMP0002,Facebook,54949,578,84,7,1593.44
2018-04-17,CAMP0005,Affiliate,39250,1768,258,64,723.06
2018-02-04,CAMP0024,Organic,76953,6743,246,16,573.47
2017-03-28,CAMP0002,Facebook,88684,12300,1150,342,1580.31
2017-09-01,CAMP0023,Facebook,5092,530,25,2,674.55
2017-11-11,CAMP0011,Referral,42033,1900,128,15,1965.53
2017-06-10,CAMP0030,Affiliate,69568,2838,334,19,73.46
2017-06-18,CAMP0008,Instagram,117147,17012,704,83,1973.32
2017-04-16,CAMP0029,Organic,42346,5480,952,323,316.82
2018-05-12,CAMP0017,Email,13723,1060,82,7,668.8
2017-11-05,CAMP0011,Referral,8394,665,80,19,951.66
2017-08-19,CAMP0016,Email,100361,2222,272,20,1123.85
2017-08-15,CAMP0027,Affiliate,29019,1230,40,9,368.56
2018-01-03,CAMP0013,Affiliate,22530,510,25,1,1664.62
2017-08-04,CAMP0027,Affiliate,101377,13761,696,136,1047.22
2017-11-09,CAMP0022,Referral,84867,1815,290,68,1242.19
2017-09-05,CAMP0010,Affiliate,71087,8292,791,245,1732.1
2018-04-15,CAMP0003,Facebook,58982,1745,201,48,712.13
2017-08-01,CAMP0016,Email,13941,1755,188,61,1184.24
2018-03-01,CAMP0018,Instagram,114093,6611,931,227,710.57
2017-04-08,CAMP0002,Facebook,55467,5516,618,85,758.33
2018-01-03,CAMP0013,Affiliate,53883,6121,735,148,1695.94
2017-09-19,CAMP0012,Organic,31742,1438,106,28,1524.72
2017-08-10,CAMP0023,Facebook,117134,2682,192,61,1787.69
2017-08-14,CAMP0028,Facebook,82846,9168,342,27,476.45
2018-05-01,CAMP0003,Facebook,50416,4419,139,18,993.8
2017-11-13,CAMP0022,Referral,9384,478,36,4,138.93
2018-04-29,CAMP0014,Organic,38995,3936,608,79,1269.71
2018-03-30,CAMP0005,Affiliate,10659,1559,252,31,895.4
2017-04-18,CAMP0019,Google Search,8242,373,40,2,139.39
2017-04-21,CAMP0029,Organic,101766,2282,121,13,673.98
2018-01-02,CAMP0026,Affiliate,12995,988,162,28,567.24
2017-06-04,CAMP0030,Affiliate,29416,2087,73,15,152.39
2018-02-20,CAMP0004,Instagram,23619,823,34,5,1061.28
2018-03-30,CAMP0005,Affiliate,38447,1870,215,17,1780.49
2017-12-23,CAMP0026,Affiliate,111934,13524,963,285,1239.24
2017-11-10,CAMP0011,Referral,5801,464,77,6,1530.66
2017-08-29,CAMP0010,Affiliate,35353,5207,825,72,368.58
2017-09-09,CAMP0023,Facebook,10298,1043,125,38,98.37
2017-05-29,CAMP0030,Affiliate,102914,13795,1701,496,1925.14
2017-12-14,CAMP0026,Affiliate,113082,14520,971,145,930.63
2018-04-04,CAMP0003,Facebook,81895,1359,63,11,1985.11
2017-08-25,CAMP0028,Facebook,30503,2399,246,15,1347.86
2017-08-22,CAMP0016,Email,119739,8043,1263,89,1847.78
2018-04-02,CAMP0020,Google Search,71251,4043,635,161,922.18
2017-12-24,CAMP0026,Affiliate,44218,3965,317,74,1346.81
2017-04-09,CAMP0029,Organic,93652,12298,699,178,1057.13
2018-04-21,CAMP0025,Referral,49830,2528,351,72,536.74
2018-04-26,CAMP0017,Email,47792,1493,180,11,1823.98
2018-01-01,CAMP0013,Affiliate,32259,4825,808,116,1886.19
2017-09-22,CAMP0001,Affiliate,58925,767,65,19,226.43
2018-01-17,CAMP0004,Instagram,19929,254,18,4,605.49
2017-05-29,CAMP0015,Instagram,88941,3486,109,34,1472.58
2017-09-03,CAMP0010,Affiliate,82931,8112,841,243,1696.55
2018-03-11,CAMP0021,Referral,10651,1322,201,35,1684.84
2017-10-25,CAMP0006,Organic,19043,1577,159,21,1506.69
2017-01-13,CAMP0009,Google Search,114765,7631,268,60,1193.61
2017-10-01,CAMP0012,Organic,16156,1857,232,17,1715.79
2018-03-12,CAMP0021,Referral,101271,4622,312,99,237.71
2017-11-16,CAMP0022,Referral,49599,637,33,6,293.17
2017-02-08,CAMP0009,Google Search,27059,1246,103,25,951.41
2017-10-30,CAMP0006,Organic,22646,2824,363,114,285.01
2017-02-02,CAMP0007,Email,13905,1904,71,6,1511.52
2017-09-15,CAMP0001,Affiliate,8673,270,41,12,166.88
2018-04-25,CAMP0025,Referral,102938,5738,446,72,1018.9
2017-09-14,CAMP0001,Affiliate,25781,478,26,6,382.62
2017-09-19,CAMP0001,Affiliate,21079,641,68,14,1673.43
2017-12-31,CAMP0013,Affiliate,94221,8282,558,29,676.64
2018-04-11,CAMP0003,Facebook,45041,3315,259,84,304.31
2017-08-20,CAMP0023,Facebook,38607,3700,191,52,1200.82
2017-06-03,CAMP0030,Affiliate,68356,5174,605,133,1933.12
2017-09-20,CAMP0001,Affiliate,59340,5868,348,86,1674.48
2017-08-31,CAMP0010,Affiliate,61334,4905,402,22,509.68
2017-07-31,CAMP0027,Affiliate,26010,1332,133,24,1730.93
2018-05-13,CAMP0014,Organic,45331,3793,474,107,869.16
2018-03-08,CAMP0018,Instagram,20073,2251,100,21,1687.39
2017-12-22,CAMP0026,Affiliate,66876,8796,913,318,1351.7
2018-05-02,CAMP0014,Organic,89501,2944,502,85,1169.45
2017-11-05,CAMP0011,Referral,36660,2443,373,124,915.66
2017-10-18,CAMP0006,Organic,7350,658,43,7,547.66
2018-01-19,CAMP0004,Instagram,21672,2626,175,45,337.83
2017-01-30,CAMP0009,Google Search,77814,10087,517,27,930.84
2018-04-09,CAMP0018,Instagram,79174,2777,135,27,968.47
2017-12-31,CAMP0026,Affiliate,14515,554,57,3,1802.02
2017-12-27,CAMP0026,Affiliate,52404,641,110,29,1922.62
2018-04-29,CAMP0014,Organic,104239,12343,1347,353,1664.85
2017-02-05,CAMP0009,Google Search,103039,14225,898,46,419.17
2018-03-11,CAMP0021,Referral,108314,15616,2085,709,757.8
2018-02-06,CAMP0024,Organic,35963,2275,292,39,926.44
2017-03-21,CAMP0002,Facebook,108095,5491,256,77,359.28
2018-02-28,CAMP0024,Organic,100907,11996,1841,190,128.17
2017-09-06,CAMP0023,Facebook,38244,1698,249,30,766.13
2018-03-25,CAMP0020,Google Search,68910,9505,1280,112,1850.73
2017-03-18,CAMP0002,Facebook,70856,1687,85,8,259.36
2017-10-16,CAMP0006,Organic,71968,5286,441,130,783.55
2017-06-10,CAMP0015,Instagram,40312,3684,410,119,144.47
2018-01-22,CAMP0004,Instagram,61017,8453,1182,317,765.87
2017-12-06,CAMP0022,Referral,24851,1233,62,4,1051.18
2017-07-28,CAMP0016,Email,97091,6787,239,50,1153.61
2017-04-06,CAMP0029,Organic,75064,3175,547,53,1082.81
2017-09-14,CAMP0001,Affiliate,41385,3989,500,143,902.58
2018-04-02,CAMP0005,Affiliate,100078,2608,211,53,1505.98
2018-03-24,CAMP0018,Instagram,75798,7841,928,95,1527.8
2017-05-09,CAMP0029,Organic,110784,3093,255,29,1514.49
2017-10-11,CAMP0012,Organic,96786,6430,1015,110,1135.55
2017-06-02,CAMP0015,Instagram,95982,8436,1012,90,1127.33
2017-11-15,CAMP0011,Referral,52398,5279,788,202,1757.15
2018-04-20,CAMP0025,Referral,109008,9257,1494,369,1090.23
2017-02-03,CAMP0007,Email,17067,402,43,12,1625.02
2017-12-18,CAMP0026,Affiliate,79817,5617,202,43,1514.2
2018-01-16,CAMP0013,Affiliate,29229,1558,217,40,1695.6
2017-10-06,CAMP0012,Organic,21677,2898,240,79,738.21
2017-11-28,CAMP0022,Referral,76282,6036,853,112,504.46
2017-11-14,CAMP0011,Referral,43684,3354,542,92,418.2
2017-02-05,CAMP0009,Google Search,21912,1371,165,38,371.16
2017-04-26,CAMP0019,Google Search,29191,2144,265,15,362.43
2017-09-13,CAMP0010,Affiliate,51118,6284,675,170,164.33
2018-04-21,CAMP0003,Facebook,90876,4703,325,50,1729.47
2017-11-29,CAMP0022,Referral,62655,3987,688,173,1151.89
2018-04-27,CAMP0025,Referral,115319,14234,2498,758,594.69
2017-12-17,CAMP0026,Affiliate,77181,2103,369,65,257.8
2017-06-08,CAMP0008,Instagram,106059,2261,84,18,296.1
2018-04-15,CAMP0003,Facebook,67212,4162,665,65,1997.6
2017-08-23,CAMP0028,Facebook,82510,2508,360,73,830.59
2017-02-03,CAMP0009,Google Search,105819,15824,1214,424,1589.35
2018-01-28,CAMP0024,Organic,96023,13342,672,159,1173.31
2017-05-03,CAMP0019,Google Search,14972,1437,180,62,919.18
2017-06-05,CAMP0030,Affiliate,117321,11451,1500,229,1603.15
2018-03-30,CAMP0018,Instagram,7480,138,19,2,1416.28
2018-05-01,CAMP0003,Facebook,78726,2385,94,6,302.33
2017-11-01,CAMP0006,Organic,90586,12760,2167,522,699.38
2018-01-05,CAMP0013,Affiliate,15273,1171,145,35,1976.37
2018-05-13,CAMP0014,Organic,46370,3893,345,56,797.02
2017-08-24,CAMP0016,Email,111843,12441,384,67,1316.06
2018-03-08,CAMP0021,Referral,108560,9601,1124,117,1536.12
2017-07-24,CAMP0016,Email,43017,2833,213,64,620.91
2018-01-18,CAMP0013,Affiliate,10144,268,22,2,1844.53
2017-11-23,CAMP0022,Referral,63876,7195,653,185,1658.79
2017-09-03,CAMP0010,Affiliate,104747,15296,677,78,1522.27
2018-05-01,CAMP0014,Organic,89040,13009,1808,564,840.06
2017-03-16,CAMP0002,Facebook,12575,756,89,16,1816.04
2018-04-30,CAMP0014,Organic,98019,3216,309,37,1952.84
2017-08-22,CAMP0016,Email,86615,9141,1351,432,1243.0
2017-06-13,CAMP0008,Instagram,38615,1332,214,46,1086.09
2017-09-14,CAMP0001,Affiliate,55955,7262,928,234,1237.9
2018-04-12,CAMP0003,Facebook,52988,3961,534,102,1627.0
2017-09-15,CAMP0001,Affiliate,23396,1348,87,9,662.05
2017-01-30,CAMP0007,Email,59649,5539,664,186,846.92
2017-06-09,CAMP0030,Affiliate,117826,15320,823,123,1934.25
2017-11-07,CAMP0011,Referral,21375,232,12,0,1561.42
2018-05-13,CAMP0017,Email,20038,1346,189,40,154.23
2017-10-26,CAMP0006,Organic,20376,2238,320,20,493.72
2017-06-18,CAMP0008,Instagram,10175,566,20,5,1545.61
2018-01-16,CAMP0013,Affiliate,86404,5309,211,21,1991.98
2017-06-10,CAMP0030,Affiliate,106168,6610,625,78,1738.08
2018-04-09,CAMP0005,Affiliate,95309,10901,675,207,1967.01
2017-11-14,CAMP0011,Referral,118477,14149,984,227,1449.54
2018-02-04,CAMP0024,Organic,96588,10030,385,27,1752.0
2018-03-06,CAMP0018,Instagram,34730,2890,99,30,1999.07
2017-08-26,CAMP0023,Facebook,119148,14803,2035,412,574.49
2017-01-28,CAMP0007,Email,101893,11581,864,155,457.28
2017-11-09,CAMP0011,Referral,115169,6268,732,229,1180.86
2017-04-06,CAMP0019,Google Search,22316,1116,97,7,1534.28
2017-01-28,CAMP0007,Email,39078,3562,524,156,661.63
2017-09-11,CAMP0010,Affiliate,28508,3557,610,40,60.17
2017-08-06,CAMP0028,Facebook,57707,5481,290,88,931.47
2017-11-13,CAMP0011,Referral,55851,1215,78,18,1061.39
2018-01-13,CAMP0013,Affiliate,58702,7753,1335,398,1908.2
2018-03-16,CAMP0020,Google Search,105238,3757,663,141,1172.42
2017-01-27,CAMP0007,Email,115404,6753,1175,89,194.18
2017-06-03,CAMP0015,Instagram,58329,6992,1243,316,1832.93
2017-08-29,CAMP0023,Facebook,80289,6503,474,132,1931.29
2017-05-24,CAMP0030,Affiliate,72522,926,46,5,1311.94
2018-03-23,CAMP0020,Google Search,107014,4227,417,51,770.65
2017-06-07,CAMP0008,Instagram,84788,10489,1725,192,592.9
2018-05-05,CAMP0014,Organic,104878,4283,227,15,837.13
2017-09-20,CAMP0012,Organic,90346,7991,798,245,874.61
2018-05-06,CAMP0017,Email,103218,7252,410,60,1727.66
2018-03-27,CAMP0020,Google Search,105831,3606,631,53,831.6
2018-03-31,CAMP0018,Instagram,47589,2950,115,6,883.53
2017-08-16,CAMP0023,Facebook,74825,1191,193,42,1479.55
2017-04-15,CAMP0019,Google Search,90849,13428,974,250,149.2
2018-01-02,CAMP0013,Affiliate,93372,12495,1286,177,196.71
2017-08-16,CAMP0016,Email,85254,12111,892,108,910.99
2017-08-22,CAMP0010,Affiliate,41163,4653,455,88,800.92
2017-08-11,CAMP0016,Email,60835,4135,592,157,726.94
2017-01-26,CAMP0007,Email,87058,5882,992,78,1223.25
2018-03-10,CAMP0021,Referral,67125,8834,1490,146,1201.54
2017-09-19,CAMP0001,Affiliate,70433,4393,310,100,369.23
2017-12-25,CAMP0026,Affiliate,29065,1228,58,12,1316.12
2017-04-19,CAMP0019,Google Search,117934,14635,1001,249,767.36
2017-06-09,CAMP0030,Affiliate,49516,4531,344,71,1204.22
2018-03-26,CAMP0020,Google Search,107808,14195,968,310,824.84
2018-04-25,CAMP0025,Referral,28143,507,27,3,1084.01
2017-10-16,CAMP0006,Organic,31180,1310,177,32,795.78
2017-09-17,CAMP0001,Affiliate,102055,10902,1782,334,973.7
2018-01-08,CAMP0013,Affiliate,95575,1288,145,46,1847.7
2017-12-28,CAMP0013,Affiliate,33552,1127,194,51,1345.85
2018-02-18,CAMP0024,Organic,28614,3516,410,78,531.61
2018-03-19,CAMP0020,Google Search,53776,4232,473,53,1863.88
2018-03-19,CAMP0005,Affiliate,90828,5204,715,122,1019.09
2017-04-13,CAMP0019,Google Search,10152,869,46,3,955.14
2018-05-15,CAMP0017,Email,21064,1315,167,46,1463.32
2017-01-07,CAMP0007,Email,60145,649,73,16,1319.75
2017-03-26,CAMP0002,Facebook,106421,14706,1151,229,1563.66
2018-03-30,CAMP0005,Affiliate,100919,9733,1397,263,1429.43
2017-03-24,CAMP0002,Facebook,29818,2302,246,37,136.06
2017-01-22,CAMP0007,Email,15600,1458,118,21,203.41
2017-07-27,CAMP0016,Email,48069,6653,714,76,829.18
2017-11-15,CAMP0011,Referral,28237,2660,380,75,229.55
2017-08-22,CAMP0016,Email,108155,15822,2802,585,1208.3
2018-05-23,CAMP0017,Email,57257,1014,72,22,1598.43
2017-06-04,CAMP0030,Affiliate,63054,8678,767,143,1808.87
2017-09-10,CAMP0010,Affiliate,21731,2763,126,36,566.14
2018-02-15,CAMP0024,Organic,24265,1125,78,9,1963.1
2018-01-01,CAMP0026,Affiliate,22228,2261,196,34,1213.77
2018-04-08,CAMP0003,Facebook,62696,1873,265,68,1586.28
2018-03-15,CAMP0005,Affiliate,111860,13652,2210,258,464.45
2018-01-17,CAMP0004,Instagram,50600,2714,444,45,981.9
2017-12-16,CAMP0026,Affiliate,79372,10110,392,42,1610.81
2017-10-23,CAMP0006,Organic,90002,3468,281,60,1794.29
2017-06-06,CAMP0015,Instagram,112894,11044,1189,252,1411.98
2017-01-04,CAMP0007,Email,51459,5568,763,187,54.17
2017-10-20,CAMP0006,Organic,85859,1887,263,20,241.23
2017-04-27,CAMP0029,Organic,64340,9061,1351,420,1089.99
2018-04-03,CAMP0018,Instagram,103836,7587,1022,307,545.45
2017-12-03,CAMP0022,Referral,81878,9788,1370,314,1156.66
2017-09-13,CAMP0010,Affiliate,95403,3215,540,83,735.04
2018-01-11,CAMP0004,Instagram,93495,5272,537,175,1296.99
2017-03-15,CAMP0002,Facebook,41890,6075,233,31,316.65
2017-11-16,CAMP0011,Referral,11001,1056,143,14,730.71
2017-01-21,CAMP0007,Email,112275,5088,626,50,290.49
2017-01-12,CAMP0009,Google Search,71596,4778,508,153,104.37
2018-05-08,CAMP0025,Referral,96049,3811,437,112,1318.27
2018-03-31,CAMP0018,Instagram,85696,7073,311,62,146.52
2017-06-05,CAMP0030,Affiliate,76817,3178,306,58,423.25
2017-04-14,CAMP0029,Organic,111568,4791,708,91,433.05
2017-10-02,CAMP0012,Organic,10344,833,81,7,1594.78
2017-09-13,CAMP0001,Affiliate,30561,3703,170,33,1987.17
2017-04-05,CAMP0029,Organic,84232,11389,1332,205,77.92
2017-11-29,CAMP0022,Referral,29119,2352,154,32,1671.53
2017-08-30,CAMP0010,Affiliate,90699,2298,412,106,1256.24
2017-03-20,CAMP0002,Facebook,51691,1079,135,22,1537.76
2017-11-24,CAMP0022,Referral,46005,3167,296,32,1686.64
2018-05-06,CAMP0017,Email,71853,8383,1436,291,1279.46
2017-11-03,CAMP0022,Referral,81907,5867,1051,285,1715.42
2018-01-26,CAMP0024,Organic,75571,5216,319,23,612.97
2018-03-09,CAMP0021,Referral,96752,12229,1268,413,567.25
2018-02-02,CAMP0004,Instagram,18179,2071,142,34,1189.18
2017-11-02,CAMP0006,Organic,65786,1916,112,14,1128.87
2017-05-30,CAMP0015,Instagram,82519,9981,1227,72,664.51
2017-08-12,CAMP0028,Facebook,35679,1643,132,42,995.47
2017-01-12,CAMP0009,Google Search,45224,3077,120,22,545.32
2017-11-01,CAMP0022,Referral,55331,2628,406,85,1512.68
2017-11-19,CAMP0022,Referral,73232,10265,520,134,1259.92
2017-10-24,CAMP0006,Organic,34318,349,27,2,1395.83
2018-04-03,CAMP0018,Instagram,45072,590,24,6,357.78
2017-05-05,CAMP0019,Google Search,71670,2962,470,59,495.18
2017-01-28,CAMP0009,Google Search,116816,9929,473,115,1300.83
2017-06-18,CAMP0008,Instagram,111279,12881,1974,225,1810.35
2017-09-22,CAMP0001,Affiliate,63113,2357,143,36,1314.44
2017-01-23,CAMP0009,Google Search,38216,2414,268,26,1211.72
2018-03-25,CAMP0018,Instagram,62375,2916,430,113,1060.76
2018-01-15,CAMP0013,Affiliate,81812,7899,556,30,642.09
2017-10-24,CAMP0006,Organic,97739,3592,416,52,623.54
2018-01-13,CAMP0004,Instagram,93899,10041,1649,402,1116.3
2017-04-24,CAMP0029,Organic,43700,4124,446,144,878.12
2017-06-03,CAMP0008,Instagram,88032,6415,1018,73,1345.81
2018-03-03,CAMP0021,Referral,103490,12572,554,56,426.36
2017-09-04,CAMP0010,Affiliate,108863,8004,1069,79,1310.7
2018-03-30,CAMP0020,Google Search,105279,10554,891,252,639.62
2018-04-08,CAMP0003,Facebook,41779,1826,182,44,708.43
2017-08-19,CAMP0016,Email,68654,8926,1198,250,208.09
2018-04-22,CAMP0025,Referral,88238,5709,942,292,1502.82
2017-08-07,CAMP0027,Affiliate,80029,5414,844,151,1499.24
2017-08-24,CAMP0016,Email,111142,16086,1447,348,1788.42
2017-06-19,CAMP0008,Instagram,67135,7448,373,43,852.53
2017-05-25,CAMP0015,Instagram,30129,2951,391,103,684.7
2017-05-27,CAMP0015,Instagram,61238,6418,653,87,54.25
2017-02-07,CAMP0009,Google Search,97089,10811,478,143,1367.38
2018-02-28,CAMP0021,Referral,61731,7964,976,268,1637.01
2017-11-17,CAMP0011,Referral,26385,2803,126,34,926.7
2018-05-01,CAMP0014,Organic,43434,4156,285,25,868.42
2017-11-14,CAMP0011,Referral,118223,10680,532,180,1158.15
2017-06-10,CAMP0015,Instagram,19384,1956,292,49,675.5
2017-05-22,CAMP0030,Affiliate,65350,4492,560,144,434.09
2017-11-12,CAMP0011,Referral,62681,8115,771,227,1089.72
2017-11-10,CAMP0011,Referral,17147,872,135,36,1811.94
2018-03-25,CAMP0020,Google Search,60123,3295,291,41,299.71
2017-01-13,CAMP0007,Email,78863,4559,522,133,1988.37
2017-12-28,CAMP0026,Affiliate,72542,2848,492,79,835.58
2017-08-05,CAMP0027,Affiliate,95323,9041,448,89,1263.04
2018-03-11,CAMP0018,Instagram,15296,1421,90,30,1400.13
2017-06-05,CAMP0008,Instagram,73995,9731,1096,72,1749.52
2017-04-10,CAMP0002,Facebook,41646,4563,698,91,1005.08
2017-11-07,CAMP0022,Referral,42897,4136,236,44,1931.5
2018-05-20,CAMP0025,Referral,42276,3617,509,108,1643.97
2017-10-19,CAMP0006,Organic,65598,3811,552,106,540.37
2017-04-17,CAMP0019,Google Search,105381,8491,446,43,875.03
2017-08-12,CAMP0023,Facebook,40919,3676,556,57,1302.73
2017-05-15,CAMP0029,Organic,82812,12065,1257,322,1052.18
2017-05-01,CAMP0029,Organic,62132,3667,321,36,451.29
2018-03-01,CAMP0021,Referral,109457,12792,2242,452,812.77
2018-03-11,CAMP0021,Referral,83552,10356,725,78,1171.75
2018-04-29,CAMP0014,Organic,86023,2598,164,34,1902.85
2017-08-11,CAMP0027,Affiliate,59267,4142,395,43,1601.73
2017-08-19,CAMP0010,Affiliate,111045,2416,414,33,831.49
2017-09-10,CAMP0001,Affiliate,70345,8098,762,114,1759.21
2017-09-03,CAMP0010,Affiliate,45798,4355,420,49,554.49
2017-11-05,CAMP0011,Referral,24909,2593,217,52,1465.77
2017-11-15,CAMP0022,Referral,48612,1386,111,5,951.8
2018-01-18,CAMP0013,Affiliate,31245,3495,610,57,1030.41
2017-08-10,CAMP0016,Email,43887,6463,468,65,837.14
2018-02-04,CAMP0024,Organic,86065,2584,291,48,218.22
2017-04-06,CAMP0019,Google Search,72447,6343,643,213,344.59
2018-03-26,CAMP0018,Instagram,100834,12892,1735,465,535.23
2017-05-30,CAMP0015,Instagram,89431,6837,960,327,1683.54
2018-04-11,CAMP0003,Facebook,79046,9315,530,53,372.56
2018-04-05,CAMP0005,Affiliate,9648,1171,210,39,507.68
2017-12-28,CAMP0013,Affiliate,59498,3679,534,73,1827.53
2017-10-09,CAMP0012,Organic,85092,4519,252,57,124.64
2017-06-03,CAMP0015,Instagram,57599,930,152,34,1724.47
2018-01-31,CAMP0024,Organic,52114,4964,416,67,699.75
2018-02-22,CAMP0004,Instagram,94499,5471,275,76,108.98
2017-10-23,CAMP0006,Organic,52144,5510,415,70,1856.22
2018-05-17,CAMP0017,Email,46565,3442,338,61,1151.0
2017-01-26,CAMP0007,Email,32480,451,75,18,379.93
2017-10-07,CAMP0012,Organic,110344,6970,449,73,675.25
2017-11-17,CAMP0011,Referral,41691,2636,384,51,406.16
2018-04-13,CAMP0003,Facebook,25815,3148,360,84,1629.93
2017-02-02,CAMP0007,Email,94483,9072,1362,447,1930.09
2017-01-10,CAMP0009,Google Search,77794,7712,944,321,1990.73
2017-08-06,CAMP0027,Affiliate,49717,3843,685,105,1352.03
2018-05-02,CAMP0017,Email,6009,407,68,12,1218.47
2018-03-19,CAMP0020,Google Search,38969,1770,62,19,228.43
2017-12-24,CAMP0026,Affiliate,46798,875,137,19,786.48
2017-10-28,CAMP0006,Organic,40473,5854,178,14,1597.49
2017-05-23,CAMP0015,Instagram,40092,3382,412,75,1341.15
2018-01-04,CAMP0026,Affiliate,8973,1147,115,34,341.43
2017-06-07,CAMP0030,Affiliate,18632,840,53,11,1629.68
2018-03-05,CAMP0020,Google Search,75285,1950,166,56,1345.82
2017-03-19,CAMP0002,Facebook,71110,859,64,21,1554.74
2017-03-26,CAMP0002,Facebook,93299,11800,1829,131,1329.29
2017-10-05,CAMP0012,Organic,41151,1456,96,25,602.47
2017-01-17,CAMP0007,Email,97063,2800,301,92,112.77
2018-04-18,CAMP0025,Referral,50380,2482,246,53,1516.21
2018-03-23,CAMP0018,Instagram,55675,6346,821,70,696.18
2017-08-09,CAMP0028,Facebook,112192,11667,1775,95,485.04
2017-04-07,CAMP0019,Google Search,84475,7617,546,136,69.29
2017-05-05,CAMP0019,Google Search,37948,664,35,3,1298.48
2017-11-05,CAMP0011,Referral,68581,9850,1373,434,76.5
2017-01-28,CAMP0009,Google Search,110626,7745,1153,156,1682.45
2017-05-28,CAMP0015,Instagram,94052,11814,499,73,1158.73
2017-08-11,CAMP0016,Email,30148,4234,471,107,424.37
2017-12-18,CAMP0026,Affiliate,112407,11755,1318,436,1608.57
2017-07-31,CAMP0016,Email,86848,7370,810,243,855.56
2018-05-20,CAMP0017,Email,91094,2363,158,42,1000.11
2017-04-21,CAMP0029,Organic,51373,1068,118,21,1059.78
2017-08-27,CAMP0023,Facebook,67952,7983,1213,60,130.19
2017-09-20,CAMP0012,Organic,31700,534,68,13,1252.82
2017-12-17,CAMP0026,Affiliate,88277,4590,612,179,1577.73
2017-08-15,CAMP0023,Facebook,90346,7082,666,183,1104.19
2017-06-10,CAMP0030,Affiliate,34212,3849,569,145,1671.45
2017-11-15,CAMP0011,Referral,21293,2285,156,44,837.35
2017-08-07,CAMP0027,Affiliate,35493,785,102,17,1168.79
2018-03-01,CAMP0021,Referral,82205,8655,1501,270,1953.05
2017-01-31,CAMP0007,Email,93849,7669,349,31,135.39
2017-05-29,CAMP0015,Instagram,27635,2160,71,24,1972.46
2017-04-30,CAMP0019,Google Search,92594,2883,447,134,210.41
2017-03-31,CAMP0002,Facebook,43639,1435,134,39,698.8
2017-01-24,CAMP0007,Email,66149,9727,1615,554,1455.21
2017-08-14,CAMP0016,Email,117829,6601,211,64,636.82
2018-05-01,CAMP0014,Organic,79798,8204,967,227,917.88
2018-05-11,CAMP0014,Organic,109741,14909,2034,236,1065.39
2017-12-31,CAMP0026,Affiliate,114376,2803,485,121,1739.85
2017-08-10,CAMP0016,Email,80367,9307,1201,164,1098.54
2018-01-02,CAMP0013,Affiliate,41620,4919,747,58,863.34
2017-03-19,CAMP0002,Facebook,22679,1412,138,28,315.31
2017-09-19,CAMP0001,Affiliate,50660,6898,1127,185,1122.25
2018-02-20,CAMP0024,Organic,27837,2509,333,96,792.9
2017-08-31,CAMP0010,Affiliate,50971,2794,244,50,209.63
2017-04-06,CAMP0002,Facebook,49410,2496,135,9,781.91
2017-09-26,CAMP0012,Organic,19975,2773,187,60,163.52
2018-04-28,CAMP0025,Referral,118712,9844,1340,94,509.05
2017-04-25,CAMP0029,Organic,71456,6323,650,54,1735.4
2018-04-29,CAMP0025,Referral,87896,1412,118,14,822.37
2017-11-23,CAMP0022,Referral,62170,5862,745,229,722.16
2017-08-15,CAMP0028,Facebook,69630,9338,1131,139,73.47
2018-03-11,CAMP0018,Instagram,38168,3423,402,136,811.08
2018-02-12,CAMP0024,Organic,24110,3194,184,16,524.57
2017-11-14,CAMP0011,Referral,8511,946,165,34,108.68
2018-05-13,CAMP0025,Referral,29448,2340,346,118,752.99
2018-01-05,CAMP0013,Affiliate,92061,7568,819,229,430.74
2018-05-06,CAMP0017,Email,84936,4246,431,134,1209.96
2018-01-31,CAMP0024,Organic,49616,4404,587,102,1933.36
2018-04-27,CAMP0017,Email,52971,5958,935,273,1461.79
2018-04-14,CAMP0014,Organic,27109,3403,275,90,1313.92
2017-03-15,CAMP0002,Facebook,68480,3956,450,116,1208.99
2017-12-25,CAMP0026,Affiliate,88264,6415,728,221,1915.45
2017-08-18,CAMP0023,Facebook,97371,10260,1534,384,887.7
2018-01-05,CAMP0013,Affiliate,74573,9019,1476,418,765.44
2017-04-16,CAMP0019,Google Search,43871,1954,300,24,258.48
2017-10-27,CAMP0006,Organic,14474,2065,162,44,1151.51
2018-01-05,CAMP0013,Affiliate,100712,11476,1410,286,985.86
2018-04-29,CAMP0017,Email,93369,7498,1215,286,116.9
2017-08-18,CAMP0010,Affiliate,52837,4055,575,101,275.22
2017-05-20,CAMP0015,Instagram,68502,1518,216,17,773.77
2017-11-11,CAMP0011,Referral,29007,2539,82,11,1219.16
2017-08-21,CAMP0016,Email,19720,1531,198,39,1188.68
2017-12-27,CAMP0026,Affiliate,48316,1878,80,11,652.26
2018-02-11,CAMP0004,Instagram,41787,3174,509,121,668.76
2017-11-10,CAMP0011,Referral,80292,2873,266,65,1931.81
2017-06-08,CAMP0030,Affiliate,9744,339,53,6,999.38
2017-07-26,CAMP0016,Email,99090,3603,616,128,1829.12
2018-05-16,CAMP0017,Email,10133,871,31,2,1370.8
2017-04-09,CAMP0029,Organic,51043,1733,235,34,1037.41
2018-04-10,CAMP0018,Instagram,117303,10748,513,61,1565.78
2018-01-04,CAMP0026,Affiliate,16556,2302,296,70,319.0
2017-05-24,CAMP0030,Affiliate,38980,4341,459,117,606.46
2018-01-02,CAMP0026,Affiliate,104419,12920,767,237,1691.1
2017-08-03,CAMP0028,Facebook,80065,2822,440,113,311.52
2018-01-13,CAMP0013,Affiliate,37867,3997,209,46,255.39
2017-06-18,CAMP0008,Instagram,36122,3437,529,106,742.06
2017-08-08,CAMP0028,Facebook,51078,6370,878,197,1873.81
2018-01-05,CAMP0013,Affiliate,83431,2633,356,98,631.3
2017-04-30,CAMP0029,Organic,98969,12094,1508,466,1514.69
2018-03-12,CAMP0020,Google Search,60781,8306,943,161,720.66
2017-08-19,CAMP0016,Email,57926,8082,425,60,1582.49
2017-06-03,CAMP0015,Instagram,65466,6070,199,30,1907.89
2017-09-01,CAMP0010,Affiliate,14347,1411,93,9,574.32
2017-06-18,CAMP0008,Instagram,46391,2087,251,75,1835.96
2017-10-26,CAMP0006,Organic,11062,1535,152,18,733.81
2018-04-03,CAMP0020,Google Search,72958,10050,305,71,1011.96
2018-05-02,CAMP0003,Facebook,61634,2219,102,12,1308.88
2017-08-09,CAMP0016,Email,105441,1135,161,10,364.51
2018-04-08,CAMP0005,Affiliate,82537,7313,882,96,1734.53
2018-03-24,CAMP0018,Instagram,50537,4207,208,48,1092.99
2017-10-27,CAMP0006,Organic,101835,1526,105,13,186.16
2017-06-10,CAMP0015,Instagram,16831,650,51,17,1154.0
2017-03-25,CAMP0002,Facebook,10812,451,13,3,1875.75
2018-02-28,CAMP0021,Referral,28971,3953,391,49,136.96
2017-09-10,CAMP0010,Affiliate,9761,483,28,6,915.4
2017-12-29,CAMP0026,Affiliate,25802,1756,110,25,339.45
2018-05-13,CAMP0025,Referral,109384,3269,194,63,286.56
2018-01-23,CAMP0024,Organic,114077,2146,355,26,134.29
2017-05-14,CAMP0029,Organic,108987,5060,527,171,1465.85
2017-11-23,CAMP0022,Referral,59757,7854,243,78,920.98
2018-02-04,CAMP0004,Instagram,36204,754,84,14,921.79
2018-05-05,CAMP0025,Referral,108354,11748,640,220,199.27
2017-10-21,CAMP0006,Organic,60872,8961,550,44,78.52
2017-08-22,CAMP0010,Affiliate,117026,3571,239,38,432.21
2017-09-26,CAMP0012,Organic,50404,6492,556,106,81.7
2017-11-13,CAMP0022,Referral,102776,8265,475,108,678.25
2018-04-12,CAMP0003,Facebook,24792,2704,82,20,148.4
2017-10-20,CAMP0006,Organic,31067,660,64,4,221.81
2018-03-06,CAMP0021,Referral,55366,7941,871,163,105.27
2017-08-16,CAMP0028,Facebook,114840,10524,942,53,676.91
2017-11-25,CAMP0022,Referral,40051,619,75,6,379.67
2017-06-03,CAMP0015,Instagram,85226,7524,686,55,271.99
2018-04-14,CAMP0003,Facebook,88472,10464,1766,507,1898.32
2018-05-06,CAMP0014,Organic,47401,5938,515,65,436.4
2017-08-11,CAMP0023,Facebook,90505,13224,661,128,692.36
2017-03-15,CAMP0002,Facebook,26807,827,141,10,875.17
2017-07-31,CAMP0027,Affiliate,83340,8400,399,24,1258.41
2017-06-10,CAMP0008,Instagram,102120,12205,1360,381,1750.77
2017-04-17,CAMP0019,Google Search,17293,2080,365,116,1171.64
2017-10-05,CAMP0012,Organic,42928,2585,138,46,1581.03
2018-04-04,CAMP0020,Google Search,115579,10840,1656,195,1915.76
2018-03-11,CAMP0020,Google Search,8792,460,69,15,105.98
2018-05-15,CAMP0025,Referral,27329,3251,463,36,612.79
2017-11-17,CAMP0011,Referral,19735,1354,41,9,1765.05
2018-01-20,CAMP0004,Instagram,50689,579,62,18,248.92
2017-06-03,CAMP0030,Affiliate,26058,2994,119,32,193.83
2018-01-26,CAMP0004,Instagram,68770,7440,1185,404,1907.47
2017-04-29,CAMP0019,Google Search,96003,9185,1270,229,672.72
2018-03-01,CAMP0018,Instagram,12298,1133,97,24,667.97
2017-08-21,CAMP0028,Facebook,30274,3669,439,81,1796.14
2017-05-05,CAMP0029,Organic,35545,1857,140,26,665.55
2017-12-08,CAMP0022,Referral,51202,6234,1085,286,217.46
2018-01-02,CAMP0013,Affiliate,91808,7172,667,56,1846.87
2018-04-06,CAMP0003,Facebook,115916,8439,838,230,1601.05
2017-09-21,CAMP0012,Organic,56934,3766,223,69,300.78
2017-09-19,CAMP0001,Affiliate,23322,2446,241,62,1884.2
2018-02-13,CAMP0004,Instagram,24198,1884,219,73,1850.03
2017-11-30,CAMP0022,Referral,85162,5723,416,65,484.37
2018-03-22,CAMP0005,Affiliate,83789,2220,138,7,1610.83
2018-02-12,CAMP0024,Organic,21707,561,86,21,363.23
2018-05-14,CAMP0025,Referral,50052,765,104,35,247.69
2017-05-25,CAMP0015,Instagram,110819,8683,1362,427,847.3
2017-08-08,CAMP0016,Email,5291,669,22,5,319.8
2018-03-12,CAMP0021,Referral,48885,3708,298,83,371.43
2018-05-05,CAMP0025,Referral,40145,2043,343,117,388.52
2017-06-13,CAMP0008,Instagram,38318,5248,459,95,1142.66
2018-01-22,CAMP0024,Organic,107674,2260,276,91,677.03
2017-11-17,CAMP0011,Referral,66881,1248,126,30,323.14
2017-05-12,CAMP0029,Organic,5702,708,113,5,1138.04
2018-05-01,CAMP0025,Referral,84417,11507,1675,326,1326.22
2018-04-19,CAMP0014,Organic,105532,5651,650,169,1299.45
2017-05-26,CAMP0030,Affiliate,52173,5939,795,130,1493.89
2018-01-25,CAMP0004,Instagram,15784,1330,115,14,910.09
2017-01-23,CAMP0009,Google Search,81473,2804,353,109,1795.94
2017-12-31,CAMP0026,Affiliate,69187,1217,122,36,1295.5
2017-08-15,CAMP0016,Email,83401,9493,1127,190,899.93
2017-06-13,CAMP0008,Instagram,105851,1130,190,20,1149.92
2018-04-20,CAMP0025,Referral,45299,6368,827,76,1886.32
2018-01-04,CAMP0013,Affiliate,76954,3853,465,134,979.6
2017-06-08,CAMP0015,Instagram,50905,1257,93,19,233.15
2017-10-08,CAMP0012,Organic,97213,3826,128,32,67.69
2018-03-09,CAMP0020,Google Search,40070,1472,153,23,164.08
2017-09-21,CAMP0012,Organic,47478,6085,441,126,93.94
2017-07-30,CAMP0016,Email,53347,2697,457,113,1647.56
2017-04-20,CAMP0029,Organic,54502,4003,196,63,1206.57
2017-08-12,CAMP0023,Facebook,78399,6029,820,153,1151.53
2017-10-31,CAMP0006,Organic,64587,8580,726,210,1782.61
2018-02-11,CAMP0004,Instagram,93431,1619,192,23,447.05
2018-05-17,CAMP0017,Email,66248,8727,686,148,672.92
2017-05-25,CAMP0015,Instagram,114519,3505,399,57,1266.95
2017-11-06,CAMP0011,Referral,33064,2053,196,28,387.83
2017-08-30,CAMP0010,Affiliate,52687,959,85,14,1105.26
2017-06-09,CAMP0008,Instagram,30563,1362,76,21,1184.72
2017-06-10,CAMP0030,Affiliate,111915,14585,2226,683,1882.33
2017-08-17,CAMP0027,Affiliate,27198,3291,559,28,1698.21
2017-08-10,CAMP0028,Facebook,54447,1778,294,99,1718.23
2017-09-19,CAMP0001,Affiliate,8960,833,46,4,728.05
2017-09-04,CAMP0023,Facebook,43168,2293,99,31,1576.43
2017-08-14,CAMP0028,Facebook,37018,5494,321,52,334.56
2018-04-04,CAMP0003,Facebook,31677,2530,417,121,679.4
2017-08-22,CAMP0028,Facebook,113637,11986,1732,357,405.35
2017-08-29,CAMP0010,Affiliate,106986,12162,729,170,1663.34
2017-09-02,CAMP0023,Facebook,73381,2137,209,67,539.28
2017-10-27,CAMP0006,Organic,96277,4065,342,107,1642.31
2017-08-13,CAMP0016,Email,113766,6513,230,60,1972.63
2017-09-25,CAMP0012,Organic,115946,9768,1023,85,1713.39
2017-01-03,CAMP0007,Email,105986,14685,1817,202,1094.57
2018-01-01,CAMP0026,Affiliate,32398,363,29,1,1822.85
2017-08-07,CAMP0027,Affiliate,78239,1852,187,16,632.34
2018-04-14,CAMP0014,Organic,90060,13043,1372,411,1580.91
2017-04-10,CAMP0019,Google Search,97440,8983,938,246,849.68
2017-11-06,CAMP0011,Referral,73539,9373,1229,84,1826.76
2017-04-07,CAMP0029,Organic,68557,9785,1488,402,1240.08
2018-04-22,CAMP0014,Organic,96990,12463,621,85,1183.97
2017-07-28,CAMP0016,Email,75295,9628,1265,436,1869.2
2017-01-13,CAMP0009,Google Search,39417,2095,219,62,265.95
2018-03-01,CAMP0021,Referral,23282,638,109,37,1056.67
2017-10-01,CAMP0012,Organic,10490,979,156,50,209.53
2017-08-28,CAMP0023,Facebook,78579,1972,73,16,721.83
2017-04-30,CAMP0019,Google Search,48576,3271,241,40,1340.38
2017-04-28,CAMP0029,Organic,45121,5698,1014,201,1069.29
2017-12-02,CAMP0022,Referral,85637,3297,359,98,1875.0
2017-05-07,CAMP0029,Organic,8387,1069,186,12,361.41
2017-09-21,CAMP0001,Affiliate,101807,5662,866,61,218.32
2018-04-15,CAMP0014,Organic,34806,3314,413,75,706.51
2018-04-12,CAMP0003,Facebook,85183,8834,1395,332,850.8
2017-05-22,CAMP0030,Affiliate,118970,7843,1254,389,894.31
2017-03-19,CAMP0002,Facebook,52508,4033,334,28,583.25
2018-01-17,CAMP0004,Instagram,47019,6138,408,115,1596.68
2018-04-02,CAMP0003,Facebook,105064,7759,1138,78,1328.55
2018-03-02,CAMP0021,Referral,105002,1783,235,72,336.47
2018-04-25,CAMP0025,Referral,13962,1155,152,49,1296.96
2017-08-21,CAMP0027,Affiliate,34206,3248,447,99,1322.83
2017-08-02,CAMP0028,Facebook,109741,14842,903,69,1634.85
2018-04-11,CAMP0014,Organic,14242,1594,192,26,1513.99
2018-03-30,CAMP0005,Affiliate,17140,2512,287,27,1061.43
2017-11-16,CAMP0011,Referral,112695,15986,2016,437,1984.37
2018-01-23,CAMP0024,Organic,65321,1981,156,17,407.4
2017-07-27,CAMP0027,Affiliate,99907,13728,587,93,1791.32
2018-03-11,CAMP0021,Referral,91507,13569,1253,409,88.37
2018-04-16,CAMP0014,Organic,39396,4574,183,31,626.65
2018-04-26,CAMP0017,Email,11066,1040,122,21,943.24
2017-01-03,CAMP0007,Email,77681,2018,191,52,583.47
2017-10-04,CAMP0012,Organic,43645,6416,1027,290,313.87
2018-04-28,CAMP0014,Organic,41062,1930,98,22,420.84
2018-01-14,CAMP0013,Affiliate,77470,9039,357,74,1394.92
2017-04-05,CAMP0029,Organic,42018,3050,404,126,116.91
2018-01-04,CAMP0026,Affiliate,95044,11285,1682,252,215.66
2017-10-09,CAMP0012,Organic,22746,1250,216,50,1375.76
2017-04-13,CAMP0029,Organic,66591,8906,1501,169,1230.5
2018-05-11,CAMP0025,Referral,15397,746,108,16,1438.41
2018-05-05,CAMP0017,Email,115205,7670,442,131,316.85
2017-03-13,CAMP0002,Facebook,95306,12950,1879,136,1650.32
2017-04-10,CAMP0019,Google Search,112612,10520,1151,227,698.78
2018-03-04,CAMP0021,Referral,69595,5522,512,60,1017.3
2017-10-30,CAMP0006,Organic,100640,1426,144,30,1279.05
2018-01-15,CAMP0013,Affiliate,103227,7103,384,49,166.74
2018-05-11,CAMP0025,Referral,95238,12503,1621,521,781.86
2017-10-31,CAMP0006,Organic,52583,4156,321,93,205.64
2017-02-06,CAMP0009,Google Search,51156,4520,758,247,578.84
2017-08-07,CAMP0016,Email,79287,9765,991,286,1995.67
2017-08-22,CAMP0027,Affiliate,63070,2800,84,21,1488.65
2018-03-16,CAMP0018,Instagram,75128,6591,1023,116,764.0
2018-03-30,CAMP0018,Instagram,113677,5589,505,76,227.91
2018-03-29,CAMP0005,Affiliate,118417,3201,169,42,1438.95
2018-05-02,CAMP0017,Email,5649,132,7,2,1244.09
2017-11-10,CAMP0011,Referral,96593,1129,92,11,1207.69
2017-05-30,CAMP0015,Instagram,76856,8330,1214,320,346.09
2018-03-07,CAMP0021,Referral,7780,970,153,41,1867.58
2017-05-04,CAMP0019,Google Search,108214,15871,1632,189,1881.43
2018-05-12,CAMP0014,Organic,25564,2450,93,5,227.08
2018-05-25,CAMP0025,Referral,61963,739,130,11,1876.73
2017-05-26,CAMP0030,Affiliate,21497,1729,257,18,555.56
2017-10-11,CAMP0012,Organic,112083,16135,880,223,870.04
2017-11-10,CAMP0011,Referral,85465,8004,326,89,371.34
2017-06-18,CAMP0008,Instagram,86801,8429,937,325,171.39
2018-01-25,CAMP0004,Instagram,25613,3711,421,66,1446.95
2017-12-06,CAMP0022,Referral,108327,12318,1468,148,137.55
2017-05-23,CAMP0015,Instagram,41115,2154,102,12,1825.92
2018-03-13,CAMP0021,Referral,57871,4386,571,47,1143.73
2017-10-10,CAMP0012,Organic,72916,6202,998,311,1579.1
2018-03-24,CAMP0018,Instagram,80576,7181,1182,73,1306.36
2017-06-19,CAMP0008,Instagram,86151,12856,1467,231,1546.07
2017-08-17,CAMP0028,Facebook,103506,9957,1625,360,1905.88
2017-08-02,CAMP0028,Facebook,12779,131,6,1,1068.9
2017-11-02,CAMP0006,Organic,114956,9429,756,123,1673.81
2017-12-17,CAMP0026,Affiliate,72275,7896,565,83,272.19
2017-11-02,CAMP0006,Organic,78208,1511,121,19,1433.0
2018-04-12,CAMP0018,Instagram,52775,5416,903,71,154.42
2018-03-21,CAMP0018,Instagram,22070,1029,122,14,1045.69
2017-04-29,CAMP0019,Google Search,16315,1656,89,28,187.35
2017-11-13,CAMP0011,Referral,53934,5447,683,217,1271.39
2018-03-10,CAMP0021,Referral,22520,2352,275,69,1221.03
2017-12-28,CAMP0013,Affiliate,74484,10658,1184,147,995.64
2017-08-17,CAMP0028,Facebook,33156,1244,166,21,365.16
2017-10-12,CAMP0012,Organic,68579,6279,337,77,1497.43
2017-10-05,CAMP0012,Organic,77760,7034,214,43,1690.92
2017-08-25,CAMP0010,Affiliate,56786,4860,692,64,1378.88
2017-06-13,CAMP0008,Instagram,116772,12267,1425,238,1001.38
2017-11-02,CAMP0006,Organic,102342,2258,293,61,1827.41
2017-01-19,CAMP0009,Google Search,53348,3401,380,22,1903.1
2017-08-23,CAMP0027,Affiliate,7202,211,33,3,332.36
2017-01-19,CAMP0009,Google Search,68744,8912,805,240,1922.5
2017-08-09,CAMP0016,Email,111798,4627,299,64,1701.17
2017-12-28,CAMP0013,Affiliate,17657,1672,67,5,379.43
2017-11-06,CAMP0011,Referral,49655,1899,268,93,741.65
2018-03-16,CAMP0005,Affiliate,102545,10160,1305,405,1194.01
2018-03-28,CAMP0018,Instagram,81105,2562,404,21,510.06
2018-05-11,CAMP0025,Referral,9248,462,15,3,236.22
2017-03-18,CAMP0002,Facebook,41139,1104,46,15,1897.6
2018-05-02,CAMP0025,Referral,12264,1755,205,68,536.69
2018-01-07,CAMP0013,Affiliate,89083,7782,634,115,1164.3
2017-06-04,CAMP0008,Instagram,7961,741,81,20,1328.04
2017-02-06,CAMP0009,Google Search,26246,3878,354,85,784.34
2017-11-12,CAMP0011,Referral,92672,12057,1529,376,587.82
2018-04-05,CAMP0020,Google Search,41845,4267,672,218,1587.7
2017-08-30,CAMP0010,Affiliate,92330,9854,825,45,812.93
2017-05-29,CAMP0015,Instagram,57696,7536,830,53,803.9
2018-02-22,CAMP0024,Organic,60841,8996,1183,413,333.86
2018-02-13,CAMP0004,Instagram,93808,5661,523,153,1957.15
2018-04-03,CAMP0020,Google Search,45727,6591,978,193,1610.88
2018-05-07,CAMP0025,Referral,28755,1583,243,64,1516.14
2017-12-27,CAMP0026,Affiliate,51361,1190,203,50,66.84
2017-12-19,CAMP0026,Affiliate,112945,7615,453,133,625.74
2017-09-22,CAMP0012,Organic,90767,1986,256,65,1534.59
2017-08-17,CAMP0028,Facebook,21161,1155,132,20,1861.73
2017-05-05,CAMP0029,Organic,91034,9290,712,221,1180.78
2017-04-29,CAMP0019,Google Search,10339,798,112,35,1634.69
2018-04-06,CAMP0018,Instagram,117623,4956,522,28,1712.79
2017-03-20,CAMP0002,Facebook,24096,2923,215,60,1101.33
2018-04-14,CAMP0003,Facebook,74312,3529,454,93,971.68
2018-05-06,CAMP0014,Organic,90397,8925,871,54,288.0
2017-01-17,CAMP0009,Google Search,111518,15075,1041,279,1559.75
2017-03-26,CAMP0002,Facebook,10378,1032,172,53,561.32
2018-04-28,CAMP0025,Referral,7741,873,90,7,1828.09
2018-04-05,CAMP0020,Google Search,16712,394,65,20,499.87
2018-05-12,CAMP0025,Referral,23205,270,18,2,1350.67
2018-04-05,CAMP0020,Google Search,81747,9012,1606,206,1636.69
2017-01-23,CAMP0007,Email,56286,5261,446,112,1227.66
2017-09-08,CAMP0010,Affiliate,53446,7554,1258,367,1957.28
2018-04-17,CAMP0025,Referral,115244,15854,710,221,1920.27
2018-03-12,CAMP0021,Referral,84131,870,108,23,1956.02
2017-06-09,CAMP0030,Affiliate,27994,2227,351,51,1292.03
2017-05-11,CAMP0029,Organic,31963,1964,169,48,114.89
2017-08-12,CAMP0028,Facebook,108583,2322,254,25,1910.02
2017-02-03,CAMP0009,Google Search,27640,1586,130,30,1110.02
2017-01-16,CAMP0007,Email,53450,4362,664,110,638.18
2018-03-02,CAMP0021,Referral,45168,5007,548,111,1316.79
2018-03-21,CAMP0005,Affiliate,99639,1692,239,32,309.48
2018-03-16,CAMP0018,Instagram,111973,5485,460,62,442.12
2017-03-19,CAMP0002,Facebook,72932,4670,821,279,536.84
2017-07-30,CAMP0027,Affiliate,100749,12809,951,290,1485.17
2017-09-07,CAMP0010,Affiliate,67408,8596,1305,391,1827.16
2017-12-24,CAMP0026,Affiliate,53026,1536,195,9,1123.84
2017-09-24,CAMP0012,Organic,68432,4817,384,91,672.46
2017-01-08,CAMP0007,Email,117637,11443,2005,497,361.11
2017-06-08,CAMP0030,Affiliate,101520,14705,978,228,979.75
2017-09-08,CAMP0023,Facebook,62572,6676,578,138,1756.97
2017-04-30,CAMP0019,Google Search,8213,890,43,5,53.28
2018-01-03,CAMP0026,Affiliate,27180,3417,333,48,421.26
2018-04-30,CAMP0014,Organic,99608,14554,2276,779,1619.51
2018-02-19,CAMP0004,Instagram,9392,713,37,6,678.8
2017-08-10,CAMP0023,Facebook,112375,15076,2541,181,1191.86
2018-03-11,CAMP0021,Referral,67597,7522,1091,83,435.77
2018-04-08,CAMP0005,Affiliate,104363,5913,796,224,1795.3
2018-03-06,CAMP0021,Referral,49735,3397,221,38,1336.99
2017-09-11,CAMP0001,Affiliate,13469,2004,90,16,423.87
2017-05-26,CAMP0015,Instagram,85202,5231,213,42,937.44
2018-03-16,CAMP0005,Affiliate,102457,1336,120,9,869.27
2017-08-14,CAMP0016,Email,92716,10484,330,64,397.99
2018-02-17,CAMP0024,Organic,107330,6561,442,83,122.23
2018-03-27,CAMP0005,Affiliate,102901,13284,1692,400,774.95
2018-01-04,CAMP0026,Affiliate,109450,11333,1555,400,250.65
2017-11-16,CAMP0022,Referral,11793,775,134,30,184.79
2017-08-04,CAMP0016,Email,22430,2052,299,44,740.28
2017-11-05,CAMP0011,Referral,64785,8521,1194,187,1030.58
2018-05-07,CAMP0017,Email,36511,3329,416,80,1918.06
2018-01-13,CAMP0004,Instagram,57792,6195,965,178,1579.52
2017-01-26,CAMP0009,Google Search,104720,1773,162,17,589.74
2017-09-01,CAMP0010,Affiliate,95188,9606,846,256,731.85
2017-03-25,CAMP0002,Facebook,68296,4981,866,145,810.39
2017-12-17,CAMP0026,Affiliate,24060,1766,141,28,1658.52
2017-01-14,CAMP0009,Google Search,99748,11732,1858,441,1069.79
2017-11-07,CAMP0022,Referral,110481,5350,434,79,1467.46
2017-06-16,CAMP0008,Instagram,16732,2509,166,57,1622.55
2017-04-14,CAMP0019,Google Search,86565,1037,151,24,1438.26
2017-06-09,CAMP0030,Affiliate,33271,1532,162,27,1182.58
2018-02-10,CAMP0004,Instagram,90917,11995,1549,462,209.23
2017-11-01,CAMP0006,Organic,55196,3015,367,100,713.41
2018-05-01,CAMP0003,Facebook,74051,1554,194,55,1656.58
2018-01-06,CAMP0013,Affiliate,73324,2608,280,82,1782.66
2017-01-10,CAMP0007,Email,30760,2511,317,50,1806.37
2017-09-06,CAMP0010,Affiliate,95186,1729,163,27,1147.27
2017-09-09,CAMP0010,Affiliate,78049,1034,51,2,1129.74
2017-04-04,CAMP0019,Google Search,84342,7932,1012,266,1433.05
2018-03-14,CAMP0020,Google Search,118565,6335,672,170,1490.14
2017-01-25,CAMP0007,Email,36138,1946,341,17,1548.62
2017-08-08,CAMP0027,Affiliate,51294,5490,924,149,827.74
2018-03-13,CAMP0021,Referral,45843,3524,176,53,392.55
2017-05-06,CAMP0019,Google Search,107961,9707,819,210,752.93
2017-08-16,CAMP0023,Facebook,51809,3914,335,24,352.61
2018-03-07,CAMP0021,Referral,29347,3098,387,131,1481.89
2017-10-23,CAMP0006,Organic,28132,1325,98,27,764.38
2018-02-04,CAMP0024,Organic,41263,3671,600,128,91.43
2017-04-05,CAMP0019,Google Search,36845,4214,497,100,153.08
2017-04-27,CAMP0019,Google Search,19541,2736,90,8,351.9
2017-08-16,CAMP0028,Facebook,86707,7658,494,35,748.88
2017-01-03,CAMP0007,Email,23660,2841,322,17,467.2
2017-11-14,CAMP0011,Referral,48190,6947,610,103,1944.09
2017-11-15,CAMP0011,Referral,100921,7129,538,130,1488.63
2017-08-09,CAMP0016,Email,91443,6123,510,155,1555.38
2017-11-12,CAMP0011,Referral,41681,2979,153,20,616.71
2018-03-08,CAMP0020,Google Search,72376,2945,458,153,829.13
2018-03-31,CAMP0020,Google Search,38344,2505,265,36,123.13
2018-04-30,CAMP0017,Email,38294,1523,123,12,345.51
2018-01-12,CAMP0013,Affiliate,63997,4101,180,33,788.07
2017-12-16,CAMP0026,Affiliate,93937,12712,903,306,1236.63
2017-11-14,CAMP0022,Referral,109094,1591,210,16,1017.56
2017-09-16,CAMP0001,Affiliate,100607,8287,1237,218,990.72
2017-09-10,CAMP0001,Affiliate,85086,10854,1804,446,916.24
2018-04-26,CAMP0017,Email,52487,5503,382,49,303.29
2017-08-10,CAMP0027,Affiliate,57197,4212,610,61,1775.84
2017-05-15,CAMP0029,Organic,5513,424,30,9,441.52
2017-11-17,CAMP0011,Referral,75423,9459,1698,532,836.62
2017-08-13,CAMP0023,Facebook,114791,2640,470,126,70.97
2017-07-24,CAMP0016,Email,101974,11185,1943,394,965.44
2018-03-15,CAMP0020,Google Search,11282,835,115,15,1177.48
2017-04-04,CAMP0002,Facebook,32123,635,84,24,913.39
2018-03-08,CAMP0021,Referral,68546,10160,1005,286,457.24
2017-09-08,CAMP0010,Affiliate,84547,1177,210,21,266.54
2017-08-19,CAMP0027,Affiliate,79733,5572,537,85,1112.88
2017-08-13,CAMP0028,Facebook,101969,2774,155,51,988.03
2018-05-01,CAMP0017,Email,81607,1155,104,19,733.72
2017-09-05,CAMP0010,Affiliate,105655,11982,1425,435,615.37
2018-04-10,CAMP0005,Affiliate,75681,3051,515,52,1521.17
2018-05-15,CAMP0014,Organic,79930,1152,170,29,582.28
2017-10-19,CAMP0006,Organic,72722,1100,34,5,1367.62
2018-04-25,CAMP0014,Organic,79115,2048,322,110,1523.27
2017-09-21,CAMP0001,Affiliate,90415,13280,788,121,275.39
2017-08-16,CAMP0023,Facebook,70340,3515,603,192,272.7
2017-04-03,CAMP0019,Google Search,9672,178,28,1,1389.24
2017-08-19,CAMP0016,Email,32067,750,30,1,1634.93
2018-05-03,CAMP0025,Referral,67359,8386,1285,330,216.49
2018-04-12,CAMP0014,Organic,67936,9111,1150,335,1851.42
2018-02-13,CAMP0024,Organic,90224,7595,1285,235,443.26
2018-05-14,CAMP0017,Email,57324,2365,384,23,1896.22
2017-08-14,CAMP0023,Facebook,36452,4732,358,53,1208.16
2018-03-08,CAMP0021,Referral,58739,3368,485,88,922.66
2018-05-08,CAMP0017,Email,21685,971,134,37,1697.3
2017-11-08,CAMP0022,Referral,90063,9928,798,254,1582.15
2017-12-15,CAMP0026,Affiliate,110562,14206,1759,530,1786.69
2017-09-17,CAMP0001,Affiliate,36070,375,42,14,335.72
2017-06-05,CAMP0030,Affiliate,40711,4891,788,254,508.47
2017-04-25,CAMP0029,Organic,97231,3481,535,179,419.54
2017-08-24,CAMP0016,Email,101894,7250,979,160,405.6
2017-08-22,CAMP0027,Affiliate,16810,2285,204,47,1013.16
2018-05-11,CAMP0017,Email,30288,627,111,29,1985.24
2017-08-14,CAMP0027,Affiliate,19997,1449,93,30,1946.36
2017-06-10,CAMP0030,Affiliate,20353,2868,379,42,922.43
2017-09-13,CAMP0010,Affiliate,74249,895,49,7,793.32
2017-11-15,CAMP0011,Referral,30848,844,47,14,579.08
2018-03-04,CAMP0020,Google Search,94364,7846,1078,65,1534.05
2017-08-14,CAMP0028,Facebook,18335,1821,240,54,1170.09
2018-03-13,CAMP0021,Referral,11090,510,51,9,1842.67
2018-05-23,CAMP0025,Referral,103688,10544,1110,314,1551.67
2017-01-24,CAMP0007,Email,51655,1849,117,34,604.17
2017-06-05,CAMP0015,Instagram,55703,7331,1010,312,306.87
2017-03-22,CAMP0002,Facebook,78197,5980,534,106,901.23
2017-09-13,CAMP0001,Affiliate,79891,9602,1232,187,1991.1
2017-10-16,CAMP0006,Organic,26155,651,27,2,77.19
2018-01-12,CAMP0004,Instagram,100126,4659,406,50,1779.08
2017-02-03,CAMP0007,Email,113618,14251,2267,243,439.19
2017-08-09,CAMP0016,Email,28934,3751,123,39,1170.06
2017-08-25,CAMP0028,Facebook,55300,4455,752,249,492.31
2017-12-11,CAMP0022,Referral,46596,1130,184,29,316.79
2018-04-15,CAMP0025,Referral,41782,3310,568,128,417.65
2017-05-24,CAMP0015,Instagram,84426,10188,945,98,550.53
2017-03-25,CAMP0002,Facebook,17149,2106,350,55,1591.18
2017-06-07,CAMP0008,Instagram,66890,1778,289,71,1114.74
2017-08-31,CAMP0010,Affiliate,101786,12010,2077,705,1772.41
2017-11-05,CAMP0011,Referral,116652,14662,1957,289,127.71
2017-11-12,CAMP0011,Referral,107011,2850,234,44,1335.49
2018-05-15,CAMP0017,Email,25564,334,17,4,896.16
2017-04-12,CAMP0019,Google Search,96201,5308,463,38,1398.65
2017-05-30,CAMP0030,Affiliate,115474,3474,471,61,676.33
2018-05-24,CAMP0017,Email,83978,6868,639,184,1253.14
2017-08-01,CAMP0028,Facebook,99607,8114,893,55,256.11
2018-03-16,CAMP0020,Google Search,30936,1860,61,15,1348.58
2017-08-25,CAMP0023,Facebook,39269,4657,422,55,901.92
2017-08-16,CAMP0028,Facebook,91302,11870,1999,380,112.39
2017-05-22,CAMP0015,Instagram,117176,1967,114,7,949.78
2017-08-18,CAMP0028,Facebook,90466,8715,880,154,1273.95
2017-04-23,CAMP0029,Organic,23250,1203,74,14,1644.55
2017-09-20,CAMP0001,Affiliate,106308,5792,497,144,1191.52
2017-08-10,CAMP0027,Affiliate,11281,1077,116,12,301.8
2018-05-13,CAMP0025,Referral,26608,1906,77,8,568.31
2017-09-12,CAMP0001,Affiliate,8431,379,36,6,977.97
2017-04-11,CAMP0019,Google Search,29331,3384,145,9,1804.7
2017-05-31,CAMP0015,Instagram,41827,3772,516,25,181.88
2017-06-10,CAMP0030,Affiliate,11286,211,21,5,1588.16
2018-03-26,CAMP0005,Affiliate,13886,560,28,6,72.17
2018-01-25,CAMP0004,Instagram,116121,12983,545,123,1189.93
2017-01-22,CAMP0007,Email,114113,13980,659,229,970.3
2017-09-02,CAMP0023,Facebook,22859,917,44,8,533.64
2017-10-08,CAMP0012,Organic,51333,5958,1040,242,1075.45
2018-03-26,CAMP0020,Google Search,92885,6945,720,148,844.96
2017-12-30,CAMP0026,Affiliate,80298,9017,1010,162,685.33
2017-11-09,CAMP0011,Referral,84978,10558,1740,498,1668.17
2017-12-19,CAMP0026,Affiliate,96970,8120,567,158,1958.58
2017-09-21,CAMP0001,Affiliate,22549,2611,135,22,642.08
2018-03-21,CAMP0005,Affiliate,42525,960,163,49,393.92
2018-04-08,CAMP0003,Facebook,103443,4669,521,97,174.69
2017-12-16,CAMP0026,Affiliate,116515,3806,443,86,1247.22
2017-05-25,CAMP0015,Instagram,22551,249,18,2,626.87
2018-04-01,CAMP0020,Google Search,76004,7115,1152,70,695.18
2017-04-21,CAMP0019,Google Search,107733,8500,417,71,82.89
2018-02-07,CAMP0004,Instagram,16242,1691,101,19,896.07
2017-08-03,CAMP0027,Affiliate,7673,609,86,10,59.1
2018-04-28,CAMP0017,Email,29895,2799,206,21,1483.66
2017-08-22,CAMP0023,Facebook,15339,1579,258,28,645.35
2017-09-30,CAMP0012,Organic,98378,989,100,16,1267.25
2018-03-09,CAMP0021,Referral,13280,666,47,6,1487.97
2017-12-01,CAMP0022,Referral,31347,2534,451,48,118.57
2017-01-18,CAMP0009,Google Search,48798,6356,983,161,290.29
2018-04-21,CAMP0005,Affiliate,56667,6885,782,132,1282.2
2017-09-18,CAMP0001,Affiliate,70533,2470,388,33,1984.52
2017-09-24,CAMP0012,Organic,70705,4072,398,32,489.03
2017-07-28,CAMP0027,Affiliate,36146,4722,488,151,1487.41
2017-08-17,CAMP0028,Facebook,83079,4461,140,47,492.37
2018-03-01,CAMP0021,Referral,88107,5925,707,58,632.96
2018-04-12,CAMP0003,Facebook,20124,1408,220,47,313.38
2018-05-02,CAMP0003,Facebook,78274,8988,1583,376,1715.55
2018-05-21,CAMP0017,Email,13091,1279,212,57,1041.23
2017-10-02,CAMP0012,Organic,57999,3782,473,52,1163.18
2018-03-10,CAMP0021,Referral,80037,8070,828,57,862.31
2017-12-30,CAMP0026,Affiliate,8742,1271,98,18,1092.15
2018-02-06,CAMP0024,Organic,92860,1669,69,14,1722.73
2018-03-02,CAMP0021,Referral,6285,209,33,5,1006.1
2018-01-03,CAMP0013,Affiliate,72288,9662,1533,435,1570.67
2017-11-10,CAMP0022,Referral,44783,5536,556,170,1573.05
2018-01-12,CAMP0013,Affiliate,92466,6307,255,85,258.77
2017-11-16,CAMP0011,Referral,86238,12194,646,66,1592.57
2018-05-07,CAMP0025,Referral,108536,1935,88,7,1311.01
2017-09-13,CAMP0010,Affiliate,55364,8031,1221,285,1628.76
2017-04-30,CAMP0029,Organic,90794,2545,224,59,628.07
2017-04-26,CAMP0029,Organic,104709,12142,1967,184,1052.09
2017-01-17,CAMP0009,Google Search,108660,5783,425,139,1099.2
2017-09-22,CAMP0001,Affiliate,38030,5292,660,83,361.59
2017-10-27,CAMP0006,Organic,45483,561,99,32,1239.81
2018-01-04,CAMP0013,Affiliate,59790,4747,191,39,1433.29
2017-01-28,CAMP0007,Email,106031,13305,620,182,1301.34
2018-05-24,CAMP0017,Email,118116,17249,1195,287,1051.3
2018-04-17,CAMP0003,Facebook,11021,1604,249,49,1521.62
2017-09-07,CAMP0023,Facebook,50644,6976,1047,211,1157.15
2017-12-03,CAMP0022,Referral,13191,912,97,22,1949.51
2017-08-20,CAMP0010,Affiliate,32072,2492,433,29,347.68
2017-05-20,CAMP0015,Instagram,108977,7634,374,22,204.23
2017-08-18,CAMP0028,Facebook,106112,9651,1624,138,663.55
2017-06-03,CAMP0030,Affiliate,7805,961,54,7,868.13
2017-01-25,CAMP0009,Google Search,15688,821,82,23,1824.8
2018-04-21,CAMP0003,Facebook,18813,1389,67,11,1700.3
2017-09-14,CAMP0001,Affiliate,69041,1729,223,63,1211.86
2018-04-12,CAMP0003,Facebook,57464,1405,252,63,1928.68
2017-12-25,CAMP0026,Affiliate,75074,10121,1266,147,1914.33
2018-05-09,CAMP0025,Referral,34863,352,41,7,1310.83
2017-07-30,CAMP0027,Affiliate,48695,4814,434,72,833.97
2017-11-09,CAMP0022,Referral,91512,8170,1011,201,1238.96
2017-09-19,CAMP0001,Affiliate,17753,1194,71,18,444.35
2017-07-28,CAMP0027,Affiliate,36282,4840,642,213,1023.94
2017-03-16,CAMP0002,Facebook,105258,15501,1378,368,92.67
2017-01-05,CAMP0007,Email,109575,4364,157,49,1225.32
2017-05-26,CAMP0030,Affiliate,6006,185,9,1,1168.12
2017-07-31,CAMP0016,Email,58296,2170,115,32,1323.36
2017-08-16,CAMP0027,Affiliate,96507,2141,318,92,355.9
2017-08-27,CAMP0010,Affiliate,51507,6273,982,163,1837.81
2017-08-17,CAMP0028,Facebook,93518,12257,786,61,64.72
2018-01-02,CAMP0026,Affiliate,19705,1738,253,19,1762.81
2018-04-12,CAMP0018,Instagram,7916,983,50,5,936.42
2018-02-10,CAMP0024,Organic,39617,2798,263,52,400.73
2017-09-08,CAMP0023,Facebook,6873,888,133,20,1469.17
2018-02-18,CAMP0024,Organic,108771,3283,162,21,831.14
2017-08-12,CAMP0027,Affiliate,56436,3376,435,141,1196.28
2017-01-17,CAMP0009,Google Search,35335,2760,93,20,324.95
2017-06-02,CAMP0008,Instagram,53280,817,82,4,1750.75
2018-05-14,CAMP0014,Organic,12386,593,48,5,580.65
2018-04-07,CAMP0005,Affiliate,12037,1324,198,48,1982.52
2018-05-09,CAMP0025,Referral,54474,1835,176,16,1253.13
2017-11-03,CAMP0022,Referral,33284,395,44,2,149.3
2018-05-13,CAMP0014,Organic,91219,13131,733,83,660.05
2017-10-22,CAMP0006,Organic,61730,3422,446,63,241.8
2017-12-14,CAMP0026,Affiliate,85862,7124,294,28,1744.41
2018-05-09,CAMP0017,Email,78192,4277,142,14,1805.18
2018-01-16,CAMP0004,Instagram,13209,421,49,9,535.06
2017-05-28,CAMP0030,Affiliate,62055,5941,577,70,1731.09
2018-05-15,CAMP0017,Email,108400,13675,2287,744,136.43
2017-11-05,CAMP0022,Referral,75365,3244,333,91,1460.84
2017-11-08,CAMP0011,Referral,86921,12847,1208,95,614.61
2018-05-11,CAMP0025,Referral,30380,4361,528,111,699.65
2017-06-06,CAMP0015,Instagram,78581,2147,372,101,1237.07
2017-08-22,CAMP0010,Affiliate,14462,1289,228,65,766.83
2018-04-18,CAMP0005,Affiliate,84975,12739,1505,462,1286.9
2018-01-14,CAMP0013,Affiliate,78214,3923,185,43,699.24
2018-01-21,CAMP0024,Organic,111419,5207,488,67,1072.85
2017-11-16,CAMP0011,Referral,27677,1251,97,27,846.93
2017-08-19,CAMP0016,Email,33783,990,146,16,1594.02
2017-05-02,CAMP0029,Organic,98480,10884,487,88,1975.18
2017-09-21,CAMP0001,Affiliate,94518,6840,335,63,1869.92
2017-12-25,CAMP0026,Affiliate,34480,2109,230,60,1710.85
2017-01-07,CAMP0007,Email,83426,6182,355,80,957.97
2018-05-25,CAMP0025,Referral,14185,178,14,1,835.57
2017-08-29,CAMP0010,Affiliate,68211,3266,339,90,1116.08
2018-01-23,CAMP0024,Organic,29997,4364,255,43,1090.63
2018-03-17,CAMP0018,Instagram,64672,5634,896,186,797.8
2017-05-02,CAMP0019,Google Search,18609,1682,113,20,1318.66
2018-03-26,CAMP0020,Google Search,69278,6013,571,172,1718.34
2017-04-03,CAMP0019,Google Search,116334,10205,1472,175,663.38
2018-04-04,CAMP0005,Affiliate,19614,965,49,15,1559.68
2017-04-18,CAMP0019,Google Search,60151,716,77,22,534.74
2017-08-20,CAMP0010,Affiliate,19258,2206,233,18,365.55
2018-04-01,CAMP0020,Google Search,79983,4635,345,92,767.18
2018-03-18,CAMP0018,Instagram,48630,3002,301,89,1797.73
2017-08-10,CAMP0028,Facebook,34837,2446,283,41,1186.9
2017-02-04,CAMP0009,Google Search,63916,6990,1117,123,852.29
2017-09-25,CAMP0012,Organic,35305,1193,124,12,1115.57
2017-08-22,CAMP0016,Email,45676,1913,152,37,624.12
2018-04-06,CAMP0005,Affiliate,96389,4790,474,102,1717.82
2018-05-11,CAMP0025,Referral,70755,9892,1488,431,1184.78
2018-03-01,CAMP0024,Organic,32866,4768,486,44,60.58
2017-09-15,CAMP0001,Affiliate,91585,5890,920,168,1841.23
2017-02-07,CAMP0009,Google Search,116555,13814,881,242,85.0
2017-12-28,CAMP0013,Affiliate,104129,7771,1197,107,1204.02
2017-05-27,CAMP0030,Affiliate,40705,2956,453,82,486.87
2018-02-20,CAMP0004,Instagram,102058,11942,1699,368,327.07
2017-11-09,CAMP0011,Referral,17379,2414,324,24,984.93
2017-05-05,CAMP0019,Google Search,35385,2632,384,118,543.62
2018-05-08,CAMP0014,Organic,98744,3181,402,74,382.86
2017-02-04,CAMP0009,Google Search,27868,2379,154,25,895.91
2018-04-21,CAMP0025,Referral,76069,6671,618,117,1676.96
2017-01-16,CAMP0007,Email,25118,588,83,26,257.29
2018-01-04,CAMP0026,Affiliate,34962,1966,353,90,1173.99
2017-05-06,CAMP0029,Organic,76265,7290,561,58,1556.03
2017-11-16,CAMP0022,Referral,36352,1056,31,4,76.85
2017-08-27,CAMP0023,Facebook,49879,1293,213,45,570.07
2018-01-19,CAMP0013,Affiliate,16022,1645,186,48,1084.66
2018-01-02,CAMP0026,Affiliate,53607,4302,656,90,912.7
2017-07-27,CAMP0027,Affiliate,38133,3917,506,153,338.38
2017-10-16,CAMP0006,Organic,99538,12270,1762,274,589.14
2017-04-25,CAMP0019,Google Search,79417,9321,1069,257,1118.77
2017-01-23,CAMP0009,Google Search,114723,9809,1008,185,1078.43
2017-10-18,CAMP0006,Organic,81153,1103,78,16,1173.61
2018-04-05,CAMP0018,Instagram,51036,6272,362,33,121.18
2017-11-08,CAMP0011,Referral,71624,7142,416,66,1144.69
2018-05-10,CAMP0014,Organic,110569,1850,173,28,1826.63
2018-03-25,CAMP0020,Google Search,97090,6868,231,51,1660.83
2017-08-04,CAMP0028,Facebook,44582,5416,766,51,1699.63
2018-03-16,CAMP0005,Affiliate,6128,897,51,15,729.31
2018-02-05,CAMP0004,Instagram,30320,3036,510,109,1542.67
2017-09-10,CAMP0001,Affiliate,107642,13573,1104,149,1217.47
2017-08-09,CAMP0027,Affiliate,82838,8446,1477,141,662.97
2017-01-17,CAMP0009,Google Search,99627,14647,1536,155,75.04
2017-04-09,CAMP0002,Facebook,47936,6201,631,58,148.95
2017-12-25,CAMP0026,Affiliate,15958,689,92,28,1821.88
2017-06-04,CAMP0008,Instagram,98484,12828,1536,446,1975.12
2018-05-10,CAMP0017,Email,66327,6190,430,40,889.6
2018-04-12,CAMP0014,Organic,115299,6910,263,56,366.63
2017-10-19,CAMP0006,Organic,48074,6283,628,186,1710.66
2017-04-25,CAMP0029,Organic,46191,3236,469,36,530.98
2017-06-06,CAMP0015,Instagram,91072,5581,595,186,1242.5
2017-04-05,CAMP0002,Facebook,89648,12577,1285,87,1380.6
2017-11-05,CAMP0011,Referral,96326,12813,2024,336,491.87
2017-01-15,CAMP0009,Google Search,114053,15186,980,139,178.61
2017-08-24,CAMP0028,Facebook,18976,1752,228,28,1156.56
2018-03-05,CAMP0021,Referral,56186,3110,374,65,1218.98
2017-06-07,CAMP0030,Affiliate,106794,4267,190,47,550.7
2018-03-22,CAMP0005,Affiliate,80849,5612,629,204,642.78
2017-11-05,CAMP0011,Referral,94144,5743,481,37,185.2
2017-09-25,CAMP0012,Organic,18290,1839,237,24,606.04
2018-03-19,CAMP0005,Affiliate,19618,1547,212,71,1268.65
2018-04-16,CAMP0005,Affiliate,74360,4750,458,50,708.71
2018-03-06,CAMP0021,Referral,16938,497,60,20,822.62
2018-05-22,CAMP0017,Email,110547,11005,1786,287,1905.9
2018-03-21,CAMP0018,Instagram,46015,1576,182,28,745.83
2018-03-11,CAMP0021,Referral,16435,1115,81,16,1292.08
2017-11-06,CAMP0011,Referral,78037,10453,1325,147,1955.6
2017-05-09,CAMP0029,Organic,34008,711,99,21,462.21
2017-08-25,CAMP0028,Facebook,16644,343,37,12,1840.5
2018-03-11,CAMP0021,Referral,5414,147,9,1,1167.39
2018-05-02,CAMP0025,Referral,47241,6034,741,123,577.03
2018-03-09,CAMP0021,Referral,64225,5874,837,209,363.44
2017-01-16,CAMP0009,Google Search,84705,2031,253,78,300.62
2017-05-02,CAMP0019,Google Search,70636,7335,969,185,1212.09
2017-08-10,CAMP0027,Affiliate,118984,12479,1964,574,1178.59
2018-03-04,CAMP0020,Google Search,27221,4010,701,115,1947.73
2018-01-28,CAMP0004,Instagram,88158,5765,338,25,329.01
2017-11-13,CAMP0011,Referral,25531,3519,505,153,878.62
2017-12-15,CAMP0026,Affiliate,78164,8473,381,21,610.26
2018-05-02,CAMP0014,Organic,61959,723,70,8,1590.09
2018-01-30,CAMP0024,Organic,80729,4769,760,239,324.37
2017-11-02,CAMP0006,Organic,47460,5594,280,43,1561.99
2017-09-05,CAMP0010,Affiliate,100030,1570,260,87,1501.37
2017-05-25,CAMP0015,Instagram,102767,1937,176,58,1676.49
2018-03-29,CAMP0005,Affiliate,114683,7274,1205,236,774.87
2017-09-09,CAMP0010,Affiliate,40552,869,48,15,115.21
2017-10-27,CAMP0006,Organic,24845,463,29,4,337.89
2018-03-06,CAMP0020,Google Search,57336,6532,503,40,78.07
2017-08-24,CAMP0023,Facebook,115972,8267,1361,129,1200.62
2017-04-12,CAMP0029,Organic,93770,3481,505,43,180.64
2017-05-21,CAMP0030,Affiliate,107262,9058,1628,444,1508.64
2018-02-28,CAMP0021,Referral,85246,9965,1575,483,366.28
2017-01-09,CAMP0009,Google Search,46617,1488,115,20,667.08
2018-03-10,CAMP0021,Referral,76723,11200,1571,207,1058.93
2017-04-03,CAMP0019,Google Search,9238,714,64,15,1604.85
2018-04-25,CAMP0003,Facebook,56983,3560,538,111,1037.6
2017-10-28,CAMP0006,Organic,72359,4481,755,194,353.4
2017-03-15,CAMP0002,Facebook,65985,9835,894,271,1320.15
2017-01-18,CAMP0009,Google Search,64484,8749,1044,71,312.69
2018-03-08,CAMP0021,Referral,119445,14344,1450,347,1896.26
2018-03-25,CAMP0020,Google Search,60945,2652,137,47,867.05
2017-08-01,CAMP0016,Email,59833,8183,643,151,652.44
2017-05-13,CAMP0029,Organic,89907,13158,2144,713,788.19
2017-12-25,CAMP0026,Affiliate,14002,1827,56,4,147.83
2018-04-07,CAMP0005,Affiliate,27336,3051,424,98,682.72
2018-03-06,CAMP0021,Referral,111633,15499,2407,614,1960.31
2018-03-17,CAMP0020,Google Search,55176,3238,152,41,1812.64
2018-04-11,CAMP0014,Organic,7978,541,62,11,1814.3
2017-06-07,CAMP0030,Affiliate,55672,7814,331,29,576.75
2017-11-17,CAMP0022,Referral,7826,1120,64,13,1075.45
2018-02-19,CAMP0004,Instagram,41664,5982,1043,347,1956.08
2017-10-28,CAMP0022,Referral,12102,418,29,9,517.33
2018-02-28,CAMP0021,Referral,117722,10475,1286,274,1225.86
2017-01-28,CAMP0009,Google Search,56730,5063,770,175,325.52
2017-07-28,CAMP0016,Email,100867,6428,632,148,1421.39
2017-05-30,CAMP0015,Instagram,68868,10012,496,61,1611.17
2017-04-07,CAMP0002,Facebook,73637,4564,292,73,1607.86
2017-09-22,CAMP0001,Affiliate,50156,4016,319,21,1294.54
2017-06-05,CAMP0008,Instagram,89564,13054,900,55,729.67
2017-12-03,CAMP0022,Referral,78013,5076,274,52,736.4
2017-08-18,CAMP0027,Affiliate,112009,6189,393,31,1045.67
2017-01-16,CAMP0007,Email,49295,3047,153,10,1952.51
2018-04-04,CAMP0003,Facebook,84084,5891,209,32,1877.51
2017-08-20,CAMP0027,Affiliate,29074,903,158,24,59.1
2018-05-10,CAMP0017,Email,100493,10081,1017,222,1955.02
2017-03-11,CAMP0002,Facebook,110437,2721,343,65,226.91
2017-10-07,CAMP0012,Organic,86494,4389,412,122,1203.48
2018-04-14,CAMP0003,Facebook,16038,2104,267,55,469.95
2018-03-05,CAMP0021,Referral,32998,2508,294,53,423.0
2017-04-12,CAMP0019,Google Search,90689,8733,1223,217,1002.16
2017-09-10,CAMP0010,Affiliate,107844,4631,312,64,914.16
2018-04-25,CAMP0014,Organic,106735,5711,494,151,1550.51
2018-04-16,CAMP0025,Referral,69006,3848,214,69,1656.19
2018-02-01,CAMP0004,Instagram,107098,5563,361,106,1327.92
2017-08-10,CAMP0016,Email,117827,5417,374,114,464.6
2017-08-14,CAMP0028,Facebook,75175,2253,164,33,1066.14
2017-08-18,CAMP0023,Facebook,20748,345,16,1,1370.91
2017-01-14,CAMP0007,Email,92883,9321,855,159,1980.89
2017-04-10,CAMP0029,Organic,26076,398,56,17,1472.76
2018-01-15,CAMP0013,Affiliate,9954,1090,166,44,1526.5
2017-01-09,CAMP0009,Google Search,37024,2815,327,108,1497.94
2017-06-10,CAMP0008,Instagram,67668,8105,777,52,1229.95
2017-08-12,CAMP0027,Affiliate,13088,1755,90,29,645.4
2018-04-07,CAMP0005,Affiliate,64017,1918,70,14,1483.22
2017-05-28,CAMP0015,Instagram,43510,2594,431,26,994.21
2017-05-30,CAMP0015,Instagram,113336,1353,123,28,664.69
2017-10-30,CAMP0006,Organic,98615,13133,2116,216,1565.7
2017-04-30,CAMP0029,Organic,116604,7436,282,43,178.53
2018-01-01,CAMP0026,Affiliate,69974,1519,153,36,317.81
2017-08-15,CAMP0016,Email,118302,17271,2204,753,1207.87
2017-06-04,CAMP0015,Instagram,84320,10607,1569,352,1570.68
2018-03-29,CAMP0020,Google Search,77047,9192,1235,278,1547.74
2018-01-02,CAMP0026,Affiliate,92401,8051,488,87,655.37
2017-01-29,CAMP0009,Google Search,107657,14326,2557,224,1700.83
2017-01-07,CAMP0007,Email,103337,10945,720,235,618.33
2018-04-08,CAMP0005,Affiliate,42754,2457,418,129,707.24
2017-11-22,CAMP0022,Referral,103937,7850,685,92,555.51
2018-04-09,CAMP0003,Facebook,29951,3630,610,94,443.88
2018-05-06,CAMP0025,Referral,59318,7657,1128,238,1343.82
2017-01-25,CAMP0007,Email,76406,4381,519,171,699.55
2017-05-30,CAMP0030,Affiliate,110340,9625,1222,87,1010.15
2018-01-15,CAMP0013,Affiliate,17495,644,50,12,1639.24
2018-01-05,CAMP0013,Affiliate,114041,5137,679,172,588.3
2017-08-08,CAMP0028,Facebook,59792,710,45,11,1023.61
2018-01-23,CAMP0004,Instagram,95573,7819,314,29,1549.4
2018-05-24,CAMP0025,Referral,77668,1081,135,10,69.23
2017-05-21,CAMP0015,Instagram,67672,7680,917,69,273.13
2017-05-22,CAMP0030,Affiliate,56217,7960,295,29,1403.58
2017-08-16,CAMP0027,Affiliate,72823,2084,317,86,1220.09
2018-04-26,CAMP0003,Facebook,77273,1209,201,36,508.75
2018-03-19,CAMP0005,Affiliate,74491,9916,1112,380,190.39
2017-04-01,CAMP0002,Facebook,39787,3557,424,43,1958.69
2017-12-11,CAMP0022,Referral,64657,3137,545,111,315.66
2017-09-30,CAMP0012,Organic,12456,1045,95,29,609.7
2017-11-21,CAMP0022,Referral,96298,8275,1255,438,549.25
2017-10-17,CAMP0006,Organic,21476,2330,91,11,1336.77
2017-04-12,CAMP0029,Organic,11888,558,62,11,1302.24
2017-12-28,CAMP0026,Affiliate,87410,1687,227,26,651.71
2017-06-18,CAMP0008,Instagram,84529,2467,401,81,190.5
2018-02-19,CAMP0004,Instagram,51150,6404,877,235,564.98
2017-12-15,CAMP0026,Affiliate,23616,3047,352,19,1463.92
2017-12-30,CAMP0026,Affiliate,57957,8588,865,81,1653.66
2017-09-03,CAMP0023,Facebook,46386,1293,45,14,803.19
2017-06-07,CAMP0015,Instagram,74715,8086,335,64,1536.51
2017-08-24,CAMP0016,Email,30823,1359,167,34,886.74
2017-01-28,CAMP0007,Email,44909,590,81,10,438.09
2017-04-04,CAMP0019,Google Search,24215,1514,196,29,872.93
2017-08-07,CAMP0016,Email,32912,1649,110,9,262.19
2018-03-08,CAMP0021,Referral,61564,1259,87,27,132.87
2017-10-20,CAMP0006,Organic,81935,10847,1288,289,384.56
2018-01-20,CAMP0004,Instagram,50477,7449,396,31,300.88
2018-04-26,CAMP0014,Organic,105879,3642,645,221,317.07
2017-01-29,CAMP0007,Email,5599,671,29,5,1448.24
2017-08-09,CAMP0027,Affiliate,43138,1759,259,63,1218.78
2018-04-25,CAMP0003,Facebook,105434,8989,1346,331,1225.19
2017-11-14,CAMP0011,Referral,20270,2350,123,23,558.15
2018-04-30,CAMP0014,Organic,33475,3335,151,36,282.58
2018-03-25,CAMP0020,Google Search,37935,1800,154,11,237.05
2017-08-12,CAMP0028,Facebook,67216,9470,293,64,1867.13
2017-08-13,CAMP0027,Affiliate,24400,2911,325,23,832.37
2018-03-01,CAMP0024,Organic,35779,4946,784,172,477.95
2017-04-24,CAMP0019,Google Search,33807,2063,349,89,1228.79
2018-02-22,CAMP0004,Instagram,26659,1629,229,60,659.94
2017-01-11,CAMP0009,Google Search,93480,3604,228,63,1790.8
2018-01-29,CAMP0024,Organic,87822,12408,2045,539,819.01
2017-10-27,CAMP0006,Organic,76915,5124,603,154,1948.71
2017-02-08,CAMP0009,Google Search,112261,9982,792,97,1336.32
2017-09-06,CAMP0023,Facebook,69787,3607,590,176,738.67
2017-03-31,CAMP0002,Facebook,34557,4705,623,125,135.58
2017-05-14,CAMP0029,Organic,23692,1610,87,13,1285.49
2017-09-09,CAMP0010,Affiliate,52629,5318,728,247,1790.39
2018-05-02,CAMP0017,Email,74286,4504,516,74,1562.62
2018-03-13,CAMP0021,Referral,22469,2801,398,108,1283.26
2017-08-17,CAMP0027,Affiliate,48691,805,65,10,951.13
2017-08-17,CAMP0027,Affiliate,84703,7570,1027,334,158.4
2017-08-30,CAMP0010,Affiliate,78837,7116,1218,179,321.14
2017-07-31,CAMP0016,Email,105810,10214,1139,157,205.06
2018-03-06,CAMP0021,Referral,96212,5303,556,136,1176.21
2018-03-29,CAMP0018,Instagram,72368,6426,364,19,1052.0
2017-09-14,CAMP0001,Affiliate,73413,8487,994,114,949.04
2017-06-09,CAMP0030,Affiliate,24622,1522,166,45,1819.8
2017-04-08,CAMP0019,Google Search,94733,6955,931,231,1770.29
2017-10-16,CAMP0006,Organic,5002,376,66,21,85.32
2017-01-18,CAMP0007,Email,54852,4560,330,92,1221.87
2017-10-17,CAMP0006,Organic,82301,8051,368,69,914.95
2017-09-18,CAMP0001,Affiliate,7191,702,47,14,843.47
2017-04-08,CAMP0019,Google Search,5508,162,13,1,912.12
2017-08-30,CAMP0010,Affiliate,73395,8303,967,152,1564.96
2017-06-16,CAMP0008,Instagram,13792,1659,147,23,1836.45
2018-01-02,CAMP0026,Affiliate,28016,1105,152,16,1407.56
2018-05-21,CAMP0017,Email,24966,436,54,16,1607.47
2017-06-01,CAMP0008,Instagram,35246,1828,123,33,83.1
2018-05-24,CAMP0017,Email,118434,4349,147,34,666.34
2017-10-17,CAMP0006,Organic,27580,3320,573,181,1347.16
2017-06-14,CAMP0008,Instagram,52829,6618,257,39,1709.37
2018-05-01,CAMP0017,Email,71318,2478,136,31,417.7
2018-03-28,CAMP0005,Affiliate,61204,9174,954,167,1069.17
2017-05-29,CAMP0030,Affiliate,37755,4189,228,64,660.42
2018-03-04,CAMP0021,Referral,56794,3252,294,53,997.82
2017-04-10,CAMP0002,Facebook,18343,1666,147,14,963.99
2017-10-16,CAMP0006,Organic,57218,624,64,8,577.84
2017-06-06,CAMP0015,Instagram,67412,6527,371,98,1111.85
2017-08-03,CAMP0027,Affiliate,10994,239,27,1,821.13
2018-03-12,CAMP0021,Referral,10720,1306,188,40,420.84
2017-09-15,CAMP0001,Affiliate,105750,11364,955,83,1756.24
2017-08-29,CAMP0023,Facebook,99072,7362,1068,129,537.57
2017-08-08,CAMP0028,Facebook,9854,831,78,26,377.76
2017-05-02,CAMP0019,Google Search,25105,2860,266,56,1555.41
2017-06-06,CAMP0015,Instagram,36029,4837,162,27,72.98
2018-02-01,CAMP0024,Organic,48317,3497,388,90,1234.36
2017-01-28,CAMP0009,Google Search,97737,13686,2250,465,664.93
2017-01-28,CAMP0009,Google Search,58701,6692,487,99,1818.0
2017-08-15,CAMP0028,Facebook,116838,9556,1652,369,446.83
2017-10-02,CAMP0012,Organic,98293,10413,595,131,695.68
2017-11-01,CAMP0006,Organic,99807,3167,568,51,76.53
2017-10-29,CAMP0006,Organic,25191,515,28,2,1460.3
2017-05-26,CAMP0030,Affiliate,116988,5760,554,174,1468.18
2017-10-30,CAMP0022,Referral,116718,12277,2051,629,1141.06
2017-10-09,CAMP0012,Organic,25538,770,93,27,336.94
2018-04-10,CAMP0003,Facebook,75600,7874,453,74,653.78
2017-08-30,CAMP0010,Affiliate,25415,2246,197,54,708.43
2018-05-03,CAMP0025,Referral,31473,1237,210,38,1058.05
2017-06-14,CAMP0008,Instagram,110948,13806,1522,205,221.42
2017-09-22,CAMP0012,Organic,48668,2937,393,46,542.47
2017-08-04,CAMP0028,Facebook,103985,15330,1614,246,490.48
2017-12-29,CAMP0026,Affiliate,97273,2762,492,139,983.14
2017-07-24,CAMP0016,Email,81836,5112,220,61,256.45
2017-08-26,CAMP0010,Affiliate,91499,5346,697,42,799.93
2017-04-25,CAMP0029,Organic,88997,9128,328,63,1213.93
2018-03-23,CAMP0018,Instagram,36606,2668,351,100,1341.4
2018-03-31,CAMP0005,Affiliate,42972,2048,150,17,1962.06
2018-03-14,CAMP0020,Google Search,8877,911,147,21,1022.85
2018-03-11,CAMP0021,Referral,47656,1437,117,32,966.35
2017-06-09,CAMP0030,Affiliate,22497,2463,289,31,1075.24
2018-03-24,CAMP0005,Affiliate,63686,4758,758,248,1700.6
2017-10-22,CAMP0006,Organic,16857,2261,185,60,680.78
2017-08-21,CAMP0027,Affiliate,23282,1833,197,26,1318.17
2017-11-02,CAMP0006,Organic,82434,2059,93,20,676.26
2018-01-03,CAMP0013,Affiliate,11574,1572,256,48,913.72
2017-06-05,CAMP0008,Instagram,112538,12160,608,63,1452.12
2018-05-10,CAMP0014,Organic,96714,12132,1291,178,242.33
2017-12-14,CAMP0026,Affiliate,66849,3414,258,45,1572.11
2018-04-27,CAMP0003,Facebook,95802,12642,1428,163,1367.75
2017-08-07,CAMP0027,Affiliate,79813,10468,858,190,513.18
2018-01-15,CAMP0004,Instagram,30129,704,92,11,369.94
2018-01-15,CAMP0013,Affiliate,104246,6690,208,61,1550.01
2017-01-25,CAMP0007,Email,31504,3316,395,79,956.17
2018-01-04,CAMP0013,Affiliate,26080,1398,112,32,1583.43
2017-06-06,CAMP0015,Instagram,25231,1310,230,24,1501.69
2018-02-16,CAMP0024,Organic,92553,10276,1298,153,1214.9
2017-05-21,CAMP0030,Affiliate,55489,7452,987,164,876.3
2018-03-07,CAMP0021,Referral,63558,3643,169,47,1819.1
2018-02-06,CAMP0024,Organic,51300,2628,337,95,942.52
2018-01-19,CAMP0004,Instagram,18913,1046,137,12,723.49
2017-08-25,CAMP0023,Facebook,70981,6389,377,72,282.59
2018-05-06,CAMP0017,Email,28552,880,90,26,1367.65
2017-09-05,CAMP0010,Affiliate,36746,4702,402,75,392.22
2018-03-09,CAMP0021,Referral,70027,6343,427,113,232.43
2018-02-14,CAMP0004,Instagram,74510,5413,847,285,927.47
2018-03-08,CAMP0021,Referral,89883,1303,178,34,938.59
2017-01-03,CAMP0007,Email,40700,4631,223,61,1697.08
2017-04-09,CAMP0029,Organic,29468,503,60,13,452.1
2018-05-22,CAMP0025,Referral,42618,5017,899,205,1137.35
2017-11-08,CAMP0011,Referral,119694,4305,673,187,693.76
2018-03-07,CAMP0021,Referral,73693,7408,1240,150,1408.83
2018-03-13,CAMP0018,Instagram,101561,7425,573,107,184.04
2017-11-08,CAMP0022,Referral,19872,2446,119,10,366.14
2018-04-03,CAMP0020,Google Search,108638,5427,780,56,1139.39
2017-08-22,CAMP0027,Affiliate,60228,8804,799,159,1251.54
2017-04-17,CAMP0029,Organic,74160,7322,360,123,1919.5
2018-04-14,CAMP0005,Affiliate,114615,6885,611,95,1191.76
2017-12-15,CAMP0026,Affiliate,107094,9111,1178,195,1489.04
2017-11-10,CAMP0011,Referral,79805,5742,991,212,1329.48
2017-05-03,CAMP0029,Organic,100204,1247,145,38,917.05
2018-05-13,CAMP0014,Organic,88911,12772,568,171,645.09
2017-01-28,CAMP0007,Email,97112,2461,310,86,1844.11
2018-03-16,CAMP0005,Affiliate,110534,16484,2927,565,1355.46
2017-06-10,CAMP0030,Affiliate,94104,3458,334,19,764.71
2018-03-07,CAMP0020,Google Search,114356,14067,1134,219,715.55
2017-08-10,CAMP0027,Affiliate,54235,983,85,9,1037.45
2018-04-06,CAMP0003,Facebook,112684,12639,429,67,1247.26
2017-04-22,CAMP0019,Google Search,57205,7133,877,215,1481.71
2017-09-12,CAMP0001,Affiliate,9710,869,134,19,1897.61
2017-08-20,CAMP0027,Affiliate,94426,4167,283,76,197.61
2017-01-11,CAMP0007,Email,117800,1216,163,11,1921.57
2018-05-13,CAMP0025,Referral,71251,7349,752,51,325.66
2018-05-22,CAMP0017,Email,23511,587,33,7,463.66
2017-03-23,CAMP0002,Facebook,68633,10261,574,144,706.86
2017-01-18,CAMP0009,Google Search,60278,7185,424,77,154.04
2018-02-24,CAMP0024,Organic,24323,1512,77,24,135.23
2017-05-31,CAMP0030,Affiliate,82037,10822,1861,393,1661.17
2017-06-05,CAMP0008,Instagram,75496,2400,311,82,287.72
2017-06-07,CAMP0015,Instagram,78344,7507,273,93,1828.54
2018-03-29,CAMP0020,Google Search,16533,2192,313,48,1185.48
2018-04-08,CAMP0018,Instagram,21363,460,52,6,1131.47
2018-01-11,CAMP0013,Affiliate,55062,2582,303,85,1359.54
2017-07-30,CAMP0016,Email,27604,3944,697,40,1671.41
2018-03-19,CAMP0005,Affiliate,87494,4228,515,103,316.86
2018-03-15,CAMP0005,Affiliate,77488,5903,380,68,278.1
2018-03-20,CAMP0020,Google Search,36364,2491,329,30,906.2
2018-01-13,CAMP0013,Affiliate,97056,5247,317,26,1220.58
2018-05-21,CAMP0017,Email,51922,6674,836,77,1009.34
2018-04-29,CAMP0017,Email,72063,3099,178,35,1749.4
2018-03-04,CAMP0021,Referral,33286,836,96,25,487.07
2017-09-04,CAMP0023,Facebook,50547,901,100,21,424.64
2017-05-02,CAMP0019,Google Search,56335,4234,286,59,1559.23
2018-01-26,CAMP0024,Organic,54403,3350,145,22,1924.43
2017-08-22,CAMP0010,Affiliate,57487,3657,256,55,1263.91
2017-11-19,CAMP0022,Referral,23422,2692,222,77,1243.2
2017-04-14,CAMP0029,Organic,9289,459,65,18,261.94
2017-08-15,CAMP0016,Email,73381,3008,438,22,1630.51
2018-04-30,CAMP0014,Organic,31431,4139,155,38,1954.08
2018-04-17,CAMP0014,Organic,14986,1056,155,25,1020.79
2018-04-18,CAMP0025,Referral,15695,2323,319,56,679.27
2018-05-06,CAMP0025,Referral,110461,6861,1092,344,1257.83
2017-11-11,CAMP0011,Referral,45863,5453,612,95,874.47
2017-09-16,CAMP0001,Affiliate,14316,519,85,11,324.94
2017-04-20,CAMP0019,Google Search,98737,3643,466,105,272.5
2018-04-27,CAMP0003,Facebook,69946,1177,168,40,1569.76
2017-09-04,CAMP0010,Affiliate,13148,644,101,9,1543.48
2017-08-11,CAMP0023,Facebook,101147,7162,900,143,1298.35
2017-05-03,CAMP0019,Google Search,28198,3027,540,176,1888.65
2018-01-02,CAMP0013,Affiliate,49928,6028,431,143,609.7
2017-08-05,CAMP0016,Email,60416,629,20,5,1708.21
2017-08-05,CAMP0016,Email,109724,9954,741,78,628.07
2017-06-05,CAMP0015,Instagram,83690,10804,1299,75,1637.64
2017-08-11,CAMP0028,Facebook,101026,8971,515,168,1553.73
2018-01-10,CAMP0013,Affiliate,93791,2586,235,53,534.47
2017-01-28,CAMP0007,Email,113936,10643,1804,318,1485.28
2018-01-11,CAMP0013,Affiliate,27245,2362,174,42,1515.77
2017-05-22,CAMP0030,Affiliate,39011,2713,236,43,969.16
2017-08-22,CAMP0016,Email,45524,3108,218,53,1981.59
2017-09-01,CAMP0023,Facebook,25313,2861,358,87,857.19
2017-11-22,CAMP0022,Referral,42744,3253,118,6,1749.09
2018-03-11,CAMP0021,Referral,69480,8686,703,145,403.99
2017-06-03,CAMP0015,Instagram,22991,939,127,43,440.33
2018-02-19,CAMP0004,Instagram,26230,944,102,15,634.2
2018-03-04,CAMP0021,Referral,27782,3983,676,140,636.68
2018-02-03,CAMP0024,Organic,118317,3140,99,24,863.17
2018-04-27,CAMP0014,Organic,112128,10459,931,301,1999.5
2018-02-15,CAMP0004,Instagram,25356,662,88,27,842.33
2017-01-17,CAMP0007,Email,99887,4255,439,147,166.65
2018-05-22,CAMP0025,Referral,96180,14115,835,153,341.55
2017-06-14,CAMP0008,Instagram,112157,13036,1182,123,731.77
2017-04-06,CAMP0002,Facebook,59573,8757,1543,330,1470.15
2017-03-21,CAMP0002,Facebook,58920,7441,1052,83,1383.07
2017-09-10,CAMP0001,Affiliate,6380,783,61,14,53.6
2018-01-04,CAMP0026,Affiliate,91279,6667,867,51,1506.05
2017-01-13,CAMP0007,Email,72074,4144,468,116,1829.63
2018-03-16,CAMP0018,Instagram,75134,2473,211,30,249.2
2018-01-17,CAMP0004,Instagram,78593,8049,949,137,739.59
2017-04-07,CAMP0029,Organic,12048,226,36,6,1159.97
2018-01-12,CAMP0004,Instagram,118058,8140,912,308,1000.91
2017-04-05,CAMP0002,Facebook,30832,2466,241,33,415.03
2017-11-16,CAMP0022,Referral,76139,2782,377,127,674.2
2018-05-23,CAMP0025,Referral,68016,5674,797,240,850.62
2017-08-16,CAMP0023,Facebook,17319,1693,69,16,804.65
2017-05-22,CAMP0030,Affiliate,44461,3106,162,49,1266.4
2018-01-02,CAMP0013,Affiliate,107542,14560,2232,686,1384.25
2017-01-09,CAMP0007,Email,10314,912,109,35,1956.4
2017-09-11,CAMP0001,Affiliate,65787,6277,410,58,1987.29
2017-09-23,CAMP0012,Organic,61155,7538,404,81,807.4
2017-10-24,CAMP0006,Organic,106665,2383,285,27,1763.03
2017-06-08,CAMP0030,Affiliate,49438,992,112,13,1455.71
2017-03-30,CAMP0002,Facebook,111255,11505,1959,194,371.29
2018-03-19,CAMP0005,Affiliate,102230,15008,2353,409,395.38
2017-12-16,CAMP0026,Affiliate,112302,7550,762,194,1505.11
2017-06-01,CAMP0015,Instagram,99379,11356,515,26,775.78
2017-12-31,CAMP0013,Affiliate,89698,9727,719,169,648.19
2017-10-30,CAMP0006,Organic,65318,6180,212,40,1961.42
2017-11-17,CAMP0022,Referral,86622,1191,205,50,1440.74
2017-05-01,CAMP0019,Google Search,76083,4756,291,43,1957.94
2017-08-14,CAMP0027,Affiliate,102581,15055,2708,894,1989.67
2017-10-02,CAMP0012,Organic,6087,436,16,4,1719.02
2017-09-06,CAMP0023,Facebook,34904,2333,203,68,752.38
2017-08-22,CAMP0023,Facebook,97603,9237,1294,291,1877.66
2018-04-06,CAMP0005,Affiliate,66997,8577,1333,460,1298.84
2018-01-24,CAMP0024,Organic,65601,5519,471,121,130.4
2018-01-16,CAMP0013,Affiliate,76981,6922,231,55,1738.38
2017-05-31,CAMP0030,Affiliate,109649,13763,1988,186,330.18
2017-08-26,CAMP0023,Facebook,62863,3250,349,77,1462.0
2018-03-31,CAMP0018,Instagram,43308,2902,443,131,1482.47
2017-01-11,CAMP0007,Email,14506,301,40,11,1228.86
2018-04-28,CAMP0003,Facebook,104962,6648,919,131,1792.32
2018-02-02,CAMP0024,Organic,16874,282,10,2,946.34
2017-01-11,CAMP0009,Google Search,30837,1505,178,40,226.41
2017-05-05,CAMP0019,Google Search,53186,4353,780,149,486.71
2017-03-16,CAMP0002,Facebook,18637,1172,118,34,1570.71
2017-11-16,CAMP0022,Referral,24356,3386,141,32,1265.15
2018-04-06,CAMP0018,Instagram,82833,8499,539,37,387.96
2018-04-17,CAMP0014,Organic,13152,1698,87,15,1044.34
2017-07-31,CAMP0027,Affiliate,14972,1371,244,64,405.86
2018-02-27,CAMP0024,Organic,16373,1941,214,31,739.78
2017-06-18,CAMP0008,Instagram,30472,508,86,14,743.41
2017-11-02,CAMP0006,Organic,49581,4866,556,143,374.3
2017-09-12,CAMP0001,Affiliate,94057,13361,2401,482,1776.23
2018-04-26,CAMP0025,Referral,13596,396,50,3,1311.3
2017-09-18,CAMP0001,Affiliate,37133,3564,303,70,158.34
2017-11-20,CAMP0022,Referral,8642,900,42,10,1490.58
2017-08-07,CAMP0027,Affiliate,98685,12431,1581,387,1928.38
2017-10-29,CAMP0006,Organic,101472,2007,200,49,1857.5
2018-01-19,CAMP0013,Affiliate,94028,6334,515,109,802.5
2017-04-03,CAMP0002,Facebook,25714,3040,378,61,542.57
2018-03-14,CAMP0020,Google Search,71141,3639,413,65,1338.69
2018-04-09,CAMP0014,Organic,112439,7838,1189,172,204.87
2018-03-29,CAMP0020,Google Search,13688,1150,98,10,446.92
2017-08-14,CAMP0028,Facebook,35967,380,68,5,1928.61
2018-03-29,CAMP0020,Google Search,50877,2558,184,34,1806.15
2017-12-30,CAMP0013,Affiliate,107093,6187,880,101,1217.93
2018-03-21,CAMP0005,Affiliate,78480,10296,1648,224,1935.68
2017-01-11,CAMP0007,Email,103037,7929,987,305,1531.97
2017-10-02,CAMP0012,Organic,102015,12320,1621,476,909.75
2017-04-06,CAMP0019,Google Search,54220,5891,552,27,1689.0
2018-04-03,CAMP0005,Affiliate,23397,1665,113,33,1156.83
2017-07-25,CAMP0016,Email,114449,16004,867,76,1139.69
2017-04-06,CAMP0029,Organic,73444,6114,661,70,1670.07
2018-04-08,CAMP0005,Affiliate,87946,9210,1234,113,60.78
2018-02-21,CAMP0024,Organic,68523,5950,273,60,1436.73
2017-04-09,CAMP0002,Facebook,65224,1060,54,12,602.31
2018-01-05,CAMP0013,Affiliate,58663,5809,182,48,1071.39
2017-03-22,CAMP0002,Facebook,68901,7164,780,187,935.31
2017-05-03,CAMP0019,Google Search,94750,5091,776,184,1773.62
2017-05-22,CAMP0030,Affiliate,75340,6197,206,17,1265.46
2017-07-24,CAMP0016,Email,63800,7052,255,40,1730.07
2018-02-28,CAMP0021,Referral,118040,12181,1633,228,400.1
2017-01-16,CAMP0007,Email,70857,3309,248,18,681.54
2017-12-03,CAMP0022,Referral,57673,5336,408,47,1518.32
2017-09-24,CAMP0012,Organic,82370,11337,1718,594,712.71
2017-04-06,CAMP0002,Facebook,15531,963,44,12,1224.62
2017-07-26,CAMP0016,Email,34485,2431,175,28,243.86
2018-01-22,CAMP0004,Instagram,96448,14239,981,166,498.04
2018-03-04,CAMP0020,Google Search,88422,6112,234,43,1925.16
2017-08-18,CAMP0027,Affiliate,97810,7223,894,296,391.06
2017-08-22,CAMP0016,Email,112266,15797,2234,624,1712.45
2017-06-03,CAMP0015,Instagram,108609,15984,2657,801,882.18
2017-07-26,CAMP0016,Email,99496,14088,1862,147,1797.18
2017-01-11,CAMP0009,Google Search,110565,10524,1529,164,1713.62
2017-01-28,CAMP0007,Email,7100,352,49,12,1531.3
2017-11-02,CAMP0006,Organic,73144,1600,50,9,444.4
2018-03-06,CAMP0021,Referral,86166,1297,46,2,1249.89
2017-09-05,CAMP0010,Affiliate,38956,1061,186,61,1802.26
2017-11-26,CAMP0022,Referral,50597,6919,1204,252,1169.03
2017-06-13,CAMP0008,Instagram,65806,9375,1616,319,1368.0
2017-06-07,CAMP0030,Affiliate,119547,12985,676,98,1410.23
2018-02-28,CAMP0021,Referral,35323,1387,122,42,1460.8
2017-08-06,CAMP0016,Email,114060,2147,157,46,588.46
2018-05-03,CAMP0025,Referral,106398,10839,1022,254,698.9
2017-05-17,CAMP0029,Organic,50491,4152,431,59,748.33
2017-08-08,CAMP0027,Affiliate,73865,3132,557,117,83.51
2018-01-31,CAMP0024,Organic,67447,7843,434,106,1792.07
2017-05-15,CAMP0029,Organic,46160,6183,950,74,505.94
2018-03-09,CAMP0021,Referral,76608,1843,125,37,523.2
2018-03-08,CAMP0021,Referral,72428,5871,243,54,523.11
2017-11-05,CAMP0022,Referral,51457,4441,456,144,1921.16
2018-03-06,CAMP0020,Google Search,101582,5843,551,29,1707.84
2018-03-01,CAMP0024,Organic,58210,2583,320,108,651.48
2018-05-17,CAMP0017,Email,72057,10454,523,99,176.03
2018-04-19,CAMP0003,Facebook,44003,2466,221,60,828.91
2018-04-07,CAMP0005,Affiliate,105964,12569,2183,292,1169.14
2017-01-09,CAMP0009,Google Search,56131,1637,144,43,664.25
2017-05-05,CAMP0019,Google Search,22413,914,105,23,501.56
2018-05-05,CAMP0025,Referral,71165,5136,878,302,738.53
2017-06-03,CAMP0030,Affiliate,41137,4092,546,60,1098.92
2018-04-08,CAMP0005,Affiliate,83935,11395,1092,139,1862.28
2017-04-09,CAMP0029,Organic,22942,1394,167,15,1070.43
2018-01-22,CAMP0024,Organic,34802,3322,153,46,1490.24
2017-05-30,CAMP0015,Instagram,16696,1225,121,25,585.52
2017-08-08,CAMP0027,Affiliate,111946,10644,1418,363,1027.08
2017-06-05,CAMP0030,Affiliate,52517,2412,249,50,1980.11
2017-01-16,CAMP0009,Google Search,8204,957,164,48,1542.75
2017-01-04,CAMP0007,Email,106816,5222,329,99,180.91
2017-08-28,CAMP0010,Affiliate,8362,1112,175,41,850.61
2017-04-02,CAMP0002,Facebook,18506,2415,145,46,1555.41
2017-08-22,CAMP0010,Affiliate,14266,1986,97,24,1977.05
2018-02-09,CAMP0024,Organic,26075,2542,152,11,586.87
2017-06-20,CAMP0008,Instagram,23194,3189,542,122,663.38
2017-08-15,CAMP0028,Facebook,51385,1978,68,19,1476.04
2017-10-29,CAMP0022,Referral,81156,3080,171,19,792.62
2017-08-21,CAMP0027,Affiliate,14360,1475,129,10,1836.37
2017-09-19,CAMP0012,Organic,109181,12967,1052,177,1993.47
2018-03-21,CAMP0005,Affiliate,93059,4688,769,175,1261.91
2017-10-21,CAMP0006,Organic,40655,698,28,4,341.1
2017-09-25,CAMP0012,Organic,16084,1937,231,25,1394.1
2017-05-02,CAMP0019,Google Search,16026,1198,213,53,1082.85
2017-08-12,CAMP0016,Email,65925,8686,588,65,235.59
2018-01-13,CAMP0013,Affiliate,84227,8591,600,196,65.6
2017-06-03,CAMP0008,Instagram,51763,6965,473,68,936.45
2017-06-05,CAMP0030,Affiliate,58972,7459,1040,57,1391.42
2017-09-22,CAMP0012,Organic,76713,5952,938,121,1159.68
2018-03-01,CAMP0018,Instagram,95018,8727,1475,240,1652.96
2017-04-23,CAMP0019,Google Search,100449,1448,153,23,1208.01
2017-06-04,CAMP0008,Instagram,8810,322,46,5,1574.31
2017-09-16,CAMP0001,Affiliate,71475,5831,426,138,1089.89
2018-04-12,CAMP0014,Organic,23342,2780,100,29,1633.15
2017-09-19,CAMP0012,Organic,28365,3842,182,28,562.46
2018-04-09,CAMP0018,Instagram,56317,8088,747,260,439.59
2018-03-02,CAMP0021,Referral,90277,1552,198,56,522.12
2018-05-01,CAMP0017,Email,64485,4766,277,74,1676.74
2017-01-08,CAMP0007,Email,114957,16744,587,122,1924.34
2017-08-15,CAMP0028,Facebook,68522,4123,258,37,397.66
2018-04-21,CAMP0014,Organic,24081,2977,173,41,949.31
2017-09-05,CAMP0010,Affiliate,10382,1327,105,12,941.47
2018-05-03,CAMP0017,Email,63507,1389,53,8,1330.4
2017-09-10,CAMP0001,Affiliate,14029,1708,244,25,1995.03
2017-04-13,CAMP0019,Google Search,72732,1443,70,18,608.53
2017-09-05,CAMP0010,Affiliate,82631,1613,147,41,1915.52
2017-04-26,CAMP0019,Google Search,54509,4735,394,62,992.78
2018-04-21,CAMP0005,Affiliate,105805,9251,808,202,365.8
2017-06-04,CAMP0030,Affiliate,76042,2515,360,108,97.41
2018-02-24,CAMP0024,Organic,79955,6989,850,279,1037.83
2017-06-18,CAMP0008,Instagram,69855,4533,149,17,1679.95
2017-04-06,CAMP0002,Facebook,38178,5093,700,44,1889.16
2017-04-16,CAMP0019,Google Search,85164,5826,792,175,1357.14
2017-10-20,CAMP0006,Organic,5844,193,11,0,1804.76
2018-04-15,CAMP0003,Facebook,14859,1015,179,17,861.84
2017-01-22,CAMP0007,Email,5123,736,64,17,298.27
2017-02-04,CAMP0007,Email,64040,2906,476,42,1796.63
2018-04-21,CAMP0025,Referral,91030,10262,430,82,726.52
2017-06-13,CAMP0008,Instagram,52769,7362,681,117,959.86
2018-04-26,CAMP0017,Email,47937,3762,623,203,1038.1
2018-04-11,CAMP0003,Facebook,119603,7054,364,118,1551.48
2017-09-06,CAMP0010,Affiliate,57962,7197,598,196,99.22
2017-03-23,CAMP0002,Facebook,38858,1915,311,43,1686.88
2017-04-22,CAMP0019,Google Search,18481,337,48,10,846.71
2018-03-28,CAMP0020,Google Search,33617,3094,116,34,340.1
2018-04-26,CAMP0017,Email,100611,14734,654,61,1006.46
2017-03-28,CAMP0002,Facebook,42680,4278,627,167,1744.48
2017-11-09,CAMP0011,Referral,11740,1089,108,31,109.21
2017-03-30,CAMP0002,Facebook,18634,1350,182,56,1496.44
2017-09-07,CAMP0010,Affiliate,102531,4947,723,142,1298.81
2017-01-28,CAMP0009,Google Search,103208,13232,487,90,1034.21
2017-08-29,CAMP0023,Facebook,37664,3629,350,113,1058.84
2017-11-22,CAMP0022,Referral,10151,1144,110,26,1736.58
2018-03-29,CAMP0005,Affiliate,116763,8638,316,63,1389.91
2018-05-05,CAMP0017,Email,95711,2296,313,100,151.89
2017-06-20,CAMP0008,Instagram,16191,2417,369,33,187.04
2017-11-11,CAMP0011,Referral,108910,16251,1366,125,946.19
2017-09-26,CAMP0012,Organic,94628,13589,971,195,169.63
2018-05-11,CAMP0017,Email,89649,8010,1175,101,1981.0
2017-05-21,CAMP0015,Instagram,8132,139,7,0,1606.22
2017-12-27,CAMP0026,Affiliate,81817,10351,1120,66,1043.02
2018-03-04,CAMP0021,Referral,78000,8642,1226,214,134.08
2017-01-07,CAMP0007,Email,86976,8333,395,96,216.23
2018-04-29,CAMP0003,Facebook,24559,2684,356,35,1867.25
2017-08-18,CAMP0028,Facebook,81360,9072,532,174,490.89
2018-03-24,CAMP0005,Affiliate,12127,1551,222,32,50.11
2017-01-31,CAMP0009,Google Search,51058,990,79,8,1950.59
2018-04-05,CAMP0003,Facebook,63071,6445,326,31,744.07
2017-10-26,CAMP0006,Organic,103319,2219,237,52,1727.53
2017-05-31,CAMP0015,Instagram,75747,2557,380,121,795.0
2017-05-03,CAMP0029,Organic,33066,4868,247,41,699.05
2017-10-07,CAMP0012,Organic,20669,278,41,10,1130.43
2017-08-26,CAMP0010,Affiliate,67064,1662,200,33,1959.57
2018-04-06,CAMP0003,Facebook,30090,497,23,3,89.93
2018-01-25,CAMP0024,Organic,42781,795,69,21,919.5
2017-09-05,CAMP0010,Affiliate,88863,2304,98,28,1913.92
2017-06-02,CAMP0008,Instagram,113806,11237,1281,247,1470.36
2018-05-07,CAMP0017,Email,34291,3374,301,54,572.19
2018-03-25,CAMP0005,Affiliate,85777,11639,1757,448,1581.15
2017-08-08,CAMP0016,Email,72807,1257,128,23,1948.28
2018-05-10,CAMP0014,Organic,72281,2673,319,83,494.88
2017-11-06,CAMP0011,Referral,9669,710,89,26,1007.31
2017-07-27,CAMP0016,Email,97365,13040,1634,301,531.58
2018-04-27,CAMP0014,Organic,35221,5270,881,70,1427.6
2017-12-14,CAMP0026,Affiliate,50779,1291,114,29,1191.08
2018-05-15,CAMP0017,Email,33095,595,57,8,1165.92
2017-11-06,CAMP0011,Referral,6702,947,153,12,89.82
2018-03-25,CAMP0020,Google Search,8453,1111,124,25,1846.18
2017-11-13,CAMP0022,Referral,28111,3718,354,66,1499.63
2017-09-18,CAMP0001,Affiliate,88621,3430,386,129,1372.72
2017-06-10,CAMP0030,Affiliate,58897,2275,313,26,1717.16
2017-08-03,CAMP0027,Affiliate,49736,710,100,13,506.78
2017-06-11,CAMP0008,Instagram,21793,2921,319,93,1567.08
2018-04-09,CAMP0003,Facebook,74270,10777,1820,309,1068.89
2017-08-05,CAMP0028,Facebook,82404,5835,1021,165,367.34
2018-03-11,CAMP0020,Google Search,39423,2682,219,34,596.65
2018-01-11,CAMP0004,Instagram,65727,4949,834,277,636.79
2017-08-08,CAMP0028,Facebook,58443,7181,419,69,130.56
2017-12-19,CAMP0026,Affiliate,86355,11681,1219,301,1553.62
2017-11-10,CAMP0022,Referral,87888,6703,230,52,1097.7
2017-08-01,CAMP0027,Affiliate,55557,4634,167,57,1069.2
2017-11-07,CAMP0011,Referral,82253,11260,778,224,1409.45
2018-01-01,CAMP0026,Affiliate,47791,6118,471,58,1154.61
2017-09-16,CAMP0001,Affiliate,84302,3051,213,30,205.11
2017-10-23,CAMP0006,Organic,19031,2393,403,79,562.83
2017-05-26,CAMP0030,Affiliate,107553,9087,956,184,1675.67
2017-09-14,CAMP0001,Affiliate,5621,703,114,6,1586.2
2018-04-06,CAMP0003,Facebook,79725,1539,139,8,1457.08
2017-09-12,CAMP0010,Affiliate,28674,348,47,15,757.85
2017-08-02,CAMP0027,Affiliate,111575,3362,254,26,1944.57
2017-06-05,CAMP0015,Instagram,116996,6475,839,152,1536.82
2018-03-11,CAMP0021,Referral,104013,10103,421,105,167.85
2017-04-15,CAMP0019,Google Search,16084,1409,117,6,1689.15
2018-01-02,CAMP0026,Affiliate,87501,12165,1741,177,1892.58
2017-09-29,CAMP0012,Organic,116452,8797,428,95,1187.69
2017-08-21,CAMP0028,Facebook,15031,255,30,6,1416.52
2018-03-25,CAMP0018,Instagram,73139,3429,546,171,984.61
2017-10-30,CAMP0006,Organic,11936,384,44,13,319.67
2018-03-09,CAMP0018,Instagram,34346,3922,588,171,1387.25
2017-08-20,CAMP0027,Affiliate,101969,2429,152,27,1225.27
2017-10-28,CAMP0022,Referral,27288,1133,57,7,333.85
2017-08-01,CAMP0027,Affiliate,7569,718,125,18,1940.38
2017-01-16,CAMP0007,Email,13527,1256,134,6,815.01
2017-08-21,CAMP0016,Email,21458,2089,194,34,1818.8
2018-04-26,CAMP0025,Referral,103943,8567,1358,140,1702.14
2018-03-23,CAMP0020,Google Search,50124,3702,299,32,946.23
2018-01-08,CAMP0013,Affiliate,26087,3042,392,105,733.71
2018-02-14,CAMP0004,Instagram,42235,1655,237,20,754.28
2017-11-13,CAMP0022,Referral,82018,8459,979,70,1367.74
2017-08-28,CAMP0010,Affiliate,13516,1040,105,27,1928.05
2017-11-08,CAMP0011,Referral,73945,2269,299,81,1710.88
2017-08-06,CAMP0027,Affiliate,17649,309,11,3,1321.59
2017-06-20,CAMP0008,Instagram,94216,10568,1202,135,1400.29
2017-06-11,CAMP0008,Instagram,100332,3367,376,19,1431.34
2018-03-10,CAMP0021,Referral,27876,2251,184,39,737.57
2018-04-27,CAMP0003,Facebook,31499,3104,404,119,66.6
2018-01-02,CAMP0026,Affiliate,19958,1144,141,11,98.41
2018-04-05,CAMP0020,Google Search,30856,4233,229,12,1467.99
2017-09-05,CAMP0010,Affiliate,92010,5168,922,294,1739.02
2018-05-16,CAMP0025,Referral,41420,4249,212,18,86.52
2017-06-08,CAMP0008,Instagram,99382,6858,928,201,1740.75
2018-03-08,CAMP0021,Referral,42475,2330,192,30,1032.96
2017-08-18,CAMP0027,Affiliate,63102,4834,868,271,1123.36
2018-05-03,CAMP0014,Organic,59704,6941,892,256,1751.87
2017-10-02,CAMP0012,Organic,78353,1072,99,11,1709.51
2018-05-05,CAMP0025,Referral,91939,3696,519,32,1905.31
2017-10-08,CAMP0012,Organic,72490,7481,1283,433,1273.04
2017-04-19,CAMP0019,Google Search,50860,751,79,14,602.79
2018-03-06,CAMP0020,Google Search,18352,2068,355,68,1369.57
2018-02-11,CAMP0004,Instagram,94747,6995,485,140,1912.58
2017-11-15,CAMP0011,Referral,74208,7735,1361,147,182.32
2018-04-19,CAMP0003,Facebook,77824,9591,481,137,1373.59
2017-03-20,CAMP0002,Facebook,87305,4785,349,24,166.52
2017-11-14,CAMP0011,Referral,55715,4823,578,167,608.67
2017-03-31,CAMP0002,Facebook,36807,2466,186,44,1669.94
2018-02-18,CAMP0004,Instagram,89229,4729,269,43,1143.89
2018-04-09,CAMP0003,Facebook,19321,2382,234,79,540.09
2017-08-10,CAMP0027,Affiliate,64637,5589,432,50,384.18
2018-05-11,CAMP0017,Email,54046,5932,897,223,271.9
2018-01-18,CAMP0013,Affiliate,94142,11479,1975,568,1369.75
2018-05-01,CAMP0025,Referral,23253,1132,38,7,196.8
2017-10-11,CAMP0012,Organic,113940,2992,419,103,260.88
2018-05-12,CAMP0025,Referral,42870,1363,109,14,602.04
2017-04-09,CAMP0029,Organic,57709,1189,129,33,540.86
2017-05-29,CAMP0015,Instagram,116981,12535,1501,502,1039.9
2017-04-09,CAMP0002,Facebook,12884,1402,228,15,1137.29
2017-08-02,CAMP0027,Affiliate,113867,9254,664,52,1905.69
2017-01-08,CAMP0007,Email,20100,2214,269,84,1250.86
2017-08-17,CAMP0016,Email,103179,2275,336,78,594.29
2017-11-20,CAMP0022,Referral,18178,2630,412,70,1822.58
2018-01-30,CAMP0024,Organic,99039,7761,921,110,174.1
2017-09-07,CAMP0010,Affiliate,116001,6453,1005,319,1660.68
2017-10-03,CAMP0012,Organic,85676,1252,180,21,329.27
2018-03-12,CAMP0018,Instagram,68271,720,83,15,329.92
2017-11-29,CAMP0022,Referral,70401,3522,179,61,938.72
2017-05-02,CAMP0029,Organic,26020,2101,181,51,428.29
2017-08-21,CAMP0016,Email,16982,1635,241,53,293.15
2018-03-08,CAMP0021,Referral,25787,474,64,17,245.31
2017-11-07,CAMP0022,Referral,31938,3249,157,49,1124.58
2017-04-24,CAMP0019,Google Search,13527,969,93,23,1264.34
2017-08-16,CAMP0028,Facebook,85299,9422,1422,347,577.52
2017-08-14,CAMP0028,Facebook,96471,1581,90,5,658.08
2017-01-14,CAMP0009,Google Search,30917,4575,768,166,1872.47
2018-05-09,CAMP0025,Referral,67288,7920,1102,219,1909.14
2017-05-22,CAMP0030,Affiliate,85605,5121,200,36,98.27
2017-08-07,CAMP0027,Affiliate,19936,2377,404,108,1564.87
2018-01-03,CAMP0026,Affiliate,18312,2390,245,28,233.06
2017-01-20,CAMP0009,Google Search,77691,958,78,27,1753.42
2018-03-02,CAMP0021,Referral,83567,11006,499,33,1125.91
2018-03-07,CAMP0020,Google Search,59608,4146,139,48,1176.86
2017-11-19,CAMP0022,Referral,64542,4768,540,87,1257.95
2017-02-03,CAMP0007,Email,38962,1566,64,13,576.32
2017-01-20,CAMP0009,Google Search,22197,243,8,2,289.81
2017-04-29,CAMP0029,Organic,119389,9399,1049,258,265.03
2017-02-01,CAMP0009,Google Search,89832,4482,562,99,982.09
2017-10-18,CAMP0006,Organic,30652,3491,504,120,72.06
2017-08-21,CAMP0010,Affiliate,62538,8409,1143,76,1951.38
2018-05-07,CAMP0014,Organic,85529,5181,752,132,1297.58
2017-08-16,CAMP0023,Facebook,75659,10989,1109,215,1345.34
2017-05-01,CAMP0029,Organic,85436,5908,440,32,1535.07
2018-03-11,CAMP0020,Google Search,111320,9924,391,84,1510.65
2018-05-06,CAMP0017,Email,99780,1073,184,38,1479.21
2017-05-28,CAMP0030,Affiliate,78752,9839,573,107,1395.55
2018-04-28,CAMP0003,Facebook,118392,3077,189,31,649.36
2017-09-03,CAMP0010,Affiliate,43261,3833,436,99,74.51
2018-02-14,CAMP0004,Instagram,81056,8698,505,96,727.84
2018-02-17,CAMP0024,Organic,91505,7233,352,67,1632.56
2017-02-08,CAMP0009,Google Search,46171,2566,444,55,1551.74
2017-08-28,CAMP0010,Affiliate,23692,2135,84,26,1532.56
2017-10-21,CAMP0006,Organic,24765,2317,269,53,1321.8
2017-10-31,CAMP0022,Referral,111487,10419,873,206,1888.21
2017-06-12,CAMP0008,Instagram,82467,4293,615,125,1569.24
2017-09-09,CAMP0023,Facebook,62999,6922,593,39,552.72
2018-02-12,CAMP0024,Organic,15832,1338,90,20,433.65
2017-01-30,CAMP0009,Google Search,23808,1861,293,49,411.85
2018-04-16,CAMP0005,Affiliate,13606,609,72,20,1628.37
2017-08-21,CAMP0023,Facebook,55870,3955,363,121,134.07
2017-01-23,CAMP0007,Email,73355,6023,904,88,605.06
2018-03-11,CAMP0021,Referral,18525,2341,405,25,981.15
2018-03-16,CAMP0020,Google Search,7182,411,17,4,1880.86
2017-07-28,CAMP0027,Affiliate,56556,6843,405,62,692.11
2018-03-04,CAMP0021,Referral,6686,106,11,1,981.79
2017-02-03,CAMP0007,Email,42690,574,60,18,377.24
2018-02-14,CAMP0004,Instagram,44440,1611,148,26,1030.86
2018-01-27,CAMP0004,Instagram,38118,5676,732,244,1724.0
2018-04-14,CAMP0014,Organic,22216,2589,444,144,1322.44
2017-08-25,CAMP0016,Email,74948,8323,670,213,1439.76
2017-09-17,CAMP0001,Affiliate,62537,3526,270,66,219.45
2017-12-23,CAMP0026,Affiliate,61067,8010,1200,230,1161.03
2017-10-24,CAMP0006,Organic,22843,2382,82,20,1851.41
2017-05-31,CAMP0015,Instagram,74591,4357,776,89,121.83
2017-05-27,CAMP0030,Affiliate,49962,2637,218,63,1881.93
2017-09-19,CAMP0001,Affiliate,114798,8620,260,44,503.13
2017-11-25,CAMP0022,Referral,68130,10019,685,42,470.36
2017-01-10,CAMP0009,Google Search,37664,2297,190,22,789.96
2018-02-01,CAMP0004,Instagram,111838,7631,718,158,1441.14
2017-10-27,CAMP0006,Organic,9170,102,3,1,1260.34
2017-07-29,CAMP0027,Affiliate,6233,349,44,5,999.98
2018-03-05,CAMP0020,Google Search,37054,3674,531,157,1177.68
2018-02-04,CAMP0024,Organic,85160,12102,2169,423,478.63
2017-07-27,CAMP0027,Affiliate,34968,3077,267,34,297.2
2017-08-18,CAMP0023,Facebook,60778,6631,996,258,486.18
2018-05-10,CAMP0017,Email,8182,648,82,6,394.59
2017-08-08,CAMP0028,Facebook,91099,4830,354,101,1187.22
2017-08-23,CAMP0023,Facebook,57672,8002,1207,336,164.18
2017-04-23,CAMP0029,Organic,32766,1597,147,27,1113.56
2017-04-19,CAMP0029,Organic,47667,3651,495,79,398.05
2018-02-13,CAMP0024,Organic,5757,273,40,7,1076.95
2018-01-20,CAMP0004,Instagram,112118,5888,482,100,1524.16
2018-03-19,CAMP0020,Google Search,83142,2524,446,122,1959.18
2017-05-29,CAMP0030,Affiliate,6456,452,17,4,1368.1
2018-04-06,CAMP0020,Google Search,28951,2866,89,5,191.75
2018-05-17,CAMP0017,Email,88281,4777,526,71,922.09
2018-03-31,CAMP0018,Instagram,30469,1958,105,21,1873.4
2018-01-20,CAMP0004,Instagram,45193,3874,564,178,1518.6
2017-01-26,CAMP0009,Google Search,113152,7212,1107,240,730.53
2018-03-10,CAMP0021,Referral,41433,1009,48,13,1423.87
2017-01-28,CAMP0007,Email,81011,7471,231,62,276.01
2018-04-28,CAMP0025,Referral,113995,14172,2363,415,1485.93
2017-06-10,CAMP0030,Affiliate,55078,6945,806,223,1273.97
2017-06-01,CAMP0030,Affiliate,12694,791,82,10,562.58
2017-04-11,CAMP0019,Google Search,105010,9745,1453,480,346.27
2017-05-25,CAMP0030,Affiliate,37629,466,83,4,433.89
2017-09-11,CAMP0001,Affiliate,60258,7143,533,60,1477.42
2018-01-28,CAMP0024,Organic,70925,8453,756,41,1792.57
2017-09-03,CAMP0023,Facebook,21553,435,58,17,1482.86
2018-03-09,CAMP0020,Google Search,78816,7082,617,186,332.55
2017-05-31,CAMP0030,Affiliate,70772,5823,736,227,339.45
2017-02-08,CAMP0009,Google Search,81134,3845,469,160,1390.85
2018-05-05,CAMP0025,Referral,30432,3755,401,80,130.83
2018-04-06,CAMP0018,Instagram,13590,1237,79,5,1104.62
2018-05-01,CAMP0014,Organic,24693,2982,252,21,1196.12
2017-01-09,CAMP0009,Google Search,45001,888,105,17,469.84
2017-11-09,CAMP0011,Referral,93196,5165,181,33,1178.26
2017-11-02,CAMP0022,Referral,35063,3717,250,63,1650.62
2017-08-22,CAMP0027,Affiliate,106168,7981,728,43,1082.4
2017-02-04,CAMP0007,Email,74568,4773,515,156,428.71
2018-03-11,CAMP0021,Referral,59344,3758,334,106,1607.44
2017-01-31,CAMP0009,Google Search,120000,11392,1907,189,156.07
2017-11-09,CAMP0011,Referral,79188,8170,618,53,1868.54
2017-08-20,CAMP0010,Affiliate,51816,743,103,28,1036.3
2018-03-04,CAMP0021,Referral,66935,7926,1229,286,975.55
2017-09-12,CAMP0001,Affiliate,117332,10390,1400,125,968.71
2018-02-17,CAMP0024,Organic,104895,8190,1409,219,884.34
2018-04-12,CAMP0003,Facebook,36356,4569,334,67,1061.12
2017-05-17,CAMP0029,Organic,40356,1682,146,10,1252.4
2017-01-25,CAMP0007,Email,93542,6081,400,117,474.7
2017-05-29,CAMP0015,Instagram,47804,6640,257,64,328.4
2018-04-02,CAMP0018,Instagram,13498,1994,91,24,956.06
2017-11-14,CAMP0011,Referral,93103,4424,532,182,1502.84
2017-10-04,CAMP0012,Organic,118492,3127,410,96,584.87
2017-04-16,CAMP0029,Organic,40134,1685,174,11,492.85
2017-12-15,CAMP0026,Affiliate,46939,6939,1005,142,583.33
2018-05-21,CAMP0017,Email,50756,5420,363,96,372.34
2017-03-16,CAMP0002,Facebook,112337,13547,1715,306,1467.34
2018-04-01,CAMP0020,Google Search,78162,2819,290,85,1976.47
2018-04-06,CAMP0020,Google Search,19387,2715,121,24,1634.11
2018-03-21,CAMP0005,Affiliate,57330,1634,268,62,824.16
2017-09-16,CAMP0001,Affiliate,91260,2337,416,142,258.5
2017-08-10,CAMP0027,Affiliate,64751,3916,387,99,778.97
2017-06-07,CAMP0030,Affiliate,34452,1577,72,4,541.57
2018-05-24,CAMP0025,Referral,63227,9222,522,41,86.72
2018-01-11,CAMP0013,Affiliate,7986,627,39,4,975.74
2017-06-02,CAMP0015,Instagram,55735,5639,400,75,389.7
2017-11-12,CAMP0011,Referral,93274,11325,932,174,1459.04
2017-04-14,CAMP0019,Google Search,116137,8404,391,90,1409.62
2017-11-17,CAMP0022,Referral,17215,2560,409,101,1519.25
2017-03-28,CAMP0002,Facebook,60326,2875,381,51,1004.74
2018-04-28,CAMP0014,Organic,56310,7189,988,216,489.32
2018-03-29,CAMP0020,Google Search,9665,632,73,11,338.84
2017-08-16,CAMP0023,Facebook,52627,1838,109,29,497.35
2017-02-07,CAMP0009,Google Search,38156,5330,902,128,1590.96
2018-01-09,CAMP0013,Affiliate,44176,2160,361,24,710.95
2017-05-22,CAMP0015,Instagram,94559,11102,1794,596,553.14
2017-05-02,CAMP0029,Organic,92554,12833,727,98,487.67
2017-11-24,CAMP0022,Referral,73819,8428,1326,246,897.71
2017-10-30,CAMP0006,Organic,75150,8021,632,44,1134.12
2018-01-27,CAMP0004,Instagram,89845,10879,1452,200,362.48
2018-05-11,CAMP0017,Email,109919,6385,441,115,551.26
2017-07-27,CAMP0027,Affiliate,15502,228,38,7,868.26
2017-08-23,CAMP0016,Email,107994,10275,833,225,1883.51
2018-03-12,CAMP0021,Referral,93078,3194,221,19,657.49
2018-03-06,CAMP0020,Google Search,96631,7781,308,20,599.78
2017-04-22,CAMP0029,Organic,16963,563,62,11,83.67
2017-05-21,CAMP0015,Instagram,92024,3892,271,15,108.22
2018-05-03,CAMP0014,Organic,47876,6483,688,216,1862.4
2018-04-06,CAMP0003,Facebook,29349,3267,491,161,1780.18
2018-02-20,CAMP0004,Instagram,7560,301,21,3,152.63
2017-10-29,CAMP0006,Organic,109776,3007,102,9,150.39
2017-09-15,CAMP0001,Affiliate,23186,2040,295,96,1310.02
2017-04-13,CAMP0019,Google Search,115741,11586,1625,169,248.19
2017-09-22,CAMP0001,Affiliate,61168,8550,458,130,956.72
2018-02-15,CAMP0024,Organic,103555,5227,801,94,1995.83
2017-12-14,CAMP0026,Affiliate,23415,2620,443,78,1209.46
2017-07-31,CAMP0027,Affiliate,53261,1959,154,12,1545.43
2017-10-31,CAMP0006,Organic,117030,1347,88,9,1308.02
2018-03-19,CAMP0020,Google Search,24519,482,52,8,818.65
2017-04-30,CAMP0019,Google Search,119251,7856,570,132,736.9
2017-11-08,CAMP0011,Referral,97236,6902,721,188,1843.72
2017-12-24,CAMP0026,Affiliate,73473,1957,234,52,1558.26
2017-01-04,CAMP0007,Email,84335,1973,118,30,171.29
2017-09-20,CAMP0001,Affiliate,28186,3181,417,113,1071.53
2018-02-09,CAMP0024,Organic,91250,5787,756,136,839.19
2017-04-23,CAMP0019,Google Search,61624,2457,167,35,1536.05
2018-01-27,CAMP0024,Organic,116005,16597,2793,814,1143.63
2018-05-10,CAMP0014,Organic,28792,4183,726,100,979.47
2017-09-21,CAMP0001,Affiliate,54313,2474,286,89,1508.85
2018-05-01,CAMP0003,Facebook,58891,1622,127,29,1318.83
2018-02-20,CAMP0004,Instagram,108997,6404,983,340,748.26
2017-11-06,CAMP0011,Referral,63423,9412,792,164,1611.72
2017-09-17,CAMP0001,Affiliate,117715,3845,306,98,1557.84
2017-10-28,CAMP0006,Organic,109472,9669,1529,307,304.63
2017-11-10,CAMP0011,Referral,51283,4664,604,96,1570.17
2018-03-04,CAMP0018,Instagram,109452,15703,711,214,330.45
2018-04-26,CAMP0025,Referral,93846,3739,351,117,638.02
2017-11-26,CAMP0022,Referral,49368,5763,274,48,458.47
2017-05-11,CAMP0029,Organic,71685,8307,609,188,449.95
2017-09-26,CAMP0012,Organic,44465,608,100,6,1728.21
2018-04-16,CAMP0003,Facebook,36292,4589,476,114,429.31
2017-06-02,CAMP0030,Affiliate,56294,4731,318,47,1852.24
2017-08-09,CAMP0016,Email,57487,4023,390,25,565.17
2017-06-03,CAMP0015,Instagram,61680,4730,661,152,1812.64
2018-04-30,CAMP0017,Email,95894,11770,1379,398,1321.38
2017-08-15,CAMP0027,Affiliate,37110,2174,252,13,992.12
2017-01-24,CAMP0007,Email,81299,7358,698,217,1964.63
2017-08-02,CAMP0016,Email,69916,4954,666,69,1523.62
2018-04-14,CAMP0003,Facebook,62955,7144,1055,166,1427.75
2018-03-10,CAMP0021,Referral,112576,15233,1233,276,1807.12
2017-04-06,CAMP0002,Facebook,52349,6511,982,235,1411.1
2017-09-11,CAMP0001,Affiliate,7094,753,114,31,1773.92
2017-08-11,CAMP0028,Facebook,21582,2351,393,36,883.61
2017-01-11,CAMP0009,Google Search,112065,13113,1589,175,226.54
2017-11-16,CAMP0011,Referral,31628,1004,169,41,457.46
2018-03-07,CAMP0021,Referral,50303,3269,136,15,866.14
2017-03-21,CAMP0002,Facebook,78371,11497,1780,487,200.73
2017-03-24,CAMP0002,Facebook,88526,5590,207,46,603.66
2017-04-13,CAMP0019,Google Search,71966,5269,544,149,327.67
2018-03-29,CAMP0020,Google Search,115548,2487,289,31,964.53
2018-05-01,CAMP0017,Email,49712,1163,125,36,564.92
2017-05-10,CAMP0029,Organic,75073,1515,85,12,1020.0
2018-02-07,CAMP0024,Organic,18852,2123,104,24,1802.18
2018-03-25,CAMP0020,Google Search,21517,324,46,5,908.19
2018-03-19,CAMP0018,Instagram,18135,1556,208,30,959.32
2018-04-24,CAMP0025,Referral,64622,7863,1091,250,583.95
2018-01-11,CAMP0004,Instagram,15371,1743,145,22,1216.22
2017-05-06,CAMP0019,Google Search,74387,6414,388,88,1475.5
2017-11-09,CAMP0011,Referral,34989,3907,386,97,1743.24
2018-02-15,CAMP0024,Organic,36100,1675,122,22,1533.05
2017-06-05,CAMP0008,Instagram,57285,7851,1319,244,824.22
2017-04-30,CAMP0019,Google Search,25897,3529,326,95,493.54
2018-03-09,CAMP0021,Referral,46814,3152,173,16,850.49
2018-04-30,CAMP0014,Organic,13450,574,72,4,1643.98
2018-03-08,CAMP0021,Referral,38276,1630,153,51,777.2
2018-02-08,CAMP0024,Organic,94533,1615,72,23,141.77
2017-05-26,CAMP0030,Affiliate,21357,524,70,14,980.27
2017-05-02,CAMP0029,Organic,96977,9657,1371,393,1405.11
2017-12-28,CAMP0026,Affiliate,77456,6965,681,180,705.94
2017-07-30,CAMP0027,Affiliate,68329,7700,1060,132,1864.84
2018-01-05,CAMP0013,Affiliate,5981,888,106,7,1405.98
2018-02-15,CAMP0004,Instagram,75720,10809,1342,356,643.93
2017-06-15,CAMP0008,Instagram,16034,1115,148,15,1281.63
2017-01-12,CAMP0007,Email,80459,11570,944,240,1426.21
2017-08-05,CAMP0027,Affiliate,86894,9611,1381,360,788.89
2018-03-01,CAMP0024,Organic,46939,2876,270,39,1858.21
2017-06-06,CAMP0008,Instagram,65401,9005,1365,413,1698.91
2017-08-01,CAMP0027,Affiliate,112674,5420,372,112,766.95
2018-03-16,CAMP0018,Instagram,21736,2955,417,51,1887.91
2017-06-02,CAMP0030,Affiliate,61819,6000,852,188,1182.38
2018-04-26,CAMP0014,Organic,88823,8848,408,78,732.15
2017-06-05,CAMP0030,Affiliate,28275,3082,257,15,1788.45
2018-05-23,CAMP0025,Referral,32287,3326,378,74,1805.62
2017-05-31,CAMP0030,Affiliate,114023,1606,98,11,468.09
2017-08-25,CAMP0028,Facebook,16198,410,55,4,1251.39
2018-01-07,CAMP0013,Affiliate,68625,6901,645,136,328.04
2017-09-03,CAMP0023,Facebook,70648,2147,171,47,506.53
2018-04-18,CAMP0005,Affiliate,118509,7423,624,122,1865.22
2017-09-18,CAMP0001,Affiliate,13501,1840,272,70,1391.62
2018-02-16,CAMP0004,Instagram,78215,2588,144,13,1576.69
2018-04-18,CAMP0014,Organic,76096,6635,657,64,735.61
2017-05-04,CAMP0019,Google Search,51863,3485,281,76,499.98
2017-01-12,CAMP0009,Google Search,26331,3798,270,53,80.21
2017-01-30,CAMP0007,Email,77197,4068,424,59,383.29
2017-09-26,CAMP0012,Organic,71449,1594,217,19,1327.89
2018-05-14,CAMP0017,Email,29711,4108,279,73,62.01
2018-02-16,CAMP0004,Instagram,84106,9897,1467,183,1989.82
2017-05-14,CAMP0029,Organic,110229,8351,890,226,61.18
2017-10-26,CAMP0006,Organic,76720,11409,761,96,1844.11
2017-05-15,CAMP0029,Organic,87259,4929,834,110,1778.09
2017-06-06,CAMP0030,Affiliate,84518,9649,1669,251,430.2
2017-01-09,CAMP0009,Google Search,87437,3847,424,84,871.3
2018-03-18,CAMP0018,Instagram,37136,4068,529,74,1662.53
2017-06-02,CAMP0008,Instagram,80918,12101,667,83,429.52
2018-01-17,CAMP0013,Affiliate,100225,14560,2334,318,279.22
2017-12-24,CAMP0026,Affiliate,19108,651,62,12,746.79
2018-05-15,CAMP0014,Organic,30821,2408,249,14,871.37
2017-04-04,CAMP0019,Google Search,27293,1131,67,20,489.19
2017-04-04,CAMP0019,Google Search,112808,16416,1521,495,1738.25
2018-02-26,CAMP0024,Organic,54051,7567,918,210,956.22
2018-03-27,CAMP0005,Affiliate,56901,7148,1055,219,803.18
2017-04-07,CAMP0002,Facebook,79446,7355,864,182,678.73
2018-01-02,CAMP0013,Affiliate,103638,1574,186,54,923.76
2017-09-06,CAMP0023,Facebook,88189,1203,106,28,1097.73
2018-03-15,CAMP0020,Google Search,50722,3128,463,148,584.68
2018-04-23,CAMP0003,Facebook,48509,3627,278,18,1005.38
2018-02-08,CAMP0024,Organic,97261,11910,1980,130,299.28
2017-08-10,CAMP0028,Facebook,40570,6019,1009,101,1779.55
2017-10-22,CAMP0006,Organic,39311,5620,185,25,51.53
2017-08-11,CAMP0027,Affiliate,5289,557,50,6,761.35
2018-01-16,CAMP0013,Affiliate,49538,3373,300,29,197.07
2018-03-06,CAMP0020,Google Search,52383,5227,371,62,990.46
2018-05-23,CAMP0017,Email,112370,6856,1046,194,271.66
2018-04-02,CAMP0020,Google Search,105291,9228,1153,140,1130.76
2017-11-04,CAMP0022,Referral,34280,2741,418,36,535.2
2018-05-09,CAMP0025,Referral,114828,8879,1058,313,1178.48
2017-10-01,CAMP0012,Organic,67701,7016,598,46,101.74
2018-05-21,CAMP0017,Email,69650,2076,125,35,1111.86
2018-03-07,CAMP0018,Instagram,56209,2056,180,17,1332.13
2017-06-01,CAMP0015,Instagram,114087,15894,569,150,1375.47
2017-09-12,CAMP0001,Affiliate,10688,420,37,4,533.14
2018-01-10,CAMP0004,Instagram,89782,10617,999,224,1339.11
2018-04-03,CAMP0020,Google Search,96565,2703,303,53,1139.31
2017-08-17,CAMP0016,Email,19225,2548,413,143,1144.74
2018-05-07,CAMP0014,Organic,29864,1699,159,39,1022.96
2018-02-01,CAMP0004,Instagram,11862,1607,241,32,712.31
2018-03-05,CAMP0020,Google Search,59873,5680,483,37,582.08
2017-05-31,CAMP0015,Instagram,18368,493,84,14,1908.61
2017-08-14,CAMP0023,Facebook,105728,13351,1402,327,1321.48
2017-06-06,CAMP0015,Instagram,82211,9127,1172,217,1108.3
2017-12-26,CAMP0026,Affiliate,86076,7705,1290,186,1758.62
2017-09-18,CAMP0001,Affiliate,32834,371,63,9,871.6
2017-03-15,CAMP0002,Facebook,19319,1948,129,36,1778.86
2017-09-08,CAMP0023,Facebook,51703,4240,140,21,1762.48
2017-08-14,CAMP0027,Affiliate,55133,6094,1074,317,1356.71
2017-08-15,CAMP0028,Facebook,115670,13686,1281,316,1285.75
2017-09-20,CAMP0001,Affiliate,82376,8735,331,105,119.02
2017-03-18,CAMP0002,Facebook,34352,2381,413,38,379.05
2017-08-08,CAMP0027,Affiliate,97830,9725,979,92,1238.34
2017-09-01,CAMP0023,Facebook,19990,417,36,11,968.38
2017-03-15,CAMP0002,Facebook,32821,3233,514,101,1635.56
2017-09-16,CAMP0001,Affiliate,70225,1465,194,67,868.29
2018-01-20,CAMP0004,Instagram,115917,17354,2936,697,1194.41
2018-04-29,CAMP0017,Email,87747,9190,1616,339,1279.18
2017-08-27,CAMP0010,Affiliate,116892,3389,606,63,700.54
2017-11-28,CAMP0022,Referral,11439,1237,164,18,977.36
2018-01-28,CAMP0004,Instagram,33137,1703,283,74,1723.7
2017-09-06,CAMP0023,Facebook,30121,2453,84,28,181.85
2017-08-29,CAMP0010,Affiliate,66656,1679,234,26,834.47
2018-04-03,CAMP0020,Google Search,59943,6994,401,108,1204.03
2017-05-11,CAMP0029,Organic,5319,439,63,9,713.47
2017-05-23,CAMP0030,Affiliate,75843,3578,504,83,1840.47
2017-01-18,CAMP0007,Email,89897,8600,1456,254,405.47
2018-04-20,CAMP0025,Referral,37985,5275,914,145,1650.81
2018-05-20,CAMP0025,Referral,77313,1085,161,56,340.01
2017-10-05,CAMP0012,Organic,117264,11585,878,188,298.95
2017-12-10,CAMP0022,Referral,58755,5322,324,99,653.79
2018-04-27,CAMP0014,Organic,25780,2280,122,30,863.86
2017-09-19,CAMP0012,Organic,99266,12314,484,88,1552.41
2018-03-05,CAMP0018,Instagram,75084,10509,724,57,550.18
2017-12-31,CAMP0013,Affiliate,41802,2188,220,68,1569.98
2018-02-20,CAMP0004,Instagram,54866,730,105,15,1600.52
2018-04-10,CAMP0005,Affiliate,106444,8513,310,103,1871.81
2018-02-04,CAMP0024,Organic,62601,1806,176,51,1498.28
2017-08-10,CAMP0027,Affiliate,117770,6598,534,146,152.29
2018-01-15,CAMP0013,Affiliate,82762,11399,862,294,1044.15
2017-06-09,CAMP0008,Instagram,11437,1629,221,43,1685.6
2017-12-14,CAMP0026,Affiliate,41787,1573,206,60,84.72
2018-04-02,CAMP0005,Affiliate,54546,7899,716,56,1942.62
2018-04-27,CAMP0017,Email,109989,1132,110,35,1875.79
2018-04-24,CAMP0014,Organic,16251,587,80,22,379.9
2017-06-02,CAMP0015,Instagram,24168,1980,101,28,1682.16
2018-04-12,CAMP0014,Organic,114116,5528,865,222,302.61
2017-09-19,CAMP0001,Affiliate,18153,2692,379,32,1199.17
2017-09-11,CAMP0010,Affiliate,99155,8621,648,71,1650.99
2017-12-21,CAMP0026,Affiliate,83999,12173,1787,532,1000.78
2017-09-10,CAMP0010,Affiliate,68784,7461,461,92,1377.67
2018-04-07,CAMP0018,Instagram,101793,9127,840,133,584.67
2018-04-17,CAMP0014,Organic,48299,2766,379,99,495.54
2018-04-11,CAMP0014,Organic,32886,4402,656,95,710.45
2018-01-03,CAMP0026,Affiliate,30021,3834,399,91,549.77
2017-01-29,CAMP0009,Google Search,91864,10612,1107,233,872.27
2018-05-10,CAMP0017,Email,53280,3083,141,20,1761.65
2017-09-05,CAMP0023,Facebook,20457,349,35,11,1033.48
2018-05-01,CAMP0014,Organic,111029,6001,460,77,218.69
2017-11-18,CAMP0022,Referral,38406,2538,180,52,1259.97
2018-01-01,CAMP0013,Affiliate,109380,8639,292,90,1078.15
2017-05-21,CAMP0015,Instagram,33441,1160,137,33,1164.28
2018-03-12,CAMP0018,Instagram,85365,3448,310,89,1413.36
2018-04-09,CAMP0003,Facebook,57118,7824,1233,157,779.68
2017-05-24,CAMP0015,Instagram,116461,2507,306,79,1777.13
2018-02-06,CAMP0004,Instagram,26041,3831,265,29,129.85
2018-03-22,CAMP0020,Google Search,59644,4780,192,48,529.05
2017-09-24,CAMP0012,Organic,56796,5291,699,229,937.18
2017-02-01,CAMP0009,Google Search,95889,9235,1129,59,516.91
2018-03-28,CAMP0020,Google Search,97261,11931,858,286,371.1
2018-01-21,CAMP0024,Organic,27846,3419,233,16,1872.8
2018-03-13,CAMP0020,Google Search,36102,4170,620,153,1240.03
2017-08-19,CAMP0027,Affiliate,114664,16714,2076,688,1100.99
2018-03-21,CAMP0020,Google Search,60141,6740,1101,307,1483.58
2018-03-06,CAMP0021,Referral,62149,9225,985,113,1132.5
2018-01-30,CAMP0024,Organic,40938,1289,184,12,650.12
2017-06-01,CAMP0015,Instagram,82262,10101,316,54,1837.77
2018-02-28,CAMP0021,Referral,33271,3275,215,43,1652.9
2018-05-16,CAMP0025,Referral,100150,12471,738,148,761.96
2018-03-20,CAMP0018,Instagram,88925,1533,51,9,797.92
2017-12-01,CAMP0022,Referral,15226,2041,215,33,1580.8
2017-09-11,CAMP0001,Affiliate,39471,4711,166,47,134.45
2017-09-22,CAMP0001,Affiliate,66987,8731,1164,132,961.36
2017-10-27,CAMP0022,Referral,85910,4098,242,62,1691.2
2017-04-06,CAMP0029,Organic,89417,1873,141,7,196.62
2017-03-19,CAMP0002,Facebook,90018,8910,791,124,397.45
2018-01-04,CAMP0026,Affiliate,76422,3775,576,180,762.42
2017-09-20,CAMP0001,Affiliate,60808,2027,352,121,949.11
2018-01-25,CAMP0024,Organic,94796,10736,641,38,858.5
2018-05-01,CAMP0017,Email,84546,11869,1163,316,148.44
2017-08-04,CAMP0028,Facebook,54102,2661,472,92,767.89
2017-08-06,CAMP0027,Affiliate,72393,4324,345,54,1768.9
2018-03-05,CAMP0020,Google Search,26505,3210,228,35,199.44
2017-04-24,CAMP0019,Google Search,105420,6318,920,143,721.4
2017-12-28,CAMP0026,Affiliate,74874,1157,36,7,1416.43
2017-06-18,CAMP0008,Instagram,88086,12921,452,63,1397.08
2017-12-25,CAMP0026,Affiliate,99655,13412,1751,271,371.63
2017-12-17,CAMP0026,Affiliate,26957,737,111,8,1115.46
2017-01-09,CAMP0007,Email,102923,12647,1192,77,1771.67
2017-01-27,CAMP0009,Google Search,108226,4172,446,140,229.34
2018-05-06,CAMP0014,Organic,83630,5538,578,85,1076.66
2018-04-03,CAMP0005,Affiliate,41139,1575,210,55,178.07
2017-08-14,CAMP0023,Facebook,29212,3795,270,43,1500.18
2018-04-30,CAMP0017,Email,84324,11833,895,244,315.82
2017-06-06,CAMP0008,Instagram,118671,2638,200,36,1165.74
2018-05-15,CAMP0017,Email,8601,639,66,4,631.51
2018-05-15,CAMP0014,Organic,119916,11888,721,240,733.63
2017-08-28,CAMP0010,Affiliate,41751,646,102,34,1090.84
2017-09-25,CAMP0012,Organic,37165,3914,395,111,508.61
2017-06-04,CAMP0015,Instagram,30792,2260,273,89,153.81
2017-11-10,CAMP0011,Referral,67060,2816,405,135,1179.76
2018-03-07,CAMP0021,Referral,44408,4142,381,70,612.6
2018-02-22,CAMP0004,Instagram,70719,10336,1270,358,76.94
2018-03-08,CAMP0020,Google Search,73346,10390,1620,356,249.65
2018-04-21,CAMP0025,Referral,87875,7988,582,127,537.98
2018-01-02,CAMP0026,Affiliate,64815,1685,164,27,903.29
2018-01-27,CAMP0024,Organic,32571,4624,205,32,1714.91
2017-08-31,CAMP0023,Facebook,96494,7971,1230,382,952.53
2018-01-26,CAMP0024,Organic,86881,8236,983,196,547.1
2018-04-30,CAMP0003,Facebook,105678,14289,1297,370,152.63
2017-06-03,CAMP0030,Affiliate,8385,821,86,10,1210.9
2017-06-08,CAMP0008,Instagram,109960,8282,1215,423,577.15
2018-04-02,CAMP0005,Affiliate,103190,15210,1852,413,1816.52
2017-08-17,CAMP0023,Facebook,87829,4101,326,64,799.75
2017-05-21,CAMP0030,Affiliate,37076,5276,565,138,1536.2
2018-01-25,CAMP0004,Instagram,80488,2903,149,50,1607.08
2017-09-25,CAMP0012,Organic,76037,6090,883,138,1673.55
2018-01-30,CAMP0024,Organic,118114,16841,2624,787,1176.74
2017-08-02,CAMP0028,Facebook,107349,1610,95,28,421.22
2017-12-01,CAMP0022,Referral,31816,4379,638,107,195.09
2017-06-11,CAMP0008,Instagram,40111,586,77,11,1190.52
2017-05-04,CAMP0029,Organic,43223,453,18,5,1411.27
2018-01-08,CAMP0013,Affiliate,33209,4383,480,88,261.59
2017-05-24,CAMP0030,Affiliate,75871,3585,591,158,407.81
2018-05-22,CAMP0025,Referral,88675,2233,202,65,1378.13
2017-09-11,CAMP0010,Affiliate,32138,1218,119,37,1162.57
2017-05-01,CAMP0029,Organic,87217,3865,637,58,780.25
2017-04-21,CAMP0019,Google Search,60657,8385,336,73,1475.78
2017-09-18,CAMP0001,Affiliate,48018,2294,317,68,392.14
2017-10-08,CAMP0012,Organic,11777,902,28,9,233.04
2017-06-02,CAMP0015,Instagram,103142,5919,736,244,213.59
2017-08-03,CAMP0027,Affiliate,63766,994,73,9,1302.11
2017-03-26,CAMP0002,Facebook,41706,6208,1100,172,1376.02
2017-06-16,CAMP0008,Instagram,47325,1120,148,50,970.96
2018-04-20,CAMP0025,Referral,22584,1784,196,24,543.79
2017-10-12,CAMP0012,Organic,35990,3240,450,136,1701.19
2017-05-24,CAMP0030,Affiliate,113701,10388,1617,238,268.28
2017-04-28,CAMP0019,Google Search,89237,7341,311,21,998.46
2017-04-16,CAMP0019,Google Search,100832,2518,305,77,1187.13
2018-02-23,CAMP0004,Instagram,11085,1392,182,34,67.95
2017-01-27,CAMP0007,Email,89643,8317,315,72,97.55
2017-06-17,CAMP0008,Instagram,31798,2014,227,47,505.16
2017-11-01,CAMP0006,Organic,89571,8186,343,82,241.4
2018-05-02,CAMP0025,Referral,95369,12396,1452,403,1883.69
2018-01-19,CAMP0004,Instagram,102007,6657,623,166,341.66
2018-02-13,CAMP0004,Instagram,48714,5214,541,143,1245.52
2017-04-23,CAMP0019,Google Search,114876,10632,1884,468,1031.4
2017-09-22,CAMP0001,Affiliate,99906,4008,150,42,1838.27
2018-04-27,CAMP0017,Email,108553,13760,899,79,1600.12
2017-09-09,CAMP0023,Facebook,117559,8113,1155,113,1000.97
2017-01-12,CAMP0007,Email,118906,8574,1537,525,1808.69
2017-08-16,CAMP0027,Affiliate,65410,1230,193,66,938.73
2018-03-06,CAMP0020,Google Search,94457,12394,812,41,490.82
2017-05-28,CAMP0030,Affiliate,77390,7840,1051,284,404.57
2018-03-16,CAMP0020,Google Search,51281,3330,475,64,482.36
2017-04-24,CAMP0029,Organic,82579,12221,418,122,602.23
2017-09-11,CAMP0001,Affiliate,69461,8782,378,44,611.19
2018-01-18,CAMP0013,Affiliate,72138,4534,659,74,1531.99
2017-10-16,CAMP0006,Organic,65266,3336,505,60,1752.46
2018-01-15,CAMP0013,Affiliate,55516,3467,239,23,1371.06
2017-05-24,CAMP0015,Instagram,61289,5362,453,114,1658.18
2017-06-03,CAMP0008,Instagram,22280,1928,189,43,484.54
2018-05-12,CAMP0025,Referral,112065,11257,1648,387,1794.1
2017-12-14,CAMP0026,Affiliate,53257,1509,105,23,605.3
2018-03-29,CAMP0020,Google Search,88638,2489,346,56,1866.93
2018-05-01,CAMP0014,Organic,23655,277,38,5,1924.47
2018-05-12,CAMP0014,Organic,103974,10756,494,149,1262.64
2017-11-01,CAMP0006,Organic,54982,5264,724,233,1849.91
2017-11-19,CAMP0022,Referral,40386,2584,277,75,1511.58
2018-04-28,CAMP0017,Email,84322,9037,1431,161,985.41
2017-11-12,CAMP0011,Referral,77465,7670,284,34,53.8
2017-08-02,CAMP0027,Affiliate,66673,4540,254,51,1230.86
2017-06-12,CAMP0008,Instagram,95865,14370,997,172,970.78
2018-01-04,CAMP0013,Affiliate,49567,3552,301,93,136.44
2018-04-02,CAMP0020,Google Search,77696,4281,227,36,1880.95
2017-01-24,CAMP0007,Email,38898,1951,272,45,1923.11
2017-12-03,CAMP0022,Referral,65331,2305,79,24,1901.35
2018-04-18,CAMP0005,Affiliate,34294,1077,78,22,1224.0
2018-01-01,CAMP0026,Affiliate,112154,6832,449,116,1969.37
2018-04-02,CAMP0020,Google Search,23970,2874,387,42,1245.3
2017-04-20,CAMP0019,Google Search,15907,1140,50,14,705.67
2018-04-08,CAMP0014,Organic,103491,12944,1780,142,1721.75
2017-12-09,CAMP0022,Referral,61333,1976,344,108,1010.54
2017-11-10,CAMP0011,Referral,65808,5460,171,11,760.35
2018-05-03,CAMP0014,Organic,110054,15956,1129,214,1079.5
2018-04-30,CAMP0025,Referral,10977,1350,231,20,1728.85
2018-05-11,CAMP0025,Referral,109011,4076,405,65,409.57
2017-03-29,CAMP0002,Facebook,101783,2916,515,170,97.23
2017-01-16,CAMP0009,Google Search,111244,6793,591,89,300.82
2018-03-13,CAMP0021,Referral,74383,2229,69,10,791.39
2018-01-04,CAMP0013,Affiliate,92804,8804,817,130,1298.93
2018-03-09,CAMP0018,Instagram,45888,6713,283,39,1736.81
2018-04-15,CAMP0025,Referral,112795,6941,376,19,930.11
2017-05-05,CAMP0029,Organic,48259,5665,326,65,1974.62
2017-08-08,CAMP0028,Facebook,115538,11674,1706,170,533.17
2017-10-27,CAMP0006,Organic,59047,6401,1006,256,1741.92
2017-08-23,CAMP0027,Affiliate,60635,2049,338,87,315.53
2018-03-12,CAMP0020,Google Search,106152,10654,1551,281,354.6
2017-11-11,CAMP0011,Referral,51807,7216,421,116,1024.31
2017-01-09,CAMP0007,Email,64432,7475,1100,153,1311.84
2017-09-13,CAMP0010,Affiliate,55623,3946,243,39,513.53
2017-05-22,CAMP0030,Affiliate,40919,4939,626,175,1449.1
2017-08-10,CAMP0016,Email,99943,6292,572,179,734.64
2018-03-11,CAMP0018,Instagram,6901,92,13,3,1337.4
2017-12-26,CAMP0026,Affiliate,16702,733,124,39,1647.36
2017-09-23,CAMP0012,Organic,34237,1934,261,23,862.31
2017-08-04,CAMP0016,Email,51847,6926,1185,171,756.39
2018-04-02,CAMP0005,Affiliate,79513,8199,582,201,73.28
2018-01-08,CAMP0013,Affiliate,97304,4148,245,29,143.1
2017-05-11,CAMP0029,Organic,17850,2086,80,6,1131.83
2017-03-12,CAMP0002,Facebook,34945,2936,90,24,1232.23
2017-07-25,CAMP0016,Email,98982,14691,1642,124,194.33
2018-01-15,CAMP0004,Instagram,48174,2837,240,75,1105.03
2018-05-11,CAMP0014,Organic,64065,9419,1423,86,1236.14
2018-04-24,CAMP0025,Referral,71314,2751,487,153,880.04
2017-03-19,CAMP0002,Facebook,22667,800,130,28,656.04
2017-08-30,CAMP0023,Facebook,46958,1747,278,54,663.46
2018-02-01,CAMP0004,Instagram,76240,11301,1053,222,1428.72
2018-03-19,CAMP0018,Instagram,51845,1495,73,25,1006.35
2017-11-09,CAMP0011,Referral,57899,6620,576,42,693.1
2018-01-16,CAMP0004,Instagram,101129,14309,1258,334,1493.36
2018-05-23,CAMP0025,Referral,7161,763,103,10,1864.04
2017-04-03,CAMP0002,Facebook,44429,3102,368,92,317.63
2017-08-28,CAMP0010,Affiliate,54874,7767,1372,93,1576.2
2017-08-20,CAMP0028,Facebook,8708,95,14,2,630.72
2017-06-07,CAMP0015,Instagram,114064,5591,708,62,448.15
2017-08-24,CAMP0016,Email,91840,989,110,10,1907.78
2018-04-22,CAMP0005,Affiliate,76015,5789,460,32,1014.72
2017-12-24,CAMP0026,Affiliate,105915,5440,196,59,573.13
2017-11-14,CAMP0011,Referral,35254,4459,705,157,130.19
2017-12-20,CAMP0026,Affiliate,80718,9351,859,255,1940.47
2018-04-11,CAMP0003,Facebook,45005,6205,512,82,445.38
2017-06-03,CAMP0015,Instagram,107650,4488,729,122,782.38
2018-03-25,CAMP0020,Google Search,96696,9329,477,86,990.43
2017-01-14,CAMP0009,Google Search,43836,6007,483,34,1902.95
2018-05-20,CAMP0017,Email,87670,7537,389,53,1855.18
2017-06-16,CAMP0008,Instagram,111503,2115,225,74,1361.62
2017-12-07,CAMP0022,Referral,113861,1342,121,9,1023.86
2017-08-03,CAMP0016,Email,87962,6336,928,306,552.73
2018-04-28,CAMP0014,Organic,94001,13643,835,209,1815.07
2017-11-20,CAMP0022,Referral,83407,7845,1174,270,614.31
2018-03-03,CAMP0021,Referral,86105,5037,444,102,1703.31
2018-05-14,CAMP0017,Email,117232,11256,1307,224,1455.8
2017-07-30,CAMP0027,Affiliate,61133,5403,438,51,1560.94
2018-04-03,CAMP0003,Facebook,110487,9981,926,157,1825.62
2017-03-23,CAMP0002,Facebook,34510,3874,616,132,919.06
2018-03-17,CAMP0018,Instagram,42721,6406,422,76,1267.16
2018-03-10,CAMP0021,Referral,75200,10306,1848,597,1088.75
2017-08-19,CAMP0027,Affiliate,87832,2476,82,25,532.15
2018-05-03,CAMP0017,Email,109431,2311,123,12,1478.95
2017-10-19,CAMP0006,Organic,66190,5653,665,205,717.71
2017-08-17,CAMP0023,Facebook,5964,605,21,5,1403.9
2017-06-06,CAMP0008,Instagram,15389,389,24,1,1879.7
2017-01-25,CAMP0007,Email,63245,4759,542,116,1482.75
2017-08-18,CAMP0028,Facebook,58991,1530,78,6,1949.1
2017-11-09,CAMP0011,Referral,18455,1026,63,4,762.03
2017-08-09,CAMP0027,Affiliate,114673,10086,1671,367,1242.84
2017-05-22,CAMP0030,Affiliate,28606,1394,177,11,1834.43
2018-05-08,CAMP0025,Referral,103526,10678,1205,399,633.45
2018-03-29,CAMP0020,Google Search,70781,10337,715,95,1306.65
2018-01-27,CAMP0004,Instagram,22805,3343,232,67,1003.91
2017-05-31,CAMP0015,Instagram,92274,3234,421,126,1935.69
2017-08-19,CAMP0016,Email,67841,9110,752,208,1682.12
2017-04-29,CAMP0019,Google Search,81856,1117,44,9,285.76
2017-11-11,CAMP0011,Referral,85060,10721,993,180,1374.54
2018-05-24,CAMP0025,Referral,112411,3409,458,92,1573.83
2018-04-27,CAMP0025,Referral,99328,11714,1672,390,50.3
2017-12-27,CAMP0026,Affiliate,70390,7835,986,277,1234.43
2018-03-30,CAMP0020,Google Search,67082,6476,1060,257,1229.68
2018-04-12,CAMP0018,Instagram,30808,4035,609,49,1512.28
2017-08-13,CAMP0027,Affiliate,116986,2310,74,16,1453.09
2017-10-17,CAMP0006,Organic,60130,986,131,41,688.97
2018-03-08,CAMP0021,Referral,27753,711,108,7,1092.01
2018-04-19,CAMP0025,Referral,10181,337,19,6,1953.93
2018-02-16,CAMP0004,Instagram,99473,12260,1763,493,447.87
2017-10-29,CAMP0022,Referral,6651,585,38,7,1361.11
2017-04-06,CAMP0019,Google Search,73827,9763,632,56,1767.17
2017-12-24,CAMP0026,Affiliate,65163,2647,468,123,848.18
2017-08-08,CAMP0028,Facebook,106915,2671,81,13,458.81
2017-10-08,CAMP0012,Organic,39564,3050,94,20,129.43
2018-03-13,CAMP0021,Referral,72894,4145,660,48,593.69
2017-01-25,CAMP0007,Email,116993,10736,878,281,881.21
2017-06-04,CAMP0030,Affiliate,27004,3057,466,161,1855.01
2017-08-13,CAMP0028,Facebook,23947,2033,73,7,693.65
2018-05-14,CAMP0014,Organic,75987,7964,934,261,1386.77
2018-03-12,CAMP0020,Google Search,35327,5218,559,29,69.63
2017-09-05,CAMP0010,Affiliate,108628,12520,642,70,1508.73
2017-11-08,CAMP0011,Referral,34540,1629,268,73,68.75
2017-03-20,CAMP0002,Facebook,14561,1873,113,7,1196.4
2017-09-13,CAMP0023,Facebook,25790,1334,121,37,1549.93
2018-04-07,CAMP0005,Affiliate,75499,7188,1146,61,1667.32
2017-11-15,CAMP0022,Referral,47061,5361,884,275,206.72
2017-10-25,CAMP0006,Organic,110623,3073,238,26,1817.12
2017-07-24,CAMP0016,Email,5781,496,60,17,1700.46
2017-08-12,CAMP0016,Email,45655,4438,640,41,1032.21
2018-04-07,CAMP0003,Facebook,114145,11338,495,134,1477.95
2017-10-08,CAMP0012,Organic,12811,263,35,2,1900.74
2017-08-19,CAMP0023,Facebook,85390,1437,83,23,210.22
2017-08-16,CAMP0028,Facebook,23445,376,25,1,765.29
2018-05-11,CAMP0017,Email,61404,4175,541,38,1630.93
2018-03-16,CAMP0005,Affiliate,8519,517,70,5,750.42
2017-09-04,CAMP0010,Affiliate,16235,1802,186,53,964.13
2017-12-28,CAMP0013,Affiliate,107919,6852,1138,103,1807.39
2017-10-24,CAMP0006,Organic,103177,5838,196,51,754.91
2017-06-01,CAMP0008,Instagram,63987,1467,224,46,803.0
2017-12-31,CAMP0026,Affiliate,104124,15053,2038,586,885.81
2017-09-19,CAMP0001,Affiliate,41134,2902,173,32,1957.14
2018-05-03,CAMP0017,Email,22224,931,134,41,862.13
2017-10-22,CAMP0006,Organic,35241,3610,575,181,1550.41
2017-10-11,CAMP0012,Organic,52577,7864,363,69,1098.04
2017-08-04,CAMP0016,Email,96920,13827,1714,420,696.48
2017-05-10,CAMP0029,Organic,40876,2240,231,59,114.99
2017-08-12,CAMP0028,Facebook,76699,3919,583,103,250.4
2017-06-15,CAMP0008,Instagram,44153,1147,171,42,108.92
2018-03-20,CAMP0020,Google Search,119383,1556,153,30,1572.05
2017-08-12,CAMP0028,Facebook,11102,1647,257,24,125.0
2018-03-04,CAMP0021,Referral,14689,1582,157,41,1864.59
2017-03-30,CAMP0002,Facebook,105475,11633,546,134,464.01
2018-02-07,CAMP0024,Organic,34132,3787,492,128,693.22
2017-12-20,CAMP0026,Affiliate,9251,822,103,13,745.83
2017-10-07,CAMP0012,Organic,67457,5951,978,204,1895.0
2017-09-05,CAMP0010,Affiliate,28513,3570,391,120,1083.73
2017-08-19,CAMP0010,Affiliate,110229,2316,316,54,104.49
2017-09-21,CAMP0001,Affiliate,63949,5026,549,137,111.28
2017-04-18,CAMP0019,Google Search,32640,2855,199,13,1946.99
2018-05-02,CAMP0017,Email,48303,1131,197,64,304.64
2017-05-24,CAMP0015,Instagram,70597,9992,804,264,1833.47
2017-11-08,CAMP0022,Referral,91277,8140,1000,245,220.9
2017-12-24,CAMP0026,Affiliate,36882,2989,233,31,481.5
2017-09-11,CAMP0023,Facebook,75414,7598,606,90,1885.69
2018-01-09,CAMP0013,Affiliate,34192,3630,367,122,57.15
2018-04-25,CAMP0025,Referral,30713,436,31,3,1032.22
2018-05-04,CAMP0025,Referral,41065,1431,152,17,660.7
2017-11-20,CAMP0022,Referral,104485,1698,112,28,1756.34
2017-07-31,CAMP0027,Affiliate,93872,12554,983,146,113.47
2018-05-07,CAMP0017,Email,34159,1253,44,2,1695.55
2017-09-02,CAMP0023,Facebook,28606,2285,382,104,98.95
2018-04-14,CAMP0014,Organic,41905,568,24,6,1726.29
2017-09-04,CAMP0023,Facebook,100584,10469,1366,459,785.78
2018-03-13,CAMP0021,Referral,101927,10872,894,54,1416.9
2018-05-09,CAMP0017,Email,30054,2756,118,40,958.38
2018-01-12,CAMP0013,Affiliate,22073,1976,120,36,61.93
2017-08-31,CAMP0023,Facebook,41196,5249,730,91,327.85
2017-08-17,CAMP0027,Affiliate,79774,8587,415,141,1796.93
2017-03-28,CAMP0002,Facebook,36747,1572,135,12,655.19
2017-07-28,CAMP0016,Email,97596,11963,1004,117,1834.93
2018-04-18,CAMP0014,Organic,20243,923,56,18,765.9
2018-05-24,CAMP0025,Referral,59796,4193,414,72,1184.3
2018-03-28,CAMP0005,Affiliate,52190,3559,247,77,1727.95
2017-09-20,CAMP0001,Affiliate,52911,1407,176,42,1995.91
2017-10-08,CAMP0012,Organic,5443,656,57,19,73.88
2017-11-01,CAMP0006,Organic,35703,1176,155,38,967.07
2018-04-16,CAMP0003,Facebook,86690,12721,1659,165,1605.1
2017-12-14,CAMP0026,Affiliate,37715,4794,147,27,1958.53
2018-04-22,CAMP0025,Referral,98576,11846,1443,455,312.17
2018-03-20,CAMP0005,Affiliate,13221,1512,74,23,330.05
2018-03-25,CAMP0005,Affiliate,59485,611,39,6,164.52
2017-08-01,CAMP0027,Affiliate,14949,1953,243,63,318.01
2017-05-01,CAMP0029,Organic,109523,7444,861,269,211.23
2018-04-06,CAMP0020,Google Search,18549,391,23,7,226.34
2017-04-05,CAMP0019,Google Search,81924,6014,1066,139,759.31
2017-10-20,CAMP0006,Organic,31572,1099,83,5,947.5
2017-01-29,CAMP0007,Email,61022,7481,1050,56,1074.0
2018-02-25,CAMP0024,Organic,118731,2629,248,58,1361.29
2017-05-23,CAMP0015,Instagram,74234,11067,843,256,1596.91
2017-05-03,CAMP0029,Organic,33727,2362,367,109,1568.98
2018-03-04,CAMP0021,Referral,17047,1932,146,30,1205.87
2018-05-12,CAMP0025,Referral,104276,11668,499,129,126.72
2018-02-08,CAMP0004,Instagram,111626,6301,769,206,920.07
2017-08-04,CAMP0027,Affiliate,117650,4561,584,88,896.7
2018-02-17,CAMP0024,Organic,38951,2630,259,58,1389.16
2017-09-02,CAMP0010,Affiliate,36253,5246,637,151,1498.25
2018-03-06,CAMP0018,Instagram,26315,820,134,30,212.14
2018-01-08,CAMP0013,Affiliate,90672,11650,1023,72,564.16
2018-04-29,CAMP0017,Email,24536,3634,631,130,1573.61
2018-04-21,CAMP0025,Referral,65707,5445,872,203,1726.0
2018-04-09,CAMP0003,Facebook,100737,4494,151,37,1215.0
2017-10-22,CAMP0006,Organic,93245,8606,1226,178,910.06
2017-05-21,CAMP0015,Instagram,83922,1056,155,36,1109.1
2018-04-03,CAMP0005,Affiliate,70780,7537,1192,164,164.1
2018-01-01,CAMP0013,Affiliate,53480,2638,99,23,732.93
2017-08-20,CAMP0010,Affiliate,88823,3400,424,122,1212.07
2017-12-21,CAMP0026,Affiliate,100713,4525,658,192,1722.79
2017-10-06,CAMP0012,Organic,73408,1335,131,14,436.91
2018-01-14,CAMP0013,Affiliate,105172,8068,875,176,240.49
2017-10-31,CAMP0006,Organic,40123,5826,963,61,1301.5
2017-06-01,CAMP0008,Instagram,98603,10558,505,30,1860.09
2018-03-21,CAMP0020,Google Search,105693,2854,375,103,242.46
2017-03-30,CAMP0002,Facebook,68599,6108,598,174,983.19
2017-05-04,CAMP0029,Organic,117728,6688,791,206,1612.32
2017-03-31,CAMP0002,Facebook,72141,1828,214,58,730.8
2017-01-26,CAMP0009,Google Search,26375,279,33,10,1736.52
2018-01-14,CAMP0013,Affiliate,116680,6255,487,81,1445.63
2017-10-18,CAMP0006,Organic,33539,1858,296,29,146.55
2018-05-22,CAMP0017,Email,24929,1222,181,52,1908.94
2018-05-04,CAMP0014,Organic,56557,3393,521,93,228.1
2018-02-21,CAMP0024,Organic,70605,6801,223,49,1634.5
2018-01-24,CAMP0024,Organic,110284,4733,474,111,781.12
2017-05-14,CAMP0029,Organic,30886,1070,48,10,914.28
2017-01-24,CAMP0009,Google Search,51780,3593,236,53,1400.92
2018-01-03,CAMP0013,Affiliate,46692,2250,350,45,170.73
2017-09-22,CAMP0001,Affiliate,26564,3683,499,91,1751.61
2017-08-05,CAMP0016,Email,5794,488,25,3,570.37
2018-04-25,CAMP0014,Organic,60462,1950,172,19,1358.41
2017-08-21,CAMP0027,Affiliate,107282,12469,833,237,678.39
2017-09-29,CAMP0012,Organic,110749,13870,1723,328,50.29
2018-01-27,CAMP0004,Instagram,9942,582,38,7,1345.76
2017-03-21,CAMP0002,Facebook,22992,1406,208,69,312.36
2018-04-12,CAMP0005,Affiliate,71928,2182,230,13,521.37
2017-01-15,CAMP0007,Email,42396,3633,179,25,1798.28
2017-05-28,CAMP0030,Affiliate,90897,2109,273,30,1553.8
2017-01-06,CAMP0007,Email,46767,4376,264,56,889.33
2017-11-12,CAMP0011,Referral,78812,1118,189,52,1290.36
2018-04-26,CAMP0025,Referral,107681,2999,334,83,1225.63
2018-05-18,CAMP0017,Email,54069,5035,488,93,1183.6
2018-05-02,CAMP0025,Referral,68979,3905,436,125,630.75
2017-12-28,CAMP0026,Affiliate,83869,9905,463,115,1230.99
2017-10-07,CAMP0012,Organic,74737,3622,251,45,1271.42
2018-04-13,CAMP0005,Affiliate,41979,640,70,17,1533.22
2018-04-17,CAMP0003,Facebook,33347,808,65,20,767.06
2017-11-10,CAMP0011,Referral,56872,2481,405,124,1137.26
2017-08-22,CAMP0028,Facebook,31050,838,43,10,117.81
2017-11-10,CAMP0022,Referral,50615,6250,1026,65,864.29
2018-04-21,CAMP0014,Organic,38914,4867,277,73,1619.26
2018-04-23,CAMP0025,Referral,87914,3209,363,118,395.01
2018-01-26,CAMP0004,Instagram,54388,1016,138,11,367.72
2018-03-29,CAMP0020,Google Search,11634,626,69,4,1381.32
2017-01-20,CAMP0009,Google Search,15252,642,86,23,1079.71
2017-09-10,CAMP0001,Affiliate,88742,4391,641,54,1870.62
2017-05-29,CAMP0030,Affiliate,107153,10679,1691,198,1300.78
2017-08-13,CAMP0016,Email,79620,3300,177,61,599.0
2017-09-19,CAMP0012,Organic,9878,476,24,5,1302.95
2017-04-12,CAMP0019,Google Search,30180,2831,416,79,140.79
2017-12-18,CAMP0026,Affiliate,96546,6729,565,32,927.12
2018-03-29,CAMP0018,Instagram,16867,1717,181,16,1374.58
2017-08-11,CAMP0016,Email,103021,8114,1246,269,1231.8
2017-05-27,CAMP0030,Affiliate,12387,1705,137,22,697.14
2017-01-15,CAMP0007,Email,104231,8257,565,32,783.11
2017-05-23,CAMP0030,Affiliate,5654,344,40,2,387.51
2018-04-06,CAMP0018,Instagram,92441,3985,274,68,1517.5
2017-03-21,CAMP0002,Facebook,42498,1281,149,26,1975.46
2017-01-08,CAMP0007,Email,17731,1670,189,54,1160.2
2017-11-05,CAMP0022,Referral,12440,517,39,3,1626.97
2017-05-22,CAMP0030,Affiliate,5352,533,23,2,1038.34
2018-03-24,CAMP0020,Google Search,109417,15059,2707,581,1520.03
2018-05-06,CAMP0017,Email,110900,2457,322,70,1644.18
2018-05-23,CAMP0017,Email,47665,4426,397,107,89.04
2017-01-08,CAMP0007,Email,6325,536,96,20,339.94
2017-09-22,CAMP0001,Affiliate,55794,7912,499,29,1842.4
2017-05-14,CAMP0029,Organic,7219,794,111,23,425.48
2017-06-14,CAMP0008,Instagram,88546,10370,1074,157,257.79
2017-06-04,CAMP0015,Instagram,5463,133,20,6,1212.9
2018-03-12,CAMP0021,Referral,104962,6362,419,132,757.14
2017-09-15,CAMP0001,Affiliate,66423,9142,424,104,567.27
2018-03-26,CAMP0018,Instagram,61336,3649,532,126,1688.1
2017-01-19,CAMP0007,Email,31531,3579,271,17,1884.05
2018-01-31,CAMP0024,Organic,92716,4533,440,43,1556.96
2017-08-08,CAMP0016,Email,5963,848,47,13,231.59
2017-02-02,CAMP0009,Google Search,113860,11994,1749,562,126.14
2017-11-15,CAMP0011,Referral,67866,761,96,29,78.63
2018-05-04,CAMP0025,Referral,76678,4266,181,18,1612.32
2018-01-25,CAMP0024,Organic,58173,2798,425,136,1497.76
2017-04-05,CAMP0002,Facebook,90777,2948,338,47,1186.31
2017-08-21,CAMP0023,Facebook,28628,2293,244,71,621.37
2017-06-07,CAMP0008,Instagram,46875,1310,76,23,1906.6
2018-01-21,CAMP0024,Organic,56632,5734,181,19,954.06
2017-09-10,CAMP0010,Affiliate,104225,12493,1774,348,1891.11
2018-04-27,CAMP0014,Organic,48234,4345,579,36,731.65
2018-04-07,CAMP0018,Instagram,99623,11354,1791,393,1283.64
2018-03-04,CAMP0021,Referral,16655,1063,120,25,1728.12
2018-04-02,CAMP0005,Affiliate,46569,2331,95,16,208.25
2018-05-15,CAMP0025,Referral,7551,562,62,5,1308.3
2018-02-06,CAMP0004,Instagram,116674,6241,1056,186,697.04
2017-09-08,CAMP0023,Facebook,113588,12243,611,44,623.27
2018-03-16,CAMP0018,Instagram,18007,2029,195,33,1023.01
2017-04-05,CAMP0002,Facebook,60328,8579,1062,121,371.09
2017-09-11,CAMP0001,Affiliate,97754,7785,442,52,897.23
2017-05-03,CAMP0019,Google Search,54186,6912,848,189,208.74
2017-01-19,CAMP0009,Google Search,17973,846,61,19,351.62
2017-09-21,CAMP0001,Affiliate,117761,6459,1107,91,1999.24
2018-03-10,CAMP0020,Google Search,61509,2088,343,20,1022.01
2017-05-23,CAMP0030,Affiliate,22872,419,35,5,884.76
2018-04-10,CAMP0014,Organic,71952,10592,1578,325,1612.3
2017-10-20,CAMP0006,Organic,19863,1888,299,62,1464.58
2018-04-11,CAMP0014,Organic,65747,5985,689,114,1737.94
2018-04-14,CAMP0014,Organic,28149,546,18,2,1108.25
2017-03-16,CAMP0002,Facebook,48520,964,39,12,1783.09
2017-09-10,CAMP0001,Affiliate,83371,6490,1115,260,609.0
2018-04-16,CAMP0014,Organic,86720,10342,1797,448,689.91
2017-05-23,CAMP0015,Instagram,106819,5709,952,100,629.7
2018-04-21,CAMP0014,Organic,12671,506,18,4,1790.88
2017-09-08,CAMP0010,Affiliate,60726,3062,118,17,1572.96
2017-08-23,CAMP0010,Affiliate,68710,8783,1331,266,353.61
2017-04-26,CAMP0029,Organic,35407,4875,456,97,191.57
2017-12-31,CAMP0013,Affiliate,96594,11441,1466,348,1110.83
2017-08-03,CAMP0027,Affiliate,61624,849,49,16,75.24
2017-08-20,CAMP0028,Facebook,29012,2273,103,28,313.09
2018-03-12,CAMP0020,Google Search,43533,5190,194,61,277.31
2017-10-16,CAMP0006,Organic,118482,5694,408,73,486.1
2018-03-23,CAMP0020,Google Search,39835,3676,220,42,698.74
2018-04-30,CAMP0017,Email,100619,5455,787,211,961.97
2018-05-09,CAMP0014,Organic,55712,2355,188,26,161.09
2018-03-07,CAMP0020,Google Search,18357,1549,175,24,1687.32
2017-01-19,CAMP0007,Email,42330,3847,301,36,1412.18
2017-09-21,CAMP0001,Affiliate,14247,691,118,6,1132.58
2018-01-02,CAMP0026,Affiliate,22072,2236,287,23,463.15
2017-05-06,CAMP0019,Google Search,22974,1848,237,47,194.48
2017-03-17,CAMP0002,Facebook,9539,1349,93,17,551.87
2018-04-28,CAMP0017,Email,88888,3679,474,34,756.64
2017-04-02,CAMP0002,Facebook,20175,1851,80,11,604.78
2017-10-28,CAMP0006,Organic,51309,6223,911,87,82.68
2018-04-20,CAMP0003,Facebook,87864,12164,838,55,1728.76
2018-04-08,CAMP0003,Facebook,59517,8771,1097,68,350.69
2017-04-22,CAMP0019,Google Search,116888,12958,1086,323,344.05
2018-03-02,CAMP0018,Instagram,55186,7873,1049,327,1048.23
2017-06-10,CAMP0030,Affiliate,42167,4776,210,55,1225.8
2018-01-24,CAMP0004,Instagram,56968,1293,223,57,1016.59
2018-05-13,CAMP0014,Organic,78718,6854,530,83,87.8
2017-11-06,CAMP0022,Referral,55593,1150,48,10,1994.76
2017-03-12,CAMP0002,Facebook,110899,12140,1537,120,309.02
2017-09-12,CAMP0001,Affiliate,47441,1413,73,7,831.27
2017-01-11,CAMP0009,Google Search,86671,12927,683,194,1320.43
2017-08-20,CAMP0028,Facebook,78359,7143,908,282,1791.75
2017-12-23,CAMP0026,Affiliate,77298,1833,170,45,713.37
2018-04-09,CAMP0005,Affiliate,84037,6238,687,178,1745.29
2017-03-19,CAMP0002,Facebook,45230,1746,225,69,223.55
2017-05-22,CAMP0015,Instagram,77417,2003,358,31,536.34
2017-01-14,CAMP0009,Google Search,116493,17052,3036,576,1466.57
2018-03-26,CAMP0018,Instagram,36439,4469,340,65,362.83
2017-10-06,CAMP0012,Organic,82669,3461,119,31,944.59
2017-12-07,CAMP0022,Referral,35933,815,66,8,842.08
2018-03-01,CAMP0021,Referral,38300,5317,250,83,904.67
2017-06-10,CAMP0008,Instagram,49785,5741,620,112,259.93
2017-01-20,CAMP0007,Email,56081,1832,164,14,1818.77
2018-03-31,CAMP0020,Google Search,81123,3309,399,114,1488.35
2017-06-10,CAMP0030,Affiliate,30927,3333,569,177,1057.71
2017-09-19,CAMP0012,Organic,44380,2503,228,44,1922.85
2017-09-19,CAMP0012,Organic,93260,5988,618,180,1720.08
2017-06-02,CAMP0015,Instagram,97564,3528,151,35,1785.69
2018-03-21,CAMP0020,Google Search,104561,5115,340,44,1541.83
2018-05-01,CAMP0014,Organic,9480,129,12,1,1635.71
2018-05-01,CAMP0017,Email,46930,1722,84,27,874.44
2018-04-12,CAMP0003,Facebook,64094,8560,1143,339,1132.74
2018-03-27,CAMP0020,Google Search,92556,12072,672,166,1063.32
2018-05-22,CAMP0017,Email,108568,1832,228,78,1986.38
2018-03-08,CAMP0020,Google Search,88318,2196,174,10,1308.59
2018-03-08,CAMP0021,Referral,54262,2790,351,70,1388.3
2018-01-05,CAMP0013,Affiliate,82396,10388,1649,502,408.02
2018-04-07,CAMP0018,Instagram,106084,3482,568,180,654.08
2017-01-28,CAMP0007,Email,15018,1713,272,28,1346.31
2017-10-30,CAMP0006,Organic,40017,1421,131,12,515.34
2018-03-16,CAMP0018,Instagram,68190,8252,985,303,1129.57
2017-08-20,CAMP0023,Facebook,116103,4960,507,42,1024.35
2017-10-31,CAMP0006,Organic,18329,2654,113,14,1609.02
2017-05-26,CAMP0030,Affiliate,86917,2987,154,12,108.33
2017-09-04,CAMP0023,Facebook,44529,2985,131,28,389.34
2017-08-06,CAMP0028,Facebook,108076,3988,219,11,1423.51
2017-11-08,CAMP0022,Referral,91977,13306,1776,241,780.31
2018-03-05,CAMP0020,Google Search,23211,1260,214,13,853.35
2017-05-03,CAMP0019,Google Search,49657,4245,457,143,1307.01
2017-09-02,CAMP0023,Facebook,35746,4743,221,24,1296.57
2018-01-18,CAMP0004,Instagram,61432,5210,397,74,1202.96
2017-04-25,CAMP0029,Organic,23468,1302,136,43,1782.01
2017-04-17,CAMP0029,Organic,20953,933,80,15,538.32
2018-04-04,CAMP0020,Google Search,45187,966,43,6,1416.17
2018-04-15,CAMP0025,Referral,53040,5633,423,82,808.61
2018-02-19,CAMP0004,Instagram,63591,9008,1005,330,593.55
2018-03-23,CAMP0020,Google Search,35394,2179,322,105,1912.37
2017-04-06,CAMP0002,Facebook,110398,10150,1106,142,1015.89
2017-08-04,CAMP0028,Facebook,96563,13386,1796,407,192.55
2017-11-08,CAMP0011,Referral,38481,2549,249,23,278.73
2017-10-28,CAMP0006,Organic,91237,6227,962,244,842.46
2018-04-30,CAMP0014,Organic,6133,866,64,20,1737.91
2017-09-14,CAMP0001,Affiliate,118277,7897,540,125,1855.82
2018-02-27,CAMP0024,Organic,74468,10639,1678,187,753.49
2018-01-15,CAMP0013,Affiliate,96618,9446,1059,208,640.46
2018-03-07,CAMP0021,Referral,27994,2977,223,15,1554.73
2018-04-06,CAMP0003,Facebook,116189,17254,1528,515,1321.52
2018-03-08,CAMP0021,Referral,53622,5558,517,170,985.34
2018-05-13,CAMP0014,Organic,62855,6955,1190,81,100.85
2017-09-18,CAMP0001,Affiliate,99668,9450,419,57,1337.65
2017-11-16,CAMP0011,Referral,19710,1161,64,7,1456.23
2018-04-03,CAMP0003,Facebook,30585,1928,304,50,1873.56
2017-01-27,CAMP0007,Email,100993,10008,503,173,809.93
2018-01-04,CAMP0013,Affiliate,60314,6502,340,100,1824.47
2017-09-15,CAMP0001,Affiliate,116702,2703,236,77,1107.95
2017-08-10,CAMP0016,Email,38747,3502,475,34,1488.88
2017-12-27,CAMP0026,Affiliate,7538,245,28,2,100.73
2017-01-09,CAMP0009,Google Search,111250,15850,1010,270,879.14
2018-05-10,CAMP0014,Organic,62207,3495,487,81,646.56
2017-10-22,CAMP0006,Organic,89553,5570,649,97,349.67
2018-04-12,CAMP0014,Organic,65989,3045,265,30,810.04
2017-05-23,CAMP0030,Affiliate,12363,1012,179,21,1702.92
2017-05-25,CAMP0015,Instagram,38852,3286,334,56,951.09
2017-05-28,CAMP0030,Affiliate,78738,9144,789,79,118.92
2017-11-04,CAMP0022,Referral,53953,3788,551,105,1926.05
2017-05-08,CAMP0029,Organic,64141,7680,984,178,999.09
2017-12-29,CAMP0013,Affiliate,97395,13499,714,46,1184.34
2017-08-15,CAMP0016,Email,64590,1743,70,12,972.98
2017-12-17,CAMP0026,Affiliate,104243,10175,1658,291,515.19
2018-01-24,CAMP0004,Instagram,37434,3205,178,10,592.72
2018-02-04,CAMP0004,Instagram,28570,3797,385,121,1734.47
2017-06-04,CAMP0030,Affiliate,78368,11719,537,154,410.43
2018-03-05,CAMP0020,Google Search,114008,10131,1715,493,503.97
2017-09-29,CAMP0012,Organic,99594,5885,894,198,159.61
2018-03-09,CAMP0020,Google Search,105076,13679,1951,395,669.65
2018-03-15,CAMP0005,Affiliate,73597,10764,384,108,736.61
2017-10-18,CAMP0006,Organic,76389,11303,1648,300,1870.67
2017-10-23,CAMP0006,Organic,28318,2149,320,21,1521.69
2017-02-04,CAMP0009,Google Search,70846,3219,426,121,1845.09
2017-05-23,CAMP0015,Instagram,37611,4586,677,156,75.69
2018-04-30,CAMP0003,Facebook,71718,5578,813,81,1447.08
2017-01-27,CAMP0007,Email,99160,9882,360,97,837.16
2018-03-01,CAMP0021,Referral,45658,2672,202,57,1830.11
2018-05-01,CAMP0025,Referral,80364,8981,1131,321,919.48
2018-03-21,CAMP0020,Google Search,56877,2030,272,19,316.72
2018-04-21,CAMP0005,Affiliate,42317,427,56,18,1753.27
2018-02-19,CAMP0024,Organic,86444,1320,100,20,1237.44
2018-01-17,CAMP0013,Affiliate,25362,1732,123,32,1664.55
2017-08-07,CAMP0027,Affiliate,109997,6075,992,77,1676.1
2017-09-13,CAMP0023,Facebook,69974,3380,332,84,387.83
2017-06-14,CAMP0008,Instagram,17688,1316,95,25,137.05
2017-06-07,CAMP0015,Instagram,106464,7337,1020,291,1946.37
2017-08-20,CAMP0023,Facebook,47577,1104,112,11,1811.1
2017-08-31,CAMP0023,Facebook,76421,4799,299,93,1993.04
2017-01-10,CAMP0009,Google Search,61412,9049,908,138,1542.11
2017-08-19,CAMP0010,Affiliate,59398,1433,219,72,466.06
2018-03-22,CAMP0005,Affiliate,49228,3764,414,45,563.42
2017-05-20,CAMP0015,Instagram,14269,1069,138,30,1239.17
2018-03-09,CAMP0021,Referral,108957,9824,1256,138,1925.49
2018-01-24,CAMP0004,Instagram,50406,2253,106,27,199.6
2017-07-27,CAMP0027,Affiliate,81280,8421,480,87,61.83
2018-04-18,CAMP0005,Affiliate,29587,4267,482,137,1650.13
2017-09-26,CAMP0012,Organic,21608,769,122,40,618.61
2017-12-04,CAMP0022,Referral,54936,2473,394,32,1141.52
2018-03-10,CAMP0021,Referral,69264,7861,1200,89,468.65
2017-03-17,CAMP0002,Facebook,66176,875,109,11,1651.81
2018-01-19,CAMP0004,Instagram,74538,8630,1465,113,1798.01
2018-01-01,CAMP0026,Affiliate,83932,6800,234,28,1509.34
2017-05-20,CAMP0015,Instagram,11182,1036,167,50,1485.97
2018-01-09,CAMP0013,Affiliate,99603,12937,2008,660,883.8
2017-12-22,CAMP0026,Affiliate,105787,6472,318,63,440.41
2018-04-22,CAMP0003,Facebook,109237,4942,294,16,814.18
2017-05-24,CAMP0030,Affiliate,71751,9979,983,261,841.81
2017-12-22,CAMP0026,Affiliate,25013,1878,247,27,1873.54
2017-09-08,CAMP0010,Affiliate,23235,819,72,24,1738.38
2017-08-14,CAMP0028,Facebook,18284,903,94,22,1935.55
2017-08-23,CAMP0023,Facebook,55407,4447,354,22,664.39
2018-03-03,CAMP0021,Referral,41379,1280,68,21,475.2
2018-04-03,CAMP0020,Google Search,82080,5442,263,80,1975.28
2017-11-23,CAMP0022,Referral,41982,4311,287,31,1341.84
2017-01-24,CAMP0007,Email,42977,3656,650,174,1969.44
2018-02-19,CAMP0004,Instagram,37871,1688,218,71,426.54
2017-12-15,CAMP0026,Affiliate,55398,3157,270,14,454.16
2018-03-01,CAMP0021,Referral,100485,13279,1887,135,330.57
2017-03-16,CAMP0002,Facebook,112932,4665,681,122,1000.48
2017-06-01,CAMP0008,Instagram,16312,1547,167,47,1327.91
2018-03-31,CAMP0018,Instagram,16722,1401,177,27,393.46
2017-10-16,CAMP0006,Organic,115483,6836,668,59,1547.67
2017-01-03,CAMP0007,Email,76579,1228,170,33,1958.84
2017-11-13,CAMP0011,Referral,41108,4182,358,54,1896.19
2017-06-05,CAMP0008,Instagram,41422,4974,487,32,623.73
2018-03-26,CAMP0005,Affiliate,29401,3592,118,27,338.5
2017-08-05,CAMP0028,Facebook,99484,13807,2350,583,784.94
2018-04-20,CAMP0005,Affiliate,52122,1194,156,18,479.66
2017-09-28,CAMP0012,Organic,65397,4253,314,77,1198.59
2017-08-15,CAMP0028,Facebook,29616,2723,453,127,815.91
2017-06-01,CAMP0015,Instagram,28849,878,137,16,1685.0
2017-05-13,CAMP0029,Organic,10281,1160,83,22,130.74
2017-08-24,CAMP0023,Facebook,93979,4605,504,49,1609.17
2018-04-01,CAMP0018,Instagram,54551,8028,564,192,1177.02
2017-11-16,CAMP0011,Referral,42970,4405,590,169,1763.04
2017-05-22,CAMP0015,Instagram,30644,1662,126,34,442.75
2018-02-27,CAMP0024,Organic,11615,675,56,5,1537.86
2017-06-19,CAMP0008,Instagram,61645,7315,947,48,1751.68
2017-09-11,CAMP0001,Affiliate,42441,3912,320,85,1079.43
2017-01-12,CAMP0007,Email,84664,4887,635,53,1273.64
2017-08-22,CAMP0023,Facebook,35723,1978,87,8,1148.07
2017-02-06,CAMP0009,Google Search,47447,4633,344,46,754.74
2018-04-21,CAMP0014,Organic,68285,831,45,10,1052.83
2018-05-05,CAMP0025,Referral,31307,3588,321,43,1351.72
2018-01-06,CAMP0013,Affiliate,35663,2928,337,82,874.84
2017-12-07,CAMP0022,Referral,76309,5077,880,238,523.55
2017-09-06,CAMP0023,Facebook,32866,1570,215,25,122.8
2017-04-15,CAMP0029,Organic,44986,1192,197,42,1491.67
2017-08-20,CAMP0028,Facebook,42850,2875,154,20,812.61
2018-02-08,CAMP0004,Instagram,72972,2637,291,37,584.73
2017-01-29,CAMP0009,Google Search,34976,2624,284,36,1846.31
2017-12-29,CAMP0026,Affiliate,111566,13126,529,121,368.66
2017-10-21,CAMP0006,Organic,39853,1863,269,75,1949.21
2017-01-12,CAMP0009,Google Search,84182,1033,170,38,1981.31
2018-03-10,CAMP0021,Referral,51184,5361,628,80,641.25
2017-01-26,CAMP0007,Email,5674,186,29,4,515.1
2018-01-04,CAMP0013,Affiliate,26038,647,49,10,455.08
2017-05-28,CAMP0030,Affiliate,83376,6356,360,50,1434.02
2018-03-05,CAMP0021,Referral,36867,4032,353,96,691.53
2017-08-13,CAMP0028,Facebook,68152,5754,247,71,885.39
2017-11-13,CAMP0011,Referral,88227,5753,456,136,221.23
2017-08-01,CAMP0016,Email,78457,10175,832,50,145.77
2017-05-26,CAMP0030,Affiliate,94413,3516,258,76,256.17
2018-02-22,CAMP0024,Organic,97963,10380,1295,153,1481.7
2017-05-15,CAMP0029,Organic,91859,12347,1126,133,731.95
2018-05-16,CAMP0025,Referral,95790,7121,1175,227,1056.25
2017-02-01,CAMP0007,Email,72331,4052,361,114,1066.09
2017-06-10,CAMP0015,Instagram,109077,13799,1483,253,910.86
2018-03-03,CAMP0021,Referral,108593,9757,1595,313,832.63
2017-06-20,CAMP0008,Instagram,107892,3621,278,23,1189.83
2017-02-02,CAMP0007,Email,72835,1408,80,9,805.15
2017-12-29,CAMP0026,Affiliate,100279,14954,1260,414,1901.28
2018-03-17,CAMP0005,Affiliate,66221,756,82,25,1617.71
2017-10-10,CAMP0012,Organic,115875,7621,1248,315,636.41
2017-09-20,CAMP0001,Affiliate,87316,9575,1390,363,571.87
2017-05-09,CAMP0029,Organic,115287,5727,764,216,258.87
2017-12-31,CAMP0026,Affiliate,90818,8425,909,117,772.73
2017-11-01,CAMP0006,Organic,119001,4997,600,155,478.87
2017-09-13,CAMP0001,Affiliate,73467,5925,742,76,300.14
2018-01-26,CAMP0024,Organic,49368,1776,297,75,1615.42
2017-01-11,CAMP0007,Email,48964,4178,429,82,730.05
2018-05-13,CAMP0025,Referral,17779,236,39,11,592.23
2018-04-12,CAMP0003,Facebook,35725,1688,229,56,217.0
2017-08-05,CAMP0028,Facebook,71747,5082,309,107,1350.72
2017-04-08,CAMP0019,Google Search,62856,4856,402,37,724.05
2018-03-28,CAMP0018,Instagram,80520,11454,1387,366,1415.47
2017-08-31,CAMP0010,Affiliate,30315,3037,99,17,1908.2
2018-04-27,CAMP0017,Email,19809,390,42,13,1363.79
2018-02-09,CAMP0024,Organic,115456,13269,799,239,666.87
2017-11-20,CAMP0022,Referral,57349,3242,372,48,828.97
2017-09-24,CAMP0012,Organic,25973,1180,123,21,300.84
2017-03-21,CAMP0002,Facebook,90253,9275,468,96,859.29
2017-12-28,CAMP0013,Affiliate,12519,1291,111,7,1633.53
2017-10-30,CAMP0006,Organic,38261,1756,219,34,1494.57
2017-08-07,CAMP0016,Email,55274,8229,705,165,624.25
2018-01-14,CAMP0013,Affiliate,74390,5929,949,95,1051.18
2017-10-25,CAMP0006,Organic,46564,2987,477,122,1751.64
2017-08-11,CAMP0016,Email,111714,11529,2001,112,212.21
2017-08-25,CAMP0016,Email,63485,8802,513,33,1584.77
2017-02-05,CAMP0009,Google Search,86490,3620,567,46,1768.64
2017-04-09,CAMP0002,Facebook,85370,8377,376,91,1260.68
2017-01-09,CAMP0009,Google Search,76962,6928,1032,231,1430.85
2018-01-03,CAMP0026,Affiliate,56260,6832,627,85,332.38
2017-06-01,CAMP0030,Affiliate,112513,4310,618,201,1521.87
2017-05-28,CAMP0030,Affiliate,54525,3342,488,167,1038.2
2018-01-06,CAMP0013,Affiliate,99497,14498,2123,516,1953.66
2017-11-12,CAMP0022,Referral,7935,1117,156,30,144.4
2017-08-25,CAMP0010,Affiliate,51504,6063,430,132,1264.21
2017-11-10,CAMP0011,Referral,37713,4892,247,59,1602.46
2018-02-17,CAMP0004,Instagram,76063,10527,1696,357,707.61
2018-05-12,CAMP0017,Email,95435,14036,2419,470,558.65
2017-08-16,CAMP0027,Affiliate,119536,6160,268,56,570.0
2017-01-30,CAMP0009,Google Search,11706,292,12,2,857.84
2018-04-20,CAMP0003,Facebook,32097,2962,329,86,618.45
2018-05-02,CAMP0017,Email,34945,4935,397,90,1424.03
2017-05-27,CAMP0015,Instagram,26786,760,88,22,1612.7
2017-08-11,CAMP0028,Facebook,92572,9224,564,179,1889.89
2017-08-11,CAMP0028,Facebook,96134,1801,165,15,1604.73
2018-04-28,CAMP0017,Email,23224,2730,220,68,1267.13
2017-04-27,CAMP0029,Organic,114222,10190,563,191,1060.82
2017-05-31,CAMP0030,Affiliate,16661,1969,268,67,95.3
2018-03-18,CAMP0005,Affiliate,72827,4228,351,54,1696.43
2017-07-30,CAMP0027,Affiliate,70743,9393,1542,251,65.86
2017-11-17,CAMP0011,Referral,59035,2335,260,35,934.1
2018-05-01,CAMP0003,Facebook,5156,53,3,0,1651.8
2017-10-18,CAMP0006,Organic,66245,2086,67,17,560.26
2018-05-20,CAMP0025,Referral,32893,2017,358,53,628.08
2017-04-13,CAMP0029,Organic,67079,2559,296,67,864.21
2017-08-22,CAMP0028,Facebook,104764,8402,473,66,1267.41
2017-05-23,CAMP0015,Instagram,47084,989,91,31,824.95
2018-02-23,CAMP0024,Organic,101072,2892,457,119,1477.3
2017-09-19,CAMP0001,Affiliate,103816,4668,812,103,1214.87
2017-08-10,CAMP0027,Affiliate,53206,1605,272,38,211.42
2018-05-08,CAMP0014,Organic,34533,4510,325,113,525.29
2017-06-02,CAMP0015,Instagram,70182,5937,736,178,69.65
2017-09-30,CAMP0012,Organic,24915,381,31,4,1092.93
2017-05-31,CAMP0030,Affiliate,103757,7503,589,148,1575.45
2018-02-22,CAMP0004,Instagram,10552,1514,190,21,1462.97
2017-08-17,CAMP0028,Facebook,116266,7963,1379,422,658.64
2017-10-21,CAMP0006,Organic,24063,1152,86,22,1474.33
2017-11-14,CAMP0011,Referral,29209,3028,543,119,1865.9
2017-06-10,CAMP0030,Affiliate,101428,9993,1215,176,524.37
2018-03-30,CAMP0018,Instagram,72505,6190,479,143,437.0
2018-03-14,CAMP0018,Instagram,12177,1825,153,49,1118.88
2017-04-13,CAMP0019,Google Search,98700,9720,954,150,873.27
2018-04-12,CAMP0018,Instagram,69400,5438,501,138,1318.0
2018-04-28,CAMP0017,Email,87665,1247,73,11,180.09
2017-12-24,CAMP0026,Affiliate,99389,7819,1281,427,780.15
2017-11-11,CAMP0011,Referral,63455,6062,1088,211,1389.92
2018-01-18,CAMP0013,Affiliate,10739,219,26,7,1821.72
2017-04-30,CAMP0019,Google Search,71022,4979,475,67,367.67
2018-01-12,CAMP0013,Affiliate,94337,9274,758,229,264.39
2017-09-25,CAMP0012,Organic,6487,177,31,9,1411.77
2017-12-26,CAMP0026,Affiliate,90776,13384,2371,595,1531.57
2018-04-14,CAMP0003,Facebook,86818,1552,221,61,1096.62
2017-11-12,CAMP0011,Referral,16319,1093,161,41,936.44
2017-05-20,CAMP0015,Instagram,100067,11293,532,55,461.6
2018-02-20,CAMP0004,Instagram,63530,8922,1395,459,1973.87
2017-01-18,CAMP0007,Email,7083,379,58,8,1729.6
2017-04-10,CAMP0029,Organic,90763,6584,663,227,117.26
2017-12-29,CAMP0026,Affiliate,64702,5835,809,177,1870.76
2018-04-17,CAMP0003,Facebook,57398,1916,93,24,1554.6
2017-08-02,CAMP0027,Affiliate,60614,5765,1014,70,1615.5
2017-08-13,CAMP0023,Facebook,27550,585,61,8,1633.18
2018-04-07,CAMP0003,Facebook,110664,13531,700,189,675.2
2018-05-19,CAMP0017,Email,35127,2417,415,22,81.64
2017-06-18,CAMP0008,Instagram,21253,3187,415,57,782.35
2017-09-18,CAMP0001,Affiliate,58725,6612,867,103,1931.85
2017-06-07,CAMP0030,Affiliate,35951,4165,556,140,1082.13
2018-03-11,CAMP0020,Google Search,68866,8442,979,161,515.37
2018-05-04,CAMP0014,Organic,5632,689,21,6,363.94
2017-07-30,CAMP0016,Email,7814,954,66,19,1303.64
2018-03-04,CAMP0020,Google Search,116873,9559,573,92,793.49
2017-10-27,CAMP0006,Organic,85005,4547,183,9,244.15
2017-05-29,CAMP0015,Instagram,51262,7476,1306,401,1958.82
2017-12-20,CAMP0026,Affiliate,35505,2025,229,68,436.91
2018-02-01,CAMP0004,Instagram,95869,7189,318,106,1506.13
2018-05-12,CAMP0017,Email,91015,6560,263,51,1005.53
2018-05-24,CAMP0017,Email,64687,3998,653,108,1365.94
2018-03-29,CAMP0005,Affiliate,115098,7057,1127,81,1928.32
2018-01-04,CAMP0026,Affiliate,43546,967,42,14,241.87
2017-09-21,CAMP0012,Organic,98629,12279,1766,291,785.6
2017-10-29,CAMP0006,Organic,27275,2129,286,62,1250.71
2018-02-17,CAMP0004,Instagram,7843,110,19,1,289.76
2018-02-24,CAMP0024,Organic,82373,3664,482,46,412.13
2017-09-19,CAMP0012,Organic,10993,1440,189,13,171.63
2018-04-09,CAMP0014,Organic,15165,1433,65,17,1615.39
2017-12-01,CAMP0022,Referral,118259,6918,326,60,1911.92
2018-04-17,CAMP0014,Organic,53789,4133,321,69,722.19
2017-09-21,CAMP0001,Affiliate,69425,2539,272,53,1987.6
2017-08-13,CAMP0028,Facebook,21977,3128,335,84,684.43
2018-03-06,CAMP0018,Instagram,62371,7794,430,29,213.53
2017-04-05,CAMP0019,Google Search,108330,13545,1762,385,948.53
2017-05-03,CAMP0019,Google Search,56579,6120,196,44,1335.41
2017-03-21,CAMP0002,Facebook,9373,644,53,6,1161.26
2017-09-12,CAMP0001,Affiliate,77373,6610,521,56,812.03
2017-08-04,CAMP0028,Facebook,38245,1918,69,21,808.96
2017-12-28,CAMP0013,Affiliate,22624,1712,136,32,1885.72
2018-01-04,CAMP0026,Affiliate,46868,4495,520,37,490.22
2017-08-01,CAMP0028,Facebook,87387,2537,89,13,1385.34
2017-08-08,CAMP0027,Affiliate,33979,4593,591,206,373.65
2018-02-08,CAMP0004,Instagram,44077,3586,557,160,1796.33
2018-01-02,CAMP0026,Affiliate,32795,1408,204,56,1830.62
2017-01-06,CAMP0007,Email,57681,5957,341,44,1319.81
2018-03-05,CAMP0021,Referral,103840,11552,1540,354,1184.69
2017-07-26,CAMP0016,Email,83503,2795,192,43,1825.67
2018-01-14,CAMP0013,Affiliate,19144,2666,311,55,803.01
2018-04-21,CAMP0025,Referral,107943,6771,609,105,660.01
2018-04-28,CAMP0003,Facebook,5813,865,116,7,1868.49
2018-04-05,CAMP0005,Affiliate,10085,1387,119,18,642.51
2018-01-10,CAMP0004,Instagram,32861,2576,406,138,1294.75
2017-05-25,CAMP0030,Affiliate,95853,5453,898,169,72.85
2018-04-09,CAMP0005,Affiliate,55926,3794,412,56,1709.25
2018-03-01,CAMP0018,Instagram,48958,1082,165,23,1308.92
2017-09-15,CAMP0001,Affiliate,16153,2256,277,89,651.81
2017-01-15,CAMP0009,Google Search,29885,2772,85,16,1811.57
2018-04-20,CAMP0003,Facebook,99613,2463,176,32,1540.3
2018-01-30,CAMP0004,Instagram,35002,2105,111,26,1583.49
2018-05-09,CAMP0014,Organic,79562,4785,703,115,499.89
2018-01-08,CAMP0013,Affiliate,61368,6044,530,58,1299.46
2018-03-20,CAMP0018,Instagram,103068,9379,1345,99,175.27
2017-08-25,CAMP0016,Email,63053,3942,490,47,454.19
2018-02-20,CAMP0004,Instagram,109759,1735,150,30,458.62
2017-09-19,CAMP0012,Organic,66993,4155,138,34,1292.14
2018-02-26,CAMP0024,Organic,24092,2971,327,81,903.63
2017-09-12,CAMP0023,Facebook,13857,1914,72,13,512.87
2017-08-19,CAMP0023,Facebook,47191,6492,264,53,1676.91
2017-05-24,CAMP0015,Instagram,7710,342,38,8,455.04
2017-10-22,CAMP0006,Organic,38694,972,42,6,1859.66
2017-06-09,CAMP0008,Instagram,11222,891,136,17,396.98
2018-02-24,CAMP0024,Organic,17110,1952,270,77,1584.26
2018-03-20,CAMP0020,Google Search,5924,836,25,2,110.75
2017-01-10,CAMP0009,Google Search,101198,1903,278,53,321.82
2018-03-18,CAMP0020,Google Search,15500,2093,65,3,1530.1
2017-12-25,CAMP0026,Affiliate,42859,782,82,23,1313.55
2017-04-03,CAMP0019,Google Search,58689,7111,279,68,476.04
2018-05-12,CAMP0014,Organic,16486,961,169,56,1684.62
2018-02-05,CAMP0004,Instagram,75926,9083,1438,174,1668.18
2017-05-23,CAMP0015,Instagram,113806,11919,1641,216,442.98
2018-03-27,CAMP0020,Google Search,72177,6734,842,197,157.33
2017-07-29,CAMP0027,Affiliate,69855,4473,800,69,136.07
2017-11-08,CAMP0022,Referral,44266,1544,187,11,1645.41
2018-03-07,CAMP0021,Referral,108049,15774,2308,248,557.3
2017-08-19,CAMP0016,Email,66860,928,91,11,1253.21
2018-04-12,CAMP0018,Instagram,110878,5256,609,151,401.78
2018-04-22,CAMP0025,Referral,54371,7835,527,134,1087.2
2017-08-02,CAMP0016,Email,39389,874,52,4,1718.24
